system	cut	answered	coverage	right	accuracy
BM25	1.0	463	0.3085	233.0	0.5032
BM25	0.764795	464	0.3091	234.0	0.5043
BM25	0.762757	465	0.3098	235.0	0.5054
BM25	0.737303	466	0.3105	235.0	0.5043
BM25	0.717951	467	0.3111	236.0	0.5054
BM25	0.70739	468	0.3118	237.0	0.5064
BM25	0.699849	469	0.3125	238.0	0.5075
BM25	0.688735	470	0.3131	238.0	0.5064
BM25	0.682049	471	0.3138	238.0	0.5053
BM25	0.673843	472	0.3145	239.0	0.5064
BM25	0.66425	473	0.3151	240.0	0.5074
BM25	0.651724	474	0.3158	240.0	0.5063
BM25	0.649785	475	0.3165	241.0	0.5074
BM25	0.649312	476	0.3171	241.0	0.5063
BM25	0.641389	478	0.3185	242.0	0.5063
BM25	0.639397	479	0.3191	242.0	0.5052
BM25	0.632361	481	0.3205	242.0	0.5031
BM25	0.631772	482	0.3211	243.0	0.5041
BM25	0.62613	483	0.3218	243.0	0.5031
BM25	0.620541	484	0.3225	244.0	0.5041
BM25	0.620049	485	0.3231	244.0	0.5031
BM25	0.618171	486	0.3238	245.0	0.5041
BM25	0.6154	487	0.3245	246.0	0.5051
BM25	0.613377	488	0.3251	246.0	0.5041
BM25	0.6118	490	0.3264	248.0	0.5061
BM25	0.609456	491	0.3271	248.0	0.5051
BM25	0.608759	492	0.3278	248.0	0.5041
BM25	0.608412	493	0.3284	249.0	0.5051
BM25	0.606004	494	0.3291	249.0	0.504
BM25	0.605045	495	0.3298	250.0	0.5051
BM25	0.595591	496	0.3304	250.0	0.504
BM25	0.589782	497	0.3311	251.0	0.505
BM25	0.589147	498	0.3318	251.0	0.504
BM25	0.58798	499	0.3324	251.0	0.503
BM25	0.581165	500	0.3331	252.0	0.504
BM25	0.580814	501	0.3338	253.0	0.505
BM25	0.576739	502	0.3344	254.0	0.506
BM25	0.567045	503	0.3351	254.0	0.505
BM25	0.562594	504	0.3358	255.0	0.506
BM25	0.561339	505	0.3364	255.0	0.505
BM25	0.560003	506	0.3371	256.0	0.5059
BM25	0.552689	507	0.3378	257.0	0.5069
BM25	0.552605	508	0.3384	257.0	0.5059
BM25	0.546956	509	0.3391	257.0	0.5049
BM25	0.546207	510	0.3398	257.0	0.5039
BM25	0.545532	511	0.3404	257.0	0.5029
BM25	0.54098	512	0.3411	258.0	0.5039
BM25	0.540566	513	0.3418	259.0	0.5049
BM25	0.536721	515	0.3431	261.0	0.5068
BM25	0.536457	516	0.3438	262.0	0.5078
BM25	0.536214	517	0.3444	263.0	0.5087
BM25	0.532749	518	0.3451	264.0	0.5097
BM25	0.531701	519	0.3458	265.0	0.5106
BM25	0.531033	520	0.3464	265.0	0.5096
BM25	0.529994	521	0.3471	265.0	0.5086
BM25	0.52747	522	0.3478	265.0	0.5077
BM25	0.523349	523	0.3484	265.0	0.5067
BM25	0.521223	525	0.3498	265.0	0.5048
BM25	0.520069	526	0.3504	266.0	0.5057
BM25	0.517474	527	0.3511	267.0	0.5066
BM25	0.515038	529	0.3524	269.0	0.5085
BM25	0.510391	531	0.3538	269.0	0.5066
BM25	0.507089	532	0.3544	269.0	0.5056
BM25	0.506457	533	0.3551	269.0	0.5047
BM25	0.506145	593	0.3951	299.0	0.5042
BM25	0.506096	594	0.3957	300.0	0.5051
BM25	0.5	622	0.4144	314.5	0.5056
BM25	0.401549	623	0.4151	315.5	0.5064
BM25	0.333333	714	0.4757	345.8333333333333	0.4844
BM25	0.25	1368	0.9114	509.3333333333333	0.3723
BM25	0.125	1441	0.96	518.4583333333334	0.3598
BM25	0.111111	1501	1.0	525.125	0.3499
Embeddings	0.681123	1	0.0007	0.0	0.0
Embeddings	0.677233	2	0.0013	1.0	0.5
Embeddings	0.676905	3	0.002	1.0	0.3333
Embeddings	0.670844	4	0.0027	1.0	0.25
Embeddings	0.650276	5	0.0033	2.0	0.4
Embeddings	0.648827	6	0.004	3.0	0.5
Embeddings	0.643854	7	0.0047	3.0	0.4286
Embeddings	0.643542	8	0.0053	4.0	0.5
Embeddings	0.639736	9	0.006	5.0	0.5556
Embeddings	0.6373	10	0.0067	6.0	0.6
Embeddings	0.633985	11	0.0073	6.0	0.5455
Embeddings	0.633879	12	0.008	7.0	0.5833
Embeddings	0.628412	13	0.0087	8.0	0.6154
Embeddings	0.625886	14	0.0093	9.0	0.6429
Embeddings	0.623724	15	0.01	9.0	0.6
Embeddings	0.623448	16	0.0107	9.0	0.5625
Embeddings	0.622381	17	0.0113	9.0	0.5294
Embeddings	0.620672	18	0.012	9.0	0.5
Embeddings	0.618228	19	0.0127	10.0	0.5263
Embeddings	0.617919	20	0.0133	10.0	0.5
Embeddings	0.61776	21	0.014	11.0	0.5238
Embeddings	0.615893	22	0.0147	12.0	0.5455
Embeddings	0.615779	23	0.0153	12.0	0.5217
Embeddings	0.615541	24	0.016	12.0	0.5
Embeddings	0.613745	25	0.0167	13.0	0.52
Embeddings	0.613733	26	0.0173	14.0	0.5385
Embeddings	0.613461	27	0.018	14.0	0.5185
Embeddings	0.612202	28	0.0187	15.0	0.5357
Embeddings	0.612144	29	0.0193	16.0	0.5517
Embeddings	0.611957	30	0.02	17.0	0.5667
Embeddings	0.608311	31	0.0207	17.0	0.5484
Embeddings	0.608192	32	0.0213	18.0	0.5625
Embeddings	0.606128	33	0.022	18.0	0.5455
Embeddings	0.605624	34	0.0227	18.0	0.5294
Embeddings	0.602366	35	0.0233	19.0	0.5429
Embeddings	0.60216	36	0.024	20.0	0.5556
Embeddings	0.599981	37	0.0247	20.0	0.5405
Embeddings	0.599214	38	0.0253	20.0	0.5263
Embeddings	0.599069	39	0.026	20.0	0.5128
Embeddings	0.598279	40	0.0266	21.0	0.525
Embeddings	0.597903	41	0.0273	21.0	0.5122
Embeddings	0.59699	42	0.028	22.0	0.5238
Embeddings	0.595611	43	0.0286	23.0	0.5349
Embeddings	0.595057	44	0.0293	23.0	0.5227
Embeddings	0.594929	45	0.03	24.0	0.5333
Embeddings	0.594693	46	0.0306	25.0	0.5435
Embeddings	0.594628	47	0.0313	26.0	0.5532
Embeddings	0.594493	48	0.032	27.0	0.5625
Embeddings	0.594088	49	0.0326	28.0	0.5714
Embeddings	0.593387	50	0.0333	28.0	0.56
Embeddings	0.593203	51	0.034	28.0	0.549
Embeddings	0.592889	52	0.0346	28.0	0.5385
Embeddings	0.592874	53	0.0353	28.0	0.5283
Embeddings	0.592237	54	0.036	29.0	0.537
Embeddings	0.59131	55	0.0366	30.0	0.5455
Embeddings	0.589841	56	0.0373	31.0	0.5536
Embeddings	0.589804	57	0.038	32.0	0.5614
Embeddings	0.589418	58	0.0386	33.0	0.569
Embeddings	0.588654	59	0.0393	34.0	0.5763
Embeddings	0.588397	60	0.04	35.0	0.5833
Embeddings	0.587068	61	0.0406	36.0	0.5902
Embeddings	0.586933	62	0.0413	36.0	0.5806
Embeddings	0.586753	63	0.042	37.0	0.5873
Embeddings	0.586617	64	0.0426	38.0	0.5938
Embeddings	0.586242	65	0.0433	38.0	0.5846
Embeddings	0.586134	66	0.044	38.0	0.5758
Embeddings	0.586029	67	0.0446	39.0	0.5821
Embeddings	0.585504	68	0.0453	40.0	0.5882
Embeddings	0.584982	69	0.046	40.0	0.5797
Embeddings	0.584801	70	0.0466	40.0	0.5714
Embeddings	0.584672	71	0.0473	41.0	0.5775
Embeddings	0.58358	72	0.048	41.0	0.5694
Embeddings	0.583402	73	0.0486	42.0	0.5753
Embeddings	0.582593	74	0.0493	42.0	0.5676
Embeddings	0.582478	75	0.05	43.0	0.5733
Embeddings	0.58072	76	0.0506	43.0	0.5658
Embeddings	0.580029	77	0.0513	43.0	0.5584
Embeddings	0.579839	78	0.052	44.0	0.5641
Embeddings	0.579107	79	0.0526	45.0	0.5696
Embeddings	0.579055	80	0.0533	46.0	0.575
Embeddings	0.578572	81	0.054	46.0	0.5679
Embeddings	0.578014	82	0.0546	46.0	0.561
Embeddings	0.577446	83	0.0553	47.0	0.5663
Embeddings	0.574375	84	0.056	47.0	0.5595
Embeddings	0.574231	85	0.0566	48.0	0.5647
Embeddings	0.573443	86	0.0573	49.0	0.5698
Embeddings	0.573319	87	0.058	50.0	0.5747
Embeddings	0.572816	88	0.0586	51.0	0.5795
Embeddings	0.572301	89	0.0593	51.0	0.573
Embeddings	0.57216	90	0.06	51.0	0.5667
Embeddings	0.571776	91	0.0606	52.0	0.5714
Embeddings	0.571732	92	0.0613	52.0	0.5652
Embeddings	0.571327	93	0.062	52.0	0.5591
Embeddings	0.571168	94	0.0626	52.0	0.5532
Embeddings	0.57007	95	0.0633	53.0	0.5579
Embeddings	0.57002	96	0.064	54.0	0.5625
Embeddings	0.569661	97	0.0646	54.0	0.5567
Embeddings	0.567228	98	0.0653	55.0	0.5612
Embeddings	0.567202	99	0.066	56.0	0.5657
Embeddings	0.566725	100	0.0666	57.0	0.57
Embeddings	0.56595	101	0.0673	57.0	0.5644
Embeddings	0.565615	102	0.068	58.0	0.5686
Embeddings	0.564901	103	0.0686	59.0	0.5728
Embeddings	0.56358	104	0.0693	60.0	0.5769
Embeddings	0.563298	105	0.07	61.0	0.581
Embeddings	0.562783	106	0.0706	61.0	0.5755
Embeddings	0.56264	107	0.0713	62.0	0.5794
Embeddings	0.562543	108	0.072	63.0	0.5833
Embeddings	0.562017	109	0.0726	64.0	0.5872
Embeddings	0.561956	110	0.0733	64.0	0.5818
Embeddings	0.561765	111	0.074	65.0	0.5856
Embeddings	0.561529	112	0.0746	65.0	0.5804
Embeddings	0.560165	113	0.0753	65.0	0.5752
Embeddings	0.555377	114	0.0759	65.0	0.5702
Embeddings	0.555361	115	0.0766	66.0	0.5739
Embeddings	0.554234	116	0.0773	66.0	0.569
Embeddings	0.554156	117	0.0779	67.0	0.5726
Embeddings	0.553428	118	0.0786	67.0	0.5678
Embeddings	0.553206	119	0.0793	67.0	0.563
Embeddings	0.552301	120	0.0799	68.0	0.5667
Embeddings	0.551525	121	0.0806	69.0	0.5702
Embeddings	0.55092	122	0.0813	69.0	0.5656
Embeddings	0.550835	123	0.0819	70.0	0.5691
Embeddings	0.550657	124	0.0826	70.0	0.5645
Embeddings	0.550302	125	0.0833	71.0	0.568
Embeddings	0.550262	126	0.0839	71.0	0.5635
Embeddings	0.549635	127	0.0846	71.0	0.5591
Embeddings	0.549343	128	0.0853	72.0	0.5625
Embeddings	0.549224	129	0.0859	72.0	0.5581
Embeddings	0.548692	130	0.0866	73.0	0.5615
Embeddings	0.548365	131	0.0873	74.0	0.5649
Embeddings	0.548177	132	0.0879	74.0	0.5606
Embeddings	0.54786	133	0.0886	74.0	0.5564
Embeddings	0.547734	134	0.0893	75.0	0.5597
Embeddings	0.546671	135	0.0899	76.0	0.563
Embeddings	0.546486	136	0.0906	76.0	0.5588
Embeddings	0.54634	137	0.0913	76.0	0.5547
Embeddings	0.544553	138	0.0919	77.0	0.558
Embeddings	0.544165	139	0.0926	77.0	0.554
Embeddings	0.543961	140	0.0933	78.0	0.5571
Embeddings	0.543791	141	0.0939	79.0	0.5603
Embeddings	0.543515	142	0.0946	80.0	0.5634
Embeddings	0.541082	143	0.0953	81.0	0.5664
Embeddings	0.540249	144	0.0959	82.0	0.5694
Embeddings	0.540036	145	0.0966	82.0	0.5655
Embeddings	0.539328	146	0.0973	83.0	0.5685
Embeddings	0.538953	147	0.0979	84.0	0.5714
Embeddings	0.538949	148	0.0986	84.0	0.5676
Embeddings	0.538334	149	0.0993	84.0	0.5638
Embeddings	0.537861	150	0.0999	85.0	0.5667
Embeddings	0.5369	151	0.1006	86.0	0.5695
Embeddings	0.535363	152	0.1013	87.0	0.5724
Embeddings	0.534773	153	0.1019	88.0	0.5752
Embeddings	0.534454	154	0.1026	88.0	0.5714
Embeddings	0.534316	155	0.1033	89.0	0.5742
Embeddings	0.534176	156	0.1039	89.0	0.5705
Embeddings	0.533725	157	0.1046	90.0	0.5732
Embeddings	0.533683	158	0.1053	90.0	0.5696
Embeddings	0.533191	159	0.1059	91.0	0.5723
Embeddings	0.532639	160	0.1066	91.0	0.5687
Embeddings	0.531935	161	0.1073	92.0	0.5714
Embeddings	0.531347	162	0.1079	93.0	0.5741
Embeddings	0.531323	163	0.1086	94.0	0.5767
Embeddings	0.531142	164	0.1093	95.0	0.5793
Embeddings	0.530839	165	0.1099	96.0	0.5818
Embeddings	0.530814	166	0.1106	97.0	0.5843
Embeddings	0.530743	167	0.1113	98.0	0.5868
Embeddings	0.530167	168	0.1119	99.0	0.5893
Embeddings	0.529867	169	0.1126	100.0	0.5917
Embeddings	0.529407	170	0.1133	101.0	0.5941
Embeddings	0.529363	171	0.1139	101.0	0.5906
Embeddings	0.528961	172	0.1146	101.0	0.5872
Embeddings	0.528723	174	0.1159	102.0	0.5862
Embeddings	0.528259	175	0.1166	102.0	0.5829
Embeddings	0.527231	176	0.1173	102.0	0.5795
Embeddings	0.527066	177	0.1179	103.0	0.5819
Embeddings	0.526638	178	0.1186	103.0	0.5787
Embeddings	0.526554	179	0.1193	104.0	0.581
Embeddings	0.525761	180	0.1199	105.0	0.5833
Embeddings	0.525632	181	0.1206	106.0	0.5856
Embeddings	0.525557	182	0.1213	107.0	0.5879
Embeddings	0.525337	183	0.1219	108.0	0.5902
Embeddings	0.52532	184	0.1226	108.0	0.587
Embeddings	0.525296	185	0.1233	109.0	0.5892
Embeddings	0.52489	186	0.1239	109.0	0.586
Embeddings	0.524637	187	0.1246	110.0	0.5882
Embeddings	0.524013	188	0.1252	110.0	0.5851
Embeddings	0.523128	189	0.1259	110.0	0.582
Embeddings	0.522948	190	0.1266	111.0	0.5842
Embeddings	0.5228	191	0.1272	112.0	0.5864
Embeddings	0.522731	192	0.1279	113.0	0.5885
Embeddings	0.52273	193	0.1286	113.0	0.5855
Embeddings	0.52237	194	0.1292	114.0	0.5876
Embeddings	0.522191	195	0.1299	114.0	0.5846
Embeddings	0.521695	196	0.1306	115.0	0.5867
Embeddings	0.521633	197	0.1312	115.0	0.5838
Embeddings	0.521149	198	0.1319	115.0	0.5808
Embeddings	0.521067	199	0.1326	116.0	0.5829
Embeddings	0.520638	200	0.1332	116.0	0.58
Embeddings	0.520351	201	0.1339	117.0	0.5821
Embeddings	0.52032	202	0.1346	117.0	0.5792
Embeddings	0.520316	203	0.1352	118.0	0.5813
Embeddings	0.520144	204	0.1359	119.0	0.5833
Embeddings	0.519681	205	0.1366	119.0	0.5805
Embeddings	0.519617	206	0.1372	120.0	0.5825
Embeddings	0.518981	207	0.1379	121.0	0.5845
Embeddings	0.518762	208	0.1386	122.0	0.5865
Embeddings	0.518354	209	0.1392	123.0	0.5885
Embeddings	0.518051	210	0.1399	123.0	0.5857
Embeddings	0.517767	211	0.1406	123.0	0.5829
Embeddings	0.517695	212	0.1412	124.0	0.5849
Embeddings	0.51765	213	0.1419	124.0	0.5822
Embeddings	0.517607	214	0.1426	125.0	0.5841
Embeddings	0.517433	215	0.1432	125.0	0.5814
Embeddings	0.517378	216	0.1439	125.0	0.5787
Embeddings	0.517026	217	0.1446	126.0	0.5806
Embeddings	0.516942	218	0.1452	126.0	0.578
Embeddings	0.516504	219	0.1459	127.0	0.5799
Embeddings	0.516172	220	0.1466	128.0	0.5818
Embeddings	0.516112	221	0.1472	128.0	0.5792
Embeddings	0.515972	222	0.1479	129.0	0.5811
Embeddings	0.515376	223	0.1486	129.0	0.5785
Embeddings	0.515209	224	0.1492	130.0	0.5804
Embeddings	0.514745	225	0.1499	131.0	0.5822
Embeddings	0.514541	226	0.1506	131.0	0.5796
Embeddings	0.514222	227	0.1512	132.0	0.5815
Embeddings	0.513853	228	0.1519	133.0	0.5833
Embeddings	0.513768	229	0.1526	133.0	0.5808
Embeddings	0.513614	230	0.1532	133.0	0.5783
Embeddings	0.513352	231	0.1539	134.0	0.5801
Embeddings	0.513317	232	0.1546	135.0	0.5819
Embeddings	0.513047	233	0.1552	136.0	0.5837
Embeddings	0.513024	234	0.1559	136.0	0.5812
Embeddings	0.512863	235	0.1566	136.0	0.5787
Embeddings	0.51279	236	0.1572	137.0	0.5805
Embeddings	0.512446	237	0.1579	138.0	0.5823
Embeddings	0.512322	238	0.1586	139.0	0.584
Embeddings	0.512287	239	0.1592	140.0	0.5858
Embeddings	0.511818	240	0.1599	141.0	0.5875
Embeddings	0.511753	241	0.1606	142.0	0.5892
Embeddings	0.511522	242	0.1612	143.0	0.5909
Embeddings	0.511044	243	0.1619	143.0	0.5885
Embeddings	0.510954	244	0.1626	144.0	0.5902
Embeddings	0.510931	245	0.1632	145.0	0.5918
Embeddings	0.510916	246	0.1639	145.0	0.5894
Embeddings	0.510738	247	0.1646	145.0	0.587
Embeddings	0.510585	248	0.1652	145.0	0.5847
Embeddings	0.510404	249	0.1659	146.0	0.5863
Embeddings	0.510305	250	0.1666	147.0	0.588
Embeddings	0.510278	251	0.1672	147.0	0.5857
Embeddings	0.51027	252	0.1679	148.0	0.5873
Embeddings	0.510052	253	0.1686	149.0	0.5889
Embeddings	0.509932	254	0.1692	150.0	0.5906
Embeddings	0.509923	255	0.1699	150.0	0.5882
Embeddings	0.509901	256	0.1706	151.0	0.5898
Embeddings	0.509891	257	0.1712	152.0	0.5914
Embeddings	0.509886	258	0.1719	152.0	0.5891
Embeddings	0.509749	259	0.1726	152.0	0.5869
Embeddings	0.509617	260	0.1732	152.0	0.5846
Embeddings	0.509511	261	0.1739	152.0	0.5824
Embeddings	0.50928	262	0.1746	153.0	0.584
Embeddings	0.509155	263	0.1752	153.0	0.5817
Embeddings	0.509037	264	0.1759	153.0	0.5795
Embeddings	0.50897	265	0.1765	153.0	0.5774
Embeddings	0.50893	266	0.1772	154.0	0.5789
Embeddings	0.508787	267	0.1779	154.0	0.5768
Embeddings	0.50873	268	0.1785	155.0	0.5784
Embeddings	0.508377	269	0.1792	156.0	0.5799
Embeddings	0.508192	270	0.1799	157.0	0.5815
Embeddings	0.508114	271	0.1805	157.0	0.5793
Embeddings	0.508094	272	0.1812	158.0	0.5809
Embeddings	0.508086	273	0.1819	159.0	0.5824
Embeddings	0.507985	274	0.1825	160.0	0.5839
Embeddings	0.507927	275	0.1832	161.0	0.5855
Embeddings	0.507855	276	0.1839	162.0	0.587
Embeddings	0.507844	277	0.1845	163.0	0.5884
Embeddings	0.507785	278	0.1852	164.0	0.5899
Embeddings	0.507758	279	0.1859	164.0	0.5878
Embeddings	0.507687	280	0.1865	165.0	0.5893
Embeddings	0.507568	281	0.1872	166.0	0.5907
Embeddings	0.5074	282	0.1879	167.0	0.5922
Embeddings	0.507376	283	0.1885	167.0	0.5901
Embeddings	0.507345	284	0.1892	168.0	0.5915
Embeddings	0.507227	285	0.1899	168.0	0.5895
Embeddings	0.507025	286	0.1905	168.0	0.5874
Embeddings	0.506634	287	0.1912	169.0	0.5889
Embeddings	0.506593	288	0.1919	170.0	0.5903
Embeddings	0.50655	289	0.1925	171.0	0.5917
Embeddings	0.506451	290	0.1932	172.0	0.5931
Embeddings	0.506377	291	0.1939	172.0	0.5911
Embeddings	0.506133	292	0.1945	172.0	0.589
Embeddings	0.506104	293	0.1952	173.0	0.5904
Embeddings	0.506074	294	0.1959	173.0	0.5884
Embeddings	0.505923	295	0.1965	174.0	0.5898
Embeddings	0.505792	296	0.1972	175.0	0.5912
Embeddings	0.505768	297	0.1979	176.0	0.5926
Embeddings	0.505666	298	0.1985	176.0	0.5906
Embeddings	0.505584	299	0.1992	177.0	0.592
Embeddings	0.50552	300	0.1999	177.0	0.59
Embeddings	0.505497	301	0.2005	177.0	0.588
Embeddings	0.505419	302	0.2012	178.0	0.5894
Embeddings	0.505344	303	0.2019	179.0	0.5908
Embeddings	0.505339	304	0.2025	180.0	0.5921
Embeddings	0.505323	305	0.2032	180.0	0.5902
Embeddings	0.505207	306	0.2039	180.0	0.5882
Embeddings	0.505073	307	0.2045	180.0	0.5863
Embeddings	0.504786	308	0.2052	181.0	0.5877
Embeddings	0.504775	309	0.2059	182.0	0.589
Embeddings	0.504743	310	0.2065	183.0	0.5903
Embeddings	0.504668	311	0.2072	183.0	0.5884
Embeddings	0.504618	312	0.2079	184.0	0.5897
Embeddings	0.504562	313	0.2085	184.0	0.5879
Embeddings	0.50446	314	0.2092	184.0	0.586
Embeddings	0.50425	315	0.2099	185.0	0.5873
Embeddings	0.504019	316	0.2105	186.0	0.5886
Embeddings	0.503973	317	0.2112	187.0	0.5899
Embeddings	0.503916	318	0.2119	187.0	0.5881
Embeddings	0.503607	319	0.2125	187.0	0.5862
Embeddings	0.503585	320	0.2132	187.0	0.5844
Embeddings	0.503489	321	0.2139	187.0	0.5826
Embeddings	0.50347	322	0.2145	187.0	0.5807
Embeddings	0.503465	323	0.2152	188.0	0.582
Embeddings	0.503462	324	0.2159	188.0	0.5802
Embeddings	0.503374	325	0.2165	188.0	0.5785
Embeddings	0.503333	326	0.2172	189.0	0.5798
Embeddings	0.503295	327	0.2179	190.0	0.581
Embeddings	0.503277	328	0.2185	190.0	0.5793
Embeddings	0.503275	329	0.2192	191.0	0.5805
Embeddings	0.503216	330	0.2199	192.0	0.5818
Embeddings	0.503153	331	0.2205	193.0	0.5831
Embeddings	0.502975	332	0.2212	194.0	0.5843
Embeddings	0.502887	333	0.2219	194.0	0.5826
Embeddings	0.502886	334	0.2225	195.0	0.5838
Embeddings	0.50286	335	0.2232	196.0	0.5851
Embeddings	0.502829	336	0.2239	196.0	0.5833
Embeddings	0.502577	337	0.2245	197.0	0.5846
Embeddings	0.502552	338	0.2252	197.0	0.5828
Embeddings	0.50232	339	0.2258	198.0	0.5841
Embeddings	0.502269	340	0.2265	199.0	0.5853
Embeddings	0.502266	341	0.2272	199.0	0.5836
Embeddings	0.502247	342	0.2278	200.0	0.5848
Embeddings	0.501974	343	0.2285	200.0	0.5831
Embeddings	0.501968	344	0.2292	200.0	0.5814
Embeddings	0.501943	345	0.2298	200.0	0.5797
Embeddings	0.501545	346	0.2305	200.0	0.578
Embeddings	0.501483	347	0.2312	201.0	0.5793
Embeddings	0.501445	348	0.2318	202.0	0.5805
Embeddings	0.501352	349	0.2325	203.0	0.5817
Embeddings	0.501072	350	0.2332	203.0	0.58
Embeddings	0.501031	351	0.2338	204.0	0.5812
Embeddings	0.500859	352	0.2345	204.0	0.5795
Embeddings	0.500852	353	0.2352	204.0	0.5779
Embeddings	0.500714	354	0.2358	204.0	0.5763
Embeddings	0.500651	355	0.2365	204.0	0.5746
Embeddings	0.500638	356	0.2372	204.0	0.573
Embeddings	0.500552	357	0.2378	204.0	0.5714
Embeddings	0.500525	358	0.2385	205.0	0.5726
Embeddings	0.500511	359	0.2392	206.0	0.5738
Embeddings	0.50049	360	0.2398	207.0	0.575
Embeddings	0.500401	361	0.2405	207.0	0.5734
Embeddings	0.500129	362	0.2412	208.0	0.5746
Embeddings	0.500077	363	0.2418	208.0	0.573
Embeddings	0.500054	364	0.2425	208.0	0.5714
Embeddings	0.417058	365	0.2432	209.0	0.5726
Embeddings	0.414865	366	0.2438	209.0	0.571
Embeddings	0.412219	367	0.2445	209.0	0.5695
Embeddings	0.411569	368	0.2452	210.0	0.5707
Embeddings	0.410923	369	0.2458	210.0	0.5691
Embeddings	0.403069	370	0.2465	211.0	0.5703
Embeddings	0.402863	371	0.2472	212.0	0.5714
Embeddings	0.400774	372	0.2478	212.0	0.5699
Embeddings	0.397923	373	0.2485	213.0	0.571
Embeddings	0.395216	374	0.2492	214.0	0.5722
Embeddings	0.393067	375	0.2498	215.0	0.5733
Embeddings	0.391186	376	0.2505	216.0	0.5745
Embeddings	0.390647	377	0.2512	217.0	0.5756
Embeddings	0.389075	378	0.2518	218.0	0.5767
Embeddings	0.388811	379	0.2525	218.0	0.5752
Embeddings	0.388315	380	0.2532	218.0	0.5737
Embeddings	0.387917	381	0.2538	218.0	0.5722
Embeddings	0.387708	382	0.2545	219.0	0.5733
Embeddings	0.387657	383	0.2552	220.0	0.5744
Embeddings	0.387482	384	0.2558	220.0	0.5729
Embeddings	0.384452	385	0.2565	220.0	0.5714
Embeddings	0.38378	386	0.2572	221.0	0.5725
Embeddings	0.382574	387	0.2578	222.0	0.5736
Embeddings	0.381791	388	0.2585	222.0	0.5722
Embeddings	0.381402	389	0.2592	223.0	0.5733
Embeddings	0.380136	390	0.2598	223.0	0.5718
Embeddings	0.379893	391	0.2605	224.0	0.5729
Embeddings	0.379642	392	0.2612	225.0	0.574
Embeddings	0.379639	393	0.2618	225.0	0.5725
Embeddings	0.379383	394	0.2625	225.0	0.5711
Embeddings	0.379036	395	0.2632	226.0	0.5722
Embeddings	0.378923	396	0.2638	227.0	0.5732
Embeddings	0.378786	397	0.2645	227.0	0.5718
Embeddings	0.37839	398	0.2652	228.0	0.5729
Embeddings	0.377816	399	0.2658	229.0	0.5739
Embeddings	0.37771	400	0.2665	229.0	0.5725
Embeddings	0.376687	401	0.2672	230.0	0.5736
Embeddings	0.376596	402	0.2678	231.0	0.5746
Embeddings	0.375792	403	0.2685	231.0	0.5732
Embeddings	0.375427	404	0.2692	231.0	0.5718
Embeddings	0.37338	405	0.2698	232.0	0.5728
Embeddings	0.371307	406	0.2705	233.0	0.5739
Embeddings	0.371292	407	0.2712	234.0	0.5749
Embeddings	0.371271	408	0.2718	235.0	0.576
Embeddings	0.370959	409	0.2725	236.0	0.577
Embeddings	0.37021	410	0.2732	236.0	0.5756
Embeddings	0.36862	411	0.2738	237.0	0.5766
Embeddings	0.368505	412	0.2745	237.0	0.5752
Embeddings	0.368255	413	0.2751	237.0	0.5738
Embeddings	0.368247	414	0.2758	237.0	0.5725
Embeddings	0.368078	415	0.2765	237.0	0.5711
Embeddings	0.367506	416	0.2771	237.0	0.5697
Embeddings	0.366798	417	0.2778	237.0	0.5683
Embeddings	0.366715	418	0.2785	237.0	0.567
Embeddings	0.366215	419	0.2791	237.0	0.5656
Embeddings	0.366028	420	0.2798	238.0	0.5667
Embeddings	0.365876	421	0.2805	239.0	0.5677
Embeddings	0.365722	422	0.2811	240.0	0.5687
Embeddings	0.365321	423	0.2818	240.0	0.5674
Embeddings	0.365098	424	0.2825	240.0	0.566
Embeddings	0.365062	425	0.2831	241.0	0.5671
Embeddings	0.364841	426	0.2838	242.0	0.5681
Embeddings	0.364275	427	0.2845	243.0	0.5691
Embeddings	0.36408	428	0.2851	244.0	0.5701
Embeddings	0.364039	429	0.2858	245.0	0.5711
Embeddings	0.363966	430	0.2865	246.0	0.5721
Embeddings	0.363932	431	0.2871	247.0	0.5731
Embeddings	0.36386	432	0.2878	247.0	0.5718
Embeddings	0.363581	433	0.2885	248.0	0.5727
Embeddings	0.363226	434	0.2891	249.0	0.5737
Embeddings	0.363035	435	0.2898	249.0	0.5724
Embeddings	0.362499	436	0.2905	250.0	0.5734
Embeddings	0.362436	437	0.2911	250.0	0.5721
Embeddings	0.361945	438	0.2918	251.0	0.5731
Embeddings	0.361807	439	0.2925	252.0	0.574
Embeddings	0.361778	440	0.2931	252.0	0.5727
Embeddings	0.361646	441	0.2938	252.0	0.5714
Embeddings	0.361615	442	0.2945	253.0	0.5724
Embeddings	0.361422	443	0.2951	253.0	0.5711
Embeddings	0.361227	444	0.2958	254.0	0.5721
Embeddings	0.360916	445	0.2965	254.0	0.5708
Embeddings	0.360633	446	0.2971	255.0	0.5717
Embeddings	0.359891	447	0.2978	256.0	0.5727
Embeddings	0.359801	448	0.2985	256.0	0.5714
Embeddings	0.359366	449	0.2991	257.0	0.5724
Embeddings	0.359239	450	0.2998	257.0	0.5711
Embeddings	0.359238	451	0.3005	257.0	0.5698
Embeddings	0.358616	452	0.3011	258.0	0.5708
Embeddings	0.358383	453	0.3018	258.0	0.5695
Embeddings	0.358101	454	0.3025	259.0	0.5705
Embeddings	0.358049	455	0.3031	260.0	0.5714
Embeddings	0.357858	456	0.3038	261.0	0.5724
Embeddings	0.357001	457	0.3045	262.0	0.5733
Embeddings	0.356609	458	0.3051	262.0	0.5721
Embeddings	0.35596	459	0.3058	263.0	0.573
Embeddings	0.355768	460	0.3065	264.0	0.5739
Embeddings	0.355668	461	0.3071	264.0	0.5727
Embeddings	0.355357	462	0.3078	264.0	0.5714
Embeddings	0.355325	463	0.3085	264.0	0.5702
Embeddings	0.354435	464	0.3091	265.0	0.5711
Embeddings	0.35439	465	0.3098	265.0	0.5699
Embeddings	0.354203	466	0.3105	265.0	0.5687
Embeddings	0.35405	467	0.3111	266.0	0.5696
Embeddings	0.353337	468	0.3118	266.0	0.5684
Embeddings	0.352617	469	0.3125	266.0	0.5672
Embeddings	0.35235	470	0.3131	267.0	0.5681
Embeddings	0.352249	471	0.3138	267.0	0.5669
Embeddings	0.352185	472	0.3145	268.0	0.5678
Embeddings	0.351669	473	0.3151	269.0	0.5687
Embeddings	0.350698	474	0.3158	270.0	0.5696
Embeddings	0.350583	475	0.3165	271.0	0.5705
Embeddings	0.350428	476	0.3171	271.0	0.5693
Embeddings	0.349589	477	0.3178	271.0	0.5681
Embeddings	0.349273	478	0.3185	272.0	0.569
Embeddings	0.349185	479	0.3191	273.0	0.5699
Embeddings	0.347853	480	0.3198	274.0	0.5708
Embeddings	0.347666	481	0.3205	275.0	0.5717
Embeddings	0.347582	482	0.3211	275.0	0.5705
Embeddings	0.346211	483	0.3218	276.0	0.5714
Embeddings	0.34562	484	0.3225	276.0	0.5702
Embeddings	0.345308	485	0.3231	277.0	0.5711
Embeddings	0.345169	486	0.3238	277.0	0.57
Embeddings	0.345103	487	0.3245	278.0	0.5708
Embeddings	0.34496	488	0.3251	279.0	0.5717
Embeddings	0.344847	489	0.3258	280.0	0.5726
Embeddings	0.344721	490	0.3264	280.0	0.5714
Embeddings	0.34345	491	0.3271	280.0	0.5703
Embeddings	0.341871	492	0.3278	281.0	0.5711
Embeddings	0.341831	493	0.3284	282.0	0.572
Embeddings	0.341145	494	0.3291	283.0	0.5729
Embeddings	0.340948	495	0.3298	284.0	0.5737
Embeddings	0.340155	496	0.3304	284.0	0.5726
Embeddings	0.339069	497	0.3311	285.0	0.5734
Embeddings	0.338834	498	0.3318	285.0	0.5723
Embeddings	0.33864	499	0.3324	285.0	0.5711
Embeddings	0.338284	500	0.3331	286.0	0.572
Embeddings	0.337685	501	0.3338	287.0	0.5729
Embeddings	0.336229	502	0.3344	288.0	0.5737
Embeddings	0.335237	503	0.3351	288.0	0.5726
Embeddings	0.334908	504	0.3358	289.0	0.5734
Embeddings	0.334413	505	0.3364	290.0	0.5743
Embeddings	0.333937	506	0.3371	290.0	0.5731
Embeddings	0.333616	507	0.3378	291.0	0.574
Embeddings	0.333146	508	0.3384	292.0	0.5748
Embeddings	0.332515	509	0.3391	292.0	0.5737
Embeddings	0.332072	510	0.3398	292.0	0.5725
Embeddings	0.331901	511	0.3404	292.0	0.5714
Embeddings	0.331635	512	0.3411	292.0	0.5703
Embeddings	0.329811	513	0.3418	292.0	0.5692
Embeddings	0.329728	514	0.3424	293.0	0.57
Embeddings	0.329638	515	0.3431	294.0	0.5709
Embeddings	0.328227	516	0.3438	294.0	0.5698
Embeddings	0.325268	517	0.3444	294.0	0.5687
Embeddings	0.324707	518	0.3451	295.0	0.5695
Embeddings	0.324596	519	0.3458	296.0	0.5703
Embeddings	0.324576	520	0.3464	296.0	0.5692
Embeddings	0.324112	521	0.3471	296.0	0.5681
Embeddings	0.323866	522	0.3478	297.0	0.569
Embeddings	0.323862	523	0.3484	298.0	0.5698
Embeddings	0.323747	524	0.3491	299.0	0.5706
Embeddings	0.323409	525	0.3498	300.0	0.5714
Embeddings	0.323343	526	0.3504	301.0	0.5722
Embeddings	0.322471	527	0.3511	301.0	0.5712
Embeddings	0.32224	528	0.3518	301.0	0.5701
Embeddings	0.322139	529	0.3524	302.0	0.5709
Embeddings	0.3217	530	0.3531	302.0	0.5698
Embeddings	0.321583	531	0.3538	303.0	0.5706
Embeddings	0.321506	532	0.3544	304.0	0.5714
Embeddings	0.321403	533	0.3551	304.0	0.5704
Embeddings	0.320902	534	0.3558	305.0	0.5712
Embeddings	0.320568	535	0.3564	305.0	0.5701
Embeddings	0.320277	536	0.3571	306.0	0.5709
Embeddings	0.319962	537	0.3578	307.0	0.5717
Embeddings	0.318998	538	0.3584	307.0	0.5706
Embeddings	0.318045	539	0.3591	308.0	0.5714
Embeddings	0.316756	540	0.3598	309.0	0.5722
Embeddings	0.314504	541	0.3604	310.0	0.573
Embeddings	0.314209	542	0.3611	311.0	0.5738
Embeddings	0.314005	543	0.3618	311.0	0.5727
Embeddings	0.313853	544	0.3624	312.0	0.5735
Embeddings	0.313476	545	0.3631	312.0	0.5725
Embeddings	0.313393	546	0.3638	312.0	0.5714
Embeddings	0.313247	547	0.3644	312.0	0.5704
Embeddings	0.312886	548	0.3651	313.0	0.5712
Embeddings	0.312684	549	0.3658	314.0	0.5719
Embeddings	0.312675	550	0.3664	314.0	0.5709
Embeddings	0.312666	551	0.3671	314.0	0.5699
Embeddings	0.312126	552	0.3678	315.0	0.5707
Embeddings	0.311823	553	0.3684	315.0	0.5696
Embeddings	0.31159	554	0.3691	316.0	0.5704
Embeddings	0.311257	555	0.3698	317.0	0.5712
Embeddings	0.310933	556	0.3704	318.0	0.5719
Embeddings	0.310816	557	0.3711	318.0	0.5709
Embeddings	0.310762	558	0.3718	319.0	0.5717
Embeddings	0.310727	559	0.3724	319.0	0.5707
Embeddings	0.310555	560	0.3731	320.0	0.5714
Embeddings	0.310191	561	0.3738	321.0	0.5722
Embeddings	0.309975	562	0.3744	322.0	0.573
Embeddings	0.309692	563	0.3751	322.0	0.5719
Embeddings	0.309273	564	0.3757	322.0	0.5709
Embeddings	0.309188	565	0.3764	322.0	0.5699
Embeddings	0.308643	566	0.3771	322.0	0.5689
Embeddings	0.308602	567	0.3777	322.0	0.5679
Embeddings	0.308592	568	0.3784	323.0	0.5687
Embeddings	0.307658	569	0.3791	323.0	0.5677
Embeddings	0.307111	570	0.3797	323.0	0.5667
Embeddings	0.307037	571	0.3804	323.0	0.5657
Embeddings	0.306779	572	0.3811	323.0	0.5647
Embeddings	0.30675	573	0.3817	324.0	0.5654
Embeddings	0.30661	574	0.3824	324.0	0.5645
Embeddings	0.306491	575	0.3831	324.0	0.5635
Embeddings	0.30641	576	0.3837	325.0	0.5642
Embeddings	0.306315	577	0.3844	325.0	0.5633
Embeddings	0.306311	578	0.3851	325.0	0.5623
Embeddings	0.305757	579	0.3857	326.0	0.563
Embeddings	0.305428	580	0.3864	326.0	0.5621
Embeddings	0.305093	581	0.3871	327.0	0.5628
Embeddings	0.304834	582	0.3877	327.0	0.5619
Embeddings	0.304604	583	0.3884	327.0	0.5609
Embeddings	0.30423	584	0.3891	328.0	0.5616
Embeddings	0.30419	585	0.3897	329.0	0.5624
Embeddings	0.303917	586	0.3904	329.0	0.5614
Embeddings	0.303506	587	0.3911	329.0	0.5605
Embeddings	0.303341	588	0.3917	330.0	0.5612
Embeddings	0.303276	589	0.3924	330.0	0.5603
Embeddings	0.303087	590	0.3931	330.0	0.5593
Embeddings	0.302906	591	0.3937	330.0	0.5584
Embeddings	0.302892	592	0.3944	330.0	0.5574
Embeddings	0.302858	593	0.3951	330.0	0.5565
Embeddings	0.302633	594	0.3957	330.0	0.5556
Embeddings	0.302224	595	0.3964	330.0	0.5546
Embeddings	0.302151	596	0.3971	331.0	0.5554
Embeddings	0.301978	597	0.3977	331.0	0.5544
Embeddings	0.301974	598	0.3984	331.0	0.5535
Embeddings	0.301774	599	0.3991	332.0	0.5543
Embeddings	0.301689	600	0.3997	332.0	0.5533
Embeddings	0.301668	601	0.4004	332.0	0.5524
Embeddings	0.301644	602	0.4011	332.0	0.5515
Embeddings	0.301301	603	0.4017	332.0	0.5506
Embeddings	0.301001	604	0.4024	332.0	0.5497
Embeddings	0.300993	605	0.4031	332.0	0.5488
Embeddings	0.300095	606	0.4037	332.0	0.5479
Embeddings	0.299991	607	0.4044	332.0	0.547
Embeddings	0.299906	608	0.4051	333.0	0.5477
Embeddings	0.299768	609	0.4057	333.0	0.5468
Embeddings	0.299516	610	0.4064	333.0	0.5459
Embeddings	0.299342	611	0.4071	333.0	0.545
Embeddings	0.299329	612	0.4077	333.0	0.5441
Embeddings	0.299313	613	0.4084	333.0	0.5432
Embeddings	0.299209	614	0.4091	333.0	0.5423
Embeddings	0.29916	615	0.4097	333.0	0.5415
Embeddings	0.299142	616	0.4104	333.0	0.5406
Embeddings	0.298931	617	0.4111	334.0	0.5413
Embeddings	0.298819	618	0.4117	334.0	0.5405
Embeddings	0.298251	619	0.4124	335.0	0.5412
Embeddings	0.298208	620	0.4131	335.0	0.5403
Embeddings	0.298094	621	0.4137	335.0	0.5395
Embeddings	0.298007	622	0.4144	336.0	0.5402
Embeddings	0.29791	623	0.4151	337.0	0.5409
Embeddings	0.297407	624	0.4157	337.0	0.5401
Embeddings	0.297307	625	0.4164	338.0	0.5408
Embeddings	0.297247	626	0.4171	338.0	0.5399
Embeddings	0.297087	627	0.4177	339.0	0.5407
Embeddings	0.297077	628	0.4184	340.0	0.5414
Embeddings	0.297072	629	0.4191	341.0	0.5421
Embeddings	0.297012	630	0.4197	342.0	0.5429
Embeddings	0.297003	631	0.4204	343.0	0.5436
Embeddings	0.296907	632	0.4211	343.0	0.5427
Embeddings	0.296595	633	0.4217	343.0	0.5419
Embeddings	0.29646	634	0.4224	344.0	0.5426
Embeddings	0.296296	635	0.4231	344.0	0.5417
Embeddings	0.296197	636	0.4237	345.0	0.5425
Embeddings	0.296174	637	0.4244	346.0	0.5432
Embeddings	0.296082	638	0.425	347.0	0.5439
Embeddings	0.295969	639	0.4257	348.0	0.5446
Embeddings	0.295961	640	0.4264	348.0	0.5437
Embeddings	0.295954	641	0.427	349.0	0.5445
Embeddings	0.295815	642	0.4277	350.0	0.5452
Embeddings	0.295726	643	0.4284	350.0	0.5443
Embeddings	0.295675	644	0.429	350.0	0.5435
Embeddings	0.29556	645	0.4297	350.0	0.5426
Embeddings	0.295489	646	0.4304	350.0	0.5418
Embeddings	0.295472	647	0.431	351.0	0.5425
Embeddings	0.295217	648	0.4317	351.0	0.5417
Embeddings	0.29492	649	0.4324	351.0	0.5408
Embeddings	0.294892	650	0.433	351.0	0.54
Embeddings	0.294817	651	0.4337	351.0	0.5392
Embeddings	0.294803	652	0.4344	351.0	0.5383
Embeddings	0.294794	653	0.435	352.0	0.5391
Embeddings	0.294561	654	0.4357	352.0	0.5382
Embeddings	0.294517	655	0.4364	352.0	0.5374
Embeddings	0.294434	656	0.437	352.0	0.5366
Embeddings	0.294416	657	0.4377	352.0	0.5358
Embeddings	0.29434	658	0.4384	353.0	0.5365
Embeddings	0.294327	659	0.439	353.0	0.5357
Embeddings	0.294093	660	0.4397	354.0	0.5364
Embeddings	0.293929	661	0.4404	354.0	0.5356
Embeddings	0.293919	662	0.441	355.0	0.5363
Embeddings	0.293882	663	0.4417	355.0	0.5354
Embeddings	0.293631	664	0.4424	355.0	0.5346
Embeddings	0.293358	665	0.443	355.0	0.5338
Embeddings	0.293154	666	0.4437	356.0	0.5345
Embeddings	0.293115	667	0.4444	356.0	0.5337
Embeddings	0.293051	668	0.445	356.0	0.5329
Embeddings	0.292996	669	0.4457	356.0	0.5321
Embeddings	0.292978	670	0.4464	356.0	0.5313
Embeddings	0.292968	671	0.447	356.0	0.5306
Embeddings	0.292888	672	0.4477	357.0	0.5312
Embeddings	0.292596	673	0.4484	357.0	0.5305
Embeddings	0.292415	674	0.449	357.0	0.5297
Embeddings	0.292353	675	0.4497	357.0	0.5289
Embeddings	0.292302	676	0.4504	357.0	0.5281
Embeddings	0.29225	677	0.451	358.0	0.5288
Embeddings	0.292183	678	0.4517	359.0	0.5295
Embeddings	0.292153	679	0.4524	359.0	0.5287
Embeddings	0.292088	680	0.453	360.0	0.5294
Embeddings	0.292042	681	0.4537	361.0	0.5301
Embeddings	0.291977	682	0.4544	361.0	0.5293
Embeddings	0.291939	683	0.455	362.0	0.53
Embeddings	0.29188	684	0.4557	362.0	0.5292
Embeddings	0.291849	685	0.4564	362.0	0.5285
Embeddings	0.291772	686	0.457	362.0	0.5277
Embeddings	0.291736	687	0.4577	363.0	0.5284
Embeddings	0.291671	688	0.4584	364.0	0.5291
Embeddings	0.291559	689	0.459	365.0	0.5298
Embeddings	0.291523	690	0.4597	366.0	0.5304
Embeddings	0.291393	691	0.4604	366.0	0.5297
Embeddings	0.29133	692	0.461	366.0	0.5289
Embeddings	0.291193	693	0.4617	367.0	0.5296
Embeddings	0.291184	694	0.4624	367.0	0.5288
Embeddings	0.291144	695	0.463	368.0	0.5295
Embeddings	0.291124	696	0.4637	369.0	0.5302
Embeddings	0.290919	697	0.4644	369.0	0.5294
Embeddings	0.290557	698	0.465	370.0	0.5301
Embeddings	0.290519	699	0.4657	370.0	0.5293
Embeddings	0.290475	700	0.4664	371.0	0.53
Embeddings	0.290409	701	0.467	371.0	0.5292
Embeddings	0.290379	702	0.4677	371.0	0.5285
Embeddings	0.290354	703	0.4684	372.0	0.5292
Embeddings	0.29022	704	0.469	373.0	0.5298
Embeddings	0.290201	705	0.4697	374.0	0.5305
Embeddings	0.290129	706	0.4704	374.0	0.5297
Embeddings	0.289933	707	0.471	374.0	0.529
Embeddings	0.289931	708	0.4717	375.0	0.5297
Embeddings	0.289869	709	0.4724	375.0	0.5289
Embeddings	0.289774	710	0.473	375.0	0.5282
Embeddings	0.289741	711	0.4737	375.0	0.5274
Embeddings	0.289674	712	0.4744	376.0	0.5281
Embeddings	0.289592	713	0.475	376.0	0.5273
Embeddings	0.289518	714	0.4757	376.0	0.5266
Embeddings	0.289494	715	0.4763	376.0	0.5259
Embeddings	0.289351	716	0.477	377.0	0.5265
Embeddings	0.289225	717	0.4777	377.0	0.5258
Embeddings	0.289175	718	0.4783	378.0	0.5265
Embeddings	0.28907	719	0.479	378.0	0.5257
Embeddings	0.289012	720	0.4797	379.0	0.5264
Embeddings	0.28857	721	0.4803	380.0	0.527
Embeddings	0.288488	722	0.481	381.0	0.5277
Embeddings	0.288233	723	0.4817	382.0	0.5284
Embeddings	0.288225	724	0.4823	383.0	0.529
Embeddings	0.288155	725	0.483	383.0	0.5283
Embeddings	0.28815	726	0.4837	383.0	0.5275
Embeddings	0.287694	727	0.4843	384.0	0.5282
Embeddings	0.287573	728	0.485	384.0	0.5275
Embeddings	0.287541	729	0.4857	384.0	0.5267
Embeddings	0.287517	730	0.4863	384.0	0.526
Embeddings	0.287508	731	0.487	385.0	0.5267
Embeddings	0.287484	732	0.4877	385.0	0.526
Embeddings	0.287454	733	0.4883	385.0	0.5252
Embeddings	0.287389	734	0.489	386.0	0.5259
Embeddings	0.287286	735	0.4897	386.0	0.5252
Embeddings	0.287283	736	0.4903	386.0	0.5245
Embeddings	0.287225	737	0.491	386.0	0.5237
Embeddings	0.287152	738	0.4917	386.0	0.523
Embeddings	0.287139	739	0.4923	386.0	0.5223
Embeddings	0.28705	741	0.4937	387.0	0.5223
Embeddings	0.286894	742	0.4943	388.0	0.5229
Embeddings	0.286873	743	0.495	389.0	0.5236
Embeddings	0.286666	744	0.4957	389.0	0.5228
Embeddings	0.28643	745	0.4963	390.0	0.5235
Embeddings	0.285984	746	0.497	390.0	0.5228
Embeddings	0.285966	747	0.4977	390.0	0.5221
Embeddings	0.285948	748	0.4983	391.0	0.5227
Embeddings	0.285923	749	0.499	391.0	0.522
Embeddings	0.285914	750	0.4997	391.0	0.5213
Embeddings	0.285903	751	0.5003	391.0	0.5206
Embeddings	0.285841	752	0.501	391.0	0.5199
Embeddings	0.285818	753	0.5017	391.0	0.5193
Embeddings	0.285734	754	0.5023	391.0	0.5186
Embeddings	0.28554	755	0.503	392.0	0.5192
Embeddings	0.285489	756	0.5037	393.0	0.5198
Embeddings	0.285313	757	0.5043	393.0	0.5192
Embeddings	0.285172	758	0.505	393.0	0.5185
Embeddings	0.284983	759	0.5057	393.0	0.5178
Embeddings	0.284877	760	0.5063	393.0	0.5171
Embeddings	0.284768	761	0.507	394.0	0.5177
Embeddings	0.284715	762	0.5077	395.0	0.5184
Embeddings	0.284566	763	0.5083	395.0	0.5177
Embeddings	0.284417	764	0.509	396.0	0.5183
Embeddings	0.284398	765	0.5097	396.0	0.5176
Embeddings	0.284343	766	0.5103	396.0	0.517
Embeddings	0.284313	767	0.511	397.0	0.5176
Embeddings	0.284237	768	0.5117	398.0	0.5182
Embeddings	0.284224	769	0.5123	398.0	0.5176
Embeddings	0.284024	770	0.513	399.0	0.5182
Embeddings	0.283948	771	0.5137	399.0	0.5175
Embeddings	0.283565	772	0.5143	400.0	0.5181
Embeddings	0.283519	773	0.515	400.0	0.5175
Embeddings	0.283497	774	0.5157	401.0	0.5181
Embeddings	0.283336	775	0.5163	401.0	0.5174
Embeddings	0.28331	776	0.517	401.0	0.5168
Embeddings	0.283227	777	0.5177	401.0	0.5161
Embeddings	0.283167	778	0.5183	401.0	0.5154
Embeddings	0.283084	779	0.519	401.0	0.5148
Embeddings	0.283061	780	0.5197	401.0	0.5141
Embeddings	0.282975	781	0.5203	401.0	0.5134
Embeddings	0.282605	782	0.521	402.0	0.5141
Embeddings	0.282483	783	0.5217	402.0	0.5134
Embeddings	0.28239	784	0.5223	402.0	0.5128
Embeddings	0.282343	785	0.523	402.0	0.5121
Embeddings	0.282287	786	0.5237	402.0	0.5115
Embeddings	0.282173	787	0.5243	402.0	0.5108
Embeddings	0.282085	788	0.525	403.0	0.5114
Embeddings	0.28204	789	0.5256	403.0	0.5108
Embeddings	0.282001	790	0.5263	403.0	0.5101
Embeddings	0.281988	791	0.527	403.0	0.5095
Embeddings	0.28198	792	0.5276	404.0	0.5101
Embeddings	0.281885	793	0.5283	404.0	0.5095
Embeddings	0.28184	794	0.529	405.0	0.5101
Embeddings	0.281689	795	0.5296	405.0	0.5094
Embeddings	0.281553	796	0.5303	406.0	0.5101
Embeddings	0.281362	797	0.531	407.0	0.5107
Embeddings	0.28134	798	0.5316	407.0	0.51
Embeddings	0.281314	799	0.5323	407.0	0.5094
Embeddings	0.281311	800	0.533	407.0	0.5088
Embeddings	0.281223	801	0.5336	407.0	0.5081
Embeddings	0.281157	802	0.5343	408.0	0.5087
Embeddings	0.281042	803	0.535	408.0	0.5081
Embeddings	0.280893	804	0.5356	408.0	0.5075
Embeddings	0.280889	805	0.5363	408.0	0.5068
Embeddings	0.280746	806	0.537	408.0	0.5062
Embeddings	0.280734	807	0.5376	408.0	0.5056
Embeddings	0.280724	808	0.5383	408.0	0.505
Embeddings	0.280425	809	0.539	408.0	0.5043
Embeddings	0.280359	810	0.5396	408.0	0.5037
Embeddings	0.280285	811	0.5403	409.0	0.5043
Embeddings	0.280281	812	0.541	410.0	0.5049
Embeddings	0.280273	813	0.5416	411.0	0.5055
Embeddings	0.280271	814	0.5423	412.0	0.5061
Embeddings	0.280169	815	0.543	413.0	0.5067
Embeddings	0.280082	816	0.5436	413.0	0.5061
Embeddings	0.280022	817	0.5443	414.0	0.5067
Embeddings	0.280017	818	0.545	414.0	0.5061
Embeddings	0.279962	819	0.5456	415.0	0.5067
Embeddings	0.2799	820	0.5463	416.0	0.5073
Embeddings	0.279828	821	0.547	416.0	0.5067
Embeddings	0.279827	822	0.5476	416.0	0.5061
Embeddings	0.279824	823	0.5483	416.0	0.5055
Embeddings	0.279757	824	0.549	417.0	0.5061
Embeddings	0.279756	825	0.5496	418.0	0.5067
Embeddings	0.279573	826	0.5503	418.0	0.5061
Embeddings	0.279557	827	0.551	418.0	0.5054
Embeddings	0.279504	828	0.5516	418.0	0.5048
Embeddings	0.279446	829	0.5523	419.0	0.5054
Embeddings	0.279437	830	0.553	420.0	0.506
Embeddings	0.279415	831	0.5536	420.0	0.5054
Embeddings	0.279259	832	0.5543	421.0	0.506
Embeddings	0.279245	833	0.555	421.0	0.5054
Embeddings	0.279243	834	0.5556	422.0	0.506
Embeddings	0.279195	835	0.5563	422.0	0.5054
Embeddings	0.279193	836	0.557	422.0	0.5048
Embeddings	0.27911	837	0.5576	422.0	0.5042
Embeddings	0.279086	838	0.5583	422.0	0.5036
Embeddings	0.279032	839	0.559	422.0	0.503
Embeddings	0.278911	840	0.5596	423.0	0.5036
Embeddings	0.278819	841	0.5603	424.0	0.5042
Embeddings	0.278796	842	0.561	425.0	0.5048
Embeddings	0.27878	843	0.5616	425.0	0.5042
Embeddings	0.27873	844	0.5623	426.0	0.5047
Embeddings	0.278728	845	0.563	426.0	0.5041
Embeddings	0.278572	846	0.5636	426.0	0.5035
Embeddings	0.27856	847	0.5643	427.0	0.5041
Embeddings	0.278367	848	0.565	427.0	0.5035
Embeddings	0.278337	849	0.5656	427.0	0.5029
Embeddings	0.278334	850	0.5663	428.0	0.5035
Embeddings	0.278242	851	0.567	428.0	0.5029
Embeddings	0.278117	852	0.5676	429.0	0.5035
Embeddings	0.278008	853	0.5683	430.0	0.5041
Embeddings	0.277966	854	0.569	431.0	0.5047
Embeddings	0.277899	855	0.5696	432.0	0.5053
Embeddings	0.277858	856	0.5703	433.0	0.5058
Embeddings	0.277621	857	0.571	433.0	0.5053
Embeddings	0.277512	858	0.5716	433.0	0.5047
Embeddings	0.27745	859	0.5723	433.0	0.5041
Embeddings	0.27738	860	0.573	433.0	0.5035
Embeddings	0.277327	861	0.5736	433.0	0.5029
Embeddings	0.277291	862	0.5743	433.0	0.5023
Embeddings	0.27726	863	0.575	434.0	0.5029
Embeddings	0.277213	864	0.5756	434.0	0.5023
Embeddings	0.277184	865	0.5763	434.0	0.5017
Embeddings	0.277143	866	0.5769	435.0	0.5023
Embeddings	0.277082	867	0.5776	436.0	0.5029
Embeddings	0.277063	868	0.5783	437.0	0.5035
Embeddings	0.277029	869	0.5789	437.0	0.5029
Embeddings	0.276905	870	0.5796	438.0	0.5034
Embeddings	0.276902	871	0.5803	438.0	0.5029
Embeddings	0.276795	872	0.5809	438.0	0.5023
Embeddings	0.27676	873	0.5816	438.0	0.5017
Embeddings	0.276716	875	0.5829	439.0	0.5017
Embeddings	0.276698	876	0.5836	439.0	0.5011
Embeddings	0.276695	877	0.5843	439.0	0.5006
Embeddings	0.276636	878	0.5849	439.0	0.5
Embeddings	0.276251	879	0.5856	440.0	0.5006
Embeddings	0.276229	880	0.5863	440.0	0.5
Embeddings	0.2762	881	0.5869	440.0	0.4994
Embeddings	0.276189	882	0.5876	441.0	0.5
Embeddings	0.276112	883	0.5883	441.0	0.4994
Embeddings	0.276078	884	0.5889	441.0	0.4989
Embeddings	0.276006	885	0.5896	441.0	0.4983
Embeddings	0.275941	886	0.5903	441.0	0.4977
Embeddings	0.275833	887	0.5909	441.0	0.4972
Embeddings	0.275821	888	0.5916	441.0	0.4966
Embeddings	0.275774	889	0.5923	441.0	0.4961
Embeddings	0.275772	890	0.5929	442.0	0.4966
Embeddings	0.275733	891	0.5936	442.0	0.4961
Embeddings	0.275579	892	0.5943	442.0	0.4955
Embeddings	0.27556	893	0.5949	443.0	0.4961
Embeddings	0.275483	894	0.5956	444.0	0.4966
Embeddings	0.275461	895	0.5963	444.0	0.4961
Embeddings	0.275455	896	0.5969	445.0	0.4967
Embeddings	0.275411	897	0.5976	445.0	0.4961
Embeddings	0.275393	898	0.5983	445.0	0.4955
Embeddings	0.275348	899	0.5989	445.0	0.495
Embeddings	0.27531	900	0.5996	446.0	0.4956
Embeddings	0.27511	901	0.6003	446.0	0.495
Embeddings	0.274889	902	0.6009	447.0	0.4956
Embeddings	0.274835	903	0.6016	447.0	0.495
Embeddings	0.274788	904	0.6023	448.0	0.4956
Embeddings	0.274698	905	0.6029	448.0	0.495
Embeddings	0.274682	906	0.6036	449.0	0.4956
Embeddings	0.274672	907	0.6043	449.0	0.495
Embeddings	0.274604	908	0.6049	449.0	0.4945
Embeddings	0.274575	909	0.6056	450.0	0.495
Embeddings	0.274396	910	0.6063	450.0	0.4945
Embeddings	0.274387	911	0.6069	450.0	0.494
Embeddings	0.274383	912	0.6076	450.0	0.4934
Embeddings	0.274348	913	0.6083	451.0	0.494
Embeddings	0.274318	914	0.6089	451.0	0.4934
Embeddings	0.274242	915	0.6096	451.0	0.4929
Embeddings	0.274223	916	0.6103	451.0	0.4924
Embeddings	0.274216	917	0.6109	451.0	0.4918
Embeddings	0.274074	918	0.6116	451.0	0.4913
Embeddings	0.273897	919	0.6123	451.0	0.4908
Embeddings	0.273895	920	0.6129	451.0	0.4902
Embeddings	0.273891	921	0.6136	451.0	0.4897
Embeddings	0.273868	922	0.6143	451.0	0.4892
Embeddings	0.273769	923	0.6149	451.0	0.4886
Embeddings	0.273768	924	0.6156	451.0	0.4881
Embeddings	0.273658	925	0.6163	452.0	0.4886
Embeddings	0.273647	926	0.6169	453.0	0.4892
Embeddings	0.273584	927	0.6176	453.0	0.4887
Embeddings	0.273555	928	0.6183	453.0	0.4881
Embeddings	0.273521	929	0.6189	453.0	0.4876
Embeddings	0.273492	930	0.6196	453.0	0.4871
Embeddings	0.27349	931	0.6203	454.0	0.4876
Embeddings	0.273373	932	0.6209	455.0	0.4882
Embeddings	0.27336	933	0.6216	455.0	0.4877
Embeddings	0.273293	934	0.6223	456.0	0.4882
Embeddings	0.273267	935	0.6229	456.0	0.4877
Embeddings	0.273236	936	0.6236	456.0	0.4872
Embeddings	0.273036	937	0.6243	456.0	0.4867
Embeddings	0.272989	938	0.6249	456.0	0.4861
Embeddings	0.272926	939	0.6256	456.0	0.4856
Embeddings	0.272912	940	0.6262	456.0	0.4851
Embeddings	0.272872	941	0.6269	457.0	0.4857
Embeddings	0.272859	942	0.6276	457.0	0.4851
Embeddings	0.272845	943	0.6282	458.0	0.4857
Embeddings	0.272786	944	0.6289	458.0	0.4852
Embeddings	0.272731	945	0.6296	458.0	0.4847
Embeddings	0.272671	946	0.6302	458.0	0.4841
Embeddings	0.272654	947	0.6309	459.0	0.4847
Embeddings	0.272372	948	0.6316	460.0	0.4852
Embeddings	0.272285	949	0.6322	460.0	0.4847
Embeddings	0.272214	950	0.6329	460.0	0.4842
Embeddings	0.272112	951	0.6336	461.0	0.4848
Embeddings	0.272109	952	0.6342	461.0	0.4842
Embeddings	0.272073	953	0.6349	462.0	0.4848
Embeddings	0.271858	954	0.6356	462.0	0.4843
Embeddings	0.271832	955	0.6362	462.0	0.4838
Embeddings	0.271815	956	0.6369	462.0	0.4833
Embeddings	0.271792	957	0.6376	462.0	0.4828
Embeddings	0.271784	958	0.6382	463.0	0.4833
Embeddings	0.27171	959	0.6389	463.0	0.4828
Embeddings	0.271703	960	0.6396	464.0	0.4833
Embeddings	0.27163	961	0.6402	464.0	0.4828
Embeddings	0.27162	962	0.6409	464.0	0.4823
Embeddings	0.27158	963	0.6416	464.0	0.4818
Embeddings	0.271539	964	0.6422	464.0	0.4813
Embeddings	0.271529	965	0.6429	465.0	0.4819
Embeddings	0.271471	966	0.6436	465.0	0.4814
Embeddings	0.271425	967	0.6442	466.0	0.4819
Embeddings	0.271412	968	0.6449	466.0	0.4814
Embeddings	0.271308	969	0.6456	466.0	0.4809
Embeddings	0.271238	970	0.6462	466.0	0.4804
Embeddings	0.271193	971	0.6469	466.0	0.4799
Embeddings	0.271081	972	0.6476	466.0	0.4794
Embeddings	0.271006	973	0.6482	467.0	0.48
Embeddings	0.271003	974	0.6489	467.0	0.4795
Embeddings	0.270983	975	0.6496	467.0	0.479
Embeddings	0.270901	976	0.6502	467.0	0.4785
Embeddings	0.270815	977	0.6509	467.0	0.478
Embeddings	0.270771	978	0.6516	467.0	0.4775
Embeddings	0.270661	979	0.6522	467.0	0.477
Embeddings	0.270555	980	0.6529	467.0	0.4765
Embeddings	0.270521	981	0.6536	468.0	0.4771
Embeddings	0.270426	982	0.6542	469.0	0.4776
Embeddings	0.270392	983	0.6549	470.0	0.4781
Embeddings	0.270383	984	0.6556	470.0	0.4776
Embeddings	0.270338	985	0.6562	470.0	0.4772
Embeddings	0.27013	986	0.6569	471.0	0.4777
Embeddings	0.270009	987	0.6576	471.0	0.4772
Embeddings	0.269973	988	0.6582	471.0	0.4767
Embeddings	0.269946	989	0.6589	472.0	0.4772
Embeddings	0.269912	990	0.6596	472.0	0.4768
Embeddings	0.269892	991	0.6602	472.0	0.4763
Embeddings	0.269881	992	0.6609	472.0	0.4758
Embeddings	0.269832	993	0.6616	472.0	0.4753
Embeddings	0.269808	994	0.6622	473.0	0.4759
Embeddings	0.269795	995	0.6629	474.0	0.4764
Embeddings	0.269778	996	0.6636	474.0	0.4759
Embeddings	0.269764	997	0.6642	474.0	0.4754
Embeddings	0.269761	998	0.6649	474.0	0.4749
Embeddings	0.269667	999	0.6656	474.0	0.4745
Embeddings	0.269562	1000	0.6662	474.0	0.474
Embeddings	0.269554	1001	0.6669	474.0	0.4735
Embeddings	0.269546	1002	0.6676	474.0	0.4731
Embeddings	0.269452	1003	0.6682	474.0	0.4726
Embeddings	0.269375	1004	0.6689	474.0	0.4721
Embeddings	0.269317	1005	0.6696	474.0	0.4716
Embeddings	0.269287	1006	0.6702	474.0	0.4712
Embeddings	0.269269	1007	0.6709	475.0	0.4717
Embeddings	0.26924	1008	0.6716	475.0	0.4712
Embeddings	0.269209	1009	0.6722	476.0	0.4718
Embeddings	0.26918	1010	0.6729	477.0	0.4723
Embeddings	0.269116	1011	0.6736	478.0	0.4728
Embeddings	0.269007	1012	0.6742	478.0	0.4723
Embeddings	0.268949	1013	0.6749	478.0	0.4719
Embeddings	0.268945	1014	0.6755	478.0	0.4714
Embeddings	0.26894	1015	0.6762	478.0	0.4709
Embeddings	0.26885	1016	0.6769	479.0	0.4715
Embeddings	0.26876	1017	0.6775	479.0	0.471
Embeddings	0.268749	1018	0.6782	480.0	0.4715
Embeddings	0.268716	1019	0.6789	480.0	0.4711
Embeddings	0.268673	1020	0.6795	481.0	0.4716
Embeddings	0.268612	1021	0.6802	482.0	0.4721
Embeddings	0.268527	1023	0.6815	483.0	0.4721
Embeddings	0.268525	1024	0.6822	484.0	0.4727
Embeddings	0.268198	1025	0.6829	484.0	0.4722
Embeddings	0.268196	1026	0.6835	484.0	0.4717
Embeddings	0.268189	1027	0.6842	484.0	0.4713
Embeddings	0.268135	1028	0.6849	485.0	0.4718
Embeddings	0.268084	1029	0.6855	485.0	0.4713
Embeddings	0.268076	1030	0.6862	486.0	0.4718
Embeddings	0.26806	1031	0.6869	487.0	0.4724
Embeddings	0.26799	1032	0.6875	487.0	0.4719
Embeddings	0.267949	1033	0.6882	487.0	0.4714
Embeddings	0.267849	1034	0.6889	487.0	0.471
Embeddings	0.267693	1035	0.6895	487.0	0.4705
Embeddings	0.267619	1036	0.6902	487.0	0.4701
Embeddings	0.267587	1037	0.6909	487.0	0.4696
Embeddings	0.267431	1038	0.6915	488.0	0.4701
Embeddings	0.26735	1039	0.6922	488.0	0.4697
Embeddings	0.267329	1040	0.6929	489.0	0.4702
Embeddings	0.267262	1041	0.6935	489.0	0.4697
Embeddings	0.267133	1042	0.6942	489.0	0.4693
Embeddings	0.267116	1043	0.6949	490.0	0.4698
Embeddings	0.26705	1044	0.6955	490.0	0.4693
Embeddings	0.267033	1045	0.6962	490.0	0.4689
Embeddings	0.267022	1046	0.6969	491.0	0.4694
Embeddings	0.266969	1047	0.6975	492.0	0.4699
Embeddings	0.266967	1048	0.6982	493.0	0.4704
Embeddings	0.266902	1049	0.6989	493.0	0.47
Embeddings	0.266864	1050	0.6995	493.0	0.4695
Embeddings	0.266861	1051	0.7002	493.0	0.4691
Embeddings	0.266839	1052	0.7009	494.0	0.4696
Embeddings	0.266743	1053	0.7015	494.0	0.4691
Embeddings	0.26665	1054	0.7022	494.0	0.4687
Embeddings	0.266637	1055	0.7029	494.0	0.4682
Embeddings	0.266625	1056	0.7035	495.0	0.4688
Embeddings	0.266612	1057	0.7042	495.0	0.4683
Embeddings	0.266595	1058	0.7049	496.0	0.4688
Embeddings	0.266547	1059	0.7055	496.0	0.4684
Embeddings	0.266482	1060	0.7062	496.0	0.4679
Embeddings	0.26646	1061	0.7069	496.0	0.4675
Embeddings	0.266413	1062	0.7075	497.0	0.468
Embeddings	0.266333	1063	0.7082	497.0	0.4675
Embeddings	0.266318	1064	0.7089	497.0	0.4671
Embeddings	0.266316	1065	0.7095	497.0	0.4667
Embeddings	0.266252	1066	0.7102	497.0	0.4662
Embeddings	0.266198	1067	0.7109	497.0	0.4658
Embeddings	0.266193	1068	0.7115	498.0	0.4663
Embeddings	0.266164	1069	0.7122	498.0	0.4659
Embeddings	0.266135	1070	0.7129	498.0	0.4654
Embeddings	0.266101	1071	0.7135	498.0	0.465
Embeddings	0.266071	1072	0.7142	498.0	0.4646
Embeddings	0.266065	1073	0.7149	499.0	0.4651
Embeddings	0.266036	1074	0.7155	500.0	0.4655
Embeddings	0.266006	1075	0.7162	501.0	0.466
Embeddings	0.265961	1076	0.7169	502.0	0.4665
Embeddings	0.265859	1077	0.7175	503.0	0.467
Embeddings	0.265804	1078	0.7182	503.0	0.4666
Embeddings	0.265775	1080	0.7195	504.0	0.4667
Embeddings	0.265756	1081	0.7202	504.0	0.4662
Embeddings	0.265752	1082	0.7209	504.0	0.4658
Embeddings	0.265738	1083	0.7215	504.0	0.4654
Embeddings	0.265688	1084	0.7222	504.0	0.4649
Embeddings	0.265682	1085	0.7229	504.0	0.4645
Embeddings	0.265657	1086	0.7235	504.0	0.4641
Embeddings	0.265636	1087	0.7242	504.0	0.4637
Embeddings	0.265589	1088	0.7249	504.0	0.4632
Embeddings	0.265538	1089	0.7255	505.0	0.4637
Embeddings	0.265505	1090	0.7262	505.0	0.4633
Embeddings	0.265487	1091	0.7268	505.0	0.4629
Embeddings	0.26548	1092	0.7275	505.0	0.4625
Embeddings	0.265461	1093	0.7282	505.0	0.462
Embeddings	0.265445	1094	0.7288	505.0	0.4616
Embeddings	0.2654	1095	0.7295	506.0	0.4621
Embeddings	0.265386	1096	0.7302	506.0	0.4617
Embeddings	0.265361	1097	0.7308	506.0	0.4613
Embeddings	0.265321	1098	0.7315	506.0	0.4608
Embeddings	0.265305	1099	0.7322	506.0	0.4604
Embeddings	0.265283	1100	0.7328	506.0	0.46
Embeddings	0.265267	1101	0.7335	506.0	0.4596
Embeddings	0.265215	1102	0.7342	506.0	0.4592
Embeddings	0.265175	1103	0.7348	507.0	0.4597
Embeddings	0.265174	1104	0.7355	508.0	0.4601
Embeddings	0.265155	1105	0.7362	508.0	0.4597
Embeddings	0.265101	1106	0.7368	508.0	0.4593
Embeddings	0.265067	1107	0.7375	508.0	0.4589
Embeddings	0.26505	1109	0.7388	509.0	0.459
Embeddings	0.264919	1110	0.7395	509.0	0.4586
Embeddings	0.26488	1111	0.7402	509.0	0.4581
Embeddings	0.264849	1112	0.7408	510.0	0.4586
Embeddings	0.264789	1113	0.7415	511.0	0.4591
Embeddings	0.264784	1114	0.7422	512.0	0.4596
Embeddings	0.264743	1115	0.7428	513.0	0.4601
Embeddings	0.264742	1116	0.7435	514.0	0.4606
Embeddings	0.264738	1117	0.7442	514.0	0.4602
Embeddings	0.264717	1118	0.7448	514.0	0.4597
Embeddings	0.264692	1119	0.7455	515.0	0.4602
Embeddings	0.26469	1120	0.7462	516.0	0.4607
Embeddings	0.264643	1121	0.7468	516.0	0.4603
Embeddings	0.264524	1122	0.7475	516.0	0.4599
Embeddings	0.264499	1123	0.7482	517.0	0.4604
Embeddings	0.264438	1124	0.7488	517.0	0.46
Embeddings	0.264424	1125	0.7495	517.0	0.4596
Embeddings	0.264417	1126	0.7502	517.0	0.4591
Embeddings	0.264356	1127	0.7508	517.0	0.4587
Embeddings	0.26431	1128	0.7515	517.0	0.4583
Embeddings	0.264305	1129	0.7522	517.0	0.4579
Embeddings	0.264285	1130	0.7528	517.0	0.4575
Embeddings	0.264272	1131	0.7535	517.0	0.4571
Embeddings	0.264192	1132	0.7542	517.0	0.4567
Embeddings	0.264178	1133	0.7548	517.0	0.4563
Embeddings	0.264149	1134	0.7555	517.0	0.4559
Embeddings	0.264115	1135	0.7562	518.0	0.4564
Embeddings	0.264101	1136	0.7568	518.0	0.456
Embeddings	0.264024	1137	0.7575	518.0	0.4556
Embeddings	0.264021	1138	0.7582	519.0	0.4561
Embeddings	0.264	1139	0.7588	519.0	0.4557
Embeddings	0.263934	1140	0.7595	519.0	0.4553
Embeddings	0.263903	1141	0.7602	520.0	0.4557
Embeddings	0.263901	1142	0.7608	520.0	0.4553
Embeddings	0.26388	1143	0.7615	521.0	0.4558
Embeddings	0.263853	1144	0.7622	522.0	0.4563
Embeddings	0.263816	1145	0.7628	522.0	0.4559
Embeddings	0.263769	1146	0.7635	522.0	0.4555
Embeddings	0.263676	1147	0.7642	522.0	0.4551
Embeddings	0.263613	1148	0.7648	522.0	0.4547
Embeddings	0.263464	1149	0.7655	523.0	0.4552
Embeddings	0.263335	1150	0.7662	523.0	0.4548
Embeddings	0.263293	1151	0.7668	523.0	0.4544
Embeddings	0.263259	1152	0.7675	523.0	0.454
Embeddings	0.263197	1153	0.7682	524.0	0.4545
Embeddings	0.263095	1154	0.7688	524.0	0.4541
Embeddings	0.263093	1155	0.7695	525.0	0.4545
Embeddings	0.263037	1156	0.7702	525.0	0.4542
Embeddings	0.263	1157	0.7708	525.0	0.4538
Embeddings	0.262914	1158	0.7715	526.0	0.4542
Embeddings	0.262884	1159	0.7722	526.0	0.4538
Embeddings	0.262872	1160	0.7728	527.0	0.4543
Embeddings	0.262865	1161	0.7735	527.0	0.4539
Embeddings	0.262832	1162	0.7742	527.0	0.4535
Embeddings	0.262824	1163	0.7748	527.0	0.4531
Embeddings	0.262796	1164	0.7755	527.0	0.4527
Embeddings	0.26275	1165	0.7761	527.0	0.4524
Embeddings	0.262724	1166	0.7768	528.0	0.4528
Embeddings	0.262717	1167	0.7775	529.0	0.4533
Embeddings	0.262704	1168	0.7781	529.0	0.4529
Embeddings	0.262702	1169	0.7788	530.0	0.4534
Embeddings	0.262699	1170	0.7795	530.0	0.453
Embeddings	0.262648	1171	0.7801	530.0	0.4526
Embeddings	0.262602	1172	0.7808	530.0	0.4522
Embeddings	0.262595	1173	0.7815	530.0	0.4518
Embeddings	0.262546	1174	0.7821	530.0	0.4514
Embeddings	0.262458	1175	0.7828	531.0	0.4519
Embeddings	0.262429	1176	0.7835	531.0	0.4515
Embeddings	0.262425	1177	0.7841	532.0	0.452
Embeddings	0.262404	1178	0.7848	532.0	0.4516
Embeddings	0.262354	1179	0.7855	532.0	0.4512
Embeddings	0.262301	1180	0.7861	532.0	0.4508
Embeddings	0.262222	1181	0.7868	533.0	0.4513
Embeddings	0.262202	1182	0.7875	533.0	0.4509
Embeddings	0.262171	1183	0.7881	533.0	0.4505
Embeddings	0.262132	1184	0.7888	533.0	0.4502
Embeddings	0.262078	1185	0.7895	533.0	0.4498
Embeddings	0.262047	1186	0.7901	533.0	0.4494
Embeddings	0.262006	1187	0.7908	534.0	0.4499
Embeddings	0.261963	1188	0.7915	535.0	0.4503
Embeddings	0.261953	1189	0.7921	535.0	0.45
Embeddings	0.261944	1190	0.7928	535.0	0.4496
Embeddings	0.261865	1191	0.7935	535.0	0.4492
Embeddings	0.261856	1192	0.7941	535.0	0.4488
Embeddings	0.261795	1193	0.7948	535.0	0.4484
Embeddings	0.26179	1194	0.7955	535.0	0.4481
Embeddings	0.261762	1195	0.7961	536.0	0.4485
Embeddings	0.261733	1196	0.7968	537.0	0.449
Embeddings	0.261701	1197	0.7975	537.0	0.4486
Embeddings	0.261672	1198	0.7981	537.0	0.4482
Embeddings	0.261643	1199	0.7988	537.0	0.4479
Embeddings	0.261568	1200	0.7995	537.0	0.4475
Embeddings	0.261512	1201	0.8001	538.0	0.448
Embeddings	0.261488	1202	0.8008	538.0	0.4476
Embeddings	0.261415	1203	0.8015	538.0	0.4472
Embeddings	0.261356	1204	0.8021	538.0	0.4468
Embeddings	0.261338	1205	0.8028	539.0	0.4473
Embeddings	0.261312	1206	0.8035	540.0	0.4478
Embeddings	0.26129	1207	0.8041	540.0	0.4474
Embeddings	0.261281	1208	0.8048	540.0	0.447
Embeddings	0.261261	1209	0.8055	541.0	0.4475
Embeddings	0.261245	1210	0.8061	542.0	0.4479
Embeddings	0.261239	1211	0.8068	543.0	0.4484
Embeddings	0.261237	1212	0.8075	543.0	0.448
Embeddings	0.261234	1213	0.8081	543.0	0.4477
Embeddings	0.261183	1214	0.8088	543.0	0.4473
Embeddings	0.261155	1215	0.8095	543.0	0.4469
Embeddings	0.261127	1216	0.8101	543.0	0.4465
Embeddings	0.261114	1217	0.8108	543.0	0.4462
Embeddings	0.261029	1218	0.8115	543.0	0.4458
Embeddings	0.261014	1219	0.8121	544.0	0.4463
Embeddings	0.26097	1220	0.8128	544.0	0.4459
Embeddings	0.260877	1221	0.8135	544.0	0.4455
Embeddings	0.260812	1222	0.8141	544.0	0.4452
Embeddings	0.260742	1223	0.8148	544.0	0.4448
Embeddings	0.260739	1224	0.8155	545.0	0.4453
Embeddings	0.260729	1225	0.8161	545.0	0.4449
Embeddings	0.260676	1226	0.8168	545.0	0.4445
Embeddings	0.260625	1227	0.8175	546.0	0.445
Embeddings	0.260592	1228	0.8181	546.0	0.4446
Embeddings	0.260551	1229	0.8188	546.0	0.4443
Embeddings	0.260511	1230	0.8195	546.0	0.4439
Embeddings	0.260456	1231	0.8201	546.0	0.4435
Embeddings	0.260421	1232	0.8208	546.0	0.4432
Embeddings	0.260339	1233	0.8215	546.0	0.4428
Embeddings	0.260275	1234	0.8221	547.0	0.4433
Embeddings	0.260241	1235	0.8228	547.0	0.4429
Embeddings	0.260187	1236	0.8235	547.0	0.4426
Embeddings	0.260167	1237	0.8241	548.0	0.443
Embeddings	0.260154	1238	0.8248	548.0	0.4426
Embeddings	0.260153	1239	0.8254	548.0	0.4423
Embeddings	0.26014	1240	0.8261	549.0	0.4427
Embeddings	0.260029	1241	0.8268	549.0	0.4424
Embeddings	0.26002	1242	0.8274	549.0	0.442
Embeddings	0.259978	1243	0.8281	549.0	0.4417
Embeddings	0.259948	1244	0.8288	550.0	0.4421
Embeddings	0.259918	1245	0.8294	550.0	0.4418
Embeddings	0.259754	1246	0.8301	550.0	0.4414
Embeddings	0.259702	1247	0.8308	550.0	0.4411
Embeddings	0.259683	1248	0.8314	551.0	0.4415
Embeddings	0.25967	1249	0.8321	551.0	0.4412
Embeddings	0.259592	1250	0.8328	551.0	0.4408
Embeddings	0.259534	1251	0.8334	551.0	0.4404
Embeddings	0.259468	1252	0.8341	552.0	0.4409
Embeddings	0.259459	1253	0.8348	553.0	0.4413
Embeddings	0.259446	1254	0.8354	553.0	0.441
Embeddings	0.259311	1255	0.8361	553.0	0.4406
Embeddings	0.259291	1256	0.8368	553.0	0.4403
Embeddings	0.259243	1257	0.8374	553.0	0.4399
Embeddings	0.259238	1258	0.8381	554.0	0.4404
Embeddings	0.259199	1259	0.8388	555.0	0.4408
Embeddings	0.259184	1260	0.8394	556.0	0.4413
Embeddings	0.259149	1261	0.8401	556.0	0.4409
Embeddings	0.259146	1262	0.8408	556.0	0.4406
Embeddings	0.259133	1263	0.8414	556.0	0.4402
Embeddings	0.259131	1264	0.8421	556.0	0.4399
Embeddings	0.25906	1265	0.8428	556.0	0.4395
Embeddings	0.259037	1266	0.8434	556.0	0.4392
Embeddings	0.258951	1267	0.8441	556.0	0.4388
Embeddings	0.25894	1268	0.8448	556.0	0.4385
Embeddings	0.258892	1269	0.8454	556.0	0.4381
Embeddings	0.258889	1270	0.8461	557.0	0.4386
Embeddings	0.258885	1271	0.8468	557.0	0.4382
Embeddings	0.258854	1272	0.8474	557.0	0.4379
Embeddings	0.258808	1273	0.8481	558.0	0.4383
Embeddings	0.258805	1274	0.8488	558.0	0.438
Embeddings	0.258683	1275	0.8494	558.0	0.4376
Embeddings	0.258676	1276	0.8501	558.0	0.4373
Embeddings	0.258647	1277	0.8508	558.0	0.437
Embeddings	0.258634	1278	0.8514	558.0	0.4366
Embeddings	0.25857	1279	0.8521	558.0	0.4363
Embeddings	0.258504	1280	0.8528	558.0	0.4359
Embeddings	0.258462	1281	0.8534	558.0	0.4356
Embeddings	0.258443	1282	0.8541	558.0	0.4353
Embeddings	0.258396	1283	0.8548	558.0	0.4349
Embeddings	0.258392	1284	0.8554	558.0	0.4346
Embeddings	0.258382	1285	0.8561	558.0	0.4342
Embeddings	0.258355	1286	0.8568	559.0	0.4347
Embeddings	0.258312	1287	0.8574	560.0	0.4351
Embeddings	0.258279	1288	0.8581	560.0	0.4348
Embeddings	0.258227	1289	0.8588	560.0	0.4344
Embeddings	0.25813	1290	0.8594	560.0	0.4341
Embeddings	0.25809	1291	0.8601	560.0	0.4338
Embeddings	0.258065	1292	0.8608	560.0	0.4334
Embeddings	0.258058	1293	0.8614	560.0	0.4331
Embeddings	0.258028	1294	0.8621	561.0	0.4335
Embeddings	0.258027	1295	0.8628	562.0	0.434
Embeddings	0.257955	1296	0.8634	562.0	0.4336
Embeddings	0.257936	1297	0.8641	562.0	0.4333
Embeddings	0.257902	1298	0.8648	562.0	0.433
Embeddings	0.257887	1299	0.8654	562.0	0.4326
Embeddings	0.257875	1300	0.8661	562.0	0.4323
Embeddings	0.257707	1301	0.8668	563.0	0.4327
Embeddings	0.257644	1302	0.8674	563.0	0.4324
Embeddings	0.257532	1303	0.8681	563.0	0.4321
Embeddings	0.257527	1304	0.8688	563.0	0.4317
Embeddings	0.257504	1305	0.8694	563.0	0.4314
Embeddings	0.257502	1306	0.8701	563.0	0.4311
Embeddings	0.257272	1307	0.8708	563.0	0.4308
Embeddings	0.257253	1308	0.8714	563.0	0.4304
Embeddings	0.257197	1309	0.8721	563.0	0.4301
Embeddings	0.257179	1310	0.8728	564.0	0.4305
Embeddings	0.257136	1311	0.8734	564.0	0.4302
Embeddings	0.257104	1312	0.8741	564.0	0.4299
Embeddings	0.257079	1313	0.8748	564.0	0.4296
Embeddings	0.256953	1314	0.8754	564.0	0.4292
Embeddings	0.256896	1315	0.8761	564.0	0.4289
Embeddings	0.256817	1316	0.8767	564.0	0.4286
Embeddings	0.256714	1317	0.8774	565.0	0.429
Embeddings	0.256712	1318	0.8781	565.0	0.4287
Embeddings	0.256689	1319	0.8787	566.0	0.4291
Embeddings	0.256682	1320	0.8794	566.0	0.4288
Embeddings	0.256679	1321	0.8801	567.0	0.4292
Embeddings	0.256675	1322	0.8807	568.0	0.4297
Embeddings	0.256663	1323	0.8814	569.0	0.4301
Embeddings	0.256613	1324	0.8821	569.0	0.4298
Embeddings	0.256565	1325	0.8827	569.0	0.4294
Embeddings	0.256533	1326	0.8834	569.0	0.4291
Embeddings	0.256529	1327	0.8841	569.0	0.4288
Embeddings	0.256432	1328	0.8847	569.0	0.4285
Embeddings	0.256398	1329	0.8854	569.0	0.4281
Embeddings	0.256384	1330	0.8861	569.0	0.4278
Embeddings	0.256371	1331	0.8867	569.0	0.4275
Embeddings	0.255885	1332	0.8874	569.0	0.4272
Embeddings	0.255798	1333	0.8881	569.0	0.4269
Embeddings	0.255659	1334	0.8887	569.0	0.4265
Embeddings	0.255625	1335	0.8894	570.0	0.427
Embeddings	0.255149	1336	0.8901	570.0	0.4266
Embeddings	0.255106	1337	0.8907	571.0	0.4271
Embeddings	0.255096	1338	0.8914	572.0	0.4275
Embeddings	0.255078	1339	0.8921	572.0	0.4272
Embeddings	0.255046	1340	0.8927	572.0	0.4269
Embeddings	0.254934	1341	0.8934	572.0	0.4265
Embeddings	0.254923	1342	0.8941	572.0	0.4262
Embeddings	0.254921	1343	0.8947	572.0	0.4259
Embeddings	0.254899	1344	0.8954	572.0	0.4256
Embeddings	0.254706	1345	0.8961	572.0	0.4253
Embeddings	0.254663	1346	0.8967	572.0	0.425
Embeddings	0.254618	1347	0.8974	572.0	0.4246
Embeddings	0.25456	1348	0.8981	572.0	0.4243
Embeddings	0.254346	1349	0.8987	572.0	0.424
Embeddings	0.254332	1350	0.8994	572.0	0.4237
Embeddings	0.254166	1351	0.9001	573.0	0.4241
Embeddings	0.254046	1352	0.9007	573.0	0.4238
Embeddings	0.254002	1353	0.9014	573.0	0.4235
Embeddings	0.253868	1354	0.9021	573.0	0.4232
Embeddings	0.253842	1355	0.9027	573.0	0.4229
Embeddings	0.253678	1356	0.9034	573.0	0.4226
Embeddings	0.253531	1357	0.9041	573.0	0.4223
Embeddings	0.253443	1358	0.9047	573.0	0.4219
Embeddings	0.253438	1359	0.9054	573.0	0.4216
Embeddings	0.253436	1360	0.9061	574.0	0.4221
Embeddings	0.253279	1361	0.9067	574.0	0.4217
Embeddings	0.253067	1362	0.9074	575.0	0.4222
Embeddings	0.252818	1363	0.9081	575.0	0.4219
Embeddings	0.252796	1364	0.9087	575.0	0.4216
Embeddings	0.252576	1365	0.9094	575.0	0.4212
Embeddings	0.252072	1366	0.9101	576.0	0.4217
Embeddings	0.252054	1367	0.9107	576.0	0.4214
Embeddings	0.251472	1368	0.9114	576.0	0.4211
Embeddings	0.134173	1369	0.9121	576.0	0.4207
Embeddings	0.132269	1370	0.9127	576.0	0.4204
Embeddings	0.131776	1371	0.9134	576.0	0.4201
Embeddings	0.130971	1372	0.9141	576.0	0.4198
Embeddings	0.130927	1373	0.9147	576.0	0.4195
Embeddings	0.130818	1374	0.9154	577.0	0.4199
Embeddings	0.130815	1375	0.9161	578.0	0.4204
Embeddings	0.130658	1376	0.9167	578.0	0.4201
Embeddings	0.130404	1377	0.9174	579.0	0.4205
Embeddings	0.130333	1378	0.9181	579.0	0.4202
Embeddings	0.130193	1379	0.9187	580.0	0.4206
Embeddings	0.130085	1380	0.9194	580.0	0.4203
Embeddings	0.130029	1381	0.9201	580.0	0.42
Embeddings	0.129941	1382	0.9207	580.0	0.4197
Embeddings	0.12982	1383	0.9214	580.0	0.4194
Embeddings	0.129775	1384	0.9221	580.0	0.4191
Embeddings	0.129754	1385	0.9227	580.0	0.4188
Embeddings	0.12971	1386	0.9234	580.0	0.4185
Embeddings	0.129662	1387	0.9241	580.0	0.4182
Embeddings	0.129653	1388	0.9247	580.0	0.4179
Embeddings	0.129625	1389	0.9254	580.0	0.4176
Embeddings	0.129604	1390	0.926	580.0	0.4173
Embeddings	0.129576	1391	0.9267	580.0	0.417
Embeddings	0.129566	1392	0.9274	581.0	0.4174
Embeddings	0.129545	1393	0.928	581.0	0.4171
Embeddings	0.129493	1394	0.9287	582.0	0.4175
Embeddings	0.129388	1395	0.9294	582.0	0.4172
Embeddings	0.12935	1396	0.93	582.0	0.4169
Embeddings	0.129337	1397	0.9307	582.0	0.4166
Embeddings	0.129086	1398	0.9314	582.0	0.4163
Embeddings	0.129018	1399	0.932	582.0	0.416
Embeddings	0.128996	1400	0.9327	582.0	0.4157
Embeddings	0.128962	1401	0.9334	582.0	0.4154
Embeddings	0.128934	1402	0.934	582.0	0.4151
Embeddings	0.128793	1403	0.9347	582.0	0.4148
Embeddings	0.128678	1404	0.9354	582.0	0.4145
Embeddings	0.128663	1405	0.936	582.0	0.4142
Embeddings	0.128637	1406	0.9367	582.0	0.4139
Embeddings	0.128626	1407	0.9374	582.0	0.4136
Embeddings	0.128622	1408	0.938	582.0	0.4134
Embeddings	0.128531	1409	0.9387	582.0	0.4131
Embeddings	0.128471	1410	0.9394	582.0	0.4128
Embeddings	0.128401	1411	0.94	582.0	0.4125
Embeddings	0.128394	1412	0.9407	582.0	0.4122
Embeddings	0.128376	1413	0.9414	582.0	0.4119
Embeddings	0.128292	1414	0.942	582.0	0.4116
Embeddings	0.128284	1415	0.9427	582.0	0.4113
Embeddings	0.128237	1416	0.9434	582.0	0.411
Embeddings	0.128219	1417	0.944	582.0	0.4107
Embeddings	0.128158	1418	0.9447	582.0	0.4104
Embeddings	0.128138	1419	0.9454	582.0	0.4101
Embeddings	0.128125	1420	0.946	582.0	0.4099
Embeddings	0.128047	1421	0.9467	582.0	0.4096
Embeddings	0.128022	1422	0.9474	582.0	0.4093
Embeddings	0.127932	1423	0.948	582.0	0.409
Embeddings	0.127907	1424	0.9487	582.0	0.4087
Embeddings	0.127719	1425	0.9494	582.0	0.4084
Embeddings	0.12771	1426	0.95	583.0	0.4088
Embeddings	0.127704	1427	0.9507	583.0	0.4085
Embeddings	0.127637	1428	0.9514	583.0	0.4083
Embeddings	0.127617	1429	0.952	583.0	0.408
Embeddings	0.127587	1430	0.9527	584.0	0.4084
Embeddings	0.127479	1431	0.9534	584.0	0.4081
Embeddings	0.127409	1432	0.954	585.0	0.4085
Embeddings	0.127355	1433	0.9547	585.0	0.4082
Embeddings	0.127254	1434	0.9554	586.0	0.4086
Embeddings	0.127209	1435	0.956	586.0	0.4084
Embeddings	0.127145	1436	0.9567	587.0	0.4088
Embeddings	0.127057	1437	0.9574	588.0	0.4092
Embeddings	0.126985	1438	0.958	588.0	0.4089
Embeddings	0.126562	1439	0.9587	588.0	0.4086
Embeddings	0.126212	1440	0.9594	588.0	0.4083
Embeddings	0.125857	1441	0.96	588.0	0.408
Embeddings	0.120338	1442	0.9607	588.0	0.4078
Embeddings	0.119274	1443	0.9614	588.0	0.4075
Embeddings	0.118614	1444	0.962	588.0	0.4072
Embeddings	0.118446	1445	0.9627	588.0	0.4069
Embeddings	0.11803	1446	0.9634	588.0	0.4066
Embeddings	0.118003	1447	0.964	588.0	0.4064
Embeddings	0.117673	1448	0.9647	588.0	0.4061
Embeddings	0.117501	1449	0.9654	588.0	0.4058
Embeddings	0.116913	1450	0.966	589.0	0.4062
Embeddings	0.116629	1451	0.9667	589.0	0.4059
Embeddings	0.116561	1452	0.9674	590.0	0.4063
Embeddings	0.116384	1453	0.968	591.0	0.4067
Embeddings	0.116263	1454	0.9687	592.0	0.4072
Embeddings	0.116246	1455	0.9694	592.0	0.4069
Embeddings	0.116155	1456	0.97	593.0	0.4073
Embeddings	0.116097	1457	0.9707	593.0	0.407
Embeddings	0.116087	1458	0.9714	593.0	0.4067
Embeddings	0.115954	1459	0.972	593.0	0.4064
Embeddings	0.115833	1460	0.9727	593.0	0.4062
Embeddings	0.115681	1461	0.9734	594.0	0.4066
Embeddings	0.115675	1462	0.974	594.0	0.4063
Embeddings	0.115618	1463	0.9747	594.0	0.406
Embeddings	0.1156	1464	0.9753	594.0	0.4057
Embeddings	0.115581	1465	0.976	594.0	0.4055
Embeddings	0.115537	1466	0.9767	594.0	0.4052
Embeddings	0.11538	1467	0.9773	594.0	0.4049
Embeddings	0.115331	1468	0.978	594.0	0.4046
Embeddings	0.115241	1469	0.9787	594.0	0.4044
Embeddings	0.115141	1470	0.9793	594.0	0.4041
Embeddings	0.115107	1471	0.98	594.0	0.4038
Embeddings	0.114937	1472	0.9807	595.0	0.4042
Embeddings	0.114889	1473	0.9813	595.0	0.4039
Embeddings	0.114676	1474	0.982	595.0	0.4037
Embeddings	0.114636	1475	0.9827	595.0	0.4034
Embeddings	0.114608	1476	0.9833	595.0	0.4031
Embeddings	0.114606	1477	0.984	595.0	0.4028
Embeddings	0.114556	1478	0.9847	596.0	0.4032
Embeddings	0.114458	1479	0.9853	596.0	0.403
Embeddings	0.114432	1480	0.986	596.0	0.4027
Embeddings	0.114291	1481	0.9867	596.0	0.4024
Embeddings	0.11428	1482	0.9873	596.0	0.4022
Embeddings	0.114275	1483	0.988	596.0	0.4019
Embeddings	0.114218	1484	0.9887	596.0	0.4016
Embeddings	0.114072	1485	0.9893	597.0	0.402
Embeddings	0.113973	1486	0.99	597.0	0.4017
Embeddings	0.113944	1487	0.9907	597.0	0.4015
Embeddings	0.113926	1488	0.9913	597.0	0.4012
Embeddings	0.113799	1489	0.992	597.0	0.4009
Embeddings	0.113796	1491	0.9933	597.0	0.4004
Embeddings	0.11365	1492	0.994	597.0	0.4001
Embeddings	0.113446	1493	0.9947	597.0	0.3999
Embeddings	0.113299	1494	0.9953	597.0	0.3996
Embeddings	0.113286	1495	0.996	597.0	0.3993
Embeddings	0.11323	1496	0.9967	597.0	0.3991
Embeddings	0.113093	1497	0.9973	597.0	0.3988
Embeddings	0.113039	1498	0.998	597.0	0.3985
Embeddings	0.112931	1499	0.9987	597.0	0.3983
Embeddings	0.112637	1500	0.9993	597.0	0.398
Embeddings	0.112107	1501	1.0	597.0	0.3977
Hybrid	0.840562	1	0.0007	0.0	0.0
Hybrid	0.838616	2	0.0013	1.0	0.5
Hybrid	0.838452	3	0.002	1.0	0.3333
Hybrid	0.825138	4	0.0027	2.0	0.5
Hybrid	0.824414	5	0.0033	3.0	0.6
Hybrid	0.821927	6	0.004	3.0	0.5
Hybrid	0.821771	7	0.0047	4.0	0.5714
Hybrid	0.819868	8	0.0053	5.0	0.625
Hybrid	0.81865	9	0.006	6.0	0.6667
Hybrid	0.816992	10	0.0067	6.0	0.6
Hybrid	0.81694	11	0.0073	7.0	0.6364
Hybrid	0.814206	12	0.008	8.0	0.6667
Hybrid	0.812943	13	0.0087	9.0	0.6923
Hybrid	0.811862	14	0.0093	9.0	0.6429
Hybrid	0.811724	15	0.01	9.0	0.6
Hybrid	0.811191	16	0.0107	9.0	0.5625
Hybrid	0.810336	17	0.0113	9.0	0.5294
Hybrid	0.809114	18	0.012	10.0	0.5556
Hybrid	0.80896	19	0.0127	10.0	0.5263
Hybrid	0.80888	20	0.0133	11.0	0.55
Hybrid	0.807947	21	0.014	12.0	0.5714
Hybrid	0.807889	22	0.0147	12.0	0.5455
Hybrid	0.80777	23	0.0153	12.0	0.5217
Hybrid	0.806873	24	0.016	13.0	0.5417
Hybrid	0.806867	25	0.0167	14.0	0.56
Hybrid	0.806731	26	0.0173	14.0	0.5385
Hybrid	0.806101	27	0.018	15.0	0.5556
Hybrid	0.806072	28	0.0187	16.0	0.5714
Hybrid	0.805978	29	0.0193	17.0	0.5862
Hybrid	0.804156	30	0.02	17.0	0.5667
Hybrid	0.804096	31	0.0207	18.0	0.5806
Hybrid	0.803064	32	0.0213	18.0	0.5625
Hybrid	0.802812	33	0.022	18.0	0.5455
Hybrid	0.801183	34	0.0227	19.0	0.5588
Hybrid	0.799991	35	0.0233	19.0	0.5429
Hybrid	0.799607	36	0.024	19.0	0.5278
Hybrid	0.799534	37	0.0247	19.0	0.5135
Hybrid	0.799139	38	0.0253	20.0	0.5263
Hybrid	0.798952	39	0.026	20.0	0.5128
Hybrid	0.798495	40	0.0266	21.0	0.525
Hybrid	0.797806	41	0.0273	22.0	0.5366
Hybrid	0.797528	42	0.028	22.0	0.5238
Hybrid	0.797465	43	0.0286	23.0	0.5349
Hybrid	0.797347	44	0.0293	24.0	0.5455
Hybrid	0.797314	45	0.03	25.0	0.5556
Hybrid	0.797044	46	0.0306	26.0	0.5652
Hybrid	0.796694	47	0.0313	26.0	0.5532
Hybrid	0.796602	48	0.032	26.0	0.5417
Hybrid	0.796445	49	0.0326	26.0	0.5306
Hybrid	0.796437	50	0.0333	26.0	0.52
Hybrid	0.796118	51	0.034	27.0	0.5294
Hybrid	0.795655	52	0.0346	28.0	0.5385
Hybrid	0.79492	53	0.0353	29.0	0.5472
Hybrid	0.794902	54	0.036	30.0	0.5556
Hybrid	0.794709	55	0.0366	31.0	0.5636
Hybrid	0.794327	56	0.0373	32.0	0.5714
Hybrid	0.794199	57	0.038	33.0	0.5789
Hybrid	0.793534	58	0.0386	34.0	0.5862
Hybrid	0.793467	59	0.0393	34.0	0.5763
Hybrid	0.793376	60	0.04	35.0	0.5833
Hybrid	0.793309	61	0.0406	36.0	0.5902
Hybrid	0.793121	62	0.0413	36.0	0.5806
Hybrid	0.793067	63	0.042	36.0	0.5714
Hybrid	0.793014	64	0.0426	37.0	0.5781
Hybrid	0.792752	65	0.0433	38.0	0.5846
Hybrid	0.792491	66	0.044	38.0	0.5758
Hybrid	0.7924	67	0.0446	38.0	0.5672
Hybrid	0.792336	68	0.0453	39.0	0.5735
Hybrid	0.791701	69	0.046	40.0	0.5797
Hybrid	0.791297	70	0.0466	40.0	0.5714
Hybrid	0.791239	71	0.0473	41.0	0.5775
Hybrid	0.79036	72	0.048	41.0	0.5694
Hybrid	0.790015	73	0.0486	41.0	0.5616
Hybrid	0.78992	74	0.0493	42.0	0.5676
Hybrid	0.789554	75	0.05	43.0	0.5733
Hybrid	0.789528	76	0.0506	44.0	0.5789
Hybrid	0.789286	77	0.0513	44.0	0.5714
Hybrid	0.789007	78	0.052	44.0	0.5641
Hybrid	0.788723	79	0.0526	45.0	0.5696
Hybrid	0.787187	80	0.0533	45.0	0.5625
Hybrid	0.786722	81	0.054	46.0	0.5679
Hybrid	0.78666	82	0.0546	47.0	0.5732
Hybrid	0.786408	83	0.0553	48.0	0.5783
Hybrid	0.786151	84	0.056	48.0	0.5714
Hybrid	0.78608	85	0.0566	48.0	0.5647
Hybrid	0.785888	86	0.0573	49.0	0.5698
Hybrid	0.785663	87	0.058	49.0	0.5632
Hybrid	0.785584	88	0.0586	49.0	0.5568
Hybrid	0.785035	89	0.0593	50.0	0.5618
Hybrid	0.78501	90	0.06	51.0	0.5667
Hybrid	0.78483	91	0.0606	51.0	0.5604
Hybrid	0.783614	92	0.0613	52.0	0.5652
Hybrid	0.783601	93	0.062	53.0	0.5699
Hybrid	0.783362	94	0.0626	54.0	0.5745
Hybrid	0.782975	95	0.0633	54.0	0.5684
Hybrid	0.782808	96	0.064	55.0	0.5729
Hybrid	0.78245	97	0.0646	56.0	0.5773
Hybrid	0.78179	98	0.0653	57.0	0.5816
Hybrid	0.781649	99	0.066	58.0	0.5859
Hybrid	0.781391	100	0.0666	58.0	0.58
Hybrid	0.78132	101	0.0673	59.0	0.5842
Hybrid	0.781272	102	0.068	60.0	0.5882
Hybrid	0.781008	103	0.0686	61.0	0.5922
Hybrid	0.780978	104	0.0693	61.0	0.5865
Hybrid	0.780882	105	0.07	62.0	0.5905
Hybrid	0.780765	106	0.0706	62.0	0.5849
Hybrid	0.777689	107	0.0713	62.0	0.5794
Hybrid	0.777681	108	0.072	63.0	0.5833
Hybrid	0.777117	109	0.0726	63.0	0.578
Hybrid	0.776714	110	0.0733	63.0	0.5727
Hybrid	0.776603	111	0.074	63.0	0.5676
Hybrid	0.776151	112	0.0746	64.0	0.5714
Hybrid	0.775762	113	0.0753	65.0	0.5752
Hybrid	0.775417	114	0.0759	66.0	0.5789
Hybrid	0.775329	115	0.0766	66.0	0.5739
Hybrid	0.775131	116	0.0773	66.0	0.569
Hybrid	0.774817	117	0.0779	66.0	0.5641
Hybrid	0.774672	118	0.0786	67.0	0.5678
Hybrid	0.774612	119	0.0793	67.0	0.563
Hybrid	0.774346	120	0.0799	68.0	0.5667
Hybrid	0.774183	121	0.0806	69.0	0.5702
Hybrid	0.77393	122	0.0813	69.0	0.5656
Hybrid	0.773336	123	0.0819	70.0	0.5691
Hybrid	0.773243	124	0.0826	70.0	0.5645
Hybrid	0.772276	125	0.0833	71.0	0.568
Hybrid	0.77198	126	0.0839	72.0	0.5714
Hybrid	0.771895	127	0.0846	73.0	0.5748
Hybrid	0.770018	128	0.0853	73.0	0.5703
Hybrid	0.769664	129	0.0859	74.0	0.5736
Hybrid	0.76893	130	0.0866	75.0	0.5769
Hybrid	0.76845	131	0.0873	76.0	0.5802
Hybrid	0.767387	132	0.0879	77.0	0.5833
Hybrid	0.767088	133	0.0886	77.0	0.5789
Hybrid	0.766842	134	0.0893	77.0	0.5746
Hybrid	0.766596	135	0.0899	78.0	0.5778
Hybrid	0.766319	136	0.0906	78.0	0.5735
Hybrid	0.765968	137	0.0913	79.0	0.5766
Hybrid	0.765673	138	0.0919	80.0	0.5797
Hybrid	0.765662	139	0.0926	81.0	0.5827
Hybrid	0.765571	140	0.0933	82.0	0.5857
Hybrid	0.765419	141	0.0939	83.0	0.5887
Hybrid	0.765407	142	0.0946	84.0	0.5915
Hybrid	0.765371	143	0.0953	85.0	0.5944
Hybrid	0.764934	144	0.0959	86.0	0.5972
Hybrid	0.764703	145	0.0966	87.0	0.6
Hybrid	0.76448	146	0.0973	87.0	0.5959
Hybrid	0.764362	147	0.0979	87.0	0.5918
Hybrid	0.764361	148	0.0986	88.0	0.5946
Hybrid	0.762779	149	0.0993	89.0	0.5973
Hybrid	0.76266	150	0.0999	89.0	0.5933
Hybrid	0.762445	151	0.1006	89.0	0.5894
Hybrid	0.761366	152	0.1013	90.0	0.5921
Hybrid	0.761365	153	0.1019	90.0	0.5882
Hybrid	0.761185	154	0.1026	91.0	0.5909
Hybrid	0.761095	155	0.1033	91.0	0.5871
Hybrid	0.760848	156	0.1039	92.0	0.5897
Hybrid	0.760817	157	0.1046	92.0	0.586
Hybrid	0.760574	158	0.1053	92.0	0.5823
Hybrid	0.760319	159	0.1059	92.0	0.5786
Hybrid	0.760176	160	0.1066	93.0	0.5813
Hybrid	0.76016	161	0.1073	93.0	0.5776
Hybrid	0.759841	162	0.1079	93.0	0.5741
Hybrid	0.75949	163	0.1086	94.0	0.5767
Hybrid	0.759177	164	0.1093	95.0	0.5793
Hybrid	0.759026	165	0.1099	95.0	0.5758
Hybrid	0.758825	166	0.1106	95.0	0.5723
Hybrid	0.758716	167	0.1113	95.0	0.5689
Hybrid	0.758252	168	0.1119	96.0	0.5714
Hybrid	0.758056	169	0.1126	96.0	0.568
Hybrid	0.757372	170	0.1133	97.0	0.5706
Hybrid	0.756884	171	0.1139	97.0	0.5673
Hybrid	0.756512	172	0.1146	97.0	0.564
Hybrid	0.756161	173	0.1153	98.0	0.5665
Hybrid	0.756143	174	0.1159	99.0	0.569
Hybrid	0.755465	175	0.1166	100.0	0.5714
Hybrid	0.755292	176	0.1173	100.0	0.5682
Hybrid	0.755026	177	0.1179	101.0	0.5706
Hybrid	0.754966	178	0.1186	102.0	0.573
Hybrid	0.754945	179	0.1193	103.0	0.5754
Hybrid	0.754809	180	0.1199	103.0	0.5722
Hybrid	0.754518	181	0.1206	103.0	0.5691
Hybrid	0.754057	182	0.1213	103.0	0.5659
Hybrid	0.754047	183	0.1219	104.0	0.5683
Hybrid	0.753317	184	0.1226	105.0	0.5707
Hybrid	0.753189	185	0.1233	105.0	0.5676
Hybrid	0.752792	186	0.1239	106.0	0.5699
Hybrid	0.752662	187	0.1246	106.0	0.5668
Hybrid	0.752393	188	0.1252	107.0	0.5691
Hybrid	0.751732	189	0.1259	108.0	0.5714
Hybrid	0.751488	190	0.1266	109.0	0.5737
Hybrid	0.751415	191	0.1272	109.0	0.5707
Hybrid	0.750319	192	0.1279	109.0	0.5677
Hybrid	0.750064	193	0.1286	110.0	0.5699
Hybrid	0.750039	194	0.1292	110.0	0.567
Hybrid	0.749738	195	0.1299	110.0	0.5641
Hybrid	0.749675	196	0.1306	111.0	0.5663
Hybrid	0.749259	197	0.1312	111.0	0.5635
Hybrid	0.748424	198	0.1319	111.0	0.5606
Hybrid	0.748362	199	0.1326	111.0	0.5578
Hybrid	0.748013	200	0.1332	111.0	0.555
Hybrid	0.74777	201	0.1339	112.0	0.5572
Hybrid	0.747613	202	0.1346	112.0	0.5545
Hybrid	0.747039	203	0.1352	112.0	0.5517
Hybrid	0.745812	204	0.1359	112.0	0.549
Hybrid	0.744478	205	0.1366	113.0	0.5512
Hybrid	0.743568	206	0.1372	114.0	0.5534
Hybrid	0.742312	207	0.1379	115.0	0.5556
Hybrid	0.742014	208	0.1386	115.0	0.5529
Hybrid	0.741487	209	0.1392	115.0	0.5502
Hybrid	0.741117	210	0.1399	116.0	0.5524
Hybrid	0.740619	211	0.1406	116.0	0.5498
Hybrid	0.739842	212	0.1412	116.0	0.5472
Hybrid	0.739466	213	0.1419	116.0	0.5446
Hybrid	0.7386	214	0.1426	116.0	0.5421
Hybrid	0.738436	215	0.1432	117.0	0.5442
Hybrid	0.737682	216	0.1439	117.0	0.5417
Hybrid	0.735871	217	0.1446	118.0	0.5438
Hybrid	0.735318	218	0.1452	119.0	0.5459
Hybrid	0.733137	219	0.1459	119.0	0.5434
Hybrid	0.730525	220	0.1466	120.0	0.5455
Hybrid	0.728243	221	0.1472	120.0	0.543
Hybrid	0.72683	222	0.1479	121.0	0.545
Hybrid	0.726133	223	0.1486	121.0	0.5426
Hybrid	0.724849	224	0.1492	121.0	0.5402
Hybrid	0.72454	225	0.1499	122.0	0.5422
Hybrid	0.669513	226	0.1506	123.0	0.5442
Hybrid	0.664578	227	0.1512	124.0	0.5463
Hybrid	0.571405	228	0.1519	124.0	0.5439
Hybrid	0.504065	321	0.2139	172.0	0.5358
Hybrid	0.5	364	0.2425	193.5	0.5316
Hybrid	0.338739	434	0.2891	237.5	0.5472
Hybrid	0.336007	478	0.3185	253.0	0.5293
Hybrid	0.333362	491	0.3271	257.5	0.5244
Hybrid	0.256066	868	0.5783	412.5	0.4752
Hybrid	0.254001	1175	0.7828	497.0	0.423
Hybrid	0.252001	1327	0.8841	534.5	0.4028
Hybrid	0.251935	1345	0.8961	538.5	0.4004
Hybrid	0.250064	1368	0.9114	543.0	0.3969
Hybrid	0.132005	1387	0.9241	546.0	0.3937
Hybrid	0.130941	1413	0.9414	550.0	0.3892
Hybrid	0.12991	1420	0.946	551.0	0.388
Hybrid	0.129876	1424	0.9487	551.0	0.3869
Hybrid	0.128911	1434	0.9554	552.5	0.3853
Hybrid	0.128845	1435	0.956	552.5	0.385
Hybrid	0.127943	1438	0.958	553.0	0.3846
Hybrid	0.127847	1439	0.9587	553.0	0.3843
Hybrid	0.127005	1441	0.96	553.5	0.3841
Hybrid	0.117257	1447	0.964	555.5	0.3839
Hybrid	0.116334	1450	0.966	556.5	0.3838
Hybrid	0.116303	1456	0.97	556.5	0.3822
Hybrid	0.115439	1458	0.9714	556.5	0.3817
Hybrid	0.11538	1469	0.9787	560.5	0.3816
Hybrid	0.114573	1474	0.982	561.5	0.3809
Hybrid	0.114486	1484	0.9887	561.5	0.3784
Hybrid	0.114457	1485	0.9893	561.5	0.3781
Hybrid	0.113732	1493	0.9947	562.5	0.3768
Hybrid	0.113619	1495	0.996	562.5	0.3763
Hybrid	0.112917	1496	0.9967	563.5	0.3767
Hybrid	0.112779	1499	0.9987	563.5	0.3759
Hybrid	0.112696	1500	0.9993	563.5	0.3757
Hybrid	0.112126	1501	1.0	563.5	0.3754
Word overlap	1.0	472	0.3145	231.0	0.4894
Word overlap	0.857143	473	0.3151	232.0	0.4905
Word overlap	0.8	474	0.3158	233.0	0.4916
Word overlap	0.777778	477	0.3178	233.0	0.4885
Word overlap	0.75	483	0.3218	236.0	0.4886
Word overlap	0.714286	485	0.3231	236.0	0.4866
Word overlap	0.666667	500	0.3331	246.0	0.492
Word overlap	0.6	515	0.3431	251.0	0.4874
Word overlap	0.571429	517	0.3444	252.0	0.4874
Word overlap	0.5	628	0.4184	305.0	0.4857
Word overlap	0.333333	711	0.4737	332.6666666666667	0.4679
Word overlap	0.25	1368	0.9114	496.9166666666667	0.3632
Word overlap	0.125	1441	0.96	506.0416666666667	0.3512
Word overlap	0.111111	1501	1.0	512.7083333333334	0.3416
GLM-5.3 Flash	1.0	39	0.026	39.0	1.0
GLM-5.3 Flash	0.99	387	0.2578	387.0	1.0
GLM-5.3 Flash	0.98	634	0.4224	633.0	0.9984
GLM-5.3 Flash	0.97	714	0.4757	713.0	0.9986
GLM-5.3 Flash	0.95	1158	0.7715	1149.0	0.9922
GLM-5.3 Flash	0.92	1163	0.7748	1154.0	0.9923
GLM-5.3 Flash	0.9	1317	0.8774	1301.0	0.9879
GLM-5.3 Flash	0.85	1405	0.936	1383.0	0.9843
GLM-5.3 Flash	0.8	1429	0.952	1404.0	0.9825
GLM-5.3 Flash	0.75	1446	0.9634	1418.0	0.9806
GLM-5.3 Flash	0.7	1462	0.974	1429.0	0.9774
GLM-5.3 Flash	0.65	1464	0.9753	1430.0	0.9768
GLM-5.3 Flash	0.6	1488	0.9913	1446.0	0.9718
GLM-5.3 Flash	0.55	1495	0.996	1449.0	0.9692
GLM-5.3 Flash	0.5	1498	0.998	1450.0	0.968
GLM-5.3 Flash	0.4	1500	0.9993	1451.0	0.9673
GLM-5.3 Flash	0.2	1501	1.0	1451.3333333333333	0.9669
Laya	1.0	3	0.002	2.0	0.6667
Laya	0.9999	6	0.004	5.0	0.8333
Laya	0.9998	7	0.0047	6.0	0.8571
Laya	0.9997	8	0.0053	6.0	0.75
Laya	0.9995	10	0.0067	7.0	0.7
Laya	0.9994	11	0.0073	8.0	0.7273
Laya	0.9991	12	0.008	9.0	0.75
Laya	0.9988	13	0.0087	9.0	0.6923
Laya	0.9986	14	0.0093	10.0	0.7143
Laya	0.9971	16	0.0107	10.0	0.625
Laya	0.9885	17	0.0113	11.0	0.6471
Laya	0.9871	18	0.012	12.0	0.6667
Laya	0.9833	19	0.0127	13.0	0.6842
Laya	0.9824	20	0.0133	13.0	0.65
Laya	0.98	21	0.014	14.0	0.6667
Laya	0.976	22	0.0147	15.0	0.6818
Laya	0.974	23	0.0153	16.0	0.6957
Laya	0.9735	24	0.016	16.0	0.6667
Laya	0.9728	25	0.0167	17.0	0.68
Laya	0.9726	26	0.0173	17.0	0.6538
Laya	0.9715	27	0.018	17.0	0.6296
Laya	0.9707	28	0.0187	17.0	0.6071
Laya	0.9693	29	0.0193	18.0	0.6207
Laya	0.9666	30	0.02	19.0	0.6333
Laya	0.9658	32	0.0213	19.0	0.5938
Laya	0.9636	33	0.022	20.0	0.6061
Laya	0.9627	34	0.0227	21.0	0.6176
Laya	0.9612	35	0.0233	21.0	0.6
Laya	0.961	37	0.0247	23.0	0.6216
Laya	0.9604	38	0.0253	24.0	0.6316
Laya	0.9588	39	0.026	24.0	0.6154
Laya	0.9564	40	0.0266	25.0	0.625
Laya	0.9563	41	0.0273	26.0	0.6341
Laya	0.9548	42	0.028	27.0	0.6429
Laya	0.9535	43	0.0286	28.0	0.6512
Laya	0.9526	44	0.0293	28.0	0.6364
Laya	0.9525	45	0.03	29.0	0.6444
Laya	0.9509	46	0.0306	29.0	0.6304
Laya	0.9508	47	0.0313	30.0	0.6383
Laya	0.949	48	0.032	30.0	0.625
Laya	0.9462	49	0.0326	30.0	0.6122
Laya	0.9436	50	0.0333	30.0	0.6
Laya	0.9434	51	0.034	31.0	0.6078
Laya	0.9415	52	0.0346	31.0	0.5962
Laya	0.9397	53	0.0353	31.0	0.5849
Laya	0.9393	54	0.036	31.0	0.5741
Laya	0.9371	55	0.0366	32.0	0.5818
Laya	0.9361	56	0.0373	33.0	0.5893
Laya	0.9345	57	0.038	34.0	0.5965
Laya	0.9342	58	0.0386	35.0	0.6034
Laya	0.9336	59	0.0393	35.0	0.5932
Laya	0.9334	60	0.04	35.0	0.5833
Laya	0.9327	61	0.0406	36.0	0.5902
Laya	0.9326	62	0.0413	36.0	0.5806
Laya	0.9324	63	0.042	37.0	0.5873
Laya	0.931	64	0.0426	37.0	0.5781
Laya	0.9278	65	0.0433	38.0	0.5846
Laya	0.9266	66	0.044	38.0	0.5758
Laya	0.9255	67	0.0446	39.0	0.5821
Laya	0.9254	68	0.0453	39.0	0.5735
Laya	0.9246	69	0.046	40.0	0.5797
Laya	0.9241	70	0.0466	41.0	0.5857
Laya	0.9221	71	0.0473	42.0	0.5915
Laya	0.9213	72	0.048	42.0	0.5833
Laya	0.9171	73	0.0486	43.0	0.589
Laya	0.9163	74	0.0493	43.0	0.5811
Laya	0.9151	75	0.05	43.0	0.5733
Laya	0.9145	76	0.0506	44.0	0.5789
Laya	0.9141	77	0.0513	45.0	0.5844
Laya	0.9127	78	0.052	46.0	0.5897
Laya	0.9122	80	0.0533	48.0	0.6
Laya	0.9111	81	0.054	48.0	0.5926
Laya	0.9105	82	0.0546	49.0	0.5976
Laya	0.9101	83	0.0553	50.0	0.6024
Laya	0.9084	84	0.056	51.0	0.6071
Laya	0.9083	85	0.0566	51.0	0.6
Laya	0.9081	86	0.0573	52.0	0.6047
Laya	0.908	87	0.058	52.0	0.5977
Laya	0.9072	88	0.0586	53.0	0.6023
Laya	0.9068	89	0.0593	53.0	0.5955
Laya	0.9067	90	0.06	54.0	0.6
Laya	0.9066	91	0.0606	55.0	0.6044
Laya	0.9055	92	0.0613	55.0	0.5978
Laya	0.9049	93	0.062	55.0	0.5914
Laya	0.9017	94	0.0626	56.0	0.5957
Laya	0.9014	95	0.0633	57.0	0.6
Laya	0.9012	96	0.064	58.0	0.6042
Laya	0.9009	97	0.0646	58.0	0.5979
Laya	0.9006	98	0.0653	59.0	0.602
Laya	0.9001	99	0.066	60.0	0.6061
Laya	0.8991	100	0.0666	60.0	0.6
Laya	0.8961	102	0.068	61.0	0.598
Laya	0.8958	103	0.0686	62.0	0.6019
Laya	0.8937	104	0.0693	62.0	0.5962
Laya	0.8921	105	0.07	63.0	0.6
Laya	0.8906	106	0.0706	64.0	0.6038
Laya	0.8891	107	0.0713	64.0	0.5981
Laya	0.889	108	0.072	65.0	0.6019
Laya	0.8885	109	0.0726	66.0	0.6055
Laya	0.887	110	0.0733	67.0	0.6091
Laya	0.8862	111	0.074	68.0	0.6126
Laya	0.8861	112	0.0746	69.0	0.6161
Laya	0.8854	113	0.0753	70.0	0.6195
Laya	0.8851	114	0.0759	71.0	0.6228
Laya	0.885	115	0.0766	72.0	0.6261
Laya	0.8834	116	0.0773	73.0	0.6293
Laya	0.883	117	0.0779	73.0	0.6239
Laya	0.8814	118	0.0786	73.0	0.6186
Laya	0.8813	119	0.0793	73.0	0.6134
Laya	0.8809	120	0.0799	74.0	0.6167
Laya	0.8807	121	0.0806	75.0	0.6198
Laya	0.8803	122	0.0813	76.0	0.623
Laya	0.88	123	0.0819	77.0	0.626
Laya	0.8797	124	0.0826	77.0	0.621
Laya	0.8791	125	0.0833	78.0	0.624
Laya	0.879	126	0.0839	78.0	0.619
Laya	0.8789	127	0.0846	79.0	0.622
Laya	0.8783	128	0.0853	80.0	0.625
Laya	0.8765	129	0.0859	81.0	0.6279
Laya	0.8764	130	0.0866	82.0	0.6308
Laya	0.8763	132	0.0879	83.0	0.6288
Laya	0.876	133	0.0886	84.0	0.6316
Laya	0.8755	134	0.0893	85.0	0.6343
Laya	0.8749	135	0.0899	86.0	0.637
Laya	0.8745	136	0.0906	86.0	0.6324
Laya	0.8738	137	0.0913	86.0	0.6277
Laya	0.8727	139	0.0926	87.0	0.6259
Laya	0.8724	140	0.0933	88.0	0.6286
Laya	0.8723	142	0.0946	88.0	0.6197
Laya	0.8718	143	0.0953	88.0	0.6154
Laya	0.8713	144	0.0959	89.0	0.6181
Laya	0.8701	145	0.0966	90.0	0.6207
Laya	0.8697	146	0.0973	90.0	0.6164
Laya	0.8691	147	0.0979	90.0	0.6122
Laya	0.8689	148	0.0986	91.0	0.6149
Laya	0.8688	149	0.0993	92.0	0.6174
Laya	0.8676	150	0.0999	92.0	0.6133
Laya	0.8672	151	0.1006	93.0	0.6159
Laya	0.8669	153	0.1019	95.0	0.6209
Laya	0.8666	154	0.1026	95.0	0.6169
Laya	0.8647	155	0.1033	95.0	0.6129
Laya	0.8644	156	0.1039	96.0	0.6154
Laya	0.8638	157	0.1046	96.0	0.6115
Laya	0.8635	158	0.1053	96.0	0.6076
Laya	0.8629	159	0.1059	97.0	0.6101
Laya	0.8622	160	0.1066	98.0	0.6125
Laya	0.8585	161	0.1073	99.0	0.6149
Laya	0.8578	162	0.1079	100.0	0.6173
Laya	0.8555	163	0.1086	100.0	0.6135
Laya	0.854	164	0.1093	101.0	0.6159
Laya	0.8515	165	0.1099	101.0	0.6121
Laya	0.8502	166	0.1106	101.0	0.6084
Laya	0.8469	167	0.1113	102.0	0.6108
Laya	0.8458	168	0.1119	102.0	0.6071
Laya	0.8449	169	0.1126	102.0	0.6036
Laya	0.8443	170	0.1133	103.0	0.6059
Laya	0.8442	171	0.1139	103.0	0.6023
Laya	0.844	172	0.1146	104.0	0.6047
Laya	0.8437	173	0.1153	104.0	0.6012
Laya	0.8426	174	0.1159	105.0	0.6034
Laya	0.8423	175	0.1166	105.0	0.6
Laya	0.8404	176	0.1173	106.0	0.6023
Laya	0.84	178	0.1186	107.0	0.6011
Laya	0.8396	179	0.1193	108.0	0.6034
Laya	0.8392	180	0.1199	109.0	0.6056
Laya	0.8376	181	0.1206	110.0	0.6077
Laya	0.8373	183	0.1219	112.0	0.612
Laya	0.8367	184	0.1226	113.0	0.6141
Laya	0.8364	185	0.1233	113.0	0.6108
Laya	0.8361	186	0.1239	114.0	0.6129
Laya	0.8351	187	0.1246	114.0	0.6096
Laya	0.8344	188	0.1252	115.0	0.6117
Laya	0.834	189	0.1259	115.0	0.6085
Laya	0.833	190	0.1266	116.0	0.6105
Laya	0.8294	191	0.1272	117.0	0.6126
Laya	0.829	192	0.1279	117.0	0.6094
Laya	0.8275	193	0.1286	118.0	0.6114
Laya	0.8269	194	0.1292	119.0	0.6134
Laya	0.8267	195	0.1299	120.0	0.6154
Laya	0.8264	196	0.1306	121.0	0.6173
Laya	0.8253	197	0.1312	121.0	0.6142
Laya	0.8243	198	0.1319	122.0	0.6162
Laya	0.8236	199	0.1326	123.0	0.6181
Laya	0.8216	200	0.1332	123.0	0.615
Laya	0.8205	202	0.1346	123.0	0.6089
Laya	0.8196	203	0.1352	123.0	0.6059
Laya	0.8164	204	0.1359	123.0	0.6029
Laya	0.8157	206	0.1372	125.0	0.6068
Laya	0.8125	207	0.1379	125.0	0.6039
Laya	0.81	208	0.1386	126.0	0.6058
Laya	0.8093	210	0.1399	128.0	0.6095
Laya	0.8091	211	0.1406	129.0	0.6114
Laya	0.8071	212	0.1412	130.0	0.6132
Laya	0.8053	213	0.1419	131.0	0.615
Laya	0.8029	214	0.1426	131.0	0.6121
Laya	0.7998	215	0.1432	131.0	0.6093
Laya	0.7996	216	0.1439	131.0	0.6065
Laya	0.7967	217	0.1446	132.0	0.6083
Laya	0.7963	218	0.1452	132.0	0.6055
Laya	0.7956	219	0.1459	132.0	0.6027
Laya	0.7947	220	0.1466	133.0	0.6045
Laya	0.7944	221	0.1472	133.0	0.6018
Laya	0.7911	222	0.1479	134.0	0.6036
Laya	0.7907	223	0.1486	135.0	0.6054
Laya	0.7894	224	0.1492	136.0	0.6071
Laya	0.7891	225	0.1499	136.0	0.6044
Laya	0.7877	226	0.1506	136.0	0.6018
Laya	0.7875	227	0.1512	136.0	0.5991
Laya	0.7871	229	0.1526	136.0	0.5939
Laya	0.7848	230	0.1532	136.0	0.5913
Laya	0.784	231	0.1539	136.0	0.5887
Laya	0.7835	232	0.1546	136.0	0.5862
Laya	0.7829	233	0.1552	137.0	0.588
Laya	0.7822	234	0.1559	138.0	0.5897
Laya	0.7813	235	0.1566	139.0	0.5915
Laya	0.7806	237	0.1579	140.0	0.5907
Laya	0.7805	238	0.1586	140.0	0.5882
Laya	0.7798	239	0.1592	141.0	0.59
Laya	0.7794	240	0.1599	141.0	0.5875
Laya	0.7777	241	0.1606	142.0	0.5892
Laya	0.776	242	0.1612	143.0	0.5909
Laya	0.7757	243	0.1619	144.0	0.5926
Laya	0.7746	244	0.1626	145.0	0.5943
Laya	0.7745	245	0.1632	146.0	0.5959
Laya	0.7743	246	0.1639	147.0	0.5976
Laya	0.7734	247	0.1646	147.0	0.5951
Laya	0.7732	248	0.1652	148.0	0.5968
Laya	0.7729	249	0.1659	148.0	0.5944
Laya	0.7722	250	0.1666	148.0	0.592
Laya	0.7721	251	0.1672	149.0	0.5936
Laya	0.7713	252	0.1679	150.0	0.5952
Laya	0.7708	253	0.1686	150.0	0.5929
Laya	0.7701	254	0.1692	151.0	0.5945
Laya	0.7699	255	0.1699	151.0	0.5922
Laya	0.7696	256	0.1706	152.0	0.5938
Laya	0.7692	257	0.1712	152.0	0.5914
Laya	0.7687	259	0.1726	153.0	0.5907
Laya	0.7674	260	0.1732	153.0	0.5885
Laya	0.7667	261	0.1739	153.0	0.5862
Laya	0.7665	262	0.1746	153.0	0.584
Laya	0.7661	263	0.1752	154.0	0.5856
Laya	0.7644	264	0.1759	154.0	0.5833
Laya	0.7619	265	0.1765	155.0	0.5849
Laya	0.7596	266	0.1772	156.0	0.5865
Laya	0.7568	267	0.1779	156.0	0.5843
Laya	0.7565	268	0.1785	157.0	0.5858
Laya	0.7557	269	0.1792	157.0	0.5836
Laya	0.7533	270	0.1799	157.0	0.5815
Laya	0.7528	271	0.1805	157.0	0.5793
Laya	0.7516	272	0.1812	157.0	0.5772
Laya	0.7513	273	0.1819	157.0	0.5751
Laya	0.7491	274	0.1825	158.0	0.5766
Laya	0.748	275	0.1832	159.0	0.5782
Laya	0.7477	277	0.1845	160.0	0.5776
Laya	0.7473	279	0.1859	162.0	0.5806
Laya	0.7466	280	0.1865	162.0	0.5786
Laya	0.7446	281	0.1872	163.0	0.5801
Laya	0.7429	282	0.1879	163.0	0.578
Laya	0.7399	283	0.1885	164.0	0.5795
Laya	0.7375	284	0.1892	165.0	0.581
Laya	0.7367	285	0.1899	165.0	0.5789
Laya	0.7358	286	0.1905	166.0	0.5804
Laya	0.7347	287	0.1912	167.0	0.5819
Laya	0.7343	288	0.1919	167.0	0.5799
Laya	0.7327	290	0.1932	169.0	0.5828
Laya	0.7323	291	0.1939	170.0	0.5842
Laya	0.7311	292	0.1945	171.0	0.5856
Laya	0.7308	293	0.1952	172.0	0.587
Laya	0.729	294	0.1959	173.0	0.5884
Laya	0.7289	295	0.1965	173.0	0.5864
Laya	0.7282	296	0.1972	173.0	0.5845
Laya	0.7274	298	0.1985	173.0	0.5805
Laya	0.7252	299	0.1992	174.0	0.5819
Laya	0.7201	300	0.1999	174.0	0.58
Laya	0.72	301	0.2005	175.0	0.5814
Laya	0.718	302	0.2012	176.0	0.5828
Laya	0.7178	303	0.2019	177.0	0.5842
Laya	0.7166	304	0.2025	177.0	0.5822
Laya	0.7145	305	0.2032	178.0	0.5836
Laya	0.7143	306	0.2039	178.0	0.5817
Laya	0.7141	307	0.2045	178.0	0.5798
Laya	0.714	308	0.2052	178.0	0.5779
Laya	0.7134	309	0.2059	178.0	0.5761
Laya	0.7133	310	0.2065	178.0	0.5742
Laya	0.7125	311	0.2072	178.0	0.5723
Laya	0.7121	312	0.2079	179.0	0.5737
Laya	0.7095	313	0.2085	179.0	0.5719
Laya	0.7091	314	0.2092	179.0	0.5701
Laya	0.7085	315	0.2099	180.0	0.5714
Laya	0.7082	316	0.2105	180.0	0.5696
Laya	0.7079	317	0.2112	181.0	0.571
Laya	0.7074	318	0.2119	182.0	0.5723
Laya	0.7072	320	0.2132	183.0	0.5719
Laya	0.7068	321	0.2139	184.0	0.5732
Laya	0.705	322	0.2145	184.0	0.5714
Laya	0.7041	323	0.2152	184.0	0.5697
Laya	0.7037	324	0.2159	184.0	0.5679
Laya	0.7025	325	0.2165	184.0	0.5662
Laya	0.7005	326	0.2172	185.0	0.5675
Laya	0.7003	327	0.2179	185.0	0.5657
Laya	0.6992	328	0.2185	186.0	0.5671
Laya	0.6949	329	0.2192	186.0	0.5653
Laya	0.6941	330	0.2199	187.0	0.5667
Laya	0.693	331	0.2205	188.0	0.568
Laya	0.6916	332	0.2212	189.0	0.5693
Laya	0.6909	333	0.2219	190.0	0.5706
Laya	0.6897	334	0.2225	191.0	0.5719
Laya	0.6865	335	0.2232	192.0	0.5731
Laya	0.6839	336	0.2239	192.0	0.5714
Laya	0.6837	337	0.2245	192.0	0.5697
Laya	0.683	338	0.2252	192.0	0.568
Laya	0.6826	339	0.2258	193.0	0.5693
Laya	0.6822	341	0.2272	195.0	0.5718
Laya	0.6808	342	0.2278	195.0	0.5702
Laya	0.6803	343	0.2285	195.0	0.5685
Laya	0.6793	344	0.2292	195.0	0.5669
Laya	0.6766	345	0.2298	196.0	0.5681
Laya	0.6762	346	0.2305	196.0	0.5665
Laya	0.6761	347	0.2312	196.0	0.5648
Laya	0.6726	348	0.2318	196.0	0.5632
Laya	0.671	349	0.2325	196.0	0.5616
Laya	0.6709	350	0.2332	197.0	0.5629
Laya	0.6693	351	0.2338	197.0	0.5613
Laya	0.6679	352	0.2345	197.0	0.5597
Laya	0.6668	353	0.2352	198.0	0.5609
Laya	0.6657	354	0.2358	199.0	0.5621
Laya	0.6655	355	0.2365	199.0	0.5606
Laya	0.6646	356	0.2372	199.0	0.559
Laya	0.6636	357	0.2378	199.0	0.5574
Laya	0.6616	359	0.2392	200.0	0.5571
Laya	0.6602	360	0.2398	200.0	0.5556
Laya	0.6585	361	0.2405	201.0	0.5568
Laya	0.6582	362	0.2412	202.0	0.558
Laya	0.6575	363	0.2418	202.0	0.5565
Laya	0.6562	364	0.2425	203.0	0.5577
Laya	0.6557	365	0.2432	203.0	0.5562
Laya	0.6551	366	0.2438	204.0	0.5574
Laya	0.6542	367	0.2445	205.0	0.5586
Laya	0.6537	368	0.2452	205.0	0.5571
Laya	0.6533	369	0.2458	205.0	0.5556
Laya	0.6466	370	0.2465	205.0	0.5541
Laya	0.6464	371	0.2472	205.0	0.5526
Laya	0.6454	372	0.2478	205.0	0.5511
Laya	0.645	373	0.2485	205.0	0.5496
Laya	0.6445	374	0.2492	205.0	0.5481
Laya	0.6442	375	0.2498	206.0	0.5493
Laya	0.6438	376	0.2505	206.0	0.5479
Laya	0.6435	377	0.2512	207.0	0.5491
Laya	0.6423	378	0.2518	208.0	0.5503
Laya	0.6419	379	0.2525	209.0	0.5515
Laya	0.6413	380	0.2532	209.0	0.55
Laya	0.6412	381	0.2538	210.0	0.5512
Laya	0.6376	382	0.2545	210.0	0.5497
Laya	0.6372	383	0.2552	211.0	0.5509
Laya	0.6354	384	0.2558	212.0	0.5521
Laya	0.6345	385	0.2565	212.0	0.5506
Laya	0.6338	387	0.2578	213.0	0.5504
Laya	0.6334	388	0.2585	214.0	0.5515
Laya	0.6317	389	0.2592	214.0	0.5501
Laya	0.6316	390	0.2598	214.0	0.5487
Laya	0.6313	391	0.2605	214.0	0.5473
Laya	0.631	392	0.2612	215.0	0.5485
Laya	0.6309	393	0.2618	216.0	0.5496
Laya	0.6296	394	0.2625	216.0	0.5482
Laya	0.6295	395	0.2632	216.0	0.5468
Laya	0.6293	396	0.2638	216.0	0.5455
Laya	0.6289	397	0.2645	217.0	0.5466
Laya	0.6281	398	0.2652	217.0	0.5452
Laya	0.6279	399	0.2658	218.0	0.5464
Laya	0.6277	400	0.2665	219.0	0.5475
Laya	0.6272	401	0.2672	220.0	0.5486
Laya	0.626	402	0.2678	220.0	0.5473
Laya	0.6257	403	0.2685	220.0	0.5459
Laya	0.6253	404	0.2692	221.0	0.547
Laya	0.6246	406	0.2705	221.0	0.5443
Laya	0.624	407	0.2712	221.0	0.543
Laya	0.6238	408	0.2718	221.0	0.5417
Laya	0.6223	409	0.2725	222.0	0.5428
Laya	0.6216	410	0.2732	223.0	0.5439
Laya	0.6213	412	0.2745	224.0	0.5437
Laya	0.6207	414	0.2758	224.0	0.5411
Laya	0.62	415	0.2765	224.0	0.5398
Laya	0.6198	416	0.2771	225.0	0.5409
Laya	0.6196	417	0.2778	225.0	0.5396
Laya	0.6192	418	0.2785	225.0	0.5383
Laya	0.6188	419	0.2791	225.0	0.537
Laya	0.6186	420	0.2798	226.0	0.5381
Laya	0.6181	421	0.2805	227.0	0.5392
Laya	0.6165	422	0.2811	227.0	0.5379
Laya	0.6157	423	0.2818	228.0	0.539
Laya	0.6155	424	0.2825	229.0	0.5401
Laya	0.6152	425	0.2831	229.0	0.5388
Laya	0.6151	426	0.2838	230.0	0.5399
Laya	0.6147	428	0.2851	231.0	0.5397
Laya	0.6144	429	0.2858	232.0	0.5408
Laya	0.6142	430	0.2865	232.0	0.5395
Laya	0.6136	431	0.2871	232.0	0.5383
Laya	0.6133	432	0.2878	232.0	0.537
Laya	0.6131	433	0.2885	232.0	0.5358
Laya	0.6103	434	0.2891	232.0	0.5346
Laya	0.6092	435	0.2898	232.0	0.5333
Laya	0.6079	436	0.2905	233.0	0.5344
Laya	0.6075	438	0.2918	234.0	0.5342
Laya	0.6062	439	0.2925	235.0	0.5353
Laya	0.6059	440	0.2931	236.0	0.5364
Laya	0.6043	441	0.2938	236.0	0.5351
Laya	0.6031	442	0.2945	237.0	0.5362
Laya	0.6028	443	0.2951	237.0	0.535
Laya	0.6027	444	0.2958	238.0	0.536
Laya	0.602	445	0.2965	239.0	0.5371
Laya	0.6007	446	0.2971	240.0	0.5381
Laya	0.6	447	0.2978	240.0	0.5369
Laya	0.5987	448	0.2985	240.0	0.5357
Laya	0.5984	449	0.2991	241.0	0.5367
Laya	0.5979	450	0.2998	241.0	0.5356
Laya	0.5975	451	0.3005	241.0	0.5344
Laya	0.5973	455	0.3031	243.0	0.5341
Laya	0.597	456	0.3038	244.0	0.5351
Laya	0.5966	457	0.3045	244.0	0.5339
Laya	0.5965	458	0.3051	244.0	0.5328
Laya	0.5962	459	0.3058	244.0	0.5316
Laya	0.5953	460	0.3065	244.0	0.5304
Laya	0.5949	462	0.3078	245.0	0.5303
Laya	0.593	464	0.3091	247.0	0.5323
Laya	0.5927	465	0.3098	247.0	0.5312
Laya	0.5919	466	0.3105	247.0	0.53
Laya	0.5915	467	0.3111	247.0	0.5289
Laya	0.5914	468	0.3118	247.0	0.5278
Laya	0.5904	469	0.3125	247.0	0.5267
Laya	0.59	470	0.3131	247.0	0.5255
Laya	0.5888	471	0.3138	248.0	0.5265
Laya	0.5867	472	0.3145	248.0	0.5254
Laya	0.5857	473	0.3151	248.0	0.5243
Laya	0.5855	474	0.3158	248.0	0.5232
Laya	0.5853	475	0.3165	249.0	0.5242
Laya	0.585	476	0.3171	249.0	0.5231
Laya	0.5847	477	0.3178	250.0	0.5241
Laya	0.584	478	0.3185	251.0	0.5251
Laya	0.5836	479	0.3191	252.0	0.5261
Laya	0.5819	480	0.3198	252.0	0.525
Laya	0.5812	481	0.3205	252.0	0.5239
Laya	0.5809	482	0.3211	253.0	0.5249
Laya	0.5808	483	0.3218	253.0	0.5238
Laya	0.5805	485	0.3231	253.0	0.5216
Laya	0.5803	486	0.3238	253.0	0.5206
Laya	0.5794	487	0.3245	254.0	0.5216
Laya	0.5786	488	0.3251	255.0	0.5225
Laya	0.5785	489	0.3258	256.0	0.5235
Laya	0.5776	490	0.3264	256.0	0.5224
Laya	0.577	492	0.3278	256.0	0.5203
Laya	0.5768	493	0.3284	257.0	0.5213
Laya	0.5764	494	0.3291	258.0	0.5223
Laya	0.5748	495	0.3298	259.0	0.5232
Laya	0.5746	496	0.3304	259.0	0.5222
Laya	0.5743	498	0.3318	259.0	0.5201
Laya	0.5739	499	0.3324	259.0	0.519
Laya	0.5736	500	0.3331	259.0	0.518
Laya	0.5727	501	0.3338	259.0	0.517
Laya	0.5726	502	0.3344	260.0	0.5179
Laya	0.5712	503	0.3351	261.0	0.5189
Laya	0.5711	504	0.3358	261.0	0.5179
Laya	0.5705	505	0.3364	261.0	0.5168
Laya	0.5704	506	0.3371	261.0	0.5158
Laya	0.5697	508	0.3384	261.0	0.5138
Laya	0.5695	509	0.3391	262.0	0.5147
Laya	0.5692	510	0.3398	262.0	0.5137
Laya	0.569	511	0.3404	263.0	0.5147
Laya	0.5688	512	0.3411	263.0	0.5137
Laya	0.5682	513	0.3418	263.0	0.5127
Laya	0.5673	515	0.3431	263.0	0.5107
Laya	0.567	516	0.3438	263.0	0.5097
Laya	0.5668	517	0.3444	264.0	0.5106
Laya	0.5665	519	0.3458	265.0	0.5106
Laya	0.5654	520	0.3464	265.0	0.5096
Laya	0.5652	521	0.3471	265.0	0.5086
Laya	0.5645	522	0.3478	266.0	0.5096
Laya	0.5643	523	0.3484	266.0	0.5086
Laya	0.5641	524	0.3491	267.0	0.5095
Laya	0.5637	525	0.3498	267.0	0.5086
Laya	0.5634	526	0.3504	267.0	0.5076
Laya	0.5626	527	0.3511	267.0	0.5066
Laya	0.5623	528	0.3518	268.0	0.5076
Laya	0.5621	529	0.3524	268.0	0.5066
Laya	0.5617	530	0.3531	269.0	0.5075
Laya	0.5616	531	0.3538	270.0	0.5085
Laya	0.5612	532	0.3544	270.0	0.5075
Laya	0.5608	534	0.3558	270.0	0.5056
Laya	0.5591	535	0.3564	270.0	0.5047
Laya	0.5586	536	0.3571	270.0	0.5037
Laya	0.5585	537	0.3578	270.0	0.5028
Laya	0.5584	538	0.3584	271.0	0.5037
Laya	0.5582	539	0.3591	271.0	0.5028
Laya	0.558	540	0.3598	271.0	0.5019
Laya	0.5579	541	0.3604	272.0	0.5028
Laya	0.5575	542	0.3611	273.0	0.5037
Laya	0.556	543	0.3618	273.0	0.5028
Laya	0.5559	544	0.3624	274.0	0.5037
Laya	0.5553	545	0.3631	274.0	0.5028
Laya	0.5531	546	0.3638	274.0	0.5018
Laya	0.5529	547	0.3644	275.0	0.5027
Laya	0.5518	548	0.3651	275.0	0.5018
Laya	0.5508	549	0.3658	275.0	0.5009
Laya	0.5501	551	0.3671	276.0	0.5009
Laya	0.5496	552	0.3678	276.0	0.5
Laya	0.5491	553	0.3684	276.0	0.4991
Laya	0.5486	554	0.3691	277.0	0.5
Laya	0.5484	555	0.3698	278.0	0.5009
Laya	0.5478	556	0.3704	278.0	0.5
Laya	0.5475	557	0.3711	278.0	0.4991
Laya	0.5473	558	0.3718	279.0	0.5
Laya	0.5464	559	0.3724	279.0	0.4991
Laya	0.5459	560	0.3731	280.0	0.5
Laya	0.5454	561	0.3738	280.0	0.4991
Laya	0.5449	562	0.3744	280.0	0.4982
Laya	0.5444	563	0.3751	281.0	0.4991
Laya	0.5441	564	0.3757	282.0	0.5
Laya	0.5438	565	0.3764	282.0	0.4991
Laya	0.5428	566	0.3771	282.0	0.4982
Laya	0.5425	567	0.3777	282.0	0.4974
Laya	0.5423	568	0.3784	283.0	0.4982
Laya	0.5421	569	0.3791	283.0	0.4974
Laya	0.5411	570	0.3797	283.0	0.4965
Laya	0.5406	571	0.3804	284.0	0.4974
Laya	0.5393	572	0.3811	284.0	0.4965
Laya	0.5383	573	0.3817	285.0	0.4974
Laya	0.5376	574	0.3824	285.0	0.4965
Laya	0.5373	575	0.3831	285.0	0.4957
Laya	0.5372	576	0.3837	286.0	0.4965
Laya	0.5367	577	0.3844	286.0	0.4957
Laya	0.5364	578	0.3851	286.0	0.4948
Laya	0.5359	579	0.3857	287.0	0.4957
Laya	0.5357	580	0.3864	288.0	0.4966
Laya	0.5356	582	0.3877	289.0	0.4966
Laya	0.5355	583	0.3884	290.0	0.4974
Laya	0.5354	584	0.3891	290.0	0.4966
Laya	0.5351	585	0.3897	290.0	0.4957
Laya	0.5348	586	0.3904	291.0	0.4966
Laya	0.5341	587	0.3911	291.0	0.4957
Laya	0.5339	588	0.3917	291.0	0.4949
Laya	0.5324	589	0.3924	292.0	0.4958
Laya	0.5322	590	0.3931	293.0	0.4966
Laya	0.5319	591	0.3937	293.0	0.4958
Laya	0.5317	592	0.3944	293.0	0.4949
Laya	0.5315	593	0.3951	293.0	0.4941
Laya	0.5312	594	0.3957	293.0	0.4933
Laya	0.531	595	0.3964	293.0	0.4924
Laya	0.5309	596	0.3971	294.0	0.4933
Laya	0.5308	597	0.3977	294.0	0.4925
Laya	0.5298	598	0.3984	295.0	0.4933
Laya	0.5297	599	0.3991	295.0	0.4925
Laya	0.5294	600	0.3997	296.0	0.4933
Laya	0.5285	601	0.4004	297.0	0.4942
Laya	0.5283	602	0.4011	297.0	0.4934
Laya	0.5279	603	0.4017	298.0	0.4942
Laya	0.5278	604	0.4024	298.0	0.4934
Laya	0.5274	605	0.4031	299.0	0.4942
Laya	0.5271	606	0.4037	299.0	0.4934
Laya	0.526	607	0.4044	299.0	0.4926
Laya	0.5258	608	0.4051	300.0	0.4934
Laya	0.5253	609	0.4057	301.0	0.4943
Laya	0.5244	610	0.4064	301.0	0.4934
Laya	0.5241	611	0.4071	301.0	0.4926
Laya	0.5235	612	0.4077	302.0	0.4935
Laya	0.5231	613	0.4084	302.0	0.4927
Laya	0.522	614	0.4091	303.0	0.4935
Laya	0.5214	615	0.4097	303.0	0.4927
Laya	0.5211	616	0.4104	303.0	0.4919
Laya	0.521	617	0.4111	304.0	0.4927
Laya	0.5208	618	0.4117	304.0	0.4919
Laya	0.5204	619	0.4124	304.0	0.4911
Laya	0.5197	620	0.4131	305.0	0.4919
Laya	0.5193	621	0.4137	306.0	0.4928
Laya	0.519	624	0.4157	308.0	0.4936
Laya	0.5187	625	0.4164	309.0	0.4944
Laya	0.5183	626	0.4171	310.0	0.4952
Laya	0.5182	627	0.4177	311.0	0.496
Laya	0.518	628	0.4184	312.0	0.4968
Laya	0.5179	629	0.4191	312.0	0.496
Laya	0.5178	630	0.4197	312.0	0.4952
Laya	0.5173	631	0.4204	313.0	0.496
Laya	0.5168	632	0.4211	313.0	0.4953
Laya	0.5165	633	0.4217	313.0	0.4945
Laya	0.5163	634	0.4224	313.0	0.4937
Laya	0.5161	635	0.4231	313.0	0.4929
Laya	0.5156	636	0.4237	313.0	0.4921
Laya	0.5153	638	0.425	315.0	0.4937
Laya	0.5152	640	0.4264	315.0	0.4922
Laya	0.5151	642	0.4277	315.0	0.4907
Laya	0.5148	643	0.4284	315.0	0.4899
Laya	0.5147	644	0.429	316.0	0.4907
Laya	0.5137	645	0.4297	316.0	0.4899
Laya	0.5134	646	0.4304	317.0	0.4907
Laya	0.5128	647	0.431	318.0	0.4915
Laya	0.5125	648	0.4317	318.0	0.4907
Laya	0.5121	649	0.4324	318.0	0.49
Laya	0.5116	650	0.433	319.0	0.4908
Laya	0.5115	651	0.4337	320.0	0.4916
Laya	0.511	652	0.4344	320.0	0.4908
Laya	0.5108	653	0.435	321.0	0.4916
Laya	0.5107	654	0.4357	321.0	0.4908
Laya	0.5106	655	0.4364	321.0	0.4901
Laya	0.5099	656	0.437	321.0	0.4893
Laya	0.5092	657	0.4377	322.0	0.4901
Laya	0.5089	658	0.4384	322.0	0.4894
Laya	0.5087	659	0.439	322.0	0.4886
Laya	0.5083	660	0.4397	322.0	0.4879
Laya	0.5075	661	0.4404	322.0	0.4871
Laya	0.5069	663	0.4417	324.0	0.4887
Laya	0.5066	664	0.4424	325.0	0.4895
Laya	0.5062	665	0.443	326.0	0.4902
Laya	0.5058	666	0.4437	326.0	0.4895
Laya	0.5057	668	0.445	326.0	0.488
Laya	0.5055	669	0.4457	326.0	0.4873
Laya	0.5053	670	0.4464	326.0	0.4866
Laya	0.5049	672	0.4477	327.0	0.4866
Laya	0.5042	673	0.4484	327.0	0.4859
Laya	0.5038	674	0.449	327.0	0.4852
Laya	0.5031	675	0.4497	327.0	0.4844
Laya	0.5029	676	0.4504	327.0	0.4837
Laya	0.5026	677	0.451	327.0	0.483
Laya	0.5024	678	0.4517	327.0	0.4823
Laya	0.5019	679	0.4524	327.0	0.4816
Laya	0.5017	680	0.453	328.0	0.4824
Laya	0.5003	681	0.4537	328.0	0.4816
Laya	0.5	682	0.4544	329.0	0.4824
Laya	0.4997	683	0.455	330.0	0.4832
Laya	0.4996	684	0.4557	330.0	0.4825
Laya	0.4989	686	0.457	331.0	0.4825
Laya	0.4986	687	0.4577	332.0	0.4833
Laya	0.4981	688	0.4584	332.0	0.4826
Laya	0.4975	689	0.459	332.0	0.4819
Laya	0.4971	690	0.4597	332.0	0.4812
Laya	0.4966	691	0.4604	333.0	0.4819
Laya	0.4964	692	0.461	333.0	0.4812
Laya	0.4955	693	0.4617	333.0	0.4805
Laya	0.495	694	0.4624	333.0	0.4798
Laya	0.494	695	0.463	334.0	0.4806
Laya	0.4932	696	0.4637	334.0	0.4799
Laya	0.4926	697	0.4644	334.0	0.4792
Laya	0.4917	698	0.465	335.0	0.4799
Laya	0.4916	699	0.4657	336.0	0.4807
Laya	0.4914	701	0.467	336.0	0.4793
Laya	0.4904	702	0.4677	337.0	0.4801
Laya	0.4902	703	0.4684	337.0	0.4794
Laya	0.4896	704	0.469	337.0	0.4787
Laya	0.4883	705	0.4697	337.0	0.478
Laya	0.4881	706	0.4704	337.0	0.4773
Laya	0.4871	707	0.471	337.0	0.4767
Laya	0.4868	708	0.4717	337.0	0.476
Laya	0.4867	709	0.4724	337.0	0.4753
Laya	0.4865	710	0.473	337.0	0.4746
Laya	0.4861	711	0.4737	337.0	0.474
Laya	0.4857	712	0.4744	338.0	0.4747
Laya	0.4851	713	0.475	338.0	0.4741
Laya	0.4847	714	0.4757	339.0	0.4748
Laya	0.4845	715	0.4763	339.0	0.4741
Laya	0.4835	716	0.477	339.0	0.4735
Laya	0.4832	717	0.4777	340.0	0.4742
Laya	0.4831	718	0.4783	340.0	0.4735
Laya	0.4828	719	0.479	341.0	0.4743
Laya	0.4823	720	0.4797	341.0	0.4736
Laya	0.4822	721	0.4803	341.0	0.473
Laya	0.4819	722	0.481	341.0	0.4723
Laya	0.4817	723	0.4817	342.0	0.473
Laya	0.4816	724	0.4823	343.0	0.4738
Laya	0.4814	725	0.483	343.0	0.4731
Laya	0.4813	726	0.4837	343.0	0.4725
Laya	0.4804	727	0.4843	343.0	0.4718
Laya	0.4803	728	0.485	343.0	0.4712
Laya	0.4799	729	0.4857	343.0	0.4705
Laya	0.4796	730	0.4863	343.0	0.4699
Laya	0.4789	731	0.487	343.0	0.4692
Laya	0.4786	732	0.4877	343.0	0.4686
Laya	0.478	733	0.4883	343.0	0.4679
Laya	0.4776	734	0.489	343.0	0.4673
Laya	0.4775	735	0.4897	343.0	0.4667
Laya	0.4774	736	0.4903	343.0	0.466
Laya	0.4771	737	0.491	343.0	0.4654
Laya	0.4759	738	0.4917	343.0	0.4648
Laya	0.4756	739	0.4923	344.0	0.4655
Laya	0.4755	740	0.493	344.0	0.4649
Laya	0.4746	741	0.4937	345.0	0.4656
Laya	0.4742	742	0.4943	345.0	0.465
Laya	0.4732	744	0.4957	346.0	0.4651
Laya	0.4728	745	0.4963	346.0	0.4644
Laya	0.472	747	0.4977	348.0	0.4659
Laya	0.4707	748	0.4983	349.0	0.4666
Laya	0.4706	749	0.499	349.0	0.466
Laya	0.4705	750	0.4997	350.0	0.4667
Laya	0.4704	751	0.5003	351.0	0.4674
Laya	0.4699	752	0.501	351.0	0.4668
Laya	0.4698	753	0.5017	351.0	0.4661
Laya	0.4695	754	0.5023	352.0	0.4668
Laya	0.4691	755	0.503	353.0	0.4675
Laya	0.469	756	0.5037	353.0	0.4669
Laya	0.4688	757	0.5043	353.0	0.4663
Laya	0.4687	758	0.505	353.0	0.4657
Laya	0.4686	759	0.5057	353.0	0.4651
Laya	0.4681	760	0.5063	353.0	0.4645
Laya	0.4673	761	0.507	353.0	0.4639
Laya	0.467	763	0.5083	355.0	0.4653
Laya	0.4668	764	0.509	355.0	0.4647
Laya	0.4664	765	0.5097	356.0	0.4654
Laya	0.4663	766	0.5103	356.0	0.4648
Laya	0.466	767	0.511	356.0	0.4641
Laya	0.4657	768	0.5117	356.0	0.4635
Laya	0.4655	769	0.5123	356.0	0.4629
Laya	0.4654	770	0.513	356.0	0.4623
Laya	0.4653	771	0.5137	356.0	0.4617
Laya	0.4652	772	0.5143	356.0	0.4611
Laya	0.4651	773	0.515	356.0	0.4605
Laya	0.465	774	0.5157	356.0	0.4599
Laya	0.4648	775	0.5163	356.0	0.4594
Laya	0.4647	776	0.517	356.0	0.4588
Laya	0.4632	778	0.5183	356.0	0.4576
Laya	0.4623	779	0.519	357.0	0.4583
Laya	0.4622	780	0.5197	357.0	0.4577
Laya	0.4621	781	0.5203	357.0	0.4571
Laya	0.462	782	0.521	357.0	0.4565
Laya	0.4612	783	0.5217	358.0	0.4572
Laya	0.4608	784	0.5223	359.0	0.4579
Laya	0.4607	786	0.5237	359.0	0.4567
Laya	0.4603	787	0.5243	359.0	0.4562
Laya	0.4599	788	0.525	359.0	0.4556
Laya	0.4596	789	0.5256	360.0	0.4563
Laya	0.4592	790	0.5263	360.0	0.4557
Laya	0.4587	791	0.527	360.0	0.4551
Laya	0.4585	792	0.5276	360.0	0.4545
Laya	0.458	793	0.5283	361.0	0.4552
Laya	0.4575	794	0.529	361.0	0.4547
Laya	0.4574	795	0.5296	361.0	0.4541
Laya	0.457	796	0.5303	361.0	0.4535
Laya	0.4567	797	0.531	361.0	0.4529
Laya	0.4566	798	0.5316	361.0	0.4524
Laya	0.4565	799	0.5323	361.0	0.4518
Laya	0.456	800	0.533	361.0	0.4512
Laya	0.4552	801	0.5336	361.0	0.4507
Laya	0.4543	802	0.5343	361.0	0.4501
Laya	0.4542	803	0.535	361.0	0.4496
Laya	0.4536	804	0.5356	361.0	0.449
Laya	0.4533	806	0.537	361.0	0.4479
Laya	0.4532	807	0.5376	361.0	0.4473
Laya	0.4528	808	0.5383	361.0	0.4468
Laya	0.4525	809	0.539	362.0	0.4475
Laya	0.4524	811	0.5403	363.0	0.4476
Laya	0.4514	812	0.541	363.0	0.447
Laya	0.4511	814	0.5423	365.0	0.4484
Laya	0.451	815	0.543	366.0	0.4491
Laya	0.4505	816	0.5436	366.0	0.4485
Laya	0.4498	817	0.5443	367.0	0.4492
Laya	0.4497	818	0.545	367.0	0.4487
Laya	0.4493	819	0.5456	368.0	0.4493
Laya	0.4478	820	0.5463	368.0	0.4488
Laya	0.4474	822	0.5476	370.0	0.4501
Laya	0.4473	824	0.549	370.0	0.449
Laya	0.4472	825	0.5496	370.0	0.4485
Laya	0.4463	827	0.551	370.0	0.4474
Laya	0.4462	828	0.5516	370.0	0.4469
Laya	0.4459	830	0.553	370.0	0.4458
Laya	0.4456	832	0.5543	370.0	0.4447
Laya	0.4455	833	0.555	370.0	0.4442
Laya	0.4451	834	0.5556	371.0	0.4448
Laya	0.4446	835	0.5563	371.0	0.4443
Laya	0.4445	836	0.557	372.0	0.445
Laya	0.4441	837	0.5576	372.0	0.4444
Laya	0.4437	838	0.5583	373.0	0.4451
Laya	0.4435	839	0.559	374.0	0.4458
Laya	0.4434	840	0.5596	374.0	0.4452
Laya	0.4433	841	0.5603	374.0	0.4447
Laya	0.4415	842	0.561	375.0	0.4454
Laya	0.4407	843	0.5616	375.0	0.4448
Laya	0.4399	844	0.5623	375.0	0.4443
Laya	0.4397	845	0.563	375.0	0.4438
Laya	0.4394	846	0.5636	375.0	0.4433
Laya	0.4389	848	0.565	375.0	0.4422
Laya	0.4388	850	0.5663	376.0	0.4424
Laya	0.4386	851	0.567	376.0	0.4418
Laya	0.4385	853	0.5683	376.0	0.4408
Laya	0.4379	854	0.569	376.0	0.4403
Laya	0.4376	856	0.5703	378.0	0.4416
Laya	0.4375	857	0.571	379.0	0.4422
Laya	0.4373	858	0.5716	379.0	0.4417
Laya	0.4372	859	0.5723	380.0	0.4424
Laya	0.4368	861	0.5736	380.0	0.4413
Laya	0.4367	863	0.575	380.0	0.4403
Laya	0.4363	864	0.5756	380.0	0.4398
Laya	0.4359	865	0.5763	380.0	0.4393
Laya	0.4347	866	0.5769	380.0	0.4388
Laya	0.4344	867	0.5776	380.0	0.4383
Laya	0.4337	868	0.5783	380.0	0.4378
Laya	0.4336	869	0.5789	380.0	0.4373
Laya	0.4334	870	0.5796	381.0	0.4379
Laya	0.433	871	0.5803	381.0	0.4374
Laya	0.4326	872	0.5809	381.0	0.4369
Laya	0.4325	874	0.5823	381.0	0.4359
Laya	0.4324	875	0.5829	381.0	0.4354
Laya	0.4319	877	0.5843	381.0	0.4344
Laya	0.4318	878	0.5849	381.0	0.4339
Laya	0.4317	879	0.5856	382.0	0.4346
Laya	0.4314	880	0.5863	383.0	0.4352
Laya	0.431	881	0.5869	384.0	0.4359
Laya	0.4308	882	0.5876	384.0	0.4354
Laya	0.4307	883	0.5883	385.0	0.436
Laya	0.4304	886	0.5903	386.0	0.4357
Laya	0.4301	887	0.5909	386.0	0.4352
Laya	0.43	888	0.5916	386.0	0.4347
Laya	0.4299	889	0.5923	386.0	0.4342
Laya	0.4297	890	0.5929	386.0	0.4337
Laya	0.4296	891	0.5936	387.0	0.4343
Laya	0.4295	892	0.5943	387.0	0.4339
Laya	0.429	893	0.5949	387.0	0.4334
Laya	0.4287	894	0.5956	387.0	0.4329
Laya	0.4286	895	0.5963	387.0	0.4324
Laya	0.4285	896	0.5969	388.0	0.433
Laya	0.4284	897	0.5976	389.0	0.4337
Laya	0.4283	898	0.5983	389.0	0.4332
Laya	0.4274	899	0.5989	390.0	0.4338
Laya	0.427	900	0.5996	390.0	0.4333
Laya	0.4269	901	0.6003	390.0	0.4329
Laya	0.4268	902	0.6009	391.0	0.4335
Laya	0.4267	903	0.6016	391.0	0.433
Laya	0.4259	904	0.6023	391.0	0.4325
Laya	0.4258	905	0.6029	391.0	0.432
Laya	0.4257	906	0.6036	392.0	0.4327
Laya	0.4254	907	0.6043	393.0	0.4333
Laya	0.4252	908	0.6049	393.0	0.4328
Laya	0.424	910	0.6063	394.0	0.433
Laya	0.4238	912	0.6076	395.0	0.4331
Laya	0.423	913	0.6083	395.0	0.4326
Laya	0.4229	914	0.6089	396.0	0.4333
Laya	0.4226	915	0.6096	396.0	0.4328
Laya	0.4225	916	0.6103	396.0	0.4323
Laya	0.4219	917	0.6109	397.0	0.4329
Laya	0.4214	918	0.6116	397.0	0.4325
Laya	0.4213	920	0.6129	398.0	0.4326
Laya	0.4209	923	0.6149	399.0	0.4323
Laya	0.4201	924	0.6156	399.0	0.4318
Laya	0.4193	925	0.6163	399.0	0.4314
Laya	0.4188	926	0.6169	399.0	0.4309
Laya	0.4182	927	0.6176	399.0	0.4304
Laya	0.4181	928	0.6183	400.0	0.431
Laya	0.4179	929	0.6189	400.0	0.4306
Laya	0.4175	930	0.6196	400.0	0.4301
Laya	0.4172	931	0.6203	401.0	0.4307
Laya	0.417	932	0.6209	402.0	0.4313
Laya	0.4167	935	0.6229	403.0	0.431
Laya	0.4163	936	0.6236	403.0	0.4306
Laya	0.4161	937	0.6243	404.0	0.4312
Laya	0.4158	938	0.6249	405.0	0.4318
Laya	0.4155	939	0.6256	406.0	0.4324
Laya	0.4154	940	0.6262	406.0	0.4319
Laya	0.4153	942	0.6276	406.0	0.431
Laya	0.415	943	0.6282	406.0	0.4305
Laya	0.4141	944	0.6289	406.0	0.4301
Laya	0.4138	945	0.6296	407.0	0.4307
Laya	0.4134	946	0.6302	407.0	0.4302
Laya	0.413	947	0.6309	407.0	0.4298
Laya	0.4127	948	0.6316	408.0	0.4304
Laya	0.4123	950	0.6329	409.0	0.4305
Laya	0.4122	953	0.6349	410.0	0.4302
Laya	0.412	954	0.6356	411.0	0.4308
Laya	0.4119	955	0.6362	411.0	0.4304
Laya	0.4115	956	0.6369	412.0	0.431
Laya	0.4114	957	0.6376	412.0	0.4305
Laya	0.4112	958	0.6382	412.0	0.4301
Laya	0.4107	959	0.6389	412.0	0.4296
Laya	0.4106	960	0.6396	413.0	0.4302
Laya	0.41	961	0.6402	414.0	0.4308
Laya	0.4098	963	0.6416	414.0	0.4299
Laya	0.4097	964	0.6422	414.0	0.4295
Laya	0.4094	965	0.6429	414.0	0.429
Laya	0.4086	966	0.6436	414.0	0.4286
Laya	0.4082	969	0.6456	416.0	0.4293
Laya	0.408	970	0.6462	417.0	0.4299
Laya	0.4078	971	0.6469	417.0	0.4295
Laya	0.4077	973	0.6482	418.0	0.4296
Laya	0.4076	974	0.6489	418.0	0.4292
Laya	0.4069	975	0.6496	419.0	0.4297
Laya	0.4065	976	0.6502	419.0	0.4293
Laya	0.4064	977	0.6509	419.0	0.4289
Laya	0.4063	978	0.6516	419.0	0.4284
Laya	0.4062	979	0.6522	419.0	0.428
Laya	0.4059	980	0.6529	419.0	0.4276
Laya	0.4058	981	0.6536	419.0	0.4271
Laya	0.4056	982	0.6542	419.0	0.4267
Laya	0.4052	983	0.6549	419.0	0.4262
Laya	0.4051	984	0.6556	420.0	0.4268
Laya	0.405	985	0.6562	420.0	0.4264
Laya	0.4043	986	0.6569	421.0	0.427
Laya	0.4036	987	0.6576	421.0	0.4265
Laya	0.4032	988	0.6582	421.0	0.4261
Laya	0.4024	989	0.6589	422.0	0.4267
Laya	0.4022	991	0.6602	422.0	0.4258
Laya	0.4018	992	0.6609	423.0	0.4264
Laya	0.4016	993	0.6616	423.0	0.426
Laya	0.4015	994	0.6622	423.0	0.4256
Laya	0.4012	995	0.6629	423.0	0.4251
Laya	0.4011	996	0.6636	424.0	0.4257
Laya	0.401	997	0.6642	424.0	0.4253
Laya	0.4009	998	0.6649	424.0	0.4248
Laya	0.4006	999	0.6656	424.0	0.4244
Laya	0.4003	1002	0.6676	426.0	0.4251
Laya	0.3998	1004	0.6689	427.0	0.4253
Laya	0.3997	1006	0.6702	427.0	0.4245
Laya	0.3994	1007	0.6709	427.0	0.424
Laya	0.3993	1008	0.6716	427.0	0.4236
Laya	0.3992	1009	0.6722	427.0	0.4232
Laya	0.3982	1010	0.6729	427.0	0.4228
Laya	0.3979	1011	0.6736	427.0	0.4224
Laya	0.3975	1012	0.6742	428.0	0.4229
Laya	0.3974	1013	0.6749	429.0	0.4235
Laya	0.3973	1014	0.6755	429.0	0.4231
Laya	0.3972	1015	0.6762	430.0	0.4236
Laya	0.3969	1018	0.6782	430.0	0.4224
Laya	0.3966	1019	0.6789	430.0	0.422
Laya	0.3962	1020	0.6795	430.0	0.4216
Laya	0.3958	1021	0.6802	430.0	0.4212
Laya	0.3955	1022	0.6809	430.0	0.4207
Laya	0.3953	1023	0.6815	431.0	0.4213
Laya	0.3952	1024	0.6822	431.0	0.4209
Laya	0.3947	1025	0.6829	431.0	0.4205
Laya	0.394	1026	0.6835	431.0	0.4201
Laya	0.3939	1027	0.6842	432.0	0.4206
Laya	0.3937	1028	0.6849	433.0	0.4212
Laya	0.3932	1029	0.6855	433.0	0.4208
Laya	0.3927	1030	0.6862	433.0	0.4204
Laya	0.3923	1031	0.6869	433.0	0.42
Laya	0.3922	1032	0.6875	433.0	0.4196
Laya	0.3919	1033	0.6882	434.0	0.4201
Laya	0.3917	1034	0.6889	434.0	0.4197
Laya	0.3915	1035	0.6895	434.0	0.4193
Laya	0.3914	1036	0.6902	434.0	0.4189
Laya	0.391	1038	0.6915	435.0	0.4191
Laya	0.3907	1039	0.6922	435.0	0.4187
Laya	0.3903	1040	0.6929	436.0	0.4192
Laya	0.3899	1042	0.6942	437.0	0.4194
Laya	0.3896	1044	0.6955	438.0	0.4195
Laya	0.3895	1045	0.6962	438.0	0.4191
Laya	0.3891	1046	0.6969	439.0	0.4197
Laya	0.3887	1049	0.6989	440.0	0.4194
Laya	0.3885	1051	0.7002	440.0	0.4186
Laya	0.3883	1052	0.7009	440.0	0.4183
Laya	0.388	1054	0.7022	441.0	0.4184
Laya	0.3874	1056	0.7035	441.0	0.4176
Laya	0.3872	1057	0.7042	441.0	0.4172
Laya	0.3866	1058	0.7049	442.0	0.4178
Laya	0.3865	1059	0.7055	442.0	0.4174
Laya	0.3862	1060	0.7062	442.0	0.417
Laya	0.3861	1062	0.7075	443.0	0.4171
Laya	0.3859	1064	0.7089	443.0	0.4164
Laya	0.3856	1065	0.7095	444.0	0.4169
Laya	0.3849	1066	0.7102	444.0	0.4165
Laya	0.3845	1067	0.7109	445.0	0.4171
Laya	0.3842	1068	0.7115	445.0	0.4167
Laya	0.3838	1069	0.7122	445.0	0.4163
Laya	0.3832	1071	0.7135	445.0	0.4155
Laya	0.383	1072	0.7142	445.0	0.4151
Laya	0.3828	1073	0.7149	445.0	0.4147
Laya	0.3827	1074	0.7155	445.0	0.4143
Laya	0.3825	1075	0.7162	445.0	0.414
Laya	0.3824	1076	0.7169	445.0	0.4136
Laya	0.3821	1077	0.7175	445.0	0.4132
Laya	0.3819	1079	0.7189	445.0	0.4124
Laya	0.3818	1080	0.7195	445.0	0.412
Laya	0.3816	1081	0.7202	445.0	0.4117
Laya	0.3814	1083	0.7215	447.0	0.4127
Laya	0.3812	1084	0.7222	447.0	0.4124
Laya	0.3811	1086	0.7235	449.0	0.4134
Laya	0.381	1087	0.7242	449.0	0.4131
Laya	0.3809	1088	0.7249	450.0	0.4136
Laya	0.3808	1089	0.7255	450.0	0.4132
Laya	0.3807	1090	0.7262	450.0	0.4128
Laya	0.3804	1091	0.7268	450.0	0.4125
Laya	0.3802	1092	0.7275	451.0	0.413
Laya	0.3797	1093	0.7282	451.0	0.4126
Laya	0.3796	1094	0.7288	452.0	0.4132
Laya	0.3794	1095	0.7295	453.0	0.4137
Laya	0.3793	1096	0.7302	453.0	0.4133
Laya	0.3791	1098	0.7315	453.0	0.4126
Laya	0.379	1099	0.7322	453.0	0.4122
Laya	0.3785	1101	0.7335	453.0	0.4114
Laya	0.378	1102	0.7342	454.0	0.412
Laya	0.3779	1103	0.7348	454.0	0.4116
Laya	0.3778	1104	0.7355	454.0	0.4112
Laya	0.3777	1105	0.7362	455.0	0.4118
Laya	0.3767	1106	0.7368	455.0	0.4114
Laya	0.3763	1107	0.7375	456.0	0.4119
Laya	0.3761	1108	0.7382	457.0	0.4125
Laya	0.3757	1110	0.7395	457.0	0.4117
Laya	0.3755	1111	0.7402	457.0	0.4113
Laya	0.3754	1112	0.7408	457.0	0.411
Laya	0.3749	1114	0.7422	457.0	0.4102
Laya	0.3744	1115	0.7428	457.0	0.4099
Laya	0.3732	1116	0.7435	457.0	0.4095
Laya	0.3731	1117	0.7442	457.0	0.4091
Laya	0.3726	1118	0.7448	457.0	0.4088
Laya	0.3721	1119	0.7455	457.0	0.4084
Laya	0.372	1120	0.7462	457.0	0.408
Laya	0.3719	1121	0.7468	457.0	0.4077
Laya	0.3716	1122	0.7475	457.0	0.4073
Laya	0.3712	1123	0.7482	457.0	0.4069
Laya	0.371	1125	0.7495	458.0	0.4071
Laya	0.3708	1126	0.7502	459.0	0.4076
Laya	0.3698	1127	0.7508	460.0	0.4082
Laya	0.3691	1128	0.7515	461.0	0.4087
Laya	0.3689	1129	0.7522	461.0	0.4083
Laya	0.3688	1130	0.7528	461.0	0.408
Laya	0.3685	1132	0.7542	461.0	0.4072
Laya	0.3682	1134	0.7555	462.0	0.4074
Laya	0.3679	1135	0.7562	462.0	0.407
Laya	0.3675	1137	0.7575	463.0	0.4072
Laya	0.3674	1138	0.7582	463.0	0.4069
Laya	0.3673	1139	0.7588	463.0	0.4065
Laya	0.3669	1140	0.7595	463.0	0.4061
Laya	0.3668	1141	0.7602	463.0	0.4058
Laya	0.366	1142	0.7608	463.0	0.4054
Laya	0.3658	1143	0.7615	463.0	0.4051
Laya	0.3657	1145	0.7628	463.0	0.4044
Laya	0.3654	1146	0.7635	463.0	0.404
Laya	0.3644	1147	0.7642	463.0	0.4037
Laya	0.3642	1148	0.7648	464.0	0.4042
Laya	0.3641	1150	0.7662	465.0	0.4043
Laya	0.3636	1151	0.7668	466.0	0.4049
Laya	0.3632	1152	0.7675	466.0	0.4045
Laya	0.363	1153	0.7682	466.0	0.4042
Laya	0.3628	1154	0.7688	466.0	0.4038
Laya	0.3625	1155	0.7695	466.0	0.4035
Laya	0.3624	1157	0.7708	467.0	0.4036
Laya	0.3623	1158	0.7715	468.0	0.4041
Laya	0.3618	1159	0.7722	468.0	0.4038
Laya	0.3609	1161	0.7735	468.0	0.4031
Laya	0.3597	1162	0.7742	469.0	0.4036
Laya	0.3594	1164	0.7755	471.0	0.4046
Laya	0.3591	1165	0.7761	471.0	0.4043
Laya	0.359	1167	0.7775	471.0	0.4036
Laya	0.3588	1168	0.7781	471.0	0.4033
Laya	0.3582	1169	0.7788	471.0	0.4029
Laya	0.3577	1171	0.7801	471.0	0.4022
Laya	0.3575	1172	0.7808	471.0	0.4019
Laya	0.3572	1173	0.7815	471.0	0.4015
Laya	0.3569	1174	0.7821	471.0	0.4012
Laya	0.3567	1175	0.7828	471.0	0.4009
Laya	0.3565	1176	0.7835	471.0	0.4005
Laya	0.3562	1177	0.7841	471.0	0.4002
Laya	0.356	1178	0.7848	471.0	0.3998
Laya	0.3559	1179	0.7855	472.0	0.4003
Laya	0.3556	1180	0.7861	472.0	0.4
Laya	0.3552	1181	0.7868	472.0	0.3997
Laya	0.3545	1182	0.7875	472.0	0.3993
Laya	0.3544	1183	0.7881	473.0	0.3998
Laya	0.3543	1184	0.7888	474.0	0.4003
Laya	0.3536	1185	0.7895	474.0	0.4
Laya	0.3532	1186	0.7901	474.0	0.3997
Laya	0.3531	1187	0.7908	474.0	0.3993
Laya	0.3528	1188	0.7915	474.0	0.399
Laya	0.3518	1189	0.7921	474.0	0.3987
Laya	0.3516	1191	0.7935	476.0	0.3997
Laya	0.3502	1192	0.7941	476.0	0.3993
Laya	0.3497	1193	0.7948	476.0	0.399
Laya	0.3493	1194	0.7955	477.0	0.3995
Laya	0.3492	1196	0.7968	477.0	0.3988
Laya	0.3485	1197	0.7975	477.0	0.3985
Laya	0.3484	1198	0.7981	477.0	0.3982
Laya	0.348	1200	0.7995	477.0	0.3975
Laya	0.3469	1201	0.8001	477.0	0.3972
Laya	0.3464	1202	0.8008	477.0	0.3968
Laya	0.3463	1203	0.8015	477.0	0.3965
Laya	0.3462	1205	0.8028	477.0	0.3959
Laya	0.3458	1206	0.8035	477.0	0.3955
Laya	0.3457	1207	0.8041	478.0	0.396
Laya	0.3448	1208	0.8048	478.0	0.3957
Laya	0.3447	1210	0.8061	478.0	0.395
Laya	0.3431	1211	0.8068	478.0	0.3947
Laya	0.3419	1212	0.8075	478.0	0.3944
Laya	0.3415	1213	0.8081	478.0	0.3941
Laya	0.3413	1216	0.8101	478.0	0.3931
Laya	0.3411	1218	0.8115	479.0	0.3933
Laya	0.3407	1219	0.8121	479.0	0.3929
Laya	0.3405	1220	0.8128	479.0	0.3926
Laya	0.3404	1221	0.8135	479.0	0.3923
Laya	0.3403	1223	0.8148	479.0	0.3917
Laya	0.3395	1224	0.8155	479.0	0.3913
Laya	0.3392	1225	0.8161	479.0	0.391
Laya	0.3391	1226	0.8168	480.0	0.3915
Laya	0.339	1228	0.8181	481.0	0.3917
Laya	0.3389	1229	0.8188	482.0	0.3922
Laya	0.3382	1230	0.8195	482.0	0.3919
Laya	0.338	1231	0.8201	483.0	0.3924
Laya	0.3378	1232	0.8208	483.0	0.392
Laya	0.3377	1233	0.8215	483.0	0.3917
Laya	0.3376	1235	0.8228	483.0	0.3911
Laya	0.3375	1236	0.8235	483.0	0.3908
Laya	0.3374	1237	0.8241	483.0	0.3905
Laya	0.3373	1238	0.8248	483.0	0.3901
Laya	0.3367	1239	0.8254	484.0	0.3906
Laya	0.3363	1240	0.8261	484.0	0.3903
Laya	0.3345	1241	0.8268	484.0	0.39
Laya	0.3337	1242	0.8274	485.0	0.3905
Laya	0.3336	1245	0.8294	487.0	0.3912
Laya	0.3334	1247	0.8308	488.0	0.3913
Laya	0.3332	1248	0.8314	488.0	0.391
Laya	0.3331	1249	0.8321	488.0	0.3907
Laya	0.3327	1251	0.8334	488.0	0.3901
Laya	0.3325	1252	0.8341	488.0	0.3898
Laya	0.3321	1253	0.8348	489.0	0.3903
Laya	0.3318	1254	0.8354	489.0	0.39
Laya	0.3316	1256	0.8368	491.0	0.3909
Laya	0.3313	1257	0.8374	492.0	0.3914
Laya	0.3312	1258	0.8381	492.0	0.3911
Laya	0.3308	1260	0.8394	493.0	0.3913
Laya	0.3306	1261	0.8401	493.0	0.391
Laya	0.3305	1262	0.8408	494.0	0.3914
Laya	0.33	1263	0.8414	495.0	0.3919
Laya	0.3298	1266	0.8434	498.0	0.3934
Laya	0.3296	1267	0.8441	498.0	0.3931
Laya	0.3293	1268	0.8448	498.0	0.3927
Laya	0.3291	1269	0.8454	498.0	0.3924
Laya	0.3287	1270	0.8461	498.0	0.3921
Laya	0.3286	1272	0.8474	499.0	0.3923
Laya	0.3282	1273	0.8481	500.0	0.3928
Laya	0.3281	1274	0.8488	500.0	0.3925
Laya	0.3274	1275	0.8494	500.0	0.3922
Laya	0.3269	1276	0.8501	500.0	0.3918
Laya	0.3266	1277	0.8508	500.0	0.3915
Laya	0.3251	1278	0.8514	500.0	0.3912
Laya	0.3248	1279	0.8521	501.0	0.3917
Laya	0.3247	1280	0.8528	501.0	0.3914
Laya	0.3246	1281	0.8534	502.0	0.3919
Laya	0.3243	1282	0.8541	503.0	0.3924
Laya	0.3241	1283	0.8548	503.0	0.392
Laya	0.3233	1284	0.8554	503.0	0.3917
Laya	0.3229	1285	0.8561	503.0	0.3914
Laya	0.322	1286	0.8568	503.0	0.3911
Laya	0.3215	1287	0.8574	503.0	0.3908
Laya	0.321	1288	0.8581	504.0	0.3913
Laya	0.3204	1289	0.8588	504.0	0.391
Laya	0.3194	1290	0.8594	505.0	0.3915
Laya	0.3191	1291	0.8601	505.0	0.3912
Laya	0.3183	1292	0.8608	506.0	0.3916
Laya	0.3182	1293	0.8614	506.0	0.3913
Laya	0.3178	1294	0.8621	506.0	0.391
Laya	0.3169	1295	0.8628	507.0	0.3915
Laya	0.3164	1296	0.8634	507.0	0.3912
Laya	0.3162	1298	0.8648	508.0	0.3914
Laya	0.3159	1299	0.8654	508.0	0.3911
Laya	0.3155	1300	0.8661	508.0	0.3908
Laya	0.3152	1301	0.8668	508.0	0.3905
Laya	0.3145	1302	0.8674	508.0	0.3902
Laya	0.3143	1303	0.8681	509.0	0.3906
Laya	0.3139	1304	0.8688	509.0	0.3903
Laya	0.3132	1305	0.8694	509.0	0.39
Laya	0.3124	1306	0.8701	509.0	0.3897
Laya	0.3112	1308	0.8714	509.0	0.3891
Laya	0.3105	1309	0.8721	509.0	0.3888
Laya	0.3103	1310	0.8728	509.0	0.3885
Laya	0.3098	1311	0.8734	509.0	0.3883
Laya	0.3094	1312	0.8741	509.0	0.388
Laya	0.3092	1313	0.8748	509.0	0.3877
Laya	0.309	1314	0.8754	510.0	0.3881
Laya	0.3089	1315	0.8761	510.0	0.3878
Laya	0.3087	1316	0.8767	511.0	0.3883
Laya	0.3084	1317	0.8774	511.0	0.388
Laya	0.3083	1318	0.8781	512.0	0.3885
Laya	0.3081	1319	0.8787	512.0	0.3882
Laya	0.3079	1320	0.8794	513.0	0.3886
Laya	0.3078	1321	0.8801	513.0	0.3883
Laya	0.3075	1322	0.8807	513.0	0.388
Laya	0.3067	1323	0.8814	513.0	0.3878
Laya	0.3065	1324	0.8821	513.0	0.3875
Laya	0.3064	1325	0.8827	513.0	0.3872
Laya	0.3061	1326	0.8834	513.0	0.3869
Laya	0.3053	1327	0.8841	514.0	0.3873
Laya	0.3052	1328	0.8847	514.0	0.387
Laya	0.3048	1329	0.8854	514.0	0.3868
Laya	0.3047	1330	0.8861	514.0	0.3865
Laya	0.3045	1331	0.8867	514.0	0.3862
Laya	0.3043	1332	0.8874	514.0	0.3859
Laya	0.3042	1333	0.8881	515.0	0.3863
Laya	0.3036	1335	0.8894	515.0	0.3858
Laya	0.3024	1336	0.8901	515.0	0.3855
Laya	0.301	1337	0.8907	515.0	0.3852
Laya	0.3006	1338	0.8914	515.0	0.3849
Laya	0.3001	1339	0.8921	515.0	0.3846
Laya	0.3	1340	0.8927	516.0	0.3851
Laya	0.2983	1341	0.8934	516.0	0.3848
Laya	0.2981	1342	0.8941	516.0	0.3845
Laya	0.2976	1343	0.8947	516.0	0.3842
Laya	0.2975	1344	0.8954	516.0	0.3839
Laya	0.2968	1346	0.8967	516.0	0.3834
Laya	0.2946	1347	0.8974	516.0	0.3831
Laya	0.2939	1348	0.8981	516.0	0.3828
Laya	0.2929	1349	0.8987	516.0	0.3825
Laya	0.2922	1350	0.8994	516.0	0.3822
Laya	0.291	1351	0.9001	517.0	0.3827
Laya	0.2904	1352	0.9007	517.0	0.3824
Laya	0.2884	1353	0.9014	518.0	0.3829
Laya	0.2882	1355	0.9027	519.0	0.383
Laya	0.2867	1356	0.9034	520.0	0.3835
Laya	0.2862	1357	0.9041	521.0	0.3839
Laya	0.2855	1358	0.9047	521.0	0.3837
Laya	0.2844	1359	0.9054	521.0	0.3834
Laya	0.2843	1360	0.9061	522.0	0.3838
Laya	0.2833	1361	0.9067	522.0	0.3835
Laya	0.2829	1362	0.9074	522.0	0.3833
Laya	0.2819	1363	0.9081	522.0	0.383
Laya	0.2809	1364	0.9087	522.0	0.3827
Laya	0.2802	1365	0.9094	522.0	0.3824
Laya	0.2798	1366	0.9101	523.0	0.3829
Laya	0.2789	1367	0.9107	523.0	0.3826
Laya	0.2779	1368	0.9114	523.0	0.3823
Laya	0.2769	1369	0.9121	523.0	0.382
Laya	0.2753	1370	0.9127	523.0	0.3818
Laya	0.2749	1371	0.9134	523.0	0.3815
Laya	0.2744	1372	0.9141	523.0	0.3812
Laya	0.2676	1373	0.9147	523.0	0.3809
Laya	0.2616	1374	0.9154	523.0	0.3806
Laya	0.2599	1375	0.9161	523.0	0.3804
Laya	0.2571	1376	0.9167	523.0	0.3801
Laya	0.2527	1377	0.9174	523.0	0.3798
Laya	0.2462	1378	0.9181	523.0	0.3795
Laya	0.2388	1379	0.9187	523.0	0.3793
Laya	0.2342	1380	0.9194	523.0	0.379
Laya	0.2333	1381	0.9201	523.0	0.3787
Laya	0.2332	1382	0.9207	523.0	0.3784
Laya	0.2291	1383	0.9214	524.0	0.3789
Laya	0.2289	1384	0.9221	524.0	0.3786
Laya	0.2196	1385	0.9227	524.0	0.3783
Laya	0.2173	1386	0.9234	524.0	0.3781
Laya	0.2143	1387	0.9241	524.0	0.3778
Laya	0.2126	1388	0.9247	524.0	0.3775
Laya	0.2111	1389	0.9254	524.0	0.3772
Laya	0.2093	1390	0.926	524.0	0.377
Laya	0.2045	1391	0.9267	524.0	0.3767
Laya	0.2042	1392	0.9274	524.0	0.3764
Laya	0.2033	1393	0.928	524.0	0.3762
Laya	0.2025	1394	0.9287	525.0	0.3766
Laya	0.2006	1395	0.9294	525.0	0.3763
Laya	0.1999	1396	0.93	525.0	0.3761
Laya	0.1987	1397	0.9307	526.0	0.3765
Laya	0.1982	1398	0.9314	526.0	0.3763
Laya	0.1966	1399	0.932	526.0	0.376
Laya	0.1964	1400	0.9327	527.0	0.3764
Laya	0.1959	1401	0.9334	527.0	0.3762
Laya	0.1954	1402	0.934	527.0	0.3759
Laya	0.1947	1403	0.9347	527.0	0.3756
Laya	0.1927	1404	0.9354	527.0	0.3754
Laya	0.1926	1405	0.936	527.0	0.3751
Laya	0.1923	1406	0.9367	528.0	0.3755
Laya	0.192	1407	0.9374	528.0	0.3753
Laya	0.1919	1408	0.938	528.0	0.375
Laya	0.1918	1409	0.9387	528.0	0.3747
Laya	0.1912	1410	0.9394	528.0	0.3745
Laya	0.1909	1411	0.94	528.0	0.3742
Laya	0.1908	1412	0.9407	528.0	0.3739
Laya	0.1907	1413	0.9414	528.0	0.3737
Laya	0.1903	1414	0.942	528.0	0.3734
Laya	0.19	1415	0.9427	528.0	0.3731
Laya	0.1894	1416	0.9434	528.0	0.3729
Laya	0.1893	1417	0.944	528.0	0.3726
Laya	0.1883	1418	0.9447	528.0	0.3724
Laya	0.188	1419	0.9454	528.0	0.3721
Laya	0.1877	1420	0.946	528.0	0.3718
Laya	0.1873	1421	0.9467	528.0	0.3716
Laya	0.1872	1422	0.9474	528.0	0.3713
Laya	0.1853	1423	0.948	528.0	0.371
Laya	0.1846	1424	0.9487	528.0	0.3708
Laya	0.1845	1425	0.9494	529.0	0.3712
Laya	0.1825	1426	0.95	529.0	0.371
Laya	0.1818	1428	0.9514	529.0	0.3704
Laya	0.1816	1429	0.952	530.0	0.3709
Laya	0.1815	1430	0.9527	530.0	0.3706
Laya	0.1812	1431	0.9534	530.0	0.3704
Laya	0.1808	1432	0.954	530.0	0.3701
Laya	0.1807	1433	0.9547	530.0	0.3699
Laya	0.1804	1434	0.9554	530.0	0.3696
Laya	0.1802	1435	0.956	531.0	0.37
Laya	0.1799	1436	0.9567	531.0	0.3698
Laya	0.1792	1437	0.9574	531.0	0.3695
Laya	0.1791	1438	0.958	531.0	0.3693
Laya	0.1789	1439	0.9587	532.0	0.3697
Laya	0.1788	1440	0.9594	532.0	0.3694
Laya	0.1787	1441	0.96	532.0	0.3692
Laya	0.1784	1442	0.9607	532.0	0.3689
Laya	0.1783	1443	0.9614	533.0	0.3694
Laya	0.1782	1444	0.962	533.0	0.3691
Laya	0.1781	1445	0.9627	533.0	0.3689
Laya	0.1773	1446	0.9634	533.0	0.3686
Laya	0.1764	1447	0.964	533.0	0.3683
Laya	0.1755	1448	0.9647	533.0	0.3681
Laya	0.1752	1449	0.9654	533.0	0.3678
Laya	0.1747	1450	0.966	533.0	0.3676
Laya	0.1743	1451	0.9667	533.0	0.3673
Laya	0.174	1452	0.9674	533.0	0.3671
Laya	0.1738	1453	0.968	533.0	0.3668
Laya	0.1735	1454	0.9687	533.0	0.3666
Laya	0.1732	1455	0.9694	534.0	0.367
Laya	0.1729	1456	0.97	534.0	0.3668
Laya	0.1727	1457	0.9707	534.0	0.3665
Laya	0.1726	1459	0.972	534.0	0.366
Laya	0.1718	1460	0.9727	535.0	0.3664
Laya	0.1717	1461	0.9734	535.0	0.3662
Laya	0.1715	1462	0.974	535.0	0.3659
Laya	0.1714	1463	0.9747	536.0	0.3664
Laya	0.1712	1464	0.9753	536.0	0.3661
Laya	0.1695	1465	0.976	536.0	0.3659
Laya	0.168	1466	0.9767	536.0	0.3656
Laya	0.1673	1468	0.978	536.0	0.3651
Laya	0.1669	1469	0.9787	536.0	0.3649
Laya	0.1667	1470	0.9793	536.0	0.3646
Laya	0.1664	1471	0.98	536.0	0.3644
Laya	0.1655	1472	0.9807	536.0	0.3641
Laya	0.1648	1473	0.9813	537.0	0.3646
Laya	0.1646	1474	0.982	537.0	0.3643
Laya	0.1632	1475	0.9827	537.0	0.3641
Laya	0.1631	1476	0.9833	537.0	0.3638
Laya	0.1626	1477	0.984	537.0	0.3636
Laya	0.162	1478	0.9847	537.0	0.3633
Laya	0.1598	1479	0.9853	537.0	0.3631
Laya	0.1592	1480	0.986	537.0	0.3628
Laya	0.1587	1481	0.9867	537.0	0.3626
Laya	0.1586	1482	0.9873	537.0	0.3623
Laya	0.1584	1483	0.988	537.0	0.3621
Laya	0.1582	1484	0.9887	537.0	0.3619
Laya	0.1577	1485	0.9893	537.0	0.3616
Laya	0.1574	1486	0.99	537.0	0.3614
Laya	0.1549	1487	0.9907	537.0	0.3611
Laya	0.1546	1488	0.9913	537.0	0.3609
Laya	0.153	1489	0.992	537.0	0.3606
Laya	0.1525	1490	0.9927	537.0	0.3604
Laya	0.1524	1491	0.9933	537.0	0.3602
Laya	0.1506	1492	0.994	537.0	0.3599
Laya	0.1499	1493	0.9947	537.0	0.3597
Laya	0.149	1494	0.9953	537.0	0.3594
Laya	0.1465	1495	0.996	537.0	0.3592
Laya	0.1463	1496	0.9967	537.0	0.359
Laya	0.1435	1497	0.9973	537.0	0.3587
Laya	0.1419	1498	0.998	537.0	0.3585
Laya	0.1414	1499	0.9987	537.0	0.3582
Laya	0.1407	1500	0.9993	537.0	0.358
Laya	0.1374	1501	1.0	537.0	0.3578
Jev	1.0	111	0.074	111.0	1.0
Jev	0.99	152	0.1013	151.0	0.9934
Jev	0.98	188	0.1252	186.0	0.9894
Jev	0.97	222	0.1479	220.0	0.991
Jev	0.96	244	0.1626	240.0	0.9836
Jev	0.95	270	0.1799	264.0	0.9778
Jev	0.94	287	0.1912	279.0	0.9721
Jev	0.93	321	0.2139	309.0	0.9626
Jev	0.92	346	0.2305	332.0	0.9595
Jev	0.91	367	0.2445	352.0	0.9591
Jev	0.9	388	0.2585	371.0	0.9562
Jev	0.89	402	0.2678	385.0	0.9577
Jev	0.88	428	0.2851	408.0	0.9533
Jev	0.87	449	0.2991	428.0	0.9532
Jev	0.86	461	0.3071	439.0	0.9523
Jev	0.85	477	0.3178	455.0	0.9539
Jev	0.84	494	0.3291	469.0	0.9494
Jev	0.83	509	0.3391	482.0	0.947
Jev	0.82	526	0.3504	496.0	0.943
Jev	0.81	545	0.3631	512.0	0.9394
Jev	0.81	547	0.3644	514.0	0.9397
Jev	0.8	575	0.3831	536.0	0.9322
Jev	0.79	589	0.3924	547.0	0.9287
Jev	0.78	609	0.4057	563.0	0.9245
Jev	0.77	624	0.4157	573.0	0.9183
Jev	0.76	640	0.4264	585.0	0.9141
Jev	0.75	660	0.4397	601.0	0.9106
Jev	0.74	681	0.4537	617.0	0.906
Jev	0.73	702	0.4677	633.0	0.9017
Jev	0.72	725	0.483	645.0	0.8897
Jev	0.71	750	0.4997	663.0	0.884
Jev	0.7	777	0.5177	679.0	0.8739
Jev	0.69	778	0.5183	680.0	0.874
Jev	0.69	798	0.5316	695.0	0.8709
Jev	0.68	812	0.541	706.0	0.8695
Jev	0.67	834	0.5556	721.0	0.8645
Jev	0.66	848	0.565	727.0	0.8573
Jev	0.65	865	0.5763	737.0	0.852
Jev	0.64	889	0.5923	753.0	0.847
Jev	0.63	911	0.6069	766.0	0.8408
Jev	0.62	935	0.6229	783.0	0.8374
Jev	0.61	956	0.6369	795.0	0.8316
Jev	0.6	985	0.6562	809.0	0.8213
Jev	0.59	1014	0.6755	824.0	0.8126
Jev	0.58	1042	0.6942	841.0	0.8071
Jev	0.57	1043	0.6949	842.0	0.8073
Jev	0.57	1061	0.7069	854.0	0.8049
Jev	0.56	1081	0.7202	865.0	0.8002
Jev	0.56	1084	0.7222	868.0	0.8007
Jev	0.55	1104	0.7355	880.0	0.7971
Jev	0.54	1126	0.7502	893.0	0.7931
Jev	0.53	1152	0.7675	911.0	0.7908
Jev	0.52	1180	0.7861	924.0	0.7831
Jev	0.51	1202	0.8008	935.0	0.7779
Jev	0.5	1219	0.8121	943.0	0.7736
Jev	0.49	1237	0.8241	954.5	0.7716
Jev	0.48	1259	0.8388	966.5	0.7677
Jev	0.47	1272	0.8474	972.5	0.7645
Jev	0.46	1286	0.8568	978.5	0.7609
Jev	0.45	1302	0.8674	984.5	0.7561
Jev	0.44	1311	0.8734	989.0	0.7544
Jev	0.43	1326	0.8834	997.0	0.7519
Jev	0.42	1333	0.8881	1001.0	0.7509
Jev	0.41	1349	0.8987	1011.0	0.7494
Jev	0.4	1358	0.9047	1013.0	0.7459
Jev	0.39	1377	0.9174	1018.0	0.7393
Jev	0.38	1390	0.926	1021.0	0.7345
Jev	0.37	1405	0.936	1024.0	0.7288
Jev	0.36	1411	0.94	1026.5	0.7275
Jev	0.35	1413	0.9414	1026.5	0.7265
Jev	0.35	1421	0.9467	1027.0	0.7227
Jev	0.34	1431	0.9534	1030.0	0.7198
Jev	0.34	1436	0.9567	1031.0	0.718
Jev	0.33	1451	0.9667	1039.5	0.7164
Jev	0.32	1465	0.976	1044.5	0.713
Jev	0.31	1470	0.9793	1045.5	0.7112
Jev	0.3	1477	0.984	1049.5	0.7106
Jev	0.29	1480	0.986	1049.5	0.7091
Jev	0.29	1485	0.9893	1051.0	0.7077
Jev	0.28	1488	0.9913	1051.0	0.7063
Jev	0.28	1489	0.992	1051.0	0.7058
Jev	0.27	1493	0.9947	1052.0	0.7046
Jev	0.26	1495	0.996	1054.0	0.705
Jev	0.24	1496	0.9967	1055.0	0.7052
Jev	0.23	1498	0.998	1056.0	0.7049
Jev	0.22	1499	0.9987	1057.0	0.7051
Jev	0.21	1500	0.9993	1057.0	0.7047
Jev	0.17	1501	1.0	1057.5	0.7045
Kev 4B	0.9963	1	0.0007	1.0	1.0
Kev 4B	0.9903	2	0.0013	2.0	1.0
Kev 4B	0.9893	3	0.002	3.0	1.0
Kev 4B	0.9886	4	0.0027	4.0	1.0
Kev 4B	0.9827	5	0.0033	5.0	1.0
Kev 4B	0.9824	6	0.004	6.0	1.0
Kev 4B	0.9769	7	0.0047	7.0	1.0
Kev 4B	0.9754	9	0.006	9.0	1.0
Kev 4B	0.9751	10	0.0067	10.0	1.0
Kev 4B	0.9748	11	0.0073	11.0	1.0
Kev 4B	0.9744	12	0.008	12.0	1.0
Kev 4B	0.9689	13	0.0087	13.0	1.0
Kev 4B	0.9676	14	0.0093	14.0	1.0
Kev 4B	0.966	15	0.01	15.0	1.0
Kev 4B	0.9629	16	0.0107	16.0	1.0
Kev 4B	0.9627	18	0.012	18.0	1.0
Kev 4B	0.9612	19	0.0127	19.0	1.0
Kev 4B	0.9576	20	0.0133	20.0	1.0
Kev 4B	0.9571	21	0.014	21.0	1.0
Kev 4B	0.956	22	0.0147	22.0	1.0
Kev 4B	0.9513	23	0.0153	23.0	1.0
Kev 4B	0.9497	24	0.016	24.0	1.0
Kev 4B	0.9468	25	0.0167	25.0	1.0
Kev 4B	0.9456	26	0.0173	26.0	1.0
Kev 4B	0.9452	27	0.018	27.0	1.0
Kev 4B	0.945	28	0.0187	28.0	1.0
Kev 4B	0.9443	29	0.0193	29.0	1.0
Kev 4B	0.9441	30	0.02	30.0	1.0
Kev 4B	0.9437	31	0.0207	31.0	1.0
Kev 4B	0.9379	32	0.0213	32.0	1.0
Kev 4B	0.9344	33	0.022	32.0	0.9697
Kev 4B	0.9329	34	0.0227	33.0	0.9706
Kev 4B	0.9297	35	0.0233	34.0	0.9714
Kev 4B	0.9241	36	0.024	35.0	0.9722
Kev 4B	0.9222	37	0.0247	36.0	0.973
Kev 4B	0.9216	38	0.0253	37.0	0.9737
Kev 4B	0.9214	39	0.026	37.0	0.9487
Kev 4B	0.9211	40	0.0266	38.0	0.95
Kev 4B	0.9199	41	0.0273	39.0	0.9512
Kev 4B	0.9173	42	0.028	40.0	0.9524
Kev 4B	0.9117	43	0.0286	41.0	0.9535
Kev 4B	0.9114	44	0.0293	42.0	0.9545
Kev 4B	0.91	46	0.0306	42.0	0.913
Kev 4B	0.9081	47	0.0313	42.0	0.8936
Kev 4B	0.9057	48	0.032	43.0	0.8958
Kev 4B	0.9047	49	0.0326	44.0	0.898
Kev 4B	0.9044	50	0.0333	45.0	0.9
Kev 4B	0.9011	51	0.034	45.0	0.8824
Kev 4B	0.9006	52	0.0346	46.0	0.8846
Kev 4B	0.9	53	0.0353	47.0	0.8868
Kev 4B	0.8949	54	0.036	48.0	0.8889
Kev 4B	0.8931	55	0.0366	49.0	0.8909
Kev 4B	0.8928	57	0.038	51.0	0.8947
Kev 4B	0.8924	58	0.0386	51.0	0.8793
Kev 4B	0.8921	59	0.0393	52.0	0.8814
Kev 4B	0.8873	60	0.04	52.0	0.8667
Kev 4B	0.8839	61	0.0406	53.0	0.8689
Kev 4B	0.8829	62	0.0413	54.0	0.871
Kev 4B	0.8824	63	0.042	54.0	0.8571
Kev 4B	0.8822	65	0.0433	56.0	0.8615
Kev 4B	0.8808	66	0.044	57.0	0.8636
Kev 4B	0.8805	67	0.0446	58.0	0.8657
Kev 4B	0.8803	68	0.0453	59.0	0.8676
Kev 4B	0.8793	69	0.046	60.0	0.8696
Kev 4B	0.8767	70	0.0466	61.0	0.8714
Kev 4B	0.8728	71	0.0473	62.0	0.8732
Kev 4B	0.8724	72	0.048	63.0	0.875
Kev 4B	0.868	73	0.0486	64.0	0.8767
Kev 4B	0.8661	74	0.0493	65.0	0.8784
Kev 4B	0.8645	75	0.05	66.0	0.88
Kev 4B	0.862	76	0.0506	66.0	0.8684
Kev 4B	0.8603	77	0.0513	67.0	0.8701
Kev 4B	0.8599	78	0.052	68.0	0.8718
Kev 4B	0.8557	79	0.0526	69.0	0.8734
Kev 4B	0.8541	80	0.0533	69.0	0.8625
Kev 4B	0.8539	81	0.054	70.0	0.8642
Kev 4B	0.8536	82	0.0546	71.0	0.8659
Kev 4B	0.8527	83	0.0553	71.0	0.8554
Kev 4B	0.8523	84	0.056	72.0	0.8571
Kev 4B	0.8458	86	0.0573	74.0	0.8605
Kev 4B	0.8447	87	0.058	74.0	0.8506
Kev 4B	0.8361	89	0.0593	75.0	0.8427
Kev 4B	0.834	90	0.06	76.0	0.8444
Kev 4B	0.8331	91	0.0606	77.0	0.8462
Kev 4B	0.8321	92	0.0613	78.0	0.8478
Kev 4B	0.8315	93	0.062	79.0	0.8495
Kev 4B	0.8313	94	0.0626	80.0	0.8511
Kev 4B	0.8286	95	0.0633	81.0	0.8526
Kev 4B	0.8282	96	0.064	82.0	0.8542
Kev 4B	0.8252	97	0.0646	83.0	0.8557
Kev 4B	0.8221	98	0.0653	84.0	0.8571
Kev 4B	0.8208	99	0.066	85.0	0.8586
Kev 4B	0.818	100	0.0666	86.0	0.86
Kev 4B	0.8143	101	0.0673	86.0	0.8515
Kev 4B	0.8106	102	0.068	87.0	0.8529
Kev 4B	0.8079	103	0.0686	88.0	0.8544
Kev 4B	0.8076	104	0.0693	89.0	0.8558
Kev 4B	0.8071	105	0.07	90.0	0.8571
Kev 4B	0.8025	106	0.0706	91.0	0.8585
Kev 4B	0.8019	107	0.0713	92.0	0.8598
Kev 4B	0.801	108	0.072	92.0	0.8519
Kev 4B	0.7997	109	0.0726	93.0	0.8532
Kev 4B	0.7991	110	0.0733	94.0	0.8545
Kev 4B	0.7988	111	0.074	95.0	0.8559
Kev 4B	0.7985	112	0.0746	96.0	0.8571
Kev 4B	0.7968	113	0.0753	97.0	0.8584
Kev 4B	0.7959	114	0.0759	97.0	0.8509
Kev 4B	0.7952	115	0.0766	97.0	0.8435
Kev 4B	0.7944	117	0.0779	98.0	0.8376
Kev 4B	0.7935	118	0.0786	99.0	0.839
Kev 4B	0.7912	119	0.0793	99.0	0.8319
Kev 4B	0.7911	120	0.0799	100.0	0.8333
Kev 4B	0.787	121	0.0806	101.0	0.8347
Kev 4B	0.7845	122	0.0813	102.0	0.8361
Kev 4B	0.784	123	0.0819	103.0	0.8374
Kev 4B	0.7833	124	0.0826	104.0	0.8387
Kev 4B	0.7813	125	0.0833	105.0	0.84
Kev 4B	0.7808	126	0.0839	106.0	0.8413
Kev 4B	0.7805	127	0.0846	106.0	0.8346
Kev 4B	0.7804	128	0.0853	107.0	0.8359
Kev 4B	0.7802	129	0.0859	107.0	0.8295
Kev 4B	0.7779	130	0.0866	108.0	0.8308
Kev 4B	0.7762	131	0.0873	109.0	0.8321
Kev 4B	0.7753	132	0.0879	110.0	0.8333
Kev 4B	0.7746	133	0.0886	110.0	0.8271
Kev 4B	0.7738	134	0.0893	111.0	0.8284
Kev 4B	0.7717	136	0.0906	113.0	0.8309
Kev 4B	0.7692	137	0.0913	114.0	0.8321
Kev 4B	0.7679	138	0.0919	115.0	0.8333
Kev 4B	0.7654	139	0.0926	116.0	0.8345
Kev 4B	0.7652	140	0.0933	117.0	0.8357
Kev 4B	0.7647	141	0.0939	118.0	0.8369
Kev 4B	0.7644	142	0.0946	119.0	0.838
Kev 4B	0.7643	143	0.0953	120.0	0.8392
Kev 4B	0.7637	144	0.0959	121.0	0.8403
Kev 4B	0.763	145	0.0966	121.0	0.8345
Kev 4B	0.7622	146	0.0973	122.0	0.8356
Kev 4B	0.7612	147	0.0979	123.0	0.8367
Kev 4B	0.7611	148	0.0986	124.0	0.8378
Kev 4B	0.7609	149	0.0993	125.0	0.8389
Kev 4B	0.7584	150	0.0999	126.0	0.84
Kev 4B	0.7565	151	0.1006	126.0	0.8344
Kev 4B	0.7561	152	0.1013	127.0	0.8355
Kev 4B	0.7559	153	0.1019	128.0	0.8366
Kev 4B	0.7558	154	0.1026	129.0	0.8377
Kev 4B	0.755	155	0.1033	130.0	0.8387
Kev 4B	0.7535	156	0.1039	131.0	0.8397
Kev 4B	0.753	157	0.1046	131.0	0.8344
Kev 4B	0.7525	159	0.1059	133.0	0.8365
Kev 4B	0.7524	160	0.1066	134.0	0.8375
Kev 4B	0.7514	161	0.1073	134.0	0.8323
Kev 4B	0.7484	162	0.1079	134.0	0.8272
Kev 4B	0.748	163	0.1086	134.0	0.8221
Kev 4B	0.7465	164	0.1093	135.0	0.8232
Kev 4B	0.7463	165	0.1099	136.0	0.8242
Kev 4B	0.7462	166	0.1106	137.0	0.8253
Kev 4B	0.7455	167	0.1113	138.0	0.8263
Kev 4B	0.7445	168	0.1119	138.0	0.8214
Kev 4B	0.744	169	0.1126	138.0	0.8166
Kev 4B	0.7439	170	0.1133	138.0	0.8118
Kev 4B	0.7432	171	0.1139	138.0	0.807
Kev 4B	0.7419	172	0.1146	139.0	0.8081
Kev 4B	0.7417	173	0.1153	140.0	0.8092
Kev 4B	0.7406	174	0.1159	140.0	0.8046
Kev 4B	0.7395	175	0.1166	140.0	0.8
Kev 4B	0.7388	176	0.1173	141.0	0.8011
Kev 4B	0.7386	177	0.1179	141.0	0.7966
Kev 4B	0.7381	178	0.1186	141.0	0.7921
Kev 4B	0.7376	179	0.1193	142.0	0.7933
Kev 4B	0.7375	180	0.1199	142.0	0.7889
Kev 4B	0.7356	181	0.1206	142.0	0.7845
Kev 4B	0.7348	182	0.1213	143.0	0.7857
Kev 4B	0.7339	184	0.1226	145.0	0.788
Kev 4B	0.7338	185	0.1233	146.0	0.7892
Kev 4B	0.733	186	0.1239	147.0	0.7903
Kev 4B	0.7311	187	0.1246	148.0	0.7914
Kev 4B	0.73	188	0.1252	149.0	0.7926
Kev 4B	0.7296	190	0.1266	150.0	0.7895
Kev 4B	0.7292	191	0.1272	151.0	0.7906
Kev 4B	0.7285	192	0.1279	151.0	0.7865
Kev 4B	0.7283	193	0.1286	152.0	0.7876
Kev 4B	0.7274	194	0.1292	152.0	0.7835
Kev 4B	0.7269	195	0.1299	153.0	0.7846
Kev 4B	0.7257	196	0.1306	154.0	0.7857
Kev 4B	0.7255	197	0.1312	154.0	0.7817
Kev 4B	0.7253	199	0.1326	155.0	0.7789
Kev 4B	0.7251	200	0.1332	155.0	0.775
Kev 4B	0.7245	201	0.1339	155.0	0.7711
Kev 4B	0.7242	202	0.1346	156.0	0.7723
Kev 4B	0.7236	203	0.1352	156.0	0.7685
Kev 4B	0.7234	204	0.1359	157.0	0.7696
Kev 4B	0.7227	205	0.1366	157.0	0.7659
Kev 4B	0.7225	206	0.1372	158.0	0.767
Kev 4B	0.7205	207	0.1379	159.0	0.7681
Kev 4B	0.7198	208	0.1386	160.0	0.7692
Kev 4B	0.7189	209	0.1392	161.0	0.7703
Kev 4B	0.7188	211	0.1406	163.0	0.7725
Kev 4B	0.7184	212	0.1412	164.0	0.7736
Kev 4B	0.718	213	0.1419	165.0	0.7746
Kev 4B	0.7164	214	0.1426	165.0	0.771
Kev 4B	0.7162	215	0.1432	165.0	0.7674
Kev 4B	0.7153	216	0.1439	166.0	0.7685
Kev 4B	0.7152	217	0.1446	166.0	0.765
Kev 4B	0.7137	218	0.1452	167.0	0.7661
Kev 4B	0.7134	219	0.1459	168.0	0.7671
Kev 4B	0.7133	220	0.1466	169.0	0.7682
Kev 4B	0.7131	221	0.1472	170.0	0.7692
Kev 4B	0.7125	222	0.1479	170.0	0.7658
Kev 4B	0.7123	223	0.1486	171.0	0.7668
Kev 4B	0.7108	224	0.1492	172.0	0.7679
Kev 4B	0.7105	225	0.1499	173.0	0.7689
Kev 4B	0.7103	226	0.1506	174.0	0.7699
Kev 4B	0.7098	227	0.1512	175.0	0.7709
Kev 4B	0.7097	229	0.1526	177.0	0.7729
Kev 4B	0.7086	230	0.1532	178.0	0.7739
Kev 4B	0.7078	231	0.1539	178.0	0.7706
Kev 4B	0.7057	232	0.1546	179.0	0.7716
Kev 4B	0.7053	233	0.1552	179.0	0.7682
Kev 4B	0.7041	234	0.1559	180.0	0.7692
Kev 4B	0.7039	235	0.1566	180.0	0.766
Kev 4B	0.7028	236	0.1572	181.0	0.7669
Kev 4B	0.7025	237	0.1579	181.0	0.7637
Kev 4B	0.7024	238	0.1586	182.0	0.7647
Kev 4B	0.7004	239	0.1592	183.0	0.7657
Kev 4B	0.7003	240	0.1599	184.0	0.7667
Kev 4B	0.6999	242	0.1612	186.0	0.7686
Kev 4B	0.6998	243	0.1619	187.0	0.7695
Kev 4B	0.6995	244	0.1626	187.0	0.7664
Kev 4B	0.6991	245	0.1632	188.0	0.7673
Kev 4B	0.6987	246	0.1639	189.0	0.7683
Kev 4B	0.6979	247	0.1646	189.0	0.7652
Kev 4B	0.6972	248	0.1652	190.0	0.7661
Kev 4B	0.6964	249	0.1659	190.0	0.7631
Kev 4B	0.696	250	0.1666	191.0	0.764
Kev 4B	0.6951	252	0.1679	193.0	0.7659
Kev 4B	0.695	253	0.1686	194.0	0.7668
Kev 4B	0.6948	254	0.1692	195.0	0.7677
Kev 4B	0.6928	255	0.1699	196.0	0.7686
Kev 4B	0.691	256	0.1706	197.0	0.7695
Kev 4B	0.6908	257	0.1712	198.0	0.7704
Kev 4B	0.6905	258	0.1719	198.0	0.7674
Kev 4B	0.6901	259	0.1726	199.0	0.7683
Kev 4B	0.69	260	0.1732	200.0	0.7692
Kev 4B	0.6896	261	0.1739	201.0	0.7701
Kev 4B	0.6895	262	0.1746	202.0	0.771
Kev 4B	0.6891	263	0.1752	203.0	0.7719
Kev 4B	0.6887	264	0.1759	204.0	0.7727
Kev 4B	0.6886	265	0.1765	204.0	0.7698
Kev 4B	0.6861	266	0.1772	205.0	0.7707
Kev 4B	0.6859	267	0.1779	205.0	0.7678
Kev 4B	0.6857	268	0.1785	206.0	0.7687
Kev 4B	0.6853	269	0.1792	207.0	0.7695
Kev 4B	0.6838	270	0.1799	207.0	0.7667
Kev 4B	0.6836	271	0.1805	208.0	0.7675
Kev 4B	0.6835	272	0.1812	208.0	0.7647
Kev 4B	0.6827	274	0.1825	209.0	0.7628
Kev 4B	0.6826	275	0.1832	210.0	0.7636
Kev 4B	0.6821	276	0.1839	211.0	0.7645
Kev 4B	0.6809	277	0.1845	212.0	0.7653
Kev 4B	0.6799	278	0.1852	212.0	0.7626
Kev 4B	0.6791	279	0.1859	212.0	0.7599
Kev 4B	0.6785	280	0.1865	212.0	0.7571
Kev 4B	0.6784	282	0.1879	214.0	0.7589
Kev 4B	0.678	283	0.1885	215.0	0.7597
Kev 4B	0.6778	284	0.1892	216.0	0.7606
Kev 4B	0.6773	286	0.1905	218.0	0.7622
Kev 4B	0.677	287	0.1912	218.0	0.7596
Kev 4B	0.6758	289	0.1925	220.0	0.7612
Kev 4B	0.6752	290	0.1932	221.0	0.7621
Kev 4B	0.6742	291	0.1939	221.0	0.7595
Kev 4B	0.6733	292	0.1945	221.0	0.7568
Kev 4B	0.6724	293	0.1952	222.0	0.7577
Kev 4B	0.672	294	0.1959	222.0	0.7551
Kev 4B	0.6713	295	0.1965	223.0	0.7559
Kev 4B	0.6707	297	0.1979	224.0	0.7542
Kev 4B	0.6703	298	0.1985	224.0	0.7517
Kev 4B	0.6696	299	0.1992	225.0	0.7525
Kev 4B	0.6684	300	0.1999	226.0	0.7533
Kev 4B	0.6672	301	0.2005	227.0	0.7542
Kev 4B	0.6654	302	0.2012	227.0	0.7517
Kev 4B	0.6653	304	0.2025	228.0	0.75
Kev 4B	0.6652	305	0.2032	228.0	0.7475
Kev 4B	0.6651	306	0.2039	229.0	0.7484
Kev 4B	0.6627	307	0.2045	230.0	0.7492
Kev 4B	0.6622	308	0.2052	231.0	0.75
Kev 4B	0.6609	309	0.2059	231.0	0.7476
Kev 4B	0.6606	310	0.2065	232.0	0.7484
Kev 4B	0.66	311	0.2072	233.0	0.7492
Kev 4B	0.6599	314	0.2092	236.0	0.7516
Kev 4B	0.6596	315	0.2099	237.0	0.7524
Kev 4B	0.659	316	0.2105	238.0	0.7532
Kev 4B	0.6589	317	0.2112	238.0	0.7508
Kev 4B	0.6587	318	0.2119	239.0	0.7516
Kev 4B	0.6574	319	0.2125	240.0	0.7524
Kev 4B	0.6555	321	0.2139	241.0	0.7508
Kev 4B	0.6544	322	0.2145	241.0	0.7484
Kev 4B	0.6543	323	0.2152	242.0	0.7492
Kev 4B	0.6541	324	0.2159	243.0	0.75
Kev 4B	0.654	325	0.2165	244.0	0.7508
Kev 4B	0.6527	328	0.2185	245.0	0.747
Kev 4B	0.6518	329	0.2192	246.0	0.7477
Kev 4B	0.6514	330	0.2199	246.0	0.7455
Kev 4B	0.6512	331	0.2205	247.0	0.7462
Kev 4B	0.6511	332	0.2212	248.0	0.747
Kev 4B	0.6506	333	0.2219	249.0	0.7477
Kev 4B	0.6505	334	0.2225	249.0	0.7455
Kev 4B	0.6501	335	0.2232	250.0	0.7463
Kev 4B	0.6494	336	0.2239	251.0	0.747
Kev 4B	0.6491	337	0.2245	252.0	0.7478
Kev 4B	0.6489	338	0.2252	252.0	0.7456
Kev 4B	0.6474	339	0.2258	252.0	0.7434
Kev 4B	0.647	342	0.2278	253.0	0.7398
Kev 4B	0.6468	343	0.2285	253.0	0.7376
Kev 4B	0.6467	344	0.2292	253.0	0.7355
Kev 4B	0.6463	345	0.2298	253.0	0.7333
Kev 4B	0.646	346	0.2305	253.0	0.7312
Kev 4B	0.645	347	0.2312	254.0	0.732
Kev 4B	0.6444	348	0.2318	255.0	0.7328
Kev 4B	0.644	349	0.2325	256.0	0.7335
Kev 4B	0.6437	350	0.2332	257.0	0.7343
Kev 4B	0.643	351	0.2338	258.0	0.735
Kev 4B	0.6429	352	0.2345	258.0	0.733
Kev 4B	0.6419	353	0.2352	259.0	0.7337
Kev 4B	0.6412	354	0.2358	259.0	0.7316
Kev 4B	0.6411	356	0.2372	261.0	0.7331
Kev 4B	0.6408	357	0.2378	261.0	0.7311
Kev 4B	0.6403	358	0.2385	261.0	0.7291
Kev 4B	0.64	360	0.2398	263.0	0.7306
Kev 4B	0.6391	361	0.2405	264.0	0.7313
Kev 4B	0.639	362	0.2412	264.0	0.7293
Kev 4B	0.6378	363	0.2418	265.0	0.73
Kev 4B	0.6369	365	0.2432	267.0	0.7315
Kev 4B	0.6367	366	0.2438	267.0	0.7295
Kev 4B	0.636	367	0.2445	268.0	0.7302
Kev 4B	0.6359	368	0.2452	269.0	0.731
Kev 4B	0.6348	369	0.2458	269.0	0.729
Kev 4B	0.6346	370	0.2465	270.0	0.7297
Kev 4B	0.6344	371	0.2472	270.0	0.7278
Kev 4B	0.634	372	0.2478	270.0	0.7258
Kev 4B	0.6338	373	0.2485	270.0	0.7239
Kev 4B	0.6323	374	0.2492	270.0	0.7219
Kev 4B	0.6315	375	0.2498	271.0	0.7227
Kev 4B	0.6314	376	0.2505	272.0	0.7234
Kev 4B	0.6311	377	0.2512	273.0	0.7241
Kev 4B	0.6305	378	0.2518	274.0	0.7249
Kev 4B	0.6294	379	0.2525	275.0	0.7256
Kev 4B	0.629	380	0.2532	275.0	0.7237
Kev 4B	0.6287	381	0.2538	276.0	0.7244
Kev 4B	0.6286	382	0.2545	276.0	0.7225
Kev 4B	0.6284	383	0.2552	277.0	0.7232
Kev 4B	0.6276	384	0.2558	278.0	0.724
Kev 4B	0.627	385	0.2565	278.0	0.7221
Kev 4B	0.6262	386	0.2572	279.0	0.7228
Kev 4B	0.6258	387	0.2578	279.0	0.7209
Kev 4B	0.6251	388	0.2585	279.0	0.7191
Kev 4B	0.6243	389	0.2592	280.0	0.7198
Kev 4B	0.6237	390	0.2598	281.0	0.7205
Kev 4B	0.6233	391	0.2605	282.0	0.7212
Kev 4B	0.6228	392	0.2612	283.0	0.7219
Kev 4B	0.6225	393	0.2618	284.0	0.7226
Kev 4B	0.6223	394	0.2625	285.0	0.7234
Kev 4B	0.6214	397	0.2645	285.0	0.7179
Kev 4B	0.6213	398	0.2652	286.0	0.7186
Kev 4B	0.6208	399	0.2658	287.0	0.7193
Kev 4B	0.6203	400	0.2665	288.0	0.72
Kev 4B	0.62	401	0.2672	289.0	0.7207
Kev 4B	0.6185	402	0.2678	290.0	0.7214
Kev 4B	0.6182	403	0.2685	290.0	0.7196
Kev 4B	0.6177	404	0.2692	291.0	0.7203
Kev 4B	0.6168	405	0.2698	291.0	0.7185
Kev 4B	0.6166	406	0.2705	292.0	0.7192
Kev 4B	0.6162	407	0.2712	292.0	0.7174
Kev 4B	0.616	408	0.2718	293.0	0.7181
Kev 4B	0.6151	409	0.2725	293.0	0.7164
Kev 4B	0.6149	410	0.2732	294.0	0.7171
Kev 4B	0.6137	411	0.2738	294.0	0.7153
Kev 4B	0.6136	412	0.2745	295.0	0.716
Kev 4B	0.6135	413	0.2751	296.0	0.7167
Kev 4B	0.6134	414	0.2758	297.0	0.7174
Kev 4B	0.6129	415	0.2765	298.0	0.7181
Kev 4B	0.6127	416	0.2771	298.0	0.7163
Kev 4B	0.6098	417	0.2778	299.0	0.717
Kev 4B	0.6096	418	0.2785	300.0	0.7177
Kev 4B	0.6093	419	0.2791	301.0	0.7184
Kev 4B	0.6091	420	0.2798	302.0	0.719
Kev 4B	0.609	421	0.2805	302.0	0.7173
Kev 4B	0.6082	422	0.2811	302.0	0.7156
Kev 4B	0.6076	423	0.2818	303.0	0.7163
Kev 4B	0.6073	424	0.2825	303.0	0.7146
Kev 4B	0.6071	426	0.2838	304.0	0.7136
Kev 4B	0.6058	427	0.2845	304.0	0.7119
Kev 4B	0.6049	428	0.2851	305.0	0.7126
Kev 4B	0.6047	429	0.2858	306.0	0.7133
Kev 4B	0.604	430	0.2865	307.0	0.714
Kev 4B	0.6039	431	0.2871	308.0	0.7146
Kev 4B	0.6035	432	0.2878	309.0	0.7153
Kev 4B	0.6029	433	0.2885	309.0	0.7136
Kev 4B	0.6025	435	0.2898	311.0	0.7149
Kev 4B	0.6018	437	0.2911	313.0	0.7162
Kev 4B	0.6015	438	0.2918	314.0	0.7169
Kev 4B	0.6007	439	0.2925	315.0	0.7175
Kev 4B	0.5999	440	0.2931	315.0	0.7159
Kev 4B	0.5993	441	0.2938	316.0	0.7166
Kev 4B	0.5984	442	0.2945	317.0	0.7172
Kev 4B	0.5983	443	0.2951	318.0	0.7178
Kev 4B	0.5981	444	0.2958	319.0	0.7185
Kev 4B	0.5974	445	0.2965	320.0	0.7191
Kev 4B	0.5972	446	0.2971	321.0	0.7197
Kev 4B	0.5971	447	0.2978	321.0	0.7181
Kev 4B	0.5966	448	0.2985	322.0	0.7188
Kev 4B	0.5961	449	0.2991	322.0	0.7171
Kev 4B	0.5959	450	0.2998	323.0	0.7178
Kev 4B	0.5953	451	0.3005	323.0	0.7162
Kev 4B	0.5951	452	0.3011	323.0	0.7146
Kev 4B	0.5949	453	0.3018	324.0	0.7152
Kev 4B	0.5941	454	0.3025	324.0	0.7137
Kev 4B	0.5939	455	0.3031	324.0	0.7121
Kev 4B	0.5922	456	0.3038	325.0	0.7127
Kev 4B	0.592	457	0.3045	325.0	0.7112
Kev 4B	0.5916	458	0.3051	326.0	0.7118
Kev 4B	0.5904	460	0.3065	328.0	0.713
Kev 4B	0.5893	461	0.3071	329.0	0.7137
Kev 4B	0.5892	463	0.3085	330.0	0.7127
Kev 4B	0.589	464	0.3091	330.0	0.7112
Kev 4B	0.5881	465	0.3098	331.0	0.7118
Kev 4B	0.588	466	0.3105	332.0	0.7124
Kev 4B	0.5879	467	0.3111	333.0	0.7131
Kev 4B	0.5877	468	0.3118	333.0	0.7115
Kev 4B	0.5871	469	0.3125	334.0	0.7122
Kev 4B	0.5868	470	0.3131	335.0	0.7128
Kev 4B	0.5864	471	0.3138	335.0	0.7113
Kev 4B	0.5856	472	0.3145	336.0	0.7119
Kev 4B	0.5855	473	0.3151	337.0	0.7125
Kev 4B	0.5854	474	0.3158	338.0	0.7131
Kev 4B	0.5853	475	0.3165	338.0	0.7116
Kev 4B	0.5847	476	0.3171	339.0	0.7122
Kev 4B	0.5843	477	0.3178	339.0	0.7107
Kev 4B	0.5842	478	0.3185	339.0	0.7092
Kev 4B	0.5837	479	0.3191	339.0	0.7077
Kev 4B	0.5835	480	0.3198	340.0	0.7083
Kev 4B	0.5825	482	0.3211	341.0	0.7075
Kev 4B	0.5823	483	0.3218	341.0	0.706
Kev 4B	0.5806	484	0.3225	341.0	0.7045
Kev 4B	0.5804	485	0.3231	341.0	0.7031
Kev 4B	0.5788	486	0.3238	341.0	0.7016
Kev 4B	0.5783	487	0.3245	341.0	0.7002
Kev 4B	0.5779	488	0.3251	342.0	0.7008
Kev 4B	0.5777	489	0.3258	342.0	0.6994
Kev 4B	0.5768	490	0.3264	342.0	0.698
Kev 4B	0.5764	491	0.3271	343.0	0.6986
Kev 4B	0.5762	492	0.3278	344.0	0.6992
Kev 4B	0.5761	493	0.3284	345.0	0.6998
Kev 4B	0.5758	495	0.3298	347.0	0.701
Kev 4B	0.5754	496	0.3304	348.0	0.7016
Kev 4B	0.5753	497	0.3311	349.0	0.7022
Kev 4B	0.5745	498	0.3318	350.0	0.7028
Kev 4B	0.573	499	0.3324	350.0	0.7014
Kev 4B	0.5729	500	0.3331	350.0	0.7
Kev 4B	0.5725	501	0.3338	351.0	0.7006
Kev 4B	0.5719	502	0.3344	352.0	0.7012
Kev 4B	0.5711	503	0.3351	353.0	0.7018
Kev 4B	0.5706	505	0.3364	354.0	0.701
Kev 4B	0.5702	506	0.3371	354.0	0.6996
Kev 4B	0.5693	507	0.3378	354.0	0.6982
Kev 4B	0.5682	508	0.3384	355.0	0.6988
Kev 4B	0.568	509	0.3391	355.0	0.6974
Kev 4B	0.5679	510	0.3398	356.0	0.698
Kev 4B	0.5678	511	0.3404	356.0	0.6967
Kev 4B	0.5671	512	0.3411	356.0	0.6953
Kev 4B	0.5668	513	0.3418	357.0	0.6959
Kev 4B	0.5666	514	0.3424	357.0	0.6946
Kev 4B	0.5664	515	0.3431	358.0	0.6951
Kev 4B	0.5662	516	0.3438	358.0	0.6938
Kev 4B	0.566	517	0.3444	359.0	0.6944
Kev 4B	0.5656	518	0.3451	360.0	0.695
Kev 4B	0.5652	519	0.3458	361.0	0.6956
Kev 4B	0.5649	520	0.3464	362.0	0.6962
Kev 4B	0.5647	521	0.3471	362.0	0.6948
Kev 4B	0.5646	522	0.3478	363.0	0.6954
Kev 4B	0.5645	523	0.3484	363.0	0.6941
Kev 4B	0.5636	524	0.3491	364.0	0.6947
Kev 4B	0.563	525	0.3498	365.0	0.6952
Kev 4B	0.5629	526	0.3504	365.0	0.6939
Kev 4B	0.5627	527	0.3511	365.0	0.6926
Kev 4B	0.5626	528	0.3518	365.0	0.6913
Kev 4B	0.5617	529	0.3524	366.0	0.6919
Kev 4B	0.5609	530	0.3531	367.0	0.6925
Kev 4B	0.5605	531	0.3538	367.0	0.6911
Kev 4B	0.5597	532	0.3544	368.0	0.6917
Kev 4B	0.5594	533	0.3551	369.0	0.6923
Kev 4B	0.5592	534	0.3558	370.0	0.6929
Kev 4B	0.559	535	0.3564	370.0	0.6916
Kev 4B	0.5586	536	0.3571	371.0	0.6922
Kev 4B	0.5584	537	0.3578	371.0	0.6909
Kev 4B	0.5582	538	0.3584	372.0	0.6914
Kev 4B	0.5575	539	0.3591	373.0	0.692
Kev 4B	0.5567	540	0.3598	373.0	0.6907
Kev 4B	0.556	541	0.3604	373.0	0.6895
Kev 4B	0.5557	542	0.3611	374.0	0.69
Kev 4B	0.5554	543	0.3618	374.0	0.6888
Kev 4B	0.5549	544	0.3624	374.0	0.6875
Kev 4B	0.5548	546	0.3638	375.0	0.6868
Kev 4B	0.5547	547	0.3644	375.0	0.6856
Kev 4B	0.5545	549	0.3658	376.0	0.6849
Kev 4B	0.5541	550	0.3664	377.0	0.6855
Kev 4B	0.554	551	0.3671	378.0	0.686
Kev 4B	0.5527	552	0.3678	378.0	0.6848
Kev 4B	0.5523	553	0.3684	378.0	0.6835
Kev 4B	0.5522	554	0.3691	378.0	0.6823
Kev 4B	0.5512	555	0.3698	378.0	0.6811
Kev 4B	0.5511	557	0.3711	380.0	0.6822
Kev 4B	0.551	558	0.3718	381.0	0.6828
Kev 4B	0.5505	559	0.3724	382.0	0.6834
Kev 4B	0.5502	560	0.3731	383.0	0.6839
Kev 4B	0.5496	561	0.3738	383.0	0.6827
Kev 4B	0.5494	562	0.3744	383.0	0.6815
Kev 4B	0.5493	563	0.3751	383.0	0.6803
Kev 4B	0.549	564	0.3757	384.0	0.6809
Kev 4B	0.5464	565	0.3764	385.0	0.6814
Kev 4B	0.546	566	0.3771	386.0	0.682
Kev 4B	0.5459	567	0.3777	386.0	0.6808
Kev 4B	0.5451	568	0.3784	386.0	0.6796
Kev 4B	0.545	569	0.3791	387.0	0.6801
Kev 4B	0.5447	570	0.3797	387.0	0.6789
Kev 4B	0.5446	571	0.3804	388.0	0.6795
Kev 4B	0.5444	572	0.3811	389.0	0.6801
Kev 4B	0.544	573	0.3817	389.0	0.6789
Kev 4B	0.5433	574	0.3824	389.0	0.6777
Kev 4B	0.5423	575	0.3831	389.0	0.6765
Kev 4B	0.5419	576	0.3837	390.0	0.6771
Kev 4B	0.5415	577	0.3844	391.0	0.6776
Kev 4B	0.5412	578	0.3851	392.0	0.6782
Kev 4B	0.541	579	0.3857	392.0	0.677
Kev 4B	0.5407	580	0.3864	392.0	0.6759
Kev 4B	0.5406	581	0.3871	393.0	0.6764
Kev 4B	0.5402	582	0.3877	394.0	0.677
Kev 4B	0.5381	583	0.3884	394.0	0.6758
Kev 4B	0.537	584	0.3891	394.0	0.6747
Kev 4B	0.5369	585	0.3897	394.0	0.6735
Kev 4B	0.5367	586	0.3904	395.0	0.6741
Kev 4B	0.5362	587	0.3911	396.0	0.6746
Kev 4B	0.5361	588	0.3917	397.0	0.6752
Kev 4B	0.5352	589	0.3924	398.0	0.6757
Kev 4B	0.5343	590	0.3931	399.0	0.6763
Kev 4B	0.534	591	0.3937	400.0	0.6768
Kev 4B	0.5339	592	0.3944	401.0	0.6774
Kev 4B	0.5336	593	0.3951	401.0	0.6762
Kev 4B	0.5326	594	0.3957	402.0	0.6768
Kev 4B	0.5325	595	0.3964	403.0	0.6773
Kev 4B	0.5324	596	0.3971	403.0	0.6762
Kev 4B	0.5315	598	0.3984	403.0	0.6739
Kev 4B	0.5306	599	0.3991	404.0	0.6745
Kev 4B	0.5301	600	0.3997	404.0	0.6733
Kev 4B	0.5296	601	0.4004	404.0	0.6722
Kev 4B	0.5285	602	0.4011	405.0	0.6728
Kev 4B	0.5284	603	0.4017	406.0	0.6733
Kev 4B	0.5273	604	0.4024	407.0	0.6738
Kev 4B	0.5269	605	0.4031	408.0	0.6744
Kev 4B	0.5262	606	0.4037	408.0	0.6733
Kev 4B	0.5255	607	0.4044	409.0	0.6738
Kev 4B	0.5252	608	0.4051	410.0	0.6743
Kev 4B	0.525	609	0.4057	411.0	0.6749
Kev 4B	0.5236	610	0.4064	411.0	0.6738
Kev 4B	0.5235	611	0.4071	412.0	0.6743
Kev 4B	0.5224	612	0.4077	413.0	0.6748
Kev 4B	0.5221	613	0.4084	414.0	0.6754
Kev 4B	0.522	616	0.4104	414.0	0.6721
Kev 4B	0.5216	617	0.4111	415.0	0.6726
Kev 4B	0.5214	618	0.4117	416.0	0.6731
Kev 4B	0.5212	619	0.4124	416.0	0.6721
Kev 4B	0.5211	620	0.4131	416.0	0.671
Kev 4B	0.5208	621	0.4137	416.0	0.6699
Kev 4B	0.5204	622	0.4144	416.0	0.6688
Kev 4B	0.5199	623	0.4151	416.0	0.6677
Kev 4B	0.5196	624	0.4157	417.0	0.6683
Kev 4B	0.5195	625	0.4164	418.0	0.6688
Kev 4B	0.5183	626	0.4171	418.0	0.6677
Kev 4B	0.5166	627	0.4177	419.0	0.6683
Kev 4B	0.5157	628	0.4184	420.0	0.6688
Kev 4B	0.5149	629	0.4191	420.0	0.6677
Kev 4B	0.5147	630	0.4197	420.0	0.6667
Kev 4B	0.5144	631	0.4204	421.0	0.6672
Kev 4B	0.5139	632	0.4211	421.0	0.6661
Kev 4B	0.5134	633	0.4217	422.0	0.6667
Kev 4B	0.5133	634	0.4224	423.0	0.6672
Kev 4B	0.5128	635	0.4231	424.0	0.6677
Kev 4B	0.5125	637	0.4244	425.0	0.6672
Kev 4B	0.5124	638	0.425	426.0	0.6677
Kev 4B	0.5114	639	0.4257	426.0	0.6667
Kev 4B	0.5107	640	0.4264	426.0	0.6656
Kev 4B	0.5106	641	0.427	426.0	0.6646
Kev 4B	0.5104	642	0.4277	427.0	0.6651
Kev 4B	0.5103	644	0.429	427.0	0.663
Kev 4B	0.5099	645	0.4297	428.0	0.6636
Kev 4B	0.5098	646	0.4304	428.0	0.6625
Kev 4B	0.5095	647	0.431	429.0	0.6631
Kev 4B	0.5083	648	0.4317	430.0	0.6636
Kev 4B	0.5081	649	0.4324	430.0	0.6626
Kev 4B	0.5079	650	0.433	430.0	0.6615
Kev 4B	0.507	651	0.4337	430.0	0.6605
Kev 4B	0.5068	653	0.435	430.0	0.6585
Kev 4B	0.5067	654	0.4357	430.0	0.6575
Kev 4B	0.5063	655	0.4364	431.0	0.658
Kev 4B	0.5053	656	0.437	432.0	0.6585
Kev 4B	0.5051	657	0.4377	432.0	0.6575
Kev 4B	0.5045	659	0.439	432.0	0.6555
Kev 4B	0.5035	662	0.441	432.0	0.6526
Kev 4B	0.5022	663	0.4417	433.0	0.6531
Kev 4B	0.5021	665	0.443	433.0	0.6511
Kev 4B	0.5017	666	0.4437	434.0	0.6517
Kev 4B	0.5013	667	0.4444	434.0	0.6507
Kev 4B	0.5004	668	0.445	434.0	0.6497
Kev 4B	0.5002	669	0.4457	435.0	0.6502
Kev 4B	0.4997	670	0.4464	435.0	0.6493
Kev 4B	0.4994	671	0.447	436.0	0.6498
Kev 4B	0.4986	672	0.4477	436.0	0.6488
Kev 4B	0.4945	673	0.4484	437.0	0.6493
Kev 4B	0.4938	674	0.449	438.0	0.6499
Kev 4B	0.4937	675	0.4497	438.0	0.6489
Kev 4B	0.4933	676	0.4504	438.0	0.6479
Kev 4B	0.493	677	0.451	438.0	0.647
Kev 4B	0.4928	678	0.4517	438.0	0.646
Kev 4B	0.4924	679	0.4524	438.0	0.6451
Kev 4B	0.4922	680	0.453	439.0	0.6456
Kev 4B	0.4917	682	0.4544	440.0	0.6452
Kev 4B	0.4913	683	0.455	440.0	0.6442
Kev 4B	0.4899	684	0.4557	440.0	0.6433
Kev 4B	0.4886	685	0.4564	440.0	0.6423
Kev 4B	0.4883	687	0.4577	442.0	0.6434
Kev 4B	0.4877	688	0.4584	442.0	0.6424
Kev 4B	0.4873	689	0.459	442.0	0.6415
Kev 4B	0.4866	690	0.4597	442.0	0.6406
Kev 4B	0.4865	691	0.4604	443.0	0.6411
Kev 4B	0.4864	692	0.461	444.0	0.6416
Kev 4B	0.4861	693	0.4617	444.0	0.6407
Kev 4B	0.4844	694	0.4624	445.0	0.6412
Kev 4B	0.4842	695	0.463	445.0	0.6403
Kev 4B	0.4835	696	0.4637	445.0	0.6394
Kev 4B	0.4826	697	0.4644	446.0	0.6399
Kev 4B	0.4813	698	0.465	446.0	0.639
Kev 4B	0.4805	699	0.4657	447.0	0.6395
Kev 4B	0.4804	700	0.4664	447.0	0.6386
Kev 4B	0.4797	701	0.467	448.0	0.6391
Kev 4B	0.4783	702	0.4677	448.0	0.6382
Kev 4B	0.4774	703	0.4684	449.0	0.6387
Kev 4B	0.4772	704	0.469	449.0	0.6378
Kev 4B	0.4765	705	0.4697	449.0	0.6369
Kev 4B	0.4763	706	0.4704	450.0	0.6374
Kev 4B	0.4762	707	0.471	451.0	0.6379
Kev 4B	0.4761	710	0.473	452.0	0.6366
Kev 4B	0.4757	711	0.4737	452.0	0.6357
Kev 4B	0.4755	712	0.4744	453.0	0.6362
Kev 4B	0.4746	713	0.475	454.0	0.6367
Kev 4B	0.4744	714	0.4757	454.0	0.6359
Kev 4B	0.4741	715	0.4763	454.0	0.635
Kev 4B	0.4736	717	0.4777	455.0	0.6346
Kev 4B	0.4735	718	0.4783	455.0	0.6337
Kev 4B	0.4715	719	0.479	456.0	0.6342
Kev 4B	0.4695	720	0.4797	456.0	0.6333
Kev 4B	0.4691	721	0.4803	457.0	0.6338
Kev 4B	0.469	722	0.481	458.0	0.6343
Kev 4B	0.4687	723	0.4817	458.0	0.6335
Kev 4B	0.4686	724	0.4823	458.0	0.6326
Kev 4B	0.4682	725	0.483	459.0	0.6331
Kev 4B	0.467	726	0.4837	459.0	0.6322
Kev 4B	0.4666	727	0.4843	460.0	0.6327
Kev 4B	0.466	728	0.485	461.0	0.6332
Kev 4B	0.4653	730	0.4863	462.0	0.6329
Kev 4B	0.465	731	0.487	463.0	0.6334
Kev 4B	0.464	732	0.4877	463.0	0.6325
Kev 4B	0.4637	733	0.4883	464.0	0.633
Kev 4B	0.4632	735	0.4897	466.0	0.634
Kev 4B	0.4623	737	0.491	467.0	0.6336
Kev 4B	0.4611	738	0.4917	468.0	0.6341
Kev 4B	0.461	739	0.4923	469.0	0.6346
Kev 4B	0.4608	740	0.493	469.0	0.6338
Kev 4B	0.4601	741	0.4937	470.0	0.6343
Kev 4B	0.4598	742	0.4943	470.0	0.6334
Kev 4B	0.4592	743	0.495	470.0	0.6326
Kev 4B	0.4585	744	0.4957	471.0	0.6331
Kev 4B	0.4583	745	0.4963	471.0	0.6322
Kev 4B	0.4578	746	0.497	472.0	0.6327
Kev 4B	0.4577	747	0.4977	473.0	0.6332
Kev 4B	0.4565	748	0.4983	473.0	0.6324
Kev 4B	0.4564	750	0.4997	473.0	0.6307
Kev 4B	0.4554	751	0.5003	474.0	0.6312
Kev 4B	0.4552	752	0.501	475.0	0.6316
Kev 4B	0.4551	753	0.5017	476.0	0.6321
Kev 4B	0.4546	754	0.5023	476.0	0.6313
Kev 4B	0.4543	755	0.503	477.0	0.6318
Kev 4B	0.4535	756	0.5037	477.0	0.631
Kev 4B	0.4531	757	0.5043	477.0	0.6301
Kev 4B	0.4524	758	0.505	477.0	0.6293
Kev 4B	0.4511	759	0.5057	478.0	0.6298
Kev 4B	0.4504	760	0.5063	478.0	0.6289
Kev 4B	0.4491	761	0.507	478.0	0.6281
Kev 4B	0.4489	763	0.5083	479.0	0.6278
Kev 4B	0.4472	765	0.5097	479.0	0.6261
Kev 4B	0.447	766	0.5103	480.0	0.6266
Kev 4B	0.4469	767	0.511	481.0	0.6271
Kev 4B	0.4466	768	0.5117	482.0	0.6276
Kev 4B	0.4464	769	0.5123	483.0	0.6281
Kev 4B	0.4457	771	0.5137	484.0	0.6278
Kev 4B	0.4454	772	0.5143	485.0	0.6282
Kev 4B	0.445	773	0.515	485.0	0.6274
Kev 4B	0.4446	774	0.5157	485.0	0.6266
Kev 4B	0.4444	775	0.5163	485.0	0.6258
Kev 4B	0.4441	776	0.517	485.0	0.625
Kev 4B	0.4425	777	0.5177	485.0	0.6242
Kev 4B	0.4423	778	0.5183	486.0	0.6247
Kev 4B	0.4417	779	0.519	487.0	0.6252
Kev 4B	0.4406	780	0.5197	487.0	0.6244
Kev 4B	0.4405	782	0.521	487.0	0.6228
Kev 4B	0.4392	783	0.5217	487.0	0.622
Kev 4B	0.4387	784	0.5223	487.0	0.6212
Kev 4B	0.4386	786	0.5237	487.0	0.6196
Kev 4B	0.4382	787	0.5243	487.0	0.6188
Kev 4B	0.438	788	0.525	487.0	0.618
Kev 4B	0.4376	789	0.5256	488.0	0.6185
Kev 4B	0.4373	790	0.5263	488.0	0.6177
Kev 4B	0.4372	791	0.527	488.0	0.6169
Kev 4B	0.4371	792	0.5276	489.0	0.6174
Kev 4B	0.437	793	0.5283	490.0	0.6179
Kev 4B	0.4369	795	0.5296	490.0	0.6164
Kev 4B	0.4364	796	0.5303	490.0	0.6156
Kev 4B	0.4361	797	0.531	490.0	0.6148
Kev 4B	0.4349	799	0.5323	491.0	0.6145
Kev 4B	0.4342	800	0.533	492.0	0.615
Kev 4B	0.434	801	0.5336	492.0	0.6142
Kev 4B	0.4337	802	0.5343	493.0	0.6147
Kev 4B	0.4335	803	0.535	494.0	0.6152
Kev 4B	0.4332	804	0.5356	495.0	0.6157
Kev 4B	0.4327	805	0.5363	495.0	0.6149
Kev 4B	0.4325	806	0.537	495.0	0.6141
Kev 4B	0.4315	807	0.5376	495.0	0.6134
Kev 4B	0.4311	808	0.5383	495.0	0.6126
Kev 4B	0.4307	809	0.539	496.0	0.6131
Kev 4B	0.4306	811	0.5403	496.0	0.6116
Kev 4B	0.4304	812	0.541	496.0	0.6108
Kev 4B	0.4303	813	0.5416	496.0	0.6101
Kev 4B	0.4298	814	0.5423	496.0	0.6093
Kev 4B	0.4294	816	0.5436	498.0	0.6103
Kev 4B	0.4286	817	0.5443	498.0	0.6095
Kev 4B	0.4283	818	0.545	499.0	0.61
Kev 4B	0.4278	819	0.5456	499.0	0.6093
Kev 4B	0.4268	820	0.5463	500.0	0.6098
Kev 4B	0.4266	821	0.547	501.0	0.6102
Kev 4B	0.4263	822	0.5476	501.0	0.6095
Kev 4B	0.426	823	0.5483	502.0	0.61
Kev 4B	0.4258	824	0.549	503.0	0.6104
Kev 4B	0.4248	825	0.5496	504.0	0.6109
Kev 4B	0.4246	826	0.5503	504.0	0.6102
Kev 4B	0.4242	827	0.551	504.0	0.6094
Kev 4B	0.4238	829	0.5523	504.0	0.608
Kev 4B	0.4236	830	0.553	504.0	0.6072
Kev 4B	0.4235	831	0.5536	504.0	0.6065
Kev 4B	0.4231	833	0.555	504.0	0.605
Kev 4B	0.4225	834	0.5556	505.0	0.6055
Kev 4B	0.4221	835	0.5563	506.0	0.606
Kev 4B	0.4216	836	0.557	506.0	0.6053
Kev 4B	0.4212	837	0.5576	506.0	0.6045
Kev 4B	0.421	839	0.559	507.0	0.6043
Kev 4B	0.4206	841	0.5603	507.0	0.6029
Kev 4B	0.4203	842	0.561	507.0	0.6021
Kev 4B	0.4199	845	0.563	510.0	0.6036
Kev 4B	0.4197	846	0.5636	511.0	0.604
Kev 4B	0.4191	847	0.5643	511.0	0.6033
Kev 4B	0.4187	848	0.565	512.0	0.6038
Kev 4B	0.4182	849	0.5656	512.0	0.6031
Kev 4B	0.4175	850	0.5663	512.0	0.6024
Kev 4B	0.417	851	0.567	512.0	0.6016
Kev 4B	0.4169	852	0.5676	512.0	0.6009
Kev 4B	0.4156	853	0.5683	512.0	0.6002
Kev 4B	0.415	854	0.569	513.0	0.6007
Kev 4B	0.4143	855	0.5696	513.0	0.6
Kev 4B	0.4133	856	0.5703	513.0	0.5993
Kev 4B	0.4127	857	0.571	514.0	0.5998
Kev 4B	0.4126	858	0.5716	515.0	0.6002
Kev 4B	0.4124	859	0.5723	515.0	0.5995
Kev 4B	0.4123	860	0.573	515.0	0.5988
Kev 4B	0.4122	862	0.5743	516.0	0.5986
Kev 4B	0.4116	863	0.575	517.0	0.5991
Kev 4B	0.4114	864	0.5756	518.0	0.5995
Kev 4B	0.4111	865	0.5763	519.0	0.6
Kev 4B	0.4109	866	0.5769	519.0	0.5993
Kev 4B	0.4099	867	0.5776	519.0	0.5986
Kev 4B	0.4097	868	0.5783	519.0	0.5979
Kev 4B	0.4096	869	0.5789	519.0	0.5972
Kev 4B	0.4095	870	0.5796	520.0	0.5977
Kev 4B	0.4091	872	0.5809	521.0	0.5975
Kev 4B	0.4089	873	0.5816	521.0	0.5968
Kev 4B	0.4084	874	0.5823	521.0	0.5961
Kev 4B	0.4073	875	0.5829	521.0	0.5954
Kev 4B	0.4072	876	0.5836	522.0	0.5959
Kev 4B	0.4069	877	0.5843	522.0	0.5952
Kev 4B	0.4068	878	0.5849	522.0	0.5945
Kev 4B	0.4067	879	0.5856	522.0	0.5939
Kev 4B	0.4066	880	0.5863	522.0	0.5932
Kev 4B	0.4065	881	0.5869	522.0	0.5925
Kev 4B	0.4055	882	0.5876	523.0	0.593
Kev 4B	0.4036	883	0.5883	523.0	0.5923
Kev 4B	0.4035	884	0.5889	523.0	0.5916
Kev 4B	0.403	886	0.5903	523.0	0.5903
Kev 4B	0.4025	887	0.5909	523.0	0.5896
Kev 4B	0.4022	888	0.5916	524.0	0.5901
Kev 4B	0.4021	889	0.5923	525.0	0.5906
Kev 4B	0.4019	890	0.5929	526.0	0.591
Kev 4B	0.4018	891	0.5936	526.0	0.5903
Kev 4B	0.4016	893	0.5949	527.0	0.5901
Kev 4B	0.4011	894	0.5956	527.0	0.5895
Kev 4B	0.401	896	0.5969	527.0	0.5882
Kev 4B	0.4007	898	0.5983	528.0	0.588
Kev 4B	0.4005	899	0.5989	529.0	0.5884
Kev 4B	0.4003	900	0.5996	530.0	0.5889
Kev 4B	0.3999	901	0.6003	530.0	0.5882
Kev 4B	0.3996	902	0.6009	530.0	0.5876
Kev 4B	0.3995	903	0.6016	530.0	0.5869
Kev 4B	0.3991	904	0.6023	530.0	0.5863
Kev 4B	0.3988	905	0.6029	530.0	0.5856
Kev 4B	0.3981	906	0.6036	530.0	0.585
Kev 4B	0.3979	907	0.6043	531.0	0.5854
Kev 4B	0.3978	908	0.6049	531.0	0.5848
Kev 4B	0.3973	909	0.6056	531.0	0.5842
Kev 4B	0.3965	910	0.6063	532.0	0.5846
Kev 4B	0.3964	911	0.6069	533.0	0.5851
Kev 4B	0.3962	912	0.6076	533.0	0.5844
Kev 4B	0.3957	914	0.6089	534.0	0.5842
Kev 4B	0.3954	916	0.6103	534.0	0.583
Kev 4B	0.395	917	0.6109	534.0	0.5823
Kev 4B	0.3946	918	0.6116	534.0	0.5817
Kev 4B	0.3943	919	0.6123	534.0	0.5811
Kev 4B	0.3942	921	0.6136	535.0	0.5809
Kev 4B	0.3935	922	0.6143	536.0	0.5813
Kev 4B	0.3932	923	0.6149	536.0	0.5807
Kev 4B	0.3929	925	0.6163	538.0	0.5816
Kev 4B	0.3927	926	0.6169	538.0	0.581
Kev 4B	0.3925	928	0.6183	539.0	0.5808
Kev 4B	0.392	929	0.6189	540.0	0.5813
Kev 4B	0.3919	930	0.6196	540.0	0.5806
Kev 4B	0.3916	931	0.6203	540.0	0.58
Kev 4B	0.3912	932	0.6209	540.0	0.5794
Kev 4B	0.391	933	0.6216	541.0	0.5798
Kev 4B	0.3908	935	0.6229	542.0	0.5797
Kev 4B	0.3906	936	0.6236	542.0	0.5791
Kev 4B	0.3903	938	0.6249	542.0	0.5778
Kev 4B	0.3896	939	0.6256	542.0	0.5772
Kev 4B	0.3895	940	0.6262	543.0	0.5777
Kev 4B	0.3891	941	0.6269	543.0	0.577
Kev 4B	0.389	942	0.6276	544.0	0.5775
Kev 4B	0.3889	944	0.6289	546.0	0.5784
Kev 4B	0.3888	945	0.6296	547.0	0.5788
Kev 4B	0.3886	946	0.6302	548.0	0.5793
Kev 4B	0.3885	947	0.6309	548.0	0.5787
Kev 4B	0.3884	948	0.6316	549.0	0.5791
Kev 4B	0.3883	949	0.6322	549.0	0.5785
Kev 4B	0.3868	950	0.6329	549.0	0.5779
Kev 4B	0.3866	951	0.6336	549.0	0.5773
Kev 4B	0.3865	952	0.6342	549.0	0.5767
Kev 4B	0.3864	953	0.6349	549.0	0.5761
Kev 4B	0.386	954	0.6356	549.0	0.5755
Kev 4B	0.3858	955	0.6362	549.0	0.5749
Kev 4B	0.3857	957	0.6376	549.0	0.5737
Kev 4B	0.3855	959	0.6389	549.0	0.5725
Kev 4B	0.3854	960	0.6396	549.0	0.5719
Kev 4B	0.3851	961	0.6402	549.0	0.5713
Kev 4B	0.3841	962	0.6409	549.0	0.5707
Kev 4B	0.384	963	0.6416	549.0	0.5701
Kev 4B	0.3837	964	0.6422	549.0	0.5695
Kev 4B	0.3835	966	0.6436	551.0	0.5704
Kev 4B	0.3831	967	0.6442	551.0	0.5698
Kev 4B	0.3829	968	0.6449	551.0	0.5692
Kev 4B	0.3823	969	0.6456	552.0	0.5697
Kev 4B	0.3822	971	0.6469	553.0	0.5695
Kev 4B	0.3821	972	0.6476	553.0	0.5689
Kev 4B	0.3817	973	0.6482	553.0	0.5683
Kev 4B	0.3815	974	0.6489	553.0	0.5678
Kev 4B	0.3814	975	0.6496	554.0	0.5682
Kev 4B	0.3813	976	0.6502	555.0	0.5686
Kev 4B	0.3806	979	0.6522	556.0	0.5679
Kev 4B	0.3801	980	0.6529	556.0	0.5673
Kev 4B	0.38	981	0.6536	556.0	0.5668
Kev 4B	0.3797	982	0.6542	556.0	0.5662
Kev 4B	0.3792	983	0.6549	556.0	0.5656
Kev 4B	0.3791	984	0.6556	556.0	0.565
Kev 4B	0.379	985	0.6562	557.0	0.5655
Kev 4B	0.3789	986	0.6569	557.0	0.5649
Kev 4B	0.3787	987	0.6576	557.0	0.5643
Kev 4B	0.3786	988	0.6582	557.0	0.5638
Kev 4B	0.3785	989	0.6589	557.0	0.5632
Kev 4B	0.3781	990	0.6596	558.0	0.5636
Kev 4B	0.3778	991	0.6602	558.0	0.5631
Kev 4B	0.3774	992	0.6609	558.0	0.5625
Kev 4B	0.377	993	0.6616	558.0	0.5619
Kev 4B	0.3766	994	0.6622	558.0	0.5614
Kev 4B	0.3765	995	0.6629	559.0	0.5618
Kev 4B	0.3756	996	0.6636	560.0	0.5622
Kev 4B	0.3748	997	0.6642	561.0	0.5627
Kev 4B	0.3747	998	0.6649	561.0	0.5621
Kev 4B	0.3745	1000	0.6662	562.0	0.562
Kev 4B	0.3744	1003	0.6682	563.0	0.5613
Kev 4B	0.3742	1004	0.6689	563.0	0.5608
Kev 4B	0.374	1005	0.6696	563.0	0.5602
Kev 4B	0.3738	1008	0.6716	565.0	0.5605
Kev 4B	0.3735	1009	0.6722	566.0	0.561
Kev 4B	0.373	1011	0.6736	568.0	0.5618
Kev 4B	0.3729	1013	0.6749	568.0	0.5607
Kev 4B	0.3724	1014	0.6755	568.0	0.5602
Kev 4B	0.3723	1015	0.6762	568.0	0.5596
Kev 4B	0.3722	1016	0.6769	568.0	0.5591
Kev 4B	0.372	1017	0.6775	568.0	0.5585
Kev 4B	0.3715	1018	0.6782	569.0	0.5589
Kev 4B	0.3711	1019	0.6789	570.0	0.5594
Kev 4B	0.3709	1020	0.6795	570.0	0.5588
Kev 4B	0.3707	1021	0.6802	571.0	0.5593
Kev 4B	0.3706	1022	0.6809	571.0	0.5587
Kev 4B	0.3705	1023	0.6815	572.0	0.5591
Kev 4B	0.3704	1024	0.6822	572.0	0.5586
Kev 4B	0.3702	1025	0.6829	572.0	0.558
Kev 4B	0.3697	1026	0.6835	572.0	0.5575
Kev 4B	0.3694	1027	0.6842	572.0	0.557
Kev 4B	0.369	1028	0.6849	573.0	0.5574
Kev 4B	0.3689	1029	0.6855	573.0	0.5569
Kev 4B	0.3688	1030	0.6862	573.0	0.5563
Kev 4B	0.3685	1031	0.6869	573.0	0.5558
Kev 4B	0.3684	1033	0.6882	574.0	0.5557
Kev 4B	0.3683	1034	0.6889	575.0	0.5561
Kev 4B	0.3679	1035	0.6895	575.0	0.5556
Kev 4B	0.3678	1036	0.6902	576.0	0.556
Kev 4B	0.3677	1037	0.6909	576.0	0.5554
Kev 4B	0.3674	1038	0.6915	576.0	0.5549
Kev 4B	0.3671	1040	0.6929	578.0	0.5558
Kev 4B	0.367	1041	0.6935	578.0	0.5552
Kev 4B	0.3665	1042	0.6942	578.0	0.5547
Kev 4B	0.3662	1043	0.6949	578.0	0.5542
Kev 4B	0.3661	1044	0.6955	579.0	0.5546
Kev 4B	0.3659	1045	0.6962	579.0	0.5541
Kev 4B	0.3654	1046	0.6969	579.0	0.5535
Kev 4B	0.3652	1047	0.6975	580.0	0.554
Kev 4B	0.3651	1048	0.6982	580.0	0.5534
Kev 4B	0.3649	1049	0.6989	580.0	0.5529
Kev 4B	0.3648	1050	0.6995	580.0	0.5524
Kev 4B	0.3647	1051	0.7002	580.0	0.5519
Kev 4B	0.3645	1052	0.7009	581.0	0.5523
Kev 4B	0.3643	1053	0.7015	581.0	0.5518
Kev 4B	0.3641	1054	0.7022	581.0	0.5512
Kev 4B	0.364	1055	0.7029	581.0	0.5507
Kev 4B	0.3639	1056	0.7035	582.0	0.5511
Kev 4B	0.3637	1058	0.7049	583.0	0.551
Kev 4B	0.3628	1059	0.7055	584.0	0.5515
Kev 4B	0.3624	1060	0.7062	584.0	0.5509
Kev 4B	0.362	1062	0.7075	585.0	0.5508
Kev 4B	0.3609	1064	0.7089	585.0	0.5498
Kev 4B	0.3608	1065	0.7095	585.0	0.5493
Kev 4B	0.3606	1066	0.7102	586.0	0.5497
Kev 4B	0.3602	1068	0.7115	586.0	0.5487
Kev 4B	0.3601	1069	0.7122	586.0	0.5482
Kev 4B	0.3592	1070	0.7129	586.0	0.5477
Kev 4B	0.3589	1071	0.7135	587.0	0.5481
Kev 4B	0.3584	1072	0.7142	588.0	0.5485
Kev 4B	0.3583	1074	0.7155	589.0	0.5484
Kev 4B	0.3581	1075	0.7162	590.0	0.5488
Kev 4B	0.358	1076	0.7169	591.0	0.5493
Kev 4B	0.3575	1079	0.7189	591.0	0.5477
Kev 4B	0.3574	1080	0.7195	591.0	0.5472
Kev 4B	0.3573	1081	0.7202	592.0	0.5476
Kev 4B	0.357	1082	0.7209	593.0	0.5481
Kev 4B	0.3566	1083	0.7215	594.0	0.5485
Kev 4B	0.3565	1085	0.7229	594.0	0.5475
Kev 4B	0.3564	1086	0.7235	594.0	0.547
Kev 4B	0.3559	1087	0.7242	594.0	0.5465
Kev 4B	0.3556	1088	0.7249	594.0	0.546
Kev 4B	0.3549	1089	0.7255	595.0	0.5464
Kev 4B	0.3546	1090	0.7262	596.0	0.5468
Kev 4B	0.3543	1091	0.7268	596.0	0.5463
Kev 4B	0.3538	1092	0.7275	596.0	0.5458
Kev 4B	0.3536	1094	0.7288	596.0	0.5448
Kev 4B	0.3535	1095	0.7295	597.0	0.5452
Kev 4B	0.3528	1097	0.7308	597.0	0.5442
Kev 4B	0.3525	1098	0.7315	598.0	0.5446
Kev 4B	0.3521	1099	0.7322	599.0	0.545
Kev 4B	0.3519	1100	0.7328	599.0	0.5445
Kev 4B	0.3517	1102	0.7342	601.0	0.5454
Kev 4B	0.3515	1105	0.7362	602.0	0.5448
Kev 4B	0.3514	1107	0.7375	603.0	0.5447
Kev 4B	0.3508	1108	0.7382	604.0	0.5451
Kev 4B	0.3501	1109	0.7388	604.0	0.5446
Kev 4B	0.3493	1110	0.7395	605.0	0.545
Kev 4B	0.3492	1111	0.7402	605.0	0.5446
Kev 4B	0.349	1112	0.7408	605.0	0.5441
Kev 4B	0.3488	1113	0.7415	605.0	0.5436
Kev 4B	0.3481	1114	0.7422	606.0	0.544
Kev 4B	0.348	1115	0.7428	606.0	0.5435
Kev 4B	0.3479	1116	0.7435	607.0	0.5439
Kev 4B	0.3475	1119	0.7455	607.0	0.5424
Kev 4B	0.3474	1122	0.7475	608.0	0.5419
Kev 4B	0.3473	1123	0.7482	608.0	0.5414
Kev 4B	0.3472	1125	0.7495	608.0	0.5404
Kev 4B	0.3471	1126	0.7502	609.0	0.5409
Kev 4B	0.347	1127	0.7508	610.0	0.5413
Kev 4B	0.3469	1128	0.7515	611.0	0.5417
Kev 4B	0.3467	1129	0.7522	611.0	0.5412
Kev 4B	0.3466	1130	0.7528	611.0	0.5407
Kev 4B	0.3464	1131	0.7535	611.0	0.5402
Kev 4B	0.3462	1133	0.7548	611.0	0.5393
Kev 4B	0.346	1135	0.7562	611.0	0.5383
Kev 4B	0.3456	1137	0.7575	612.0	0.5383
Kev 4B	0.3453	1138	0.7582	612.0	0.5378
Kev 4B	0.345	1139	0.7588	612.0	0.5373
Kev 4B	0.3449	1140	0.7595	612.0	0.5368
Kev 4B	0.3446	1141	0.7602	612.0	0.5364
Kev 4B	0.3445	1142	0.7608	612.0	0.5359
Kev 4B	0.3444	1143	0.7615	613.0	0.5363
Kev 4B	0.3441	1144	0.7622	614.0	0.5367
Kev 4B	0.3436	1145	0.7628	614.0	0.5362
Kev 4B	0.3435	1147	0.7642	614.0	0.5353
Kev 4B	0.3434	1148	0.7648	614.0	0.5348
Kev 4B	0.3429	1151	0.7668	615.0	0.5343
Kev 4B	0.3425	1152	0.7675	615.0	0.5339
Kev 4B	0.3422	1153	0.7682	616.0	0.5343
Kev 4B	0.3421	1154	0.7688	616.0	0.5338
Kev 4B	0.3414	1155	0.7695	616.0	0.5333
Kev 4B	0.341	1156	0.7702	616.0	0.5329
Kev 4B	0.3409	1157	0.7708	617.0	0.5333
Kev 4B	0.3408	1159	0.7722	617.0	0.5324
Kev 4B	0.3406	1161	0.7735	617.0	0.5314
Kev 4B	0.3403	1162	0.7742	617.0	0.531
Kev 4B	0.3401	1163	0.7748	618.0	0.5314
Kev 4B	0.3397	1164	0.7755	618.0	0.5309
Kev 4B	0.3393	1165	0.7761	618.0	0.5305
Kev 4B	0.3392	1166	0.7768	619.0	0.5309
Kev 4B	0.3391	1168	0.7781	619.0	0.53
Kev 4B	0.339	1169	0.7788	619.0	0.5295
Kev 4B	0.3389	1170	0.7795	620.0	0.5299
Kev 4B	0.3388	1172	0.7808	621.0	0.5299
Kev 4B	0.3387	1173	0.7815	621.0	0.5294
Kev 4B	0.3385	1174	0.7821	621.0	0.529
Kev 4B	0.3384	1176	0.7835	622.0	0.5289
Kev 4B	0.3381	1177	0.7841	623.0	0.5293
Kev 4B	0.3377	1178	0.7848	623.0	0.5289
Kev 4B	0.3376	1179	0.7855	623.0	0.5284
Kev 4B	0.3374	1180	0.7861	623.0	0.528
Kev 4B	0.3373	1181	0.7868	623.0	0.5275
Kev 4B	0.337	1185	0.7895	623.0	0.5257
Kev 4B	0.3369	1186	0.7901	624.0	0.5261
Kev 4B	0.3365	1187	0.7908	625.0	0.5265
Kev 4B	0.336	1188	0.7915	626.0	0.5269
Kev 4B	0.3359	1189	0.7921	627.0	0.5273
Kev 4B	0.3356	1190	0.7928	628.0	0.5277
Kev 4B	0.3354	1191	0.7935	628.0	0.5273
Kev 4B	0.3352	1192	0.7941	628.0	0.5268
Kev 4B	0.3349	1193	0.7948	629.0	0.5272
Kev 4B	0.3345	1194	0.7955	629.0	0.5268
Kev 4B	0.3344	1195	0.7961	629.0	0.5264
Kev 4B	0.3341	1197	0.7975	630.0	0.5263
Kev 4B	0.334	1198	0.7981	630.0	0.5259
Kev 4B	0.3339	1200	0.7995	632.0	0.5267
Kev 4B	0.3331	1202	0.8008	632.0	0.5258
Kev 4B	0.3327	1203	0.8015	632.0	0.5254
Kev 4B	0.3325	1204	0.8021	632.0	0.5249
Kev 4B	0.3322	1206	0.8035	633.0	0.5249
Kev 4B	0.3321	1207	0.8041	633.0	0.5244
Kev 4B	0.3317	1208	0.8048	633.0	0.524
Kev 4B	0.3315	1209	0.8055	634.0	0.5244
Kev 4B	0.3312	1210	0.8061	634.0	0.524
Kev 4B	0.331	1211	0.8068	634.0	0.5235
Kev 4B	0.3307	1212	0.8075	634.0	0.5231
Kev 4B	0.3305	1213	0.8081	635.0	0.5235
Kev 4B	0.3302	1216	0.8101	635.0	0.5222
Kev 4B	0.3299	1217	0.8108	635.0	0.5218
Kev 4B	0.3297	1219	0.8121	636.0	0.5217
Kev 4B	0.3296	1220	0.8128	636.0	0.5213
Kev 4B	0.3294	1221	0.8135	636.0	0.5209
Kev 4B	0.3291	1222	0.8141	637.0	0.5213
Kev 4B	0.3282	1223	0.8148	638.0	0.5217
Kev 4B	0.328	1225	0.8161	639.0	0.5216
Kev 4B	0.3278	1226	0.8168	639.0	0.5212
Kev 4B	0.3277	1227	0.8175	639.0	0.5208
Kev 4B	0.3276	1228	0.8181	640.0	0.5212
Kev 4B	0.3275	1229	0.8188	640.0	0.5207
Kev 4B	0.3273	1232	0.8208	640.0	0.5195
Kev 4B	0.3268	1234	0.8221	641.0	0.5194
Kev 4B	0.3261	1235	0.8228	641.0	0.519
Kev 4B	0.326	1236	0.8235	641.0	0.5186
Kev 4B	0.3259	1237	0.8241	641.0	0.5182
Kev 4B	0.3249	1238	0.8248	641.0	0.5178
Kev 4B	0.3237	1240	0.8261	642.0	0.5177
Kev 4B	0.3234	1241	0.8268	642.0	0.5173
Kev 4B	0.3232	1242	0.8274	642.0	0.5169
Kev 4B	0.3229	1243	0.8281	642.0	0.5165
Kev 4B	0.3227	1245	0.8294	642.0	0.5157
Kev 4B	0.3226	1246	0.8301	642.0	0.5152
Kev 4B	0.3224	1247	0.8308	643.0	0.5156
Kev 4B	0.3221	1248	0.8314	643.0	0.5152
Kev 4B	0.3219	1249	0.8321	643.0	0.5148
Kev 4B	0.3215	1251	0.8334	643.0	0.514
Kev 4B	0.3213	1253	0.8348	643.0	0.5132
Kev 4B	0.3212	1254	0.8354	644.0	0.5136
Kev 4B	0.3211	1255	0.8361	644.0	0.5131
Kev 4B	0.3209	1256	0.8368	644.0	0.5127
Kev 4B	0.3208	1257	0.8374	644.0	0.5123
Kev 4B	0.3207	1258	0.8381	644.0	0.5119
Kev 4B	0.32	1260	0.8394	645.0	0.5119
Kev 4B	0.3199	1262	0.8408	645.0	0.5111
Kev 4B	0.3198	1265	0.8428	645.0	0.5099
Kev 4B	0.3196	1266	0.8434	646.0	0.5103
Kev 4B	0.3194	1267	0.8441	646.0	0.5099
Kev 4B	0.3192	1268	0.8448	647.0	0.5103
Kev 4B	0.3191	1269	0.8454	648.0	0.5106
Kev 4B	0.319	1270	0.8461	648.0	0.5102
Kev 4B	0.3188	1271	0.8468	649.0	0.5106
Kev 4B	0.3181	1272	0.8474	649.0	0.5102
Kev 4B	0.3173	1274	0.8488	650.0	0.5102
Kev 4B	0.3171	1276	0.8501	650.0	0.5094
Kev 4B	0.3168	1277	0.8508	650.0	0.509
Kev 4B	0.3165	1279	0.8521	651.0	0.509
Kev 4B	0.3164	1281	0.8534	651.0	0.5082
Kev 4B	0.3163	1283	0.8548	651.0	0.5074
Kev 4B	0.3162	1284	0.8554	651.0	0.507
Kev 4B	0.3155	1285	0.8561	651.0	0.5066
Kev 4B	0.3154	1286	0.8568	652.0	0.507
Kev 4B	0.315	1287	0.8574	652.0	0.5066
Kev 4B	0.3144	1289	0.8588	652.0	0.5058
Kev 4B	0.3143	1290	0.8594	652.0	0.5054
Kev 4B	0.3142	1293	0.8614	654.0	0.5058
Kev 4B	0.3141	1294	0.8621	654.0	0.5054
Kev 4B	0.3138	1295	0.8628	655.0	0.5058
Kev 4B	0.3133	1296	0.8634	656.0	0.5062
Kev 4B	0.3131	1298	0.8648	656.0	0.5054
Kev 4B	0.3129	1301	0.8668	657.0	0.505
Kev 4B	0.3125	1302	0.8674	657.0	0.5046
Kev 4B	0.3124	1303	0.8681	657.0	0.5042
Kev 4B	0.3122	1305	0.8694	657.0	0.5034
Kev 4B	0.3119	1306	0.8701	657.0	0.5031
Kev 4B	0.3118	1308	0.8714	658.0	0.5031
Kev 4B	0.3115	1309	0.8721	658.0	0.5027
Kev 4B	0.3112	1310	0.8728	658.0	0.5023
Kev 4B	0.3111	1311	0.8734	658.0	0.5019
Kev 4B	0.3107	1312	0.8741	658.0	0.5015
Kev 4B	0.3105	1313	0.8748	659.0	0.5019
Kev 4B	0.3103	1315	0.8761	660.0	0.5019
Kev 4B	0.3101	1316	0.8767	660.0	0.5015
Kev 4B	0.3099	1317	0.8774	660.0	0.5011
Kev 4B	0.3098	1318	0.8781	660.0	0.5008
Kev 4B	0.3095	1319	0.8787	661.0	0.5011
Kev 4B	0.3092	1320	0.8794	661.0	0.5008
Kev 4B	0.309	1322	0.8807	661.0	0.5
Kev 4B	0.3089	1324	0.8821	662.0	0.5
Kev 4B	0.3084	1326	0.8834	663.0	0.5
Kev 4B	0.3081	1327	0.8841	663.0	0.4996
Kev 4B	0.3078	1328	0.8847	663.0	0.4992
Kev 4B	0.3077	1329	0.8854	663.0	0.4989
Kev 4B	0.3075	1331	0.8867	663.0	0.4981
Kev 4B	0.307	1333	0.8881	664.0	0.4981
Kev 4B	0.3068	1334	0.8887	664.0	0.4978
Kev 4B	0.3065	1335	0.8894	665.0	0.4981
Kev 4B	0.3064	1338	0.8914	665.0	0.497
Kev 4B	0.3062	1339	0.8921	666.0	0.4974
Kev 4B	0.3058	1341	0.8934	667.0	0.4974
Kev 4B	0.3046	1342	0.8941	667.0	0.497
Kev 4B	0.3044	1343	0.8947	667.0	0.4966
Kev 4B	0.3042	1344	0.8954	667.0	0.4963
Kev 4B	0.3039	1345	0.8961	667.0	0.4959
Kev 4B	0.3038	1346	0.8967	667.0	0.4955
Kev 4B	0.3035	1347	0.8974	668.0	0.4959
Kev 4B	0.3034	1348	0.8981	668.0	0.4955
Kev 4B	0.3028	1349	0.8987	668.0	0.4952
Kev 4B	0.3025	1350	0.8994	668.0	0.4948
Kev 4B	0.3024	1351	0.9001	668.0	0.4944
Kev 4B	0.3023	1353	0.9014	670.0	0.4952
Kev 4B	0.3019	1354	0.9021	671.0	0.4956
Kev 4B	0.3014	1355	0.9027	671.0	0.4952
Kev 4B	0.3013	1357	0.9041	672.0	0.4952
Kev 4B	0.3004	1358	0.9047	672.0	0.4948
Kev 4B	0.3002	1359	0.9054	672.0	0.4945
Kev 4B	0.2997	1360	0.9061	672.0	0.4941
Kev 4B	0.2995	1361	0.9067	673.0	0.4945
Kev 4B	0.2991	1363	0.9081	675.0	0.4952
Kev 4B	0.2987	1364	0.9087	675.0	0.4949
Kev 4B	0.2982	1365	0.9094	675.0	0.4945
Kev 4B	0.2978	1366	0.9101	676.0	0.4949
Kev 4B	0.2973	1367	0.9107	676.0	0.4945
Kev 4B	0.2967	1368	0.9114	677.0	0.4949
Kev 4B	0.2965	1369	0.9121	677.0	0.4945
Kev 4B	0.2964	1370	0.9127	677.0	0.4942
Kev 4B	0.2962	1372	0.9141	678.0	0.4942
Kev 4B	0.296	1373	0.9147	678.0	0.4938
Kev 4B	0.2952	1375	0.9161	679.0	0.4938
Kev 4B	0.2951	1376	0.9167	680.0	0.4942
Kev 4B	0.2947	1377	0.9174	680.0	0.4938
Kev 4B	0.2942	1379	0.9187	681.0	0.4938
Kev 4B	0.2941	1380	0.9194	681.0	0.4935
Kev 4B	0.2938	1381	0.9201	681.0	0.4931
Kev 4B	0.2933	1383	0.9214	682.0	0.4931
Kev 4B	0.2929	1384	0.9221	682.0	0.4928
Kev 4B	0.2928	1385	0.9227	682.0	0.4924
Kev 4B	0.2926	1386	0.9234	682.0	0.4921
Kev 4B	0.2917	1387	0.9241	683.0	0.4924
Kev 4B	0.2909	1388	0.9247	684.0	0.4928
Kev 4B	0.2899	1390	0.926	684.0	0.4921
Kev 4B	0.2894	1392	0.9274	685.0	0.4921
Kev 4B	0.2893	1393	0.928	685.0	0.4917
Kev 4B	0.2892	1395	0.9294	686.0	0.4918
Kev 4B	0.2888	1396	0.93	686.0	0.4914
Kev 4B	0.2886	1397	0.9307	686.0	0.4911
Kev 4B	0.2884	1398	0.9314	687.0	0.4914
Kev 4B	0.2882	1399	0.932	688.0	0.4918
Kev 4B	0.2879	1400	0.9327	689.0	0.4921
Kev 4B	0.2877	1402	0.934	689.0	0.4914
Kev 4B	0.2876	1403	0.9347	690.0	0.4918
Kev 4B	0.2873	1405	0.936	690.0	0.4911
Kev 4B	0.287	1406	0.9367	690.0	0.4908
Kev 4B	0.286	1407	0.9374	690.0	0.4904
Kev 4B	0.2858	1408	0.938	691.0	0.4908
Kev 4B	0.2856	1409	0.9387	692.0	0.4911
Kev 4B	0.285	1410	0.9394	692.0	0.4908
Kev 4B	0.2847	1411	0.94	692.0	0.4904
Kev 4B	0.2838	1412	0.9407	692.0	0.4901
Kev 4B	0.2833	1413	0.9414	692.0	0.4897
Kev 4B	0.283	1414	0.942	692.0	0.4894
Kev 4B	0.2825	1415	0.9427	693.0	0.4898
Kev 4B	0.282	1416	0.9434	693.0	0.4894
Kev 4B	0.2814	1417	0.944	694.0	0.4898
Kev 4B	0.2812	1418	0.9447	694.0	0.4894
Kev 4B	0.2808	1419	0.9454	694.0	0.4891
Kev 4B	0.2805	1420	0.946	694.0	0.4887
Kev 4B	0.2803	1421	0.9467	694.0	0.4884
Kev 4B	0.28	1422	0.9474	694.0	0.488
Kev 4B	0.2772	1423	0.948	694.0	0.4877
Kev 4B	0.2765	1424	0.9487	694.0	0.4874
Kev 4B	0.276	1425	0.9494	694.0	0.487
Kev 4B	0.2759	1426	0.95	694.0	0.4867
Kev 4B	0.2751	1427	0.9507	694.0	0.4863
Kev 4B	0.2741	1428	0.9514	695.0	0.4867
Kev 4B	0.2726	1429	0.952	695.0	0.4864
Kev 4B	0.2719	1430	0.9527	696.0	0.4867
Kev 4B	0.271	1431	0.9534	696.0	0.4864
Kev 4B	0.2703	1432	0.954	696.0	0.486
Kev 4B	0.2676	1433	0.9547	697.0	0.4864
Kev 4B	0.267	1434	0.9554	697.0	0.4861
Kev 4B	0.2662	1435	0.956	697.0	0.4857
Kev 4B	0.2661	1436	0.9567	697.0	0.4854
Kev 4B	0.266	1437	0.9574	697.0	0.485
Kev 4B	0.2657	1438	0.958	697.0	0.4847
Kev 4B	0.2653	1439	0.9587	697.0	0.4844
Kev 4B	0.2631	1440	0.9594	698.0	0.4847
Kev 4B	0.2623	1441	0.96	698.0	0.4844
Kev 4B	0.2613	1442	0.9607	699.0	0.4847
Kev 4B	0.2606	1443	0.9614	700.0	0.4851
Kev 4B	0.2595	1444	0.962	700.0	0.4848
Kev 4B	0.2587	1445	0.9627	700.0	0.4844
Kev 4B	0.2579	1446	0.9634	700.0	0.4841
Kev 4B	0.2578	1447	0.964	700.0	0.4838
Kev 4B	0.2547	1448	0.9647	700.0	0.4834
Kev 4B	0.2543	1449	0.9654	700.0	0.4831
Kev 4B	0.2532	1451	0.9667	701.0	0.4831
Kev 4B	0.2531	1452	0.9674	701.0	0.4828
Kev 4B	0.253	1453	0.968	701.0	0.4825
Kev 4B	0.2524	1454	0.9687	701.0	0.4821
Kev 4B	0.249	1455	0.9694	701.0	0.4818
Kev 4B	0.2482	1456	0.97	701.0	0.4815
Kev 4B	0.2465	1457	0.9707	701.0	0.4811
Kev 4B	0.2458	1458	0.9714	702.0	0.4815
Kev 4B	0.2394	1459	0.972	702.0	0.4812
Kev 4B	0.2386	1460	0.9727	703.0	0.4815
Kev 4B	0.2361	1461	0.9734	703.0	0.4812
Kev 4B	0.2358	1462	0.974	703.0	0.4808
Kev 4B	0.2338	1463	0.9747	703.0	0.4805
Kev 4B	0.2337	1464	0.9753	703.0	0.4802
Kev 4B	0.2326	1465	0.976	703.0	0.4799
Kev 4B	0.2303	1466	0.9767	703.0	0.4795
Kev 4B	0.2255	1467	0.9773	703.0	0.4792
Kev 4B	0.2228	1468	0.978	703.0	0.4789
Kev 4B	0.2221	1469	0.9787	703.0	0.4786
Kev 4B	0.2218	1470	0.9793	704.0	0.4789
Kev 4B	0.2202	1471	0.98	705.0	0.4793
Kev 4B	0.2186	1472	0.9807	705.0	0.4789
Kev 4B	0.2168	1473	0.9813	705.0	0.4786
Kev 4B	0.2144	1474	0.982	705.0	0.4783
Kev 4B	0.2087	1475	0.9827	705.0	0.478
Kev 4B	0.2084	1476	0.9833	705.0	0.4776
Kev 4B	0.2078	1477	0.984	705.0	0.4773
Kev 4B	0.2074	1478	0.9847	706.0	0.4777
Kev 4B	0.2069	1479	0.9853	706.0	0.4773
Kev 4B	0.2064	1480	0.986	706.0	0.477
Kev 4B	0.2063	1481	0.9867	706.0	0.4767
Kev 4B	0.2053	1482	0.9873	706.0	0.4764
Kev 4B	0.2048	1483	0.988	706.0	0.4761
Kev 4B	0.204	1484	0.9887	706.0	0.4757
Kev 4B	0.2001	1485	0.9893	706.0	0.4754
Kev 4B	0.1995	1486	0.99	706.0	0.4751
Kev 4B	0.1989	1487	0.9907	706.0	0.4748
Kev 4B	0.1978	1488	0.9913	706.0	0.4745
Kev 4B	0.1974	1489	0.992	706.0	0.4741
Kev 4B	0.1949	1490	0.9927	706.0	0.4738
Kev 4B	0.1885	1491	0.9933	706.0	0.4735
Kev 4B	0.1876	1492	0.994	706.0	0.4732
Kev 4B	0.1837	1493	0.9947	706.0	0.4729
Kev 4B	0.1801	1494	0.9953	707.0	0.4732
Kev 4B	0.1787	1495	0.996	707.0	0.4729
Kev 4B	0.1764	1496	0.9967	707.0	0.4726
Kev 4B	0.1756	1497	0.9973	708.0	0.4729
Kev 4B	0.1732	1498	0.998	709.0	0.4733
Kev 4B	0.1726	1499	0.9987	709.0	0.473
Kev 4B	0.1533	1500	0.9993	709.0	0.4727
Kev 4B	0.1491	1501	1.0	709.0	0.4724
Liquid d1	0.999994	1	0.0007	1.0	1.0
Liquid d1	0.999989	2	0.0013	2.0	1.0
Liquid d1	0.999988	3	0.002	3.0	1.0
Liquid d1	0.999987	4	0.0027	4.0	1.0
Liquid d1	0.999986	5	0.0033	5.0	1.0
Liquid d1	0.999985	6	0.004	6.0	1.0
Liquid d1	0.999985	7	0.0047	7.0	1.0
Liquid d1	0.999984	8	0.0053	8.0	1.0
Liquid d1	0.999983	9	0.006	9.0	1.0
Liquid d1	0.999983	10	0.0067	10.0	1.0
Liquid d1	0.999981	11	0.0073	11.0	1.0
Liquid d1	0.99998	12	0.008	12.0	1.0
Liquid d1	0.99998	13	0.0087	13.0	1.0
Liquid d1	0.99998	14	0.0093	14.0	1.0
Liquid d1	0.999978	15	0.01	15.0	1.0
Liquid d1	0.999977	16	0.0107	16.0	1.0
Liquid d1	0.999974	17	0.0113	17.0	1.0
Liquid d1	0.999973	18	0.012	18.0	1.0
Liquid d1	0.999969	19	0.0127	19.0	1.0
Liquid d1	0.999969	20	0.0133	20.0	1.0
Liquid d1	0.999968	21	0.014	21.0	1.0
Liquid d1	0.999964	22	0.0147	22.0	1.0
Liquid d1	0.999964	23	0.0153	23.0	1.0
Liquid d1	0.999964	24	0.016	24.0	1.0
Liquid d1	0.999963	25	0.0167	25.0	1.0
Liquid d1	0.999962	26	0.0173	26.0	1.0
Liquid d1	0.999961	27	0.018	27.0	1.0
Liquid d1	0.99996	28	0.0187	28.0	1.0
Liquid d1	0.999957	29	0.0193	29.0	1.0
Liquid d1	0.999956	30	0.02	30.0	1.0
Liquid d1	0.999956	31	0.0207	31.0	1.0
Liquid d1	0.999955	32	0.0213	32.0	1.0
Liquid d1	0.999954	33	0.022	33.0	1.0
Liquid d1	0.999951	34	0.0227	34.0	1.0
Liquid d1	0.99995	35	0.0233	35.0	1.0
Liquid d1	0.999949	36	0.024	36.0	1.0
Liquid d1	0.999949	37	0.0247	37.0	1.0
Liquid d1	0.999948	38	0.0253	38.0	1.0
Liquid d1	0.999948	39	0.026	39.0	1.0
Liquid d1	0.999947	40	0.0266	40.0	1.0
Liquid d1	0.999946	41	0.0273	41.0	1.0
Liquid d1	0.999943	42	0.028	42.0	1.0
Liquid d1	0.999942	43	0.0286	43.0	1.0
Liquid d1	0.999942	44	0.0293	44.0	1.0
Liquid d1	0.999941	45	0.03	45.0	1.0
Liquid d1	0.99994	46	0.0306	46.0	1.0
Liquid d1	0.999939	47	0.0313	47.0	1.0
Liquid d1	0.999936	48	0.032	48.0	1.0
Liquid d1	0.999935	49	0.0326	49.0	1.0
Liquid d1	0.999933	50	0.0333	50.0	1.0
Liquid d1	0.999932	51	0.034	51.0	1.0
Liquid d1	0.999929	52	0.0346	52.0	1.0
Liquid d1	0.999927	53	0.0353	53.0	1.0
Liquid d1	0.999927	54	0.036	54.0	1.0
Liquid d1	0.999925	55	0.0366	55.0	1.0
Liquid d1	0.999923	56	0.0373	56.0	1.0
Liquid d1	0.999921	57	0.038	57.0	1.0
Liquid d1	0.99992	58	0.0386	58.0	1.0
Liquid d1	0.99992	59	0.0393	59.0	1.0
Liquid d1	0.999919	60	0.04	60.0	1.0
Liquid d1	0.999919	61	0.0406	61.0	1.0
Liquid d1	0.999917	62	0.0413	62.0	1.0
Liquid d1	0.999917	63	0.042	63.0	1.0
Liquid d1	0.999916	64	0.0426	64.0	1.0
Liquid d1	0.999915	65	0.0433	65.0	1.0
Liquid d1	0.999914	66	0.044	66.0	1.0
Liquid d1	0.999911	67	0.0446	67.0	1.0
Liquid d1	0.999911	68	0.0453	68.0	1.0
Liquid d1	0.99991	69	0.046	69.0	1.0
Liquid d1	0.99991	70	0.0466	70.0	1.0
Liquid d1	0.999909	71	0.0473	71.0	1.0
Liquid d1	0.999908	72	0.048	72.0	1.0
Liquid d1	0.999908	73	0.0486	73.0	1.0
Liquid d1	0.999906	74	0.0493	74.0	1.0
Liquid d1	0.999902	75	0.05	75.0	1.0
Liquid d1	0.999901	76	0.0506	76.0	1.0
Liquid d1	0.999899	77	0.0513	77.0	1.0
Liquid d1	0.999893	78	0.052	78.0	1.0
Liquid d1	0.999891	79	0.0526	79.0	1.0
Liquid d1	0.999888	80	0.0533	80.0	1.0
Liquid d1	0.999883	81	0.054	81.0	1.0
Liquid d1	0.999878	82	0.0546	82.0	1.0
Liquid d1	0.999877	83	0.0553	83.0	1.0
Liquid d1	0.999876	84	0.056	84.0	1.0
Liquid d1	0.999868	85	0.0566	85.0	1.0
Liquid d1	0.999859	86	0.0573	86.0	1.0
Liquid d1	0.999856	87	0.058	87.0	1.0
Liquid d1	0.999854	88	0.0586	88.0	1.0
Liquid d1	0.999851	89	0.0593	89.0	1.0
Liquid d1	0.999846	90	0.06	90.0	1.0
Liquid d1	0.999841	91	0.0606	91.0	1.0
Liquid d1	0.999825	92	0.0613	92.0	1.0
Liquid d1	0.999823	93	0.062	93.0	1.0
Liquid d1	0.999821	94	0.0626	94.0	1.0
Liquid d1	0.999815	95	0.0633	95.0	1.0
Liquid d1	0.999811	96	0.064	96.0	1.0
Liquid d1	0.99981	97	0.0646	97.0	1.0
Liquid d1	0.999809	98	0.0653	98.0	1.0
Liquid d1	0.999809	99	0.066	99.0	1.0
Liquid d1	0.999808	100	0.0666	100.0	1.0
Liquid d1	0.999807	101	0.0673	101.0	1.0
Liquid d1	0.999804	102	0.068	102.0	1.0
Liquid d1	0.999798	103	0.0686	103.0	1.0
Liquid d1	0.999794	104	0.0693	104.0	1.0
Liquid d1	0.999793	105	0.07	105.0	1.0
Liquid d1	0.999791	106	0.0706	106.0	1.0
Liquid d1	0.99979	107	0.0713	107.0	1.0
Liquid d1	0.999789	108	0.072	108.0	1.0
Liquid d1	0.999784	109	0.0726	109.0	1.0
Liquid d1	0.999769	110	0.0733	110.0	1.0
Liquid d1	0.999765	111	0.074	111.0	1.0
Liquid d1	0.999749	112	0.0746	112.0	1.0
Liquid d1	0.999748	113	0.0753	113.0	1.0
Liquid d1	0.999741	114	0.0759	114.0	1.0
Liquid d1	0.99974	115	0.0766	115.0	1.0
Liquid d1	0.99974	116	0.0773	116.0	1.0
Liquid d1	0.999739	117	0.0779	117.0	1.0
Liquid d1	0.999733	118	0.0786	118.0	1.0
Liquid d1	0.999727	119	0.0793	119.0	1.0
Liquid d1	0.999717	120	0.0799	120.0	1.0
Liquid d1	0.999706	121	0.0806	121.0	1.0
Liquid d1	0.999701	122	0.0813	122.0	1.0
Liquid d1	0.999685	123	0.0819	123.0	1.0
Liquid d1	0.999684	124	0.0826	124.0	1.0
Liquid d1	0.999674	125	0.0833	125.0	1.0
Liquid d1	0.999674	126	0.0839	126.0	1.0
Liquid d1	0.999671	127	0.0846	126.0	0.9921
Liquid d1	0.999668	128	0.0853	127.0	0.9922
Liquid d1	0.999666	129	0.0859	128.0	0.9922
Liquid d1	0.999665	130	0.0866	129.0	0.9923
Liquid d1	0.999665	131	0.0873	130.0	0.9924
Liquid d1	0.999664	132	0.0879	131.0	0.9924
Liquid d1	0.99965	133	0.0886	132.0	0.9925
Liquid d1	0.999649	134	0.0893	133.0	0.9925
Liquid d1	0.999647	135	0.0899	134.0	0.9926
Liquid d1	0.999646	136	0.0906	135.0	0.9926
Liquid d1	0.999642	137	0.0913	136.0	0.9927
Liquid d1	0.999634	138	0.0919	137.0	0.9928
Liquid d1	0.99963	139	0.0926	138.0	0.9928
Liquid d1	0.999627	140	0.0933	139.0	0.9929
Liquid d1	0.999625	141	0.0939	140.0	0.9929
Liquid d1	0.999624	142	0.0946	141.0	0.993
Liquid d1	0.99962	143	0.0953	142.0	0.993
Liquid d1	0.999617	144	0.0959	143.0	0.9931
Liquid d1	0.999598	145	0.0966	144.0	0.9931
Liquid d1	0.999594	146	0.0973	145.0	0.9932
Liquid d1	0.999583	147	0.0979	146.0	0.9932
Liquid d1	0.99957	148	0.0986	147.0	0.9932
Liquid d1	0.999565	149	0.0993	148.0	0.9933
Liquid d1	0.999557	150	0.0999	149.0	0.9933
Liquid d1	0.999553	151	0.1006	150.0	0.9934
Liquid d1	0.99954	152	0.1013	151.0	0.9934
Liquid d1	0.999537	153	0.1019	152.0	0.9935
Liquid d1	0.999534	154	0.1026	153.0	0.9935
Liquid d1	0.999524	155	0.1033	154.0	0.9935
Liquid d1	0.999497	156	0.1039	155.0	0.9936
Liquid d1	0.999483	157	0.1046	156.0	0.9936
Liquid d1	0.999477	158	0.1053	157.0	0.9937
Liquid d1	0.999465	159	0.1059	158.0	0.9937
Liquid d1	0.999457	160	0.1066	159.0	0.9938
Liquid d1	0.999422	161	0.1073	160.0	0.9938
Liquid d1	0.999414	162	0.1079	161.0	0.9938
Liquid d1	0.99938	163	0.1086	162.0	0.9939
Liquid d1	0.999374	164	0.1093	163.0	0.9939
Liquid d1	0.999365	165	0.1099	164.0	0.9939
Liquid d1	0.999345	166	0.1106	165.0	0.994
Liquid d1	0.999342	167	0.1113	166.0	0.994
Liquid d1	0.999333	168	0.1119	167.0	0.994
Liquid d1	0.999292	169	0.1126	168.0	0.9941
Liquid d1	0.999272	170	0.1133	169.0	0.9941
Liquid d1	0.999259	171	0.1139	170.0	0.9942
Liquid d1	0.999248	172	0.1146	171.0	0.9942
Liquid d1	0.999232	173	0.1153	172.0	0.9942
Liquid d1	0.999196	174	0.1159	173.0	0.9943
Liquid d1	0.999182	175	0.1166	174.0	0.9943
Liquid d1	0.999177	176	0.1173	175.0	0.9943
Liquid d1	0.999151	177	0.1179	176.0	0.9944
Liquid d1	0.999115	178	0.1186	177.0	0.9944
Liquid d1	0.999107	179	0.1193	178.0	0.9944
Liquid d1	0.999086	180	0.1199	179.0	0.9944
Liquid d1	0.999074	181	0.1206	180.0	0.9945
Liquid d1	0.999047	182	0.1213	181.0	0.9945
Liquid d1	0.999019	183	0.1219	182.0	0.9945
Liquid d1	0.999011	184	0.1226	183.0	0.9946
Liquid d1	0.999003	185	0.1233	184.0	0.9946
Liquid d1	0.998979	186	0.1239	185.0	0.9946
Liquid d1	0.998976	187	0.1246	186.0	0.9947
Liquid d1	0.998968	188	0.1252	187.0	0.9947
Liquid d1	0.998957	189	0.1259	188.0	0.9947
Liquid d1	0.998953	190	0.1266	189.0	0.9947
Liquid d1	0.998949	191	0.1272	190.0	0.9948
Liquid d1	0.998937	192	0.1279	191.0	0.9948
Liquid d1	0.998911	193	0.1286	192.0	0.9948
Liquid d1	0.998888	194	0.1292	193.0	0.9948
Liquid d1	0.998791	195	0.1299	194.0	0.9949
Liquid d1	0.998755	196	0.1306	195.0	0.9949
Liquid d1	0.998737	197	0.1312	196.0	0.9949
Liquid d1	0.998696	198	0.1319	197.0	0.9949
Liquid d1	0.998662	199	0.1326	198.0	0.995
Liquid d1	0.99866	200	0.1332	199.0	0.995
Liquid d1	0.998621	201	0.1339	200.0	0.995
Liquid d1	0.99861	202	0.1346	201.0	0.995
Liquid d1	0.998607	203	0.1352	202.0	0.9951
Liquid d1	0.99859	204	0.1359	203.0	0.9951
Liquid d1	0.998587	205	0.1366	204.0	0.9951
Liquid d1	0.998574	206	0.1372	205.0	0.9951
Liquid d1	0.998563	207	0.1379	206.0	0.9952
Liquid d1	0.998532	208	0.1386	207.0	0.9952
Liquid d1	0.99851	209	0.1392	208.0	0.9952
Liquid d1	0.998499	210	0.1399	209.0	0.9952
Liquid d1	0.998456	211	0.1406	210.0	0.9953
Liquid d1	0.998441	212	0.1412	211.0	0.9953
Liquid d1	0.99842	213	0.1419	212.0	0.9953
Liquid d1	0.998415	214	0.1426	213.0	0.9953
Liquid d1	0.998402	215	0.1432	213.0	0.9907
Liquid d1	0.9984	216	0.1439	214.0	0.9907
Liquid d1	0.998399	217	0.1446	215.0	0.9908
Liquid d1	0.998359	218	0.1452	216.0	0.9908
Liquid d1	0.998299	219	0.1459	217.0	0.9909
Liquid d1	0.998256	220	0.1466	218.0	0.9909
Liquid d1	0.998244	221	0.1472	218.0	0.9864
Liquid d1	0.998233	222	0.1479	219.0	0.9865
Liquid d1	0.998162	223	0.1486	220.0	0.9865
Liquid d1	0.998073	224	0.1492	221.0	0.9866
Liquid d1	0.998055	225	0.1499	222.0	0.9867
Liquid d1	0.998015	226	0.1506	223.0	0.9867
Liquid d1	0.997994	227	0.1512	224.0	0.9868
Liquid d1	0.997978	228	0.1519	225.0	0.9868
Liquid d1	0.997965	229	0.1526	226.0	0.9869
Liquid d1	0.997828	230	0.1532	227.0	0.987
Liquid d1	0.997756	231	0.1539	228.0	0.987
Liquid d1	0.997687	232	0.1546	229.0	0.9871
Liquid d1	0.997674	233	0.1552	230.0	0.9871
Liquid d1	0.99767	234	0.1559	231.0	0.9872
Liquid d1	0.997623	235	0.1566	232.0	0.9872
Liquid d1	0.997604	236	0.1572	233.0	0.9873
Liquid d1	0.997588	237	0.1579	234.0	0.9873
Liquid d1	0.997548	238	0.1586	235.0	0.9874
Liquid d1	0.997527	239	0.1592	236.0	0.9874
Liquid d1	0.9975	240	0.1599	237.0	0.9875
Liquid d1	0.997494	241	0.1606	238.0	0.9876
Liquid d1	0.997483	242	0.1612	239.0	0.9876
Liquid d1	0.99748	243	0.1619	240.0	0.9877
Liquid d1	0.997469	244	0.1626	241.0	0.9877
Liquid d1	0.997462	245	0.1632	242.0	0.9878
Liquid d1	0.997443	246	0.1639	243.0	0.9878
Liquid d1	0.997419	247	0.1646	244.0	0.9879
Liquid d1	0.997396	248	0.1652	245.0	0.9879
Liquid d1	0.997376	249	0.1659	246.0	0.988
Liquid d1	0.997368	250	0.1666	246.0	0.984
Liquid d1	0.997301	251	0.1672	247.0	0.9841
Liquid d1	0.997272	252	0.1679	248.0	0.9841
Liquid d1	0.997225	253	0.1686	249.0	0.9842
Liquid d1	0.997222	254	0.1692	250.0	0.9843
Liquid d1	0.997199	255	0.1699	251.0	0.9843
Liquid d1	0.997153	256	0.1706	252.0	0.9844
Liquid d1	0.997147	257	0.1712	253.0	0.9844
Liquid d1	0.997044	258	0.1719	254.0	0.9845
Liquid d1	0.997039	259	0.1726	255.0	0.9846
Liquid d1	0.996961	260	0.1732	256.0	0.9846
Liquid d1	0.996961	261	0.1739	257.0	0.9847
Liquid d1	0.996937	262	0.1746	258.0	0.9847
Liquid d1	0.996924	263	0.1752	259.0	0.9848
Liquid d1	0.996827	264	0.1759	260.0	0.9848
Liquid d1	0.9968	265	0.1765	261.0	0.9849
Liquid d1	0.996795	266	0.1772	262.0	0.985
Liquid d1	0.996779	267	0.1779	263.0	0.985
Liquid d1	0.99677	268	0.1785	264.0	0.9851
Liquid d1	0.996764	269	0.1792	265.0	0.9851
Liquid d1	0.996755	270	0.1799	266.0	0.9852
Liquid d1	0.996701	271	0.1805	267.0	0.9852
Liquid d1	0.99669	272	0.1812	268.0	0.9853
Liquid d1	0.996646	273	0.1819	269.0	0.9853
Liquid d1	0.996621	274	0.1825	270.0	0.9854
Liquid d1	0.996425	275	0.1832	271.0	0.9855
Liquid d1	0.996372	276	0.1839	272.0	0.9855
Liquid d1	0.996364	277	0.1845	273.0	0.9856
Liquid d1	0.996248	278	0.1852	274.0	0.9856
Liquid d1	0.996214	279	0.1859	275.0	0.9857
Liquid d1	0.996197	280	0.1865	276.0	0.9857
Liquid d1	0.99611	281	0.1872	277.0	0.9858
Liquid d1	0.995957	282	0.1879	278.0	0.9858
Liquid d1	0.995759	283	0.1885	279.0	0.9859
Liquid d1	0.995592	284	0.1892	279.0	0.9824
Liquid d1	0.99547	285	0.1899	280.0	0.9825
Liquid d1	0.995351	286	0.1905	281.0	0.9825
Liquid d1	0.995346	287	0.1912	282.0	0.9826
Liquid d1	0.995235	288	0.1919	283.0	0.9826
Liquid d1	0.995212	289	0.1925	284.0	0.9827
Liquid d1	0.995207	290	0.1932	285.0	0.9828
Liquid d1	0.995069	291	0.1939	286.0	0.9828
Liquid d1	0.995059	292	0.1945	287.0	0.9829
Liquid d1	0.994931	293	0.1952	288.0	0.9829
Liquid d1	0.994911	294	0.1959	289.0	0.983
Liquid d1	0.994777	295	0.1965	290.0	0.9831
Liquid d1	0.994725	296	0.1972	291.0	0.9831
Liquid d1	0.99469	297	0.1979	292.0	0.9832
Liquid d1	0.994589	298	0.1985	293.0	0.9832
Liquid d1	0.994513	299	0.1992	294.0	0.9833
Liquid d1	0.994445	300	0.1999	294.0	0.98
Liquid d1	0.994393	301	0.2005	295.0	0.9801
Liquid d1	0.994293	302	0.2012	296.0	0.9801
Liquid d1	0.99423	303	0.2019	297.0	0.9802
Liquid d1	0.994162	304	0.2025	298.0	0.9803
Liquid d1	0.994151	305	0.2032	299.0	0.9803
Liquid d1	0.994055	306	0.2039	300.0	0.9804
Liquid d1	0.994002	307	0.2045	301.0	0.9805
Liquid d1	0.99393	308	0.2052	302.0	0.9805
Liquid d1	0.993873	309	0.2059	303.0	0.9806
Liquid d1	0.99382	310	0.2065	304.0	0.9806
Liquid d1	0.993716	311	0.2072	305.0	0.9807
Liquid d1	0.993663	312	0.2079	306.0	0.9808
Liquid d1	0.993634	313	0.2085	307.0	0.9808
Liquid d1	0.993521	314	0.2092	307.0	0.9777
Liquid d1	0.993195	315	0.2099	308.0	0.9778
Liquid d1	0.993147	316	0.2105	309.0	0.9778
Liquid d1	0.993131	317	0.2112	309.0	0.9748
Liquid d1	0.993128	318	0.2119	310.0	0.9748
Liquid d1	0.993031	319	0.2125	311.0	0.9749
Liquid d1	0.992873	320	0.2132	312.0	0.975
Liquid d1	0.992681	321	0.2139	313.0	0.9751
Liquid d1	0.992423	322	0.2145	314.0	0.9752
Liquid d1	0.992359	323	0.2152	315.0	0.9752
Liquid d1	0.992268	324	0.2159	316.0	0.9753
Liquid d1	0.992256	325	0.2165	317.0	0.9754
Liquid d1	0.99221	326	0.2172	318.0	0.9755
Liquid d1	0.992019	327	0.2179	319.0	0.9755
Liquid d1	0.992015	328	0.2185	320.0	0.9756
Liquid d1	0.991923	329	0.2192	321.0	0.9757
Liquid d1	0.991821	330	0.2199	322.0	0.9758
Liquid d1	0.991491	331	0.2205	323.0	0.9758
Liquid d1	0.991425	332	0.2212	324.0	0.9759
Liquid d1	0.991189	333	0.2219	325.0	0.976
Liquid d1	0.991096	334	0.2225	326.0	0.976
Liquid d1	0.991081	335	0.2232	327.0	0.9761
Liquid d1	0.990843	336	0.2239	328.0	0.9762
Liquid d1	0.990814	337	0.2245	329.0	0.9763
Liquid d1	0.99079	338	0.2252	330.0	0.9763
Liquid d1	0.990762	339	0.2258	331.0	0.9764
Liquid d1	0.99042	340	0.2265	332.0	0.9765
Liquid d1	0.990368	341	0.2272	333.0	0.9765
Liquid d1	0.990325	342	0.2278	334.0	0.9766
Liquid d1	0.990309	343	0.2285	335.0	0.9767
Liquid d1	0.990303	344	0.2292	336.0	0.9767
Liquid d1	0.990292	345	0.2298	337.0	0.9768
Liquid d1	0.990292	346	0.2305	338.0	0.9769
Liquid d1	0.990257	347	0.2312	339.0	0.9769
Liquid d1	0.990152	348	0.2318	340.0	0.977
Liquid d1	0.98997	349	0.2325	340.0	0.9742
Liquid d1	0.989672	350	0.2332	341.0	0.9743
Liquid d1	0.989506	351	0.2338	342.0	0.9744
Liquid d1	0.9894	352	0.2345	343.0	0.9744
Liquid d1	0.989319	353	0.2352	344.0	0.9745
Liquid d1	0.989068	354	0.2358	345.0	0.9746
Liquid d1	0.989013	355	0.2365	345.0	0.9718
Liquid d1	0.988869	356	0.2372	346.0	0.9719
Liquid d1	0.988804	357	0.2378	347.0	0.972
Liquid d1	0.988785	358	0.2385	347.0	0.9693
Liquid d1	0.988601	359	0.2392	348.0	0.9694
Liquid d1	0.987692	360	0.2398	349.0	0.9694
Liquid d1	0.987568	361	0.2405	349.0	0.9668
Liquid d1	0.987568	362	0.2412	349.0	0.9641
Liquid d1	0.987568	363	0.2418	350.0	0.9642
Liquid d1	0.987568	364	0.2425	351.0	0.9643
Liquid d1	0.986839	365	0.2432	352.0	0.9644
Liquid d1	0.986201	366	0.2438	353.0	0.9645
Liquid d1	0.986084	367	0.2445	354.0	0.9646
Liquid d1	0.985971	368	0.2452	354.0	0.962
Liquid d1	0.985936	369	0.2458	354.0	0.9593
Liquid d1	0.985936	370	0.2465	355.0	0.9595
Liquid d1	0.98578	371	0.2472	356.0	0.9596
Liquid d1	0.985749	372	0.2478	357.0	0.9597
Liquid d1	0.985604	373	0.2485	358.0	0.9598
Liquid d1	0.985554	374	0.2492	359.0	0.9599
Liquid d1	0.984755	375	0.2498	360.0	0.96
Liquid d1	0.984094	376	0.2505	361.0	0.9601
Liquid d1	0.984094	377	0.2512	362.0	0.9602
Liquid d1	0.983725	378	0.2518	363.0	0.9603
Liquid d1	0.983181	379	0.2525	364.0	0.9604
Liquid d1	0.983085	380	0.2532	365.0	0.9605
Liquid d1	0.982902	381	0.2538	366.0	0.9606
Liquid d1	0.982727	382	0.2545	367.0	0.9607
Liquid d1	0.982014	383	0.2552	368.0	0.9608
Liquid d1	0.98147	384	0.2558	369.0	0.9609
Liquid d1	0.980876	385	0.2565	370.0	0.961
Liquid d1	0.980876	386	0.2572	371.0	0.9611
Liquid d1	0.980862	387	0.2578	372.0	0.9612
Liquid d1	0.980852	388	0.2585	373.0	0.9613
Liquid d1	0.980452	389	0.2592	374.0	0.9614
Liquid d1	0.979778	390	0.2598	375.0	0.9615
Liquid d1	0.979722	391	0.2605	376.0	0.9616
Liquid d1	0.979668	393	0.2618	378.0	0.9618
Liquid d1	0.979603	394	0.2625	379.0	0.9619
Liquid d1	0.979506	395	0.2632	380.0	0.962
Liquid d1	0.979248	396	0.2638	381.0	0.9621
Liquid d1	0.97911	397	0.2645	382.0	0.9622
Liquid d1	0.979069	398	0.2652	383.0	0.9623
Liquid d1	0.979038	399	0.2658	384.0	0.9624
Liquid d1	0.978991	400	0.2665	385.0	0.9625
Liquid d1	0.977326	401	0.2672	386.0	0.9626
Liquid d1	0.977292	402	0.2678	387.0	0.9627
Liquid d1	0.977023	403	0.2685	387.0	0.9603
Liquid d1	0.977016	404	0.2692	388.0	0.9604
Liquid d1	0.976359	405	0.2698	388.0	0.958
Liquid d1	0.976168	406	0.2705	388.0	0.9557
Liquid d1	0.976046	407	0.2712	389.0	0.9558
Liquid d1	0.976041	408	0.2718	390.0	0.9559
Liquid d1	0.975986	409	0.2725	391.0	0.956
Liquid d1	0.975577	411	0.2738	393.0	0.9562
Liquid d1	0.975416	412	0.2745	394.0	0.9563
Liquid d1	0.974923	413	0.2751	395.0	0.9564
Liquid d1	0.974805	414	0.2758	396.0	0.9565
Liquid d1	0.974785	415	0.2765	397.0	0.9566
Liquid d1	0.974536	416	0.2771	398.0	0.9567
Liquid d1	0.974512	417	0.2778	399.0	0.9568
Liquid d1	0.974249	418	0.2785	400.0	0.9569
Liquid d1	0.97371	419	0.2791	401.0	0.957
Liquid d1	0.973432	420	0.2798	401.0	0.9548
Liquid d1	0.973372	421	0.2805	402.0	0.9549
Liquid d1	0.973339	422	0.2811	403.0	0.955
Liquid d1	0.973171	423	0.2818	404.0	0.9551
Liquid d1	0.973076	424	0.2825	405.0	0.9552
Liquid d1	0.973068	425	0.2831	406.0	0.9553
Liquid d1	0.972415	426	0.2838	407.0	0.9554
Liquid d1	0.972283	427	0.2845	408.0	0.9555
Liquid d1	0.972156	428	0.2851	409.0	0.9556
Liquid d1	0.972033	429	0.2858	410.0	0.9557
Liquid d1	0.972029	430	0.2865	411.0	0.9558
Liquid d1	0.97195	431	0.2871	412.0	0.9559
Liquid d1	0.971845	432	0.2878	412.0	0.9537
Liquid d1	0.971394	433	0.2885	413.0	0.9538
Liquid d1	0.970688	434	0.2891	414.0	0.9539
Liquid d1	0.970688	435	0.2898	415.0	0.954
Liquid d1	0.970688	436	0.2905	416.0	0.9541
Liquid d1	0.970688	437	0.2911	416.0	0.9519
Liquid d1	0.970688	438	0.2918	417.0	0.9521
Liquid d1	0.970688	439	0.2925	418.0	0.9522
Liquid d1	0.970313	440	0.2931	418.0	0.95
Liquid d1	0.97016	441	0.2938	419.0	0.9501
Liquid d1	0.970043	442	0.2945	419.0	0.948
Liquid d1	0.970008	443	0.2951	420.0	0.9481
Liquid d1	0.969573	444	0.2958	421.0	0.9482
Liquid d1	0.969262	445	0.2965	422.0	0.9483
Liquid d1	0.968864	446	0.2971	423.0	0.9484
Liquid d1	0.968824	447	0.2978	424.0	0.9485
Liquid d1	0.968078	448	0.2985	425.0	0.9487
Liquid d1	0.967176	449	0.2991	425.0	0.9465
Liquid d1	0.96707	450	0.2998	425.0	0.9444
Liquid d1	0.967056	451	0.3005	426.0	0.9446
Liquid d1	0.966914	452	0.3011	427.0	0.9447
Liquid d1	0.966914	454	0.3025	429.0	0.9449
Liquid d1	0.966831	455	0.3031	430.0	0.9451
Liquid d1	0.965759	456	0.3038	431.0	0.9452
Liquid d1	0.965567	457	0.3045	432.0	0.9453
Liquid d1	0.964767	458	0.3051	433.0	0.9454
Liquid d1	0.964663	459	0.3058	434.0	0.9455
Liquid d1	0.964337	460	0.3065	434.0	0.9435
Liquid d1	0.964297	461	0.3071	434.0	0.9414
Liquid d1	0.963757	462	0.3078	435.0	0.9416
Liquid d1	0.963713	463	0.3085	436.0	0.9417
Liquid d1	0.962804	464	0.3091	437.0	0.9418
Liquid d1	0.962673	465	0.3098	438.0	0.9419
Liquid d1	0.962673	466	0.3105	439.0	0.9421
Liquid d1	0.962673	468	0.3118	441.0	0.9423
Liquid d1	0.962225	469	0.3125	442.0	0.9424
Liquid d1	0.961562	470	0.3131	443.0	0.9426
Liquid d1	0.961161	471	0.3138	444.0	0.9427
Liquid d1	0.960874	472	0.3145	445.0	0.9428
Liquid d1	0.960194	473	0.3151	446.0	0.9429
Liquid d1	0.959805	474	0.3158	447.0	0.943
Liquid d1	0.959178	475	0.3165	448.0	0.9432
Liquid d1	0.957912	476	0.3171	449.0	0.9433
Liquid d1	0.957912	477	0.3178	450.0	0.9434
Liquid d1	0.957838	478	0.3185	450.0	0.9414
Liquid d1	0.957833	479	0.3191	451.0	0.9415
Liquid d1	0.957414	480	0.3198	452.0	0.9417
Liquid d1	0.956899	481	0.3205	453.0	0.9418
Liquid d1	0.956378	482	0.3211	454.0	0.9419
Liquid d1	0.955379	483	0.3218	455.0	0.942
Liquid d1	0.953939	484	0.3225	456.0	0.9421
Liquid d1	0.953342	485	0.3231	457.0	0.9423
Liquid d1	0.953281	486	0.3238	458.0	0.9424
Liquid d1	0.953028	487	0.3245	459.0	0.9425
Liquid d1	0.952574	488	0.3251	460.0	0.9426
Liquid d1	0.952574	489	0.3258	461.0	0.9427
Liquid d1	0.952574	492	0.3278	464.0	0.9431
Liquid d1	0.952145	493	0.3284	465.0	0.9432
Liquid d1	0.951907	494	0.3291	465.0	0.9413
Liquid d1	0.951438	495	0.3298	466.0	0.9414
Liquid d1	0.951299	496	0.3304	467.0	0.9415
Liquid d1	0.950541	497	0.3311	468.0	0.9416
Liquid d1	0.950249	498	0.3318	469.0	0.9418
Liquid d1	0.949843	499	0.3324	470.0	0.9419
Liquid d1	0.949669	500	0.3331	471.0	0.942
Liquid d1	0.94919	501	0.3338	471.0	0.9401
Liquid d1	0.948304	502	0.3344	472.0	0.9402
Liquid d1	0.947349	503	0.3351	472.0	0.9384
Liquid d1	0.947256	504	0.3358	473.0	0.9385
Liquid d1	0.947008	505	0.3364	474.0	0.9386
Liquid d1	0.946958	506	0.3371	475.0	0.9387
Liquid d1	0.946597	508	0.3384	477.0	0.939
Liquid d1	0.946597	509	0.3391	478.0	0.9391
Liquid d1	0.946597	510	0.3398	479.0	0.9392
Liquid d1	0.946597	511	0.3404	480.0	0.9393
Liquid d1	0.946597	513	0.3418	482.0	0.9396
Liquid d1	0.946597	514	0.3424	483.0	0.9397
Liquid d1	0.946597	515	0.3431	484.0	0.9398
Liquid d1	0.945416	516	0.3438	485.0	0.9399
Liquid d1	0.944773	517	0.3444	486.0	0.94
Liquid d1	0.944645	518	0.3451	487.0	0.9402
Liquid d1	0.94429	519	0.3458	488.0	0.9403
Liquid d1	0.944072	520	0.3464	489.0	0.9404
Liquid d1	0.942083	521	0.3471	490.0	0.9405
Liquid d1	0.941455	522	0.3478	490.0	0.9387
Liquid d1	0.941298	523	0.3484	491.0	0.9388
Liquid d1	0.941287	524	0.3491	491.0	0.937
Liquid d1	0.940903	525	0.3498	492.0	0.9371
Liquid d1	0.940647	526	0.3504	493.0	0.9373
Liquid d1	0.939913	527	0.3511	494.0	0.9374
Liquid d1	0.939658	528	0.3518	495.0	0.9375
Liquid d1	0.939599	529	0.3524	496.0	0.9376
Liquid d1	0.939483	530	0.3531	497.0	0.9377
Liquid d1	0.939448	531	0.3538	497.0	0.936
Liquid d1	0.938749	532	0.3544	498.0	0.9361
Liquid d1	0.938514	533	0.3551	499.0	0.9362
Liquid d1	0.938448	534	0.3558	499.0	0.9345
Liquid d1	0.938053	535	0.3564	500.0	0.9346
Liquid d1	0.937714	536	0.3571	500.0	0.9328
Liquid d1	0.937576	537	0.3578	500.0	0.9311
Liquid d1	0.93699	538	0.3584	501.0	0.9312
Liquid d1	0.936285	539	0.3591	502.0	0.9314
Liquid d1	0.93624	540	0.3598	502.0	0.9296
Liquid d1	0.934664	541	0.3604	503.0	0.9298
Liquid d1	0.934297	542	0.3611	503.0	0.928
Liquid d1	0.934244	543	0.3618	503.0	0.9263
Liquid d1	0.93413	544	0.3624	503.0	0.9246
Liquid d1	0.932731	545	0.3631	504.0	0.9248
Liquid d1	0.932453	546	0.3638	505.0	0.9249
Liquid d1	0.932453	547	0.3644	506.0	0.925
Liquid d1	0.932453	550	0.3664	509.0	0.9255
Liquid d1	0.932453	551	0.3671	510.0	0.9256
Liquid d1	0.932453	552	0.3678	511.0	0.9257
Liquid d1	0.932453	556	0.3704	515.0	0.9263
Liquid d1	0.931721	557	0.3711	515.0	0.9246
Liquid d1	0.931662	558	0.3718	516.0	0.9247
Liquid d1	0.931635	559	0.3724	516.0	0.9231
Liquid d1	0.931332	560	0.3731	517.0	0.9232
Liquid d1	0.930822	561	0.3738	518.0	0.9234
Liquid d1	0.93077	562	0.3744	519.0	0.9235
Liquid d1	0.930329	563	0.3751	519.0	0.9218
Liquid d1	0.930078	564	0.3757	520.0	0.922
Liquid d1	0.930054	565	0.3764	520.0	0.9204
Liquid d1	0.929298	566	0.3771	521.0	0.9205
Liquid d1	0.928732	567	0.3777	521.0	0.9189
Liquid d1	0.927121	568	0.3784	521.0	0.9173
Liquid d1	0.926757	569	0.3791	522.0	0.9174
Liquid d1	0.926688	570	0.3797	523.0	0.9175
Liquid d1	0.926434	571	0.3804	523.0	0.9159
Liquid d1	0.925969	572	0.3811	524.0	0.9161
Liquid d1	0.925211	573	0.3817	525.0	0.9162
Liquid d1	0.924142	575	0.3831	527.0	0.9165
Liquid d1	0.924142	576	0.3837	527.0	0.9149
Liquid d1	0.924142	577	0.3844	528.0	0.9151
Liquid d1	0.924142	578	0.3851	529.0	0.9152
Liquid d1	0.924142	579	0.3857	530.0	0.9154
Liquid d1	0.924142	580	0.3864	531.0	0.9155
Liquid d1	0.924039	581	0.3871	532.0	0.9157
Liquid d1	0.923864	582	0.3877	533.0	0.9158
Liquid d1	0.923044	583	0.3884	534.0	0.916
Liquid d1	0.921835	584	0.3891	535.0	0.9161
Liquid d1	0.921198	585	0.3897	536.0	0.9162
Liquid d1	0.9203	586	0.3904	537.0	0.9164
Liquid d1	0.919722	587	0.3911	537.0	0.9148
Liquid d1	0.91972	588	0.3917	538.0	0.915
Liquid d1	0.919643	589	0.3924	539.0	0.9151
Liquid d1	0.919405	590	0.3931	540.0	0.9153
Liquid d1	0.919079	591	0.3937	540.0	0.9137
Liquid d1	0.918663	592	0.3944	540.0	0.9122
Liquid d1	0.918644	593	0.3951	541.0	0.9123
Liquid d1	0.917523	594	0.3957	542.0	0.9125
Liquid d1	0.917292	595	0.3964	543.0	0.9126
Liquid d1	0.916842	596	0.3971	544.0	0.9128
Liquid d1	0.916343	597	0.3977	545.0	0.9129
Liquid d1	0.916343	598	0.3984	546.0	0.913
Liquid d1	0.915437	599	0.3991	547.0	0.9132
Liquid d1	0.914901	602	0.4011	548.0	0.9103
Liquid d1	0.914307	603	0.4017	549.0	0.9104
Liquid d1	0.913014	604	0.4024	550.0	0.9106
Liquid d1	0.912555	605	0.4031	551.0	0.9107
Liquid d1	0.912305	606	0.4037	552.0	0.9109
Liquid d1	0.911373	607	0.4044	553.0	0.911
Liquid d1	0.909878	608	0.4051	553.0	0.9095
Liquid d1	0.909677	609	0.4057	554.0	0.9097
Liquid d1	0.907533	610	0.4064	554.0	0.9082
Liquid d1	0.906775	611	0.4071	554.0	0.9067
Liquid d1	0.906336	612	0.4077	554.0	0.9052
Liquid d1	0.905173	613	0.4084	554.0	0.9038
Liquid d1	0.904651	619	0.4124	559.0	0.9031
Liquid d1	0.904633	620	0.4131	559.0	0.9016
Liquid d1	0.904018	621	0.4137	560.0	0.9018
Liquid d1	0.901886	622	0.4144	561.0	0.9019
Liquid d1	0.901064	623	0.4151	562.0	0.9021
Liquid d1	0.900637	624	0.4157	563.0	0.9022
Liquid d1	0.899574	625	0.4164	563.0	0.9008
Liquid d1	0.899352	626	0.4171	564.0	0.901
Liquid d1	0.899131	627	0.4177	565.0	0.9011
Liquid d1	0.899121	628	0.4184	566.0	0.9013
Liquid d1	0.898643	629	0.4191	566.0	0.8998
Liquid d1	0.898603	630	0.4197	567.0	0.9
Liquid d1	0.897685	631	0.4204	568.0	0.9002
Liquid d1	0.89632	632	0.4211	569.0	0.9003
Liquid d1	0.895843	633	0.4217	570.0	0.9005
Liquid d1	0.894676	634	0.4224	571.0	0.9006
Liquid d1	0.893997	635	0.4231	572.0	0.9008
Liquid d1	0.893519	636	0.4237	573.0	0.9009
Liquid d1	0.893309	637	0.4244	574.0	0.9011
Liquid d1	0.893309	638	0.425	575.0	0.9013
Liquid d1	0.893084	639	0.4257	575.0	0.8998
Liquid d1	0.891774	640	0.4264	576.0	0.9
Liquid d1	0.890785	641	0.427	577.0	0.9002
Liquid d1	0.890051	642	0.4277	578.0	0.9003
Liquid d1	0.890004	643	0.4284	578.0	0.8989
Liquid d1	0.889913	644	0.429	579.0	0.8991
Liquid d1	0.886442	645	0.4297	579.0	0.8977
Liquid d1	0.885377	646	0.4304	580.0	0.8978
Liquid d1	0.885287	647	0.431	581.0	0.898
Liquid d1	0.884724	648	0.4317	582.0	0.8981
Liquid d1	0.884583	649	0.4324	583.0	0.8983
Liquid d1	0.884399	650	0.433	584.0	0.8985
Liquid d1	0.883012	651	0.4337	584.0	0.8971
Liquid d1	0.883012	652	0.4344	584.0	0.8957
Liquid d1	0.882079	653	0.435	585.0	0.8959
Liquid d1	0.881718	654	0.4357	585.0	0.8945
Liquid d1	0.880993	655	0.4364	586.0	0.8947
Liquid d1	0.880797	656	0.437	587.0	0.8948
Liquid d1	0.880797	657	0.4377	588.0	0.895
Liquid d1	0.880797	660	0.4397	591.0	0.8955
Liquid d1	0.879994	661	0.4404	592.0	0.8956
Liquid d1	0.879794	662	0.441	593.0	0.8958
Liquid d1	0.879679	663	0.4417	594.0	0.8959
Liquid d1	0.879607	664	0.4424	595.0	0.8961
Liquid d1	0.879479	665	0.443	595.0	0.8947
Liquid d1	0.879391	666	0.4437	596.0	0.8949
Liquid d1	0.87931	667	0.4444	597.0	0.8951
Liquid d1	0.878973	668	0.445	597.0	0.8937
Liquid d1	0.878539	669	0.4457	598.0	0.8939
Liquid d1	0.878497	670	0.4464	599.0	0.894
Liquid d1	0.876331	671	0.447	600.0	0.8942
Liquid d1	0.876047	672	0.4477	601.0	0.8943
Liquid d1	0.875783	673	0.4484	601.0	0.893
Liquid d1	0.875501	674	0.449	602.0	0.8932
Liquid d1	0.875004	675	0.4497	603.0	0.8933
Liquid d1	0.873554	676	0.4504	604.0	0.8935
Liquid d1	0.872362	677	0.451	604.0	0.8922
Liquid d1	0.871932	678	0.4517	605.0	0.8923
Liquid d1	0.868994	679	0.4524	605.0	0.891
Liquid d1	0.868531	680	0.453	606.0	0.8912
Liquid d1	0.868417	681	0.4537	607.0	0.8913
Liquid d1	0.867854	682	0.4544	607.0	0.89
Liquid d1	0.867413	683	0.455	607.0	0.8887
Liquid d1	0.867036	686	0.457	610.0	0.8892
Liquid d1	0.867036	687	0.4577	611.0	0.8894
Liquid d1	0.867036	688	0.4584	612.0	0.8895
Liquid d1	0.867036	689	0.459	613.0	0.8897
Liquid d1	0.867036	690	0.4597	614.0	0.8899
Liquid d1	0.866234	691	0.4604	615.0	0.89
Liquid d1	0.866182	692	0.461	616.0	0.8902
Liquid d1	0.865613	693	0.4617	616.0	0.8889
Liquid d1	0.86518	694	0.4624	617.0	0.889
Liquid d1	0.864668	695	0.463	617.0	0.8878
Liquid d1	0.864025	696	0.4637	618.0	0.8879
Liquid d1	0.863761	697	0.4644	618.0	0.8867
Liquid d1	0.862709	698	0.465	619.0	0.8868
Liquid d1	0.86262	699	0.4657	619.0	0.8856
Liquid d1	0.861891	700	0.4664	620.0	0.8857
Liquid d1	0.86032	701	0.467	621.0	0.8859
Liquid d1	0.860007	702	0.4677	622.0	0.886
Liquid d1	0.859664	703	0.4684	623.0	0.8862
Liquid d1	0.85941	704	0.469	623.0	0.8849
Liquid d1	0.857776	705	0.4697	624.0	0.8851
Liquid d1	0.855918	706	0.4704	625.0	0.8853
Liquid d1	0.855855	707	0.471	626.0	0.8854
Liquid d1	0.855055	708	0.4717	626.0	0.8842
Liquid d1	0.852848	709	0.4724	626.0	0.8829
Liquid d1	0.852515	710	0.473	627.0	0.8831
Liquid d1	0.851953	712	0.4744	628.0	0.882
Liquid d1	0.851953	713	0.475	629.0	0.8822
Liquid d1	0.851953	714	0.4757	630.0	0.8824
Liquid d1	0.851953	715	0.4763	630.0	0.8811
Liquid d1	0.851953	716	0.477	631.0	0.8813
Liquid d1	0.851303	717	0.4777	632.0	0.8815
Liquid d1	0.851146	718	0.4783	633.0	0.8816
Liquid d1	0.850861	719	0.479	634.0	0.8818
Liquid d1	0.849468	720	0.4797	635.0	0.8819
Liquid d1	0.84934	721	0.4803	636.0	0.8821
Liquid d1	0.849154	722	0.481	637.0	0.8823
Liquid d1	0.848764	723	0.4817	637.0	0.8811
Liquid d1	0.848534	724	0.4823	637.0	0.8798
Liquid d1	0.848433	725	0.483	637.0	0.8786
Liquid d1	0.847918	726	0.4837	638.0	0.8788
Liquid d1	0.845179	727	0.4843	639.0	0.879
Liquid d1	0.843895	728	0.485	640.0	0.8791
Liquid d1	0.843595	729	0.4857	641.0	0.8793
Liquid d1	0.842751	730	0.4863	642.0	0.8795
Liquid d1	0.841518	731	0.487	643.0	0.8796
Liquid d1	0.840728	732	0.4877	644.0	0.8798
Liquid d1	0.840609	733	0.4883	645.0	0.8799
Liquid d1	0.83675	734	0.489	645.0	0.8787
Liquid d1	0.83584	735	0.4897	645.0	0.8776
Liquid d1	0.835484	739	0.4923	649.0	0.8782
Liquid d1	0.835484	741	0.4937	649.0	0.8758
Liquid d1	0.835484	742	0.4943	649.0	0.8747
Liquid d1	0.835484	743	0.495	650.0	0.8748
Liquid d1	0.834445	744	0.4957	650.0	0.8737
Liquid d1	0.833983	745	0.4963	651.0	0.8738
Liquid d1	0.833297	746	0.497	652.0	0.874
Liquid d1	0.832059	747	0.4977	653.0	0.8742
Liquid d1	0.831122	748	0.4983	653.0	0.873
Liquid d1	0.83028	749	0.499	654.0	0.8732
Liquid d1	0.830098	750	0.4997	654.0	0.872
Liquid d1	0.830063	751	0.5003	655.0	0.8722
Liquid d1	0.828176	752	0.501	656.0	0.8723
Liquid d1	0.828165	753	0.5017	657.0	0.8725
Liquid d1	0.826712	755	0.503	658.0	0.8715
Liquid d1	0.826672	756	0.5037	659.0	0.8717
Liquid d1	0.826232	757	0.5043	660.0	0.8719
Liquid d1	0.826165	758	0.505	661.0	0.872
Liquid d1	0.825404	759	0.5057	662.0	0.8722
Liquid d1	0.824872	760	0.5063	663.0	0.8724
Liquid d1	0.824124	761	0.507	663.0	0.8712
Liquid d1	0.824077	762	0.5077	664.0	0.8714
Liquid d1	0.823622	763	0.5083	665.0	0.8716
Liquid d1	0.823301	764	0.509	665.0	0.8704
Liquid d1	0.822092	765	0.5097	666.0	0.8706
Liquid d1	0.820656	766	0.5103	667.0	0.8708
Liquid d1	0.82022	767	0.511	667.0	0.8696
Liquid d1	0.81847	768	0.5117	667.0	0.8685
Liquid d1	0.817808	769	0.5123	668.0	0.8687
Liquid d1	0.817574	770	0.513	668.0	0.8675
Liquid d1	0.817574	772	0.5143	669.0	0.8666
Liquid d1	0.817574	773	0.515	670.0	0.8668
Liquid d1	0.817574	774	0.5157	671.0	0.8669
Liquid d1	0.817574	775	0.5163	671.0	0.8658
Liquid d1	0.817574	776	0.517	672.0	0.866
Liquid d1	0.817574	787	0.5243	679.0	0.8628
Liquid d1	0.816215	788	0.525	680.0	0.8629
Liquid d1	0.815828	789	0.5256	680.0	0.8619
Liquid d1	0.814216	790	0.5263	681.0	0.862
Liquid d1	0.81307	791	0.527	682.0	0.8622
Liquid d1	0.812889	792	0.5276	682.0	0.8611
Liquid d1	0.812736	793	0.5283	683.0	0.8613
Liquid d1	0.810923	794	0.529	684.0	0.8615
Liquid d1	0.810658	795	0.5296	684.0	0.8604
Liquid d1	0.810508	796	0.5303	684.0	0.8593
Liquid d1	0.808067	797	0.531	685.0	0.8595
Liquid d1	0.805207	798	0.5316	686.0	0.8596
Liquid d1	0.80507	799	0.5323	687.0	0.8598
Liquid d1	0.804152	800	0.533	688.0	0.86
Liquid d1	0.802959	801	0.5336	688.0	0.8589
Liquid d1	0.802539	802	0.5343	689.0	0.8591
Liquid d1	0.802343	803	0.535	690.0	0.8593
Liquid d1	0.80119	804	0.5356	691.0	0.8595
Liquid d1	0.800316	805	0.5363	692.0	0.8596
Liquid d1	0.800016	806	0.537	693.0	0.8598
Liquid d1	0.799775	807	0.5376	693.0	0.8587
Liquid d1	0.798187	815	0.543	699.0	0.8577
Liquid d1	0.798187	816	0.5436	700.0	0.8578
Liquid d1	0.798187	817	0.5443	701.0	0.858
Liquid d1	0.798187	818	0.545	702.0	0.8582
Liquid d1	0.798187	819	0.5456	702.0	0.8571
Liquid d1	0.798187	821	0.547	704.0	0.8575
Liquid d1	0.797513	822	0.5476	705.0	0.8577
Liquid d1	0.79688	823	0.5483	705.0	0.8566
Liquid d1	0.796666	824	0.549	705.0	0.8556
Liquid d1	0.795052	825	0.5496	706.0	0.8558
Liquid d1	0.79286	826	0.5503	706.0	0.8547
Liquid d1	0.792819	827	0.551	706.0	0.8537
Liquid d1	0.792246	828	0.5516	706.0	0.8527
Liquid d1	0.791802	829	0.5523	707.0	0.8528
Liquid d1	0.791653	830	0.553	708.0	0.853
Liquid d1	0.791541	831	0.5536	709.0	0.8532
Liquid d1	0.790453	832	0.5543	710.0	0.8534
Liquid d1	0.789925	833	0.555	711.0	0.8535
Liquid d1	0.787983	834	0.5556	712.0	0.8537
Liquid d1	0.787105	835	0.5563	713.0	0.8539
Liquid d1	0.787073	836	0.557	714.0	0.8541
Liquid d1	0.785003	837	0.5576	714.0	0.853
Liquid d1	0.784685	838	0.5583	715.0	0.8532
Liquid d1	0.784013	839	0.559	715.0	0.8522
Liquid d1	0.783043	840	0.5596	715.0	0.8512
Liquid d1	0.782592	841	0.5603	715.0	0.8502
Liquid d1	0.780563	842	0.561	715.0	0.8492
Liquid d1	0.780386	843	0.5616	715.0	0.8482
Liquid d1	0.779903	844	0.5623	715.0	0.8472
Liquid d1	0.779687	845	0.563	716.0	0.8473
Liquid d1	0.778219	846	0.5636	716.0	0.8463
Liquid d1	0.777681	847	0.5643	717.0	0.8465
Liquid d1	0.7773	857	0.571	722.0	0.8425
Liquid d1	0.7773	858	0.5716	722.0	0.8415
Liquid d1	0.7773	860	0.573	724.0	0.8419
Liquid d1	0.7773	861	0.5736	724.0	0.8409
Liquid d1	0.7773	862	0.5743	725.0	0.8411
Liquid d1	0.775982	863	0.575	725.0	0.8401
Liquid d1	0.775928	864	0.5756	726.0	0.8403
Liquid d1	0.775012	865	0.5763	727.0	0.8405
Liquid d1	0.774838	866	0.5769	728.0	0.8406
Liquid d1	0.774225	867	0.5776	729.0	0.8408
Liquid d1	0.773623	868	0.5783	730.0	0.841
Liquid d1	0.773042	869	0.5789	731.0	0.8412
Liquid d1	0.772898	870	0.5796	731.0	0.8402
Liquid d1	0.772418	871	0.5803	731.0	0.8393
Liquid d1	0.771604	872	0.5809	731.0	0.8383
Liquid d1	0.770635	873	0.5816	731.0	0.8373
Liquid d1	0.768282	874	0.5823	731.0	0.8364
Liquid d1	0.767888	875	0.5829	732.0	0.8366
Liquid d1	0.767642	876	0.5836	732.0	0.8356
Liquid d1	0.767226	877	0.5843	732.0	0.8347
Liquid d1	0.76696	878	0.5849	733.0	0.8349
Liquid d1	0.766294	879	0.5856	734.0	0.835
Liquid d1	0.762669	880	0.5863	734.0	0.8341
Liquid d1	0.760517	881	0.5869	735.0	0.8343
Liquid d1	0.76045	882	0.5876	736.0	0.8345
Liquid d1	0.76038	883	0.5883	737.0	0.8347
Liquid d1	0.759915	884	0.5889	738.0	0.8348
Liquid d1	0.759367	885	0.5896	738.0	0.8339
Liquid d1	0.758575	886	0.5903	739.0	0.8341
Liquid d1	0.754915	897	0.5976	748.0	0.8339
Liquid d1	0.754915	899	0.5989	750.0	0.8343
Liquid d1	0.754915	900	0.5996	751.0	0.8344
Liquid d1	0.754719	901	0.6003	751.0	0.8335
Liquid d1	0.754624	902	0.6009	751.0	0.8326
Liquid d1	0.753383	903	0.6016	752.0	0.8328
Liquid d1	0.751895	904	0.6023	752.0	0.8319
Liquid d1	0.751686	905	0.6029	753.0	0.832
Liquid d1	0.749992	906	0.6036	754.0	0.8322
Liquid d1	0.749911	907	0.6043	755.0	0.8324
Liquid d1	0.749014	908	0.6049	755.0	0.8315
Liquid d1	0.746573	909	0.6056	755.0	0.8306
Liquid d1	0.745103	910	0.6063	755.0	0.8297
Liquid d1	0.745004	911	0.6069	755.0	0.8288
Liquid d1	0.742829	912	0.6076	755.0	0.8279
Liquid d1	0.741353	913	0.6083	755.0	0.8269
Liquid d1	0.741338	914	0.6089	756.0	0.8271
Liquid d1	0.740748	915	0.6096	756.0	0.8262
Liquid d1	0.740446	916	0.6103	756.0	0.8253
Liquid d1	0.739556	917	0.6109	757.0	0.8255
Liquid d1	0.738836	918	0.6116	758.0	0.8257
Liquid d1	0.738077	919	0.6123	758.0	0.8248
Liquid d1	0.737638	920	0.6129	758.0	0.8239
Liquid d1	0.736971	921	0.6136	758.0	0.823
Liquid d1	0.73628	922	0.6143	759.0	0.8232
Liquid d1	0.734733	923	0.6149	760.0	0.8234
Liquid d1	0.733827	924	0.6156	761.0	0.8236
Liquid d1	0.733302	925	0.6163	761.0	0.8227
Liquid d1	0.732668	926	0.6169	761.0	0.8218
Liquid d1	0.732171	927	0.6176	762.0	0.822
Liquid d1	0.731059	940	0.6262	768.0	0.817
Liquid d1	0.731059	941	0.6269	769.0	0.8172
Liquid d1	0.731059	942	0.6276	770.0	0.8174
Liquid d1	0.731059	943	0.6282	771.0	0.8176
Liquid d1	0.731059	945	0.6296	772.0	0.8169
Liquid d1	0.730956	946	0.6302	773.0	0.8171
Liquid d1	0.730262	947	0.6309	774.0	0.8173
Liquid d1	0.730262	948	0.6316	775.0	0.8175
Liquid d1	0.730256	949	0.6322	775.0	0.8166
Liquid d1	0.730014	950	0.6329	776.0	0.8168
Liquid d1	0.729011	951	0.6336	776.0	0.816
Liquid d1	0.724615	952	0.6342	777.0	0.8162
Liquid d1	0.721736	953	0.6349	778.0	0.8164
Liquid d1	0.719987	954	0.6356	779.0	0.8166
Liquid d1	0.719591	955	0.6362	779.0	0.8157
Liquid d1	0.718299	956	0.6369	779.0	0.8149
Liquid d1	0.716675	957	0.6376	780.0	0.815
Liquid d1	0.715146	958	0.6382	780.0	0.8142
Liquid d1	0.712771	959	0.6389	780.0	0.8133
Liquid d1	0.711051	960	0.6396	781.0	0.8135
Liquid d1	0.709645	961	0.6402	782.0	0.8137
Liquid d1	0.709059	962	0.6409	782.0	0.8129
Liquid d1	0.707407	963	0.6416	783.0	0.8131
Liquid d1	0.705785	964	0.6422	784.0	0.8133
Liquid d1	0.705785	965	0.6429	785.0	0.8135
Liquid d1	0.705785	966	0.6436	786.0	0.8137
Liquid d1	0.705785	969	0.6456	789.0	0.8142
Liquid d1	0.705785	980	0.6529	794.0	0.8102
Liquid d1	0.705248	981	0.6536	795.0	0.8104
Liquid d1	0.705207	982	0.6542	795.0	0.8096
Liquid d1	0.705004	983	0.6549	795.0	0.8087
Liquid d1	0.703779	984	0.6556	796.0	0.8089
Liquid d1	0.703664	985	0.6562	797.0	0.8091
Liquid d1	0.703643	986	0.6569	797.0	0.8083
Liquid d1	0.703595	987	0.6576	798.0	0.8085
Liquid d1	0.702836	988	0.6582	799.0	0.8087
Liquid d1	0.702796	989	0.6589	799.0	0.8079
Liquid d1	0.70273	990	0.6596	800.0	0.8081
Liquid d1	0.702657	991	0.6602	801.0	0.8083
Liquid d1	0.702412	992	0.6609	801.0	0.8075
Liquid d1	0.702304	993	0.6616	802.0	0.8077
Liquid d1	0.701666	994	0.6622	803.0	0.8078
Liquid d1	0.701245	995	0.6629	804.0	0.808
Liquid d1	0.700977	996	0.6636	804.0	0.8072
Liquid d1	0.700322	997	0.6642	805.0	0.8074
Liquid d1	0.697568	998	0.6649	805.0	0.8066
Liquid d1	0.696891	999	0.6656	805.0	0.8058
Liquid d1	0.696778	1000	0.6662	805.0	0.805
Liquid d1	0.696349	1001	0.6669	806.0	0.8052
Liquid d1	0.695825	1002	0.6676	806.0	0.8044
Liquid d1	0.693959	1003	0.6682	806.0	0.8036
Liquid d1	0.688346	1004	0.6689	807.0	0.8038
Liquid d1	0.687163	1005	0.6696	807.0	0.803
Liquid d1	0.686604	1006	0.6702	807.0	0.8022
Liquid d1	0.684017	1007	0.6709	808.0	0.8024
Liquid d1	0.683881	1008	0.6716	808.0	0.8016
Liquid d1	0.680767	1009	0.6722	809.0	0.8018
Liquid d1	0.680076	1010	0.6729	810.0	0.802
Liquid d1	0.679179	1015	0.6762	813.0	0.801
Liquid d1	0.679179	1016	0.6769	814.0	0.8012
Liquid d1	0.679179	1021	0.6802	816.0	0.7992
Liquid d1	0.679179	1023	0.6815	817.0	0.7986
Liquid d1	0.679179	1024	0.6822	818.0	0.7988
Liquid d1	0.679179	1025	0.6829	819.0	0.799
Liquid d1	0.679179	1027	0.6842	821.0	0.7994
Liquid d1	0.67901	1028	0.6849	822.0	0.7996
Liquid d1	0.677273	1029	0.6855	823.0	0.7998
Liquid d1	0.676826	1030	0.6862	824.0	0.8
Liquid d1	0.67674	1031	0.6869	824.0	0.7992
Liquid d1	0.676232	1032	0.6875	824.0	0.7984
Liquid d1	0.675794	1033	0.6882	825.0	0.7986
Liquid d1	0.674795	1034	0.6889	825.0	0.7979
Liquid d1	0.67452	1035	0.6895	826.0	0.7981
Liquid d1	0.673567	1036	0.6902	827.0	0.7983
Liquid d1	0.673391	1037	0.6909	828.0	0.7985
Liquid d1	0.67006	1038	0.6915	829.0	0.7987
Liquid d1	0.669432	1039	0.6922	829.0	0.7979
Liquid d1	0.668817	1040	0.6929	829.0	0.7971
Liquid d1	0.668486	1041	0.6935	829.0	0.7963
Liquid d1	0.668439	1042	0.6942	830.0	0.7965
Liquid d1	0.66801	1043	0.6949	830.0	0.7958
Liquid d1	0.665704	1044	0.6955	830.0	0.795
Liquid d1	0.665529	1045	0.6962	830.0	0.7943
Liquid d1	0.662403	1046	0.6969	830.0	0.7935
Liquid d1	0.661694	1047	0.6975	831.0	0.7937
Liquid d1	0.660129	1048	0.6982	831.0	0.7929
Liquid d1	0.659279	1049	0.6989	832.0	0.7931
Liquid d1	0.656581	1050	0.6995	833.0	0.7933
Liquid d1	0.656151	1051	0.7002	834.0	0.7935
Liquid d1	0.655446	1052	0.7009	835.0	0.7937
Liquid d1	0.651355	1062	0.7075	841.0	0.7919
Liquid d1	0.651355	1063	0.7082	842.0	0.7921
Liquid d1	0.651355	1066	0.7102	844.0	0.7917
Liquid d1	0.651355	1068	0.7115	845.0	0.7912
Liquid d1	0.651355	1070	0.7129	845.0	0.7897
Liquid d1	0.651308	1071	0.7135	845.0	0.789
Liquid d1	0.651068	1072	0.7142	845.0	0.7882
Liquid d1	0.649664	1073	0.7149	845.0	0.7875
Liquid d1	0.649394	1074	0.7155	845.0	0.7868
Liquid d1	0.649221	1075	0.7162	846.0	0.787
Liquid d1	0.64919	1076	0.7169	847.0	0.7872
Liquid d1	0.648616	1077	0.7175	848.0	0.7874
Liquid d1	0.648599	1078	0.7182	848.0	0.7866
Liquid d1	0.647925	1079	0.7189	849.0	0.7868
Liquid d1	0.645982	1080	0.7195	849.0	0.7861
Liquid d1	0.645945	1081	0.7202	850.0	0.7863
Liquid d1	0.645359	1082	0.7209	851.0	0.7865
Liquid d1	0.645074	1083	0.7215	852.0	0.7867
Liquid d1	0.645053	1084	0.7222	853.0	0.7869
Liquid d1	0.645052	1085	0.7229	854.0	0.7871
Liquid d1	0.64382	1086	0.7235	855.0	0.7873
Liquid d1	0.642391	1087	0.7242	855.0	0.7866
Liquid d1	0.641902	1088	0.7249	855.0	0.7858
Liquid d1	0.641627	1089	0.7255	856.0	0.786
Liquid d1	0.641314	1090	0.7262	856.0	0.7853
Liquid d1	0.640094	1091	0.7268	856.0	0.7846
Liquid d1	0.63845	1092	0.7275	856.0	0.7839
Liquid d1	0.637031	1093	0.7282	857.0	0.7841
Liquid d1	0.636339	1094	0.7288	857.0	0.7834
Liquid d1	0.634344	1095	0.7295	858.0	0.7836
Liquid d1	0.633918	1096	0.7302	859.0	0.7838
Liquid d1	0.633765	1097	0.7308	860.0	0.784
Liquid d1	0.633238	1098	0.7315	860.0	0.7832
Liquid d1	0.632805	1099	0.7322	860.0	0.7825
Liquid d1	0.631275	1100	0.7328	860.0	0.7818
Liquid d1	0.629875	1101	0.7335	861.0	0.782
Liquid d1	0.628006	1102	0.7342	862.0	0.7822
Liquid d1	0.625548	1103	0.7348	863.0	0.7824
Liquid d1	0.622746	1104	0.7355	864.0	0.7826
Liquid d1	0.622459	1105	0.7362	865.0	0.7828
Liquid d1	0.622459	1107	0.7375	867.0	0.7832
Liquid d1	0.622459	1111	0.7402	870.0	0.7831
Liquid d1	0.622459	1122	0.7475	875.0	0.7799
Liquid d1	0.621882	1123	0.7482	876.0	0.7801
Liquid d1	0.620204	1124	0.7488	877.0	0.7802
Liquid d1	0.620045	1125	0.7495	878.0	0.7804
Liquid d1	0.619719	1126	0.7502	879.0	0.7806
Liquid d1	0.618644	1127	0.7508	879.0	0.7799
Liquid d1	0.617872	1128	0.7515	879.0	0.7793
Liquid d1	0.614212	1129	0.7522	879.0	0.7786
Liquid d1	0.613034	1130	0.7528	880.0	0.7788
Liquid d1	0.612951	1131	0.7535	880.0	0.7781
Liquid d1	0.61261	1132	0.7542	880.0	0.7774
Liquid d1	0.610316	1133	0.7548	880.0	0.7767
Liquid d1	0.610099	1134	0.7555	880.0	0.776
Liquid d1	0.609291	1135	0.7562	880.0	0.7753
Liquid d1	0.606993	1136	0.7568	880.0	0.7746
Liquid d1	0.606284	1137	0.7575	880.0	0.774
Liquid d1	0.604567	1138	0.7582	881.0	0.7742
Liquid d1	0.604107	1139	0.7588	881.0	0.7735
Liquid d1	0.603748	1140	0.7595	882.0	0.7737
Liquid d1	0.602581	1141	0.7602	882.0	0.773
Liquid d1	0.601678	1142	0.7608	883.0	0.7732
Liquid d1	0.601296	1143	0.7615	884.0	0.7734
Liquid d1	0.600905	1144	0.7622	884.0	0.7727
Liquid d1	0.599488	1145	0.7628	884.0	0.7721
Liquid d1	0.599061	1146	0.7635	885.0	0.7723
Liquid d1	0.598427	1147	0.7642	885.0	0.7716
Liquid d1	0.597778	1148	0.7648	885.0	0.7709
Liquid d1	0.597234	1149	0.7655	885.0	0.7702
Liquid d1	0.595925	1150	0.7662	886.0	0.7704
Liquid d1	0.594964	1151	0.7668	886.0	0.7698
Liquid d1	0.593948	1152	0.7675	886.0	0.7691
Liquid d1	0.592667	1163	0.7748	888.0	0.7635
Liquid d1	0.592667	1164	0.7755	889.0	0.7637
Liquid d1	0.592667	1166	0.7768	890.0	0.7633
Liquid d1	0.592667	1170	0.7795	892.0	0.7624
Liquid d1	0.592667	1177	0.7841	896.0	0.7613
Liquid d1	0.592667	1178	0.7848	897.0	0.7615
Liquid d1	0.592535	1179	0.7855	898.0	0.7617
Liquid d1	0.592533	1180	0.7861	898.0	0.761
Liquid d1	0.592142	1181	0.7868	899.0	0.7612
Liquid d1	0.591231	1182	0.7875	900.0	0.7614
Liquid d1	0.590695	1183	0.7881	900.0	0.7608
Liquid d1	0.59064	1184	0.7888	901.0	0.761
Liquid d1	0.59035	1185	0.7895	901.0	0.7603
Liquid d1	0.590281	1186	0.7901	901.0	0.7597
Liquid d1	0.590136	1187	0.7908	902.0	0.7599
Liquid d1	0.58919	1188	0.7915	902.0	0.7593
Liquid d1	0.588253	1189	0.7921	903.0	0.7595
Liquid d1	0.587073	1190	0.7928	903.0	0.7588
Liquid d1	0.584949	1191	0.7935	903.0	0.7582
Liquid d1	0.582562	1192	0.7941	903.0	0.7576
Liquid d1	0.582219	1193	0.7948	904.0	0.7578
Liquid d1	0.581954	1194	0.7955	904.0	0.7571
Liquid d1	0.581876	1195	0.7961	905.0	0.7573
Liquid d1	0.581853	1196	0.7968	906.0	0.7575
Liquid d1	0.581598	1197	0.7975	906.0	0.7569
Liquid d1	0.580886	1198	0.7981	907.0	0.7571
Liquid d1	0.579353	1199	0.7988	907.0	0.7565
Liquid d1	0.579335	1200	0.7995	908.0	0.7567
Liquid d1	0.578994	1201	0.8001	909.0	0.7569
Liquid d1	0.577878	1202	0.8008	910.0	0.7571
Liquid d1	0.57731	1203	0.8015	910.0	0.7564
Liquid d1	0.577067	1204	0.8021	910.0	0.7558
Liquid d1	0.575523	1205	0.8028	910.0	0.7552
Liquid d1	0.57542	1206	0.8035	910.0	0.7546
Liquid d1	0.575265	1207	0.8041	911.0	0.7548
Liquid d1	0.574442	1208	0.8048	912.0	0.755
Liquid d1	0.573166	1209	0.8055	912.0	0.7543
Liquid d1	0.572583	1210	0.8061	912.0	0.7537
Liquid d1	0.572279	1211	0.8068	912.0	0.7531
Liquid d1	0.571978	1212	0.8075	912.0	0.7525
Liquid d1	0.570544	1213	0.8081	913.0	0.7527
Liquid d1	0.568702	1214	0.8088	914.0	0.7529
Liquid d1	0.567687	1215	0.8095	915.0	0.7531
Liquid d1	0.566765	1216	0.8101	915.0	0.7525
Liquid d1	0.565754	1217	0.8108	916.0	0.7527
Liquid d1	0.565004	1218	0.8115	916.0	0.7521
Liquid d1	0.563741	1219	0.8121	916.0	0.7514
Liquid d1	0.563674	1220	0.8128	916.0	0.7508
Liquid d1	0.563064	1221	0.8135	917.0	0.751
Liquid d1	0.562177	1229	0.8188	919.0	0.7478
Liquid d1	0.562177	1230	0.8195	919.0	0.7472
Liquid d1	0.562177	1240	0.8261	921.0	0.7427
Liquid d1	0.562176	1241	0.8268	921.0	0.7421
Liquid d1	0.562176	1243	0.8281	923.0	0.7426
Liquid d1	0.561839	1244	0.8288	923.0	0.742
Liquid d1	0.561672	1245	0.8294	923.0	0.7414
Liquid d1	0.558226	1246	0.8301	924.0	0.7416
Liquid d1	0.558177	1247	0.8308	924.0	0.741
Liquid d1	0.555711	1248	0.8314	924.0	0.7404
Liquid d1	0.555711	1249	0.8321	925.0	0.7406
Liquid d1	0.555169	1250	0.8328	926.0	0.7408
Liquid d1	0.554737	1251	0.8334	927.0	0.741
Liquid d1	0.553314	1252	0.8341	927.0	0.7404
Liquid d1	0.55323	1253	0.8348	927.0	0.7398
Liquid d1	0.551468	1254	0.8354	928.0	0.74
Liquid d1	0.55044	1255	0.8361	929.0	0.7402
Liquid d1	0.549719	1256	0.8368	930.0	0.7404
Liquid d1	0.549572	1257	0.8374	930.0	0.7399
Liquid d1	0.54826	1258	0.8381	930.0	0.7393
Liquid d1	0.547418	1259	0.8388	931.0	0.7395
Liquid d1	0.547382	1260	0.8394	931.0	0.7389
Liquid d1	0.546765	1261	0.8401	931.0	0.7383
Liquid d1	0.546607	1262	0.8408	931.0	0.7377
Liquid d1	0.545099	1263	0.8414	931.0	0.7371
Liquid d1	0.54463	1264	0.8421	932.0	0.7373
Liquid d1	0.543136	1265	0.8428	932.0	0.7368
Liquid d1	0.542709	1266	0.8434	932.0	0.7362
Liquid d1	0.542414	1267	0.8441	933.0	0.7364
Liquid d1	0.542294	1268	0.8448	933.0	0.7358
Liquid d1	0.541745	1269	0.8454	933.0	0.7352
Liquid d1	0.540876	1270	0.8461	934.0	0.7354
Liquid d1	0.540384	1271	0.8468	935.0	0.7356
Liquid d1	0.538123	1272	0.8474	935.0	0.7351
Liquid d1	0.538083	1273	0.8481	935.0	0.7345
Liquid d1	0.538016	1274	0.8488	936.0	0.7347
Liquid d1	0.537816	1275	0.8494	937.0	0.7349
Liquid d1	0.536733	1276	0.8501	937.0	0.7343
Liquid d1	0.536403	1277	0.8508	938.0	0.7345
Liquid d1	0.53573	1278	0.8514	939.0	0.7347
Liquid d1	0.532558	1279	0.8521	939.0	0.7342
Liquid d1	0.531209	1280	0.8528	939.0	0.7336
Liquid d1	0.531209	1284	0.8554	940.0	0.7321
Liquid d1	0.531209	1288	0.8581	942.0	0.7314
Liquid d1	0.531209	1289	0.8588	942.0	0.7308
Liquid d1	0.531209	1295	0.8628	944.0	0.729
Liquid d1	0.530332	1296	0.8634	945.0	0.7292
Liquid d1	0.53019	1297	0.8641	945.0	0.7286
Liquid d1	0.528382	1298	0.8648	945.0	0.728
Liquid d1	0.528364	1299	0.8654	945.0	0.7275
Liquid d1	0.527681	1300	0.8661	945.0	0.7269
Liquid d1	0.526486	1301	0.8668	946.0	0.7271
Liquid d1	0.524667	1302	0.8674	946.0	0.7266
Liquid d1	0.523739	1303	0.8681	947.0	0.7268
Liquid d1	0.52262	1304	0.8688	947.0	0.7262
Liquid d1	0.521624	1305	0.8694	948.0	0.7264
Liquid d1	0.520468	1306	0.8701	949.0	0.7266
Liquid d1	0.519869	1307	0.8708	949.0	0.7261
Liquid d1	0.518863	1308	0.8714	949.0	0.7255
Liquid d1	0.518635	1309	0.8721	949.0	0.725
Liquid d1	0.51754	1310	0.8728	950.0	0.7252
Liquid d1	0.516795	1311	0.8734	950.0	0.7246
Liquid d1	0.516671	1312	0.8741	950.0	0.7241
Liquid d1	0.514205	1313	0.8748	951.0	0.7243
Liquid d1	0.514041	1314	0.8754	952.0	0.7245
Liquid d1	0.513691	1315	0.8761	952.0	0.724
Liquid d1	0.512263	1316	0.8767	953.0	0.7242
Liquid d1	0.507781	1317	0.8774	953.0	0.7236
Liquid d1	0.50618	1318	0.8781	954.0	0.7238
Liquid d1	0.505762	1319	0.8787	954.0	0.7233
Liquid d1	0.504969	1320	0.8794	955.0	0.7235
Liquid d1	0.502867	1321	0.8801	955.0	0.7229
Liquid d1	0.501881	1322	0.8807	955.0	0.7224
Liquid d1	0.50133	1323	0.8814	956.0	0.7226
Liquid d1	0.501117	1324	0.8821	956.0	0.7221
Liquid d1	0.5	1335	0.8894	961.5	0.7202
Liquid d1	0.499518	1336	0.8901	962.5	0.7204
Liquid d1	0.499129	1337	0.8907	962.5	0.7199
Liquid d1	0.499093	1338	0.8914	962.5	0.7194
Liquid d1	0.497261	1339	0.8921	962.5	0.7188
Liquid d1	0.496758	1340	0.8927	962.5	0.7183
Liquid d1	0.496636	1341	0.8934	962.5	0.7177
Liquid d1	0.495984	1342	0.8941	962.5	0.7172
Liquid d1	0.495866	1343	0.8947	963.0	0.7171
Liquid d1	0.495735	1344	0.8954	963.5	0.7169
Liquid d1	0.494746	1345	0.8961	963.5	0.7164
Liquid d1	0.4947	1346	0.8967	964.5	0.7166
Liquid d1	0.49429	1347	0.8974	965.0	0.7164
Liquid d1	0.492066	1348	0.8981	965.5	0.7162
Liquid d1	0.491792	1349	0.8987	966.0	0.7161
Liquid d1	0.490857	1350	0.8994	966.0	0.7156
Liquid d1	0.490339	1351	0.9001	966.5	0.7154
Liquid d1	0.488964	1352	0.9007	966.5	0.7149
Liquid d1	0.488245	1353	0.9014	966.5	0.7143
Liquid d1	0.486635	1354	0.9021	967.5	0.7145
Liquid d1	0.485254	1355	0.9027	968.5	0.7148
Liquid d1	0.484643	1356	0.9034	968.5	0.7142
Liquid d1	0.484101	1357	0.9041	969.5	0.7144
Liquid d1	0.482262	1358	0.9047	969.5	0.7139
Liquid d1	0.481426	1359	0.9054	969.5	0.7134
Liquid d1	0.481403	1360	0.9061	970.5	0.7136
Liquid d1	0.480893	1361	0.9067	970.5	0.7131
Liquid d1	0.480813	1362	0.9074	970.5	0.7126
Liquid d1	0.479257	1363	0.9081	970.5	0.712
Liquid d1	0.478883	1364	0.9087	971.5	0.7122
Liquid d1	0.478566	1365	0.9094	972.5	0.7125
Liquid d1	0.477853	1366	0.9101	972.5	0.7119
Liquid d1	0.477618	1367	0.9107	973.0	0.7118
Liquid d1	0.475069	1368	0.9114	973.0	0.7113
Liquid d1	0.474918	1369	0.9121	974.0	0.7115
Liquid d1	0.474918	1370	0.9127	974.0	0.7109
Liquid d1	0.47407	1371	0.9134	974.0	0.7104
Liquid d1	0.473404	1372	0.9141	975.0	0.7106
Liquid d1	0.473009	1373	0.9147	975.0	0.7101
Liquid d1	0.472316	1374	0.9154	975.0	0.7096
Liquid d1	0.471694	1375	0.9161	976.0	0.7098
Liquid d1	0.471694	1376	0.9167	977.0	0.71
Liquid d1	0.471589	1377	0.9174	978.0	0.7102
Liquid d1	0.470859	1378	0.9181	978.0	0.7097
Liquid d1	0.469957	1379	0.9187	978.5	0.7096
Liquid d1	0.467783	1380	0.9194	979.5	0.7098
Liquid d1	0.46749	1381	0.9201	980.5	0.71
Liquid d1	0.466839	1382	0.9207	981.5	0.7102
Liquid d1	0.466562	1383	0.9214	981.5	0.7097
Liquid d1	0.466535	1384	0.9221	982.0	0.7095
Liquid d1	0.466528	1385	0.9227	982.0	0.709
Liquid d1	0.465258	1386	0.9234	983.0	0.7092
Liquid d1	0.464266	1387	0.9241	983.0	0.7087
Liquid d1	0.464185	1388	0.9247	983.0	0.7082
Liquid d1	0.464006	1389	0.9254	983.0	0.7077
Liquid d1	0.463271	1390	0.926	984.0	0.7079
Liquid d1	0.462932	1391	0.9267	985.0	0.7081
Liquid d1	0.462036	1392	0.9274	985.0	0.7076
Liquid d1	0.458719	1393	0.928	985.0	0.7071
Liquid d1	0.458421	1394	0.9287	985.0	0.7066
Liquid d1	0.457199	1395	0.9294	986.0	0.7068
Liquid d1	0.457099	1396	0.93	987.0	0.707
Liquid d1	0.453609	1397	0.9307	987.0	0.7065
Liquid d1	0.453522	1398	0.9314	987.0	0.706
Liquid d1	0.452528	1399	0.932	987.0	0.7055
Liquid d1	0.451695	1400	0.9327	988.0	0.7057
Liquid d1	0.448679	1401	0.9334	989.0	0.7059
Liquid d1	0.447855	1402	0.934	989.0	0.7054
Liquid d1	0.446508	1403	0.9347	990.0	0.7056
Liquid d1	0.445819	1404	0.9354	991.0	0.7058
Liquid d1	0.445156	1405	0.936	991.0	0.7053
Liquid d1	0.445132	1406	0.9367	992.0	0.7055
Liquid d1	0.443295	1407	0.9374	993.0	0.7058
Liquid d1	0.439535	1408	0.938	993.0	0.7053
Liquid d1	0.439218	1409	0.9387	993.0	0.7048
Liquid d1	0.438663	1410	0.9394	994.0	0.705
Liquid d1	0.435895	1411	0.94	994.0	0.7045
Liquid d1	0.435215	1412	0.9407	994.0	0.704
Liquid d1	0.4344	1413	0.9414	994.0	0.7035
Liquid d1	0.433634	1414	0.942	995.0	0.7037
Liquid d1	0.433274	1415	0.9427	995.0	0.7032
Liquid d1	0.43292	1416	0.9434	995.0	0.7027
Liquid d1	0.432337	1417	0.944	995.0	0.7022
Liquid d1	0.42978	1418	0.9447	995.0	0.7017
Liquid d1	0.429266	1419	0.9454	995.0	0.7012
Liquid d1	0.428713	1420	0.946	995.0	0.7007
Liquid d1	0.426844	1421	0.9467	995.0	0.7002
Liquid d1	0.425886	1422	0.9474	996.0	0.7004
Liquid d1	0.425005	1423	0.948	997.0	0.7006
Liquid d1	0.424382	1424	0.9487	998.0	0.7008
Liquid d1	0.424045	1425	0.9494	998.0	0.7004
Liquid d1	0.424045	1426	0.95	998.5	0.7002
Liquid d1	0.422319	1427	0.9507	998.5	0.6997
Liquid d1	0.421856	1428	0.9514	998.5	0.6992
Liquid d1	0.420892	1429	0.952	999.5	0.6994
Liquid d1	0.42079	1430	0.9527	999.5	0.699
Liquid d1	0.418075	1431	0.9534	999.5	0.6985
Liquid d1	0.417601	1432	0.954	999.5	0.698
Liquid d1	0.416734	1433	0.9547	999.5	0.6975
Liquid d1	0.416085	1434	0.9554	999.5	0.697
Liquid d1	0.412465	1435	0.956	1000.5	0.6972
Liquid d1	0.411725	1436	0.9567	1000.5	0.6967
Liquid d1	0.410521	1437	0.9574	1001.0	0.6966
Liquid d1	0.409899	1438	0.958	1001.0	0.6961
Liquid d1	0.407226	1439	0.9587	1001.0	0.6956
Liquid d1	0.405253	1440	0.9594	1001.0	0.6951
Liquid d1	0.404168	1441	0.96	1002.0	0.6954
Liquid d1	0.403421	1442	0.9607	1002.0	0.6949
Liquid d1	0.401946	1443	0.9614	1002.0	0.6944
Liquid d1	0.398591	1444	0.962	1002.5	0.6943
Liquid d1	0.398556	1445	0.9627	1002.5	0.6938
Liquid d1	0.397258	1446	0.9634	1002.5	0.6933
Liquid d1	0.397236	1447	0.964	1002.5	0.6928
Liquid d1	0.391884	1448	0.9647	1002.5	0.6923
Liquid d1	0.39083	1449	0.9654	1002.5	0.6919
Liquid d1	0.389137	1450	0.966	1002.5	0.6914
Liquid d1	0.388714	1451	0.9667	1002.5	0.6909
Liquid d1	0.387456	1452	0.9674	1002.5	0.6904
Liquid d1	0.387337	1453	0.968	1002.5	0.69
Liquid d1	0.386731	1454	0.9687	1002.5	0.6895
Liquid d1	0.382098	1455	0.9694	1003.5	0.6897
Liquid d1	0.379362	1456	0.97	1003.5	0.6892
Liquid d1	0.37905	1457	0.9707	1003.5	0.6887
Liquid d1	0.378872	1458	0.9714	1003.5	0.6883
Liquid d1	0.372122	1459	0.972	1004.0	0.6881
Liquid d1	0.371069	1460	0.9727	1004.0	0.6877
Liquid d1	0.369876	1461	0.9734	1005.0	0.6879
Liquid d1	0.369647	1462	0.974	1006.0	0.6881
Liquid d1	0.369434	1463	0.9747	1006.0	0.6876
Liquid d1	0.369088	1464	0.9753	1006.5	0.6875
Liquid d1	0.369006	1465	0.976	1006.5	0.687
Liquid d1	0.366176	1466	0.9767	1007.5	0.6872
Liquid d1	0.361956	1467	0.9773	1007.5	0.6868
Liquid d1	0.361049	1468	0.978	1007.5	0.6863
Liquid d1	0.361021	1469	0.9787	1007.5	0.6858
Liquid d1	0.358882	1470	0.9793	1007.5	0.6854
Liquid d1	0.358328	1471	0.98	1008.5	0.6856
Liquid d1	0.358238	1472	0.9807	1008.5	0.6851
Liquid d1	0.355284	1473	0.9813	1008.5	0.6847
Liquid d1	0.354285	1474	0.982	1008.5	0.6842
Liquid d1	0.353703	1475	0.9827	1008.5	0.6837
Liquid d1	0.345837	1476	0.9833	1008.5	0.6833
Liquid d1	0.344478	1477	0.984	1008.5	0.6828
Liquid d1	0.342396	1478	0.9847	1009.5	0.683
Liquid d1	0.337157	1479	0.9853	1009.5	0.6826
Liquid d1	0.334902	1480	0.986	1010.5	0.6828
Liquid d1	0.333119	1481	0.9867	1011.0	0.6826
Liquid d1	0.331497	1482	0.9873	1011.0	0.6822
Liquid d1	0.328715	1483	0.988	1011.0	0.6817
Liquid d1	0.312924	1484	0.9887	1011.5	0.6816
Liquid d1	0.312836	1485	0.9893	1011.5	0.6811
Liquid d1	0.312724	1486	0.99	1011.5	0.6807
Liquid d1	0.299597	1487	0.9907	1011.5	0.6802
Liquid d1	0.297302	1488	0.9913	1011.5	0.6798
Liquid d1	0.296333	1489	0.992	1012.0	0.6797
Liquid d1	0.293788	1490	0.9927	1012.0	0.6792
Liquid d1	0.29001	1491	0.9933	1012.0	0.6787
Liquid d1	0.286613	1492	0.994	1012.0	0.6783
Liquid d1	0.283891	1493	0.9947	1012.5	0.6782
Liquid d1	0.27828	1494	0.9953	1013.0	0.678
Liquid d1	0.274161	1495	0.996	1013.0	0.6776
Liquid d1	0.258552	1496	0.9967	1014.0	0.6778
Liquid d1	0.240707	1497	0.9973	1014.0	0.6774
Liquid d1	0.235556	1498	0.998	1014.0	0.6769
Liquid d1	0.0	1501	1.0	1014.0	0.6755
Nimble 9B	0.999865	1	0.0007	1.0	1.0
Nimble 9B	0.999606	2	0.0013	2.0	1.0
Nimble 9B	0.999594	3	0.002	3.0	1.0
Nimble 9B	0.999561	4	0.0027	4.0	1.0
Nimble 9B	0.999167	5	0.0033	5.0	1.0
Nimble 9B	0.999021	6	0.004	6.0	1.0
Nimble 9B	0.998948	7	0.0047	7.0	1.0
Nimble 9B	0.998665	8	0.0053	8.0	1.0
Nimble 9B	0.998583	9	0.006	9.0	1.0
Nimble 9B	0.998558	10	0.0067	10.0	1.0
Nimble 9B	0.998549	11	0.0073	11.0	1.0
Nimble 9B	0.998408	12	0.008	12.0	1.0
Nimble 9B	0.998062	13	0.0087	13.0	1.0
Nimble 9B	0.998047	14	0.0093	14.0	1.0
Nimble 9B	0.998004	15	0.01	15.0	1.0
Nimble 9B	0.997893	16	0.0107	16.0	1.0
Nimble 9B	0.997871	17	0.0113	17.0	1.0
Nimble 9B	0.997808	18	0.012	18.0	1.0
Nimble 9B	0.99772	19	0.0127	19.0	1.0
Nimble 9B	0.997523	20	0.0133	20.0	1.0
Nimble 9B	0.997229	21	0.014	20.0	0.9524
Nimble 9B	0.997177	22	0.0147	21.0	0.9545
Nimble 9B	0.997161	23	0.0153	22.0	0.9565
Nimble 9B	0.99694	24	0.016	23.0	0.9583
Nimble 9B	0.996876	25	0.0167	24.0	0.96
Nimble 9B	0.996865	26	0.0173	25.0	0.9615
Nimble 9B	0.996767	27	0.018	26.0	0.963
Nimble 9B	0.996698	28	0.0187	27.0	0.9643
Nimble 9B	0.996655	29	0.0193	28.0	0.9655
Nimble 9B	0.99651	30	0.02	29.0	0.9667
Nimble 9B	0.996497	31	0.0207	30.0	0.9677
Nimble 9B	0.996487	32	0.0213	31.0	0.9688
Nimble 9B	0.996422	33	0.022	32.0	0.9697
Nimble 9B	0.996103	34	0.0227	32.0	0.9412
Nimble 9B	0.996074	35	0.0233	33.0	0.9429
Nimble 9B	0.995978	36	0.024	34.0	0.9444
Nimble 9B	0.995954	37	0.0247	35.0	0.9459
Nimble 9B	0.995931	38	0.0253	36.0	0.9474
Nimble 9B	0.995777	39	0.026	37.0	0.9487
Nimble 9B	0.99562	40	0.0266	38.0	0.95
Nimble 9B	0.995384	41	0.0273	39.0	0.9512
Nimble 9B	0.995263	42	0.028	39.0	0.9286
Nimble 9B	0.995247	43	0.0286	40.0	0.9302
Nimble 9B	0.994741	44	0.0293	41.0	0.9318
Nimble 9B	0.994322	45	0.03	42.0	0.9333
Nimble 9B	0.994183	46	0.0306	43.0	0.9348
Nimble 9B	0.994058	47	0.0313	44.0	0.9362
Nimble 9B	0.993599	48	0.032	45.0	0.9375
Nimble 9B	0.993532	49	0.0326	46.0	0.9388
Nimble 9B	0.993484	50	0.0333	47.0	0.94
Nimble 9B	0.993353	51	0.034	48.0	0.9412
Nimble 9B	0.993345	52	0.0346	49.0	0.9423
Nimble 9B	0.993288	53	0.0353	50.0	0.9434
Nimble 9B	0.992999	54	0.036	50.0	0.9259
Nimble 9B	0.992545	55	0.0366	51.0	0.9273
Nimble 9B	0.992415	56	0.0373	52.0	0.9286
Nimble 9B	0.991939	57	0.038	53.0	0.9298
Nimble 9B	0.991818	58	0.0386	54.0	0.931
Nimble 9B	0.991639	59	0.0393	54.0	0.9153
Nimble 9B	0.991464	60	0.04	55.0	0.9167
Nimble 9B	0.991277	61	0.0406	56.0	0.918
Nimble 9B	0.990823	62	0.0413	57.0	0.9194
Nimble 9B	0.990683	63	0.042	58.0	0.9206
Nimble 9B	0.990594	64	0.0426	59.0	0.9219
Nimble 9B	0.990369	65	0.0433	59.0	0.9077
Nimble 9B	0.990243	66	0.044	60.0	0.9091
Nimble 9B	0.990213	67	0.0446	61.0	0.9104
Nimble 9B	0.989773	68	0.0453	62.0	0.9118
Nimble 9B	0.989524	69	0.046	63.0	0.913
Nimble 9B	0.989472	70	0.0466	64.0	0.9143
Nimble 9B	0.989024	71	0.0473	65.0	0.9155
Nimble 9B	0.98898	72	0.048	66.0	0.9167
Nimble 9B	0.988952	73	0.0486	67.0	0.9178
Nimble 9B	0.988894	74	0.0493	67.0	0.9054
Nimble 9B	0.98877	75	0.05	68.0	0.9067
Nimble 9B	0.9887	76	0.0506	69.0	0.9079
Nimble 9B	0.988418	77	0.0513	70.0	0.9091
Nimble 9B	0.98826	78	0.052	71.0	0.9103
Nimble 9B	0.987794	79	0.0526	72.0	0.9114
Nimble 9B	0.987094	80	0.0533	72.0	0.9
Nimble 9B	0.987028	81	0.054	72.0	0.8889
Nimble 9B	0.986528	82	0.0546	73.0	0.8902
Nimble 9B	0.986509	83	0.0553	73.0	0.8795
Nimble 9B	0.986179	84	0.056	74.0	0.881
Nimble 9B	0.985874	85	0.0566	75.0	0.8824
Nimble 9B	0.985832	86	0.0573	76.0	0.8837
Nimble 9B	0.985748	87	0.058	76.0	0.8736
Nimble 9B	0.985636	88	0.0586	77.0	0.875
Nimble 9B	0.985484	89	0.0593	77.0	0.8652
Nimble 9B	0.985435	90	0.06	78.0	0.8667
Nimble 9B	0.985205	91	0.0606	79.0	0.8681
Nimble 9B	0.985205	92	0.0613	80.0	0.8696
Nimble 9B	0.984912	93	0.062	81.0	0.871
Nimble 9B	0.984714	94	0.0626	82.0	0.8723
Nimble 9B	0.984274	95	0.0633	83.0	0.8737
Nimble 9B	0.98415	96	0.064	84.0	0.875
Nimble 9B	0.984074	97	0.0646	85.0	0.8763
Nimble 9B	0.984007	98	0.0653	86.0	0.8776
Nimble 9B	0.983964	99	0.066	87.0	0.8788
Nimble 9B	0.98371	100	0.0666	88.0	0.88
Nimble 9B	0.983573	101	0.0673	89.0	0.8812
Nimble 9B	0.983307	102	0.068	90.0	0.8824
Nimble 9B	0.9833	103	0.0686	91.0	0.8835
Nimble 9B	0.98293	104	0.0693	92.0	0.8846
Nimble 9B	0.982753	105	0.07	93.0	0.8857
Nimble 9B	0.982172	106	0.0706	94.0	0.8868
Nimble 9B	0.981782	107	0.0713	94.0	0.8785
Nimble 9B	0.981653	108	0.072	95.0	0.8796
Nimble 9B	0.981532	109	0.0726	95.0	0.8716
Nimble 9B	0.981453	110	0.0733	96.0	0.8727
Nimble 9B	0.981386	111	0.074	97.0	0.8739
Nimble 9B	0.9809	112	0.0746	98.0	0.875
Nimble 9B	0.980477	113	0.0753	98.0	0.8673
Nimble 9B	0.98045	114	0.0759	99.0	0.8684
Nimble 9B	0.980345	115	0.0766	100.0	0.8696
Nimble 9B	0.979783	116	0.0773	101.0	0.8707
Nimble 9B	0.9796	117	0.0779	102.0	0.8718
Nimble 9B	0.979511	118	0.0786	103.0	0.8729
Nimble 9B	0.979384	119	0.0793	104.0	0.8739
Nimble 9B	0.979285	120	0.0799	105.0	0.875
Nimble 9B	0.978877	121	0.0806	106.0	0.876
Nimble 9B	0.978755	122	0.0813	107.0	0.877
Nimble 9B	0.978666	123	0.0819	108.0	0.878
Nimble 9B	0.978304	124	0.0826	109.0	0.879
Nimble 9B	0.978288	125	0.0833	110.0	0.88
Nimble 9B	0.977778	126	0.0839	110.0	0.873
Nimble 9B	0.977548	127	0.0846	111.0	0.874
Nimble 9B	0.977252	128	0.0853	112.0	0.875
Nimble 9B	0.977165	129	0.0859	113.0	0.876
Nimble 9B	0.977043	130	0.0866	114.0	0.8769
Nimble 9B	0.976817	131	0.0873	115.0	0.8779
Nimble 9B	0.976739	132	0.0879	116.0	0.8788
Nimble 9B	0.976104	133	0.0886	117.0	0.8797
Nimble 9B	0.975959	134	0.0893	118.0	0.8806
Nimble 9B	0.975782	135	0.0899	119.0	0.8815
Nimble 9B	0.975657	136	0.0906	120.0	0.8824
Nimble 9B	0.975526	137	0.0913	121.0	0.8832
Nimble 9B	0.975211	138	0.0919	121.0	0.8768
Nimble 9B	0.975127	139	0.0926	121.0	0.8705
Nimble 9B	0.974704	140	0.0933	122.0	0.8714
Nimble 9B	0.974558	141	0.0939	122.0	0.8652
Nimble 9B	0.974543	142	0.0946	123.0	0.8662
Nimble 9B	0.973641	143	0.0953	124.0	0.8671
Nimble 9B	0.973276	144	0.0959	125.0	0.8681
Nimble 9B	0.973082	145	0.0966	126.0	0.869
Nimble 9B	0.972275	146	0.0973	127.0	0.8699
Nimble 9B	0.97212	147	0.0979	128.0	0.8707
Nimble 9B	0.97193	148	0.0986	129.0	0.8716
Nimble 9B	0.971871	149	0.0993	130.0	0.8725
Nimble 9B	0.971796	150	0.0999	131.0	0.8733
Nimble 9B	0.971602	151	0.1006	132.0	0.8742
Nimble 9B	0.971451	152	0.1013	133.0	0.875
Nimble 9B	0.971422	153	0.1019	134.0	0.8758
Nimble 9B	0.971229	154	0.1026	135.0	0.8766
Nimble 9B	0.97054	155	0.1033	136.0	0.8774
Nimble 9B	0.970199	156	0.1039	136.0	0.8718
Nimble 9B	0.969423	157	0.1046	137.0	0.8726
Nimble 9B	0.969028	158	0.1053	138.0	0.8734
Nimble 9B	0.968788	159	0.1059	139.0	0.8742
Nimble 9B	0.968563	160	0.1066	140.0	0.875
Nimble 9B	0.968105	161	0.1073	141.0	0.8758
Nimble 9B	0.967277	162	0.1079	142.0	0.8765
Nimble 9B	0.966874	163	0.1086	143.0	0.8773
Nimble 9B	0.966106	164	0.1093	144.0	0.878
Nimble 9B	0.966072	165	0.1099	145.0	0.8788
Nimble 9B	0.9654	166	0.1106	146.0	0.8795
Nimble 9B	0.965231	167	0.1113	147.0	0.8802
Nimble 9B	0.965091	168	0.1119	148.0	0.881
Nimble 9B	0.963919	169	0.1126	149.0	0.8817
Nimble 9B	0.963181	170	0.1133	149.0	0.8765
Nimble 9B	0.962701	171	0.1139	150.0	0.8772
Nimble 9B	0.962071	172	0.1146	151.0	0.8779
Nimble 9B	0.961771	173	0.1153	152.0	0.8786
Nimble 9B	0.961684	174	0.1159	153.0	0.8793
Nimble 9B	0.959866	175	0.1166	154.0	0.88
Nimble 9B	0.959745	176	0.1173	155.0	0.8807
Nimble 9B	0.959626	177	0.1179	156.0	0.8814
Nimble 9B	0.959415	178	0.1186	157.0	0.882
Nimble 9B	0.958908	179	0.1193	158.0	0.8827
Nimble 9B	0.958867	180	0.1199	159.0	0.8833
Nimble 9B	0.958865	181	0.1206	160.0	0.884
Nimble 9B	0.958828	182	0.1213	161.0	0.8846
Nimble 9B	0.956868	183	0.1219	162.0	0.8852
Nimble 9B	0.956263	184	0.1226	162.0	0.8804
Nimble 9B	0.955983	185	0.1233	163.0	0.8811
Nimble 9B	0.955877	186	0.1239	163.0	0.8763
Nimble 9B	0.955564	187	0.1246	164.0	0.877
Nimble 9B	0.955357	188	0.1252	165.0	0.8777
Nimble 9B	0.95534	189	0.1259	166.0	0.8783
Nimble 9B	0.954442	190	0.1266	167.0	0.8789
Nimble 9B	0.954288	191	0.1272	168.0	0.8796
Nimble 9B	0.953161	192	0.1279	169.0	0.8802
Nimble 9B	0.952867	193	0.1286	170.0	0.8808
Nimble 9B	0.952848	194	0.1292	171.0	0.8814
Nimble 9B	0.952802	195	0.1299	171.0	0.8769
Nimble 9B	0.952584	196	0.1306	172.0	0.8776
Nimble 9B	0.952307	197	0.1312	173.0	0.8782
Nimble 9B	0.951784	198	0.1319	173.0	0.8737
Nimble 9B	0.951628	199	0.1326	173.0	0.8693
Nimble 9B	0.95154	200	0.1332	174.0	0.87
Nimble 9B	0.950254	201	0.1339	175.0	0.8706
Nimble 9B	0.949706	202	0.1346	176.0	0.8713
Nimble 9B	0.949104	203	0.1352	177.0	0.8719
Nimble 9B	0.948877	204	0.1359	178.0	0.8725
Nimble 9B	0.948603	205	0.1366	179.0	0.8732
Nimble 9B	0.948349	206	0.1372	180.0	0.8738
Nimble 9B	0.947999	207	0.1379	181.0	0.8744
Nimble 9B	0.947918	208	0.1386	182.0	0.875
Nimble 9B	0.94753	209	0.1392	183.0	0.8756
Nimble 9B	0.947347	210	0.1399	184.0	0.8762
Nimble 9B	0.947282	211	0.1406	185.0	0.8768
Nimble 9B	0.946755	212	0.1412	186.0	0.8774
Nimble 9B	0.946693	213	0.1419	187.0	0.8779
Nimble 9B	0.946412	214	0.1426	188.0	0.8785
Nimble 9B	0.946369	215	0.1432	188.0	0.8744
Nimble 9B	0.94632	216	0.1439	189.0	0.875
Nimble 9B	0.946079	217	0.1446	190.0	0.8756
Nimble 9B	0.945389	218	0.1452	191.0	0.8761
Nimble 9B	0.945027	219	0.1459	192.0	0.8767
Nimble 9B	0.94498	220	0.1466	193.0	0.8773
Nimble 9B	0.944202	221	0.1472	194.0	0.8778
Nimble 9B	0.943789	222	0.1479	195.0	0.8784
Nimble 9B	0.94352	223	0.1486	195.0	0.8744
Nimble 9B	0.943505	224	0.1492	196.0	0.875
Nimble 9B	0.940535	225	0.1499	197.0	0.8756
Nimble 9B	0.940389	226	0.1506	198.0	0.8761
Nimble 9B	0.939029	227	0.1512	199.0	0.8767
Nimble 9B	0.938975	228	0.1519	199.0	0.8728
Nimble 9B	0.93852	229	0.1526	200.0	0.8734
Nimble 9B	0.936369	230	0.1532	201.0	0.8739
Nimble 9B	0.935713	231	0.1539	202.0	0.8745
Nimble 9B	0.935439	232	0.1546	202.0	0.8707
Nimble 9B	0.935307	233	0.1552	203.0	0.8712
Nimble 9B	0.935307	234	0.1559	203.0	0.8675
Nimble 9B	0.934498	235	0.1566	204.0	0.8681
Nimble 9B	0.934145	236	0.1572	205.0	0.8686
Nimble 9B	0.933908	237	0.1579	205.0	0.865
Nimble 9B	0.933882	238	0.1586	206.0	0.8655
Nimble 9B	0.933791	239	0.1592	207.0	0.8661
Nimble 9B	0.933713	240	0.1599	208.0	0.8667
Nimble 9B	0.933624	241	0.1606	209.0	0.8672
Nimble 9B	0.933523	242	0.1612	210.0	0.8678
Nimble 9B	0.932193	243	0.1619	210.0	0.8642
Nimble 9B	0.932017	244	0.1626	210.0	0.8607
Nimble 9B	0.931648	245	0.1632	211.0	0.8612
Nimble 9B	0.930687	246	0.1639	212.0	0.8618
Nimble 9B	0.930241	247	0.1646	213.0	0.8623
Nimble 9B	0.930212	248	0.1652	214.0	0.8629
Nimble 9B	0.929829	249	0.1659	215.0	0.8635
Nimble 9B	0.929767	250	0.1666	215.0	0.86
Nimble 9B	0.928661	251	0.1672	215.0	0.8566
Nimble 9B	0.928262	252	0.1679	216.0	0.8571
Nimble 9B	0.927735	253	0.1686	217.0	0.8577
Nimble 9B	0.927543	254	0.1692	218.0	0.8583
Nimble 9B	0.927121	255	0.1699	219.0	0.8588
Nimble 9B	0.927114	256	0.1706	219.0	0.8555
Nimble 9B	0.92697	257	0.1712	220.0	0.856
Nimble 9B	0.926818	258	0.1719	221.0	0.8566
Nimble 9B	0.926723	259	0.1726	222.0	0.8571
Nimble 9B	0.926553	260	0.1732	223.0	0.8577
Nimble 9B	0.926342	261	0.1739	224.0	0.8582
Nimble 9B	0.925841	262	0.1746	225.0	0.8588
Nimble 9B	0.925838	263	0.1752	226.0	0.8593
Nimble 9B	0.925738	264	0.1759	226.0	0.8561
Nimble 9B	0.92537	265	0.1765	227.0	0.8566
Nimble 9B	0.924965	266	0.1772	228.0	0.8571
Nimble 9B	0.924909	267	0.1779	228.0	0.8539
Nimble 9B	0.924806	268	0.1785	229.0	0.8545
Nimble 9B	0.924782	269	0.1792	230.0	0.855
Nimble 9B	0.924652	270	0.1799	230.0	0.8519
Nimble 9B	0.924504	271	0.1805	231.0	0.8524
Nimble 9B	0.923519	272	0.1812	232.0	0.8529
Nimble 9B	0.921771	273	0.1819	233.0	0.8535
Nimble 9B	0.921329	274	0.1825	234.0	0.854
Nimble 9B	0.921093	275	0.1832	234.0	0.8509
Nimble 9B	0.920383	276	0.1839	234.0	0.8478
Nimble 9B	0.919163	277	0.1845	235.0	0.8484
Nimble 9B	0.919071	278	0.1852	236.0	0.8489
Nimble 9B	0.918232	279	0.1859	236.0	0.8459
Nimble 9B	0.918093	280	0.1865	237.0	0.8464
Nimble 9B	0.917683	281	0.1872	238.0	0.847
Nimble 9B	0.91763	282	0.1879	238.0	0.844
Nimble 9B	0.917256	283	0.1885	239.0	0.8445
Nimble 9B	0.917253	284	0.1892	240.0	0.8451
Nimble 9B	0.916335	285	0.1899	241.0	0.8456
Nimble 9B	0.916241	286	0.1905	242.0	0.8462
Nimble 9B	0.91554	287	0.1912	243.0	0.8467
Nimble 9B	0.914809	288	0.1919	244.0	0.8472
Nimble 9B	0.913121	289	0.1925	245.0	0.8478
Nimble 9B	0.913078	290	0.1932	245.0	0.8448
Nimble 9B	0.912974	291	0.1939	246.0	0.8454
Nimble 9B	0.912973	292	0.1945	247.0	0.8459
Nimble 9B	0.912536	293	0.1952	248.0	0.8464
Nimble 9B	0.91174	294	0.1959	249.0	0.8469
Nimble 9B	0.911262	295	0.1965	249.0	0.8441
Nimble 9B	0.910583	296	0.1972	249.0	0.8412
Nimble 9B	0.908302	297	0.1979	249.0	0.8384
Nimble 9B	0.907749	298	0.1985	249.0	0.8356
Nimble 9B	0.906625	299	0.1992	249.0	0.8328
Nimble 9B	0.906422	300	0.1999	250.0	0.8333
Nimble 9B	0.905962	301	0.2005	250.0	0.8306
Nimble 9B	0.905764	302	0.2012	251.0	0.8311
Nimble 9B	0.905224	303	0.2019	252.0	0.8317
Nimble 9B	0.90469	304	0.2025	253.0	0.8322
Nimble 9B	0.903648	305	0.2032	254.0	0.8328
Nimble 9B	0.903002	306	0.2039	254.0	0.8301
Nimble 9B	0.902803	307	0.2045	255.0	0.8306
Nimble 9B	0.902495	308	0.2052	256.0	0.8312
Nimble 9B	0.901957	309	0.2059	257.0	0.8317
Nimble 9B	0.901377	310	0.2065	257.0	0.829
Nimble 9B	0.900928	311	0.2072	258.0	0.8296
Nimble 9B	0.900301	312	0.2079	259.0	0.8301
Nimble 9B	0.899735	313	0.2085	259.0	0.8275
Nimble 9B	0.899379	314	0.2092	259.0	0.8248
Nimble 9B	0.897131	315	0.2099	259.0	0.8222
Nimble 9B	0.895651	316	0.2105	260.0	0.8228
Nimble 9B	0.895437	317	0.2112	261.0	0.8233
Nimble 9B	0.894054	318	0.2119	262.0	0.8239
Nimble 9B	0.893361	319	0.2125	263.0	0.8245
Nimble 9B	0.892894	320	0.2132	263.0	0.8219
Nimble 9B	0.892894	321	0.2139	263.0	0.8193
Nimble 9B	0.892853	322	0.2145	263.0	0.8168
Nimble 9B	0.892199	323	0.2152	264.0	0.8173
Nimble 9B	0.891767	324	0.2159	265.0	0.8179
Nimble 9B	0.891567	325	0.2165	266.0	0.8185
Nimble 9B	0.891023	326	0.2172	266.0	0.816
Nimble 9B	0.889282	327	0.2179	267.0	0.8165
Nimble 9B	0.887522	328	0.2185	268.0	0.8171
Nimble 9B	0.886276	329	0.2192	268.0	0.8146
Nimble 9B	0.886221	330	0.2199	269.0	0.8152
Nimble 9B	0.885996	331	0.2205	270.0	0.8157
Nimble 9B	0.885605	332	0.2212	270.0	0.8133
Nimble 9B	0.885526	333	0.2219	271.0	0.8138
Nimble 9B	0.885099	334	0.2225	272.0	0.8144
Nimble 9B	0.884915	335	0.2232	272.0	0.8119
Nimble 9B	0.884879	336	0.2239	273.0	0.8125
Nimble 9B	0.884846	337	0.2245	274.0	0.8131
Nimble 9B	0.880769	338	0.2252	275.0	0.8136
Nimble 9B	0.880715	339	0.2258	276.0	0.8142
Nimble 9B	0.880644	340	0.2265	277.0	0.8147
Nimble 9B	0.879922	341	0.2272	278.0	0.8152
Nimble 9B	0.879907	342	0.2278	279.0	0.8158
Nimble 9B	0.879114	343	0.2285	280.0	0.8163
Nimble 9B	0.877854	344	0.2292	281.0	0.8169
Nimble 9B	0.876842	345	0.2298	281.0	0.8145
Nimble 9B	0.875956	346	0.2305	282.0	0.815
Nimble 9B	0.874746	347	0.2312	283.0	0.8156
Nimble 9B	0.873227	348	0.2318	284.0	0.8161
Nimble 9B	0.8725	349	0.2325	285.0	0.8166
Nimble 9B	0.872373	350	0.2332	286.0	0.8171
Nimble 9B	0.871077	351	0.2338	287.0	0.8177
Nimble 9B	0.870581	352	0.2345	287.0	0.8153
Nimble 9B	0.870167	353	0.2352	287.0	0.813
Nimble 9B	0.870054	354	0.2358	288.0	0.8136
Nimble 9B	0.869647	355	0.2365	288.0	0.8113
Nimble 9B	0.86923	356	0.2372	289.0	0.8118
Nimble 9B	0.868941	357	0.2378	289.0	0.8095
Nimble 9B	0.868794	358	0.2385	290.0	0.8101
Nimble 9B	0.86863	359	0.2392	290.0	0.8078
Nimble 9B	0.868266	360	0.2398	290.0	0.8056
Nimble 9B	0.867114	361	0.2405	291.0	0.8061
Nimble 9B	0.867088	362	0.2412	292.0	0.8066
Nimble 9B	0.866961	363	0.2418	292.0	0.8044
Nimble 9B	0.866607	364	0.2425	292.0	0.8022
Nimble 9B	0.866009	365	0.2432	292.0	0.8
Nimble 9B	0.865697	366	0.2438	293.0	0.8005
Nimble 9B	0.864106	367	0.2445	294.0	0.8011
Nimble 9B	0.864071	368	0.2452	294.0	0.7989
Nimble 9B	0.862492	369	0.2458	295.0	0.7995
Nimble 9B	0.861377	370	0.2465	296.0	0.8
Nimble 9B	0.860616	371	0.2472	297.0	0.8005
Nimble 9B	0.858732	372	0.2478	298.0	0.8011
Nimble 9B	0.857848	373	0.2485	298.0	0.7989
Nimble 9B	0.857703	374	0.2492	299.0	0.7995
Nimble 9B	0.857619	375	0.2498	299.0	0.7973
Nimble 9B	0.85739	376	0.2505	299.0	0.7952
Nimble 9B	0.856937	377	0.2512	299.0	0.7931
Nimble 9B	0.856928	378	0.2518	300.0	0.7937
Nimble 9B	0.856177	379	0.2525	300.0	0.7916
Nimble 9B	0.856049	380	0.2532	301.0	0.7921
Nimble 9B	0.855642	381	0.2538	302.0	0.7927
Nimble 9B	0.854383	382	0.2545	302.0	0.7906
Nimble 9B	0.853968	383	0.2552	302.0	0.7885
Nimble 9B	0.851596	384	0.2558	303.0	0.7891
Nimble 9B	0.850163	385	0.2565	304.0	0.7896
Nimble 9B	0.848675	386	0.2572	304.0	0.7876
Nimble 9B	0.848623	387	0.2578	304.0	0.7855
Nimble 9B	0.846061	388	0.2585	304.0	0.7835
Nimble 9B	0.845193	389	0.2592	305.0	0.7841
Nimble 9B	0.844614	390	0.2598	305.0	0.7821
Nimble 9B	0.842011	391	0.2605	305.0	0.7801
Nimble 9B	0.841041	392	0.2612	306.0	0.7806
Nimble 9B	0.840423	393	0.2618	307.0	0.7812
Nimble 9B	0.839873	394	0.2625	307.0	0.7792
Nimble 9B	0.838872	395	0.2632	307.0	0.7772
Nimble 9B	0.838079	396	0.2638	307.0	0.7753
Nimble 9B	0.836735	397	0.2645	307.0	0.7733
Nimble 9B	0.836078	398	0.2652	308.0	0.7739
Nimble 9B	0.835854	399	0.2658	309.0	0.7744
Nimble 9B	0.835592	400	0.2665	309.0	0.7725
Nimble 9B	0.835576	401	0.2672	309.0	0.7706
Nimble 9B	0.834701	402	0.2678	309.0	0.7687
Nimble 9B	0.834387	403	0.2685	309.0	0.7667
Nimble 9B	0.834255	404	0.2692	310.0	0.7673
Nimble 9B	0.834121	405	0.2698	311.0	0.7679
Nimble 9B	0.832813	406	0.2705	312.0	0.7685
Nimble 9B	0.831705	407	0.2712	313.0	0.769
Nimble 9B	0.830924	408	0.2718	313.0	0.7672
Nimble 9B	0.83034	409	0.2725	314.0	0.7677
Nimble 9B	0.830078	410	0.2732	314.0	0.7659
Nimble 9B	0.829032	411	0.2738	315.0	0.7664
Nimble 9B	0.828601	412	0.2745	316.0	0.767
Nimble 9B	0.828483	413	0.2751	317.0	0.7676
Nimble 9B	0.827856	414	0.2758	317.0	0.7657
Nimble 9B	0.827779	415	0.2765	317.0	0.7639
Nimble 9B	0.827567	416	0.2771	317.0	0.762
Nimble 9B	0.827565	417	0.2778	318.0	0.7626
Nimble 9B	0.827511	418	0.2785	319.0	0.7632
Nimble 9B	0.826043	419	0.2791	319.0	0.7613
Nimble 9B	0.825262	420	0.2798	320.0	0.7619
Nimble 9B	0.825017	421	0.2805	320.0	0.7601
Nimble 9B	0.824912	422	0.2811	321.0	0.7607
Nimble 9B	0.824651	423	0.2818	322.0	0.7612
Nimble 9B	0.822907	424	0.2825	322.0	0.7594
Nimble 9B	0.822692	425	0.2831	323.0	0.76
Nimble 9B	0.822472	426	0.2838	324.0	0.7606
Nimble 9B	0.822068	427	0.2845	325.0	0.7611
Nimble 9B	0.821396	428	0.2851	325.0	0.7593
Nimble 9B	0.819961	429	0.2858	325.0	0.7576
Nimble 9B	0.819549	430	0.2865	325.0	0.7558
Nimble 9B	0.819159	431	0.2871	325.0	0.7541
Nimble 9B	0.818922	432	0.2878	325.0	0.7523
Nimble 9B	0.817109	433	0.2885	326.0	0.7529
Nimble 9B	0.817061	434	0.2891	327.0	0.7535
Nimble 9B	0.816045	435	0.2898	327.0	0.7517
Nimble 9B	0.812886	436	0.2905	328.0	0.7523
Nimble 9B	0.812671	437	0.2911	329.0	0.7529
Nimble 9B	0.811743	438	0.2918	330.0	0.7534
Nimble 9B	0.810987	439	0.2925	330.0	0.7517
Nimble 9B	0.810561	440	0.2931	331.0	0.7523
Nimble 9B	0.809919	441	0.2938	332.0	0.7528
Nimble 9B	0.809233	442	0.2945	333.0	0.7534
Nimble 9B	0.807789	443	0.2951	333.0	0.7517
Nimble 9B	0.806922	444	0.2958	334.0	0.7523
Nimble 9B	0.805571	445	0.2965	335.0	0.7528
Nimble 9B	0.804965	446	0.2971	336.0	0.7534
Nimble 9B	0.804548	447	0.2978	337.0	0.7539
Nimble 9B	0.804444	448	0.2985	338.0	0.7545
Nimble 9B	0.80429	449	0.2991	338.0	0.7528
Nimble 9B	0.804068	450	0.2998	339.0	0.7533
Nimble 9B	0.803604	451	0.3005	340.0	0.7539
Nimble 9B	0.802924	452	0.3011	340.0	0.7522
Nimble 9B	0.802105	453	0.3018	340.0	0.7506
Nimble 9B	0.802069	454	0.3025	341.0	0.7511
Nimble 9B	0.801762	455	0.3031	342.0	0.7516
Nimble 9B	0.801285	456	0.3038	342.0	0.75
Nimble 9B	0.799849	457	0.3045	343.0	0.7505
Nimble 9B	0.798559	458	0.3051	344.0	0.7511
Nimble 9B	0.797727	459	0.3058	345.0	0.7516
Nimble 9B	0.795324	460	0.3065	346.0	0.7522
Nimble 9B	0.794816	461	0.3071	346.0	0.7505
Nimble 9B	0.79476	462	0.3078	347.0	0.7511
Nimble 9B	0.794532	463	0.3085	348.0	0.7516
Nimble 9B	0.793651	464	0.3091	349.0	0.7522
Nimble 9B	0.793551	465	0.3098	350.0	0.7527
Nimble 9B	0.79318	466	0.3105	351.0	0.7532
Nimble 9B	0.791577	467	0.3111	352.0	0.7537
Nimble 9B	0.791326	468	0.3118	353.0	0.7543
Nimble 9B	0.789615	469	0.3125	354.0	0.7548
Nimble 9B	0.789595	470	0.3131	355.0	0.7553
Nimble 9B	0.789585	471	0.3138	355.0	0.7537
Nimble 9B	0.789262	472	0.3145	356.0	0.7542
Nimble 9B	0.789175	473	0.3151	356.0	0.7526
Nimble 9B	0.788436	474	0.3158	357.0	0.7532
Nimble 9B	0.788204	475	0.3165	358.0	0.7537
Nimble 9B	0.786549	476	0.3171	358.0	0.7521
Nimble 9B	0.786226	477	0.3178	359.0	0.7526
Nimble 9B	0.78573	478	0.3185	360.0	0.7531
Nimble 9B	0.785492	479	0.3191	361.0	0.7537
Nimble 9B	0.784223	480	0.3198	361.0	0.7521
Nimble 9B	0.783056	481	0.3205	361.0	0.7505
Nimble 9B	0.782237	482	0.3211	361.0	0.749
Nimble 9B	0.782116	483	0.3218	361.0	0.7474
Nimble 9B	0.781076	484	0.3225	362.0	0.7479
Nimble 9B	0.780611	485	0.3231	362.0	0.7464
Nimble 9B	0.779874	486	0.3238	362.0	0.7449
Nimble 9B	0.779034	487	0.3245	363.0	0.7454
Nimble 9B	0.77891	488	0.3251	363.0	0.7439
Nimble 9B	0.778662	489	0.3258	364.0	0.7444
Nimble 9B	0.777447	490	0.3264	364.0	0.7429
Nimble 9B	0.776269	491	0.3271	364.0	0.7413
Nimble 9B	0.775199	492	0.3278	364.0	0.7398
Nimble 9B	0.774516	493	0.3284	364.0	0.7383
Nimble 9B	0.774119	494	0.3291	365.0	0.7389
Nimble 9B	0.77365	495	0.3298	366.0	0.7394
Nimble 9B	0.773259	496	0.3304	367.0	0.7399
Nimble 9B	0.772658	497	0.3311	367.0	0.7384
Nimble 9B	0.772072	498	0.3318	368.0	0.739
Nimble 9B	0.772053	499	0.3324	369.0	0.7395
Nimble 9B	0.77156	500	0.3331	370.0	0.74
Nimble 9B	0.771149	501	0.3338	371.0	0.7405
Nimble 9B	0.770389	502	0.3344	372.0	0.741
Nimble 9B	0.770072	503	0.3351	373.0	0.7416
Nimble 9B	0.769695	504	0.3358	374.0	0.7421
Nimble 9B	0.768778	505	0.3364	374.0	0.7406
Nimble 9B	0.768732	506	0.3371	374.0	0.7391
Nimble 9B	0.768402	507	0.3378	374.0	0.7377
Nimble 9B	0.76838	508	0.3384	375.0	0.7382
Nimble 9B	0.766696	509	0.3391	376.0	0.7387
Nimble 9B	0.765201	510	0.3398	376.0	0.7373
Nimble 9B	0.764192	511	0.3404	377.0	0.7378
Nimble 9B	0.764031	512	0.3411	378.0	0.7383
Nimble 9B	0.762928	513	0.3418	378.0	0.7368
Nimble 9B	0.762826	514	0.3424	378.0	0.7354
Nimble 9B	0.760783	515	0.3431	379.0	0.7359
Nimble 9B	0.760346	516	0.3438	380.0	0.7364
Nimble 9B	0.760301	517	0.3444	380.0	0.735
Nimble 9B	0.75938	518	0.3451	381.0	0.7355
Nimble 9B	0.759052	519	0.3458	381.0	0.7341
Nimble 9B	0.759028	520	0.3464	381.0	0.7327
Nimble 9B	0.758838	521	0.3471	381.0	0.7313
Nimble 9B	0.758489	522	0.3478	381.0	0.7299
Nimble 9B	0.758179	523	0.3484	382.0	0.7304
Nimble 9B	0.758157	524	0.3491	382.0	0.729
Nimble 9B	0.757581	525	0.3498	383.0	0.7295
Nimble 9B	0.756689	526	0.3504	383.0	0.7281
Nimble 9B	0.755662	527	0.3511	384.0	0.7287
Nimble 9B	0.755439	528	0.3518	384.0	0.7273
Nimble 9B	0.754932	529	0.3524	385.0	0.7278
Nimble 9B	0.753707	530	0.3531	385.0	0.7264
Nimble 9B	0.751699	531	0.3538	385.0	0.725
Nimble 9B	0.751452	532	0.3544	386.0	0.7256
Nimble 9B	0.751084	533	0.3551	386.0	0.7242
Nimble 9B	0.750385	534	0.3558	386.0	0.7228
Nimble 9B	0.750135	535	0.3564	387.0	0.7234
Nimble 9B	0.748661	536	0.3571	388.0	0.7239
Nimble 9B	0.74603	537	0.3578	388.0	0.7225
Nimble 9B	0.743944	538	0.3584	388.0	0.7212
Nimble 9B	0.743932	539	0.3591	389.0	0.7217
Nimble 9B	0.74381	540	0.3598	389.0	0.7204
Nimble 9B	0.743722	541	0.3604	390.0	0.7209
Nimble 9B	0.743079	542	0.3611	391.0	0.7214
Nimble 9B	0.743014	543	0.3618	391.0	0.7201
Nimble 9B	0.742887	544	0.3624	391.0	0.7188
Nimble 9B	0.742657	545	0.3631	391.0	0.7174
Nimble 9B	0.742448	546	0.3638	392.0	0.7179
Nimble 9B	0.741797	547	0.3644	393.0	0.7185
Nimble 9B	0.74172	548	0.3651	394.0	0.719
Nimble 9B	0.741697	549	0.3658	394.0	0.7177
Nimble 9B	0.741482	550	0.3664	395.0	0.7182
Nimble 9B	0.741344	551	0.3671	395.0	0.7169
Nimble 9B	0.741041	552	0.3678	396.0	0.7174
Nimble 9B	0.739951	553	0.3684	396.0	0.7161
Nimble 9B	0.739414	554	0.3691	397.0	0.7166
Nimble 9B	0.739393	555	0.3698	397.0	0.7153
Nimble 9B	0.738895	556	0.3704	397.0	0.714
Nimble 9B	0.738167	557	0.3711	398.0	0.7145
Nimble 9B	0.737942	558	0.3718	399.0	0.7151
Nimble 9B	0.737467	559	0.3724	400.0	0.7156
Nimble 9B	0.73715	560	0.3731	401.0	0.7161
Nimble 9B	0.736553	561	0.3738	402.0	0.7166
Nimble 9B	0.735721	562	0.3744	403.0	0.7171
Nimble 9B	0.735336	563	0.3751	403.0	0.7158
Nimble 9B	0.73427	564	0.3757	403.0	0.7145
Nimble 9B	0.73099	565	0.3764	403.0	0.7133
Nimble 9B	0.730985	566	0.3771	404.0	0.7138
Nimble 9B	0.73096	567	0.3777	405.0	0.7143
Nimble 9B	0.729841	568	0.3784	406.0	0.7148
Nimble 9B	0.729393	569	0.3791	407.0	0.7153
Nimble 9B	0.728505	570	0.3797	408.0	0.7158
Nimble 9B	0.726917	571	0.3804	408.0	0.7145
Nimble 9B	0.726703	572	0.3811	408.0	0.7133
Nimble 9B	0.726519	573	0.3817	409.0	0.7138
Nimble 9B	0.726371	574	0.3824	410.0	0.7143
Nimble 9B	0.725946	575	0.3831	410.0	0.713
Nimble 9B	0.724592	576	0.3837	410.0	0.7118
Nimble 9B	0.723994	577	0.3844	410.0	0.7106
Nimble 9B	0.723952	578	0.3851	411.0	0.7111
Nimble 9B	0.723865	579	0.3857	412.0	0.7116
Nimble 9B	0.722526	580	0.3864	412.0	0.7103
Nimble 9B	0.721627	581	0.3871	412.0	0.7091
Nimble 9B	0.721557	582	0.3877	413.0	0.7096
Nimble 9B	0.720483	583	0.3884	414.0	0.7101
Nimble 9B	0.720465	584	0.3891	414.0	0.7089
Nimble 9B	0.720152	585	0.3897	415.0	0.7094
Nimble 9B	0.71932	586	0.3904	415.0	0.7082
Nimble 9B	0.718521	587	0.3911	415.0	0.707
Nimble 9B	0.716608	588	0.3917	415.0	0.7058
Nimble 9B	0.715725	589	0.3924	416.0	0.7063
Nimble 9B	0.715503	590	0.3931	417.0	0.7068
Nimble 9B	0.714156	591	0.3937	417.0	0.7056
Nimble 9B	0.713544	592	0.3944	417.0	0.7044
Nimble 9B	0.710457	593	0.3951	417.0	0.7032
Nimble 9B	0.710019	594	0.3957	418.0	0.7037
Nimble 9B	0.709878	595	0.3964	418.0	0.7025
Nimble 9B	0.708984	596	0.3971	419.0	0.703
Nimble 9B	0.707802	597	0.3977	420.0	0.7035
Nimble 9B	0.707326	598	0.3984	420.0	0.7023
Nimble 9B	0.706888	599	0.3991	421.0	0.7028
Nimble 9B	0.706101	600	0.3997	422.0	0.7033
Nimble 9B	0.706077	601	0.4004	422.0	0.7022
Nimble 9B	0.705252	602	0.4011	422.0	0.701
Nimble 9B	0.704881	603	0.4017	422.0	0.6998
Nimble 9B	0.704629	604	0.4024	422.0	0.6987
Nimble 9B	0.70436	605	0.4031	423.0	0.6992
Nimble 9B	0.704246	606	0.4037	423.0	0.698
Nimble 9B	0.704198	607	0.4044	423.0	0.6969
Nimble 9B	0.703995	608	0.4051	424.0	0.6974
Nimble 9B	0.703904	609	0.4057	424.0	0.6962
Nimble 9B	0.703496	610	0.4064	425.0	0.6967
Nimble 9B	0.702058	611	0.4071	426.0	0.6972
Nimble 9B	0.701533	612	0.4077	427.0	0.6977
Nimble 9B	0.701007	613	0.4084	428.0	0.6982
Nimble 9B	0.699981	614	0.4091	428.0	0.6971
Nimble 9B	0.699185	615	0.4097	429.0	0.6976
Nimble 9B	0.698037	616	0.4104	429.0	0.6964
Nimble 9B	0.697622	617	0.4111	430.0	0.6969
Nimble 9B	0.696786	618	0.4117	430.0	0.6958
Nimble 9B	0.696447	619	0.4124	431.0	0.6963
Nimble 9B	0.695931	620	0.4131	432.0	0.6968
Nimble 9B	0.695862	621	0.4137	432.0	0.6957
Nimble 9B	0.695627	622	0.4144	432.0	0.6945
Nimble 9B	0.695542	623	0.4151	432.0	0.6934
Nimble 9B	0.695258	624	0.4157	433.0	0.6939
Nimble 9B	0.695071	625	0.4164	434.0	0.6944
Nimble 9B	0.694779	626	0.4171	434.0	0.6933
Nimble 9B	0.693834	627	0.4177	435.0	0.6938
Nimble 9B	0.69375	628	0.4184	435.0	0.6927
Nimble 9B	0.693655	629	0.4191	435.0	0.6916
Nimble 9B	0.692943	630	0.4197	436.0	0.6921
Nimble 9B	0.691971	631	0.4204	436.0	0.691
Nimble 9B	0.691319	632	0.4211	437.0	0.6915
Nimble 9B	0.690792	633	0.4217	438.0	0.6919
Nimble 9B	0.690274	634	0.4224	439.0	0.6924
Nimble 9B	0.690061	635	0.4231	439.0	0.6913
Nimble 9B	0.689851	636	0.4237	439.0	0.6903
Nimble 9B	0.689452	637	0.4244	439.0	0.6892
Nimble 9B	0.689048	638	0.425	439.0	0.6881
Nimble 9B	0.688904	639	0.4257	440.0	0.6886
Nimble 9B	0.688313	640	0.4264	440.0	0.6875
Nimble 9B	0.688173	641	0.427	441.0	0.688
Nimble 9B	0.688048	642	0.4277	442.0	0.6885
Nimble 9B	0.687887	643	0.4284	442.0	0.6874
Nimble 9B	0.687844	644	0.429	442.0	0.6863
Nimble 9B	0.687789	645	0.4297	443.0	0.6868
Nimble 9B	0.687212	646	0.4304	443.0	0.6858
Nimble 9B	0.686842	647	0.431	443.0	0.6847
Nimble 9B	0.686625	648	0.4317	443.0	0.6836
Nimble 9B	0.686299	649	0.4324	443.0	0.6826
Nimble 9B	0.68624	650	0.433	443.0	0.6815
Nimble 9B	0.685755	651	0.4337	443.0	0.6805
Nimble 9B	0.684696	652	0.4344	443.0	0.6794
Nimble 9B	0.68447	653	0.435	443.0	0.6784
Nimble 9B	0.683327	654	0.4357	444.0	0.6789
Nimble 9B	0.682544	655	0.4364	445.0	0.6794
Nimble 9B	0.682258	656	0.437	446.0	0.6799
Nimble 9B	0.679116	657	0.4377	446.0	0.6788
Nimble 9B	0.678582	658	0.4384	446.0	0.6778
Nimble 9B	0.677891	659	0.439	447.0	0.6783
Nimble 9B	0.676593	660	0.4397	448.0	0.6788
Nimble 9B	0.675894	661	0.4404	449.0	0.6793
Nimble 9B	0.674946	662	0.441	449.0	0.6782
Nimble 9B	0.674851	663	0.4417	450.0	0.6787
Nimble 9B	0.673844	664	0.4424	450.0	0.6777
Nimble 9B	0.673799	665	0.443	450.0	0.6767
Nimble 9B	0.673608	666	0.4437	450.0	0.6757
Nimble 9B	0.673273	667	0.4444	451.0	0.6762
Nimble 9B	0.672729	668	0.445	451.0	0.6751
Nimble 9B	0.6723	669	0.4457	452.0	0.6756
Nimble 9B	0.671973	670	0.4464	452.0	0.6746
Nimble 9B	0.67195	671	0.447	453.0	0.6751
Nimble 9B	0.67104	672	0.4477	454.0	0.6756
Nimble 9B	0.670485	673	0.4484	454.0	0.6746
Nimble 9B	0.670082	674	0.449	455.0	0.6751
Nimble 9B	0.669966	675	0.4497	455.0	0.6741
Nimble 9B	0.669692	676	0.4504	455.0	0.6731
Nimble 9B	0.66966	677	0.451	455.0	0.6721
Nimble 9B	0.669585	678	0.4517	455.0	0.6711
Nimble 9B	0.668509	679	0.4524	456.0	0.6716
Nimble 9B	0.6667	680	0.453	456.0	0.6706
Nimble 9B	0.666695	681	0.4537	457.0	0.6711
Nimble 9B	0.666476	682	0.4544	458.0	0.6716
Nimble 9B	0.666377	683	0.455	458.0	0.6706
Nimble 9B	0.666242	684	0.4557	458.0	0.6696
Nimble 9B	0.665796	685	0.4564	458.0	0.6686
Nimble 9B	0.665685	686	0.457	458.0	0.6676
Nimble 9B	0.665154	687	0.4577	458.0	0.6667
Nimble 9B	0.664797	688	0.4584	459.0	0.6672
Nimble 9B	0.664691	689	0.459	460.0	0.6676
Nimble 9B	0.662624	690	0.4597	460.0	0.6667
Nimble 9B	0.66246	691	0.4604	461.0	0.6671
Nimble 9B	0.662296	692	0.461	461.0	0.6662
Nimble 9B	0.659734	693	0.4617	462.0	0.6667
Nimble 9B	0.659611	694	0.4624	462.0	0.6657
Nimble 9B	0.659544	695	0.463	463.0	0.6662
Nimble 9B	0.658575	696	0.4637	463.0	0.6652
Nimble 9B	0.658514	697	0.4644	464.0	0.6657
Nimble 9B	0.658441	698	0.465	465.0	0.6662
Nimble 9B	0.655894	699	0.4657	465.0	0.6652
Nimble 9B	0.654846	700	0.4664	465.0	0.6643
Nimble 9B	0.654463	701	0.467	465.0	0.6633
Nimble 9B	0.654139	702	0.4677	466.0	0.6638
Nimble 9B	0.653752	703	0.4684	466.0	0.6629
Nimble 9B	0.653566	704	0.469	467.0	0.6634
Nimble 9B	0.653415	705	0.4697	467.0	0.6624
Nimble 9B	0.653073	706	0.4704	468.0	0.6629
Nimble 9B	0.652988	707	0.471	468.0	0.662
Nimble 9B	0.652113	708	0.4717	469.0	0.6624
Nimble 9B	0.651686	709	0.4724	469.0	0.6615
Nimble 9B	0.65111	710	0.473	470.0	0.662
Nimble 9B	0.650887	711	0.4737	470.0	0.661
Nimble 9B	0.650211	712	0.4744	470.0	0.6601
Nimble 9B	0.64777	713	0.475	470.0	0.6592
Nimble 9B	0.647267	714	0.4757	470.0	0.6583
Nimble 9B	0.646546	715	0.4763	471.0	0.6587
Nimble 9B	0.64628	716	0.477	471.0	0.6578
Nimble 9B	0.644596	717	0.4777	471.0	0.6569
Nimble 9B	0.644355	718	0.4783	472.0	0.6574
Nimble 9B	0.643751	719	0.479	473.0	0.6579
Nimble 9B	0.643134	720	0.4797	473.0	0.6569
Nimble 9B	0.642535	721	0.4803	473.0	0.656
Nimble 9B	0.641884	722	0.481	473.0	0.6551
Nimble 9B	0.64123	723	0.4817	474.0	0.6556
Nimble 9B	0.641105	724	0.4823	475.0	0.6561
Nimble 9B	0.640882	725	0.483	476.0	0.6566
Nimble 9B	0.640666	726	0.4837	477.0	0.657
Nimble 9B	0.63988	727	0.4843	477.0	0.6561
Nimble 9B	0.639861	728	0.485	478.0	0.6566
Nimble 9B	0.639601	729	0.4857	479.0	0.6571
Nimble 9B	0.639546	730	0.4863	479.0	0.6562
Nimble 9B	0.63908	731	0.487	480.0	0.6566
Nimble 9B	0.639069	732	0.4877	480.0	0.6557
Nimble 9B	0.63765	733	0.4883	480.0	0.6548
Nimble 9B	0.637463	734	0.489	481.0	0.6553
Nimble 9B	0.636665	735	0.4897	481.0	0.6544
Nimble 9B	0.636357	736	0.4903	481.0	0.6535
Nimble 9B	0.635901	737	0.491	482.0	0.654
Nimble 9B	0.635422	738	0.4917	483.0	0.6545
Nimble 9B	0.635365	739	0.4923	483.0	0.6536
Nimble 9B	0.635214	740	0.493	484.0	0.6541
Nimble 9B	0.634623	741	0.4937	484.0	0.6532
Nimble 9B	0.634353	742	0.4943	484.0	0.6523
Nimble 9B	0.632875	743	0.495	484.0	0.6514
Nimble 9B	0.632872	744	0.4957	485.0	0.6519
Nimble 9B	0.632636	745	0.4963	486.0	0.6523
Nimble 9B	0.632452	746	0.497	487.0	0.6528
Nimble 9B	0.632196	747	0.4977	488.0	0.6533
Nimble 9B	0.631596	748	0.4983	489.0	0.6537
Nimble 9B	0.631498	749	0.499	490.0	0.6542
Nimble 9B	0.631068	750	0.4997	491.0	0.6547
Nimble 9B	0.630824	751	0.5003	491.0	0.6538
Nimble 9B	0.63076	752	0.501	491.0	0.6529
Nimble 9B	0.629883	753	0.5017	491.0	0.6521
Nimble 9B	0.629616	754	0.5023	491.0	0.6512
Nimble 9B	0.629577	755	0.503	491.0	0.6503
Nimble 9B	0.629121	756	0.5037	491.0	0.6495
Nimble 9B	0.628588	757	0.5043	491.0	0.6486
Nimble 9B	0.628334	758	0.505	491.0	0.6478
Nimble 9B	0.627821	759	0.5057	491.0	0.6469
Nimble 9B	0.627766	760	0.5063	491.0	0.6461
Nimble 9B	0.626853	761	0.507	491.0	0.6452
Nimble 9B	0.626775	762	0.5077	491.0	0.6444
Nimble 9B	0.626698	763	0.5083	491.0	0.6435
Nimble 9B	0.626157	764	0.509	491.0	0.6427
Nimble 9B	0.626067	765	0.5097	491.0	0.6418
Nimble 9B	0.62451	766	0.5103	491.0	0.641
Nimble 9B	0.623474	767	0.511	492.0	0.6415
Nimble 9B	0.62341	768	0.5117	493.0	0.6419
Nimble 9B	0.622309	769	0.5123	494.0	0.6424
Nimble 9B	0.622049	770	0.513	494.0	0.6416
Nimble 9B	0.621652	771	0.5137	495.0	0.642
Nimble 9B	0.620205	772	0.5143	496.0	0.6425
Nimble 9B	0.619959	773	0.515	496.0	0.6417
Nimble 9B	0.619662	774	0.5157	497.0	0.6421
Nimble 9B	0.619604	775	0.5163	498.0	0.6426
Nimble 9B	0.619558	776	0.517	498.0	0.6418
Nimble 9B	0.619158	777	0.5177	499.0	0.6422
Nimble 9B	0.619044	778	0.5183	499.0	0.6414
Nimble 9B	0.618654	779	0.519	500.0	0.6418
Nimble 9B	0.61855	780	0.5197	501.0	0.6423
Nimble 9B	0.617505	781	0.5203	501.0	0.6415
Nimble 9B	0.617319	782	0.521	501.0	0.6407
Nimble 9B	0.617154	783	0.5217	502.0	0.6411
Nimble 9B	0.616287	784	0.5223	503.0	0.6416
Nimble 9B	0.616257	785	0.523	503.0	0.6408
Nimble 9B	0.615568	786	0.5237	504.0	0.6412
Nimble 9B	0.615413	787	0.5243	505.0	0.6417
Nimble 9B	0.615151	788	0.525	506.0	0.6421
Nimble 9B	0.615113	789	0.5256	507.0	0.6426
Nimble 9B	0.614616	790	0.5263	508.0	0.643
Nimble 9B	0.614596	791	0.527	509.0	0.6435
Nimble 9B	0.614222	792	0.5276	509.0	0.6427
Nimble 9B	0.61407	793	0.5283	509.0	0.6419
Nimble 9B	0.613945	794	0.529	509.0	0.6411
Nimble 9B	0.613776	795	0.5296	509.0	0.6403
Nimble 9B	0.611886	796	0.5303	510.0	0.6407
Nimble 9B	0.611518	797	0.531	511.0	0.6412
Nimble 9B	0.610949	798	0.5316	511.0	0.6404
Nimble 9B	0.610782	799	0.5323	511.0	0.6395
Nimble 9B	0.610301	800	0.533	512.0	0.64
Nimble 9B	0.609887	801	0.5336	513.0	0.6404
Nimble 9B	0.609874	802	0.5343	514.0	0.6409
Nimble 9B	0.609447	803	0.535	514.0	0.6401
Nimble 9B	0.608614	804	0.5356	514.0	0.6393
Nimble 9B	0.608298	805	0.5363	514.0	0.6385
Nimble 9B	0.608291	806	0.537	515.0	0.639
Nimble 9B	0.607905	807	0.5376	515.0	0.6382
Nimble 9B	0.607664	808	0.5383	515.0	0.6374
Nimble 9B	0.607592	809	0.539	515.0	0.6366
Nimble 9B	0.607503	810	0.5396	515.0	0.6358
Nimble 9B	0.607478	811	0.5403	516.0	0.6363
Nimble 9B	0.607459	812	0.541	516.0	0.6355
Nimble 9B	0.607418	813	0.5416	516.0	0.6347
Nimble 9B	0.607283	814	0.5423	516.0	0.6339
Nimble 9B	0.606824	815	0.543	516.0	0.6331
Nimble 9B	0.605048	816	0.5436	517.0	0.6336
Nimble 9B	0.604868	817	0.5443	518.0	0.634
Nimble 9B	0.604255	818	0.545	518.0	0.6333
Nimble 9B	0.604146	819	0.5456	518.0	0.6325
Nimble 9B	0.603957	820	0.5463	518.0	0.6317
Nimble 9B	0.603476	821	0.547	518.0	0.6309
Nimble 9B	0.602623	822	0.5476	518.0	0.6302
Nimble 9B	0.602252	823	0.5483	519.0	0.6306
Nimble 9B	0.60176	824	0.549	520.0	0.6311
Nimble 9B	0.601718	825	0.5496	520.0	0.6303
Nimble 9B	0.601656	826	0.5503	521.0	0.6308
Nimble 9B	0.601482	827	0.551	521.0	0.63
Nimble 9B	0.601437	828	0.5516	521.0	0.6292
Nimble 9B	0.601242	829	0.5523	522.0	0.6297
Nimble 9B	0.601136	830	0.553	523.0	0.6301
Nimble 9B	0.600631	831	0.5536	523.0	0.6294
Nimble 9B	0.600029	832	0.5543	523.0	0.6286
Nimble 9B	0.59976	833	0.555	524.0	0.6291
Nimble 9B	0.599517	834	0.5556	525.0	0.6295
Nimble 9B	0.599058	835	0.5563	526.0	0.6299
Nimble 9B	0.598976	836	0.557	526.0	0.6292
Nimble 9B	0.598893	837	0.5576	527.0	0.6296
Nimble 9B	0.598655	838	0.5583	528.0	0.6301
Nimble 9B	0.598596	839	0.559	529.0	0.6305
Nimble 9B	0.598032	840	0.5596	529.0	0.6298
Nimble 9B	0.59793	841	0.5603	529.0	0.629
Nimble 9B	0.597887	842	0.561	529.0	0.6283
Nimble 9B	0.597547	843	0.5616	530.0	0.6287
Nimble 9B	0.59719	844	0.5623	530.0	0.628
Nimble 9B	0.597136	845	0.563	531.0	0.6284
Nimble 9B	0.596903	846	0.5636	532.0	0.6288
Nimble 9B	0.596595	847	0.5643	533.0	0.6293
Nimble 9B	0.596518	848	0.565	534.0	0.6297
Nimble 9B	0.596395	849	0.5656	534.0	0.629
Nimble 9B	0.595989	850	0.5663	535.0	0.6294
Nimble 9B	0.595709	851	0.567	535.0	0.6287
Nimble 9B	0.595323	852	0.5676	535.0	0.6279
Nimble 9B	0.594562	853	0.5683	536.0	0.6284
Nimble 9B	0.594455	854	0.569	536.0	0.6276
Nimble 9B	0.594289	855	0.5696	537.0	0.6281
Nimble 9B	0.59403	856	0.5703	537.0	0.6273
Nimble 9B	0.594019	857	0.571	537.0	0.6266
Nimble 9B	0.593986	858	0.5716	537.0	0.6259
Nimble 9B	0.593847	859	0.5723	538.0	0.6263
Nimble 9B	0.593455	860	0.573	539.0	0.6267
Nimble 9B	0.593204	861	0.5736	539.0	0.626
Nimble 9B	0.593106	862	0.5743	539.0	0.6253
Nimble 9B	0.592785	863	0.575	540.0	0.6257
Nimble 9B	0.592755	864	0.5756	541.0	0.6262
Nimble 9B	0.59258	865	0.5763	541.0	0.6254
Nimble 9B	0.592567	866	0.5769	542.0	0.6259
Nimble 9B	0.592341	867	0.5776	542.0	0.6251
Nimble 9B	0.592103	868	0.5783	543.0	0.6256
Nimble 9B	0.592083	869	0.5789	544.0	0.626
Nimble 9B	0.592068	870	0.5796	544.0	0.6253
Nimble 9B	0.591786	871	0.5803	545.0	0.6257
Nimble 9B	0.591084	872	0.5809	545.0	0.625
Nimble 9B	0.59056	873	0.5816	546.0	0.6254
Nimble 9B	0.590325	874	0.5823	546.0	0.6247
Nimble 9B	0.590133	875	0.5829	546.0	0.624
Nimble 9B	0.589473	876	0.5836	546.0	0.6233
Nimble 9B	0.589249	877	0.5843	547.0	0.6237
Nimble 9B	0.589201	878	0.5849	547.0	0.623
Nimble 9B	0.589163	879	0.5856	547.0	0.6223
Nimble 9B	0.588904	880	0.5863	548.0	0.6227
Nimble 9B	0.588338	881	0.5869	548.0	0.622
Nimble 9B	0.58826	882	0.5876	549.0	0.6224
Nimble 9B	0.58823	883	0.5883	549.0	0.6217
Nimble 9B	0.587897	884	0.5889	550.0	0.6222
Nimble 9B	0.587777	885	0.5896	550.0	0.6215
Nimble 9B	0.587613	886	0.5903	551.0	0.6219
Nimble 9B	0.58644	887	0.5909	552.0	0.6223
Nimble 9B	0.585934	888	0.5916	552.0	0.6216
Nimble 9B	0.585787	889	0.5923	552.0	0.6209
Nimble 9B	0.585573	890	0.5929	553.0	0.6213
Nimble 9B	0.585112	891	0.5936	553.0	0.6207
Nimble 9B	0.584994	892	0.5943	554.0	0.6211
Nimble 9B	0.58491	893	0.5949	554.0	0.6204
Nimble 9B	0.58485	894	0.5956	555.0	0.6208
Nimble 9B	0.58413	895	0.5963	556.0	0.6212
Nimble 9B	0.583946	896	0.5969	556.0	0.6205
Nimble 9B	0.583463	897	0.5976	557.0	0.621
Nimble 9B	0.583283	898	0.5983	558.0	0.6214
Nimble 9B	0.583061	899	0.5989	558.0	0.6207
Nimble 9B	0.582806	900	0.5996	558.0	0.62
Nimble 9B	0.582665	901	0.6003	559.0	0.6204
Nimble 9B	0.582435	902	0.6009	560.0	0.6208
Nimble 9B	0.581918	903	0.6016	561.0	0.6213
Nimble 9B	0.581663	904	0.6023	561.0	0.6206
Nimble 9B	0.581123	905	0.6029	562.0	0.621
Nimble 9B	0.580993	906	0.6036	563.0	0.6214
Nimble 9B	0.580819	907	0.6043	564.0	0.6218
Nimble 9B	0.58061	908	0.6049	564.0	0.6211
Nimble 9B	0.580275	909	0.6056	564.0	0.6205
Nimble 9B	0.580166	910	0.6063	565.0	0.6209
Nimble 9B	0.579654	911	0.6069	565.0	0.6202
Nimble 9B	0.578976	912	0.6076	565.0	0.6195
Nimble 9B	0.578458	913	0.6083	565.0	0.6188
Nimble 9B	0.578275	914	0.6089	565.0	0.6182
Nimble 9B	0.578229	915	0.6096	565.0	0.6175
Nimble 9B	0.578142	916	0.6103	565.0	0.6168
Nimble 9B	0.577458	917	0.6109	566.0	0.6172
Nimble 9B	0.577328	918	0.6116	567.0	0.6176
Nimble 9B	0.577312	919	0.6123	567.0	0.617
Nimble 9B	0.576553	920	0.6129	567.0	0.6163
Nimble 9B	0.576056	921	0.6136	568.0	0.6167
Nimble 9B	0.575266	922	0.6143	568.0	0.6161
Nimble 9B	0.574745	923	0.6149	569.0	0.6165
Nimble 9B	0.574372	924	0.6156	569.0	0.6158
Nimble 9B	0.573583	925	0.6163	569.0	0.6151
Nimble 9B	0.573152	926	0.6169	570.0	0.6156
Nimble 9B	0.572697	927	0.6176	570.0	0.6149
Nimble 9B	0.572215	928	0.6183	571.0	0.6153
Nimble 9B	0.572127	929	0.6189	572.0	0.6157
Nimble 9B	0.571799	930	0.6196	572.0	0.6151
Nimble 9B	0.571628	931	0.6203	573.0	0.6155
Nimble 9B	0.571602	932	0.6209	574.0	0.6159
Nimble 9B	0.571367	933	0.6216	574.0	0.6152
Nimble 9B	0.571141	934	0.6223	575.0	0.6156
Nimble 9B	0.570708	935	0.6229	575.0	0.615
Nimble 9B	0.570451	936	0.6236	576.0	0.6154
Nimble 9B	0.570118	937	0.6243	577.0	0.6158
Nimble 9B	0.569958	938	0.6249	577.0	0.6151
Nimble 9B	0.569632	939	0.6256	577.0	0.6145
Nimble 9B	0.569628	940	0.6262	578.0	0.6149
Nimble 9B	0.569619	941	0.6269	578.0	0.6142
Nimble 9B	0.569365	942	0.6276	579.0	0.6146
Nimble 9B	0.569241	943	0.6282	579.0	0.614
Nimble 9B	0.567989	944	0.6289	580.0	0.6144
Nimble 9B	0.567706	945	0.6296	580.0	0.6138
Nimble 9B	0.567592	946	0.6302	581.0	0.6142
Nimble 9B	0.567271	947	0.6309	582.0	0.6146
Nimble 9B	0.565301	948	0.6316	583.0	0.615
Nimble 9B	0.565173	949	0.6322	584.0	0.6154
Nimble 9B	0.565065	950	0.6329	584.0	0.6147
Nimble 9B	0.564941	951	0.6336	585.0	0.6151
Nimble 9B	0.564886	952	0.6342	586.0	0.6155
Nimble 9B	0.563943	953	0.6349	587.0	0.6159
Nimble 9B	0.563849	954	0.6356	587.0	0.6153
Nimble 9B	0.563691	955	0.6362	588.0	0.6157
Nimble 9B	0.563521	956	0.6369	588.0	0.6151
Nimble 9B	0.563309	957	0.6376	588.0	0.6144
Nimble 9B	0.563295	958	0.6382	589.0	0.6148
Nimble 9B	0.563286	959	0.6389	590.0	0.6152
Nimble 9B	0.56313	960	0.6396	590.0	0.6146
Nimble 9B	0.563041	961	0.6402	590.0	0.6139
Nimble 9B	0.562961	962	0.6409	590.0	0.6133
Nimble 9B	0.562779	963	0.6416	591.0	0.6137
Nimble 9B	0.562687	964	0.6422	591.0	0.6131
Nimble 9B	0.562619	965	0.6429	591.0	0.6124
Nimble 9B	0.562391	966	0.6436	592.0	0.6128
Nimble 9B	0.561687	967	0.6442	592.0	0.6122
Nimble 9B	0.561594	968	0.6449	593.0	0.6126
Nimble 9B	0.561006	969	0.6456	594.0	0.613
Nimble 9B	0.560974	970	0.6462	594.0	0.6124
Nimble 9B	0.560824	971	0.6469	595.0	0.6128
Nimble 9B	0.560306	972	0.6476	596.0	0.6132
Nimble 9B	0.56014	973	0.6482	596.0	0.6125
Nimble 9B	0.559832	974	0.6489	596.0	0.6119
Nimble 9B	0.5595	975	0.6496	597.0	0.6123
Nimble 9B	0.55929	976	0.6502	598.0	0.6127
Nimble 9B	0.558572	977	0.6509	599.0	0.6131
Nimble 9B	0.55856	978	0.6516	600.0	0.6135
Nimble 9B	0.558353	979	0.6522	601.0	0.6139
Nimble 9B	0.557932	980	0.6529	602.0	0.6143
Nimble 9B	0.557281	981	0.6536	603.0	0.6147
Nimble 9B	0.556795	982	0.6542	604.0	0.6151
Nimble 9B	0.55671	983	0.6549	605.0	0.6155
Nimble 9B	0.556686	984	0.6556	605.0	0.6148
Nimble 9B	0.556589	985	0.6562	605.0	0.6142
Nimble 9B	0.555569	986	0.6569	605.0	0.6136
Nimble 9B	0.555517	987	0.6576	606.0	0.614
Nimble 9B	0.555414	988	0.6582	607.0	0.6144
Nimble 9B	0.554868	989	0.6589	607.0	0.6138
Nimble 9B	0.554797	990	0.6596	607.0	0.6131
Nimble 9B	0.554758	991	0.6602	607.0	0.6125
Nimble 9B	0.55468	992	0.6609	608.0	0.6129
Nimble 9B	0.554552	993	0.6616	609.0	0.6133
Nimble 9B	0.554438	994	0.6622	609.0	0.6127
Nimble 9B	0.554085	995	0.6629	609.0	0.6121
Nimble 9B	0.553204	996	0.6636	609.0	0.6114
Nimble 9B	0.552973	997	0.6642	609.0	0.6108
Nimble 9B	0.552653	998	0.6649	609.0	0.6102
Nimble 9B	0.552021	999	0.6656	609.0	0.6096
Nimble 9B	0.551692	1000	0.6662	609.0	0.609
Nimble 9B	0.55094	1001	0.6669	609.0	0.6084
Nimble 9B	0.550145	1002	0.6676	609.0	0.6078
Nimble 9B	0.549618	1003	0.6682	609.0	0.6072
Nimble 9B	0.549401	1004	0.6689	609.0	0.6066
Nimble 9B	0.549391	1005	0.6696	610.0	0.607
Nimble 9B	0.549348	1006	0.6702	610.0	0.6064
Nimble 9B	0.549329	1007	0.6709	610.0	0.6058
Nimble 9B	0.549179	1008	0.6716	610.0	0.6052
Nimble 9B	0.548753	1009	0.6722	611.0	0.6056
Nimble 9B	0.548407	1010	0.6729	612.0	0.6059
Nimble 9B	0.548375	1011	0.6736	613.0	0.6063
Nimble 9B	0.548152	1012	0.6742	614.0	0.6067
Nimble 9B	0.547773	1013	0.6749	614.0	0.6061
Nimble 9B	0.547683	1014	0.6755	614.0	0.6055
Nimble 9B	0.547607	1015	0.6762	615.0	0.6059
Nimble 9B	0.54757	1016	0.6769	616.0	0.6063
Nimble 9B	0.547487	1017	0.6775	617.0	0.6067
Nimble 9B	0.547313	1018	0.6782	617.0	0.6061
Nimble 9B	0.547201	1019	0.6789	617.0	0.6055
Nimble 9B	0.547155	1020	0.6795	617.0	0.6049
Nimble 9B	0.546974	1021	0.6802	618.0	0.6053
Nimble 9B	0.546937	1022	0.6809	619.0	0.6057
Nimble 9B	0.546581	1023	0.6815	620.0	0.6061
Nimble 9B	0.546515	1024	0.6822	621.0	0.6064
Nimble 9B	0.546282	1025	0.6829	621.0	0.6059
Nimble 9B	0.546108	1026	0.6835	621.0	0.6053
Nimble 9B	0.545955	1027	0.6842	621.0	0.6047
Nimble 9B	0.545506	1028	0.6849	621.0	0.6041
Nimble 9B	0.545484	1029	0.6855	622.0	0.6045
Nimble 9B	0.544585	1030	0.6862	622.0	0.6039
Nimble 9B	0.544289	1031	0.6869	623.0	0.6043
Nimble 9B	0.544258	1032	0.6875	624.0	0.6047
Nimble 9B	0.54373	1033	0.6882	625.0	0.605
Nimble 9B	0.543594	1034	0.6889	626.0	0.6054
Nimble 9B	0.543363	1035	0.6895	627.0	0.6058
Nimble 9B	0.54321	1036	0.6902	627.0	0.6052
Nimble 9B	0.543121	1037	0.6909	627.0	0.6046
Nimble 9B	0.542871	1038	0.6915	627.0	0.604
Nimble 9B	0.5425	1039	0.6922	628.0	0.6044
Nimble 9B	0.542259	1040	0.6929	628.0	0.6038
Nimble 9B	0.542187	1041	0.6935	628.0	0.6033
Nimble 9B	0.542091	1042	0.6942	629.0	0.6036
Nimble 9B	0.541971	1043	0.6949	629.0	0.6031
Nimble 9B	0.541913	1044	0.6955	630.0	0.6034
Nimble 9B	0.541111	1045	0.6962	631.0	0.6038
Nimble 9B	0.540713	1046	0.6969	631.0	0.6033
Nimble 9B	0.540507	1047	0.6975	632.0	0.6036
Nimble 9B	0.540475	1048	0.6982	633.0	0.604
Nimble 9B	0.540109	1049	0.6989	633.0	0.6034
Nimble 9B	0.539956	1050	0.6995	633.0	0.6029
Nimble 9B	0.539921	1051	0.7002	634.0	0.6032
Nimble 9B	0.539893	1052	0.7009	634.0	0.6027
Nimble 9B	0.539373	1053	0.7015	634.0	0.6021
Nimble 9B	0.539038	1054	0.7022	634.0	0.6015
Nimble 9B	0.538346	1055	0.7029	635.0	0.6019
Nimble 9B	0.537822	1056	0.7035	635.0	0.6013
Nimble 9B	0.537798	1057	0.7042	635.0	0.6008
Nimble 9B	0.537784	1058	0.7049	635.0	0.6002
Nimble 9B	0.537059	1059	0.7055	636.0	0.6006
Nimble 9B	0.536964	1060	0.7062	636.0	0.6
Nimble 9B	0.536875	1061	0.7069	637.0	0.6004
Nimble 9B	0.536689	1062	0.7075	637.0	0.5998
Nimble 9B	0.536303	1063	0.7082	638.0	0.6002
Nimble 9B	0.535402	1064	0.7089	639.0	0.6006
Nimble 9B	0.535174	1065	0.7095	639.0	0.6
Nimble 9B	0.535168	1066	0.7102	639.0	0.5994
Nimble 9B	0.535152	1067	0.7109	640.0	0.5998
Nimble 9B	0.534782	1068	0.7115	641.0	0.6002
Nimble 9B	0.534115	1069	0.7122	642.0	0.6006
Nimble 9B	0.533844	1070	0.7129	643.0	0.6009
Nimble 9B	0.533684	1071	0.7135	643.0	0.6004
Nimble 9B	0.533678	1072	0.7142	644.0	0.6007
Nimble 9B	0.53361	1073	0.7149	645.0	0.6011
Nimble 9B	0.533069	1074	0.7155	646.0	0.6015
Nimble 9B	0.532968	1075	0.7162	646.0	0.6009
Nimble 9B	0.532372	1076	0.7169	646.0	0.6004
Nimble 9B	0.531859	1077	0.7175	647.0	0.6007
Nimble 9B	0.531498	1078	0.7182	647.0	0.6002
Nimble 9B	0.531071	1079	0.7189	647.0	0.5996
Nimble 9B	0.530922	1080	0.7195	647.0	0.5991
Nimble 9B	0.530888	1081	0.7202	647.0	0.5985
Nimble 9B	0.530833	1082	0.7209	647.0	0.598
Nimble 9B	0.52908	1083	0.7215	647.0	0.5974
Nimble 9B	0.528776	1084	0.7222	648.0	0.5978
Nimble 9B	0.528605	1085	0.7229	648.0	0.5972
Nimble 9B	0.528419	1086	0.7235	648.0	0.5967
Nimble 9B	0.527278	1087	0.7242	649.0	0.5971
Nimble 9B	0.52706	1088	0.7249	650.0	0.5974
Nimble 9B	0.527058	1089	0.7255	651.0	0.5978
Nimble 9B	0.527041	1090	0.7262	651.0	0.5972
Nimble 9B	0.526758	1091	0.7268	651.0	0.5967
Nimble 9B	0.526463	1092	0.7275	652.0	0.5971
Nimble 9B	0.526092	1093	0.7282	653.0	0.5974
Nimble 9B	0.526073	1094	0.7288	654.0	0.5978
Nimble 9B	0.52591	1095	0.7295	655.0	0.5982
Nimble 9B	0.525898	1096	0.7302	655.0	0.5976
Nimble 9B	0.525881	1097	0.7308	655.0	0.5971
Nimble 9B	0.525825	1098	0.7315	656.0	0.5974
Nimble 9B	0.525772	1099	0.7322	656.0	0.5969
Nimble 9B	0.524266	1100	0.7328	656.0	0.5964
Nimble 9B	0.524265	1101	0.7335	656.0	0.5958
Nimble 9B	0.524225	1102	0.7342	656.0	0.5953
Nimble 9B	0.524199	1103	0.7348	656.0	0.5947
Nimble 9B	0.52408	1104	0.7355	657.0	0.5951
Nimble 9B	0.523911	1105	0.7362	658.0	0.5955
Nimble 9B	0.523839	1106	0.7368	659.0	0.5958
Nimble 9B	0.523312	1107	0.7375	659.0	0.5953
Nimble 9B	0.522664	1108	0.7382	659.0	0.5948
Nimble 9B	0.522498	1109	0.7388	659.0	0.5942
Nimble 9B	0.521984	1110	0.7395	659.0	0.5937
Nimble 9B	0.52197	1111	0.7402	660.0	0.5941
Nimble 9B	0.521752	1112	0.7408	661.0	0.5944
Nimble 9B	0.521747	1113	0.7415	662.0	0.5948
Nimble 9B	0.521425	1114	0.7422	663.0	0.5952
Nimble 9B	0.521196	1115	0.7428	664.0	0.5955
Nimble 9B	0.521102	1116	0.7435	664.0	0.595
Nimble 9B	0.520949	1117	0.7442	664.0	0.5944
Nimble 9B	0.52063	1118	0.7448	664.0	0.5939
Nimble 9B	0.520524	1119	0.7455	665.0	0.5943
Nimble 9B	0.520443	1120	0.7462	666.0	0.5946
Nimble 9B	0.5201	1121	0.7468	666.0	0.5941
Nimble 9B	0.519691	1122	0.7475	667.0	0.5945
Nimble 9B	0.519458	1123	0.7482	668.0	0.5948
Nimble 9B	0.519293	1124	0.7488	668.0	0.5943
Nimble 9B	0.518999	1125	0.7495	669.0	0.5947
Nimble 9B	0.518291	1126	0.7502	669.0	0.5941
Nimble 9B	0.51826	1127	0.7508	669.0	0.5936
Nimble 9B	0.518007	1128	0.7515	669.0	0.5931
Nimble 9B	0.518003	1129	0.7522	670.0	0.5934
Nimble 9B	0.517936	1130	0.7528	670.0	0.5929
Nimble 9B	0.517516	1131	0.7535	670.0	0.5924
Nimble 9B	0.517152	1132	0.7542	670.0	0.5919
Nimble 9B	0.516968	1133	0.7548	671.0	0.5922
Nimble 9B	0.516497	1134	0.7555	671.0	0.5917
Nimble 9B	0.51648	1135	0.7562	671.0	0.5912
Nimble 9B	0.516063	1136	0.7568	671.0	0.5907
Nimble 9B	0.515532	1137	0.7575	671.0	0.5901
Nimble 9B	0.515528	1138	0.7582	671.0	0.5896
Nimble 9B	0.515416	1139	0.7588	672.0	0.59
Nimble 9B	0.515413	1140	0.7595	672.0	0.5895
Nimble 9B	0.515266	1141	0.7602	673.0	0.5898
Nimble 9B	0.515113	1142	0.7608	673.0	0.5893
Nimble 9B	0.514812	1143	0.7615	674.0	0.5897
Nimble 9B	0.514709	1144	0.7622	674.0	0.5892
Nimble 9B	0.514258	1145	0.7628	674.0	0.5886
Nimble 9B	0.514212	1146	0.7635	675.0	0.589
Nimble 9B	0.514143	1147	0.7642	676.0	0.5894
Nimble 9B	0.513785	1148	0.7648	677.0	0.5897
Nimble 9B	0.513657	1149	0.7655	678.0	0.5901
Nimble 9B	0.513312	1150	0.7662	678.0	0.5896
Nimble 9B	0.513035	1151	0.7668	679.0	0.5899
Nimble 9B	0.512988	1152	0.7675	680.0	0.5903
Nimble 9B	0.512908	1153	0.7682	681.0	0.5906
Nimble 9B	0.512613	1154	0.7688	682.0	0.591
Nimble 9B	0.512553	1155	0.7695	682.0	0.5905
Nimble 9B	0.512377	1156	0.7702	682.0	0.59
Nimble 9B	0.512163	1157	0.7708	682.0	0.5895
Nimble 9B	0.511986	1158	0.7715	682.0	0.5889
Nimble 9B	0.511835	1159	0.7722	683.0	0.5893
Nimble 9B	0.511741	1160	0.7728	684.0	0.5897
Nimble 9B	0.51171	1161	0.7735	684.0	0.5891
Nimble 9B	0.511299	1162	0.7742	685.0	0.5895
Nimble 9B	0.510028	1163	0.7748	685.0	0.589
Nimble 9B	0.509986	1164	0.7755	686.0	0.5893
Nimble 9B	0.509875	1165	0.7761	686.0	0.5888
Nimble 9B	0.509789	1166	0.7768	687.0	0.5892
Nimble 9B	0.509627	1167	0.7775	687.0	0.5887
Nimble 9B	0.509094	1168	0.7781	687.0	0.5882
Nimble 9B	0.508686	1169	0.7788	688.0	0.5885
Nimble 9B	0.508643	1170	0.7795	689.0	0.5889
Nimble 9B	0.508518	1171	0.7801	690.0	0.5892
Nimble 9B	0.508328	1172	0.7808	690.0	0.5887
Nimble 9B	0.508277	1173	0.7815	691.0	0.5891
Nimble 9B	0.507823	1174	0.7821	691.0	0.5886
Nimble 9B	0.507457	1175	0.7828	692.0	0.5889
Nimble 9B	0.507441	1176	0.7835	693.0	0.5893
Nimble 9B	0.507427	1177	0.7841	693.0	0.5888
Nimble 9B	0.507261	1178	0.7848	693.0	0.5883
Nimble 9B	0.507238	1179	0.7855	694.0	0.5886
Nimble 9B	0.505922	1180	0.7861	695.0	0.589
Nimble 9B	0.505682	1181	0.7868	695.0	0.5885
Nimble 9B	0.505578	1182	0.7875	696.0	0.5888
Nimble 9B	0.505293	1183	0.7881	697.0	0.5892
Nimble 9B	0.505263	1184	0.7888	697.0	0.5887
Nimble 9B	0.505147	1185	0.7895	697.0	0.5882
Nimble 9B	0.504984	1186	0.7901	697.0	0.5877
Nimble 9B	0.504808	1187	0.7908	697.0	0.5872
Nimble 9B	0.504597	1188	0.7915	697.0	0.5867
Nimble 9B	0.504575	1189	0.7921	698.0	0.587
Nimble 9B	0.504168	1190	0.7928	699.0	0.5874
Nimble 9B	0.503653	1191	0.7935	699.0	0.5869
Nimble 9B	0.503097	1192	0.7941	699.0	0.5864
Nimble 9B	0.502905	1193	0.7948	700.0	0.5868
Nimble 9B	0.500918	1194	0.7955	701.0	0.5871
Nimble 9B	0.500267	1195	0.7961	702.0	0.5874
Nimble 9B	0.500139	1196	0.7968	703.0	0.5878
Nimble 9B	0.50008	1197	0.7975	704.0	0.5881
Nimble 9B	0.499659	1198	0.7981	704.0	0.5876
Nimble 9B	0.4989	1199	0.7988	704.0	0.5872
Nimble 9B	0.498027	1200	0.7995	704.0	0.5867
Nimble 9B	0.498025	1201	0.8001	704.0	0.5862
Nimble 9B	0.497918	1202	0.8008	705.0	0.5865
Nimble 9B	0.497113	1203	0.8015	705.0	0.586
Nimble 9B	0.497047	1204	0.8021	706.0	0.5864
Nimble 9B	0.496841	1205	0.8028	706.0	0.5859
Nimble 9B	0.496525	1206	0.8035	706.0	0.5854
Nimble 9B	0.495916	1207	0.8041	706.0	0.5849
Nimble 9B	0.495824	1208	0.8048	706.0	0.5844
Nimble 9B	0.494419	1209	0.8055	706.0	0.584
Nimble 9B	0.493693	1210	0.8061	707.0	0.5843
Nimble 9B	0.493466	1211	0.8068	708.0	0.5846
Nimble 9B	0.493162	1212	0.8075	709.0	0.585
Nimble 9B	0.493106	1213	0.8081	709.0	0.5845
Nimble 9B	0.492951	1214	0.8088	709.0	0.584
Nimble 9B	0.492445	1215	0.8095	709.0	0.5835
Nimble 9B	0.491929	1216	0.8101	710.0	0.5839
Nimble 9B	0.491837	1217	0.8108	710.0	0.5834
Nimble 9B	0.491535	1218	0.8115	710.0	0.5829
Nimble 9B	0.491089	1219	0.8121	711.0	0.5833
Nimble 9B	0.490897	1220	0.8128	711.0	0.5828
Nimble 9B	0.490778	1221	0.8135	712.0	0.5831
Nimble 9B	0.490647	1222	0.8141	713.0	0.5835
Nimble 9B	0.490644	1223	0.8148	713.0	0.583
Nimble 9B	0.490314	1224	0.8155	714.0	0.5833
Nimble 9B	0.489531	1225	0.8161	715.0	0.5837
Nimble 9B	0.487643	1226	0.8168	715.0	0.5832
Nimble 9B	0.487183	1227	0.8175	715.0	0.5827
Nimble 9B	0.487	1228	0.8181	715.0	0.5822
Nimble 9B	0.485695	1229	0.8188	715.0	0.5818
Nimble 9B	0.485341	1230	0.8195	715.0	0.5813
Nimble 9B	0.484919	1231	0.8201	715.0	0.5808
Nimble 9B	0.484305	1232	0.8208	715.0	0.5804
Nimble 9B	0.484248	1233	0.8215	716.0	0.5807
Nimble 9B	0.484198	1234	0.8221	716.0	0.5802
Nimble 9B	0.484161	1235	0.8228	716.0	0.5798
Nimble 9B	0.483499	1236	0.8235	716.0	0.5793
Nimble 9B	0.483275	1237	0.8241	716.0	0.5788
Nimble 9B	0.483033	1238	0.8248	716.0	0.5784
Nimble 9B	0.483003	1239	0.8254	717.0	0.5787
Nimble 9B	0.482875	1240	0.8261	718.0	0.579
Nimble 9B	0.482362	1241	0.8268	718.0	0.5786
Nimble 9B	0.482062	1242	0.8274	718.0	0.5781
Nimble 9B	0.481864	1243	0.8281	719.0	0.5784
Nimble 9B	0.481237	1244	0.8288	720.0	0.5788
Nimble 9B	0.48075	1245	0.8294	720.0	0.5783
Nimble 9B	0.479906	1246	0.8301	721.0	0.5787
Nimble 9B	0.479352	1247	0.8308	721.0	0.5782
Nimble 9B	0.479336	1248	0.8314	721.0	0.5777
Nimble 9B	0.479312	1249	0.8321	721.0	0.5773
Nimble 9B	0.47864	1250	0.8328	722.0	0.5776
Nimble 9B	0.47762	1251	0.8334	722.0	0.5771
Nimble 9B	0.477532	1252	0.8341	723.0	0.5775
Nimble 9B	0.477017	1253	0.8348	723.0	0.577
Nimble 9B	0.476619	1254	0.8354	723.0	0.5766
Nimble 9B	0.476428	1255	0.8361	723.0	0.5761
Nimble 9B	0.475353	1256	0.8368	724.0	0.5764
Nimble 9B	0.475141	1257	0.8374	724.0	0.576
Nimble 9B	0.47512	1258	0.8381	724.0	0.5755
Nimble 9B	0.474482	1259	0.8388	724.0	0.5751
Nimble 9B	0.473595	1260	0.8394	724.0	0.5746
Nimble 9B	0.47337	1261	0.8401	724.0	0.5741
Nimble 9B	0.472846	1262	0.8408	724.0	0.5737
Nimble 9B	0.472405	1263	0.8414	724.0	0.5732
Nimble 9B	0.472107	1264	0.8421	725.0	0.5736
Nimble 9B	0.47176	1265	0.8428	725.0	0.5731
Nimble 9B	0.470314	1266	0.8434	725.0	0.5727
Nimble 9B	0.469902	1267	0.8441	725.0	0.5722
Nimble 9B	0.469535	1268	0.8448	725.0	0.5718
Nimble 9B	0.468911	1269	0.8454	725.0	0.5713
Nimble 9B	0.468659	1270	0.8461	725.0	0.5709
Nimble 9B	0.466878	1271	0.8468	725.0	0.5704
Nimble 9B	0.463332	1272	0.8474	725.0	0.57
Nimble 9B	0.463293	1273	0.8481	726.0	0.5703
Nimble 9B	0.46245	1274	0.8488	727.0	0.5706
Nimble 9B	0.461782	1275	0.8494	727.0	0.5702
Nimble 9B	0.460837	1276	0.8501	728.0	0.5705
Nimble 9B	0.459366	1277	0.8508	728.0	0.5701
Nimble 9B	0.458385	1278	0.8514	728.0	0.5696
Nimble 9B	0.456298	1279	0.8521	728.0	0.5692
Nimble 9B	0.455437	1280	0.8528	728.0	0.5687
Nimble 9B	0.455432	1281	0.8534	729.0	0.5691
Nimble 9B	0.455275	1282	0.8541	730.0	0.5694
Nimble 9B	0.455155	1283	0.8548	730.0	0.569
Nimble 9B	0.455148	1284	0.8554	731.0	0.5693
Nimble 9B	0.45473	1285	0.8561	731.0	0.5689
Nimble 9B	0.454475	1286	0.8568	731.0	0.5684
Nimble 9B	0.454462	1287	0.8574	731.0	0.568
Nimble 9B	0.454002	1288	0.8581	731.0	0.5675
Nimble 9B	0.453417	1289	0.8588	731.0	0.5671
Nimble 9B	0.453379	1290	0.8594	732.0	0.5674
Nimble 9B	0.452499	1291	0.8601	732.0	0.567
Nimble 9B	0.452464	1292	0.8608	732.0	0.5666
Nimble 9B	0.451998	1293	0.8614	732.0	0.5661
Nimble 9B	0.451679	1294	0.8621	733.0	0.5665
Nimble 9B	0.451507	1295	0.8628	734.0	0.5668
Nimble 9B	0.451193	1296	0.8634	734.0	0.5664
Nimble 9B	0.4509	1297	0.8641	734.0	0.5659
Nimble 9B	0.450337	1298	0.8648	735.0	0.5663
Nimble 9B	0.449719	1299	0.8654	735.0	0.5658
Nimble 9B	0.449468	1300	0.8661	735.0	0.5654
Nimble 9B	0.449416	1301	0.8668	735.0	0.565
Nimble 9B	0.449143	1302	0.8674	735.0	0.5645
Nimble 9B	0.449034	1303	0.8681	735.0	0.5641
Nimble 9B	0.448641	1304	0.8688	736.0	0.5644
Nimble 9B	0.448565	1305	0.8694	736.0	0.564
Nimble 9B	0.448183	1306	0.8701	736.0	0.5636
Nimble 9B	0.447033	1307	0.8708	736.0	0.5631
Nimble 9B	0.444259	1308	0.8714	737.0	0.5635
Nimble 9B	0.443206	1309	0.8721	737.0	0.563
Nimble 9B	0.442422	1310	0.8728	737.0	0.5626
Nimble 9B	0.442401	1311	0.8734	738.0	0.5629
Nimble 9B	0.441654	1312	0.8741	738.0	0.5625
Nimble 9B	0.439186	1313	0.8748	738.0	0.5621
Nimble 9B	0.438757	1314	0.8754	738.0	0.5616
Nimble 9B	0.438481	1315	0.8761	738.0	0.5612
Nimble 9B	0.437789	1316	0.8767	738.0	0.5608
Nimble 9B	0.437669	1317	0.8774	738.0	0.5604
Nimble 9B	0.437566	1318	0.8781	738.0	0.5599
Nimble 9B	0.436265	1319	0.8787	738.0	0.5595
Nimble 9B	0.436118	1320	0.8794	739.0	0.5598
Nimble 9B	0.435528	1321	0.8801	739.0	0.5594
Nimble 9B	0.434008	1322	0.8807	739.0	0.559
Nimble 9B	0.433622	1323	0.8814	740.0	0.5593
Nimble 9B	0.432366	1324	0.8821	741.0	0.5597
Nimble 9B	0.431991	1325	0.8827	741.0	0.5592
Nimble 9B	0.431722	1326	0.8834	741.0	0.5588
Nimble 9B	0.431084	1327	0.8841	741.0	0.5584
Nimble 9B	0.430147	1328	0.8847	741.0	0.558
Nimble 9B	0.430129	1329	0.8854	741.0	0.5576
Nimble 9B	0.429737	1330	0.8861	741.0	0.5571
Nimble 9B	0.428705	1331	0.8867	742.0	0.5575
Nimble 9B	0.425478	1332	0.8874	743.0	0.5578
Nimble 9B	0.424867	1333	0.8881	743.0	0.5574
Nimble 9B	0.424671	1334	0.8887	743.0	0.557
Nimble 9B	0.423211	1335	0.8894	744.0	0.5573
Nimble 9B	0.422107	1336	0.8901	744.0	0.5569
Nimble 9B	0.42181	1337	0.8907	744.0	0.5565
Nimble 9B	0.42174	1338	0.8914	745.0	0.5568
Nimble 9B	0.419732	1339	0.8921	745.0	0.5564
Nimble 9B	0.419699	1340	0.8927	745.0	0.556
Nimble 9B	0.41966	1341	0.8934	745.0	0.5556
Nimble 9B	0.418437	1342	0.8941	746.0	0.5559
Nimble 9B	0.417844	1343	0.8947	746.0	0.5555
Nimble 9B	0.417762	1344	0.8954	746.0	0.5551
Nimble 9B	0.417413	1345	0.8961	746.0	0.5546
Nimble 9B	0.417035	1346	0.8967	746.0	0.5542
Nimble 9B	0.416271	1347	0.8974	747.0	0.5546
Nimble 9B	0.416116	1348	0.8981	747.0	0.5542
Nimble 9B	0.415587	1349	0.8987	747.0	0.5537
Nimble 9B	0.414766	1350	0.8994	748.0	0.5541
Nimble 9B	0.412227	1351	0.9001	749.0	0.5544
Nimble 9B	0.411403	1352	0.9007	749.0	0.554
Nimble 9B	0.41091	1353	0.9014	750.0	0.5543
Nimble 9B	0.410883	1354	0.9021	750.0	0.5539
Nimble 9B	0.410565	1355	0.9027	751.0	0.5542
Nimble 9B	0.410086	1356	0.9034	751.0	0.5538
Nimble 9B	0.409957	1357	0.9041	751.0	0.5534
Nimble 9B	0.40956	1358	0.9047	752.0	0.5538
Nimble 9B	0.4086	1359	0.9054	752.0	0.5533
Nimble 9B	0.408576	1360	0.9061	752.0	0.5529
Nimble 9B	0.407537	1361	0.9067	753.0	0.5533
Nimble 9B	0.406993	1362	0.9074	754.0	0.5536
Nimble 9B	0.406789	1363	0.9081	754.0	0.5532
Nimble 9B	0.405801	1364	0.9087	755.0	0.5535
Nimble 9B	0.40528	1365	0.9094	755.0	0.5531
Nimble 9B	0.405047	1366	0.9101	755.0	0.5527
Nimble 9B	0.404928	1367	0.9107	755.0	0.5523
Nimble 9B	0.404473	1368	0.9114	755.0	0.5519
Nimble 9B	0.404426	1369	0.9121	755.0	0.5515
Nimble 9B	0.403854	1370	0.9127	755.0	0.5511
Nimble 9B	0.403753	1371	0.9134	756.0	0.5514
Nimble 9B	0.403205	1372	0.9141	756.0	0.551
Nimble 9B	0.403071	1373	0.9147	756.0	0.5506
Nimble 9B	0.402947	1374	0.9154	757.0	0.5509
Nimble 9B	0.402409	1375	0.9161	757.0	0.5505
Nimble 9B	0.401859	1376	0.9167	757.0	0.5501
Nimble 9B	0.401515	1377	0.9174	758.0	0.5505
Nimble 9B	0.401434	1378	0.9181	758.0	0.5501
Nimble 9B	0.401133	1379	0.9187	759.0	0.5504
Nimble 9B	0.400944	1380	0.9194	759.0	0.55
Nimble 9B	0.400639	1381	0.9201	759.0	0.5496
Nimble 9B	0.399577	1382	0.9207	759.0	0.5492
Nimble 9B	0.398816	1383	0.9214	759.0	0.5488
Nimble 9B	0.396738	1384	0.9221	759.0	0.5484
Nimble 9B	0.394308	1385	0.9227	759.0	0.548
Nimble 9B	0.393913	1386	0.9234	760.0	0.5483
Nimble 9B	0.39347	1387	0.9241	760.0	0.5479
Nimble 9B	0.391631	1388	0.9247	760.0	0.5476
Nimble 9B	0.391524	1389	0.9254	760.0	0.5472
Nimble 9B	0.390004	1390	0.926	760.0	0.5468
Nimble 9B	0.389828	1391	0.9267	760.0	0.5464
Nimble 9B	0.389553	1392	0.9274	760.0	0.546
Nimble 9B	0.389412	1393	0.928	761.0	0.5463
Nimble 9B	0.388708	1394	0.9287	761.0	0.5459
Nimble 9B	0.388609	1395	0.9294	761.0	0.5455
Nimble 9B	0.387281	1396	0.93	761.0	0.5451
Nimble 9B	0.387263	1397	0.9307	761.0	0.5447
Nimble 9B	0.387154	1398	0.9314	762.0	0.5451
Nimble 9B	0.387009	1399	0.932	762.0	0.5447
Nimble 9B	0.386455	1400	0.9327	762.0	0.5443
Nimble 9B	0.386245	1401	0.9334	763.0	0.5446
Nimble 9B	0.38396	1402	0.934	763.0	0.5442
Nimble 9B	0.381961	1403	0.9347	763.0	0.5438
Nimble 9B	0.380237	1404	0.9354	763.0	0.5434
Nimble 9B	0.379807	1405	0.936	763.0	0.5431
Nimble 9B	0.378639	1406	0.9367	763.0	0.5427
Nimble 9B	0.377768	1407	0.9374	763.0	0.5423
Nimble 9B	0.376733	1408	0.938	763.0	0.5419
Nimble 9B	0.376677	1409	0.9387	763.0	0.5415
Nimble 9B	0.37662	1410	0.9394	764.0	0.5418
Nimble 9B	0.376277	1411	0.94	764.0	0.5415
Nimble 9B	0.372535	1412	0.9407	765.0	0.5418
Nimble 9B	0.372079	1413	0.9414	765.0	0.5414
Nimble 9B	0.371082	1414	0.942	765.0	0.541
Nimble 9B	0.370991	1415	0.9427	765.0	0.5406
Nimble 9B	0.370465	1416	0.9434	765.0	0.5403
Nimble 9B	0.367861	1417	0.944	766.0	0.5406
Nimble 9B	0.367059	1418	0.9447	767.0	0.5409
Nimble 9B	0.366678	1419	0.9454	767.0	0.5405
Nimble 9B	0.366258	1420	0.946	767.0	0.5401
Nimble 9B	0.365617	1421	0.9467	767.0	0.5398
Nimble 9B	0.365369	1422	0.9474	767.0	0.5394
Nimble 9B	0.364287	1423	0.948	767.0	0.539
Nimble 9B	0.363189	1424	0.9487	767.0	0.5386
Nimble 9B	0.36124	1425	0.9494	768.0	0.5389
Nimble 9B	0.360656	1426	0.95	769.0	0.5393
Nimble 9B	0.3606	1427	0.9507	769.0	0.5389
Nimble 9B	0.359771	1428	0.9514	769.0	0.5385
Nimble 9B	0.358508	1429	0.952	769.0	0.5381
Nimble 9B	0.357112	1430	0.9527	769.0	0.5378
Nimble 9B	0.356895	1431	0.9534	769.0	0.5374
Nimble 9B	0.355873	1432	0.954	769.0	0.537
Nimble 9B	0.355303	1433	0.9547	770.0	0.5373
Nimble 9B	0.355233	1434	0.9554	770.0	0.537
Nimble 9B	0.355086	1435	0.956	770.0	0.5366
Nimble 9B	0.354307	1436	0.9567	771.0	0.5369
Nimble 9B	0.353863	1437	0.9574	772.0	0.5372
Nimble 9B	0.35384	1438	0.958	772.0	0.5369
Nimble 9B	0.353601	1439	0.9587	772.0	0.5365
Nimble 9B	0.348534	1440	0.9594	772.0	0.5361
Nimble 9B	0.347988	1441	0.96	772.0	0.5357
Nimble 9B	0.347553	1442	0.9607	773.0	0.5361
Nimble 9B	0.344347	1443	0.9614	773.0	0.5357
Nimble 9B	0.343909	1444	0.962	773.0	0.5353
Nimble 9B	0.343855	1445	0.9627	773.0	0.5349
Nimble 9B	0.343795	1446	0.9634	773.0	0.5346
Nimble 9B	0.342954	1447	0.964	773.0	0.5342
Nimble 9B	0.341372	1448	0.9647	773.0	0.5338
Nimble 9B	0.340736	1449	0.9654	773.0	0.5335
Nimble 9B	0.340365	1450	0.966	773.0	0.5331
Nimble 9B	0.339688	1451	0.9667	773.0	0.5327
Nimble 9B	0.339268	1452	0.9674	773.0	0.5324
Nimble 9B	0.338368	1453	0.968	773.0	0.532
Nimble 9B	0.337905	1454	0.9687	773.0	0.5316
Nimble 9B	0.33733	1455	0.9694	773.0	0.5313
Nimble 9B	0.337072	1456	0.97	773.0	0.5309
Nimble 9B	0.337042	1457	0.9707	773.0	0.5305
Nimble 9B	0.3369	1458	0.9714	774.0	0.5309
Nimble 9B	0.33646	1459	0.972	774.0	0.5305
Nimble 9B	0.33546	1460	0.9727	774.0	0.5301
Nimble 9B	0.333566	1461	0.9734	774.0	0.5298
Nimble 9B	0.333315	1462	0.974	774.0	0.5294
Nimble 9B	0.332989	1463	0.9747	774.0	0.529
Nimble 9B	0.33205	1464	0.9753	774.0	0.5287
Nimble 9B	0.33136	1465	0.976	774.0	0.5283
Nimble 9B	0.325803	1466	0.9767	774.0	0.528
Nimble 9B	0.32534	1467	0.9773	774.0	0.5276
Nimble 9B	0.324988	1468	0.978	774.0	0.5272
Nimble 9B	0.324502	1469	0.9787	774.0	0.5269
Nimble 9B	0.323139	1470	0.9793	774.0	0.5265
Nimble 9B	0.321088	1471	0.98	774.0	0.5262
Nimble 9B	0.317433	1472	0.9807	774.0	0.5258
Nimble 9B	0.316631	1473	0.9813	774.0	0.5255
Nimble 9B	0.316082	1474	0.982	774.0	0.5251
Nimble 9B	0.314233	1475	0.9827	774.0	0.5247
Nimble 9B	0.312631	1476	0.9833	774.0	0.5244
Nimble 9B	0.310056	1477	0.984	774.0	0.524
Nimble 9B	0.309441	1478	0.9847	774.0	0.5237
Nimble 9B	0.308731	1479	0.9853	774.0	0.5233
Nimble 9B	0.305917	1480	0.986	774.0	0.523
Nimble 9B	0.305311	1481	0.9867	775.0	0.5233
Nimble 9B	0.304255	1482	0.9873	775.0	0.5229
Nimble 9B	0.30337	1483	0.988	775.0	0.5226
Nimble 9B	0.302859	1484	0.9887	775.0	0.5222
Nimble 9B	0.301764	1485	0.9893	775.0	0.5219
Nimble 9B	0.301612	1486	0.99	775.0	0.5215
Nimble 9B	0.299415	1487	0.9907	776.0	0.5219
Nimble 9B	0.297562	1488	0.9913	776.0	0.5215
Nimble 9B	0.291402	1489	0.992	776.0	0.5212
Nimble 9B	0.291009	1490	0.9927	777.0	0.5215
Nimble 9B	0.289567	1491	0.9933	777.0	0.5211
Nimble 9B	0.287911	1492	0.994	777.0	0.5208
Nimble 9B	0.287863	1493	0.9947	777.0	0.5204
Nimble 9B	0.281128	1494	0.9953	777.0	0.5201
Nimble 9B	0.278395	1495	0.996	777.0	0.5197
Nimble 9B	0.276902	1496	0.9967	777.0	0.5194
Nimble 9B	0.268364	1497	0.9973	777.0	0.519
Nimble 9B	0.26831	1498	0.998	778.0	0.5194
Nimble 9B	0.251978	1499	0.9987	779.0	0.5197
Nimble 9B	0.245764	1500	0.9993	779.0	0.5193
Nimble 9B	0.234753	1501	1.0	779.0	0.519
