system	id	wall_s
BM25	comparison-longer-001	0.000308
BM25	comparison-longer-002	9.9e-05
BM25	comparison-longer-003	8.2e-05
BM25	comparison-longer-004	7.7e-05
BM25	comparison-longer-005	8.3e-05
BM25	comparison-longer-006	0.000242
BM25	comparison-longer-007	0.00011
BM25	comparison-longer-008	9.6e-05
BM25	comparison-longer-009	7.9e-05
BM25	comparison-longer-010	0.00015
BM25	comparison-longer-011	0.000197
BM25	comparison-longer-012	0.00107
BM25	comparison-longer-013	0.000116
BM25	comparison-longer-014	0.000133
BM25	comparison-longer-015	9e-05
BM25	comparison-longer-016	0.000397
BM25	comparison-longer-017	7.7e-05
BM25	comparison-longer-018	0.004249
BM25	comparison-longer-019	0.000385
BM25	comparison-longer-020	9.4e-05
BM25	comparison-longer-021	0.000111
BM25	comparison-longer-022	0.001773
BM25	comparison-longer-023	0.003411
BM25	comparison-longer-024	0.000309
BM25	comparison-longer-025	9.1e-05
BM25	comparison-longer-026	9.2e-05
BM25	comparison-longer-027	7.9e-05
BM25	comparison-longer-028	0.000152
BM25	comparison-longer-029	0.0001
BM25	comparison-longer-030	0.000267
BM25	comparison-longer-031	0.000102
BM25	comparison-longer-032	7.4e-05
BM25	comparison-longer-033	9.9e-05
BM25	comparison-longer-034	9.5e-05
BM25	comparison-longer-035	8.2e-05
BM25	comparison-longer-036	8.1e-05
BM25	comparison-longer-037	8.4e-05
BM25	comparison-longer-038	8.2e-05
BM25	comparison-longer-039	7.7e-05
BM25	comparison-longer-040	9.8e-05
BM25	comparison-longer-041	8.3e-05
BM25	comparison-longer-042	8.7e-05
BM25	comparison-longer-043	8.7e-05
BM25	comparison-longer-044	7.7e-05
BM25	comparison-longer-045	8.1e-05
BM25	comparison-longer-046	0.001438
BM25	comparison-longer-047	8.1e-05
BM25	comparison-longer-048	6e-05
BM25	comparison-longer-049	5e-05
BM25	comparison-longer-050	5.7e-05
BM25	comparison-longer-051	6.7e-05
BM25	comparison-longer-052	5e-05
BM25	comparison-longer-053	6.6e-05
BM25	comparison-longer-054	0.000104
BM25	comparison-longer-055	8.4e-05
BM25	comparison-longer-056	7.3e-05
BM25	comparison-longer-057	8.1e-05
BM25	comparison-longer-058	0.000105
BM25	comparison-longer-059	7.9e-05
BM25	comparison-longer-060	7.9e-05
BM25	forward-singer-001	0.0007
BM25	forward-singer-002	0.000112
BM25	forward-singer-003	9.9e-05
BM25	forward-singer-004	8.8e-05
BM25	forward-singer-005	8.3e-05
BM25	forward-singer-006	0.000132
BM25	forward-singer-007	9.8e-05
BM25	forward-singer-008	8.6e-05
BM25	forward-singer-009	9.5e-05
BM25	forward-singer-010	9e-05
BM25	forward-singer-011	9.5e-05
BM25	forward-singer-012	9.4e-05
BM25	forward-singer-013	8.7e-05
BM25	forward-singer-014	9.4e-05
BM25	forward-singer-015	8.9e-05
BM25	forward-singer-016	0.000103
BM25	forward-singer-017	0.000111
BM25	forward-singer-018	0.000115
BM25	forward-singer-019	0.000318
BM25	forward-singer-020	0.000116
BM25	forward-singer-021	0.00011
BM25	forward-singer-022	0.000125
BM25	forward-singer-023	0.000115
BM25	forward-singer-024	8e-05
BM25	forward-singer-025	0.000128
BM25	forward-singer-026	0.000138
BM25	forward-singer-027	0.000128
BM25	forward-singer-028	0.000135
BM25	forward-singer-029	0.000124
BM25	forward-singer-030	0.000944
BM25	forward-singer-031	0.000198
BM25	forward-singer-032	0.000347
BM25	forward-singer-033	0.000469
BM25	forward-singer-034	0.000637
BM25	forward-singer-035	0.000265
BM25	forward-singer-036	0.000213
BM25	forward-singer-037	0.000149
BM25	forward-singer-038	0.000452
BM25	forward-singer-039	0.000124
BM25	forward-singer-040	0.000121
BM25	forward-singer-041	0.000121
BM25	forward-singer-042	0.000104
BM25	forward-singer-043	0.000181
BM25	forward-singer-044	0.000126
BM25	forward-singer-045	0.000293
BM25	forward-singer-046	0.000172
BM25	forward-singer-047	0.000116
BM25	forward-singer-048	0.000125
BM25	forward-singer-049	0.000124
BM25	forward-singer-050	0.000115
BM25	forward-singer-051	0.000118
BM25	forward-singer-052	0.000115
BM25	forward-singer-053	0.000112
BM25	forward-singer-054	0.000124
BM25	forward-singer-055	0.000123
BM25	forward-singer-056	0.000584
BM25	forward-singer-057	0.000431
BM25	forward-album-001	0.000165
BM25	forward-album-002	0.000248
BM25	forward-album-003	0.000456
BM25	forward-album-004	0.00041
BM25	forward-album-005	0.000477
BM25	forward-album-006	0.000149
BM25	forward-album-007	0.0003
BM25	forward-album-008	0.001307
BM25	forward-album-009	0.000159
BM25	forward-album-010	0.000163
BM25	forward-album-011	0.000135
BM25	forward-album-012	0.00025
BM25	forward-album-013	0.000134
BM25	forward-album-014	0.000138
BM25	forward-album-015	0.000139
BM25	forward-album-016	0.000264
BM25	forward-album-017	0.000431
BM25	forward-album-018	0.000138
BM25	forward-album-019	0.000142
BM25	forward-album-020	0.000142
BM25	forward-album-021	0.000208
BM25	forward-album-022	0.000167
BM25	forward-album-023	0.000293
BM25	forward-album-024	0.000155
BM25	forward-album-025	0.000169
BM25	forward-album-026	0.000106
BM25	forward-album-027	0.000168
BM25	forward-album-028	0.000151
BM25	forward-album-029	0.000141
BM25	forward-album-030	0.000131
BM25	forward-album-031	0.000125
BM25	forward-album-032	0.000125
BM25	forward-album-033	0.000132
BM25	forward-album-034	0.000304
BM25	forward-album-035	0.00011
BM25	forward-album-036	0.000108
BM25	forward-album-037	0.000126
BM25	forward-album-038	0.000144
BM25	forward-album-039	0.000112
BM25	forward-album-040	0.000143
BM25	forward-album-041	0.000373
BM25	forward-album-042	0.0002
BM25	forward-album-043	0.000532
BM25	forward-album-044	0.000558
BM25	forward-album-045	0.001408
BM25	forward-album-046	0.000251
BM25	forward-album-047	0.000998
BM25	forward-album-048	0.000663
BM25	forward-album-049	0.000328
BM25	forward-album-050	0.000153
BM25	forward-album-051	0.000316
BM25	forward-album-052	0.000308
BM25	forward-album-053	0.000134
BM25	forward-album-054	0.000145
BM25	forward-album-055	0.000259
BM25	forward-album-056	0.000142
BM25	forward-album-057	0.000129
BM25	forward-album-058	0.001219
BM25	forward-album-059	0.000143
BM25	forward-album-060	0.000135
BM25	forward-songwriter-001	0.000127
BM25	forward-songwriter-002	0.000124
BM25	forward-songwriter-003	0.000112
BM25	forward-songwriter-004	0.00012
BM25	forward-songwriter-005	0.000289
BM25	forward-songwriter-006	0.000125
BM25	forward-songwriter-007	0.000111
BM25	forward-songwriter-008	0.000124
BM25	forward-songwriter-009	0.00012
BM25	forward-songwriter-010	0.000122
BM25	forward-songwriter-011	0.000105
BM25	forward-songwriter-012	0.000128
BM25	forward-songwriter-013	0.000126
BM25	forward-songwriter-014	0.000124
BM25	forward-songwriter-015	0.000111
BM25	forward-songwriter-016	9.8e-05
BM25	forward-songwriter-017	0.000102
BM25	forward-songwriter-018	0.0001
BM25	forward-songwriter-019	9.9e-05
BM25	forward-songwriter-020	9.3e-05
BM25	forward-songwriter-021	0.000197
BM25	forward-songwriter-022	0.000121
BM25	forward-songwriter-023	0.000121
BM25	forward-songwriter-024	0.000106
BM25	forward-songwriter-025	9.4e-05
BM25	forward-songwriter-026	0.000109
BM25	forward-songwriter-027	0.000104
BM25	forward-songwriter-028	0.000124
BM25	forward-songwriter-029	0.00012
BM25	forward-songwriter-030	0.000127
BM25	forward-songwriter-031	0.000126
BM25	forward-songwriter-032	0.000103
BM25	forward-songwriter-033	0.000115
BM25	forward-songwriter-034	0.000115
BM25	forward-songwriter-035	0.000111
BM25	forward-songwriter-036	0.000125
BM25	forward-songwriter-037	0.00012
BM25	forward-songwriter-038	0.000106
BM25	forward-songwriter-039	0.000139
BM25	forward-songwriter-040	0.00019
BM25	forward-songwriter-041	0.000118
BM25	forward-songwriter-042	0.000112
BM25	forward-songwriter-043	0.000108
BM25	forward-songwriter-044	0.000102
BM25	forward-songwriter-045	0.000334
BM25	forward-songwriter-046	0.000123
BM25	forward-songwriter-047	0.000106
BM25	forward-year-001	0.000236
BM25	forward-year-002	0.000277
BM25	forward-year-003	0.000214
BM25	forward-year-004	0.000342
BM25	forward-year-005	0.000232
BM25	forward-year-006	0.000244
BM25	forward-year-007	0.000252
BM25	forward-year-008	0.000231
BM25	forward-year-009	0.000247
BM25	forward-year-010	0.000281
BM25	forward-year-011	0.000284
BM25	forward-year-012	0.000229
BM25	forward-year-013	0.00026
BM25	forward-year-014	0.000257
BM25	forward-year-015	0.000238
BM25	forward-year-016	0.000239
BM25	forward-year-017	0.000275
BM25	forward-year-018	0.000224
BM25	forward-year-019	0.000299
BM25	forward-year-020	0.000354
BM25	forward-year-021	0.000235
BM25	forward-year-022	0.000257
BM25	forward-year-023	0.00025
BM25	forward-year-024	0.000229
BM25	forward-year-025	0.000236
BM25	forward-year-026	0.000229
BM25	forward-year-027	0.000227
BM25	forward-year-028	0.000332
BM25	forward-year-029	0.000355
BM25	forward-year-030	0.000242
BM25	forward-year-031	0.000246
BM25	forward-year-032	0.000255
BM25	forward-year-033	0.000765
BM25	forward-year-034	0.000656
BM25	forward-year-035	0.000257
BM25	forward-year-036	0.000255
BM25	forward-year-037	0.000374
BM25	forward-year-038	0.000242
BM25	forward-year-039	0.000283
BM25	forward-year-040	0.000252
BM25	forward-year-041	0.000366
BM25	forward-year-042	0.000258
BM25	forward-year-043	0.00029
BM25	forward-year-044	0.000421
BM25	forward-year-045	0.000263
BM25	forward-year-046	0.0004
BM25	forward-year-047	0.000278
BM25	forward-year-048	0.000321
BM25	forward-year-049	0.000235
BM25	forward-year-050	0.00029
BM25	forward-year-051	0.000384
BM25	forward-year-052	0.000575
BM25	forward-year-053	0.000414
BM25	forward-year-054	0.000344
BM25	forward-year-055	0.000479
BM25	forward-year-056	0.000487
BM25	forward-year-057	0.000217
BM25	forward-year-058	0.000329
BM25	forward-year-059	0.000253
BM25	forward-year-060	0.00024
BM25	lead-set-john-001	3.5e-05
BM25	lead-set-paul-001	7.5e-05
BM25	lead-set-george-001	2.9e-05
BM25	lead-set-ringo-001	2.5e-05
BM25	lead-set-john-002	2.4e-05
BM25	lead-set-paul-002	2.1e-05
BM25	lead-set-george-002	2.2e-05
BM25	lead-set-ringo-002	2.1e-05
BM25	lead-set-john-003	2e-05
BM25	lead-set-paul-003	2e-05
BM25	lead-set-george-003	2e-05
BM25	lead-set-ringo-003	2e-05
BM25	lead-set-john-004	2.3e-05
BM25	lead-set-paul-004	2e-05
BM25	lead-set-george-004	2.3e-05
BM25	lead-set-ringo-004	2.3e-05
BM25	lead-set-john-005	2.1e-05
BM25	lead-set-paul-005	0.000287
BM25	lead-set-george-005	2.4e-05
BM25	lead-set-ringo-005	7.5e-05
BM25	lead-set-john-006	2.3e-05
BM25	lead-set-paul-006	7.4e-05
BM25	lead-set-george-006	7e-05
BM25	lead-set-ringo-006	0.000172
BM25	lead-set-john-007	2.4e-05
BM25	lead-set-paul-007	4.2e-05
BM25	lead-set-george-007	2.4e-05
BM25	lead-set-ringo-007	2.3e-05
BM25	lead-set-john-008	0.000214
BM25	lead-set-paul-008	0.000223
BM25	lead-set-george-008	3.2e-05
BM25	lead-set-ringo-008	2.9e-05
BM25	lead-set-john-009	1.9e-05
BM25	lead-set-paul-009	2.6e-05
BM25	lead-set-george-009	1.9e-05
BM25	lead-set-ringo-009	2.2e-05
BM25	lead-set-john-010	1.9e-05
BM25	lead-set-paul-010	1.9e-05
BM25	lead-set-george-010	1.9e-05
BM25	lead-set-ringo-010	1.8e-05
BM25	lead-set-john-011	7.1e-05
BM25	lead-set-paul-011	2.6e-05
BM25	lead-set-george-011	2.3e-05
BM25	lead-set-ringo-011	2.3e-05
BM25	lead-set-john-012	3e-05
BM25	lead-set-paul-012	2.8e-05
BM25	lead-set-george-012	2.8e-05
BM25	lead-set-ringo-012	0.000133
BM25	lead-set-john-013	0.000102
BM25	lead-set-paul-013	0.000248
BM25	lead-set-george-013	0.000245
BM25	lead-set-ringo-013	0.000169
BM25	lead-set-john-014	0.000123
BM25	lead-set-paul-014	3.6e-05
BM25	lead-set-george-014	0.000444
BM25	lead-set-ringo-014	8.7e-05
BM25	lead-set-john-015	3.5e-05
BM25	lead-set-paul-015	0.000132
BM25	lead-set-george-015	2.8e-05
BM25	lead-set-ringo-015	2.4e-05
BM25	lead-set-john-016	2.6e-05
BM25	lead-set-paul-016	3e-05
BM25	lead-set-george-016	2.5e-05
BM25	lead-set-ringo-016	3.2e-05
BM25	lead-set-john-017	7.6e-05
BM25	lead-set-paul-017	2.6e-05
BM25	lead-set-george-017	2.4e-05
BM25	lead-set-ringo-017	0.000438
BM25	lead-set-john-018	2.6e-05
BM25	lead-set-paul-018	2.4e-05
BM25	lead-set-george-018	8.2e-05
BM25	lead-set-ringo-018	2.6e-05
BM25	lead-set-john-019	3e-05
BM25	lead-set-paul-019	2.5e-05
BM25	lead-set-george-019	2.6e-05
BM25	lead-set-ringo-019	3e-05
BM25	lead-set-john-020	2.7e-05
BM25	lead-set-paul-020	0.000129
BM25	lead-set-george-020	3e-05
BM25	lead-set-ringo-020	2.5e-05
BM25	lead-set-john-021	2.7e-05
BM25	lead-set-paul-021	4e-05
BM25	lead-set-george-021	7.3e-05
BM25	lead-set-ringo-021	2.5e-05
BM25	lead-set-john-022	2.6e-05
BM25	lead-set-paul-022	2.3e-05
BM25	lead-set-george-022	2.3e-05
BM25	lead-set-ringo-022	2.3e-05
BM25	lead-set-john-023	2.2e-05
BM25	lead-set-paul-023	2.5e-05
BM25	lead-set-george-023	2.3e-05
BM25	lead-set-ringo-023	2.4e-05
BM25	lead-set-john-024	2.4e-05
BM25	lead-set-paul-024	2.2e-05
BM25	lead-set-george-024	2.3e-05
BM25	lead-set-ringo-024	3e-05
BM25	lead-set-john-025	2.2e-05
BM25	lead-set-paul-025	2.2e-05
BM25	lead-set-george-025	2e-05
BM25	lead-set-ringo-025	2.2e-05
BM25	lead-set-john-026	1.9e-05
BM25	lead-set-paul-026	1.9e-05
BM25	lead-set-george-026	1.7e-05
BM25	lead-set-ringo-026	1.9e-05
BM25	lexical-trap-control-album-to-song-001	0.000164
BM25	lexical-trap-control-event-to-song-001	0.000155
BM25	lexical-trap-control-album-to-song-002	0.000349
BM25	lexical-trap-control-event-to-song-002	0.000944
BM25	lexical-trap-control-event-to-song-003	0.001361
BM25	lexical-trap-control-album-to-song-003	0.000181
BM25	lexical-trap-control-song-to-album-001	0.00243
BM25	lexical-trap-control-album-to-song-004	0.000795
BM25	lexical-trap-control-event-to-song-004	0.000279
BM25	lexical-trap-control-album-to-song-005	0.000149
BM25	lexical-trap-control-album-to-song-006	0.000203
BM25	lexical-trap-control-album-to-song-007	0.000212
BM25	lexical-trap-control-album-to-song-008	0.000162
BM25	lexical-trap-control-album-to-song-009	0.000151
BM25	lexical-trap-control-song-to-album-002	0.000176
BM25	lexical-trap-control-event-to-song-005	0.000265
BM25	lexical-trap-control-album-to-song-010	0.000149
BM25	lexical-trap-control-song-to-album-003	0.00016
BM25	lexical-trap-control-album-to-song-011	0.000145
BM25	lexical-trap-control-event-to-song-006	0.000191
BM25	lexical-trap-control-album-to-song-012	0.000142
BM25	lexical-trap-control-album-to-song-013	0.000172
BM25	lexical-trap-control-album-to-song-014	0.000158
BM25	lexical-trap-control-album-to-song-015	0.000151
BM25	lexical-trap-control-album-to-song-016	0.000153
BM25	lexical-trap-control-album-to-song-017	0.001718
BM25	lexical-trap-control-album-to-song-018	0.001312
BM25	lexical-trap-control-album-to-song-019	0.000171
BM25	lexical-trap-control-event-to-song-007	0.00013
BM25	lexical-trap-control-album-to-song-020	0.000608
BM25	lexical-trap-control-album-to-song-021	0.000137
BM25	lexical-trap-control-song-to-album-004	0.00024
BM25	lexical-trap-control-album-to-song-022	0.000133
BM25	lexical-trap-control-album-to-song-023	0.000728
BM25	lexical-trap-control-album-to-song-024	0.000158
BM25	lexical-trap-control-album-to-song-025	0.00019
BM25	lexical-trap-control-album-to-song-026	0.000122
BM25	lexical-trap-control-album-to-song-027	0.00019
BM25	lexical-trap-control-song-to-album-005	0.000119
BM25	lexical-trap-control-album-to-song-028	9.9e-05
BM25	lexical-trap-control-album-to-song-029	0.000131
BM25	lexical-trap-control-album-to-song-030	0.000743
BM25	lexical-trap-control-song-to-album-006	0.000135
BM25	lexical-trap-control-song-to-album-007	0.000133
BM25	lexical-trap-control-song-to-album-008	0.048126
BM25	lexical-trap-control-song-to-album-009	0.000572
BM25	lexical-trap-control-event-to-song-008	0.000284
BM25	lexical-trap-control-event-to-song-009	0.000404
BM25	lexical-trap-control-album-to-song-031	0.000168
BM25	lexical-trap-control-album-to-song-032	0.000144
BM25	lexical-trap-control-song-to-album-010	0.00016
BM25	lexical-trap-control-song-to-album-011	0.000175
BM25	lexical-trap-control-album-to-song-033	0.000138
BM25	lexical-trap-control-album-to-song-034	0.002635
BM25	lexical-trap-album-to-song-001	0.000174
BM25	lexical-trap-event-to-song-001	0.000154
BM25	lexical-trap-album-to-song-002	0.000157
BM25	lexical-trap-event-to-song-002	0.007863
BM25	lexical-trap-event-to-song-003	0.000422
BM25	lexical-trap-album-to-song-003	0.000532
BM25	lexical-trap-song-to-album-001	0.003547
BM25	lexical-trap-album-to-song-004	0.000177
BM25	lexical-trap-event-to-song-004	0.000147
BM25	lexical-trap-album-to-song-005	0.000145
BM25	lexical-trap-album-to-song-006	0.000141
BM25	lexical-trap-album-to-song-007	0.000149
BM25	lexical-trap-album-to-song-008	0.000143
BM25	lexical-trap-album-to-song-009	0.000148
BM25	lexical-trap-song-to-album-002	0.000145
BM25	lexical-trap-event-to-song-005	0.000141
BM25	lexical-trap-album-to-song-010	0.000142
BM25	lexical-trap-song-to-album-003	0.000207
BM25	lexical-trap-album-to-song-011	0.000158
BM25	lexical-trap-event-to-song-006	0.000152
BM25	lexical-trap-album-to-song-012	0.000144
BM25	lexical-trap-album-to-song-013	0.000156
BM25	lexical-trap-album-to-song-014	0.000135
BM25	lexical-trap-album-to-song-015	0.000138
BM25	lexical-trap-album-to-song-016	0.00015
BM25	lexical-trap-album-to-song-017	0.000158
BM25	lexical-trap-album-to-song-018	0.00014
BM25	lexical-trap-album-to-song-019	0.000144
BM25	lexical-trap-event-to-song-007	0.000136
BM25	lexical-trap-album-to-song-020	0.000161
BM25	lexical-trap-album-to-song-021	0.000155
BM25	lexical-trap-song-to-album-004	0.000138
BM25	lexical-trap-album-to-song-022	0.000146
BM25	lexical-trap-album-to-song-023	0.000147
BM25	lexical-trap-album-to-song-024	0.00015
BM25	lexical-trap-album-to-song-025	0.000137
BM25	lexical-trap-album-to-song-026	0.000129
BM25	lexical-trap-album-to-song-027	0.00014
BM25	lexical-trap-song-to-album-005	0.000139
BM25	lexical-trap-album-to-song-028	0.000131
BM25	lexical-trap-album-to-song-029	0.000125
BM25	lexical-trap-album-to-song-030	0.000127
BM25	lexical-trap-song-to-album-006	0.000144
BM25	lexical-trap-song-to-album-007	0.000125
BM25	lexical-trap-song-to-album-008	0.000509
BM25	lexical-trap-song-to-album-009	0.000157
BM25	lexical-trap-event-to-song-008	0.000155
BM25	lexical-trap-event-to-song-009	0.000143
BM25	lexical-trap-album-to-song-031	0.000168
BM25	lexical-trap-album-to-song-032	0.000144
BM25	lexical-trap-song-to-album-010	0.000147
BM25	lexical-trap-song-to-album-011	0.000152
BM25	lexical-trap-album-to-song-033	0.00014
BM25	lexical-trap-album-to-song-034	0.000146
BM25	multi-hop-album-year-001	0.000242
BM25	multi-hop-album-year-002	0.000262
BM25	multi-hop-album-year-003	0.000262
BM25	multi-hop-album-year-004	0.000258
BM25	multi-hop-album-year-005	0.000245
BM25	multi-hop-album-year-006	0.000235
BM25	multi-hop-album-year-007	0.000252
BM25	multi-hop-album-year-008	0.000223
BM25	multi-hop-album-year-009	0.000253
BM25	multi-hop-album-year-010	0.000243
BM25	multi-hop-album-year-011	0.000218
BM25	multi-hop-album-year-012	0.000238
BM25	multi-hop-album-year-013	0.000225
BM25	multi-hop-album-year-014	0.000431
BM25	multi-hop-album-year-015	0.000249
BM25	multi-hop-album-year-016	0.000266
BM25	multi-hop-album-year-017	0.00024
BM25	multi-hop-album-year-018	0.000232
BM25	multi-hop-album-year-019	0.000391
BM25	multi-hop-album-year-020	0.000646
BM25	multi-hop-album-year-021	0.00027
BM25	multi-hop-album-year-022	0.000265
BM25	multi-hop-album-year-023	0.00022
BM25	multi-hop-album-year-024	0.000228
BM25	multi-hop-album-year-025	0.000262
BM25	multi-hop-album-year-026	0.00036
BM25	multi-hop-album-year-027	0.00026
BM25	multi-hop-album-year-028	0.000282
BM25	multi-hop-album-year-029	0.000259
BM25	multi-hop-album-year-030	0.000507
BM25	multi-hop-album-year-031	0.000255
BM25	multi-hop-album-year-032	0.000362
BM25	multi-hop-album-year-033	0.000251
BM25	multi-hop-album-year-034	0.000256
BM25	multi-hop-album-year-035	0.000233
BM25	multi-hop-album-year-036	0.00028
BM25	multi-hop-album-year-037	0.000242
BM25	multi-hop-album-year-038	0.000268
BM25	multi-hop-album-year-039	0.000272
BM25	multi-hop-album-year-040	0.000384
BM25	multi-hop-album-year-041	0.000408
BM25	multi-hop-album-year-042	0.000256
BM25	multi-hop-album-year-043	0.000239
BM25	multi-hop-album-year-044	0.000246
BM25	multi-hop-album-year-045	0.000239
BM25	multi-hop-album-year-046	0.000232
BM25	multi-hop-album-year-047	0.000235
BM25	multi-hop-album-year-048	0.000223
BM25	multi-hop-album-year-049	0.000408
BM25	multi-hop-album-year-050	0.000394
BM25	multi-hop-album-year-051	0.000256
BM25	multi-hop-album-year-052	0.0003
BM25	multi-hop-album-year-053	0.000253
BM25	multi-hop-album-year-054	0.000237
BM25	multi-hop-album-year-055	0.000206
BM25	multi-hop-album-year-056	0.000322
BM25	multi-hop-album-year-057	0.000193
BM25	multi-hop-album-year-058	0.000317
BM25	multi-hop-album-year-059	0.004214
BM25	multi-hop-album-year-060	0.000286
BM25	multi-hop-before-after-001	0.000106
BM25	multi-hop-before-after-002	9.6e-05
BM25	multi-hop-before-after-003	0.000139
BM25	multi-hop-before-after-004	9.6e-05
BM25	multi-hop-before-after-005	9.9e-05
BM25	multi-hop-before-after-006	0.000105
BM25	multi-hop-before-after-007	7e-05
BM25	multi-hop-before-after-008	9.1e-05
BM25	multi-hop-before-after-009	9.6e-05
BM25	multi-hop-before-after-010	9.5e-05
BM25	multi-hop-before-after-011	9.5e-05
BM25	multi-hop-before-after-012	0.000109
BM25	multi-hop-before-after-013	8.3e-05
BM25	multi-hop-before-after-014	8e-05
BM25	multi-hop-before-after-015	0.000107
BM25	multi-hop-before-after-016	9.3e-05
BM25	multi-hop-before-after-017	9.2e-05
BM25	multi-hop-before-after-018	0.000107
BM25	multi-hop-before-after-019	9.3e-05
BM25	multi-hop-before-after-020	9.2e-05
BM25	multi-hop-before-after-021	9e-05
BM25	multi-hop-before-after-022	9.3e-05
BM25	multi-hop-before-after-023	0.000105
BM25	multi-hop-before-after-024	0.000101
BM25	multi-hop-before-after-025	8.8e-05
BM25	multi-hop-before-after-026	9.2e-05
BM25	multi-hop-before-after-027	8.7e-05
BM25	multi-hop-before-after-028	8.9e-05
BM25	multi-hop-before-after-029	8.3e-05
BM25	multi-hop-before-after-030	9.1e-05
BM25	multi-hop-before-after-031	8.7e-05
BM25	multi-hop-before-after-032	9.4e-05
BM25	multi-hop-before-after-033	0.000323
BM25	multi-hop-before-after-034	0.000127
BM25	multi-hop-before-after-035	9.3e-05
BM25	multi-hop-before-after-036	0.000104
BM25	multi-hop-before-after-037	9e-05
BM25	multi-hop-before-after-038	0.000104
BM25	multi-hop-before-after-039	0.0001
BM25	multi-hop-before-after-040	0.000313
BM25	multi-hop-before-after-041	9.7e-05
BM25	multi-hop-before-after-042	9.5e-05
BM25	multi-hop-before-after-043	9.4e-05
BM25	multi-hop-before-after-044	9e-05
BM25	multi-hop-before-after-045	9.1e-05
BM25	multi-hop-before-after-046	8.5e-05
BM25	multi-hop-before-after-047	9.2e-05
BM25	multi-hop-before-after-048	9e-05
BM25	multi-hop-before-after-049	0.0001
BM25	multi-hop-before-after-050	8.6e-05
BM25	multi-hop-before-after-051	9.3e-05
BM25	multi-hop-before-after-052	9.4e-05
BM25	multi-hop-before-after-053	8.4e-05
BM25	multi-hop-before-after-054	8.9e-05
BM25	multi-hop-before-after-055	0.000103
BM25	multi-hop-before-after-056	9.9e-05
BM25	multi-hop-before-after-057	9.4e-05
BM25	multi-hop-before-after-058	9.2e-05
BM25	multi-hop-before-after-059	0.000146
BM25	multi-hop-before-after-060	9.4e-05
BM25	multi-hop-same-month-001	3.4e-05
BM25	multi-hop-same-month-002	2.9e-05
BM25	multi-hop-same-month-003	2.9e-05
BM25	multi-hop-same-month-004	2.7e-05
BM25	multi-hop-same-month-005	8.8e-05
BM25	multi-hop-same-month-006	2.9e-05
BM25	multi-hop-same-month-007	2.8e-05
BM25	multi-hop-same-month-008	0.000181
BM25	multi-hop-same-month-009	3.4e-05
BM25	multi-hop-same-month-010	3.1e-05
BM25	multi-hop-same-month-011	2.6e-05
BM25	multi-hop-same-month-012	3.4e-05
BM25	multi-hop-same-month-013	3.4e-05
BM25	multi-hop-same-month-014	2.8e-05
BM25	multi-hop-same-month-015	2.8e-05
BM25	multi-hop-same-month-016	0.000138
BM25	multi-hop-same-month-017	0.000104
BM25	multi-hop-same-month-018	0.000171
BM25	multi-hop-same-month-019	3.1e-05
BM25	multi-hop-same-month-020	3e-05
BM25	multi-hop-same-month-021	3.1e-05
BM25	multi-hop-same-month-022	3.1e-05
BM25	multi-hop-same-month-023	2.8e-05
BM25	multi-hop-same-month-024	2.3e-05
BM25	multi-hop-same-month-025	2.3e-05
BM25	multi-hop-same-month-026	2.6e-05
BM25	multi-hop-same-month-027	2.4e-05
BM25	multi-hop-same-month-028	2.3e-05
BM25	multi-hop-same-month-029	2.3e-05
BM25	multi-hop-same-month-030	2.3e-05
BM25	multi-hop-same-month-031	2.9e-05
BM25	multi-hop-same-month-032	2.7e-05
BM25	multi-hop-same-month-033	2.7e-05
BM25	multi-hop-same-month-034	2.5e-05
BM25	multi-hop-same-month-035	2.2e-05
BM25	multi-hop-same-month-036	2.3e-05
BM25	multi-hop-same-month-037	2.4e-05
BM25	multi-hop-same-month-038	2.5e-05
BM25	multi-hop-same-month-039	2.5e-05
BM25	multi-hop-same-month-040	2.4e-05
BM25	multi-hop-same-month-041	2.2e-05
BM25	multi-hop-same-month-042	3e-05
BM25	multi-hop-same-month-043	2.2e-05
BM25	multi-hop-same-month-044	3.5e-05
BM25	multi-hop-same-month-045	2.6e-05
BM25	multi-hop-same-month-046	2.9e-05
BM25	multi-hop-same-month-047	2.4e-05
BM25	multi-hop-same-month-048	2.6e-05
BM25	multi-hop-same-month-049	2.3e-05
BM25	multi-hop-same-month-050	2.2e-05
BM25	multi-hop-same-month-051	0.00032
BM25	multi-hop-same-month-052	2.9e-05
BM25	multi-hop-same-month-053	0.000182
BM25	multi-hop-same-month-054	2.7e-05
BM25	multi-hop-same-month-055	3.1e-05
BM25	multi-hop-same-month-056	2.5e-05
BM25	multi-hop-same-month-057	2.6e-05
BM25	multi-hop-same-month-058	2.6e-05
BM25	multi-hop-same-month-059	2.5e-05
BM25	multi-hop-same-month-060	2.4e-05
BM25	near-neighbor-control-album-001	0.00016
BM25	near-neighbor-control-album-002	0.000125
BM25	near-neighbor-control-album-003	0.000107
BM25	near-neighbor-control-album-004	0.000276
BM25	near-neighbor-control-album-005	0.000121
BM25	near-neighbor-control-album-006	0.000106
BM25	near-neighbor-control-album-007	0.00012
BM25	near-neighbor-control-album-008	8.8e-05
BM25	near-neighbor-control-album-009	0.000111
BM25	near-neighbor-control-album-010	0.000103
BM25	near-neighbor-control-album-011	9.9e-05
BM25	near-neighbor-control-album-012	0.000107
BM25	near-neighbor-control-album-013	0.000112
BM25	near-neighbor-control-album-014	0.000107
BM25	near-neighbor-control-album-015	0.000105
BM25	near-neighbor-control-album-016	9.8e-05
BM25	near-neighbor-control-album-017	0.000193
BM25	near-neighbor-control-album-018	0.000142
BM25	near-neighbor-control-album-019	0.000119
BM25	near-neighbor-control-album-020	9.6e-05
BM25	near-neighbor-control-album-021	0.000102
BM25	near-neighbor-control-album-022	9.7e-05
BM25	near-neighbor-control-album-023	0.000218
BM25	near-neighbor-control-album-024	0.000113
BM25	near-neighbor-control-album-025	0.000114
BM25	near-neighbor-control-album-026	0.000105
BM25	near-neighbor-control-album-027	0.000115
BM25	near-neighbor-control-album-028	0.000101
BM25	near-neighbor-control-album-029	0.000106
BM25	near-neighbor-control-album-030	0.000295
BM25	near-neighbor-control-album-031	0.000137
BM25	near-neighbor-control-album-032	0.000101
BM25	near-neighbor-control-album-033	0.000101
BM25	near-neighbor-control-album-034	9.3e-05
BM25	near-neighbor-control-album-035	0.000107
BM25	near-neighbor-control-album-036	0.000125
BM25	near-neighbor-control-album-037	0.000114
BM25	near-neighbor-control-album-038	0.000104
BM25	near-neighbor-control-album-039	9e-05
BM25	near-neighbor-control-album-040	0.00026
BM25	near-neighbor-control-album-041	0.000106
BM25	near-neighbor-control-album-042	0.000102
BM25	near-neighbor-control-album-043	0.000147
BM25	near-neighbor-control-album-044	0.000136
BM25	near-neighbor-control-album-045	0.000106
BM25	near-neighbor-control-album-046	8.6e-05
BM25	near-neighbor-control-album-047	0.000125
BM25	near-neighbor-control-album-048	9.5e-05
BM25	near-neighbor-control-album-049	0.00011
BM25	near-neighbor-control-album-050	0.000104
BM25	near-neighbor-control-album-051	0.000108
BM25	near-neighbor-control-album-052	0.000113
BM25	near-neighbor-control-album-053	9.8e-05
BM25	near-neighbor-control-album-054	8.8e-05
BM25	near-neighbor-control-album-055	0.000111
BM25	near-neighbor-control-album-056	9.4e-05
BM25	near-neighbor-control-album-057	0.000255
BM25	near-neighbor-control-album-058	0.000154
BM25	near-neighbor-control-album-059	0.000247
BM25	near-neighbor-control-album-060	0.000101
BM25	near-neighbor-album-001	0.000256
BM25	near-neighbor-album-002	0.000116
BM25	near-neighbor-album-003	9.6e-05
BM25	near-neighbor-album-004	0.000109
BM25	near-neighbor-album-005	0.000104
BM25	near-neighbor-album-006	0.000191
BM25	near-neighbor-album-007	0.000122
BM25	near-neighbor-album-008	0.000109
BM25	near-neighbor-album-009	0.000199
BM25	near-neighbor-album-010	8.7e-05
BM25	near-neighbor-album-011	8.8e-05
BM25	near-neighbor-album-012	0.000102
BM25	near-neighbor-album-013	0.000103
BM25	near-neighbor-album-014	0.0001
BM25	near-neighbor-album-015	0.000101
BM25	near-neighbor-album-016	0.000111
BM25	near-neighbor-album-017	9.9e-05
BM25	near-neighbor-album-018	0.000111
BM25	near-neighbor-album-019	0.0001
BM25	near-neighbor-album-020	0.000103
BM25	near-neighbor-album-021	0.000104
BM25	near-neighbor-album-022	0.000108
BM25	near-neighbor-album-023	9.3e-05
BM25	near-neighbor-album-024	9.6e-05
BM25	near-neighbor-album-025	9.3e-05
BM25	near-neighbor-album-026	0.0001
BM25	near-neighbor-album-027	0.000118
BM25	near-neighbor-album-028	0.000767
BM25	near-neighbor-album-029	0.000103
BM25	near-neighbor-album-030	0.000113
BM25	near-neighbor-album-031	0.000157
BM25	near-neighbor-album-032	0.000176
BM25	near-neighbor-album-033	0.00042
BM25	near-neighbor-album-034	9.5e-05
BM25	near-neighbor-album-035	0.0001
BM25	near-neighbor-album-036	0.00015
BM25	near-neighbor-album-037	0.000107
BM25	near-neighbor-album-038	0.000101
BM25	near-neighbor-album-039	0.000131
BM25	near-neighbor-album-040	0.000144
BM25	near-neighbor-album-041	0.000114
BM25	near-neighbor-album-042	0.000114
BM25	near-neighbor-album-043	9.4e-05
BM25	near-neighbor-album-044	0.000155
BM25	near-neighbor-album-045	0.001185
BM25	near-neighbor-album-046	0.000903
BM25	near-neighbor-album-047	0.000105
BM25	near-neighbor-album-048	9.6e-05
BM25	near-neighbor-album-049	0.000108
BM25	near-neighbor-album-050	0.000107
BM25	near-neighbor-album-051	0.00013
BM25	near-neighbor-album-052	0.000102
BM25	near-neighbor-album-053	0.000431
BM25	near-neighbor-album-054	0.000105
BM25	near-neighbor-album-055	0.000724
BM25	near-neighbor-album-056	0.000855
BM25	near-neighbor-album-057	0.000331
BM25	near-neighbor-album-058	0.000115
BM25	near-neighbor-album-059	9.8e-05
BM25	near-neighbor-album-060	0.0001
BM25	none-of-these-absent-001	0.000144
BM25	none-of-these-present-001	0.000122
BM25	none-of-these-absent-002	0.000152
BM25	none-of-these-present-002	0.000157
BM25	none-of-these-absent-003	0.000142
BM25	none-of-these-present-003	0.000137
BM25	none-of-these-absent-004	0.000196
BM25	none-of-these-present-004	0.000145
BM25	none-of-these-absent-005	0.000156
BM25	none-of-these-present-005	0.000128
BM25	none-of-these-absent-006	0.000322
BM25	none-of-these-present-006	0.000137
BM25	none-of-these-absent-007	0.00012
BM25	none-of-these-present-007	0.000117
BM25	none-of-these-absent-008	0.000146
BM25	none-of-these-present-008	0.000122
BM25	none-of-these-absent-009	0.000139
BM25	none-of-these-present-009	0.00012
BM25	none-of-these-absent-010	0.000135
BM25	none-of-these-present-010	0.000124
BM25	none-of-these-absent-011	0.000123
BM25	none-of-these-present-011	0.000148
BM25	none-of-these-absent-012	0.000465
BM25	none-of-these-present-012	0.00015
BM25	none-of-these-absent-013	0.000145
BM25	none-of-these-present-013	0.000121
BM25	none-of-these-absent-014	0.000128
BM25	none-of-these-present-014	0.000121
BM25	none-of-these-absent-015	0.000148
BM25	none-of-these-present-015	0.000145
BM25	none-of-these-absent-016	0.000139
BM25	none-of-these-present-016	0.000145
BM25	none-of-these-absent-017	0.000141
BM25	none-of-these-present-017	0.000186
BM25	none-of-these-absent-018	0.000129
BM25	none-of-these-present-018	0.000125
BM25	none-of-these-absent-019	0.000131
BM25	none-of-these-present-019	0.000142
BM25	none-of-these-absent-020	0.000151
BM25	none-of-these-present-020	0.000137
BM25	none-of-these-absent-021	0.000133
BM25	none-of-these-present-021	0.000121
BM25	none-of-these-absent-022	0.000141
BM25	none-of-these-present-022	0.000132
BM25	none-of-these-absent-023	0.000139
BM25	none-of-these-present-023	0.00012
BM25	none-of-these-absent-024	0.000125
BM25	none-of-these-present-024	0.000145
BM25	none-of-these-absent-025	0.00014
BM25	none-of-these-present-025	0.000141
BM25	none-of-these-absent-026	0.000124
BM25	none-of-these-present-026	0.000124
BM25	none-of-these-absent-027	0.000126
BM25	none-of-these-present-027	0.000142
BM25	none-of-these-absent-028	0.000136
BM25	none-of-these-present-028	0.000131
BM25	none-of-these-absent-029	0.000129
BM25	none-of-these-present-029	0.000136
BM25	none-of-these-absent-030	0.00013
BM25	none-of-these-present-030	0.000127
BM25	reversal-general-shared-name-forward-001	0.000126
BM25	reversal-general-shared-name-reverse-001	0.000122
BM25	reversal-general-shared-name-forward-002	9.9e-05
BM25	reversal-general-shared-name-reverse-002	0.000131
BM25	reversal-general-shared-name-forward-003	9.5e-05
BM25	reversal-general-shared-name-reverse-003	0.000122
BM25	reversal-general-shared-name-forward-004	9.8e-05
BM25	reversal-general-shared-name-reverse-004	0.00012
BM25	reversal-general-shared-name-forward-005	0.000102
BM25	reversal-general-shared-name-reverse-005	0.000116
BM25	reversal-general-shared-name-forward-006	0.000111
BM25	reversal-general-shared-name-reverse-006	0.000141
BM25	reversal-general-shared-name-forward-007	0.000111
BM25	reversal-general-shared-name-reverse-007	0.000125
BM25	reversal-general-shared-name-forward-008	0.000105
BM25	reversal-general-shared-name-reverse-008	0.000126
BM25	reversal-general-shared-name-forward-009	0.000129
BM25	reversal-general-shared-name-reverse-009	0.000116
BM25	reversal-general-shared-name-forward-010	0.000102
BM25	reversal-general-shared-name-reverse-010	0.000115
BM25	reversal-general-shared-name-forward-011	0.000119
BM25	reversal-general-shared-name-reverse-011	0.000118
BM25	reversal-general-shared-name-forward-012	0.000102
BM25	reversal-general-shared-name-reverse-012	0.000119
BM25	reversal-general-shared-name-forward-013	0.000112
BM25	reversal-general-shared-name-reverse-013	0.000121
BM25	reversal-general-shared-name-forward-014	0.000101
BM25	reversal-general-shared-name-reverse-014	0.000114
BM25	reversal-general-shared-name-forward-015	0.000113
BM25	reversal-general-shared-name-reverse-015	0.002588
BM25	reversal-general-shared-name-forward-016	0.000131
BM25	reversal-general-shared-name-reverse-016	0.000133
BM25	reversal-general-shared-name-forward-017	0.001156
BM25	reversal-general-shared-name-reverse-017	0.000958
BM25	reversal-general-shared-name-forward-018	0.000108
BM25	reversal-general-shared-name-reverse-018	0.000119
BM25	reversal-general-shared-name-forward-019	0.00012
BM25	reversal-general-shared-name-reverse-019	0.000461
BM25	reversal-general-shared-name-forward-020	0.000117
BM25	reversal-general-shared-name-reverse-020	0.000126
BM25	reversal-general-shared-name-forward-021	0.000104
BM25	reversal-general-shared-name-reverse-021	0.000118
BM25	reversal-general-forward-001	0.000108
BM25	reversal-general-reverse-001	0.000113
BM25	reversal-general-forward-002	0.000107
BM25	reversal-general-reverse-002	0.000108
BM25	reversal-general-forward-003	0.000221
BM25	reversal-general-reverse-003	0.001315
BM25	reversal-general-forward-004	0.000126
BM25	reversal-general-reverse-004	0.000121
BM25	reversal-general-forward-005	0.000436
BM25	reversal-general-reverse-005	0.000185
BM25	reversal-general-forward-006	0.000163
BM25	reversal-general-reverse-006	0.000174
BM25	reversal-general-forward-007	0.000351
BM25	reversal-general-reverse-007	0.000129
BM25	reversal-general-forward-008	0.000118
BM25	reversal-general-reverse-008	0.000134
BM25	reversal-general-forward-009	0.000104
BM25	reversal-general-reverse-009	0.00011
BM25	reversal-general-forward-010	0.000103
BM25	reversal-general-reverse-010	0.000114
BM25	reversal-general-forward-011	0.000106
BM25	reversal-general-reverse-011	0.000111
BM25	reversal-general-forward-012	0.000106
BM25	reversal-general-reverse-012	0.000113
BM25	reversal-general-forward-013	0.000109
BM25	reversal-general-reverse-013	0.000121
BM25	reversal-general-forward-014	0.0001
BM25	reversal-general-reverse-014	0.000113
BM25	reversal-general-forward-015	0.0001
BM25	reversal-general-reverse-015	0.000121
BM25	reversal-general-forward-016	9.7e-05
BM25	reversal-general-reverse-016	0.000118
BM25	reversal-general-forward-017	0.000103
BM25	reversal-general-reverse-017	0.00012
BM25	reversal-general-forward-018	0.000105
BM25	reversal-general-reverse-018	0.000128
BM25	reversal-general-forward-019	0.000104
BM25	reversal-general-reverse-019	0.000126
BM25	reversal-general-forward-020	0.000104
BM25	reversal-general-reverse-020	0.000113
BM25	reversal-general-forward-021	0.0001
BM25	reversal-general-reverse-021	0.000122
BM25	reversal-general-forward-022	0.000103
BM25	reversal-general-reverse-022	0.000113
BM25	reversal-general-forward-023	0.000101
BM25	reversal-general-reverse-023	0.000118
BM25	reversal-general-forward-024	0.000208
BM25	reversal-general-reverse-024	0.000114
BM25	reversal-general-forward-025	0.000107
BM25	reversal-general-reverse-025	0.000113
BM25	reversal-general-forward-026	0.000105
BM25	reversal-general-reverse-026	0.000127
BM25	reversal-general-forward-027	0.000101
BM25	reversal-general-reverse-027	0.000111
BM25	reversal-general-forward-028	0.0001
BM25	reversal-general-reverse-028	0.000451
BM25	reversal-general-forward-029	9.6e-05
BM25	reversal-general-reverse-029	0.000126
BM25	reversal-general-forward-030	0.00011
BM25	reversal-general-reverse-030	0.000132
BM25	reversal-general-forward-031	9.7e-05
BM25	reversal-general-reverse-031	0.000115
BM25	reversal-general-forward-032	9.6e-05
BM25	reversal-general-reverse-032	0.000136
BM25	reversal-general-forward-033	9.6e-05
BM25	reversal-general-reverse-033	0.000112
BM25	reversal-general-forward-034	0.000104
BM25	reversal-general-reverse-034	0.000158
BM25	reversal-general-forward-035	9.3e-05
BM25	reversal-general-reverse-035	0.000129
BM25	reversal-general-forward-036	9.8e-05
BM25	reversal-general-reverse-036	0.000114
BM25	reversal-general-forward-037	0.000175
BM25	reversal-general-reverse-037	0.000123
BM25	reversal-general-forward-038	8.6e-05
BM25	reversal-general-reverse-038	0.000116
BM25	reversal-general-forward-039	8e-05
BM25	reversal-general-reverse-039	0.000627
BM25	reversal-general-forward-040	0.000121
BM25	reversal-general-reverse-040	0.000117
BM25	reversal-general-forward-041	9.1e-05
BM25	reversal-general-reverse-041	9.9e-05
BM25	reversal-general-forward-042	0.000191
BM25	reversal-general-reverse-042	0.000122
BM25	reversal-general-forward-043	0.000102
BM25	reversal-general-reverse-043	0.000133
BM25	reversal-general-forward-044	0.000104
BM25	reversal-general-reverse-044	0.000116
BM25	reversal-general-forward-045	0.00011
BM25	reversal-general-reverse-045	0.000112
BM25	reversal-general-forward-046	9.6e-05
BM25	reversal-general-reverse-046	0.000106
BM25	reversal-general-forward-047	0.000104
BM25	reversal-general-reverse-047	0.000109
BM25	reversal-general-forward-048	0.000119
BM25	reversal-general-reverse-048	0.000137
BM25	reversal-general-forward-049	0.000101
BM25	reversal-general-reverse-049	0.000115
BM25	reversal-general-forward-050	0.000105
BM25	reversal-general-reverse-050	0.00013
BM25	reversal-general-forward-051	0.0001
BM25	reversal-general-reverse-051	0.000119
BM25	reversal-general-forward-052	9.8e-05
BM25	reversal-general-reverse-052	0.000124
BM25	reversal-general-forward-053	8.9e-05
BM25	reversal-general-reverse-053	9.8e-05
BM25	reversal-general-forward-054	7.9e-05
BM25	reversal-general-reverse-054	9e-05
BM25	reversal-general-forward-055	8.9e-05
BM25	reversal-general-reverse-055	0.000104
BM25	reversal-general-forward-056	8.3e-05
BM25	reversal-general-reverse-056	0.000147
BM25	reversal-general-forward-057	0.000104
BM25	reversal-general-reverse-057	0.000597
BM25	reversal-general-forward-058	8.6e-05
BM25	reversal-general-reverse-058	0.000202
BM25	reversal-general-forward-059	0.000419
BM25	reversal-general-reverse-059	0.000126
BM25	reversal-general-forward-060	0.000417
BM25	reversal-general-reverse-060	0.000138
BM25	reversal-general-forward-061	0.000174
BM25	reversal-general-reverse-061	0.000126
BM25	reversal-general-forward-062	0.000831
BM25	reversal-general-reverse-062	0.001154
BM25	reversal-general-forward-063	0.001342
BM25	reversal-general-reverse-063	0.000135
BM25	reversal-general-forward-064	0.000185
BM25	reversal-general-reverse-064	0.001377
BM25	reversal-general-forward-065	9.6e-05
BM25	reversal-general-reverse-065	0.000113
BM25	reversal-general-forward-066	8.7e-05
BM25	reversal-general-reverse-066	9.9e-05
BM25	reversal-general-forward-067	9.3e-05
BM25	reversal-general-reverse-067	0.000129
BM25	reversal-general-forward-068	0.000137
BM25	reversal-general-reverse-068	0.00013
BM25	reversal-general-forward-069	0.000123
BM25	reversal-general-reverse-069	0.000113
BM25	reversal-general-forward-070	0.000118
BM25	reversal-general-reverse-070	0.000109
BM25	reversal-general-forward-071	0.000274
BM25	reversal-general-reverse-071	0.000122
BM25	reversal-general-forward-072	0.000145
BM25	reversal-general-reverse-072	0.000116
BM25	reversal-general-forward-073	0.000122
BM25	reversal-general-reverse-073	0.000132
BM25	reversal-forward-001	0.000138
BM25	reversal-reverse-001	0.000157
BM25	reversal-forward-002	0.00012
BM25	reversal-reverse-002	0.000114
BM25	reversal-forward-003	0.000131
BM25	reversal-forward-004	0.000132
BM25	reversal-reverse-003	0.000114
BM25	reversal-forward-005	0.000133
BM25	reversal-forward-006	0.000131
BM25	reversal-forward-007	0.000142
BM25	reversal-forward-008	0.000135
BM25	reversal-reverse-004	0.000115
BM25	reversal-forward-009	0.000129
BM25	reversal-reverse-005	0.000157
BM25	reversal-forward-010	0.000158
BM25	reversal-reverse-006	6.5e-05
BM25	reversal-forward-011	0.000174
BM25	reversal-reverse-007	0.00011
BM25	reversal-forward-012	0.000168
BM25	reversal-reverse-008	0.000105
BM25	reversal-forward-013	0.000136
BM25	reversal-reverse-009	8.7e-05
BM25	reversal-forward-014	0.000146
BM25	reversal-reverse-010	9.6e-05
BM25	reversal-forward-015	0.000407
BM25	reversal-reverse-011	9.7e-05
BM25	reversal-forward-016	0.000162
BM25	reversal-reverse-012	0.000117
BM25	reversal-forward-017	0.000133
BM25	reversal-forward-018	0.000139
BM25	reversal-reverse-013	6.7e-05
BM25	reversal-forward-019	0.000133
BM25	reversal-forward-020	0.000134
BM25	reversal-reverse-014	0.000144
BM25	reversal-forward-021	0.000138
BM25	reversal-forward-022	0.000116
BM25	reversal-reverse-015	0.000129
BM25	reversal-forward-023	0.000133
BM25	reversal-forward-024	0.00018
BM25	reversal-reverse-016	0.000115
BM25	reversal-forward-025	0.000137
BM25	reversal-forward-026	6.8e-05
BM25	reversal-reverse-017	6e-05
BM25	reversal-forward-027	6.7e-05
BM25	reversal-reverse-018	7.1e-05
BM25	reversal-forward-028	0.000127
BM25	reversal-reverse-019	6.2e-05
BM25	reversal-forward-029	0.000139
BM25	reversal-reverse-020	6e-05
BM25	reversal-forward-030	0.000121
BM25	reversal-reverse-021	4.4e-05
BM25	reversal-forward-031	0.000106
BM25	reversal-reverse-022	5.8e-05
BM25	reversal-forward-032	0.000116
BM25	reversal-reverse-023	5.7e-05
BM25	reversal-forward-033	0.00013
BM25	reversal-reverse-024	5.8e-05
BM25	reversal-forward-034	0.000147
BM25	reversal-reverse-025	7.8e-05
BM25	reversal-forward-035	0.000124
BM25	reversal-reverse-026	5.9e-05
BM25	reversal-forward-036	0.000348
BM25	reversal-reverse-027	6.5e-05
BM25	reversal-forward-037	0.000127
BM25	reversal-reverse-028	6.7e-05
BM25	reverse-singer-to-song-001	0.000167
BM25	reverse-singer-to-song-002	0.00015
BM25	reverse-singer-to-song-003	0.000147
BM25	reverse-singer-to-song-004	0.00014
BM25	reverse-singer-to-song-005	0.000175
BM25	reverse-singer-to-song-006	0.000162
BM25	reverse-singer-to-song-007	0.000245
BM25	reverse-singer-to-song-008	0.000154
BM25	reverse-singer-to-song-009	0.000156
BM25	reverse-singer-to-song-010	0.000155
BM25	reverse-singer-to-song-011	0.000151
BM25	reverse-singer-to-song-012	0.000146
BM25	reverse-singer-to-song-013	0.000154
BM25	reverse-singer-to-song-014	0.000144
BM25	reverse-singer-to-song-015	0.000148
BM25	reverse-singer-to-song-016	0.000145
BM25	reverse-singer-to-song-017	0.000146
BM25	reverse-singer-to-song-018	0.000187
BM25	reverse-singer-to-song-019	0.000256
BM25	reverse-singer-to-song-020	0.000276
BM25	reverse-singer-to-song-021	0.000168
BM25	reverse-singer-to-song-022	0.000149
BM25	reverse-singer-to-song-023	0.00015
BM25	reverse-singer-to-song-024	0.000155
BM25	reverse-singer-to-song-025	0.000144
BM25	reverse-singer-to-song-026	0.00016
BM25	reverse-singer-to-song-027	0.000145
BM25	reverse-singer-to-song-028	0.00015
BM25	reverse-singer-to-song-029	0.000148
BM25	reverse-singer-to-song-030	0.00015
BM25	reverse-singer-to-song-031	0.00034
BM25	reverse-singer-to-song-032	0.000154
BM25	reverse-singer-to-song-033	0.000153
BM25	reverse-singer-to-song-034	0.000152
BM25	reverse-singer-to-song-035	0.000159
BM25	reverse-singer-to-song-036	0.000156
BM25	reverse-singer-to-song-037	0.000142
BM25	reverse-singer-to-song-038	0.000143
BM25	reverse-singer-to-song-039	0.000151
BM25	reverse-singer-to-song-040	0.000146
BM25	reverse-album-to-song-001	0.000151
BM25	reverse-album-to-song-002	0.00014
BM25	reverse-album-to-song-003	0.000209
BM25	reverse-album-to-song-004	0.000199
BM25	reverse-album-to-song-005	0.000143
BM25	reverse-album-to-song-006	0.00014
BM25	reverse-album-to-song-007	0.000141
BM25	reverse-album-to-song-008	0.000145
BM25	reverse-album-to-song-009	0.000181
BM25	reverse-album-to-song-010	0.000139
BM25	reverse-album-to-song-011	0.000137
BM25	reverse-album-to-song-012	0.000132
BM25	reverse-album-to-song-013	0.000149
BM25	reverse-album-to-song-014	0.000144
BM25	reverse-album-to-song-015	0.000312
BM25	reverse-album-to-song-016	0.000144
BM25	reverse-album-to-song-017	0.000149
BM25	reverse-album-to-song-018	0.000173
BM25	reverse-album-to-song-019	0.000161
BM25	reverse-album-to-song-020	0.000143
BM25	reverse-album-to-song-021	0.00023
BM25	reverse-album-to-song-022	0.000157
BM25	reverse-album-to-song-023	0.000152
BM25	reverse-album-to-song-024	0.000153
BM25	reverse-album-to-song-025	0.000157
BM25	reverse-album-to-song-026	0.000116
BM25	reverse-album-to-song-027	0.000139
BM25	reverse-album-to-song-028	0.00014
BM25	reverse-album-to-song-029	0.000136
BM25	reverse-album-to-song-030	0.000135
BM25	reverse-album-to-song-031	0.000145
BM25	reverse-album-to-song-032	0.000283
BM25	reverse-album-to-song-033	0.000154
BM25	reverse-album-to-song-034	0.000141
BM25	reverse-album-to-song-035	0.00014
BM25	reverse-album-to-song-036	0.000131
BM25	reverse-album-to-song-037	9.6e-05
BM25	reverse-album-to-song-038	9.6e-05
BM25	reverse-album-to-song-039	0.000191
BM25	reverse-album-to-song-040	0.00016
BM25	reverse-singer-yes-no-001	2.7e-05
BM25	reverse-singer-yes-no-002	3.2e-05
BM25	reverse-singer-yes-no-003	2.2e-05
BM25	reverse-singer-yes-no-004	2.3e-05
BM25	reverse-singer-yes-no-005	2.1e-05
BM25	reverse-singer-yes-no-006	1.6e-05
BM25	reverse-singer-yes-no-007	1.5e-05
BM25	reverse-singer-yes-no-008	1.1e-05
BM25	reverse-singer-yes-no-009	1.3e-05
BM25	reverse-singer-yes-no-010	1.8e-05
BM25	reverse-singer-yes-no-011	1.4e-05
BM25	reverse-singer-yes-no-012	1.1e-05
BM25	reverse-singer-yes-no-013	1.1e-05
BM25	reverse-singer-yes-no-014	1.5e-05
BM25	reverse-singer-yes-no-015	2.3e-05
BM25	reverse-singer-yes-no-016	2.1e-05
BM25	reverse-singer-yes-no-017	2.2e-05
BM25	reverse-singer-yes-no-018	2.2e-05
BM25	reverse-singer-yes-no-019	1.3e-05
BM25	reverse-singer-yes-no-020	1.2e-05
BM25	reverse-singer-yes-no-021	1.1e-05
BM25	reverse-singer-yes-no-022	1.1e-05
BM25	reverse-singer-yes-no-023	1.1e-05
BM25	reverse-singer-yes-no-024	2.5e-05
BM25	reverse-singer-yes-no-025	1.7e-05
BM25	reverse-singer-yes-no-026	1.3e-05
BM25	reverse-singer-yes-no-027	1.5e-05
BM25	reverse-singer-yes-no-028	1.1e-05
BM25	reverse-singer-yes-no-029	1.1e-05
BM25	reverse-singer-yes-no-030	1.1e-05
BM25	reverse-singer-yes-no-031	1.3e-05
BM25	reverse-singer-yes-no-032	1.2e-05
BM25	shared-lead-shared-lead-001	1.5e-05
BM25	shared-lead-shared-lead-002	1.1e-05
BM25	shared-lead-shared-lead-003	1.1e-05
BM25	shared-lead-shared-lead-004	1e-05
BM25	shared-lead-shared-lead-005	1.1e-05
BM25	shared-lead-shared-lead-006	1.2e-05
BM25	shared-lead-shared-lead-007	1.1e-05
BM25	shared-lead-shared-lead-008	1.2e-05
BM25	shared-lead-shared-lead-009	1.1e-05
BM25	shared-lead-shared-lead-010	3.1e-05
BM25	shared-lead-shared-lead-011	2.4e-05
BM25	shared-lead-shared-lead-012	1.8e-05
BM25	shared-lead-shared-lead-013	2e-05
BM25	shared-lead-shared-lead-014	2.4e-05
BM25	shared-lead-shared-lead-015	1.2e-05
BM25	shared-lead-shared-lead-016	1.1e-05
BM25	shared-lead-shared-lead-017	1.2e-05
BM25	shared-lead-shared-lead-018	1.8e-05
BM25	shared-lead-shared-lead-019	1.3e-05
BM25	shared-lead-shared-lead-020	1.5e-05
BM25	shared-lead-shared-lead-021	1.2e-05
BM25	shared-lead-shared-lead-022	1e-05
BM25	shared-lead-shared-lead-023	1.1e-05
BM25	shared-lead-shared-lead-024	1.2e-05
BM25	shared-lead-shared-lead-025	2.3e-05
BM25	shared-lead-shared-lead-026	1.1e-05
BM25	shared-lead-shared-lead-027	2.3e-05
BM25	shared-lead-shared-lead-028	2.4e-05
BM25	shared-lead-shared-lead-029	2.5e-05
BM25	shared-lead-shared-lead-030	2.2e-05
BM25	shared-lead-shared-lead-031	2.2e-05
BM25	shared-lead-shared-lead-032	2.2e-05
BM25	single-hop-song-album-001	0.000292
BM25	single-hop-album-year-001	0.000215
BM25	single-hop-song-album-002	0.000168
BM25	single-hop-album-year-002	0.000201
BM25	single-hop-song-album-003	8.8e-05
BM25	single-hop-album-year-003	0.000144
BM25	single-hop-song-album-004	0.000153
BM25	single-hop-album-year-004	0.0002
BM25	single-hop-song-album-005	0.000144
BM25	single-hop-album-year-005	0.000202
BM25	single-hop-song-album-006	0.000157
BM25	single-hop-song-album-007	0.000147
BM25	single-hop-song-album-008	0.000148
BM25	single-hop-song-album-009	0.000156
BM25	single-hop-album-year-006	0.000273
BM25	single-hop-song-album-010	0.000151
BM25	single-hop-album-year-007	0.000237
BM25	single-hop-song-album-011	0.000124
BM25	single-hop-album-year-008	0.000248
BM25	single-hop-song-album-012	0.000159
BM25	single-hop-song-album-013	0.000142
BM25	single-hop-album-year-009	0.0002
BM25	single-hop-song-album-014	0.00013
BM25	single-hop-album-year-010	0.000197
BM25	single-hop-song-album-015	0.000127
BM25	single-hop-song-album-016	0.000198
BM25	single-hop-song-album-017	0.00015
BM25	single-hop-song-album-018	0.000132
BM25	single-hop-song-album-019	0.000131
BM25	single-hop-song-album-020	0.000134
BM25	single-hop-song-album-021	0.000138
BM25	single-hop-album-year-011	0.00023
BM25	single-hop-song-album-022	0.000139
BM25	single-hop-song-album-023	0.000149
BM25	single-hop-album-year-012	0.000194
BM25	single-hop-song-album-024	0.000116
BM25	single-hop-song-album-025	0.000143
BM25	single-hop-album-year-013	0.000437
BM25	single-hop-song-album-026	0.00016
BM25	single-hop-song-album-027	0.000154
BM25	single-hop-song-album-028	0.000144
BM25	single-hop-song-album-029	0.000144
BM25	single-hop-song-album-030	0.000154
BM25	single-hop-song-album-031	0.000205
BM25	single-hop-song-album-032	0.000158
BM25	single-hop-song-album-033	0.000104
BM25	single-hop-song-album-034	6.8e-05
BM25	single-hop-song-album-035	5.8e-05
BM25	single-hop-song-album-036	0.000126
BM25	single-hop-song-album-037	0.000314
BM25	single-hop-song-album-038	0.000151
BM25	single-hop-song-album-039	0.000106
BM25	single-hop-song-album-040	0.000119
BM25	single-hop-song-album-041	0.000158
BM25	single-hop-song-album-042	0.00015
BM25	single-hop-song-album-043	0.000298
BM25	single-hop-song-album-044	0.0002
BM25	single-hop-song-album-045	0.000128
BM25	single-hop-song-album-046	0.00015
BM25	single-hop-song-album-047	0.000147
BM25	single-hop-song-album-048	0.000183
BM25	single-hop-song-album-049	0.000159
BM25	single-hop-song-album-050	0.000119
BM25	single-hop-song-album-051	0.000257
BM25	single-hop-song-album-052	0.000162
BM25	single-hop-song-album-053	0.000154
BM25	single-hop-song-album-054	0.00012
BM25	single-hop-song-album-055	0.000149
BM25	single-hop-song-album-056	0.000122
BM25	single-hop-song-album-057	0.000119
BM25	single-hop-song-album-058	0.000147
BM25	single-hop-song-album-059	0.00013
BM25	single-hop-song-album-060	0.000139
BM25	single-hop-song-month-001	0.00012
BM25	single-hop-event-month-001	0.000122
BM25	single-hop-song-month-002	0.000106
BM25	single-hop-event-month-002	8.9e-05
BM25	single-hop-song-month-003	0.000149
BM25	single-hop-event-month-003	0.000101
BM25	single-hop-song-month-004	0.000114
BM25	single-hop-event-month-004	0.000103
BM25	single-hop-song-month-005	0.000113
BM25	single-hop-event-month-005	9.6e-05
BM25	single-hop-song-month-006	0.000161
BM25	single-hop-event-month-006	0.000127
BM25	single-hop-song-month-007	0.000129
BM25	single-hop-event-month-007	8.7e-05
BM25	single-hop-song-month-008	0.000121
BM25	single-hop-event-month-008	0.000106
BM25	single-hop-song-month-009	0.000106
BM25	single-hop-event-month-009	0.000112
BM25	single-hop-song-month-010	0.000114
BM25	single-hop-event-month-010	0.000109
BM25	single-hop-song-month-011	7.4e-05
BM25	single-hop-event-month-011	0.000102
BM25	single-hop-song-month-012	0.000116
BM25	single-hop-event-month-012	0.000112
BM25	single-hop-song-month-013	0.00012
BM25	single-hop-event-month-013	0.00012
BM25	single-hop-song-month-014	0.000123
BM25	single-hop-event-month-014	0.00025
BM25	single-hop-song-month-015	0.000121
BM25	single-hop-song-month-016	0.000123
BM25	single-hop-event-month-015	0.000103
BM25	single-hop-song-month-017	0.000129
BM25	single-hop-event-month-016	0.000112
BM25	single-hop-song-month-018	0.000126
BM25	single-hop-event-month-017	0.00012
BM25	single-hop-song-month-019	0.000122
BM25	single-hop-event-month-018	9.9e-05
BM25	single-hop-song-month-020	0.000115
BM25	single-hop-event-month-019	0.000107
BM25	single-hop-song-month-021	0.000122
BM25	single-hop-event-month-020	0.000121
BM25	single-hop-song-month-022	0.000129
BM25	single-hop-event-month-021	0.000132
BM25	single-hop-song-month-023	0.000137
BM25	single-hop-event-month-022	0.000105
BM25	single-hop-song-month-024	0.000136
BM25	single-hop-event-month-023	0.000153
BM25	single-hop-song-month-025	0.000123
BM25	single-hop-event-month-024	0.000102
BM25	single-hop-song-month-026	0.000183
BM25	single-hop-song-month-027	0.000139
BM25	single-hop-song-month-028	0.000178
BM25	single-hop-event-month-025	0.000116
BM25	single-hop-song-month-029	0.00022
BM25	single-hop-event-month-026	0.000121
BM25	single-hop-song-month-030	0.000139
BM25	single-hop-event-month-027	0.00019
BM25	single-hop-song-month-031	0.000107
BM25	single-hop-event-month-028	0.000114
BM25	single-hop-song-month-032	0.000118
BM25	single-hop-event-month-029	0.000115
BM25	single-hop-song-month-033	0.000128
BM25	single-hop-event-month-030	0.000132
BM25	single-hop-song-month-034	0.000139
BM25	single-hop-event-month-031	0.000141
BM25	single-hop-song-month-035	0.000116
BM25	single-hop-event-month-032	0.000105
BM25	single-hop-song-month-036	0.000124
BM25	single-hop-event-month-033	0.000113
BM25	single-hop-song-month-037	0.000117
BM25	single-hop-event-month-034	0.000108
BM25	single-hop-song-month-038	0.000123
BM25	single-hop-event-month-035	0.000134
BM25	single-hop-song-month-039	0.000179
BM25	single-hop-event-month-036	0.000117
BM25	single-hop-song-month-040	0.000133
BM25	single-hop-event-month-037	0.000132
BM25	single-hop-song-month-041	0.000121
BM25	single-hop-song-month-042	0.000119
BM25	single-hop-event-month-038	0.000244
BM25	single-hop-song-month-043	0.000138
BM25	single-hop-event-month-039	0.00013
BM25	single-hop-song-month-044	0.00013
BM25	single-hop-event-month-040	9.3e-05
BM25	single-hop-song-month-045	0.00013
BM25	single-hop-event-month-041	0.000118
BM25	single-hop-song-month-046	0.000127
BM25	single-hop-event-month-042	9.3e-05
BM25	single-hop-song-month-047	0.000109
BM25	single-hop-event-month-043	0.000111
BM25	single-hop-song-month-048	0.000124
BM25	single-hop-event-month-044	0.000122
BM25	single-hop-event-month-045	0.000114
BM25	single-hop-event-month-046	0.000114
BM25	single-hop-event-month-047	0.000107
BM25	single-hop-song-month-049	0.000174
BM25	single-hop-event-month-048	9.7e-05
BM25	single-hop-song-month-050	0.000124
BM25	single-hop-event-month-049	0.000114
BM25	single-hop-song-month-051	0.000128
BM25	single-hop-event-month-050	0.000114
BM25	single-hop-song-month-052	0.000123
BM25	single-hop-event-month-051	0.000114
BM25	single-hop-song-month-053	0.000187
BM25	single-hop-event-month-052	0.000105
BM25	single-hop-song-month-054	0.000115
BM25	single-hop-event-month-053	0.000111
BM25	single-hop-song-month-055	0.000117
BM25	single-hop-song-month-056	0.000125
BM25	single-hop-song-month-057	0.000124
BM25	single-hop-event-month-054	0.000279
BM25	single-hop-song-month-058	0.000137
BM25	single-hop-song-month-059	0.000131
BM25	single-hop-event-month-055	0.00011
BM25	single-hop-song-month-060	0.000122
BM25	single-hop-event-month-056	8.9e-05
BM25	single-hop-song-month-061	0.000106
BM25	single-hop-song-month-062	0.000102
BM25	single-hop-song-month-063	0.000232
BM25	single-hop-event-month-057	0.000119
BM25	single-hop-song-month-064	0.000118
BM25	single-hop-song-month-065	0.000115
BM25	single-hop-event-month-058	0.000122
BM25	single-hop-event-month-059	0.000119
BM25	single-hop-song-month-066	0.000124
BM25	single-hop-event-month-060	0.00012
BM25	single-hop-song-month-067	0.000124
BM25	single-hop-event-month-061	0.000104
BM25	single-hop-song-month-068	0.000123
BM25	single-hop-song-month-069	0.000121
BM25	single-hop-event-month-062	0.000103
BM25	single-hop-song-month-070	0.000123
BM25	single-hop-event-month-063	0.000122
BM25	single-hop-song-month-071	0.000467
BM25	single-hop-song-month-072	0.000118
BM25	single-hop-song-month-073	0.000131
BM25	single-hop-event-month-064	0.000102
BM25	single-hop-song-month-074	0.000122
BM25	single-hop-event-month-065	0.000112
BM25	single-hop-song-month-075	0.000166
BM25	single-hop-song-month-076	0.000125
BM25	single-hop-song-month-077	0.000123
BM25	single-hop-song-month-078	0.000114
BM25	single-hop-event-month-066	0.00011
BM25	single-hop-song-month-079	0.000124
BM25	single-hop-event-month-067	0.000121
BM25	single-hop-song-month-080	0.00025
BM25	single-hop-song-month-081	0.000124
BM25	single-hop-event-month-068	0.000113
BM25	single-hop-song-month-082	0.000118
BM25	single-hop-event-month-069	0.00012
BM25	single-hop-song-month-083	0.00011
BM25	single-hop-event-month-070	0.000104
BM25	single-hop-song-month-084	0.000115
BM25	single-hop-event-month-071	0.000118
BM25	single-hop-song-month-085	0.000129
BM25	single-hop-song-month-086	0.000117
BM25	single-hop-event-month-072	9.9e-05
BM25	single-hop-song-month-087	0.000116
BM25	single-hop-song-month-088	0.000109
BM25	single-hop-song-month-089	0.000122
BM25	single-hop-song-month-090	0.000124
BM25	single-hop-song-month-091	0.000527
BM25	single-hop-song-month-092	0.000134
BM25	single-hop-song-month-093	0.00012
BM25	single-hop-song-month-094	0.000118
BM25	single-hop-event-month-073	0.000118
BM25	single-hop-song-month-095	0.000131
BM25	single-hop-event-month-074	0.000124
BM25	single-hop-song-month-096	0.000124
BM25	single-hop-song-month-097	0.000122
BM25	single-hop-event-month-075	0.000106
BM25	single-hop-song-month-098	0.000131
BM25	single-hop-song-month-099	0.000116
BM25	single-hop-event-month-076	0.000105
Embeddings	comparison-longer-001	0.002968
Embeddings	comparison-longer-002	0.002572
Embeddings	comparison-longer-003	0.002563
Embeddings	comparison-longer-004	0.002558
Embeddings	comparison-longer-005	0.002583
Embeddings	comparison-longer-006	0.002569
Embeddings	comparison-longer-007	0.002558
Embeddings	comparison-longer-008	0.002568
Embeddings	comparison-longer-009	0.002552
Embeddings	comparison-longer-010	0.002553
Embeddings	comparison-longer-011	0.002556
Embeddings	comparison-longer-012	0.002551
Embeddings	comparison-longer-013	0.002549
Embeddings	comparison-longer-014	0.002551
Embeddings	comparison-longer-015	0.002568
Embeddings	comparison-longer-016	0.002553
Embeddings	comparison-longer-017	0.002537
Embeddings	comparison-longer-018	0.002551
Embeddings	comparison-longer-019	0.002568
Embeddings	comparison-longer-020	0.002546
Embeddings	comparison-longer-021	0.002576
Embeddings	comparison-longer-022	0.002568
Embeddings	comparison-longer-023	0.00256
Embeddings	comparison-longer-024	0.002551
Embeddings	comparison-longer-025	0.002745
Embeddings	comparison-longer-026	0.002564
Embeddings	comparison-longer-027	0.002554
Embeddings	comparison-longer-028	0.002569
Embeddings	comparison-longer-029	0.002583
Embeddings	comparison-longer-030	0.002566
Embeddings	comparison-longer-031	0.002563
Embeddings	comparison-longer-032	0.002552
Embeddings	comparison-longer-033	0.002566
Embeddings	comparison-longer-034	0.002585
Embeddings	comparison-longer-035	0.00255
Embeddings	comparison-longer-036	0.002555
Embeddings	comparison-longer-037	0.002551
Embeddings	comparison-longer-038	0.00256
Embeddings	comparison-longer-039	0.002552
Embeddings	comparison-longer-040	0.00257
Embeddings	comparison-longer-041	0.002552
Embeddings	comparison-longer-042	0.002552
Embeddings	comparison-longer-043	0.002572
Embeddings	comparison-longer-044	0.002574
Embeddings	comparison-longer-045	0.002563
Embeddings	comparison-longer-046	0.002569
Embeddings	comparison-longer-047	0.002555
Embeddings	comparison-longer-048	0.002552
Embeddings	comparison-longer-049	0.002549
Embeddings	comparison-longer-050	0.002553
Embeddings	comparison-longer-051	0.002633
Embeddings	comparison-longer-052	0.002564
Embeddings	comparison-longer-053	0.002581
Embeddings	comparison-longer-054	0.00258
Embeddings	comparison-longer-055	0.002557
Embeddings	comparison-longer-056	0.002537
Embeddings	comparison-longer-057	0.002554
Embeddings	comparison-longer-058	0.00257
Embeddings	comparison-longer-059	0.002548
Embeddings	comparison-longer-060	0.002551
Embeddings	forward-singer-001	0.00261
Embeddings	forward-singer-002	0.002655
Embeddings	forward-singer-003	0.002602
Embeddings	forward-singer-004	0.002611
Embeddings	forward-singer-005	0.00261
Embeddings	forward-singer-006	0.002607
Embeddings	forward-singer-007	0.002596
Embeddings	forward-singer-008	0.002597
Embeddings	forward-singer-009	0.002614
Embeddings	forward-singer-010	0.002594
Embeddings	forward-singer-011	0.002604
Embeddings	forward-singer-012	0.002593
Embeddings	forward-singer-013	0.002587
Embeddings	forward-singer-014	0.002591
Embeddings	forward-singer-015	0.002594
Embeddings	forward-singer-016	0.002576
Embeddings	forward-singer-017	0.002614
Embeddings	forward-singer-018	0.00261
Embeddings	forward-singer-019	0.002634
Embeddings	forward-singer-020	0.002611
Embeddings	forward-singer-021	0.002608
Embeddings	forward-singer-022	0.00264
Embeddings	forward-singer-023	0.002635
Embeddings	forward-singer-024	0.002613
Embeddings	forward-singer-025	0.002618
Embeddings	forward-singer-026	0.002631
Embeddings	forward-singer-027	0.002596
Embeddings	forward-singer-028	0.002589
Embeddings	forward-singer-029	0.002603
Embeddings	forward-singer-030	0.002657
Embeddings	forward-singer-031	0.002614
Embeddings	forward-singer-032	0.002609
Embeddings	forward-singer-033	0.002602
Embeddings	forward-singer-034	0.002591
Embeddings	forward-singer-035	0.002599
Embeddings	forward-singer-036	0.004122
Embeddings	forward-singer-037	0.002631
Embeddings	forward-singer-038	0.002614
Embeddings	forward-singer-039	0.002629
Embeddings	forward-singer-040	0.002608
Embeddings	forward-singer-041	0.002608
Embeddings	forward-singer-042	0.002609
Embeddings	forward-singer-043	0.002604
Embeddings	forward-singer-044	0.002605
Embeddings	forward-singer-045	0.002624
Embeddings	forward-singer-046	0.002628
Embeddings	forward-singer-047	0.002596
Embeddings	forward-singer-048	0.002589
Embeddings	forward-singer-049	0.002593
Embeddings	forward-singer-050	0.002583
Embeddings	forward-singer-051	0.002605
Embeddings	forward-singer-052	0.002661
Embeddings	forward-singer-053	0.002598
Embeddings	forward-singer-054	0.002596
Embeddings	forward-singer-055	0.002596
Embeddings	forward-singer-056	0.002597
Embeddings	forward-singer-057	0.002586
Embeddings	forward-album-001	0.002627
Embeddings	forward-album-002	0.002631
Embeddings	forward-album-003	0.002646
Embeddings	forward-album-004	0.002605
Embeddings	forward-album-005	0.002613
Embeddings	forward-album-006	0.002619
Embeddings	forward-album-007	0.002612
Embeddings	forward-album-008	0.002618
Embeddings	forward-album-009	0.002641
Embeddings	forward-album-010	0.002613
Embeddings	forward-album-011	0.002611
Embeddings	forward-album-012	0.002607
Embeddings	forward-album-013	0.002609
Embeddings	forward-album-014	0.002627
Embeddings	forward-album-015	0.002682
Embeddings	forward-album-016	0.002626
Embeddings	forward-album-017	0.002612
Embeddings	forward-album-018	0.00263
Embeddings	forward-album-019	0.002617
Embeddings	forward-album-020	0.002614
Embeddings	forward-album-021	0.00264
Embeddings	forward-album-022	0.002611
Embeddings	forward-album-023	0.002613
Embeddings	forward-album-024	0.002616
Embeddings	forward-album-025	0.00264
Embeddings	forward-album-026	0.002602
Embeddings	forward-album-027	0.002603
Embeddings	forward-album-028	0.002634
Embeddings	forward-album-029	0.002611
Embeddings	forward-album-030	0.002616
Embeddings	forward-album-031	0.002608
Embeddings	forward-album-032	0.002595
Embeddings	forward-album-033	0.002618
Embeddings	forward-album-034	0.002634
Embeddings	forward-album-035	0.002618
Embeddings	forward-album-036	0.002602
Embeddings	forward-album-037	0.002623
Embeddings	forward-album-038	0.002636
Embeddings	forward-album-039	0.002598
Embeddings	forward-album-040	0.002614
Embeddings	forward-album-041	0.00261
Embeddings	forward-album-042	0.002609
Embeddings	forward-album-043	0.002631
Embeddings	forward-album-044	0.002623
Embeddings	forward-album-045	0.002642
Embeddings	forward-album-046	0.002632
Embeddings	forward-album-047	0.002643
Embeddings	forward-album-048	0.002626
Embeddings	forward-album-049	0.002611
Embeddings	forward-album-050	0.002606
Embeddings	forward-album-051	0.0026
Embeddings	forward-album-052	0.00262
Embeddings	forward-album-053	0.002634
Embeddings	forward-album-054	0.002622
Embeddings	forward-album-055	0.002607
Embeddings	forward-album-056	0.002624
Embeddings	forward-album-057	0.002631
Embeddings	forward-album-058	0.002616
Embeddings	forward-album-059	0.002689
Embeddings	forward-album-060	0.002619
Embeddings	forward-songwriter-001	0.002598
Embeddings	forward-songwriter-002	0.0026
Embeddings	forward-songwriter-003	0.002589
Embeddings	forward-songwriter-004	0.002596
Embeddings	forward-songwriter-005	0.002587
Embeddings	forward-songwriter-006	0.002583
Embeddings	forward-songwriter-007	0.002574
Embeddings	forward-songwriter-008	0.002587
Embeddings	forward-songwriter-009	0.00259
Embeddings	forward-songwriter-010	0.00259
Embeddings	forward-songwriter-011	0.00259
Embeddings	forward-songwriter-012	0.002594
Embeddings	forward-songwriter-013	0.0026
Embeddings	forward-songwriter-014	0.002633
Embeddings	forward-songwriter-015	0.002621
Embeddings	forward-songwriter-016	0.0026
Embeddings	forward-songwriter-017	0.002608
Embeddings	forward-songwriter-018	0.002603
Embeddings	forward-songwriter-019	0.002603
Embeddings	forward-songwriter-020	0.002596
Embeddings	forward-songwriter-021	0.002623
Embeddings	forward-songwriter-022	0.002603
Embeddings	forward-songwriter-023	0.002596
Embeddings	forward-songwriter-024	0.002598
Embeddings	forward-songwriter-025	0.002595
Embeddings	forward-songwriter-026	0.002606
Embeddings	forward-songwriter-027	0.002602
Embeddings	forward-songwriter-028	0.002624
Embeddings	forward-songwriter-029	0.002584
Embeddings	forward-songwriter-030	0.002592
Embeddings	forward-songwriter-031	0.002594
Embeddings	forward-songwriter-032	0.002589
Embeddings	forward-songwriter-033	0.002592
Embeddings	forward-songwriter-034	0.002589
Embeddings	forward-songwriter-035	0.002577
Embeddings	forward-songwriter-036	0.00262
Embeddings	forward-songwriter-037	0.002596
Embeddings	forward-songwriter-038	0.002785
Embeddings	forward-songwriter-039	0.002605
Embeddings	forward-songwriter-040	0.002655
Embeddings	forward-songwriter-041	0.002614
Embeddings	forward-songwriter-042	0.0026
Embeddings	forward-songwriter-043	0.002589
Embeddings	forward-songwriter-044	0.002592
Embeddings	forward-songwriter-045	0.002584
Embeddings	forward-songwriter-046	0.002597
Embeddings	forward-songwriter-047	0.002607
Embeddings	forward-year-001	0.002746
Embeddings	forward-year-002	0.002728
Embeddings	forward-year-003	0.002735
Embeddings	forward-year-004	0.002743
Embeddings	forward-year-005	0.002736
Embeddings	forward-year-006	0.002741
Embeddings	forward-year-007	0.002731
Embeddings	forward-year-008	0.002742
Embeddings	forward-year-009	0.002736
Embeddings	forward-year-010	0.002748
Embeddings	forward-year-011	0.002754
Embeddings	forward-year-012	0.002815
Embeddings	forward-year-013	0.002713
Embeddings	forward-year-014	0.002741
Embeddings	forward-year-015	0.002768
Embeddings	forward-year-016	0.002741
Embeddings	forward-year-017	0.002725
Embeddings	forward-year-018	0.002712
Embeddings	forward-year-019	0.002769
Embeddings	forward-year-020	0.002744
Embeddings	forward-year-021	0.002768
Embeddings	forward-year-022	0.002741
Embeddings	forward-year-023	0.002737
Embeddings	forward-year-024	0.002741
Embeddings	forward-year-025	0.002739
Embeddings	forward-year-026	0.002751
Embeddings	forward-year-027	0.002726
Embeddings	forward-year-028	0.00275
Embeddings	forward-year-029	0.002733
Embeddings	forward-year-030	0.002725
Embeddings	forward-year-031	0.002885
Embeddings	forward-year-032	0.002716
Embeddings	forward-year-033	0.002755
Embeddings	forward-year-034	0.002716
Embeddings	forward-year-035	0.002728
Embeddings	forward-year-036	0.002764
Embeddings	forward-year-037	0.003076
Embeddings	forward-year-038	0.002775
Embeddings	forward-year-039	0.002745
Embeddings	forward-year-040	0.002754
Embeddings	forward-year-041	0.002738
Embeddings	forward-year-042	0.002752
Embeddings	forward-year-043	0.002703
Embeddings	forward-year-044	0.002708
Embeddings	forward-year-045	0.002738
Embeddings	forward-year-046	0.002802
Embeddings	forward-year-047	0.002732
Embeddings	forward-year-048	0.002733
Embeddings	forward-year-049	0.002739
Embeddings	forward-year-050	0.0027
Embeddings	forward-year-051	0.002714
Embeddings	forward-year-052	0.002735
Embeddings	forward-year-053	0.002799
Embeddings	forward-year-054	0.002733
Embeddings	forward-year-055	0.002728
Embeddings	forward-year-056	0.002732
Embeddings	forward-year-057	0.002741
Embeddings	forward-year-058	0.002762
Embeddings	forward-year-059	0.002759
Embeddings	forward-year-060	0.00279
Embeddings	lead-set-john-001	0.002516
Embeddings	lead-set-paul-001	0.002506
Embeddings	lead-set-george-001	0.002714
Embeddings	lead-set-ringo-001	0.00251
Embeddings	lead-set-john-002	0.002506
Embeddings	lead-set-paul-002	0.002503
Embeddings	lead-set-george-002	0.0025
Embeddings	lead-set-ringo-002	0.002499
Embeddings	lead-set-john-003	0.002499
Embeddings	lead-set-paul-003	0.002494
Embeddings	lead-set-george-003	0.002494
Embeddings	lead-set-ringo-003	0.002497
Embeddings	lead-set-john-004	0.002503
Embeddings	lead-set-paul-004	0.002511
Embeddings	lead-set-george-004	0.002498
Embeddings	lead-set-ringo-004	0.002496
Embeddings	lead-set-john-005	0.002494
Embeddings	lead-set-paul-005	0.00249
Embeddings	lead-set-george-005	0.00249
Embeddings	lead-set-ringo-005	0.002491
Embeddings	lead-set-john-006	0.002493
Embeddings	lead-set-paul-006	0.002491
Embeddings	lead-set-george-006	0.002487
Embeddings	lead-set-ringo-006	0.00249
Embeddings	lead-set-john-007	0.002491
Embeddings	lead-set-paul-007	0.002489
Embeddings	lead-set-george-007	0.002488
Embeddings	lead-set-ringo-007	0.002486
Embeddings	lead-set-john-008	0.002492
Embeddings	lead-set-paul-008	0.002491
Embeddings	lead-set-george-008	0.002492
Embeddings	lead-set-ringo-008	0.00249
Embeddings	lead-set-john-009	0.00249
Embeddings	lead-set-paul-009	0.002489
Embeddings	lead-set-george-009	0.002487
Embeddings	lead-set-ringo-009	0.002487
Embeddings	lead-set-john-010	0.002492
Embeddings	lead-set-paul-010	0.002493
Embeddings	lead-set-george-010	0.002492
Embeddings	lead-set-ringo-010	0.002493
Embeddings	lead-set-john-011	0.002493
Embeddings	lead-set-paul-011	0.002492
Embeddings	lead-set-george-011	0.002493
Embeddings	lead-set-ringo-011	0.00249
Embeddings	lead-set-john-012	0.002498
Embeddings	lead-set-paul-012	0.002496
Embeddings	lead-set-george-012	0.002495
Embeddings	lead-set-ringo-012	0.002511
Embeddings	lead-set-john-013	0.002491
Embeddings	lead-set-paul-013	0.00249
Embeddings	lead-set-george-013	0.002488
Embeddings	lead-set-ringo-013	0.002488
Embeddings	lead-set-john-014	0.002491
Embeddings	lead-set-paul-014	0.002489
Embeddings	lead-set-george-014	0.002488
Embeddings	lead-set-ringo-014	0.002488
Embeddings	lead-set-john-015	0.00249
Embeddings	lead-set-paul-015	0.002496
Embeddings	lead-set-george-015	0.002491
Embeddings	lead-set-ringo-015	0.002494
Embeddings	lead-set-john-016	0.002494
Embeddings	lead-set-paul-016	0.002493
Embeddings	lead-set-george-016	0.002493
Embeddings	lead-set-ringo-016	0.002493
Embeddings	lead-set-john-017	0.002498
Embeddings	lead-set-paul-017	0.00249
Embeddings	lead-set-george-017	0.002491
Embeddings	lead-set-ringo-017	0.002491
Embeddings	lead-set-john-018	0.002494
Embeddings	lead-set-paul-018	0.002494
Embeddings	lead-set-george-018	0.002496
Embeddings	lead-set-ringo-018	0.002493
Embeddings	lead-set-john-019	0.002497
Embeddings	lead-set-paul-019	0.002493
Embeddings	lead-set-george-019	0.00249
Embeddings	lead-set-ringo-019	0.00249
Embeddings	lead-set-john-020	0.002489
Embeddings	lead-set-paul-020	0.002491
Embeddings	lead-set-george-020	0.002494
Embeddings	lead-set-ringo-020	0.002509
Embeddings	lead-set-john-021	0.002503
Embeddings	lead-set-paul-021	0.002503
Embeddings	lead-set-george-021	0.002501
Embeddings	lead-set-ringo-021	0.002495
Embeddings	lead-set-john-022	0.002495
Embeddings	lead-set-paul-022	0.002492
Embeddings	lead-set-george-022	0.002491
Embeddings	lead-set-ringo-022	0.00249
Embeddings	lead-set-john-023	0.002494
Embeddings	lead-set-paul-023	0.002492
Embeddings	lead-set-george-023	0.002493
Embeddings	lead-set-ringo-023	0.002492
Embeddings	lead-set-john-024	0.002498
Embeddings	lead-set-paul-024	0.002499
Embeddings	lead-set-george-024	0.002502
Embeddings	lead-set-ringo-024	0.002497
Embeddings	lead-set-john-025	0.002501
Embeddings	lead-set-paul-025	0.002499
Embeddings	lead-set-george-025	0.002498
Embeddings	lead-set-ringo-025	0.002656
Embeddings	lead-set-john-026	0.002495
Embeddings	lead-set-paul-026	0.00249
Embeddings	lead-set-george-026	0.002488
Embeddings	lead-set-ringo-026	0.00249
Embeddings	lexical-trap-control-album-to-song-001	0.002644
Embeddings	lexical-trap-control-event-to-song-001	0.002626
Embeddings	lexical-trap-control-album-to-song-002	0.002638
Embeddings	lexical-trap-control-event-to-song-002	0.002652
Embeddings	lexical-trap-control-event-to-song-003	0.002633
Embeddings	lexical-trap-control-album-to-song-003	0.002666
Embeddings	lexical-trap-control-song-to-album-001	0.002654
Embeddings	lexical-trap-control-album-to-song-004	0.002623
Embeddings	lexical-trap-control-event-to-song-004	0.002617
Embeddings	lexical-trap-control-album-to-song-005	0.00262
Embeddings	lexical-trap-control-album-to-song-006	0.002625
Embeddings	lexical-trap-control-album-to-song-007	0.002638
Embeddings	lexical-trap-control-album-to-song-008	0.00272
Embeddings	lexical-trap-control-album-to-song-009	0.00266
Embeddings	lexical-trap-control-song-to-album-002	0.002639
Embeddings	lexical-trap-control-event-to-song-005	0.002625
Embeddings	lexical-trap-control-album-to-song-010	0.002647
Embeddings	lexical-trap-control-song-to-album-003	0.002665
Embeddings	lexical-trap-control-album-to-song-011	0.002622
Embeddings	lexical-trap-control-event-to-song-006	0.002632
Embeddings	lexical-trap-control-album-to-song-012	0.002609
Embeddings	lexical-trap-control-album-to-song-013	0.002645
Embeddings	lexical-trap-control-album-to-song-014	0.002643
Embeddings	lexical-trap-control-album-to-song-015	0.002624
Embeddings	lexical-trap-control-album-to-song-016	0.002624
Embeddings	lexical-trap-control-album-to-song-017	0.002651
Embeddings	lexical-trap-control-album-to-song-018	0.002636
Embeddings	lexical-trap-control-album-to-song-019	0.002655
Embeddings	lexical-trap-control-event-to-song-007	0.00262
Embeddings	lexical-trap-control-album-to-song-020	0.002644
Embeddings	lexical-trap-control-album-to-song-021	0.002627
Embeddings	lexical-trap-control-song-to-album-004	0.002619
Embeddings	lexical-trap-control-album-to-song-022	0.002633
Embeddings	lexical-trap-control-album-to-song-023	0.002657
Embeddings	lexical-trap-control-album-to-song-024	0.002648
Embeddings	lexical-trap-control-album-to-song-025	0.002626
Embeddings	lexical-trap-control-album-to-song-026	0.002624
Embeddings	lexical-trap-control-album-to-song-027	0.002622
Embeddings	lexical-trap-control-song-to-album-005	0.002619
Embeddings	lexical-trap-control-album-to-song-028	0.002623
Embeddings	lexical-trap-control-album-to-song-029	0.002616
Embeddings	lexical-trap-control-album-to-song-030	0.002623
Embeddings	lexical-trap-control-song-to-album-006	0.002634
Embeddings	lexical-trap-control-song-to-album-007	0.002621
Embeddings	lexical-trap-control-song-to-album-008	0.002617
Embeddings	lexical-trap-control-song-to-album-009	0.002609
Embeddings	lexical-trap-control-event-to-song-008	0.002614
Embeddings	lexical-trap-control-event-to-song-009	0.002623
Embeddings	lexical-trap-control-album-to-song-031	0.002647
Embeddings	lexical-trap-control-album-to-song-032	0.00261
Embeddings	lexical-trap-control-song-to-album-010	0.002623
Embeddings	lexical-trap-control-song-to-album-011	0.002634
Embeddings	lexical-trap-control-album-to-song-033	0.002656
Embeddings	lexical-trap-control-album-to-song-034	0.002656
Embeddings	lexical-trap-album-to-song-001	0.002642
Embeddings	lexical-trap-event-to-song-001	0.002641
Embeddings	lexical-trap-album-to-song-002	0.002657
Embeddings	lexical-trap-event-to-song-002	0.002676
Embeddings	lexical-trap-event-to-song-003	0.002658
Embeddings	lexical-trap-album-to-song-003	0.002658
Embeddings	lexical-trap-song-to-album-001	0.002642
Embeddings	lexical-trap-album-to-song-004	0.00265
Embeddings	lexical-trap-event-to-song-004	0.002646
Embeddings	lexical-trap-album-to-song-005	0.002635
Embeddings	lexical-trap-album-to-song-006	0.00263
Embeddings	lexical-trap-album-to-song-007	0.002631
Embeddings	lexical-trap-album-to-song-008	0.005353
Embeddings	lexical-trap-album-to-song-009	0.002672
Embeddings	lexical-trap-song-to-album-002	0.002624
Embeddings	lexical-trap-event-to-song-005	0.002648
Embeddings	lexical-trap-album-to-song-010	0.002632
Embeddings	lexical-trap-song-to-album-003	0.002644
Embeddings	lexical-trap-album-to-song-011	0.002624
Embeddings	lexical-trap-event-to-song-006	0.002647
Embeddings	lexical-trap-album-to-song-012	0.002628
Embeddings	lexical-trap-album-to-song-013	0.002662
Embeddings	lexical-trap-album-to-song-014	0.002625
Embeddings	lexical-trap-album-to-song-015	0.002622
Embeddings	lexical-trap-album-to-song-016	0.002631
Embeddings	lexical-trap-album-to-song-017	0.002645
Embeddings	lexical-trap-album-to-song-018	0.002625
Embeddings	lexical-trap-album-to-song-019	0.002658
Embeddings	lexical-trap-event-to-song-007	0.002628
Embeddings	lexical-trap-album-to-song-020	0.002632
Embeddings	lexical-trap-album-to-song-021	0.002638
Embeddings	lexical-trap-song-to-album-004	0.002625
Embeddings	lexical-trap-album-to-song-022	0.002638
Embeddings	lexical-trap-album-to-song-023	0.002629
Embeddings	lexical-trap-album-to-song-024	0.00263
Embeddings	lexical-trap-album-to-song-025	0.002622
Embeddings	lexical-trap-album-to-song-026	0.002626
Embeddings	lexical-trap-album-to-song-027	0.002617
Embeddings	lexical-trap-song-to-album-005	0.002636
Embeddings	lexical-trap-album-to-song-028	0.002614
Embeddings	lexical-trap-album-to-song-029	0.002605
Embeddings	lexical-trap-album-to-song-030	0.002614
Embeddings	lexical-trap-song-to-album-006	0.002639
Embeddings	lexical-trap-song-to-album-007	0.002614
Embeddings	lexical-trap-song-to-album-008	0.002619
Embeddings	lexical-trap-song-to-album-009	0.002641
Embeddings	lexical-trap-event-to-song-008	0.002634
Embeddings	lexical-trap-event-to-song-009	0.002634
Embeddings	lexical-trap-album-to-song-031	0.002654
Embeddings	lexical-trap-album-to-song-032	0.002623
Embeddings	lexical-trap-song-to-album-010	0.002658
Embeddings	lexical-trap-song-to-album-011	0.002638
Embeddings	lexical-trap-album-to-song-033	0.002624
Embeddings	lexical-trap-album-to-song-034	0.002631
Embeddings	multi-hop-album-year-001	0.002758
Embeddings	multi-hop-album-year-002	0.002813
Embeddings	multi-hop-album-year-003	0.002794
Embeddings	multi-hop-album-year-004	0.002758
Embeddings	multi-hop-album-year-005	0.002757
Embeddings	multi-hop-album-year-006	0.002748
Embeddings	multi-hop-album-year-007	0.002761
Embeddings	multi-hop-album-year-008	0.002736
Embeddings	multi-hop-album-year-009	0.00275
Embeddings	multi-hop-album-year-010	0.002956
Embeddings	multi-hop-album-year-011	0.00273
Embeddings	multi-hop-album-year-012	0.002733
Embeddings	multi-hop-album-year-013	0.00269
Embeddings	multi-hop-album-year-014	0.002716
Embeddings	multi-hop-album-year-015	0.002744
Embeddings	multi-hop-album-year-016	0.002743
Embeddings	multi-hop-album-year-017	0.002751
Embeddings	multi-hop-album-year-018	0.00275
Embeddings	multi-hop-album-year-019	0.002774
Embeddings	multi-hop-album-year-020	0.00276
Embeddings	multi-hop-album-year-021	0.002772
Embeddings	multi-hop-album-year-022	0.002795
Embeddings	multi-hop-album-year-023	0.002763
Embeddings	multi-hop-album-year-024	0.002753
Embeddings	multi-hop-album-year-025	0.002801
Embeddings	multi-hop-album-year-026	0.002759
Embeddings	multi-hop-album-year-027	0.002756
Embeddings	multi-hop-album-year-028	0.00275
Embeddings	multi-hop-album-year-029	0.002757
Embeddings	multi-hop-album-year-030	0.002775
Embeddings	multi-hop-album-year-031	0.002734
Embeddings	multi-hop-album-year-032	0.002773
Embeddings	multi-hop-album-year-033	0.002754
Embeddings	multi-hop-album-year-034	0.002737
Embeddings	multi-hop-album-year-035	0.002757
Embeddings	multi-hop-album-year-036	0.002749
Embeddings	multi-hop-album-year-037	0.002738
Embeddings	multi-hop-album-year-038	0.002776
Embeddings	multi-hop-album-year-039	0.002789
Embeddings	multi-hop-album-year-040	0.002791
Embeddings	multi-hop-album-year-041	0.002772
Embeddings	multi-hop-album-year-042	0.002775
Embeddings	multi-hop-album-year-043	0.002741
Embeddings	multi-hop-album-year-044	0.002797
Embeddings	multi-hop-album-year-045	0.002769
Embeddings	multi-hop-album-year-046	0.00277
Embeddings	multi-hop-album-year-047	0.002768
Embeddings	multi-hop-album-year-048	0.002791
Embeddings	multi-hop-album-year-049	0.002785
Embeddings	multi-hop-album-year-050	0.002777
Embeddings	multi-hop-album-year-051	0.002788
Embeddings	multi-hop-album-year-052	0.002749
Embeddings	multi-hop-album-year-053	0.002711
Embeddings	multi-hop-album-year-054	0.002735
Embeddings	multi-hop-album-year-055	0.002754
Embeddings	multi-hop-album-year-056	0.002747
Embeddings	multi-hop-album-year-057	0.002722
Embeddings	multi-hop-album-year-058	0.002758
Embeddings	multi-hop-album-year-059	0.002734
Embeddings	multi-hop-album-year-060	0.002723
Embeddings	multi-hop-before-after-001	0.002582
Embeddings	multi-hop-before-after-002	0.002564
Embeddings	multi-hop-before-after-003	0.002591
Embeddings	multi-hop-before-after-004	0.002577
Embeddings	multi-hop-before-after-005	0.002562
Embeddings	multi-hop-before-after-006	0.002558
Embeddings	multi-hop-before-after-007	0.002556
Embeddings	multi-hop-before-after-008	0.002558
Embeddings	multi-hop-before-after-009	0.002563
Embeddings	multi-hop-before-after-010	0.00256
Embeddings	multi-hop-before-after-011	0.002561
Embeddings	multi-hop-before-after-012	0.002561
Embeddings	multi-hop-before-after-013	0.002561
Embeddings	multi-hop-before-after-014	0.002575
Embeddings	multi-hop-before-after-015	0.002567
Embeddings	multi-hop-before-after-016	0.002562
Embeddings	multi-hop-before-after-017	0.002566
Embeddings	multi-hop-before-after-018	0.002577
Embeddings	multi-hop-before-after-019	0.002574
Embeddings	multi-hop-before-after-020	0.002578
Embeddings	multi-hop-before-after-021	0.002576
Embeddings	multi-hop-before-after-022	0.002571
Embeddings	multi-hop-before-after-023	0.002592
Embeddings	multi-hop-before-after-024	0.00259
Embeddings	multi-hop-before-after-025	0.002574
Embeddings	multi-hop-before-after-026	0.00258
Embeddings	multi-hop-before-after-027	0.002571
Embeddings	multi-hop-before-after-028	0.002582
Embeddings	multi-hop-before-after-029	0.002573
Embeddings	multi-hop-before-after-030	0.002568
Embeddings	multi-hop-before-after-031	0.002566
Embeddings	multi-hop-before-after-032	0.002581
Embeddings	multi-hop-before-after-033	0.002572
Embeddings	multi-hop-before-after-034	0.002583
Embeddings	multi-hop-before-after-035	0.002571
Embeddings	multi-hop-before-after-036	0.002575
Embeddings	multi-hop-before-after-037	0.002571
Embeddings	multi-hop-before-after-038	0.002569
Embeddings	multi-hop-before-after-039	0.002574
Embeddings	multi-hop-before-after-040	0.00257
Embeddings	multi-hop-before-after-041	0.002568
Embeddings	multi-hop-before-after-042	0.002556
Embeddings	multi-hop-before-after-043	0.002558
Embeddings	multi-hop-before-after-044	0.002554
Embeddings	multi-hop-before-after-045	0.00256
Embeddings	multi-hop-before-after-046	0.002552
Embeddings	multi-hop-before-after-047	0.002625
Embeddings	multi-hop-before-after-048	0.002561
Embeddings	multi-hop-before-after-049	0.002558
Embeddings	multi-hop-before-after-050	0.002564
Embeddings	multi-hop-before-after-051	0.002564
Embeddings	multi-hop-before-after-052	0.00256
Embeddings	multi-hop-before-after-053	0.002559
Embeddings	multi-hop-before-after-054	0.002558
Embeddings	multi-hop-before-after-055	0.002566
Embeddings	multi-hop-before-after-056	0.002568
Embeddings	multi-hop-before-after-057	0.002564
Embeddings	multi-hop-before-after-058	0.002557
Embeddings	multi-hop-before-after-059	0.002556
Embeddings	multi-hop-before-after-060	0.002577
Embeddings	multi-hop-same-month-001	0.002503
Embeddings	multi-hop-same-month-002	0.0025
Embeddings	multi-hop-same-month-003	0.002498
Embeddings	multi-hop-same-month-004	0.002496
Embeddings	multi-hop-same-month-005	0.002495
Embeddings	multi-hop-same-month-006	0.002498
Embeddings	multi-hop-same-month-007	0.002501
Embeddings	multi-hop-same-month-008	0.002497
Embeddings	multi-hop-same-month-009	0.002495
Embeddings	multi-hop-same-month-010	0.002494
Embeddings	multi-hop-same-month-011	0.002496
Embeddings	multi-hop-same-month-012	0.002494
Embeddings	multi-hop-same-month-013	0.002503
Embeddings	multi-hop-same-month-014	0.002498
Embeddings	multi-hop-same-month-015	0.002497
Embeddings	multi-hop-same-month-016	0.002495
Embeddings	multi-hop-same-month-017	0.002494
Embeddings	multi-hop-same-month-018	0.002495
Embeddings	multi-hop-same-month-019	0.002496
Embeddings	multi-hop-same-month-020	0.002649
Embeddings	multi-hop-same-month-021	0.002509
Embeddings	multi-hop-same-month-022	0.002506
Embeddings	multi-hop-same-month-023	0.00252
Embeddings	multi-hop-same-month-024	0.002708
Embeddings	multi-hop-same-month-025	0.002509
Embeddings	multi-hop-same-month-026	0.00251
Embeddings	multi-hop-same-month-027	0.002502
Embeddings	multi-hop-same-month-028	0.0025
Embeddings	multi-hop-same-month-029	0.002501
Embeddings	multi-hop-same-month-030	0.002501
Embeddings	multi-hop-same-month-031	0.002507
Embeddings	multi-hop-same-month-032	0.002506
Embeddings	multi-hop-same-month-033	0.0025
Embeddings	multi-hop-same-month-034	0.0025
Embeddings	multi-hop-same-month-035	0.002497
Embeddings	multi-hop-same-month-036	0.002502
Embeddings	multi-hop-same-month-037	0.002502
Embeddings	multi-hop-same-month-038	0.002501
Embeddings	multi-hop-same-month-039	0.002504
Embeddings	multi-hop-same-month-040	0.002499
Embeddings	multi-hop-same-month-041	0.002493
Embeddings	multi-hop-same-month-042	0.002506
Embeddings	multi-hop-same-month-043	0.002496
Embeddings	multi-hop-same-month-044	0.0025
Embeddings	multi-hop-same-month-045	0.002497
Embeddings	multi-hop-same-month-046	0.002503
Embeddings	multi-hop-same-month-047	0.002498
Embeddings	multi-hop-same-month-048	0.002498
Embeddings	multi-hop-same-month-049	0.002499
Embeddings	multi-hop-same-month-050	0.002495
Embeddings	multi-hop-same-month-051	0.002496
Embeddings	multi-hop-same-month-052	0.002494
Embeddings	multi-hop-same-month-053	0.002494
Embeddings	multi-hop-same-month-054	0.002493
Embeddings	multi-hop-same-month-055	0.002499
Embeddings	multi-hop-same-month-056	0.002493
Embeddings	multi-hop-same-month-057	0.002497
Embeddings	multi-hop-same-month-058	0.002496
Embeddings	multi-hop-same-month-059	0.0025
Embeddings	multi-hop-same-month-060	0.002498
Embeddings	near-neighbor-control-album-001	0.00263
Embeddings	near-neighbor-control-album-002	0.002601
Embeddings	near-neighbor-control-album-003	0.002589
Embeddings	near-neighbor-control-album-004	0.0026
Embeddings	near-neighbor-control-album-005	0.002593
Embeddings	near-neighbor-control-album-006	0.002578
Embeddings	near-neighbor-control-album-007	0.002582
Embeddings	near-neighbor-control-album-008	0.002582
Embeddings	near-neighbor-control-album-009	0.002591
Embeddings	near-neighbor-control-album-010	0.002579
Embeddings	near-neighbor-control-album-011	0.002586
Embeddings	near-neighbor-control-album-012	0.002595
Embeddings	near-neighbor-control-album-013	0.002602
Embeddings	near-neighbor-control-album-014	0.002609
Embeddings	near-neighbor-control-album-015	0.002596
Embeddings	near-neighbor-control-album-016	0.002592
Embeddings	near-neighbor-control-album-017	0.002604
Embeddings	near-neighbor-control-album-018	0.002611
Embeddings	near-neighbor-control-album-019	0.002608
Embeddings	near-neighbor-control-album-020	0.002578
Embeddings	near-neighbor-control-album-021	0.002599
Embeddings	near-neighbor-control-album-022	0.002596
Embeddings	near-neighbor-control-album-023	0.00259
Embeddings	near-neighbor-control-album-024	0.002571
Embeddings	near-neighbor-control-album-025	0.002582
Embeddings	near-neighbor-control-album-026	0.002583
Embeddings	near-neighbor-control-album-027	0.002579
Embeddings	near-neighbor-control-album-028	0.002572
Embeddings	near-neighbor-control-album-029	0.002578
Embeddings	near-neighbor-control-album-030	0.002577
Embeddings	near-neighbor-control-album-031	0.0026
Embeddings	near-neighbor-control-album-032	0.002577
Embeddings	near-neighbor-control-album-033	0.002568
Embeddings	near-neighbor-control-album-034	0.00258
Embeddings	near-neighbor-control-album-035	0.002569
Embeddings	near-neighbor-control-album-036	0.002603
Embeddings	near-neighbor-control-album-037	0.002595
Embeddings	near-neighbor-control-album-038	0.002577
Embeddings	near-neighbor-control-album-039	0.00257
Embeddings	near-neighbor-control-album-040	0.002587
Embeddings	near-neighbor-control-album-041	0.002589
Embeddings	near-neighbor-control-album-042	0.002596
Embeddings	near-neighbor-control-album-043	0.002582
Embeddings	near-neighbor-control-album-044	0.002592
Embeddings	near-neighbor-control-album-045	0.002588
Embeddings	near-neighbor-control-album-046	0.002559
Embeddings	near-neighbor-control-album-047	0.002581
Embeddings	near-neighbor-control-album-048	0.002648
Embeddings	near-neighbor-control-album-049	0.002595
Embeddings	near-neighbor-control-album-050	0.002601
Embeddings	near-neighbor-control-album-051	0.002598
Embeddings	near-neighbor-control-album-052	0.002599
Embeddings	near-neighbor-control-album-053	0.002587
Embeddings	near-neighbor-control-album-054	0.002592
Embeddings	near-neighbor-control-album-055	0.002612
Embeddings	near-neighbor-control-album-056	0.002587
Embeddings	near-neighbor-control-album-057	0.002608
Embeddings	near-neighbor-control-album-058	0.002576
Embeddings	near-neighbor-control-album-059	0.002577
Embeddings	near-neighbor-control-album-060	0.002576
Embeddings	near-neighbor-album-001	0.002603
Embeddings	near-neighbor-album-002	0.002578
Embeddings	near-neighbor-album-003	0.002569
Embeddings	near-neighbor-album-004	0.002586
Embeddings	near-neighbor-album-005	0.002585
Embeddings	near-neighbor-album-006	0.002607
Embeddings	near-neighbor-album-007	0.002729
Embeddings	near-neighbor-album-008	0.002603
Embeddings	near-neighbor-album-009	0.00258
Embeddings	near-neighbor-album-010	0.002569
Embeddings	near-neighbor-album-011	0.002572
Embeddings	near-neighbor-album-012	0.00258
Embeddings	near-neighbor-album-013	0.002595
Embeddings	near-neighbor-album-014	0.002596
Embeddings	near-neighbor-album-015	0.00258
Embeddings	near-neighbor-album-016	0.002595
Embeddings	near-neighbor-album-017	0.002571
Embeddings	near-neighbor-album-018	0.002575
Embeddings	near-neighbor-album-019	0.002593
Embeddings	near-neighbor-album-020	0.002608
Embeddings	near-neighbor-album-021	0.002599
Embeddings	near-neighbor-album-022	0.002598
Embeddings	near-neighbor-album-023	0.002566
Embeddings	near-neighbor-album-024	0.002571
Embeddings	near-neighbor-album-025	0.002578
Embeddings	near-neighbor-album-026	0.002571
Embeddings	near-neighbor-album-027	0.002597
Embeddings	near-neighbor-album-028	0.002574
Embeddings	near-neighbor-album-029	0.002576
Embeddings	near-neighbor-album-030	0.002585
Embeddings	near-neighbor-album-031	0.002604
Embeddings	near-neighbor-album-032	0.002585
Embeddings	near-neighbor-album-033	0.00258
Embeddings	near-neighbor-album-034	0.00257
Embeddings	near-neighbor-album-035	0.002584
Embeddings	near-neighbor-album-036	0.002628
Embeddings	near-neighbor-album-037	0.002594
Embeddings	near-neighbor-album-038	0.002592
Embeddings	near-neighbor-album-039	0.002577
Embeddings	near-neighbor-album-040	0.002579
Embeddings	near-neighbor-album-041	0.002581
Embeddings	near-neighbor-album-042	0.002584
Embeddings	near-neighbor-album-043	0.00257
Embeddings	near-neighbor-album-044	0.002571
Embeddings	near-neighbor-album-045	0.002607
Embeddings	near-neighbor-album-046	0.00257
Embeddings	near-neighbor-album-047	0.002585
Embeddings	near-neighbor-album-048	0.002565
Embeddings	near-neighbor-album-049	0.002582
Embeddings	near-neighbor-album-050	0.002576
Embeddings	near-neighbor-album-051	0.002578
Embeddings	near-neighbor-album-052	0.002557
Embeddings	near-neighbor-album-053	0.002567
Embeddings	near-neighbor-album-054	0.00257
Embeddings	near-neighbor-album-055	0.002575
Embeddings	near-neighbor-album-056	0.002567
Embeddings	near-neighbor-album-057	0.002562
Embeddings	near-neighbor-album-058	0.002576
Embeddings	near-neighbor-album-059	0.002571
Embeddings	near-neighbor-album-060	0.002569
Embeddings	none-of-these-absent-001	0.002612
Embeddings	none-of-these-present-001	0.002611
Embeddings	none-of-these-absent-002	0.002613
Embeddings	none-of-these-present-002	0.002621
Embeddings	none-of-these-absent-003	0.002635
Embeddings	none-of-these-present-003	0.002629
Embeddings	none-of-these-absent-004	0.0027
Embeddings	none-of-these-present-004	0.00265
Embeddings	none-of-these-absent-005	0.002635
Embeddings	none-of-these-present-005	0.002614
Embeddings	none-of-these-absent-006	0.002612
Embeddings	none-of-these-present-006	0.002622
Embeddings	none-of-these-absent-007	0.002617
Embeddings	none-of-these-present-007	0.002621
Embeddings	none-of-these-absent-008	0.00262
Embeddings	none-of-these-present-008	0.002614
Embeddings	none-of-these-absent-009	0.00263
Embeddings	none-of-these-present-009	0.002605
Embeddings	none-of-these-absent-010	0.00262
Embeddings	none-of-these-present-010	0.00263
Embeddings	none-of-these-absent-011	0.002619
Embeddings	none-of-these-present-011	0.002627
Embeddings	none-of-these-absent-012	0.002606
Embeddings	none-of-these-present-012	0.002624
Embeddings	none-of-these-absent-013	0.002615
Embeddings	none-of-these-present-013	0.002584
Embeddings	none-of-these-absent-014	0.002612
Embeddings	none-of-these-present-014	0.002599
Embeddings	none-of-these-absent-015	0.002624
Embeddings	none-of-these-present-015	0.002612
Embeddings	none-of-these-absent-016	0.002611
Embeddings	none-of-these-present-016	0.002611
Embeddings	none-of-these-absent-017	0.002635
Embeddings	none-of-these-present-017	0.002621
Embeddings	none-of-these-absent-018	0.002594
Embeddings	none-of-these-present-018	0.00294
Embeddings	none-of-these-absent-019	0.002636
Embeddings	none-of-these-present-019	0.00264
Embeddings	none-of-these-absent-020	0.002638
Embeddings	none-of-these-present-020	0.002606
Embeddings	none-of-these-absent-021	0.002606
Embeddings	none-of-these-present-021	0.002581
Embeddings	none-of-these-absent-022	0.002613
Embeddings	none-of-these-present-022	0.002619
Embeddings	none-of-these-absent-023	0.002625
Embeddings	none-of-these-present-023	0.002606
Embeddings	none-of-these-absent-024	0.002607
Embeddings	none-of-these-present-024	0.002627
Embeddings	none-of-these-absent-025	0.002601
Embeddings	none-of-these-present-025	0.002616
Embeddings	none-of-these-absent-026	0.002623
Embeddings	none-of-these-present-026	0.002605
Embeddings	none-of-these-absent-027	0.002602
Embeddings	none-of-these-present-027	0.002612
Embeddings	none-of-these-absent-028	0.00262
Embeddings	none-of-these-present-028	0.002609
Embeddings	none-of-these-absent-029	0.002625
Embeddings	none-of-these-present-029	0.002623
Embeddings	none-of-these-absent-030	0.002612
Embeddings	none-of-these-present-030	0.002611
Embeddings	reversal-general-shared-name-forward-001	0.002605
Embeddings	reversal-general-shared-name-reverse-001	0.002607
Embeddings	reversal-general-shared-name-forward-002	0.00259
Embeddings	reversal-general-shared-name-reverse-002	0.00264
Embeddings	reversal-general-shared-name-forward-003	0.002592
Embeddings	reversal-general-shared-name-reverse-003	0.002597
Embeddings	reversal-general-shared-name-forward-004	0.002581
Embeddings	reversal-general-shared-name-reverse-004	0.002592
Embeddings	reversal-general-shared-name-forward-005	0.002598
Embeddings	reversal-general-shared-name-reverse-005	0.002676
Embeddings	reversal-general-shared-name-forward-006	0.002618
Embeddings	reversal-general-shared-name-reverse-006	0.002593
Embeddings	reversal-general-shared-name-forward-007	0.002592
Embeddings	reversal-general-shared-name-reverse-007	0.002597
Embeddings	reversal-general-shared-name-forward-008	0.00258
Embeddings	reversal-general-shared-name-reverse-008	0.002597
Embeddings	reversal-general-shared-name-forward-009	0.002597
Embeddings	reversal-general-shared-name-reverse-009	0.002628
Embeddings	reversal-general-shared-name-forward-010	0.002582
Embeddings	reversal-general-shared-name-reverse-010	0.002593
Embeddings	reversal-general-shared-name-forward-011	0.002589
Embeddings	reversal-general-shared-name-reverse-011	0.002605
Embeddings	reversal-general-shared-name-forward-012	0.002574
Embeddings	reversal-general-shared-name-reverse-012	0.002595
Embeddings	reversal-general-shared-name-forward-013	0.002586
Embeddings	reversal-general-shared-name-reverse-013	0.002617
Embeddings	reversal-general-shared-name-forward-014	0.002591
Embeddings	reversal-general-shared-name-reverse-014	0.002599
Embeddings	reversal-general-shared-name-forward-015	0.002586
Embeddings	reversal-general-shared-name-reverse-015	0.002599
Embeddings	reversal-general-shared-name-forward-016	0.00259
Embeddings	reversal-general-shared-name-reverse-016	0.002607
Embeddings	reversal-general-shared-name-forward-017	0.002607
Embeddings	reversal-general-shared-name-reverse-017	0.002619
Embeddings	reversal-general-shared-name-forward-018	0.002596
Embeddings	reversal-general-shared-name-reverse-018	0.002594
Embeddings	reversal-general-shared-name-forward-019	0.002589
Embeddings	reversal-general-shared-name-reverse-019	0.002609
Embeddings	reversal-general-shared-name-forward-020	0.002594
Embeddings	reversal-general-shared-name-reverse-020	0.002616
Embeddings	reversal-general-shared-name-forward-021	0.002584
Embeddings	reversal-general-shared-name-reverse-021	0.002598
Embeddings	reversal-general-forward-001	0.002592
Embeddings	reversal-general-reverse-001	0.002602
Embeddings	reversal-general-forward-002	0.002599
Embeddings	reversal-general-reverse-002	0.002798
Embeddings	reversal-general-forward-003	0.002608
Embeddings	reversal-general-reverse-003	0.002611
Embeddings	reversal-general-forward-004	0.004845
Embeddings	reversal-general-reverse-004	0.00265
Embeddings	reversal-general-forward-005	0.00263
Embeddings	reversal-general-reverse-005	0.002598
Embeddings	reversal-general-forward-006	0.002616
Embeddings	reversal-general-reverse-006	0.002634
Embeddings	reversal-general-forward-007	0.002631
Embeddings	reversal-general-reverse-007	0.002627
Embeddings	reversal-general-forward-008	0.002625
Embeddings	reversal-general-reverse-008	0.002629
Embeddings	reversal-general-forward-009	0.002606
Embeddings	reversal-general-reverse-009	0.002613
Embeddings	reversal-general-forward-010	0.002611
Embeddings	reversal-general-reverse-010	0.002617
Embeddings	reversal-general-forward-011	0.002712
Embeddings	reversal-general-reverse-011	0.002606
Embeddings	reversal-general-forward-012	0.002612
Embeddings	reversal-general-reverse-012	0.00258
Embeddings	reversal-general-forward-013	0.002592
Embeddings	reversal-general-reverse-013	0.002629
Embeddings	reversal-general-forward-014	0.002608
Embeddings	reversal-general-reverse-014	0.002634
Embeddings	reversal-general-forward-015	0.002609
Embeddings	reversal-general-reverse-015	0.002626
Embeddings	reversal-general-forward-016	0.002611
Embeddings	reversal-general-reverse-016	0.00262
Embeddings	reversal-general-forward-017	0.002595
Embeddings	reversal-general-reverse-017	0.002634
Embeddings	reversal-general-forward-018	0.00261
Embeddings	reversal-general-reverse-018	0.002629
Embeddings	reversal-general-forward-019	0.002604
Embeddings	reversal-general-reverse-019	0.00262
Embeddings	reversal-general-forward-020	0.0026
Embeddings	reversal-general-reverse-020	0.002596
Embeddings	reversal-general-forward-021	0.002619
Embeddings	reversal-general-reverse-021	0.002585
Embeddings	reversal-general-forward-022	0.002612
Embeddings	reversal-general-reverse-022	0.002614
Embeddings	reversal-general-forward-023	0.002601
Embeddings	reversal-general-reverse-023	0.00262
Embeddings	reversal-general-forward-024	0.002606
Embeddings	reversal-general-reverse-024	0.002616
Embeddings	reversal-general-forward-025	0.002552
Embeddings	reversal-general-reverse-025	0.002621
Embeddings	reversal-general-forward-026	0.002605
Embeddings	reversal-general-reverse-026	0.002632
Embeddings	reversal-general-forward-027	0.002577
Embeddings	reversal-general-reverse-027	0.002735
Embeddings	reversal-general-forward-028	0.002617
Embeddings	reversal-general-reverse-028	0.002623
Embeddings	reversal-general-forward-029	0.002602
Embeddings	reversal-general-reverse-029	0.002626
Embeddings	reversal-general-forward-030	0.002593
Embeddings	reversal-general-reverse-030	0.002638
Embeddings	reversal-general-forward-031	0.002573
Embeddings	reversal-general-reverse-031	0.002629
Embeddings	reversal-general-forward-032	0.002603
Embeddings	reversal-general-reverse-032	0.002636
Embeddings	reversal-general-forward-033	0.002597
Embeddings	reversal-general-reverse-033	0.002618
Embeddings	reversal-general-forward-034	0.002618
Embeddings	reversal-general-reverse-034	0.002622
Embeddings	reversal-general-forward-035	0.002591
Embeddings	reversal-general-reverse-035	0.002621
Embeddings	reversal-general-forward-036	0.002594
Embeddings	reversal-general-reverse-036	0.002611
Embeddings	reversal-general-forward-037	0.002599
Embeddings	reversal-general-reverse-037	0.002626
Embeddings	reversal-general-forward-038	0.002568
Embeddings	reversal-general-reverse-038	0.002594
Embeddings	reversal-general-forward-039	0.00257
Embeddings	reversal-general-reverse-039	0.002615
Embeddings	reversal-general-forward-040	0.002603
Embeddings	reversal-general-reverse-040	0.00262
Embeddings	reversal-general-forward-041	0.002629
Embeddings	reversal-general-reverse-041	0.002633
Embeddings	reversal-general-forward-042	0.0026
Embeddings	reversal-general-reverse-042	0.002596
Embeddings	reversal-general-forward-043	0.002694
Embeddings	reversal-general-reverse-043	0.002643
Embeddings	reversal-general-forward-044	0.00262
Embeddings	reversal-general-reverse-044	0.002616
Embeddings	reversal-general-forward-045	0.002608
Embeddings	reversal-general-reverse-045	0.002603
Embeddings	reversal-general-forward-046	0.002578
Embeddings	reversal-general-reverse-046	0.002593
Embeddings	reversal-general-forward-047	0.002587
Embeddings	reversal-general-reverse-047	0.002692
Embeddings	reversal-general-forward-048	0.002606
Embeddings	reversal-general-reverse-048	0.002633
Embeddings	reversal-general-forward-049	0.002601
Embeddings	reversal-general-reverse-049	0.00262
Embeddings	reversal-general-forward-050	0.002598
Embeddings	reversal-general-reverse-050	0.002652
Embeddings	reversal-general-forward-051	0.002606
Embeddings	reversal-general-reverse-051	0.002625
Embeddings	reversal-general-forward-052	0.00261
Embeddings	reversal-general-reverse-052	0.002623
Embeddings	reversal-general-forward-053	0.002602
Embeddings	reversal-general-reverse-053	0.002627
Embeddings	reversal-general-forward-054	0.002597
Embeddings	reversal-general-reverse-054	0.002618
Embeddings	reversal-general-forward-055	0.002597
Embeddings	reversal-general-reverse-055	0.00261
Embeddings	reversal-general-forward-056	0.002602
Embeddings	reversal-general-reverse-056	0.0026
Embeddings	reversal-general-forward-057	0.002625
Embeddings	reversal-general-reverse-057	0.002631
Embeddings	reversal-general-forward-058	0.0026
Embeddings	reversal-general-reverse-058	0.002619
Embeddings	reversal-general-forward-059	0.002598
Embeddings	reversal-general-reverse-059	0.002614
Embeddings	reversal-general-forward-060	0.002597
Embeddings	reversal-general-reverse-060	0.002688
Embeddings	reversal-general-forward-061	0.002596
Embeddings	reversal-general-reverse-061	0.002614
Embeddings	reversal-general-forward-062	0.002605
Embeddings	reversal-general-reverse-062	0.002615
Embeddings	reversal-general-forward-063	0.0026
Embeddings	reversal-general-reverse-063	0.002631
Embeddings	reversal-general-forward-064	0.002597
Embeddings	reversal-general-reverse-064	0.002613
Embeddings	reversal-general-forward-065	0.002599
Embeddings	reversal-general-reverse-065	0.002622
Embeddings	reversal-general-forward-066	0.002598
Embeddings	reversal-general-reverse-066	0.002607
Embeddings	reversal-general-forward-067	0.002605
Embeddings	reversal-general-reverse-067	0.002592
Embeddings	reversal-general-forward-068	0.002653
Embeddings	reversal-general-reverse-068	0.002628
Embeddings	reversal-general-forward-069	0.002616
Embeddings	reversal-general-reverse-069	0.002613
Embeddings	reversal-general-forward-070	0.002628
Embeddings	reversal-general-reverse-070	0.002621
Embeddings	reversal-general-forward-071	0.002654
Embeddings	reversal-general-reverse-071	0.002625
Embeddings	reversal-general-forward-072	0.002632
Embeddings	reversal-general-reverse-072	0.002651
Embeddings	reversal-general-forward-073	0.002631
Embeddings	reversal-general-reverse-073	0.002599
Embeddings	reversal-forward-001	0.002625
Embeddings	reversal-reverse-001	0.00262
Embeddings	reversal-forward-002	0.002626
Embeddings	reversal-reverse-002	0.002626
Embeddings	reversal-forward-003	0.002654
Embeddings	reversal-forward-004	0.002626
Embeddings	reversal-reverse-003	0.002618
Embeddings	reversal-forward-005	0.002625
Embeddings	reversal-forward-006	0.002616
Embeddings	reversal-forward-007	0.002628
Embeddings	reversal-forward-008	0.00269
Embeddings	reversal-reverse-004	0.002612
Embeddings	reversal-forward-009	0.002643
Embeddings	reversal-reverse-005	0.002589
Embeddings	reversal-forward-010	0.002631
Embeddings	reversal-reverse-006	0.002549
Embeddings	reversal-forward-011	0.002682
Embeddings	reversal-reverse-007	0.002598
Embeddings	reversal-forward-012	0.002655
Embeddings	reversal-reverse-008	0.002592
Embeddings	reversal-forward-013	0.002656
Embeddings	reversal-reverse-009	0.002582
Embeddings	reversal-forward-014	0.00266
Embeddings	reversal-reverse-010	0.002585
Embeddings	reversal-forward-015	0.002654
Embeddings	reversal-reverse-011	0.002586
Embeddings	reversal-forward-016	0.002638
Embeddings	reversal-reverse-012	0.002616
Embeddings	reversal-forward-017	0.002645
Embeddings	reversal-forward-018	0.002621
Embeddings	reversal-reverse-013	0.002536
Embeddings	reversal-forward-019	0.002604
Embeddings	reversal-forward-020	0.002615
Embeddings	reversal-reverse-014	0.002582
Embeddings	reversal-forward-021	0.002631
Embeddings	reversal-forward-022	0.002648
Embeddings	reversal-reverse-015	0.002604
Embeddings	reversal-forward-023	0.002623
Embeddings	reversal-forward-024	0.002612
Embeddings	reversal-reverse-016	0.002607
Embeddings	reversal-forward-025	0.002613
Embeddings	reversal-forward-026	0.002547
Embeddings	reversal-reverse-017	0.002539
Embeddings	reversal-forward-027	0.002554
Embeddings	reversal-reverse-018	0.00254
Embeddings	reversal-forward-028	0.002612
Embeddings	reversal-reverse-019	0.00254
Embeddings	reversal-forward-029	0.002613
Embeddings	reversal-reverse-020	0.002536
Embeddings	reversal-forward-030	0.002607
Embeddings	reversal-reverse-021	0.002534
Embeddings	reversal-forward-031	0.002606
Embeddings	reversal-reverse-022	0.002535
Embeddings	reversal-forward-032	0.002613
Embeddings	reversal-reverse-023	0.002538
Embeddings	reversal-forward-033	0.002622
Embeddings	reversal-reverse-024	0.002542
Embeddings	reversal-forward-034	0.002923
Embeddings	reversal-reverse-025	0.002554
Embeddings	reversal-forward-035	0.002615
Embeddings	reversal-reverse-026	0.002529
Embeddings	reversal-forward-036	0.002607
Embeddings	reversal-reverse-027	0.002534
Embeddings	reversal-forward-037	0.002604
Embeddings	reversal-reverse-028	0.002529
Embeddings	reverse-singer-to-song-001	0.002635
Embeddings	reverse-singer-to-song-002	0.012994
Embeddings	reverse-singer-to-song-003	0.002623
Embeddings	reverse-singer-to-song-004	0.002615
Embeddings	reverse-singer-to-song-005	0.003726
Embeddings	reverse-singer-to-song-006	0.00264
Embeddings	reverse-singer-to-song-007	0.002646
Embeddings	reverse-singer-to-song-008	0.002674
Embeddings	reverse-singer-to-song-009	0.003164
Embeddings	reverse-singer-to-song-010	0.003079
Embeddings	reverse-singer-to-song-011	0.007989
Embeddings	reverse-singer-to-song-012	0.01427
Embeddings	reverse-singer-to-song-013	0.00275
Embeddings	reverse-singer-to-song-014	0.002655
Embeddings	reverse-singer-to-song-015	0.002653
Embeddings	reverse-singer-to-song-016	0.00289
Embeddings	reverse-singer-to-song-017	0.002653
Embeddings	reverse-singer-to-song-018	0.002677
Embeddings	reverse-singer-to-song-019	0.002656
Embeddings	reverse-singer-to-song-020	0.002646
Embeddings	reverse-singer-to-song-021	0.002639
Embeddings	reverse-singer-to-song-022	0.002641
Embeddings	reverse-singer-to-song-023	0.002658
Embeddings	reverse-singer-to-song-024	0.002648
Embeddings	reverse-singer-to-song-025	0.003009
Embeddings	reverse-singer-to-song-026	0.002652
Embeddings	reverse-singer-to-song-027	0.002644
Embeddings	reverse-singer-to-song-028	0.002653
Embeddings	reverse-singer-to-song-029	0.002608
Embeddings	reverse-singer-to-song-030	0.002602
Embeddings	reverse-singer-to-song-031	0.002597
Embeddings	reverse-singer-to-song-032	0.0026
Embeddings	reverse-singer-to-song-033	0.002601
Embeddings	reverse-singer-to-song-034	0.002601
Embeddings	reverse-singer-to-song-035	0.002599
Embeddings	reverse-singer-to-song-036	0.002606
Embeddings	reverse-singer-to-song-037	0.002596
Embeddings	reverse-singer-to-song-038	0.002597
Embeddings	reverse-singer-to-song-039	0.002599
Embeddings	reverse-singer-to-song-040	0.002599
Embeddings	reverse-album-to-song-001	0.002604
Embeddings	reverse-album-to-song-002	0.00259
Embeddings	reverse-album-to-song-003	0.002607
Embeddings	reverse-album-to-song-004	0.002596
Embeddings	reverse-album-to-song-005	0.002592
Embeddings	reverse-album-to-song-006	0.005702
Embeddings	reverse-album-to-song-007	0.002608
Embeddings	reverse-album-to-song-008	0.002598
Embeddings	reverse-album-to-song-009	0.002629
Embeddings	reverse-album-to-song-010	0.002595
Embeddings	reverse-album-to-song-011	0.002589
Embeddings	reverse-album-to-song-012	0.00259
Embeddings	reverse-album-to-song-013	0.0026
Embeddings	reverse-album-to-song-014	0.002594
Embeddings	reverse-album-to-song-015	0.002597
Embeddings	reverse-album-to-song-016	0.002593
Embeddings	reverse-album-to-song-017	0.002614
Embeddings	reverse-album-to-song-018	0.002622
Embeddings	reverse-album-to-song-019	0.002614
Embeddings	reverse-album-to-song-020	0.002599
Embeddings	reverse-album-to-song-021	0.002599
Embeddings	reverse-album-to-song-022	0.002594
Embeddings	reverse-album-to-song-023	0.002595
Embeddings	reverse-album-to-song-024	0.002618
Embeddings	reverse-album-to-song-025	0.002607
Embeddings	reverse-album-to-song-026	0.002592
Embeddings	reverse-album-to-song-027	0.002592
Embeddings	reverse-album-to-song-028	0.002599
Embeddings	reverse-album-to-song-029	0.002593
Embeddings	reverse-album-to-song-030	0.002586
Embeddings	reverse-album-to-song-031	0.002604
Embeddings	reverse-album-to-song-032	0.002591
Embeddings	reverse-album-to-song-033	0.002591
Embeddings	reverse-album-to-song-034	0.002587
Embeddings	reverse-album-to-song-035	0.002595
Embeddings	reverse-album-to-song-036	0.002591
Embeddings	reverse-album-to-song-037	0.002593
Embeddings	reverse-album-to-song-038	0.002591
Embeddings	reverse-album-to-song-039	0.002883
Embeddings	reverse-album-to-song-040	0.002622
Embeddings	reverse-singer-yes-no-001	0.002498
Embeddings	reverse-singer-yes-no-002	0.002493
Embeddings	reverse-singer-yes-no-003	0.002488
Embeddings	reverse-singer-yes-no-004	0.002489
Embeddings	reverse-singer-yes-no-005	0.002485
Embeddings	reverse-singer-yes-no-006	0.002487
Embeddings	reverse-singer-yes-no-007	0.002489
Embeddings	reverse-singer-yes-no-008	0.002488
Embeddings	reverse-singer-yes-no-009	0.00249
Embeddings	reverse-singer-yes-no-010	0.002492
Embeddings	reverse-singer-yes-no-011	0.002487
Embeddings	reverse-singer-yes-no-012	0.002487
Embeddings	reverse-singer-yes-no-013	0.002489
Embeddings	reverse-singer-yes-no-014	0.002488
Embeddings	reverse-singer-yes-no-015	0.002487
Embeddings	reverse-singer-yes-no-016	0.002486
Embeddings	reverse-singer-yes-no-017	0.002489
Embeddings	reverse-singer-yes-no-018	0.0025
Embeddings	reverse-singer-yes-no-019	0.002494
Embeddings	reverse-singer-yes-no-020	0.002492
Embeddings	reverse-singer-yes-no-021	0.002491
Embeddings	reverse-singer-yes-no-022	0.002492
Embeddings	reverse-singer-yes-no-023	0.002492
Embeddings	reverse-singer-yes-no-024	0.002499
Embeddings	reverse-singer-yes-no-025	0.002494
Embeddings	reverse-singer-yes-no-026	0.002491
Embeddings	reverse-singer-yes-no-027	0.002492
Embeddings	reverse-singer-yes-no-028	0.002487
Embeddings	reverse-singer-yes-no-029	0.002487
Embeddings	reverse-singer-yes-no-030	0.002486
Embeddings	reverse-singer-yes-no-031	0.00249
Embeddings	reverse-singer-yes-no-032	0.002489
Embeddings	shared-lead-shared-lead-001	0.002493
Embeddings	shared-lead-shared-lead-002	0.002487
Embeddings	shared-lead-shared-lead-003	0.002489
Embeddings	shared-lead-shared-lead-004	0.002487
Embeddings	shared-lead-shared-lead-005	0.002488
Embeddings	shared-lead-shared-lead-006	0.002489
Embeddings	shared-lead-shared-lead-007	0.002489
Embeddings	shared-lead-shared-lead-008	0.002489
Embeddings	shared-lead-shared-lead-009	0.002488
Embeddings	shared-lead-shared-lead-010	0.002492
Embeddings	shared-lead-shared-lead-011	0.002488
Embeddings	shared-lead-shared-lead-012	0.002487
Embeddings	shared-lead-shared-lead-013	0.002486
Embeddings	shared-lead-shared-lead-014	0.002488
Embeddings	shared-lead-shared-lead-015	0.002487
Embeddings	shared-lead-shared-lead-016	0.002487
Embeddings	shared-lead-shared-lead-017	0.002488
Embeddings	shared-lead-shared-lead-018	0.002497
Embeddings	shared-lead-shared-lead-019	0.002489
Embeddings	shared-lead-shared-lead-020	0.002488
Embeddings	shared-lead-shared-lead-021	0.00249
Embeddings	shared-lead-shared-lead-022	0.002498
Embeddings	shared-lead-shared-lead-023	0.00249
Embeddings	shared-lead-shared-lead-024	0.002487
Embeddings	shared-lead-shared-lead-025	0.00249
Embeddings	shared-lead-shared-lead-026	0.002486
Embeddings	shared-lead-shared-lead-027	0.002488
Embeddings	shared-lead-shared-lead-028	0.002489
Embeddings	shared-lead-shared-lead-029	0.00249
Embeddings	shared-lead-shared-lead-030	0.00249
Embeddings	shared-lead-shared-lead-031	0.002488
Embeddings	shared-lead-shared-lead-032	0.002489
Embeddings	single-hop-song-album-001	0.002629
Embeddings	single-hop-album-year-001	0.002667
Embeddings	single-hop-song-album-002	0.002604
Embeddings	single-hop-album-year-002	0.002648
Embeddings	single-hop-song-album-003	0.002617
Embeddings	single-hop-album-year-003	0.002665
Embeddings	single-hop-song-album-004	0.002609
Embeddings	single-hop-album-year-004	0.002654
Embeddings	single-hop-song-album-005	0.002596
Embeddings	single-hop-album-year-005	0.00265
Embeddings	single-hop-song-album-006	0.002616
Embeddings	single-hop-song-album-007	0.002595
Embeddings	single-hop-song-album-008	0.002592
Embeddings	single-hop-song-album-009	0.002585
Embeddings	single-hop-album-year-006	0.002651
Embeddings	single-hop-song-album-010	0.002593
Embeddings	single-hop-album-year-007	0.002694
Embeddings	single-hop-song-album-011	0.00258
Embeddings	single-hop-album-year-008	0.002657
Embeddings	single-hop-song-album-012	0.00259
Embeddings	single-hop-song-album-013	0.002587
Embeddings	single-hop-album-year-009	0.002651
Embeddings	single-hop-song-album-014	0.002586
Embeddings	single-hop-album-year-010	0.002724
Embeddings	single-hop-song-album-015	0.002579
Embeddings	single-hop-song-album-016	0.002603
Embeddings	single-hop-song-album-017	0.002593
Embeddings	single-hop-song-album-018	0.002585
Embeddings	single-hop-song-album-019	0.002585
Embeddings	single-hop-song-album-020	0.002582
Embeddings	single-hop-song-album-021	0.002608
Embeddings	single-hop-album-year-011	0.002667
Embeddings	single-hop-song-album-022	0.00259
Embeddings	single-hop-song-album-023	0.00259
Embeddings	single-hop-album-year-012	0.002654
Embeddings	single-hop-song-album-024	0.002581
Embeddings	single-hop-song-album-025	0.003003
Embeddings	single-hop-album-year-013	0.002663
Embeddings	single-hop-song-album-026	0.002603
Embeddings	single-hop-song-album-027	0.002599
Embeddings	single-hop-song-album-028	0.0026
Embeddings	single-hop-song-album-029	0.002599
Embeddings	single-hop-song-album-030	0.002604
Embeddings	single-hop-song-album-031	0.002584
Embeddings	single-hop-song-album-032	0.00259
Embeddings	single-hop-song-album-033	0.002581
Embeddings	single-hop-song-album-034	0.002585
Embeddings	single-hop-song-album-035	0.00257
Embeddings	single-hop-song-album-036	0.002597
Embeddings	single-hop-song-album-037	0.002587
Embeddings	single-hop-song-album-038	0.002598
Embeddings	single-hop-song-album-039	0.002596
Embeddings	single-hop-song-album-040	0.002598
Embeddings	single-hop-song-album-041	0.002593
Embeddings	single-hop-song-album-042	0.002591
Embeddings	single-hop-song-album-043	0.002579
Embeddings	single-hop-song-album-044	0.002595
Embeddings	single-hop-song-album-045	0.002586
Embeddings	single-hop-song-album-046	0.002587
Embeddings	single-hop-song-album-047	0.00259
Embeddings	single-hop-song-album-048	0.002582
Embeddings	single-hop-song-album-049	0.002598
Embeddings	single-hop-song-album-050	0.002594
Embeddings	single-hop-song-album-051	0.002589
Embeddings	single-hop-song-album-052	0.002586
Embeddings	single-hop-song-album-053	0.002592
Embeddings	single-hop-song-album-054	0.002575
Embeddings	single-hop-song-album-055	0.002583
Embeddings	single-hop-song-album-056	0.002576
Embeddings	single-hop-song-album-057	0.002574
Embeddings	single-hop-song-album-058	0.002588
Embeddings	single-hop-song-album-059	0.002583
Embeddings	single-hop-song-album-060	0.002597
Embeddings	single-hop-song-month-001	0.002578
Embeddings	single-hop-event-month-001	0.00258
Embeddings	single-hop-song-month-002	0.00258
Embeddings	single-hop-event-month-002	0.002563
Embeddings	single-hop-song-month-003	0.002708
Embeddings	single-hop-event-month-003	0.00258
Embeddings	single-hop-song-month-004	0.002589
Embeddings	single-hop-event-month-004	0.002571
Embeddings	single-hop-song-month-005	0.002581
Embeddings	single-hop-event-month-005	0.002565
Embeddings	single-hop-song-month-006	0.002579
Embeddings	single-hop-event-month-006	0.002577
Embeddings	single-hop-song-month-007	0.002574
Embeddings	single-hop-event-month-007	0.002614
Embeddings	single-hop-song-month-008	0.002591
Embeddings	single-hop-event-month-008	0.003313
Embeddings	single-hop-song-month-009	0.002583
Embeddings	single-hop-event-month-009	0.002586
Embeddings	single-hop-song-month-010	0.002582
Embeddings	single-hop-event-month-010	0.002574
Embeddings	single-hop-song-month-011	0.002581
Embeddings	single-hop-event-month-011	0.00256
Embeddings	single-hop-song-month-012	0.002581
Embeddings	single-hop-event-month-012	0.002565
Embeddings	single-hop-song-month-013	0.002574
Embeddings	single-hop-event-month-013	0.002571
Embeddings	single-hop-song-month-014	0.002588
Embeddings	single-hop-event-month-014	0.002569
Embeddings	single-hop-song-month-015	0.00258
Embeddings	single-hop-song-month-016	0.002579
Embeddings	single-hop-event-month-015	0.002566
Embeddings	single-hop-song-month-017	0.002582
Embeddings	single-hop-event-month-016	0.002562
Embeddings	single-hop-song-month-018	0.002584
Embeddings	single-hop-event-month-017	0.002569
Embeddings	single-hop-song-month-019	0.00259
Embeddings	single-hop-event-month-018	0.002558
Embeddings	single-hop-song-month-020	0.00258
Embeddings	single-hop-event-month-019	0.002564
Embeddings	single-hop-song-month-021	0.002574
Embeddings	single-hop-event-month-020	0.002569
Embeddings	single-hop-song-month-022	0.002578
Embeddings	single-hop-event-month-021	0.002564
Embeddings	single-hop-song-month-023	0.002579
Embeddings	single-hop-event-month-022	0.002584
Embeddings	single-hop-song-month-024	0.002589
Embeddings	single-hop-event-month-023	0.002578
Embeddings	single-hop-song-month-025	0.002578
Embeddings	single-hop-event-month-024	0.002563
Embeddings	single-hop-song-month-026	0.002576
Embeddings	single-hop-song-month-027	0.002572
Embeddings	single-hop-song-month-028	0.002577
Embeddings	single-hop-event-month-025	0.002572
Embeddings	single-hop-song-month-029	0.002584
Embeddings	single-hop-event-month-026	0.002568
Embeddings	single-hop-song-month-030	0.00258
Embeddings	single-hop-event-month-027	0.002567
Embeddings	single-hop-song-month-031	0.002569
Embeddings	single-hop-event-month-028	0.002566
Embeddings	single-hop-song-month-032	0.002578
Embeddings	single-hop-event-month-029	0.002574
Embeddings	single-hop-song-month-033	0.002574
Embeddings	single-hop-event-month-030	0.002595
Embeddings	single-hop-song-month-034	0.002592
Embeddings	single-hop-event-month-031	0.002583
Embeddings	single-hop-song-month-035	0.002575
Embeddings	single-hop-event-month-032	0.002567
Embeddings	single-hop-song-month-036	0.002575
Embeddings	single-hop-event-month-033	0.002569
Embeddings	single-hop-song-month-037	0.002573
Embeddings	single-hop-event-month-034	0.002581
Embeddings	single-hop-song-month-038	0.002584
Embeddings	single-hop-event-month-035	0.002567
Embeddings	single-hop-song-month-039	0.002576
Embeddings	single-hop-event-month-036	0.002572
Embeddings	single-hop-song-month-040	0.002577
Embeddings	single-hop-event-month-037	0.00258
Embeddings	single-hop-song-month-041	0.002575
Embeddings	single-hop-song-month-042	0.002575
Embeddings	single-hop-event-month-038	0.002585
Embeddings	single-hop-song-month-043	0.002579
Embeddings	single-hop-event-month-039	0.00258
Embeddings	single-hop-song-month-044	0.002587
Embeddings	single-hop-event-month-040	0.002558
Embeddings	single-hop-song-month-045	0.002592
Embeddings	single-hop-event-month-041	0.002565
Embeddings	single-hop-song-month-046	0.002577
Embeddings	single-hop-event-month-042	0.002561
Embeddings	single-hop-song-month-047	0.002585
Embeddings	single-hop-event-month-043	0.002566
Embeddings	single-hop-song-month-048	0.00258
Embeddings	single-hop-event-month-044	0.002576
Embeddings	single-hop-event-month-045	0.002563
Embeddings	single-hop-event-month-046	0.002565
Embeddings	single-hop-event-month-047	0.002568
Embeddings	single-hop-song-month-049	0.002575
Embeddings	single-hop-event-month-048	0.002557
Embeddings	single-hop-song-month-050	0.002585
Embeddings	single-hop-event-month-049	0.002566
Embeddings	single-hop-song-month-051	0.002581
Embeddings	single-hop-event-month-050	0.002569
Embeddings	single-hop-song-month-052	0.002582
Embeddings	single-hop-event-month-051	0.002566
Embeddings	single-hop-song-month-053	0.002573
Embeddings	single-hop-event-month-052	0.002564
Embeddings	single-hop-song-month-054	0.00257
Embeddings	single-hop-event-month-053	0.002573
Embeddings	single-hop-song-month-055	0.002574
Embeddings	single-hop-song-month-056	0.002578
Embeddings	single-hop-song-month-057	0.002576
Embeddings	single-hop-event-month-054	0.002567
Embeddings	single-hop-song-month-058	0.002573
Embeddings	single-hop-song-month-059	0.002572
Embeddings	single-hop-event-month-055	0.002558
Embeddings	single-hop-song-month-060	0.002577
Embeddings	single-hop-event-month-056	0.002577
Embeddings	single-hop-song-month-061	0.002621
Embeddings	single-hop-song-month-062	0.002579
Embeddings	single-hop-song-month-063	0.002575
Embeddings	single-hop-event-month-057	0.00257
Embeddings	single-hop-song-month-064	0.002579
Embeddings	single-hop-song-month-065	0.002575
Embeddings	single-hop-event-month-058	0.002576
Embeddings	single-hop-event-month-059	0.002584
Embeddings	single-hop-song-month-066	0.002586
Embeddings	single-hop-event-month-060	0.002561
Embeddings	single-hop-song-month-067	0.002579
Embeddings	single-hop-event-month-061	0.002562
Embeddings	single-hop-song-month-068	0.002579
Embeddings	single-hop-song-month-069	0.002578
Embeddings	single-hop-event-month-062	0.002563
Embeddings	single-hop-song-month-070	0.002577
Embeddings	single-hop-event-month-063	0.002588
Embeddings	single-hop-song-month-071	0.002587
Embeddings	single-hop-song-month-072	0.002574
Embeddings	single-hop-song-month-073	0.002575
Embeddings	single-hop-event-month-064	0.002561
Embeddings	single-hop-song-month-074	0.002582
Embeddings	single-hop-event-month-065	0.002555
Embeddings	single-hop-song-month-075	0.002579
Embeddings	single-hop-song-month-076	0.002567
Embeddings	single-hop-song-month-077	0.002588
Embeddings	single-hop-song-month-078	0.002572
Embeddings	single-hop-event-month-066	0.002571
Embeddings	single-hop-song-month-079	0.00258
Embeddings	single-hop-event-month-067	0.002572
Embeddings	single-hop-song-month-080	0.002577
Embeddings	single-hop-song-month-081	0.002578
Embeddings	single-hop-event-month-068	0.002566
Embeddings	single-hop-song-month-082	0.00257
Embeddings	single-hop-event-month-069	0.002584
Embeddings	single-hop-song-month-083	0.002573
Embeddings	single-hop-event-month-070	0.00256
Embeddings	single-hop-song-month-084	0.002573
Embeddings	single-hop-event-month-071	0.00257
Embeddings	single-hop-song-month-085	0.002585
Embeddings	single-hop-song-month-086	0.002571
Embeddings	single-hop-event-month-072	0.002558
Embeddings	single-hop-song-month-087	0.002571
Embeddings	single-hop-song-month-088	0.002587
Embeddings	single-hop-song-month-089	0.002584
Embeddings	single-hop-song-month-090	0.002572
Embeddings	single-hop-song-month-091	0.002576
Embeddings	single-hop-song-month-092	0.002578
Embeddings	single-hop-song-month-093	0.002577
Embeddings	single-hop-song-month-094	0.002573
Embeddings	single-hop-event-month-073	0.002572
Embeddings	single-hop-song-month-095	0.002581
Embeddings	single-hop-event-month-074	0.002579
Embeddings	single-hop-song-month-096	0.00258
Embeddings	single-hop-song-month-097	0.002581
Embeddings	single-hop-event-month-075	0.002559
Embeddings	single-hop-song-month-098	0.00258
Embeddings	single-hop-song-month-099	0.002576
Embeddings	single-hop-event-month-076	0.002563
Hybrid	comparison-longer-001	0.000831
Hybrid	comparison-longer-002	0.000429
Hybrid	comparison-longer-003	0.000421
Hybrid	comparison-longer-004	0.00042
Hybrid	comparison-longer-005	0.000439
Hybrid	comparison-longer-006	0.000442
Hybrid	comparison-longer-007	0.000423
Hybrid	comparison-longer-008	0.000411
Hybrid	comparison-longer-009	0.000418
Hybrid	comparison-longer-010	0.000458
Hybrid	comparison-longer-011	0.000648
Hybrid	comparison-longer-012	0.000426
Hybrid	comparison-longer-013	0.000422
Hybrid	comparison-longer-014	0.000471
Hybrid	comparison-longer-015	0.000432
Hybrid	comparison-longer-016	0.000423
Hybrid	comparison-longer-017	0.000384
Hybrid	comparison-longer-018	0.000418
Hybrid	comparison-longer-019	0.000422
Hybrid	comparison-longer-020	0.000403
Hybrid	comparison-longer-021	0.000439
Hybrid	comparison-longer-022	0.000429
Hybrid	comparison-longer-023	0.000488
Hybrid	comparison-longer-024	0.000412
Hybrid	comparison-longer-025	0.000418
Hybrid	comparison-longer-026	0.000404
Hybrid	comparison-longer-027	0.00039
Hybrid	comparison-longer-028	0.000401
Hybrid	comparison-longer-029	0.000403
Hybrid	comparison-longer-030	0.000388
Hybrid	comparison-longer-031	0.000389
Hybrid	comparison-longer-032	0.000406
Hybrid	comparison-longer-033	0.000403
Hybrid	comparison-longer-034	0.000405
Hybrid	comparison-longer-035	0.000384
Hybrid	comparison-longer-036	0.000389
Hybrid	comparison-longer-037	0.000387
Hybrid	comparison-longer-038	0.000398
Hybrid	comparison-longer-039	0.000381
Hybrid	comparison-longer-040	0.000402
Hybrid	comparison-longer-041	0.000387
Hybrid	comparison-longer-042	0.000389
Hybrid	comparison-longer-043	0.000419
Hybrid	comparison-longer-044	0.000385
Hybrid	comparison-longer-045	0.000385
Hybrid	comparison-longer-046	0.000397
Hybrid	comparison-longer-047	0.000388
Hybrid	comparison-longer-048	0.000383
Hybrid	comparison-longer-049	0.000376
Hybrid	comparison-longer-050	0.00038
Hybrid	comparison-longer-051	0.000387
Hybrid	comparison-longer-052	0.000373
Hybrid	comparison-longer-053	0.000388
Hybrid	comparison-longer-054	0.000393
Hybrid	comparison-longer-055	0.000401
Hybrid	comparison-longer-056	0.000377
Hybrid	comparison-longer-057	0.000387
Hybrid	comparison-longer-058	0.000399
Hybrid	comparison-longer-059	0.000383
Hybrid	comparison-longer-060	0.000384
Hybrid	forward-singer-001	0.000436
Hybrid	forward-singer-002	0.000428
Hybrid	forward-singer-003	0.00043
Hybrid	forward-singer-004	0.000428
Hybrid	forward-singer-005	0.000437
Hybrid	forward-singer-006	0.000429
Hybrid	forward-singer-007	0.000438
Hybrid	forward-singer-008	0.000429
Hybrid	forward-singer-009	0.000436
Hybrid	forward-singer-010	0.000482
Hybrid	forward-singer-011	0.000488
Hybrid	forward-singer-012	0.000479
Hybrid	forward-singer-013	0.000467
Hybrid	forward-singer-014	0.000453
Hybrid	forward-singer-015	0.000467
Hybrid	forward-singer-016	0.000458
Hybrid	forward-singer-017	0.000486
Hybrid	forward-singer-018	0.000475
Hybrid	forward-singer-019	0.000476
Hybrid	forward-singer-020	0.000464
Hybrid	forward-singer-021	0.000605
Hybrid	forward-singer-022	0.000405
Hybrid	forward-singer-023	0.000416
Hybrid	forward-singer-024	0.000441
Hybrid	forward-singer-025	0.000474
Hybrid	forward-singer-026	0.000453
Hybrid	forward-singer-027	0.000476
Hybrid	forward-singer-028	0.000487
Hybrid	forward-singer-029	0.000483
Hybrid	forward-singer-030	0.000469
Hybrid	forward-singer-031	0.000438
Hybrid	forward-singer-032	0.00047
Hybrid	forward-singer-033	0.000462
Hybrid	forward-singer-034	0.000458
Hybrid	forward-singer-035	0.000465
Hybrid	forward-singer-036	0.000467
Hybrid	forward-singer-037	0.000452
Hybrid	forward-singer-038	0.000457
Hybrid	forward-singer-039	0.000462
Hybrid	forward-singer-040	0.000448
Hybrid	forward-singer-041	0.000449
Hybrid	forward-singer-042	0.000454
Hybrid	forward-singer-043	0.000446
Hybrid	forward-singer-044	0.000441
Hybrid	forward-singer-045	0.000468
Hybrid	forward-singer-046	0.000463
Hybrid	forward-singer-047	0.000456
Hybrid	forward-singer-048	0.00044
Hybrid	forward-singer-049	0.000426
Hybrid	forward-singer-050	0.00041
Hybrid	forward-singer-051	0.000439
Hybrid	forward-singer-052	0.000422
Hybrid	forward-singer-053	0.000418
Hybrid	forward-singer-054	0.000427
Hybrid	forward-singer-055	0.000417
Hybrid	forward-singer-056	0.000421
Hybrid	forward-singer-057	0.000427
Hybrid	forward-album-001	0.000453
Hybrid	forward-album-002	0.000472
Hybrid	forward-album-003	0.00047
Hybrid	forward-album-004	0.000456
Hybrid	forward-album-005	0.00046
Hybrid	forward-album-006	0.000664
Hybrid	forward-album-007	0.000503
Hybrid	forward-album-008	0.000485
Hybrid	forward-album-009	0.00049
Hybrid	forward-album-010	0.000495
Hybrid	forward-album-011	0.00049
Hybrid	forward-album-012	0.000456
Hybrid	forward-album-013	0.000476
Hybrid	forward-album-014	0.000464
Hybrid	forward-album-015	0.000446
Hybrid	forward-album-016	0.000453
Hybrid	forward-album-017	0.000461
Hybrid	forward-album-018	0.000471
Hybrid	forward-album-019	0.000472
Hybrid	forward-album-020	0.000479
Hybrid	forward-album-021	0.000494
Hybrid	forward-album-022	0.000478
Hybrid	forward-album-023	0.000646
Hybrid	forward-album-024	0.000496
Hybrid	forward-album-025	0.000521
Hybrid	forward-album-026	0.000478
Hybrid	forward-album-027	0.000478
Hybrid	forward-album-028	0.000484
Hybrid	forward-album-029	0.000473
Hybrid	forward-album-030	0.00047
Hybrid	forward-album-031	0.00047
Hybrid	forward-album-032	0.000453
Hybrid	forward-album-033	0.000482
Hybrid	forward-album-034	0.000474
Hybrid	forward-album-035	0.00046
Hybrid	forward-album-036	0.000454
Hybrid	forward-album-037	0.000475
Hybrid	forward-album-038	0.000483
Hybrid	forward-album-039	0.000477
Hybrid	forward-album-040	0.000491
Hybrid	forward-album-041	0.00047
Hybrid	forward-album-042	0.000475
Hybrid	forward-album-043	0.000491
Hybrid	forward-album-044	0.000492
Hybrid	forward-album-045	0.000486
Hybrid	forward-album-046	0.000466
Hybrid	forward-album-047	0.000458
Hybrid	forward-album-048	0.00046
Hybrid	forward-album-049	0.000473
Hybrid	forward-album-050	0.000506
Hybrid	forward-album-051	0.00046
Hybrid	forward-album-052	0.000479
Hybrid	forward-album-053	0.000463
Hybrid	forward-album-054	0.000468
Hybrid	forward-album-055	0.000456
Hybrid	forward-album-056	0.000493
Hybrid	forward-album-057	0.00048
Hybrid	forward-album-058	0.000476
Hybrid	forward-album-059	0.00047
Hybrid	forward-album-060	0.000477
Hybrid	forward-songwriter-001	0.000465
Hybrid	forward-songwriter-002	0.000488
Hybrid	forward-songwriter-003	0.000444
Hybrid	forward-songwriter-004	0.000427
Hybrid	forward-songwriter-005	0.000415
Hybrid	forward-songwriter-006	0.00042
Hybrid	forward-songwriter-007	0.000418
Hybrid	forward-songwriter-008	0.000428
Hybrid	forward-songwriter-009	0.000439
Hybrid	forward-songwriter-010	0.000465
Hybrid	forward-songwriter-011	0.000435
Hybrid	forward-songwriter-012	0.000446
Hybrid	forward-songwriter-013	0.00045
Hybrid	forward-songwriter-014	0.000461
Hybrid	forward-songwriter-015	0.000459
Hybrid	forward-songwriter-016	0.000454
Hybrid	forward-songwriter-017	0.000457
Hybrid	forward-songwriter-018	0.000445
Hybrid	forward-songwriter-019	0.000446
Hybrid	forward-songwriter-020	0.000443
Hybrid	forward-songwriter-021	0.000452
Hybrid	forward-songwriter-022	0.000446
Hybrid	forward-songwriter-023	0.000458
Hybrid	forward-songwriter-024	0.00044
Hybrid	forward-songwriter-025	0.00044
Hybrid	forward-songwriter-026	0.00045
Hybrid	forward-songwriter-027	0.000445
Hybrid	forward-songwriter-028	0.000455
Hybrid	forward-songwriter-029	0.000441
Hybrid	forward-songwriter-030	0.000528
Hybrid	forward-songwriter-031	0.000461
Hybrid	forward-songwriter-032	0.000469
Hybrid	forward-songwriter-033	0.000463
Hybrid	forward-songwriter-034	0.000459
Hybrid	forward-songwriter-035	0.00044
Hybrid	forward-songwriter-036	0.000468
Hybrid	forward-songwriter-037	0.000445
Hybrid	forward-songwriter-038	0.000439
Hybrid	forward-songwriter-039	0.000434
Hybrid	forward-songwriter-040	0.000499
Hybrid	forward-songwriter-041	0.000431
Hybrid	forward-songwriter-042	0.000426
Hybrid	forward-songwriter-043	0.000438
Hybrid	forward-songwriter-044	0.000416
Hybrid	forward-songwriter-045	0.000423
Hybrid	forward-songwriter-046	0.000423
Hybrid	forward-songwriter-047	0.000434
Hybrid	forward-year-001	0.000552
Hybrid	forward-year-002	0.000602
Hybrid	forward-year-003	0.000582
Hybrid	forward-year-004	0.000599
Hybrid	forward-year-005	0.000605
Hybrid	forward-year-006	0.000617
Hybrid	forward-year-007	0.000598
Hybrid	forward-year-008	0.000578
Hybrid	forward-year-009	0.00061
Hybrid	forward-year-010	0.000624
Hybrid	forward-year-011	0.000633
Hybrid	forward-year-012	0.000592
Hybrid	forward-year-013	0.000566
Hybrid	forward-year-014	0.000593
Hybrid	forward-year-015	0.000586
Hybrid	forward-year-016	0.000583
Hybrid	forward-year-017	0.00057
Hybrid	forward-year-018	0.000575
Hybrid	forward-year-019	0.000614
Hybrid	forward-year-020	0.000584
Hybrid	forward-year-021	0.000598
Hybrid	forward-year-022	0.000577
Hybrid	forward-year-023	0.000591
Hybrid	forward-year-024	0.000587
Hybrid	forward-year-025	0.000586
Hybrid	forward-year-026	0.000625
Hybrid	forward-year-027	0.000593
Hybrid	forward-year-028	0.000639
Hybrid	forward-year-029	0.000626
Hybrid	forward-year-030	0.000608
Hybrid	forward-year-031	0.00061
Hybrid	forward-year-032	0.000602
Hybrid	forward-year-033	0.000624
Hybrid	forward-year-034	0.000585
Hybrid	forward-year-035	0.000628
Hybrid	forward-year-036	0.00089
Hybrid	forward-year-037	0.000616
Hybrid	forward-year-038	0.000753
Hybrid	forward-year-039	0.000615
Hybrid	forward-year-040	0.000696
Hybrid	forward-year-041	0.000718
Hybrid	forward-year-042	0.000644
Hybrid	forward-year-043	0.000621
Hybrid	forward-year-044	0.000617
Hybrid	forward-year-045	0.000627
Hybrid	forward-year-046	0.000867
Hybrid	forward-year-047	0.000799
Hybrid	forward-year-048	0.000768
Hybrid	forward-year-049	0.000623
Hybrid	forward-year-050	0.000611
Hybrid	forward-year-051	0.000615
Hybrid	forward-year-052	0.000628
Hybrid	forward-year-053	0.000687
Hybrid	forward-year-054	0.000634
Hybrid	forward-year-055	0.000611
Hybrid	forward-year-056	0.00059
Hybrid	forward-year-057	0.001048
Hybrid	forward-year-058	0.000806
Hybrid	forward-year-059	0.000603
Hybrid	forward-year-060	0.000473
Hybrid	lead-set-john-001	0.000335
Hybrid	lead-set-paul-001	0.00033
Hybrid	lead-set-george-001	0.000325
Hybrid	lead-set-ringo-001	0.000323
Hybrid	lead-set-john-002	0.000325
Hybrid	lead-set-paul-002	0.000322
Hybrid	lead-set-george-002	0.000322
Hybrid	lead-set-ringo-002	0.00032
Hybrid	lead-set-john-003	0.000322
Hybrid	lead-set-paul-003	0.000324
Hybrid	lead-set-george-003	0.00032
Hybrid	lead-set-ringo-003	0.000321
Hybrid	lead-set-john-004	0.000324
Hybrid	lead-set-paul-004	0.000322
Hybrid	lead-set-george-004	0.000322
Hybrid	lead-set-ringo-004	0.000322
Hybrid	lead-set-john-005	0.000322
Hybrid	lead-set-paul-005	0.000321
Hybrid	lead-set-george-005	0.000321
Hybrid	lead-set-ringo-005	0.00032
Hybrid	lead-set-john-006	0.000323
Hybrid	lead-set-paul-006	0.000321
Hybrid	lead-set-george-006	0.000321
Hybrid	lead-set-ringo-006	0.000337
Hybrid	lead-set-john-007	0.000324
Hybrid	lead-set-paul-007	0.000322
Hybrid	lead-set-george-007	0.000478
Hybrid	lead-set-ringo-007	0.000324
Hybrid	lead-set-john-008	0.000326
Hybrid	lead-set-paul-008	0.000324
Hybrid	lead-set-george-008	0.000323
Hybrid	lead-set-ringo-008	0.000322
Hybrid	lead-set-john-009	0.000323
Hybrid	lead-set-paul-009	0.000321
Hybrid	lead-set-george-009	0.000321
Hybrid	lead-set-ringo-009	0.000321
Hybrid	lead-set-john-010	0.000323
Hybrid	lead-set-paul-010	0.000322
Hybrid	lead-set-george-010	0.000321
Hybrid	lead-set-ringo-010	0.000321
Hybrid	lead-set-john-011	0.000323
Hybrid	lead-set-paul-011	0.000322
Hybrid	lead-set-george-011	0.000321
Hybrid	lead-set-ringo-011	0.000323
Hybrid	lead-set-john-012	0.000327
Hybrid	lead-set-paul-012	0.000325
Hybrid	lead-set-george-012	0.000323
Hybrid	lead-set-ringo-012	0.000323
Hybrid	lead-set-john-013	0.000323
Hybrid	lead-set-paul-013	0.000321
Hybrid	lead-set-george-013	0.000321
Hybrid	lead-set-ringo-013	0.000321
Hybrid	lead-set-john-014	0.000322
Hybrid	lead-set-paul-014	0.000321
Hybrid	lead-set-george-014	0.000321
Hybrid	lead-set-ringo-014	0.00032
Hybrid	lead-set-john-015	0.000322
Hybrid	lead-set-paul-015	0.000322
Hybrid	lead-set-george-015	0.000321
Hybrid	lead-set-ringo-015	0.000322
Hybrid	lead-set-john-016	0.000325
Hybrid	lead-set-paul-016	0.000323
Hybrid	lead-set-george-016	0.000322
Hybrid	lead-set-ringo-016	0.000322
Hybrid	lead-set-john-017	0.000323
Hybrid	lead-set-paul-017	0.000321
Hybrid	lead-set-george-017	0.00032
Hybrid	lead-set-ringo-017	0.00032
Hybrid	lead-set-john-018	0.000337
Hybrid	lead-set-paul-018	0.000382
Hybrid	lead-set-george-018	0.000346
Hybrid	lead-set-ringo-018	0.00034
Hybrid	lead-set-john-019	0.000334
Hybrid	lead-set-paul-019	0.000339
Hybrid	lead-set-george-019	0.000341
Hybrid	lead-set-ringo-019	0.000341
Hybrid	lead-set-john-020	0.000343
Hybrid	lead-set-paul-020	0.000339
Hybrid	lead-set-george-020	0.000323
Hybrid	lead-set-ringo-020	0.000331
Hybrid	lead-set-john-021	0.000344
Hybrid	lead-set-paul-021	0.00034
Hybrid	lead-set-george-021	0.000341
Hybrid	lead-set-ringo-021	0.000341
Hybrid	lead-set-john-022	0.000354
Hybrid	lead-set-paul-022	0.00033
Hybrid	lead-set-george-022	0.000327
Hybrid	lead-set-ringo-022	0.000327
Hybrid	lead-set-john-023	0.000337
Hybrid	lead-set-paul-023	0.000342
Hybrid	lead-set-george-023	0.000343
Hybrid	lead-set-ringo-023	0.000339
Hybrid	lead-set-john-024	0.00034
Hybrid	lead-set-paul-024	0.000334
Hybrid	lead-set-george-024	0.000331
Hybrid	lead-set-ringo-024	0.000331
Hybrid	lead-set-john-025	0.000332
Hybrid	lead-set-paul-025	0.000331
Hybrid	lead-set-george-025	0.00033
Hybrid	lead-set-ringo-025	0.000331
Hybrid	lead-set-john-026	0.000332
Hybrid	lead-set-paul-026	0.000332
Hybrid	lead-set-george-026	0.000331
Hybrid	lead-set-ringo-026	0.000331
Hybrid	lexical-trap-control-album-to-song-001	0.00049
Hybrid	lexical-trap-control-event-to-song-001	0.000491
Hybrid	lexical-trap-control-album-to-song-002	0.00051
Hybrid	lexical-trap-control-event-to-song-002	0.000512
Hybrid	lexical-trap-control-event-to-song-003	0.000485
Hybrid	lexical-trap-control-album-to-song-003	0.000478
Hybrid	lexical-trap-control-song-to-album-001	0.000478
Hybrid	lexical-trap-control-album-to-song-004	0.000487
Hybrid	lexical-trap-control-event-to-song-004	0.000462
Hybrid	lexical-trap-control-album-to-song-005	0.000463
Hybrid	lexical-trap-control-album-to-song-006	0.00047
Hybrid	lexical-trap-control-album-to-song-007	0.000744
Hybrid	lexical-trap-control-album-to-song-008	0.00048
Hybrid	lexical-trap-control-album-to-song-009	0.000488
Hybrid	lexical-trap-control-song-to-album-002	0.00049
Hybrid	lexical-trap-control-event-to-song-005	0.000478
Hybrid	lexical-trap-control-album-to-song-010	0.000484
Hybrid	lexical-trap-control-song-to-album-003	0.000696
Hybrid	lexical-trap-control-album-to-song-011	0.000461
Hybrid	lexical-trap-control-event-to-song-006	0.000455
Hybrid	lexical-trap-control-album-to-song-012	0.000446
Hybrid	lexical-trap-control-album-to-song-013	0.000466
Hybrid	lexical-trap-control-album-to-song-014	0.000582
Hybrid	lexical-trap-control-album-to-song-015	0.001051
Hybrid	lexical-trap-control-album-to-song-016	0.001084
Hybrid	lexical-trap-control-album-to-song-017	0.00066
Hybrid	lexical-trap-control-album-to-song-018	0.000467
Hybrid	lexical-trap-control-album-to-song-019	0.000474
Hybrid	lexical-trap-control-event-to-song-007	0.000582
Hybrid	lexical-trap-control-album-to-song-020	0.000494
Hybrid	lexical-trap-control-album-to-song-021	0.000474
Hybrid	lexical-trap-control-song-to-album-004	0.000454
Hybrid	lexical-trap-control-album-to-song-022	0.000464
Hybrid	lexical-trap-control-album-to-song-023	0.000476
Hybrid	lexical-trap-control-album-to-song-024	0.000478
Hybrid	lexical-trap-control-album-to-song-025	0.000456
Hybrid	lexical-trap-control-album-to-song-026	0.000465
Hybrid	lexical-trap-control-album-to-song-027	0.000456
Hybrid	lexical-trap-control-song-to-album-005	0.000461
Hybrid	lexical-trap-control-album-to-song-028	0.000451
Hybrid	lexical-trap-control-album-to-song-029	0.000451
Hybrid	lexical-trap-control-album-to-song-030	0.000454
Hybrid	lexical-trap-control-song-to-album-006	0.000482
Hybrid	lexical-trap-control-song-to-album-007	0.000452
Hybrid	lexical-trap-control-song-to-album-008	0.000453
Hybrid	lexical-trap-control-song-to-album-009	0.000467
Hybrid	lexical-trap-control-event-to-song-008	0.000465
Hybrid	lexical-trap-control-event-to-song-009	0.00046
Hybrid	lexical-trap-control-album-to-song-031	0.000495
Hybrid	lexical-trap-control-album-to-song-032	0.000461
Hybrid	lexical-trap-control-song-to-album-010	0.000463
Hybrid	lexical-trap-control-song-to-album-011	0.000468
Hybrid	lexical-trap-control-album-to-song-033	0.000455
Hybrid	lexical-trap-control-album-to-song-034	0.000467
Hybrid	lexical-trap-album-to-song-001	0.000462
Hybrid	lexical-trap-event-to-song-001	0.000536
Hybrid	lexical-trap-album-to-song-002	0.000558
Hybrid	lexical-trap-event-to-song-002	0.000472
Hybrid	lexical-trap-event-to-song-003	0.000471
Hybrid	lexical-trap-album-to-song-003	0.000458
Hybrid	lexical-trap-song-to-album-001	0.000732
Hybrid	lexical-trap-album-to-song-004	0.000469
Hybrid	lexical-trap-event-to-song-004	0.000559
Hybrid	lexical-trap-album-to-song-005	0.000533
Hybrid	lexical-trap-album-to-song-006	0.000458
Hybrid	lexical-trap-album-to-song-007	0.000567
Hybrid	lexical-trap-album-to-song-008	0.000769
Hybrid	lexical-trap-album-to-song-009	0.001122
Hybrid	lexical-trap-song-to-album-002	0.001068
Hybrid	lexical-trap-event-to-song-005	0.000514
Hybrid	lexical-trap-album-to-song-010	0.000503
Hybrid	lexical-trap-song-to-album-003	0.000507
Hybrid	lexical-trap-album-to-song-011	0.000476
Hybrid	lexical-trap-event-to-song-006	0.000465
Hybrid	lexical-trap-album-to-song-012	0.000491
Hybrid	lexical-trap-album-to-song-013	0.000527
Hybrid	lexical-trap-album-to-song-014	0.00052
Hybrid	lexical-trap-album-to-song-015	0.000475
Hybrid	lexical-trap-album-to-song-016	0.000435
Hybrid	lexical-trap-album-to-song-017	0.000529
Hybrid	lexical-trap-album-to-song-018	0.000481
Hybrid	lexical-trap-album-to-song-019	0.000515
Hybrid	lexical-trap-event-to-song-007	0.000498
Hybrid	lexical-trap-album-to-song-020	0.000493
Hybrid	lexical-trap-album-to-song-021	0.000503
Hybrid	lexical-trap-song-to-album-004	0.000506
Hybrid	lexical-trap-album-to-song-022	0.000522
Hybrid	lexical-trap-album-to-song-023	0.000511
Hybrid	lexical-trap-album-to-song-024	0.000517
Hybrid	lexical-trap-album-to-song-025	0.000503
Hybrid	lexical-trap-album-to-song-026	0.000493
Hybrid	lexical-trap-album-to-song-027	0.0005
Hybrid	lexical-trap-song-to-album-005	0.000483
Hybrid	lexical-trap-album-to-song-028	0.000458
Hybrid	lexical-trap-album-to-song-029	0.000437
Hybrid	lexical-trap-album-to-song-030	0.000442
Hybrid	lexical-trap-song-to-album-006	0.000475
Hybrid	lexical-trap-song-to-album-007	0.000491
Hybrid	lexical-trap-song-to-album-008	0.000451
Hybrid	lexical-trap-song-to-album-009	0.000443
Hybrid	lexical-trap-event-to-song-008	0.000453
Hybrid	lexical-trap-event-to-song-009	0.000447
Hybrid	lexical-trap-album-to-song-031	0.000458
Hybrid	lexical-trap-album-to-song-032	0.000452
Hybrid	lexical-trap-song-to-album-010	0.000509
Hybrid	lexical-trap-song-to-album-011	0.000493
Hybrid	lexical-trap-album-to-song-033	0.000447
Hybrid	lexical-trap-album-to-song-034	0.000484
Hybrid	multi-hop-album-year-001	0.000587
Hybrid	multi-hop-album-year-002	0.000638
Hybrid	multi-hop-album-year-003	0.000567
Hybrid	multi-hop-album-year-004	0.000617
Hybrid	multi-hop-album-year-005	0.000576
Hybrid	multi-hop-album-year-006	0.000811
Hybrid	multi-hop-album-year-007	0.000623
Hybrid	multi-hop-album-year-008	0.000587
Hybrid	multi-hop-album-year-009	0.000592
Hybrid	multi-hop-album-year-010	0.000579
Hybrid	multi-hop-album-year-011	0.000607
Hybrid	multi-hop-album-year-012	0.00059
Hybrid	multi-hop-album-year-013	0.000554
Hybrid	multi-hop-album-year-014	0.000598
Hybrid	multi-hop-album-year-015	0.000588
Hybrid	multi-hop-album-year-016	0.000636
Hybrid	multi-hop-album-year-017	0.000577
Hybrid	multi-hop-album-year-018	0.000555
Hybrid	multi-hop-album-year-019	0.000543
Hybrid	multi-hop-album-year-020	0.00061
Hybrid	multi-hop-album-year-021	0.000613
Hybrid	multi-hop-album-year-022	0.00071
Hybrid	multi-hop-album-year-023	0.000615
Hybrid	multi-hop-album-year-024	0.000596
Hybrid	multi-hop-album-year-025	0.000648
Hybrid	multi-hop-album-year-026	0.000616
Hybrid	multi-hop-album-year-027	0.00063
Hybrid	multi-hop-album-year-028	0.000622
Hybrid	multi-hop-album-year-029	0.000614
Hybrid	multi-hop-album-year-030	0.000606
Hybrid	multi-hop-album-year-031	0.000688
Hybrid	multi-hop-album-year-032	0.000619
Hybrid	multi-hop-album-year-033	0.000619
Hybrid	multi-hop-album-year-034	0.000618
Hybrid	multi-hop-album-year-035	0.000604
Hybrid	multi-hop-album-year-036	0.000645
Hybrid	multi-hop-album-year-037	0.000608
Hybrid	multi-hop-album-year-038	0.000644
Hybrid	multi-hop-album-year-039	0.00064
Hybrid	multi-hop-album-year-040	0.000666
Hybrid	multi-hop-album-year-041	0.000631
Hybrid	multi-hop-album-year-042	0.000621
Hybrid	multi-hop-album-year-043	0.000633
Hybrid	multi-hop-album-year-044	0.000626
Hybrid	multi-hop-album-year-045	0.000628
Hybrid	multi-hop-album-year-046	0.000602
Hybrid	multi-hop-album-year-047	0.000685
Hybrid	multi-hop-album-year-048	0.000612
Hybrid	multi-hop-album-year-049	0.000641
Hybrid	multi-hop-album-year-050	0.000615
Hybrid	multi-hop-album-year-051	0.000623
Hybrid	multi-hop-album-year-052	0.000649
Hybrid	multi-hop-album-year-053	0.000667
Hybrid	multi-hop-album-year-054	0.000623
Hybrid	multi-hop-album-year-055	0.00063
Hybrid	multi-hop-album-year-056	0.000793
Hybrid	multi-hop-album-year-057	0.000595
Hybrid	multi-hop-album-year-058	0.000618
Hybrid	multi-hop-album-year-059	0.000613
Hybrid	multi-hop-album-year-060	0.000628
Hybrid	multi-hop-before-after-001	0.000453
Hybrid	multi-hop-before-after-002	0.000433
Hybrid	multi-hop-before-after-003	0.000461
Hybrid	multi-hop-before-after-004	0.000539
Hybrid	multi-hop-before-after-005	0.00045
Hybrid	multi-hop-before-after-006	0.000444
Hybrid	multi-hop-before-after-007	0.000578
Hybrid	multi-hop-before-after-008	0.000439
Hybrid	multi-hop-before-after-009	0.000431
Hybrid	multi-hop-before-after-010	0.000428
Hybrid	multi-hop-before-after-011	0.000423
Hybrid	multi-hop-before-after-012	0.00043
Hybrid	multi-hop-before-after-013	0.000426
Hybrid	multi-hop-before-after-014	0.00064
Hybrid	multi-hop-before-after-015	0.000475
Hybrid	multi-hop-before-after-016	0.000432
Hybrid	multi-hop-before-after-017	0.000434
Hybrid	multi-hop-before-after-018	0.000444
Hybrid	multi-hop-before-after-019	0.000434
Hybrid	multi-hop-before-after-020	0.000444
Hybrid	multi-hop-before-after-021	0.000424
Hybrid	multi-hop-before-after-022	0.000433
Hybrid	multi-hop-before-after-023	0.000435
Hybrid	multi-hop-before-after-024	0.00044
Hybrid	multi-hop-before-after-025	0.000427
Hybrid	multi-hop-before-after-026	0.000429
Hybrid	multi-hop-before-after-027	0.000438
Hybrid	multi-hop-before-after-028	0.000439
Hybrid	multi-hop-before-after-029	0.000431
Hybrid	multi-hop-before-after-030	0.000435
Hybrid	multi-hop-before-after-031	0.000429
Hybrid	multi-hop-before-after-032	0.00043
Hybrid	multi-hop-before-after-033	0.000434
Hybrid	multi-hop-before-after-034	0.000452
Hybrid	multi-hop-before-after-035	0.000748
Hybrid	multi-hop-before-after-036	0.000595
Hybrid	multi-hop-before-after-037	0.000443
Hybrid	multi-hop-before-after-038	0.000433
Hybrid	multi-hop-before-after-039	0.00044
Hybrid	multi-hop-before-after-040	0.00058
Hybrid	multi-hop-before-after-041	0.000429
Hybrid	multi-hop-before-after-042	0.000408
Hybrid	multi-hop-before-after-043	0.000421
Hybrid	multi-hop-before-after-044	0.000421
Hybrid	multi-hop-before-after-045	0.000439
Hybrid	multi-hop-before-after-046	0.000406
Hybrid	multi-hop-before-after-047	0.000417
Hybrid	multi-hop-before-after-048	0.000422
Hybrid	multi-hop-before-after-049	0.000431
Hybrid	multi-hop-before-after-050	0.000424
Hybrid	multi-hop-before-after-051	0.000432
Hybrid	multi-hop-before-after-052	0.000433
Hybrid	multi-hop-before-after-053	0.00043
Hybrid	multi-hop-before-after-054	0.00043
Hybrid	multi-hop-before-after-055	0.000433
Hybrid	multi-hop-before-after-056	0.00043
Hybrid	multi-hop-before-after-057	0.000435
Hybrid	multi-hop-before-after-058	0.000417
Hybrid	multi-hop-before-after-059	0.000427
Hybrid	multi-hop-before-after-060	0.000426
Hybrid	multi-hop-same-month-001	0.000351
Hybrid	multi-hop-same-month-002	0.000344
Hybrid	multi-hop-same-month-003	0.000356
Hybrid	multi-hop-same-month-004	0.00035
Hybrid	multi-hop-same-month-005	0.000348
Hybrid	multi-hop-same-month-006	0.000342
Hybrid	multi-hop-same-month-007	0.000342
Hybrid	multi-hop-same-month-008	0.000345
Hybrid	multi-hop-same-month-009	0.000341
Hybrid	multi-hop-same-month-010	0.000341
Hybrid	multi-hop-same-month-011	0.000338
Hybrid	multi-hop-same-month-012	0.000339
Hybrid	multi-hop-same-month-013	0.000351
Hybrid	multi-hop-same-month-014	0.000345
Hybrid	multi-hop-same-month-015	0.000345
Hybrid	multi-hop-same-month-016	0.000342
Hybrid	multi-hop-same-month-017	0.000345
Hybrid	multi-hop-same-month-018	0.000346
Hybrid	multi-hop-same-month-019	0.000343
Hybrid	multi-hop-same-month-020	0.00034
Hybrid	multi-hop-same-month-021	0.000344
Hybrid	multi-hop-same-month-022	0.00034
Hybrid	multi-hop-same-month-023	0.000343
Hybrid	multi-hop-same-month-024	0.000347
Hybrid	multi-hop-same-month-025	0.000344
Hybrid	multi-hop-same-month-026	0.000345
Hybrid	multi-hop-same-month-027	0.00035
Hybrid	multi-hop-same-month-028	0.000334
Hybrid	multi-hop-same-month-029	0.000337
Hybrid	multi-hop-same-month-030	0.000341
Hybrid	multi-hop-same-month-031	0.000346
Hybrid	multi-hop-same-month-032	0.000342
Hybrid	multi-hop-same-month-033	0.000341
Hybrid	multi-hop-same-month-034	0.000339
Hybrid	multi-hop-same-month-035	0.000339
Hybrid	multi-hop-same-month-036	0.000342
Hybrid	multi-hop-same-month-037	0.000345
Hybrid	multi-hop-same-month-038	0.000341
Hybrid	multi-hop-same-month-039	0.000348
Hybrid	multi-hop-same-month-040	0.000342
Hybrid	multi-hop-same-month-041	0.000334
Hybrid	multi-hop-same-month-042	0.000335
Hybrid	multi-hop-same-month-043	0.000342
Hybrid	multi-hop-same-month-044	0.000514
Hybrid	multi-hop-same-month-045	0.000338
Hybrid	multi-hop-same-month-046	0.000344
Hybrid	multi-hop-same-month-047	0.000341
Hybrid	multi-hop-same-month-048	0.000398
Hybrid	multi-hop-same-month-049	0.00035
Hybrid	multi-hop-same-month-050	0.00034
Hybrid	multi-hop-same-month-051	0.000335
Hybrid	multi-hop-same-month-052	0.000341
Hybrid	multi-hop-same-month-053	0.000335
Hybrid	multi-hop-same-month-054	0.000332
Hybrid	multi-hop-same-month-055	0.000335
Hybrid	multi-hop-same-month-056	0.00033
Hybrid	multi-hop-same-month-057	0.000334
Hybrid	multi-hop-same-month-058	0.000334
Hybrid	multi-hop-same-month-059	0.000343
Hybrid	multi-hop-same-month-060	0.000336
Hybrid	near-neighbor-control-album-001	0.000465
Hybrid	near-neighbor-control-album-002	0.00043
Hybrid	near-neighbor-control-album-003	0.000409
Hybrid	near-neighbor-control-album-004	0.000451
Hybrid	near-neighbor-control-album-005	0.000446
Hybrid	near-neighbor-control-album-006	0.000556
Hybrid	near-neighbor-control-album-007	0.000503
Hybrid	near-neighbor-control-album-008	0.000452
Hybrid	near-neighbor-control-album-009	0.000476
Hybrid	near-neighbor-control-album-010	0.000468
Hybrid	near-neighbor-control-album-011	0.000454
Hybrid	near-neighbor-control-album-012	0.00046
Hybrid	near-neighbor-control-album-013	0.000457
Hybrid	near-neighbor-control-album-014	0.000443
Hybrid	near-neighbor-control-album-015	0.000438
Hybrid	near-neighbor-control-album-016	0.000418
Hybrid	near-neighbor-control-album-017	0.000464
Hybrid	near-neighbor-control-album-018	0.000453
Hybrid	near-neighbor-control-album-019	0.000475
Hybrid	near-neighbor-control-album-020	0.000437
Hybrid	near-neighbor-control-album-021	0.000446
Hybrid	near-neighbor-control-album-022	0.000429
Hybrid	near-neighbor-control-album-023	0.000429
Hybrid	near-neighbor-control-album-024	0.000442
Hybrid	near-neighbor-control-album-025	0.00044
Hybrid	near-neighbor-control-album-026	0.000417
Hybrid	near-neighbor-control-album-027	0.000417
Hybrid	near-neighbor-control-album-028	0.000707
Hybrid	near-neighbor-control-album-029	0.000448
Hybrid	near-neighbor-control-album-030	0.000448
Hybrid	near-neighbor-control-album-031	0.000434
Hybrid	near-neighbor-control-album-032	0.000416
Hybrid	near-neighbor-control-album-033	0.000418
Hybrid	near-neighbor-control-album-034	0.000432
Hybrid	near-neighbor-control-album-035	0.000449
Hybrid	near-neighbor-control-album-036	0.003811
Hybrid	near-neighbor-control-album-037	0.000446
Hybrid	near-neighbor-control-album-038	0.000417
Hybrid	near-neighbor-control-album-039	0.000402
Hybrid	near-neighbor-control-album-040	0.000406
Hybrid	near-neighbor-control-album-041	0.000403
Hybrid	near-neighbor-control-album-042	0.000423
Hybrid	near-neighbor-control-album-043	0.000399
Hybrid	near-neighbor-control-album-044	0.000403
Hybrid	near-neighbor-control-album-045	0.000408
Hybrid	near-neighbor-control-album-046	0.000397
Hybrid	near-neighbor-control-album-047	0.000406
Hybrid	near-neighbor-control-album-048	0.000431
Hybrid	near-neighbor-control-album-049	0.000417
Hybrid	near-neighbor-control-album-050	0.000424
Hybrid	near-neighbor-control-album-051	0.01094
Hybrid	near-neighbor-control-album-052	0.000827
Hybrid	near-neighbor-control-album-053	0.000465
Hybrid	near-neighbor-control-album-054	0.000443
Hybrid	near-neighbor-control-album-055	0.000458
Hybrid	near-neighbor-control-album-056	0.000437
Hybrid	near-neighbor-control-album-057	0.000447
Hybrid	near-neighbor-control-album-058	0.000435
Hybrid	near-neighbor-control-album-059	0.000669
Hybrid	near-neighbor-control-album-060	0.000528
Hybrid	near-neighbor-album-001	0.000525
Hybrid	near-neighbor-album-002	0.000575
Hybrid	near-neighbor-album-003	0.000446
Hybrid	near-neighbor-album-004	0.000457
Hybrid	near-neighbor-album-005	0.000453
Hybrid	near-neighbor-album-006	0.000461
Hybrid	near-neighbor-album-007	0.000455
Hybrid	near-neighbor-album-008	0.00045
Hybrid	near-neighbor-album-009	0.000805
Hybrid	near-neighbor-album-010	0.000445
Hybrid	near-neighbor-album-011	0.00051
Hybrid	near-neighbor-album-012	0.000714
Hybrid	near-neighbor-album-013	0.000454
Hybrid	near-neighbor-album-014	0.000454
Hybrid	near-neighbor-album-015	0.000441
Hybrid	near-neighbor-album-016	0.000469
Hybrid	near-neighbor-album-017	0.000446
Hybrid	near-neighbor-album-018	0.000449
Hybrid	near-neighbor-album-019	0.000461
Hybrid	near-neighbor-album-020	0.000452
Hybrid	near-neighbor-album-021	0.000453
Hybrid	near-neighbor-album-022	0.000458
Hybrid	near-neighbor-album-023	0.000491
Hybrid	near-neighbor-album-024	0.000457
Hybrid	near-neighbor-album-025	0.000495
Hybrid	near-neighbor-album-026	0.000439
Hybrid	near-neighbor-album-027	0.000565
Hybrid	near-neighbor-album-028	0.000546
Hybrid	near-neighbor-album-029	0.000486
Hybrid	near-neighbor-album-030	0.000443
Hybrid	near-neighbor-album-031	0.00046
Hybrid	near-neighbor-album-032	0.000449
Hybrid	near-neighbor-album-033	0.000438
Hybrid	near-neighbor-album-034	0.008821
Hybrid	near-neighbor-album-035	0.000496
Hybrid	near-neighbor-album-036	0.000469
Hybrid	near-neighbor-album-037	0.000429
Hybrid	near-neighbor-album-038	0.000415
Hybrid	near-neighbor-album-039	0.00043
Hybrid	near-neighbor-album-040	0.002582
Hybrid	near-neighbor-album-041	0.000471
Hybrid	near-neighbor-album-042	0.000427
Hybrid	near-neighbor-album-043	0.000421
Hybrid	near-neighbor-album-044	0.000416
Hybrid	near-neighbor-album-045	0.000413
Hybrid	near-neighbor-album-046	0.000408
Hybrid	near-neighbor-album-047	0.002872
Hybrid	near-neighbor-album-048	0.000433
Hybrid	near-neighbor-album-049	0.000418
Hybrid	near-neighbor-album-050	0.000411
Hybrid	near-neighbor-album-051	0.000424
Hybrid	near-neighbor-album-052	0.000423
Hybrid	near-neighbor-album-053	0.000399
Hybrid	near-neighbor-album-054	0.000405
Hybrid	near-neighbor-album-055	0.000406
Hybrid	near-neighbor-album-056	0.00041
Hybrid	near-neighbor-album-057	0.000397
Hybrid	near-neighbor-album-058	0.000401
Hybrid	near-neighbor-album-059	0.000398
Hybrid	near-neighbor-album-060	0.000395
Hybrid	none-of-these-absent-001	0.000456
Hybrid	none-of-these-present-001	0.000423
Hybrid	none-of-these-absent-002	0.000439
Hybrid	none-of-these-present-002	0.000434
Hybrid	none-of-these-absent-003	0.000444
Hybrid	none-of-these-present-003	0.000438
Hybrid	none-of-these-absent-004	0.000432
Hybrid	none-of-these-present-004	0.000431
Hybrid	none-of-these-absent-005	0.001055
Hybrid	none-of-these-present-005	0.000643
Hybrid	none-of-these-absent-006	0.000629
Hybrid	none-of-these-present-006	0.000507
Hybrid	none-of-these-absent-007	0.001353
Hybrid	none-of-these-present-007	0.000496
Hybrid	none-of-these-absent-008	0.000568
Hybrid	none-of-these-present-008	0.000549
Hybrid	none-of-these-absent-009	0.000511
Hybrid	none-of-these-present-009	0.000481
Hybrid	none-of-these-absent-010	0.000493
Hybrid	none-of-these-present-010	0.000481
Hybrid	none-of-these-absent-011	0.000474
Hybrid	none-of-these-present-011	0.0005
Hybrid	none-of-these-absent-012	0.00047
Hybrid	none-of-these-present-012	0.00081
Hybrid	none-of-these-absent-013	0.000721
Hybrid	none-of-these-present-013	0.000468
Hybrid	none-of-these-absent-014	0.000482
Hybrid	none-of-these-present-014	0.000491
Hybrid	none-of-these-absent-015	0.000596
Hybrid	none-of-these-present-015	0.000556
Hybrid	none-of-these-absent-016	0.000842
Hybrid	none-of-these-present-016	0.000517
Hybrid	none-of-these-absent-017	0.000503
Hybrid	none-of-these-present-017	0.000489
Hybrid	none-of-these-absent-018	0.00061
Hybrid	none-of-these-present-018	0.000742
Hybrid	none-of-these-absent-019	0.000495
Hybrid	none-of-these-present-019	0.000528
Hybrid	none-of-these-absent-020	0.000764
Hybrid	none-of-these-present-020	0.001093
Hybrid	none-of-these-absent-021	0.000652
Hybrid	none-of-these-present-021	0.000482
Hybrid	none-of-these-absent-022	0.0005
Hybrid	none-of-these-present-022	0.000623
Hybrid	none-of-these-absent-023	0.000515
Hybrid	none-of-these-present-023	0.000482
Hybrid	none-of-these-absent-024	0.000627
Hybrid	none-of-these-present-024	0.000517
Hybrid	none-of-these-absent-025	0.000483
Hybrid	none-of-these-present-025	0.000491
Hybrid	none-of-these-absent-026	0.000461
Hybrid	none-of-these-present-026	0.000528
Hybrid	none-of-these-absent-027	0.000509
Hybrid	none-of-these-present-027	0.000511
Hybrid	none-of-these-absent-028	0.000477
Hybrid	none-of-these-present-028	0.000698
Hybrid	none-of-these-absent-029	0.000985
Hybrid	none-of-these-present-029	0.000628
Hybrid	none-of-these-absent-030	0.000641
Hybrid	none-of-these-present-030	0.000489
Hybrid	reversal-general-shared-name-forward-001	0.000482
Hybrid	reversal-general-shared-name-reverse-001	0.000499
Hybrid	reversal-general-shared-name-forward-002	0.000881
Hybrid	reversal-general-shared-name-reverse-002	0.000514
Hybrid	reversal-general-shared-name-forward-003	0.000471
Hybrid	reversal-general-shared-name-reverse-003	0.000474
Hybrid	reversal-general-shared-name-forward-004	0.000449
Hybrid	reversal-general-shared-name-reverse-004	0.000484
Hybrid	reversal-general-shared-name-forward-005	0.000462
Hybrid	reversal-general-shared-name-reverse-005	0.000472
Hybrid	reversal-general-shared-name-forward-006	0.000589
Hybrid	reversal-general-shared-name-reverse-006	0.000555
Hybrid	reversal-general-shared-name-forward-007	0.000486
Hybrid	reversal-general-shared-name-reverse-007	0.000482
Hybrid	reversal-general-shared-name-forward-008	0.000476
Hybrid	reversal-general-shared-name-reverse-008	0.00057
Hybrid	reversal-general-shared-name-forward-009	0.000424
Hybrid	reversal-general-shared-name-reverse-009	0.000441
Hybrid	reversal-general-shared-name-forward-010	0.000446
Hybrid	reversal-general-shared-name-reverse-010	0.023454
Hybrid	reversal-general-shared-name-forward-011	0.000512
Hybrid	reversal-general-shared-name-reverse-011	0.000453
Hybrid	reversal-general-shared-name-forward-012	0.000442
Hybrid	reversal-general-shared-name-reverse-012	0.000469
Hybrid	reversal-general-shared-name-forward-013	0.000541
Hybrid	reversal-general-shared-name-reverse-013	0.000467
Hybrid	reversal-general-shared-name-forward-014	0.000434
Hybrid	reversal-general-shared-name-reverse-014	0.000449
Hybrid	reversal-general-shared-name-forward-015	0.000431
Hybrid	reversal-general-shared-name-reverse-015	0.000449
Hybrid	reversal-general-shared-name-forward-016	0.000442
Hybrid	reversal-general-shared-name-reverse-016	0.000437
Hybrid	reversal-general-shared-name-forward-017	0.000504
Hybrid	reversal-general-shared-name-reverse-017	0.000442
Hybrid	reversal-general-shared-name-forward-018	0.0006
Hybrid	reversal-general-shared-name-reverse-018	0.000726
Hybrid	reversal-general-shared-name-forward-019	0.000449
Hybrid	reversal-general-shared-name-reverse-019	0.000445
Hybrid	reversal-general-shared-name-forward-020	0.000433
Hybrid	reversal-general-shared-name-reverse-020	0.000446
Hybrid	reversal-general-shared-name-forward-021	0.000446
Hybrid	reversal-general-shared-name-reverse-021	0.000451
Hybrid	reversal-general-forward-001	0.000461
Hybrid	reversal-general-reverse-001	0.001048
Hybrid	reversal-general-forward-002	0.000444
Hybrid	reversal-general-reverse-002	0.000428
Hybrid	reversal-general-forward-003	0.000433
Hybrid	reversal-general-reverse-003	0.000438
Hybrid	reversal-general-forward-004	0.000428
Hybrid	reversal-general-reverse-004	0.000432
Hybrid	reversal-general-forward-005	0.000422
Hybrid	reversal-general-reverse-005	0.005031
Hybrid	reversal-general-forward-006	0.000464
Hybrid	reversal-general-reverse-006	0.000458
Hybrid	reversal-general-forward-007	0.000473
Hybrid	reversal-general-reverse-007	0.000461
Hybrid	reversal-general-forward-008	0.000471
Hybrid	reversal-general-reverse-008	0.007854
Hybrid	reversal-general-forward-009	0.000499
Hybrid	reversal-general-reverse-009	0.000461
Hybrid	reversal-general-forward-010	0.000448
Hybrid	reversal-general-reverse-010	0.00046
Hybrid	reversal-general-forward-011	0.000444
Hybrid	reversal-general-reverse-011	0.000472
Hybrid	reversal-general-forward-012	0.000451
Hybrid	reversal-general-reverse-012	0.000458
Hybrid	reversal-general-forward-013	0.000458
Hybrid	reversal-general-reverse-013	0.000462
Hybrid	reversal-general-forward-014	0.00044
Hybrid	reversal-general-reverse-014	0.000448
Hybrid	reversal-general-forward-015	0.000688
Hybrid	reversal-general-reverse-015	0.000477
Hybrid	reversal-general-forward-016	0.000448
Hybrid	reversal-general-reverse-016	0.000455
Hybrid	reversal-general-forward-017	0.000437
Hybrid	reversal-general-reverse-017	0.000477
Hybrid	reversal-general-forward-018	0.000447
Hybrid	reversal-general-reverse-018	0.000455
Hybrid	reversal-general-forward-019	0.000438
Hybrid	reversal-general-reverse-019	0.000453
Hybrid	reversal-general-forward-020	0.000432
Hybrid	reversal-general-reverse-020	0.00045
Hybrid	reversal-general-forward-021	0.000572
Hybrid	reversal-general-reverse-021	0.000474
Hybrid	reversal-general-forward-022	0.000443
Hybrid	reversal-general-reverse-022	0.000452
Hybrid	reversal-general-forward-023	0.000438
Hybrid	reversal-general-reverse-023	0.000458
Hybrid	reversal-general-forward-024	0.000438
Hybrid	reversal-general-reverse-024	0.000455
Hybrid	reversal-general-forward-025	0.000442
Hybrid	reversal-general-reverse-025	0.000452
Hybrid	reversal-general-forward-026	0.000437
Hybrid	reversal-general-reverse-026	0.000462
Hybrid	reversal-general-forward-027	0.000449
Hybrid	reversal-general-reverse-027	0.000607
Hybrid	reversal-general-forward-028	0.000454
Hybrid	reversal-general-reverse-028	0.000449
Hybrid	reversal-general-forward-029	0.000431
Hybrid	reversal-general-reverse-029	0.000464
Hybrid	reversal-general-forward-030	0.00044
Hybrid	reversal-general-reverse-030	0.000454
Hybrid	reversal-general-forward-031	0.000412
Hybrid	reversal-general-reverse-031	0.000509
Hybrid	reversal-general-forward-032	0.000881
Hybrid	reversal-general-reverse-032	0.000484
Hybrid	reversal-general-forward-033	0.000437
Hybrid	reversal-general-reverse-033	0.000455
Hybrid	reversal-general-forward-034	0.00044
Hybrid	reversal-general-reverse-034	0.000447
Hybrid	reversal-general-forward-035	0.000422
Hybrid	reversal-general-reverse-035	0.000459
Hybrid	reversal-general-forward-036	0.000412
Hybrid	reversal-general-reverse-036	0.00043
Hybrid	reversal-general-forward-037	0.00042
Hybrid	reversal-general-reverse-037	0.000846
Hybrid	reversal-general-forward-038	0.000798
Hybrid	reversal-general-reverse-038	0.000475
Hybrid	reversal-general-forward-039	0.00044
Hybrid	reversal-general-reverse-039	0.000721
Hybrid	reversal-general-forward-040	0.000436
Hybrid	reversal-general-reverse-040	0.000456
Hybrid	reversal-general-forward-041	0.000452
Hybrid	reversal-general-reverse-041	0.000457
Hybrid	reversal-general-forward-042	0.000433
Hybrid	reversal-general-reverse-042	0.000448
Hybrid	reversal-general-forward-043	0.000431
Hybrid	reversal-general-reverse-043	0.000717
Hybrid	reversal-general-forward-044	0.000451
Hybrid	reversal-general-reverse-044	0.000465
Hybrid	reversal-general-forward-045	0.00044
Hybrid	reversal-general-reverse-045	0.000447
Hybrid	reversal-general-forward-046	0.00044
Hybrid	reversal-general-reverse-046	0.000566
Hybrid	reversal-general-forward-047	0.000446
Hybrid	reversal-general-reverse-047	0.00054
Hybrid	reversal-general-forward-048	0.000546
Hybrid	reversal-general-reverse-048	0.000478
Hybrid	reversal-general-forward-049	0.000447
Hybrid	reversal-general-reverse-049	0.000455
Hybrid	reversal-general-forward-050	0.000428
Hybrid	reversal-general-reverse-050	0.000475
Hybrid	reversal-general-forward-051	0.000446
Hybrid	reversal-general-reverse-051	0.000448
Hybrid	reversal-general-forward-052	0.000623
Hybrid	reversal-general-reverse-052	0.000475
Hybrid	reversal-general-forward-053	0.000452
Hybrid	reversal-general-reverse-053	0.000461
Hybrid	reversal-general-forward-054	0.000417
Hybrid	reversal-general-reverse-054	0.000448
Hybrid	reversal-general-forward-055	0.00057
Hybrid	reversal-general-reverse-055	0.000453
Hybrid	reversal-general-forward-056	0.000455
Hybrid	reversal-general-reverse-056	0.000776
Hybrid	reversal-general-forward-057	0.000461
Hybrid	reversal-general-reverse-057	0.000461
Hybrid	reversal-general-forward-058	0.000438
Hybrid	reversal-general-reverse-058	0.000471
Hybrid	reversal-general-forward-059	0.000435
Hybrid	reversal-general-reverse-059	0.000456
Hybrid	reversal-general-forward-060	0.000442
Hybrid	reversal-general-reverse-060	0.000453
Hybrid	reversal-general-forward-061	0.000434
Hybrid	reversal-general-reverse-061	0.000457
Hybrid	reversal-general-forward-062	0.000547
Hybrid	reversal-general-reverse-062	0.000464
Hybrid	reversal-general-forward-063	0.000447
Hybrid	reversal-general-reverse-063	0.00046
Hybrid	reversal-general-forward-064	0.000438
Hybrid	reversal-general-reverse-064	0.000453
Hybrid	reversal-general-forward-065	0.001249
Hybrid	reversal-general-reverse-065	0.001584
Hybrid	reversal-general-forward-066	0.001043
Hybrid	reversal-general-reverse-066	0.001865
Hybrid	reversal-general-forward-067	0.002005
Hybrid	reversal-general-reverse-067	0.001625
Hybrid	reversal-general-forward-068	0.002261
Hybrid	reversal-general-reverse-068	0.002669
Hybrid	reversal-general-forward-069	0.002155
Hybrid	reversal-general-reverse-069	0.00068
Hybrid	reversal-general-forward-070	0.000491
Hybrid	reversal-general-reverse-070	0.000914
Hybrid	reversal-general-forward-071	0.002731
Hybrid	reversal-general-reverse-071	0.000838
Hybrid	reversal-general-forward-072	0.000947
Hybrid	reversal-general-reverse-072	0.001825
Hybrid	reversal-general-forward-073	0.00205
Hybrid	reversal-general-reverse-073	0.00052
Hybrid	reversal-forward-001	0.000482
Hybrid	reversal-reverse-001	0.000469
Hybrid	reversal-forward-002	0.001532
Hybrid	reversal-reverse-002	0.000792
Hybrid	reversal-forward-003	0.003975
Hybrid	reversal-forward-004	0.001479
Hybrid	reversal-reverse-003	0.000701
Hybrid	reversal-forward-005	0.000663
Hybrid	reversal-forward-006	0.001958
Hybrid	reversal-forward-007	0.000825
Hybrid	reversal-forward-008	0.000474
Hybrid	reversal-reverse-004	0.000747
Hybrid	reversal-forward-009	0.000487
Hybrid	reversal-reverse-005	0.000428
Hybrid	reversal-forward-010	0.000466
Hybrid	reversal-reverse-006	0.000388
Hybrid	reversal-forward-011	0.000519
Hybrid	reversal-reverse-007	0.000518
Hybrid	reversal-forward-012	0.000727
Hybrid	reversal-reverse-008	0.001032
Hybrid	reversal-forward-013	0.001203
Hybrid	reversal-reverse-009	0.000747
Hybrid	reversal-forward-014	0.001347
Hybrid	reversal-reverse-010	0.001518
Hybrid	reversal-forward-015	0.001374
Hybrid	reversal-reverse-011	0.000636
Hybrid	reversal-forward-016	0.001007
Hybrid	reversal-reverse-012	0.001514
Hybrid	reversal-forward-017	0.00186
Hybrid	reversal-forward-018	0.000681
Hybrid	reversal-reverse-013	0.000565
Hybrid	reversal-forward-019	0.000784
Hybrid	reversal-forward-020	0.000678
Hybrid	reversal-reverse-014	0.001021
Hybrid	reversal-forward-021	0.000749
Hybrid	reversal-forward-022	0.000845
Hybrid	reversal-reverse-015	0.001074
Hybrid	reversal-forward-023	0.000857
Hybrid	reversal-forward-024	0.000571
Hybrid	reversal-reverse-016	0.000576
Hybrid	reversal-forward-025	0.001005
Hybrid	reversal-forward-026	0.00657
Hybrid	reversal-reverse-017	0.000394
Hybrid	reversal-forward-027	0.000377
Hybrid	reversal-reverse-018	0.000374
Hybrid	reversal-forward-028	0.000438
Hybrid	reversal-reverse-019	0.000368
Hybrid	reversal-forward-029	0.000431
Hybrid	reversal-reverse-020	0.000418
Hybrid	reversal-forward-030	0.000433
Hybrid	reversal-reverse-021	0.000362
Hybrid	reversal-forward-031	0.000423
Hybrid	reversal-reverse-022	0.000365
Hybrid	reversal-forward-032	0.000421
Hybrid	reversal-reverse-023	0.000362
Hybrid	reversal-forward-033	0.000427
Hybrid	reversal-reverse-024	0.000362
Hybrid	reversal-forward-034	0.000427
Hybrid	reversal-reverse-025	0.000363
Hybrid	reversal-forward-035	0.000443
Hybrid	reversal-reverse-026	0.000363
Hybrid	reversal-forward-036	0.000426
Hybrid	reversal-reverse-027	0.000365
Hybrid	reversal-forward-037	0.000427
Hybrid	reversal-reverse-028	0.000364
Hybrid	reverse-singer-to-song-001	0.000452
Hybrid	reverse-singer-to-song-002	0.000446
Hybrid	reverse-singer-to-song-003	0.000445
Hybrid	reverse-singer-to-song-004	0.000787
Hybrid	reverse-singer-to-song-005	0.000483
Hybrid	reverse-singer-to-song-006	0.000454
Hybrid	reverse-singer-to-song-007	0.000442
Hybrid	reverse-singer-to-song-008	0.000515
Hybrid	reverse-singer-to-song-009	0.000754
Hybrid	reverse-singer-to-song-010	0.00063
Hybrid	reverse-singer-to-song-011	0.000469
Hybrid	reverse-singer-to-song-012	0.000445
Hybrid	reverse-singer-to-song-013	0.000442
Hybrid	reverse-singer-to-song-014	0.000446
Hybrid	reverse-singer-to-song-015	0.000448
Hybrid	reverse-singer-to-song-016	0.000441
Hybrid	reverse-singer-to-song-017	0.00044
Hybrid	reverse-singer-to-song-018	0.000792
Hybrid	reverse-singer-to-song-019	0.000801
Hybrid	reverse-singer-to-song-020	0.000471
Hybrid	reverse-singer-to-song-021	0.000497
Hybrid	reverse-singer-to-song-022	0.002241
Hybrid	reverse-singer-to-song-023	0.000469
Hybrid	reverse-singer-to-song-024	0.000448
Hybrid	reverse-singer-to-song-025	0.000444
Hybrid	reverse-singer-to-song-026	0.000452
Hybrid	reverse-singer-to-song-027	0.000445
Hybrid	reverse-singer-to-song-028	0.000456
Hybrid	reverse-singer-to-song-029	0.000441
Hybrid	reverse-singer-to-song-030	0.000447
Hybrid	reverse-singer-to-song-031	0.000445
Hybrid	reverse-singer-to-song-032	0.000453
Hybrid	reverse-singer-to-song-033	0.000446
Hybrid	reverse-singer-to-song-034	0.000446
Hybrid	reverse-singer-to-song-035	0.001633
Hybrid	reverse-singer-to-song-036	0.00049
Hybrid	reverse-singer-to-song-037	0.000473
Hybrid	reverse-singer-to-song-038	0.000474
Hybrid	reverse-singer-to-song-039	0.000726
Hybrid	reverse-singer-to-song-040	0.00279
Hybrid	reverse-album-to-song-001	0.000471
Hybrid	reverse-album-to-song-002	0.000464
Hybrid	reverse-album-to-song-003	0.00046
Hybrid	reverse-album-to-song-004	0.000459
Hybrid	reverse-album-to-song-005	0.000456
Hybrid	reverse-album-to-song-006	0.000467
Hybrid	reverse-album-to-song-007	0.000481
Hybrid	reverse-album-to-song-008	0.000792
Hybrid	reverse-album-to-song-009	0.000515
Hybrid	reverse-album-to-song-010	0.000542
Hybrid	reverse-album-to-song-011	0.000491
Hybrid	reverse-album-to-song-012	0.000475
Hybrid	reverse-album-to-song-013	0.000483
Hybrid	reverse-album-to-song-014	0.000484
Hybrid	reverse-album-to-song-015	0.000478
Hybrid	reverse-album-to-song-016	0.000475
Hybrid	reverse-album-to-song-017	0.000599
Hybrid	reverse-album-to-song-018	0.000517
Hybrid	reverse-album-to-song-019	0.00051
Hybrid	reverse-album-to-song-020	0.0008
Hybrid	reverse-album-to-song-021	0.000662
Hybrid	reverse-album-to-song-022	0.000507
Hybrid	reverse-album-to-song-023	0.000491
Hybrid	reverse-album-to-song-024	0.000538
Hybrid	reverse-album-to-song-025	0.000506
Hybrid	reverse-album-to-song-026	0.000505
Hybrid	reverse-album-to-song-027	0.000511
Hybrid	reverse-album-to-song-028	0.000511
Hybrid	reverse-album-to-song-029	0.00047
Hybrid	reverse-album-to-song-030	0.000475
Hybrid	reverse-album-to-song-031	0.00048
Hybrid	reverse-album-to-song-032	0.000485
Hybrid	reverse-album-to-song-033	0.000468
Hybrid	reverse-album-to-song-034	0.000454
Hybrid	reverse-album-to-song-035	0.000506
Hybrid	reverse-album-to-song-036	0.000486
Hybrid	reverse-album-to-song-037	0.000475
Hybrid	reverse-album-to-song-038	0.000466
Hybrid	reverse-album-to-song-039	0.000486
Hybrid	reverse-album-to-song-040	0.00052
Hybrid	reverse-singer-yes-no-001	0.000352
Hybrid	reverse-singer-yes-no-002	0.000349
Hybrid	reverse-singer-yes-no-003	0.000341
Hybrid	reverse-singer-yes-no-004	0.000342
Hybrid	reverse-singer-yes-no-005	0.000335
Hybrid	reverse-singer-yes-no-006	0.000337
Hybrid	reverse-singer-yes-no-007	0.000341
Hybrid	reverse-singer-yes-no-008	0.000331
Hybrid	reverse-singer-yes-no-009	0.000334
Hybrid	reverse-singer-yes-no-010	0.000344
Hybrid	reverse-singer-yes-no-011	0.00034
Hybrid	reverse-singer-yes-no-012	0.00034
Hybrid	reverse-singer-yes-no-013	0.00034
Hybrid	reverse-singer-yes-no-014	0.000338
Hybrid	reverse-singer-yes-no-015	0.000351
Hybrid	reverse-singer-yes-no-016	0.000339
Hybrid	reverse-singer-yes-no-017	0.00034
Hybrid	reverse-singer-yes-no-018	0.000342
Hybrid	reverse-singer-yes-no-019	0.000342
Hybrid	reverse-singer-yes-no-020	0.000342
Hybrid	reverse-singer-yes-no-021	0.000343
Hybrid	reverse-singer-yes-no-022	0.000337
Hybrid	reverse-singer-yes-no-023	0.00034
Hybrid	reverse-singer-yes-no-024	0.000368
Hybrid	reverse-singer-yes-no-025	0.000343
Hybrid	reverse-singer-yes-no-026	0.000337
Hybrid	reverse-singer-yes-no-027	0.000343
Hybrid	reverse-singer-yes-no-028	0.000339
Hybrid	reverse-singer-yes-no-029	0.000331
Hybrid	reverse-singer-yes-no-030	0.000337
Hybrid	reverse-singer-yes-no-031	0.000348
Hybrid	reverse-singer-yes-no-032	0.000344
Hybrid	shared-lead-shared-lead-001	0.000346
Hybrid	shared-lead-shared-lead-002	0.000339
Hybrid	shared-lead-shared-lead-003	0.00034
Hybrid	shared-lead-shared-lead-004	0.00034
Hybrid	shared-lead-shared-lead-005	0.000341
Hybrid	shared-lead-shared-lead-006	0.00034
Hybrid	shared-lead-shared-lead-007	0.000341
Hybrid	shared-lead-shared-lead-008	0.000342
Hybrid	shared-lead-shared-lead-009	0.000341
Hybrid	shared-lead-shared-lead-010	0.000346
Hybrid	shared-lead-shared-lead-011	0.000339
Hybrid	shared-lead-shared-lead-012	0.000343
Hybrid	shared-lead-shared-lead-013	0.000344
Hybrid	shared-lead-shared-lead-014	0.000342
Hybrid	shared-lead-shared-lead-015	0.000332
Hybrid	shared-lead-shared-lead-016	0.000336
Hybrid	shared-lead-shared-lead-017	0.00034
Hybrid	shared-lead-shared-lead-018	0.000366
Hybrid	shared-lead-shared-lead-019	0.000345
Hybrid	shared-lead-shared-lead-020	0.000341
Hybrid	shared-lead-shared-lead-021	0.000344
Hybrid	shared-lead-shared-lead-022	0.000342
Hybrid	shared-lead-shared-lead-023	0.000344
Hybrid	shared-lead-shared-lead-024	0.00034
Hybrid	shared-lead-shared-lead-025	0.000343
Hybrid	shared-lead-shared-lead-026	0.000343
Hybrid	shared-lead-shared-lead-027	0.000341
Hybrid	shared-lead-shared-lead-028	0.000342
Hybrid	shared-lead-shared-lead-029	0.000342
Hybrid	shared-lead-shared-lead-030	0.000342
Hybrid	shared-lead-shared-lead-031	0.000338
Hybrid	shared-lead-shared-lead-032	0.000341
Hybrid	single-hop-song-album-001	0.000542
Hybrid	single-hop-album-year-001	0.000614
Hybrid	single-hop-song-album-002	0.000488
Hybrid	single-hop-album-year-002	0.000522
Hybrid	single-hop-song-album-003	0.000502
Hybrid	single-hop-album-year-003	0.000573
Hybrid	single-hop-song-album-004	0.000499
Hybrid	single-hop-album-year-004	0.000498
Hybrid	single-hop-song-album-005	0.000475
Hybrid	single-hop-album-year-005	0.000551
Hybrid	single-hop-song-album-006	0.000494
Hybrid	single-hop-song-album-007	0.000498
Hybrid	single-hop-song-album-008	0.000502
Hybrid	single-hop-song-album-009	0.00049
Hybrid	single-hop-album-year-006	0.000556
Hybrid	single-hop-song-album-010	0.000512
Hybrid	single-hop-album-year-007	0.0006
Hybrid	single-hop-song-album-011	0.000489
Hybrid	single-hop-album-year-008	0.000562
Hybrid	single-hop-song-album-012	0.00051
Hybrid	single-hop-song-album-013	0.00044
Hybrid	single-hop-album-year-009	0.000515
Hybrid	single-hop-song-album-014	0.000451
Hybrid	single-hop-album-year-010	0.000511
Hybrid	single-hop-song-album-015	0.000446
Hybrid	single-hop-song-album-016	0.000495
Hybrid	single-hop-song-album-017	0.00049
Hybrid	single-hop-song-album-018	0.000476
Hybrid	single-hop-song-album-019	0.000488
Hybrid	single-hop-song-album-020	0.00047
Hybrid	single-hop-song-album-021	0.00043
Hybrid	single-hop-album-year-011	0.000592
Hybrid	single-hop-song-album-022	0.000471
Hybrid	single-hop-song-album-023	0.000483
Hybrid	single-hop-album-year-012	0.00055
Hybrid	single-hop-song-album-024	0.000494
Hybrid	single-hop-song-album-025	0.000486
Hybrid	single-hop-album-year-013	0.000571
Hybrid	single-hop-song-album-026	0.000512
Hybrid	single-hop-song-album-027	0.000488
Hybrid	single-hop-song-album-028	0.000433
Hybrid	single-hop-song-album-029	0.000504
Hybrid	single-hop-song-album-030	0.000507
Hybrid	single-hop-song-album-031	0.000491
Hybrid	single-hop-song-album-032	0.000485
Hybrid	single-hop-song-album-033	0.000433
Hybrid	single-hop-song-album-034	0.00048
Hybrid	single-hop-song-album-035	0.000477
Hybrid	single-hop-song-album-036	0.00043
Hybrid	single-hop-song-album-037	0.000402
Hybrid	single-hop-song-album-038	0.000426
Hybrid	single-hop-song-album-039	0.000495
Hybrid	single-hop-song-album-040	0.000523
Hybrid	single-hop-song-album-041	0.000476
Hybrid	single-hop-song-album-042	0.000407
Hybrid	single-hop-song-album-043	0.000414
Hybrid	single-hop-song-album-044	0.000487
Hybrid	single-hop-song-album-045	0.000467
Hybrid	single-hop-song-album-046	0.000483
Hybrid	single-hop-song-album-047	0.000489
Hybrid	single-hop-song-album-048	0.000467
Hybrid	single-hop-song-album-049	0.000492
Hybrid	single-hop-song-album-050	0.000483
Hybrid	single-hop-song-album-051	0.000513
Hybrid	single-hop-song-album-052	0.000542
Hybrid	single-hop-song-album-053	0.00047
Hybrid	single-hop-song-album-054	0.000472
Hybrid	single-hop-song-album-055	0.000466
Hybrid	single-hop-song-album-056	0.000457
Hybrid	single-hop-song-album-057	0.000465
Hybrid	single-hop-song-album-058	0.000448
Hybrid	single-hop-song-album-059	0.000481
Hybrid	single-hop-song-album-060	0.000443
Hybrid	single-hop-song-month-001	0.000435
Hybrid	single-hop-event-month-001	0.000457
Hybrid	single-hop-song-month-002	0.000462
Hybrid	single-hop-event-month-002	0.000441
Hybrid	single-hop-song-month-003	0.000502
Hybrid	single-hop-event-month-003	0.000445
Hybrid	single-hop-song-month-004	0.00046
Hybrid	single-hop-event-month-004	0.00045
Hybrid	single-hop-song-month-005	0.000462
Hybrid	single-hop-event-month-005	0.000467
Hybrid	single-hop-song-month-006	0.000484
Hybrid	single-hop-event-month-006	0.000478
Hybrid	single-hop-song-month-007	0.000468
Hybrid	single-hop-event-month-007	0.000466
Hybrid	single-hop-song-month-008	0.000474
Hybrid	single-hop-event-month-008	0.000446
Hybrid	single-hop-song-month-009	0.000488
Hybrid	single-hop-event-month-009	0.000481
Hybrid	single-hop-song-month-010	0.00048
Hybrid	single-hop-event-month-010	0.000471
Hybrid	single-hop-song-month-011	0.000473
Hybrid	single-hop-event-month-011	0.00044
Hybrid	single-hop-song-month-012	0.000479
Hybrid	single-hop-event-month-012	0.000447
Hybrid	single-hop-song-month-013	0.000468
Hybrid	single-hop-event-month-013	0.000467
Hybrid	single-hop-song-month-014	0.00044
Hybrid	single-hop-event-month-014	0.000467
Hybrid	single-hop-song-month-015	0.000584
Hybrid	single-hop-song-month-016	0.00049
Hybrid	single-hop-event-month-015	0.00046
Hybrid	single-hop-song-month-017	0.000487
Hybrid	single-hop-event-month-016	0.000452
Hybrid	single-hop-song-month-018	0.000476
Hybrid	single-hop-event-month-017	0.000466
Hybrid	single-hop-song-month-019	0.000472
Hybrid	single-hop-event-month-018	0.000427
Hybrid	single-hop-song-month-020	0.000425
Hybrid	single-hop-event-month-019	0.000436
Hybrid	single-hop-song-month-021	0.000443
Hybrid	single-hop-event-month-020	0.000468
Hybrid	single-hop-song-month-022	0.000452
Hybrid	single-hop-event-month-021	0.000465
Hybrid	single-hop-song-month-023	0.000471
Hybrid	single-hop-event-month-022	0.000455
Hybrid	single-hop-song-month-024	0.000486
Hybrid	single-hop-event-month-023	0.000494
Hybrid	single-hop-song-month-025	0.000451
Hybrid	single-hop-event-month-024	0.000515
Hybrid	single-hop-song-month-026	0.000475
Hybrid	single-hop-song-month-027	0.000471
Hybrid	single-hop-song-month-028	0.000473
Hybrid	single-hop-event-month-025	0.00049
Hybrid	single-hop-song-month-029	0.000475
Hybrid	single-hop-event-month-026	0.000463
Hybrid	single-hop-song-month-030	0.000448
Hybrid	single-hop-event-month-027	0.000471
Hybrid	single-hop-song-month-031	0.000466
Hybrid	single-hop-event-month-028	0.000479
Hybrid	single-hop-song-month-032	0.000464
Hybrid	single-hop-event-month-029	0.000463
Hybrid	single-hop-song-month-033	0.000474
Hybrid	single-hop-event-month-030	0.000478
Hybrid	single-hop-song-month-034	0.000499
Hybrid	single-hop-event-month-031	0.000461
Hybrid	single-hop-song-month-035	0.000471
Hybrid	single-hop-event-month-032	0.00046
Hybrid	single-hop-song-month-036	0.000467
Hybrid	single-hop-event-month-033	0.000426
Hybrid	single-hop-song-month-037	0.000437
Hybrid	single-hop-event-month-034	0.000445
Hybrid	single-hop-song-month-038	0.000411
Hybrid	single-hop-event-month-035	0.000435
Hybrid	single-hop-song-month-039	0.000453
Hybrid	single-hop-event-month-036	0.000448
Hybrid	single-hop-song-month-040	0.000469
Hybrid	single-hop-event-month-037	0.000455
Hybrid	single-hop-song-month-041	0.00045
Hybrid	single-hop-song-month-042	0.000481
Hybrid	single-hop-event-month-038	0.000468
Hybrid	single-hop-song-month-043	0.000487
Hybrid	single-hop-event-month-039	0.000472
Hybrid	single-hop-song-month-044	0.001108
Hybrid	single-hop-event-month-040	0.000478
Hybrid	single-hop-song-month-045	0.000493
Hybrid	single-hop-event-month-041	0.000468
Hybrid	single-hop-song-month-046	0.000463
Hybrid	single-hop-event-month-042	0.000444
Hybrid	single-hop-song-month-047	0.000461
Hybrid	single-hop-event-month-043	0.000469
Hybrid	single-hop-song-month-048	0.000481
Hybrid	single-hop-event-month-044	0.000492
Hybrid	single-hop-event-month-045	0.000474
Hybrid	single-hop-event-month-046	0.000471
Hybrid	single-hop-event-month-047	0.000458
Hybrid	single-hop-song-month-049	0.000473
Hybrid	single-hop-event-month-048	0.000451
Hybrid	single-hop-song-month-050	0.000481
Hybrid	single-hop-event-month-049	0.00047
Hybrid	single-hop-song-month-051	0.000489
Hybrid	single-hop-event-month-050	0.000464
Hybrid	single-hop-song-month-052	0.000476
Hybrid	single-hop-event-month-051	0.000455
Hybrid	single-hop-song-month-053	0.00051
Hybrid	single-hop-event-month-052	0.000447
Hybrid	single-hop-song-month-054	0.000461
Hybrid	single-hop-event-month-053	0.000455
Hybrid	single-hop-song-month-055	0.000459
Hybrid	single-hop-song-month-056	0.000483
Hybrid	single-hop-song-month-057	0.000476
Hybrid	single-hop-event-month-054	0.000454
Hybrid	single-hop-song-month-058	0.000465
Hybrid	single-hop-song-month-059	0.000467
Hybrid	single-hop-event-month-055	0.000538
Hybrid	single-hop-song-month-060	0.000449
Hybrid	single-hop-event-month-056	0.00044
Hybrid	single-hop-song-month-061	0.000476
Hybrid	single-hop-song-month-062	0.000472
Hybrid	single-hop-song-month-063	0.000466
Hybrid	single-hop-event-month-057	0.000443
Hybrid	single-hop-song-month-064	0.000482
Hybrid	single-hop-song-month-065	0.000464
Hybrid	single-hop-event-month-058	0.000479
Hybrid	single-hop-event-month-059	0.000467
Hybrid	single-hop-song-month-066	0.000485
Hybrid	single-hop-event-month-060	0.000451
Hybrid	single-hop-song-month-067	0.000456
Hybrid	single-hop-event-month-061	0.000456
Hybrid	single-hop-song-month-068	0.000547
Hybrid	single-hop-song-month-069	0.00048
Hybrid	single-hop-event-month-062	0.000455
Hybrid	single-hop-song-month-070	0.000481
Hybrid	single-hop-event-month-063	0.000472
Hybrid	single-hop-song-month-071	0.000481
Hybrid	single-hop-song-month-072	0.000459
Hybrid	single-hop-song-month-073	0.000463
Hybrid	single-hop-event-month-064	0.000446
Hybrid	single-hop-song-month-074	0.000925
Hybrid	single-hop-event-month-065	0.000458
Hybrid	single-hop-song-month-075	0.000477
Hybrid	single-hop-song-month-076	0.00046
Hybrid	single-hop-song-month-077	0.000427
Hybrid	single-hop-song-month-078	0.000454
Hybrid	single-hop-event-month-066	0.000474
Hybrid	single-hop-song-month-079	0.000615
Hybrid	single-hop-event-month-067	0.000519
Hybrid	single-hop-song-month-080	0.000595
Hybrid	single-hop-song-month-081	0.000647
Hybrid	single-hop-event-month-068	0.000475
Hybrid	single-hop-song-month-082	0.000465
Hybrid	single-hop-event-month-069	0.000488
Hybrid	single-hop-song-month-083	0.000477
Hybrid	single-hop-event-month-070	0.00045
Hybrid	single-hop-song-month-084	0.000455
Hybrid	single-hop-event-month-071	0.000456
Hybrid	single-hop-song-month-085	0.000491
Hybrid	single-hop-song-month-086	0.000487
Hybrid	single-hop-event-month-072	0.000447
Hybrid	single-hop-song-month-087	0.000464
Hybrid	single-hop-song-month-088	0.000476
Hybrid	single-hop-song-month-089	0.000486
Hybrid	single-hop-song-month-090	0.00047
Hybrid	single-hop-song-month-091	0.000465
Hybrid	single-hop-song-month-092	0.000446
Hybrid	single-hop-song-month-093	0.000451
Hybrid	single-hop-song-month-094	0.000467
Hybrid	single-hop-event-month-073	0.000465
Hybrid	single-hop-song-month-095	0.000466
Hybrid	single-hop-event-month-074	0.000471
Hybrid	single-hop-song-month-096	0.000448
Hybrid	single-hop-song-month-097	0.000539
Hybrid	single-hop-event-month-075	0.000443
Hybrid	single-hop-song-month-098	0.000482
Hybrid	single-hop-song-month-099	0.000476
Hybrid	single-hop-event-month-076	0.000464
Word overlap	comparison-longer-001	0.000287
Word overlap	comparison-longer-002	8.1e-05
Word overlap	comparison-longer-003	7.6e-05
Word overlap	comparison-longer-004	7.9e-05
Word overlap	comparison-longer-005	8.3e-05
Word overlap	comparison-longer-006	8.5e-05
Word overlap	comparison-longer-007	8e-05
Word overlap	comparison-longer-008	8.7e-05
Word overlap	comparison-longer-009	7.2e-05
Word overlap	comparison-longer-010	9.6e-05
Word overlap	comparison-longer-011	8.1e-05
Word overlap	comparison-longer-012	7.3e-05
Word overlap	comparison-longer-013	7.7e-05
Word overlap	comparison-longer-014	5.9e-05
Word overlap	comparison-longer-015	8.3e-05
Word overlap	comparison-longer-016	7.6e-05
Word overlap	comparison-longer-017	7e-05
Word overlap	comparison-longer-018	7.9e-05
Word overlap	comparison-longer-019	0.000105
Word overlap	comparison-longer-020	8e-05
Word overlap	comparison-longer-021	9.4e-05
Word overlap	comparison-longer-022	0.000109
Word overlap	comparison-longer-023	8.7e-05
Word overlap	comparison-longer-024	7.2e-05
Word overlap	comparison-longer-025	8e-05
Word overlap	comparison-longer-026	9.4e-05
Word overlap	comparison-longer-027	7.8e-05
Word overlap	comparison-longer-028	9e-05
Word overlap	comparison-longer-029	9.1e-05
Word overlap	comparison-longer-030	7.8e-05
Word overlap	comparison-longer-031	8.4e-05
Word overlap	comparison-longer-032	6.7e-05
Word overlap	comparison-longer-033	8.4e-05
Word overlap	comparison-longer-034	0.000177
Word overlap	comparison-longer-035	0.000127
Word overlap	comparison-longer-036	8.9e-05
Word overlap	comparison-longer-037	8.1e-05
Word overlap	comparison-longer-038	8.4e-05
Word overlap	comparison-longer-039	7.8e-05
Word overlap	comparison-longer-040	7.6e-05
Word overlap	comparison-longer-041	7e-05
Word overlap	comparison-longer-042	7.2e-05
Word overlap	comparison-longer-043	8.5e-05
Word overlap	comparison-longer-044	7.5e-05
Word overlap	comparison-longer-045	8.4e-05
Word overlap	comparison-longer-046	8.9e-05
Word overlap	comparison-longer-047	0.000101
Word overlap	comparison-longer-048	7.1e-05
Word overlap	comparison-longer-049	6e-05
Word overlap	comparison-longer-050	3.9e-05
Word overlap	comparison-longer-051	4.3e-05
Word overlap	comparison-longer-052	5.1e-05
Word overlap	comparison-longer-053	4.2e-05
Word overlap	comparison-longer-054	7.5e-05
Word overlap	comparison-longer-055	6.9e-05
Word overlap	comparison-longer-056	6.9e-05
Word overlap	comparison-longer-057	8.7e-05
Word overlap	comparison-longer-058	0.0001
Word overlap	comparison-longer-059	6.7e-05
Word overlap	comparison-longer-060	6.9e-05
Word overlap	forward-singer-001	0.00013
Word overlap	forward-singer-002	0.000117
Word overlap	forward-singer-003	0.000127
Word overlap	forward-singer-004	0.000175
Word overlap	forward-singer-005	0.000125
Word overlap	forward-singer-006	0.000145
Word overlap	forward-singer-007	0.000124
Word overlap	forward-singer-008	0.000112
Word overlap	forward-singer-009	0.000123
Word overlap	forward-singer-010	0.000114
Word overlap	forward-singer-011	0.000121
Word overlap	forward-singer-012	0.000121
Word overlap	forward-singer-013	0.00011
Word overlap	forward-singer-014	0.000131
Word overlap	forward-singer-015	0.000114
Word overlap	forward-singer-016	0.000111
Word overlap	forward-singer-017	0.000122
Word overlap	forward-singer-018	0.000117
Word overlap	forward-singer-019	0.000121
Word overlap	forward-singer-020	0.000107
Word overlap	forward-singer-021	0.000114
Word overlap	forward-singer-022	0.000118
Word overlap	forward-singer-023	0.00019
Word overlap	forward-singer-024	0.000363
Word overlap	forward-singer-025	0.000194
Word overlap	forward-singer-026	0.000127
Word overlap	forward-singer-027	0.000125
Word overlap	forward-singer-028	0.00014
Word overlap	forward-singer-029	0.000112
Word overlap	forward-singer-030	0.000129
Word overlap	forward-singer-031	0.00013
Word overlap	forward-singer-032	0.000115
Word overlap	forward-singer-033	0.000114
Word overlap	forward-singer-034	0.000123
Word overlap	forward-singer-035	0.000116
Word overlap	forward-singer-036	0.016936
Word overlap	forward-singer-037	0.000248
Word overlap	forward-singer-038	0.000135
Word overlap	forward-singer-039	0.000122
Word overlap	forward-singer-040	0.000107
Word overlap	forward-singer-041	0.000117
Word overlap	forward-singer-042	0.000111
Word overlap	forward-singer-043	0.000112
Word overlap	forward-singer-044	0.000122
Word overlap	forward-singer-045	0.000129
Word overlap	forward-singer-046	0.000117
Word overlap	forward-singer-047	0.00012
Word overlap	forward-singer-048	0.000114
Word overlap	forward-singer-049	0.000116
Word overlap	forward-singer-050	0.000115
Word overlap	forward-singer-051	0.000125
Word overlap	forward-singer-052	0.000152
Word overlap	forward-singer-053	0.000109
Word overlap	forward-singer-054	0.000107
Word overlap	forward-singer-055	0.0001
Word overlap	forward-singer-056	0.000108
Word overlap	forward-singer-057	0.000109
Word overlap	forward-album-001	0.000133
Word overlap	forward-album-002	0.000159
Word overlap	forward-album-003	0.000162
Word overlap	forward-album-004	0.000129
Word overlap	forward-album-005	0.000125
Word overlap	forward-album-006	0.000121
Word overlap	forward-album-007	0.000121
Word overlap	forward-album-008	0.000133
Word overlap	forward-album-009	0.000128
Word overlap	forward-album-010	0.000129
Word overlap	forward-album-011	0.000128
Word overlap	forward-album-012	0.000145
Word overlap	forward-album-013	7.1e-05
Word overlap	forward-album-014	7e-05
Word overlap	forward-album-015	6.9e-05
Word overlap	forward-album-016	7.5e-05
Word overlap	forward-album-017	7.2e-05
Word overlap	forward-album-018	8e-05
Word overlap	forward-album-019	6.8e-05
Word overlap	forward-album-020	7.1e-05
Word overlap	forward-album-021	7.5e-05
Word overlap	forward-album-022	0.000127
Word overlap	forward-album-023	0.000117
Word overlap	forward-album-024	0.000142
Word overlap	forward-album-025	0.000162
Word overlap	forward-album-026	0.000145
Word overlap	forward-album-027	0.000141
Word overlap	forward-album-028	0.00015
Word overlap	forward-album-029	0.000148
Word overlap	forward-album-030	0.000134
Word overlap	forward-album-031	0.000198
Word overlap	forward-album-032	0.000127
Word overlap	forward-album-033	0.000139
Word overlap	forward-album-034	0.000136
Word overlap	forward-album-035	0.000126
Word overlap	forward-album-036	0.000136
Word overlap	forward-album-037	0.000135
Word overlap	forward-album-038	0.000156
Word overlap	forward-album-039	0.000112
Word overlap	forward-album-040	0.000143
Word overlap	forward-album-041	0.000119
Word overlap	forward-album-042	0.000125
Word overlap	forward-album-043	0.000137
Word overlap	forward-album-044	0.000131
Word overlap	forward-album-045	0.000176
Word overlap	forward-album-046	0.000141
Word overlap	forward-album-047	0.000132
Word overlap	forward-album-048	0.000129
Word overlap	forward-album-049	0.00014
Word overlap	forward-album-050	0.000422
Word overlap	forward-album-051	0.000126
Word overlap	forward-album-052	0.000144
Word overlap	forward-album-053	0.000127
Word overlap	forward-album-054	0.000136
Word overlap	forward-album-055	0.000119
Word overlap	forward-album-056	0.000147
Word overlap	forward-album-057	0.000143
Word overlap	forward-album-058	0.00014
Word overlap	forward-album-059	0.000129
Word overlap	forward-album-060	0.000133
Word overlap	forward-songwriter-001	0.000117
Word overlap	forward-songwriter-002	0.000124
Word overlap	forward-songwriter-003	0.000122
Word overlap	forward-songwriter-004	0.000115
Word overlap	forward-songwriter-005	0.000114
Word overlap	forward-songwriter-006	0.000128
Word overlap	forward-songwriter-007	0.000104
Word overlap	forward-songwriter-008	0.000113
Word overlap	forward-songwriter-009	0.000106
Word overlap	forward-songwriter-010	0.000114
Word overlap	forward-songwriter-011	0.00011
Word overlap	forward-songwriter-012	0.000117
Word overlap	forward-songwriter-013	0.000111
Word overlap	forward-songwriter-014	0.000106
Word overlap	forward-songwriter-015	0.000109
Word overlap	forward-songwriter-016	0.000101
Word overlap	forward-songwriter-017	0.000101
Word overlap	forward-songwriter-018	9.8e-05
Word overlap	forward-songwriter-019	9.7e-05
Word overlap	forward-songwriter-020	0.000109
Word overlap	forward-songwriter-021	0.00011
Word overlap	forward-songwriter-022	9.7e-05
Word overlap	forward-songwriter-023	0.0001
Word overlap	forward-songwriter-024	9.5e-05
Word overlap	forward-songwriter-025	0.000106
Word overlap	forward-songwriter-026	0.000108
Word overlap	forward-songwriter-027	0.0001
Word overlap	forward-songwriter-028	0.000116
Word overlap	forward-songwriter-029	9.9e-05
Word overlap	forward-songwriter-030	0.000159
Word overlap	forward-songwriter-031	0.000107
Word overlap	forward-songwriter-032	0.0001
Word overlap	forward-songwriter-033	0.000105
Word overlap	forward-songwriter-034	0.000106
Word overlap	forward-songwriter-035	0.000102
Word overlap	forward-songwriter-036	0.000109
Word overlap	forward-songwriter-037	0.000104
Word overlap	forward-songwriter-038	0.000104
Word overlap	forward-songwriter-039	0.000109
Word overlap	forward-songwriter-040	0.000172
Word overlap	forward-songwriter-041	0.000108
Word overlap	forward-songwriter-042	0.000105
Word overlap	forward-songwriter-043	0.0001
Word overlap	forward-songwriter-044	0.000104
Word overlap	forward-songwriter-045	0.000102
Word overlap	forward-songwriter-046	0.0001
Word overlap	forward-songwriter-047	0.000132
Word overlap	forward-year-001	0.000214
Word overlap	forward-year-002	0.000229
Word overlap	forward-year-003	0.000234
Word overlap	forward-year-004	0.000518
Word overlap	forward-year-005	0.00025
Word overlap	forward-year-006	0.000224
Word overlap	forward-year-007	0.000245
Word overlap	forward-year-008	0.000475
Word overlap	forward-year-009	0.000251
Word overlap	forward-year-010	0.000268
Word overlap	forward-year-011	0.000275
Word overlap	forward-year-012	0.000232
Word overlap	forward-year-013	0.000233
Word overlap	forward-year-014	0.000253
Word overlap	forward-year-015	0.000304
Word overlap	forward-year-016	0.000258
Word overlap	forward-year-017	0.000232
Word overlap	forward-year-018	0.000244
Word overlap	forward-year-019	0.000243
Word overlap	forward-year-020	0.00022
Word overlap	forward-year-021	0.000237
Word overlap	forward-year-022	0.000214
Word overlap	forward-year-023	0.000251
Word overlap	forward-year-024	0.000241
Word overlap	forward-year-025	0.000236
Word overlap	forward-year-026	0.00023
Word overlap	forward-year-027	0.000248
Word overlap	forward-year-028	0.000281
Word overlap	forward-year-029	0.000233
Word overlap	forward-year-030	0.000237
Word overlap	forward-year-031	0.000384
Word overlap	forward-year-032	0.000339
Word overlap	forward-year-033	0.000371
Word overlap	forward-year-034	0.000845
Word overlap	forward-year-035	0.000502
Word overlap	forward-year-036	0.000335
Word overlap	forward-year-037	0.000232
Word overlap	forward-year-038	0.000258
Word overlap	forward-year-039	0.000241
Word overlap	forward-year-040	0.000247
Word overlap	forward-year-041	0.000231
Word overlap	forward-year-042	0.000624
Word overlap	forward-year-043	0.00022
Word overlap	forward-year-044	0.00038
Word overlap	forward-year-045	0.000334
Word overlap	forward-year-046	0.000252
Word overlap	forward-year-047	0.000246
Word overlap	forward-year-048	0.000238
Word overlap	forward-year-049	0.000238
Word overlap	forward-year-050	0.001063
Word overlap	forward-year-051	0.000256
Word overlap	forward-year-052	0.000257
Word overlap	forward-year-053	0.000305
Word overlap	forward-year-054	0.000184
Word overlap	forward-year-055	0.000252
Word overlap	forward-year-056	0.000233
Word overlap	forward-year-057	0.000214
Word overlap	forward-year-058	0.00028
Word overlap	forward-year-059	0.000286
Word overlap	forward-year-060	0.000325
Word overlap	lead-set-john-001	3.5e-05
Word overlap	lead-set-paul-001	2.7e-05
Word overlap	lead-set-george-001	2.3e-05
Word overlap	lead-set-ringo-001	2.1e-05
Word overlap	lead-set-john-002	2.2e-05
Word overlap	lead-set-paul-002	2.2e-05
Word overlap	lead-set-george-002	3.3e-05
Word overlap	lead-set-ringo-002	2.2e-05
Word overlap	lead-set-john-003	2.1e-05
Word overlap	lead-set-paul-003	2e-05
Word overlap	lead-set-george-003	2e-05
Word overlap	lead-set-ringo-003	2e-05
Word overlap	lead-set-john-004	2.3e-05
Word overlap	lead-set-paul-004	2.2e-05
Word overlap	lead-set-george-004	2.4e-05
Word overlap	lead-set-ringo-004	2.1e-05
Word overlap	lead-set-john-005	1.9e-05
Word overlap	lead-set-paul-005	2.1e-05
Word overlap	lead-set-george-005	1.9e-05
Word overlap	lead-set-ringo-005	1.8e-05
Word overlap	lead-set-john-006	2.1e-05
Word overlap	lead-set-paul-006	2e-05
Word overlap	lead-set-george-006	1.9e-05
Word overlap	lead-set-ringo-006	2e-05
Word overlap	lead-set-john-007	2.1e-05
Word overlap	lead-set-paul-007	2e-05
Word overlap	lead-set-george-007	2e-05
Word overlap	lead-set-ringo-007	2e-05
Word overlap	lead-set-john-008	2.2e-05
Word overlap	lead-set-paul-008	2.4e-05
Word overlap	lead-set-george-008	2.3e-05
Word overlap	lead-set-ringo-008	3e-05
Word overlap	lead-set-john-009	2.8e-05
Word overlap	lead-set-paul-009	2.2e-05
Word overlap	lead-set-george-009	1.8e-05
Word overlap	lead-set-ringo-009	1.9e-05
Word overlap	lead-set-john-010	2e-05
Word overlap	lead-set-paul-010	2.5e-05
Word overlap	lead-set-george-010	2.2e-05
Word overlap	lead-set-ringo-010	2e-05
Word overlap	lead-set-john-011	2.1e-05
Word overlap	lead-set-paul-011	2.2e-05
Word overlap	lead-set-george-011	2.2e-05
Word overlap	lead-set-ringo-011	2.1e-05
Word overlap	lead-set-john-012	2.8e-05
Word overlap	lead-set-paul-012	2.5e-05
Word overlap	lead-set-george-012	2.5e-05
Word overlap	lead-set-ringo-012	2.7e-05
Word overlap	lead-set-john-013	2.4e-05
Word overlap	lead-set-paul-013	2.2e-05
Word overlap	lead-set-george-013	1.9e-05
Word overlap	lead-set-ringo-013	1.9e-05
Word overlap	lead-set-john-014	2.3e-05
Word overlap	lead-set-paul-014	2.5e-05
Word overlap	lead-set-george-014	2.1e-05
Word overlap	lead-set-ringo-014	2.1e-05
Word overlap	lead-set-john-015	2.2e-05
Word overlap	lead-set-paul-015	2.3e-05
Word overlap	lead-set-george-015	2.2e-05
Word overlap	lead-set-ringo-015	2.2e-05
Word overlap	lead-set-john-016	2.8e-05
Word overlap	lead-set-paul-016	2.7e-05
Word overlap	lead-set-george-016	2.6e-05
Word overlap	lead-set-ringo-016	3e-05
Word overlap	lead-set-john-017	2.5e-05
Word overlap	lead-set-paul-017	1.6e-05
Word overlap	lead-set-george-017	1.3e-05
Word overlap	lead-set-ringo-017	2.4e-05
Word overlap	lead-set-john-018	2.3e-05
Word overlap	lead-set-paul-018	2.9e-05
Word overlap	lead-set-george-018	2.2e-05
Word overlap	lead-set-ringo-018	2.4e-05
Word overlap	lead-set-john-019	2.4e-05
Word overlap	lead-set-paul-019	2.5e-05
Word overlap	lead-set-george-019	2.5e-05
Word overlap	lead-set-ringo-019	3.1e-05
Word overlap	lead-set-john-020	2.5e-05
Word overlap	lead-set-paul-020	2.1e-05
Word overlap	lead-set-george-020	2.2e-05
Word overlap	lead-set-ringo-020	2.2e-05
Word overlap	lead-set-john-021	2.6e-05
Word overlap	lead-set-paul-021	2.5e-05
Word overlap	lead-set-george-021	3e-05
Word overlap	lead-set-ringo-021	2.4e-05
Word overlap	lead-set-john-022	2.3e-05
Word overlap	lead-set-paul-022	2.3e-05
Word overlap	lead-set-george-022	2.4e-05
Word overlap	lead-set-ringo-022	2.1e-05
Word overlap	lead-set-john-023	2e-05
Word overlap	lead-set-paul-023	2.3e-05
Word overlap	lead-set-george-023	2.6e-05
Word overlap	lead-set-ringo-023	2.6e-05
Word overlap	lead-set-john-024	2.7e-05
Word overlap	lead-set-paul-024	2.5e-05
Word overlap	lead-set-george-024	2.5e-05
Word overlap	lead-set-ringo-024	2.9e-05
Word overlap	lead-set-john-025	2.4e-05
Word overlap	lead-set-paul-025	2.4e-05
Word overlap	lead-set-george-025	2.1e-05
Word overlap	lead-set-ringo-025	2.2e-05
Word overlap	lead-set-john-026	2.2e-05
Word overlap	lead-set-paul-026	2.9e-05
Word overlap	lead-set-george-026	2.5e-05
Word overlap	lead-set-ringo-026	2.2e-05
Word overlap	lexical-trap-control-album-to-song-001	0.000175
Word overlap	lexical-trap-control-event-to-song-001	0.000155
Word overlap	lexical-trap-control-album-to-song-002	0.000158
Word overlap	lexical-trap-control-event-to-song-002	0.000183
Word overlap	lexical-trap-control-event-to-song-003	0.000147
Word overlap	lexical-trap-control-album-to-song-003	0.000152
Word overlap	lexical-trap-control-song-to-album-001	0.000153
Word overlap	lexical-trap-control-album-to-song-004	0.000135
Word overlap	lexical-trap-control-event-to-song-004	0.00014
Word overlap	lexical-trap-control-album-to-song-005	0.00014
Word overlap	lexical-trap-control-album-to-song-006	0.000134
Word overlap	lexical-trap-control-album-to-song-007	0.000148
Word overlap	lexical-trap-control-album-to-song-008	0.000158
Word overlap	lexical-trap-control-album-to-song-009	0.000289
Word overlap	lexical-trap-control-song-to-album-002	0.000162
Word overlap	lexical-trap-control-event-to-song-005	0.000147
Word overlap	lexical-trap-control-album-to-song-010	0.000147
Word overlap	lexical-trap-control-song-to-album-003	0.000154
Word overlap	lexical-trap-control-album-to-song-011	0.000141
Word overlap	lexical-trap-control-event-to-song-006	0.00017
Word overlap	lexical-trap-control-album-to-song-012	0.000127
Word overlap	lexical-trap-control-album-to-song-013	0.000163
Word overlap	lexical-trap-control-album-to-song-014	0.000146
Word overlap	lexical-trap-control-album-to-song-015	0.000134
Word overlap	lexical-trap-control-album-to-song-016	0.000145
Word overlap	lexical-trap-control-album-to-song-017	0.000171
Word overlap	lexical-trap-control-album-to-song-018	0.000137
Word overlap	lexical-trap-control-album-to-song-019	0.000147
Word overlap	lexical-trap-control-event-to-song-007	0.000152
Word overlap	lexical-trap-control-album-to-song-020	0.000171
Word overlap	lexical-trap-control-album-to-song-021	0.000137
Word overlap	lexical-trap-control-song-to-album-004	0.000132
Word overlap	lexical-trap-control-album-to-song-022	0.000154
Word overlap	lexical-trap-control-album-to-song-023	0.000155
Word overlap	lexical-trap-control-album-to-song-024	0.000164
Word overlap	lexical-trap-control-album-to-song-025	0.000144
Word overlap	lexical-trap-control-album-to-song-026	0.000138
Word overlap	lexical-trap-control-album-to-song-027	0.000135
Word overlap	lexical-trap-control-song-to-album-005	0.000139
Word overlap	lexical-trap-control-album-to-song-028	0.000126
Word overlap	lexical-trap-control-album-to-song-029	0.00011
Word overlap	lexical-trap-control-album-to-song-030	0.000127
Word overlap	lexical-trap-control-song-to-album-006	0.000148
Word overlap	lexical-trap-control-song-to-album-007	0.000139
Word overlap	lexical-trap-control-song-to-album-008	0.000141
Word overlap	lexical-trap-control-song-to-album-009	0.000155
Word overlap	lexical-trap-control-event-to-song-008	0.000151
Word overlap	lexical-trap-control-event-to-song-009	0.000139
Word overlap	lexical-trap-control-album-to-song-031	0.000161
Word overlap	lexical-trap-control-album-to-song-032	0.000138
Word overlap	lexical-trap-control-song-to-album-010	0.000154
Word overlap	lexical-trap-control-song-to-album-011	0.000152
Word overlap	lexical-trap-control-album-to-song-033	0.0003
Word overlap	lexical-trap-control-album-to-song-034	0.000161
Word overlap	lexical-trap-album-to-song-001	0.000151
Word overlap	lexical-trap-event-to-song-001	0.000158
Word overlap	lexical-trap-album-to-song-002	0.000163
Word overlap	lexical-trap-event-to-song-002	0.000151
Word overlap	lexical-trap-event-to-song-003	0.000147
Word overlap	lexical-trap-album-to-song-003	0.000147
Word overlap	lexical-trap-song-to-album-001	0.00014
Word overlap	lexical-trap-album-to-song-004	0.000144
Word overlap	lexical-trap-event-to-song-004	0.000153
Word overlap	lexical-trap-album-to-song-005	0.000157
Word overlap	lexical-trap-album-to-song-006	0.000149
Word overlap	lexical-trap-album-to-song-007	0.000137
Word overlap	lexical-trap-album-to-song-008	0.000161
Word overlap	lexical-trap-album-to-song-009	0.000152
Word overlap	lexical-trap-song-to-album-002	0.00014
Word overlap	lexical-trap-event-to-song-005	0.00015
Word overlap	lexical-trap-album-to-song-010	0.000144
Word overlap	lexical-trap-song-to-album-003	0.000161
Word overlap	lexical-trap-album-to-song-011	0.000149
Word overlap	lexical-trap-event-to-song-006	0.000156
Word overlap	lexical-trap-album-to-song-012	0.000142
Word overlap	lexical-trap-album-to-song-013	0.000161
Word overlap	lexical-trap-album-to-song-014	0.000152
Word overlap	lexical-trap-album-to-song-015	0.000151
Word overlap	lexical-trap-album-to-song-016	0.000145
Word overlap	lexical-trap-album-to-song-017	0.00015
Word overlap	lexical-trap-album-to-song-018	0.000141
Word overlap	lexical-trap-album-to-song-019	0.000254
Word overlap	lexical-trap-event-to-song-007	0.000169
Word overlap	lexical-trap-album-to-song-020	0.000274
Word overlap	lexical-trap-album-to-song-021	0.000212
Word overlap	lexical-trap-song-to-album-004	0.000159
Word overlap	lexical-trap-album-to-song-022	0.000153
Word overlap	lexical-trap-album-to-song-023	0.000166
Word overlap	lexical-trap-album-to-song-024	0.000218
Word overlap	lexical-trap-album-to-song-025	0.000148
Word overlap	lexical-trap-album-to-song-026	0.00015
Word overlap	lexical-trap-album-to-song-027	0.000137
Word overlap	lexical-trap-song-to-album-005	0.00016
Word overlap	lexical-trap-album-to-song-028	0.000145
Word overlap	lexical-trap-album-to-song-029	0.000194
Word overlap	lexical-trap-album-to-song-030	0.002571
Word overlap	lexical-trap-song-to-album-006	0.000843
Word overlap	lexical-trap-song-to-album-007	0.000796
Word overlap	lexical-trap-song-to-album-008	0.000168
Word overlap	lexical-trap-song-to-album-009	0.000151
Word overlap	lexical-trap-event-to-song-008	0.000154
Word overlap	lexical-trap-event-to-song-009	0.000146
Word overlap	lexical-trap-album-to-song-031	0.000163
Word overlap	lexical-trap-album-to-song-032	0.000141
Word overlap	lexical-trap-song-to-album-010	0.000163
Word overlap	lexical-trap-song-to-album-011	0.000272
Word overlap	lexical-trap-album-to-song-033	0.000149
Word overlap	lexical-trap-album-to-song-034	0.000215
Word overlap	multi-hop-album-year-001	0.00025
Word overlap	multi-hop-album-year-002	0.000333
Word overlap	multi-hop-album-year-003	0.000258
Word overlap	multi-hop-album-year-004	0.000263
Word overlap	multi-hop-album-year-005	0.000244
Word overlap	multi-hop-album-year-006	0.000236
Word overlap	multi-hop-album-year-007	0.001013
Word overlap	multi-hop-album-year-008	0.000467
Word overlap	multi-hop-album-year-009	0.000295
Word overlap	multi-hop-album-year-010	0.000249
Word overlap	multi-hop-album-year-011	0.00035
Word overlap	multi-hop-album-year-012	0.000997
Word overlap	multi-hop-album-year-013	0.000419
Word overlap	multi-hop-album-year-014	0.000258
Word overlap	multi-hop-album-year-015	0.006081
Word overlap	multi-hop-album-year-016	0.00077
Word overlap	multi-hop-album-year-017	0.000263
Word overlap	multi-hop-album-year-018	0.000309
Word overlap	multi-hop-album-year-019	0.000363
Word overlap	multi-hop-album-year-020	0.001072
Word overlap	multi-hop-album-year-021	0.000248
Word overlap	multi-hop-album-year-022	0.000268
Word overlap	multi-hop-album-year-023	0.000251
Word overlap	multi-hop-album-year-024	0.000231
Word overlap	multi-hop-album-year-025	0.000272
Word overlap	multi-hop-album-year-026	0.000248
Word overlap	multi-hop-album-year-027	0.002731
Word overlap	multi-hop-album-year-028	0.000276
Word overlap	multi-hop-album-year-029	0.002734
Word overlap	multi-hop-album-year-030	0.000325
Word overlap	multi-hop-album-year-031	0.000221
Word overlap	multi-hop-album-year-032	0.000235
Word overlap	multi-hop-album-year-033	0.000244
Word overlap	multi-hop-album-year-034	0.000245
Word overlap	multi-hop-album-year-035	0.000228
Word overlap	multi-hop-album-year-036	0.000239
Word overlap	multi-hop-album-year-037	0.000232
Word overlap	multi-hop-album-year-038	0.000267
Word overlap	multi-hop-album-year-039	0.000596
Word overlap	multi-hop-album-year-040	0.00027
Word overlap	multi-hop-album-year-041	0.000253
Word overlap	multi-hop-album-year-042	0.00023
Word overlap	multi-hop-album-year-043	0.003697
Word overlap	multi-hop-album-year-044	0.001439
Word overlap	multi-hop-album-year-045	0.000293
Word overlap	multi-hop-album-year-046	0.006048
Word overlap	multi-hop-album-year-047	0.003703
Word overlap	multi-hop-album-year-048	0.000255
Word overlap	multi-hop-album-year-049	0.000281
Word overlap	multi-hop-album-year-050	0.000247
Word overlap	multi-hop-album-year-051	0.017191
Word overlap	multi-hop-album-year-052	0.000302
Word overlap	multi-hop-album-year-053	0.001032
Word overlap	multi-hop-album-year-054	0.002653
Word overlap	multi-hop-album-year-055	0.000817
Word overlap	multi-hop-album-year-056	0.000405
Word overlap	multi-hop-album-year-057	0.000365
Word overlap	multi-hop-album-year-058	0.000406
Word overlap	multi-hop-album-year-059	0.000451
Word overlap	multi-hop-album-year-060	0.000267
Word overlap	multi-hop-before-after-001	0.000249
Word overlap	multi-hop-before-after-002	9.5e-05
Word overlap	multi-hop-before-after-003	0.000115
Word overlap	multi-hop-before-after-004	8.6e-05
Word overlap	multi-hop-before-after-005	0.000458
Word overlap	multi-hop-before-after-006	0.000126
Word overlap	multi-hop-before-after-007	0.000673
Word overlap	multi-hop-before-after-008	0.000478
Word overlap	multi-hop-before-after-009	0.000266
Word overlap	multi-hop-before-after-010	0.000407
Word overlap	multi-hop-before-after-011	0.000317
Word overlap	multi-hop-before-after-012	0.000415
Word overlap	multi-hop-before-after-013	8.2e-05
Word overlap	multi-hop-before-after-014	7.8e-05
Word overlap	multi-hop-before-after-015	8.8e-05
Word overlap	multi-hop-before-after-016	7.3e-05
Word overlap	multi-hop-before-after-017	9.1e-05
Word overlap	multi-hop-before-after-018	0.000102
Word overlap	multi-hop-before-after-019	0.00015
Word overlap	multi-hop-before-after-020	0.000775
Word overlap	multi-hop-before-after-021	0.000105
Word overlap	multi-hop-before-after-022	0.001593
Word overlap	multi-hop-before-after-023	0.000106
Word overlap	multi-hop-before-after-024	0.000105
Word overlap	multi-hop-before-after-025	0.002425
Word overlap	multi-hop-before-after-026	0.001121
Word overlap	multi-hop-before-after-027	9.5e-05
Word overlap	multi-hop-before-after-028	9.7e-05
Word overlap	multi-hop-before-after-029	0.000123
Word overlap	multi-hop-before-after-030	9.7e-05
Word overlap	multi-hop-before-after-031	0.000691
Word overlap	multi-hop-before-after-032	0.000102
Word overlap	multi-hop-before-after-033	0.000516
Word overlap	multi-hop-before-after-034	0.000166
Word overlap	multi-hop-before-after-035	0.000727
Word overlap	multi-hop-before-after-036	0.001052
Word overlap	multi-hop-before-after-037	0.000111
Word overlap	multi-hop-before-after-038	9.1e-05
Word overlap	multi-hop-before-after-039	9.1e-05
Word overlap	multi-hop-before-after-040	0.000374
Word overlap	multi-hop-before-after-041	8.9e-05
Word overlap	multi-hop-before-after-042	0.000529
Word overlap	multi-hop-before-after-043	0.000104
Word overlap	multi-hop-before-after-044	8.6e-05
Word overlap	multi-hop-before-after-045	9.4e-05
Word overlap	multi-hop-before-after-046	8.2e-05
Word overlap	multi-hop-before-after-047	9.1e-05
Word overlap	multi-hop-before-after-048	8.6e-05
Word overlap	multi-hop-before-after-049	9.3e-05
Word overlap	multi-hop-before-after-050	8.1e-05
Word overlap	multi-hop-before-after-051	0.000116
Word overlap	multi-hop-before-after-052	9.3e-05
Word overlap	multi-hop-before-after-053	0.000107
Word overlap	multi-hop-before-after-054	0.000432
Word overlap	multi-hop-before-after-055	0.002908
Word overlap	multi-hop-before-after-056	0.000352
Word overlap	multi-hop-before-after-057	0.000979
Word overlap	multi-hop-before-after-058	0.000116
Word overlap	multi-hop-before-after-059	8.8e-05
Word overlap	multi-hop-before-after-060	9.3e-05
Word overlap	multi-hop-same-month-001	3.4e-05
Word overlap	multi-hop-same-month-002	3.3e-05
Word overlap	multi-hop-same-month-003	3.1e-05
Word overlap	multi-hop-same-month-004	2.3e-05
Word overlap	multi-hop-same-month-005	2.7e-05
Word overlap	multi-hop-same-month-006	2.5e-05
Word overlap	multi-hop-same-month-007	3e-05
Word overlap	multi-hop-same-month-008	0.000141
Word overlap	multi-hop-same-month-009	4.1e-05
Word overlap	multi-hop-same-month-010	2.6e-05
Word overlap	multi-hop-same-month-011	2.3e-05
Word overlap	multi-hop-same-month-012	3e-05
Word overlap	multi-hop-same-month-013	2.9e-05
Word overlap	multi-hop-same-month-014	2.5e-05
Word overlap	multi-hop-same-month-015	2.9e-05
Word overlap	multi-hop-same-month-016	3.1e-05
Word overlap	multi-hop-same-month-017	2.7e-05
Word overlap	multi-hop-same-month-018	2.6e-05
Word overlap	multi-hop-same-month-019	9.6e-05
Word overlap	multi-hop-same-month-020	3.8e-05
Word overlap	multi-hop-same-month-021	3.4e-05
Word overlap	multi-hop-same-month-022	3.9e-05
Word overlap	multi-hop-same-month-023	3e-05
Word overlap	multi-hop-same-month-024	2.6e-05
Word overlap	multi-hop-same-month-025	3.1e-05
Word overlap	multi-hop-same-month-026	0.000374
Word overlap	multi-hop-same-month-027	2.7e-05
Word overlap	multi-hop-same-month-028	2.3e-05
Word overlap	multi-hop-same-month-029	2.2e-05
Word overlap	multi-hop-same-month-030	7.4e-05
Word overlap	multi-hop-same-month-031	2.7e-05
Word overlap	multi-hop-same-month-032	2.5e-05
Word overlap	multi-hop-same-month-033	2.5e-05
Word overlap	multi-hop-same-month-034	2.2e-05
Word overlap	multi-hop-same-month-035	1.9e-05
Word overlap	multi-hop-same-month-036	1.9e-05
Word overlap	multi-hop-same-month-037	2.3e-05
Word overlap	multi-hop-same-month-038	2.6e-05
Word overlap	multi-hop-same-month-039	2.7e-05
Word overlap	multi-hop-same-month-040	2.4e-05
Word overlap	multi-hop-same-month-041	2.6e-05
Word overlap	multi-hop-same-month-042	2.8e-05
Word overlap	multi-hop-same-month-043	2.5e-05
Word overlap	multi-hop-same-month-044	0.000139
Word overlap	multi-hop-same-month-045	2.7e-05
Word overlap	multi-hop-same-month-046	2.7e-05
Word overlap	multi-hop-same-month-047	2.2e-05
Word overlap	multi-hop-same-month-048	2.9e-05
Word overlap	multi-hop-same-month-049	2.6e-05
Word overlap	multi-hop-same-month-050	2.6e-05
Word overlap	multi-hop-same-month-051	2.4e-05
Word overlap	multi-hop-same-month-052	0.000179
Word overlap	multi-hop-same-month-053	3.7e-05
Word overlap	multi-hop-same-month-054	2.5e-05
Word overlap	multi-hop-same-month-055	3.2e-05
Word overlap	multi-hop-same-month-056	2.6e-05
Word overlap	multi-hop-same-month-057	0.00014
Word overlap	multi-hop-same-month-058	2.6e-05
Word overlap	multi-hop-same-month-059	2.7e-05
Word overlap	multi-hop-same-month-060	2.5e-05
Word overlap	near-neighbor-control-album-001	0.000145
Word overlap	near-neighbor-control-album-002	0.000113
Word overlap	near-neighbor-control-album-003	0.000114
Word overlap	near-neighbor-control-album-004	0.000122
Word overlap	near-neighbor-control-album-005	0.000251
Word overlap	near-neighbor-control-album-006	0.000105
Word overlap	near-neighbor-control-album-007	9.9e-05
Word overlap	near-neighbor-control-album-008	9.9e-05
Word overlap	near-neighbor-control-album-009	0.000107
Word overlap	near-neighbor-control-album-010	0.000185
Word overlap	near-neighbor-control-album-011	0.002091
Word overlap	near-neighbor-control-album-012	0.000147
Word overlap	near-neighbor-control-album-013	0.000106
Word overlap	near-neighbor-control-album-014	9.9e-05
Word overlap	near-neighbor-control-album-015	9.1e-05
Word overlap	near-neighbor-control-album-016	8.1e-05
Word overlap	near-neighbor-control-album-017	0.000566
Word overlap	near-neighbor-control-album-018	0.000112
Word overlap	near-neighbor-control-album-019	0.000109
Word overlap	near-neighbor-control-album-020	8.3e-05
Word overlap	near-neighbor-control-album-021	9.2e-05
Word overlap	near-neighbor-control-album-022	9.2e-05
Word overlap	near-neighbor-control-album-023	9.4e-05
Word overlap	near-neighbor-control-album-024	0.000192
Word overlap	near-neighbor-control-album-025	0.000779
Word overlap	near-neighbor-control-album-026	0.000119
Word overlap	near-neighbor-control-album-027	0.000116
Word overlap	near-neighbor-control-album-028	9.4e-05
Word overlap	near-neighbor-control-album-029	0.000106
Word overlap	near-neighbor-control-album-030	8.6e-05
Word overlap	near-neighbor-control-album-031	0.000106
Word overlap	near-neighbor-control-album-032	9.9e-05
Word overlap	near-neighbor-control-album-033	8.4e-05
Word overlap	near-neighbor-control-album-034	8.8e-05
Word overlap	near-neighbor-control-album-035	9.6e-05
Word overlap	near-neighbor-control-album-036	0.000144
Word overlap	near-neighbor-control-album-037	0.000117
Word overlap	near-neighbor-control-album-038	0.000105
Word overlap	near-neighbor-control-album-039	9.6e-05
Word overlap	near-neighbor-control-album-040	9.9e-05
Word overlap	near-neighbor-control-album-041	0.0001
Word overlap	near-neighbor-control-album-042	0.000305
Word overlap	near-neighbor-control-album-043	0.000497
Word overlap	near-neighbor-control-album-044	0.000512
Word overlap	near-neighbor-control-album-045	0.000653
Word overlap	near-neighbor-control-album-046	0.00142
Word overlap	near-neighbor-control-album-047	0.000351
Word overlap	near-neighbor-control-album-048	0.001085
Word overlap	near-neighbor-control-album-049	0.000137
Word overlap	near-neighbor-control-album-050	0.000129
Word overlap	near-neighbor-control-album-051	0.000119
Word overlap	near-neighbor-control-album-052	0.000129
Word overlap	near-neighbor-control-album-053	0.000101
Word overlap	near-neighbor-control-album-054	9.5e-05
Word overlap	near-neighbor-control-album-055	0.000107
Word overlap	near-neighbor-control-album-056	9.7e-05
Word overlap	near-neighbor-control-album-057	0.000103
Word overlap	near-neighbor-control-album-058	9.3e-05
Word overlap	near-neighbor-control-album-059	0.0001
Word overlap	near-neighbor-control-album-060	6.3e-05
Word overlap	near-neighbor-album-001	0.00012
Word overlap	near-neighbor-album-002	9.6e-05
Word overlap	near-neighbor-album-003	6.8e-05
Word overlap	near-neighbor-album-004	0.00011
Word overlap	near-neighbor-album-005	9.2e-05
Word overlap	near-neighbor-album-006	9.4e-05
Word overlap	near-neighbor-album-007	0.000177
Word overlap	near-neighbor-album-008	0.000118
Word overlap	near-neighbor-album-009	9.6e-05
Word overlap	near-neighbor-album-010	9.8e-05
Word overlap	near-neighbor-album-011	9.8e-05
Word overlap	near-neighbor-album-012	0.00011
Word overlap	near-neighbor-album-013	0.000104
Word overlap	near-neighbor-album-014	9.3e-05
Word overlap	near-neighbor-album-015	7.2e-05
Word overlap	near-neighbor-album-016	0.000112
Word overlap	near-neighbor-album-017	0.000105
Word overlap	near-neighbor-album-018	9.7e-05
Word overlap	near-neighbor-album-019	0.000112
Word overlap	near-neighbor-album-020	0.000104
Word overlap	near-neighbor-album-021	0.000259
Word overlap	near-neighbor-album-022	0.000123
Word overlap	near-neighbor-album-023	9.3e-05
Word overlap	near-neighbor-album-024	9.4e-05
Word overlap	near-neighbor-album-025	9.6e-05
Word overlap	near-neighbor-album-026	9.7e-05
Word overlap	near-neighbor-album-027	0.00011
Word overlap	near-neighbor-album-028	0.000103
Word overlap	near-neighbor-album-029	0.000116
Word overlap	near-neighbor-album-030	0.000104
Word overlap	near-neighbor-album-031	0.000135
Word overlap	near-neighbor-album-032	0.000101
Word overlap	near-neighbor-album-033	8.6e-05
Word overlap	near-neighbor-album-034	7.6e-05
Word overlap	near-neighbor-album-035	9.5e-05
Word overlap	near-neighbor-album-036	8.9e-05
Word overlap	near-neighbor-album-037	9.1e-05
Word overlap	near-neighbor-album-038	0.000103
Word overlap	near-neighbor-album-039	0.000281
Word overlap	near-neighbor-album-040	0.000105
Word overlap	near-neighbor-album-041	0.00011
Word overlap	near-neighbor-album-042	0.000116
Word overlap	near-neighbor-album-043	0.0001
Word overlap	near-neighbor-album-044	9.8e-05
Word overlap	near-neighbor-album-045	0.000101
Word overlap	near-neighbor-album-046	9.3e-05
Word overlap	near-neighbor-album-047	0.00011
Word overlap	near-neighbor-album-048	0.000103
Word overlap	near-neighbor-album-049	0.000118
Word overlap	near-neighbor-album-050	0.000101
Word overlap	near-neighbor-album-051	0.000109
Word overlap	near-neighbor-album-052	0.000104
Word overlap	near-neighbor-album-053	8.2e-05
Word overlap	near-neighbor-album-054	7.5e-05
Word overlap	near-neighbor-album-055	9.6e-05
Word overlap	near-neighbor-album-056	0.000117
Word overlap	near-neighbor-album-057	9.8e-05
Word overlap	near-neighbor-album-058	9.4e-05
Word overlap	near-neighbor-album-059	0.0001
Word overlap	near-neighbor-album-060	0.000169
Word overlap	none-of-these-absent-001	0.000259
Word overlap	none-of-these-present-001	7.5e-05
Word overlap	none-of-these-absent-002	7.5e-05
Word overlap	none-of-these-present-002	0.000591
Word overlap	none-of-these-absent-003	0.000383
Word overlap	none-of-these-present-003	0.000135
Word overlap	none-of-these-absent-004	0.000125
Word overlap	none-of-these-present-004	0.000145
Word overlap	none-of-these-absent-005	0.000167
Word overlap	none-of-these-present-005	0.000179
Word overlap	none-of-these-absent-006	0.000267
Word overlap	none-of-these-present-006	0.000219
Word overlap	none-of-these-absent-007	0.000119
Word overlap	none-of-these-present-007	6.7e-05
Word overlap	none-of-these-absent-008	9.8e-05
Word overlap	none-of-these-present-008	0.000125
Word overlap	none-of-these-absent-009	0.000145
Word overlap	none-of-these-present-009	0.000119
Word overlap	none-of-these-absent-010	0.000596
Word overlap	none-of-these-present-010	0.000193
Word overlap	none-of-these-absent-011	0.000251
Word overlap	none-of-these-present-011	0.000172
Word overlap	none-of-these-absent-012	0.000122
Word overlap	none-of-these-present-012	0.000151
Word overlap	none-of-these-absent-013	0.00014
Word overlap	none-of-these-present-013	0.000117
Word overlap	none-of-these-absent-014	0.000131
Word overlap	none-of-these-present-014	0.00013
Word overlap	none-of-these-absent-015	0.000278
Word overlap	none-of-these-present-015	0.000153
Word overlap	none-of-these-absent-016	0.000142
Word overlap	none-of-these-present-016	0.000149
Word overlap	none-of-these-absent-017	0.000155
Word overlap	none-of-these-present-017	0.00013
Word overlap	none-of-these-absent-018	0.000137
Word overlap	none-of-these-present-018	0.000133
Word overlap	none-of-these-absent-019	0.000131
Word overlap	none-of-these-present-019	0.000141
Word overlap	none-of-these-absent-020	0.00016
Word overlap	none-of-these-present-020	0.000137
Word overlap	none-of-these-absent-021	0.000136
Word overlap	none-of-these-present-021	0.000126
Word overlap	none-of-these-absent-022	0.00015
Word overlap	none-of-these-present-022	0.000128
Word overlap	none-of-these-absent-023	0.000144
Word overlap	none-of-these-present-023	0.000125
Word overlap	none-of-these-absent-024	0.000126
Word overlap	none-of-these-present-024	0.00015
Word overlap	none-of-these-absent-025	0.000141
Word overlap	none-of-these-present-025	0.000143
Word overlap	none-of-these-absent-026	0.000124
Word overlap	none-of-these-present-026	0.000132
Word overlap	none-of-these-absent-027	0.000141
Word overlap	none-of-these-present-027	0.00014
Word overlap	none-of-these-absent-028	0.000142
Word overlap	none-of-these-present-028	0.000338
Word overlap	none-of-these-absent-029	0.000115
Word overlap	none-of-these-present-029	0.000138
Word overlap	none-of-these-absent-030	0.000122
Word overlap	none-of-these-present-030	0.000128
Word overlap	reversal-general-shared-name-forward-001	0.000126
Word overlap	reversal-general-shared-name-reverse-001	0.000135
Word overlap	reversal-general-shared-name-forward-002	0.000109
Word overlap	reversal-general-shared-name-reverse-002	0.000145
Word overlap	reversal-general-shared-name-forward-003	0.00011
Word overlap	reversal-general-shared-name-reverse-003	0.00012
Word overlap	reversal-general-shared-name-forward-004	0.000107
Word overlap	reversal-general-shared-name-reverse-004	0.000117
Word overlap	reversal-general-shared-name-forward-005	0.0001
Word overlap	reversal-general-shared-name-reverse-005	0.00013
Word overlap	reversal-general-shared-name-forward-006	0.000115
Word overlap	reversal-general-shared-name-reverse-006	0.000123
Word overlap	reversal-general-shared-name-forward-007	0.000114
Word overlap	reversal-general-shared-name-reverse-007	0.000122
Word overlap	reversal-general-shared-name-forward-008	0.000111
Word overlap	reversal-general-shared-name-reverse-008	0.000113
Word overlap	reversal-general-shared-name-forward-009	0.000102
Word overlap	reversal-general-shared-name-reverse-009	0.000116
Word overlap	reversal-general-shared-name-forward-010	9.7e-05
Word overlap	reversal-general-shared-name-reverse-010	0.000103
Word overlap	reversal-general-shared-name-forward-011	0.000109
Word overlap	reversal-general-shared-name-reverse-011	0.000122
Word overlap	reversal-general-shared-name-forward-012	0.000109
Word overlap	reversal-general-shared-name-reverse-012	0.000153
Word overlap	reversal-general-shared-name-forward-013	0.000109
Word overlap	reversal-general-shared-name-reverse-013	0.000125
Word overlap	reversal-general-shared-name-forward-014	0.000116
Word overlap	reversal-general-shared-name-reverse-014	9.3e-05
Word overlap	reversal-general-shared-name-forward-015	0.000107
Word overlap	reversal-general-shared-name-reverse-015	0.000127
Word overlap	reversal-general-shared-name-forward-016	0.000102
Word overlap	reversal-general-shared-name-reverse-016	0.000122
Word overlap	reversal-general-shared-name-forward-017	0.000107
Word overlap	reversal-general-shared-name-reverse-017	0.000118
Word overlap	reversal-general-shared-name-forward-018	0.00011
Word overlap	reversal-general-shared-name-reverse-018	0.000359
Word overlap	reversal-general-shared-name-forward-019	0.000115
Word overlap	reversal-general-shared-name-reverse-019	0.000126
Word overlap	reversal-general-shared-name-forward-020	0.000119
Word overlap	reversal-general-shared-name-reverse-020	0.000123
Word overlap	reversal-general-shared-name-forward-021	0.000101
Word overlap	reversal-general-shared-name-reverse-021	0.00012
Word overlap	reversal-general-forward-001	0.000104
Word overlap	reversal-general-reverse-001	0.00011
Word overlap	reversal-general-forward-002	0.000101
Word overlap	reversal-general-reverse-002	0.000104
Word overlap	reversal-general-forward-003	0.000104
Word overlap	reversal-general-reverse-003	0.000117
Word overlap	reversal-general-forward-004	0.000108
Word overlap	reversal-general-reverse-004	0.000119
Word overlap	reversal-general-forward-005	0.000137
Word overlap	reversal-general-reverse-005	0.000109
Word overlap	reversal-general-forward-006	0.000102
Word overlap	reversal-general-reverse-006	0.000113
Word overlap	reversal-general-forward-007	0.000118
Word overlap	reversal-general-reverse-007	0.000117
Word overlap	reversal-general-forward-008	0.000122
Word overlap	reversal-general-reverse-008	0.00013
Word overlap	reversal-general-forward-009	0.000119
Word overlap	reversal-general-reverse-009	0.000102
Word overlap	reversal-general-forward-010	5.5e-05
Word overlap	reversal-general-reverse-010	5.7e-05
Word overlap	reversal-general-forward-011	7.3e-05
Word overlap	reversal-general-reverse-011	0.000114
Word overlap	reversal-general-forward-012	0.000103
Word overlap	reversal-general-reverse-012	0.000101
Word overlap	reversal-general-forward-013	9.7e-05
Word overlap	reversal-general-reverse-013	0.000107
Word overlap	reversal-general-forward-014	9.3e-05
Word overlap	reversal-general-reverse-014	0.000125
Word overlap	reversal-general-forward-015	8.7e-05
Word overlap	reversal-general-reverse-015	0.000113
Word overlap	reversal-general-forward-016	0.000104
Word overlap	reversal-general-reverse-016	0.000122
Word overlap	reversal-general-forward-017	0.000111
Word overlap	reversal-general-reverse-017	0.000118
Word overlap	reversal-general-forward-018	0.000113
Word overlap	reversal-general-reverse-018	0.000124
Word overlap	reversal-general-forward-019	9.5e-05
Word overlap	reversal-general-reverse-019	0.000125
Word overlap	reversal-general-forward-020	0.000154
Word overlap	reversal-general-reverse-020	0.00011
Word overlap	reversal-general-forward-021	9.1e-05
Word overlap	reversal-general-reverse-021	0.000129
Word overlap	reversal-general-forward-022	0.0001
Word overlap	reversal-general-reverse-022	0.000114
Word overlap	reversal-general-forward-023	0.000169
Word overlap	reversal-general-reverse-023	0.000121
Word overlap	reversal-general-forward-024	9.9e-05
Word overlap	reversal-general-reverse-024	0.000111
Word overlap	reversal-general-forward-025	0.0001
Word overlap	reversal-general-reverse-025	0.000109
Word overlap	reversal-general-forward-026	9.6e-05
Word overlap	reversal-general-reverse-026	0.000272
Word overlap	reversal-general-forward-027	0.000109
Word overlap	reversal-general-reverse-027	0.000115
Word overlap	reversal-general-forward-028	0.000108
Word overlap	reversal-general-reverse-028	0.000119
Word overlap	reversal-general-forward-029	9.5e-05
Word overlap	reversal-general-reverse-029	0.000122
Word overlap	reversal-general-forward-030	9.7e-05
Word overlap	reversal-general-reverse-030	0.000141
Word overlap	reversal-general-forward-031	0.000297
Word overlap	reversal-general-reverse-031	0.000274
Word overlap	reversal-general-forward-032	0.000336
Word overlap	reversal-general-reverse-032	0.000161
Word overlap	reversal-general-forward-033	0.000105
Word overlap	reversal-general-reverse-033	0.000122
Word overlap	reversal-general-forward-034	0.000111
Word overlap	reversal-general-reverse-034	0.000123
Word overlap	reversal-general-forward-035	9e-05
Word overlap	reversal-general-reverse-035	0.000117
Word overlap	reversal-general-forward-036	9.6e-05
Word overlap	reversal-general-reverse-036	0.000132
Word overlap	reversal-general-forward-037	0.00018
Word overlap	reversal-general-reverse-037	0.000128
Word overlap	reversal-general-forward-038	8.5e-05
Word overlap	reversal-general-reverse-038	0.000116
Word overlap	reversal-general-forward-039	8.8e-05
Word overlap	reversal-general-reverse-039	0.000124
Word overlap	reversal-general-forward-040	0.000107
Word overlap	reversal-general-reverse-040	0.000121
Word overlap	reversal-general-forward-041	0.000117
Word overlap	reversal-general-reverse-041	0.000124
Word overlap	reversal-general-forward-042	9.8e-05
Word overlap	reversal-general-reverse-042	0.000116
Word overlap	reversal-general-forward-043	0.000105
Word overlap	reversal-general-reverse-043	0.000136
Word overlap	reversal-general-forward-044	0.000106
Word overlap	reversal-general-reverse-044	0.000478
Word overlap	reversal-general-forward-045	0.000208
Word overlap	reversal-general-reverse-045	0.000119
Word overlap	reversal-general-forward-046	0.000103
Word overlap	reversal-general-reverse-046	0.000179
Word overlap	reversal-general-forward-047	0.000144
Word overlap	reversal-general-reverse-047	9.7e-05
Word overlap	reversal-general-forward-048	0.000187
Word overlap	reversal-general-reverse-048	0.000717
Word overlap	reversal-general-forward-049	0.000152
Word overlap	reversal-general-reverse-049	0.001155
Word overlap	reversal-general-forward-050	0.000362
Word overlap	reversal-general-reverse-050	0.000215
Word overlap	reversal-general-forward-051	0.000252
Word overlap	reversal-general-reverse-051	0.000124
Word overlap	reversal-general-forward-052	0.000443
Word overlap	reversal-general-reverse-052	0.001739
Word overlap	reversal-general-forward-053	0.000519
Word overlap	reversal-general-reverse-053	0.000411
Word overlap	reversal-general-forward-054	0.000165
Word overlap	reversal-general-reverse-054	0.000126
Word overlap	reversal-general-forward-055	0.000323
Word overlap	reversal-general-reverse-055	0.000128
Word overlap	reversal-general-forward-056	0.000105
Word overlap	reversal-general-reverse-056	0.000116
Word overlap	reversal-general-forward-057	0.000122
Word overlap	reversal-general-reverse-057	0.000345
Word overlap	reversal-general-forward-058	0.000273
Word overlap	reversal-general-reverse-058	0.000134
Word overlap	reversal-general-forward-059	0.000108
Word overlap	reversal-general-reverse-059	0.000116
Word overlap	reversal-general-forward-060	0.0001
Word overlap	reversal-general-reverse-060	0.000118
Word overlap	reversal-general-forward-061	0.000104
Word overlap	reversal-general-reverse-061	0.00013
Word overlap	reversal-general-forward-062	0.000113
Word overlap	reversal-general-reverse-062	0.000129
Word overlap	reversal-general-forward-063	0.00011
Word overlap	reversal-general-reverse-063	0.000123
Word overlap	reversal-general-forward-064	0.000105
Word overlap	reversal-general-reverse-064	0.000117
Word overlap	reversal-general-forward-065	9.8e-05
Word overlap	reversal-general-reverse-065	0.000128
Word overlap	reversal-general-forward-066	8.8e-05
Word overlap	reversal-general-reverse-066	0.000119
Word overlap	reversal-general-forward-067	0.000184
Word overlap	reversal-general-reverse-067	0.00012
Word overlap	reversal-general-forward-068	0.000154
Word overlap	reversal-general-reverse-068	0.000144
Word overlap	reversal-general-forward-069	0.000427
Word overlap	reversal-general-reverse-069	0.000858
Word overlap	reversal-general-forward-070	0.000228
Word overlap	reversal-general-reverse-070	0.000132
Word overlap	reversal-general-forward-071	0.000174
Word overlap	reversal-general-reverse-071	0.00014
Word overlap	reversal-general-forward-072	0.000149
Word overlap	reversal-general-reverse-072	0.000325
Word overlap	reversal-general-forward-073	0.000803
Word overlap	reversal-general-reverse-073	0.000637
Word overlap	reversal-forward-001	0.00105
Word overlap	reversal-reverse-001	0.000179
Word overlap	reversal-forward-002	0.000601
Word overlap	reversal-reverse-002	0.000419
Word overlap	reversal-forward-003	0.000143
Word overlap	reversal-forward-004	0.000131
Word overlap	reversal-reverse-003	0.000119
Word overlap	reversal-forward-005	0.007198
Word overlap	reversal-forward-006	0.000191
Word overlap	reversal-forward-007	0.003673
Word overlap	reversal-forward-008	0.000155
Word overlap	reversal-reverse-004	0.000111
Word overlap	reversal-forward-009	0.00016
Word overlap	reversal-reverse-005	9.9e-05
Word overlap	reversal-forward-010	0.000139
Word overlap	reversal-reverse-006	7.4e-05
Word overlap	reversal-forward-011	0.000172
Word overlap	reversal-reverse-007	0.000104
Word overlap	reversal-forward-012	0.000155
Word overlap	reversal-reverse-008	0.000102
Word overlap	reversal-forward-013	0.000173
Word overlap	reversal-reverse-009	8.8e-05
Word overlap	reversal-forward-014	0.000152
Word overlap	reversal-reverse-010	9.5e-05
Word overlap	reversal-forward-015	0.000152
Word overlap	reversal-reverse-011	9.4e-05
Word overlap	reversal-forward-016	0.00013
Word overlap	reversal-reverse-012	0.000106
Word overlap	reversal-forward-017	0.000141
Word overlap	reversal-forward-018	0.000131
Word overlap	reversal-reverse-013	6.6e-05
Word overlap	reversal-forward-019	0.00013
Word overlap	reversal-forward-020	0.000132
Word overlap	reversal-reverse-014	8.8e-05
Word overlap	reversal-forward-021	0.001151
Word overlap	reversal-forward-022	0.000254
Word overlap	reversal-reverse-015	0.000121
Word overlap	reversal-forward-023	0.000107
Word overlap	reversal-forward-024	0.000113
Word overlap	reversal-reverse-016	0.000114
Word overlap	reversal-forward-025	0.000142
Word overlap	reversal-forward-026	6.7e-05
Word overlap	reversal-reverse-017	5.7e-05
Word overlap	reversal-forward-027	6.5e-05
Word overlap	reversal-reverse-018	6.7e-05
Word overlap	reversal-forward-028	0.000134
Word overlap	reversal-reverse-019	5.6e-05
Word overlap	reversal-forward-029	0.000124
Word overlap	reversal-reverse-020	5.8e-05
Word overlap	reversal-forward-030	0.000384
Word overlap	reversal-reverse-021	0.000287
Word overlap	reversal-forward-031	0.000511
Word overlap	reversal-reverse-022	0.00073
Word overlap	reversal-forward-032	0.000138
Word overlap	reversal-reverse-023	0.001307
Word overlap	reversal-forward-033	0.000212
Word overlap	reversal-reverse-024	7.6e-05
Word overlap	reversal-forward-034	0.000144
Word overlap	reversal-reverse-025	6.8e-05
Word overlap	reversal-forward-035	0.000189
Word overlap	reversal-reverse-026	0.000191
Word overlap	reversal-forward-036	0.00013
Word overlap	reversal-reverse-027	6.3e-05
Word overlap	reversal-forward-037	0.00049
Word overlap	reversal-reverse-028	0.000123
Word overlap	reverse-singer-to-song-001	0.000484
Word overlap	reverse-singer-to-song-002	0.000433
Word overlap	reverse-singer-to-song-003	0.000622
Word overlap	reverse-singer-to-song-004	0.000149
Word overlap	reverse-singer-to-song-005	0.002541
Word overlap	reverse-singer-to-song-006	0.000165
Word overlap	reverse-singer-to-song-007	0.000235
Word overlap	reverse-singer-to-song-008	0.000811
Word overlap	reverse-singer-to-song-009	0.000182
Word overlap	reverse-singer-to-song-010	0.000152
Word overlap	reverse-singer-to-song-011	0.00015
Word overlap	reverse-singer-to-song-012	0.000146
Word overlap	reverse-singer-to-song-013	0.000139
Word overlap	reverse-singer-to-song-014	0.000147
Word overlap	reverse-singer-to-song-015	0.000159
Word overlap	reverse-singer-to-song-016	0.000143
Word overlap	reverse-singer-to-song-017	0.000128
Word overlap	reverse-singer-to-song-018	0.000224
Word overlap	reverse-singer-to-song-019	0.000632
Word overlap	reverse-singer-to-song-020	0.000889
Word overlap	reverse-singer-to-song-021	0.000176
Word overlap	reverse-singer-to-song-022	0.000177
Word overlap	reverse-singer-to-song-023	0.000155
Word overlap	reverse-singer-to-song-024	0.000943
Word overlap	reverse-singer-to-song-025	0.000382
Word overlap	reverse-singer-to-song-026	0.000386
Word overlap	reverse-singer-to-song-027	0.000458
Word overlap	reverse-singer-to-song-028	0.000967
Word overlap	reverse-singer-to-song-029	0.000115
Word overlap	reverse-singer-to-song-030	0.000137
Word overlap	reverse-singer-to-song-031	0.000112
Word overlap	reverse-singer-to-song-032	0.000112
Word overlap	reverse-singer-to-song-033	0.000112
Word overlap	reverse-singer-to-song-034	0.00011
Word overlap	reverse-singer-to-song-035	0.000257
Word overlap	reverse-singer-to-song-036	0.000108
Word overlap	reverse-singer-to-song-037	0.000127
Word overlap	reverse-singer-to-song-038	0.000119
Word overlap	reverse-singer-to-song-039	0.000124
Word overlap	reverse-singer-to-song-040	0.000121
Word overlap	reverse-album-to-song-001	0.000132
Word overlap	reverse-album-to-song-002	0.000126
Word overlap	reverse-album-to-song-003	0.000139
Word overlap	reverse-album-to-song-004	0.000133
Word overlap	reverse-album-to-song-005	0.000441
Word overlap	reverse-album-to-song-006	0.000136
Word overlap	reverse-album-to-song-007	0.000138
Word overlap	reverse-album-to-song-008	0.000144
Word overlap	reverse-album-to-song-009	0.000162
Word overlap	reverse-album-to-song-010	0.000109
Word overlap	reverse-album-to-song-011	0.000102
Word overlap	reverse-album-to-song-012	0.000101
Word overlap	reverse-album-to-song-013	0.000108
Word overlap	reverse-album-to-song-014	0.000105
Word overlap	reverse-album-to-song-015	0.000105
Word overlap	reverse-album-to-song-016	0.000102
Word overlap	reverse-album-to-song-017	0.000134
Word overlap	reverse-album-to-song-018	0.000137
Word overlap	reverse-album-to-song-019	0.00012
Word overlap	reverse-album-to-song-020	0.000112
Word overlap	reverse-album-to-song-021	0.000105
Word overlap	reverse-album-to-song-022	0.000101
Word overlap	reverse-album-to-song-023	0.000106
Word overlap	reverse-album-to-song-024	0.000114
Word overlap	reverse-album-to-song-025	0.000116
Word overlap	reverse-album-to-song-026	0.0001
Word overlap	reverse-album-to-song-027	0.000114
Word overlap	reverse-album-to-song-028	0.000148
Word overlap	reverse-album-to-song-029	0.00596
Word overlap	reverse-album-to-song-030	0.00243
Word overlap	reverse-album-to-song-031	0.000163
Word overlap	reverse-album-to-song-032	0.000115
Word overlap	reverse-album-to-song-033	0.000131
Word overlap	reverse-album-to-song-034	0.000108
Word overlap	reverse-album-to-song-035	0.000109
Word overlap	reverse-album-to-song-036	0.000105
Word overlap	reverse-album-to-song-037	0.000106
Word overlap	reverse-album-to-song-038	0.000177
Word overlap	reverse-album-to-song-039	0.000139
Word overlap	reverse-album-to-song-040	0.000124
Word overlap	reverse-singer-yes-no-001	2.3e-05
Word overlap	reverse-singer-yes-no-002	1.9e-05
Word overlap	reverse-singer-yes-no-003	1.6e-05
Word overlap	reverse-singer-yes-no-004	1.7e-05
Word overlap	reverse-singer-yes-no-005	2.2e-05
Word overlap	reverse-singer-yes-no-006	2.1e-05
Word overlap	reverse-singer-yes-no-007	2.4e-05
Word overlap	reverse-singer-yes-no-008	2e-05
Word overlap	reverse-singer-yes-no-009	2.4e-05
Word overlap	reverse-singer-yes-no-010	3.2e-05
Word overlap	reverse-singer-yes-no-011	2.7e-05
Word overlap	reverse-singer-yes-no-012	1.9e-05
Word overlap	reverse-singer-yes-no-013	1.9e-05
Word overlap	reverse-singer-yes-no-014	1.7e-05
Word overlap	reverse-singer-yes-no-015	1.6e-05
Word overlap	reverse-singer-yes-no-016	1.5e-05
Word overlap	reverse-singer-yes-no-017	1.7e-05
Word overlap	reverse-singer-yes-no-018	1.6e-05
Word overlap	reverse-singer-yes-no-019	1.8e-05
Word overlap	reverse-singer-yes-no-020	1.7e-05
Word overlap	reverse-singer-yes-no-021	1.5e-05
Word overlap	reverse-singer-yes-no-022	1.5e-05
Word overlap	reverse-singer-yes-no-023	1.5e-05
Word overlap	reverse-singer-yes-no-024	2.2e-05
Word overlap	reverse-singer-yes-no-025	1.8e-05
Word overlap	reverse-singer-yes-no-026	2e-05
Word overlap	reverse-singer-yes-no-027	1.9e-05
Word overlap	reverse-singer-yes-no-028	1.8e-05
Word overlap	reverse-singer-yes-no-029	1.9e-05
Word overlap	reverse-singer-yes-no-030	1.8e-05
Word overlap	reverse-singer-yes-no-031	1.9e-05
Word overlap	reverse-singer-yes-no-032	1.7e-05
Word overlap	shared-lead-shared-lead-001	2.1e-05
Word overlap	shared-lead-shared-lead-002	1.6e-05
Word overlap	shared-lead-shared-lead-003	1.6e-05
Word overlap	shared-lead-shared-lead-004	1.5e-05
Word overlap	shared-lead-shared-lead-005	1.6e-05
Word overlap	shared-lead-shared-lead-006	1.7e-05
Word overlap	shared-lead-shared-lead-007	1.7e-05
Word overlap	shared-lead-shared-lead-008	1.8e-05
Word overlap	shared-lead-shared-lead-009	1.6e-05
Word overlap	shared-lead-shared-lead-010	2e-05
Word overlap	shared-lead-shared-lead-011	2.2e-05
Word overlap	shared-lead-shared-lead-012	1.7e-05
Word overlap	shared-lead-shared-lead-013	1.6e-05
Word overlap	shared-lead-shared-lead-014	1.7e-05
Word overlap	shared-lead-shared-lead-015	1.6e-05
Word overlap	shared-lead-shared-lead-016	1.7e-05
Word overlap	shared-lead-shared-lead-017	1.7e-05
Word overlap	shared-lead-shared-lead-018	2.4e-05
Word overlap	shared-lead-shared-lead-019	1.7e-05
Word overlap	shared-lead-shared-lead-020	2e-05
Word overlap	shared-lead-shared-lead-021	1.8e-05
Word overlap	shared-lead-shared-lead-022	2.8e-05
Word overlap	shared-lead-shared-lead-023	2e-05
Word overlap	shared-lead-shared-lead-024	1.8e-05
Word overlap	shared-lead-shared-lead-025	2.1e-05
Word overlap	shared-lead-shared-lead-026	2.2e-05
Word overlap	shared-lead-shared-lead-027	1.7e-05
Word overlap	shared-lead-shared-lead-028	1.9e-05
Word overlap	shared-lead-shared-lead-029	2.3e-05
Word overlap	shared-lead-shared-lead-030	1.9e-05
Word overlap	shared-lead-shared-lead-031	1.7e-05
Word overlap	shared-lead-shared-lead-032	1.7e-05
Word overlap	single-hop-song-album-001	0.000134
Word overlap	single-hop-album-year-001	0.000175
Word overlap	single-hop-song-album-002	0.000114
Word overlap	single-hop-album-year-002	0.00016
Word overlap	single-hop-song-album-003	0.000122
Word overlap	single-hop-album-year-003	0.000164
Word overlap	single-hop-song-album-004	0.000121
Word overlap	single-hop-album-year-004	0.000164
Word overlap	single-hop-song-album-005	0.000133
Word overlap	single-hop-album-year-005	0.000157
Word overlap	single-hop-song-album-006	0.000121
Word overlap	single-hop-song-album-007	0.000107
Word overlap	single-hop-song-album-008	0.000114
Word overlap	single-hop-song-album-009	0.000109
Word overlap	single-hop-album-year-006	0.00017
Word overlap	single-hop-song-album-010	0.000111
Word overlap	single-hop-album-year-007	0.000184
Word overlap	single-hop-song-album-011	9.4e-05
Word overlap	single-hop-album-year-008	0.000188
Word overlap	single-hop-song-album-012	0.000111
Word overlap	single-hop-song-album-013	0.000102
Word overlap	single-hop-album-year-009	0.000152
Word overlap	single-hop-song-album-014	9.8e-05
Word overlap	single-hop-album-year-010	0.000221
Word overlap	single-hop-song-album-015	0.000107
Word overlap	single-hop-song-album-016	0.000131
Word overlap	single-hop-song-album-017	0.000175
Word overlap	single-hop-song-album-018	0.000108
Word overlap	single-hop-song-album-019	9.8e-05
Word overlap	single-hop-song-album-020	9.7e-05
Word overlap	single-hop-song-album-021	0.000105
Word overlap	single-hop-album-year-011	0.000167
Word overlap	single-hop-song-album-022	0.000104
Word overlap	single-hop-song-album-023	0.000117
Word overlap	single-hop-album-year-012	0.000953
Word overlap	single-hop-song-album-024	0.002185
Word overlap	single-hop-song-album-025	0.000126
Word overlap	single-hop-album-year-013	0.00016
Word overlap	single-hop-song-album-026	0.000119
Word overlap	single-hop-song-album-027	0.000116
Word overlap	single-hop-song-album-028	0.000103
Word overlap	single-hop-song-album-029	0.000109
Word overlap	single-hop-song-album-030	0.000122
Word overlap	single-hop-song-album-031	9.8e-05
Word overlap	single-hop-song-album-032	0.000107
Word overlap	single-hop-song-album-033	9.5e-05
Word overlap	single-hop-song-album-034	9.8e-05
Word overlap	single-hop-song-album-035	0.000199
Word overlap	single-hop-song-album-036	0.00011
Word overlap	single-hop-song-album-037	0.000102
Word overlap	single-hop-song-album-038	0.007998
Word overlap	single-hop-song-album-039	0.000188
Word overlap	single-hop-song-album-040	0.002139
Word overlap	single-hop-song-album-041	0.000154
Word overlap	single-hop-song-album-042	0.000125
Word overlap	single-hop-song-album-043	9.8e-05
Word overlap	single-hop-song-album-044	0.0001
Word overlap	single-hop-song-album-045	0.000101
Word overlap	single-hop-song-album-046	0.000108
Word overlap	single-hop-song-album-047	0.000119
Word overlap	single-hop-song-album-048	9.8e-05
Word overlap	single-hop-song-album-049	0.004234
Word overlap	single-hop-song-album-050	0.000694
Word overlap	single-hop-song-album-051	0.001059
Word overlap	single-hop-song-album-052	0.000139
Word overlap	single-hop-song-album-053	0.000126
Word overlap	single-hop-song-album-054	9.5e-05
Word overlap	single-hop-song-album-055	0.001385
Word overlap	single-hop-song-album-056	0.000128
Word overlap	single-hop-song-album-057	9.7e-05
Word overlap	single-hop-song-album-058	0.000116
Word overlap	single-hop-song-album-059	0.000105
Word overlap	single-hop-song-album-060	0.000103
Word overlap	single-hop-song-month-001	8.9e-05
Word overlap	single-hop-event-month-001	0.000389
Word overlap	single-hop-song-month-002	0.000484
Word overlap	single-hop-event-month-002	0.000309
Word overlap	single-hop-song-month-003	0.00012
Word overlap	single-hop-event-month-003	9.1e-05
Word overlap	single-hop-song-month-004	0.001678
Word overlap	single-hop-event-month-004	8.6e-05
Word overlap	single-hop-song-month-005	0.000288
Word overlap	single-hop-event-month-005	0.000121
Word overlap	single-hop-song-month-006	0.000399
Word overlap	single-hop-event-month-006	0.000219
Word overlap	single-hop-song-month-007	0.000146
Word overlap	single-hop-event-month-007	0.000147
Word overlap	single-hop-song-month-008	0.000105
Word overlap	single-hop-event-month-008	8e-05
Word overlap	single-hop-song-month-009	9.2e-05
Word overlap	single-hop-event-month-009	8.9e-05
Word overlap	single-hop-song-month-010	9.2e-05
Word overlap	single-hop-event-month-010	8.7e-05
Word overlap	single-hop-song-month-011	9.2e-05
Word overlap	single-hop-event-month-011	7.2e-05
Word overlap	single-hop-song-month-012	9.1e-05
Word overlap	single-hop-event-month-012	9.3e-05
Word overlap	single-hop-song-month-013	0.000101
Word overlap	single-hop-event-month-013	0.000172
Word overlap	single-hop-song-month-014	0.000101
Word overlap	single-hop-event-month-014	0.000128
Word overlap	single-hop-song-month-015	9.4e-05
Word overlap	single-hop-song-month-016	9.3e-05
Word overlap	single-hop-event-month-015	7.7e-05
Word overlap	single-hop-song-month-017	9.6e-05
Word overlap	single-hop-event-month-016	8e-05
Word overlap	single-hop-song-month-018	0.000103
Word overlap	single-hop-event-month-017	8.2e-05
Word overlap	single-hop-song-month-019	9.4e-05
Word overlap	single-hop-event-month-018	7.8e-05
Word overlap	single-hop-song-month-020	9.3e-05
Word overlap	single-hop-event-month-019	7.7e-05
Word overlap	single-hop-song-month-021	8.8e-05
Word overlap	single-hop-event-month-020	8.4e-05
Word overlap	single-hop-song-month-022	0.000191
Word overlap	single-hop-event-month-021	8.8e-05
Word overlap	single-hop-song-month-023	0.000121
Word overlap	single-hop-event-month-022	0.000127
Word overlap	single-hop-song-month-024	0.000143
Word overlap	single-hop-event-month-023	0.000125
Word overlap	single-hop-song-month-025	0.000141
Word overlap	single-hop-event-month-024	9.5e-05
Word overlap	single-hop-song-month-026	0.000101
Word overlap	single-hop-song-month-027	9e-05
Word overlap	single-hop-song-month-028	0.000354
Word overlap	single-hop-event-month-025	8.9e-05
Word overlap	single-hop-song-month-029	8.9e-05
Word overlap	single-hop-event-month-026	8e-05
Word overlap	single-hop-song-month-030	9.5e-05
Word overlap	single-hop-event-month-027	8e-05
Word overlap	single-hop-song-month-031	8.2e-05
Word overlap	single-hop-event-month-028	7.7e-05
Word overlap	single-hop-song-month-032	0.000103
Word overlap	single-hop-event-month-029	0.000112
Word overlap	single-hop-song-month-033	0.000122
Word overlap	single-hop-event-month-030	9.4e-05
Word overlap	single-hop-song-month-034	0.000101
Word overlap	single-hop-event-month-031	9.5e-05
Word overlap	single-hop-song-month-035	8.9e-05
Word overlap	single-hop-event-month-032	7.8e-05
Word overlap	single-hop-song-month-036	9.1e-05
Word overlap	single-hop-event-month-033	8.5e-05
Word overlap	single-hop-song-month-037	9.8e-05
Word overlap	single-hop-event-month-034	8e-05
Word overlap	single-hop-song-month-038	9.4e-05
Word overlap	single-hop-event-month-035	7.7e-05
Word overlap	single-hop-song-month-039	8.9e-05
Word overlap	single-hop-event-month-036	9e-05
Word overlap	single-hop-song-month-040	8.8e-05
Word overlap	single-hop-event-month-037	9e-05
Word overlap	single-hop-song-month-041	9.2e-05
Word overlap	single-hop-song-month-042	8.8e-05
Word overlap	single-hop-event-month-038	0.000101
Word overlap	single-hop-song-month-043	0.000128
Word overlap	single-hop-event-month-039	0.000116
Word overlap	single-hop-song-month-044	0.000127
Word overlap	single-hop-event-month-040	9.1e-05
Word overlap	single-hop-song-month-045	0.000124
Word overlap	single-hop-event-month-041	0.000104
Word overlap	single-hop-song-month-046	9.5e-05
Word overlap	single-hop-event-month-042	8.4e-05
Word overlap	single-hop-song-month-047	8.8e-05
Word overlap	single-hop-event-month-043	8e-05
Word overlap	single-hop-song-month-048	0.000515
Word overlap	single-hop-event-month-044	0.000112
Word overlap	single-hop-event-month-045	8.2e-05
Word overlap	single-hop-event-month-046	8.2e-05
Word overlap	single-hop-event-month-047	8.2e-05
Word overlap	single-hop-song-month-049	9.4e-05
Word overlap	single-hop-event-month-048	9.4e-05
Word overlap	single-hop-song-month-050	0.000161
Word overlap	single-hop-event-month-049	0.000276
Word overlap	single-hop-song-month-051	0.000114
Word overlap	single-hop-event-month-050	8.9e-05
Word overlap	single-hop-song-month-052	9.7e-05
Word overlap	single-hop-event-month-051	8.5e-05
Word overlap	single-hop-song-month-053	0.000187
Word overlap	single-hop-event-month-052	8.6e-05
Word overlap	single-hop-song-month-054	8.5e-05
Word overlap	single-hop-event-month-053	7.4e-05
Word overlap	single-hop-song-month-055	8.6e-05
Word overlap	single-hop-song-month-056	9.6e-05
Word overlap	single-hop-song-month-057	8.9e-05
Word overlap	single-hop-event-month-054	8.4e-05
Word overlap	single-hop-song-month-058	8.9e-05
Word overlap	single-hop-song-month-059	0.000116
Word overlap	single-hop-event-month-055	0.000109
Word overlap	single-hop-song-month-060	0.000127
Word overlap	single-hop-event-month-056	9.3e-05
Word overlap	single-hop-song-month-061	9.8e-05
Word overlap	single-hop-song-month-062	0.000146
Word overlap	single-hop-song-month-063	9.7e-05
Word overlap	single-hop-event-month-057	8e-05
Word overlap	single-hop-song-month-064	8.8e-05
Word overlap	single-hop-song-month-065	8.7e-05
Word overlap	single-hop-event-month-058	0.006148
Word overlap	single-hop-event-month-059	0.000168
Word overlap	single-hop-song-month-066	0.000127
Word overlap	single-hop-event-month-060	8.1e-05
Word overlap	single-hop-song-month-067	9.5e-05
Word overlap	single-hop-event-month-061	7.7e-05
Word overlap	single-hop-song-month-068	9.2e-05
Word overlap	single-hop-song-month-069	9.1e-05
Word overlap	single-hop-event-month-062	7.8e-05
Word overlap	single-hop-song-month-070	0.000103
Word overlap	single-hop-event-month-063	0.000114
Word overlap	single-hop-song-month-071	0.000109
Word overlap	single-hop-song-month-072	8.9e-05
Word overlap	single-hop-song-month-073	9.5e-05
Word overlap	single-hop-event-month-064	7.4e-05
Word overlap	single-hop-song-month-074	9.5e-05
Word overlap	single-hop-event-month-065	8.2e-05
Word overlap	single-hop-song-month-075	9.2e-05
Word overlap	single-hop-song-month-076	8.2e-05
Word overlap	single-hop-song-month-077	9.4e-05
Word overlap	single-hop-song-month-078	0.001865
Word overlap	single-hop-event-month-066	0.000127
Word overlap	single-hop-song-month-079	0.000136
Word overlap	single-hop-event-month-067	0.000125
Word overlap	single-hop-song-month-080	0.000123
Word overlap	single-hop-song-month-081	9.5e-05
Word overlap	single-hop-event-month-068	8.1e-05
Word overlap	single-hop-song-month-082	9e-05
Word overlap	single-hop-event-month-069	9e-05
Word overlap	single-hop-song-month-083	8.7e-05
Word overlap	single-hop-event-month-070	7.3e-05
Word overlap	single-hop-song-month-084	0.000103
Word overlap	single-hop-event-month-071	0.000113
Word overlap	single-hop-song-month-085	0.00012
Word overlap	single-hop-song-month-086	9e-05
Word overlap	single-hop-event-month-072	7.2e-05
Word overlap	single-hop-song-month-087	8.8e-05
Word overlap	single-hop-song-month-088	8.6e-05
Word overlap	single-hop-song-month-089	9.3e-05
Word overlap	single-hop-song-month-090	8.5e-05
Word overlap	single-hop-song-month-091	0.000198
Word overlap	single-hop-song-month-092	0.000132
Word overlap	single-hop-song-month-093	0.000119
Word overlap	single-hop-song-month-094	0.000102
Word overlap	single-hop-event-month-073	0.000421
Word overlap	single-hop-song-month-095	0.0001
Word overlap	single-hop-event-month-074	9.4e-05
Word overlap	single-hop-song-month-096	0.000293
Word overlap	single-hop-song-month-097	9.6e-05
Word overlap	single-hop-event-month-075	7.2e-05
Word overlap	single-hop-song-month-098	9.7e-05
Word overlap	single-hop-song-month-099	9.5e-05
Word overlap	single-hop-event-month-076	7.7e-05
GLM-5.3 Flash	comparison-longer-001	11.426
GLM-5.3 Flash	comparison-longer-002	9.562
GLM-5.3 Flash	comparison-longer-003	11.513
GLM-5.3 Flash	comparison-longer-004	10.274
GLM-5.3 Flash	comparison-longer-005	9.125
GLM-5.3 Flash	comparison-longer-006	9.525
GLM-5.3 Flash	comparison-longer-007	8.693
GLM-5.3 Flash	comparison-longer-008	9.5
GLM-5.3 Flash	comparison-longer-009	9.681
GLM-5.3 Flash	comparison-longer-010	10.074
GLM-5.3 Flash	comparison-longer-011	8.879
GLM-5.3 Flash	comparison-longer-012	8.225
GLM-5.3 Flash	comparison-longer-013	9.949
GLM-5.3 Flash	comparison-longer-014	9.797
GLM-5.3 Flash	comparison-longer-015	9.114
GLM-5.3 Flash	comparison-longer-016	9.132
GLM-5.3 Flash	comparison-longer-017	11.253
GLM-5.3 Flash	comparison-longer-018	10.285
GLM-5.3 Flash	comparison-longer-019	9.482
GLM-5.3 Flash	comparison-longer-020	10.21
GLM-5.3 Flash	comparison-longer-021	15.55
GLM-5.3 Flash	comparison-longer-022	15.722
GLM-5.3 Flash	comparison-longer-023	15.765
GLM-5.3 Flash	comparison-longer-024	15.86
GLM-5.3 Flash	comparison-longer-025	10.679
GLM-5.3 Flash	comparison-longer-026	12.147
GLM-5.3 Flash	comparison-longer-027	10.854
GLM-5.3 Flash	comparison-longer-028	9.978
GLM-5.3 Flash	comparison-longer-029	10.358
GLM-5.3 Flash	comparison-longer-030	11.096
GLM-5.3 Flash	comparison-longer-031	9.698
GLM-5.3 Flash	comparison-longer-032	8.671
GLM-5.3 Flash	comparison-longer-033	11.251
GLM-5.3 Flash	comparison-longer-034	10.924
GLM-5.3 Flash	comparison-longer-035	10.979
GLM-5.3 Flash	comparison-longer-036	10.294
GLM-5.3 Flash	comparison-longer-037	9.609
GLM-5.3 Flash	comparison-longer-038	9.943
GLM-5.3 Flash	comparison-longer-039	9.456
GLM-5.3 Flash	comparison-longer-040	9.67
GLM-5.3 Flash	comparison-longer-041	10.571
GLM-5.3 Flash	comparison-longer-042	10.166
GLM-5.3 Flash	comparison-longer-043	10.375
GLM-5.3 Flash	comparison-longer-044	9.713
GLM-5.3 Flash	comparison-longer-045	10.358
GLM-5.3 Flash	comparison-longer-046	9.891
GLM-5.3 Flash	comparison-longer-047	11.816
GLM-5.3 Flash	comparison-longer-048	10.585
GLM-5.3 Flash	comparison-longer-049	9.781
GLM-5.3 Flash	comparison-longer-050	9.012
GLM-5.3 Flash	comparison-longer-051	9.95
GLM-5.3 Flash	comparison-longer-052	8.976
GLM-5.3 Flash	comparison-longer-053	58.107
GLM-5.3 Flash	comparison-longer-054	57.914
GLM-5.3 Flash	comparison-longer-055	42.172
GLM-5.3 Flash	comparison-longer-056	42.625
GLM-5.3 Flash	comparison-longer-057	10.379
GLM-5.3 Flash	comparison-longer-058	10.397
GLM-5.3 Flash	comparison-longer-059	11.255
GLM-5.3 Flash	comparison-longer-060	10.624
GLM-5.3 Flash	forward-singer-001	8.287
GLM-5.3 Flash	forward-singer-002	5.123
GLM-5.3 Flash	forward-singer-003	5.555
GLM-5.3 Flash	forward-singer-004	5.005
GLM-5.3 Flash	forward-singer-005	6.469
GLM-5.3 Flash	forward-singer-006	1.83
GLM-5.3 Flash	forward-singer-007	1.922
GLM-5.3 Flash	forward-singer-008	5.605
GLM-5.3 Flash	forward-singer-009	4.682
GLM-5.3 Flash	forward-singer-010	4.579
GLM-5.3 Flash	forward-singer-011	4.91
GLM-5.3 Flash	forward-singer-012	6.335
GLM-5.3 Flash	forward-singer-013	4.732
GLM-5.3 Flash	forward-singer-014	4.492
GLM-5.3 Flash	forward-singer-015	4.667
GLM-5.3 Flash	forward-singer-016	4.546
GLM-5.3 Flash	forward-singer-017	4.487
GLM-5.3 Flash	forward-singer-018	3.455
GLM-5.3 Flash	forward-singer-019	2.155
GLM-5.3 Flash	forward-singer-020	4.658
GLM-5.3 Flash	forward-singer-021	4.685
GLM-5.3 Flash	forward-singer-022	4.706
GLM-5.3 Flash	forward-singer-023	7.594
GLM-5.3 Flash	forward-singer-024	5.247
GLM-5.3 Flash	forward-singer-025	4.314
GLM-5.3 Flash	forward-singer-026	2.302
GLM-5.3 Flash	forward-singer-027	7.557
GLM-5.3 Flash	forward-singer-028	4.58
GLM-5.3 Flash	forward-singer-029	4.407
GLM-5.3 Flash	forward-singer-030	4.331
GLM-5.3 Flash	forward-singer-031	4.636
GLM-5.3 Flash	forward-singer-032	4.499
GLM-5.3 Flash	forward-singer-033	2.597
GLM-5.3 Flash	forward-singer-034	1.938
GLM-5.3 Flash	forward-singer-035	5.387
GLM-5.3 Flash	forward-singer-036	3.968
GLM-5.3 Flash	forward-singer-037	7.323
GLM-5.3 Flash	forward-singer-038	5.277
GLM-5.3 Flash	forward-singer-039	5.493
GLM-5.3 Flash	forward-singer-040	4.689
GLM-5.3 Flash	forward-singer-041	6.583
GLM-5.3 Flash	forward-singer-042	2.745
GLM-5.3 Flash	forward-singer-043	4.562
GLM-5.3 Flash	forward-singer-044	6.029
GLM-5.3 Flash	forward-singer-045	4.83
GLM-5.3 Flash	forward-singer-046	1.955
GLM-5.3 Flash	forward-singer-047	4.816
GLM-5.3 Flash	forward-singer-048	1.599
GLM-5.3 Flash	forward-singer-049	4.577
GLM-5.3 Flash	forward-singer-050	5.371
GLM-5.3 Flash	forward-singer-051	4.537
GLM-5.3 Flash	forward-singer-052	4.636
GLM-5.3 Flash	forward-singer-053	4.554
GLM-5.3 Flash	forward-singer-054	2.818
GLM-5.3 Flash	forward-singer-055	5.881
GLM-5.3 Flash	forward-singer-056	1.49
GLM-5.3 Flash	forward-singer-057	2.077
GLM-5.3 Flash	forward-album-001	8.919
GLM-5.3 Flash	forward-album-002	8.049
GLM-5.3 Flash	forward-album-003	6.583
GLM-5.3 Flash	forward-album-004	8.958
GLM-5.3 Flash	forward-album-005	7.998
GLM-5.3 Flash	forward-album-006	10.121
GLM-5.3 Flash	forward-album-007	9.333
GLM-5.3 Flash	forward-album-008	7.471
GLM-5.3 Flash	forward-album-009	8.29
GLM-5.3 Flash	forward-album-010	7.199
GLM-5.3 Flash	forward-album-011	7.076
GLM-5.3 Flash	forward-album-012	7.232
GLM-5.3 Flash	forward-album-013	8.596
GLM-5.3 Flash	forward-album-014	8.641
GLM-5.3 Flash	forward-album-015	7.936
GLM-5.3 Flash	forward-album-016	9.865
GLM-5.3 Flash	forward-album-017	9.559
GLM-5.3 Flash	forward-album-018	8.772
GLM-5.3 Flash	forward-album-019	8.424
GLM-5.3 Flash	forward-album-020	6.949
GLM-5.3 Flash	forward-album-021	10.367
GLM-5.3 Flash	forward-album-022	10.324
GLM-5.3 Flash	forward-album-023	9.714
GLM-5.3 Flash	forward-album-024	9.614
GLM-5.3 Flash	forward-album-025	8.775
GLM-5.3 Flash	forward-album-026	9.919
GLM-5.3 Flash	forward-album-027	11.182
GLM-5.3 Flash	forward-album-028	16.544
GLM-5.3 Flash	forward-album-029	15.149
GLM-5.3 Flash	forward-album-030	15.256
GLM-5.3 Flash	forward-album-031	17.834
GLM-5.3 Flash	forward-album-032	14.214
GLM-5.3 Flash	forward-album-033	13.161
GLM-5.3 Flash	forward-album-034	13.499
GLM-5.3 Flash	forward-album-035	14.062
GLM-5.3 Flash	forward-album-036	19.01
GLM-5.3 Flash	forward-album-037	15.58
GLM-5.3 Flash	forward-album-038	18.471
GLM-5.3 Flash	forward-album-039	16.631
GLM-5.3 Flash	forward-album-040	17.787
GLM-5.3 Flash	forward-album-041	17.917
GLM-5.3 Flash	forward-album-042	17.745
GLM-5.3 Flash	forward-album-043	15.667
GLM-5.3 Flash	forward-album-044	8.399
GLM-5.3 Flash	forward-album-045	6.8
GLM-5.3 Flash	forward-album-046	9.936
GLM-5.3 Flash	forward-album-047	8.547
GLM-5.3 Flash	forward-album-048	8.26
GLM-5.3 Flash	forward-album-049	7.842
GLM-5.3 Flash	forward-album-050	8.768
GLM-5.3 Flash	forward-album-051	8.445
GLM-5.3 Flash	forward-album-052	8.568
GLM-5.3 Flash	forward-album-053	9.145
GLM-5.3 Flash	forward-album-054	10.291
GLM-5.3 Flash	forward-album-055	10.493
GLM-5.3 Flash	forward-album-056	10.244
GLM-5.3 Flash	forward-album-057	13.128
GLM-5.3 Flash	forward-album-058	18.18
GLM-5.3 Flash	forward-album-059	18.515
GLM-5.3 Flash	forward-album-060	18.818
GLM-5.3 Flash	forward-songwriter-001	8.922
GLM-5.3 Flash	forward-songwriter-002	4.659
GLM-5.3 Flash	forward-songwriter-003	4.675
GLM-5.3 Flash	forward-songwriter-004	4.402
GLM-5.3 Flash	forward-songwriter-005	4.396
GLM-5.3 Flash	forward-songwriter-006	4.705
GLM-5.3 Flash	forward-songwriter-007	2.596
GLM-5.3 Flash	forward-songwriter-008	4.479
GLM-5.3 Flash	forward-songwriter-009	5.051
GLM-5.3 Flash	forward-songwriter-010	5.125
GLM-5.3 Flash	forward-songwriter-011	2.63
GLM-5.3 Flash	forward-songwriter-012	4.442
GLM-5.3 Flash	forward-songwriter-013	3.86
GLM-5.3 Flash	forward-songwriter-014	4.662
GLM-5.3 Flash	forward-songwriter-015	1.67
GLM-5.3 Flash	forward-songwriter-016	1.614
GLM-5.3 Flash	forward-songwriter-017	4.692
GLM-5.3 Flash	forward-songwriter-018	4.398
GLM-5.3 Flash	forward-songwriter-019	4.801
GLM-5.3 Flash	forward-songwriter-020	4.599
GLM-5.3 Flash	forward-songwriter-021	2.676
GLM-5.3 Flash	forward-songwriter-022	3.688
GLM-5.3 Flash	forward-songwriter-023	6.172
GLM-5.3 Flash	forward-songwriter-024	3.972
GLM-5.3 Flash	forward-songwriter-025	4.37
GLM-5.3 Flash	forward-songwriter-026	4.264
GLM-5.3 Flash	forward-songwriter-027	4.51
GLM-5.3 Flash	forward-songwriter-028	4.245
GLM-5.3 Flash	forward-songwriter-029	4.452
GLM-5.3 Flash	forward-songwriter-030	4.36
GLM-5.3 Flash	forward-songwriter-031	4.8
GLM-5.3 Flash	forward-songwriter-032	1.883
GLM-5.3 Flash	forward-songwriter-033	5.162
GLM-5.3 Flash	forward-songwriter-034	3.053
GLM-5.3 Flash	forward-songwriter-035	1.879
GLM-5.3 Flash	forward-songwriter-036	5.285
GLM-5.3 Flash	forward-songwriter-037	4.804
GLM-5.3 Flash	forward-songwriter-038	4.952
GLM-5.3 Flash	forward-songwriter-039	2.687
GLM-5.3 Flash	forward-songwriter-040	4.969
GLM-5.3 Flash	forward-songwriter-041	2.756
GLM-5.3 Flash	forward-songwriter-042	5.076
GLM-5.3 Flash	forward-songwriter-043	4.66
GLM-5.3 Flash	forward-songwriter-044	6.084
GLM-5.3 Flash	forward-songwriter-045	7.911
GLM-5.3 Flash	forward-songwriter-046	4.937
GLM-5.3 Flash	forward-songwriter-047	2.888
GLM-5.3 Flash	forward-year-001	5.468
GLM-5.3 Flash	forward-year-002	4.666
GLM-5.3 Flash	forward-year-003	4.55
GLM-5.3 Flash	forward-year-004	1.924
GLM-5.3 Flash	forward-year-005	4.488
GLM-5.3 Flash	forward-year-006	4.668
GLM-5.3 Flash	forward-year-007	4.308
GLM-5.3 Flash	forward-year-008	4.455
GLM-5.3 Flash	forward-year-009	4.524
GLM-5.3 Flash	forward-year-010	4.508
GLM-5.3 Flash	forward-year-011	4.488
GLM-5.3 Flash	forward-year-012	7.744
GLM-5.3 Flash	forward-year-013	6.14
GLM-5.3 Flash	forward-year-014	4.989
GLM-5.3 Flash	forward-year-015	4.753
GLM-5.3 Flash	forward-year-016	4.49
GLM-5.3 Flash	forward-year-017	6.01
GLM-5.3 Flash	forward-year-018	2.113
GLM-5.3 Flash	forward-year-019	4.449
GLM-5.3 Flash	forward-year-020	1.595
GLM-5.3 Flash	forward-year-021	5.485
GLM-5.3 Flash	forward-year-022	5.139
GLM-5.3 Flash	forward-year-023	2.769
GLM-5.3 Flash	forward-year-024	4.906
GLM-5.3 Flash	forward-year-025	2.164
GLM-5.3 Flash	forward-year-026	5.477
GLM-5.3 Flash	forward-year-027	2.637
GLM-5.3 Flash	forward-year-028	1.575
GLM-5.3 Flash	forward-year-029	4.6
GLM-5.3 Flash	forward-year-030	1.898
GLM-5.3 Flash	forward-year-031	1.843
GLM-5.3 Flash	forward-year-032	4.436
GLM-5.3 Flash	forward-year-033	2.233
GLM-5.3 Flash	forward-year-034	4.767
GLM-5.3 Flash	forward-year-035	4.548
GLM-5.3 Flash	forward-year-036	4.947
GLM-5.3 Flash	forward-year-037	1.987
GLM-5.3 Flash	forward-year-038	4.781
GLM-5.3 Flash	forward-year-039	1.837
GLM-5.3 Flash	forward-year-040	1.603
GLM-5.3 Flash	forward-year-041	5.263
GLM-5.3 Flash	forward-year-042	4.317
GLM-5.3 Flash	forward-year-043	4.458
GLM-5.3 Flash	forward-year-044	4.339
GLM-5.3 Flash	forward-year-045	4.581
GLM-5.3 Flash	forward-year-046	2.602
GLM-5.3 Flash	forward-year-047	4.771
GLM-5.3 Flash	forward-year-048	1.953
GLM-5.3 Flash	forward-year-049	5.461
GLM-5.3 Flash	forward-year-050	5.998
GLM-5.3 Flash	forward-year-051	4.499
GLM-5.3 Flash	forward-year-052	5.58
GLM-5.3 Flash	forward-year-053	4.536
GLM-5.3 Flash	forward-year-054	4.71
GLM-5.3 Flash	forward-year-055	2.064
GLM-5.3 Flash	forward-year-056	4.707
GLM-5.3 Flash	forward-year-057	1.5
GLM-5.3 Flash	forward-year-058	1.463
GLM-5.3 Flash	forward-year-059	5.199
GLM-5.3 Flash	forward-year-060	4.695
GLM-5.3 Flash	lead-set-john-001	2.246
GLM-5.3 Flash	lead-set-paul-001	4.747
GLM-5.3 Flash	lead-set-george-001	3.2
GLM-5.3 Flash	lead-set-ringo-001	3.231
GLM-5.3 Flash	lead-set-john-002	18.485
GLM-5.3 Flash	lead-set-paul-002	6.123
GLM-5.3 Flash	lead-set-george-002	7.253
GLM-5.3 Flash	lead-set-ringo-002	6.702
GLM-5.3 Flash	lead-set-john-003	6.591
GLM-5.3 Flash	lead-set-paul-003	7.13
GLM-5.3 Flash	lead-set-george-003	9.956
GLM-5.3 Flash	lead-set-ringo-003	9.307
GLM-5.3 Flash	lead-set-john-004	4.71
GLM-5.3 Flash	lead-set-paul-004	2.224
GLM-5.3 Flash	lead-set-george-004	3.016
GLM-5.3 Flash	lead-set-ringo-004	5.779
GLM-5.3 Flash	lead-set-john-005	3.32
GLM-5.3 Flash	lead-set-paul-005	5.266
GLM-5.3 Flash	lead-set-george-005	6.733
GLM-5.3 Flash	lead-set-ringo-005	6.91
GLM-5.3 Flash	lead-set-john-006	5.791
GLM-5.3 Flash	lead-set-paul-006	5.159
GLM-5.3 Flash	lead-set-george-006	7.041
GLM-5.3 Flash	lead-set-ringo-006	6.984
GLM-5.3 Flash	lead-set-john-007	6.369
GLM-5.3 Flash	lead-set-paul-007	6.381
GLM-5.3 Flash	lead-set-george-007	7.555
GLM-5.3 Flash	lead-set-ringo-007	6.934
GLM-5.3 Flash	lead-set-john-008	6.955
GLM-5.3 Flash	lead-set-paul-008	10.611
GLM-5.3 Flash	lead-set-george-008	42.52
GLM-5.3 Flash	lead-set-ringo-008	42.367
GLM-5.3 Flash	lead-set-john-009	4.82
GLM-5.3 Flash	lead-set-paul-009	5.045
GLM-5.3 Flash	lead-set-george-009	3.253
GLM-5.3 Flash	lead-set-ringo-009	6.101
GLM-5.3 Flash	lead-set-john-010	6.769
GLM-5.3 Flash	lead-set-paul-010	6.416
GLM-5.3 Flash	lead-set-george-010	2.475
GLM-5.3 Flash	lead-set-ringo-010	5.084
GLM-5.3 Flash	lead-set-john-011	40.761
GLM-5.3 Flash	lead-set-paul-011	38.446
GLM-5.3 Flash	lead-set-george-011	4.48
GLM-5.3 Flash	lead-set-ringo-011	1.967
GLM-5.3 Flash	lead-set-john-012	4.581
GLM-5.3 Flash	lead-set-paul-012	2.046
GLM-5.3 Flash	lead-set-george-012	2.065
GLM-5.3 Flash	lead-set-ringo-012	4.446
GLM-5.3 Flash	lead-set-john-013	6.02
GLM-5.3 Flash	lead-set-paul-013	2.473
GLM-5.3 Flash	lead-set-george-013	4.648
GLM-5.3 Flash	lead-set-ringo-013	2.017
GLM-5.3 Flash	lead-set-john-014	2.577
GLM-5.3 Flash	lead-set-paul-014	5.314
GLM-5.3 Flash	lead-set-george-014	5.385
GLM-5.3 Flash	lead-set-ringo-014	2.933
GLM-5.3 Flash	lead-set-john-015	6.696
GLM-5.3 Flash	lead-set-paul-015	6.629
GLM-5.3 Flash	lead-set-george-015	5.91
GLM-5.3 Flash	lead-set-ringo-015	6.256
GLM-5.3 Flash	lead-set-john-016	1.544
GLM-5.3 Flash	lead-set-paul-016	4.829
GLM-5.3 Flash	lead-set-george-016	1.898
GLM-5.3 Flash	lead-set-ringo-016	4.459
GLM-5.3 Flash	lead-set-john-017	5.694
GLM-5.3 Flash	lead-set-paul-017	5.336
GLM-5.3 Flash	lead-set-george-017	5.004
GLM-5.3 Flash	lead-set-ringo-017	3.58
GLM-5.3 Flash	lead-set-john-018	2.469
GLM-5.3 Flash	lead-set-paul-018	2.849
GLM-5.3 Flash	lead-set-george-018	2.724
GLM-5.3 Flash	lead-set-ringo-018	1.825
GLM-5.3 Flash	lead-set-john-019	6.33
GLM-5.3 Flash	lead-set-paul-019	5.893
GLM-5.3 Flash	lead-set-george-019	5.66
GLM-5.3 Flash	lead-set-ringo-019	6.704
GLM-5.3 Flash	lead-set-john-020	6.381
GLM-5.3 Flash	lead-set-paul-020	5.427
GLM-5.3 Flash	lead-set-george-020	5.376
GLM-5.3 Flash	lead-set-ringo-020	6.248
GLM-5.3 Flash	lead-set-john-021	5.968
GLM-5.3 Flash	lead-set-paul-021	5.981
GLM-5.3 Flash	lead-set-george-021	7.568
GLM-5.3 Flash	lead-set-ringo-021	6.165
GLM-5.3 Flash	lead-set-john-022	5.143
GLM-5.3 Flash	lead-set-paul-022	17.82
GLM-5.3 Flash	lead-set-george-022	2.351
GLM-5.3 Flash	lead-set-ringo-022	5.19
GLM-5.3 Flash	lead-set-john-023	12.894
GLM-5.3 Flash	lead-set-paul-023	8.083
GLM-5.3 Flash	lead-set-george-023	7.715
GLM-5.3 Flash	lead-set-ringo-023	6.364
GLM-5.3 Flash	lead-set-john-024	2.251
GLM-5.3 Flash	lead-set-paul-024	4.665
GLM-5.3 Flash	lead-set-george-024	5.109
GLM-5.3 Flash	lead-set-ringo-024	2.081
GLM-5.3 Flash	lead-set-john-025	2.15
GLM-5.3 Flash	lead-set-paul-025	5.326
GLM-5.3 Flash	lead-set-george-025	4.891
GLM-5.3 Flash	lead-set-ringo-025	4.685
GLM-5.3 Flash	lead-set-john-026	2.374
GLM-5.3 Flash	lead-set-paul-026	4.508
GLM-5.3 Flash	lead-set-george-026	2.037
GLM-5.3 Flash	lead-set-ringo-026	4.493
GLM-5.3 Flash	lexical-trap-control-album-to-song-001	10.162
GLM-5.3 Flash	lexical-trap-control-event-to-song-001	7.448
GLM-5.3 Flash	lexical-trap-control-album-to-song-002	10.491
GLM-5.3 Flash	lexical-trap-control-event-to-song-002	11.155
GLM-5.3 Flash	lexical-trap-control-event-to-song-003	8.536
GLM-5.3 Flash	lexical-trap-control-album-to-song-003	13.975
GLM-5.3 Flash	lexical-trap-control-song-to-album-001	12.085
GLM-5.3 Flash	lexical-trap-control-album-to-song-004	12.787
GLM-5.3 Flash	lexical-trap-control-event-to-song-004	9.377
GLM-5.3 Flash	lexical-trap-control-album-to-song-005	14.249
GLM-5.3 Flash	lexical-trap-control-album-to-song-006	12.589
GLM-5.3 Flash	lexical-trap-control-album-to-song-007	12.292
GLM-5.3 Flash	lexical-trap-control-album-to-song-008	11.552
GLM-5.3 Flash	lexical-trap-control-album-to-song-009	9.831
GLM-5.3 Flash	lexical-trap-control-song-to-album-002	8.142
GLM-5.3 Flash	lexical-trap-control-event-to-song-005	13.832
GLM-5.3 Flash	lexical-trap-control-album-to-song-010	7.617
GLM-5.3 Flash	lexical-trap-control-song-to-album-003	9.485
GLM-5.3 Flash	lexical-trap-control-album-to-song-011	8.274
GLM-5.3 Flash	lexical-trap-control-event-to-song-006	15.761
GLM-5.3 Flash	lexical-trap-control-album-to-song-012	8.468
GLM-5.3 Flash	lexical-trap-control-album-to-song-013	7.779
GLM-5.3 Flash	lexical-trap-control-album-to-song-014	10.702
GLM-5.3 Flash	lexical-trap-control-album-to-song-015	9.575
GLM-5.3 Flash	lexical-trap-control-album-to-song-016	8.636
GLM-5.3 Flash	lexical-trap-control-album-to-song-017	9.243
GLM-5.3 Flash	lexical-trap-control-album-to-song-018	9.468
GLM-5.3 Flash	lexical-trap-control-album-to-song-019	9.246
GLM-5.3 Flash	lexical-trap-control-event-to-song-007	10.698
GLM-5.3 Flash	lexical-trap-control-album-to-song-020	8.926
GLM-5.3 Flash	lexical-trap-control-album-to-song-021	11.882
GLM-5.3 Flash	lexical-trap-control-song-to-album-004	7.094
GLM-5.3 Flash	lexical-trap-control-album-to-song-022	7.752
GLM-5.3 Flash	lexical-trap-control-album-to-song-023	7.115
GLM-5.3 Flash	lexical-trap-control-album-to-song-024	38.431
GLM-5.3 Flash	lexical-trap-control-album-to-song-025	7.189
GLM-5.3 Flash	lexical-trap-control-album-to-song-026	8.164
GLM-5.3 Flash	lexical-trap-control-album-to-song-027	7.183
GLM-5.3 Flash	lexical-trap-control-song-to-album-005	5.973
GLM-5.3 Flash	lexical-trap-control-album-to-song-028	26.924
GLM-5.3 Flash	lexical-trap-control-album-to-song-029	5.158
GLM-5.3 Flash	lexical-trap-control-album-to-song-030	6.709
GLM-5.3 Flash	lexical-trap-control-song-to-album-006	5.914
GLM-5.3 Flash	lexical-trap-control-song-to-album-007	5.981
GLM-5.3 Flash	lexical-trap-control-song-to-album-008	5.816
GLM-5.3 Flash	lexical-trap-control-song-to-album-009	9.034
GLM-5.3 Flash	lexical-trap-control-event-to-song-008	11.366
GLM-5.3 Flash	lexical-trap-control-event-to-song-009	8.855
GLM-5.3 Flash	lexical-trap-control-album-to-song-031	8.641
GLM-5.3 Flash	lexical-trap-control-album-to-song-032	11.329
GLM-5.3 Flash	lexical-trap-control-song-to-album-010	8.118
GLM-5.3 Flash	lexical-trap-control-song-to-album-011	8.45
GLM-5.3 Flash	lexical-trap-control-album-to-song-033	9.166
GLM-5.3 Flash	lexical-trap-control-album-to-song-034	8.676
GLM-5.3 Flash	lexical-trap-album-to-song-001	10.18
GLM-5.3 Flash	lexical-trap-event-to-song-001	15.63
GLM-5.3 Flash	lexical-trap-album-to-song-002	7.989
GLM-5.3 Flash	lexical-trap-event-to-song-002	15.429
GLM-5.3 Flash	lexical-trap-event-to-song-003	15.674
GLM-5.3 Flash	lexical-trap-album-to-song-003	7.408
GLM-5.3 Flash	lexical-trap-song-to-album-001	9.681
GLM-5.3 Flash	lexical-trap-album-to-song-004	9.597
GLM-5.3 Flash	lexical-trap-event-to-song-004	10.87
GLM-5.3 Flash	lexical-trap-album-to-song-005	8.73
GLM-5.3 Flash	lexical-trap-album-to-song-006	8.611
GLM-5.3 Flash	lexical-trap-album-to-song-007	11.373
GLM-5.3 Flash	lexical-trap-album-to-song-008	9.463
GLM-5.3 Flash	lexical-trap-album-to-song-009	9.909
GLM-5.3 Flash	lexical-trap-song-to-album-002	9.007
GLM-5.3 Flash	lexical-trap-event-to-song-005	12.566
GLM-5.3 Flash	lexical-trap-album-to-song-010	8.729
GLM-5.3 Flash	lexical-trap-song-to-album-003	8.671
GLM-5.3 Flash	lexical-trap-album-to-song-011	9.244
GLM-5.3 Flash	lexical-trap-event-to-song-006	13.41
GLM-5.3 Flash	lexical-trap-album-to-song-012	14.278
GLM-5.3 Flash	lexical-trap-album-to-song-013	12.235
GLM-5.3 Flash	lexical-trap-album-to-song-014	15.236
GLM-5.3 Flash	lexical-trap-album-to-song-015	20.801
GLM-5.3 Flash	lexical-trap-album-to-song-016	30.515
GLM-5.3 Flash	lexical-trap-album-to-song-017	14.02
GLM-5.3 Flash	lexical-trap-album-to-song-018	14.17
GLM-5.3 Flash	lexical-trap-album-to-song-019	13.797
GLM-5.3 Flash	lexical-trap-event-to-song-007	9.987
GLM-5.3 Flash	lexical-trap-album-to-song-020	9.8
GLM-5.3 Flash	lexical-trap-album-to-song-021	5.489
GLM-5.3 Flash	lexical-trap-song-to-album-004	4.84
GLM-5.3 Flash	lexical-trap-album-to-song-022	9.11
GLM-5.3 Flash	lexical-trap-album-to-song-023	11.061
GLM-5.3 Flash	lexical-trap-album-to-song-024	13.442
GLM-5.3 Flash	lexical-trap-album-to-song-025	4.928
GLM-5.3 Flash	lexical-trap-album-to-song-026	14.734
GLM-5.3 Flash	lexical-trap-album-to-song-027	14.163
GLM-5.3 Flash	lexical-trap-song-to-album-005	12.38
GLM-5.3 Flash	lexical-trap-album-to-song-028	15.501
GLM-5.3 Flash	lexical-trap-album-to-song-029	17.959
GLM-5.3 Flash	lexical-trap-album-to-song-030	17.511
GLM-5.3 Flash	lexical-trap-song-to-album-006	15.86
GLM-5.3 Flash	lexical-trap-song-to-album-007	10.154
GLM-5.3 Flash	lexical-trap-song-to-album-008	8.303
GLM-5.3 Flash	lexical-trap-song-to-album-009	7.534
GLM-5.3 Flash	lexical-trap-event-to-song-008	15.071
GLM-5.3 Flash	lexical-trap-event-to-song-009	12.344
GLM-5.3 Flash	lexical-trap-album-to-song-031	6.791
GLM-5.3 Flash	lexical-trap-album-to-song-032	40.271
GLM-5.3 Flash	lexical-trap-song-to-album-010	7.705
GLM-5.3 Flash	lexical-trap-song-to-album-011	7.394
GLM-5.3 Flash	lexical-trap-album-to-song-033	7.282
GLM-5.3 Flash	lexical-trap-album-to-song-034	6.374
GLM-5.3 Flash	multi-hop-album-year-001	6.348
GLM-5.3 Flash	multi-hop-album-year-002	6.018
GLM-5.3 Flash	multi-hop-album-year-003	5.094
GLM-5.3 Flash	multi-hop-album-year-004	5.138
GLM-5.3 Flash	multi-hop-album-year-005	4.814
GLM-5.3 Flash	multi-hop-album-year-006	5.725
GLM-5.3 Flash	multi-hop-album-year-007	5.91
GLM-5.3 Flash	multi-hop-album-year-008	5.378
GLM-5.3 Flash	multi-hop-album-year-009	5.578
GLM-5.3 Flash	multi-hop-album-year-010	4.816
GLM-5.3 Flash	multi-hop-album-year-011	5.123
GLM-5.3 Flash	multi-hop-album-year-012	4.628
GLM-5.3 Flash	multi-hop-album-year-013	5.706
GLM-5.3 Flash	multi-hop-album-year-014	4.642
GLM-5.3 Flash	multi-hop-album-year-015	4.387
GLM-5.3 Flash	multi-hop-album-year-016	4.476
GLM-5.3 Flash	multi-hop-album-year-017	5.29
GLM-5.3 Flash	multi-hop-album-year-018	4.714
GLM-5.3 Flash	multi-hop-album-year-019	2.603
GLM-5.3 Flash	multi-hop-album-year-020	5.014
GLM-5.3 Flash	multi-hop-album-year-021	4.618
GLM-5.3 Flash	multi-hop-album-year-022	4.587
GLM-5.3 Flash	multi-hop-album-year-023	5.093
GLM-5.3 Flash	multi-hop-album-year-024	4.687
GLM-5.3 Flash	multi-hop-album-year-025	4.616
GLM-5.3 Flash	multi-hop-album-year-026	4.336
GLM-5.3 Flash	multi-hop-album-year-027	1.687
GLM-5.3 Flash	multi-hop-album-year-028	4.594
GLM-5.3 Flash	multi-hop-album-year-029	5.121
GLM-5.3 Flash	multi-hop-album-year-030	1.868
GLM-5.3 Flash	multi-hop-album-year-031	1.981
GLM-5.3 Flash	multi-hop-album-year-032	5.739
GLM-5.3 Flash	multi-hop-album-year-033	4.771
GLM-5.3 Flash	multi-hop-album-year-034	4.676
GLM-5.3 Flash	multi-hop-album-year-035	5.783
GLM-5.3 Flash	multi-hop-album-year-036	4.806
GLM-5.3 Flash	multi-hop-album-year-037	2.492
GLM-5.3 Flash	multi-hop-album-year-038	4.624
GLM-5.3 Flash	multi-hop-album-year-039	2.18
GLM-5.3 Flash	multi-hop-album-year-040	5.398
GLM-5.3 Flash	multi-hop-album-year-041	4.492
GLM-5.3 Flash	multi-hop-album-year-042	2.314
GLM-5.3 Flash	multi-hop-album-year-043	4.484
GLM-5.3 Flash	multi-hop-album-year-044	4.572
GLM-5.3 Flash	multi-hop-album-year-045	3.521
GLM-5.3 Flash	multi-hop-album-year-046	4.788
GLM-5.3 Flash	multi-hop-album-year-047	2.633
GLM-5.3 Flash	multi-hop-album-year-048	4.542
GLM-5.3 Flash	multi-hop-album-year-049	5.362
GLM-5.3 Flash	multi-hop-album-year-050	33.371
GLM-5.3 Flash	multi-hop-album-year-051	4.42
GLM-5.3 Flash	multi-hop-album-year-052	4.743
GLM-5.3 Flash	multi-hop-album-year-053	4.654
GLM-5.3 Flash	multi-hop-album-year-054	4.254
GLM-5.3 Flash	multi-hop-album-year-055	5.457
GLM-5.3 Flash	multi-hop-album-year-056	3.001
GLM-5.3 Flash	multi-hop-album-year-057	4.511
GLM-5.3 Flash	multi-hop-album-year-058	4.715
GLM-5.3 Flash	multi-hop-album-year-059	4.356
GLM-5.3 Flash	multi-hop-album-year-060	4.822
GLM-5.3 Flash	multi-hop-before-after-001	7.104
GLM-5.3 Flash	multi-hop-before-after-002	7.335
GLM-5.3 Flash	multi-hop-before-after-003	7.04
GLM-5.3 Flash	multi-hop-before-after-004	5.638
GLM-5.3 Flash	multi-hop-before-after-005	5.867
GLM-5.3 Flash	multi-hop-before-after-006	5.012
GLM-5.3 Flash	multi-hop-before-after-007	5.505
GLM-5.3 Flash	multi-hop-before-after-008	5.421
GLM-5.3 Flash	multi-hop-before-after-009	5.133
GLM-5.3 Flash	multi-hop-before-after-010	4.481
GLM-5.3 Flash	multi-hop-before-after-011	2.508
GLM-5.3 Flash	multi-hop-before-after-012	5.644
GLM-5.3 Flash	multi-hop-before-after-013	4.875
GLM-5.3 Flash	multi-hop-before-after-014	5.664
GLM-5.3 Flash	multi-hop-before-after-015	4.991
GLM-5.3 Flash	multi-hop-before-after-016	5.474
GLM-5.3 Flash	multi-hop-before-after-017	6.074
GLM-5.3 Flash	multi-hop-before-after-018	7.822
GLM-5.3 Flash	multi-hop-before-after-019	2.018
GLM-5.3 Flash	multi-hop-before-after-020	5.02
GLM-5.3 Flash	multi-hop-before-after-021	5.454
GLM-5.3 Flash	multi-hop-before-after-022	2.404
GLM-5.3 Flash	multi-hop-before-after-023	2.272
GLM-5.3 Flash	multi-hop-before-after-024	6.016
GLM-5.3 Flash	multi-hop-before-after-025	3.305
GLM-5.3 Flash	multi-hop-before-after-026	2.347
GLM-5.3 Flash	multi-hop-before-after-027	2.955
GLM-5.3 Flash	multi-hop-before-after-028	4.72
GLM-5.3 Flash	multi-hop-before-after-029	4.577
GLM-5.3 Flash	multi-hop-before-after-030	5.729
GLM-5.3 Flash	multi-hop-before-after-031	5.279
GLM-5.3 Flash	multi-hop-before-after-032	5.383
GLM-5.3 Flash	multi-hop-before-after-033	6.533
GLM-5.3 Flash	multi-hop-before-after-034	5.759
GLM-5.3 Flash	multi-hop-before-after-035	5.307
GLM-5.3 Flash	multi-hop-before-after-036	3.091
GLM-5.3 Flash	multi-hop-before-after-037	7.654
GLM-5.3 Flash	multi-hop-before-after-038	5.905
GLM-5.3 Flash	multi-hop-before-after-039	4.598
GLM-5.3 Flash	multi-hop-before-after-040	3.553
GLM-5.3 Flash	multi-hop-before-after-041	4.872
GLM-5.3 Flash	multi-hop-before-after-042	12.081
GLM-5.3 Flash	multi-hop-before-after-043	4.674
GLM-5.3 Flash	multi-hop-before-after-044	5.323
GLM-5.3 Flash	multi-hop-before-after-045	6.675
GLM-5.3 Flash	multi-hop-before-after-046	13.829
GLM-5.3 Flash	multi-hop-before-after-047	15.317
GLM-5.3 Flash	multi-hop-before-after-048	13.279
GLM-5.3 Flash	multi-hop-before-after-049	10.506
GLM-5.3 Flash	multi-hop-before-after-050	3.038
GLM-5.3 Flash	multi-hop-before-after-051	2.686
GLM-5.3 Flash	multi-hop-before-after-052	5.106
GLM-5.3 Flash	multi-hop-before-after-053	4.933
GLM-5.3 Flash	multi-hop-before-after-054	4.024
GLM-5.3 Flash	multi-hop-before-after-055	5.339
GLM-5.3 Flash	multi-hop-before-after-056	3.239
GLM-5.3 Flash	multi-hop-before-after-057	5.317
GLM-5.3 Flash	multi-hop-before-after-058	5.004
GLM-5.3 Flash	multi-hop-before-after-059	5.776
GLM-5.3 Flash	multi-hop-before-after-060	3.417
GLM-5.3 Flash	multi-hop-same-month-001	9.834
GLM-5.3 Flash	multi-hop-same-month-002	10.468
GLM-5.3 Flash	multi-hop-same-month-003	7.267
GLM-5.3 Flash	multi-hop-same-month-004	4.048
GLM-5.3 Flash	multi-hop-same-month-005	3.429
GLM-5.3 Flash	multi-hop-same-month-006	4.71
GLM-5.3 Flash	multi-hop-same-month-007	5.671
GLM-5.3 Flash	multi-hop-same-month-008	5.097
GLM-5.3 Flash	multi-hop-same-month-009	8.247
GLM-5.3 Flash	multi-hop-same-month-010	7.104
GLM-5.3 Flash	multi-hop-same-month-011	8.415
GLM-5.3 Flash	multi-hop-same-month-012	6.948
GLM-5.3 Flash	multi-hop-same-month-013	7.072
GLM-5.3 Flash	multi-hop-same-month-014	7.165
GLM-5.3 Flash	multi-hop-same-month-015	7.341
GLM-5.3 Flash	multi-hop-same-month-016	2.315
GLM-5.3 Flash	multi-hop-same-month-017	6.224
GLM-5.3 Flash	multi-hop-same-month-018	5.169
GLM-5.3 Flash	multi-hop-same-month-019	7.742
GLM-5.3 Flash	multi-hop-same-month-020	3.983
GLM-5.3 Flash	multi-hop-same-month-021	2.732
GLM-5.3 Flash	multi-hop-same-month-022	3.194
GLM-5.3 Flash	multi-hop-same-month-023	3.836
GLM-5.3 Flash	multi-hop-same-month-024	5.054
GLM-5.3 Flash	multi-hop-same-month-025	2.058
GLM-5.3 Flash	multi-hop-same-month-026	5.035
GLM-5.3 Flash	multi-hop-same-month-027	6.129
GLM-5.3 Flash	multi-hop-same-month-028	6.333
GLM-5.3 Flash	multi-hop-same-month-029	7.255
GLM-5.3 Flash	multi-hop-same-month-030	2.883
GLM-5.3 Flash	multi-hop-same-month-031	3.571
GLM-5.3 Flash	multi-hop-same-month-032	5.898
GLM-5.3 Flash	multi-hop-same-month-033	3.411
GLM-5.3 Flash	multi-hop-same-month-034	2.228
GLM-5.3 Flash	multi-hop-same-month-035	2.833
GLM-5.3 Flash	multi-hop-same-month-036	3.698
GLM-5.3 Flash	multi-hop-same-month-037	5.586
GLM-5.3 Flash	multi-hop-same-month-038	4.914
GLM-5.3 Flash	multi-hop-same-month-039	6.063
GLM-5.3 Flash	multi-hop-same-month-040	6.512
GLM-5.3 Flash	multi-hop-same-month-041	1.902
GLM-5.3 Flash	multi-hop-same-month-042	2.294
GLM-5.3 Flash	multi-hop-same-month-043	4.195
GLM-5.3 Flash	multi-hop-same-month-044	3.046
GLM-5.3 Flash	multi-hop-same-month-045	3.242
GLM-5.3 Flash	multi-hop-same-month-046	3.445
GLM-5.3 Flash	multi-hop-same-month-047	2.622
GLM-5.3 Flash	multi-hop-same-month-048	2.54
GLM-5.3 Flash	multi-hop-same-month-049	2.107
GLM-5.3 Flash	multi-hop-same-month-050	2.832
GLM-5.3 Flash	multi-hop-same-month-051	2.374
GLM-5.3 Flash	multi-hop-same-month-052	6.529
GLM-5.3 Flash	multi-hop-same-month-053	5.062
GLM-5.3 Flash	multi-hop-same-month-054	2.614
GLM-5.3 Flash	multi-hop-same-month-055	5.231
GLM-5.3 Flash	multi-hop-same-month-056	3.441
GLM-5.3 Flash	multi-hop-same-month-057	3.029
GLM-5.3 Flash	multi-hop-same-month-058	1.791
GLM-5.3 Flash	multi-hop-same-month-059	9.062
GLM-5.3 Flash	multi-hop-same-month-060	5.126
GLM-5.3 Flash	near-neighbor-control-album-001	7.555
GLM-5.3 Flash	near-neighbor-control-album-002	6.784
GLM-5.3 Flash	near-neighbor-control-album-003	6.901
GLM-5.3 Flash	near-neighbor-control-album-004	8.064
GLM-5.3 Flash	near-neighbor-control-album-005	7.607
GLM-5.3 Flash	near-neighbor-control-album-006	7.32
GLM-5.3 Flash	near-neighbor-control-album-007	12.99
GLM-5.3 Flash	near-neighbor-control-album-008	14.172
GLM-5.3 Flash	near-neighbor-control-album-009	13.939
GLM-5.3 Flash	near-neighbor-control-album-010	14.859
GLM-5.3 Flash	near-neighbor-control-album-011	14.767
GLM-5.3 Flash	near-neighbor-control-album-012	12.524
GLM-5.3 Flash	near-neighbor-control-album-013	12.523
GLM-5.3 Flash	near-neighbor-control-album-014	11.845
GLM-5.3 Flash	near-neighbor-control-album-015	8.276
GLM-5.3 Flash	near-neighbor-control-album-016	9.299
GLM-5.3 Flash	near-neighbor-control-album-017	10.674
GLM-5.3 Flash	near-neighbor-control-album-018	8.981
GLM-5.3 Flash	near-neighbor-control-album-019	8.026
GLM-5.3 Flash	near-neighbor-control-album-020	7.604
GLM-5.3 Flash	near-neighbor-control-album-021	4.426
GLM-5.3 Flash	near-neighbor-control-album-022	6.332
GLM-5.3 Flash	near-neighbor-control-album-023	9.15
GLM-5.3 Flash	near-neighbor-control-album-024	7.134
GLM-5.3 Flash	near-neighbor-control-album-025	7.205
GLM-5.3 Flash	near-neighbor-control-album-026	7.491
GLM-5.3 Flash	near-neighbor-control-album-027	8.493
GLM-5.3 Flash	near-neighbor-control-album-028	8.396
GLM-5.3 Flash	near-neighbor-control-album-029	8.215
GLM-5.3 Flash	near-neighbor-control-album-030	10.145
GLM-5.3 Flash	near-neighbor-control-album-031	9.369
GLM-5.3 Flash	near-neighbor-control-album-032	8.544
GLM-5.3 Flash	near-neighbor-control-album-033	8.152
GLM-5.3 Flash	near-neighbor-control-album-034	7.736
GLM-5.3 Flash	near-neighbor-control-album-035	7.916
GLM-5.3 Flash	near-neighbor-control-album-036	7.912
GLM-5.3 Flash	near-neighbor-control-album-037	8.337
GLM-5.3 Flash	near-neighbor-control-album-038	8.977
GLM-5.3 Flash	near-neighbor-control-album-039	9.346
GLM-5.3 Flash	near-neighbor-control-album-040	9.145
GLM-5.3 Flash	near-neighbor-control-album-041	8.925
GLM-5.3 Flash	near-neighbor-control-album-042	6.746
GLM-5.3 Flash	near-neighbor-control-album-043	8.633
GLM-5.3 Flash	near-neighbor-control-album-044	8.667
GLM-5.3 Flash	near-neighbor-control-album-045	8.48
GLM-5.3 Flash	near-neighbor-control-album-046	10.287
GLM-5.3 Flash	near-neighbor-control-album-047	5.528
GLM-5.3 Flash	near-neighbor-control-album-048	5.861
GLM-5.3 Flash	near-neighbor-control-album-049	4.411
GLM-5.3 Flash	near-neighbor-control-album-050	4.715
GLM-5.3 Flash	near-neighbor-control-album-051	8.985
GLM-5.3 Flash	near-neighbor-control-album-052	9.15
GLM-5.3 Flash	near-neighbor-control-album-053	8.241
GLM-5.3 Flash	near-neighbor-control-album-054	7.319
GLM-5.3 Flash	near-neighbor-control-album-055	9.118
GLM-5.3 Flash	near-neighbor-control-album-056	8.936
GLM-5.3 Flash	near-neighbor-control-album-057	8.584
GLM-5.3 Flash	near-neighbor-control-album-058	8.272
GLM-5.3 Flash	near-neighbor-control-album-059	8.816
GLM-5.3 Flash	near-neighbor-control-album-060	9.212
GLM-5.3 Flash	near-neighbor-album-001	9.321
GLM-5.3 Flash	near-neighbor-album-002	9.284
GLM-5.3 Flash	near-neighbor-album-003	9.447
GLM-5.3 Flash	near-neighbor-album-004	9.714
GLM-5.3 Flash	near-neighbor-album-005	9.196
GLM-5.3 Flash	near-neighbor-album-006	8.976
GLM-5.3 Flash	near-neighbor-album-007	8.776
GLM-5.3 Flash	near-neighbor-album-008	9.832
GLM-5.3 Flash	near-neighbor-album-009	8.963
GLM-5.3 Flash	near-neighbor-album-010	9.084
GLM-5.3 Flash	near-neighbor-album-011	8.934
GLM-5.3 Flash	near-neighbor-album-012	8.908
GLM-5.3 Flash	near-neighbor-album-013	8.394
GLM-5.3 Flash	near-neighbor-album-014	8.392
GLM-5.3 Flash	near-neighbor-album-015	7.481
GLM-5.3 Flash	near-neighbor-album-016	6.534
GLM-5.3 Flash	near-neighbor-album-017	7.963
GLM-5.3 Flash	near-neighbor-album-018	4.66
GLM-5.3 Flash	near-neighbor-album-019	8.738
GLM-5.3 Flash	near-neighbor-album-020	8.632
GLM-5.3 Flash	near-neighbor-album-021	7.837
GLM-5.3 Flash	near-neighbor-album-022	7.368
GLM-5.3 Flash	near-neighbor-album-023	4.432
GLM-5.3 Flash	near-neighbor-album-024	5.491
GLM-5.3 Flash	near-neighbor-album-025	4.73
GLM-5.3 Flash	near-neighbor-album-026	5.19
GLM-5.3 Flash	near-neighbor-album-027	4.787
GLM-5.3 Flash	near-neighbor-album-028	5.129
GLM-5.3 Flash	near-neighbor-album-029	4.937
GLM-5.3 Flash	near-neighbor-album-030	5.698
GLM-5.3 Flash	near-neighbor-album-031	4.588
GLM-5.3 Flash	near-neighbor-album-032	5.061
GLM-5.3 Flash	near-neighbor-album-033	4.676
GLM-5.3 Flash	near-neighbor-album-034	6.376
GLM-5.3 Flash	near-neighbor-album-035	4.315
GLM-5.3 Flash	near-neighbor-album-036	4.345
GLM-5.3 Flash	near-neighbor-album-037	7.415
GLM-5.3 Flash	near-neighbor-album-038	10.396
GLM-5.3 Flash	near-neighbor-album-039	6.082
GLM-5.3 Flash	near-neighbor-album-040	5.212
GLM-5.3 Flash	near-neighbor-album-041	4.935
GLM-5.3 Flash	near-neighbor-album-042	13.089
GLM-5.3 Flash	near-neighbor-album-043	14.05
GLM-5.3 Flash	near-neighbor-album-044	14.714
GLM-5.3 Flash	near-neighbor-album-045	4.968
GLM-5.3 Flash	near-neighbor-album-046	12.382
GLM-5.3 Flash	near-neighbor-album-047	10.804
GLM-5.3 Flash	near-neighbor-album-048	9.323
GLM-5.3 Flash	near-neighbor-album-049	5.74
GLM-5.3 Flash	near-neighbor-album-050	6.495
GLM-5.3 Flash	near-neighbor-album-051	4.545
GLM-5.3 Flash	near-neighbor-album-052	4.626
GLM-5.3 Flash	near-neighbor-album-053	4.571
GLM-5.3 Flash	near-neighbor-album-054	5.265
GLM-5.3 Flash	near-neighbor-album-055	7.78
GLM-5.3 Flash	near-neighbor-album-056	4.706
GLM-5.3 Flash	near-neighbor-album-057	4.864
GLM-5.3 Flash	near-neighbor-album-058	4.454
GLM-5.3 Flash	near-neighbor-album-059	4.845
GLM-5.3 Flash	near-neighbor-album-060	4.473
GLM-5.3 Flash	none-of-these-absent-001	10.543
GLM-5.3 Flash	none-of-these-present-001	9.513
GLM-5.3 Flash	none-of-these-absent-002	10.599
GLM-5.3 Flash	none-of-these-present-002	8.9
GLM-5.3 Flash	none-of-these-absent-003	10.276
GLM-5.3 Flash	none-of-these-present-003	9.318
GLM-5.3 Flash	none-of-these-absent-004	9.45
GLM-5.3 Flash	none-of-these-present-004	8.076
GLM-5.3 Flash	none-of-these-absent-005	10.659
GLM-5.3 Flash	none-of-these-present-005	10.172
GLM-5.3 Flash	none-of-these-absent-006	9.949
GLM-5.3 Flash	none-of-these-present-006	10.075
GLM-5.3 Flash	none-of-these-absent-007	8.705
GLM-5.3 Flash	none-of-these-present-007	8.469
GLM-5.3 Flash	none-of-these-absent-008	8.939
GLM-5.3 Flash	none-of-these-present-008	9.391
GLM-5.3 Flash	none-of-these-absent-009	8.44
GLM-5.3 Flash	none-of-these-present-009	7.826
GLM-5.3 Flash	none-of-these-absent-010	7.855
GLM-5.3 Flash	none-of-these-present-010	8.136
GLM-5.3 Flash	none-of-these-absent-011	4.602
GLM-5.3 Flash	none-of-these-present-011	7.546
GLM-5.3 Flash	none-of-these-absent-012	8.915
GLM-5.3 Flash	none-of-these-present-012	7.843
GLM-5.3 Flash	none-of-these-absent-013	6.144
GLM-5.3 Flash	none-of-these-present-013	8.598
GLM-5.3 Flash	none-of-these-absent-014	10.342
GLM-5.3 Flash	none-of-these-present-014	10.312
GLM-5.3 Flash	none-of-these-absent-015	15.436
GLM-5.3 Flash	none-of-these-present-015	8.508
GLM-5.3 Flash	none-of-these-absent-016	9.053
GLM-5.3 Flash	none-of-these-present-016	6.888
GLM-5.3 Flash	none-of-these-absent-017	9.37
GLM-5.3 Flash	none-of-these-present-017	7.966
GLM-5.3 Flash	none-of-these-absent-018	8.41
GLM-5.3 Flash	none-of-these-present-018	6.855
GLM-5.3 Flash	none-of-these-absent-019	10.621
GLM-5.3 Flash	none-of-these-present-019	9.376
GLM-5.3 Flash	none-of-these-absent-020	8.924
GLM-5.3 Flash	none-of-these-present-020	8.262
GLM-5.3 Flash	none-of-these-absent-021	10.316
GLM-5.3 Flash	none-of-these-present-021	9.727
GLM-5.3 Flash	none-of-these-absent-022	9.978
GLM-5.3 Flash	none-of-these-present-022	9.217
GLM-5.3 Flash	none-of-these-absent-023	10.25
GLM-5.3 Flash	none-of-these-present-023	9.585
GLM-5.3 Flash	none-of-these-absent-024	9.504
GLM-5.3 Flash	none-of-these-present-024	10.013
GLM-5.3 Flash	none-of-these-absent-025	11.266
GLM-5.3 Flash	none-of-these-present-025	10.171
GLM-5.3 Flash	none-of-these-absent-026	9.975
GLM-5.3 Flash	none-of-these-present-026	9.56
GLM-5.3 Flash	none-of-these-absent-027	9.756
GLM-5.3 Flash	none-of-these-present-027	9.765
GLM-5.3 Flash	none-of-these-absent-028	9.878
GLM-5.3 Flash	none-of-these-present-028	9.021
GLM-5.3 Flash	none-of-these-absent-029	10.439
GLM-5.3 Flash	none-of-these-present-029	10.417
GLM-5.3 Flash	none-of-these-absent-030	10.516
GLM-5.3 Flash	none-of-these-present-030	10.66
GLM-5.3 Flash	reversal-general-shared-name-forward-001	13.938
GLM-5.3 Flash	reversal-general-shared-name-reverse-001	13.817
GLM-5.3 Flash	reversal-general-shared-name-forward-002	8.748
GLM-5.3 Flash	reversal-general-shared-name-reverse-002	15.043
GLM-5.3 Flash	reversal-general-shared-name-forward-003	19.313
GLM-5.3 Flash	reversal-general-shared-name-reverse-003	7.501
GLM-5.3 Flash	reversal-general-shared-name-forward-004	7.428
GLM-5.3 Flash	reversal-general-shared-name-reverse-004	10.289
GLM-5.3 Flash	reversal-general-shared-name-forward-005	8.98
GLM-5.3 Flash	reversal-general-shared-name-reverse-005	9.287
GLM-5.3 Flash	reversal-general-shared-name-forward-006	9.126
GLM-5.3 Flash	reversal-general-shared-name-reverse-006	9.053
GLM-5.3 Flash	reversal-general-shared-name-forward-007	6.108
GLM-5.3 Flash	reversal-general-shared-name-reverse-007	9.729
GLM-5.3 Flash	reversal-general-shared-name-forward-008	8.367
GLM-5.3 Flash	reversal-general-shared-name-reverse-008	7.911
GLM-5.3 Flash	reversal-general-shared-name-forward-009	7.38
GLM-5.3 Flash	reversal-general-shared-name-reverse-009	8.519
GLM-5.3 Flash	reversal-general-shared-name-forward-010	9.473
GLM-5.3 Flash	reversal-general-shared-name-reverse-010	7.935
GLM-5.3 Flash	reversal-general-shared-name-forward-011	9.435
GLM-5.3 Flash	reversal-general-shared-name-reverse-011	8.809
GLM-5.3 Flash	reversal-general-shared-name-forward-012	10.232
GLM-5.3 Flash	reversal-general-shared-name-reverse-012	9.605
GLM-5.3 Flash	reversal-general-shared-name-forward-013	9.415
GLM-5.3 Flash	reversal-general-shared-name-reverse-013	9.158
GLM-5.3 Flash	reversal-general-shared-name-forward-014	8.735
GLM-5.3 Flash	reversal-general-shared-name-reverse-014	8.59
GLM-5.3 Flash	reversal-general-shared-name-forward-015	9.478
GLM-5.3 Flash	reversal-general-shared-name-reverse-015	9.644
GLM-5.3 Flash	reversal-general-shared-name-forward-016	9.216
GLM-5.3 Flash	reversal-general-shared-name-reverse-016	9.292
GLM-5.3 Flash	reversal-general-shared-name-forward-017	8.445
GLM-5.3 Flash	reversal-general-shared-name-reverse-017	8.197
GLM-5.3 Flash	reversal-general-shared-name-forward-018	7.977
GLM-5.3 Flash	reversal-general-shared-name-reverse-018	8.913
GLM-5.3 Flash	reversal-general-shared-name-forward-019	9.096
GLM-5.3 Flash	reversal-general-shared-name-reverse-019	9.078
GLM-5.3 Flash	reversal-general-shared-name-forward-020	10.332
GLM-5.3 Flash	reversal-general-shared-name-reverse-020	9.213
GLM-5.3 Flash	reversal-general-shared-name-forward-021	9.289
GLM-5.3 Flash	reversal-general-shared-name-reverse-021	9.243
GLM-5.3 Flash	reversal-general-forward-001	8.037
GLM-5.3 Flash	reversal-general-reverse-001	8.335
GLM-5.3 Flash	reversal-general-forward-002	12.494
GLM-5.3 Flash	reversal-general-reverse-002	12.118
GLM-5.3 Flash	reversal-general-forward-003	8.508
GLM-5.3 Flash	reversal-general-reverse-003	8.389
GLM-5.3 Flash	reversal-general-forward-004	11.334
GLM-5.3 Flash	reversal-general-reverse-004	15.607
GLM-5.3 Flash	reversal-general-forward-005	16.352
GLM-5.3 Flash	reversal-general-reverse-005	15.179
GLM-5.3 Flash	reversal-general-forward-006	6.021
GLM-5.3 Flash	reversal-general-reverse-006	9.836
GLM-5.3 Flash	reversal-general-forward-007	9.606
GLM-5.3 Flash	reversal-general-reverse-007	9.452
GLM-5.3 Flash	reversal-general-forward-008	9.149
GLM-5.3 Flash	reversal-general-reverse-008	9.688
GLM-5.3 Flash	reversal-general-forward-009	9.923
GLM-5.3 Flash	reversal-general-reverse-009	9.473
GLM-5.3 Flash	reversal-general-forward-010	8.752
GLM-5.3 Flash	reversal-general-reverse-010	10.931
GLM-5.3 Flash	reversal-general-forward-011	9.269
GLM-5.3 Flash	reversal-general-reverse-011	10.767
GLM-5.3 Flash	reversal-general-forward-012	10.963
GLM-5.3 Flash	reversal-general-reverse-012	10.603
GLM-5.3 Flash	reversal-general-forward-013	10.673
GLM-5.3 Flash	reversal-general-reverse-013	11.899
GLM-5.3 Flash	reversal-general-forward-014	11.221
GLM-5.3 Flash	reversal-general-reverse-014	11.085
GLM-5.3 Flash	reversal-general-forward-015	8.856
GLM-5.3 Flash	reversal-general-reverse-015	8.679
GLM-5.3 Flash	reversal-general-forward-016	9.978
GLM-5.3 Flash	reversal-general-reverse-016	9.558
GLM-5.3 Flash	reversal-general-forward-017	9.59
GLM-5.3 Flash	reversal-general-reverse-017	9.731
GLM-5.3 Flash	reversal-general-forward-018	9.573
GLM-5.3 Flash	reversal-general-reverse-018	9.319
GLM-5.3 Flash	reversal-general-forward-019	9.307
GLM-5.3 Flash	reversal-general-reverse-019	8.835
GLM-5.3 Flash	reversal-general-forward-020	8.98
GLM-5.3 Flash	reversal-general-reverse-020	9.038
GLM-5.3 Flash	reversal-general-forward-021	8.726
GLM-5.3 Flash	reversal-general-reverse-021	8.946
GLM-5.3 Flash	reversal-general-forward-022	10.542
GLM-5.3 Flash	reversal-general-reverse-022	9.032
GLM-5.3 Flash	reversal-general-forward-023	9.174
GLM-5.3 Flash	reversal-general-reverse-023	10.193
GLM-5.3 Flash	reversal-general-forward-024	10.679
GLM-5.3 Flash	reversal-general-reverse-024	10.585
GLM-5.3 Flash	reversal-general-forward-025	9.174
GLM-5.3 Flash	reversal-general-reverse-025	9.124
GLM-5.3 Flash	reversal-general-forward-026	9.211
GLM-5.3 Flash	reversal-general-reverse-026	11.416
GLM-5.3 Flash	reversal-general-forward-027	10.831
GLM-5.3 Flash	reversal-general-reverse-027	10.102
GLM-5.3 Flash	reversal-general-forward-028	9.297
GLM-5.3 Flash	reversal-general-reverse-028	9.242
GLM-5.3 Flash	reversal-general-forward-029	7.823
GLM-5.3 Flash	reversal-general-reverse-029	12.563
GLM-5.3 Flash	reversal-general-forward-030	13.582
GLM-5.3 Flash	reversal-general-reverse-030	8.744
GLM-5.3 Flash	reversal-general-forward-031	9.272
GLM-5.3 Flash	reversal-general-reverse-031	8.871
GLM-5.3 Flash	reversal-general-forward-032	8.834
GLM-5.3 Flash	reversal-general-reverse-032	8.456
GLM-5.3 Flash	reversal-general-forward-033	9.298
GLM-5.3 Flash	reversal-general-reverse-033	9.091
GLM-5.3 Flash	reversal-general-forward-034	9.235
GLM-5.3 Flash	reversal-general-reverse-034	9.302
GLM-5.3 Flash	reversal-general-forward-035	32.338
GLM-5.3 Flash	reversal-general-reverse-035	9.217
GLM-5.3 Flash	reversal-general-forward-036	26.567
GLM-5.3 Flash	reversal-general-reverse-036	9.172
GLM-5.3 Flash	reversal-general-forward-037	10.085
GLM-5.3 Flash	reversal-general-reverse-037	8.337
GLM-5.3 Flash	reversal-general-forward-038	9.968
GLM-5.3 Flash	reversal-general-reverse-038	10.635
GLM-5.3 Flash	reversal-general-forward-039	9.678
GLM-5.3 Flash	reversal-general-reverse-039	12.093
GLM-5.3 Flash	reversal-general-forward-040	11.83
GLM-5.3 Flash	reversal-general-reverse-040	11.51
GLM-5.3 Flash	reversal-general-forward-041	16.33
GLM-5.3 Flash	reversal-general-reverse-041	14.197
GLM-5.3 Flash	reversal-general-forward-042	16.381
GLM-5.3 Flash	reversal-general-reverse-042	14.699
GLM-5.3 Flash	reversal-general-forward-043	9.721
GLM-5.3 Flash	reversal-general-reverse-043	12.541
GLM-5.3 Flash	reversal-general-forward-044	12.581
GLM-5.3 Flash	reversal-general-reverse-044	12.34
GLM-5.3 Flash	reversal-general-forward-045	11.913
GLM-5.3 Flash	reversal-general-reverse-045	9.238
GLM-5.3 Flash	reversal-general-forward-046	8.799
GLM-5.3 Flash	reversal-general-reverse-046	8.324
GLM-5.3 Flash	reversal-general-forward-047	8.048
GLM-5.3 Flash	reversal-general-reverse-047	11.031
GLM-5.3 Flash	reversal-general-forward-048	11.702
GLM-5.3 Flash	reversal-general-reverse-048	11.521
GLM-5.3 Flash	reversal-general-forward-049	10.518
GLM-5.3 Flash	reversal-general-reverse-049	9.074
GLM-5.3 Flash	reversal-general-forward-050	9.04
GLM-5.3 Flash	reversal-general-reverse-050	9.457
GLM-5.3 Flash	reversal-general-forward-051	9.754
GLM-5.3 Flash	reversal-general-reverse-051	12.355
GLM-5.3 Flash	reversal-general-forward-052	12.115
GLM-5.3 Flash	reversal-general-reverse-052	11.107
GLM-5.3 Flash	reversal-general-forward-053	10.657
GLM-5.3 Flash	reversal-general-reverse-053	8.449
GLM-5.3 Flash	reversal-general-forward-054	13.733
GLM-5.3 Flash	reversal-general-reverse-054	8.52
GLM-5.3 Flash	reversal-general-forward-055	8.367
GLM-5.3 Flash	reversal-general-reverse-055	9.749
GLM-5.3 Flash	reversal-general-forward-056	9.711
GLM-5.3 Flash	reversal-general-reverse-056	9.627
GLM-5.3 Flash	reversal-general-forward-057	6.141
GLM-5.3 Flash	reversal-general-reverse-057	10.827
GLM-5.3 Flash	reversal-general-forward-058	10.501
GLM-5.3 Flash	reversal-general-reverse-058	10.758
GLM-5.3 Flash	reversal-general-forward-059	9.018
GLM-5.3 Flash	reversal-general-reverse-059	14.044
GLM-5.3 Flash	reversal-general-forward-060	12.297
GLM-5.3 Flash	reversal-general-reverse-060	12.536
GLM-5.3 Flash	reversal-general-forward-061	13.147
GLM-5.3 Flash	reversal-general-reverse-061	9.548
GLM-5.3 Flash	reversal-general-forward-062	9.674
GLM-5.3 Flash	reversal-general-reverse-062	9.522
GLM-5.3 Flash	reversal-general-forward-063	9.122
GLM-5.3 Flash	reversal-general-reverse-063	9.575
GLM-5.3 Flash	reversal-general-forward-064	9.528
GLM-5.3 Flash	reversal-general-reverse-064	9.033
GLM-5.3 Flash	reversal-general-forward-065	9.421
GLM-5.3 Flash	reversal-general-reverse-065	10.617
GLM-5.3 Flash	reversal-general-forward-066	8.66
GLM-5.3 Flash	reversal-general-reverse-066	9.146
GLM-5.3 Flash	reversal-general-forward-067	9.945
GLM-5.3 Flash	reversal-general-reverse-067	9.257
GLM-5.3 Flash	reversal-general-forward-068	9.345
GLM-5.3 Flash	reversal-general-reverse-068	8.497
GLM-5.3 Flash	reversal-general-forward-069	8.405
GLM-5.3 Flash	reversal-general-reverse-069	8.269
GLM-5.3 Flash	reversal-general-forward-070	10.147
GLM-5.3 Flash	reversal-general-reverse-070	9.914
GLM-5.3 Flash	reversal-general-forward-071	9.558
GLM-5.3 Flash	reversal-general-reverse-071	8.174
GLM-5.3 Flash	reversal-general-forward-072	6.887
GLM-5.3 Flash	reversal-general-reverse-072	8.507
GLM-5.3 Flash	reversal-general-forward-073	7.369
GLM-5.3 Flash	reversal-general-reverse-073	12.055
GLM-5.3 Flash	reversal-forward-001	7.905
GLM-5.3 Flash	reversal-reverse-001	7.292
GLM-5.3 Flash	reversal-forward-002	7.254
GLM-5.3 Flash	reversal-reverse-002	7.642
GLM-5.3 Flash	reversal-forward-003	9.312
GLM-5.3 Flash	reversal-forward-004	7.333
GLM-5.3 Flash	reversal-reverse-003	6.658
GLM-5.3 Flash	reversal-forward-005	8.395
GLM-5.3 Flash	reversal-forward-006	8.055
GLM-5.3 Flash	reversal-forward-007	9.355
GLM-5.3 Flash	reversal-forward-008	6.656
GLM-5.3 Flash	reversal-reverse-004	7.099
GLM-5.3 Flash	reversal-forward-009	8.064
GLM-5.3 Flash	reversal-reverse-005	6.536
GLM-5.3 Flash	reversal-forward-010	7.941
GLM-5.3 Flash	reversal-reverse-006	7.098
GLM-5.3 Flash	reversal-forward-011	5.821
GLM-5.3 Flash	reversal-reverse-007	5.882
GLM-5.3 Flash	reversal-forward-012	7.105
GLM-5.3 Flash	reversal-reverse-008	10.264
GLM-5.3 Flash	reversal-forward-013	7.959
GLM-5.3 Flash	reversal-reverse-009	4.618
GLM-5.3 Flash	reversal-forward-014	7.414
GLM-5.3 Flash	reversal-reverse-010	6.512
GLM-5.3 Flash	reversal-forward-015	8.664
GLM-5.3 Flash	reversal-reverse-011	9.307
GLM-5.3 Flash	reversal-forward-016	11.771
GLM-5.3 Flash	reversal-reverse-012	8.824
GLM-5.3 Flash	reversal-forward-017	7.871
GLM-5.3 Flash	reversal-forward-018	9.259
GLM-5.3 Flash	reversal-reverse-013	8.01
GLM-5.3 Flash	reversal-forward-019	7.989
GLM-5.3 Flash	reversal-forward-020	8.151
GLM-5.3 Flash	reversal-reverse-014	9.521
GLM-5.3 Flash	reversal-forward-021	8.743
GLM-5.3 Flash	reversal-forward-022	6.932
GLM-5.3 Flash	reversal-reverse-015	5.928
GLM-5.3 Flash	reversal-forward-023	9.549
GLM-5.3 Flash	reversal-forward-024	8.262
GLM-5.3 Flash	reversal-reverse-016	8.562
GLM-5.3 Flash	reversal-forward-025	11.109
GLM-5.3 Flash	reversal-forward-026	5.49
GLM-5.3 Flash	reversal-reverse-017	5.324
GLM-5.3 Flash	reversal-forward-027	5.26
GLM-5.3 Flash	reversal-reverse-018	9.364
GLM-5.3 Flash	reversal-forward-028	8.366
GLM-5.3 Flash	reversal-reverse-019	7.952
GLM-5.3 Flash	reversal-forward-029	10.537
GLM-5.3 Flash	reversal-reverse-020	4.601
GLM-5.3 Flash	reversal-forward-030	6.716
GLM-5.3 Flash	reversal-reverse-021	6.145
GLM-5.3 Flash	reversal-forward-031	6.181
GLM-5.3 Flash	reversal-reverse-022	6.188
GLM-5.3 Flash	reversal-forward-032	12.475
GLM-5.3 Flash	reversal-reverse-023	4.635
GLM-5.3 Flash	reversal-forward-033	6.769
GLM-5.3 Flash	reversal-reverse-024	5.216
GLM-5.3 Flash	reversal-forward-034	5.764
GLM-5.3 Flash	reversal-reverse-025	4.963
GLM-5.3 Flash	reversal-forward-035	5.397
GLM-5.3 Flash	reversal-reverse-026	4.659
GLM-5.3 Flash	reversal-forward-036	6.114
GLM-5.3 Flash	reversal-reverse-027	13.956
GLM-5.3 Flash	reversal-forward-037	5.674
GLM-5.3 Flash	reversal-reverse-028	5.278
GLM-5.3 Flash	reverse-singer-to-song-001	16.974
GLM-5.3 Flash	reverse-singer-to-song-002	21.612
GLM-5.3 Flash	reverse-singer-to-song-003	18.954
GLM-5.3 Flash	reverse-singer-to-song-004	15.032
GLM-5.3 Flash	reverse-singer-to-song-005	12.067
GLM-5.3 Flash	reverse-singer-to-song-006	12.781
GLM-5.3 Flash	reverse-singer-to-song-007	16.539
GLM-5.3 Flash	reverse-singer-to-song-008	12.927
GLM-5.3 Flash	reverse-singer-to-song-009	10.368
GLM-5.3 Flash	reverse-singer-to-song-010	5.79
GLM-5.3 Flash	reverse-singer-to-song-011	8.734
GLM-5.3 Flash	reverse-singer-to-song-012	8.787
GLM-5.3 Flash	reverse-singer-to-song-013	8.586
GLM-5.3 Flash	reverse-singer-to-song-014	8.375
GLM-5.3 Flash	reverse-singer-to-song-015	22.561
GLM-5.3 Flash	reverse-singer-to-song-016	15.386
GLM-5.3 Flash	reverse-singer-to-song-017	15.183
GLM-5.3 Flash	reverse-singer-to-song-018	15.173
GLM-5.3 Flash	reverse-singer-to-song-019	16.804
GLM-5.3 Flash	reverse-singer-to-song-020	16.12
GLM-5.3 Flash	reverse-singer-to-song-021	12.715
GLM-5.3 Flash	reverse-singer-to-song-022	13.505
GLM-5.3 Flash	reverse-singer-to-song-023	16.368
GLM-5.3 Flash	reverse-singer-to-song-024	18.906
GLM-5.3 Flash	reverse-singer-to-song-025	18.434
GLM-5.3 Flash	reverse-singer-to-song-026	28.262
GLM-5.3 Flash	reverse-singer-to-song-027	8.918
GLM-5.3 Flash	reverse-singer-to-song-028	5.436
GLM-5.3 Flash	reverse-singer-to-song-029	12.861
GLM-5.3 Flash	reverse-singer-to-song-030	11.066
GLM-5.3 Flash	reverse-singer-to-song-031	6.386
GLM-5.3 Flash	reverse-singer-to-song-032	10.03
GLM-5.3 Flash	reverse-singer-to-song-033	9.309
GLM-5.3 Flash	reverse-singer-to-song-034	8.403
GLM-5.3 Flash	reverse-singer-to-song-035	7.342
GLM-5.3 Flash	reverse-singer-to-song-036	9.346
GLM-5.3 Flash	reverse-singer-to-song-037	11.059
GLM-5.3 Flash	reverse-singer-to-song-038	10.514
GLM-5.3 Flash	reverse-singer-to-song-039	10.308
GLM-5.3 Flash	reverse-singer-to-song-040	17.103
GLM-5.3 Flash	reverse-album-to-song-001	11.227
GLM-5.3 Flash	reverse-album-to-song-002	8.061
GLM-5.3 Flash	reverse-album-to-song-003	7.729
GLM-5.3 Flash	reverse-album-to-song-004	5.537
GLM-5.3 Flash	reverse-album-to-song-005	6.321
GLM-5.3 Flash	reverse-album-to-song-006	6.976
GLM-5.3 Flash	reverse-album-to-song-007	7.884
GLM-5.3 Flash	reverse-album-to-song-008	6.225
GLM-5.3 Flash	reverse-album-to-song-009	6.44
GLM-5.3 Flash	reverse-album-to-song-010	9.988
GLM-5.3 Flash	reverse-album-to-song-011	13.449
GLM-5.3 Flash	reverse-album-to-song-012	8.187
GLM-5.3 Flash	reverse-album-to-song-013	10.37
GLM-5.3 Flash	reverse-album-to-song-014	6.784
GLM-5.3 Flash	reverse-album-to-song-015	6.939
GLM-5.3 Flash	reverse-album-to-song-016	7.916
GLM-5.3 Flash	reverse-album-to-song-017	8.714
GLM-5.3 Flash	reverse-album-to-song-018	9.361
GLM-5.3 Flash	reverse-album-to-song-019	9.374
GLM-5.3 Flash	reverse-album-to-song-020	8.406
GLM-5.3 Flash	reverse-album-to-song-021	7.685
GLM-5.3 Flash	reverse-album-to-song-022	9.355
GLM-5.3 Flash	reverse-album-to-song-023	7.682
GLM-5.3 Flash	reverse-album-to-song-024	7.041
GLM-5.3 Flash	reverse-album-to-song-025	7.252
GLM-5.3 Flash	reverse-album-to-song-026	8.756
GLM-5.3 Flash	reverse-album-to-song-027	8.29
GLM-5.3 Flash	reverse-album-to-song-028	22.662
GLM-5.3 Flash	reverse-album-to-song-029	6.312
GLM-5.3 Flash	reverse-album-to-song-030	7.432
GLM-5.3 Flash	reverse-album-to-song-031	7.144
GLM-5.3 Flash	reverse-album-to-song-032	6.329
GLM-5.3 Flash	reverse-album-to-song-033	7.514
GLM-5.3 Flash	reverse-album-to-song-034	9.121
GLM-5.3 Flash	reverse-album-to-song-035	8.051
GLM-5.3 Flash	reverse-album-to-song-036	9.808
GLM-5.3 Flash	reverse-album-to-song-037	9.296
GLM-5.3 Flash	reverse-album-to-song-038	9.606
GLM-5.3 Flash	reverse-album-to-song-039	8.922
GLM-5.3 Flash	reverse-album-to-song-040	6.587
GLM-5.3 Flash	reverse-singer-yes-no-001	4.735
GLM-5.3 Flash	reverse-singer-yes-no-002	6.529
GLM-5.3 Flash	reverse-singer-yes-no-003	9.419
GLM-5.3 Flash	reverse-singer-yes-no-004	8.804
GLM-5.3 Flash	reverse-singer-yes-no-005	2.083
GLM-5.3 Flash	reverse-singer-yes-no-006	4.797
GLM-5.3 Flash	reverse-singer-yes-no-007	4.803
GLM-5.3 Flash	reverse-singer-yes-no-008	2.847
GLM-5.3 Flash	reverse-singer-yes-no-009	6.579
GLM-5.3 Flash	reverse-singer-yes-no-010	1.736
GLM-5.3 Flash	reverse-singer-yes-no-011	6.595
GLM-5.3 Flash	reverse-singer-yes-no-012	5.238
GLM-5.3 Flash	reverse-singer-yes-no-013	4.777
GLM-5.3 Flash	reverse-singer-yes-no-014	4.882
GLM-5.3 Flash	reverse-singer-yes-no-015	4.378
GLM-5.3 Flash	reverse-singer-yes-no-016	4.241
GLM-5.3 Flash	reverse-singer-yes-no-017	4.781
GLM-5.3 Flash	reverse-singer-yes-no-018	5.601
GLM-5.3 Flash	reverse-singer-yes-no-019	8.762
GLM-5.3 Flash	reverse-singer-yes-no-020	4.696
GLM-5.3 Flash	reverse-singer-yes-no-021	5.073
GLM-5.3 Flash	reverse-singer-yes-no-022	4.575
GLM-5.3 Flash	reverse-singer-yes-no-023	4.484
GLM-5.3 Flash	reverse-singer-yes-no-024	4.983
GLM-5.3 Flash	reverse-singer-yes-no-025	5.16
GLM-5.3 Flash	reverse-singer-yes-no-026	5.339
GLM-5.3 Flash	reverse-singer-yes-no-027	6.737
GLM-5.3 Flash	reverse-singer-yes-no-028	5.085
GLM-5.3 Flash	reverse-singer-yes-no-029	4.592
GLM-5.3 Flash	reverse-singer-yes-no-030	2.097
GLM-5.3 Flash	reverse-singer-yes-no-031	6.521
GLM-5.3 Flash	reverse-singer-yes-no-032	4.678
GLM-5.3 Flash	shared-lead-shared-lead-001	3.327
GLM-5.3 Flash	shared-lead-shared-lead-002	1.726
GLM-5.3 Flash	shared-lead-shared-lead-003	4.444
GLM-5.3 Flash	shared-lead-shared-lead-004	2.057
GLM-5.3 Flash	shared-lead-shared-lead-005	2.005
GLM-5.3 Flash	shared-lead-shared-lead-006	5.932
GLM-5.3 Flash	shared-lead-shared-lead-007	4.006
GLM-5.3 Flash	shared-lead-shared-lead-008	4.598
GLM-5.3 Flash	shared-lead-shared-lead-009	4.977
GLM-5.3 Flash	shared-lead-shared-lead-010	1.938
GLM-5.3 Flash	shared-lead-shared-lead-011	4.298
GLM-5.3 Flash	shared-lead-shared-lead-012	5.109
GLM-5.3 Flash	shared-lead-shared-lead-013	6.463
GLM-5.3 Flash	shared-lead-shared-lead-014	6.639
GLM-5.3 Flash	shared-lead-shared-lead-015	4.525
GLM-5.3 Flash	shared-lead-shared-lead-016	4.773
GLM-5.3 Flash	shared-lead-shared-lead-017	5.874
GLM-5.3 Flash	shared-lead-shared-lead-018	1.772
GLM-5.3 Flash	shared-lead-shared-lead-019	4.993
GLM-5.3 Flash	shared-lead-shared-lead-020	6.33
GLM-5.3 Flash	shared-lead-shared-lead-021	7.494
GLM-5.3 Flash	shared-lead-shared-lead-022	4.728
GLM-5.3 Flash	shared-lead-shared-lead-023	2.922
GLM-5.3 Flash	shared-lead-shared-lead-024	5.788
GLM-5.3 Flash	shared-lead-shared-lead-025	1.789
GLM-5.3 Flash	shared-lead-shared-lead-026	2.739
GLM-5.3 Flash	shared-lead-shared-lead-027	2.27
GLM-5.3 Flash	shared-lead-shared-lead-028	5.1
GLM-5.3 Flash	shared-lead-shared-lead-029	4.973
GLM-5.3 Flash	shared-lead-shared-lead-030	4.711
GLM-5.3 Flash	shared-lead-shared-lead-031	7.034
GLM-5.3 Flash	shared-lead-shared-lead-032	2.789
GLM-5.3 Flash	single-hop-song-album-001	7.99
GLM-5.3 Flash	single-hop-album-year-001	6.347
GLM-5.3 Flash	single-hop-song-album-002	9.042
GLM-5.3 Flash	single-hop-album-year-002	5.588
GLM-5.3 Flash	single-hop-song-album-003	8.175
GLM-5.3 Flash	single-hop-album-year-003	6.006
GLM-5.3 Flash	single-hop-song-album-004	6.776
GLM-5.3 Flash	single-hop-album-year-004	4.252
GLM-5.3 Flash	single-hop-song-album-005	9.372
GLM-5.3 Flash	single-hop-album-year-005	4.365
GLM-5.3 Flash	single-hop-song-album-006	8.471
GLM-5.3 Flash	single-hop-song-album-007	8.755
GLM-5.3 Flash	single-hop-song-album-008	7.901
GLM-5.3 Flash	single-hop-song-album-009	9.338
GLM-5.3 Flash	single-hop-album-year-006	4.386
GLM-5.3 Flash	single-hop-song-album-010	8.195
GLM-5.3 Flash	single-hop-album-year-007	2.372
GLM-5.3 Flash	single-hop-song-album-011	8.413
GLM-5.3 Flash	single-hop-album-year-008	1.698
GLM-5.3 Flash	single-hop-song-album-012	8.433
GLM-5.3 Flash	single-hop-song-album-013	9.925
GLM-5.3 Flash	single-hop-album-year-009	4.427
GLM-5.3 Flash	single-hop-song-album-014	9.231
GLM-5.3 Flash	single-hop-album-year-010	4.369
GLM-5.3 Flash	single-hop-song-album-015	9.692
GLM-5.3 Flash	single-hop-song-album-016	9.081
GLM-5.3 Flash	single-hop-song-album-017	9.476
GLM-5.3 Flash	single-hop-song-album-018	9.412
GLM-5.3 Flash	single-hop-song-album-019	9.204
GLM-5.3 Flash	single-hop-song-album-020	9.043
GLM-5.3 Flash	single-hop-song-album-021	9.005
GLM-5.3 Flash	single-hop-album-year-011	4.661
GLM-5.3 Flash	single-hop-song-album-022	8.867
GLM-5.3 Flash	single-hop-song-album-023	8.913
GLM-5.3 Flash	single-hop-album-year-012	4.53
GLM-5.3 Flash	single-hop-song-album-024	8.787
GLM-5.3 Flash	single-hop-song-album-025	9.891
GLM-5.3 Flash	single-hop-album-year-013	5.647
GLM-5.3 Flash	single-hop-song-album-026	9.809
GLM-5.3 Flash	single-hop-song-album-027	9.787
GLM-5.3 Flash	single-hop-song-album-028	9.911
GLM-5.3 Flash	single-hop-song-album-029	10.315
GLM-5.3 Flash	single-hop-song-album-030	9.481
GLM-5.3 Flash	single-hop-song-album-031	9.74
GLM-5.3 Flash	single-hop-song-album-032	9.435
GLM-5.3 Flash	single-hop-song-album-033	9.328
GLM-5.3 Flash	single-hop-song-album-034	9.978
GLM-5.3 Flash	single-hop-song-album-035	9.929
GLM-5.3 Flash	single-hop-song-album-036	8.633
GLM-5.3 Flash	single-hop-song-album-037	11.022
GLM-5.3 Flash	single-hop-song-album-038	15.759
GLM-5.3 Flash	single-hop-song-album-039	16.522
GLM-5.3 Flash	single-hop-song-album-040	11.627
GLM-5.3 Flash	single-hop-song-album-041	13.606
GLM-5.3 Flash	single-hop-song-album-042	13.534
GLM-5.3 Flash	single-hop-song-album-043	13.343
GLM-5.3 Flash	single-hop-song-album-044	11.831
GLM-5.3 Flash	single-hop-song-album-045	7.375
GLM-5.3 Flash	single-hop-song-album-046	9.175
GLM-5.3 Flash	single-hop-song-album-047	8.052
GLM-5.3 Flash	single-hop-song-album-048	8.875
GLM-5.3 Flash	single-hop-song-album-049	6.876
GLM-5.3 Flash	single-hop-song-album-050	8.026
GLM-5.3 Flash	single-hop-song-album-051	7.205
GLM-5.3 Flash	single-hop-song-album-052	6.721
GLM-5.3 Flash	single-hop-song-album-053	10.073
GLM-5.3 Flash	single-hop-song-album-054	7.448
GLM-5.3 Flash	single-hop-song-album-055	6.9
GLM-5.3 Flash	single-hop-song-album-056	13.284
GLM-5.3 Flash	single-hop-song-album-057	16.23
GLM-5.3 Flash	single-hop-song-album-058	15.48
GLM-5.3 Flash	single-hop-song-album-059	15.522
GLM-5.3 Flash	single-hop-song-album-060	15.114
GLM-5.3 Flash	single-hop-song-month-001	11.781
GLM-5.3 Flash	single-hop-event-month-001	10.393
GLM-5.3 Flash	single-hop-song-month-002	10.779
GLM-5.3 Flash	single-hop-event-month-002	89.78
GLM-5.3 Flash	single-hop-song-month-003	6.506
GLM-5.3 Flash	single-hop-event-month-003	6.787
GLM-5.3 Flash	single-hop-song-month-004	9.263
GLM-5.3 Flash	single-hop-event-month-004	6.824
GLM-5.3 Flash	single-hop-song-month-005	8.615
GLM-5.3 Flash	single-hop-event-month-005	8.398
GLM-5.3 Flash	single-hop-song-month-006	7.287
GLM-5.3 Flash	single-hop-event-month-006	8.467
GLM-5.3 Flash	single-hop-song-month-007	7.391
GLM-5.3 Flash	single-hop-event-month-007	7.933
GLM-5.3 Flash	single-hop-song-month-008	8.891
GLM-5.3 Flash	single-hop-event-month-008	7.853
GLM-5.3 Flash	single-hop-song-month-009	9.403
GLM-5.3 Flash	single-hop-event-month-009	62.472
GLM-5.3 Flash	single-hop-song-month-010	63.322
GLM-5.3 Flash	single-hop-event-month-010	62.491
GLM-5.3 Flash	single-hop-song-month-011	13.759
GLM-5.3 Flash	single-hop-event-month-011	35.424
GLM-5.3 Flash	single-hop-song-month-012	12.315
GLM-5.3 Flash	single-hop-event-month-012	12.082
GLM-5.3 Flash	single-hop-song-month-013	12.285
GLM-5.3 Flash	single-hop-event-month-013	9.2
GLM-5.3 Flash	single-hop-song-month-014	11.417
GLM-5.3 Flash	single-hop-event-month-014	9.115
GLM-5.3 Flash	single-hop-song-month-015	7.414
GLM-5.3 Flash	single-hop-song-month-016	9.238
GLM-5.3 Flash	single-hop-event-month-015	8.886
GLM-5.3 Flash	single-hop-song-month-017	9.786
GLM-5.3 Flash	single-hop-event-month-016	8.644
GLM-5.3 Flash	single-hop-song-month-018	7.385
GLM-5.3 Flash	single-hop-event-month-017	8.932
GLM-5.3 Flash	single-hop-song-month-019	10.123
GLM-5.3 Flash	single-hop-event-month-018	8.401
GLM-5.3 Flash	single-hop-song-month-020	9.196
GLM-5.3 Flash	single-hop-event-month-019	8.631
GLM-5.3 Flash	single-hop-song-month-021	9.812
GLM-5.3 Flash	single-hop-event-month-020	8.828
GLM-5.3 Flash	single-hop-song-month-022	10.711
GLM-5.3 Flash	single-hop-event-month-021	7.632
GLM-5.3 Flash	single-hop-song-month-023	11.434
GLM-5.3 Flash	single-hop-event-month-022	48.374
GLM-5.3 Flash	single-hop-song-month-024	10.59
GLM-5.3 Flash	single-hop-event-month-023	6.73
GLM-5.3 Flash	single-hop-song-month-025	6.366
GLM-5.3 Flash	single-hop-event-month-024	7.366
GLM-5.3 Flash	single-hop-song-month-026	5.925
GLM-5.3 Flash	single-hop-song-month-027	7.315
GLM-5.3 Flash	single-hop-song-month-028	8.862
GLM-5.3 Flash	single-hop-event-month-025	8.094
GLM-5.3 Flash	single-hop-song-month-029	5.61
GLM-5.3 Flash	single-hop-event-month-026	7.456
GLM-5.3 Flash	single-hop-song-month-030	5.735
GLM-5.3 Flash	single-hop-event-month-027	5.401
GLM-5.3 Flash	single-hop-song-month-031	9.518
GLM-5.3 Flash	single-hop-event-month-028	8.065
GLM-5.3 Flash	single-hop-song-month-032	14.878
GLM-5.3 Flash	single-hop-event-month-029	16.592
GLM-5.3 Flash	single-hop-song-month-033	7.868
GLM-5.3 Flash	single-hop-event-month-030	17.075
GLM-5.3 Flash	single-hop-song-month-034	16.599
GLM-5.3 Flash	single-hop-event-month-031	13.732
GLM-5.3 Flash	single-hop-song-month-035	9.222
GLM-5.3 Flash	single-hop-event-month-032	17.004
GLM-5.3 Flash	single-hop-song-month-036	17.217
GLM-5.3 Flash	single-hop-event-month-033	9.664
GLM-5.3 Flash	single-hop-song-month-037	16.173
GLM-5.3 Flash	single-hop-event-month-034	14.721
GLM-5.3 Flash	single-hop-song-month-038	15.128
GLM-5.3 Flash	single-hop-event-month-035	15.8
GLM-5.3 Flash	single-hop-song-month-039	21.994
GLM-5.3 Flash	single-hop-event-month-036	7.928
GLM-5.3 Flash	single-hop-song-month-040	22.439
GLM-5.3 Flash	single-hop-event-month-037	16.794
GLM-5.3 Flash	single-hop-song-month-041	14.274
GLM-5.3 Flash	single-hop-song-month-042	9.722
GLM-5.3 Flash	single-hop-event-month-038	8.54
GLM-5.3 Flash	single-hop-song-month-043	7.413
GLM-5.3 Flash	single-hop-event-month-039	10.568
GLM-5.3 Flash	single-hop-song-month-044	11.089
GLM-5.3 Flash	single-hop-event-month-040	6.731
GLM-5.3 Flash	single-hop-song-month-045	9.578
GLM-5.3 Flash	single-hop-event-month-041	9.867
GLM-5.3 Flash	single-hop-song-month-046	11.449
GLM-5.3 Flash	single-hop-event-month-042	8.223
GLM-5.3 Flash	single-hop-song-month-047	7.671
GLM-5.3 Flash	single-hop-event-month-043	10.836
GLM-5.3 Flash	single-hop-song-month-048	9.552
GLM-5.3 Flash	single-hop-event-month-044	7.365
GLM-5.3 Flash	single-hop-event-month-045	7.626
GLM-5.3 Flash	single-hop-event-month-046	9.233
GLM-5.3 Flash	single-hop-event-month-047	9.223
GLM-5.3 Flash	single-hop-song-month-049	8.92
GLM-5.3 Flash	single-hop-event-month-048	8.755
GLM-5.3 Flash	single-hop-song-month-050	7.841
GLM-5.3 Flash	single-hop-event-month-049	7.768
GLM-5.3 Flash	single-hop-song-month-051	10.975
GLM-5.3 Flash	single-hop-event-month-050	10.58
GLM-5.3 Flash	single-hop-song-month-052	10.925
GLM-5.3 Flash	single-hop-event-month-051	11.005
GLM-5.3 Flash	single-hop-song-month-053	10.324
GLM-5.3 Flash	single-hop-event-month-052	9.355
GLM-5.3 Flash	single-hop-song-month-054	7.225
GLM-5.3 Flash	single-hop-event-month-053	9.249
GLM-5.3 Flash	single-hop-song-month-055	9.362
GLM-5.3 Flash	single-hop-song-month-056	10.26
GLM-5.3 Flash	single-hop-song-month-057	10.499
GLM-5.3 Flash	single-hop-event-month-054	9.458
GLM-5.3 Flash	single-hop-song-month-058	9.279
GLM-5.3 Flash	single-hop-song-month-059	9.659
GLM-5.3 Flash	single-hop-event-month-055	9.802
GLM-5.3 Flash	single-hop-song-month-060	9.015
GLM-5.3 Flash	single-hop-event-month-056	9.231
GLM-5.3 Flash	single-hop-song-month-061	8.706
GLM-5.3 Flash	single-hop-song-month-062	11.407
GLM-5.3 Flash	single-hop-song-month-063	10.382
GLM-5.3 Flash	single-hop-event-month-057	10.13
GLM-5.3 Flash	single-hop-song-month-064	10.634
GLM-5.3 Flash	single-hop-song-month-065	9.237
GLM-5.3 Flash	single-hop-event-month-058	9.34
GLM-5.3 Flash	single-hop-event-month-059	8.698
GLM-5.3 Flash	single-hop-song-month-066	10.161
GLM-5.3 Flash	single-hop-event-month-060	8.68
GLM-5.3 Flash	single-hop-song-month-067	10.597
GLM-5.3 Flash	single-hop-event-month-061	9.585
GLM-5.3 Flash	single-hop-song-month-068	11.267
GLM-5.3 Flash	single-hop-song-month-069	8.964
GLM-5.3 Flash	single-hop-event-month-062	9.873
GLM-5.3 Flash	single-hop-song-month-070	10.422
GLM-5.3 Flash	single-hop-event-month-063	10.744
GLM-5.3 Flash	single-hop-song-month-071	9.453
GLM-5.3 Flash	single-hop-song-month-072	9.956
GLM-5.3 Flash	single-hop-song-month-073	10.115
GLM-5.3 Flash	single-hop-event-month-064	9.396
GLM-5.3 Flash	single-hop-song-month-074	11.195
GLM-5.3 Flash	single-hop-event-month-065	6.706
GLM-5.3 Flash	single-hop-song-month-075	9.79
GLM-5.3 Flash	single-hop-song-month-076	10.876
GLM-5.3 Flash	single-hop-song-month-077	8.424
GLM-5.3 Flash	single-hop-song-month-078	9.344
GLM-5.3 Flash	single-hop-event-month-066	8.821
GLM-5.3 Flash	single-hop-song-month-079	13.697
GLM-5.3 Flash	single-hop-event-month-067	10.302
GLM-5.3 Flash	single-hop-song-month-080	9.906
GLM-5.3 Flash	single-hop-song-month-081	9.794
GLM-5.3 Flash	single-hop-event-month-068	8.936
GLM-5.3 Flash	single-hop-song-month-082	9.123
GLM-5.3 Flash	single-hop-event-month-069	8.743
GLM-5.3 Flash	single-hop-song-month-083	10.056
GLM-5.3 Flash	single-hop-event-month-070	9.561
GLM-5.3 Flash	single-hop-song-month-084	11.71
GLM-5.3 Flash	single-hop-event-month-071	7.359
GLM-5.3 Flash	single-hop-song-month-085	10.08
GLM-5.3 Flash	single-hop-song-month-086	15.967
GLM-5.3 Flash	single-hop-event-month-072	7.485
GLM-5.3 Flash	single-hop-song-month-087	16.116
GLM-5.3 Flash	single-hop-song-month-088	15.773
GLM-5.3 Flash	single-hop-song-month-089	13.879
GLM-5.3 Flash	single-hop-song-month-090	8.382
GLM-5.3 Flash	single-hop-song-month-091	8.425
GLM-5.3 Flash	single-hop-song-month-092	9.557
GLM-5.3 Flash	single-hop-song-month-093	9.345
GLM-5.3 Flash	single-hop-song-month-094	7.859
GLM-5.3 Flash	single-hop-event-month-073	9.575
GLM-5.3 Flash	single-hop-song-month-095	9.006
GLM-5.3 Flash	single-hop-event-month-074	9.336
GLM-5.3 Flash	single-hop-song-month-096	8.925
GLM-5.3 Flash	single-hop-song-month-097	8.237
GLM-5.3 Flash	single-hop-event-month-075	7.979
GLM-5.3 Flash	single-hop-song-month-098	9.327
GLM-5.3 Flash	single-hop-song-month-099	9.297
GLM-5.3 Flash	single-hop-event-month-076	7.892
Laya	comparison-longer-001	0.225
Laya	comparison-longer-002	0.107
Laya	comparison-longer-003	0.121
Laya	comparison-longer-004	0.154
Laya	comparison-longer-005	0.185
Laya	comparison-longer-006	0.19
Laya	comparison-longer-007	0.223
Laya	comparison-longer-008	0.066
Laya	comparison-longer-009	0.203
Laya	comparison-longer-010	0.127
Laya	comparison-longer-011	0.213
Laya	comparison-longer-012	0.137
Laya	comparison-longer-013	0.218
Laya	comparison-longer-014	0.066
Laya	comparison-longer-015	0.076
Laya	comparison-longer-016	0.209
Laya	comparison-longer-017	0.146
Laya	comparison-longer-018	0.075
Laya	comparison-longer-019	0.189
Laya	comparison-longer-020	0.097
Laya	comparison-longer-021	0.08
Laya	comparison-longer-022	0.07
Laya	comparison-longer-023	0.152
Laya	comparison-longer-024	0.188
Laya	comparison-longer-025	0.17
Laya	comparison-longer-026	0.087
Laya	comparison-longer-027	0.21
Laya	comparison-longer-028	0.077
Laya	comparison-longer-029	0.121
Laya	comparison-longer-030	0.08
Laya	comparison-longer-031	0.111
Laya	comparison-longer-032	0.057
Laya	comparison-longer-033	0.107
Laya	comparison-longer-034	0.114
Laya	comparison-longer-035	0.065
Laya	comparison-longer-036	0.108
Laya	comparison-longer-037	0.062
Laya	comparison-longer-038	0.101
Laya	comparison-longer-039	0.096
Laya	comparison-longer-040	0.072
Laya	comparison-longer-041	0.056
Laya	comparison-longer-042	0.072
Laya	comparison-longer-043	0.074
Laya	comparison-longer-044	0.063
Laya	comparison-longer-045	0.06
Laya	comparison-longer-046	0.1
Laya	comparison-longer-047	0.126
Laya	comparison-longer-048	0.096
Laya	comparison-longer-049	0.216
Laya	comparison-longer-050	0.09
Laya	comparison-longer-051	0.053
Laya	comparison-longer-052	0.095
Laya	comparison-longer-053	0.09
Laya	comparison-longer-054	0.06
Laya	comparison-longer-055	0.07
Laya	comparison-longer-056	0.065
Laya	comparison-longer-057	0.085
Laya	comparison-longer-058	0.068
Laya	comparison-longer-059	0.099
Laya	comparison-longer-060	0.056
Laya	forward-singer-001	0.084
Laya	forward-singer-002	0.06
Laya	forward-singer-003	0.067
Laya	forward-singer-004	0.131
Laya	forward-singer-005	0.06
Laya	forward-singer-006	0.069
Laya	forward-singer-007	0.08
Laya	forward-singer-008	0.057
Laya	forward-singer-009	0.053
Laya	forward-singer-010	0.055
Laya	forward-singer-011	0.058
Laya	forward-singer-012	0.073
Laya	forward-singer-013	0.061
Laya	forward-singer-014	0.054
Laya	forward-singer-015	0.051
Laya	forward-singer-016	0.08
Laya	forward-singer-017	0.063
Laya	forward-singer-018	0.111
Laya	forward-singer-019	0.131
Laya	forward-singer-020	0.103
Laya	forward-singer-021	0.086
Laya	forward-singer-022	0.064
Laya	forward-singer-023	0.08
Laya	forward-singer-024	0.063
Laya	forward-singer-025	0.075
Laya	forward-singer-026	0.083
Laya	forward-singer-027	0.057
Laya	forward-singer-028	0.126
Laya	forward-singer-029	0.144
Laya	forward-singer-030	0.07
Laya	forward-singer-031	0.056
Laya	forward-singer-032	0.07
Laya	forward-singer-033	0.114
Laya	forward-singer-034	0.068
Laya	forward-singer-035	0.118
Laya	forward-singer-036	0.094
Laya	forward-singer-037	0.067
Laya	forward-singer-038	0.109
Laya	forward-singer-039	0.053
Laya	forward-singer-040	0.056
Laya	forward-singer-041	0.075
Laya	forward-singer-042	0.17
Laya	forward-singer-043	0.073
Laya	forward-singer-044	0.055
Laya	forward-singer-045	0.064
Laya	forward-singer-046	0.128
Laya	forward-singer-047	0.112
Laya	forward-singer-048	0.156
Laya	forward-singer-049	0.173
Laya	forward-singer-050	0.072
Laya	forward-singer-051	0.058
Laya	forward-singer-052	0.101
Laya	forward-singer-053	0.064
Laya	forward-singer-054	0.098
Laya	forward-singer-055	0.065
Laya	forward-singer-056	0.059
Laya	forward-singer-057	0.092
Laya	forward-album-001	0.064
Laya	forward-album-002	0.058
Laya	forward-album-003	0.054
Laya	forward-album-004	0.054
Laya	forward-album-005	0.06
Laya	forward-album-006	0.055
Laya	forward-album-007	0.058
Laya	forward-album-008	0.054
Laya	forward-album-009	0.054
Laya	forward-album-010	0.055
Laya	forward-album-011	0.052
Laya	forward-album-012	0.054
Laya	forward-album-013	0.061
Laya	forward-album-014	0.056
Laya	forward-album-015	0.059
Laya	forward-album-016	0.065
Laya	forward-album-017	0.112
Laya	forward-album-018	0.062
Laya	forward-album-019	0.072
Laya	forward-album-020	0.062
Laya	forward-album-021	0.057
Laya	forward-album-022	0.106
Laya	forward-album-023	0.056
Laya	forward-album-024	0.054
Laya	forward-album-025	0.053
Laya	forward-album-026	0.054
Laya	forward-album-027	0.082
Laya	forward-album-028	0.052
Laya	forward-album-029	0.053
Laya	forward-album-030	0.055
Laya	forward-album-031	0.076
Laya	forward-album-032	0.055
Laya	forward-album-033	0.056
Laya	forward-album-034	0.054
Laya	forward-album-035	0.053
Laya	forward-album-036	0.055
Laya	forward-album-037	0.053
Laya	forward-album-038	0.052
Laya	forward-album-039	0.056
Laya	forward-album-040	0.053
Laya	forward-album-041	0.058
Laya	forward-album-042	0.093
Laya	forward-album-043	0.053
Laya	forward-album-044	0.054
Laya	forward-album-045	0.057
Laya	forward-album-046	0.053
Laya	forward-album-047	0.058
Laya	forward-album-048	0.055
Laya	forward-album-049	0.054
Laya	forward-album-050	0.057
Laya	forward-album-051	0.054
Laya	forward-album-052	0.059
Laya	forward-album-053	0.055
Laya	forward-album-054	0.055
Laya	forward-album-055	0.056
Laya	forward-album-056	0.055
Laya	forward-album-057	0.095
Laya	forward-album-058	0.062
Laya	forward-album-059	0.054
Laya	forward-album-060	0.055
Laya	forward-songwriter-001	0.074
Laya	forward-songwriter-002	0.051
Laya	forward-songwriter-003	0.078
Laya	forward-songwriter-004	0.092
Laya	forward-songwriter-005	0.065
Laya	forward-songwriter-006	0.069
Laya	forward-songwriter-007	0.081
Laya	forward-songwriter-008	0.201
Laya	forward-songwriter-009	0.086
Laya	forward-songwriter-010	0.069
Laya	forward-songwriter-011	0.105
Laya	forward-songwriter-012	0.061
Laya	forward-songwriter-013	0.183
Laya	forward-songwriter-014	0.082
Laya	forward-songwriter-015	0.097
Laya	forward-songwriter-016	0.126
Laya	forward-songwriter-017	0.077
Laya	forward-songwriter-018	0.076
Laya	forward-songwriter-019	0.107
Laya	forward-songwriter-020	0.153
Laya	forward-songwriter-021	0.106
Laya	forward-songwriter-022	0.066
Laya	forward-songwriter-023	0.067
Laya	forward-songwriter-024	0.075
Laya	forward-songwriter-025	0.085
Laya	forward-songwriter-026	0.075
Laya	forward-songwriter-027	0.073
Laya	forward-songwriter-028	0.17
Laya	forward-songwriter-029	0.101
Laya	forward-songwriter-030	0.132
Laya	forward-songwriter-031	0.071
Laya	forward-songwriter-032	0.087
Laya	forward-songwriter-033	0.104
Laya	forward-songwriter-034	0.054
Laya	forward-songwriter-035	0.054
Laya	forward-songwriter-036	0.093
Laya	forward-songwriter-037	0.103
Laya	forward-songwriter-038	0.192
Laya	forward-songwriter-039	0.073
Laya	forward-songwriter-040	0.125
Laya	forward-songwriter-041	0.128
Laya	forward-songwriter-042	0.199
Laya	forward-songwriter-043	0.154
Laya	forward-songwriter-044	0.126
Laya	forward-songwriter-045	0.098
Laya	forward-songwriter-046	0.09
Laya	forward-songwriter-047	0.094
Laya	forward-year-001	0.069
Laya	forward-year-002	0.165
Laya	forward-year-003	0.202
Laya	forward-year-004	0.159
Laya	forward-year-005	0.127
Laya	forward-year-006	0.179
Laya	forward-year-007	0.097
Laya	forward-year-008	0.16
Laya	forward-year-009	0.254
Laya	forward-year-010	0.083
Laya	forward-year-011	0.128
Laya	forward-year-012	0.068
Laya	forward-year-013	0.086
Laya	forward-year-014	0.082
Laya	forward-year-015	0.152
Laya	forward-year-016	0.067
Laya	forward-year-017	0.154
Laya	forward-year-018	0.121
Laya	forward-year-019	0.168
Laya	forward-year-020	0.088
Laya	forward-year-021	0.074
Laya	forward-year-022	0.125
Laya	forward-year-023	0.083
Laya	forward-year-024	0.112
Laya	forward-year-025	0.067
Laya	forward-year-026	0.083
Laya	forward-year-027	0.121
Laya	forward-year-028	0.119
Laya	forward-year-029	0.192
Laya	forward-year-030	0.209
Laya	forward-year-031	0.081
Laya	forward-year-032	0.081
Laya	forward-year-033	0.102
Laya	forward-year-034	0.064
Laya	forward-year-035	0.057
Laya	forward-year-036	0.082
Laya	forward-year-037	0.066
Laya	forward-year-038	0.11
Laya	forward-year-039	0.214
Laya	forward-year-040	0.091
Laya	forward-year-041	0.089
Laya	forward-year-042	0.214
Laya	forward-year-043	0.071
Laya	forward-year-044	0.207
Laya	forward-year-045	0.112
Laya	forward-year-046	0.083
Laya	forward-year-047	0.062
Laya	forward-year-048	0.053
Laya	forward-year-049	0.069
Laya	forward-year-050	0.078
Laya	forward-year-051	0.158
Laya	forward-year-052	0.064
Laya	forward-year-053	0.155
Laya	forward-year-054	0.242
Laya	forward-year-055	0.118
Laya	forward-year-056	0.057
Laya	forward-year-057	0.165
Laya	forward-year-058	0.068
Laya	forward-year-059	0.092
Laya	forward-year-060	0.062
Laya	lead-set-john-001	0.225
Laya	lead-set-paul-001	0.074
Laya	lead-set-george-001	0.517
Laya	lead-set-ringo-001	0.292
Laya	lead-set-john-002	0.09
Laya	lead-set-paul-002	0.074
Laya	lead-set-george-002	0.084
Laya	lead-set-ringo-002	0.058
Laya	lead-set-john-003	0.096
Laya	lead-set-paul-003	0.08
Laya	lead-set-george-003	0.078
Laya	lead-set-ringo-003	0.124
Laya	lead-set-john-004	0.152
Laya	lead-set-paul-004	0.093
Laya	lead-set-george-004	0.064
Laya	lead-set-ringo-004	0.115
Laya	lead-set-john-005	0.087
Laya	lead-set-paul-005	0.057
Laya	lead-set-george-005	0.062
Laya	lead-set-ringo-005	0.1
Laya	lead-set-john-006	0.099
Laya	lead-set-paul-006	0.107
Laya	lead-set-george-006	0.141
Laya	lead-set-ringo-006	0.077
Laya	lead-set-john-007	0.127
Laya	lead-set-paul-007	0.089
Laya	lead-set-george-007	0.134
Laya	lead-set-ringo-007	0.082
Laya	lead-set-john-008	0.102
Laya	lead-set-paul-008	0.081
Laya	lead-set-george-008	0.083
Laya	lead-set-ringo-008	0.081
Laya	lead-set-john-009	0.055
Laya	lead-set-paul-009	0.14
Laya	lead-set-george-009	0.079
Laya	lead-set-ringo-009	0.069
Laya	lead-set-john-010	0.104
Laya	lead-set-paul-010	0.129
Laya	lead-set-george-010	0.064
Laya	lead-set-ringo-010	0.055
Laya	lead-set-john-011	0.114
Laya	lead-set-paul-011	0.101
Laya	lead-set-george-011	0.082
Laya	lead-set-ringo-011	0.089
Laya	lead-set-john-012	0.089
Laya	lead-set-paul-012	0.09
Laya	lead-set-george-012	0.073
Laya	lead-set-ringo-012	0.065
Laya	lead-set-john-013	0.063
Laya	lead-set-paul-013	0.052
Laya	lead-set-george-013	0.086
Laya	lead-set-ringo-013	0.062
Laya	lead-set-john-014	0.094
Laya	lead-set-paul-014	0.092
Laya	lead-set-george-014	0.096
Laya	lead-set-ringo-014	0.073
Laya	lead-set-john-015	0.078
Laya	lead-set-paul-015	0.069
Laya	lead-set-george-015	0.084
Laya	lead-set-ringo-015	0.092
Laya	lead-set-john-016	0.098
Laya	lead-set-paul-016	0.127
Laya	lead-set-george-016	0.123
Laya	lead-set-ringo-016	0.086
Laya	lead-set-john-017	0.369
Laya	lead-set-paul-017	0.108
Laya	lead-set-george-017	0.244
Laya	lead-set-ringo-017	0.143
Laya	lead-set-john-018	0.103
Laya	lead-set-paul-018	0.076
Laya	lead-set-george-018	0.217
Laya	lead-set-ringo-018	0.209
Laya	lead-set-john-019	0.077
Laya	lead-set-paul-019	0.095
Laya	lead-set-george-019	0.094
Laya	lead-set-ringo-019	0.091
Laya	lead-set-john-020	0.074
Laya	lead-set-paul-020	0.083
Laya	lead-set-george-020	0.073
Laya	lead-set-ringo-020	0.084
Laya	lead-set-john-021	0.067
Laya	lead-set-paul-021	0.101
Laya	lead-set-george-021	0.077
Laya	lead-set-ringo-021	0.081
Laya	lead-set-john-022	0.096
Laya	lead-set-paul-022	0.086
Laya	lead-set-george-022	0.083
Laya	lead-set-ringo-022	0.076
Laya	lead-set-john-023	0.078
Laya	lead-set-paul-023	0.082
Laya	lead-set-george-023	0.084
Laya	lead-set-ringo-023	0.102
Laya	lead-set-john-024	0.076
Laya	lead-set-paul-024	0.099
Laya	lead-set-george-024	0.076
Laya	lead-set-ringo-024	0.099
Laya	lead-set-john-025	0.08
Laya	lead-set-paul-025	0.077
Laya	lead-set-george-025	0.083
Laya	lead-set-ringo-025	0.085
Laya	lead-set-john-026	0.089
Laya	lead-set-paul-026	0.077
Laya	lead-set-george-026	0.087
Laya	lead-set-ringo-026	0.091
Laya	lexical-trap-control-album-to-song-001	0.082
Laya	lexical-trap-control-event-to-song-001	0.097
Laya	lexical-trap-control-album-to-song-002	0.079
Laya	lexical-trap-control-event-to-song-002	0.072
Laya	lexical-trap-control-event-to-song-003	0.058
Laya	lexical-trap-control-album-to-song-003	0.077
Laya	lexical-trap-control-song-to-album-001	0.077
Laya	lexical-trap-control-album-to-song-004	0.088
Laya	lexical-trap-control-event-to-song-004	0.075
Laya	lexical-trap-control-album-to-song-005	0.084
Laya	lexical-trap-control-album-to-song-006	0.082
Laya	lexical-trap-control-album-to-song-007	0.076
Laya	lexical-trap-control-album-to-song-008	0.086
Laya	lexical-trap-control-album-to-song-009	0.081
Laya	lexical-trap-control-song-to-album-002	0.076
Laya	lexical-trap-control-event-to-song-005	0.095
Laya	lexical-trap-control-album-to-song-010	0.091
Laya	lexical-trap-control-song-to-album-003	0.075
Laya	lexical-trap-control-album-to-song-011	0.076
Laya	lexical-trap-control-event-to-song-006	0.06
Laya	lexical-trap-control-album-to-song-012	0.08
Laya	lexical-trap-control-album-to-song-013	0.078
Laya	lexical-trap-control-album-to-song-014	0.087
Laya	lexical-trap-control-album-to-song-015	0.081
Laya	lexical-trap-control-album-to-song-016	0.084
Laya	lexical-trap-control-album-to-song-017	0.085
Laya	lexical-trap-control-album-to-song-018	0.097
Laya	lexical-trap-control-album-to-song-019	0.153
Laya	lexical-trap-control-event-to-song-007	0.054
Laya	lexical-trap-control-album-to-song-020	0.087
Laya	lexical-trap-control-album-to-song-021	0.069
Laya	lexical-trap-control-song-to-album-004	0.079
Laya	lexical-trap-control-album-to-song-022	0.099
Laya	lexical-trap-control-album-to-song-023	0.096
Laya	lexical-trap-control-album-to-song-024	0.083
Laya	lexical-trap-control-album-to-song-025	0.079
Laya	lexical-trap-control-album-to-song-026	0.127
Laya	lexical-trap-control-album-to-song-027	0.085
Laya	lexical-trap-control-song-to-album-005	0.072
Laya	lexical-trap-control-album-to-song-028	0.064
Laya	lexical-trap-control-album-to-song-029	0.087
Laya	lexical-trap-control-album-to-song-030	0.092
Laya	lexical-trap-control-song-to-album-006	0.083
Laya	lexical-trap-control-song-to-album-007	0.071
Laya	lexical-trap-control-song-to-album-008	0.082
Laya	lexical-trap-control-song-to-album-009	0.091
Laya	lexical-trap-control-event-to-song-008	0.098
Laya	lexical-trap-control-event-to-song-009	0.09
Laya	lexical-trap-control-album-to-song-031	0.11
Laya	lexical-trap-control-album-to-song-032	0.084
Laya	lexical-trap-control-song-to-album-010	0.089
Laya	lexical-trap-control-song-to-album-011	0.07
Laya	lexical-trap-control-album-to-song-033	0.079
Laya	lexical-trap-control-album-to-song-034	0.08
Laya	lexical-trap-album-to-song-001	0.072
Laya	lexical-trap-event-to-song-001	0.117
Laya	lexical-trap-album-to-song-002	0.089
Laya	lexical-trap-event-to-song-002	0.098
Laya	lexical-trap-event-to-song-003	0.142
Laya	lexical-trap-album-to-song-003	0.085
Laya	lexical-trap-song-to-album-001	0.078
Laya	lexical-trap-album-to-song-004	0.079
Laya	lexical-trap-event-to-song-004	0.079
Laya	lexical-trap-album-to-song-005	0.083
Laya	lexical-trap-album-to-song-006	0.075
Laya	lexical-trap-album-to-song-007	0.076
Laya	lexical-trap-album-to-song-008	0.072
Laya	lexical-trap-album-to-song-009	0.088
Laya	lexical-trap-song-to-album-002	0.078
Laya	lexical-trap-event-to-song-005	0.139
Laya	lexical-trap-album-to-song-010	0.083
Laya	lexical-trap-song-to-album-003	0.08
Laya	lexical-trap-album-to-song-011	0.075
Laya	lexical-trap-event-to-song-006	0.106
Laya	lexical-trap-album-to-song-012	0.08
Laya	lexical-trap-album-to-song-013	0.083
Laya	lexical-trap-album-to-song-014	0.085
Laya	lexical-trap-album-to-song-015	0.082
Laya	lexical-trap-album-to-song-016	0.094
Laya	lexical-trap-album-to-song-017	0.08
Laya	lexical-trap-album-to-song-018	0.076
Laya	lexical-trap-album-to-song-019	0.097
Laya	lexical-trap-event-to-song-007	0.078
Laya	lexical-trap-album-to-song-020	0.09
Laya	lexical-trap-album-to-song-021	0.116
Laya	lexical-trap-song-to-album-004	0.091
Laya	lexical-trap-album-to-song-022	0.085
Laya	lexical-trap-album-to-song-023	0.075
Laya	lexical-trap-album-to-song-024	0.086
Laya	lexical-trap-album-to-song-025	0.088
Laya	lexical-trap-album-to-song-026	0.079
Laya	lexical-trap-album-to-song-027	0.058
Laya	lexical-trap-song-to-album-005	0.079
Laya	lexical-trap-album-to-song-028	0.077
Laya	lexical-trap-album-to-song-029	0.084
Laya	lexical-trap-album-to-song-030	0.173
Laya	lexical-trap-song-to-album-006	0.085
Laya	lexical-trap-song-to-album-007	0.082
Laya	lexical-trap-song-to-album-008	0.093
Laya	lexical-trap-song-to-album-009	0.089
Laya	lexical-trap-event-to-song-008	0.201
Laya	lexical-trap-event-to-song-009	0.147
Laya	lexical-trap-album-to-song-031	0.078
Laya	lexical-trap-album-to-song-032	0.082
Laya	lexical-trap-song-to-album-010	0.083
Laya	lexical-trap-song-to-album-011	0.081
Laya	lexical-trap-album-to-song-033	0.071
Laya	lexical-trap-album-to-song-034	0.068
Laya	multi-hop-album-year-001	0.08
Laya	multi-hop-album-year-002	0.117
Laya	multi-hop-album-year-003	0.091
Laya	multi-hop-album-year-004	0.075
Laya	multi-hop-album-year-005	0.087
Laya	multi-hop-album-year-006	0.078
Laya	multi-hop-album-year-007	0.069
Laya	multi-hop-album-year-008	0.057
Laya	multi-hop-album-year-009	0.075
Laya	multi-hop-album-year-010	0.097
Laya	multi-hop-album-year-011	0.087
Laya	multi-hop-album-year-012	0.083
Laya	multi-hop-album-year-013	0.083
Laya	multi-hop-album-year-014	0.094
Laya	multi-hop-album-year-015	0.103
Laya	multi-hop-album-year-016	0.08
Laya	multi-hop-album-year-017	0.087
Laya	multi-hop-album-year-018	0.086
Laya	multi-hop-album-year-019	0.071
Laya	multi-hop-album-year-020	0.081
Laya	multi-hop-album-year-021	0.092
Laya	multi-hop-album-year-022	0.08
Laya	multi-hop-album-year-023	0.088
Laya	multi-hop-album-year-024	0.111
Laya	multi-hop-album-year-025	0.087
Laya	multi-hop-album-year-026	0.075
Laya	multi-hop-album-year-027	0.075
Laya	multi-hop-album-year-028	0.116
Laya	multi-hop-album-year-029	0.095
Laya	multi-hop-album-year-030	0.098
Laya	multi-hop-album-year-031	0.062
Laya	multi-hop-album-year-032	0.082
Laya	multi-hop-album-year-033	0.052
Laya	multi-hop-album-year-034	0.056
Laya	multi-hop-album-year-035	0.052
Laya	multi-hop-album-year-036	0.053
Laya	multi-hop-album-year-037	0.058
Laya	multi-hop-album-year-038	0.079
Laya	multi-hop-album-year-039	0.079
Laya	multi-hop-album-year-040	0.059
Laya	multi-hop-album-year-041	0.083
Laya	multi-hop-album-year-042	0.073
Laya	multi-hop-album-year-043	0.168
Laya	multi-hop-album-year-044	0.057
Laya	multi-hop-album-year-045	0.055
Laya	multi-hop-album-year-046	0.248
Laya	multi-hop-album-year-047	0.071
Laya	multi-hop-album-year-048	0.063
Laya	multi-hop-album-year-049	0.056
Laya	multi-hop-album-year-050	0.052
Laya	multi-hop-album-year-051	0.052
Laya	multi-hop-album-year-052	0.054
Laya	multi-hop-album-year-053	0.055
Laya	multi-hop-album-year-054	0.053
Laya	multi-hop-album-year-055	0.052
Laya	multi-hop-album-year-056	0.052
Laya	multi-hop-album-year-057	0.054
Laya	multi-hop-album-year-058	0.057
Laya	multi-hop-album-year-059	0.055
Laya	multi-hop-album-year-060	0.058
Laya	multi-hop-before-after-001	0.093
Laya	multi-hop-before-after-002	0.078
Laya	multi-hop-before-after-003	0.063
Laya	multi-hop-before-after-004	0.085
Laya	multi-hop-before-after-005	0.207
Laya	multi-hop-before-after-006	0.069
Laya	multi-hop-before-after-007	0.066
Laya	multi-hop-before-after-008	0.084
Laya	multi-hop-before-after-009	0.131
Laya	multi-hop-before-after-010	0.064
Laya	multi-hop-before-after-011	0.094
Laya	multi-hop-before-after-012	0.14
Laya	multi-hop-before-after-013	0.063
Laya	multi-hop-before-after-014	0.063
Laya	multi-hop-before-after-015	0.075
Laya	multi-hop-before-after-016	0.068
Laya	multi-hop-before-after-017	0.07
Laya	multi-hop-before-after-018	0.076
Laya	multi-hop-before-after-019	0.152
Laya	multi-hop-before-after-020	0.055
Laya	multi-hop-before-after-021	0.167
Laya	multi-hop-before-after-022	0.079
Laya	multi-hop-before-after-023	0.081
Laya	multi-hop-before-after-024	0.052
Laya	multi-hop-before-after-025	0.062
Laya	multi-hop-before-after-026	0.073
Laya	multi-hop-before-after-027	0.076
Laya	multi-hop-before-after-028	0.095
Laya	multi-hop-before-after-029	0.125
Laya	multi-hop-before-after-030	0.19
Laya	multi-hop-before-after-031	0.131
Laya	multi-hop-before-after-032	0.089
Laya	multi-hop-before-after-033	0.11
Laya	multi-hop-before-after-034	0.133
Laya	multi-hop-before-after-035	0.118
Laya	multi-hop-before-after-036	0.106
Laya	multi-hop-before-after-037	0.107
Laya	multi-hop-before-after-038	0.069
Laya	multi-hop-before-after-039	0.103
Laya	multi-hop-before-after-040	0.138
Laya	multi-hop-before-after-041	0.117
Laya	multi-hop-before-after-042	0.174
Laya	multi-hop-before-after-043	0.125
Laya	multi-hop-before-after-044	0.08
Laya	multi-hop-before-after-045	0.1
Laya	multi-hop-before-after-046	0.073
Laya	multi-hop-before-after-047	0.054
Laya	multi-hop-before-after-048	0.078
Laya	multi-hop-before-after-049	0.108
Laya	multi-hop-before-after-050	0.086
Laya	multi-hop-before-after-051	0.094
Laya	multi-hop-before-after-052	0.067
Laya	multi-hop-before-after-053	0.131
Laya	multi-hop-before-after-054	0.132
Laya	multi-hop-before-after-055	0.17
Laya	multi-hop-before-after-056	0.075
Laya	multi-hop-before-after-057	0.133
Laya	multi-hop-before-after-058	0.172
Laya	multi-hop-before-after-059	0.125
Laya	multi-hop-before-after-060	0.094
Laya	multi-hop-same-month-001	0.087
Laya	multi-hop-same-month-002	0.114
Laya	multi-hop-same-month-003	0.115
Laya	multi-hop-same-month-004	0.133
Laya	multi-hop-same-month-005	0.123
Laya	multi-hop-same-month-006	0.096
Laya	multi-hop-same-month-007	0.127
Laya	multi-hop-same-month-008	0.125
Laya	multi-hop-same-month-009	0.142
Laya	multi-hop-same-month-010	0.215
Laya	multi-hop-same-month-011	0.067
Laya	multi-hop-same-month-012	0.111
Laya	multi-hop-same-month-013	0.091
Laya	multi-hop-same-month-014	0.204
Laya	multi-hop-same-month-015	0.102
Laya	multi-hop-same-month-016	0.072
Laya	multi-hop-same-month-017	0.176
Laya	multi-hop-same-month-018	0.156
Laya	multi-hop-same-month-019	0.094
Laya	multi-hop-same-month-020	0.116
Laya	multi-hop-same-month-021	0.092
Laya	multi-hop-same-month-022	0.148
Laya	multi-hop-same-month-023	0.077
Laya	multi-hop-same-month-024	0.106
Laya	multi-hop-same-month-025	0.079
Laya	multi-hop-same-month-026	0.061
Laya	multi-hop-same-month-027	0.101
Laya	multi-hop-same-month-028	0.13
Laya	multi-hop-same-month-029	0.117
Laya	multi-hop-same-month-030	0.125
Laya	multi-hop-same-month-031	0.118
Laya	multi-hop-same-month-032	0.171
Laya	multi-hop-same-month-033	0.078
Laya	multi-hop-same-month-034	0.068
Laya	multi-hop-same-month-035	0.141
Laya	multi-hop-same-month-036	0.195
Laya	multi-hop-same-month-037	0.178
Laya	multi-hop-same-month-038	0.202
Laya	multi-hop-same-month-039	0.138
Laya	multi-hop-same-month-040	0.085
Laya	multi-hop-same-month-041	0.114
Laya	multi-hop-same-month-042	0.168
Laya	multi-hop-same-month-043	0.156
Laya	multi-hop-same-month-044	0.086
Laya	multi-hop-same-month-045	0.093
Laya	multi-hop-same-month-046	0.084
Laya	multi-hop-same-month-047	0.059
Laya	multi-hop-same-month-048	0.097
Laya	multi-hop-same-month-049	0.082
Laya	multi-hop-same-month-050	0.091
Laya	multi-hop-same-month-051	0.151
Laya	multi-hop-same-month-052	0.12
Laya	multi-hop-same-month-053	0.16
Laya	multi-hop-same-month-054	0.077
Laya	multi-hop-same-month-055	0.069
Laya	multi-hop-same-month-056	0.167
Laya	multi-hop-same-month-057	0.064
Laya	multi-hop-same-month-058	0.141
Laya	multi-hop-same-month-059	0.064
Laya	multi-hop-same-month-060	0.072
Laya	near-neighbor-control-album-001	0.058
Laya	near-neighbor-control-album-002	0.056
Laya	near-neighbor-control-album-003	0.063
Laya	near-neighbor-control-album-004	0.052
Laya	near-neighbor-control-album-005	0.061
Laya	near-neighbor-control-album-006	0.057
Laya	near-neighbor-control-album-007	0.053
Laya	near-neighbor-control-album-008	0.053
Laya	near-neighbor-control-album-009	0.055
Laya	near-neighbor-control-album-010	0.059
Laya	near-neighbor-control-album-011	0.052
Laya	near-neighbor-control-album-012	0.055
Laya	near-neighbor-control-album-013	0.091
Laya	near-neighbor-control-album-014	0.055
Laya	near-neighbor-control-album-015	0.057
Laya	near-neighbor-control-album-016	0.059
Laya	near-neighbor-control-album-017	0.126
Laya	near-neighbor-control-album-018	0.062
Laya	near-neighbor-control-album-019	0.055
Laya	near-neighbor-control-album-020	0.052
Laya	near-neighbor-control-album-021	0.053
Laya	near-neighbor-control-album-022	0.06
Laya	near-neighbor-control-album-023	0.053
Laya	near-neighbor-control-album-024	0.054
Laya	near-neighbor-control-album-025	0.057
Laya	near-neighbor-control-album-026	0.064
Laya	near-neighbor-control-album-027	0.053
Laya	near-neighbor-control-album-028	0.054
Laya	near-neighbor-control-album-029	0.056
Laya	near-neighbor-control-album-030	0.054
Laya	near-neighbor-control-album-031	0.06
Laya	near-neighbor-control-album-032	0.074
Laya	near-neighbor-control-album-033	0.058
Laya	near-neighbor-control-album-034	0.061
Laya	near-neighbor-control-album-035	0.063
Laya	near-neighbor-control-album-036	0.059
Laya	near-neighbor-control-album-037	0.058
Laya	near-neighbor-control-album-038	0.057
Laya	near-neighbor-control-album-039	0.059
Laya	near-neighbor-control-album-040	0.058
Laya	near-neighbor-control-album-041	0.071
Laya	near-neighbor-control-album-042	0.072
Laya	near-neighbor-control-album-043	0.052
Laya	near-neighbor-control-album-044	0.059
Laya	near-neighbor-control-album-045	0.061
Laya	near-neighbor-control-album-046	0.052
Laya	near-neighbor-control-album-047	0.059
Laya	near-neighbor-control-album-048	0.093
Laya	near-neighbor-control-album-049	0.065
Laya	near-neighbor-control-album-050	0.057
Laya	near-neighbor-control-album-051	0.052
Laya	near-neighbor-control-album-052	0.057
Laya	near-neighbor-control-album-053	0.052
Laya	near-neighbor-control-album-054	0.058
Laya	near-neighbor-control-album-055	0.061
Laya	near-neighbor-control-album-056	0.054
Laya	near-neighbor-control-album-057	0.053
Laya	near-neighbor-control-album-058	0.056
Laya	near-neighbor-control-album-059	0.056
Laya	near-neighbor-control-album-060	0.053
Laya	near-neighbor-album-001	0.056
Laya	near-neighbor-album-002	0.053
Laya	near-neighbor-album-003	0.054
Laya	near-neighbor-album-004	0.058
Laya	near-neighbor-album-005	0.06
Laya	near-neighbor-album-006	0.054
Laya	near-neighbor-album-007	0.056
Laya	near-neighbor-album-008	0.057
Laya	near-neighbor-album-009	0.061
Laya	near-neighbor-album-010	0.06
Laya	near-neighbor-album-011	0.06
Laya	near-neighbor-album-012	0.084
Laya	near-neighbor-album-013	0.057
Laya	near-neighbor-album-014	0.054
Laya	near-neighbor-album-015	0.092
Laya	near-neighbor-album-016	0.067
Laya	near-neighbor-album-017	0.06
Laya	near-neighbor-album-018	0.053
Laya	near-neighbor-album-019	0.053
Laya	near-neighbor-album-020	0.156
Laya	near-neighbor-album-021	0.084
Laya	near-neighbor-album-022	0.091
Laya	near-neighbor-album-023	0.056
Laya	near-neighbor-album-024	0.052
Laya	near-neighbor-album-025	0.052
Laya	near-neighbor-album-026	0.056
Laya	near-neighbor-album-027	0.052
Laya	near-neighbor-album-028	0.058
Laya	near-neighbor-album-029	0.052
Laya	near-neighbor-album-030	0.056
Laya	near-neighbor-album-031	0.054
Laya	near-neighbor-album-032	0.107
Laya	near-neighbor-album-033	0.065
Laya	near-neighbor-album-034	0.058
Laya	near-neighbor-album-035	0.052
Laya	near-neighbor-album-036	0.052
Laya	near-neighbor-album-037	0.052
Laya	near-neighbor-album-038	0.053
Laya	near-neighbor-album-039	0.052
Laya	near-neighbor-album-040	0.051
Laya	near-neighbor-album-041	0.061
Laya	near-neighbor-album-042	0.053
Laya	near-neighbor-album-043	0.055
Laya	near-neighbor-album-044	0.053
Laya	near-neighbor-album-045	0.054
Laya	near-neighbor-album-046	0.056
Laya	near-neighbor-album-047	0.055
Laya	near-neighbor-album-048	0.057
Laya	near-neighbor-album-049	0.058
Laya	near-neighbor-album-050	0.072
Laya	near-neighbor-album-051	0.061
Laya	near-neighbor-album-052	0.059
Laya	near-neighbor-album-053	0.057
Laya	near-neighbor-album-054	0.062
Laya	near-neighbor-album-055	0.057
Laya	near-neighbor-album-056	0.057
Laya	near-neighbor-album-057	0.059
Laya	near-neighbor-album-058	0.059
Laya	near-neighbor-album-059	0.055
Laya	near-neighbor-album-060	0.058
Laya	none-of-these-absent-001	0.053
Laya	none-of-these-present-001	0.055
Laya	none-of-these-absent-002	0.056
Laya	none-of-these-present-002	0.095
Laya	none-of-these-absent-003	0.059
Laya	none-of-these-present-003	0.056
Laya	none-of-these-absent-004	0.052
Laya	none-of-these-present-004	0.053
Laya	none-of-these-absent-005	0.072
Laya	none-of-these-present-005	0.062
Laya	none-of-these-absent-006	0.061
Laya	none-of-these-present-006	0.061
Laya	none-of-these-absent-007	0.119
Laya	none-of-these-present-007	0.071
Laya	none-of-these-absent-008	0.071
Laya	none-of-these-present-008	0.061
Laya	none-of-these-absent-009	0.066
Laya	none-of-these-present-009	0.072
Laya	none-of-these-absent-010	0.057
Laya	none-of-these-present-010	0.083
Laya	none-of-these-absent-011	0.113
Laya	none-of-these-present-011	0.065
Laya	none-of-these-absent-012	0.052
Laya	none-of-these-present-012	0.054
Laya	none-of-these-absent-013	0.092
Laya	none-of-these-present-013	0.057
Laya	none-of-these-absent-014	0.056
Laya	none-of-these-present-014	0.053
Laya	none-of-these-absent-015	0.055
Laya	none-of-these-present-015	0.054
Laya	none-of-these-absent-016	0.052
Laya	none-of-these-present-016	0.057
Laya	none-of-these-absent-017	0.058
Laya	none-of-these-present-017	0.055
Laya	none-of-these-absent-018	0.054
Laya	none-of-these-present-018	0.059
Laya	none-of-these-absent-019	0.055
Laya	none-of-these-present-019	0.065
Laya	none-of-these-absent-020	0.057
Laya	none-of-these-present-020	0.061
Laya	none-of-these-absent-021	0.064
Laya	none-of-these-present-021	0.067
Laya	none-of-these-absent-022	0.058
Laya	none-of-these-present-022	0.066
Laya	none-of-these-absent-023	0.093
Laya	none-of-these-present-023	0.1
Laya	none-of-these-absent-024	0.057
Laya	none-of-these-present-024	0.056
Laya	none-of-these-absent-025	0.088
Laya	none-of-these-present-025	0.056
Laya	none-of-these-absent-026	0.057
Laya	none-of-these-present-026	0.108
Laya	none-of-these-absent-027	0.059
Laya	none-of-these-present-027	0.047
Laya	none-of-these-absent-028	0.155
Laya	none-of-these-present-028	0.046
Laya	none-of-these-absent-029	0.087
Laya	none-of-these-present-029	0.067
Laya	none-of-these-absent-030	0.121
Laya	none-of-these-present-030	0.053
Laya	reversal-general-shared-name-forward-001	0.055
Laya	reversal-general-shared-name-reverse-001	0.054
Laya	reversal-general-shared-name-forward-002	0.161
Laya	reversal-general-shared-name-reverse-002	0.062
Laya	reversal-general-shared-name-forward-003	0.051
Laya	reversal-general-shared-name-reverse-003	0.051
Laya	reversal-general-shared-name-forward-004	0.058
Laya	reversal-general-shared-name-reverse-004	0.063
Laya	reversal-general-shared-name-forward-005	0.055
Laya	reversal-general-shared-name-reverse-005	0.211
Laya	reversal-general-shared-name-forward-006	0.063
Laya	reversal-general-shared-name-reverse-006	0.051
Laya	reversal-general-shared-name-forward-007	0.064
Laya	reversal-general-shared-name-reverse-007	0.087
Laya	reversal-general-shared-name-forward-008	0.063
Laya	reversal-general-shared-name-reverse-008	0.062
Laya	reversal-general-shared-name-forward-009	0.056
Laya	reversal-general-shared-name-reverse-009	0.057
Laya	reversal-general-shared-name-forward-010	0.056
Laya	reversal-general-shared-name-reverse-010	0.119
Laya	reversal-general-shared-name-forward-011	0.115
Laya	reversal-general-shared-name-reverse-011	0.091
Laya	reversal-general-shared-name-forward-012	0.064
Laya	reversal-general-shared-name-reverse-012	0.058
Laya	reversal-general-shared-name-forward-013	0.055
Laya	reversal-general-shared-name-reverse-013	0.054
Laya	reversal-general-shared-name-forward-014	0.054
Laya	reversal-general-shared-name-reverse-014	0.064
Laya	reversal-general-shared-name-forward-015	0.055
Laya	reversal-general-shared-name-reverse-015	0.053
Laya	reversal-general-shared-name-forward-016	0.052
Laya	reversal-general-shared-name-reverse-016	0.053
Laya	reversal-general-shared-name-forward-017	0.064
Laya	reversal-general-shared-name-reverse-017	0.154
Laya	reversal-general-shared-name-forward-018	0.056
Laya	reversal-general-shared-name-reverse-018	0.055
Laya	reversal-general-shared-name-forward-019	0.057
Laya	reversal-general-shared-name-reverse-019	0.056
Laya	reversal-general-shared-name-forward-020	0.054
Laya	reversal-general-shared-name-reverse-020	0.053
Laya	reversal-general-shared-name-forward-021	0.055
Laya	reversal-general-shared-name-reverse-021	0.051
Laya	reversal-general-forward-001	0.052
Laya	reversal-general-reverse-001	0.058
Laya	reversal-general-forward-002	0.065
Laya	reversal-general-reverse-002	0.252
Laya	reversal-general-forward-003	0.068
Laya	reversal-general-reverse-003	0.062
Laya	reversal-general-forward-004	0.055
Laya	reversal-general-reverse-004	0.055
Laya	reversal-general-forward-005	0.115
Laya	reversal-general-reverse-005	0.068
Laya	reversal-general-forward-006	0.051
Laya	reversal-general-reverse-006	0.054
Laya	reversal-general-forward-007	0.05
Laya	reversal-general-reverse-007	0.063
Laya	reversal-general-forward-008	0.126
Laya	reversal-general-reverse-008	0.166
Laya	reversal-general-forward-009	0.084
Laya	reversal-general-reverse-009	0.056
Laya	reversal-general-forward-010	0.053
Laya	reversal-general-reverse-010	0.081
Laya	reversal-general-forward-011	0.197
Laya	reversal-general-reverse-011	0.057
Laya	reversal-general-forward-012	0.059
Laya	reversal-general-reverse-012	0.053
Laya	reversal-general-forward-013	0.06
Laya	reversal-general-reverse-013	0.052
Laya	reversal-general-forward-014	0.064
Laya	reversal-general-reverse-014	0.072
Laya	reversal-general-forward-015	0.149
Laya	reversal-general-reverse-015	0.207
Laya	reversal-general-forward-016	0.068
Laya	reversal-general-reverse-016	0.057
Laya	reversal-general-forward-017	0.095
Laya	reversal-general-reverse-017	0.068
Laya	reversal-general-forward-018	0.07
Laya	reversal-general-reverse-018	0.139
Laya	reversal-general-forward-019	0.055
Laya	reversal-general-reverse-019	0.063
Laya	reversal-general-forward-020	0.066
Laya	reversal-general-reverse-020	0.052
Laya	reversal-general-forward-021	0.07
Laya	reversal-general-reverse-021	0.06
Laya	reversal-general-forward-022	0.123
Laya	reversal-general-reverse-022	0.054
Laya	reversal-general-forward-023	0.072
Laya	reversal-general-reverse-023	0.073
Laya	reversal-general-forward-024	0.063
Laya	reversal-general-reverse-024	0.065
Laya	reversal-general-forward-025	0.29
Laya	reversal-general-reverse-025	0.102
Laya	reversal-general-forward-026	0.056
Laya	reversal-general-reverse-026	0.064
Laya	reversal-general-forward-027	0.065
Laya	reversal-general-reverse-027	0.055
Laya	reversal-general-forward-028	0.052
Laya	reversal-general-reverse-028	0.068
Laya	reversal-general-forward-029	0.133
Laya	reversal-general-reverse-029	0.351
Laya	reversal-general-forward-030	0.102
Laya	reversal-general-reverse-030	0.131
Laya	reversal-general-forward-031	0.058
Laya	reversal-general-reverse-031	0.057
Laya	reversal-general-forward-032	0.066
Laya	reversal-general-reverse-032	0.061
Laya	reversal-general-forward-033	0.098
Laya	reversal-general-reverse-033	0.066
Laya	reversal-general-forward-034	0.059
Laya	reversal-general-reverse-034	0.054
Laya	reversal-general-forward-035	0.125
Laya	reversal-general-reverse-035	0.065
Laya	reversal-general-forward-036	0.199
Laya	reversal-general-reverse-036	0.056
Laya	reversal-general-forward-037	0.053
Laya	reversal-general-reverse-037	0.09
Laya	reversal-general-forward-038	0.055
Laya	reversal-general-reverse-038	0.058
Laya	reversal-general-forward-039	0.08
Laya	reversal-general-reverse-039	0.054
Laya	reversal-general-forward-040	0.053
Laya	reversal-general-reverse-040	0.052
Laya	reversal-general-forward-041	0.054
Laya	reversal-general-reverse-041	0.052
Laya	reversal-general-forward-042	0.08
Laya	reversal-general-reverse-042	0.061
Laya	reversal-general-forward-043	0.052
Laya	reversal-general-reverse-043	0.057
Laya	reversal-general-forward-044	0.066
Laya	reversal-general-reverse-044	0.05
Laya	reversal-general-forward-045	0.081
Laya	reversal-general-reverse-045	0.059
Laya	reversal-general-forward-046	0.069
Laya	reversal-general-reverse-046	0.054
Laya	reversal-general-forward-047	0.053
Laya	reversal-general-reverse-047	0.05
Laya	reversal-general-forward-048	0.052
Laya	reversal-general-reverse-048	0.065
Laya	reversal-general-forward-049	0.059
Laya	reversal-general-reverse-049	0.078
Laya	reversal-general-forward-050	0.054
Laya	reversal-general-reverse-050	0.055
Laya	reversal-general-forward-051	0.071
Laya	reversal-general-reverse-051	0.061
Laya	reversal-general-forward-052	0.151
Laya	reversal-general-reverse-052	0.056
Laya	reversal-general-forward-053	0.057
Laya	reversal-general-reverse-053	0.053
Laya	reversal-general-forward-054	0.076
Laya	reversal-general-reverse-054	0.053
Laya	reversal-general-forward-055	0.126
Laya	reversal-general-reverse-055	0.063
Laya	reversal-general-forward-056	0.053
Laya	reversal-general-reverse-056	0.114
Laya	reversal-general-forward-057	0.097
Laya	reversal-general-reverse-057	0.06
Laya	reversal-general-forward-058	0.057
Laya	reversal-general-reverse-058	0.052
Laya	reversal-general-forward-059	0.052
Laya	reversal-general-reverse-059	0.051
Laya	reversal-general-forward-060	0.055
Laya	reversal-general-reverse-060	0.051
Laya	reversal-general-forward-061	0.052
Laya	reversal-general-reverse-061	0.056
Laya	reversal-general-forward-062	0.051
Laya	reversal-general-reverse-062	0.054
Laya	reversal-general-forward-063	0.058
Laya	reversal-general-reverse-063	0.077
Laya	reversal-general-forward-064	0.062
Laya	reversal-general-reverse-064	0.087
Laya	reversal-general-forward-065	0.056
Laya	reversal-general-reverse-065	0.053
Laya	reversal-general-forward-066	0.057
Laya	reversal-general-reverse-066	0.055
Laya	reversal-general-forward-067	0.092
Laya	reversal-general-reverse-067	0.064
Laya	reversal-general-forward-068	0.063
Laya	reversal-general-reverse-068	0.057
Laya	reversal-general-forward-069	0.075
Laya	reversal-general-reverse-069	0.055
Laya	reversal-general-forward-070	0.055
Laya	reversal-general-reverse-070	0.053
Laya	reversal-general-forward-071	0.059
Laya	reversal-general-reverse-071	0.069
Laya	reversal-general-forward-072	0.054
Laya	reversal-general-reverse-072	0.055
Laya	reversal-general-forward-073	0.057
Laya	reversal-general-reverse-073	0.071
Laya	reversal-forward-001	0.195
Laya	reversal-reverse-001	0.115
Laya	reversal-forward-002	0.089
Laya	reversal-reverse-002	0.111
Laya	reversal-forward-003	0.115
Laya	reversal-forward-004	0.14
Laya	reversal-reverse-003	0.109
Laya	reversal-forward-005	0.142
Laya	reversal-forward-006	0.136
Laya	reversal-forward-007	0.1
Laya	reversal-forward-008	0.127
Laya	reversal-reverse-004	0.166
Laya	reversal-forward-009	0.077
Laya	reversal-reverse-005	0.162
Laya	reversal-forward-010	0.127
Laya	reversal-reverse-006	0.425
Laya	reversal-forward-011	0.087
Laya	reversal-reverse-007	0.079
Laya	reversal-forward-012	0.131
Laya	reversal-reverse-008	0.081
Laya	reversal-forward-013	0.075
Laya	reversal-reverse-009	0.126
Laya	reversal-forward-014	0.244
Laya	reversal-reverse-010	0.118
Laya	reversal-forward-015	0.111
Laya	reversal-reverse-011	0.164
Laya	reversal-forward-016	0.106
Laya	reversal-reverse-012	0.143
Laya	reversal-forward-017	0.139
Laya	reversal-forward-018	0.129
Laya	reversal-reverse-013	0.129
Laya	reversal-forward-019	0.177
Laya	reversal-forward-020	0.153
Laya	reversal-reverse-014	0.13
Laya	reversal-forward-021	0.099
Laya	reversal-forward-022	0.137
Laya	reversal-reverse-015	0.119
Laya	reversal-forward-023	0.139
Laya	reversal-forward-024	0.163
Laya	reversal-reverse-016	0.108
Laya	reversal-forward-025	0.347
Laya	reversal-forward-026	0.113
Laya	reversal-reverse-017	0.196
Laya	reversal-forward-027	0.152
Laya	reversal-reverse-018	0.141
Laya	reversal-forward-028	0.214
Laya	reversal-reverse-019	0.198
Laya	reversal-forward-029	0.174
Laya	reversal-reverse-020	0.171
Laya	reversal-forward-030	0.178
Laya	reversal-reverse-021	0.154
Laya	reversal-forward-031	0.076
Laya	reversal-reverse-022	0.111
Laya	reversal-forward-032	0.115
Laya	reversal-reverse-023	0.148
Laya	reversal-forward-033	0.093
Laya	reversal-reverse-024	0.085
Laya	reversal-forward-034	0.284
Laya	reversal-reverse-025	0.131
Laya	reversal-forward-035	0.137
Laya	reversal-reverse-026	0.137
Laya	reversal-forward-036	0.172
Laya	reversal-reverse-027	0.108
Laya	reversal-forward-037	0.156
Laya	reversal-reverse-028	0.127
Laya	reverse-singer-to-song-001	0.09
Laya	reverse-singer-to-song-002	0.058
Laya	reverse-singer-to-song-003	0.06
Laya	reverse-singer-to-song-004	0.06
Laya	reverse-singer-to-song-005	0.06
Laya	reverse-singer-to-song-006	0.057
Laya	reverse-singer-to-song-007	0.057
Laya	reverse-singer-to-song-008	0.056
Laya	reverse-singer-to-song-009	0.06
Laya	reverse-singer-to-song-010	0.055
Laya	reverse-singer-to-song-011	0.057
Laya	reverse-singer-to-song-012	0.058
Laya	reverse-singer-to-song-013	0.053
Laya	reverse-singer-to-song-014	0.06
Laya	reverse-singer-to-song-015	0.054
Laya	reverse-singer-to-song-016	0.058
Laya	reverse-singer-to-song-017	0.053
Laya	reverse-singer-to-song-018	0.056
Laya	reverse-singer-to-song-019	0.054
Laya	reverse-singer-to-song-020	0.059
Laya	reverse-singer-to-song-021	0.055
Laya	reverse-singer-to-song-022	0.054
Laya	reverse-singer-to-song-023	0.063
Laya	reverse-singer-to-song-024	0.071
Laya	reverse-singer-to-song-025	0.056
Laya	reverse-singer-to-song-026	0.06
Laya	reverse-singer-to-song-027	0.06
Laya	reverse-singer-to-song-028	0.054
Laya	reverse-singer-to-song-029	0.062
Laya	reverse-singer-to-song-030	0.056
Laya	reverse-singer-to-song-031	0.064
Laya	reverse-singer-to-song-032	0.056
Laya	reverse-singer-to-song-033	0.077
Laya	reverse-singer-to-song-034	0.055
Laya	reverse-singer-to-song-035	0.054
Laya	reverse-singer-to-song-036	0.118
Laya	reverse-singer-to-song-037	0.056
Laya	reverse-singer-to-song-038	0.054
Laya	reverse-singer-to-song-039	0.053
Laya	reverse-singer-to-song-040	0.052
Laya	reverse-album-to-song-001	0.065
Laya	reverse-album-to-song-002	0.06
Laya	reverse-album-to-song-003	0.062
Laya	reverse-album-to-song-004	0.053
Laya	reverse-album-to-song-005	0.054
Laya	reverse-album-to-song-006	0.056
Laya	reverse-album-to-song-007	0.055
Laya	reverse-album-to-song-008	0.06
Laya	reverse-album-to-song-009	0.07
Laya	reverse-album-to-song-010	0.087
Laya	reverse-album-to-song-011	0.056
Laya	reverse-album-to-song-012	0.071
Laya	reverse-album-to-song-013	0.079
Laya	reverse-album-to-song-014	0.123
Laya	reverse-album-to-song-015	0.06
Laya	reverse-album-to-song-016	0.057
Laya	reverse-album-to-song-017	0.055
Laya	reverse-album-to-song-018	0.055
Laya	reverse-album-to-song-019	0.058
Laya	reverse-album-to-song-020	0.071
Laya	reverse-album-to-song-021	0.055
Laya	reverse-album-to-song-022	0.06
Laya	reverse-album-to-song-023	0.056
Laya	reverse-album-to-song-024	0.055
Laya	reverse-album-to-song-025	0.06
Laya	reverse-album-to-song-026	0.056
Laya	reverse-album-to-song-027	0.057
Laya	reverse-album-to-song-028	0.055
Laya	reverse-album-to-song-029	0.081
Laya	reverse-album-to-song-030	0.052
Laya	reverse-album-to-song-031	0.053
Laya	reverse-album-to-song-032	0.059
Laya	reverse-album-to-song-033	0.072
Laya	reverse-album-to-song-034	0.06
Laya	reverse-album-to-song-035	0.155
Laya	reverse-album-to-song-036	0.057
Laya	reverse-album-to-song-037	0.054
Laya	reverse-album-to-song-038	0.078
Laya	reverse-album-to-song-039	0.057
Laya	reverse-album-to-song-040	0.117
Laya	reverse-singer-yes-no-001	0.208
Laya	reverse-singer-yes-no-002	0.092
Laya	reverse-singer-yes-no-003	0.131
Laya	reverse-singer-yes-no-004	0.074
Laya	reverse-singer-yes-no-005	0.054
Laya	reverse-singer-yes-no-006	0.07
Laya	reverse-singer-yes-no-007	0.092
Laya	reverse-singer-yes-no-008	0.069
Laya	reverse-singer-yes-no-009	0.052
Laya	reverse-singer-yes-no-010	0.486
Laya	reverse-singer-yes-no-011	0.073
Laya	reverse-singer-yes-no-012	0.343
Laya	reverse-singer-yes-no-013	0.085
Laya	reverse-singer-yes-no-014	0.084
Laya	reverse-singer-yes-no-015	0.119
Laya	reverse-singer-yes-no-016	0.061
Laya	reverse-singer-yes-no-017	0.183
Laya	reverse-singer-yes-no-018	0.105
Laya	reverse-singer-yes-no-019	0.265
Laya	reverse-singer-yes-no-020	0.078
Laya	reverse-singer-yes-no-021	0.066
Laya	reverse-singer-yes-no-022	0.079
Laya	reverse-singer-yes-no-023	0.138
Laya	reverse-singer-yes-no-024	0.123
Laya	reverse-singer-yes-no-025	0.069
Laya	reverse-singer-yes-no-026	0.053
Laya	reverse-singer-yes-no-027	0.055
Laya	reverse-singer-yes-no-028	0.054
Laya	reverse-singer-yes-no-029	0.219
Laya	reverse-singer-yes-no-030	0.06
Laya	reverse-singer-yes-no-031	0.296
Laya	reverse-singer-yes-no-032	0.079
Laya	shared-lead-shared-lead-001	0.108
Laya	shared-lead-shared-lead-002	0.053
Laya	shared-lead-shared-lead-003	0.054
Laya	shared-lead-shared-lead-004	0.107
Laya	shared-lead-shared-lead-005	0.058
Laya	shared-lead-shared-lead-006	0.125
Laya	shared-lead-shared-lead-007	0.416
Laya	shared-lead-shared-lead-008	0.059
Laya	shared-lead-shared-lead-009	0.058
Laya	shared-lead-shared-lead-010	0.23
Laya	shared-lead-shared-lead-011	0.17
Laya	shared-lead-shared-lead-012	0.108
Laya	shared-lead-shared-lead-013	0.06
Laya	shared-lead-shared-lead-014	0.26
Laya	shared-lead-shared-lead-015	0.071
Laya	shared-lead-shared-lead-016	0.126
Laya	shared-lead-shared-lead-017	0.082
Laya	shared-lead-shared-lead-018	0.057
Laya	shared-lead-shared-lead-019	0.176
Laya	shared-lead-shared-lead-020	0.272
Laya	shared-lead-shared-lead-021	0.068
Laya	shared-lead-shared-lead-022	0.055
Laya	shared-lead-shared-lead-023	0.053
Laya	shared-lead-shared-lead-024	0.053
Laya	shared-lead-shared-lead-025	0.056
Laya	shared-lead-shared-lead-026	0.09
Laya	shared-lead-shared-lead-027	0.094
Laya	shared-lead-shared-lead-028	0.133
Laya	shared-lead-shared-lead-029	0.056
Laya	shared-lead-shared-lead-030	0.178
Laya	shared-lead-shared-lead-031	0.058
Laya	shared-lead-shared-lead-032	0.051
Laya	single-hop-song-album-001	0.049
Laya	single-hop-album-year-001	0.106
Laya	single-hop-song-album-002	0.043
Laya	single-hop-album-year-002	0.252
Laya	single-hop-song-album-003	0.048
Laya	single-hop-album-year-003	0.207
Laya	single-hop-song-album-004	0.046
Laya	single-hop-album-year-004	0.274
Laya	single-hop-song-album-005	0.05
Laya	single-hop-album-year-005	0.125
Laya	single-hop-song-album-006	0.048
Laya	single-hop-song-album-007	0.05
Laya	single-hop-song-album-008	0.05
Laya	single-hop-song-album-009	0.051
Laya	single-hop-album-year-006	0.124
Laya	single-hop-song-album-010	0.052
Laya	single-hop-album-year-007	0.136
Laya	single-hop-song-album-011	0.063
Laya	single-hop-album-year-008	0.157
Laya	single-hop-song-album-012	0.052
Laya	single-hop-song-album-013	0.054
Laya	single-hop-album-year-009	0.31
Laya	single-hop-song-album-014	0.048
Laya	single-hop-album-year-010	0.256
Laya	single-hop-song-album-015	0.046
Laya	single-hop-song-album-016	0.055
Laya	single-hop-song-album-017	0.06
Laya	single-hop-song-album-018	0.06
Laya	single-hop-song-album-019	0.057
Laya	single-hop-song-album-020	0.055
Laya	single-hop-song-album-021	0.058
Laya	single-hop-album-year-011	0.171
Laya	single-hop-song-album-022	0.061
Laya	single-hop-song-album-023	0.053
Laya	single-hop-album-year-012	0.165
Laya	single-hop-song-album-024	0.06
Laya	single-hop-song-album-025	0.051
Laya	single-hop-album-year-013	0.088
Laya	single-hop-song-album-026	0.046
Laya	single-hop-song-album-027	0.051
Laya	single-hop-song-album-028	0.053
Laya	single-hop-song-album-029	0.053
Laya	single-hop-song-album-030	0.054
Laya	single-hop-song-album-031	0.066
Laya	single-hop-song-album-032	0.117
Laya	single-hop-song-album-033	0.055
Laya	single-hop-song-album-034	0.078
Laya	single-hop-song-album-035	0.068
Laya	single-hop-song-album-036	0.061
Laya	single-hop-song-album-037	0.092
Laya	single-hop-song-album-038	0.066
Laya	single-hop-song-album-039	0.064
Laya	single-hop-song-album-040	0.094
Laya	single-hop-song-album-041	0.056
Laya	single-hop-song-album-042	0.058
Laya	single-hop-song-album-043	0.055
Laya	single-hop-song-album-044	0.058
Laya	single-hop-song-album-045	0.056
Laya	single-hop-song-album-046	0.052
Laya	single-hop-song-album-047	0.061
Laya	single-hop-song-album-048	0.056
Laya	single-hop-song-album-049	0.057
Laya	single-hop-song-album-050	0.053
Laya	single-hop-song-album-051	0.054
Laya	single-hop-song-album-052	0.05
Laya	single-hop-song-album-053	0.054
Laya	single-hop-song-album-054	0.056
Laya	single-hop-song-album-055	0.052
Laya	single-hop-song-album-056	0.053
Laya	single-hop-song-album-057	0.054
Laya	single-hop-song-album-058	0.05
Laya	single-hop-song-album-059	0.049
Laya	single-hop-song-album-060	0.053
Laya	single-hop-song-month-001	0.051
Laya	single-hop-event-month-001	0.052
Laya	single-hop-song-month-002	0.051
Laya	single-hop-event-month-002	0.051
Laya	single-hop-song-month-003	0.052
Laya	single-hop-event-month-003	0.051
Laya	single-hop-song-month-004	0.294
Laya	single-hop-event-month-004	0.049
Laya	single-hop-song-month-005	0.055
Laya	single-hop-event-month-005	0.376
Laya	single-hop-song-month-006	0.052
Laya	single-hop-event-month-006	0.744
Laya	single-hop-song-month-007	0.051
Laya	single-hop-event-month-007	0.055
Laya	single-hop-song-month-008	0.052
Laya	single-hop-event-month-008	0.051
Laya	single-hop-song-month-009	0.32
Laya	single-hop-event-month-009	0.047
Laya	single-hop-song-month-010	0.051
Laya	single-hop-event-month-010	0.05
Laya	single-hop-song-month-011	0.051
Laya	single-hop-event-month-011	0.118
Laya	single-hop-song-month-012	0.053
Laya	single-hop-event-month-012	0.084
Laya	single-hop-song-month-013	0.053
Laya	single-hop-event-month-013	0.05
Laya	single-hop-song-month-014	0.055
Laya	single-hop-event-month-014	0.056
Laya	single-hop-song-month-015	0.256
Laya	single-hop-song-month-016	0.049
Laya	single-hop-event-month-015	0.05
Laya	single-hop-song-month-017	0.049
Laya	single-hop-event-month-016	0.052
Laya	single-hop-song-month-018	0.053
Laya	single-hop-event-month-017	0.053
Laya	single-hop-song-month-019	0.055
Laya	single-hop-event-month-018	0.151
Laya	single-hop-song-month-020	0.059
Laya	single-hop-event-month-019	0.053
Laya	single-hop-song-month-021	0.123
Laya	single-hop-event-month-020	0.066
Laya	single-hop-song-month-022	0.059
Laya	single-hop-event-month-021	0.057
Laya	single-hop-song-month-023	0.31
Laya	single-hop-event-month-022	0.065
Laya	single-hop-song-month-024	0.304
Laya	single-hop-event-month-023	0.102
Laya	single-hop-song-month-025	0.06
Laya	single-hop-event-month-024	0.058
Laya	single-hop-song-month-026	0.057
Laya	single-hop-song-month-027	0.056
Laya	single-hop-song-month-028	0.125
Laya	single-hop-event-month-025	0.253
Laya	single-hop-song-month-029	0.06
Laya	single-hop-event-month-026	0.055
Laya	single-hop-song-month-030	0.087
Laya	single-hop-event-month-027	0.081
Laya	single-hop-song-month-031	0.052
Laya	single-hop-event-month-028	0.055
Laya	single-hop-song-month-032	0.056
Laya	single-hop-event-month-029	0.057
Laya	single-hop-song-month-033	0.13
Laya	single-hop-event-month-030	0.062
Laya	single-hop-song-month-034	0.051
Laya	single-hop-event-month-031	0.075
Laya	single-hop-song-month-035	0.074
Laya	single-hop-event-month-032	0.057
Laya	single-hop-song-month-036	0.056
Laya	single-hop-event-month-033	0.091
Laya	single-hop-song-month-037	0.05
Laya	single-hop-event-month-034	0.062
Laya	single-hop-song-month-038	0.054
Laya	single-hop-event-month-035	0.087
Laya	single-hop-song-month-039	0.052
Laya	single-hop-event-month-036	0.21
Laya	single-hop-song-month-040	0.054
Laya	single-hop-event-month-037	0.051
Laya	single-hop-song-month-041	0.06
Laya	single-hop-song-month-042	0.058
Laya	single-hop-event-month-038	0.051
Laya	single-hop-song-month-043	0.059
Laya	single-hop-event-month-039	0.327
Laya	single-hop-song-month-044	0.112
Laya	single-hop-event-month-040	0.066
Laya	single-hop-song-month-045	0.053
Laya	single-hop-event-month-041	0.054
Laya	single-hop-song-month-046	0.056
Laya	single-hop-event-month-042	0.171
Laya	single-hop-song-month-047	0.136
Laya	single-hop-event-month-043	0.181
Laya	single-hop-song-month-048	0.081
Laya	single-hop-event-month-044	0.113
Laya	single-hop-event-month-045	0.221
Laya	single-hop-event-month-046	0.087
Laya	single-hop-event-month-047	0.166
Laya	single-hop-song-month-049	0.052
Laya	single-hop-event-month-048	0.063
Laya	single-hop-song-month-050	0.285
Laya	single-hop-event-month-049	0.105
Laya	single-hop-song-month-051	0.379
Laya	single-hop-event-month-050	0.064
Laya	single-hop-song-month-052	0.055
Laya	single-hop-event-month-051	0.053
Laya	single-hop-song-month-053	0.109
Laya	single-hop-event-month-052	0.086
Laya	single-hop-song-month-054	0.075
Laya	single-hop-event-month-053	0.08
Laya	single-hop-song-month-055	0.207
Laya	single-hop-song-month-056	0.074
Laya	single-hop-song-month-057	0.052
Laya	single-hop-event-month-054	0.284
Laya	single-hop-song-month-058	0.066
Laya	single-hop-song-month-059	0.065
Laya	single-hop-event-month-055	0.051
Laya	single-hop-song-month-060	0.064
Laya	single-hop-event-month-056	0.217
Laya	single-hop-song-month-061	0.066
Laya	single-hop-song-month-062	0.085
Laya	single-hop-song-month-063	0.052
Laya	single-hop-event-month-057	0.052
Laya	single-hop-song-month-064	0.051
Laya	single-hop-song-month-065	0.16
Laya	single-hop-event-month-058	0.061
Laya	single-hop-event-month-059	0.053
Laya	single-hop-song-month-066	0.097
Laya	single-hop-event-month-060	0.055
Laya	single-hop-song-month-067	0.18
Laya	single-hop-event-month-061	0.045
Laya	single-hop-song-month-068	0.052
Laya	single-hop-song-month-069	0.123
Laya	single-hop-event-month-062	0.185
Laya	single-hop-song-month-070	0.067
Laya	single-hop-event-month-063	0.051
Laya	single-hop-song-month-071	0.13
Laya	single-hop-song-month-072	0.061
Laya	single-hop-song-month-073	0.06
Laya	single-hop-event-month-064	0.069
Laya	single-hop-song-month-074	0.073
Laya	single-hop-event-month-065	0.21
Laya	single-hop-song-month-075	0.053
Laya	single-hop-song-month-076	0.054
Laya	single-hop-song-month-077	0.165
Laya	single-hop-song-month-078	0.048
Laya	single-hop-event-month-066	0.127
Laya	single-hop-song-month-079	0.161
Laya	single-hop-event-month-067	0.068
Laya	single-hop-song-month-080	0.062
Laya	single-hop-song-month-081	0.069
Laya	single-hop-event-month-068	0.071
Laya	single-hop-song-month-082	0.069
Laya	single-hop-event-month-069	0.057
Laya	single-hop-song-month-083	0.128
Laya	single-hop-event-month-070	0.066
Laya	single-hop-song-month-084	0.065
Laya	single-hop-event-month-071	0.067
Laya	single-hop-song-month-085	0.078
Laya	single-hop-song-month-086	0.077
Laya	single-hop-event-month-072	0.052
Laya	single-hop-song-month-087	0.091
Laya	single-hop-song-month-088	0.067
Laya	single-hop-song-month-089	0.072
Laya	single-hop-song-month-090	0.085
Laya	single-hop-song-month-091	0.094
Laya	single-hop-song-month-092	0.22
Laya	single-hop-song-month-093	0.057
Laya	single-hop-song-month-094	0.056
Laya	single-hop-event-month-073	0.051
Laya	single-hop-song-month-095	0.083
Laya	single-hop-event-month-074	0.056
Laya	single-hop-song-month-096	0.052
Laya	single-hop-song-month-097	0.056
Laya	single-hop-event-month-075	0.05
Laya	single-hop-song-month-098	0.322
Laya	single-hop-song-month-099	0.143
Laya	single-hop-event-month-076	0.121
Jev	comparison-longer-001	0.25
Jev	comparison-longer-002	0.189
Jev	comparison-longer-003	0.17
Jev	comparison-longer-004	0.215
Jev	comparison-longer-005	0.205
Jev	comparison-longer-006	0.207
Jev	comparison-longer-007	0.217
Jev	comparison-longer-008	0.16
Jev	comparison-longer-009	0.183
Jev	comparison-longer-010	0.236
Jev	comparison-longer-011	0.24
Jev	comparison-longer-012	0.244
Jev	comparison-longer-013	0.195
Jev	comparison-longer-014	0.28
Jev	comparison-longer-015	0.169
Jev	comparison-longer-016	0.213
Jev	comparison-longer-017	0.176
Jev	comparison-longer-018	0.177
Jev	comparison-longer-019	0.168
Jev	comparison-longer-020	0.211
Jev	comparison-longer-021	0.173
Jev	comparison-longer-022	0.211
Jev	comparison-longer-023	0.243
Jev	comparison-longer-024	0.179
Jev	comparison-longer-025	0.235
Jev	comparison-longer-026	0.189
Jev	comparison-longer-027	0.253
Jev	comparison-longer-028	0.205
Jev	comparison-longer-029	0.205
Jev	comparison-longer-030	0.187
Jev	comparison-longer-031	0.162
Jev	comparison-longer-032	0.186
Jev	comparison-longer-033	0.232
Jev	comparison-longer-034	0.181
Jev	comparison-longer-035	0.18
Jev	comparison-longer-036	0.191
Jev	comparison-longer-037	0.192
Jev	comparison-longer-038	0.195
Jev	comparison-longer-039	0.178
Jev	comparison-longer-040	0.203
Jev	comparison-longer-041	0.174
Jev	comparison-longer-042	0.211
Jev	comparison-longer-043	0.189
Jev	comparison-longer-044	0.253
Jev	comparison-longer-045	0.196
Jev	comparison-longer-046	0.194
Jev	comparison-longer-047	0.195
Jev	comparison-longer-048	0.18
Jev	comparison-longer-049	0.219
Jev	comparison-longer-050	0.229
Jev	comparison-longer-051	0.239
Jev	comparison-longer-052	0.187
Jev	comparison-longer-053	0.22
Jev	comparison-longer-054	0.218
Jev	comparison-longer-055	0.208
Jev	comparison-longer-056	0.202
Jev	comparison-longer-057	0.181
Jev	comparison-longer-058	0.267
Jev	comparison-longer-059	0.194
Jev	comparison-longer-060	0.183
Jev	forward-singer-001	0.219
Jev	forward-singer-002	0.2
Jev	forward-singer-003	0.241
Jev	forward-singer-004	0.197
Jev	forward-singer-005	0.16
Jev	forward-singer-006	0.184
Jev	forward-singer-007	0.186
Jev	forward-singer-008	0.207
Jev	forward-singer-009	0.181
Jev	forward-singer-010	0.177
Jev	forward-singer-011	0.196
Jev	forward-singer-012	0.18
Jev	forward-singer-013	0.207
Jev	forward-singer-014	0.166
Jev	forward-singer-015	0.219
Jev	forward-singer-016	0.169
Jev	forward-singer-017	0.226
Jev	forward-singer-018	0.164
Jev	forward-singer-019	0.198
Jev	forward-singer-020	0.191
Jev	forward-singer-021	0.174
Jev	forward-singer-022	0.197
Jev	forward-singer-023	0.241
Jev	forward-singer-024	0.312
Jev	forward-singer-025	0.186
Jev	forward-singer-026	0.18
Jev	forward-singer-027	0.182
Jev	forward-singer-028	0.256
Jev	forward-singer-029	0.176
Jev	forward-singer-030	0.191
Jev	forward-singer-031	0.198
Jev	forward-singer-032	0.187
Jev	forward-singer-033	0.248
Jev	forward-singer-034	0.187
Jev	forward-singer-035	0.195
Jev	forward-singer-036	0.183
Jev	forward-singer-037	0.177
Jev	forward-singer-038	0.287
Jev	forward-singer-039	0.173
Jev	forward-singer-040	0.173
Jev	forward-singer-041	0.171
Jev	forward-singer-042	0.166
Jev	forward-singer-043	0.193
Jev	forward-singer-044	0.194
Jev	forward-singer-045	0.209
Jev	forward-singer-046	0.21
Jev	forward-singer-047	0.202
Jev	forward-singer-048	0.205
Jev	forward-singer-049	0.269
Jev	forward-singer-050	0.168
Jev	forward-singer-051	0.195
Jev	forward-singer-052	0.195
Jev	forward-singer-053	0.226
Jev	forward-singer-054	0.167
Jev	forward-singer-055	0.185
Jev	forward-singer-056	0.173
Jev	forward-singer-057	0.205
Jev	forward-album-001	0.154
Jev	forward-album-002	0.256
Jev	forward-album-003	0.178
Jev	forward-album-004	0.213
Jev	forward-album-005	0.183
Jev	forward-album-006	0.216
Jev	forward-album-007	0.172
Jev	forward-album-008	0.183
Jev	forward-album-009	0.214
Jev	forward-album-010	0.201
Jev	forward-album-011	0.212
Jev	forward-album-012	0.223
Jev	forward-album-013	0.207
Jev	forward-album-014	0.297
Jev	forward-album-015	0.188
Jev	forward-album-016	0.232
Jev	forward-album-017	0.234
Jev	forward-album-018	0.213
Jev	forward-album-019	0.289
Jev	forward-album-020	0.208
Jev	forward-album-021	0.256
Jev	forward-album-022	0.185
Jev	forward-album-023	0.269
Jev	forward-album-024	0.285
Jev	forward-album-025	0.228
Jev	forward-album-026	0.272
Jev	forward-album-027	0.241
Jev	forward-album-028	0.188
Jev	forward-album-029	0.21
Jev	forward-album-030	0.215
Jev	forward-album-031	0.333
Jev	forward-album-032	0.243
Jev	forward-album-033	0.177
Jev	forward-album-034	0.215
Jev	forward-album-035	0.297
Jev	forward-album-036	0.161
Jev	forward-album-037	0.169
Jev	forward-album-038	0.161
Jev	forward-album-039	0.227
Jev	forward-album-040	0.158
Jev	forward-album-041	0.185
Jev	forward-album-042	0.211
Jev	forward-album-043	0.195
Jev	forward-album-044	0.222
Jev	forward-album-045	0.184
Jev	forward-album-046	0.204
Jev	forward-album-047	0.184
Jev	forward-album-048	0.228
Jev	forward-album-049	0.235
Jev	forward-album-050	0.245
Jev	forward-album-051	0.206
Jev	forward-album-052	0.244
Jev	forward-album-053	0.179
Jev	forward-album-054	0.249
Jev	forward-album-055	0.191
Jev	forward-album-056	0.218
Jev	forward-album-057	0.199
Jev	forward-album-058	0.19
Jev	forward-album-059	0.202
Jev	forward-album-060	0.202
Jev	forward-songwriter-001	0.228
Jev	forward-songwriter-002	0.213
Jev	forward-songwriter-003	0.204
Jev	forward-songwriter-004	0.202
Jev	forward-songwriter-005	0.195
Jev	forward-songwriter-006	0.199
Jev	forward-songwriter-007	0.2
Jev	forward-songwriter-008	0.167
Jev	forward-songwriter-009	0.184
Jev	forward-songwriter-010	0.185
Jev	forward-songwriter-011	0.247
Jev	forward-songwriter-012	0.181
Jev	forward-songwriter-013	0.19
Jev	forward-songwriter-014	0.167
Jev	forward-songwriter-015	0.205
Jev	forward-songwriter-016	0.212
Jev	forward-songwriter-017	0.232
Jev	forward-songwriter-018	0.236
Jev	forward-songwriter-019	0.207
Jev	forward-songwriter-020	0.163
Jev	forward-songwriter-021	0.217
Jev	forward-songwriter-022	0.166
Jev	forward-songwriter-023	0.214
Jev	forward-songwriter-024	0.215
Jev	forward-songwriter-025	0.235
Jev	forward-songwriter-026	0.195
Jev	forward-songwriter-027	0.214
Jev	forward-songwriter-028	0.18
Jev	forward-songwriter-029	0.262
Jev	forward-songwriter-030	0.204
Jev	forward-songwriter-031	0.307
Jev	forward-songwriter-032	0.196
Jev	forward-songwriter-033	0.159
Jev	forward-songwriter-034	0.205
Jev	forward-songwriter-035	0.188
Jev	forward-songwriter-036	0.256
Jev	forward-songwriter-037	0.198
Jev	forward-songwriter-038	0.192
Jev	forward-songwriter-039	0.205
Jev	forward-songwriter-040	0.185
Jev	forward-songwriter-041	0.183
Jev	forward-songwriter-042	0.194
Jev	forward-songwriter-043	0.199
Jev	forward-songwriter-044	0.19
Jev	forward-songwriter-045	0.214
Jev	forward-songwriter-046	0.202
Jev	forward-songwriter-047	0.195
Jev	forward-year-001	0.216
Jev	forward-year-002	0.269
Jev	forward-year-003	0.217
Jev	forward-year-004	0.218
Jev	forward-year-005	0.19
Jev	forward-year-006	0.287
Jev	forward-year-007	0.195
Jev	forward-year-008	0.208
Jev	forward-year-009	0.208
Jev	forward-year-010	0.302
Jev	forward-year-011	0.163
Jev	forward-year-012	0.196
Jev	forward-year-013	0.178
Jev	forward-year-014	0.185
Jev	forward-year-015	0.259
Jev	forward-year-016	0.215
Jev	forward-year-017	0.244
Jev	forward-year-018	0.237
Jev	forward-year-019	0.203
Jev	forward-year-020	0.195
Jev	forward-year-021	0.2
Jev	forward-year-022	0.203
Jev	forward-year-023	0.19
Jev	forward-year-024	0.225
Jev	forward-year-025	0.206
Jev	forward-year-026	0.264
Jev	forward-year-027	0.189
Jev	forward-year-028	0.191
Jev	forward-year-029	0.191
Jev	forward-year-030	0.196
Jev	forward-year-031	0.215
Jev	forward-year-032	0.201
Jev	forward-year-033	0.219
Jev	forward-year-034	0.188
Jev	forward-year-035	0.179
Jev	forward-year-036	0.221
Jev	forward-year-037	0.206
Jev	forward-year-038	0.215
Jev	forward-year-039	0.216
Jev	forward-year-040	0.185
Jev	forward-year-041	0.193
Jev	forward-year-042	0.172
Jev	forward-year-043	0.169
Jev	forward-year-044	0.21
Jev	forward-year-045	0.196
Jev	forward-year-046	0.225
Jev	forward-year-047	0.165
Jev	forward-year-048	0.175
Jev	forward-year-049	0.205
Jev	forward-year-050	0.182
Jev	forward-year-051	0.198
Jev	forward-year-052	0.176
Jev	forward-year-053	0.184
Jev	forward-year-054	0.187
Jev	forward-year-055	0.176
Jev	forward-year-056	0.299
Jev	forward-year-057	0.173
Jev	forward-year-058	0.179
Jev	forward-year-059	0.204
Jev	forward-year-060	0.255
Jev	lead-set-john-001	0.185
Jev	lead-set-paul-001	0.263
Jev	lead-set-george-001	0.175
Jev	lead-set-ringo-001	0.205
Jev	lead-set-john-002	0.229
Jev	lead-set-paul-002	0.163
Jev	lead-set-george-002	0.323
Jev	lead-set-ringo-002	0.188
Jev	lead-set-john-003	0.242
Jev	lead-set-paul-003	0.199
Jev	lead-set-george-003	0.191
Jev	lead-set-ringo-003	0.262
Jev	lead-set-john-004	0.252
Jev	lead-set-paul-004	0.184
Jev	lead-set-george-004	0.186
Jev	lead-set-ringo-004	0.153
Jev	lead-set-john-005	0.202
Jev	lead-set-paul-005	0.148
Jev	lead-set-george-005	0.177
Jev	lead-set-ringo-005	0.181
Jev	lead-set-john-006	0.259
Jev	lead-set-paul-006	0.193
Jev	lead-set-george-006	0.201
Jev	lead-set-ringo-006	0.195
Jev	lead-set-john-007	0.279
Jev	lead-set-paul-007	0.233
Jev	lead-set-george-007	0.172
Jev	lead-set-ringo-007	0.217
Jev	lead-set-john-008	0.342
Jev	lead-set-paul-008	0.267
Jev	lead-set-george-008	0.278
Jev	lead-set-ringo-008	0.324
Jev	lead-set-john-009	0.219
Jev	lead-set-paul-009	0.171
Jev	lead-set-george-009	0.206
Jev	lead-set-ringo-009	0.223
Jev	lead-set-john-010	0.286
Jev	lead-set-paul-010	0.17
Jev	lead-set-george-010	0.19
Jev	lead-set-ringo-010	0.205
Jev	lead-set-john-011	0.182
Jev	lead-set-paul-011	0.224
Jev	lead-set-george-011	0.229
Jev	lead-set-ringo-011	0.192
Jev	lead-set-john-012	0.212
Jev	lead-set-paul-012	0.215
Jev	lead-set-george-012	0.226
Jev	lead-set-ringo-012	0.188
Jev	lead-set-john-013	0.19
Jev	lead-set-paul-013	0.176
Jev	lead-set-george-013	0.258
Jev	lead-set-ringo-013	0.181
Jev	lead-set-john-014	0.174
Jev	lead-set-paul-014	0.166
Jev	lead-set-george-014	0.285
Jev	lead-set-ringo-014	0.172
Jev	lead-set-john-015	0.17
Jev	lead-set-paul-015	0.194
Jev	lead-set-george-015	0.242
Jev	lead-set-ringo-015	0.291
Jev	lead-set-john-016	0.263
Jev	lead-set-paul-016	0.184
Jev	lead-set-george-016	0.162
Jev	lead-set-ringo-016	0.181
Jev	lead-set-john-017	0.184
Jev	lead-set-paul-017	0.195
Jev	lead-set-george-017	0.162
Jev	lead-set-ringo-017	0.173
Jev	lead-set-john-018	0.179
Jev	lead-set-paul-018	0.188
Jev	lead-set-george-018	0.203
Jev	lead-set-ringo-018	0.204
Jev	lead-set-john-019	0.187
Jev	lead-set-paul-019	0.171
Jev	lead-set-george-019	0.185
Jev	lead-set-ringo-019	0.251
Jev	lead-set-john-020	0.172
Jev	lead-set-paul-020	0.155
Jev	lead-set-george-020	0.187
Jev	lead-set-ringo-020	0.216
Jev	lead-set-john-021	0.17
Jev	lead-set-paul-021	0.24
Jev	lead-set-george-021	0.178
Jev	lead-set-ringo-021	0.22
Jev	lead-set-john-022	0.17
Jev	lead-set-paul-022	0.189
Jev	lead-set-george-022	0.196
Jev	lead-set-ringo-022	0.237
Jev	lead-set-john-023	0.179
Jev	lead-set-paul-023	0.189
Jev	lead-set-george-023	0.201
Jev	lead-set-ringo-023	0.196
Jev	lead-set-john-024	0.214
Jev	lead-set-paul-024	0.231
Jev	lead-set-george-024	0.205
Jev	lead-set-ringo-024	0.184
Jev	lead-set-john-025	0.156
Jev	lead-set-paul-025	0.183
Jev	lead-set-george-025	0.214
Jev	lead-set-ringo-025	0.21
Jev	lead-set-john-026	0.218
Jev	lead-set-paul-026	0.19
Jev	lead-set-george-026	0.214
Jev	lead-set-ringo-026	0.192
Jev	lexical-trap-control-album-to-song-001	0.177
Jev	lexical-trap-control-event-to-song-001	0.223
Jev	lexical-trap-control-album-to-song-002	0.209
Jev	lexical-trap-control-event-to-song-002	0.213
Jev	lexical-trap-control-event-to-song-003	0.223
Jev	lexical-trap-control-album-to-song-003	0.166
Jev	lexical-trap-control-song-to-album-001	0.173
Jev	lexical-trap-control-album-to-song-004	0.206
Jev	lexical-trap-control-event-to-song-004	0.39
Jev	lexical-trap-control-album-to-song-005	0.168
Jev	lexical-trap-control-album-to-song-006	0.268
Jev	lexical-trap-control-album-to-song-007	0.265
Jev	lexical-trap-control-album-to-song-008	0.286
Jev	lexical-trap-control-album-to-song-009	0.208
Jev	lexical-trap-control-song-to-album-002	0.22
Jev	lexical-trap-control-event-to-song-005	0.194
Jev	lexical-trap-control-album-to-song-010	0.213
Jev	lexical-trap-control-song-to-album-003	0.171
Jev	lexical-trap-control-album-to-song-011	0.178
Jev	lexical-trap-control-event-to-song-006	0.232
Jev	lexical-trap-control-album-to-song-012	0.178
Jev	lexical-trap-control-album-to-song-013	0.256
Jev	lexical-trap-control-album-to-song-014	0.191
Jev	lexical-trap-control-album-to-song-015	0.226
Jev	lexical-trap-control-album-to-song-016	0.249
Jev	lexical-trap-control-album-to-song-017	0.273
Jev	lexical-trap-control-album-to-song-018	0.206
Jev	lexical-trap-control-album-to-song-019	0.231
Jev	lexical-trap-control-event-to-song-007	0.17
Jev	lexical-trap-control-album-to-song-020	0.197
Jev	lexical-trap-control-album-to-song-021	0.187
Jev	lexical-trap-control-song-to-album-004	0.257
Jev	lexical-trap-control-album-to-song-022	0.212
Jev	lexical-trap-control-album-to-song-023	0.187
Jev	lexical-trap-control-album-to-song-024	0.2
Jev	lexical-trap-control-album-to-song-025	0.231
Jev	lexical-trap-control-album-to-song-026	0.19
Jev	lexical-trap-control-album-to-song-027	0.197
Jev	lexical-trap-control-song-to-album-005	0.224
Jev	lexical-trap-control-album-to-song-028	0.26
Jev	lexical-trap-control-album-to-song-029	0.187
Jev	lexical-trap-control-album-to-song-030	0.282
Jev	lexical-trap-control-song-to-album-006	0.186
Jev	lexical-trap-control-song-to-album-007	0.188
Jev	lexical-trap-control-song-to-album-008	0.165
Jev	lexical-trap-control-song-to-album-009	0.23
Jev	lexical-trap-control-event-to-song-008	0.178
Jev	lexical-trap-control-event-to-song-009	0.193
Jev	lexical-trap-control-album-to-song-031	0.185
Jev	lexical-trap-control-album-to-song-032	0.205
Jev	lexical-trap-control-song-to-album-010	0.158
Jev	lexical-trap-control-song-to-album-011	0.221
Jev	lexical-trap-control-album-to-song-033	0.157
Jev	lexical-trap-control-album-to-song-034	0.228
Jev	lexical-trap-album-to-song-001	0.18
Jev	lexical-trap-event-to-song-001	0.256
Jev	lexical-trap-album-to-song-002	0.246
Jev	lexical-trap-event-to-song-002	0.198
Jev	lexical-trap-event-to-song-003	0.265
Jev	lexical-trap-album-to-song-003	0.178
Jev	lexical-trap-song-to-album-001	0.234
Jev	lexical-trap-album-to-song-004	0.181
Jev	lexical-trap-event-to-song-004	0.187
Jev	lexical-trap-album-to-song-005	0.18
Jev	lexical-trap-album-to-song-006	0.212
Jev	lexical-trap-album-to-song-007	0.173
Jev	lexical-trap-album-to-song-008	0.211
Jev	lexical-trap-album-to-song-009	0.164
Jev	lexical-trap-song-to-album-002	0.213
Jev	lexical-trap-event-to-song-005	0.225
Jev	lexical-trap-album-to-song-010	0.188
Jev	lexical-trap-song-to-album-003	0.219
Jev	lexical-trap-album-to-song-011	0.184
Jev	lexical-trap-event-to-song-006	0.205
Jev	lexical-trap-album-to-song-012	0.219
Jev	lexical-trap-album-to-song-013	0.256
Jev	lexical-trap-album-to-song-014	0.282
Jev	lexical-trap-album-to-song-015	0.288
Jev	lexical-trap-album-to-song-016	0.21
Jev	lexical-trap-album-to-song-017	0.173
Jev	lexical-trap-album-to-song-018	0.36
Jev	lexical-trap-album-to-song-019	0.244
Jev	lexical-trap-event-to-song-007	0.234
Jev	lexical-trap-album-to-song-020	0.221
Jev	lexical-trap-album-to-song-021	0.284
Jev	lexical-trap-song-to-album-004	0.201
Jev	lexical-trap-album-to-song-022	0.203
Jev	lexical-trap-album-to-song-023	0.211
Jev	lexical-trap-album-to-song-024	0.275
Jev	lexical-trap-album-to-song-025	0.212
Jev	lexical-trap-album-to-song-026	0.194
Jev	lexical-trap-album-to-song-027	0.319
Jev	lexical-trap-song-to-album-005	0.21
Jev	lexical-trap-album-to-song-028	0.24
Jev	lexical-trap-album-to-song-029	0.189
Jev	lexical-trap-album-to-song-030	0.17
Jev	lexical-trap-song-to-album-006	0.247
Jev	lexical-trap-song-to-album-007	0.202
Jev	lexical-trap-song-to-album-008	0.214
Jev	lexical-trap-song-to-album-009	0.159
Jev	lexical-trap-event-to-song-008	0.19
Jev	lexical-trap-event-to-song-009	0.241
Jev	lexical-trap-album-to-song-031	0.178
Jev	lexical-trap-album-to-song-032	0.179
Jev	lexical-trap-song-to-album-010	0.178
Jev	lexical-trap-song-to-album-011	0.198
Jev	lexical-trap-album-to-song-033	0.217
Jev	lexical-trap-album-to-song-034	0.17
Jev	multi-hop-album-year-001	0.208
Jev	multi-hop-album-year-002	0.272
Jev	multi-hop-album-year-003	0.212
Jev	multi-hop-album-year-004	0.171
Jev	multi-hop-album-year-005	0.212
Jev	multi-hop-album-year-006	0.22
Jev	multi-hop-album-year-007	0.242
Jev	multi-hop-album-year-008	0.18
Jev	multi-hop-album-year-009	0.196
Jev	multi-hop-album-year-010	0.226
Jev	multi-hop-album-year-011	0.185
Jev	multi-hop-album-year-012	0.223
Jev	multi-hop-album-year-013	0.167
Jev	multi-hop-album-year-014	0.204
Jev	multi-hop-album-year-015	0.204
Jev	multi-hop-album-year-016	0.203
Jev	multi-hop-album-year-017	0.191
Jev	multi-hop-album-year-018	0.31
Jev	multi-hop-album-year-019	0.264
Jev	multi-hop-album-year-020	0.167
Jev	multi-hop-album-year-021	0.171
Jev	multi-hop-album-year-022	0.18
Jev	multi-hop-album-year-023	0.185
Jev	multi-hop-album-year-024	0.184
Jev	multi-hop-album-year-025	0.191
Jev	multi-hop-album-year-026	0.318
Jev	multi-hop-album-year-027	0.161
Jev	multi-hop-album-year-028	0.156
Jev	multi-hop-album-year-029	0.238
Jev	multi-hop-album-year-030	0.254
Jev	multi-hop-album-year-031	0.2
Jev	multi-hop-album-year-032	0.195
Jev	multi-hop-album-year-033	0.23
Jev	multi-hop-album-year-034	0.192
Jev	multi-hop-album-year-035	0.196
Jev	multi-hop-album-year-036	0.168
Jev	multi-hop-album-year-037	0.201
Jev	multi-hop-album-year-038	0.2
Jev	multi-hop-album-year-039	0.194
Jev	multi-hop-album-year-040	0.193
Jev	multi-hop-album-year-041	0.212
Jev	multi-hop-album-year-042	0.193
Jev	multi-hop-album-year-043	0.182
Jev	multi-hop-album-year-044	0.177
Jev	multi-hop-album-year-045	0.154
Jev	multi-hop-album-year-046	0.199
Jev	multi-hop-album-year-047	0.245
Jev	multi-hop-album-year-048	0.173
Jev	multi-hop-album-year-049	0.246
Jev	multi-hop-album-year-050	0.274
Jev	multi-hop-album-year-051	0.187
Jev	multi-hop-album-year-052	0.185
Jev	multi-hop-album-year-053	0.31
Jev	multi-hop-album-year-054	0.211
Jev	multi-hop-album-year-055	0.203
Jev	multi-hop-album-year-056	0.185
Jev	multi-hop-album-year-057	0.227
Jev	multi-hop-album-year-058	0.18
Jev	multi-hop-album-year-059	0.173
Jev	multi-hop-album-year-060	0.206
Jev	multi-hop-before-after-001	0.214
Jev	multi-hop-before-after-002	0.173
Jev	multi-hop-before-after-003	0.217
Jev	multi-hop-before-after-004	0.206
Jev	multi-hop-before-after-005	0.181
Jev	multi-hop-before-after-006	0.187
Jev	multi-hop-before-after-007	0.195
Jev	multi-hop-before-after-008	0.191
Jev	multi-hop-before-after-009	0.17
Jev	multi-hop-before-after-010	0.226
Jev	multi-hop-before-after-011	0.231
Jev	multi-hop-before-after-012	0.204
Jev	multi-hop-before-after-013	0.215
Jev	multi-hop-before-after-014	0.171
Jev	multi-hop-before-after-015	0.181
Jev	multi-hop-before-after-016	0.189
Jev	multi-hop-before-after-017	0.149
Jev	multi-hop-before-after-018	0.23
Jev	multi-hop-before-after-019	0.237
Jev	multi-hop-before-after-020	0.183
Jev	multi-hop-before-after-021	0.185
Jev	multi-hop-before-after-022	0.171
Jev	multi-hop-before-after-023	0.175
Jev	multi-hop-before-after-024	0.169
Jev	multi-hop-before-after-025	0.186
Jev	multi-hop-before-after-026	0.178
Jev	multi-hop-before-after-027	0.173
Jev	multi-hop-before-after-028	0.207
Jev	multi-hop-before-after-029	0.191
Jev	multi-hop-before-after-030	0.171
Jev	multi-hop-before-after-031	0.161
Jev	multi-hop-before-after-032	0.218
Jev	multi-hop-before-after-033	0.185
Jev	multi-hop-before-after-034	0.2
Jev	multi-hop-before-after-035	0.162
Jev	multi-hop-before-after-036	0.249
Jev	multi-hop-before-after-037	0.198
Jev	multi-hop-before-after-038	0.161
Jev	multi-hop-before-after-039	0.175
Jev	multi-hop-before-after-040	0.168
Jev	multi-hop-before-after-041	0.162
Jev	multi-hop-before-after-042	0.197
Jev	multi-hop-before-after-043	0.19
Jev	multi-hop-before-after-044	0.177
Jev	multi-hop-before-after-045	0.229
Jev	multi-hop-before-after-046	0.232
Jev	multi-hop-before-after-047	0.173
Jev	multi-hop-before-after-048	0.154
Jev	multi-hop-before-after-049	0.179
Jev	multi-hop-before-after-050	0.165
Jev	multi-hop-before-after-051	0.189
Jev	multi-hop-before-after-052	0.201
Jev	multi-hop-before-after-053	0.196
Jev	multi-hop-before-after-054	0.23
Jev	multi-hop-before-after-055	0.184
Jev	multi-hop-before-after-056	0.19
Jev	multi-hop-before-after-057	0.202
Jev	multi-hop-before-after-058	0.186
Jev	multi-hop-before-after-059	0.347
Jev	multi-hop-before-after-060	0.221
Jev	multi-hop-same-month-001	0.17
Jev	multi-hop-same-month-002	0.199
Jev	multi-hop-same-month-003	0.218
Jev	multi-hop-same-month-004	0.19
Jev	multi-hop-same-month-005	0.165
Jev	multi-hop-same-month-006	0.205
Jev	multi-hop-same-month-007	0.187
Jev	multi-hop-same-month-008	0.207
Jev	multi-hop-same-month-009	0.164
Jev	multi-hop-same-month-010	0.169
Jev	multi-hop-same-month-011	0.192
Jev	multi-hop-same-month-012	0.168
Jev	multi-hop-same-month-013	0.166
Jev	multi-hop-same-month-014	0.226
Jev	multi-hop-same-month-015	0.197
Jev	multi-hop-same-month-016	0.167
Jev	multi-hop-same-month-017	0.21
Jev	multi-hop-same-month-018	0.207
Jev	multi-hop-same-month-019	0.197
Jev	multi-hop-same-month-020	0.197
Jev	multi-hop-same-month-021	0.211
Jev	multi-hop-same-month-022	0.199
Jev	multi-hop-same-month-023	0.182
Jev	multi-hop-same-month-024	0.204
Jev	multi-hop-same-month-025	0.177
Jev	multi-hop-same-month-026	0.222
Jev	multi-hop-same-month-027	0.186
Jev	multi-hop-same-month-028	0.207
Jev	multi-hop-same-month-029	0.188
Jev	multi-hop-same-month-030	0.171
Jev	multi-hop-same-month-031	0.193
Jev	multi-hop-same-month-032	0.199
Jev	multi-hop-same-month-033	0.184
Jev	multi-hop-same-month-034	0.255
Jev	multi-hop-same-month-035	0.216
Jev	multi-hop-same-month-036	0.223
Jev	multi-hop-same-month-037	0.176
Jev	multi-hop-same-month-038	0.198
Jev	multi-hop-same-month-039	0.193
Jev	multi-hop-same-month-040	0.167
Jev	multi-hop-same-month-041	0.211
Jev	multi-hop-same-month-042	0.205
Jev	multi-hop-same-month-043	0.184
Jev	multi-hop-same-month-044	0.212
Jev	multi-hop-same-month-045	0.198
Jev	multi-hop-same-month-046	0.157
Jev	multi-hop-same-month-047	0.158
Jev	multi-hop-same-month-048	0.192
Jev	multi-hop-same-month-049	0.193
Jev	multi-hop-same-month-050	0.22
Jev	multi-hop-same-month-051	0.219
Jev	multi-hop-same-month-052	0.203
Jev	multi-hop-same-month-053	0.202
Jev	multi-hop-same-month-054	0.23
Jev	multi-hop-same-month-055	0.299
Jev	multi-hop-same-month-056	0.24
Jev	multi-hop-same-month-057	0.22
Jev	multi-hop-same-month-058	0.199
Jev	multi-hop-same-month-059	0.181
Jev	multi-hop-same-month-060	0.187
Jev	near-neighbor-control-album-001	0.213
Jev	near-neighbor-control-album-002	0.224
Jev	near-neighbor-control-album-003	0.223
Jev	near-neighbor-control-album-004	0.199
Jev	near-neighbor-control-album-005	0.184
Jev	near-neighbor-control-album-006	0.303
Jev	near-neighbor-control-album-007	0.188
Jev	near-neighbor-control-album-008	0.221
Jev	near-neighbor-control-album-009	0.209
Jev	near-neighbor-control-album-010	0.232
Jev	near-neighbor-control-album-011	0.182
Jev	near-neighbor-control-album-012	0.238
Jev	near-neighbor-control-album-013	0.159
Jev	near-neighbor-control-album-014	0.212
Jev	near-neighbor-control-album-015	0.22
Jev	near-neighbor-control-album-016	0.193
Jev	near-neighbor-control-album-017	0.219
Jev	near-neighbor-control-album-018	0.175
Jev	near-neighbor-control-album-019	0.178
Jev	near-neighbor-control-album-020	0.224
Jev	near-neighbor-control-album-021	0.214
Jev	near-neighbor-control-album-022	0.237
Jev	near-neighbor-control-album-023	0.223
Jev	near-neighbor-control-album-024	0.226
Jev	near-neighbor-control-album-025	0.208
Jev	near-neighbor-control-album-026	0.207
Jev	near-neighbor-control-album-027	0.191
Jev	near-neighbor-control-album-028	0.276
Jev	near-neighbor-control-album-029	0.199
Jev	near-neighbor-control-album-030	0.288
Jev	near-neighbor-control-album-031	0.201
Jev	near-neighbor-control-album-032	0.174
Jev	near-neighbor-control-album-033	0.194
Jev	near-neighbor-control-album-034	0.163
Jev	near-neighbor-control-album-035	0.322
Jev	near-neighbor-control-album-036	0.191
Jev	near-neighbor-control-album-037	0.166
Jev	near-neighbor-control-album-038	0.206
Jev	near-neighbor-control-album-039	0.169
Jev	near-neighbor-control-album-040	0.187
Jev	near-neighbor-control-album-041	0.208
Jev	near-neighbor-control-album-042	0.187
Jev	near-neighbor-control-album-043	0.188
Jev	near-neighbor-control-album-044	0.178
Jev	near-neighbor-control-album-045	0.203
Jev	near-neighbor-control-album-046	0.199
Jev	near-neighbor-control-album-047	0.207
Jev	near-neighbor-control-album-048	0.212
Jev	near-neighbor-control-album-049	0.259
Jev	near-neighbor-control-album-050	0.226
Jev	near-neighbor-control-album-051	0.181
Jev	near-neighbor-control-album-052	0.212
Jev	near-neighbor-control-album-053	0.196
Jev	near-neighbor-control-album-054	0.237
Jev	near-neighbor-control-album-055	0.245
Jev	near-neighbor-control-album-056	0.229
Jev	near-neighbor-control-album-057	0.205
Jev	near-neighbor-control-album-058	0.192
Jev	near-neighbor-control-album-059	0.198
Jev	near-neighbor-control-album-060	0.232
Jev	near-neighbor-album-001	0.207
Jev	near-neighbor-album-002	0.202
Jev	near-neighbor-album-003	0.225
Jev	near-neighbor-album-004	0.208
Jev	near-neighbor-album-005	0.185
Jev	near-neighbor-album-006	0.205
Jev	near-neighbor-album-007	0.198
Jev	near-neighbor-album-008	0.24
Jev	near-neighbor-album-009	0.189
Jev	near-neighbor-album-010	0.2
Jev	near-neighbor-album-011	0.187
Jev	near-neighbor-album-012	0.167
Jev	near-neighbor-album-013	0.228
Jev	near-neighbor-album-014	0.194
Jev	near-neighbor-album-015	0.208
Jev	near-neighbor-album-016	0.182
Jev	near-neighbor-album-017	0.178
Jev	near-neighbor-album-018	0.268
Jev	near-neighbor-album-019	0.235
Jev	near-neighbor-album-020	0.167
Jev	near-neighbor-album-021	0.219
Jev	near-neighbor-album-022	0.247
Jev	near-neighbor-album-023	0.236
Jev	near-neighbor-album-024	0.218
Jev	near-neighbor-album-025	0.204
Jev	near-neighbor-album-026	0.211
Jev	near-neighbor-album-027	0.296
Jev	near-neighbor-album-028	0.236
Jev	near-neighbor-album-029	0.243
Jev	near-neighbor-album-030	0.242
Jev	near-neighbor-album-031	0.182
Jev	near-neighbor-album-032	0.511
Jev	near-neighbor-album-033	0.435
Jev	near-neighbor-album-034	0.195
Jev	near-neighbor-album-035	0.239
Jev	near-neighbor-album-036	0.199
Jev	near-neighbor-album-037	0.196
Jev	near-neighbor-album-038	0.187
Jev	near-neighbor-album-039	0.233
Jev	near-neighbor-album-040	0.301
Jev	near-neighbor-album-041	0.27
Jev	near-neighbor-album-042	0.242
Jev	near-neighbor-album-043	0.225
Jev	near-neighbor-album-044	0.395
Jev	near-neighbor-album-045	0.388
Jev	near-neighbor-album-046	0.205
Jev	near-neighbor-album-047	0.233
Jev	near-neighbor-album-048	0.297
Jev	near-neighbor-album-049	0.162
Jev	near-neighbor-album-050	0.18
Jev	near-neighbor-album-051	0.178
Jev	near-neighbor-album-052	0.207
Jev	near-neighbor-album-053	0.222
Jev	near-neighbor-album-054	0.219
Jev	near-neighbor-album-055	0.213
Jev	near-neighbor-album-056	0.204
Jev	near-neighbor-album-057	0.31
Jev	near-neighbor-album-058	0.202
Jev	near-neighbor-album-059	0.2
Jev	near-neighbor-album-060	0.173
Jev	none-of-these-absent-001	0.212
Jev	none-of-these-present-001	0.154
Jev	none-of-these-absent-002	0.263
Jev	none-of-these-present-002	0.19
Jev	none-of-these-absent-003	0.212
Jev	none-of-these-present-003	0.171
Jev	none-of-these-absent-004	0.207
Jev	none-of-these-present-004	0.176
Jev	none-of-these-absent-005	0.216
Jev	none-of-these-present-005	0.162
Jev	none-of-these-absent-006	0.196
Jev	none-of-these-present-006	0.205
Jev	none-of-these-absent-007	0.225
Jev	none-of-these-present-007	0.206
Jev	none-of-these-absent-008	0.184
Jev	none-of-these-present-008	0.191
Jev	none-of-these-absent-009	0.19
Jev	none-of-these-present-009	0.212
Jev	none-of-these-absent-010	0.18
Jev	none-of-these-present-010	0.18
Jev	none-of-these-absent-011	0.183
Jev	none-of-these-present-011	0.17
Jev	none-of-these-absent-012	0.242
Jev	none-of-these-present-012	0.151
Jev	none-of-these-absent-013	0.198
Jev	none-of-these-present-013	0.221
Jev	none-of-these-absent-014	0.226
Jev	none-of-these-present-014	0.185
Jev	none-of-these-absent-015	0.188
Jev	none-of-these-present-015	0.209
Jev	none-of-these-absent-016	0.212
Jev	none-of-these-present-016	0.191
Jev	none-of-these-absent-017	0.166
Jev	none-of-these-present-017	0.193
Jev	none-of-these-absent-018	0.165
Jev	none-of-these-present-018	0.167
Jev	none-of-these-absent-019	0.207
Jev	none-of-these-present-019	0.214
Jev	none-of-these-absent-020	0.195
Jev	none-of-these-present-020	0.219
Jev	none-of-these-absent-021	0.201
Jev	none-of-these-present-021	0.193
Jev	none-of-these-absent-022	0.177
Jev	none-of-these-present-022	0.193
Jev	none-of-these-absent-023	0.179
Jev	none-of-these-present-023	0.192
Jev	none-of-these-absent-024	0.184
Jev	none-of-these-present-024	0.173
Jev	none-of-these-absent-025	0.189
Jev	none-of-these-present-025	0.184
Jev	none-of-these-absent-026	0.178
Jev	none-of-these-present-026	0.187
Jev	none-of-these-absent-027	0.192
Jev	none-of-these-present-027	0.221
Jev	none-of-these-absent-028	0.277
Jev	none-of-these-present-028	0.169
Jev	none-of-these-absent-029	0.166
Jev	none-of-these-present-029	0.177
Jev	none-of-these-absent-030	0.171
Jev	none-of-these-present-030	0.187
Jev	reversal-general-shared-name-forward-001	0.158
Jev	reversal-general-shared-name-reverse-001	0.204
Jev	reversal-general-shared-name-forward-002	0.259
Jev	reversal-general-shared-name-reverse-002	0.185
Jev	reversal-general-shared-name-forward-003	0.199
Jev	reversal-general-shared-name-reverse-003	0.169
Jev	reversal-general-shared-name-forward-004	0.164
Jev	reversal-general-shared-name-reverse-004	0.157
Jev	reversal-general-shared-name-forward-005	0.204
Jev	reversal-general-shared-name-reverse-005	0.211
Jev	reversal-general-shared-name-forward-006	0.176
Jev	reversal-general-shared-name-reverse-006	0.184
Jev	reversal-general-shared-name-forward-007	0.158
Jev	reversal-general-shared-name-reverse-007	0.17
Jev	reversal-general-shared-name-forward-008	0.158
Jev	reversal-general-shared-name-reverse-008	0.204
Jev	reversal-general-shared-name-forward-009	0.229
Jev	reversal-general-shared-name-reverse-009	0.187
Jev	reversal-general-shared-name-forward-010	0.159
Jev	reversal-general-shared-name-reverse-010	0.272
Jev	reversal-general-shared-name-forward-011	0.204
Jev	reversal-general-shared-name-reverse-011	0.17
Jev	reversal-general-shared-name-forward-012	0.248
Jev	reversal-general-shared-name-reverse-012	0.154
Jev	reversal-general-shared-name-forward-013	0.209
Jev	reversal-general-shared-name-reverse-013	0.201
Jev	reversal-general-shared-name-forward-014	0.166
Jev	reversal-general-shared-name-reverse-014	0.165
Jev	reversal-general-shared-name-forward-015	0.168
Jev	reversal-general-shared-name-reverse-015	0.16
Jev	reversal-general-shared-name-forward-016	0.188
Jev	reversal-general-shared-name-reverse-016	0.366
Jev	reversal-general-shared-name-forward-017	0.31
Jev	reversal-general-shared-name-reverse-017	0.19
Jev	reversal-general-shared-name-forward-018	0.204
Jev	reversal-general-shared-name-reverse-018	0.172
Jev	reversal-general-shared-name-forward-019	0.162
Jev	reversal-general-shared-name-reverse-019	0.178
Jev	reversal-general-shared-name-forward-020	0.191
Jev	reversal-general-shared-name-reverse-020	0.214
Jev	reversal-general-shared-name-forward-021	0.214
Jev	reversal-general-shared-name-reverse-021	0.164
Jev	reversal-general-forward-001	0.222
Jev	reversal-general-reverse-001	0.166
Jev	reversal-general-forward-002	0.18
Jev	reversal-general-reverse-002	0.183
Jev	reversal-general-forward-003	0.208
Jev	reversal-general-reverse-003	0.215
Jev	reversal-general-forward-004	0.188
Jev	reversal-general-reverse-004	0.243
Jev	reversal-general-forward-005	0.169
Jev	reversal-general-reverse-005	0.213
Jev	reversal-general-forward-006	0.202
Jev	reversal-general-reverse-006	0.199
Jev	reversal-general-forward-007	0.175
Jev	reversal-general-reverse-007	0.169
Jev	reversal-general-forward-008	0.21
Jev	reversal-general-reverse-008	0.194
Jev	reversal-general-forward-009	0.171
Jev	reversal-general-reverse-009	0.191
Jev	reversal-general-forward-010	0.166
Jev	reversal-general-reverse-010	0.176
Jev	reversal-general-forward-011	0.176
Jev	reversal-general-reverse-011	0.185
Jev	reversal-general-forward-012	0.246
Jev	reversal-general-reverse-012	0.196
Jev	reversal-general-forward-013	0.18
Jev	reversal-general-reverse-013	0.183
Jev	reversal-general-forward-014	0.185
Jev	reversal-general-reverse-014	0.173
Jev	reversal-general-forward-015	0.174
Jev	reversal-general-reverse-015	0.185
Jev	reversal-general-forward-016	0.272
Jev	reversal-general-reverse-016	0.196
Jev	reversal-general-forward-017	0.2
Jev	reversal-general-reverse-017	0.213
Jev	reversal-general-forward-018	0.193
Jev	reversal-general-reverse-018	0.196
Jev	reversal-general-forward-019	0.177
Jev	reversal-general-reverse-019	0.207
Jev	reversal-general-forward-020	0.175
Jev	reversal-general-reverse-020	0.174
Jev	reversal-general-forward-021	0.173
Jev	reversal-general-reverse-021	0.173
Jev	reversal-general-forward-022	0.198
Jev	reversal-general-reverse-022	0.199
Jev	reversal-general-forward-023	0.183
Jev	reversal-general-reverse-023	0.179
Jev	reversal-general-forward-024	0.19
Jev	reversal-general-reverse-024	0.162
Jev	reversal-general-forward-025	0.225
Jev	reversal-general-reverse-025	0.21
Jev	reversal-general-forward-026	0.183
Jev	reversal-general-reverse-026	0.183
Jev	reversal-general-forward-027	0.211
Jev	reversal-general-reverse-027	0.161
Jev	reversal-general-forward-028	0.206
Jev	reversal-general-reverse-028	0.223
Jev	reversal-general-forward-029	0.215
Jev	reversal-general-reverse-029	0.199
Jev	reversal-general-forward-030	0.158
Jev	reversal-general-reverse-030	0.151
Jev	reversal-general-forward-031	0.226
Jev	reversal-general-reverse-031	0.174
Jev	reversal-general-forward-032	0.169
Jev	reversal-general-reverse-032	0.169
Jev	reversal-general-forward-033	0.168
Jev	reversal-general-reverse-033	0.188
Jev	reversal-general-forward-034	0.185
Jev	reversal-general-reverse-034	0.174
Jev	reversal-general-forward-035	0.165
Jev	reversal-general-reverse-035	0.197
Jev	reversal-general-forward-036	0.185
Jev	reversal-general-reverse-036	0.188
Jev	reversal-general-forward-037	0.217
Jev	reversal-general-reverse-037	0.183
Jev	reversal-general-forward-038	0.183
Jev	reversal-general-reverse-038	0.207
Jev	reversal-general-forward-039	0.159
Jev	reversal-general-reverse-039	0.199
Jev	reversal-general-forward-040	0.195
Jev	reversal-general-reverse-040	0.172
Jev	reversal-general-forward-041	0.158
Jev	reversal-general-reverse-041	0.162
Jev	reversal-general-forward-042	0.203
Jev	reversal-general-reverse-042	0.206
Jev	reversal-general-forward-043	0.185
Jev	reversal-general-reverse-043	0.165
Jev	reversal-general-forward-044	0.18
Jev	reversal-general-reverse-044	0.167
Jev	reversal-general-forward-045	0.198
Jev	reversal-general-reverse-045	0.184
Jev	reversal-general-forward-046	0.199
Jev	reversal-general-reverse-046	0.193
Jev	reversal-general-forward-047	0.17
Jev	reversal-general-reverse-047	0.218
Jev	reversal-general-forward-048	0.161
Jev	reversal-general-reverse-048	0.274
Jev	reversal-general-forward-049	0.161
Jev	reversal-general-reverse-049	0.168
Jev	reversal-general-forward-050	0.186
Jev	reversal-general-reverse-050	0.193
Jev	reversal-general-forward-051	0.2
Jev	reversal-general-reverse-051	0.226
Jev	reversal-general-forward-052	0.196
Jev	reversal-general-reverse-052	0.229
Jev	reversal-general-forward-053	0.184
Jev	reversal-general-reverse-053	0.245
Jev	reversal-general-forward-054	0.142
Jev	reversal-general-reverse-054	0.181
Jev	reversal-general-forward-055	0.263
Jev	reversal-general-reverse-055	0.273
Jev	reversal-general-forward-056	0.215
Jev	reversal-general-reverse-056	0.206
Jev	reversal-general-forward-057	0.177
Jev	reversal-general-reverse-057	0.202
Jev	reversal-general-forward-058	0.168
Jev	reversal-general-reverse-058	0.266
Jev	reversal-general-forward-059	0.185
Jev	reversal-general-reverse-059	0.214
Jev	reversal-general-forward-060	0.294
Jev	reversal-general-reverse-060	0.177
Jev	reversal-general-forward-061	0.217
Jev	reversal-general-reverse-061	0.197
Jev	reversal-general-forward-062	0.18
Jev	reversal-general-reverse-062	0.243
Jev	reversal-general-forward-063	0.158
Jev	reversal-general-reverse-063	0.159
Jev	reversal-general-forward-064	0.215
Jev	reversal-general-reverse-064	0.197
Jev	reversal-general-forward-065	0.192
Jev	reversal-general-reverse-065	0.19
Jev	reversal-general-forward-066	0.161
Jev	reversal-general-reverse-066	0.285
Jev	reversal-general-forward-067	0.165
Jev	reversal-general-reverse-067	0.178
Jev	reversal-general-forward-068	0.192
Jev	reversal-general-reverse-068	0.181
Jev	reversal-general-forward-069	0.171
Jev	reversal-general-reverse-069	0.178
Jev	reversal-general-forward-070	0.164
Jev	reversal-general-reverse-070	0.163
Jev	reversal-general-forward-071	0.182
Jev	reversal-general-reverse-071	0.163
Jev	reversal-general-forward-072	0.179
Jev	reversal-general-reverse-072	0.181
Jev	reversal-general-forward-073	0.167
Jev	reversal-general-reverse-073	0.18
Jev	reversal-forward-001	0.19
Jev	reversal-reverse-001	0.218
Jev	reversal-forward-002	0.241
Jev	reversal-reverse-002	0.156
Jev	reversal-forward-003	0.201
Jev	reversal-forward-004	0.247
Jev	reversal-reverse-003	0.208
Jev	reversal-forward-005	0.217
Jev	reversal-forward-006	0.208
Jev	reversal-forward-007	0.178
Jev	reversal-forward-008	0.312
Jev	reversal-reverse-004	0.207
Jev	reversal-forward-009	0.225
Jev	reversal-reverse-005	0.173
Jev	reversal-forward-010	0.173
Jev	reversal-reverse-006	0.197
Jev	reversal-forward-011	0.221
Jev	reversal-reverse-007	0.17
Jev	reversal-forward-012	0.188
Jev	reversal-reverse-008	0.156
Jev	reversal-forward-013	0.256
Jev	reversal-reverse-009	0.174
Jev	reversal-forward-014	0.188
Jev	reversal-reverse-010	0.163
Jev	reversal-forward-015	0.169
Jev	reversal-reverse-011	0.166
Jev	reversal-forward-016	0.323
Jev	reversal-reverse-012	0.165
Jev	reversal-forward-017	0.165
Jev	reversal-forward-018	0.182
Jev	reversal-reverse-013	0.183
Jev	reversal-forward-019	0.255
Jev	reversal-forward-020	0.177
Jev	reversal-reverse-014	0.182
Jev	reversal-forward-021	0.191
Jev	reversal-forward-022	0.198
Jev	reversal-reverse-015	0.176
Jev	reversal-forward-023	0.174
Jev	reversal-forward-024	0.185
Jev	reversal-reverse-016	0.202
Jev	reversal-forward-025	0.186
Jev	reversal-forward-026	0.225
Jev	reversal-reverse-017	0.186
Jev	reversal-forward-027	0.189
Jev	reversal-reverse-018	0.197
Jev	reversal-forward-028	0.177
Jev	reversal-reverse-019	0.165
Jev	reversal-forward-029	0.182
Jev	reversal-reverse-020	0.183
Jev	reversal-forward-030	0.21
Jev	reversal-reverse-021	0.222
Jev	reversal-forward-031	0.184
Jev	reversal-reverse-022	0.172
Jev	reversal-forward-032	0.206
Jev	reversal-reverse-023	0.213
Jev	reversal-forward-033	0.157
Jev	reversal-reverse-024	0.169
Jev	reversal-forward-034	0.17
Jev	reversal-reverse-025	0.161
Jev	reversal-forward-035	0.164
Jev	reversal-reverse-026	0.154
Jev	reversal-forward-036	0.181
Jev	reversal-reverse-027	0.183
Jev	reversal-forward-037	0.251
Jev	reversal-reverse-028	0.18
Jev	reverse-singer-to-song-001	0.164
Jev	reverse-singer-to-song-002	0.168
Jev	reverse-singer-to-song-003	0.154
Jev	reverse-singer-to-song-004	0.224
Jev	reverse-singer-to-song-005	0.177
Jev	reverse-singer-to-song-006	0.246
Jev	reverse-singer-to-song-007	0.262
Jev	reverse-singer-to-song-008	0.197
Jev	reverse-singer-to-song-009	0.189
Jev	reverse-singer-to-song-010	0.174
Jev	reverse-singer-to-song-011	0.163
Jev	reverse-singer-to-song-012	0.202
Jev	reverse-singer-to-song-013	0.182
Jev	reverse-singer-to-song-014	0.221
Jev	reverse-singer-to-song-015	0.207
Jev	reverse-singer-to-song-016	0.182
Jev	reverse-singer-to-song-017	0.194
Jev	reverse-singer-to-song-018	0.17
Jev	reverse-singer-to-song-019	0.161
Jev	reverse-singer-to-song-020	0.233
Jev	reverse-singer-to-song-021	0.183
Jev	reverse-singer-to-song-022	0.194
Jev	reverse-singer-to-song-023	0.219
Jev	reverse-singer-to-song-024	0.191
Jev	reverse-singer-to-song-025	0.194
Jev	reverse-singer-to-song-026	0.188
Jev	reverse-singer-to-song-027	0.179
Jev	reverse-singer-to-song-028	0.176
Jev	reverse-singer-to-song-029	0.193
Jev	reverse-singer-to-song-030	0.173
Jev	reverse-singer-to-song-031	0.21
Jev	reverse-singer-to-song-032	0.198
Jev	reverse-singer-to-song-033	0.181
Jev	reverse-singer-to-song-034	0.222
Jev	reverse-singer-to-song-035	0.22
Jev	reverse-singer-to-song-036	0.193
Jev	reverse-singer-to-song-037	0.238
Jev	reverse-singer-to-song-038	0.163
Jev	reverse-singer-to-song-039	0.236
Jev	reverse-singer-to-song-040	0.177
Jev	reverse-album-to-song-001	0.167
Jev	reverse-album-to-song-002	0.237
Jev	reverse-album-to-song-003	0.199
Jev	reverse-album-to-song-004	0.173
Jev	reverse-album-to-song-005	0.22
Jev	reverse-album-to-song-006	0.176
Jev	reverse-album-to-song-007	0.246
Jev	reverse-album-to-song-008	0.193
Jev	reverse-album-to-song-009	0.166
Jev	reverse-album-to-song-010	0.183
Jev	reverse-album-to-song-011	0.178
Jev	reverse-album-to-song-012	0.186
Jev	reverse-album-to-song-013	0.208
Jev	reverse-album-to-song-014	0.198
Jev	reverse-album-to-song-015	0.178
Jev	reverse-album-to-song-016	0.17
Jev	reverse-album-to-song-017	0.193
Jev	reverse-album-to-song-018	0.227
Jev	reverse-album-to-song-019	0.18
Jev	reverse-album-to-song-020	0.335
Jev	reverse-album-to-song-021	0.202
Jev	reverse-album-to-song-022	0.208
Jev	reverse-album-to-song-023	0.164
Jev	reverse-album-to-song-024	0.159
Jev	reverse-album-to-song-025	0.164
Jev	reverse-album-to-song-026	0.17
Jev	reverse-album-to-song-027	0.24
Jev	reverse-album-to-song-028	0.172
Jev	reverse-album-to-song-029	0.158
Jev	reverse-album-to-song-030	0.217
Jev	reverse-album-to-song-031	0.163
Jev	reverse-album-to-song-032	0.186
Jev	reverse-album-to-song-033	0.193
Jev	reverse-album-to-song-034	0.191
Jev	reverse-album-to-song-035	0.178
Jev	reverse-album-to-song-036	0.194
Jev	reverse-album-to-song-037	0.154
Jev	reverse-album-to-song-038	0.206
Jev	reverse-album-to-song-039	0.157
Jev	reverse-album-to-song-040	0.185
Jev	reverse-singer-yes-no-001	0.191
Jev	reverse-singer-yes-no-002	0.154
Jev	reverse-singer-yes-no-003	0.197
Jev	reverse-singer-yes-no-004	0.203
Jev	reverse-singer-yes-no-005	0.208
Jev	reverse-singer-yes-no-006	0.171
Jev	reverse-singer-yes-no-007	0.155
Jev	reverse-singer-yes-no-008	0.211
Jev	reverse-singer-yes-no-009	0.192
Jev	reverse-singer-yes-no-010	0.226
Jev	reverse-singer-yes-no-011	0.162
Jev	reverse-singer-yes-no-012	0.198
Jev	reverse-singer-yes-no-013	0.17
Jev	reverse-singer-yes-no-014	0.224
Jev	reverse-singer-yes-no-015	0.16
Jev	reverse-singer-yes-no-016	0.195
Jev	reverse-singer-yes-no-017	0.194
Jev	reverse-singer-yes-no-018	0.188
Jev	reverse-singer-yes-no-019	0.17
Jev	reverse-singer-yes-no-020	0.184
Jev	reverse-singer-yes-no-021	0.197
Jev	reverse-singer-yes-no-022	0.231
Jev	reverse-singer-yes-no-023	0.215
Jev	reverse-singer-yes-no-024	0.184
Jev	reverse-singer-yes-no-025	0.167
Jev	reverse-singer-yes-no-026	0.227
Jev	reverse-singer-yes-no-027	0.236
Jev	reverse-singer-yes-no-028	0.188
Jev	reverse-singer-yes-no-029	0.224
Jev	reverse-singer-yes-no-030	0.167
Jev	reverse-singer-yes-no-031	0.168
Jev	reverse-singer-yes-no-032	0.158
Jev	shared-lead-shared-lead-001	0.202
Jev	shared-lead-shared-lead-002	0.182
Jev	shared-lead-shared-lead-003	0.195
Jev	shared-lead-shared-lead-004	0.168
Jev	shared-lead-shared-lead-005	0.173
Jev	shared-lead-shared-lead-006	0.158
Jev	shared-lead-shared-lead-007	0.194
Jev	shared-lead-shared-lead-008	0.185
Jev	shared-lead-shared-lead-009	0.211
Jev	shared-lead-shared-lead-010	0.165
Jev	shared-lead-shared-lead-011	0.199
Jev	shared-lead-shared-lead-012	0.197
Jev	shared-lead-shared-lead-013	0.175
Jev	shared-lead-shared-lead-014	0.186
Jev	shared-lead-shared-lead-015	0.223
Jev	shared-lead-shared-lead-016	0.217
Jev	shared-lead-shared-lead-017	0.224
Jev	shared-lead-shared-lead-018	0.396
Jev	shared-lead-shared-lead-019	0.233
Jev	shared-lead-shared-lead-020	0.188
Jev	shared-lead-shared-lead-021	0.205
Jev	shared-lead-shared-lead-022	0.166
Jev	shared-lead-shared-lead-023	0.187
Jev	shared-lead-shared-lead-024	0.177
Jev	shared-lead-shared-lead-025	0.19
Jev	shared-lead-shared-lead-026	0.232
Jev	shared-lead-shared-lead-027	0.188
Jev	shared-lead-shared-lead-028	0.179
Jev	shared-lead-shared-lead-029	0.214
Jev	shared-lead-shared-lead-030	0.211
Jev	shared-lead-shared-lead-031	0.182
Jev	shared-lead-shared-lead-032	0.255
Jev	single-hop-song-album-001	0.188
Jev	single-hop-album-year-001	0.201
Jev	single-hop-song-album-002	0.202
Jev	single-hop-album-year-002	0.203
Jev	single-hop-song-album-003	0.202
Jev	single-hop-album-year-003	0.205
Jev	single-hop-song-album-004	0.222
Jev	single-hop-album-year-004	0.203
Jev	single-hop-song-album-005	0.213
Jev	single-hop-album-year-005	0.185
Jev	single-hop-song-album-006	0.183
Jev	single-hop-song-album-007	0.205
Jev	single-hop-song-album-008	0.208
Jev	single-hop-song-album-009	0.214
Jev	single-hop-album-year-006	0.237
Jev	single-hop-song-album-010	0.189
Jev	single-hop-album-year-007	0.17
Jev	single-hop-song-album-011	0.186
Jev	single-hop-album-year-008	0.182
Jev	single-hop-song-album-012	0.198
Jev	single-hop-song-album-013	0.287
Jev	single-hop-album-year-009	0.168
Jev	single-hop-song-album-014	0.179
Jev	single-hop-album-year-010	0.296
Jev	single-hop-song-album-015	0.222
Jev	single-hop-song-album-016	0.182
Jev	single-hop-song-album-017	0.197
Jev	single-hop-song-album-018	0.208
Jev	single-hop-song-album-019	0.215
Jev	single-hop-song-album-020	0.186
Jev	single-hop-song-album-021	0.19
Jev	single-hop-album-year-011	0.233
Jev	single-hop-song-album-022	0.192
Jev	single-hop-song-album-023	0.215
Jev	single-hop-album-year-012	0.208
Jev	single-hop-song-album-024	0.21
Jev	single-hop-song-album-025	0.181
Jev	single-hop-album-year-013	0.227
Jev	single-hop-song-album-026	0.188
Jev	single-hop-song-album-027	0.223
Jev	single-hop-song-album-028	0.19
Jev	single-hop-song-album-029	0.208
Jev	single-hop-song-album-030	0.165
Jev	single-hop-song-album-031	0.189
Jev	single-hop-song-album-032	0.213
Jev	single-hop-song-album-033	0.181
Jev	single-hop-song-album-034	0.172
Jev	single-hop-song-album-035	0.211
Jev	single-hop-song-album-036	0.224
Jev	single-hop-song-album-037	0.189
Jev	single-hop-song-album-038	0.189
Jev	single-hop-song-album-039	0.205
Jev	single-hop-song-album-040	0.212
Jev	single-hop-song-album-041	0.226
Jev	single-hop-song-album-042	0.178
Jev	single-hop-song-album-043	0.195
Jev	single-hop-song-album-044	0.208
Jev	single-hop-song-album-045	0.164
Jev	single-hop-song-album-046	0.177
Jev	single-hop-song-album-047	0.173
Jev	single-hop-song-album-048	0.18
Jev	single-hop-song-album-049	0.22
Jev	single-hop-song-album-050	0.201
Jev	single-hop-song-album-051	0.172
Jev	single-hop-song-album-052	0.213
Jev	single-hop-song-album-053	0.192
Jev	single-hop-song-album-054	0.186
Jev	single-hop-song-album-055	0.27
Jev	single-hop-song-album-056	0.185
Jev	single-hop-song-album-057	0.251
Jev	single-hop-song-album-058	0.187
Jev	single-hop-song-album-059	0.271
Jev	single-hop-song-album-060	0.194
Jev	single-hop-song-month-001	0.212
Jev	single-hop-event-month-001	0.164
Jev	single-hop-song-month-002	0.252
Jev	single-hop-event-month-002	0.155
Jev	single-hop-song-month-003	0.195
Jev	single-hop-event-month-003	0.204
Jev	single-hop-song-month-004	0.174
Jev	single-hop-event-month-004	0.172
Jev	single-hop-song-month-005	0.305
Jev	single-hop-event-month-005	0.246
Jev	single-hop-song-month-006	0.21
Jev	single-hop-event-month-006	0.165
Jev	single-hop-song-month-007	0.245
Jev	single-hop-event-month-007	0.197
Jev	single-hop-song-month-008	0.163
Jev	single-hop-event-month-008	0.196
Jev	single-hop-song-month-009	0.198
Jev	single-hop-event-month-009	0.177
Jev	single-hop-song-month-010	0.193
Jev	single-hop-event-month-010	0.218
Jev	single-hop-song-month-011	0.192
Jev	single-hop-event-month-011	0.196
Jev	single-hop-song-month-012	0.212
Jev	single-hop-event-month-012	0.2
Jev	single-hop-song-month-013	0.192
Jev	single-hop-event-month-013	0.184
Jev	single-hop-song-month-014	0.188
Jev	single-hop-event-month-014	0.167
Jev	single-hop-song-month-015	0.162
Jev	single-hop-song-month-016	0.224
Jev	single-hop-event-month-015	0.169
Jev	single-hop-song-month-017	0.19
Jev	single-hop-event-month-016	0.177
Jev	single-hop-song-month-018	0.201
Jev	single-hop-event-month-017	0.166
Jev	single-hop-song-month-019	0.225
Jev	single-hop-event-month-018	0.225
Jev	single-hop-song-month-020	0.21
Jev	single-hop-event-month-019	0.151
Jev	single-hop-song-month-021	0.207
Jev	single-hop-event-month-020	0.2
Jev	single-hop-song-month-022	0.227
Jev	single-hop-event-month-021	0.156
Jev	single-hop-song-month-023	0.191
Jev	single-hop-event-month-022	0.184
Jev	single-hop-song-month-024	0.184
Jev	single-hop-event-month-023	0.17
Jev	single-hop-song-month-025	0.163
Jev	single-hop-event-month-024	0.17
Jev	single-hop-song-month-026	0.227
Jev	single-hop-song-month-027	0.163
Jev	single-hop-song-month-028	0.189
Jev	single-hop-event-month-025	0.203
Jev	single-hop-song-month-029	0.208
Jev	single-hop-event-month-026	0.196
Jev	single-hop-song-month-030	0.191
Jev	single-hop-event-month-027	0.216
Jev	single-hop-song-month-031	0.173
Jev	single-hop-event-month-028	0.2
Jev	single-hop-song-month-032	0.169
Jev	single-hop-event-month-029	0.19
Jev	single-hop-song-month-033	0.176
Jev	single-hop-event-month-030	0.181
Jev	single-hop-song-month-034	0.169
Jev	single-hop-event-month-031	0.174
Jev	single-hop-song-month-035	0.165
Jev	single-hop-event-month-032	0.203
Jev	single-hop-song-month-036	0.183
Jev	single-hop-event-month-033	0.213
Jev	single-hop-song-month-037	0.161
Jev	single-hop-event-month-034	0.169
Jev	single-hop-song-month-038	0.184
Jev	single-hop-event-month-035	0.19
Jev	single-hop-song-month-039	0.193
Jev	single-hop-event-month-036	0.178
Jev	single-hop-song-month-040	0.217
Jev	single-hop-event-month-037	0.197
Jev	single-hop-song-month-041	0.196
Jev	single-hop-song-month-042	0.181
Jev	single-hop-event-month-038	0.157
Jev	single-hop-song-month-043	0.248
Jev	single-hop-event-month-039	0.175
Jev	single-hop-song-month-044	0.283
Jev	single-hop-event-month-040	0.171
Jev	single-hop-song-month-045	0.189
Jev	single-hop-event-month-041	0.175
Jev	single-hop-song-month-046	0.164
Jev	single-hop-event-month-042	0.171
Jev	single-hop-song-month-047	0.179
Jev	single-hop-event-month-043	0.196
Jev	single-hop-song-month-048	0.191
Jev	single-hop-event-month-044	0.177
Jev	single-hop-event-month-045	0.174
Jev	single-hop-event-month-046	0.237
Jev	single-hop-event-month-047	0.188
Jev	single-hop-song-month-049	0.193
Jev	single-hop-event-month-048	0.18
Jev	single-hop-song-month-050	0.183
Jev	single-hop-event-month-049	0.193
Jev	single-hop-song-month-051	0.227
Jev	single-hop-event-month-050	0.164
Jev	single-hop-song-month-052	0.188
Jev	single-hop-event-month-051	0.2
Jev	single-hop-song-month-053	0.171
Jev	single-hop-event-month-052	0.194
Jev	single-hop-song-month-054	0.272
Jev	single-hop-event-month-053	0.234
Jev	single-hop-song-month-055	0.203
Jev	single-hop-song-month-056	0.438
Jev	single-hop-song-month-057	0.171
Jev	single-hop-event-month-054	0.185
Jev	single-hop-song-month-058	0.173
Jev	single-hop-song-month-059	0.208
Jev	single-hop-event-month-055	0.2
Jev	single-hop-song-month-060	0.18
Jev	single-hop-event-month-056	0.181
Jev	single-hop-song-month-061	0.175
Jev	single-hop-song-month-062	0.2
Jev	single-hop-song-month-063	0.269
Jev	single-hop-event-month-057	0.198
Jev	single-hop-song-month-064	0.186
Jev	single-hop-song-month-065	0.193
Jev	single-hop-event-month-058	0.175
Jev	single-hop-event-month-059	0.208
Jev	single-hop-song-month-066	0.167
Jev	single-hop-event-month-060	0.175
Jev	single-hop-song-month-067	0.208
Jev	single-hop-event-month-061	0.203
Jev	single-hop-song-month-068	0.198
Jev	single-hop-song-month-069	0.174
Jev	single-hop-event-month-062	0.223
Jev	single-hop-song-month-070	0.203
Jev	single-hop-event-month-063	0.175
Jev	single-hop-song-month-071	0.171
Jev	single-hop-song-month-072	0.189
Jev	single-hop-song-month-073	0.196
Jev	single-hop-event-month-064	0.167
Jev	single-hop-song-month-074	0.189
Jev	single-hop-event-month-065	0.199
Jev	single-hop-song-month-075	0.167
Jev	single-hop-song-month-076	0.241
Jev	single-hop-song-month-077	0.167
Jev	single-hop-song-month-078	0.196
Jev	single-hop-event-month-066	0.167
Jev	single-hop-song-month-079	0.23
Jev	single-hop-event-month-067	0.187
Jev	single-hop-song-month-080	0.239
Jev	single-hop-song-month-081	0.196
Jev	single-hop-event-month-068	0.164
Jev	single-hop-song-month-082	0.185
Jev	single-hop-event-month-069	0.184
Jev	single-hop-song-month-083	0.173
Jev	single-hop-event-month-070	0.16
Jev	single-hop-song-month-084	0.237
Jev	single-hop-event-month-071	0.176
Jev	single-hop-song-month-085	0.183
Jev	single-hop-song-month-086	0.185
Jev	single-hop-event-month-072	0.209
Jev	single-hop-song-month-087	0.249
Jev	single-hop-song-month-088	0.206
Jev	single-hop-song-month-089	0.187
Jev	single-hop-song-month-090	0.182
Jev	single-hop-song-month-091	0.187
Jev	single-hop-song-month-092	0.183
Jev	single-hop-song-month-093	0.187
Jev	single-hop-song-month-094	0.17
Jev	single-hop-event-month-073	0.178
Jev	single-hop-song-month-095	0.19
Jev	single-hop-event-month-074	0.181
Jev	single-hop-song-month-096	0.186
Jev	single-hop-song-month-097	0.198
Jev	single-hop-event-month-075	0.483
Jev	single-hop-song-month-098	0.207
Jev	single-hop-song-month-099	0.221
Jev	single-hop-event-month-076	0.203
Kev 4B	comparison-longer-001	0.109
Kev 4B	comparison-longer-002	0.253
Kev 4B	comparison-longer-003	0.262
Kev 4B	comparison-longer-004	0.282
Kev 4B	comparison-longer-005	0.196
Kev 4B	comparison-longer-006	0.208
Kev 4B	comparison-longer-007	0.208
Kev 4B	comparison-longer-008	0.207
Kev 4B	comparison-longer-009	0.205
Kev 4B	comparison-longer-010	0.203
Kev 4B	comparison-longer-011	0.216
Kev 4B	comparison-longer-012	0.236
Kev 4B	comparison-longer-013	0.196
Kev 4B	comparison-longer-014	0.138
Kev 4B	comparison-longer-015	0.122
Kev 4B	comparison-longer-016	0.224
Kev 4B	comparison-longer-017	0.211
Kev 4B	comparison-longer-018	0.237
Kev 4B	comparison-longer-019	0.237
Kev 4B	comparison-longer-020	0.207
Kev 4B	comparison-longer-021	0.207
Kev 4B	comparison-longer-022	0.211
Kev 4B	comparison-longer-023	0.211
Kev 4B	comparison-longer-024	0.209
Kev 4B	comparison-longer-025	0.209
Kev 4B	comparison-longer-026	0.204
Kev 4B	comparison-longer-027	0.191
Kev 4B	comparison-longer-028	0.196
Kev 4B	comparison-longer-029	0.198
Kev 4B	comparison-longer-030	0.196
Kev 4B	comparison-longer-031	0.196
Kev 4B	comparison-longer-032	0.199
Kev 4B	comparison-longer-033	0.197
Kev 4B	comparison-longer-034	0.209
Kev 4B	comparison-longer-035	0.209
Kev 4B	comparison-longer-036	0.205
Kev 4B	comparison-longer-037	0.206
Kev 4B	comparison-longer-038	0.195
Kev 4B	comparison-longer-039	0.196
Kev 4B	comparison-longer-040	0.21
Kev 4B	comparison-longer-041	0.21
Kev 4B	comparison-longer-042	0.205
Kev 4B	comparison-longer-043	0.218
Kev 4B	comparison-longer-044	0.195
Kev 4B	comparison-longer-045	0.195
Kev 4B	comparison-longer-046	0.199
Kev 4B	comparison-longer-047	0.186
Kev 4B	comparison-longer-048	0.194
Kev 4B	comparison-longer-049	0.196
Kev 4B	comparison-longer-050	0.192
Kev 4B	comparison-longer-051	0.193
Kev 4B	comparison-longer-052	0.194
Kev 4B	comparison-longer-053	0.194
Kev 4B	comparison-longer-054	0.192
Kev 4B	comparison-longer-055	0.191
Kev 4B	comparison-longer-056	0.189
Kev 4B	comparison-longer-057	0.187
Kev 4B	comparison-longer-058	0.205
Kev 4B	comparison-longer-059	0.205
Kev 4B	comparison-longer-060	0.216
Kev 4B	forward-singer-001	0.2
Kev 4B	forward-singer-002	0.201
Kev 4B	forward-singer-003	0.187
Kev 4B	forward-singer-004	0.195
Kev 4B	forward-singer-005	0.193
Kev 4B	forward-singer-006	0.195
Kev 4B	forward-singer-007	0.196
Kev 4B	forward-singer-008	0.202
Kev 4B	forward-singer-009	0.189
Kev 4B	forward-singer-010	0.202
Kev 4B	forward-singer-011	0.187
Kev 4B	forward-singer-012	0.194
Kev 4B	forward-singer-013	0.195
Kev 4B	forward-singer-014	0.202
Kev 4B	forward-singer-015	0.188
Kev 4B	forward-singer-016	0.196
Kev 4B	forward-singer-017	0.198
Kev 4B	forward-singer-018	0.196
Kev 4B	forward-singer-019	0.196
Kev 4B	forward-singer-020	0.193
Kev 4B	forward-singer-021	0.194
Kev 4B	forward-singer-022	0.197
Kev 4B	forward-singer-023	0.196
Kev 4B	forward-singer-024	0.198
Kev 4B	forward-singer-025	0.197
Kev 4B	forward-singer-026	0.214
Kev 4B	forward-singer-027	0.187
Kev 4B	forward-singer-028	0.199
Kev 4B	forward-singer-029	0.197
Kev 4B	forward-singer-030	0.208
Kev 4B	forward-singer-031	0.181
Kev 4B	forward-singer-032	0.197
Kev 4B	forward-singer-033	0.197
Kev 4B	forward-singer-034	0.193
Kev 4B	forward-singer-035	0.194
Kev 4B	forward-singer-036	0.201
Kev 4B	forward-singer-037	0.186
Kev 4B	forward-singer-038	0.193
Kev 4B	forward-singer-039	0.195
Kev 4B	forward-singer-040	0.203
Kev 4B	forward-singer-041	0.189
Kev 4B	forward-singer-042	0.196
Kev 4B	forward-singer-043	0.195
Kev 4B	forward-singer-044	0.2
Kev 4B	forward-singer-045	0.187
Kev 4B	forward-singer-046	0.2
Kev 4B	forward-singer-047	0.186
Kev 4B	forward-singer-048	0.192
Kev 4B	forward-singer-049	0.192
Kev 4B	forward-singer-050	0.193
Kev 4B	forward-singer-051	0.194
Kev 4B	forward-singer-052	0.2
Kev 4B	forward-singer-053	0.187
Kev 4B	forward-singer-054	0.193
Kev 4B	forward-singer-055	0.194
Kev 4B	forward-singer-056	0.192
Kev 4B	forward-singer-057	0.192
Kev 4B	forward-album-001	0.192
Kev 4B	forward-album-002	0.191
Kev 4B	forward-album-003	0.205
Kev 4B	forward-album-004	0.192
Kev 4B	forward-album-005	0.201
Kev 4B	forward-album-006	0.201
Kev 4B	forward-album-007	0.203
Kev 4B	forward-album-008	0.189
Kev 4B	forward-album-009	0.202
Kev 4B	forward-album-010	0.187
Kev 4B	forward-album-011	0.195
Kev 4B	forward-album-012	0.195
Kev 4B	forward-album-013	0.196
Kev 4B	forward-album-014	0.195
Kev 4B	forward-album-015	0.202
Kev 4B	forward-album-016	0.188
Kev 4B	forward-album-017	0.203
Kev 4B	forward-album-018	0.188
Kev 4B	forward-album-019	0.192
Kev 4B	forward-album-020	0.205
Kev 4B	forward-album-021	0.202
Kev 4B	forward-album-022	0.186
Kev 4B	forward-album-023	0.206
Kev 4B	forward-album-024	0.179
Kev 4B	forward-album-025	0.194
Kev 4B	forward-album-026	0.207
Kev 4B	forward-album-027	0.194
Kev 4B	forward-album-028	0.195
Kev 4B	forward-album-029	0.214
Kev 4B	forward-album-030	0.174
Kev 4B	forward-album-031	0.202
Kev 4B	forward-album-032	0.187
Kev 4B	forward-album-033	0.198
Kev 4B	forward-album-034	0.184
Kev 4B	forward-album-035	0.201
Kev 4B	forward-album-036	0.187
Kev 4B	forward-album-037	0.203
Kev 4B	forward-album-038	0.188
Kev 4B	forward-album-039	0.198
Kev 4B	forward-album-040	0.198
Kev 4B	forward-album-041	0.198
Kev 4B	forward-album-042	0.197
Kev 4B	forward-album-043	0.208
Kev 4B	forward-album-044	0.193
Kev 4B	forward-album-045	0.2
Kev 4B	forward-album-046	0.2
Kev 4B	forward-album-047	0.206
Kev 4B	forward-album-048	0.19
Kev 4B	forward-album-049	0.207
Kev 4B	forward-album-050	0.192
Kev 4B	forward-album-051	0.205
Kev 4B	forward-album-052	0.188
Kev 4B	forward-album-053	0.193
Kev 4B	forward-album-054	0.203
Kev 4B	forward-album-055	0.201
Kev 4B	forward-album-056	0.186
Kev 4B	forward-album-057	0.196
Kev 4B	forward-album-058	0.185
Kev 4B	forward-album-059	0.201
Kev 4B	forward-album-060	0.188
Kev 4B	forward-songwriter-001	0.202
Kev 4B	forward-songwriter-002	0.186
Kev 4B	forward-songwriter-003	0.195
Kev 4B	forward-songwriter-004	0.195
Kev 4B	forward-songwriter-005	0.213
Kev 4B	forward-songwriter-006	0.187
Kev 4B	forward-songwriter-007	0.2
Kev 4B	forward-songwriter-008	0.2
Kev 4B	forward-songwriter-009	0.202
Kev 4B	forward-songwriter-010	0.191
Kev 4B	forward-songwriter-011	0.195
Kev 4B	forward-songwriter-012	0.197
Kev 4B	forward-songwriter-013	0.193
Kev 4B	forward-songwriter-014	0.204
Kev 4B	forward-songwriter-015	0.196
Kev 4B	forward-songwriter-016	0.194
Kev 4B	forward-songwriter-017	0.197
Kev 4B	forward-songwriter-018	0.184
Kev 4B	forward-songwriter-019	0.198
Kev 4B	forward-songwriter-020	0.186
Kev 4B	forward-songwriter-021	0.192
Kev 4B	forward-songwriter-022	0.194
Kev 4B	forward-songwriter-023	0.192
Kev 4B	forward-songwriter-024	0.194
Kev 4B	forward-songwriter-025	0.227
Kev 4B	forward-songwriter-026	0.227
Kev 4B	forward-songwriter-027	0.233
Kev 4B	forward-songwriter-028	0.231
Kev 4B	forward-songwriter-029	0.199
Kev 4B	forward-songwriter-030	0.211
Kev 4B	forward-songwriter-031	0.197
Kev 4B	forward-songwriter-032	0.196
Kev 4B	forward-songwriter-033	0.214
Kev 4B	forward-songwriter-034	0.175
Kev 4B	forward-songwriter-035	0.192
Kev 4B	forward-songwriter-036	0.205
Kev 4B	forward-songwriter-037	0.198
Kev 4B	forward-songwriter-038	0.185
Kev 4B	forward-songwriter-039	0.218
Kev 4B	forward-songwriter-040	0.192
Kev 4B	forward-songwriter-041	0.206
Kev 4B	forward-songwriter-042	0.219
Kev 4B	forward-songwriter-043	0.194
Kev 4B	forward-songwriter-044	0.194
Kev 4B	forward-songwriter-045	0.196
Kev 4B	forward-songwriter-046	0.183
Kev 4B	forward-songwriter-047	0.206
Kev 4B	forward-year-001	0.206
Kev 4B	forward-year-002	0.229
Kev 4B	forward-year-003	0.228
Kev 4B	forward-year-004	0.239
Kev 4B	forward-year-005	0.239
Kev 4B	forward-year-006	0.245
Kev 4B	forward-year-007	0.233
Kev 4B	forward-year-008	0.246
Kev 4B	forward-year-009	0.231
Kev 4B	forward-year-010	0.246
Kev 4B	forward-year-011	0.233
Kev 4B	forward-year-012	0.246
Kev 4B	forward-year-013	0.231
Kev 4B	forward-year-014	0.244
Kev 4B	forward-year-015	0.231
Kev 4B	forward-year-016	0.237
Kev 4B	forward-year-017	0.239
Kev 4B	forward-year-018	0.243
Kev 4B	forward-year-019	0.23
Kev 4B	forward-year-020	0.245
Kev 4B	forward-year-021	0.229
Kev 4B	forward-year-022	0.239
Kev 4B	forward-year-023	0.239
Kev 4B	forward-year-024	0.237
Kev 4B	forward-year-025	0.237
Kev 4B	forward-year-026	0.243
Kev 4B	forward-year-027	0.23
Kev 4B	forward-year-028	0.244
Kev 4B	forward-year-029	0.231
Kev 4B	forward-year-030	0.236
Kev 4B	forward-year-031	0.236
Kev 4B	forward-year-032	0.236
Kev 4B	forward-year-033	0.236
Kev 4B	forward-year-034	0.235
Kev 4B	forward-year-035	0.236
Kev 4B	forward-year-036	0.241
Kev 4B	forward-year-037	0.228
Kev 4B	forward-year-038	0.235
Kev 4B	forward-year-039	0.235
Kev 4B	forward-year-040	0.234
Kev 4B	forward-year-041	0.234
Kev 4B	forward-year-042	0.24
Kev 4B	forward-year-043	0.227
Kev 4B	forward-year-044	0.233
Kev 4B	forward-year-045	0.233
Kev 4B	forward-year-046	0.239
Kev 4B	forward-year-047	0.226
Kev 4B	forward-year-048	0.234
Kev 4B	forward-year-049	0.234
Kev 4B	forward-year-050	0.234
Kev 4B	forward-year-051	0.234
Kev 4B	forward-year-052	0.234
Kev 4B	forward-year-053	0.234
Kev 4B	forward-year-054	0.237
Kev 4B	forward-year-055	0.237
Kev 4B	forward-year-056	0.235
Kev 4B	forward-year-057	0.235
Kev 4B	forward-year-058	0.241
Kev 4B	forward-year-059	0.228
Kev 4B	forward-year-060	0.225
Kev 4B	lead-set-john-001	0.227
Kev 4B	lead-set-paul-001	0.169
Kev 4B	lead-set-george-001	0.172
Kev 4B	lead-set-ringo-001	0.151
Kev 4B	lead-set-john-002	0.134
Kev 4B	lead-set-paul-002	0.142
Kev 4B	lead-set-george-002	0.14
Kev 4B	lead-set-ringo-002	0.15
Kev 4B	lead-set-john-003	0.133
Kev 4B	lead-set-paul-003	0.149
Kev 4B	lead-set-george-003	0.134
Kev 4B	lead-set-ringo-003	0.149
Kev 4B	lead-set-john-004	0.132
Kev 4B	lead-set-paul-004	0.149
Kev 4B	lead-set-george-004	0.132
Kev 4B	lead-set-ringo-004	0.141
Kev 4B	lead-set-john-005	0.14
Kev 4B	lead-set-paul-005	0.148
Kev 4B	lead-set-george-005	0.132
Kev 4B	lead-set-ringo-005	0.14
Kev 4B	lead-set-john-006	0.139
Kev 4B	lead-set-paul-006	0.147
Kev 4B	lead-set-george-006	0.133
Kev 4B	lead-set-ringo-006	0.14
Kev 4B	lead-set-john-007	0.14
Kev 4B	lead-set-paul-007	0.139
Kev 4B	lead-set-george-007	0.142
Kev 4B	lead-set-ringo-007	0.14
Kev 4B	lead-set-john-008	0.139
Kev 4B	lead-set-paul-008	0.14
Kev 4B	lead-set-george-008	0.138
Kev 4B	lead-set-ringo-008	0.148
Kev 4B	lead-set-john-009	0.133
Kev 4B	lead-set-paul-009	0.139
Kev 4B	lead-set-george-009	0.141
Kev 4B	lead-set-ringo-009	0.14
Kev 4B	lead-set-john-010	0.138
Kev 4B	lead-set-paul-010	0.143
Kev 4B	lead-set-george-010	0.141
Kev 4B	lead-set-ringo-010	0.145
Kev 4B	lead-set-john-011	0.147
Kev 4B	lead-set-paul-011	0.142
Kev 4B	lead-set-george-011	0.144
Kev 4B	lead-set-ringo-011	0.141
Kev 4B	lead-set-john-012	0.139
Kev 4B	lead-set-paul-012	0.141
Kev 4B	lead-set-george-012	0.14
Kev 4B	lead-set-ringo-012	0.14
Kev 4B	lead-set-john-013	0.14
Kev 4B	lead-set-paul-013	0.14
Kev 4B	lead-set-george-013	0.139
Kev 4B	lead-set-ringo-013	0.14
Kev 4B	lead-set-john-014	0.141
Kev 4B	lead-set-paul-014	0.14
Kev 4B	lead-set-george-014	0.139
Kev 4B	lead-set-ringo-014	0.148
Kev 4B	lead-set-john-015	0.132
Kev 4B	lead-set-paul-015	0.142
Kev 4B	lead-set-george-015	0.142
Kev 4B	lead-set-ringo-015	0.143
Kev 4B	lead-set-john-016	0.142
Kev 4B	lead-set-paul-016	0.142
Kev 4B	lead-set-george-016	0.143
Kev 4B	lead-set-ringo-016	0.141
Kev 4B	lead-set-john-017	0.143
Kev 4B	lead-set-paul-017	0.149
Kev 4B	lead-set-george-017	0.134
Kev 4B	lead-set-ringo-017	0.15
Kev 4B	lead-set-john-018	0.133
Kev 4B	lead-set-paul-018	0.141
Kev 4B	lead-set-george-018	0.141
Kev 4B	lead-set-ringo-018	0.142
Kev 4B	lead-set-john-019	0.14
Kev 4B	lead-set-paul-019	0.144
Kev 4B	lead-set-george-019	0.144
Kev 4B	lead-set-ringo-019	0.147
Kev 4B	lead-set-john-020	0.147
Kev 4B	lead-set-paul-020	0.146
Kev 4B	lead-set-george-020	0.146
Kev 4B	lead-set-ringo-020	0.151
Kev 4B	lead-set-john-021	0.135
Kev 4B	lead-set-paul-021	0.141
Kev 4B	lead-set-george-021	0.141
Kev 4B	lead-set-ringo-021	0.141
Kev 4B	lead-set-john-022	0.139
Kev 4B	lead-set-paul-022	0.147
Kev 4B	lead-set-george-022	0.133
Kev 4B	lead-set-ringo-022	0.14
Kev 4B	lead-set-john-023	0.14
Kev 4B	lead-set-paul-023	0.14
Kev 4B	lead-set-george-023	0.14
Kev 4B	lead-set-ringo-023	0.141
Kev 4B	lead-set-john-024	0.141
Kev 4B	lead-set-paul-024	0.142
Kev 4B	lead-set-george-024	0.142
Kev 4B	lead-set-ringo-024	0.15
Kev 4B	lead-set-john-025	0.135
Kev 4B	lead-set-paul-025	0.142
Kev 4B	lead-set-george-025	0.142
Kev 4B	lead-set-ringo-025	0.148
Kev 4B	lead-set-john-026	0.133
Kev 4B	lead-set-paul-026	0.142
Kev 4B	lead-set-george-026	0.141
Kev 4B	lead-set-ringo-026	0.15
Kev 4B	lexical-trap-control-album-to-song-001	0.137
Kev 4B	lexical-trap-control-event-to-song-001	0.179
Kev 4B	lexical-trap-control-album-to-song-002	0.178
Kev 4B	lexical-trap-control-event-to-song-002	0.171
Kev 4B	lexical-trap-control-event-to-song-003	0.156
Kev 4B	lexical-trap-control-album-to-song-003	0.171
Kev 4B	lexical-trap-control-song-to-album-001	0.158
Kev 4B	lexical-trap-control-album-to-song-004	0.19
Kev 4B	lexical-trap-control-event-to-song-004	0.173
Kev 4B	lexical-trap-control-album-to-song-005	0.163
Kev 4B	lexical-trap-control-album-to-song-006	0.165
Kev 4B	lexical-trap-control-album-to-song-007	0.182
Kev 4B	lexical-trap-control-album-to-song-008	0.18
Kev 4B	lexical-trap-control-album-to-song-009	0.183
Kev 4B	lexical-trap-control-song-to-album-002	0.182
Kev 4B	lexical-trap-control-event-to-song-005	0.18
Kev 4B	lexical-trap-control-album-to-song-010	0.182
Kev 4B	lexical-trap-control-song-to-album-003	0.196
Kev 4B	lexical-trap-control-album-to-song-011	0.195
Kev 4B	lexical-trap-control-event-to-song-006	0.204
Kev 4B	lexical-trap-control-album-to-song-012	0.188
Kev 4B	lexical-trap-control-album-to-song-013	0.199
Kev 4B	lexical-trap-control-album-to-song-014	0.199
Kev 4B	lexical-trap-control-album-to-song-015	0.19
Kev 4B	lexical-trap-control-album-to-song-016	0.175
Kev 4B	lexical-trap-control-album-to-song-017	0.154
Kev 4B	lexical-trap-control-album-to-song-018	0.14
Kev 4B	lexical-trap-control-album-to-song-019	0.169
Kev 4B	lexical-trap-control-event-to-song-007	0.153
Kev 4B	lexical-trap-control-album-to-song-020	0.188
Kev 4B	lexical-trap-control-album-to-song-021	0.173
Kev 4B	lexical-trap-control-song-to-album-004	0.164
Kev 4B	lexical-trap-control-album-to-song-022	0.164
Kev 4B	lexical-trap-control-album-to-song-023	0.144
Kev 4B	lexical-trap-control-album-to-song-024	0.145
Kev 4B	lexical-trap-control-album-to-song-025	0.145
Kev 4B	lexical-trap-control-album-to-song-026	0.146
Kev 4B	lexical-trap-control-album-to-song-027	0.18
Kev 4B	lexical-trap-control-song-to-album-005	0.178
Kev 4B	lexical-trap-control-album-to-song-028	0.196
Kev 4B	lexical-trap-control-album-to-song-029	0.194
Kev 4B	lexical-trap-control-album-to-song-030	0.193
Kev 4B	lexical-trap-control-song-to-album-006	0.196
Kev 4B	lexical-trap-control-song-to-album-007	0.193
Kev 4B	lexical-trap-control-song-to-album-008	0.193
Kev 4B	lexical-trap-control-song-to-album-009	0.193
Kev 4B	lexical-trap-control-event-to-song-008	0.193
Kev 4B	lexical-trap-control-event-to-song-009	0.178
Kev 4B	lexical-trap-control-album-to-song-031	0.178
Kev 4B	lexical-trap-control-album-to-song-032	0.186
Kev 4B	lexical-trap-control-song-to-album-010	0.17
Kev 4B	lexical-trap-control-song-to-album-011	0.197
Kev 4B	lexical-trap-control-album-to-song-033	0.197
Kev 4B	lexical-trap-control-album-to-song-034	0.205
Kev 4B	lexical-trap-album-to-song-001	0.192
Kev 4B	lexical-trap-event-to-song-001	0.2
Kev 4B	lexical-trap-album-to-song-002	0.2
Kev 4B	lexical-trap-event-to-song-002	0.165
Kev 4B	lexical-trap-event-to-song-003	0.165
Kev 4B	lexical-trap-album-to-song-003	0.161
Kev 4B	lexical-trap-song-to-album-001	0.163
Kev 4B	lexical-trap-album-to-song-004	0.177
Kev 4B	lexical-trap-event-to-song-004	0.177
Kev 4B	lexical-trap-album-to-song-005	0.161
Kev 4B	lexical-trap-album-to-song-006	0.159
Kev 4B	lexical-trap-album-to-song-007	0.18
Kev 4B	lexical-trap-album-to-song-008	0.182
Kev 4B	lexical-trap-album-to-song-009	0.18
Kev 4B	lexical-trap-song-to-album-002	0.18
Kev 4B	lexical-trap-event-to-song-005	0.178
Kev 4B	lexical-trap-album-to-song-010	0.176
Kev 4B	lexical-trap-song-to-album-003	0.196
Kev 4B	lexical-trap-album-to-song-011	0.195
Kev 4B	lexical-trap-event-to-song-006	0.651
Kev 4B	lexical-trap-album-to-song-012	0.636
Kev 4B	lexical-trap-album-to-song-013	0.645
Kev 4B	lexical-trap-album-to-song-014	0.647
Kev 4B	lexical-trap-album-to-song-015	0.188
Kev 4B	lexical-trap-album-to-song-016	0.173
Kev 4B	lexical-trap-album-to-song-017	0.145
Kev 4B	lexical-trap-album-to-song-018	0.145
Kev 4B	lexical-trap-album-to-song-019	0.169
Kev 4B	lexical-trap-event-to-song-007	0.155
Kev 4B	lexical-trap-album-to-song-020	0.18
Kev 4B	lexical-trap-album-to-song-021	0.178
Kev 4B	lexical-trap-song-to-album-004	0.164
Kev 4B	lexical-trap-album-to-song-022	0.163
Kev 4B	lexical-trap-album-to-song-023	0.146
Kev 4B	lexical-trap-album-to-song-024	0.146
Kev 4B	lexical-trap-album-to-song-025	0.146
Kev 4B	lexical-trap-album-to-song-026	0.146
Kev 4B	lexical-trap-album-to-song-027	0.187
Kev 4B	lexical-trap-song-to-album-005	0.172
Kev 4B	lexical-trap-album-to-song-028	0.197
Kev 4B	lexical-trap-album-to-song-029	0.197
Kev 4B	lexical-trap-album-to-song-030	0.197
Kev 4B	lexical-trap-song-to-album-006	0.197
Kev 4B	lexical-trap-song-to-album-007	0.195
Kev 4B	lexical-trap-song-to-album-008	0.195
Kev 4B	lexical-trap-song-to-album-009	0.196
Kev 4B	lexical-trap-event-to-song-008	0.194
Kev 4B	lexical-trap-event-to-song-009	0.181
Kev 4B	lexical-trap-album-to-song-031	0.181
Kev 4B	lexical-trap-album-to-song-032	0.186
Kev 4B	lexical-trap-song-to-album-010	0.173
Kev 4B	lexical-trap-song-to-album-011	0.197
Kev 4B	lexical-trap-album-to-song-033	0.197
Kev 4B	lexical-trap-album-to-song-034	0.21
Kev 4B	multi-hop-album-year-001	0.197
Kev 4B	multi-hop-album-year-002	0.222
Kev 4B	multi-hop-album-year-003	0.21
Kev 4B	multi-hop-album-year-004	0.225
Kev 4B	multi-hop-album-year-005	0.225
Kev 4B	multi-hop-album-year-006	0.223
Kev 4B	multi-hop-album-year-007	0.224
Kev 4B	multi-hop-album-year-008	0.313
Kev 4B	multi-hop-album-year-009	0.301
Kev 4B	multi-hop-album-year-010	0.304
Kev 4B	multi-hop-album-year-011	0.316
Kev 4B	multi-hop-album-year-012	0.221
Kev 4B	multi-hop-album-year-013	0.222
Kev 4B	multi-hop-album-year-014	0.224
Kev 4B	multi-hop-album-year-015	0.211
Kev 4B	multi-hop-album-year-016	0.224
Kev 4B	multi-hop-album-year-017	0.223
Kev 4B	multi-hop-album-year-018	0.224
Kev 4B	multi-hop-album-year-019	0.224
Kev 4B	multi-hop-album-year-020	0.222
Kev 4B	multi-hop-album-year-021	0.223
Kev 4B	multi-hop-album-year-022	0.222
Kev 4B	multi-hop-album-year-023	0.222
Kev 4B	multi-hop-album-year-024	0.22
Kev 4B	multi-hop-album-year-025	0.233
Kev 4B	multi-hop-album-year-026	0.23
Kev 4B	multi-hop-album-year-027	0.216
Kev 4B	multi-hop-album-year-028	0.224
Kev 4B	multi-hop-album-year-029	0.211
Kev 4B	multi-hop-album-year-030	0.228
Kev 4B	multi-hop-album-year-031	0.215
Kev 4B	multi-hop-album-year-032	0.22
Kev 4B	multi-hop-album-year-033	0.22
Kev 4B	multi-hop-album-year-034	0.227
Kev 4B	multi-hop-album-year-035	0.213
Kev 4B	multi-hop-album-year-036	0.22
Kev 4B	multi-hop-album-year-037	0.22
Kev 4B	multi-hop-album-year-038	0.22
Kev 4B	multi-hop-album-year-039	0.221
Kev 4B	multi-hop-album-year-040	0.22
Kev 4B	multi-hop-album-year-041	0.22
Kev 4B	multi-hop-album-year-042	0.218
Kev 4B	multi-hop-album-year-043	0.218
Kev 4B	multi-hop-album-year-044	0.219
Kev 4B	multi-hop-album-year-045	0.22
Kev 4B	multi-hop-album-year-046	0.22
Kev 4B	multi-hop-album-year-047	0.22
Kev 4B	multi-hop-album-year-048	0.221
Kev 4B	multi-hop-album-year-049	0.221
Kev 4B	multi-hop-album-year-050	0.226
Kev 4B	multi-hop-album-year-051	0.213
Kev 4B	multi-hop-album-year-052	0.221
Kev 4B	multi-hop-album-year-053	0.221
Kev 4B	multi-hop-album-year-054	0.22
Kev 4B	multi-hop-album-year-055	0.219
Kev 4B	multi-hop-album-year-056	0.222
Kev 4B	multi-hop-album-year-057	0.209
Kev 4B	multi-hop-album-year-058	0.225
Kev 4B	multi-hop-album-year-059	0.214
Kev 4B	multi-hop-album-year-060	0.216
Kev 4B	multi-hop-before-after-001	0.218
Kev 4B	multi-hop-before-after-002	0.213
Kev 4B	multi-hop-before-after-003	0.201
Kev 4B	multi-hop-before-after-004	0.203
Kev 4B	multi-hop-before-after-005	0.203
Kev 4B	multi-hop-before-after-006	0.201
Kev 4B	multi-hop-before-after-007	0.203
Kev 4B	multi-hop-before-after-008	0.201
Kev 4B	multi-hop-before-after-009	0.199
Kev 4B	multi-hop-before-after-010	0.198
Kev 4B	multi-hop-before-after-011	0.197
Kev 4B	multi-hop-before-after-012	0.214
Kev 4B	multi-hop-before-after-013	0.188
Kev 4B	multi-hop-before-after-014	0.204
Kev 4B	multi-hop-before-after-015	0.189
Kev 4B	multi-hop-before-after-016	0.198
Kev 4B	multi-hop-before-after-017	0.185
Kev 4B	multi-hop-before-after-018	0.206
Kev 4B	multi-hop-before-after-019	0.191
Kev 4B	multi-hop-before-after-020	0.209
Kev 4B	multi-hop-before-after-021	0.195
Kev 4B	multi-hop-before-after-022	0.201
Kev 4B	multi-hop-before-after-023	0.199
Kev 4B	multi-hop-before-after-024	0.198
Kev 4B	multi-hop-before-after-025	0.198
Kev 4B	multi-hop-before-after-026	0.198
Kev 4B	multi-hop-before-after-027	0.198
Kev 4B	multi-hop-before-after-028	0.196
Kev 4B	multi-hop-before-after-029	0.196
Kev 4B	multi-hop-before-after-030	0.192
Kev 4B	multi-hop-before-after-031	0.206
Kev 4B	multi-hop-before-after-032	0.195
Kev 4B	multi-hop-before-after-033	0.194
Kev 4B	multi-hop-before-after-034	0.198
Kev 4B	multi-hop-before-after-035	0.185
Kev 4B	multi-hop-before-after-036	0.195
Kev 4B	multi-hop-before-after-037	0.195
Kev 4B	multi-hop-before-after-038	0.203
Kev 4B	multi-hop-before-after-039	0.187
Kev 4B	multi-hop-before-after-040	0.196
Kev 4B	multi-hop-before-after-041	0.196
Kev 4B	multi-hop-before-after-042	0.203
Kev 4B	multi-hop-before-after-043	0.187
Kev 4B	multi-hop-before-after-044	0.203
Kev 4B	multi-hop-before-after-045	0.19
Kev 4B	multi-hop-before-after-046	0.196
Kev 4B	multi-hop-before-after-047	0.198
Kev 4B	multi-hop-before-after-048	0.196
Kev 4B	multi-hop-before-after-049	0.196
Kev 4B	multi-hop-before-after-050	0.204
Kev 4B	multi-hop-before-after-051	0.188
Kev 4B	multi-hop-before-after-052	0.195
Kev 4B	multi-hop-before-after-053	0.195
Kev 4B	multi-hop-before-after-054	0.202
Kev 4B	multi-hop-before-after-055	0.188
Kev 4B	multi-hop-before-after-056	0.187
Kev 4B	multi-hop-before-after-057	0.172
Kev 4B	multi-hop-before-after-058	0.178
Kev 4B	multi-hop-before-after-059	0.18
Kev 4B	multi-hop-before-after-060	0.195
Kev 4B	multi-hop-same-month-001	0.194
Kev 4B	multi-hop-same-month-002	0.195
Kev 4B	multi-hop-same-month-003	0.193
Kev 4B	multi-hop-same-month-004	0.192
Kev 4B	multi-hop-same-month-005	0.205
Kev 4B	multi-hop-same-month-006	0.199
Kev 4B	multi-hop-same-month-007	0.199
Kev 4B	multi-hop-same-month-008	0.208
Kev 4B	multi-hop-same-month-009	0.194
Kev 4B	multi-hop-same-month-010	0.217
Kev 4B	multi-hop-same-month-011	0.191
Kev 4B	multi-hop-same-month-012	0.177
Kev 4B	multi-hop-same-month-013	0.178
Kev 4B	multi-hop-same-month-014	0.181
Kev 4B	multi-hop-same-month-015	0.168
Kev 4B	multi-hop-same-month-016	0.195
Kev 4B	multi-hop-same-month-017	0.194
Kev 4B	multi-hop-same-month-018	0.2
Kev 4B	multi-hop-same-month-019	0.186
Kev 4B	multi-hop-same-month-020	0.195
Kev 4B	multi-hop-same-month-021	0.196
Kev 4B	multi-hop-same-month-022	0.195
Kev 4B	multi-hop-same-month-023	0.196
Kev 4B	multi-hop-same-month-024	0.194
Kev 4B	multi-hop-same-month-025	0.194
Kev 4B	multi-hop-same-month-026	0.202
Kev 4B	multi-hop-same-month-027	0.186
Kev 4B	multi-hop-same-month-028	0.183
Kev 4B	multi-hop-same-month-029	0.17
Kev 4B	multi-hop-same-month-030	0.183
Kev 4B	multi-hop-same-month-031	0.168
Kev 4B	multi-hop-same-month-032	0.193
Kev 4B	multi-hop-same-month-033	0.195
Kev 4B	multi-hop-same-month-034	0.192
Kev 4B	multi-hop-same-month-035	0.194
Kev 4B	multi-hop-same-month-036	0.193
Kev 4B	multi-hop-same-month-037	0.193
Kev 4B	multi-hop-same-month-038	0.194
Kev 4B	multi-hop-same-month-039	0.192
Kev 4B	multi-hop-same-month-040	0.194
Kev 4B	multi-hop-same-month-041	0.192
Kev 4B	multi-hop-same-month-042	0.193
Kev 4B	multi-hop-same-month-043	0.195
Kev 4B	multi-hop-same-month-044	0.193
Kev 4B	multi-hop-same-month-045	0.193
Kev 4B	multi-hop-same-month-046	0.193
Kev 4B	multi-hop-same-month-047	0.191
Kev 4B	multi-hop-same-month-048	0.193
Kev 4B	multi-hop-same-month-049	0.194
Kev 4B	multi-hop-same-month-050	0.201
Kev 4B	multi-hop-same-month-051	0.186
Kev 4B	multi-hop-same-month-052	0.193
Kev 4B	multi-hop-same-month-053	0.194
Kev 4B	multi-hop-same-month-054	0.194
Kev 4B	multi-hop-same-month-055	0.193
Kev 4B	multi-hop-same-month-056	0.2
Kev 4B	multi-hop-same-month-057	0.185
Kev 4B	multi-hop-same-month-058	0.193
Kev 4B	multi-hop-same-month-059	0.193
Kev 4B	multi-hop-same-month-060	0.2
Kev 4B	near-neighbor-control-album-001	0.186
Kev 4B	near-neighbor-control-album-002	0.194
Kev 4B	near-neighbor-control-album-003	0.194
Kev 4B	near-neighbor-control-album-004	0.196
Kev 4B	near-neighbor-control-album-005	0.196
Kev 4B	near-neighbor-control-album-006	0.197
Kev 4B	near-neighbor-control-album-007	0.197
Kev 4B	near-neighbor-control-album-008	0.195
Kev 4B	near-neighbor-control-album-009	0.197
Kev 4B	near-neighbor-control-album-010	0.202
Kev 4B	near-neighbor-control-album-011	0.202
Kev 4B	near-neighbor-control-album-012	0.208
Kev 4B	near-neighbor-control-album-013	0.206
Kev 4B	near-neighbor-control-album-014	0.201
Kev 4B	near-neighbor-control-album-015	0.201
Kev 4B	near-neighbor-control-album-016	0.196
Kev 4B	near-neighbor-control-album-017	0.196
Kev 4B	near-neighbor-control-album-018	0.202
Kev 4B	near-neighbor-control-album-019	0.186
Kev 4B	near-neighbor-control-album-020	0.198
Kev 4B	near-neighbor-control-album-021	0.198
Kev 4B	near-neighbor-control-album-022	0.199
Kev 4B	near-neighbor-control-album-023	0.196
Kev 4B	near-neighbor-control-album-024	0.211
Kev 4B	near-neighbor-control-album-025	0.184
Kev 4B	near-neighbor-control-album-026	0.196
Kev 4B	near-neighbor-control-album-027	0.196
Kev 4B	near-neighbor-control-album-028	0.204
Kev 4B	near-neighbor-control-album-029	0.177
Kev 4B	near-neighbor-control-album-030	0.194
Kev 4B	near-neighbor-control-album-031	0.194
Kev 4B	near-neighbor-control-album-032	0.205
Kev 4B	near-neighbor-control-album-033	0.189
Kev 4B	near-neighbor-control-album-034	0.195
Kev 4B	near-neighbor-control-album-035	0.195
Kev 4B	near-neighbor-control-album-036	0.206
Kev 4B	near-neighbor-control-album-037	0.188
Kev 4B	near-neighbor-control-album-038	0.204
Kev 4B	near-neighbor-control-album-039	0.188
Kev 4B	near-neighbor-control-album-040	0.201
Kev 4B	near-neighbor-control-album-041	0.185
Kev 4B	near-neighbor-control-album-042	0.195
Kev 4B	near-neighbor-control-album-043	0.192
Kev 4B	near-neighbor-control-album-044	0.194
Kev 4B	near-neighbor-control-album-045	0.194
Kev 4B	near-neighbor-control-album-046	0.202
Kev 4B	near-neighbor-control-album-047	0.189
Kev 4B	near-neighbor-control-album-048	0.199
Kev 4B	near-neighbor-control-album-049	0.198
Kev 4B	near-neighbor-control-album-050	0.205
Kev 4B	near-neighbor-control-album-051	0.191
Kev 4B	near-neighbor-control-album-052	0.195
Kev 4B	near-neighbor-control-album-053	0.195
Kev 4B	near-neighbor-control-album-054	0.195
Kev 4B	near-neighbor-control-album-055	0.195
Kev 4B	near-neighbor-control-album-056	0.195
Kev 4B	near-neighbor-control-album-057	0.195
Kev 4B	near-neighbor-control-album-058	0.193
Kev 4B	near-neighbor-control-album-059	0.193
Kev 4B	near-neighbor-control-album-060	0.2
Kev 4B	near-neighbor-album-001	0.187
Kev 4B	near-neighbor-album-002	0.201
Kev 4B	near-neighbor-album-003	0.188
Kev 4B	near-neighbor-album-004	0.196
Kev 4B	near-neighbor-album-005	0.196
Kev 4B	near-neighbor-album-006	0.195
Kev 4B	near-neighbor-album-007	0.195
Kev 4B	near-neighbor-album-008	0.2
Kev 4B	near-neighbor-album-009	0.187
Kev 4B	near-neighbor-album-010	0.193
Kev 4B	near-neighbor-album-011	0.193
Kev 4B	near-neighbor-album-012	0.194
Kev 4B	near-neighbor-album-013	0.194
Kev 4B	near-neighbor-album-014	0.194
Kev 4B	near-neighbor-album-015	0.195
Kev 4B	near-neighbor-album-016	0.2
Kev 4B	near-neighbor-album-017	0.186
Kev 4B	near-neighbor-album-018	0.193
Kev 4B	near-neighbor-album-019	0.193
Kev 4B	near-neighbor-album-020	0.194
Kev 4B	near-neighbor-album-021	0.194
Kev 4B	near-neighbor-album-022	0.201
Kev 4B	near-neighbor-album-023	0.187
Kev 4B	near-neighbor-album-024	0.196
Kev 4B	near-neighbor-album-025	0.196
Kev 4B	near-neighbor-album-026	0.195
Kev 4B	near-neighbor-album-027	0.197
Kev 4B	near-neighbor-album-028	0.191
Kev 4B	near-neighbor-album-029	0.205
Kev 4B	near-neighbor-album-030	0.195
Kev 4B	near-neighbor-album-031	0.193
Kev 4B	near-neighbor-album-032	0.196
Kev 4B	near-neighbor-album-033	0.182
Kev 4B	near-neighbor-album-034	0.191
Kev 4B	near-neighbor-album-035	0.191
Kev 4B	near-neighbor-album-036	0.21
Kev 4B	near-neighbor-album-037	0.183
Kev 4B	near-neighbor-album-038	0.194
Kev 4B	near-neighbor-album-039	0.193
Kev 4B	near-neighbor-album-040	0.194
Kev 4B	near-neighbor-album-041	0.181
Kev 4B	near-neighbor-album-042	0.198
Kev 4B	near-neighbor-album-043	0.185
Kev 4B	near-neighbor-album-044	0.199
Kev 4B	near-neighbor-album-045	0.184
Kev 4B	near-neighbor-album-046	0.19
Kev 4B	near-neighbor-album-047	0.19
Kev 4B	near-neighbor-album-048	0.193
Kev 4B	near-neighbor-album-049	0.192
Kev 4B	near-neighbor-album-050	0.194
Kev 4B	near-neighbor-album-051	0.196
Kev 4B	near-neighbor-album-052	0.194
Kev 4B	near-neighbor-album-053	0.193
Kev 4B	near-neighbor-album-054	0.198
Kev 4B	near-neighbor-album-055	0.198
Kev 4B	near-neighbor-album-056	0.193
Kev 4B	near-neighbor-album-057	0.194
Kev 4B	near-neighbor-album-058	0.188
Kev 4B	near-neighbor-album-059	0.186
Kev 4B	near-neighbor-album-060	0.192
Kev 4B	none-of-these-absent-001	0.19
Kev 4B	none-of-these-present-001	0.192
Kev 4B	none-of-these-absent-002	0.205
Kev 4B	none-of-these-present-002	0.206
Kev 4B	none-of-these-absent-003	0.191
Kev 4B	none-of-these-present-003	0.202
Kev 4B	none-of-these-absent-004	0.191
Kev 4B	none-of-these-present-004	0.195
Kev 4B	none-of-these-absent-005	0.206
Kev 4B	none-of-these-present-005	0.193
Kev 4B	none-of-these-absent-006	0.193
Kev 4B	none-of-these-present-006	0.203
Kev 4B	none-of-these-absent-007	0.176
Kev 4B	none-of-these-present-007	0.215
Kev 4B	none-of-these-absent-008	0.187
Kev 4B	none-of-these-present-008	0.205
Kev 4B	none-of-these-absent-009	0.19
Kev 4B	none-of-these-present-009	0.196
Kev 4B	none-of-these-absent-010	0.185
Kev 4B	none-of-these-present-010	0.201
Kev 4B	none-of-these-absent-011	0.186
Kev 4B	none-of-these-present-011	0.194
Kev 4B	none-of-these-absent-012	0.192
Kev 4B	none-of-these-present-012	0.194
Kev 4B	none-of-these-absent-013	0.193
Kev 4B	none-of-these-present-013	0.193
Kev 4B	none-of-these-absent-014	0.192
Kev 4B	none-of-these-present-014	0.193
Kev 4B	none-of-these-absent-015	0.195
Kev 4B	none-of-these-present-015	0.201
Kev 4B	none-of-these-absent-016	0.188
Kev 4B	none-of-these-present-016	0.195
Kev 4B	none-of-these-absent-017	0.192
Kev 4B	none-of-these-present-017	0.202
Kev 4B	none-of-these-absent-018	0.186
Kev 4B	none-of-these-present-018	0.193
Kev 4B	none-of-these-absent-019	0.195
Kev 4B	none-of-these-present-019	0.201
Kev 4B	none-of-these-absent-020	0.186
Kev 4B	none-of-these-present-020	0.195
Kev 4B	none-of-these-absent-021	0.193
Kev 4B	none-of-these-present-021	0.193
Kev 4B	none-of-these-absent-022	0.195
Kev 4B	none-of-these-present-022	0.193
Kev 4B	none-of-these-absent-023	0.193
Kev 4B	none-of-these-present-023	0.193
Kev 4B	none-of-these-absent-024	0.191
Kev 4B	none-of-these-present-024	0.193
Kev 4B	none-of-these-absent-025	0.193
Kev 4B	none-of-these-present-025	0.199
Kev 4B	none-of-these-absent-026	0.186
Kev 4B	none-of-these-present-026	0.192
Kev 4B	none-of-these-absent-027	0.194
Kev 4B	none-of-these-present-027	0.192
Kev 4B	none-of-these-absent-028	0.194
Kev 4B	none-of-these-present-028	0.192
Kev 4B	none-of-these-absent-029	0.193
Kev 4B	none-of-these-present-029	0.201
Kev 4B	none-of-these-absent-030	0.186
Kev 4B	none-of-these-present-030	0.213
Kev 4B	reversal-general-shared-name-forward-001	0.183
Kev 4B	reversal-general-shared-name-reverse-001	0.201
Kev 4B	reversal-general-shared-name-forward-002	0.187
Kev 4B	reversal-general-shared-name-reverse-002	0.194
Kev 4B	reversal-general-shared-name-forward-003	0.194
Kev 4B	reversal-general-shared-name-reverse-003	0.2
Kev 4B	reversal-general-shared-name-forward-004	0.187
Kev 4B	reversal-general-shared-name-reverse-004	0.202
Kev 4B	reversal-general-shared-name-forward-005	0.176
Kev 4B	reversal-general-shared-name-reverse-005	0.201
Kev 4B	reversal-general-shared-name-forward-006	0.186
Kev 4B	reversal-general-shared-name-reverse-006	0.2
Kev 4B	reversal-general-shared-name-forward-007	0.187
Kev 4B	reversal-general-shared-name-reverse-007	0.202
Kev 4B	reversal-general-shared-name-forward-008	0.184
Kev 4B	reversal-general-shared-name-reverse-008	0.198
Kev 4B	reversal-general-shared-name-forward-009	0.184
Kev 4B	reversal-general-shared-name-reverse-009	0.199
Kev 4B	reversal-general-shared-name-forward-010	0.182
Kev 4B	reversal-general-shared-name-reverse-010	0.199
Kev 4B	reversal-general-shared-name-forward-011	0.183
Kev 4B	reversal-general-shared-name-reverse-011	0.199
Kev 4B	reversal-general-shared-name-forward-012	0.184
Kev 4B	reversal-general-shared-name-reverse-012	0.193
Kev 4B	reversal-general-shared-name-forward-013	0.192
Kev 4B	reversal-general-shared-name-reverse-013	0.199
Kev 4B	reversal-general-shared-name-forward-014	0.185
Kev 4B	reversal-general-shared-name-reverse-014	0.198
Kev 4B	reversal-general-shared-name-forward-015	0.184
Kev 4B	reversal-general-shared-name-reverse-015	0.19
Kev 4B	reversal-general-shared-name-forward-016	0.19
Kev 4B	reversal-general-shared-name-reverse-016	0.19
Kev 4B	reversal-general-shared-name-forward-017	0.19
Kev 4B	reversal-general-shared-name-reverse-017	0.198
Kev 4B	reversal-general-shared-name-forward-018	0.184
Kev 4B	reversal-general-shared-name-reverse-018	0.192
Kev 4B	reversal-general-shared-name-forward-019	0.192
Kev 4B	reversal-general-shared-name-reverse-019	0.192
Kev 4B	reversal-general-shared-name-forward-020	0.192
Kev 4B	reversal-general-shared-name-reverse-020	0.198
Kev 4B	reversal-general-shared-name-forward-021	0.185
Kev 4B	reversal-general-shared-name-reverse-021	0.191
Kev 4B	reversal-general-forward-001	0.192
Kev 4B	reversal-general-reverse-001	0.192
Kev 4B	reversal-general-forward-002	0.192
Kev 4B	reversal-general-reverse-002	0.192
Kev 4B	reversal-general-forward-003	0.192
Kev 4B	reversal-general-reverse-003	0.192
Kev 4B	reversal-general-forward-004	0.192
Kev 4B	reversal-general-reverse-004	0.199
Kev 4B	reversal-general-forward-005	0.185
Kev 4B	reversal-general-reverse-005	0.192
Kev 4B	reversal-general-forward-006	0.191
Kev 4B	reversal-general-reverse-006	0.192
Kev 4B	reversal-general-forward-007	0.192
Kev 4B	reversal-general-reverse-007	0.199
Kev 4B	reversal-general-forward-008	0.185
Kev 4B	reversal-general-reverse-008	0.201
Kev 4B	reversal-general-forward-009	0.185
Kev 4B	reversal-general-reverse-009	0.193
Kev 4B	reversal-general-forward-010	0.193
Kev 4B	reversal-general-reverse-010	0.198
Kev 4B	reversal-general-forward-011	0.183
Kev 4B	reversal-general-reverse-011	0.2
Kev 4B	reversal-general-forward-012	0.186
Kev 4B	reversal-general-reverse-012	0.193
Kev 4B	reversal-general-forward-013	0.193
Kev 4B	reversal-general-reverse-013	0.191
Kev 4B	reversal-general-forward-014	0.193
Kev 4B	reversal-general-reverse-014	0.192
Kev 4B	reversal-general-forward-015	0.192
Kev 4B	reversal-general-reverse-015	0.199
Kev 4B	reversal-general-forward-016	0.184
Kev 4B	reversal-general-reverse-016	0.199
Kev 4B	reversal-general-forward-017	0.186
Kev 4B	reversal-general-reverse-017	0.192
Kev 4B	reversal-general-forward-018	0.192
Kev 4B	reversal-general-reverse-018	0.2
Kev 4B	reversal-general-forward-019	0.186
Kev 4B	reversal-general-reverse-019	0.199
Kev 4B	reversal-general-forward-020	0.186
Kev 4B	reversal-general-reverse-020	0.191
Kev 4B	reversal-general-forward-021	0.191
Kev 4B	reversal-general-reverse-021	0.192
Kev 4B	reversal-general-forward-022	0.192
Kev 4B	reversal-general-reverse-022	0.199
Kev 4B	reversal-general-forward-023	0.185
Kev 4B	reversal-general-reverse-023	0.191
Kev 4B	reversal-general-forward-024	0.191
Kev 4B	reversal-general-reverse-024	0.191
Kev 4B	reversal-general-forward-025	0.191
Kev 4B	reversal-general-reverse-025	0.192
Kev 4B	reversal-general-forward-026	0.192
Kev 4B	reversal-general-reverse-026	0.2
Kev 4B	reversal-general-forward-027	0.187
Kev 4B	reversal-general-reverse-027	0.192
Kev 4B	reversal-general-forward-028	0.193
Kev 4B	reversal-general-reverse-028	0.191
Kev 4B	reversal-general-forward-029	0.191
Kev 4B	reversal-general-reverse-029	0.191
Kev 4B	reversal-general-forward-030	0.191
Kev 4B	reversal-general-reverse-030	0.191
Kev 4B	reversal-general-forward-031	0.192
Kev 4B	reversal-general-reverse-031	0.199
Kev 4B	reversal-general-forward-032	0.185
Kev 4B	reversal-general-reverse-032	0.193
Kev 4B	reversal-general-forward-033	0.193
Kev 4B	reversal-general-reverse-033	0.2
Kev 4B	reversal-general-forward-034	0.186
Kev 4B	reversal-general-reverse-034	0.2
Kev 4B	reversal-general-forward-035	0.186
Kev 4B	reversal-general-reverse-035	0.201
Kev 4B	reversal-general-forward-036	0.187
Kev 4B	reversal-general-reverse-036	0.195
Kev 4B	reversal-general-forward-037	0.194
Kev 4B	reversal-general-reverse-037	0.201
Kev 4B	reversal-general-forward-038	0.188
Kev 4B	reversal-general-reverse-038	0.201
Kev 4B	reversal-general-forward-039	0.188
Kev 4B	reversal-general-reverse-039	0.194
Kev 4B	reversal-general-forward-040	0.194
Kev 4B	reversal-general-reverse-040	0.194
Kev 4B	reversal-general-forward-041	0.194
Kev 4B	reversal-general-reverse-041	0.195
Kev 4B	reversal-general-forward-042	0.195
Kev 4B	reversal-general-reverse-042	0.196
Kev 4B	reversal-general-forward-043	0.196
Kev 4B	reversal-general-reverse-043	0.202
Kev 4B	reversal-general-forward-044	0.189
Kev 4B	reversal-general-reverse-044	0.202
Kev 4B	reversal-general-forward-045	0.189
Kev 4B	reversal-general-reverse-045	0.202
Kev 4B	reversal-general-forward-046	0.189
Kev 4B	reversal-general-reverse-046	0.195
Kev 4B	reversal-general-forward-047	0.195
Kev 4B	reversal-general-reverse-047	0.197
Kev 4B	reversal-general-forward-048	0.198
Kev 4B	reversal-general-reverse-048	0.197
Kev 4B	reversal-general-forward-049	0.197
Kev 4B	reversal-general-reverse-049	0.202
Kev 4B	reversal-general-forward-050	0.187
Kev 4B	reversal-general-reverse-050	0.195
Kev 4B	reversal-general-forward-051	0.195
Kev 4B	reversal-general-reverse-051	0.196
Kev 4B	reversal-general-forward-052	0.197
Kev 4B	reversal-general-reverse-052	0.196
Kev 4B	reversal-general-forward-053	0.196
Kev 4B	reversal-general-reverse-053	0.195
Kev 4B	reversal-general-forward-054	0.194
Kev 4B	reversal-general-reverse-054	0.203
Kev 4B	reversal-general-forward-055	0.188
Kev 4B	reversal-general-reverse-055	0.206
Kev 4B	reversal-general-forward-056	0.189
Kev 4B	reversal-general-reverse-056	0.197
Kev 4B	reversal-general-forward-057	0.194
Kev 4B	reversal-general-reverse-057	0.194
Kev 4B	reversal-general-forward-058	0.193
Kev 4B	reversal-general-reverse-058	0.211
Kev 4B	reversal-general-forward-059	0.185
Kev 4B	reversal-general-reverse-059	0.205
Kev 4B	reversal-general-forward-060	0.188
Kev 4B	reversal-general-reverse-060	0.199
Kev 4B	reversal-general-forward-061	0.186
Kev 4B	reversal-general-reverse-061	0.203
Kev 4B	reversal-general-forward-062	0.19
Kev 4B	reversal-general-reverse-062	0.204
Kev 4B	reversal-general-forward-063	0.19
Kev 4B	reversal-general-reverse-063	0.194
Kev 4B	reversal-general-forward-064	0.196
Kev 4B	reversal-general-reverse-064	0.203
Kev 4B	reversal-general-forward-065	0.188
Kev 4B	reversal-general-reverse-065	0.194
Kev 4B	reversal-general-forward-066	0.193
Kev 4B	reversal-general-reverse-066	0.2
Kev 4B	reversal-general-forward-067	0.185
Kev 4B	reversal-general-reverse-067	0.213
Kev 4B	reversal-general-forward-068	0.186
Kev 4B	reversal-general-reverse-068	0.207
Kev 4B	reversal-general-forward-069	0.192
Kev 4B	reversal-general-reverse-069	0.203
Kev 4B	reversal-general-forward-070	0.19
Kev 4B	reversal-general-reverse-070	0.201
Kev 4B	reversal-general-forward-071	0.2
Kev 4B	reversal-general-reverse-071	0.2
Kev 4B	reversal-general-forward-072	0.214
Kev 4B	reversal-general-reverse-072	0.202
Kev 4B	reversal-general-forward-073	0.204
Kev 4B	reversal-general-reverse-073	0.204
Kev 4B	reversal-forward-001	0.19
Kev 4B	reversal-reverse-001	0.183
Kev 4B	reversal-forward-002	0.181
Kev 4B	reversal-reverse-002	0.166
Kev 4B	reversal-forward-003	0.167
Kev 4B	reversal-forward-004	0.167
Kev 4B	reversal-reverse-003	0.167
Kev 4B	reversal-forward-005	0.165
Kev 4B	reversal-forward-006	0.165
Kev 4B	reversal-forward-007	0.148
Kev 4B	reversal-forward-008	0.15
Kev 4B	reversal-reverse-004	0.148
Kev 4B	reversal-forward-009	0.149
Kev 4B	reversal-reverse-005	0.166
Kev 4B	reversal-forward-010	0.164
Kev 4B	reversal-reverse-006	0.183
Kev 4B	reversal-forward-011	0.183
Kev 4B	reversal-reverse-007	0.182
Kev 4B	reversal-forward-012	0.184
Kev 4B	reversal-reverse-008	0.165
Kev 4B	reversal-forward-013	0.165
Kev 4B	reversal-reverse-009	0.172
Kev 4B	reversal-forward-014	0.158
Kev 4B	reversal-reverse-010	0.175
Kev 4B	reversal-forward-015	0.158
Kev 4B	reversal-reverse-011	0.182
Kev 4B	reversal-forward-016	0.185
Kev 4B	reversal-reverse-012	0.185
Kev 4B	reversal-forward-017	0.184
Kev 4B	reversal-forward-018	0.174
Kev 4B	reversal-reverse-013	0.159
Kev 4B	reversal-forward-019	0.159
Kev 4B	reversal-forward-020	0.142
Kev 4B	reversal-reverse-014	0.167
Kev 4B	reversal-forward-021	0.167
Kev 4B	reversal-forward-022	0.184
Kev 4B	reversal-reverse-015	0.183
Kev 4B	reversal-forward-023	0.15
Kev 4B	reversal-forward-024	0.151
Kev 4B	reversal-reverse-016	0.148
Kev 4B	reversal-forward-025	0.15
Kev 4B	reversal-forward-026	0.181
Kev 4B	reversal-reverse-017	0.181
Kev 4B	reversal-forward-027	0.208
Kev 4B	reversal-reverse-018	0.19
Kev 4B	reversal-forward-028	0.199
Kev 4B	reversal-reverse-019	0.197
Kev 4B	reversal-forward-029	0.181
Kev 4B	reversal-reverse-020	0.178
Kev 4B	reversal-forward-030	0.164
Kev 4B	reversal-reverse-021	0.166
Kev 4B	reversal-forward-031	0.17
Kev 4B	reversal-reverse-022	0.157
Kev 4B	reversal-forward-032	0.162
Kev 4B	reversal-reverse-023	0.16
Kev 4B	reversal-forward-033	0.179
Kev 4B	reversal-reverse-024	0.18
Kev 4B	reversal-forward-034	0.179
Kev 4B	reversal-reverse-025	0.181
Kev 4B	reversal-forward-035	0.162
Kev 4B	reversal-reverse-026	0.162
Kev 4B	reversal-forward-036	0.171
Kev 4B	reversal-reverse-027	0.156
Kev 4B	reversal-forward-037	0.171
Kev 4B	reversal-reverse-028	0.156
Kev 4B	reverse-singer-to-song-001	0.188
Kev 4B	reverse-singer-to-song-002	0.174
Kev 4B	reverse-singer-to-song-003	0.174
Kev 4B	reverse-singer-to-song-004	0.159
Kev 4B	reverse-singer-to-song-005	0.142
Kev 4B	reverse-singer-to-song-006	0.127
Kev 4B	reverse-singer-to-song-007	0.134
Kev 4B	reverse-singer-to-song-008	0.134
Kev 4B	reverse-singer-to-song-009	0.134
Kev 4B	reverse-singer-to-song-010	0.134
Kev 4B	reverse-singer-to-song-011	0.168
Kev 4B	reverse-singer-to-song-012	0.167
Kev 4B	reverse-singer-to-song-013	0.166
Kev 4B	reverse-singer-to-song-014	0.166
Kev 4B	reverse-singer-to-song-015	0.141
Kev 4B	reverse-singer-to-song-016	0.126
Kev 4B	reverse-singer-to-song-017	0.142
Kev 4B	reverse-singer-to-song-018	0.125
Kev 4B	reverse-singer-to-song-019	0.133
Kev 4B	reverse-singer-to-song-020	0.131
Kev 4B	reverse-singer-to-song-021	0.168
Kev 4B	reverse-singer-to-song-022	0.166
Kev 4B	reverse-singer-to-song-023	0.174
Kev 4B	reverse-singer-to-song-024	0.16
Kev 4B	reverse-singer-to-song-025	0.131
Kev 4B	reverse-singer-to-song-026	0.131
Kev 4B	reverse-singer-to-song-027	0.139
Kev 4B	reverse-singer-to-song-028	0.126
Kev 4B	reverse-singer-to-song-029	0.133
Kev 4B	reverse-singer-to-song-030	0.134
Kev 4B	reverse-singer-to-song-031	0.166
Kev 4B	reverse-singer-to-song-032	0.166
Kev 4B	reverse-singer-to-song-033	0.175
Kev 4B	reverse-singer-to-song-034	0.158
Kev 4B	reverse-singer-to-song-035	0.139
Kev 4B	reverse-singer-to-song-036	0.125
Kev 4B	reverse-singer-to-song-037	0.139
Kev 4B	reverse-singer-to-song-038	0.124
Kev 4B	reverse-singer-to-song-039	0.133
Kev 4B	reverse-singer-to-song-040	0.133
Kev 4B	reverse-album-to-song-001	0.175
Kev 4B	reverse-album-to-song-002	0.161
Kev 4B	reverse-album-to-song-003	0.199
Kev 4B	reverse-album-to-song-004	0.202
Kev 4B	reverse-album-to-song-005	0.193
Kev 4B	reverse-album-to-song-006	0.177
Kev 4B	reverse-album-to-song-007	0.17
Kev 4B	reverse-album-to-song-008	0.167
Kev 4B	reverse-album-to-song-009	0.192
Kev 4B	reverse-album-to-song-010	0.177
Kev 4B	reverse-album-to-song-011	0.167
Kev 4B	reverse-album-to-song-012	0.167
Kev 4B	reverse-album-to-song-013	0.175
Kev 4B	reverse-album-to-song-014	0.16
Kev 4B	reverse-album-to-song-015	0.191
Kev 4B	reverse-album-to-song-016	0.178
Kev 4B	reverse-album-to-song-017	0.166
Kev 4B	reverse-album-to-song-018	0.165
Kev 4B	reverse-album-to-song-019	0.192
Kev 4B	reverse-album-to-song-020	0.179
Kev 4B	reverse-album-to-song-021	0.185
Kev 4B	reverse-album-to-song-022	0.186
Kev 4B	reverse-album-to-song-023	0.164
Kev 4B	reverse-album-to-song-024	0.165
Kev 4B	reverse-album-to-song-025	0.171
Kev 4B	reverse-album-to-song-026	0.157
Kev 4B	reverse-album-to-song-027	0.182
Kev 4B	reverse-album-to-song-028	0.184
Kev 4B	reverse-album-to-song-029	0.182
Kev 4B	reverse-album-to-song-030	0.182
Kev 4B	reverse-album-to-song-031	0.183
Kev 4B	reverse-album-to-song-032	0.181
Kev 4B	reverse-album-to-song-033	0.19
Kev 4B	reverse-album-to-song-034	0.176
Kev 4B	reverse-album-to-song-035	0.183
Kev 4B	reverse-album-to-song-036	0.182
Kev 4B	reverse-album-to-song-037	0.207
Kev 4B	reverse-album-to-song-038	0.192
Kev 4B	reverse-album-to-song-039	0.209
Kev 4B	reverse-album-to-song-040	0.194
Kev 4B	reverse-singer-yes-no-001	0.208
Kev 4B	reverse-singer-yes-no-002	0.193
Kev 4B	reverse-singer-yes-no-003	0.2
Kev 4B	reverse-singer-yes-no-004	0.198
Kev 4B	reverse-singer-yes-no-005	0.209
Kev 4B	reverse-singer-yes-no-006	0.193
Kev 4B	reverse-singer-yes-no-007	0.201
Kev 4B	reverse-singer-yes-no-008	0.2
Kev 4B	reverse-singer-yes-no-009	0.208
Kev 4B	reverse-singer-yes-no-010	0.193
Kev 4B	reverse-singer-yes-no-011	0.2
Kev 4B	reverse-singer-yes-no-012	0.201
Kev 4B	reverse-singer-yes-no-013	0.199
Kev 4B	reverse-singer-yes-no-014	0.199
Kev 4B	reverse-singer-yes-no-015	0.198
Kev 4B	reverse-singer-yes-no-016	0.2
Kev 4B	reverse-singer-yes-no-017	0.199
Kev 4B	reverse-singer-yes-no-018	0.199
Kev 4B	reverse-singer-yes-no-019	0.201
Kev 4B	reverse-singer-yes-no-020	0.199
Kev 4B	reverse-singer-yes-no-021	0.21
Kev 4B	reverse-singer-yes-no-022	0.195
Kev 4B	reverse-singer-yes-no-023	0.202
Kev 4B	reverse-singer-yes-no-024	0.203
Kev 4B	reverse-singer-yes-no-025	0.21
Kev 4B	reverse-singer-yes-no-026	0.193
Kev 4B	reverse-singer-yes-no-027	0.207
Kev 4B	reverse-singer-yes-no-028	0.193
Kev 4B	reverse-singer-yes-no-029	0.202
Kev 4B	reverse-singer-yes-no-030	0.2
Kev 4B	reverse-singer-yes-no-031	0.199
Kev 4B	reverse-singer-yes-no-032	0.213
Kev 4B	shared-lead-shared-lead-001	0.206
Kev 4B	shared-lead-shared-lead-002	0.193
Kev 4B	shared-lead-shared-lead-003	0.198
Kev 4B	shared-lead-shared-lead-004	0.185
Kev 4B	shared-lead-shared-lead-005	0.194
Kev 4B	shared-lead-shared-lead-006	0.196
Kev 4B	shared-lead-shared-lead-007	0.196
Kev 4B	shared-lead-shared-lead-008	0.196
Kev 4B	shared-lead-shared-lead-009	0.197
Kev 4B	shared-lead-shared-lead-010	0.195
Kev 4B	shared-lead-shared-lead-011	0.197
Kev 4B	shared-lead-shared-lead-012	0.197
Kev 4B	shared-lead-shared-lead-013	0.199
Kev 4B	shared-lead-shared-lead-014	0.199
Kev 4B	shared-lead-shared-lead-015	0.206
Kev 4B	shared-lead-shared-lead-016	0.193
Kev 4B	shared-lead-shared-lead-017	0.202
Kev 4B	shared-lead-shared-lead-018	0.202
Kev 4B	shared-lead-shared-lead-019	0.201
Kev 4B	shared-lead-shared-lead-020	0.201
Kev 4B	shared-lead-shared-lead-021	0.201
Kev 4B	shared-lead-shared-lead-022	0.202
Kev 4B	shared-lead-shared-lead-023	0.2
Kev 4B	shared-lead-shared-lead-024	0.2
Kev 4B	shared-lead-shared-lead-025	0.208
Kev 4B	shared-lead-shared-lead-026	0.191
Kev 4B	shared-lead-shared-lead-027	0.202
Kev 4B	shared-lead-shared-lead-028	0.202
Kev 4B	shared-lead-shared-lead-029	0.202
Kev 4B	shared-lead-shared-lead-030	0.2
Kev 4B	shared-lead-shared-lead-031	0.203
Kev 4B	shared-lead-shared-lead-032	0.203
Kev 4B	single-hop-song-album-001	0.212
Kev 4B	single-hop-album-year-001	0.212
Kev 4B	single-hop-song-album-002	0.244
Kev 4B	single-hop-album-year-002	0.217
Kev 4B	single-hop-song-album-003	0.243
Kev 4B	single-hop-album-year-003	0.227
Kev 4B	single-hop-song-album-004	0.236
Kev 4B	single-hop-album-year-004	0.223
Kev 4B	single-hop-song-album-005	0.229
Kev 4B	single-hop-album-year-005	0.227
Kev 4B	single-hop-song-album-006	0.226
Kev 4B	single-hop-song-album-007	0.226
Kev 4B	single-hop-song-album-008	0.233
Kev 4B	single-hop-song-album-009	0.219
Kev 4B	single-hop-album-year-006	0.234
Kev 4B	single-hop-song-album-010	0.221
Kev 4B	single-hop-album-year-007	0.23
Kev 4B	single-hop-song-album-011	0.23
Kev 4B	single-hop-album-year-008	0.239
Kev 4B	single-hop-song-album-012	0.224
Kev 4B	single-hop-song-album-013	0.232
Kev 4B	single-hop-album-year-009	0.233
Kev 4B	single-hop-song-album-014	0.231
Kev 4B	single-hop-album-year-010	0.23
Kev 4B	single-hop-song-album-015	0.224
Kev 4B	single-hop-song-album-016	0.224
Kev 4B	single-hop-song-album-017	0.219
Kev 4B	single-hop-song-album-018	0.219
Kev 4B	single-hop-song-album-019	0.219
Kev 4B	single-hop-song-album-020	0.219
Kev 4B	single-hop-song-album-021	0.23
Kev 4B	single-hop-album-year-011	0.23
Kev 4B	single-hop-song-album-022	0.241
Kev 4B	single-hop-song-album-023	0.229
Kev 4B	single-hop-album-year-012	0.243
Kev 4B	single-hop-song-album-024	0.23
Kev 4B	single-hop-song-album-025	0.245
Kev 4B	single-hop-album-year-013	0.233
Kev 4B	single-hop-song-album-026	0.229
Kev 4B	single-hop-song-album-027	0.229
Kev 4B	single-hop-song-album-028	0.229
Kev 4B	single-hop-song-album-029	0.216
Kev 4B	single-hop-song-album-030	0.227
Kev 4B	single-hop-song-album-031	0.228
Kev 4B	single-hop-song-album-032	0.232
Kev 4B	single-hop-song-album-033	0.233
Kev 4B	single-hop-song-album-034	0.224
Kev 4B	single-hop-song-album-035	0.225
Kev 4B	single-hop-song-album-036	0.227
Kev 4B	single-hop-song-album-037	0.21
Kev 4B	single-hop-song-album-038	0.239
Kev 4B	single-hop-song-album-039	0.22
Kev 4B	single-hop-song-album-040	0.226
Kev 4B	single-hop-song-album-041	0.226
Kev 4B	single-hop-song-album-042	0.224
Kev 4B	single-hop-song-album-043	0.209
Kev 4B	single-hop-song-album-044	0.225
Kev 4B	single-hop-song-album-045	0.225
Kev 4B	single-hop-song-album-046	0.222
Kev 4B	single-hop-song-album-047	0.224
Kev 4B	single-hop-song-album-048	0.23
Kev 4B	single-hop-song-album-049	0.215
Kev 4B	single-hop-song-album-050	0.226
Kev 4B	single-hop-song-album-051	0.224
Kev 4B	single-hop-song-album-052	0.23
Kev 4B	single-hop-song-album-053	0.216
Kev 4B	single-hop-song-album-054	0.224
Kev 4B	single-hop-song-album-055	0.225
Kev 4B	single-hop-song-album-056	0.225
Kev 4B	single-hop-song-album-057	0.225
Kev 4B	single-hop-song-album-058	0.219
Kev 4B	single-hop-song-album-059	0.221
Kev 4B	single-hop-song-album-060	0.227
Kev 4B	single-hop-song-month-001	0.213
Kev 4B	single-hop-event-month-001	0.227
Kev 4B	single-hop-song-month-002	0.227
Kev 4B	single-hop-event-month-002	0.238
Kev 4B	single-hop-song-month-003	0.238
Kev 4B	single-hop-event-month-003	0.255
Kev 4B	single-hop-song-month-004	0.255
Kev 4B	single-hop-event-month-004	0.247
Kev 4B	single-hop-song-month-005	0.234
Kev 4B	single-hop-event-month-005	0.23
Kev 4B	single-hop-song-month-006	0.214
Kev 4B	single-hop-event-month-006	0.223
Kev 4B	single-hop-song-month-007	0.224
Kev 4B	single-hop-event-month-007	0.226
Kev 4B	single-hop-song-month-008	0.226
Kev 4B	single-hop-event-month-008	0.228
Kev 4B	single-hop-song-month-009	0.228
Kev 4B	single-hop-event-month-009	0.235
Kev 4B	single-hop-song-month-010	0.22
Kev 4B	single-hop-event-month-010	0.228
Kev 4B	single-hop-song-month-011	0.231
Kev 4B	single-hop-event-month-011	0.239
Kev 4B	single-hop-song-month-012	0.222
Kev 4B	single-hop-event-month-012	0.222
Kev 4B	single-hop-song-month-013	0.233
Kev 4B	single-hop-event-month-013	0.226
Kev 4B	single-hop-song-month-014	0.224
Kev 4B	single-hop-event-month-014	0.237
Kev 4B	single-hop-song-month-015	0.21
Kev 4B	single-hop-song-month-016	0.232
Kev 4B	single-hop-event-month-015	0.216
Kev 4B	single-hop-song-month-017	0.227
Kev 4B	single-hop-event-month-016	0.227
Kev 4B	single-hop-song-month-018	0.239
Kev 4B	single-hop-event-month-017	0.223
Kev 4B	single-hop-song-month-019	0.226
Kev 4B	single-hop-event-month-018	0.228
Kev 4B	single-hop-song-month-020	0.224
Kev 4B	single-hop-event-month-019	0.226
Kev 4B	single-hop-song-month-021	0.231
Kev 4B	single-hop-event-month-020	0.216
Kev 4B	single-hop-song-month-022	0.225
Kev 4B	single-hop-event-month-021	0.223
Kev 4B	single-hop-song-month-023	0.231
Kev 4B	single-hop-event-month-022	0.233
Kev 4B	single-hop-song-month-024	0.234
Kev 4B	single-hop-event-month-023	0.234
Kev 4B	single-hop-song-month-025	0.236
Kev 4B	single-hop-event-month-024	0.219
Kev 4B	single-hop-song-month-026	0.226
Kev 4B	single-hop-song-month-027	0.228
Kev 4B	single-hop-song-month-028	0.226
Kev 4B	single-hop-event-month-025	0.226
Kev 4B	single-hop-song-month-029	0.222
Kev 4B	single-hop-event-month-026	0.22
Kev 4B	single-hop-song-month-030	0.23
Kev 4B	single-hop-event-month-027	0.215
Kev 4B	single-hop-song-month-031	0.226
Kev 4B	single-hop-event-month-028	0.225
Kev 4B	single-hop-song-month-032	0.23
Kev 4B	single-hop-event-month-029	0.217
Kev 4B	single-hop-song-month-033	0.219
Kev 4B	single-hop-event-month-030	0.22
Kev 4B	single-hop-song-month-034	0.222
Kev 4B	single-hop-event-month-031	0.222
Kev 4B	single-hop-song-month-035	0.232
Kev 4B	single-hop-event-month-032	0.234
Kev 4B	single-hop-song-month-036	0.231
Kev 4B	single-hop-event-month-033	0.231
Kev 4B	single-hop-song-month-037	0.232
Kev 4B	single-hop-event-month-034	0.217
Kev 4B	single-hop-song-month-038	0.233
Kev 4B	single-hop-event-month-035	0.22
Kev 4B	single-hop-song-month-039	0.227
Kev 4B	single-hop-event-month-036	0.227
Kev 4B	single-hop-song-month-040	0.232
Kev 4B	single-hop-event-month-037	0.219
Kev 4B	single-hop-song-month-041	0.243
Kev 4B	single-hop-song-month-042	0.217
Kev 4B	single-hop-event-month-038	0.238
Kev 4B	single-hop-song-month-043	0.238
Kev 4B	single-hop-event-month-039	0.242
Kev 4B	single-hop-song-month-044	0.215
Kev 4B	single-hop-event-month-040	0.235
Kev 4B	single-hop-song-month-045	0.219
Kev 4B	single-hop-event-month-041	0.228
Kev 4B	single-hop-song-month-046	0.228
Kev 4B	single-hop-event-month-042	0.226
Kev 4B	single-hop-song-month-047	0.224
Kev 4B	single-hop-event-month-043	0.226
Kev 4B	single-hop-song-month-048	0.226
Kev 4B	single-hop-event-month-044	0.223
Kev 4B	single-hop-event-month-045	0.223
Kev 4B	single-hop-event-month-046	0.23
Kev 4B	single-hop-event-month-047	0.215
Kev 4B	single-hop-song-month-049	0.237
Kev 4B	single-hop-event-month-048	0.219
Kev 4B	single-hop-song-month-050	0.236
Kev 4B	single-hop-event-month-049	0.234
Kev 4B	single-hop-song-month-051	0.243
Kev 4B	single-hop-event-month-050	0.239
Kev 4B	single-hop-song-month-052	0.241
Kev 4B	single-hop-event-month-051	0.241
Kev 4B	single-hop-song-month-053	0.233
Kev 4B	single-hop-event-month-052	0.236
Kev 4B	single-hop-song-month-054	0.239
Kev 4B	single-hop-event-month-053	0.227
Kev 4B	single-hop-song-month-055	0.236
Kev 4B	single-hop-song-month-056	0.221
Kev 4B	single-hop-song-month-057	0.225
Kev 4B	single-hop-event-month-054	0.225
Kev 4B	single-hop-song-month-058	0.228
Kev 4B	single-hop-song-month-059	0.215
Kev 4B	single-hop-event-month-055	0.222
Kev 4B	single-hop-song-month-060	0.222
Kev 4B	single-hop-event-month-056	0.228
Kev 4B	single-hop-song-month-061	0.228
Kev 4B	single-hop-song-month-062	0.234
Kev 4B	single-hop-song-month-063	0.22
Kev 4B	single-hop-event-month-057	0.22
Kev 4B	single-hop-song-month-064	0.233
Kev 4B	single-hop-song-month-065	0.229
Kev 4B	single-hop-event-month-058	0.215
Kev 4B	single-hop-event-month-059	0.227
Kev 4B	single-hop-song-month-066	0.214
Kev 4B	single-hop-event-month-060	0.234
Kev 4B	single-hop-song-month-067	0.22
Kev 4B	single-hop-event-month-061	0.226
Kev 4B	single-hop-song-month-068	0.227
Kev 4B	single-hop-song-month-069	0.232
Kev 4B	single-hop-event-month-062	0.219
Kev 4B	single-hop-song-month-070	0.225
Kev 4B	single-hop-event-month-063	0.225
Kev 4B	single-hop-song-month-071	0.233
Kev 4B	single-hop-song-month-072	0.22
Kev 4B	single-hop-song-month-073	0.224
Kev 4B	single-hop-event-month-064	0.224
Kev 4B	single-hop-song-month-074	0.231
Kev 4B	single-hop-event-month-065	0.218
Kev 4B	single-hop-song-month-075	0.225
Kev 4B	single-hop-song-month-076	0.225
Kev 4B	single-hop-song-month-077	0.222
Kev 4B	single-hop-song-month-078	0.224
Kev 4B	single-hop-event-month-066	0.231
Kev 4B	single-hop-song-month-079	0.218
Kev 4B	single-hop-event-month-067	0.232
Kev 4B	single-hop-song-month-080	0.216
Kev 4B	single-hop-song-month-081	0.218
Kev 4B	single-hop-event-month-068	0.218
Kev 4B	single-hop-song-month-082	0.213
Kev 4B	single-hop-event-month-069	0.213
Kev 4B	single-hop-song-month-083	0.219
Kev 4B	single-hop-event-month-070	0.205
Kev 4B	single-hop-song-month-084	0.211
Kev 4B	single-hop-event-month-071	0.211
Kev 4B	single-hop-song-month-085	0.212
Kev 4B	single-hop-song-month-086	0.212
Kev 4B	single-hop-event-month-072	0.214
Kev 4B	single-hop-song-month-087	0.213
Kev 4B	single-hop-song-month-088	0.218
Kev 4B	single-hop-song-month-089	0.218
Kev 4B	single-hop-song-month-090	0.23
Kev 4B	single-hop-song-month-091	0.214
Kev 4B	single-hop-song-month-092	0.225
Kev 4B	single-hop-song-month-093	0.225
Kev 4B	single-hop-song-month-094	0.238
Kev 4B	single-hop-event-month-073	0.221
Kev 4B	single-hop-song-month-095	0.227
Kev 4B	single-hop-event-month-074	0.227
Kev 4B	single-hop-song-month-096	0.236
Kev 4B	single-hop-song-month-097	0.222
Kev 4B	single-hop-event-month-075	0.236
Kev 4B	single-hop-song-month-098	0.223
Kev 4B	single-hop-song-month-099	0.229
Kev 4B	single-hop-event-month-076	0.216
Liquid d1	comparison-longer-001	0.614
Liquid d1	comparison-longer-002	0.843
Liquid d1	comparison-longer-003	0.278
Liquid d1	comparison-longer-004	0.52
Liquid d1	comparison-longer-005	0.479
Liquid d1	comparison-longer-006	0.518
Liquid d1	comparison-longer-007	0.798
Liquid d1	comparison-longer-008	0.827
Liquid d1	comparison-longer-009	0.334
Liquid d1	comparison-longer-010	0.441
Liquid d1	comparison-longer-011	0.338
Liquid d1	comparison-longer-012	0.46
Liquid d1	comparison-longer-013	0.343
Liquid d1	comparison-longer-014	0.298
Liquid d1	comparison-longer-015	0.487
Liquid d1	comparison-longer-016	0.322
Liquid d1	comparison-longer-017	0.668
Liquid d1	comparison-longer-018	0.358
Liquid d1	comparison-longer-019	0.337
Liquid d1	comparison-longer-020	1.077
Liquid d1	comparison-longer-021	0.774
Liquid d1	comparison-longer-022	0.271
Liquid d1	comparison-longer-023	0.327
Liquid d1	comparison-longer-024	0.278
Liquid d1	comparison-longer-025	0.267
Liquid d1	comparison-longer-026	0.295
Liquid d1	comparison-longer-027	0.276
Liquid d1	comparison-longer-028	0.363
Liquid d1	comparison-longer-029	0.273
Liquid d1	comparison-longer-030	0.296
Liquid d1	comparison-longer-031	0.284
Liquid d1	comparison-longer-032	0.291
Liquid d1	comparison-longer-033	0.319
Liquid d1	comparison-longer-034	0.254
Liquid d1	comparison-longer-035	0.28
Liquid d1	comparison-longer-036	0.295
Liquid d1	comparison-longer-037	0.739
Liquid d1	comparison-longer-038	0.289
Liquid d1	comparison-longer-039	0.236
Liquid d1	comparison-longer-040	0.328
Liquid d1	comparison-longer-041	0.27
Liquid d1	comparison-longer-042	0.284
Liquid d1	comparison-longer-043	0.238
Liquid d1	comparison-longer-044	0.275
Liquid d1	comparison-longer-045	0.252
Liquid d1	comparison-longer-046	0.274
Liquid d1	comparison-longer-047	0.247
Liquid d1	comparison-longer-048	0.322
Liquid d1	comparison-longer-049	0.26
Liquid d1	comparison-longer-050	0.247
Liquid d1	comparison-longer-051	0.274
Liquid d1	comparison-longer-052	0.571
Liquid d1	comparison-longer-053	0.305
Liquid d1	comparison-longer-054	1.08
Liquid d1	comparison-longer-055	0.484
Liquid d1	comparison-longer-056	0.259
Liquid d1	comparison-longer-057	0.306
Liquid d1	comparison-longer-058	0.259
Liquid d1	comparison-longer-059	0.247
Liquid d1	comparison-longer-060	0.358
Liquid d1	forward-singer-001	0.658
Liquid d1	forward-singer-002	0.386
Liquid d1	forward-singer-003	0.261
Liquid d1	forward-singer-004	0.278
Liquid d1	forward-singer-005	0.362
Liquid d1	forward-singer-006	0.441
Liquid d1	forward-singer-007	0.309
Liquid d1	forward-singer-008	0.245
Liquid d1	forward-singer-009	0.248
Liquid d1	forward-singer-010	0.254
Liquid d1	forward-singer-011	0.301
Liquid d1	forward-singer-012	0.256
Liquid d1	forward-singer-013	0.26
Liquid d1	forward-singer-014	0.327
Liquid d1	forward-singer-015	0.255
Liquid d1	forward-singer-016	0.302
Liquid d1	forward-singer-017	0.26
Liquid d1	forward-singer-018	0.247
Liquid d1	forward-singer-019	0.29
Liquid d1	forward-singer-020	0.247
Liquid d1	forward-singer-021	0.243
Liquid d1	forward-singer-022	0.244
Liquid d1	forward-singer-023	0.254
Liquid d1	forward-singer-024	0.257
Liquid d1	forward-singer-025	0.324
Liquid d1	forward-singer-026	0.285
Liquid d1	forward-singer-027	0.288
Liquid d1	forward-singer-028	0.284
Liquid d1	forward-singer-029	0.283
Liquid d1	forward-singer-030	0.365
Liquid d1	forward-singer-031	0.273
Liquid d1	forward-singer-032	0.257
Liquid d1	forward-singer-033	0.301
Liquid d1	forward-singer-034	0.261
Liquid d1	forward-singer-035	0.286
Liquid d1	forward-singer-036	0.507
Liquid d1	forward-singer-037	1.308
Liquid d1	forward-singer-038	0.275
Liquid d1	forward-singer-039	0.272
Liquid d1	forward-singer-040	0.258
Liquid d1	forward-singer-041	0.288
Liquid d1	forward-singer-042	0.247
Liquid d1	forward-singer-043	0.268
Liquid d1	forward-singer-044	0.416
Liquid d1	forward-singer-045	0.269
Liquid d1	forward-singer-046	0.243
Liquid d1	forward-singer-047	0.29
Liquid d1	forward-singer-048	0.252
Liquid d1	forward-singer-049	0.293
Liquid d1	forward-singer-050	0.294
Liquid d1	forward-singer-051	0.263
Liquid d1	forward-singer-052	0.242
Liquid d1	forward-singer-053	0.249
Liquid d1	forward-singer-054	0.356
Liquid d1	forward-singer-055	0.276
Liquid d1	forward-singer-056	0.274
Liquid d1	forward-singer-057	0.285
Liquid d1	forward-album-001	0.263
Liquid d1	forward-album-002	0.327
Liquid d1	forward-album-003	0.245
Liquid d1	forward-album-004	0.254
Liquid d1	forward-album-005	0.653
Liquid d1	forward-album-006	0.352
Liquid d1	forward-album-007	0.257
Liquid d1	forward-album-008	0.243
Liquid d1	forward-album-009	1.216
Liquid d1	forward-album-010	0.497
Liquid d1	forward-album-011	0.31
Liquid d1	forward-album-012	0.826
Liquid d1	forward-album-013	0.297
Liquid d1	forward-album-014	0.318
Liquid d1	forward-album-015	0.272
Liquid d1	forward-album-016	0.24
Liquid d1	forward-album-017	0.255
Liquid d1	forward-album-018	0.305
Liquid d1	forward-album-019	0.289
Liquid d1	forward-album-020	0.267
Liquid d1	forward-album-021	0.268
Liquid d1	forward-album-022	0.232
Liquid d1	forward-album-023	0.258
Liquid d1	forward-album-024	0.264
Liquid d1	forward-album-025	0.293
Liquid d1	forward-album-026	0.39
Liquid d1	forward-album-027	0.273
Liquid d1	forward-album-028	0.274
Liquid d1	forward-album-029	0.255
Liquid d1	forward-album-030	0.272
Liquid d1	forward-album-031	0.24
Liquid d1	forward-album-032	0.367
Liquid d1	forward-album-033	0.255
Liquid d1	forward-album-034	0.277
Liquid d1	forward-album-035	0.241
Liquid d1	forward-album-036	0.261
Liquid d1	forward-album-037	0.279
Liquid d1	forward-album-038	0.264
Liquid d1	forward-album-039	0.252
Liquid d1	forward-album-040	0.764
Liquid d1	forward-album-041	0.304
Liquid d1	forward-album-042	0.237
Liquid d1	forward-album-043	0.406
Liquid d1	forward-album-044	0.407
Liquid d1	forward-album-045	0.24
Liquid d1	forward-album-046	0.312
Liquid d1	forward-album-047	0.261
Liquid d1	forward-album-048	0.343
Liquid d1	forward-album-049	0.447
Liquid d1	forward-album-050	0.275
Liquid d1	forward-album-051	0.369
Liquid d1	forward-album-052	0.237
Liquid d1	forward-album-053	0.289
Liquid d1	forward-album-054	0.273
Liquid d1	forward-album-055	0.241
Liquid d1	forward-album-056	0.233
Liquid d1	forward-album-057	0.242
Liquid d1	forward-album-058	0.252
Liquid d1	forward-album-059	0.258
Liquid d1	forward-album-060	0.338
Liquid d1	forward-songwriter-001	0.237
Liquid d1	forward-songwriter-002	0.295
Liquid d1	forward-songwriter-003	0.267
Liquid d1	forward-songwriter-004	0.247
Liquid d1	forward-songwriter-005	0.25
Liquid d1	forward-songwriter-006	0.244
Liquid d1	forward-songwriter-007	0.328
Liquid d1	forward-songwriter-008	0.234
Liquid d1	forward-songwriter-009	0.422
Liquid d1	forward-songwriter-010	0.255
Liquid d1	forward-songwriter-011	0.274
Liquid d1	forward-songwriter-012	0.518
Liquid d1	forward-songwriter-013	0.486
Liquid d1	forward-songwriter-014	0.255
Liquid d1	forward-songwriter-015	0.528
Liquid d1	forward-songwriter-016	0.282
Liquid d1	forward-songwriter-017	0.261
Liquid d1	forward-songwriter-018	0.251
Liquid d1	forward-songwriter-019	0.243
Liquid d1	forward-songwriter-020	0.291
Liquid d1	forward-songwriter-021	0.256
Liquid d1	forward-songwriter-022	0.257
Liquid d1	forward-songwriter-023	0.313
Liquid d1	forward-songwriter-024	0.285
Liquid d1	forward-songwriter-025	0.237
Liquid d1	forward-songwriter-026	0.232
Liquid d1	forward-songwriter-027	0.265
Liquid d1	forward-songwriter-028	0.248
Liquid d1	forward-songwriter-029	0.262
Liquid d1	forward-songwriter-030	0.413
Liquid d1	forward-songwriter-031	0.259
Liquid d1	forward-songwriter-032	0.354
Liquid d1	forward-songwriter-033	0.261
Liquid d1	forward-songwriter-034	0.271
Liquid d1	forward-songwriter-035	0.26
Liquid d1	forward-songwriter-036	0.452
Liquid d1	forward-songwriter-037	0.36
Liquid d1	forward-songwriter-038	0.271
Liquid d1	forward-songwriter-039	0.248
Liquid d1	forward-songwriter-040	0.302
Liquid d1	forward-songwriter-041	0.289
Liquid d1	forward-songwriter-042	0.244
Liquid d1	forward-songwriter-043	0.548
Liquid d1	forward-songwriter-044	0.271
Liquid d1	forward-songwriter-045	0.253
Liquid d1	forward-songwriter-046	0.26
Liquid d1	forward-songwriter-047	0.246
Liquid d1	forward-year-001	0.261
Liquid d1	forward-year-002	0.296
Liquid d1	forward-year-003	0.504
Liquid d1	forward-year-004	0.264
Liquid d1	forward-year-005	0.274
Liquid d1	forward-year-006	0.3
Liquid d1	forward-year-007	0.258
Liquid d1	forward-year-008	0.345
Liquid d1	forward-year-009	0.252
Liquid d1	forward-year-010	3.099
Liquid d1	forward-year-011	0.26
Liquid d1	forward-year-012	0.44
Liquid d1	forward-year-013	0.345
Liquid d1	forward-year-014	0.246
Liquid d1	forward-year-015	0.271
Liquid d1	forward-year-016	0.278
Liquid d1	forward-year-017	0.244
Liquid d1	forward-year-018	0.27
Liquid d1	forward-year-019	0.358
Liquid d1	forward-year-020	0.268
Liquid d1	forward-year-021	0.242
Liquid d1	forward-year-022	0.254
Liquid d1	forward-year-023	0.351
Liquid d1	forward-year-024	60.873
Liquid d1	forward-year-025	0.338
Liquid d1	forward-year-026	4.242
Liquid d1	forward-year-027	1.139
Liquid d1	forward-year-028	0.689
Liquid d1	forward-year-029	0.319
Liquid d1	forward-year-030	0.476
Liquid d1	forward-year-031	0.86
Liquid d1	forward-year-032	0.285
Liquid d1	forward-year-033	0.345
Liquid d1	forward-year-034	0.564
Liquid d1	forward-year-035	0.288
Liquid d1	forward-year-036	0.548
Liquid d1	forward-year-037	0.544
Liquid d1	forward-year-038	0.557
Liquid d1	forward-year-039	0.649
Liquid d1	forward-year-040	0.388
Liquid d1	forward-year-041	0.29
Liquid d1	forward-year-042	0.438
Liquid d1	forward-year-043	0.444
Liquid d1	forward-year-044	0.298
Liquid d1	forward-year-045	3.11
Liquid d1	forward-year-046	0.439
Liquid d1	forward-year-047	0.795
Liquid d1	forward-year-048	0.718
Liquid d1	forward-year-049	0.287
Liquid d1	forward-year-050	0.309
Liquid d1	forward-year-051	0.593
Liquid d1	forward-year-052	0.854
Liquid d1	forward-year-053	1.513
Liquid d1	forward-year-054	0.478
Liquid d1	forward-year-055	0.472
Liquid d1	forward-year-056	0.356
Liquid d1	forward-year-057	0.457
Liquid d1	forward-year-058	0.288
Liquid d1	forward-year-059	0.291
Liquid d1	forward-year-060	0.73
Liquid d1	lead-set-john-001	0.962
Liquid d1	lead-set-paul-001	0.316
Liquid d1	lead-set-george-001	0.546
Liquid d1	lead-set-ringo-001	0.281
Liquid d1	lead-set-john-002	0.501
Liquid d1	lead-set-paul-002	0.265
Liquid d1	lead-set-george-002	0.303
Liquid d1	lead-set-ringo-002	0.599
Liquid d1	lead-set-john-003	0.308
Liquid d1	lead-set-paul-003	0.491
Liquid d1	lead-set-george-003	0.304
Liquid d1	lead-set-ringo-003	0.487
Liquid d1	lead-set-john-004	1.091
Liquid d1	lead-set-paul-004	0.706
Liquid d1	lead-set-george-004	0.279
Liquid d1	lead-set-ringo-004	0.304
Liquid d1	lead-set-john-005	0.545
Liquid d1	lead-set-paul-005	0.324
Liquid d1	lead-set-george-005	0.55
Liquid d1	lead-set-ringo-005	0.617
Liquid d1	lead-set-john-006	0.288
Liquid d1	lead-set-paul-006	0.262
Liquid d1	lead-set-george-006	0.643
Liquid d1	lead-set-ringo-006	0.984
Liquid d1	lead-set-john-007	0.328
Liquid d1	lead-set-paul-007	0.566
Liquid d1	lead-set-george-007	0.412
Liquid d1	lead-set-ringo-007	0.5
Liquid d1	lead-set-john-008	0.269
Liquid d1	lead-set-paul-008	0.817
Liquid d1	lead-set-george-008	0.327
Liquid d1	lead-set-ringo-008	1.154
Liquid d1	lead-set-john-009	0.896
Liquid d1	lead-set-paul-009	0.274
Liquid d1	lead-set-george-009	0.524
Liquid d1	lead-set-ringo-009	1.093
Liquid d1	lead-set-john-010	0.85
Liquid d1	lead-set-paul-010	0.282
Liquid d1	lead-set-george-010	0.281
Liquid d1	lead-set-ringo-010	0.598
Liquid d1	lead-set-john-011	0.343
Liquid d1	lead-set-paul-011	0.437
Liquid d1	lead-set-george-011	0.285
Liquid d1	lead-set-ringo-011	0.637
Liquid d1	lead-set-john-012	0.307
Liquid d1	lead-set-paul-012	0.547
Liquid d1	lead-set-george-012	0.38
Liquid d1	lead-set-ringo-012	0.466
Liquid d1	lead-set-john-013	0.286
Liquid d1	lead-set-paul-013	0.298
Liquid d1	lead-set-george-013	0.582
Liquid d1	lead-set-ringo-013	0.344
Liquid d1	lead-set-john-014	0.258
Liquid d1	lead-set-paul-014	0.239
Liquid d1	lead-set-george-014	0.522
Liquid d1	lead-set-ringo-014	0.604
Liquid d1	lead-set-john-015	0.234
Liquid d1	lead-set-paul-015	0.234
Liquid d1	lead-set-george-015	0.258
Liquid d1	lead-set-ringo-015	0.366
Liquid d1	lead-set-john-016	0.637
Liquid d1	lead-set-paul-016	0.314
Liquid d1	lead-set-george-016	0.453
Liquid d1	lead-set-ringo-016	0.236
Liquid d1	lead-set-john-017	0.266
Liquid d1	lead-set-paul-017	0.275
Liquid d1	lead-set-george-017	0.25
Liquid d1	lead-set-ringo-017	0.42
Liquid d1	lead-set-john-018	0.25
Liquid d1	lead-set-paul-018	0.45
Liquid d1	lead-set-george-018	0.234
Liquid d1	lead-set-ringo-018	0.224
Liquid d1	lead-set-john-019	0.253
Liquid d1	lead-set-paul-019	0.219
Liquid d1	lead-set-george-019	0.303
Liquid d1	lead-set-ringo-019	0.251
Liquid d1	lead-set-john-020	0.245
Liquid d1	lead-set-paul-020	0.231
Liquid d1	lead-set-george-020	1.548
Liquid d1	lead-set-ringo-020	0.248
Liquid d1	lead-set-john-021	0.265
Liquid d1	lead-set-paul-021	0.295
Liquid d1	lead-set-george-021	1.84
Liquid d1	lead-set-ringo-021	3.081
Liquid d1	lead-set-john-022	5.874
Liquid d1	lead-set-paul-022	0.438
Liquid d1	lead-set-george-022	0.656
Liquid d1	lead-set-ringo-022	0.507
Liquid d1	lead-set-john-023	1.583
Liquid d1	lead-set-paul-023	0.244
Liquid d1	lead-set-george-023	0.243
Liquid d1	lead-set-ringo-023	0.296
Liquid d1	lead-set-john-024	1.382
Liquid d1	lead-set-paul-024	0.245
Liquid d1	lead-set-george-024	0.379
Liquid d1	lead-set-ringo-024	0.308
Liquid d1	lead-set-john-025	0.267
Liquid d1	lead-set-paul-025	0.292
Liquid d1	lead-set-george-025	0.231
Liquid d1	lead-set-ringo-025	0.359
Liquid d1	lead-set-john-026	0.324
Liquid d1	lead-set-paul-026	0.269
Liquid d1	lead-set-george-026	0.847
Liquid d1	lead-set-ringo-026	0.296
Liquid d1	lexical-trap-control-album-to-song-001	0.261
Liquid d1	lexical-trap-control-event-to-song-001	0.793
Liquid d1	lexical-trap-control-album-to-song-002	0.258
Liquid d1	lexical-trap-control-event-to-song-002	1.598
Liquid d1	lexical-trap-control-event-to-song-003	0.316
Liquid d1	lexical-trap-control-album-to-song-003	0.313
Liquid d1	lexical-trap-control-song-to-album-001	0.233
Liquid d1	lexical-trap-control-album-to-song-004	0.25
Liquid d1	lexical-trap-control-event-to-song-004	0.901
Liquid d1	lexical-trap-control-album-to-song-005	0.288
Liquid d1	lexical-trap-control-album-to-song-006	0.29
Liquid d1	lexical-trap-control-album-to-song-007	0.268
Liquid d1	lexical-trap-control-album-to-song-008	0.253
Liquid d1	lexical-trap-control-album-to-song-009	0.252
Liquid d1	lexical-trap-control-song-to-album-002	0.247
Liquid d1	lexical-trap-control-event-to-song-005	0.306
Liquid d1	lexical-trap-control-album-to-song-010	0.334
Liquid d1	lexical-trap-control-song-to-album-003	0.259
Liquid d1	lexical-trap-control-album-to-song-011	0.229
Liquid d1	lexical-trap-control-event-to-song-006	0.251
Liquid d1	lexical-trap-control-album-to-song-012	0.256
Liquid d1	lexical-trap-control-album-to-song-013	0.241
Liquid d1	lexical-trap-control-album-to-song-014	0.251
Liquid d1	lexical-trap-control-album-to-song-015	0.257
Liquid d1	lexical-trap-control-album-to-song-016	0.278
Liquid d1	lexical-trap-control-album-to-song-017	0.226
Liquid d1	lexical-trap-control-album-to-song-018	0.247
Liquid d1	lexical-trap-control-album-to-song-019	0.286
Liquid d1	lexical-trap-control-event-to-song-007	0.289
Liquid d1	lexical-trap-control-album-to-song-020	0.251
Liquid d1	lexical-trap-control-album-to-song-021	0.235
Liquid d1	lexical-trap-control-song-to-album-004	0.334
Liquid d1	lexical-trap-control-album-to-song-022	0.222
Liquid d1	lexical-trap-control-album-to-song-023	0.256
Liquid d1	lexical-trap-control-album-to-song-024	0.258
Liquid d1	lexical-trap-control-album-to-song-025	0.341
Liquid d1	lexical-trap-control-album-to-song-026	0.242
Liquid d1	lexical-trap-control-album-to-song-027	0.251
Liquid d1	lexical-trap-control-song-to-album-005	0.304
Liquid d1	lexical-trap-control-album-to-song-028	0.251
Liquid d1	lexical-trap-control-album-to-song-029	0.228
Liquid d1	lexical-trap-control-album-to-song-030	0.283
Liquid d1	lexical-trap-control-song-to-album-006	0.27
Liquid d1	lexical-trap-control-song-to-album-007	0.265
Liquid d1	lexical-trap-control-song-to-album-008	0.263
Liquid d1	lexical-trap-control-song-to-album-009	0.286
Liquid d1	lexical-trap-control-event-to-song-008	0.299
Liquid d1	lexical-trap-control-event-to-song-009	0.299
Liquid d1	lexical-trap-control-album-to-song-031	0.279
Liquid d1	lexical-trap-control-album-to-song-032	0.354
Liquid d1	lexical-trap-control-song-to-album-010	0.282
Liquid d1	lexical-trap-control-song-to-album-011	0.365
Liquid d1	lexical-trap-control-album-to-song-033	0.546
Liquid d1	lexical-trap-control-album-to-song-034	0.478
Liquid d1	lexical-trap-album-to-song-001	0.267
Liquid d1	lexical-trap-event-to-song-001	0.515
Liquid d1	lexical-trap-album-to-song-002	0.239
Liquid d1	lexical-trap-event-to-song-002	2.281
Liquid d1	lexical-trap-event-to-song-003	0.615
Liquid d1	lexical-trap-album-to-song-003	0.277
Liquid d1	lexical-trap-song-to-album-001	0.239
Liquid d1	lexical-trap-album-to-song-004	0.584
Liquid d1	lexical-trap-event-to-song-004	0.363
Liquid d1	lexical-trap-album-to-song-005	0.28
Liquid d1	lexical-trap-album-to-song-006	0.27
Liquid d1	lexical-trap-album-to-song-007	0.292
Liquid d1	lexical-trap-album-to-song-008	0.226
Liquid d1	lexical-trap-album-to-song-009	0.351
Liquid d1	lexical-trap-song-to-album-002	0.258
Liquid d1	lexical-trap-event-to-song-005	0.262
Liquid d1	lexical-trap-album-to-song-010	0.238
Liquid d1	lexical-trap-song-to-album-003	0.232
Liquid d1	lexical-trap-album-to-song-011	0.267
Liquid d1	lexical-trap-event-to-song-006	0.64
Liquid d1	lexical-trap-album-to-song-012	0.232
Liquid d1	lexical-trap-album-to-song-013	0.269
Liquid d1	lexical-trap-album-to-song-014	0.516
Liquid d1	lexical-trap-album-to-song-015	0.247
Liquid d1	lexical-trap-album-to-song-016	0.226
Liquid d1	lexical-trap-album-to-song-017	0.253
Liquid d1	lexical-trap-album-to-song-018	0.227
Liquid d1	lexical-trap-album-to-song-019	0.333
Liquid d1	lexical-trap-event-to-song-007	0.259
Liquid d1	lexical-trap-album-to-song-020	0.235
Liquid d1	lexical-trap-album-to-song-021	1.115
Liquid d1	lexical-trap-song-to-album-004	0.273
Liquid d1	lexical-trap-album-to-song-022	0.263
Liquid d1	lexical-trap-album-to-song-023	0.233
Liquid d1	lexical-trap-album-to-song-024	0.26
Liquid d1	lexical-trap-album-to-song-025	0.275
Liquid d1	lexical-trap-album-to-song-026	0.266
Liquid d1	lexical-trap-album-to-song-027	0.235
Liquid d1	lexical-trap-song-to-album-005	0.248
Liquid d1	lexical-trap-album-to-song-028	0.242
Liquid d1	lexical-trap-album-to-song-029	0.295
Liquid d1	lexical-trap-album-to-song-030	0.301
Liquid d1	lexical-trap-song-to-album-006	0.326
Liquid d1	lexical-trap-song-to-album-007	0.275
Liquid d1	lexical-trap-song-to-album-008	0.55
Liquid d1	lexical-trap-song-to-album-009	0.494
Liquid d1	lexical-trap-event-to-song-008	0.429
Liquid d1	lexical-trap-event-to-song-009	0.312
Liquid d1	lexical-trap-album-to-song-031	0.327
Liquid d1	lexical-trap-album-to-song-032	0.246
Liquid d1	lexical-trap-song-to-album-010	0.54
Liquid d1	lexical-trap-song-to-album-011	0.377
Liquid d1	lexical-trap-album-to-song-033	0.328
Liquid d1	lexical-trap-album-to-song-034	0.343
Liquid d1	multi-hop-album-year-001	0.293
Liquid d1	multi-hop-album-year-002	0.279
Liquid d1	multi-hop-album-year-003	0.277
Liquid d1	multi-hop-album-year-004	2.352
Liquid d1	multi-hop-album-year-005	0.28
Liquid d1	multi-hop-album-year-006	0.329
Liquid d1	multi-hop-album-year-007	0.277
Liquid d1	multi-hop-album-year-008	0.314
Liquid d1	multi-hop-album-year-009	0.246
Liquid d1	multi-hop-album-year-010	0.245
Liquid d1	multi-hop-album-year-011	0.272
Liquid d1	multi-hop-album-year-012	0.285
Liquid d1	multi-hop-album-year-013	0.357
Liquid d1	multi-hop-album-year-014	1.451
Liquid d1	multi-hop-album-year-015	0.287
Liquid d1	multi-hop-album-year-016	1.631
Liquid d1	multi-hop-album-year-017	1.846
Liquid d1	multi-hop-album-year-018	1.547
Liquid d1	multi-hop-album-year-019	0.304
Liquid d1	multi-hop-album-year-020	0.339
Liquid d1	multi-hop-album-year-021	0.335
Liquid d1	multi-hop-album-year-022	0.707
Liquid d1	multi-hop-album-year-023	0.277
Liquid d1	multi-hop-album-year-024	0.281
Liquid d1	multi-hop-album-year-025	0.27
Liquid d1	multi-hop-album-year-026	0.319
Liquid d1	multi-hop-album-year-027	0.493
Liquid d1	multi-hop-album-year-028	0.276
Liquid d1	multi-hop-album-year-029	0.265
Liquid d1	multi-hop-album-year-030	0.269
Liquid d1	multi-hop-album-year-031	0.428
Liquid d1	multi-hop-album-year-032	1.171
Liquid d1	multi-hop-album-year-033	0.305
Liquid d1	multi-hop-album-year-034	0.31
Liquid d1	multi-hop-album-year-035	0.253
Liquid d1	multi-hop-album-year-036	0.304
Liquid d1	multi-hop-album-year-037	0.239
Liquid d1	multi-hop-album-year-038	0.277
Liquid d1	multi-hop-album-year-039	0.274
Liquid d1	multi-hop-album-year-040	0.289
Liquid d1	multi-hop-album-year-041	0.237
Liquid d1	multi-hop-album-year-042	0.508
Liquid d1	multi-hop-album-year-043	0.242
Liquid d1	multi-hop-album-year-044	0.252
Liquid d1	multi-hop-album-year-045	0.305
Liquid d1	multi-hop-album-year-046	0.334
Liquid d1	multi-hop-album-year-047	0.251
Liquid d1	multi-hop-album-year-048	0.359
Liquid d1	multi-hop-album-year-049	0.258
Liquid d1	multi-hop-album-year-050	0.248
Liquid d1	multi-hop-album-year-051	0.237
Liquid d1	multi-hop-album-year-052	0.286
Liquid d1	multi-hop-album-year-053	0.261
Liquid d1	multi-hop-album-year-054	0.257
Liquid d1	multi-hop-album-year-055	0.283
Liquid d1	multi-hop-album-year-056	0.266
Liquid d1	multi-hop-album-year-057	0.277
Liquid d1	multi-hop-album-year-058	0.244
Liquid d1	multi-hop-album-year-059	0.251
Liquid d1	multi-hop-album-year-060	0.293
Liquid d1	multi-hop-before-after-001	0.242
Liquid d1	multi-hop-before-after-002	0.244
Liquid d1	multi-hop-before-after-003	0.227
Liquid d1	multi-hop-before-after-004	0.267
Liquid d1	multi-hop-before-after-005	0.275
Liquid d1	multi-hop-before-after-006	0.313
Liquid d1	multi-hop-before-after-007	0.245
Liquid d1	multi-hop-before-after-008	0.26
Liquid d1	multi-hop-before-after-009	0.247
Liquid d1	multi-hop-before-after-010	0.258
Liquid d1	multi-hop-before-after-011	0.245
Liquid d1	multi-hop-before-after-012	0.348
Liquid d1	multi-hop-before-after-013	0.302
Liquid d1	multi-hop-before-after-014	0.277
Liquid d1	multi-hop-before-after-015	0.665
Liquid d1	multi-hop-before-after-016	0.244
Liquid d1	multi-hop-before-after-017	0.285
Liquid d1	multi-hop-before-after-018	0.289
Liquid d1	multi-hop-before-after-019	0.729
Liquid d1	multi-hop-before-after-020	0.275
Liquid d1	multi-hop-before-after-021	0.269
Liquid d1	multi-hop-before-after-022	0.262
Liquid d1	multi-hop-before-after-023	0.249
Liquid d1	multi-hop-before-after-024	0.26
Liquid d1	multi-hop-before-after-025	0.276
Liquid d1	multi-hop-before-after-026	0.248
Liquid d1	multi-hop-before-after-027	0.257
Liquid d1	multi-hop-before-after-028	0.233
Liquid d1	multi-hop-before-after-029	0.414
Liquid d1	multi-hop-before-after-030	0.236
Liquid d1	multi-hop-before-after-031	0.232
Liquid d1	multi-hop-before-after-032	0.234
Liquid d1	multi-hop-before-after-033	0.237
Liquid d1	multi-hop-before-after-034	0.301
Liquid d1	multi-hop-before-after-035	0.306
Liquid d1	multi-hop-before-after-036	1.287
Liquid d1	multi-hop-before-after-037	0.261
Liquid d1	multi-hop-before-after-038	0.338
Liquid d1	multi-hop-before-after-039	0.341
Liquid d1	multi-hop-before-after-040	0.251
Liquid d1	multi-hop-before-after-041	0.274
Liquid d1	multi-hop-before-after-042	0.592
Liquid d1	multi-hop-before-after-043	7.229
Liquid d1	multi-hop-before-after-044	6.069
Liquid d1	multi-hop-before-after-045	7.534
Liquid d1	multi-hop-before-after-046	0.343
Liquid d1	multi-hop-before-after-047	0.296
Liquid d1	multi-hop-before-after-048	0.286
Liquid d1	multi-hop-before-after-049	0.559
Liquid d1	multi-hop-before-after-050	0.3
Liquid d1	multi-hop-before-after-051	0.273
Liquid d1	multi-hop-before-after-052	0.599
Liquid d1	multi-hop-before-after-053	0.319
Liquid d1	multi-hop-before-after-054	0.269
Liquid d1	multi-hop-before-after-055	0.265
Liquid d1	multi-hop-before-after-056	0.248
Liquid d1	multi-hop-before-after-057	0.398
Liquid d1	multi-hop-before-after-058	0.249
Liquid d1	multi-hop-before-after-059	0.31
Liquid d1	multi-hop-before-after-060	0.282
Liquid d1	multi-hop-same-month-001	0.266
Liquid d1	multi-hop-same-month-002	0.598
Liquid d1	multi-hop-same-month-003	0.321
Liquid d1	multi-hop-same-month-004	0.261
Liquid d1	multi-hop-same-month-005	0.246
Liquid d1	multi-hop-same-month-006	0.586
Liquid d1	multi-hop-same-month-007	0.264
Liquid d1	multi-hop-same-month-008	0.236
Liquid d1	multi-hop-same-month-009	0.296
Liquid d1	multi-hop-same-month-010	0.276
Liquid d1	multi-hop-same-month-011	0.248
Liquid d1	multi-hop-same-month-012	0.306
Liquid d1	multi-hop-same-month-013	0.251
Liquid d1	multi-hop-same-month-014	0.254
Liquid d1	multi-hop-same-month-015	0.261
Liquid d1	multi-hop-same-month-016	0.257
Liquid d1	multi-hop-same-month-017	0.259
Liquid d1	multi-hop-same-month-018	0.468
Liquid d1	multi-hop-same-month-019	0.415
Liquid d1	multi-hop-same-month-020	0.273
Liquid d1	multi-hop-same-month-021	0.236
Liquid d1	multi-hop-same-month-022	0.356
Liquid d1	multi-hop-same-month-023	0.236
Liquid d1	multi-hop-same-month-024	0.294
Liquid d1	multi-hop-same-month-025	0.247
Liquid d1	multi-hop-same-month-026	0.227
Liquid d1	multi-hop-same-month-027	0.254
Liquid d1	multi-hop-same-month-028	0.254
Liquid d1	multi-hop-same-month-029	0.281
Liquid d1	multi-hop-same-month-030	0.423
Liquid d1	multi-hop-same-month-031	1.958
Liquid d1	multi-hop-same-month-032	0.32
Liquid d1	multi-hop-same-month-033	0.309
Liquid d1	multi-hop-same-month-034	0.268
Liquid d1	multi-hop-same-month-035	0.274
Liquid d1	multi-hop-same-month-036	0.391
Liquid d1	multi-hop-same-month-037	0.289
Liquid d1	multi-hop-same-month-038	0.268
Liquid d1	multi-hop-same-month-039	0.251
Liquid d1	multi-hop-same-month-040	0.237
Liquid d1	multi-hop-same-month-041	0.244
Liquid d1	multi-hop-same-month-042	0.277
Liquid d1	multi-hop-same-month-043	0.24
Liquid d1	multi-hop-same-month-044	0.32
Liquid d1	multi-hop-same-month-045	0.268
Liquid d1	multi-hop-same-month-046	0.245
Liquid d1	multi-hop-same-month-047	0.582
Liquid d1	multi-hop-same-month-048	0.364
Liquid d1	multi-hop-same-month-049	0.276
Liquid d1	multi-hop-same-month-050	0.259
Liquid d1	multi-hop-same-month-051	0.36
Liquid d1	multi-hop-same-month-052	0.287
Liquid d1	multi-hop-same-month-053	0.242
Liquid d1	multi-hop-same-month-054	0.26
Liquid d1	multi-hop-same-month-055	0.245
Liquid d1	multi-hop-same-month-056	0.25
Liquid d1	multi-hop-same-month-057	0.264
Liquid d1	multi-hop-same-month-058	0.273
Liquid d1	multi-hop-same-month-059	0.294
Liquid d1	multi-hop-same-month-060	0.299
Liquid d1	near-neighbor-control-album-001	0.254
Liquid d1	near-neighbor-control-album-002	0.393
Liquid d1	near-neighbor-control-album-003	0.248
Liquid d1	near-neighbor-control-album-004	0.265
Liquid d1	near-neighbor-control-album-005	0.275
Liquid d1	near-neighbor-control-album-006	0.298
Liquid d1	near-neighbor-control-album-007	0.283
Liquid d1	near-neighbor-control-album-008	0.269
Liquid d1	near-neighbor-control-album-009	0.281
Liquid d1	near-neighbor-control-album-010	0.278
Liquid d1	near-neighbor-control-album-011	0.352
Liquid d1	near-neighbor-control-album-012	0.404
Liquid d1	near-neighbor-control-album-013	0.324
Liquid d1	near-neighbor-control-album-014	0.263
Liquid d1	near-neighbor-control-album-015	0.262
Liquid d1	near-neighbor-control-album-016	0.273
Liquid d1	near-neighbor-control-album-017	0.268
Liquid d1	near-neighbor-control-album-018	0.685
Liquid d1	near-neighbor-control-album-019	0.476
Liquid d1	near-neighbor-control-album-020	0.456
Liquid d1	near-neighbor-control-album-021	0.484
Liquid d1	near-neighbor-control-album-022	0.305
Liquid d1	near-neighbor-control-album-023	0.44
Liquid d1	near-neighbor-control-album-024	0.287
Liquid d1	near-neighbor-control-album-025	0.275
Liquid d1	near-neighbor-control-album-026	0.333
Liquid d1	near-neighbor-control-album-027	0.276
Liquid d1	near-neighbor-control-album-028	0.261
Liquid d1	near-neighbor-control-album-029	0.3
Liquid d1	near-neighbor-control-album-030	0.395
Liquid d1	near-neighbor-control-album-031	0.27
Liquid d1	near-neighbor-control-album-032	0.288
Liquid d1	near-neighbor-control-album-033	0.708
Liquid d1	near-neighbor-control-album-034	0.259
Liquid d1	near-neighbor-control-album-035	0.256
Liquid d1	near-neighbor-control-album-036	0.297
Liquid d1	near-neighbor-control-album-037	0.316
Liquid d1	near-neighbor-control-album-038	0.325
Liquid d1	near-neighbor-control-album-039	0.26
Liquid d1	near-neighbor-control-album-040	0.251
Liquid d1	near-neighbor-control-album-041	0.336
Liquid d1	near-neighbor-control-album-042	0.363
Liquid d1	near-neighbor-control-album-043	0.242
Liquid d1	near-neighbor-control-album-044	0.271
Liquid d1	near-neighbor-control-album-045	0.709
Liquid d1	near-neighbor-control-album-046	0.258
Liquid d1	near-neighbor-control-album-047	0.229
Liquid d1	near-neighbor-control-album-048	1.019
Liquid d1	near-neighbor-control-album-049	0.453
Liquid d1	near-neighbor-control-album-050	0.237
Liquid d1	near-neighbor-control-album-051	0.246
Liquid d1	near-neighbor-control-album-052	0.262
Liquid d1	near-neighbor-control-album-053	0.291
Liquid d1	near-neighbor-control-album-054	0.25
Liquid d1	near-neighbor-control-album-055	0.236
Liquid d1	near-neighbor-control-album-056	0.244
Liquid d1	near-neighbor-control-album-057	0.39
Liquid d1	near-neighbor-control-album-058	0.256
Liquid d1	near-neighbor-control-album-059	0.255
Liquid d1	near-neighbor-control-album-060	0.243
Liquid d1	near-neighbor-album-001	0.261
Liquid d1	near-neighbor-album-002	0.273
Liquid d1	near-neighbor-album-003	0.242
Liquid d1	near-neighbor-album-004	0.272
Liquid d1	near-neighbor-album-005	0.272
Liquid d1	near-neighbor-album-006	0.244
Liquid d1	near-neighbor-album-007	0.237
Liquid d1	near-neighbor-album-008	0.272
Liquid d1	near-neighbor-album-009	0.232
Liquid d1	near-neighbor-album-010	0.399
Liquid d1	near-neighbor-album-011	0.24
Liquid d1	near-neighbor-album-012	0.224
Liquid d1	near-neighbor-album-013	0.308
Liquid d1	near-neighbor-album-014	0.249
Liquid d1	near-neighbor-album-015	0.243
Liquid d1	near-neighbor-album-016	0.224
Liquid d1	near-neighbor-album-017	0.254
Liquid d1	near-neighbor-album-018	0.249
Liquid d1	near-neighbor-album-019	0.23
Liquid d1	near-neighbor-album-020	0.273
Liquid d1	near-neighbor-album-021	0.257
Liquid d1	near-neighbor-album-022	0.519
Liquid d1	near-neighbor-album-023	0.62
Liquid d1	near-neighbor-album-024	0.526
Liquid d1	near-neighbor-album-025	0.316
Liquid d1	near-neighbor-album-026	0.245
Liquid d1	near-neighbor-album-027	0.254
Liquid d1	near-neighbor-album-028	0.225
Liquid d1	near-neighbor-album-029	0.383
Liquid d1	near-neighbor-album-030	0.273
Liquid d1	near-neighbor-album-031	0.277
Liquid d1	near-neighbor-album-032	0.241
Liquid d1	near-neighbor-album-033	0.348
Liquid d1	near-neighbor-album-034	0.241
Liquid d1	near-neighbor-album-035	0.243
Liquid d1	near-neighbor-album-036	0.233
Liquid d1	near-neighbor-album-037	0.236
Liquid d1	near-neighbor-album-038	0.277
Liquid d1	near-neighbor-album-039	0.239
Liquid d1	near-neighbor-album-040	0.28
Liquid d1	near-neighbor-album-041	0.25
Liquid d1	near-neighbor-album-042	0.239
Liquid d1	near-neighbor-album-043	0.23
Liquid d1	near-neighbor-album-044	0.306
Liquid d1	near-neighbor-album-045	0.246
Liquid d1	near-neighbor-album-046	0.251
Liquid d1	near-neighbor-album-047	0.488
Liquid d1	near-neighbor-album-048	0.251
Liquid d1	near-neighbor-album-049	0.282
Liquid d1	near-neighbor-album-050	0.389
Liquid d1	near-neighbor-album-051	0.233
Liquid d1	near-neighbor-album-052	0.352
Liquid d1	near-neighbor-album-053	0.243
Liquid d1	near-neighbor-album-054	0.242
Liquid d1	near-neighbor-album-055	0.25
Liquid d1	near-neighbor-album-056	0.244
Liquid d1	near-neighbor-album-057	0.264
Liquid d1	near-neighbor-album-058	0.245
Liquid d1	near-neighbor-album-059	0.236
Liquid d1	near-neighbor-album-060	0.25
Liquid d1	none-of-these-absent-001	0.251
Liquid d1	none-of-these-present-001	0.275
Liquid d1	none-of-these-absent-002	0.25
Liquid d1	none-of-these-present-002	0.269
Liquid d1	none-of-these-absent-003	0.248
Liquid d1	none-of-these-present-003	0.289
Liquid d1	none-of-these-absent-004	0.266
Liquid d1	none-of-these-present-004	0.234
Liquid d1	none-of-these-absent-005	0.267
Liquid d1	none-of-these-present-005	0.25
Liquid d1	none-of-these-absent-006	0.256
Liquid d1	none-of-these-present-006	0.303
Liquid d1	none-of-these-absent-007	0.263
Liquid d1	none-of-these-present-007	0.264
Liquid d1	none-of-these-absent-008	0.256
Liquid d1	none-of-these-present-008	0.445
Liquid d1	none-of-these-absent-009	0.244
Liquid d1	none-of-these-present-009	0.286
Liquid d1	none-of-these-absent-010	0.251
Liquid d1	none-of-these-present-010	0.301
Liquid d1	none-of-these-absent-011	0.301
Liquid d1	none-of-these-present-011	0.25
Liquid d1	none-of-these-absent-012	0.25
Liquid d1	none-of-these-present-012	0.332
Liquid d1	none-of-these-absent-013	0.275
Liquid d1	none-of-these-present-013	0.247
Liquid d1	none-of-these-absent-014	0.329
Liquid d1	none-of-these-present-014	0.236
Liquid d1	none-of-these-absent-015	0.244
Liquid d1	none-of-these-present-015	0.245
Liquid d1	none-of-these-absent-016	2.312
Liquid d1	none-of-these-present-016	134.311
Liquid d1	none-of-these-absent-017	22.132
Liquid d1	none-of-these-present-017	0.354
Liquid d1	none-of-these-absent-018	0.338
Liquid d1	none-of-these-present-018	0.901
Liquid d1	none-of-these-absent-019	1.206
Liquid d1	none-of-these-present-019	0.315
Liquid d1	none-of-these-absent-020	0.239
Liquid d1	none-of-these-present-020	0.814
Liquid d1	none-of-these-absent-021	0.687
Liquid d1	none-of-these-present-021	0.736
Liquid d1	none-of-these-absent-022	0.308
Liquid d1	none-of-these-present-022	0.626
Liquid d1	none-of-these-absent-023	0.383
Liquid d1	none-of-these-present-023	0.686
Liquid d1	none-of-these-absent-024	0.801
Liquid d1	none-of-these-present-024	0.283
Liquid d1	none-of-these-absent-025	0.713
Liquid d1	none-of-these-present-025	0.804
Liquid d1	none-of-these-absent-026	0.288
Liquid d1	none-of-these-present-026	0.634
Liquid d1	none-of-these-absent-027	0.674
Liquid d1	none-of-these-present-027	0.837
Liquid d1	none-of-these-absent-028	0.641
Liquid d1	none-of-these-present-028	0.294
Liquid d1	none-of-these-absent-029	0.824
Liquid d1	none-of-these-present-029	0.568
Liquid d1	none-of-these-absent-030	0.265
Liquid d1	none-of-these-present-030	1.829
Liquid d1	reversal-general-shared-name-forward-001	0.249
Liquid d1	reversal-general-shared-name-reverse-001	0.851
Liquid d1	reversal-general-shared-name-forward-002	0.733
Liquid d1	reversal-general-shared-name-reverse-002	0.992
Liquid d1	reversal-general-shared-name-forward-003	0.765
Liquid d1	reversal-general-shared-name-reverse-003	0.368
Liquid d1	reversal-general-shared-name-forward-004	0.804
Liquid d1	reversal-general-shared-name-reverse-004	0.377
Liquid d1	reversal-general-shared-name-forward-005	0.76
Liquid d1	reversal-general-shared-name-reverse-005	0.77
Liquid d1	reversal-general-shared-name-forward-006	0.589
Liquid d1	reversal-general-shared-name-reverse-006	0.893
Liquid d1	reversal-general-shared-name-forward-007	0.944
Liquid d1	reversal-general-shared-name-reverse-007	1.019
Liquid d1	reversal-general-shared-name-forward-008	0.871
Liquid d1	reversal-general-shared-name-reverse-008	0.789
Liquid d1	reversal-general-shared-name-forward-009	1.571
Liquid d1	reversal-general-shared-name-reverse-009	127.753
Liquid d1	reversal-general-shared-name-forward-010	0.334
Liquid d1	reversal-general-shared-name-reverse-010	0.349
Liquid d1	reversal-general-shared-name-forward-011	0.695
Liquid d1	reversal-general-shared-name-reverse-011	0.489
Liquid d1	reversal-general-shared-name-forward-012	0.256
Liquid d1	reversal-general-shared-name-reverse-012	0.305
Liquid d1	reversal-general-shared-name-forward-013	0.313
Liquid d1	reversal-general-shared-name-reverse-013	0.323
Liquid d1	reversal-general-shared-name-forward-014	0.473
Liquid d1	reversal-general-shared-name-reverse-014	0.299
Liquid d1	reversal-general-shared-name-forward-015	0.356
Liquid d1	reversal-general-shared-name-reverse-015	0.307
Liquid d1	reversal-general-shared-name-forward-016	0.254
Liquid d1	reversal-general-shared-name-reverse-016	0.268
Liquid d1	reversal-general-shared-name-forward-017	0.279
Liquid d1	reversal-general-shared-name-reverse-017	0.32
Liquid d1	reversal-general-shared-name-forward-018	0.262
Liquid d1	reversal-general-shared-name-reverse-018	0.273
Liquid d1	reversal-general-shared-name-forward-019	0.275
Liquid d1	reversal-general-shared-name-reverse-019	0.323
Liquid d1	reversal-general-shared-name-forward-020	0.344
Liquid d1	reversal-general-shared-name-reverse-020	0.305
Liquid d1	reversal-general-shared-name-forward-021	0.248
Liquid d1	reversal-general-shared-name-reverse-021	0.314
Liquid d1	reversal-general-forward-001	0.264
Liquid d1	reversal-general-reverse-001	0.36
Liquid d1	reversal-general-forward-002	0.297
Liquid d1	reversal-general-reverse-002	0.355
Liquid d1	reversal-general-forward-003	0.324
Liquid d1	reversal-general-reverse-003	0.439
Liquid d1	reversal-general-forward-004	0.331
Liquid d1	reversal-general-reverse-004	0.405
Liquid d1	reversal-general-forward-005	0.931
Liquid d1	reversal-general-reverse-005	0.701
Liquid d1	reversal-general-forward-006	0.342
Liquid d1	reversal-general-reverse-006	0.703
Liquid d1	reversal-general-forward-007	0.391
Liquid d1	reversal-general-reverse-007	0.46
Liquid d1	reversal-general-forward-008	0.292
Liquid d1	reversal-general-reverse-008	0.373
Liquid d1	reversal-general-forward-009	0.408
Liquid d1	reversal-general-reverse-009	0.497
Liquid d1	reversal-general-forward-010	0.306
Liquid d1	reversal-general-reverse-010	0.47
Liquid d1	reversal-general-forward-011	0.288
Liquid d1	reversal-general-reverse-011	0.273
Liquid d1	reversal-general-forward-012	0.286
Liquid d1	reversal-general-reverse-012	0.465
Liquid d1	reversal-general-forward-013	0.29
Liquid d1	reversal-general-reverse-013	0.252
Liquid d1	reversal-general-forward-014	0.253
Liquid d1	reversal-general-reverse-014	0.266
Liquid d1	reversal-general-forward-015	0.275
Liquid d1	reversal-general-reverse-015	0.366
Liquid d1	reversal-general-forward-016	0.275
Liquid d1	reversal-general-reverse-016	0.492
Liquid d1	reversal-general-forward-017	0.292
Liquid d1	reversal-general-reverse-017	0.321
Liquid d1	reversal-general-forward-018	0.262
Liquid d1	reversal-general-reverse-018	2.966
Liquid d1	reversal-general-forward-019	0.371
Liquid d1	reversal-general-reverse-019	0.875
Liquid d1	reversal-general-forward-020	0.372
Liquid d1	reversal-general-reverse-020	0.313
Liquid d1	reversal-general-forward-021	0.497
Liquid d1	reversal-general-reverse-021	0.416
Liquid d1	reversal-general-forward-022	0.256
Liquid d1	reversal-general-reverse-022	0.25
Liquid d1	reversal-general-forward-023	0.283
Liquid d1	reversal-general-reverse-023	0.347
Liquid d1	reversal-general-forward-024	0.304
Liquid d1	reversal-general-reverse-024	0.301
Liquid d1	reversal-general-forward-025	0.298
Liquid d1	reversal-general-reverse-025	0.338
Liquid d1	reversal-general-forward-026	0.486
Liquid d1	reversal-general-reverse-026	0.323
Liquid d1	reversal-general-forward-027	0.259
Liquid d1	reversal-general-reverse-027	0.28
Liquid d1	reversal-general-forward-028	0.447
Liquid d1	reversal-general-reverse-028	0.25
Liquid d1	reversal-general-forward-029	0.305
Liquid d1	reversal-general-reverse-029	0.293
Liquid d1	reversal-general-forward-030	0.277
Liquid d1	reversal-general-reverse-030	0.274
Liquid d1	reversal-general-forward-031	0.311
Liquid d1	reversal-general-reverse-031	0.24
Liquid d1	reversal-general-forward-032	0.246
Liquid d1	reversal-general-reverse-032	0.326
Liquid d1	reversal-general-forward-033	0.301
Liquid d1	reversal-general-reverse-033	0.3
Liquid d1	reversal-general-forward-034	0.248
Liquid d1	reversal-general-reverse-034	0.51
Liquid d1	reversal-general-forward-035	0.297
Liquid d1	reversal-general-reverse-035	0.324
Liquid d1	reversal-general-forward-036	0.392
Liquid d1	reversal-general-reverse-036	0.753
Liquid d1	reversal-general-forward-037	0.847
Liquid d1	reversal-general-reverse-037	0.29
Liquid d1	reversal-general-forward-038	0.26
Liquid d1	reversal-general-reverse-038	0.373
Liquid d1	reversal-general-forward-039	0.281
Liquid d1	reversal-general-reverse-039	0.292
Liquid d1	reversal-general-forward-040	0.404
Liquid d1	reversal-general-reverse-040	0.299
Liquid d1	reversal-general-forward-041	0.305
Liquid d1	reversal-general-reverse-041	0.264
Liquid d1	reversal-general-forward-042	0.311
Liquid d1	reversal-general-reverse-042	0.294
Liquid d1	reversal-general-forward-043	0.407
Liquid d1	reversal-general-reverse-043	0.312
Liquid d1	reversal-general-forward-044	0.439
Liquid d1	reversal-general-reverse-044	0.454
Liquid d1	reversal-general-forward-045	0.999
Liquid d1	reversal-general-reverse-045	0.392
Liquid d1	reversal-general-forward-046	0.422
Liquid d1	reversal-general-reverse-046	4.713
Liquid d1	reversal-general-forward-047	0.441
Liquid d1	reversal-general-reverse-047	0.411
Liquid d1	reversal-general-forward-048	0.387
Liquid d1	reversal-general-reverse-048	0.269
Liquid d1	reversal-general-forward-049	0.309
Liquid d1	reversal-general-reverse-049	0.344
Liquid d1	reversal-general-forward-050	0.336
Liquid d1	reversal-general-reverse-050	0.352
Liquid d1	reversal-general-forward-051	0.35
Liquid d1	reversal-general-reverse-051	0.727
Liquid d1	reversal-general-forward-052	0.448
Liquid d1	reversal-general-reverse-052	0.325
Liquid d1	reversal-general-forward-053	1.348
Liquid d1	reversal-general-reverse-053	0.288
Liquid d1	reversal-general-forward-054	0.274
Liquid d1	reversal-general-reverse-054	0.423
Liquid d1	reversal-general-forward-055	0.32
Liquid d1	reversal-general-reverse-055	0.261
Liquid d1	reversal-general-forward-056	0.433
Liquid d1	reversal-general-reverse-056	0.258
Liquid d1	reversal-general-forward-057	0.302
Liquid d1	reversal-general-reverse-057	0.233
Liquid d1	reversal-general-forward-058	0.348
Liquid d1	reversal-general-reverse-058	0.258
Liquid d1	reversal-general-forward-059	0.257
Liquid d1	reversal-general-reverse-059	0.262
Liquid d1	reversal-general-forward-060	0.266
Liquid d1	reversal-general-reverse-060	0.784
Liquid d1	reversal-general-forward-061	0.352
Liquid d1	reversal-general-reverse-061	0.263
Liquid d1	reversal-general-forward-062	0.311
Liquid d1	reversal-general-reverse-062	0.292
Liquid d1	reversal-general-forward-063	0.686
Liquid d1	reversal-general-reverse-063	0.315
Liquid d1	reversal-general-forward-064	0.329
Liquid d1	reversal-general-reverse-064	0.317
Liquid d1	reversal-general-forward-065	0.314
Liquid d1	reversal-general-reverse-065	0.26
Liquid d1	reversal-general-forward-066	0.327
Liquid d1	reversal-general-reverse-066	0.251
Liquid d1	reversal-general-forward-067	0.706
Liquid d1	reversal-general-reverse-067	0.279
Liquid d1	reversal-general-forward-068	0.298
Liquid d1	reversal-general-reverse-068	0.301
Liquid d1	reversal-general-forward-069	0.256
Liquid d1	reversal-general-reverse-069	0.267
Liquid d1	reversal-general-forward-070	0.304
Liquid d1	reversal-general-reverse-070	0.524
Liquid d1	reversal-general-forward-071	0.496
Liquid d1	reversal-general-reverse-071	0.36
Liquid d1	reversal-general-forward-072	0.499
Liquid d1	reversal-general-reverse-072	0.694
Liquid d1	reversal-general-forward-073	0.679
Liquid d1	reversal-general-reverse-073	0.775
Liquid d1	reversal-forward-001	0.684
Liquid d1	reversal-reverse-001	0.496
Liquid d1	reversal-forward-002	0.688
Liquid d1	reversal-reverse-002	0.671
Liquid d1	reversal-forward-003	0.526
Liquid d1	reversal-forward-004	1.088
Liquid d1	reversal-reverse-003	0.723
Liquid d1	reversal-forward-005	0.552
Liquid d1	reversal-forward-006	0.803
Liquid d1	reversal-forward-007	0.693
Liquid d1	reversal-forward-008	0.604
Liquid d1	reversal-reverse-004	1.918
Liquid d1	reversal-forward-009	0.496
Liquid d1	reversal-reverse-005	0.546
Liquid d1	reversal-forward-010	0.458
Liquid d1	reversal-reverse-006	0.319
Liquid d1	reversal-forward-011	0.299
Liquid d1	reversal-reverse-007	0.612
Liquid d1	reversal-forward-012	0.277
Liquid d1	reversal-reverse-008	0.465
Liquid d1	reversal-forward-013	0.294
Liquid d1	reversal-reverse-009	0.319
Liquid d1	reversal-forward-014	0.425
Liquid d1	reversal-reverse-010	0.371
Liquid d1	reversal-forward-015	0.444
Liquid d1	reversal-reverse-011	0.272
Liquid d1	reversal-forward-016	0.545
Liquid d1	reversal-reverse-012	0.302
Liquid d1	reversal-forward-017	0.359
Liquid d1	reversal-forward-018	0.394
Liquid d1	reversal-reverse-013	0.373
Liquid d1	reversal-forward-019	0.322
Liquid d1	reversal-forward-020	0.28
Liquid d1	reversal-reverse-014	0.3
Liquid d1	reversal-forward-021	0.338
Liquid d1	reversal-forward-022	0.333
Liquid d1	reversal-reverse-015	0.485
Liquid d1	reversal-forward-023	0.257
Liquid d1	reversal-forward-024	0.259
Liquid d1	reversal-reverse-016	0.354
Liquid d1	reversal-forward-025	0.318
Liquid d1	reversal-forward-026	0.317
Liquid d1	reversal-reverse-017	0.485
Liquid d1	reversal-forward-027	0.485
Liquid d1	reversal-reverse-018	0.49
Liquid d1	reversal-forward-028	0.59
Liquid d1	reversal-reverse-019	0.525
Liquid d1	reversal-forward-029	0.549
Liquid d1	reversal-reverse-020	0.29
Liquid d1	reversal-forward-030	0.443
Liquid d1	reversal-reverse-021	0.258
Liquid d1	reversal-forward-031	0.286
Liquid d1	reversal-reverse-022	0.289
Liquid d1	reversal-forward-032	0.252
Liquid d1	reversal-reverse-023	0.379
Liquid d1	reversal-forward-033	0.357
Liquid d1	reversal-reverse-024	0.266
Liquid d1	reversal-forward-034	0.458
Liquid d1	reversal-reverse-025	0.249
Liquid d1	reversal-forward-035	0.302
Liquid d1	reversal-reverse-026	0.319
Liquid d1	reversal-forward-036	0.261
Liquid d1	reversal-reverse-027	0.248
Liquid d1	reversal-forward-037	0.242
Liquid d1	reversal-reverse-028	0.361
Liquid d1	reverse-singer-to-song-001	0.593
Liquid d1	reverse-singer-to-song-002	0.237
Liquid d1	reverse-singer-to-song-003	0.233
Liquid d1	reverse-singer-to-song-004	0.303
Liquid d1	reverse-singer-to-song-005	0.238
Liquid d1	reverse-singer-to-song-006	0.254
Liquid d1	reverse-singer-to-song-007	0.236
Liquid d1	reverse-singer-to-song-008	0.294
Liquid d1	reverse-singer-to-song-009	0.245
Liquid d1	reverse-singer-to-song-010	0.277
Liquid d1	reverse-singer-to-song-011	0.262
Liquid d1	reverse-singer-to-song-012	0.549
Liquid d1	reverse-singer-to-song-013	0.293
Liquid d1	reverse-singer-to-song-014	0.308
Liquid d1	reverse-singer-to-song-015	0.235
Liquid d1	reverse-singer-to-song-016	0.311
Liquid d1	reverse-singer-to-song-017	0.247
Liquid d1	reverse-singer-to-song-018	0.244
Liquid d1	reverse-singer-to-song-019	0.258
Liquid d1	reverse-singer-to-song-020	0.268
Liquid d1	reverse-singer-to-song-021	0.267
Liquid d1	reverse-singer-to-song-022	0.293
Liquid d1	reverse-singer-to-song-023	0.359
Liquid d1	reverse-singer-to-song-024	0.454
Liquid d1	reverse-singer-to-song-025	4.054
Liquid d1	reverse-singer-to-song-026	0.265
Liquid d1	reverse-singer-to-song-027	0.573
Liquid d1	reverse-singer-to-song-028	0.439
Liquid d1	reverse-singer-to-song-029	0.276
Liquid d1	reverse-singer-to-song-030	1.025
Liquid d1	reverse-singer-to-song-031	0.342
Liquid d1	reverse-singer-to-song-032	0.251
Liquid d1	reverse-singer-to-song-033	0.312
Liquid d1	reverse-singer-to-song-034	0.243
Liquid d1	reverse-singer-to-song-035	0.233
Liquid d1	reverse-singer-to-song-036	0.25
Liquid d1	reverse-singer-to-song-037	0.624
Liquid d1	reverse-singer-to-song-038	0.247
Liquid d1	reverse-singer-to-song-039	0.358
Liquid d1	reverse-singer-to-song-040	0.503
Liquid d1	reverse-album-to-song-001	0.249
Liquid d1	reverse-album-to-song-002	0.291
Liquid d1	reverse-album-to-song-003	0.253
Liquid d1	reverse-album-to-song-004	0.409
Liquid d1	reverse-album-to-song-005	0.284
Liquid d1	reverse-album-to-song-006	0.259
Liquid d1	reverse-album-to-song-007	0.239
Liquid d1	reverse-album-to-song-008	0.263
Liquid d1	reverse-album-to-song-009	144.712
Liquid d1	reverse-album-to-song-010	143.046
Liquid d1	reverse-album-to-song-011	26.492
Liquid d1	reverse-album-to-song-012	0.326
Liquid d1	reverse-album-to-song-013	0.919
Liquid d1	reverse-album-to-song-014	3.119
Liquid d1	reverse-album-to-song-015	0.397
Liquid d1	reverse-album-to-song-016	0.317
Liquid d1	reverse-album-to-song-017	0.444
Liquid d1	reverse-album-to-song-018	0.272
Liquid d1	reverse-album-to-song-019	0.289
Liquid d1	reverse-album-to-song-020	0.281
Liquid d1	reverse-album-to-song-021	0.304
Liquid d1	reverse-album-to-song-022	0.331
Liquid d1	reverse-album-to-song-023	0.337
Liquid d1	reverse-album-to-song-024	0.364
Liquid d1	reverse-album-to-song-025	0.237
Liquid d1	reverse-album-to-song-026	0.747
Liquid d1	reverse-album-to-song-027	0.319
Liquid d1	reverse-album-to-song-028	0.272
Liquid d1	reverse-album-to-song-029	0.408
Liquid d1	reverse-album-to-song-030	0.316
Liquid d1	reverse-album-to-song-031	0.289
Liquid d1	reverse-album-to-song-032	0.288
Liquid d1	reverse-album-to-song-033	0.233
Liquid d1	reverse-album-to-song-034	0.308
Liquid d1	reverse-album-to-song-035	0.347
Liquid d1	reverse-album-to-song-036	0.422
Liquid d1	reverse-album-to-song-037	4.468
Liquid d1	reverse-album-to-song-038	1.619
Liquid d1	reverse-album-to-song-039	0.656
Liquid d1	reverse-album-to-song-040	0.338
Liquid d1	reverse-singer-yes-no-001	0.334
Liquid d1	reverse-singer-yes-no-002	0.298
Liquid d1	reverse-singer-yes-no-003	0.286
Liquid d1	reverse-singer-yes-no-004	0.239
Liquid d1	reverse-singer-yes-no-005	0.346
Liquid d1	reverse-singer-yes-no-006	0.368
Liquid d1	reverse-singer-yes-no-007	0.294
Liquid d1	reverse-singer-yes-no-008	0.405
Liquid d1	reverse-singer-yes-no-009	0.5
Liquid d1	reverse-singer-yes-no-010	1.63
Liquid d1	reverse-singer-yes-no-011	0.631
Liquid d1	reverse-singer-yes-no-012	0.326
Liquid d1	reverse-singer-yes-no-013	0.864
Liquid d1	reverse-singer-yes-no-014	0.68
Liquid d1	reverse-singer-yes-no-015	1.61
Liquid d1	reverse-singer-yes-no-016	0.461
Liquid d1	reverse-singer-yes-no-017	0.461
Liquid d1	reverse-singer-yes-no-018	1.474
Liquid d1	reverse-singer-yes-no-019	1.139
Liquid d1	reverse-singer-yes-no-020	0.774
Liquid d1	reverse-singer-yes-no-021	0.49
Liquid d1	reverse-singer-yes-no-022	1.007
Liquid d1	reverse-singer-yes-no-023	0.679
Liquid d1	reverse-singer-yes-no-024	0.754
Liquid d1	reverse-singer-yes-no-025	1.981
Liquid d1	reverse-singer-yes-no-026	0.802
Liquid d1	reverse-singer-yes-no-027	1.177
Liquid d1	reverse-singer-yes-no-028	1.115
Liquid d1	reverse-singer-yes-no-029	0.284
Liquid d1	reverse-singer-yes-no-030	0.712
Liquid d1	reverse-singer-yes-no-031	0.408
Liquid d1	reverse-singer-yes-no-032	1.902
Liquid d1	shared-lead-shared-lead-001	0.319
Liquid d1	shared-lead-shared-lead-002	0.549
Liquid d1	shared-lead-shared-lead-003	0.822
Liquid d1	shared-lead-shared-lead-004	1.027
Liquid d1	shared-lead-shared-lead-005	0.848
Liquid d1	shared-lead-shared-lead-006	0.845
Liquid d1	shared-lead-shared-lead-007	0.431
Liquid d1	shared-lead-shared-lead-008	3.759
Liquid d1	shared-lead-shared-lead-009	1.949
Liquid d1	shared-lead-shared-lead-010	0.884
Liquid d1	shared-lead-shared-lead-011	1.485
Liquid d1	shared-lead-shared-lead-012	0.985
Liquid d1	shared-lead-shared-lead-013	3.342
Liquid d1	shared-lead-shared-lead-014	0.764
Liquid d1	shared-lead-shared-lead-015	0.525
Liquid d1	shared-lead-shared-lead-016	0.474
Liquid d1	shared-lead-shared-lead-017	0.469
Liquid d1	shared-lead-shared-lead-018	7.621
Liquid d1	shared-lead-shared-lead-019	0.62
Liquid d1	shared-lead-shared-lead-020	0.447
Liquid d1	shared-lead-shared-lead-021	0.642
Liquid d1	shared-lead-shared-lead-022	0.573
Liquid d1	shared-lead-shared-lead-023	0.657
Liquid d1	shared-lead-shared-lead-024	0.605
Liquid d1	shared-lead-shared-lead-025	0.792
Liquid d1	shared-lead-shared-lead-026	0.3
Liquid d1	shared-lead-shared-lead-027	0.705
Liquid d1	shared-lead-shared-lead-028	1.157
Liquid d1	shared-lead-shared-lead-029	0.546
Liquid d1	shared-lead-shared-lead-030	0.621
Liquid d1	shared-lead-shared-lead-031	0.853
Liquid d1	shared-lead-shared-lead-032	1.363
Liquid d1	single-hop-song-album-001	0.427
Liquid d1	single-hop-album-year-001	0.75
Liquid d1	single-hop-song-album-002	0.693
Liquid d1	single-hop-album-year-002	1.642
Liquid d1	single-hop-song-album-003	3.405
Liquid d1	single-hop-album-year-003	0.533
Liquid d1	single-hop-song-album-004	0.309
Liquid d1	single-hop-album-year-004	1.82
Liquid d1	single-hop-song-album-005	0.575
Liquid d1	single-hop-album-year-005	0.733
Liquid d1	single-hop-song-album-006	0.304
Liquid d1	single-hop-song-album-007	0.657
Liquid d1	single-hop-song-album-008	0.518
Liquid d1	single-hop-song-album-009	0.361
Liquid d1	single-hop-album-year-006	0.286
Liquid d1	single-hop-song-album-010	0.339
Liquid d1	single-hop-album-year-007	0.376
Liquid d1	single-hop-song-album-011	0.325
Liquid d1	single-hop-album-year-008	4.403
Liquid d1	single-hop-song-album-012	0.851
Liquid d1	single-hop-song-album-013	1.217
Liquid d1	single-hop-album-year-009	0.399
Liquid d1	single-hop-song-album-014	0.539
Liquid d1	single-hop-album-year-010	0.295
Liquid d1	single-hop-song-album-015	0.347
Liquid d1	single-hop-song-album-016	0.389
Liquid d1	single-hop-song-album-017	0.351
Liquid d1	single-hop-song-album-018	0.725
Liquid d1	single-hop-song-album-019	0.529
Liquid d1	single-hop-song-album-020	1.619
Liquid d1	single-hop-song-album-021	0.42
Liquid d1	single-hop-album-year-011	0.371
Liquid d1	single-hop-song-album-022	0.487
Liquid d1	single-hop-song-album-023	0.271
Liquid d1	single-hop-album-year-012	0.296
Liquid d1	single-hop-song-album-024	0.316
Liquid d1	single-hop-song-album-025	0.629
Liquid d1	single-hop-album-year-013	0.433
Liquid d1	single-hop-song-album-026	0.359
Liquid d1	single-hop-song-album-027	0.429
Liquid d1	single-hop-song-album-028	0.415
Liquid d1	single-hop-song-album-029	0.6
Liquid d1	single-hop-song-album-030	0.621
Liquid d1	single-hop-song-album-031	0.393
Liquid d1	single-hop-song-album-032	0.708
Liquid d1	single-hop-song-album-033	0.39
Liquid d1	single-hop-song-album-034	0.376
Liquid d1	single-hop-song-album-035	0.38
Liquid d1	single-hop-song-album-036	0.382
Liquid d1	single-hop-song-album-037	0.556
Liquid d1	single-hop-song-album-038	0.554
Liquid d1	single-hop-song-album-039	0.334
Liquid d1	single-hop-song-album-040	0.691
Liquid d1	single-hop-song-album-041	0.425
Liquid d1	single-hop-song-album-042	2.071
Liquid d1	single-hop-song-album-043	0.485
Liquid d1	single-hop-song-album-044	0.485
Liquid d1	single-hop-song-album-045	0.586
Liquid d1	single-hop-song-album-046	0.534
Liquid d1	single-hop-song-album-047	0.424
Liquid d1	single-hop-song-album-048	0.625
Liquid d1	single-hop-song-album-049	0.598
Liquid d1	single-hop-song-album-050	0.349
Liquid d1	single-hop-song-album-051	0.404
Liquid d1	single-hop-song-album-052	0.578
Liquid d1	single-hop-song-album-053	0.425
Liquid d1	single-hop-song-album-054	0.439
Liquid d1	single-hop-song-album-055	0.452
Liquid d1	single-hop-song-album-056	0.298
Liquid d1	single-hop-song-album-057	5.912
Liquid d1	single-hop-song-album-058	0.455
Liquid d1	single-hop-song-album-059	0.449
Liquid d1	single-hop-song-album-060	0.47
Liquid d1	single-hop-song-month-001	0.514
Liquid d1	single-hop-event-month-001	0.404
Liquid d1	single-hop-song-month-002	0.531
Liquid d1	single-hop-event-month-002	0.35
Liquid d1	single-hop-song-month-003	0.515
Liquid d1	single-hop-event-month-003	0.697
Liquid d1	single-hop-song-month-004	1.129
Liquid d1	single-hop-event-month-004	0.281
Liquid d1	single-hop-song-month-005	0.331
Liquid d1	single-hop-event-month-005	0.28
Liquid d1	single-hop-song-month-006	3.038
Liquid d1	single-hop-event-month-006	0.66
Liquid d1	single-hop-song-month-007	0.317
Liquid d1	single-hop-event-month-007	0.597
Liquid d1	single-hop-song-month-008	0.365
Liquid d1	single-hop-event-month-008	0.333
Liquid d1	single-hop-song-month-009	0.323
Liquid d1	single-hop-event-month-009	0.364
Liquid d1	single-hop-song-month-010	0.321
Liquid d1	single-hop-event-month-010	0.308
Liquid d1	single-hop-song-month-011	0.366
Liquid d1	single-hop-event-month-011	0.392
Liquid d1	single-hop-song-month-012	0.488
Liquid d1	single-hop-event-month-012	0.353
Liquid d1	single-hop-song-month-013	0.718
Liquid d1	single-hop-event-month-013	0.391
Liquid d1	single-hop-song-month-014	0.429
Liquid d1	single-hop-event-month-014	0.338
Liquid d1	single-hop-song-month-015	0.738
Liquid d1	single-hop-song-month-016	0.649
Liquid d1	single-hop-event-month-015	0.253
Liquid d1	single-hop-song-month-017	1.655
Liquid d1	single-hop-event-month-016	0.472
Liquid d1	single-hop-song-month-018	0.389
Liquid d1	single-hop-event-month-017	0.507
Liquid d1	single-hop-song-month-019	0.336
Liquid d1	single-hop-event-month-018	0.306
Liquid d1	single-hop-song-month-020	0.368
Liquid d1	single-hop-event-month-019	0.392
Liquid d1	single-hop-song-month-021	0.71
Liquid d1	single-hop-event-month-020	0.364
Liquid d1	single-hop-song-month-022	0.544
Liquid d1	single-hop-event-month-021	0.389
Liquid d1	single-hop-song-month-023	0.58
Liquid d1	single-hop-event-month-022	0.386
Liquid d1	single-hop-song-month-024	0.292
Liquid d1	single-hop-event-month-023	0.687
Liquid d1	single-hop-song-month-025	0.3
Liquid d1	single-hop-event-month-024	0.317
Liquid d1	single-hop-song-month-026	0.404
Liquid d1	single-hop-song-month-027	0.318
Liquid d1	single-hop-song-month-028	0.271
Liquid d1	single-hop-event-month-025	2.327
Liquid d1	single-hop-song-month-029	0.254
Liquid d1	single-hop-event-month-026	0.297
Liquid d1	single-hop-song-month-030	0.411
Liquid d1	single-hop-event-month-027	0.31
Liquid d1	single-hop-song-month-031	0.278
Liquid d1	single-hop-event-month-028	0.435
Liquid d1	single-hop-song-month-032	0.396
Liquid d1	single-hop-event-month-029	0.288
Liquid d1	single-hop-song-month-033	0.287
Liquid d1	single-hop-event-month-030	0.281
Liquid d1	single-hop-song-month-034	0.453
Liquid d1	single-hop-event-month-031	0.288
Liquid d1	single-hop-song-month-035	0.295
Liquid d1	single-hop-event-month-032	1.643
Liquid d1	single-hop-song-month-036	0.532
Liquid d1	single-hop-event-month-033	0.265
Liquid d1	single-hop-song-month-037	0.263
Liquid d1	single-hop-event-month-034	0.262
Liquid d1	single-hop-song-month-038	0.27
Liquid d1	single-hop-event-month-035	0.308
Liquid d1	single-hop-song-month-039	1.407
Liquid d1	single-hop-event-month-036	0.4
Liquid d1	single-hop-song-month-040	0.407
Liquid d1	single-hop-event-month-037	1.494
Liquid d1	single-hop-song-month-041	0.331
Liquid d1	single-hop-song-month-042	0.25
Liquid d1	single-hop-event-month-038	0.335
Liquid d1	single-hop-song-month-043	1.509
Liquid d1	single-hop-event-month-039	0.625
Liquid d1	single-hop-song-month-044	0.335
Liquid d1	single-hop-event-month-040	1.535
Liquid d1	single-hop-song-month-045	0.287
Liquid d1	single-hop-event-month-041	2.542
Liquid d1	single-hop-song-month-046	0.742
Liquid d1	single-hop-event-month-042	0.398
Liquid d1	single-hop-song-month-047	0.38
Liquid d1	single-hop-event-month-043	1.647
Liquid d1	single-hop-song-month-048	1.42
Liquid d1	single-hop-event-month-044	0.357
Liquid d1	single-hop-event-month-045	1.54
Liquid d1	single-hop-event-month-046	1.505
Liquid d1	single-hop-event-month-047	1.458
Liquid d1	single-hop-song-month-049	0.346
Liquid d1	single-hop-event-month-048	0.405
Liquid d1	single-hop-song-month-050	0.291
Liquid d1	single-hop-event-month-049	1.608
Liquid d1	single-hop-song-month-051	0.483
Liquid d1	single-hop-event-month-050	0.363
Liquid d1	single-hop-song-month-052	0.423
Liquid d1	single-hop-event-month-051	0.235
Liquid d1	single-hop-song-month-053	0.536
Liquid d1	single-hop-event-month-052	0.288
Liquid d1	single-hop-song-month-054	0.337
Liquid d1	single-hop-event-month-053	0.405
Liquid d1	single-hop-song-month-055	0.323
Liquid d1	single-hop-song-month-056	0.403
Liquid d1	single-hop-song-month-057	0.329
Liquid d1	single-hop-event-month-054	0.274
Liquid d1	single-hop-song-month-058	0.371
Liquid d1	single-hop-song-month-059	0.388
Liquid d1	single-hop-event-month-055	0.347
Liquid d1	single-hop-song-month-060	1.531
Liquid d1	single-hop-event-month-056	0.282
Liquid d1	single-hop-song-month-061	0.342
Liquid d1	single-hop-song-month-062	0.301
Liquid d1	single-hop-song-month-063	0.448
Liquid d1	single-hop-event-month-057	0.302
Liquid d1	single-hop-song-month-064	0.374
Liquid d1	single-hop-song-month-065	0.292
Liquid d1	single-hop-event-month-058	0.261
Liquid d1	single-hop-event-month-059	0.278
Liquid d1	single-hop-song-month-066	0.272
Liquid d1	single-hop-event-month-060	0.328
Liquid d1	single-hop-song-month-067	0.416
Liquid d1	single-hop-event-month-061	0.311
Liquid d1	single-hop-song-month-068	0.333
Liquid d1	single-hop-song-month-069	0.458
Liquid d1	single-hop-event-month-062	0.284
Liquid d1	single-hop-song-month-070	0.295
Liquid d1	single-hop-event-month-063	0.286
Liquid d1	single-hop-song-month-071	0.271
Liquid d1	single-hop-song-month-072	1.609
Liquid d1	single-hop-song-month-073	0.323
Liquid d1	single-hop-event-month-064	0.4
Liquid d1	single-hop-song-month-074	1.706
Liquid d1	single-hop-event-month-065	0.298
Liquid d1	single-hop-song-month-075	0.392
Liquid d1	single-hop-song-month-076	0.305
Liquid d1	single-hop-song-month-077	0.439
Liquid d1	single-hop-song-month-078	1.399
Liquid d1	single-hop-event-month-066	0.343
Liquid d1	single-hop-song-month-079	1.514
Liquid d1	single-hop-event-month-067	0.251
Liquid d1	single-hop-song-month-080	0.313
Liquid d1	single-hop-song-month-081	0.259
Liquid d1	single-hop-event-month-068	1.625
Liquid d1	single-hop-song-month-082	0.387
Liquid d1	single-hop-event-month-069	0.362
Liquid d1	single-hop-song-month-083	0.29
Liquid d1	single-hop-event-month-070	0.442
Liquid d1	single-hop-song-month-084	0.3
Liquid d1	single-hop-event-month-071	0.335
Liquid d1	single-hop-song-month-085	0.333
Liquid d1	single-hop-song-month-086	0.395
Liquid d1	single-hop-event-month-072	0.283
Liquid d1	single-hop-song-month-087	0.28
Liquid d1	single-hop-song-month-088	1.412
Liquid d1	single-hop-song-month-089	0.23
Liquid d1	single-hop-song-month-090	1.767
Liquid d1	single-hop-song-month-091	0.277
Liquid d1	single-hop-song-month-092	1.186
Liquid d1	single-hop-song-month-093	2.483
Liquid d1	single-hop-song-month-094	0.274
Liquid d1	single-hop-event-month-073	1.461
Liquid d1	single-hop-song-month-095	0.374
Liquid d1	single-hop-event-month-074	0.266
Liquid d1	single-hop-song-month-096	0.237
Liquid d1	single-hop-song-month-097	0.26
Liquid d1	single-hop-event-month-075	0.282
Liquid d1	single-hop-song-month-098	0.233
Liquid d1	single-hop-song-month-099	0.421
Liquid d1	single-hop-event-month-076	0.335
Nimble 9B	comparison-longer-001	1.018
Nimble 9B	comparison-longer-002	1.131
Nimble 9B	comparison-longer-003	0.244
Nimble 9B	comparison-longer-004	0.255
Nimble 9B	comparison-longer-005	0.255
Nimble 9B	comparison-longer-006	0.262
Nimble 9B	comparison-longer-007	0.263
Nimble 9B	comparison-longer-008	0.262
Nimble 9B	comparison-longer-009	0.27
Nimble 9B	comparison-longer-010	0.262
Nimble 9B	comparison-longer-011	0.266
Nimble 9B	comparison-longer-012	0.26
Nimble 9B	comparison-longer-013	0.249
Nimble 9B	comparison-longer-014	0.271
Nimble 9B	comparison-longer-015	0.263
Nimble 9B	comparison-longer-016	0.26
Nimble 9B	comparison-longer-017	0.266
Nimble 9B	comparison-longer-018	0.254
Nimble 9B	comparison-longer-019	0.258
Nimble 9B	comparison-longer-020	0.263
Nimble 9B	comparison-longer-021	0.261
Nimble 9B	comparison-longer-022	0.267
Nimble 9B	comparison-longer-023	0.264
Nimble 9B	comparison-longer-024	0.26
Nimble 9B	comparison-longer-025	0.266
Nimble 9B	comparison-longer-026	0.314
Nimble 9B	comparison-longer-027	0.266
Nimble 9B	comparison-longer-028	0.217
Nimble 9B	comparison-longer-029	0.26
Nimble 9B	comparison-longer-030	0.261
Nimble 9B	comparison-longer-031	0.262
Nimble 9B	comparison-longer-032	0.259
Nimble 9B	comparison-longer-033	0.26
Nimble 9B	comparison-longer-034	0.263
Nimble 9B	comparison-longer-035	0.263
Nimble 9B	comparison-longer-036	0.262
Nimble 9B	comparison-longer-037	0.26
Nimble 9B	comparison-longer-038	0.26
Nimble 9B	comparison-longer-039	0.27
Nimble 9B	comparison-longer-040	0.263
Nimble 9B	comparison-longer-041	0.259
Nimble 9B	comparison-longer-042	0.261
Nimble 9B	comparison-longer-043	0.257
Nimble 9B	comparison-longer-044	0.261
Nimble 9B	comparison-longer-045	0.261
Nimble 9B	comparison-longer-046	0.263
Nimble 9B	comparison-longer-047	0.264
Nimble 9B	comparison-longer-048	0.261
Nimble 9B	comparison-longer-049	0.26
Nimble 9B	comparison-longer-050	0.252
Nimble 9B	comparison-longer-051	0.253
Nimble 9B	comparison-longer-052	0.273
Nimble 9B	comparison-longer-053	0.26
Nimble 9B	comparison-longer-054	0.249
Nimble 9B	comparison-longer-055	0.261
Nimble 9B	comparison-longer-056	0.267
Nimble 9B	comparison-longer-057	0.266
Nimble 9B	comparison-longer-058	0.262
Nimble 9B	comparison-longer-059	0.258
Nimble 9B	comparison-longer-060	0.255
Nimble 9B	forward-singer-001	0.264
Nimble 9B	forward-singer-002	0.273
Nimble 9B	forward-singer-003	0.27
Nimble 9B	forward-singer-004	0.268
Nimble 9B	forward-singer-005	0.267
Nimble 9B	forward-singer-006	0.275
Nimble 9B	forward-singer-007	0.271
Nimble 9B	forward-singer-008	0.259
Nimble 9B	forward-singer-009	0.267
Nimble 9B	forward-singer-010	0.272
Nimble 9B	forward-singer-011	0.268
Nimble 9B	forward-singer-012	0.269
Nimble 9B	forward-singer-013	0.275
Nimble 9B	forward-singer-014	0.269
Nimble 9B	forward-singer-015	0.27
Nimble 9B	forward-singer-016	0.267
Nimble 9B	forward-singer-017	0.267
Nimble 9B	forward-singer-018	0.269
Nimble 9B	forward-singer-019	0.269
Nimble 9B	forward-singer-020	0.268
Nimble 9B	forward-singer-021	0.266
Nimble 9B	forward-singer-022	0.268
Nimble 9B	forward-singer-023	0.275
Nimble 9B	forward-singer-024	0.272
Nimble 9B	forward-singer-025	0.266
Nimble 9B	forward-singer-026	0.279
Nimble 9B	forward-singer-027	0.274
Nimble 9B	forward-singer-028	0.271
Nimble 9B	forward-singer-029	0.282
Nimble 9B	forward-singer-030	0.276
Nimble 9B	forward-singer-031	0.279
Nimble 9B	forward-singer-032	0.284
Nimble 9B	forward-singer-033	0.265
Nimble 9B	forward-singer-034	0.264
Nimble 9B	forward-singer-035	0.271
Nimble 9B	forward-singer-036	0.272
Nimble 9B	forward-singer-037	0.273
Nimble 9B	forward-singer-038	0.27
Nimble 9B	forward-singer-039	0.271
Nimble 9B	forward-singer-040	0.267
Nimble 9B	forward-singer-041	0.271
Nimble 9B	forward-singer-042	0.283
Nimble 9B	forward-singer-043	0.27
Nimble 9B	forward-singer-044	0.275
Nimble 9B	forward-singer-045	0.277
Nimble 9B	forward-singer-046	0.262
Nimble 9B	forward-singer-047	0.267
Nimble 9B	forward-singer-048	0.265
Nimble 9B	forward-singer-049	0.27
Nimble 9B	forward-singer-050	0.269
Nimble 9B	forward-singer-051	0.265
Nimble 9B	forward-singer-052	0.284
Nimble 9B	forward-singer-053	0.274
Nimble 9B	forward-singer-054	0.26
Nimble 9B	forward-singer-055	0.275
Nimble 9B	forward-singer-056	0.28
Nimble 9B	forward-singer-057	0.275
Nimble 9B	forward-album-001	0.27
Nimble 9B	forward-album-002	0.281
Nimble 9B	forward-album-003	0.288
Nimble 9B	forward-album-004	0.282
Nimble 9B	forward-album-005	0.269
Nimble 9B	forward-album-006	0.265
Nimble 9B	forward-album-007	0.274
Nimble 9B	forward-album-008	0.278
Nimble 9B	forward-album-009	0.278
Nimble 9B	forward-album-010	0.281
Nimble 9B	forward-album-011	0.283
Nimble 9B	forward-album-012	0.275
Nimble 9B	forward-album-013	0.272
Nimble 9B	forward-album-014	0.284
Nimble 9B	forward-album-015	0.271
Nimble 9B	forward-album-016	0.269
Nimble 9B	forward-album-017	0.287
Nimble 9B	forward-album-018	0.284
Nimble 9B	forward-album-019	0.279
Nimble 9B	forward-album-020	0.281
Nimble 9B	forward-album-021	0.278
Nimble 9B	forward-album-022	0.277
Nimble 9B	forward-album-023	0.28
Nimble 9B	forward-album-024	0.287
Nimble 9B	forward-album-025	0.287
Nimble 9B	forward-album-026	0.28
Nimble 9B	forward-album-027	0.279
Nimble 9B	forward-album-028	0.281
Nimble 9B	forward-album-029	0.289
Nimble 9B	forward-album-030	0.281
Nimble 9B	forward-album-031	0.272
Nimble 9B	forward-album-032	0.284
Nimble 9B	forward-album-033	0.275
Nimble 9B	forward-album-034	0.275
Nimble 9B	forward-album-035	0.282
Nimble 9B	forward-album-036	0.278
Nimble 9B	forward-album-037	0.277
Nimble 9B	forward-album-038	0.276
Nimble 9B	forward-album-039	0.281
Nimble 9B	forward-album-040	0.282
Nimble 9B	forward-album-041	0.289
Nimble 9B	forward-album-042	0.287
Nimble 9B	forward-album-043	0.28
Nimble 9B	forward-album-044	0.282
Nimble 9B	forward-album-045	0.282
Nimble 9B	forward-album-046	0.277
Nimble 9B	forward-album-047	0.276
Nimble 9B	forward-album-048	0.287
Nimble 9B	forward-album-049	0.284
Nimble 9B	forward-album-050	0.282
Nimble 9B	forward-album-051	0.3
Nimble 9B	forward-album-052	0.294
Nimble 9B	forward-album-053	0.279
Nimble 9B	forward-album-054	0.274
Nimble 9B	forward-album-055	0.274
Nimble 9B	forward-album-056	0.273
Nimble 9B	forward-album-057	0.273
Nimble 9B	forward-album-058	0.278
Nimble 9B	forward-album-059	0.279
Nimble 9B	forward-album-060	0.283
Nimble 9B	forward-songwriter-001	0.284
Nimble 9B	forward-songwriter-002	0.284
Nimble 9B	forward-songwriter-003	0.286
Nimble 9B	forward-songwriter-004	0.292
Nimble 9B	forward-songwriter-005	0.289
Nimble 9B	forward-songwriter-006	0.281
Nimble 9B	forward-songwriter-007	0.283
Nimble 9B	forward-songwriter-008	0.282
Nimble 9B	forward-songwriter-009	0.293
Nimble 9B	forward-songwriter-010	0.294
Nimble 9B	forward-songwriter-011	0.278
Nimble 9B	forward-songwriter-012	0.288
Nimble 9B	forward-songwriter-013	0.287
Nimble 9B	forward-songwriter-014	0.277
Nimble 9B	forward-songwriter-015	0.292
Nimble 9B	forward-songwriter-016	0.281
Nimble 9B	forward-songwriter-017	0.275
Nimble 9B	forward-songwriter-018	0.275
Nimble 9B	forward-songwriter-019	0.274
Nimble 9B	forward-songwriter-020	0.28
Nimble 9B	forward-songwriter-021	0.282
Nimble 9B	forward-songwriter-022	0.291
Nimble 9B	forward-songwriter-023	0.29
Nimble 9B	forward-songwriter-024	0.298
Nimble 9B	forward-songwriter-025	0.294
Nimble 9B	forward-songwriter-026	0.283
Nimble 9B	forward-songwriter-027	0.285
Nimble 9B	forward-songwriter-028	0.288
Nimble 9B	forward-songwriter-029	0.291
Nimble 9B	forward-songwriter-030	0.285
Nimble 9B	forward-songwriter-031	0.286
Nimble 9B	forward-songwriter-032	0.3
Nimble 9B	forward-songwriter-033	0.287
Nimble 9B	forward-songwriter-034	0.278
Nimble 9B	forward-songwriter-035	0.287
Nimble 9B	forward-songwriter-036	0.288
Nimble 9B	forward-songwriter-037	0.297
Nimble 9B	forward-songwriter-038	0.287
Nimble 9B	forward-songwriter-039	0.283
Nimble 9B	forward-songwriter-040	0.289
Nimble 9B	forward-songwriter-041	0.282
Nimble 9B	forward-songwriter-042	0.284
Nimble 9B	forward-songwriter-043	0.29
Nimble 9B	forward-songwriter-044	0.285
Nimble 9B	forward-songwriter-045	0.282
Nimble 9B	forward-songwriter-046	0.285
Nimble 9B	forward-songwriter-047	0.284
Nimble 9B	forward-year-001	0.333
Nimble 9B	forward-year-002	0.394
Nimble 9B	forward-year-003	0.391
Nimble 9B	forward-year-004	0.383
Nimble 9B	forward-year-005	0.393
Nimble 9B	forward-year-006	0.398
Nimble 9B	forward-year-007	0.395
Nimble 9B	forward-year-008	0.384
Nimble 9B	forward-year-009	0.388
Nimble 9B	forward-year-010	0.397
Nimble 9B	forward-year-011	0.39
Nimble 9B	forward-year-012	0.378
Nimble 9B	forward-year-013	0.383
Nimble 9B	forward-year-014	0.387
Nimble 9B	forward-year-015	0.391
Nimble 9B	forward-year-016	0.391
Nimble 9B	forward-year-017	0.385
Nimble 9B	forward-year-018	0.386
Nimble 9B	forward-year-019	0.389
Nimble 9B	forward-year-020	0.387
Nimble 9B	forward-year-021	0.392
Nimble 9B	forward-year-022	0.405
Nimble 9B	forward-year-023	0.399
Nimble 9B	forward-year-024	0.383
Nimble 9B	forward-year-025	0.381
Nimble 9B	forward-year-026	0.388
Nimble 9B	forward-year-027	0.387
Nimble 9B	forward-year-028	0.38
Nimble 9B	forward-year-029	0.385
Nimble 9B	forward-year-030	0.388
Nimble 9B	forward-year-031	0.392
Nimble 9B	forward-year-032	0.395
Nimble 9B	forward-year-033	0.382
Nimble 9B	forward-year-034	0.379
Nimble 9B	forward-year-035	0.394
Nimble 9B	forward-year-036	0.396
Nimble 9B	forward-year-037	0.391
Nimble 9B	forward-year-038	0.387
Nimble 9B	forward-year-039	0.39
Nimble 9B	forward-year-040	0.391
Nimble 9B	forward-year-041	0.392
Nimble 9B	forward-year-042	0.394
Nimble 9B	forward-year-043	0.389
Nimble 9B	forward-year-044	0.393
Nimble 9B	forward-year-045	0.394
Nimble 9B	forward-year-046	0.398
Nimble 9B	forward-year-047	0.39
Nimble 9B	forward-year-048	0.387
Nimble 9B	forward-year-049	0.393
Nimble 9B	forward-year-050	0.389
Nimble 9B	forward-year-051	0.392
Nimble 9B	forward-year-052	0.407
Nimble 9B	forward-year-053	0.403
Nimble 9B	forward-year-054	0.382
Nimble 9B	forward-year-055	0.387
Nimble 9B	forward-year-056	0.393
Nimble 9B	forward-year-057	0.389
Nimble 9B	forward-year-058	0.39
Nimble 9B	forward-year-059	0.39
Nimble 9B	forward-year-060	0.388
Nimble 9B	lead-set-john-001	0.358
Nimble 9B	lead-set-paul-001	0.283
Nimble 9B	lead-set-george-001	0.253
Nimble 9B	lead-set-ringo-001	0.275
Nimble 9B	lead-set-john-002	0.276
Nimble 9B	lead-set-paul-002	0.273
Nimble 9B	lead-set-george-002	0.272
Nimble 9B	lead-set-ringo-002	0.273
Nimble 9B	lead-set-john-003	0.275
Nimble 9B	lead-set-paul-003	0.277
Nimble 9B	lead-set-george-003	0.274
Nimble 9B	lead-set-ringo-003	0.274
Nimble 9B	lead-set-john-004	0.275
Nimble 9B	lead-set-paul-004	0.277
Nimble 9B	lead-set-george-004	0.276
Nimble 9B	lead-set-ringo-004	0.274
Nimble 9B	lead-set-john-005	0.274
Nimble 9B	lead-set-paul-005	0.279
Nimble 9B	lead-set-george-005	0.274
Nimble 9B	lead-set-ringo-005	0.274
Nimble 9B	lead-set-john-006	0.283
Nimble 9B	lead-set-paul-006	0.271
Nimble 9B	lead-set-george-006	0.279
Nimble 9B	lead-set-ringo-006	0.284
Nimble 9B	lead-set-john-007	0.268
Nimble 9B	lead-set-paul-007	0.272
Nimble 9B	lead-set-george-007	0.279
Nimble 9B	lead-set-ringo-007	0.271
Nimble 9B	lead-set-john-008	0.268
Nimble 9B	lead-set-paul-008	0.279
Nimble 9B	lead-set-george-008	0.275
Nimble 9B	lead-set-ringo-008	0.264
Nimble 9B	lead-set-john-009	0.279
Nimble 9B	lead-set-paul-009	0.287
Nimble 9B	lead-set-george-009	0.265
Nimble 9B	lead-set-ringo-009	0.262
Nimble 9B	lead-set-john-010	0.276
Nimble 9B	lead-set-paul-010	0.273
Nimble 9B	lead-set-george-010	0.273
Nimble 9B	lead-set-ringo-010	0.275
Nimble 9B	lead-set-john-011	0.281
Nimble 9B	lead-set-paul-011	0.282
Nimble 9B	lead-set-george-011	0.267
Nimble 9B	lead-set-ringo-011	0.264
Nimble 9B	lead-set-john-012	0.272
Nimble 9B	lead-set-paul-012	0.275
Nimble 9B	lead-set-george-012	0.279
Nimble 9B	lead-set-ringo-012	0.28
Nimble 9B	lead-set-john-013	0.276
Nimble 9B	lead-set-paul-013	0.279
Nimble 9B	lead-set-george-013	0.281
Nimble 9B	lead-set-ringo-013	0.273
Nimble 9B	lead-set-john-014	0.268
Nimble 9B	lead-set-paul-014	0.274
Nimble 9B	lead-set-george-014	0.282
Nimble 9B	lead-set-ringo-014	0.275
Nimble 9B	lead-set-john-015	0.272
Nimble 9B	lead-set-paul-015	0.274
Nimble 9B	lead-set-george-015	0.273
Nimble 9B	lead-set-ringo-015	0.28
Nimble 9B	lead-set-john-016	0.276
Nimble 9B	lead-set-paul-016	0.28
Nimble 9B	lead-set-george-016	0.275
Nimble 9B	lead-set-ringo-016	0.266
Nimble 9B	lead-set-john-017	0.282
Nimble 9B	lead-set-paul-017	0.277
Nimble 9B	lead-set-george-017	0.271
Nimble 9B	lead-set-ringo-017	0.279
Nimble 9B	lead-set-john-018	0.275
Nimble 9B	lead-set-paul-018	0.275
Nimble 9B	lead-set-george-018	0.279
Nimble 9B	lead-set-ringo-018	0.283
Nimble 9B	lead-set-john-019	0.279
Nimble 9B	lead-set-paul-019	0.271
Nimble 9B	lead-set-george-019	0.279
Nimble 9B	lead-set-ringo-019	0.279
Nimble 9B	lead-set-john-020	0.279
Nimble 9B	lead-set-paul-020	0.289
Nimble 9B	lead-set-george-020	0.274
Nimble 9B	lead-set-ringo-020	0.257
Nimble 9B	lead-set-john-021	0.268
Nimble 9B	lead-set-paul-021	0.282
Nimble 9B	lead-set-george-021	0.284
Nimble 9B	lead-set-ringo-021	0.273
Nimble 9B	lead-set-john-022	0.27
Nimble 9B	lead-set-paul-022	0.281
Nimble 9B	lead-set-george-022	0.283
Nimble 9B	lead-set-ringo-022	0.274
Nimble 9B	lead-set-john-023	0.278
Nimble 9B	lead-set-paul-023	0.287
Nimble 9B	lead-set-george-023	0.273
Nimble 9B	lead-set-ringo-023	0.266
Nimble 9B	lead-set-john-024	0.277
Nimble 9B	lead-set-paul-024	0.278
Nimble 9B	lead-set-george-024	0.271
Nimble 9B	lead-set-ringo-024	0.282
Nimble 9B	lead-set-john-025	0.281
Nimble 9B	lead-set-paul-025	0.281
Nimble 9B	lead-set-george-025	0.276
Nimble 9B	lead-set-ringo-025	0.272
Nimble 9B	lead-set-john-026	0.276
Nimble 9B	lead-set-paul-026	0.277
Nimble 9B	lead-set-george-026	0.287
Nimble 9B	lead-set-ringo-026	0.283
Nimble 9B	lexical-trap-control-album-to-song-001	0.29
Nimble 9B	lexical-trap-control-event-to-song-001	0.294
Nimble 9B	lexical-trap-control-album-to-song-002	0.294
Nimble 9B	lexical-trap-control-event-to-song-002	0.294
Nimble 9B	lexical-trap-control-event-to-song-003	0.285
Nimble 9B	lexical-trap-control-album-to-song-003	0.287
Nimble 9B	lexical-trap-control-song-to-album-001	0.285
Nimble 9B	lexical-trap-control-album-to-song-004	0.291
Nimble 9B	lexical-trap-control-event-to-song-004	0.288
Nimble 9B	lexical-trap-control-album-to-song-005	0.295
Nimble 9B	lexical-trap-control-album-to-song-006	0.292
Nimble 9B	lexical-trap-control-album-to-song-007	0.289
Nimble 9B	lexical-trap-control-album-to-song-008	0.296
Nimble 9B	lexical-trap-control-album-to-song-009	0.285
Nimble 9B	lexical-trap-control-song-to-album-002	0.286
Nimble 9B	lexical-trap-control-event-to-song-005	0.29
Nimble 9B	lexical-trap-control-album-to-song-010	0.291
Nimble 9B	lexical-trap-control-song-to-album-003	0.289
Nimble 9B	lexical-trap-control-album-to-song-011	0.285
Nimble 9B	lexical-trap-control-event-to-song-006	0.294
Nimble 9B	lexical-trap-control-album-to-song-012	0.3
Nimble 9B	lexical-trap-control-album-to-song-013	0.288
Nimble 9B	lexical-trap-control-album-to-song-014	0.281
Nimble 9B	lexical-trap-control-album-to-song-015	0.279
Nimble 9B	lexical-trap-control-album-to-song-016	0.284
Nimble 9B	lexical-trap-control-album-to-song-017	0.281
Nimble 9B	lexical-trap-control-album-to-song-018	0.276
Nimble 9B	lexical-trap-control-album-to-song-019	0.284
Nimble 9B	lexical-trap-control-event-to-song-007	0.287
Nimble 9B	lexical-trap-control-album-to-song-020	0.284
Nimble 9B	lexical-trap-control-album-to-song-021	0.287
Nimble 9B	lexical-trap-control-song-to-album-004	0.291
Nimble 9B	lexical-trap-control-album-to-song-022	0.295
Nimble 9B	lexical-trap-control-album-to-song-023	0.299
Nimble 9B	lexical-trap-control-album-to-song-024	0.293
Nimble 9B	lexical-trap-control-album-to-song-025	0.29
Nimble 9B	lexical-trap-control-album-to-song-026	0.293
Nimble 9B	lexical-trap-control-album-to-song-027	0.297
Nimble 9B	lexical-trap-control-song-to-album-005	0.292
Nimble 9B	lexical-trap-control-album-to-song-028	0.292
Nimble 9B	lexical-trap-control-album-to-song-029	0.292
Nimble 9B	lexical-trap-control-album-to-song-030	0.288
Nimble 9B	lexical-trap-control-song-to-album-006	0.29
Nimble 9B	lexical-trap-control-song-to-album-007	0.288
Nimble 9B	lexical-trap-control-song-to-album-008	0.287
Nimble 9B	lexical-trap-control-song-to-album-009	0.286
Nimble 9B	lexical-trap-control-event-to-song-008	0.295
Nimble 9B	lexical-trap-control-event-to-song-009	0.294
Nimble 9B	lexical-trap-control-album-to-song-031	0.28
Nimble 9B	lexical-trap-control-album-to-song-032	0.29
Nimble 9B	lexical-trap-control-song-to-album-010	0.292
Nimble 9B	lexical-trap-control-song-to-album-011	0.285
Nimble 9B	lexical-trap-control-album-to-song-033	0.291
Nimble 9B	lexical-trap-control-album-to-song-034	0.29
Nimble 9B	lexical-trap-album-to-song-001	0.295
Nimble 9B	lexical-trap-event-to-song-001	0.294
Nimble 9B	lexical-trap-album-to-song-002	0.289
Nimble 9B	lexical-trap-event-to-song-002	0.291
Nimble 9B	lexical-trap-event-to-song-003	0.29
Nimble 9B	lexical-trap-album-to-song-003	0.289
Nimble 9B	lexical-trap-song-to-album-001	0.298
Nimble 9B	lexical-trap-album-to-song-004	0.296
Nimble 9B	lexical-trap-event-to-song-004	0.29
Nimble 9B	lexical-trap-album-to-song-005	0.298
Nimble 9B	lexical-trap-album-to-song-006	0.298
Nimble 9B	lexical-trap-album-to-song-007	0.296
Nimble 9B	lexical-trap-album-to-song-008	0.297
Nimble 9B	lexical-trap-album-to-song-009	0.292
Nimble 9B	lexical-trap-song-to-album-002	0.286
Nimble 9B	lexical-trap-event-to-song-005	0.281
Nimble 9B	lexical-trap-album-to-song-010	0.277
Nimble 9B	lexical-trap-song-to-album-003	0.283
Nimble 9B	lexical-trap-album-to-song-011	0.274
Nimble 9B	lexical-trap-event-to-song-006	0.275
Nimble 9B	lexical-trap-album-to-song-012	0.293
Nimble 9B	lexical-trap-album-to-song-013	0.287
Nimble 9B	lexical-trap-album-to-song-014	0.294
Nimble 9B	lexical-trap-album-to-song-015	0.293
Nimble 9B	lexical-trap-album-to-song-016	0.278
Nimble 9B	lexical-trap-album-to-song-017	0.285
Nimble 9B	lexical-trap-album-to-song-018	0.288
Nimble 9B	lexical-trap-album-to-song-019	0.29
Nimble 9B	lexical-trap-event-to-song-007	0.29
Nimble 9B	lexical-trap-album-to-song-020	0.288
Nimble 9B	lexical-trap-album-to-song-021	0.293
Nimble 9B	lexical-trap-song-to-album-004	0.295
Nimble 9B	lexical-trap-album-to-song-022	0.295
Nimble 9B	lexical-trap-album-to-song-023	0.297
Nimble 9B	lexical-trap-album-to-song-024	0.29
Nimble 9B	lexical-trap-album-to-song-025	0.297
Nimble 9B	lexical-trap-album-to-song-026	0.304
Nimble 9B	lexical-trap-album-to-song-027	0.299
Nimble 9B	lexical-trap-song-to-album-005	0.294
Nimble 9B	lexical-trap-album-to-song-028	0.297
Nimble 9B	lexical-trap-album-to-song-029	0.291
Nimble 9B	lexical-trap-album-to-song-030	0.284
Nimble 9B	lexical-trap-song-to-album-006	0.289
Nimble 9B	lexical-trap-song-to-album-007	0.291
Nimble 9B	lexical-trap-song-to-album-008	0.292
Nimble 9B	lexical-trap-song-to-album-009	0.288
Nimble 9B	lexical-trap-event-to-song-008	0.285
Nimble 9B	lexical-trap-event-to-song-009	0.293
Nimble 9B	lexical-trap-album-to-song-031	0.295
Nimble 9B	lexical-trap-album-to-song-032	0.289
Nimble 9B	lexical-trap-song-to-album-010	0.296
Nimble 9B	lexical-trap-song-to-album-011	0.298
Nimble 9B	lexical-trap-album-to-song-033	0.301
Nimble 9B	lexical-trap-album-to-song-034	0.319
Nimble 9B	multi-hop-album-year-001	0.334
Nimble 9B	multi-hop-album-year-002	0.359
Nimble 9B	multi-hop-album-year-003	0.389
Nimble 9B	multi-hop-album-year-004	0.389
Nimble 9B	multi-hop-album-year-005	0.393
Nimble 9B	multi-hop-album-year-006	0.39
Nimble 9B	multi-hop-album-year-007	0.387
Nimble 9B	multi-hop-album-year-008	0.389
Nimble 9B	multi-hop-album-year-009	0.383
Nimble 9B	multi-hop-album-year-010	0.385
Nimble 9B	multi-hop-album-year-011	0.399
Nimble 9B	multi-hop-album-year-012	0.396
Nimble 9B	multi-hop-album-year-013	0.378
Nimble 9B	multi-hop-album-year-014	0.383
Nimble 9B	multi-hop-album-year-015	0.387
Nimble 9B	multi-hop-album-year-016	0.39
Nimble 9B	multi-hop-album-year-017	0.389
Nimble 9B	multi-hop-album-year-018	0.385
Nimble 9B	multi-hop-album-year-019	0.382
Nimble 9B	multi-hop-album-year-020	0.384
Nimble 9B	multi-hop-album-year-021	0.388
Nimble 9B	multi-hop-album-year-022	0.391
Nimble 9B	multi-hop-album-year-023	0.378
Nimble 9B	multi-hop-album-year-024	0.375
Nimble 9B	multi-hop-album-year-025	0.403
Nimble 9B	multi-hop-album-year-026	0.391
Nimble 9B	multi-hop-album-year-027	0.379
Nimble 9B	multi-hop-album-year-028	0.379
Nimble 9B	multi-hop-album-year-029	0.397
Nimble 9B	multi-hop-album-year-030	0.39
Nimble 9B	multi-hop-album-year-031	0.363
Nimble 9B	multi-hop-album-year-032	0.377
Nimble 9B	multi-hop-album-year-033	0.39
Nimble 9B	multi-hop-album-year-034	0.387
Nimble 9B	multi-hop-album-year-035	0.38
Nimble 9B	multi-hop-album-year-036	0.384
Nimble 9B	multi-hop-album-year-037	0.391
Nimble 9B	multi-hop-album-year-038	0.393
Nimble 9B	multi-hop-album-year-039	0.387
Nimble 9B	multi-hop-album-year-040	0.394
Nimble 9B	multi-hop-album-year-041	0.387
Nimble 9B	multi-hop-album-year-042	0.382
Nimble 9B	multi-hop-album-year-043	0.384
Nimble 9B	multi-hop-album-year-044	0.387
Nimble 9B	multi-hop-album-year-045	0.391
Nimble 9B	multi-hop-album-year-046	0.392
Nimble 9B	multi-hop-album-year-047	0.403
Nimble 9B	multi-hop-album-year-048	0.404
Nimble 9B	multi-hop-album-year-049	0.386
Nimble 9B	multi-hop-album-year-050	0.383
Nimble 9B	multi-hop-album-year-051	0.394
Nimble 9B	multi-hop-album-year-052	0.393
Nimble 9B	multi-hop-album-year-053	0.391
Nimble 9B	multi-hop-album-year-054	0.385
Nimble 9B	multi-hop-album-year-055	0.393
Nimble 9B	multi-hop-album-year-056	0.411
Nimble 9B	multi-hop-album-year-057	0.389
Nimble 9B	multi-hop-album-year-058	0.381
Nimble 9B	multi-hop-album-year-059	0.386
Nimble 9B	multi-hop-album-year-060	0.381
Nimble 9B	multi-hop-before-after-001	0.334
Nimble 9B	multi-hop-before-after-002	0.279
Nimble 9B	multi-hop-before-after-003	0.283
Nimble 9B	multi-hop-before-after-004	0.289
Nimble 9B	multi-hop-before-after-005	0.279
Nimble 9B	multi-hop-before-after-006	0.275
Nimble 9B	multi-hop-before-after-007	0.282
Nimble 9B	multi-hop-before-after-008	0.278
Nimble 9B	multi-hop-before-after-009	0.278
Nimble 9B	multi-hop-before-after-010	0.277
Nimble 9B	multi-hop-before-after-011	0.278
Nimble 9B	multi-hop-before-after-012	0.284
Nimble 9B	multi-hop-before-after-013	0.28
Nimble 9B	multi-hop-before-after-014	0.271
Nimble 9B	multi-hop-before-after-015	0.279
Nimble 9B	multi-hop-before-after-016	0.28
Nimble 9B	multi-hop-before-after-017	0.272
Nimble 9B	multi-hop-before-after-018	0.281
Nimble 9B	multi-hop-before-after-019	0.288
Nimble 9B	multi-hop-before-after-020	0.281
Nimble 9B	multi-hop-before-after-021	0.275
Nimble 9B	multi-hop-before-after-022	0.273
Nimble 9B	multi-hop-before-after-023	0.276
Nimble 9B	multi-hop-before-after-024	0.29
Nimble 9B	multi-hop-before-after-025	0.291
Nimble 9B	multi-hop-before-after-026	0.281
Nimble 9B	multi-hop-before-after-027	0.296
Nimble 9B	multi-hop-before-after-028	0.294
Nimble 9B	multi-hop-before-after-029	0.287
Nimble 9B	multi-hop-before-after-030	0.287
Nimble 9B	multi-hop-before-after-031	0.262
Nimble 9B	multi-hop-before-after-032	0.274
Nimble 9B	multi-hop-before-after-033	0.285
Nimble 9B	multi-hop-before-after-034	0.283
Nimble 9B	multi-hop-before-after-035	0.288
Nimble 9B	multi-hop-before-after-036	0.289
Nimble 9B	multi-hop-before-after-037	0.271
Nimble 9B	multi-hop-before-after-038	0.264
Nimble 9B	multi-hop-before-after-039	0.287
Nimble 9B	multi-hop-before-after-040	0.286
Nimble 9B	multi-hop-before-after-041	0.29
Nimble 9B	multi-hop-before-after-042	0.285
Nimble 9B	multi-hop-before-after-043	0.278
Nimble 9B	multi-hop-before-after-044	0.265
Nimble 9B	multi-hop-before-after-045	0.262
Nimble 9B	multi-hop-before-after-046	0.287
Nimble 9B	multi-hop-before-after-047	0.287
Nimble 9B	multi-hop-before-after-048	0.276
Nimble 9B	multi-hop-before-after-049	0.28
Nimble 9B	multi-hop-before-after-050	0.281
Nimble 9B	multi-hop-before-after-051	0.287
Nimble 9B	multi-hop-before-after-052	0.27
Nimble 9B	multi-hop-before-after-053	0.269
Nimble 9B	multi-hop-before-after-054	0.3
Nimble 9B	multi-hop-before-after-055	0.283
Nimble 9B	multi-hop-before-after-056	0.273
Nimble 9B	multi-hop-before-after-057	0.275
Nimble 9B	multi-hop-before-after-058	0.277
Nimble 9B	multi-hop-before-after-059	0.298
Nimble 9B	multi-hop-before-after-060	0.296
Nimble 9B	multi-hop-same-month-001	0.277
Nimble 9B	multi-hop-same-month-002	0.266
Nimble 9B	multi-hop-same-month-003	0.27
Nimble 9B	multi-hop-same-month-004	0.286
Nimble 9B	multi-hop-same-month-005	0.274
Nimble 9B	multi-hop-same-month-006	0.282
Nimble 9B	multi-hop-same-month-007	0.298
Nimble 9B	multi-hop-same-month-008	0.273
Nimble 9B	multi-hop-same-month-009	0.266
Nimble 9B	multi-hop-same-month-010	0.277
Nimble 9B	multi-hop-same-month-011	0.274
Nimble 9B	multi-hop-same-month-012	0.28
Nimble 9B	multi-hop-same-month-013	0.285
Nimble 9B	multi-hop-same-month-014	0.282
Nimble 9B	multi-hop-same-month-015	0.304
Nimble 9B	multi-hop-same-month-016	0.297
Nimble 9B	multi-hop-same-month-017	0.28
Nimble 9B	multi-hop-same-month-018	0.279
Nimble 9B	multi-hop-same-month-019	0.268
Nimble 9B	multi-hop-same-month-020	0.267
Nimble 9B	multi-hop-same-month-021	0.284
Nimble 9B	multi-hop-same-month-022	0.277
Nimble 9B	multi-hop-same-month-023	0.274
Nimble 9B	multi-hop-same-month-024	0.29
Nimble 9B	multi-hop-same-month-025	0.279
Nimble 9B	multi-hop-same-month-026	0.253
Nimble 9B	multi-hop-same-month-027	0.27
Nimble 9B	multi-hop-same-month-028	0.288
Nimble 9B	multi-hop-same-month-029	0.283
Nimble 9B	multi-hop-same-month-030	0.284
Nimble 9B	multi-hop-same-month-031	0.268
Nimble 9B	multi-hop-same-month-032	0.277
Nimble 9B	multi-hop-same-month-033	0.289
Nimble 9B	multi-hop-same-month-034	0.282
Nimble 9B	multi-hop-same-month-035	0.276
Nimble 9B	multi-hop-same-month-036	0.272
Nimble 9B	multi-hop-same-month-037	0.26
Nimble 9B	multi-hop-same-month-038	0.268
Nimble 9B	multi-hop-same-month-039	0.281
Nimble 9B	multi-hop-same-month-040	0.277
Nimble 9B	multi-hop-same-month-041	0.295
Nimble 9B	multi-hop-same-month-042	0.281
Nimble 9B	multi-hop-same-month-043	0.261
Nimble 9B	multi-hop-same-month-044	0.281
Nimble 9B	multi-hop-same-month-045	0.292
Nimble 9B	multi-hop-same-month-046	0.275
Nimble 9B	multi-hop-same-month-047	0.27
Nimble 9B	multi-hop-same-month-048	0.278
Nimble 9B	multi-hop-same-month-049	0.268
Nimble 9B	multi-hop-same-month-050	0.27
Nimble 9B	multi-hop-same-month-051	0.279
Nimble 9B	multi-hop-same-month-052	0.276
Nimble 9B	multi-hop-same-month-053	0.286
Nimble 9B	multi-hop-same-month-054	0.282
Nimble 9B	multi-hop-same-month-055	0.272
Nimble 9B	multi-hop-same-month-056	0.28
Nimble 9B	multi-hop-same-month-057	0.277
Nimble 9B	multi-hop-same-month-058	0.277
Nimble 9B	multi-hop-same-month-059	0.28
Nimble 9B	multi-hop-same-month-060	0.276
Nimble 9B	near-neighbor-control-album-001	0.281
Nimble 9B	near-neighbor-control-album-002	0.282
Nimble 9B	near-neighbor-control-album-003	0.279
Nimble 9B	near-neighbor-control-album-004	0.282
Nimble 9B	near-neighbor-control-album-005	0.283
Nimble 9B	near-neighbor-control-album-006	0.288
Nimble 9B	near-neighbor-control-album-007	0.28
Nimble 9B	near-neighbor-control-album-008	0.273
Nimble 9B	near-neighbor-control-album-009	0.277
Nimble 9B	near-neighbor-control-album-010	0.277
Nimble 9B	near-neighbor-control-album-011	0.281
Nimble 9B	near-neighbor-control-album-012	0.28
Nimble 9B	near-neighbor-control-album-013	0.281
Nimble 9B	near-neighbor-control-album-014	0.283
Nimble 9B	near-neighbor-control-album-015	0.279
Nimble 9B	near-neighbor-control-album-016	0.281
Nimble 9B	near-neighbor-control-album-017	0.281
Nimble 9B	near-neighbor-control-album-018	0.281
Nimble 9B	near-neighbor-control-album-019	0.281
Nimble 9B	near-neighbor-control-album-020	0.274
Nimble 9B	near-neighbor-control-album-021	0.28
Nimble 9B	near-neighbor-control-album-022	0.282
Nimble 9B	near-neighbor-control-album-023	0.286
Nimble 9B	near-neighbor-control-album-024	0.285
Nimble 9B	near-neighbor-control-album-025	0.276
Nimble 9B	near-neighbor-control-album-026	0.277
Nimble 9B	near-neighbor-control-album-027	0.283
Nimble 9B	near-neighbor-control-album-028	0.28
Nimble 9B	near-neighbor-control-album-029	0.275
Nimble 9B	near-neighbor-control-album-030	0.28
Nimble 9B	near-neighbor-control-album-031	0.286
Nimble 9B	near-neighbor-control-album-032	0.283
Nimble 9B	near-neighbor-control-album-033	0.277
Nimble 9B	near-neighbor-control-album-034	0.281
Nimble 9B	near-neighbor-control-album-035	0.281
Nimble 9B	near-neighbor-control-album-036	0.282
Nimble 9B	near-neighbor-control-album-037	0.284
Nimble 9B	near-neighbor-control-album-038	0.281
Nimble 9B	near-neighbor-control-album-039	0.283
Nimble 9B	near-neighbor-control-album-040	0.283
Nimble 9B	near-neighbor-control-album-041	0.287
Nimble 9B	near-neighbor-control-album-042	0.281
Nimble 9B	near-neighbor-control-album-043	0.271
Nimble 9B	near-neighbor-control-album-044	0.279
Nimble 9B	near-neighbor-control-album-045	0.279
Nimble 9B	near-neighbor-control-album-046	0.28
Nimble 9B	near-neighbor-control-album-047	0.292
Nimble 9B	near-neighbor-control-album-048	0.285
Nimble 9B	near-neighbor-control-album-049	0.277
Nimble 9B	near-neighbor-control-album-050	0.29
Nimble 9B	near-neighbor-control-album-051	0.278
Nimble 9B	near-neighbor-control-album-052	0.274
Nimble 9B	near-neighbor-control-album-053	0.287
Nimble 9B	near-neighbor-control-album-054	0.279
Nimble 9B	near-neighbor-control-album-055	0.276
Nimble 9B	near-neighbor-control-album-056	0.283
Nimble 9B	near-neighbor-control-album-057	0.283
Nimble 9B	near-neighbor-control-album-058	0.278
Nimble 9B	near-neighbor-control-album-059	0.278
Nimble 9B	near-neighbor-control-album-060	0.282
Nimble 9B	near-neighbor-album-001	0.28
Nimble 9B	near-neighbor-album-002	0.288
Nimble 9B	near-neighbor-album-003	0.283
Nimble 9B	near-neighbor-album-004	0.273
Nimble 9B	near-neighbor-album-005	0.284
Nimble 9B	near-neighbor-album-006	0.284
Nimble 9B	near-neighbor-album-007	0.284
Nimble 9B	near-neighbor-album-008	0.283
Nimble 9B	near-neighbor-album-009	0.275
Nimble 9B	near-neighbor-album-010	0.281
Nimble 9B	near-neighbor-album-011	0.284
Nimble 9B	near-neighbor-album-012	0.278
Nimble 9B	near-neighbor-album-013	0.283
Nimble 9B	near-neighbor-album-014	0.285
Nimble 9B	near-neighbor-album-015	0.29
Nimble 9B	near-neighbor-album-016	0.282
Nimble 9B	near-neighbor-album-017	0.273
Nimble 9B	near-neighbor-album-018	0.282
Nimble 9B	near-neighbor-album-019	0.278
Nimble 9B	near-neighbor-album-020	0.279
Nimble 9B	near-neighbor-album-021	0.283
Nimble 9B	near-neighbor-album-022	0.281
Nimble 9B	near-neighbor-album-023	0.283
Nimble 9B	near-neighbor-album-024	0.281
Nimble 9B	near-neighbor-album-025	0.278
Nimble 9B	near-neighbor-album-026	0.281
Nimble 9B	near-neighbor-album-027	0.286
Nimble 9B	near-neighbor-album-028	0.28
Nimble 9B	near-neighbor-album-029	0.276
Nimble 9B	near-neighbor-album-030	0.279
Nimble 9B	near-neighbor-album-031	0.283
Nimble 9B	near-neighbor-album-032	0.281
Nimble 9B	near-neighbor-album-033	0.278
Nimble 9B	near-neighbor-album-034	0.28
Nimble 9B	near-neighbor-album-035	0.279
Nimble 9B	near-neighbor-album-036	0.287
Nimble 9B	near-neighbor-album-037	0.285
Nimble 9B	near-neighbor-album-038	0.278
Nimble 9B	near-neighbor-album-039	0.278
Nimble 9B	near-neighbor-album-040	0.279
Nimble 9B	near-neighbor-album-041	0.284
Nimble 9B	near-neighbor-album-042	0.29
Nimble 9B	near-neighbor-album-043	0.284
Nimble 9B	near-neighbor-album-044	0.276
Nimble 9B	near-neighbor-album-045	0.278
Nimble 9B	near-neighbor-album-046	0.279
Nimble 9B	near-neighbor-album-047	0.277
Nimble 9B	near-neighbor-album-048	0.281
Nimble 9B	near-neighbor-album-049	0.284
Nimble 9B	near-neighbor-album-050	0.282
Nimble 9B	near-neighbor-album-051	0.285
Nimble 9B	near-neighbor-album-052	0.287
Nimble 9B	near-neighbor-album-053	0.282
Nimble 9B	near-neighbor-album-054	0.278
Nimble 9B	near-neighbor-album-055	0.28
Nimble 9B	near-neighbor-album-056	0.286
Nimble 9B	near-neighbor-album-057	0.283
Nimble 9B	near-neighbor-album-058	0.289
Nimble 9B	near-neighbor-album-059	0.283
Nimble 9B	near-neighbor-album-060	0.272
Nimble 9B	none-of-these-absent-001	0.284
Nimble 9B	none-of-these-present-001	0.289
Nimble 9B	none-of-these-absent-002	0.291
Nimble 9B	none-of-these-present-002	0.291
Nimble 9B	none-of-these-absent-003	0.288
Nimble 9B	none-of-these-present-003	0.29
Nimble 9B	none-of-these-absent-004	0.286
Nimble 9B	none-of-these-present-004	0.286
Nimble 9B	none-of-these-absent-005	0.293
Nimble 9B	none-of-these-present-005	0.285
Nimble 9B	none-of-these-absent-006	0.285
Nimble 9B	none-of-these-present-006	0.286
Nimble 9B	none-of-these-absent-007	0.282
Nimble 9B	none-of-these-present-007	0.285
Nimble 9B	none-of-these-absent-008	0.285
Nimble 9B	none-of-these-present-008	0.288
Nimble 9B	none-of-these-absent-009	0.286
Nimble 9B	none-of-these-present-009	0.287
Nimble 9B	none-of-these-absent-010	0.285
Nimble 9B	none-of-these-present-010	0.281
Nimble 9B	none-of-these-absent-011	0.289
Nimble 9B	none-of-these-present-011	0.286
Nimble 9B	none-of-these-absent-012	0.287
Nimble 9B	none-of-these-present-012	0.284
Nimble 9B	none-of-these-absent-013	0.281
Nimble 9B	none-of-these-present-013	0.296
Nimble 9B	none-of-these-absent-014	0.287
Nimble 9B	none-of-these-present-014	0.282
Nimble 9B	none-of-these-absent-015	0.283
Nimble 9B	none-of-these-present-015	0.283
Nimble 9B	none-of-these-absent-016	0.289
Nimble 9B	none-of-these-present-016	0.29
Nimble 9B	none-of-these-absent-017	0.29
Nimble 9B	none-of-these-present-017	0.287
Nimble 9B	none-of-these-absent-018	0.29
Nimble 9B	none-of-these-present-018	0.291
Nimble 9B	none-of-these-absent-019	0.285
Nimble 9B	none-of-these-present-019	0.295
Nimble 9B	none-of-these-absent-020	0.289
Nimble 9B	none-of-these-present-020	0.279
Nimble 9B	none-of-these-absent-021	0.293
Nimble 9B	none-of-these-present-021	0.289
Nimble 9B	none-of-these-absent-022	0.285
Nimble 9B	none-of-these-present-022	0.294
Nimble 9B	none-of-these-absent-023	0.285
Nimble 9B	none-of-these-present-023	0.281
Nimble 9B	none-of-these-absent-024	0.286
Nimble 9B	none-of-these-present-024	0.283
Nimble 9B	none-of-these-absent-025	0.283
Nimble 9B	none-of-these-present-025	0.288
Nimble 9B	none-of-these-absent-026	0.292
Nimble 9B	none-of-these-present-026	0.288
Nimble 9B	none-of-these-absent-027	0.287
Nimble 9B	none-of-these-present-027	0.286
Nimble 9B	none-of-these-absent-028	0.289
Nimble 9B	none-of-these-present-028	0.285
Nimble 9B	none-of-these-absent-029	0.28
Nimble 9B	none-of-these-present-029	0.292
Nimble 9B	none-of-these-absent-030	0.288
Nimble 9B	none-of-these-present-030	0.282
Nimble 9B	reversal-general-shared-name-forward-001	0.289
Nimble 9B	reversal-general-shared-name-reverse-001	0.287
Nimble 9B	reversal-general-shared-name-forward-002	0.285
Nimble 9B	reversal-general-shared-name-reverse-002	0.288
Nimble 9B	reversal-general-shared-name-forward-003	0.293
Nimble 9B	reversal-general-shared-name-reverse-003	0.291
Nimble 9B	reversal-general-shared-name-forward-004	0.279
Nimble 9B	reversal-general-shared-name-reverse-004	0.275
Nimble 9B	reversal-general-shared-name-forward-005	0.278
Nimble 9B	reversal-general-shared-name-reverse-005	0.281
Nimble 9B	reversal-general-shared-name-forward-006	0.283
Nimble 9B	reversal-general-shared-name-reverse-006	0.282
Nimble 9B	reversal-general-shared-name-forward-007	0.283
Nimble 9B	reversal-general-shared-name-reverse-007	0.286
Nimble 9B	reversal-general-shared-name-forward-008	0.284
Nimble 9B	reversal-general-shared-name-reverse-008	0.285
Nimble 9B	reversal-general-shared-name-forward-009	0.283
Nimble 9B	reversal-general-shared-name-reverse-009	0.286
Nimble 9B	reversal-general-shared-name-forward-010	0.282
Nimble 9B	reversal-general-shared-name-reverse-010	0.278
Nimble 9B	reversal-general-shared-name-forward-011	0.289
Nimble 9B	reversal-general-shared-name-reverse-011	0.285
Nimble 9B	reversal-general-shared-name-forward-012	0.288
Nimble 9B	reversal-general-shared-name-reverse-012	0.282
Nimble 9B	reversal-general-shared-name-forward-013	0.28
Nimble 9B	reversal-general-shared-name-reverse-013	0.293
Nimble 9B	reversal-general-shared-name-forward-014	0.285
Nimble 9B	reversal-general-shared-name-reverse-014	0.284
Nimble 9B	reversal-general-shared-name-forward-015	0.288
Nimble 9B	reversal-general-shared-name-reverse-015	0.291
Nimble 9B	reversal-general-shared-name-forward-016	0.285
Nimble 9B	reversal-general-shared-name-reverse-016	0.279
Nimble 9B	reversal-general-shared-name-forward-017	0.285
Nimble 9B	reversal-general-shared-name-reverse-017	0.287
Nimble 9B	reversal-general-shared-name-forward-018	0.283
Nimble 9B	reversal-general-shared-name-reverse-018	0.284
Nimble 9B	reversal-general-shared-name-forward-019	0.284
Nimble 9B	reversal-general-shared-name-reverse-019	0.28
Nimble 9B	reversal-general-shared-name-forward-020	0.281
Nimble 9B	reversal-general-shared-name-reverse-020	0.283
Nimble 9B	reversal-general-shared-name-forward-021	0.287
Nimble 9B	reversal-general-shared-name-reverse-021	0.298
Nimble 9B	reversal-general-forward-001	0.286
Nimble 9B	reversal-general-reverse-001	0.275
Nimble 9B	reversal-general-forward-002	0.289
Nimble 9B	reversal-general-reverse-002	0.287
Nimble 9B	reversal-general-forward-003	0.28
Nimble 9B	reversal-general-reverse-003	0.284
Nimble 9B	reversal-general-forward-004	0.286
Nimble 9B	reversal-general-reverse-004	0.284
Nimble 9B	reversal-general-forward-005	0.287
Nimble 9B	reversal-general-reverse-005	0.283
Nimble 9B	reversal-general-forward-006	0.285
Nimble 9B	reversal-general-reverse-006	0.292
Nimble 9B	reversal-general-forward-007	0.287
Nimble 9B	reversal-general-reverse-007	0.289
Nimble 9B	reversal-general-forward-008	0.291
Nimble 9B	reversal-general-reverse-008	0.283
Nimble 9B	reversal-general-forward-009	0.285
Nimble 9B	reversal-general-reverse-009	0.285
Nimble 9B	reversal-general-forward-010	0.284
Nimble 9B	reversal-general-reverse-010	0.295
Nimble 9B	reversal-general-forward-011	0.291
Nimble 9B	reversal-general-reverse-011	0.281
Nimble 9B	reversal-general-forward-012	0.29
Nimble 9B	reversal-general-reverse-012	0.292
Nimble 9B	reversal-general-forward-013	0.278
Nimble 9B	reversal-general-reverse-013	0.287
Nimble 9B	reversal-general-forward-014	0.291
Nimble 9B	reversal-general-reverse-014	0.286
Nimble 9B	reversal-general-forward-015	0.285
Nimble 9B	reversal-general-reverse-015	0.284
Nimble 9B	reversal-general-forward-016	0.288
Nimble 9B	reversal-general-reverse-016	0.286
Nimble 9B	reversal-general-forward-017	0.286
Nimble 9B	reversal-general-reverse-017	0.288
Nimble 9B	reversal-general-forward-018	0.286
Nimble 9B	reversal-general-reverse-018	0.285
Nimble 9B	reversal-general-forward-019	0.296
Nimble 9B	reversal-general-reverse-019	0.288
Nimble 9B	reversal-general-forward-020	0.275
Nimble 9B	reversal-general-reverse-020	0.279
Nimble 9B	reversal-general-forward-021	0.285
Nimble 9B	reversal-general-reverse-021	0.284
Nimble 9B	reversal-general-forward-022	0.284
Nimble 9B	reversal-general-reverse-022	0.29
Nimble 9B	reversal-general-forward-023	0.286
Nimble 9B	reversal-general-reverse-023	0.284
Nimble 9B	reversal-general-forward-024	0.292
Nimble 9B	reversal-general-reverse-024	0.283
Nimble 9B	reversal-general-forward-025	0.277
Nimble 9B	reversal-general-reverse-025	0.291
Nimble 9B	reversal-general-forward-026	0.286
Nimble 9B	reversal-general-reverse-026	0.278
Nimble 9B	reversal-general-forward-027	0.294
Nimble 9B	reversal-general-reverse-027	0.288
Nimble 9B	reversal-general-forward-028	0.285
Nimble 9B	reversal-general-reverse-028	0.293
Nimble 9B	reversal-general-forward-029	0.299
Nimble 9B	reversal-general-reverse-029	0.295
Nimble 9B	reversal-general-forward-030	0.274
Nimble 9B	reversal-general-reverse-030	0.276
Nimble 9B	reversal-general-forward-031	0.295
Nimble 9B	reversal-general-reverse-031	0.287
Nimble 9B	reversal-general-forward-032	0.277
Nimble 9B	reversal-general-reverse-032	0.277
Nimble 9B	reversal-general-forward-033	0.282
Nimble 9B	reversal-general-reverse-033	0.288
Nimble 9B	reversal-general-forward-034	0.285
Nimble 9B	reversal-general-reverse-034	0.286
Nimble 9B	reversal-general-forward-035	0.285
Nimble 9B	reversal-general-reverse-035	0.291
Nimble 9B	reversal-general-forward-036	0.287
Nimble 9B	reversal-general-reverse-036	0.286
Nimble 9B	reversal-general-forward-037	0.291
Nimble 9B	reversal-general-reverse-037	0.289
Nimble 9B	reversal-general-forward-038	0.291
Nimble 9B	reversal-general-reverse-038	0.281
Nimble 9B	reversal-general-forward-039	0.288
Nimble 9B	reversal-general-reverse-039	0.29
Nimble 9B	reversal-general-forward-040	0.281
Nimble 9B	reversal-general-reverse-040	0.283
Nimble 9B	reversal-general-forward-041	0.285
Nimble 9B	reversal-general-reverse-041	0.284
Nimble 9B	reversal-general-forward-042	0.283
Nimble 9B	reversal-general-reverse-042	0.287
Nimble 9B	reversal-general-forward-043	0.296
Nimble 9B	reversal-general-reverse-043	0.287
Nimble 9B	reversal-general-forward-044	0.276
Nimble 9B	reversal-general-reverse-044	0.287
Nimble 9B	reversal-general-forward-045	0.294
Nimble 9B	reversal-general-reverse-045	0.291
Nimble 9B	reversal-general-forward-046	0.286
Nimble 9B	reversal-general-reverse-046	0.285
Nimble 9B	reversal-general-forward-047	0.296
Nimble 9B	reversal-general-reverse-047	0.289
Nimble 9B	reversal-general-forward-048	0.28
Nimble 9B	reversal-general-reverse-048	0.286
Nimble 9B	reversal-general-forward-049	0.282
Nimble 9B	reversal-general-reverse-049	0.293
Nimble 9B	reversal-general-forward-050	0.289
Nimble 9B	reversal-general-reverse-050	0.284
Nimble 9B	reversal-general-forward-051	0.288
Nimble 9B	reversal-general-reverse-051	0.282
Nimble 9B	reversal-general-forward-052	0.284
Nimble 9B	reversal-general-reverse-052	0.284
Nimble 9B	reversal-general-forward-053	0.284
Nimble 9B	reversal-general-reverse-053	0.289
Nimble 9B	reversal-general-forward-054	0.286
Nimble 9B	reversal-general-reverse-054	0.28
Nimble 9B	reversal-general-forward-055	0.285
Nimble 9B	reversal-general-reverse-055	0.286
Nimble 9B	reversal-general-forward-056	0.286
Nimble 9B	reversal-general-reverse-056	0.291
Nimble 9B	reversal-general-forward-057	0.292
Nimble 9B	reversal-general-reverse-057	0.28
Nimble 9B	reversal-general-forward-058	0.287
Nimble 9B	reversal-general-reverse-058	0.29
Nimble 9B	reversal-general-forward-059	0.276
Nimble 9B	reversal-general-reverse-059	0.291
Nimble 9B	reversal-general-forward-060	0.291
Nimble 9B	reversal-general-reverse-060	0.282
Nimble 9B	reversal-general-forward-061	0.28
Nimble 9B	reversal-general-reverse-061	0.285
Nimble 9B	reversal-general-forward-062	0.284
Nimble 9B	reversal-general-reverse-062	0.278
Nimble 9B	reversal-general-forward-063	0.287
Nimble 9B	reversal-general-reverse-063	0.291
Nimble 9B	reversal-general-forward-064	0.286
Nimble 9B	reversal-general-reverse-064	0.283
Nimble 9B	reversal-general-forward-065	0.293
Nimble 9B	reversal-general-reverse-065	0.288
Nimble 9B	reversal-general-forward-066	0.287
Nimble 9B	reversal-general-reverse-066	0.29
Nimble 9B	reversal-general-forward-067	0.278
Nimble 9B	reversal-general-reverse-067	0.289
Nimble 9B	reversal-general-forward-068	0.294
Nimble 9B	reversal-general-reverse-068	0.283
Nimble 9B	reversal-general-forward-069	0.285
Nimble 9B	reversal-general-reverse-069	0.292
Nimble 9B	reversal-general-forward-070	0.288
Nimble 9B	reversal-general-reverse-070	0.293
Nimble 9B	reversal-general-forward-071	0.297
Nimble 9B	reversal-general-reverse-071	0.292
Nimble 9B	reversal-general-forward-072	0.3
Nimble 9B	reversal-general-reverse-072	0.293
Nimble 9B	reversal-general-forward-073	0.282
Nimble 9B	reversal-general-reverse-073	0.289
Nimble 9B	reversal-forward-001	0.29
Nimble 9B	reversal-reverse-001	0.294
Nimble 9B	reversal-forward-002	0.285
Nimble 9B	reversal-reverse-002	0.285
Nimble 9B	reversal-forward-003	0.297
Nimble 9B	reversal-forward-004	0.289
Nimble 9B	reversal-reverse-003	0.285
Nimble 9B	reversal-forward-005	0.283
Nimble 9B	reversal-forward-006	0.289
Nimble 9B	reversal-forward-007	0.291
Nimble 9B	reversal-forward-008	0.285
Nimble 9B	reversal-reverse-004	0.286
Nimble 9B	reversal-forward-009	0.294
Nimble 9B	reversal-reverse-005	0.288
Nimble 9B	reversal-forward-010	0.281
Nimble 9B	reversal-reverse-006	0.284
Nimble 9B	reversal-forward-011	0.291
Nimble 9B	reversal-reverse-007	0.291
Nimble 9B	reversal-forward-012	0.29
Nimble 9B	reversal-reverse-008	0.291
Nimble 9B	reversal-forward-013	0.288
Nimble 9B	reversal-reverse-009	0.281
Nimble 9B	reversal-forward-014	0.286
Nimble 9B	reversal-reverse-010	0.289
Nimble 9B	reversal-forward-015	0.283
Nimble 9B	reversal-reverse-011	0.287
Nimble 9B	reversal-forward-016	0.293
Nimble 9B	reversal-reverse-012	0.286
Nimble 9B	reversal-forward-017	0.281
Nimble 9B	reversal-forward-018	0.285
Nimble 9B	reversal-reverse-013	0.282
Nimble 9B	reversal-forward-019	0.285
Nimble 9B	reversal-forward-020	0.287
Nimble 9B	reversal-reverse-014	0.289
Nimble 9B	reversal-forward-021	0.288
Nimble 9B	reversal-forward-022	0.294
Nimble 9B	reversal-reverse-015	0.312
Nimble 9B	reversal-forward-023	0.278
Nimble 9B	reversal-forward-024	0.264
Nimble 9B	reversal-reverse-016	0.289
Nimble 9B	reversal-forward-025	0.292
Nimble 9B	reversal-forward-026	0.286
Nimble 9B	reversal-reverse-017	0.281
Nimble 9B	reversal-forward-027	0.283
Nimble 9B	reversal-reverse-018	0.274
Nimble 9B	reversal-forward-028	0.281
Nimble 9B	reversal-reverse-019	0.285
Nimble 9B	reversal-forward-029	0.282
Nimble 9B	reversal-reverse-020	0.293
Nimble 9B	reversal-forward-030	0.292
Nimble 9B	reversal-reverse-021	0.28
Nimble 9B	reversal-forward-031	0.276
Nimble 9B	reversal-reverse-022	0.281
Nimble 9B	reversal-forward-032	0.282
Nimble 9B	reversal-reverse-023	0.278
Nimble 9B	reversal-forward-033	0.277
Nimble 9B	reversal-reverse-024	0.28
Nimble 9B	reversal-forward-034	0.282
Nimble 9B	reversal-reverse-025	0.281
Nimble 9B	reversal-forward-035	0.286
Nimble 9B	reversal-reverse-026	0.281
Nimble 9B	reversal-forward-036	0.281
Nimble 9B	reversal-reverse-027	0.296
Nimble 9B	reversal-forward-037	0.283
Nimble 9B	reversal-reverse-028	0.279
Nimble 9B	reverse-singer-to-song-001	0.284
Nimble 9B	reverse-singer-to-song-002	0.28
Nimble 9B	reverse-singer-to-song-003	0.292
Nimble 9B	reverse-singer-to-song-004	0.288
Nimble 9B	reverse-singer-to-song-005	0.283
Nimble 9B	reverse-singer-to-song-006	0.291
Nimble 9B	reverse-singer-to-song-007	0.288
Nimble 9B	reverse-singer-to-song-008	0.282
Nimble 9B	reverse-singer-to-song-009	0.285
Nimble 9B	reverse-singer-to-song-010	0.29
Nimble 9B	reverse-singer-to-song-011	0.29
Nimble 9B	reverse-singer-to-song-012	0.292
Nimble 9B	reverse-singer-to-song-013	0.29
Nimble 9B	reverse-singer-to-song-014	0.294
Nimble 9B	reverse-singer-to-song-015	0.286
Nimble 9B	reverse-singer-to-song-016	0.279
Nimble 9B	reverse-singer-to-song-017	0.293
Nimble 9B	reverse-singer-to-song-018	0.288
Nimble 9B	reverse-singer-to-song-019	0.279
Nimble 9B	reverse-singer-to-song-020	0.284
Nimble 9B	reverse-singer-to-song-021	0.299
Nimble 9B	reverse-singer-to-song-022	0.29
Nimble 9B	reverse-singer-to-song-023	0.278
Nimble 9B	reverse-singer-to-song-024	0.288
Nimble 9B	reverse-singer-to-song-025	0.29
Nimble 9B	reverse-singer-to-song-026	0.286
Nimble 9B	reverse-singer-to-song-027	0.281
Nimble 9B	reverse-singer-to-song-028	0.281
Nimble 9B	reverse-singer-to-song-029	0.29
Nimble 9B	reverse-singer-to-song-030	0.289
Nimble 9B	reverse-singer-to-song-031	0.288
Nimble 9B	reverse-singer-to-song-032	0.3
Nimble 9B	reverse-singer-to-song-033	0.293
Nimble 9B	reverse-singer-to-song-034	0.285
Nimble 9B	reverse-singer-to-song-035	0.291
Nimble 9B	reverse-singer-to-song-036	0.294
Nimble 9B	reverse-singer-to-song-037	0.287
Nimble 9B	reverse-singer-to-song-038	0.281
Nimble 9B	reverse-singer-to-song-039	0.288
Nimble 9B	reverse-singer-to-song-040	0.289
Nimble 9B	reverse-album-to-song-001	0.289
Nimble 9B	reverse-album-to-song-002	0.292
Nimble 9B	reverse-album-to-song-003	0.295
Nimble 9B	reverse-album-to-song-004	0.296
Nimble 9B	reverse-album-to-song-005	0.288
Nimble 9B	reverse-album-to-song-006	0.29
Nimble 9B	reverse-album-to-song-007	0.288
Nimble 9B	reverse-album-to-song-008	0.287
Nimble 9B	reverse-album-to-song-009	0.286
Nimble 9B	reverse-album-to-song-010	0.283
Nimble 9B	reverse-album-to-song-011	0.29
Nimble 9B	reverse-album-to-song-012	0.289
Nimble 9B	reverse-album-to-song-013	0.286
Nimble 9B	reverse-album-to-song-014	0.287
Nimble 9B	reverse-album-to-song-015	0.288
Nimble 9B	reverse-album-to-song-016	0.287
Nimble 9B	reverse-album-to-song-017	0.3
Nimble 9B	reverse-album-to-song-018	0.296
Nimble 9B	reverse-album-to-song-019	0.28
Nimble 9B	reverse-album-to-song-020	0.285
Nimble 9B	reverse-album-to-song-021	0.287
Nimble 9B	reverse-album-to-song-022	0.291
Nimble 9B	reverse-album-to-song-023	0.29
Nimble 9B	reverse-album-to-song-024	0.293
Nimble 9B	reverse-album-to-song-025	0.29
Nimble 9B	reverse-album-to-song-026	0.281
Nimble 9B	reverse-album-to-song-027	0.293
Nimble 9B	reverse-album-to-song-028	0.3
Nimble 9B	reverse-album-to-song-029	0.299
Nimble 9B	reverse-album-to-song-030	0.296
Nimble 9B	reverse-album-to-song-031	0.294
Nimble 9B	reverse-album-to-song-032	0.288
Nimble 9B	reverse-album-to-song-033	0.286
Nimble 9B	reverse-album-to-song-034	0.287
Nimble 9B	reverse-album-to-song-035	0.286
Nimble 9B	reverse-album-to-song-036	0.29
Nimble 9B	reverse-album-to-song-037	0.294
Nimble 9B	reverse-album-to-song-038	0.298
Nimble 9B	reverse-album-to-song-039	0.291
Nimble 9B	reverse-album-to-song-040	0.29
Nimble 9B	reverse-singer-yes-no-001	0.286
Nimble 9B	reverse-singer-yes-no-002	0.279
Nimble 9B	reverse-singer-yes-no-003	0.278
Nimble 9B	reverse-singer-yes-no-004	0.286
Nimble 9B	reverse-singer-yes-no-005	0.278
Nimble 9B	reverse-singer-yes-no-006	0.269
Nimble 9B	reverse-singer-yes-no-007	0.283
Nimble 9B	reverse-singer-yes-no-008	0.278
Nimble 9B	reverse-singer-yes-no-009	0.285
Nimble 9B	reverse-singer-yes-no-010	0.28
Nimble 9B	reverse-singer-yes-no-011	0.27
Nimble 9B	reverse-singer-yes-no-012	0.284
Nimble 9B	reverse-singer-yes-no-013	0.287
Nimble 9B	reverse-singer-yes-no-014	0.276
Nimble 9B	reverse-singer-yes-no-015	0.283
Nimble 9B	reverse-singer-yes-no-016	0.282
Nimble 9B	reverse-singer-yes-no-017	0.272
Nimble 9B	reverse-singer-yes-no-018	0.278
Nimble 9B	reverse-singer-yes-no-019	0.28
Nimble 9B	reverse-singer-yes-no-020	0.281
Nimble 9B	reverse-singer-yes-no-021	0.271
Nimble 9B	reverse-singer-yes-no-022	0.27
Nimble 9B	reverse-singer-yes-no-023	0.278
Nimble 9B	reverse-singer-yes-no-024	0.279
Nimble 9B	reverse-singer-yes-no-025	0.28
Nimble 9B	reverse-singer-yes-no-026	0.275
Nimble 9B	reverse-singer-yes-no-027	0.28
Nimble 9B	reverse-singer-yes-no-028	0.282
Nimble 9B	reverse-singer-yes-no-029	0.279
Nimble 9B	reverse-singer-yes-no-030	0.285
Nimble 9B	reverse-singer-yes-no-031	0.276
Nimble 9B	reverse-singer-yes-no-032	0.274
Nimble 9B	shared-lead-shared-lead-001	0.282
Nimble 9B	shared-lead-shared-lead-002	0.278
Nimble 9B	shared-lead-shared-lead-003	0.285
Nimble 9B	shared-lead-shared-lead-004	0.277
Nimble 9B	shared-lead-shared-lead-005	0.268
Nimble 9B	shared-lead-shared-lead-006	0.28
Nimble 9B	shared-lead-shared-lead-007	0.276
Nimble 9B	shared-lead-shared-lead-008	0.275
Nimble 9B	shared-lead-shared-lead-009	0.281
Nimble 9B	shared-lead-shared-lead-010	0.28
Nimble 9B	shared-lead-shared-lead-011	0.28
Nimble 9B	shared-lead-shared-lead-012	0.276
Nimble 9B	shared-lead-shared-lead-013	0.275
Nimble 9B	shared-lead-shared-lead-014	0.279
Nimble 9B	shared-lead-shared-lead-015	0.273
Nimble 9B	shared-lead-shared-lead-016	0.275
Nimble 9B	shared-lead-shared-lead-017	0.284
Nimble 9B	shared-lead-shared-lead-018	0.284
Nimble 9B	shared-lead-shared-lead-019	0.274
Nimble 9B	shared-lead-shared-lead-020	0.268
Nimble 9B	shared-lead-shared-lead-021	0.278
Nimble 9B	shared-lead-shared-lead-022	0.28
Nimble 9B	shared-lead-shared-lead-023	0.275
Nimble 9B	shared-lead-shared-lead-024	0.28
Nimble 9B	shared-lead-shared-lead-025	0.28
Nimble 9B	shared-lead-shared-lead-026	0.284
Nimble 9B	shared-lead-shared-lead-027	0.282
Nimble 9B	shared-lead-shared-lead-028	0.274
Nimble 9B	shared-lead-shared-lead-029	0.275
Nimble 9B	shared-lead-shared-lead-030	0.272
Nimble 9B	shared-lead-shared-lead-031	0.274
Nimble 9B	shared-lead-shared-lead-032	0.277
Nimble 9B	single-hop-song-album-001	0.278
Nimble 9B	single-hop-album-year-001	0.33
Nimble 9B	single-hop-song-album-002	0.336
Nimble 9B	single-hop-album-year-002	0.338
Nimble 9B	single-hop-song-album-003	0.34
Nimble 9B	single-hop-album-year-003	0.34
Nimble 9B	single-hop-song-album-004	0.34
Nimble 9B	single-hop-album-year-004	0.34
Nimble 9B	single-hop-song-album-005	0.342
Nimble 9B	single-hop-album-year-005	0.341
Nimble 9B	single-hop-song-album-006	0.341
Nimble 9B	single-hop-song-album-007	0.292
Nimble 9B	single-hop-song-album-008	0.295
Nimble 9B	single-hop-song-album-009	0.284
Nimble 9B	single-hop-album-year-006	0.33
Nimble 9B	single-hop-song-album-010	0.338
Nimble 9B	single-hop-album-year-007	0.337
Nimble 9B	single-hop-song-album-011	0.347
Nimble 9B	single-hop-album-year-008	0.336
Nimble 9B	single-hop-song-album-012	0.336
Nimble 9B	single-hop-song-album-013	0.3
Nimble 9B	single-hop-album-year-009	0.338
Nimble 9B	single-hop-song-album-014	0.329
Nimble 9B	single-hop-album-year-010	0.327
Nimble 9B	single-hop-song-album-015	0.336
Nimble 9B	single-hop-song-album-016	0.291
Nimble 9B	single-hop-song-album-017	0.287
Nimble 9B	single-hop-song-album-018	0.279
Nimble 9B	single-hop-song-album-019	0.269
Nimble 9B	single-hop-song-album-020	0.273
Nimble 9B	single-hop-song-album-021	0.282
Nimble 9B	single-hop-album-year-011	0.336
Nimble 9B	single-hop-song-album-022	0.338
Nimble 9B	single-hop-song-album-023	0.296
Nimble 9B	single-hop-album-year-012	0.335
Nimble 9B	single-hop-song-album-024	0.33
Nimble 9B	single-hop-song-album-025	0.286
Nimble 9B	single-hop-album-year-013	0.335
Nimble 9B	single-hop-song-album-026	0.335
Nimble 9B	single-hop-song-album-027	0.287
Nimble 9B	single-hop-song-album-028	0.287
Nimble 9B	single-hop-song-album-029	0.286
Nimble 9B	single-hop-song-album-030	0.287
Nimble 9B	single-hop-song-album-031	0.287
Nimble 9B	single-hop-song-album-032	0.284
Nimble 9B	single-hop-song-album-033	0.281
Nimble 9B	single-hop-song-album-034	0.292
Nimble 9B	single-hop-song-album-035	0.287
Nimble 9B	single-hop-song-album-036	0.275
Nimble 9B	single-hop-song-album-037	0.286
Nimble 9B	single-hop-song-album-038	0.289
Nimble 9B	single-hop-song-album-039	0.287
Nimble 9B	single-hop-song-album-040	0.293
Nimble 9B	single-hop-song-album-041	0.287
Nimble 9B	single-hop-song-album-042	0.285
Nimble 9B	single-hop-song-album-043	0.299
Nimble 9B	single-hop-song-album-044	0.286
Nimble 9B	single-hop-song-album-045	0.278
Nimble 9B	single-hop-song-album-046	0.298
Nimble 9B	single-hop-song-album-047	0.295
Nimble 9B	single-hop-song-album-048	0.278
Nimble 9B	single-hop-song-album-049	0.279
Nimble 9B	single-hop-song-album-050	0.296
Nimble 9B	single-hop-song-album-051	0.291
Nimble 9B	single-hop-song-album-052	0.283
Nimble 9B	single-hop-song-album-053	0.292
Nimble 9B	single-hop-song-album-054	0.292
Nimble 9B	single-hop-song-album-055	0.297
Nimble 9B	single-hop-song-album-056	0.288
Nimble 9B	single-hop-song-album-057	0.289
Nimble 9B	single-hop-song-album-058	0.296
Nimble 9B	single-hop-song-album-059	0.291
Nimble 9B	single-hop-song-album-060	0.283
Nimble 9B	single-hop-song-month-001	0.275
Nimble 9B	single-hop-event-month-001	0.289
Nimble 9B	single-hop-song-month-002	0.29
Nimble 9B	single-hop-event-month-002	0.286
Nimble 9B	single-hop-song-month-003	0.29
Nimble 9B	single-hop-event-month-003	0.295
Nimble 9B	single-hop-song-month-004	0.291
Nimble 9B	single-hop-event-month-004	0.292
Nimble 9B	single-hop-song-month-005	0.289
Nimble 9B	single-hop-event-month-005	0.284
Nimble 9B	single-hop-song-month-006	0.29
Nimble 9B	single-hop-event-month-006	0.288
Nimble 9B	single-hop-song-month-007	0.283
Nimble 9B	single-hop-event-month-007	0.291
Nimble 9B	single-hop-song-month-008	0.298
Nimble 9B	single-hop-event-month-008	0.292
Nimble 9B	single-hop-song-month-009	0.297
Nimble 9B	single-hop-event-month-009	0.306
Nimble 9B	single-hop-song-month-010	0.283
Nimble 9B	single-hop-event-month-010	0.277
Nimble 9B	single-hop-song-month-011	0.296
Nimble 9B	single-hop-event-month-011	0.301
Nimble 9B	single-hop-song-month-012	0.296
Nimble 9B	single-hop-event-month-012	0.29
Nimble 9B	single-hop-song-month-013	0.299
Nimble 9B	single-hop-event-month-013	0.286
Nimble 9B	single-hop-song-month-014	0.288
Nimble 9B	single-hop-event-month-014	0.287
Nimble 9B	single-hop-song-month-015	0.277
Nimble 9B	single-hop-song-month-016	0.291
Nimble 9B	single-hop-event-month-015	0.288
Nimble 9B	single-hop-song-month-017	0.29
Nimble 9B	single-hop-event-month-016	0.287
Nimble 9B	single-hop-song-month-018	0.284
Nimble 9B	single-hop-event-month-017	0.286
Nimble 9B	single-hop-song-month-019	0.289
Nimble 9B	single-hop-event-month-018	0.296
Nimble 9B	single-hop-song-month-020	0.289
Nimble 9B	single-hop-event-month-019	0.285
Nimble 9B	single-hop-song-month-021	0.29
Nimble 9B	single-hop-event-month-020	0.289
Nimble 9B	single-hop-song-month-022	0.295
Nimble 9B	single-hop-event-month-021	0.3
Nimble 9B	single-hop-song-month-023	0.3
Nimble 9B	single-hop-event-month-022	0.287
Nimble 9B	single-hop-song-month-024	0.284
Nimble 9B	single-hop-event-month-023	0.295
Nimble 9B	single-hop-song-month-025	0.298
Nimble 9B	single-hop-event-month-024	0.29
Nimble 9B	single-hop-song-month-026	0.282
Nimble 9B	single-hop-song-month-027	0.298
Nimble 9B	single-hop-song-month-028	0.3
Nimble 9B	single-hop-event-month-025	0.28
Nimble 9B	single-hop-song-month-029	0.283
Nimble 9B	single-hop-event-month-026	0.298
Nimble 9B	single-hop-song-month-030	0.29
Nimble 9B	single-hop-event-month-027	0.286
Nimble 9B	single-hop-song-month-031	0.289
Nimble 9B	single-hop-event-month-028	0.29
Nimble 9B	single-hop-song-month-032	0.3
Nimble 9B	single-hop-event-month-029	0.29
Nimble 9B	single-hop-song-month-033	0.289
Nimble 9B	single-hop-event-month-030	0.293
Nimble 9B	single-hop-song-month-034	0.291
Nimble 9B	single-hop-event-month-031	0.306
Nimble 9B	single-hop-song-month-035	0.297
Nimble 9B	single-hop-event-month-032	0.284
Nimble 9B	single-hop-song-month-036	0.293
Nimble 9B	single-hop-event-month-033	0.292
Nimble 9B	single-hop-song-month-037	0.287
Nimble 9B	single-hop-event-month-034	0.293
Nimble 9B	single-hop-song-month-038	0.298
Nimble 9B	single-hop-event-month-035	0.286
Nimble 9B	single-hop-song-month-039	0.284
Nimble 9B	single-hop-event-month-036	0.3
Nimble 9B	single-hop-song-month-040	0.291
Nimble 9B	single-hop-event-month-037	0.282
Nimble 9B	single-hop-song-month-041	0.291
Nimble 9B	single-hop-song-month-042	0.29
Nimble 9B	single-hop-event-month-038	0.287
Nimble 9B	single-hop-song-month-043	0.288
Nimble 9B	single-hop-event-month-039	0.295
Nimble 9B	single-hop-song-month-044	0.286
Nimble 9B	single-hop-event-month-040	0.286
Nimble 9B	single-hop-song-month-045	0.292
Nimble 9B	single-hop-event-month-041	0.289
Nimble 9B	single-hop-song-month-046	0.295
Nimble 9B	single-hop-event-month-042	0.295
Nimble 9B	single-hop-song-month-047	0.291
Nimble 9B	single-hop-event-month-043	0.291
Nimble 9B	single-hop-song-month-048	0.295
Nimble 9B	single-hop-event-month-044	0.295
Nimble 9B	single-hop-event-month-045	0.296
Nimble 9B	single-hop-event-month-046	0.294
Nimble 9B	single-hop-event-month-047	0.288
Nimble 9B	single-hop-song-month-049	0.29
Nimble 9B	single-hop-event-month-048	0.29
Nimble 9B	single-hop-song-month-050	0.298
Nimble 9B	single-hop-event-month-049	0.29
Nimble 9B	single-hop-song-month-051	0.28
Nimble 9B	single-hop-event-month-050	0.293
Nimble 9B	single-hop-song-month-052	0.294
Nimble 9B	single-hop-event-month-051	0.292
Nimble 9B	single-hop-song-month-053	0.293
Nimble 9B	single-hop-event-month-052	0.289
Nimble 9B	single-hop-song-month-054	0.299
Nimble 9B	single-hop-event-month-053	0.296
Nimble 9B	single-hop-song-month-055	0.281
Nimble 9B	single-hop-song-month-056	0.282
Nimble 9B	single-hop-song-month-057	0.285
Nimble 9B	single-hop-event-month-054	0.29
Nimble 9B	single-hop-song-month-058	0.29
Nimble 9B	single-hop-song-month-059	0.299
Nimble 9B	single-hop-event-month-055	0.291
Nimble 9B	single-hop-song-month-060	0.29
Nimble 9B	single-hop-event-month-056	0.289
Nimble 9B	single-hop-song-month-061	0.28
Nimble 9B	single-hop-song-month-062	0.29
Nimble 9B	single-hop-song-month-063	0.29
Nimble 9B	single-hop-event-month-057	0.29
Nimble 9B	single-hop-song-month-064	0.289
Nimble 9B	single-hop-song-month-065	0.287
Nimble 9B	single-hop-event-month-058	0.289
Nimble 9B	single-hop-event-month-059	0.288
Nimble 9B	single-hop-song-month-066	0.286
Nimble 9B	single-hop-event-month-060	0.291
Nimble 9B	single-hop-song-month-067	0.307
Nimble 9B	single-hop-event-month-061	0.301
Nimble 9B	single-hop-song-month-068	0.282
Nimble 9B	single-hop-song-month-069	0.283
Nimble 9B	single-hop-event-month-062	0.288
Nimble 9B	single-hop-song-month-070	0.293
Nimble 9B	single-hop-event-month-063	0.292
Nimble 9B	single-hop-song-month-071	0.295
Nimble 9B	single-hop-song-month-072	0.291
Nimble 9B	single-hop-song-month-073	0.291
Nimble 9B	single-hop-event-month-064	0.288
Nimble 9B	single-hop-song-month-074	0.289
Nimble 9B	single-hop-event-month-065	0.287
Nimble 9B	single-hop-song-month-075	0.286
Nimble 9B	single-hop-song-month-076	0.29
Nimble 9B	single-hop-song-month-077	0.288
Nimble 9B	single-hop-song-month-078	0.289
Nimble 9B	single-hop-event-month-066	0.287
Nimble 9B	single-hop-song-month-079	0.291
Nimble 9B	single-hop-event-month-067	0.29
Nimble 9B	single-hop-song-month-080	0.293
Nimble 9B	single-hop-song-month-081	0.293
Nimble 9B	single-hop-event-month-068	0.288
Nimble 9B	single-hop-song-month-082	0.289
Nimble 9B	single-hop-event-month-069	0.288
Nimble 9B	single-hop-song-month-083	0.292
Nimble 9B	single-hop-event-month-070	0.295
Nimble 9B	single-hop-song-month-084	0.294
Nimble 9B	single-hop-event-month-071	0.297
Nimble 9B	single-hop-song-month-085	0.297
Nimble 9B	single-hop-song-month-086	0.295
Nimble 9B	single-hop-event-month-072	0.284
Nimble 9B	single-hop-song-month-087	0.284
Nimble 9B	single-hop-song-month-088	0.29
Nimble 9B	single-hop-song-month-089	0.288
Nimble 9B	single-hop-song-month-090	0.287
Nimble 9B	single-hop-song-month-091	0.289
Nimble 9B	single-hop-song-month-092	0.296
Nimble 9B	single-hop-song-month-093	0.306
Nimble 9B	single-hop-song-month-094	0.311
Nimble 9B	single-hop-event-month-073	0.3
Nimble 9B	single-hop-song-month-095	0.299
Nimble 9B	single-hop-event-month-074	0.306
Nimble 9B	single-hop-song-month-096	0.287
Nimble 9B	single-hop-song-month-097	0.271
Nimble 9B	single-hop-event-month-075	0.274
Nimble 9B	single-hop-song-month-098	0.273
Nimble 9B	single-hop-song-month-099	0.272
Nimble 9B	single-hop-event-month-076	0.277
