id	request	wall_s	requests
tag-lead-004	89f091a5ae04c80cb65711134dcac4d909f5ace94a62ce3ec3799767a71b93e1	0.214	1
tag-lead-002	2edb37191216f4d97387c8bdfcc6a8f172da19cfed6ff5961e6d19a68a21ea75	0.23	1
tag-lead-003	1e2d6fab78957322a58696c67a02d8f1ab217eb93cdf72390b24764953f8542c	0.24	1
tag-lead-001	84880b05efc8c6d9b7a6058ad118b902359215ed5b1c81defa538405c6b49c50	0.255	1
tag-lead-008	ef11c0c280ee84ded3988ec002f0680e8d0c41629e061d3822b7cc6ee698eecc	0.216	1
tag-lead-006	2c4ba2eba7f435075c2ff83b7ee55ee1f8d79fb520ffca7eb892b2befde7d747	0.256	1
tag-lead-007	c348177fa672927b66603fef5795d897f8c90b518c00550c4046f3683ab0b7ad	0.256	1
tag-lead-009	51735bc4d8be975d0c74aba4236d4bf38f6d4ec977f20b78cc1798f68ff05cd3	0.263	1
tag-lead-012	0435cad0a599fa29ec6539566f8d3a36a66561018db9b64b5c6a33b143865070	0.193	1
tag-lead-013	412cef8f32c5e393f6c393dbe6fb1889e7ca0b4724ba3b0040e5259ed65b83a6	0.183	1
tag-lead-010	73e95ae57b05966b7a9ebd59c4ebd93d43fe3c043151ad5fdfe02dbb8696eff7	0.269	1
tag-lead-011	4e9aa4dc7af34ef4f55c2398b93c11899d437266927bf899e93c5ec995e7f84a	0.269	1
tag-lead-015	a0d8e8ae44a0d00a10eeaf0be28f584eb7c8c6694283ee395916ec3b4bf02266	0.229	1
tag-lead-014	051f99d96b04d7332110b437f1ff797455e3e65ab95671d695dd7d22a22a7396	0.266	1
tag-lead-018	0529be1b9f5f8987314375ff642247876b8a3d519b6d80a1724232c97d3a7c59	0.219	1
tag-lead-016	0e6c7065657bbf9f7fe2d8b8cbb27c941abf94b1612281ed2b5be4e97602f120	0.276	1
tag-lead-019	e2c3febb3c992f4d44f2e8bd4736920b8193b5d144aab6388efcb7d9a1ff3aed	0.221	1
tag-lead-020	8cd6ed4f6abbaffc587bfd70556001dba88e155ecc7a55ab3c64bcf44e7e3320	0.228	1
tag-lead-021	a78e0e87214be731df7b42df5469f6687509729c0a25e654a22419046cd661be	0.232	1
tag-lead-022	fe25acf6453edd48a5e389219a80c137006c1a72f41ff4d19c194c0c2d86fcc3	0.21	1
tag-lead-023	bcaffc718732bfd1e446e290cc27333d5cbe80b0112c0ddbe59716c15d4a11b7	0.22	1
tag-lead-025	9868e9ccfc5751dc31b16122e5ede94ff8144f0a440115155e2f1a01b4cf36b1	0.209	1
tag-lead-026	33202890c734d3a8fdeedd0b7fdffeb30739bae9bbb4cbbbded5907c3d1f012d	0.205	1
tag-lead-030	9a686fc8fba71c489cda846fb74889e9109fd9481a86c4af08b62cfe6a795504	0.202	1
tag-lead-031	fc35f1be41d63ac8db35e25acf4f9be1e985db6b35bcd47a0c0455e412ca34fb	0.219	1
tag-lead-034	71a89b057118d65e96fa6300d9ce4a1cbd5738a0eb5f47de55c2424458cde6c9	0.208	1
tag-lead-032	215db66f95ba58efb9f2ea260fdefa4f5b6f29088dc362603f837b0849ee14a1	0.235	1
tag-lead-035	9c2b2c08d28c0ac6b23100eba4e183b3e7e8bcff67e17b54256f44f2273dfb8c	0.217	1
tag-lead-036	7474a4ebf599a739aba0cba75fd4e1d46de7d7fd914cb65ab9f1e123ca10e2bb	0.216	1
tag-lead-037	da204df590c5fe1474168773e08bb0177e8d21c0299e2267bb90da10df293ffe	0.22	1
tag-lead-039	aa4d122850f917f21d79ba5fd8e64d011902e668e0ab3ef1600f3688c5a28623	0.218	1
tag-lead-038	7af6f4101483888a97d2a50af11cad698aab6f9a048e98bd17a0f727d59ec3b2	0.292	1
tag-lead-040	7b268bab7693b303e85ac38e903c41939196c81aed25ec33547fa54cc5da055d	0.206	1
tag-lead-041	a2ec4c0372d0bc1aa6dadd5429f287a651d95c8cf32c6e9ba4bf91e417d0d033	0.242	1
tag-lead-042	654fe52462e27ec05c3a6c75de4940f7e2b58dddbdaae15323de35cd74fb064f	0.232	1
tag-lead-043	b09c15fd5b80e26451a996c613d5d1b74b6a3f3ea7d4691f63eb5a25c02e93e3	0.195	1
tag-lead-044	85731d10735b49ff35b0ebbdabcab1cc57676a8f80ae62b77dca91a49d04ef81	0.193	1
tag-lead-046	0cc2579a3a78c64901e4941730c6a9fe337b0c2ccceedf05bb752aa234893f10	0.189	1
tag-lead-045	ec6f99c45126c5dc21928d8e2fca1b0a819e077cdb43ac78d9485a462fe7f22a	0.22	1
tag-lead-047	730f471889e03e8d5578a4f3eb0455c9cbefe0abeb672e68212c0f6baf9535ec	0.211	1
tag-lead-048	dc8204ecbe83586adc329ea30f23788dec97e4c6323efce2cdc65d91721f05b3	0.178	1
tag-lead-049	019f9758051b6daa291660547f355c396cfa3034c09f5598502a5616ef630364	0.17	1
tag-lead-050	ebd0b0d34e9cdb25e9c86b6f5f449466b2bcf2f193aab7f68eeee4bc37c110e3	0.179	1
tag-lead-051	7ac66d46905f701dff2fc204701a7eb91f3be7a1d4037230adf69b2e3c16f144	0.192	1
tag-lead-053	f7b4992687009c287f3456f9e956a7ff38aa76f4332bde6095d2a7c99885eee6	0.191	1
tag-lead-052	05278aac2371f593835989bebdfa2fd569a66999d4243f7d84e24dd2ca75bead	0.266	1
tag-lead-054	b3770e7e0074bc3e15401a8f82ea0dc6bb3de32e008893f299fe834691599b76	0.233	1
tag-lead-055	888c9f9b9bf1209c318c4b12e76f34e857308c74ba44b0543e8a8f028101a93a	0.209	1
tag-lead-056	46eacbf0f68fab8877e8de3e72d42857ca32e06ef2fcf645c10ff68d02c60c5d	0.207	1
tag-lead-059	4a59cdc222ab03774b7b9976e94313cb629c1af967fa1b08a00b17696caa9239	0.174	1
tag-lead-057	bd55221724a764a90f03ca12e6c07ae14922e61b715c4705032f9c067676b669	0.252	1
tag-lead-058	b859ef97baf4cb5e600698afc21dab9d2ca2d26bdca42766354d8f24b6b091a3	0.213	1
tag-lead-061	e3c0524218e14bec90b17e9bda47bebeaaf8cf23907730036ead5622656a3701	0.206	1
tag-lead-064	afdebc612fa84a7193dfa33754bc63d7fdebe8dbbf99ddbfe4a5233941f6290a	0.201	1
tag-lead-062	750b579092578f6da0546ed1053d8f6ac11e4a9e53d7a9cab9114040e84e3e88	0.237	1
tag-lead-063	7381c941f757d790842616a00930b81411fad5ba40b8cef5dafd26a4bb1e9782	0.235	1
tag-lead-065	d623a57bcf240d753e4f98603149e94f024975cf848084d2a8215dfaa22d93aa	0.249	1
tag-lead-067	668ab01a822b5d3b763b0090c9db6beaa46bb297d6127740fcb7e45fc4b53a68	0.2	1
tag-lead-068	55aabafd11586a83dd76d6ba75df68e5ebab28b3830daaff65d8a56efda13725	0.219	1
tag-lead-066	05fbcbe9ae443d531482f6a864e07561c6938dcc58b5ef1b4fdfa87f1b27f532	0.313	1
tag-lead-069	49c10b3838c4d26d1df837e9e070995b5fb86f4a71c40de2fcdfcce6ab9a14a9	0.204	1
tag-lead-070	96456f64652d8aac8d6c5e0cec06f05a1e3f70987c7c4454b97e754b639eec66	0.209	1
tag-lead-071	16c35a954f1505d189071e40c43fa1adf57ae86e4433a56efd345d3b870fc7af	0.19	1
tag-lead-073	2f490c1611e82c25720e62d73db9afe78d3751ce15e8c6983872dd42b12c3f30	0.207	1
tag-lead-074	351170da31338d24ca9ac882db80866e3b2ddeb26552d3d90b2c2da365810a7d	0.204	1
tag-lead-076	25d1770bd566f274c72f5de1210cae3db5f32ede893507190d363676c4be6e30	0.216	1
tag-lead-075	581dee2af9fc002a5fd57683d8473641742908f08f554bac08e9d0e63e5bef8a	0.244	1
tag-lead-077	6279b4eee08044f14e1c99ae30ad0acb92e18d3d59871b2f8b9ab37d32258720	0.235	1
tag-lead-078	89ba70b63fdefd47ae7217fd9c7a655dabac903fd75d68594c61d6c6cd47fbde	0.188	1
tag-lead-080	b26d101ae571a05b9558a402987f307bbba853850bd981b0af227e47088c5c82	0.187	1
tag-lead-079	4989605001f91542fc4879afc799b9643918407bc35d38273d6d2f0de9549450	0.228	1
tag-lead-082	fe82eda18795bada533682ff8ffbc9e7278e269aa613778509bcb3663b99b808	0.213	1
tag-lead-084	b833b096ee7db223bbc00c2347795ea57343326e6cf9ca67f4e419b2b91d3d1e	0.208	1
tag-lead-085	55e6ab814a78edaece00a5905dc0b9e2e33d366947bc2ba2f7583435ed5da0fc	0.194	1
tag-lead-086	1bd2a72434dedf338f72b4bff64ba2dabdd6a489ada6e01f54edc2dc18d25451	0.198	1
tag-lead-087	2d67076574ae832b6b40c1f76f637172cd71e17d5cb6ee9d10f02910d9816af7	0.186	1
tag-lead-088	35f3bde6aaa9f1e2b2c910ed982f0d64ab85ab728b9dc1da36131efe5e825702	0.201	1
tag-lead-090	64426a60e1dc535468156b5f29c2b13bf69aa3c84943b502dc5f7bffac6a7482	0.169	1
tag-lead-089	83baf1c6358552ac7e1214dce149441962f269d8913fc71407932798e6558415	0.223	1
tag-lead-091	ae144359df9d9ccb18e27e57cf6a131030bfca981fc6ed841cba7f0347002e9a	0.179	1
tag-lead-092	575612ba9247d989a4716f307e2a8ed8c7de1562b6a0af3350067c2b2a0f3a15	0.208	1
tag-lead-094	aa12380324f1c98504be0704e6d50303d79058b5a4674e665945f5682727c548	0.189	1
tag-lead-093	0e82c4a635c9c462c37048cc86d48093a388668060f668c1d10e2e5d226a14dc	0.225	1
tag-lead-095	c1ae51f9d67c748e8a5788523c05a1eeb1745a333599fa2525115e129657831d	0.171	1
tag-lead-096	b9ed6b7395f5518cdfb0f031ea253756fe16cae09f083ef8b5f68006e0f9abd8	0.237	1
tag-lead-097	9604abed5bcc61d911d07c1aebe93f09874425b62a7d85ef80480f63c9cbb2d6	0.198	1
tag-lead-098	42eb2c237d5818fc0afa2d4e35dedbc2aa721eec50278f544db78d7c3d623214	0.212	1
tag-lead-099	592a92158e8c495b781c147a38eda58a43f28947aebf91c33cba14c1d684330a	0.202	1
tag-lead-100	1df691d6c1585bf2665a2c5f21798cecb8f4b6fc2db8f3b5241e17a99b03e461	0.196	1
tag-lead-102	61750b909e6b60113e64599352e53918ace51c57a8afa8f9c5d84d306ba3b3b5	0.176	1
tag-lead-103	0e5e9ec0a9a50abb81fe8e90ba1a485189e66cb1b8241b52639d6d92dfc6cfac	0.179	1
tag-lead-101	5182f749f9567362d6d48ea4cf860e6ef07f52cad695c355bef6e1be4914e502	0.252	1
tag-lead-104	b5d83e06f4b1a4e293cd6e2fd54b31faa147de3c4d9ef35b95bc94e35f3ad466	0.201	1
tag-lead-106	7e5914ce488cb7281aa189246d61103f7e4beb5fc3dded1ffeea6992e592a0b5	0.215	1
tag-lead-109	5bdc54b7c4d52e9d3f5740052ef9702791940445817a89e18a11a784cd9803ee	0.228	1
tag-lead-110	c9a93f7a7c484382d3ef7770328b654e183b00c2073b519cafc31a903c1a71b6	0.216	1
tag-lead-112	e9630da100e2eabde25ad5db24718cfe0c1001b10435ca1c383bb8160bda27d7	0.179	1
tag-lead-111	29ccb6e1834ea51206f87dcf4b57e9bf22b8add1ba4f1d4b10d61c5a491dea40	0.242	1
tag-lead-113	9d352127b468bf11b796562a67b827a56c2c99807abeb60a421777771431a2fe	0.187	1
tag-lead-114	4510720db9949ab6caec93814c0bcdadebc8cac7532811e1be840b0f1889361b	0.206	1
tag-lead-115	26d43e98ea8f6e3384846bc0f571d2054f08ec39b8de5d2540be59925619f642	0.236	1
tag-lead-117	84af8982c36e0abfd84c53035d29b57416cae2a57c566a85451bc88e69f13e25	0.221	1
tag-lead-118	62b840b1ab886253417b2646ad2ed4dbc25ced7d815cf9ca5b3eda7bbe0be486	0.202	1
tag-lead-116	543eb1a1a5b85731211e1c4ed3aaf4148f0e57659582849d940f3edd09d46f6b	0.3	1
tag-lead-119	1fca5302999270a4a3164af0606b833d3cb6dcf08669f60f525690748dae1305	0.199	1
tag-lead-120	e029e265904a74844a2fb61d3df4c50b1e643a9085d15a0f3600a1b801de1657	0.209	1
tag-lead-121	c87eea635fa659f3a49e142b0d49fc0946075bb61b7cd98d7c7e3c5d2ceb07c1	0.209	1
tag-lead-123	f1b509ee89956147e5d5da23f329af193697b959c0f7b27b232699a7301ac8aa	0.186	1
tag-lead-124	4e527d6176483c7d09c24e74d35a1267ccd3c859540725b380b7d73248816232	0.189	1
tag-lead-126	b8925e267e91f0ac09ee206af36f94e62ec67b9baafffd28d5af5974d987a3ea	0.186	1
tag-lead-129	fc72c649c36342553f17b9e8b39f1ee0e00b91bf11b1dfd3346d1dc1b9b58033	0.182	1
tag-lead-127	e86aef85e75a2ad8c58f04f31bbfba05d41f2abfb01b732752babf50a89fa0d0	0.222	1
tag-lead-131	1adabe05e72245f958788ff5b9df06121340f61f6b2e49c1117ef7a288990706	0.18	1
tag-lead-132	c3c92f5eeb226e5ea06f6a6ba51336e6f6e55628cb90aad8b54b19f6bc44eb5d	0.197	1
tag-lead-134	025a457cb18590deed22eeceb21df9eac90e0bd130431f4d3156c4524fa61a4d	0.183	1
tag-lead-133	4bd0a94c7468a7c8c1ae3b7370de0b206be6806c1672a860350715cc2ee56a49	0.227	1
tag-lead-135	20bae3b205fd8775f70fc054da70732ea608a3bba5eb666a3661311422dae3fe	0.186	1
tag-lead-136	8e7af78b2df688d9a68209753582d515ad3c493fb9aabf891f5720afeb34ddd8	0.205	1
tag-lead-137	77a11e1773362ab3d3c904185fdbdd74310c8873b2c88b12367b5a08009b23ca	0.205	1
tag-lead-138	3f29590b66b414241f6b1174d71642b1392866ae3614c86677c6b5febcda586d	0.205	1
tag-lead-139	733bd108c377822c9e43885f7624e1df34a5685a0d09b4fd4191a4bbbd8d955e	0.199	1
tag-lead-142	c0393f5e0b71ed15cde422c007b275f0687fb575c3481661b2be850ce9745f8c	0.203	1
tag-lead-145	34d3f763ffc0e814d576cb55d70ae17c2823d24f254422c3ae9be5300d7b3103	0.185	1
tag-lead-143	60ad8f65b362cee6a32a04ef4c35a4634df5668c990a501f2b74e146128032ab	0.222	1
tag-lead-146	9eb5e10471c57ce6bb09f81c1923d424304fbb61ee2843efa0f82e528fae7f6a	0.207	1
tag-lead-148	92cb344e14e285fda609badae81b2525572e3da2cbb7aac1e8e9c8d297f4798c	0.22	1
tag-lead-149	e5f92aa3c35b99f7bc402af2e514b3119deb41b9a2ce5167e780fc091369b0c8	0.24	1
tag-lead-151	29a3d74685fb0573b39f617373ae0a7a5a1e46b8ba7d12539eafc1d739f3c3bf	0.241	1
tag-lead-152	21c08f6832b954c54700767db5956079408560452391d1b2b9ab02d93faf14ff	0.203	1
tag-lead-153	65b3d047af0a3b0e8ebeee5dcddf0e171ffe082652887e485bd1565e7649ba81	0.23	1
tag-lead-155	33beb9fc1d57f40fab538b3dcd9f49e8746b33bd4e9f3b6d27ebeb2672e1205b	0.21	1
tag-lead-154	c9feaa49164219c40bdc584f9dca705fd67106ce477f7dbc722f3c242d60f553	0.244	1
tag-lead-156	d6cfc07027f023c9594b38ac63ef46f8d70cba960dbc6b65775a503f6b9b35d4	0.204	1
tag-lead-157	2f804480d485a592a06d17d6457667a2682836b52409504ea4b214b408749b6a	0.275	1
tag-lead-158	d2cf7731f7c51b972b5704279733e71a10247e36a0d854bb22bc3041e712e980	0.248	1
tag-lead-159	5adac7fe22bfbc38b9f61e1496a61c3ac39162bdc433cef8611f1e23b2b6ad02	0.263	1
tag-lead-160	42eba736344f1838c489460a259e1ad6312ea3e97b5fa808d08a78b7462dcafa	0.263	1
tag-lead-161	484080ff7e710d399e9e34a7a89dae722775b7bc76b4b9aef9daa1e0bd53d62b	0.211	1
tag-lead-162	c489d6faf635a6f3808fcba1dc81cfa46e70bdafcf97c1ed1f33343a11fbcce1	0.209	1
tag-lead-164	93dde05dcb4985aa692a5a6b6964e56994091c8f637f99e50323e03d4aac4bfb	0.22	1
tag-lead-163	979623527f49d4244ce7d9b985a7cce714ccb726baa71893a71ca179a8d02c6c	0.246	1
tag-lead-165	777b10a0b772dee6ec118d85f4a2443bf90d17d1d5e09837c82aebefb02deb95	0.214	1
tag-lead-166	fec64635ef546bb5d9b5a2824464763232a8bf45b3b6aae7c40968f91a83688a	0.207	1
tag-lead-167	b5cc5760a05de02849f10aa7a0a5361e4c634f64cfbc47e5fec5d6e074e8892c	0.211	1
tag-lead-168	c4481c5ea2f674e646a851a5308e9fc4af0548322c0195f5ccd3c0512ed0bf5c	0.218	1
tag-lead-170	7f3c81eede8cfca93d27367838034e4b49632ce24963b97ab2624e26f259fe8a	0.177	1
tag-lead-169	b03bd71a4a7532c9b4d965f7968070edbc1a2a7fc73c0d55dd300492ead8418b	0.215	1
tag-lead-171	718efb6d7ba219654f9b6d3981a71023037404de020627177a9c85ce3c5c08dd	0.185	1
tag-lead-172	28db1dd77bd283f7e3de98bc1be879295ca481077aa745e387cc8e160612d6a6	0.193	1
tag-lead-173	662095d51642834c5f036f29d71a0819fef08209e0402c49adeb883b2a3fb3ee	0.19	1
tag-lead-174	bcf53027dfb05fe601c397ec522637ed10f8c4caa46d247c135cf07e904980ae	0.204	1
tag-lead-175	3ea485145018e03892e349558a276a4f287d5265ea3e00cd5b18c0a49593ed61	0.182	1
tag-lead-176	c8d7c9f34d66dd8c642abd770ffa38abd5eb11aa7d7ec043801fe7e9b645fecb	0.21	1
tag-lead-177	82d46da8d7bb7d2d6b84f124f9b8133ea20b5cfb4fe111c2ec4b55b317e88b87	0.2	1
tag-lead-179	af28addfdf513ce4b69d1974ff869ae834ba8b8532f7610bf19415fafd3c964f	0.227	1
tag-lead-180	a0bde484a173120d436209f2fd6c7aed2c1951df20d3128474cafce8f0662dc8	0.221	1
tag-lead-181	229bb57a6b57f475a97f7c161d8a55e6dbcff054a2d95aed1d0f421f16311a24	0.218	1
tag-lead-182	6efe7bb5b97258c159ba68355d8a79106111cbf8f82871f27f31a8bfc1ce50cc	0.242	1
score-popularity-002	7cbdd3410f667254a8bca762e7856b92fed1930839ef6b195d0ba49da4db4a32	0.194	1
score-popularity-001	f859c905df9a446e6a1fdccf2bfc6e8f9fb1f3e24232046d8095db7620e91886	0.231	1
score-popularity-003	63ebe7f9b94c2e41af7eb62834cd302b72603d8a9da7587ba50c4a4a8cae5755	0.221	1
score-popularity-004	f18abbd299b4d0ae61cf7703b5e43069fffd88d6a5b39b0fbd6b157a8e44a24a	0.178	1
score-popularity-005	efa0f7c768f2318482867024d32ae6d3240dd5f0f463c146ac957246a3e0425c	0.217	1
score-popularity-006	85b2e6ddeab5f48a8fcb98b9a60d0c23e257842faa1ca72459887868ff66d6b2	0.217	1
score-popularity-007	dd4df44a9bcac1e42f22805340d0f7e8596e63703061a1e7ec33752651fd787d	0.181	1
score-popularity-008	7b4db927c1ef149b426ca359f08405adac3da87d2c9e51ebca85be66949bb09c	0.227	1
score-popularity-010	6f1470cc42ad6b1039e72db041c39c286113f06d55bd131700d5312de9cd5083	0.207	1
score-popularity-009	cf9dffbc7358ee285df7b8300cc1ba54df5dd55599fdb641857438c6a9306558	0.243	1
score-popularity-011	0442a636c73465b24c6b49265044f5b0b3588aacd64e8962676f782abaa01b5f	0.229	1
score-popularity-012	5d435b305c1869bb3759cc599649c210374e8e68523dcda51e127ac5c512be50	0.195	1
score-popularity-013	500f854435d03e28f87434aaa7d19622fc640faa649f4a888ee59ef08573972b	0.205	1
score-popularity-014	2b1534f3f9d48aae53048aa8f899604eb8cdb343865cf9b7a5b11b2e5344efa5	0.205	1
score-popularity-015	2e46aec7da4d675349cb914c0235a401ff29a616ee1c999ceebc698844f7bb02	0.194	1
score-popularity-016	d9f0d55e33b5aae00af2688c5165b78a68e87e2f5c7d7bcd6d2f595ddb299e5f	0.206	1
score-popularity-018	e20afa2ce458f107422eb10ac83a10048fe3678162dd1657252a198c21075340	0.218	1
score-popularity-017	d3244781d76872c4ba2b32e0adcd1a8b7be791308b503917446f28759e217030	0.246	1
score-popularity-019	f141f6ee60892e074a3057dd4b4982ed294d1d123db86f3e7f9e0c683b02b66d	0.225	1
score-popularity-020	df9b49aefb318ae25309c17011407efaf6f2c9effc908e28026f51d7dec7db6d	0.212	1
score-popularity-021	2a00f26ef28164a8fc833cacbfb8463f1ccd9eac1356db4aef37658da924c4d0	0.211	1
score-popularity-023	b9f6b0a0bc0af025f470e892e24e24cba888275befe7da32f564dba82f700f3b	0.235	1
score-popularity-022	85105736aeb0fea27b75031bba6ff9670b7792d3324bd5e6548ceb9875b36d7b	0.269	1
score-popularity-024	183ea68dcdf9b3b85334fa5da78c1a58228263d6505e0a8ad851a5086e76f03f	0.22	1
score-popularity-025	54ef0b6bd74dfb1f073263bdf934bff41cf461193abb04d538228a0c13eafaf4	0.187	1
score-popularity-026	ff0255b6543a33b90d1b7bda8ccbb55a707cd149eaf68a93528e2c9e5f83d50b	0.192	1
score-popularity-027	107e68cc80f5996c077f0b9c2b8c216ec44c493c37fa3c9d9f07e824915c515b	0.228	1
score-popularity-028	df1151c0e1eb79c426ed7b2fc86b52db969d155cdee18a69d96077d18ec0784a	0.216	1
score-popularity-029	ede40372e7732f3ee699aba84fc7a7d778bbce5094177624d57ee288144d2818	0.235	1
score-popularity-030	46632cfb9e998deac9815d35d4c7b334a2da07c0e286fdce37e107152c527eff	0.258	1
score-popularity-031	14155353241a84425fd6042bcd4d27e4ba59aafb9622aca784ebb1314edb2850	0.218	1
score-popularity-032	f23dc47247b83a1dac88e6cfeb1dce4d3a0ba609a0aef6a71421028aef1dd9de	0.202	1
score-popularity-033	5ea19ac40458e55400a770e4d59bb87e56c054ac48011ff9733fd875b28c68fd	0.226	1
score-popularity-035	bb4364d097c6aa6cf5c48e247133cbe8477fe50e4f8ba5d59159fb7004a48ffa	0.186	1
score-popularity-034	993f6e45821d5982d6102c5ae2f24d3ae7778cc44a640a14469e6593db501929	0.221	1
score-popularity-036	f002224fb099613030b755e64b4e847251eba8dac581e44838cb59897291a688	0.263	1
score-popularity-037	95c3fe31e5dbb213d17722ca9399cc4d59635d4cc339602107ba4ca37a442058	0.193	1
score-popularity-038	54b1d40da8aa9be84b08d13d4507c22353121db7211a6b971e28c642d1e085b5	0.197	1
score-popularity-039	69d7f8729e5ac7edd6bec54931db247f9f0f59a3be6288bad6e1f73f7d29507c	0.201	1
score-popularity-040	9c5f6fec9d454bfc479bcb5a0f1f161043356e70013a341e976023cfa63d5aa4	0.184	1
score-popularity-041	b8edcfea6ad6bee69e5bdb8212bcd7696e25ff7d3dae92c21d860e295934194b	0.175	1
score-popularity-042	d8d2ae223ff1e251ce3cfd11c65d74455b6742f120bea0996007eafc73dea49e	0.181	1
score-popularity-043	aea3a264386c21c96820db2a2b0e34a8b0713272f5525f488b81250413fe4d76	0.244	1
score-popularity-044	938ca3fe39ed63a068947fafb0c6d35dd354153d9a3b9ea11bfdfd3ba21278cc	0.219	1
score-popularity-045	bf964ac99c87cb352559ed4b41b067f3f614ad75aedf3ba0975f4410e1755bc3	0.227	1
score-popularity-046	b55b75095cb2f5040b666f7f6219aa51949c9f9fd690ccb8b5e20a24f3ed2396	0.187	1
score-popularity-047	22d9c0865a172528b5de363c20d73dc4cfa6b72448e7eb062941ca8fe8419878	0.193	1
score-popularity-048	eac08b0cebb527fe1044b30db88516f18b9b5f7ed5d2f9b9ddf70f394b226a17	0.183	1
score-popularity-049	db2cb8900556741c89f4d1f00cd4bad264ab5553de82642e34cfe35a1a705ad7	0.209	1
score-popularity-050	7653f8fe1d604364c480de3af898b35644af3e03ece34089f96f19f6c2bad305	0.197	1
score-popularity-051	64f81e115d8fb68155f13a2895ef2e2a53ce48fd5e8d177954f475a251e24b7f	0.185	1
score-popularity-052	f86e0c37bcac1b09c73b8e67dfc776b12461f5735bc3e2ffe206b91e13a7b9be	0.195	1
score-popularity-053	63b8452f34480ef32276492025617eb70119f1ac50b7ef35b66c861b3c4b0a92	0.199	1
score-popularity-054	2f59c29bdb23d53431c9c7b5d77e3629037654c41e777d42298d4f7e9e6590ef	0.217	1
score-popularity-056	6f337a12b15c2ce84b99639e5502e48c543bf5900803c0af747604c689befd2f	0.173	1
score-popularity-057	b8adaf28630d49f05be8e11b40f6baede96c85a221e45368cb73724ea72627d5	0.172	1
score-popularity-055	92268eb92dcbfefab08d3f60f5bb090ff22e5416ab98c7db95107122b30d6fad	0.312	1
score-popularity-058	0d2a8c6bb4314ccee3bfae55b48ec455137ccd06054cb10964f9e99ded9cb1b4	0.194	1
score-popularity-059	8b419c05a82276621845c5cee6020f73f5b8a5a227ee873302a03e6cbd5fe8a4	0.212	1
score-popularity-060	a49036e7d7d5714ac90e922cda9863283d7b5b37a93c9aec8bb336ee5f2f4d7c	0.169	1
score-popularity-062	51d47d2da4def0bad64c2b72902bdbcc1090916ab06eca46ce3c9dd5b537e2b1	0.164	1
score-popularity-061	7258f4f6c1457a91747151c58ddb5895a6e2ad97ddac0f72b18dcd32dccfaa3e	0.212	1
score-popularity-063	c9be48be5eb72c40d9a7380c83a402191efee90a37e40f351e53a16f4f81a355	0.177	1
score-popularity-064	57077beff1d0271b6c1549aa66d4d055a5411de456b9f6b3a3b37d6b28c35a20	0.186	1
score-popularity-065	2b065e4b6b6209a4608d6d6b5343f2e51ae4eaede8c6b85240719a2c257ae9af	0.216	1
score-popularity-066	37e49b50ff0e4dc6ea85a511c0936562691fc07cd4bf1076063abfc17350944e	0.205	1
score-popularity-067	f02a06b0b22cfbd139d8ba9d1e624f9ae792e40f4a251eda3b00eace27b450e7	0.19	1
score-popularity-068	11c3d759fcc4240a745d7d8024033788d7df72388cfeadceffbd8595b8b586a2	0.171	1
score-popularity-069	39fe154e616438c0ce29943954903b25e894d0232489a29e01f73636c371f964	0.194	1
score-popularity-070	dc6aa0e9a0518a1d7b29d0827807a01803fb9282cb6645609b06f614f2419973	0.213	1
score-popularity-072	aa9b2fab2afacc46200369861e1168a82925a73a5a226cc2893020e84286c51b	0.189	1
score-popularity-071	e7ae842a617f15e7c848abb20ecebb33912178274a6c20f4874ca6c09cfd336e	0.23	1
score-popularity-074	eed17befb7f07c1a4330be285cbfc63a36d38b97cc0edb11c6da5fb8d263a2d0	0.172	1
score-popularity-073	02ed524ed871ebf7b1eac61dc6d0d7fce5fa747afc2d041a2035fe35a07e707a	0.238	1
score-popularity-076	3afea8e73e656f8eb7abda9d4351338d4c4552d0bf319e9692ac9d136e1806ed	0.183	1
score-popularity-075	f6c36fe97e2ba715301b49507029d37829c47fcf8990a20ee671718b2537ca38	0.24	1
score-popularity-077	dd5626a695f8830d65851a58fb416cae8249b7c7df644370f41c0eeecc25a090	0.204	1
score-popularity-078	f61c31d0d47eef4dc9fd51f6ecdd1cab837fdaaf3c76100af4a5ff85cb0fb826	0.218	1
score-popularity-079	8ce23bc3685a7a41fdc8f2656048e32b7a029f0efb781706ef7c1eeddcf59acc	0.214	1
score-popularity-080	20046d4e03c5ece1afbd1cadfdd11cc3aada5c8dff1fe33c5f6f8eadfcb3bd4d	0.244	1
score-popularity-081	5a475b0119f6fbfb47854e9911122c1d7bd17797e5a56b558f5880144bbf4017	0.181	1
score-popularity-082	cf26b351ae95894e36d144254d24505f508c772d01e9490e25271645e0bcaafb	0.175	1
score-popularity-083	caf0f073e69e5aca24631d0ace42054537e6212890b4ba3ad4e5e9c0f74ef7bc	0.177	1
score-popularity-084	7f332b3dfd1ca333d4f2786f335935b1a139381219cd1b496e1a90342a107547	0.212	1
score-popularity-085	e8fe70d61cc955caf40cb599da9a3059e28b2927bb339c149fb677be7752bf6c	0.204	1
score-popularity-086	536620fa2f8814fa3f26f21cdeceb7dd6c97ae90be9d9ab789019c0e453061c8	0.203	1
score-popularity-087	30cce69d58054fcdcedb533559df2845c519d8757eaa5e93d1453aa13b2a4753	0.244	1
score-popularity-089	c59a6a6206e93ccdbc264df30ea5e66cf985965442c5e5e6a5e211c6d1d5ac52	0.205	1
score-popularity-088	7c8ff1fe9dc059f14bd69583086462e3a7d6ccd1d10245f9091ea14fa902bbf8	0.231	1
score-popularity-090	94755b0f3380daafc386c9b4b42471778f496ff22ca16c3f690eb55e3ab321dc	0.194	1
score-popularity-091	702d8f6a7ff9f86a75d73c0439ace29d8c2a4cecf8efa158b8e318567d4056cb	0.221	1
score-popularity-092	01c3315f343d040f7d43e229d9c9b96713b29f5cdeda14f1156a1ff70f6b7d8a	0.196	1
score-popularity-094	81e0c6b224f645fbbcdefe203edcc6cf14b4860cccc54e2fd79cd9e2bd9aaee4	0.192	1
score-popularity-093	dfc67f7b86acc5bc137c540827032bef850c43d21b7b5308baffa0038d29fcfc	0.255	1
score-popularity-095	806ca79d24b822668de992816bc2369ee16aad9a17c91271ad5a7418f3d88e05	0.194	1
score-popularity-096	63ffb6049bc94a720c71f6d1294547045a8a3f9c09467076148d12ae2b2ad598	0.209	1
score-popularity-097	f03c108370491e683f4a8a356f6c8f7d80f87b43cf1e5f690281b81132a4a9e5	0.213	1
score-popularity-098	2e078a2eb503e524d3604b27df9a11c19138aaba37ab488d502f1c339a55ea7d	0.233	1
score-popularity-099	7956337e8bc4830898f73eb09240841b0edf5b8caacb078b6a1fdbd3a5e0035f	0.187	1
score-popularity-101	f68b5f04db134ba25003ba7cbba67f911d1adcc9fd33e7104a863a8171010288	0.188	1
score-popularity-100	ec4de8e9b74ab7327275daf6aeca4f539202ca24c8d6a09d0aa0295b576fe731	0.247	1
score-popularity-102	01eefa23caa7f786a9b96b64cb883da02e7acceb6b7022b72294959daa9cb0d9	0.2	1
score-popularity-103	aea4ab6b826f08112469b26d23b2feb900571c33099119f54ed52a309a29cb92	0.2	1
score-popularity-104	bd8ada7a3711d61bece70046d4ac457a32cb9f5896c398125bfad2447ea87273	0.201	1
score-popularity-105	3737abdcab9c8b8fe9d7c70f2105978cf9071efb1797a753ffa4d8a4c9a9d757	0.194	1
score-popularity-106	a1f5b2ab5862b3a56a6ae9de68daf0707232ffabed1d91078f926e987e9d4a17	0.18	1
score-popularity-107	c4b5555f345d6eac905d6a7d26343d5ab91f7507746064c9a6fa391cb565205f	0.211	1
score-popularity-108	b2e8043d61600bc6f28ea8fd6852fd4d965ec13e1289eed38859f26f3114881c	0.227	1
score-popularity-109	ab771637aff6f4494c543f96d7736a497b7c4068aa09970cf8c854ae6f36bcb1	0.224	1
score-popularity-110	8f9b556a3784bae0b987ae8c7b0496224bd995899d5b25b73eea8bcdb45deb4a	0.23	1
score-popularity-111	7e563884d063588fed0284cf1d89388ab24013dff58e60f1fc66d358eb1f8ba4	0.185	1
score-popularity-113	dbae6ffaeff8e2a1c8cb7e1b0a728829d6477e15dd5b9c81397329f2fdd9de04	0.197	1
score-popularity-112	0d1ea796fa843b3430ec8b645947ca61bd23df45e40cdd164a9da43bb29cadbc	0.239	1
score-popularity-114	0988e7bd8a4155d4f209a3784eddf1188ae8d5e2e1f849f17b067f8b51a387a0	0.232	1
score-popularity-115	f3e4ef1084af42ba9053f9215db716792e491ceba386b67750fcf4df66d47114	0.228	1
score-popularity-116	decc371a8dd467cdc8b3e3766902a1eaa7a1b21d789155881dfcf0e41c30ca43	0.19	1
score-popularity-117	6b565e4eae597e539c0f55dfc30b3a95e55a42c7bb46d521a7a2edcebd256fc2	0.221	1
score-popularity-118	29d97c7e32d83cccd667ffba5b84090ecd3857927d86438084df467d745b4dfd	0.219	1
score-popularity-119	124853c34b6cdeb36f16796207d1b349fcf38747a0abaddac0f318fdf30acb16	0.23	1
score-popularity-120	65f8f816a81f2d9fddbacc798f3bb6aa95ec4bda6539e8912d9a45ef8091efb6	0.195	1
score-popularity-121	f82efd82ebb0e3f9f98a67849373b1fd32ce9225ecfc01be45f53d39a1bce416	0.188	1
score-popularity-122	98d5e095291cad28c1f5cca155e3f4e46a46c41200b7b785828b1ef3585a57c0	0.211	1
score-popularity-123	41a91460b43fb2ad32ea087bdb59071a8a6f81e7abc1360b705a14c1be9a5a96	0.211	1
score-popularity-124	bc16f8066bc4955cb1fc9aa9617f0fd8f7ade43aab6ce062fe30e3422e121484	0.218	1
score-popularity-125	d8b16d9d7d4dc6455235a9e873dbf7c4216c6b9a8fc9f20d4e50e665831832e3	0.232	1
score-popularity-126	23924627c013db2449a49149adbd86597600b15397fb0f02564bbaa5912a6209	0.2	1
score-popularity-127	31313e909ce2b207a2bc40969208e1fadba708a87cf40862de8ae833486f4a28	0.219	1
score-popularity-128	17066df961461c11806555e08cafeb594de075717002787de7f036b8e8cb395b	0.237	1
score-popularity-129	e144197480838834011d69d625e2552bbd6bd0fed192677d92834b383c2053ce	0.226	1
score-popularity-130	c8e2e4f45bab845fe691c73d434b8e9c47f532596b76e2373718a261cea7c900	0.199	1
score-popularity-131	847961c1f1e27ca17024c15aef109f9ff117208009302e483764ac22f9858a36	0.192	1
score-popularity-132	070faac7d4873e89ede12f4459953cf214402d295b82363f67e64d71ad0a86e3	0.189	1
score-popularity-133	56a873871edc395f4692ba04fd0103ccbd5c7a744d4d46fb93635d85fd845821	0.173	1
score-popularity-134	e9bd485cb5c6dc947d40d24cf60299d1ba5cc30076c1691c3685f0c0a8951813	0.178	1
score-popularity-135	01bb1289fb52e9a38674114804f3076b230a37c37187af67a70eff76c3f68dd7	0.172	1
score-popularity-136	e96ec671d704eb0479437e12fc5cbf93213b5b29bf94292f92984c6218615ea9	0.242	1
score-popularity-138	56568e4a9005281b8b51b284bfbd5ecdad5ebf4de69f1647cc19e62264fdc99a	0.223	1
score-popularity-137	ee5f5843b647000659324df6326d319f99b2a059883ccf7e7e90b4438654e91d	0.265	1
score-popularity-139	26967ef7efae880bed6498ebb976d939ef6fc15a2e6c31dc9633ac001fd5479f	0.242	1
score-popularity-140	fc75cbf77eceda003412407468668ab38b42d420e7ce9946c8e70d869d92c149	0.233	1
score-popularity-141	3b0b04f85bf4beadd9e1cdd7abc0adf9a71718c86b811c11ac729f134500aa45	0.209	1
score-popularity-142	2568eb53312a88ee4777cce65b53c8cd1f777668f0e83cd0b6023a82ca3b4a4f	0.216	1
score-popularity-143	46fde0e7f5df911be40a52055753a8e50fc2a1238779efd61fbadec90d458585	0.203	1
score-popularity-145	c1cab3c4724db2f67032dd052a061eee7cd271d684428b6c96d62778d5d6121a	0.194	1
score-popularity-144	13681037c8852c6fc13972a1804bb3c642262722b11f59662a676e196fdefebe	0.229	1
score-popularity-147	f346d57d49492e7825eb48cb7719205575c95f186b4f10a50144be419f2d54b2	0.205	1
score-popularity-146	7af34e3b8c3897df758cbae56b90254756d0639b21d807ab12c96bfab48668fc	0.232	1
score-popularity-149	67dcc26a589c24071ff470fd7159693c9e7c51de8dbb0226b45a2c51df95e6ec	0.24	1
score-popularity-148	6f3ec7d12e68c4bdcdb0959f08f77f06c88f1beb6cb373eb711412d199d2a56c	0.281	1
score-popularity-151	e079b699dea51a0741ad79f3bd95d7039ec98b4c2c02c726292d91878ca1e679	0.229	1
score-popularity-150	35320d5ba990ad43a3038834730ec7e8ba77a680214b7ec6c545aa92a40575cd	0.257	1
score-popularity-154	47d48fbdf724935d9119125199b4cd693f3d5d2cac6286c3c5050e88b38cd0e8	0.198	1
score-popularity-152	27f23d9b9fda8618df9f5f3fa7d45e763d50d39380681d7889582eb150a2b8af	0.239	1
score-popularity-153	8b75afedca8514ebbc227f23d69afb90cb85233f0a762516ea15928dd8b57a2e	0.236	1
score-popularity-155	377a4ffee2154d88a5cefd8170c2d9241499dbfb499e1d0be19a359f45c4646e	0.236	1
score-popularity-156	007a245493b9979ae44a20f2b85887446b8356a8b6297bbd7c1261fdcc4f5906	0.225	1
score-popularity-159	6ec1b75f4b06a822fb7d2938932652ce42142a581e09838b232d56acb2d936d8	0.198	1
score-popularity-157	317a9a8d5840d197d7e05c40460c0ba390c5d5df9320d959679d36e8db71e3ea	0.272	1
score-popularity-158	8ce18d6cdff71267e3d991f297771fe265f931a353329c18f09a2ff549a60fd7	0.278	1
score-popularity-160	11dc1d56bbf0db670ec06733e28e32f97b987707a53b798a23755d0286d357ce	0.193	1
score-popularity-162	9cf7e2e88ccb24e465bdc5727f31d1ea80ac38fc5ff170c63785c42b7e8b97ee	0.168	1
score-popularity-161	ed9853e735756f805fe02cba3aad95ddb1096b0ebb2e86d0f6872de7896ccf08	0.224	1
score-popularity-163	abbaa3e99f2756c800620af801dff3d4cf72c7ed51706a64385757bf7cd37f8a	0.194	1
score-popularity-164	fef3fc1e088a5f0a0c12e2d2c30849ac7115e1db3868115136c816b9f5c73491	0.207	1
score-popularity-167	297493b1245ea01320c6c23c65b99acdfdbde86d143bdb7203e5359cfe05bef2	0.175	1
score-popularity-165	7579ef7f885ece2140101804a5e35c59882a7ef32ab0875cbd163109d8bbd4d7	0.241	1
score-popularity-166	ca49bd581f142cafd47076d88df5e2df7b1b4e74ab2b71a86b37d516170776be	0.242	1
score-popularity-168	16548787e5c49d2ccd872e6e82fe1994ba96e03361a8b2ce9e9f9f31c0c7f26f	0.175	1
score-popularity-169	4dea256c9e51ea924a1183c33d1bb9966d2893df53683a50aa2935ad718a1a17	0.182	1
score-popularity-170	6c7234f339fa3fcde37b9b1ca3bd1c0333e6e97e0054d326c5d69f2cd6742895	0.194	1
score-popularity-171	171c6785a230df51544f0c3cec99a68891b41617c3551d02ebbf4f0061d3b5ac	0.192	1
filter-singer-1-01	dc5e00ec150bcc4753d608d50594ea06f08914271e528ad3bc78eccec4319469	0.182	1
filter-singer-1-02	3e872be91e8c94ff96993480ef41aa5010016962259549d1c3ad26a436c67cb9	0.235	1
filter-singer-1-03	8b232d7e012a926941182d2feb6225b153089e6cbf458a542487394fd3cac32f	0.216	1
filter-singer-1-04	88dcdd6e3e97c2d06c507f66bd74a456a63602b29fa9e7e9554bbbfb12a5977e	0.207	1
filter-singer-1-05	f5736e85f62b5bec13769452b1fd2ded26a5ece8b719494526e7eea2fd9f78b2	0.205	1
filter-singer-1-07	8f688056f1da6c767d89ce340d47b1f83448d312541983e62ef7e53be04351e6	0.185	1
filter-singer-1-08	043fd84de1aed102131b207a85b79c30d1b2118f9a8d7025bfb091514a04ac5a	0.2	1
filter-singer-1-06	9aeadfb1e071c194eda1ce6b92b912bed99b778509f3b4b5bbbca20912d00c61	0.251	1
filter-singer-1-09	188fbd6f38d825fa27f760b48e7085034aa67e91403f5554af085f8708ed9ab4	0.196	1
filter-singer-1-11	e0db3faf2e372947e6237613740bd4be0ab019ea4ac8aefdc6076057ff0c12cd	0.198	1
filter-singer-1-10	31365dd14e74a66a91aff30494ab406455eead0c9a1d31bb1b8b2f4f771acdbd	0.242	1
filter-singer-1-12	e65c8d1a464cc89b3f5ab6877d49f2c04d599554bce397313124d9315ff7cfca	0.219	1
filter-singer-1-13	b3f3979431f9ad51b10ab5e61513c41a54de1bf83a491fe425a5d242120b6f30	0.298	1
filter-singer-1-15	803209a0f05f16c6820f01c6188e7bdfe42f8b331b5f941a571e7707c2076dfa	0.255	1
filter-singer-1-14	757173dc42046baeb06e85217b1ae15824b509d1b673be6b60f75b852ca89ed1	0.286	1
filter-singer-1-17	d34c01832511f142a4e5c91c0501c2d132a042f413b4eac795be9a2f2ba4f30b	0.173	1
filter-singer-1-16	f298c15c59d57ccb2a82f82e6f91c074f56458dddde4d8762842258a37bff998	0.322	1
filter-singer-1-19	1536c5b588d5d45721237f1f2b49826e9bcc51bcfd1497a8eeb3fa7a45ca49ee	0.195	1
filter-singer-1-18	2f9940d9c7abd191abb4550874ab96cb2192f45f72d4d8ea21b5466ccd92b6e4	0.244	1
filter-singer-1-21	4ea99886c1b4d8311e24e613a3cfaf2b387c72182d7f6621ab32f6a44e3e3559	0.183	1
filter-singer-1-20	fdfeea992a59e24d8e24cdf3aaaa4a704d21c6d50a156292219381d555335c39	0.236	1
filter-singer-1-22	672eba874b50da8de947228acc5c8708465546ee8d99a49ec314a0c0f11c74d4	0.218	1
filter-singer-1-23	d18e43450c55ecd19a70df99565d50f5ac92dca3bf1fd275b9bf1f53ccff9f73	0.223	1
filter-singer-1-24	2445137c1072308f9e66f2a9727be79c8d438e139c0061db38bd5fd59299f2d9	0.202	1
filter-singer-1-26	767a96398bfbc0df079f6f125782a37aa83e2e87f41596d41397d8ba7b9ccd61	0.175	1
filter-singer-1-25	3baa68ade51bdac07230d8cc8efb0f72c64f1f97e3d32d73cd4b9a4300c525ed	0.33	1
filter-singer-1-28	c59292b8dc2911c5e17d804f7159ae763fad173caab54f84079f6d30ebc04912	0.179	1
filter-singer-1-27	18d516e1c3acc760f6a22d997fb7adba4741064342750c565f65776810ede1a8	0.283	1
filter-singer-1-29	c5af22bb42f3d2d51fe425370f2e65c3f30706de662578b4b846121c93030c5b	0.201	1
filter-singer-2-01	d2e9071b71b1cf0fd7884fdf60b253f575428c70538a8758fa19e6ed129291f3	0.221	1
filter-singer-1-30	8540dc46bf6b564f419e47659d8f8191126fe101847708b824c263858a7bd19d	0.26	1
filter-singer-2-02	4d8f9580e05183cb5d2ec0001845b702208b330bdf7f788cdd68544bce7ed8be	0.21	1
filter-singer-2-03	27be145828c1d8dfbbbe5627fb6d058995529c7ee26875da83a58420c1411b32	0.202	1
filter-singer-2-04	944a68119d5bb5f33f06ba8412936c5a67bb6acdb234af8edbf32d7a0e88767a	0.196	1
filter-singer-2-05	376226c7e4a1e4ee704e8160cc3987a1da25785ec1968cfefbb43210924ed06e	0.225	1
filter-singer-2-06	0f7deb20ffe31c45a1c1c6722608c8498a914e49b47bcc421735d9316d38222c	0.194	1
filter-singer-2-07	c98723236eca9cbb22edc2ad2b65ab289ed1cf24b85403fd0f0e73deebb9ce99	0.236	1
filter-singer-2-09	21b936be20b797c857fe75dd2ccb3fbcb9e278bf825aafb99127a03a57301b7b	0.203	1
filter-singer-2-08	69aab7d2b9d15b3eb08708f5ddebe920d271aa563400589928cdf7bdc907edac	0.286	1
filter-singer-2-10	48e4ed90db1a860a2ba70bec99403b9e1e816898f811f70946d7fa256b1f98f3	0.233	1
filter-singer-2-11	12bb09607c9a14d01129ed7172b34c89d940550e3b775cc3a32c1b9bdc92145c	0.251	1
filter-singer-2-12	5c227a4aac4dfba1abaf41414dfd7d55ca25a3dbd5257c3ed894c8144409ce05	0.23	1
filter-singer-2-14	aff36d122c921810dd3157eaba774592cb90296b64881dd4b00afbdf5d22a800	0.202	1
filter-singer-2-13	93d991ab6d316c04419db3558f0a71aa9a7d61690d8acc9e0ea57ebde65d8fdb	0.248	1
filter-singer-2-15	7330058e6fb0de9bc80cbe651d25fccd9b297c153f474afebb891515d656f2e3	0.206	1
filter-singer-2-16	88e93ae045bd921d9c5fe30d8167d7bf303ede930738ffaf06666034246fc24e	0.191	1
filter-singer-2-17	e30351dd9633508e1fafe26e1526dbaa808fc28a3291a384818f9693221debcd	0.225	1
filter-singer-2-18	bde6f6e6c072621b198e3fea5f6b7d0d6e0494692e4f673117b7ad935712af35	0.21	1
filter-singer-2-19	05c734e20543a4110fbd9e269c995f73aa39fb10c80330fddfdf72171b4e3c14	0.211	1
filter-singer-2-20	7b9a7730552e33868c79868a584d11e81ef522603998530c61f6e4efa9f760cc	0.203	1
filter-singer-2-21	1520104e31e3f47f76200dbb6d6f19a47a09aa1da121f61c88ed3b15f1ec4998	0.191	1
filter-singer-2-22	aa262faf4db881242c467544e71203a7fe97ba19c580df5c502fa72ea1e00d30	0.235	1
filter-singer-2-23	7f709baa7e7eb690e8c471729b6fb2656a3516e7cbedf7d7903f8a383ab8d845	0.207	1
filter-singer-2-24	e2511726ed0c644023cb5fbe2d4741c5b3878fea8b1f18b4053a6ca023cd280f	0.205	1
filter-singer-2-25	84b4fb869b5ffebfc2efc1db1e56665f87aab63367ffd6630b3181e20514e10f	0.205	1
filter-singer-2-26	e04533c77acf5c5ce63bac30eb6386c9032f20a3e92e37cc22838222277dc7dc	0.22	1
filter-singer-2-27	f2956a6e3ba0709d617ecb61855e691ed71adc08cc9ca3ca5f21359d7c497231	0.225	1
filter-singer-2-28	c5c1f4937b257bb3ac5d66d3e282ca483f24dc9ce9c77b7fde8e4197c61cbac4	0.239	1
filter-singer-2-30	c93a9b6719b4b08084e1dfb9dfcf55d420c94227a00ed7ba6641a42ccc9f349f	0.225	1
filter-singer-3-02	e26f041432fec44748f45ff8eb4d5d1e8de00a503667b5c406d39425e915f815	0.205	1
filter-singer-3-01	853ca073fd7f87ba997dc4c25d30969f615e606d05ee8aa933062e7631ad790a	0.28	1
filter-singer-2-29	746a7fd3ded818bd08e5e3793ff56f0de6468c053d9c1632893cb3f4448cadb2	0.43	1
filter-singer-3-03	331f5b1fa68b3b4df1ac482691a3ad4152ff92d401fee685c83abc2e712f7b3c	0.203	1
filter-singer-3-04	3bd41a5033369fc5a2a1e03a45d88a9f08ffaa110202fb7b7cf5979c38309fb9	0.266	1
filter-singer-3-05	10e10826d92801942e13e5d00097ed9ac36a937a688ef8618cb4449d8ac67d4c	0.29	1
filter-singer-3-07	7b9f5b0404adf264392e4e449247e4157605b7929214fbc59c45664d06048ece	0.231	1
filter-singer-3-06	c0b331c3d856c98db106113e75fb64e25daf34188341db0ed7eaeeb9ec3d4bc1	0.314	1
filter-singer-3-08	ab1e3e0327d3d2bd4b6dd0f8ace11c9ca9f4cbc3a8fcd99e2bfa200a4f63d666	0.241	1
filter-singer-3-10	d70bbda146dd0da8815d9623c364243f7668d3c9ecc50827636f51c02db7a182	0.263	1
filter-singer-3-11	191d9745b8cdbf125bb0c3723230070e66863c265c35188f03ecf562e90d0faa	0.268	1
filter-singer-3-09	bfe46c832c6210e723ac8a4a172f51cff0e7e56c644986fe73e6468995fcb8a7	0.332	1
filter-singer-3-12	f8456d2e8e8749b8a0448e96c5d60d53fd809fc31b10dda67ac48ae915ab5c0d	0.263	1
filter-singer-3-13	9dfc3186b9014e3b499b0dfd43f442b95e89efd1935366252a2a749db5b9dc19	0.254	1
filter-singer-3-14	a46315d6fb32dae2983960707245bc36ce5b1c80755b716c8a3a8c8c29751852	0.253	1
filter-singer-3-15	3957957f708a7e19b334784c21083f8114455063b838ffd514be9cb26ed20f17	0.251	1
filter-singer-3-16	e5a802ab70ac385f7fe90ebf2fad2556372d315d547bff270226525bc7b2342d	0.221	1
filter-singer-3-17	4d0ff7b677956d378a07f6c5377527ff36d76d936f3666489f5996ec1e9aa102	0.234	1
filter-singer-3-19	42821d14080a3a81f7d82e11a3c234c8a7299666f02414ce203fa3508fac1a3a	0.26	1
filter-singer-3-20	6b1e1b582ec2ffcc9684588d106d406d159689e04c3c82c7333017aa1c70083a	0.229	1
filter-singer-3-18	b9dea41066f30ecb3de0a1c9d5eb0f4f61a28efdf5cddf5359175a62c2cf4715	0.376	1
filter-singer-3-21	ec5a780f5c513cdfca23d4f96349832604ce39bca36dafcda54bc64c8acfd239	0.235	1
filter-singer-3-22	c2c51657c271c4774572d23b9aa773642263dbad08df8068ea7f9836dea9692b	0.218	1
filter-singer-3-23	2a85fd5b0088f471066f9b7e05338d67d157d30dbc87e3ec627945de146243b8	0.232	1
filter-singer-3-24	220a471864697f02fd1a2f079daca51cc76390e05544b7412a08753357407c7d	0.237	1
filter-singer-3-26	8924d88e2a709fd43261c1cef76141566bb98819c9c31aeba8ec3c44b0d6e05a	0.215	1
filter-singer-3-25	1433f3f56aabe073384f827b515631e6717d67df353b742dd14450b7745f3084	0.303	1
filter-singer-3-28	dc86792a2b5acbfe5a189ccb81ff90aee3508d6c66166db4c3457a20ac1115d4	0.197	1
filter-singer-3-27	7b5de98d0c6c087b02d253bb1f83cd29fe7cc8fe11ad9d5ae91c030c6a0b36be	0.289	1
filter-singer-3-29	ebce939a6463d8eea9743e8678968961e7aa0f02b59846a60e595700d92e7429	0.26	1
filter-singer-3-30	68a250cb879bee095b7b23dc29e03ecb5ee86b4a755ce54eeaec762cc1522efa	0.261	1
filter-singer-4-01	fb1da92d7b2298646475794a82d611f47f8e72fdb215e986e11cfc9605184657	0.256	1
filter-singer-4-02	71467bbacaa39849ad0ca2f16d772df4e064247ffd5cf72a8da824d4de19eb82	0.268	1
filter-singer-4-04	b2f59d173d9d1879ac649303c35f4217c932327d10f7a3dd97832214ba3fff88	0.224	1
filter-singer-4-03	f705cd3032d5b44b3cec9ceba28ed8387e367a85492bea202955ac8afaca0fd2	0.293	1
filter-singer-4-05	1d5b7c0ba0ce2eec77bb19cc1981d5a693c7c0ebbdcba9fbeea3bee2c5e0e1fa	0.243	1
filter-singer-4-06	a47db17195760943ba6d2163581006d94e72b2acaeb0e7a26728ba0a5f52b04f	0.338	1
filter-singer-4-07	069c0000d398974b614d6503e51a3ceabd0eb25c33f54ee8579ecd6fce0addaa	0.263	1
filter-singer-4-09	75b07e2e89c878c39e11cc1f5d5cbfaa73d45b8c70e46a5a6a889ef4a8fc7d81	0.23	1
filter-singer-4-08	1b3e1f3dd5f786445718e990d14d1edf10434187378c0c7e563cb086d65f01d1	0.302	1
filter-singer-4-10	604f2d7d41b9ee6f54f3695a36df68700187a7015ce52eeda907b37145a23c14	0.22	1
filter-singer-4-12	dc5d2233d98eb9abf98a707d2c113929bc6f932710bd106e9c409c6039840c0a	0.244	1
filter-singer-4-11	b9ddc3c5799c952543cd275fb90b7c00cf16aa64b75e62d87289112faa6bc80b	0.316	1
filter-singer-4-14	3f48fe95cc91e650bfcde81e7b3dab37c1ea67c23997f56348d108130d10c98b	0.267	1
filter-singer-4-16	75e451af8be9919b3b2994d016b9fdd5cbd6313d30467450ab0e1554e9700eb0	0.236	1
filter-singer-4-15	a4d9d1a9cc02fb9a99dcb6156f88874fd61e96015c46ce3e624226de96b98a7b	0.305	1
filter-singer-4-17	5faae8cf345769eedf31af218fe6fdada4277d70cc4d12ee7aab852001484f2c	0.228	1
filter-singer-4-19	69c43ba5aa008704282fb2c731c708f722d91875e3326c15a3f04465de6f3bf6	0.231	1
filter-singer-4-18	900db2f9470111e598f826307a96376d41c0ac1dd5fb27f84546556cf29d6ae9	0.301	1
filter-singer-4-20	d67327eb5951a85e2960430d1825fdf4fb9ae4248f4c8516a362eef26d33233b	0.22	1
filter-singer-4-21	4913dfb89d01fddf1fa1372112978d81a3f226c134bca4f431081b05491f1b2a	0.251	1
filter-singer-4-22	2a25ca379628a8e3ec9368a406bdf2db52df3a0e2bb259f7dcca989f9ffa3129	0.234	1
filter-singer-4-23	f431eea6a1dc6f668ef1128f3ba4f1400d4c912a78d758aef9a34fd1dd596027	0.213	1
filter-singer-4-25	88e32d1bcebc9fa76437a6c1312719e3af5a503955e664e4c4ef236ab0fe1259	0.199	1
filter-singer-4-26	d6ac8d97b5faa69935107bc1b9b93971b51000ee720a0cb121115ff0bd9a6695	0.24	1
filter-singer-4-24	b6ea70f0f7129e4df2910ae59422f55c50f8ee77f1cff04518a5a7aaee2f3d37	0.323	1
filter-singer-4-28	d18e86c972ff200205f8e9d8372fd002a191d0110cf8d14957a6262294ca2f70	0.25	1
filter-singer-4-29	23b8b5a2ccde3241690ad7d398ab0c9b9ad7b5b300642d415d4751f47cb9aca5	0.229	1
filter-singer-4-27	254fbb9caccbbd1479e53ea5109e58ec340b36a959261eca0915eefa22e16de5	0.375	1
filter-singer-4-30	69d13fbe97cfa44a9269df2b9d3249724cbc3012984604c878d6b483c958cd88	0.229	1
filter-album-1-02	1e2a68d58a92d9ab9a7f71f41d945aa34eac5dcedc38c05695fb8ef85a5ea5de	0.217	1
filter-album-1-01	af26075c291d6658fc7070db45fd41f44f113edc5b686e1e89e1bb45a1408239	0.275	1
filter-album-1-05	0d81741d509f9d9bc23db07aafdb580faff4a4476b0cd11b991366738d919ccd	0.209	1
filter-album-1-03	9edfcbe81ad79fe64117ee5a0371c76f68af172fbdc19d6bd7c859ca69e094ed	0.308	1
filter-album-1-04	d268c5d1af49f7da345e8d46f75f142cd521a1a2800f3d830b25dae5aa5f44f8	0.291	1
filter-album-1-06	8420a145960a91f1eece99e2a2bd62334d1e34fdd4b0b83184406735bd4b0fcf	0.254	1
filter-album-1-07	f24a1e52d2f7efeed242ed7b902bb542dff3e4ac68b9332b1b9cf971953224ad	0.247	1
filter-album-1-08	0c3e8259e629d462d06c83d9b9c099a109d0e2e188e288205824ca5bef46588c	0.241	1
filter-album-1-09	d555b04fa080761bdd2d331d7c70a3a687e4db82488aa825998a7c7207091ddf	0.222	1
filter-album-1-11	b5ee792c9144e9025c58b589d7435986c6cb7e1fca9b425a8d0f8a329a49a359	0.221	1
filter-album-1-10	9fc9bf331a1b1e7e450dea8d241766361d10d809292910afffdf5d4db28be159	0.28	1
filter-album-1-12	14aff23ffd47c3383b2b2003e6db70786d355286f752e904b1aa68a616936bce	0.242	1
filter-album-1-13	305347e09e32ce5dc795b462ddef5a3add57076744f041ad997451458e760d93	0.235	1
filter-album-1-14	4486d2a62731906f63bcfd74942bc348fa637b8986a295f974b1b05e2cfaf61d	0.242	1
filter-album-1-15	c3cb5d32d831559a8113a5b718ea88d172e1b6e43ce95c13c8ce7005b1ae848d	0.226	1
filter-album-1-16	e86ebe82eb7a433d7f451df43426ba85602a919b33f92f28e31b31b65f804e55	0.23	1
filter-album-1-17	030f1be1e5f933565560efe22082f184c8d9f9cf6c39a9954dbe51ca43d5c15e	0.212	1
filter-album-1-18	5b9ad184db0b2d8b08318328268140030b0d27efdb4d99f402ae1ab821e6b756	0.227	1
filter-album-1-19	3e2cfe19d6c690d73d01eef13f9b2c00b62d648f86ba8ad0690dd6bf25df2dd1	0.221	1
filter-album-1-20	3985d975732e42384fd53e0e369ac40785326b3cd99a60e6915fa94d948ae218	0.218	1
filter-album-1-21	ddc07472104a7f018d907dbb01565f8128c3ff64e32a9ae5037f7c388b62a41b	0.234	1
filter-album-1-23	cff2a92678aecc6ae658d583a731d8d34f77a16648ab95835b81a2a530fc9a98	0.221	1
filter-album-1-22	15a6f194c89dfd147a385f9e01e427f307e6dbcc382a1afe67a1702dc0a6ab4b	0.298	1
filter-album-1-24	0d8243a03aafdf543769467b178b4d6e2dbf21f39cc58507af733484a169164d	0.247	1
filter-album-1-25	51776a397f48e757b1dfc33604da327fc9e7733864ab8acb669c5e82995949f8	0.267	1
filter-album-1-26	0f607f812b9fa7cc9a42f50544720adff0fc3665219eadd857c56562558868e6	0.282	1
filter-album-1-27	f770be1f9e100d96e09b2175fdb66b23013a80123b1e4f39c9cf193f891860fa	0.198	1
filter-album-1-28	574923b2d9dbcfba28a1df4c431d72b0c3cea4b4249a6e5e381b316c5576f0af	0.24	1
filter-album-1-29	6650492c5a4ee66af508a7b86007fc772b639485628a8724bce0b0a94c173893	0.242	1
filter-album-1-30	511d686ad86908bd0bde88686be47bdc4cdb75727fb4cb075de88e313fb7ccc2	0.24	1
filter-album-2-01	195e2b47d58d7f484468494d3e97c113a946683e0a6616974c31f1eb03bd4431	0.272	1
filter-album-2-02	711841561478c4942d1ceda3aebf0583230f2f713a9c9061c3fba95f3c4f6782	0.25	1
filter-album-2-03	93cefc027a46be3d3ebacf461149bc7e83f43901756beccc9434a971ee56ab7f	0.253	1
filter-album-2-04	615e35834247db712fb6ebba853d5dd9dd96feb18ecb0c51906b2706f74861b2	0.262	1
filter-album-2-05	5c94201a733a241ff65daf0e67b85a80cbc2ed8d8b0d6d91a1c992777cb59b5e	0.248	1
filter-album-2-06	edbabed8d72fcd3ab57cba32a57b6e6e0f8dfe9300d41dc311ff42a741882b70	0.231	1
filter-album-2-07	77581740befda52d8e8be08643df9465d25f68ae0e3d226b5d67f6165efbb751	0.27	1
filter-album-2-09	1f775aa92037c7bf4bbb723534116c5a6449836858ea6094c02cfa3ebde4c1f4	0.232	1
filter-album-2-08	4efc84534cda9d6190c4a89d22b687b8dcc1f0eafb580152890af1eb85c72614	0.315	1
filter-album-2-12	f7fd86bb01a8af225d2b14200badd08c98457f8834800e1ca01a988d768c5b9d	0.207	1
filter-album-2-10	ecc5f5d2403b9159a7b8e1c4ed381924fb5e7ab2e78c96c362028145df5541f2	0.313	1
filter-album-2-11	f030f09191675614bf8abf5b5bd39ed054955bf938fc85a7a9616fe5e3586016	0.289	1
filter-album-2-13	7f1f19887a0d4de63c6df43a6ff4900aa1647f456e1317d875a9cbb34317861e	0.221	1
filter-album-2-14	ab4074dbb2308d811b5bf4d1140a6d905e347279c1de4c151c51216fa62059d2	0.231	1
filter-album-2-15	a21d88b329b8a2311e781ac5bf9d7d8b1c588d13a9f46e91793fae3a1a67fad8	0.239	1
filter-album-2-16	427ee808991480ca0a1f55b49d4309b00e4bf84ee26d092c7c82a091a95b4e20	0.242	1
filter-album-2-17	5b8b7b55d1aa0179625ab63e4a1dfa5e388f9e5c2d5798fff66cfefbae98753d	0.28	1
filter-album-2-18	f158ab1aa61c3a0b5a7feb02bd9c1781cd9f10f69cd6c928fa8e12da83bdc81e	0.284	1
filter-album-2-19	58d165d62d0a241ddcb1c2364580130432b1b2e87cf43225f8baece86d2ade15	0.24	1
filter-album-2-20	3f4648be8f63a7424ff079bd04a9fda09bade0df6a6c6ed2e19171af98c11aa1	0.273	1
filter-album-2-21	160e00b0892bcc1504c2d4e4d3bd44d18f3b9919b8f84eb7828f6c2d237c7ce2	0.301	1
filter-album-2-22	cbf141e19871c6b4e250a8fb0309d8a093303a810f3a1a215c6d68d2e57524fb	0.242	1
filter-album-2-23	7523042767891459888a9ee543342da6aba75235acf4c67f4ff1515e9ba3fb23	0.217	1
filter-album-2-24	37e7148b2602bf558f06b5773effb77fc49e7c92318b6ff9780a31b04ccee724	0.214	1
filter-album-2-25	84416ca097c5065c381130122c62ec516bc7a5c363aa155b51b5479cda26cc6a	0.235	1
filter-album-2-26	8b25cbc8dd071ae166fdbab066584fa24d1499dbd0078ace6faacb704bdc6c1e	0.223	1
filter-album-2-27	efaa29ddf916fc0729806fe89ca6d099c520595dd7fafd89bc08d213dc29255d	0.228	1
filter-album-2-28	b129455ce06bada5fd5c79b789b4306c548fe631b76fa1f0d48b98c19fb98551	0.218	1
filter-album-2-29	94ce9913dccabef636e9401af252978b95b070e05390503ab477b6ffadd63d44	0.205	1
filter-album-2-30	9b7e5b68f98adf960aea6b1cfb345d662a6a37e48896ca3c1367d72da6b28237	0.199	1
filter-album-3-02	6f936afcbeeb1c426a550470af692cc6ddf15223f1219453881300701861266c	0.196	1
filter-album-3-01	298190570c92ef42d24d95a596de0177ec92f8d65381e88889a810561957e822	0.267	1
filter-album-3-03	5e0b0e73ea2954b3b90ac0e48f8a9a5b9d41d6ad0849198a511819d2d40078b0	0.213	1
filter-album-3-04	15e5b7731bb7b47d00c91825ed1122d5cbf8f494d5529c88eb7a2d12015db750	0.241	1
filter-album-3-05	7267565adf978f513fd57294e0cf0b09548ccc3d502382649a49942935e8d5ac	0.262	1
filter-album-3-06	9c901bcd2144c8716d4ebcab3dc173fdb9cbc69cada38cd59732377c008719a5	0.25	1
filter-album-3-08	be37d166480850dd79061cf58f8e1d780c3a75460de5107f1c79400741d919fb	0.219	1
filter-album-3-07	791423eedac0a9fcbba32428adc9d87b559c2fee18cbb90a791f070fd0b45301	0.273	1
filter-album-3-09	23fa325d9987dd0d1d4c2a3ba82d9669e088160cd9acd51021b93069a02775f0	0.205	1
filter-album-3-10	8ac91f959d0de9909c8ebe4953510889803301b564d7e00eed89c4e8d9d59a01	0.241	1
filter-album-3-11	cae9e8b5ba149a525b07aff3962f4c9f45cb8a42a27a7ce055ac619714d0a4a6	0.246	1
filter-album-3-12	7d38d072e8dbd3fd364f9302ac95ee2b62b064eee94b44978b5c7a6a9551565a	0.249	1
filter-album-3-13	a9243ec58088876120c7b3e37876e29543998c440d0eac4bd0d634d95f33c7b0	0.215	1
filter-album-3-14	7af2908250e6c406bf8a1d806e57106ee72b9235e9e859c4fd08084651af0e0b	0.232	1
filter-album-3-15	8a409eef128ae37a865525ca7890c56b6c50fd6fd01b8b17c32633eba1f0f485	0.256	1
filter-album-3-16	f2aacd27cf77258f035087b045ca2d0e919c0d18631cc32362271e387be1c370	0.219	1
filter-album-3-17	c6c5f6e59dd2da484ed23ed421532bfecf2f71fae37f71e35528f0c879c765aa	0.255	1
filter-album-3-18	41600858f504877b995cd66d32eb20d332bf7658f993d3f07f1b5b5563efcc1a	0.247	1
filter-album-3-19	8b32b4c817e2bf7372fef79f62c9402fb9883a0e545269a6367906a97c10d898	0.206	1
filter-album-3-21	bd4e1703c6aa4dbba13791c22c936f4f6ef7657e04e2833158eef3722f3cdcd5	0.186	1
filter-album-3-20	efe36d6ca90ed67bb2b41bdbd96d4f0930ad885043773de843c5c970e2a42c60	0.247	1
filter-album-3-22	8681554a70ebc62931091b466a02f5e1c9e30d899c279f17051e3aa5a921f2b4	0.204	1
filter-album-3-23	cf5964e6f7c72f44452f9b5b1b634ddf1af753e540e915812a84419e142f0839	0.224	1
filter-album-3-24	06f5a8ff7e8ac9634c81dce38f6e2d8cce14e97f961b7ec3a0be2466dee09d7a	0.251	1
filter-album-3-25	8394675acf89d742c5a0a9400ce2f5a050df88ccb1c1b38e88362f8f072f2a59	0.273	1
filter-album-3-26	8a0bcacab0439f3bb005b1ef0468d57837560dcd2a396f0dedbedbd0b61ce30a	0.225	1
filter-album-3-27	2ce9ca4718191f43931dfafa3306b6dc93e9b039ec5346c2849bfb75cb4e749e	0.239	1
filter-album-3-28	68efb8ced673b3bf860326b3d7e3ca754e88c07ca5509466d5ea40ba8bbd8add	0.239	1
filter-album-3-29	9bdead353c40dd406bf6761ad80c12517447990b63b664522fe35121aca1d975	0.245	1
filter-album-3-30	8e13215df70a4734df398b88cde09a6885801289758a905242897633ea30cb60	0.222	1
filter-album-4-01	cdc00363e739c4e26f191ffbab34bfed84b074ce427f595d63ef0f95743bc9b7	0.231	1
filter-album-4-02	628f2c0beeed50a21375de47dd279a60456202d098216621e317c3510c35bc2d	0.223	1
filter-album-4-03	d3c2992dc7a1e2b0a8f88b6f0a644212cd36b6415ba498edc69f8404c86294cf	0.228	1
filter-album-4-04	4042f554c942407bb883cb569a495ed8a75ed2ae5a2bfe41721ef0b6e0a12e47	0.22	1
filter-album-4-05	c2427aa27a075604bf1693f2eb59aa2f09ee12f4c29dd2eea0c8234eb939083c	0.175	1
filter-album-4-06	a885fa2752000bee861f911ce9e945c36d3d8888874213fc074bb0ed48140024	0.252	1
filter-album-4-07	f08aca4684780caa3d9b4ac3d08af47efc42647a4a5eebf8ebc21035c42ffc70	0.254	1
filter-album-4-08	41e5242246a15528a8ee3518bff05a23da35069346c1c3426ddc3d5500c809a3	0.266	1
filter-album-4-09	c6e8e6b82e0852f97884abb58effd36ad00dfa61757b2119e5169483d05b0946	0.173	1
filter-album-4-10	9b0b20a6a11a769782d6d94f56f2e76f5fd734263ccb238de07fee7b3c47b807	0.212	1
filter-album-4-11	771195c6bf4f83d87639d9c2e9abad2d477457ebbdacb5756c9b8e681c56bcc0	0.216	1
filter-album-4-12	48b33a8e1e7a7ccbdcc4a7ef6b9bebe24acf24f13e8043bd65a48eacb84d2eef	0.238	1
filter-album-4-13	5e3696463a8d176d0043e22d9da456759342d4fd13baf7c20ca42bdc585039bc	0.222	1
filter-album-4-14	2b7a157b805352744aca3574650391c7540510406a807197042f3f369d20fa95	0.233	1
filter-album-4-15	8f88f3dd8d39f5b63c2df6ad84d97157965e1ecaf531b4d3a217332e8b41d748	0.242	1
filter-album-4-16	e3d5a00c255f844567f71eade95dc9dda711518bc756fff5ae45d3c7e56fa05f	0.245	1
filter-album-4-17	ccb2a6a9492256f604b2df68dead8d73e2c6e834b9587a98e8b2dbc010208278	0.223	1
filter-album-4-18	6b8c84c04e8dedf02dce80cffe5e5fe78610da43e62335bf65d41b64214d7386	0.204	1
filter-album-4-20	b9cde522933473c6f79ffa800737b65b3be9fb616043f259d1c2bddcf69545b2	0.18	1
filter-album-4-19	89af8422390edda40c03cf09c64d4db76fc10204c3714ddd7ba3a4a4c6b26a6e	0.228	1
filter-album-4-21	0229a2a2b6f0972d646c766ca20948f88d66d140a01d2fd0baec81aa26863960	0.214	1
filter-album-4-22	694d8f7424e1a3717c74e5c4273ea2d03a63f08d6fea646cb4e33987dd7071e0	0.206	1
filter-album-4-23	5e145f264d9caa19e706affced0d7abb0016121f4527023ec92138c2b3f70912	0.207	1
filter-album-4-24	2f977e3f64c5788eece304566eec380c7ea17b01b7ff244349652478c05a63c5	0.228	1
filter-album-4-26	c23930fb7ee8cbce9c6627be46aec03f93a0f7b09780a4fe8f829501fbe93367	0.214	1
filter-album-4-25	82b9cec59d490ca12733594d35701fed4ae9ddadcee63194257d9d45caba110e	0.253	1
filter-album-4-27	c099eebc6e7bbd0ae6f4d71074b536a72da03a40ef123c6faf897d56bca11b5e	0.208	1
filter-album-4-29	3360c47c97a3a3be57e8ad322407d1cd262eabb57b897607618cb8c8fb76e90d	0.18	1
filter-album-4-28	659c9c521f310e05ff74facede114ded157bdb1a7c984ed4cf5e3f2362e99e34	0.214	1
filter-album-4-30	5009a4a5753fb9e26657e2dc089850033a0a1a47f0957b244a53d20d75594955	0.195	1
rank-popularity-001	785eaf4b59d6cee1fa74341e24dd2d5919c10cca38f02c8e291160e1cb0542d5	0.176	1
rank-popularity-002	7f54d1cdffdda5b5cd4e024f42f07f2f7fce80d3a8a97b0b4f1bd3fcbc3d8e39	0.18	1
rank-popularity-003	f089539a87560b42bb7a567746209420a7d96432a926e0822e7b1559faebbf56	0.218	1
rank-popularity-004	41d029a2f6bb311bd2bcb988ef94a5f0263ff6e9e9858fd86d42517a5e4f72ee	0.19	1
rank-popularity-005	c8e0bb9c349d384516fc53adef41ebe5be37bb194c1b340404cbfc7fae66e4fa	0.258	1
rank-popularity-006	419d23ef41f5eb6675a18e7e01e9f9ec086d6215e16d205f67f8ec2825311316	0.19	1
rank-popularity-007	4f19b237575df23e0daeb513f4bf1e161606afce7109036a0431e865125e5020	0.191	1
rank-popularity-008	8a7a3a9c8789ef918c6fea2a4e2c1a675e08d41549588acabab43248a11ca9be	0.203	1
rank-popularity-009	890fd5caf4806395eb91c14226aefde05fddfb95d36b1e2e2b96f74097604cae	0.203	1
rank-popularity-010	c0d01b2a9f4ca22f5b3520daacc4272e7c3b65fb1ec1bfb0d5fa73b9b5a7ba85	0.213	1
rank-popularity-012	7186946a5be67322b23650b11aa0e8b071b0919820f733e20dedc91bc9f75809	0.184	1
rank-popularity-011	185fedf1298aa26d56c65151d1483c8df6a05dfe2a62644a81c155103640a90c	0.225	1
rank-popularity-013	a72430a1abb788eb4259b9a76034634d95a6d0c65a3acfdde5cca989475b1263	0.17	1
rank-popularity-014	8bdb7d49d76a6c1d0f44d27d8ab461ee6e41d8c21986330e131423b79d0cb9f0	0.23	1
rank-popularity-015	22a35e5f8f068d598eedb5211730e4dae5165ad56c8dca0f080a57c1a75a4c07	0.224	1
rank-popularity-016	2f059efcb2db6198f1fe57c7298c33cc588d12974de1d09195d37ba34c5a7d37	0.18	1
rank-popularity-018	5849e5518139a51fad18739a079dbc7b7c9e45c45bb467232fe4eae12bf52dd1	0.217	1
rank-popularity-019	5f9280df0bd47127c04ec08aef7b2fa2663edd6b49334b980b986e687c620c42	0.221	1
rank-popularity-017	d81a2721083ea02badb5d155363ae11c1e9db96c0879ff03bcb8163ac4de68bc	0.264	1
rank-popularity-020	ce43724c2e85f0485d2f28fe90f8cc11945779b0aa6c9f5e317c7959640fc454	0.197	1
rank-popularity-021	79df8f8c151e248b6d3bd9eb890b5ef2466b0e7f8385459e07430da83475776c	0.209	1
rank-popularity-022	1dd068c21f46c6bd9476f44e7586cddf630ce485d8743c2d1fe26f95e756711d	0.226	1
rank-popularity-023	e2e0105b0330bd1f5e0cf65ec9819b239840016e9b79e5b5d1aec6f0220a3df9	0.2	1
rank-popularity-025	0bf293ac13a91761c0fed0283c28c428028b8ab8f1a11504aaf16e7e295c4d36	0.193	1
rank-popularity-024	a2b40f4cf0c5c02f1119f5996e495745aefd8ad437dcbd6cbe917018b4d76e67	0.252	1
rank-popularity-026	815a91eb10ffbb4b5e1ed2bacea7037d57bd23fb17d3870820bfc44618c9cb7c	0.208	1
rank-popularity-027	7ea5cea23ec842d9d1a93d1fd523694d9348412e2eea44c03d776b8a597ffe84	0.2	1
rank-popularity-028	2c36bd8c4b56ec182ebfac164d53b7970f02540694d2982c806d36bf17ce4f81	0.191	1
rank-popularity-030	53b3a95455651fe96cf6d20d29859a7863c2cf5dd6e8e240cbc2731cc6d55dc0	0.17	1
rank-popularity-029	f76ae2327a26e5eac03f29071a3b3f2901ba0bc69be410475f0b3503553f8e0b	0.242	1
rank-popularity-031	49a452adee8dbdd79acce5e39c9bbffe7aa74f604640b9bd3d80ad4cd086c014	0.209	1
rank-popularity-032	02123af9a0034c9ea92f1d1e048c5ba96ceea839eb15d00297193ad501ba2910	0.207	1
rank-popularity-034	e0b9fd440f7c2fca34ddff0989836bb8f3e4446d891befc28359e80af2e4a4ed	0.236	1
rank-popularity-033	59f8f71f21cde5f7eb2c61de9f785cfe2d8473f27dac827121758567d219bac5	0.284	1
rank-popularity-035	532d044cdcf3e1b5385f4497cceda2c8c999b3ce3f929d56c1b48fbd15a391fd	0.184	1
rank-popularity-036	4c622396801e05b0210826ae4c36b1a36b539711f53e04d4500cb58465e76a1c	0.189	1
rank-popularity-037	ce13e6646221e945d5002ad891b2ad0ca2ca94149fd748df1ccd2ee7cba25a8f	0.216	1
rank-popularity-038	de46b0b1363707fffea217c5d77cea2d3d79fc59c79cfb58d0b6e36086175758	0.192	1
rank-popularity-039	5182414743312e117b5b34b0ddfd6961791fd441b0f731f0edfa0f5b4537df6a	0.201	1
rank-popularity-040	26cb23e46a6921ba425941dde70156d62e3d6bf1259494e54a79e59eec30bf5d	0.192	1
rank-popularity-041	47d7f1f9a47157c00aa4aa8a0e82d347990a55bfee95d13c266501827e611785	0.239	1
rank-popularity-043	7b4186431e9ff4a54eab02a84c6382d2a0d02bead936e0f304b8d74df272530b	0.21	1
rank-popularity-042	e22b9083d448ee86310e62724153c5f0b27e693eb190f0e587566468fb9c3c9e	0.276	1
rank-popularity-044	37b290f72248cd776f40b1f8eabcd61deaf34ea945d5d52675c7ec46145d9e33	0.167	1
rank-popularity-045	d63ff1895a275bc81fab7021ef8d22f08992994a7b045e7628da9b7efc40d02b	0.21	1
rank-popularity-046	7fc905a144d2064a17c9133b382d89922e549f614e3aee1d75c7fd5d559899a8	0.211	1
rank-popularity-047	399d9f97a183d613e96f85c2ce3b94ac9542bdcc4c59826979157af44f87d0f3	0.247	1
rank-popularity-048	1dc52d35dc50be54f5fc5f64ec6a90bb5f15d4d949af07b58d9139123285355e	0.247	1
rank-popularity-049	82d29bf8019343cfe854cd4f22801d7f744fb9d072e6e3e0bc92aaf541501836	0.239	1
rank-popularity-050	00d57a6d6024cda7e0a1e9816492657471d5f48b8ab276d0c2237eb631aef2ff	0.196	1
rank-popularity-051	dd486fa6303a520972010472a0036739fb8d4098b7af47ed779f433402d0131a	0.178	1
rank-popularity-052	c533d7e79df8a808e6cbfad05e6203e86c480dfbffd21297366e5ee5554b3799	0.185	1
rank-popularity-053	2058e5772c230238108be65df5e4c88edeeac0f0f347f4c5582bff92d356bdd7	0.237	1
rank-popularity-054	c569339f651cb7013481154f8da587825b269d69a2b20c816af561eada8bf501	0.2	1
rank-popularity-055	5640e864680f048f1cb1f736014f711d1f52626a574458b7354143e4668b185d	0.202	1
rank-popularity-056	ebd6d374d38644a022eaa32217b508a7f3164da3a12933ef6e44ec0ffdb04e57	0.167	1
rank-popularity-058	a58473f64a02b233d050c517107e1ea6e971799257b57112cf56013d00109528	0.185	1
rank-popularity-059	15314b0eef5d2a43085b3ef3be1e711137e09bfb0c1008d23ac6be497791b8ce	0.168	1
rank-popularity-057	f7caae5d9a4168897a7d3a10c85ea0ba9a6b61ee12fc986bda1040382850f725	0.256	1
rank-popularity-061	4ada70473631ad11a16f6ae27c7b6a7e93f24eab65542f9b6507b9bc410716b7	0.178	1
rank-popularity-060	a68e154cc877558fbea06a7aeca03a13ba719a7f31d9e409e55ba6a259bf1b9a	0.232	1
rank-popularity-062	1f139c8db76ecef2e85afde3c6ce0d83b01c3264dea96aa4a19d887d06e405a8	0.218	1
rank-popularity-063	4e300e2e8424e5a0adfe6cd583b8e3e41157e6bd82c3f95f5846669c2e0fa286	0.205	1
rank-popularity-065	ea8a1d4f3186f54b4442111b0d07ed5c2dc4e09d535cbe948559e238ad69db5d	0.22	1
rank-popularity-064	a28cfffdead1d24bd157557afd3f56985bb3d1028cf9ae86db50139beb2595ce	0.267	1
rank-popularity-066	ab3a998463756a855a257e2cdbab503ed19f5c476d376aaa5288def3f489db47	0.201	1
rank-popularity-067	0f03d3d04633b2009df10cdf3616ff61a14f0b672106a64a899be9f16918540c	0.204	1
rank-popularity-068	37f0e15b9b5d8733e999cd7e02076007d798838df37cf9b3f6d265613366b840	0.253	1
rank-popularity-069	6c86fbb9595d8735d720bafbc0d437457e0c28c3229969375c487b395ee08ca0	0.193	1
rank-popularity-070	d95f25b6fe0e9bfac8d8234aca89ae71815b626045ba35bd5ea2347aeb8363fc	0.185	1
rank-popularity-072	4d588af16a3c9d7bbf2b2ce1a4506edcb37daae3dad8e73d88bfca8ae9b18366	0.184	1
rank-popularity-071	daecc38ccbfeba1a1b92261eab2bf960d65e67aacac609c2174aa776ac8b1b90	0.252	1
rank-popularity-073	0e7bb18795ccc3ab150b33fe5c5fa46b0f329e7e909a8bcefac3f2c590ceb6d9	0.189	1
rank-popularity-074	43e9b5f93b8fe55248e865294b2e6915bd6738c2b8ada62100ccc92c1f69b01d	0.225	1
rank-popularity-075	224782d757223b59d48694d2f312f6a3a479cacf1ac756c86e922434c0ee20f4	0.241	1
rank-popularity-076	4624b8f5de92161a2bd406d5c025419cf4a6f8d4e01ef8066318b1c0d0acf9ee	0.209	1
rank-popularity-077	467ff8d714fdd763a17ab1bc76986dea7f2502ac8e4046bc052aeed9cc57bb50	0.187	1
rank-popularity-079	d3f2d138164598f10fb79458498c3d553dec173987d1d9d2350b2f555ac7d595	0.17	1
rank-popularity-078	cb66d140de0c2e884ce08804db29cb5403ec28b39fb093ab5c4359be15ea813e	0.21	1
rank-popularity-080	7cd2cfae6c8b112371fd586d7f8d9a339e3848680c6468fc548ea7f94578da36	0.223	1
rank-popularity-082	71ded1c30b2d82dce30aff633349fd3ccf90a55b52e6fed758af1e22b51241bb	0.18	1
rank-popularity-081	35edbc89ac202ec3489b7294aa2ae59b86d3fc5a790c3845106898c8e5ad3323	0.216	1
rank-popularity-084	03b4ce49edb69bc0bb31729227efd044451939cfd092af4cc84c167d40dea2cb	0.19	1
rank-popularity-085	f9fde5426167a339994421749edacfa033532bd96f9deebf92bf3ab2a77bd326	0.209	1
rank-popularity-083	ca5d97129afdaaad824564ac1cbd4a1d00aba20aec217fbbc79f7cbebc42d283	0.256	1
rank-popularity-087	b9c12ec51e9cae20f109f4da8e449a060d26d8838829e143dfb4faf1e7955875	0.173	1
rank-popularity-086	dfb8a9341beb7f568cd78530f6e3f77146b7481c1d30be4277857c687c41b366	0.225	1
rank-popularity-088	e972571bbbf9752ddb199846d6ace5d60e20567971d4219d976885605d374615	0.199	1
rank-popularity-089	750f8dabe925bc1bf054894cba7859b2064714c8fa899ec265d8180461dee787	0.199	1
rank-popularity-091	64d71abcd2854864aff9552b83832c1094ff9283d170697fcfabb71108b60571	0.181	1
rank-popularity-090	9edd7372464bf3fc63f21b121e2b98683fb7b231ee654188c6e9d70ed136f574	0.248	1
rank-popularity-092	37d405f912ed62f827f6db657a156d75413ef8b0717cfca67a2c62c4d42ee744	0.203	1
rank-popularity-093	621b0ed0a3c601f174690bde320e98016bfa36a804c8e31816ea91ca1abb36c7	0.207	1
rank-popularity-094	7f6ea15b7faf1f63e7363647e1aedbacc94e390aba71f77cf9a9ee2d53232d2d	0.232	1
rank-popularity-095	cbc52f577d9a828faf7a829103e03c5e09e993870658143a3707577a58170ab7	0.184	1
rank-popularity-096	60c90f511a9f5286dabf9bddd51ab3a989d8711a87c098136fd4ac249c5d6fdf	0.211	1
rank-popularity-097	d347ab06144b668eea44f5be30a68757aec5325c0795a95e511e2e2c27744209	0.222	1
rank-popularity-098	9f64eda7be987bb9252e8d5f0660750a4526b3adfabd7d206ac90207eb90034b	0.18	1
rank-popularity-099	ddbcfe1b7e52b256e6f630283cc9b3cf85bd6c7c1ccf2f89f2802cd7e0001137	0.177	1
rank-popularity-100	9bf128ebbe77667b595011ea3f45034191a131caac3ba81f35a288d7bb1df56e	0.214	1
rank-popularity-101	191c173ae704b9a3285511b31de3062a6bca25e7d4ec3e7b124c39310c8090de	0.216	1
rank-popularity-102	3d8904b5dd8cb5ed4b0a95ce2e68e94d30f30a66d2fae1fcacff8d14f22e1a0b	0.174	1
rank-popularity-103	a804ef59baac80b7d37b4e3a313280a8098ff619526a7b82bd457b3866107fc0	0.174	1
rank-popularity-104	747c6b2d6ffc5de203d5788c29b1dab1d62c5c460651d8e5c1eb9f807b310b6b	0.203	1
rank-popularity-105	93b96acac013d7929f49b054660298c9e5d6dbfdafd12af700d7d735d7be0fa1	0.21	1
rank-popularity-106	a4652711dd6a8b4548f6b0ad97f6bfbe4201593c4e85cb6361ae9e9bb7d735e0	0.163	1
rank-popularity-107	1c01d247fc7c4f91be2ff26de75760aded797eaec78f5b3359ba6e214d2fec8e	0.222	1
rank-popularity-108	635f95c5e93200b88f29248836426eab5b3ad97f45018f21f93909a5e144d96c	0.229	1
rank-popularity-109	b9f6b0cc39cca48eb1050cc6724e8d9c6c17365eedaf7909f26c6d8c8251382a	0.19	1
rank-popularity-110	f530677cd21f2d0eab4382192a3f021b63649b0aa092c18c61ce9454673d2b02	0.204	1
rank-popularity-111	b4a34c2b54ae4e71ffff779412d0cce01126565ea1846b6e002765f959972aaa	0.209	1
rank-popularity-112	6ee504d210f29d205c3e1fcb950dba91376da6d278477209cbebfedf29ae6835	0.221	1
rank-popularity-114	131f05b1e52ada8cd276338026b239ec6d1f7958a0f8e7d37ea3bd92c03c07a0	0.18	1
rank-popularity-113	3aa242246950bda40b17f34bd9ce0fe97afe1e753f93da28372acca59eaf71e9	0.236	1
rank-popularity-115	4ac616936bc30c368e9804198c1aa66e260ce9d79f800e71254b5d00ff57c017	0.191	1
rank-popularity-117	7c11342297f5ace2ccd1ea4061d07eb584a3698863e56cb26dace4fce5e879a5	0.205	1
rank-popularity-116	8c12034f4153c389dd6defa4463eeba84b4af3a50ea86aef28f88dfe473c5097	0.25	1
rank-popularity-118	ad986828e8807cc17dab201f8485d9eae8c645e8130e28e5999379b08c178daf	0.239	1
rank-popularity-120	3fc2818b13ef01aa96515fa0fe7e6c259b3e04278c46d4e1efe935e92da826df	0.222	1
rank-popularity-119	e4681c2d999a8bc8b67a962a0e963b7a5abf16bf1be02403bb797185630f4ff8	0.252	1
rank-popularity-121	49e32d22a8af59743b4ec3c2ca80b10faa1c3e45c0082f2ba2875195bf23ee12	0.242	1
rank-popularity-123	9b131df2d79bbafe350f944da307b6dcc0c3fbbd0bc0ddaeac30b0e5cac4ebac	0.21	1
rank-popularity-122	e3b468a77e096f4f77a3b17a465c35bb93a6e8f1d21bc59cee277e24439bb8ef	0.232	1
rank-popularity-124	9bae768924a0a7e9cbe2dd173aaad93ac35b2f26b2398e8387917a08de59feef	0.208	1
rank-popularity-125	cdc1c87ae1f754e92e48d988d848ec5bf88a65ba3b4ab56ce8f15c9550c87c87	0.177	1
rank-popularity-126	c36cf13348cb698e0cf8abea049d5a743455b403c79196abd8951a39797dd1eb	0.226	1
rank-popularity-127	4c9b9287eb329f359e36a94864a09ea80aba3be0bc630b7522c0a5e8eb0ad8c9	0.211	1
rank-popularity-128	90f4483d4f3b63d4ab93b999e5ffec1785512caf864466955f10fa70d734b235	0.24	1
rank-popularity-129	a7810282ebad698a97c7fa897fb2c1f7451c2cbb3f3b96516bdc1ff71ba4680a	0.21	1
rank-popularity-130	29fd53106f80e03ba172f5bb51fc5ede8683618ae5b2cf55904635f6a29d93e7	0.255	1
rank-popularity-131	30a82c8d8805542469fedc417cff0861a04ed7443e8696355618dfee4cf77ec2	0.198	1
rank-popularity-132	830cb060eb97e61b5abd8c45b56a00faa1f25a559ace6c805be92f4abf4edf0c	0.233	1
rank-popularity-133	2192a326978e3b4be050f448542058c139617d0a5c1e3b560f9f8ff3b993cab3	0.234	1
rank-popularity-134	d91d8b2ac6580442096245cce83a8d815a1b10e64822fb5a11c446a2ee361769	0.232	1
rank-popularity-135	b90053d03be046ad96269d3eb80e064c3318e7827d37da18ae57848bbc226a88	0.22	1
rank-popularity-136	cd4f792974a3993215327d7353aa97f220ded04ba445ae3adef8612e2fb7475b	0.208	1
rank-popularity-137	57f79a95b005b6cf546ec6da003a79b4ccb8ce49902fcd2160e58d7c5a6ede07	0.213	1
rank-popularity-138	74c86c7904cf72dadc843fc77c3eb5b76d4ea9502687faed8893e0b6cf05fa31	0.196	1
rank-popularity-139	5b508fa7eadef8a0dc873543dace18ead42735665712232c2fb2f815ff9a668e	0.211	1
rank-popularity-140	bbadbef225d1d57da991371bc3595832af8f8119aa759385347cee8d176b72bb	0.177	1
rank-popularity-142	af6f588ed7bcd88b5ea8a07a3f75563cc55759e0fa9883bc94c7082536f078d2	0.183	1
rank-popularity-141	a1a9395f2755366cc7722f53b34837700af1d1b1dd675c9e3fd82fbbd707a5d6	0.272	1
rank-popularity-143	1505b4c59cb4226853851b7f265e643a4eb366bcf1a29357092d0497dfd79503	0.192	1
rank-popularity-144	9ad9e07167b566ddef818fb51892da0fab8391d649622066d38adff825249ac6	0.195	1
rank-popularity-145	a3296a429e596a2bafb79104c2f4bf3251f280f4d45aafd6737e5c5478577a52	0.207	1
rank-popularity-146	c490b5cf7a0979d1d2c469d165acce263ba400a7ca1f07114ddc2db0f95b3bae	0.205	1
rank-popularity-147	9defbb77824cc669524614bb2cce875668520d0c699e90aa785129a8dcb67da6	0.188	1
rank-popularity-149	e561decb9a7e69b5441a2afc7e00e8b439090ac4c57844365a106c5513df7846	0.166	1
rank-popularity-148	1db29d2c7690e6ba2824be1601bb2e8e6d1b619755d4968e0269a555aa7fb054	0.244	1
rank-popularity-150	52ea7e8f9852867fce91dbcedde9e7463a7c5886525645a7c960032cd8c5e92b	0.222	1
rank-popularity-152	8e4ddd0770386a1be927f771ff56f2916b43517d31da3451079ea9e240e8efa9	0.172	1
rank-popularity-151	f15bb02c33a20d6e58294a3b75681d636b7e2d1b3d4119c0bb8980e20272767e	0.213	1
rank-popularity-153	8404fa8981249bb3095b5ced703dfd1a27d782f6bc799cd2b18a08ee3f2c74a9	0.225	1
rank-popularity-154	e71a1af032c767fbdfbce3bb2e476140fccf0805603a011fa780ed008a3ce1d8	0.207	1
rank-popularity-155	bc584b62d405cadef6d04cdf68953ab3bff1fb1d2373e0ebd56e023b75b63e59	0.226	1
rank-popularity-156	fa1e7de087ef46ca80a4d76fec979d55e222da7f567460630edd85d3d5ea31a6	0.185	1
rank-popularity-157	a24437d91593b2a4e282bcd9322c1a7fbbe9f2f5ababcd16d984405b96dbe71e	0.222	1
rank-popularity-158	a50b191f658beb382ecf360645883538fab7c4b5f8be3fb4e0fca080374427d9	0.235	1
rank-popularity-159	5133e96185d5520de38fbb00ca35565094b69994cfff126b0c938c5f88e65c67	0.189	1
rank-popularity-160	75b2e9da864717862b6f758ad782cf7c7838b0a3f7e3136cc2b99fa2fbb8cbaf	0.193	1
rank-popularity-161	682db37b2df28ab538af769ee79263ed4a81ba890ce231e15e5c62c8a613e386	0.2	1
rank-popularity-162	3bd59be477b133edcc3963461f0765029d5bf711efb261771af1bb3d3a9baaf9	0.205	1
rank-popularity-163	a2331b80eb4fd4df36269417b31b0c8fff7740e3bc91bb538506b9ba1aa005c2	0.253	1
rank-popularity-164	0dae4bda3d99a56c1cfc19ca14575ec41b78c24edbf8ab13ff1b7095c80659fe	0.25	1
rank-popularity-165	c96a65c82b9f49bfc0e790373fcf77f58862bbfea1022ce1770ea80be0a511a9	0.222	1
rank-popularity-166	202623ce4de04f19e17ffb8a40d7c3f07437ca01bd6640248e16f237a3fdad71	0.24	1
rank-popularity-167	0ed6d8d450cee9a50729dd28bda54c5add081c06d0765a36e0eb1b988a15858b	0.197	1
rank-popularity-168	090b8d08466d9db18a91350c8c207dda05faf5d1786def873b1181da47bf96a6	0.245	1
rank-popularity-169	e38fdc2319687f3c561d9f5d2b74b40b6a40de235b14d033850738df8c8fd816	0.214	1
rank-popularity-170	9ec7d39ebcb056714eafb55875d90427b17798dd0fcafad9c19c6feea6a0052e	0.217	1
rank-popularity-171	c993b28c72a5603c829d775d3674771c433730f6abe8bb14d979798d143e10d0	0.201	1
rank-date-001	85798a266668036eaf5a08aa4ce36bdf61b21cc72580d22ddc742a88dfaea8ff	0.17	1
rank-date-002	a4be6e01ca2960436f4b21998f1f4391603bc31d28a9fa42219a1f81db6bee9f	0.212	1
rank-date-003	6b65da5784a35252de4feeffcfe40165325c3402847c4e7ab4eac560438a3d84	0.185	1
rank-date-005	bf3716dbb00f5a68ad482ec873d550800a516445d2be353f272b93d4ebadba15	0.18	1
rank-date-004	a6df2c466b2120168da4f9186091ecdf40b20c39a1523cff98dab95bda47bad4	0.261	1
rank-date-006	975a04205d836acb9d129bc86370db604ed8cac7f9d9e0bbb1e5aa31cbd0f71f	0.213	1
rank-date-007	d2695cb27204cd4a0c0f464553857bc8dd4d6b0e3b76a8130e3dcd0c92a24dfb	0.198	1
rank-date-008	102599f99ffcd81b593196b3fa85930576acf48dd1eaaf0124e2965985d2a516	0.196	1
rank-date-009	7b4d2dd3b994da2daaed0d5aead46ceeb53fecea7c54ee7ef2ddc3bb1c83a037	0.2	1
rank-date-010	a6999de06b3cbdf158182f240fa4bc1e4ce1a1694954325ebbcacc74da29e6f7	0.196	1
rank-date-011	f143574e85538f3a833b50126d4e8a45cc81f5d3bdb4529883b0890563ac86e2	0.249	1
rank-date-012	d1931059629146635859a1c749988ae617bf29037bd9379b1188a52323fd707b	0.195	1
rank-date-013	8593a1c9cbdeaf07faec99910d0a82e01163d6ef120d83ad2ff8eec8f07f1aa1	0.23	1
rank-date-014	39c94deb62ea376d401eff5977ea64ad4be6f1b5396519889121967767f23be9	0.204	1
rank-date-015	5ce5f73a1ac3b7dce46254ee41e091b7babadc93c7b9332d3e8c9650540bfda1	0.204	1
rank-date-016	a2d1f71f210fcc77ae0b694ff1f660d6bfa8b478bc313ba1424c8ff1c5439db3	0.222	1
rank-date-017	c2accccda618419262e1c7819211ce27bc07ec73ecfdc4fe4b8b38ce85ce2859	0.231	1
rank-date-018	fcadf8e193d5cff3fe4f1c3e394dda5bc42c27bda3629360ca9f09b6ceedd51a	0.223	1
rank-date-019	c2599cf24c005a7d559e82268817612874b095a508fd4c66c7956c327fdb470b	0.214	1
rank-date-020	753f0befeec7815796a4d0306f907d16311c45ab2795f4d617791dcb42ee3bc9	0.229	1
rank-date-021	5a930b0e6a0c7def776fea7a499bc00645e5f73d5158758020ff5e762dda7106	0.235	1
rank-date-022	a3e8c3e00ffcbdeb449b319ea15db855070ef5bf14458eb97757f461baabee6d	0.218	1
rank-date-023	18f48a6b5c97e6d3826362e13c79b984235b3910eea5e0b7ed4f3946b3f07400	0.251	1
rank-date-024	90d9d20ae8247be5481ff9882b7b62f4f8fe6d89e7102bc45c2486c57fce5814	0.247	1
rank-date-025	4b4ed90cf31206776e6aec96701b116f8743b0da23a0c3094ce500106a33d9d4	0.215	1
rank-date-027	0f0cd8270ab8038541010be427ff471b3519fe05eb24250f301a790f0b94bf9a	0.203	1
rank-date-028	ab65da853704b21179beda1cb66a8fca556ea57b80cb8c0e7488e6ddff445c79	0.191	1
rank-date-026	6231edc18216e9935ee4d21360429f4446a722026551530bf60a58670a83e72f	0.317	1
rank-date-029	7c2a908f21dc60ab01e8db6f1c8a4ccdbe172a7daef55d409c8f7316ef040f56	0.202	1
rank-date-030	64d3cbc3c9a6ced743056a7cb02fc88b366bb0134327bf1ff79063e177983e6f	0.191	1
rank-date-031	9946cc96de02285961f6ad3b1600d3635173467ec61db27da2a2226f10a9d56e	0.221	1
rank-date-032	3dbb67ac7c72471474e37db5c7aa88bc32d20b26b555262fc12f3d2dd6420449	0.23	1
rank-date-033	8e5165c46be57c71d31af444aaabf9734690052f40f1b9beb2e4a198f3441cbb	0.208	1
rank-date-034	ea6ea16b66ce9c206202c6b21462528e6594580f8b932bab399ec952a373b860	0.21	1
rank-date-035	985545e11b0a8779d99fdc3098d0af68883cb3faf5da0213e4abd958bfc90cea	0.196	1
rank-date-036	5c338a02f5cba0d0d8707cf3c9996d4e32eaa5d2f30a97e8128d0b9ae4c75602	0.19	1
rank-date-037	0c2b081a94d0526907528988da212db12f5a52ff6be0d18c1605bc436318b019	0.195	1
rank-date-038	20ad75d01607690af57dc1dcee0b51bb72375c5d9008415d0d0dfe620ab9fd6b	0.212	1
rank-date-039	234969d1e332bcbc85ad1ecd9bca707a51b16c1cb85d0a16005c9745c988d989	0.198	1
rank-date-040	23e86a5669fa9c1bc6a3f2e2fd1926fc42bd120af66677443e102cdc1ba7e3a7	0.195	1
rank-date-041	870bef92cb400bebaff649f9bdf624907afdfb0255acb45d9cfffb452163cd22	0.195	1
rank-date-042	5dc8d5c950aa1537d4b8557a4b497eab08965a38f9356b138d1cd3bca4561b03	0.188	1
rank-date-043	e7c9042e221d19980709b41704c82a6508eb92d4e5f5c51d089d41e4f33808ca	0.219	1
rank-date-044	90c4419cb3dbdb1cc68c6545c52eee3a66d751a1b24b9000f744071dfb0fcdbe	0.2	1
rank-date-045	8a70e4a16fad16ff8ec6251a61610e76e12cf40391b5f429dbeb3d1db82eb31c	0.196	1
rank-date-046	766a4bf60cd10c2ffaf0c3a5ffa81cc21c57801bf3bb34f33d5131be635b689e	0.259	1
rank-date-047	af7e39c26521e176f1997a1794094436e5a90e2e7a0cd9191e8fede442cf6b93	0.179	1
rank-date-048	39a3e848e91452fb0fea11c68c6a1599a1a75be9289b00b3903d7e8bf4a7fd80	0.187	1
rank-date-050	7b23fec24441d3cfd1296c7538876174bc2d771a9b43ca9272588385e0d9df7a	0.182	1
rank-date-049	b848f7c0b24086e31827d70a668cca25fc9369562221727405e44824787b1ad0	0.211	1
rank-date-051	e2e58a571a851d9c054ceead26bbe758b77fa380ea948527e92e3d3785f6e8dd	0.226	1
rank-date-052	da3ec4ffc1735b0325579bfc170d337c6aa5227417c390e2e338b4e3a1c48b18	0.213	1
rank-date-054	515495bb4af3d5d2de10d2a7b13083f189a060e2752ab76ddf3baa69e4074281	0.223	1
rank-date-053	140dccf3f1cdf6bf9bc4d714419aae27bcc9bc9a884d0fa7e2e74395c575c513	0.377	1
rank-date-055	afdb92504cae4f5ea63db0fad4b4a6e853cd4390bb62051c3ec99b2b183d53d3	0.22	1
rank-date-056	4b318d692bf084118b6eb2e30497dcca3825cfc2835737aabba6ae6884b66c29	0.205	1
rank-date-057	364fa4e5845720e88b6e2cff723088ded9b35b64d7763067e51909b6dcb1e22d	0.228	1
rank-date-058	2d4337d40b98243dc2c7461a5e81c71ec77b276db1d1ea52692358d16759f8f6	0.203	1
rank-date-059	4826bd6ad2a1b112a0dcc687830a836d8e6405a3c56a3cbb0863847b0c13a563	0.19	1
rank-date-060	3db9cd130532b1db6f987c5000ca24c1936c0962e07bcafa2fb3ab7ad443cf1c	0.243	1
rank-date-062	4a58c74e75dd214d01c94a0a194a9c55008e7580ab47199d3196969bd9aa7fe8	0.181	1
rank-date-061	4d30f171b5b593e6f3fb4bb800861c7a3b22da33bf7929dcc58e6b08bd178dad	0.246	1
rank-date-064	4a4298189437fdecacfab34ccc9bddce9cf6b75766d97c6c444fa6574d766098	0.211	1
rank-date-065	1ef8e3283bae2a025f76f1380321af3c0142cc65c17d11439cfa94ad4a272576	0.214	1
rank-date-063	db2a50fc3b48e4ff0e34e82e08a0defcd32d5870e6b17fea8ac2543036b7f2a3	0.25	1
rank-date-068	c68ce5eb32726bfe2e98a8466b8966cb6d8b0a1ca4706a60127d4b43075e3e49	0.182	1
rank-date-066	c9ba9af29ba74ffec5919ce9687420521f924f9a4a318cab5a7956fdddeae40a	0.225	1
rank-date-067	2e3889e725595e135f6b6a49c67383f2f19911f7d2db166d27cb3ad892a18661	0.223	1
rank-date-070	b03fa2ff241a3873342e256d0b1c91704b9c92f3c6efb6f3bfc4349be002356c	0.211	1
rank-date-069	53a83ee60035e34470321098fd3df103eec15eeaa6e0c69f900daf7ae390b361	0.241	1
rank-date-071	1bf28964d5a4f7a66e55204c21d62af15189af362e79a897f1e8b4445c722696	0.284	1
rank-date-072	db55d83e5cbbecd8311409e72b6959a9eb44c9b78b480d7f549225ca33023c3d	0.199	1
rank-date-073	b58fbb52ba446bc8ac7f51b1d5d57736c5b6816f7a49d3cf9a87ed9b9863321b	0.207	1
rank-date-074	3c1d4a0ec55ea65d62aa7bc532e27037236d447b0c181c7ca4ac5d2453cad598	0.217	1
rank-date-075	e0de41ce59edd14d53c1870bce44ba8586e37ad926fc839f493516d2508fe96b	0.207	1
rank-date-076	cd8529476e79142522d70e7275c29454760dcc5e81946e38f0779fac62f44ec2	0.196	1
rank-date-077	267bccbda0b37f090a34c716e28e8f9109a9206065ee2d8c097f7c4f73176a12	0.195	1
rank-date-078	2fac8de52971571ba27a7a0690a99b79365ad3e67ad93e3dfbc593ce147ed58c	0.208	1
rank-date-079	6835897e327a35773e4f2d7f3a98ae4f7a741242afbd08487dddfd50a46c18dd	0.244	1
rank-date-080	9f5e380481d16e00c60b2739a156fd5500c577f7db0a5b73055b4499029e7b0d	0.188	1
rank-date-081	3e1ea374816e0a668140e5e66613abb801a6c81831ba45d32c84a4b28cc4632c	0.183	1
rank-date-082	f6891e5067f48f7d5a7dbe7f2fbfeee3f99348e3f0b8e8cdffcab277f789bf96	0.187	1
rank-date-083	82fcd919681e6784d47ef4c1346f30c3d1e7b8b716bd05b475cc56c6617a3dd5	0.237	1
rank-date-084	b813f9a7df89cf021173db2007aac29a8d1886c7cb25199fb577830f503ef31b	0.207	1
rank-date-085	c6527ab8bf27e37d51bab74cc55676dd3bf3af3ad3fcd1f316d90db0d2d090e1	0.204	1
rank-date-086	1e6d8544497db2fd25e7334b134a21e5d7075842292cc4b2512b318e81bd7185	0.2	1
rank-date-087	e347b2b131ee88ab637146767147268b170563982440877da986ef2dc1438972	0.253	1
rank-date-088	ea55ac60836abdc36482b5dc3df087abb205e11a0f44cc1d9840cdd64d1c97bf	0.217	1
rank-date-089	3b847faf14c9462e2f1e2d9c2652afa6a206e7d9af195893b4e11af30581c0cb	0.233	1
rank-date-090	02675b76012f7c24184b41ff96b7374c4871870b16c88f89065e0bbaf47b382a	0.193	1
rank-date-091	3475d552822581a696cfb793344c8a0c1f25f9d24121ffe4df6198606fb75846	0.207	1
rank-date-092	8f39d60291ed352cf5d88dbca81f8e64b2711f8fef058b54234961a43472524e	0.214	1
rank-date-093	54838f27ca7d67ecd2d433e3740f397289b332a85d087d5a00807f792350d14e	0.197	1
rank-date-094	a7d239e1f003a13378a5731b213f5d79bc3f2d05a71ea2a97313e42063ad15f7	0.275	1
rank-date-095	db54a3ba84c32fd2288df27fcc2ef8cea8d5ac8e248fa004c3d42e3e5e68c8b1	0.191	1
rank-date-096	a27e95603136702395411dba17cca2c0b126202d246ce5a87b754f8e3470d84d	0.223	1
rank-date-098	bb9469c40e8dd42cee937c6e85a9d5a3104b8d8725d442d4427a27523251eed2	0.205	1
rank-date-097	9978895077586cafd4d76f22b859b07caa80c3b0e0d1863108e8450119a1dfef	0.24	1
rank-date-100	9e7496ffff8374a27ef9a94ccf1153d2d8c926c2ca3b6c34891ef85b10309ab9	0.226	1
rank-date-099	82e98ab951b4ec76589545fc53a44b92dcf836c62660b908af30e113247aeac8	0.245	1
filter-singer-4-13	3fa1a4ce0784ff9f16dcb1efb144b8a8c9ba46336589cce53fd27172b59b608c	0.248	1
rank-date-101	f03987817314f54f343045cff55e349f528d360b2e59006b5e22482e1bdf9b85	0.213	1
rank-date-103	5658f81bfa487da1820e24dd02c0579f78411c5923d907acf03d52ea903f56ec	0.221	1
rank-date-102	1212a10f6213c1c452db8375b783dec90047b7e6ecfb4221c35a5111d5c9e0f5	0.251	1
rank-date-104	b6901e677f5c6115cf768c81e04dff5bb00d7009f919a8d8e8eb5d5ad701f028	0.253	1
rank-date-105	d0730b67cbc8bef5716e2e22d6e2e74021eaeb39c60a79a2a654e71a27eed084	0.202	1
rank-date-106	baec6ea838a5781b5a1007918dff6dc811c08bdba049e09b7e3b1fd18706bfda	0.226	1
rank-date-108	2e6ad60d096e831556b45ce5c5aec7900d02d84245bf8a456ce7ac0a1e6169fd	0.226	1
rank-date-107	af96c3c619a6f9aa720faf26d42a5641dce95818b49d92f213ae6c7ae0b8ecbd	0.27	1
rank-date-109	d1e7cba2e3600e131322b46960852ac7010f880ac254a049891d4643ab00aa30	0.251	1
rank-date-110	db5bc10e5f7354dd16db0b4aa4be40366c292b49db7aed947cbd3a55c6827187	0.22	1
rank-date-111	4fa1c252abd0e83054bd607fd1292a81da3ee055dd6c0385fb5ab970023ae547	0.195	1
rank-date-112	6b2f7f8d75fc8153b190d9c78f2d021e1bd6f8336d6d895c6292a4154eaf3817	0.219	1
rank-date-114	d40790af0a4be288a71a43df6b663739601e71e0fed5e52ce6f1bd0e5a89896f	0.194	1
rank-date-115	c6b2e453a57a51d6ec629f1318c3f4ff8a4cf58033cefb4a570a61bed3b85309	0.198	1
rank-date-116	94efc9903e45f7b6dd49a5c35e954eb848ed54848405181f7c78f1507e651bc7	0.205	1
rank-date-113	5f178251300499ae4baac0ab68c2854f19d6f424f4a94fd246f9411dda16206c	0.372	1
rank-date-117	1eaf4a93a9037a65d282f780855e65e7692c6fe55a81fe5290c52d178ebdb6f7	0.216	1
rank-date-118	e666bb1aaab6e9222a335c29822eda408edb93844bcfebeaf74d4943b4300455	0.227	1
rank-date-119	a57fa5a31f1d31771331085d9dc07e52c5c38b9fd2db327c367a596cf7240e6f	0.243	1
rank-date-120	b739051f8352046388474297deb3ad5f9a3fbf76fcdb8b5ab40eb3dccb99868a	0.203	1
rank-date-121	2b300922eb7df58f56392f8131cd822a8199ecb8b3fb8dae9b90db1c47cb79ce	0.198	1
rank-date-122	b81a5bdcddf5ca3c46fe3248fc5c2874d8af8b654d217c6b8cb1b5ff3c05bfa6	0.222	1
rank-date-123	491702ee2ea0c3f76f4f1c0f7fd91b33197a1bc47cd596aa4138630c36793781	0.209	1
rank-date-124	895ef57ff9ed6b69275cabd5f8141c566aad90a516aed8b234b5a9c692076e8f	0.213	1
rank-date-126	b060298ffd2dc7f43e6eae540f35f262298a148aad9951324262053f1b2320ce	0.178	1
rank-date-125	ada6536abad766d2c7f38e0de6f72b4aeffb6036083b017b4359ca65f5dc7fd6	0.255	1
rank-date-127	e0bcc131e378d62bd345a8d404ad33828ea409958119ff0dbaa22f1c3f6228bc	0.202	1
rank-date-128	d08b1a0da7a6927aeb6666932a96320be261c09b8462952cb3d1aef1443a71bb	0.252	1
rank-date-129	f4f5fe24470384a9c2e64f57b02284f295de92892b326a558ada035b9455982e	0.201	1
rank-date-130	a29be0fa90838e9754e31f1d948cb49f5a6069f4c8d5f0329e4a5d7d41f059bf	0.211	1
rank-date-131	7997ad63261e84a88b14ea8135fa2199c004f08fc659c4eda3d17a57408f6aa4	0.218	1
rank-date-132	b9e1eb6534029c80c21ce8d1fdd7d758ad271b7bdb5bca13dbd67071e5c2fb28	0.175	1
rank-date-133	4bcd0957212853488e4c4b0989d29ad4c05e8d2a765379843eaf637d53519ff6	0.193	1
rank-date-134	07f161a3b3fb41c6c689babd6e0906e4b186a783f7a8ead5b8bd1e2d200d78d5	0.227	1
rank-date-135	49073711e4e56f39866aef8a1bf49e9834453eb03f1c672c552967bdf595ece4	0.206	1
rank-date-136	a7cae6334272545d66a2d77dcc1973fc9c3d3549bb34b586424003cf36605f9a	0.246	1
rank-date-137	d4e65b63ca48b1e523b255923b7189adb06cbb6e93c34b1f80c6aa5be8c4e48a	0.208	1
rank-date-138	d4d6d2211892dba5a106025a7019483e5e95600db964c529a3e5cf27ef4a3e6b	0.223	1
rank-date-139	23561b89334f875f161fae107fed2ed0571fcbbfbdb8f3d30ee3b5c8414c351e	0.218	1
rank-date-140	ea944ccee49854d183ea733fe87b9b674ae6d133a22072bfc74667bdb239e7e6	0.212	1
rank-date-141	2e1e27985128dae27f0bddf4500a7980a9e935e89a95f74b39ccc45d8862bd33	0.245	1
rank-date-142	3460d0bf70820b136e7825c0bebc8dfeefac6c0fe54a2e7e846e7fbcc6bf4c1f	0.197	1
rank-date-143	db68c52c7b3429b01fb30cec0d91b3c77c380615bb7cfb893d19d1da28a57ea0	0.186	1
rank-date-144	039cdf2262927e9f4f08bb06b1d2eabfd90f741fd249d509162431c555f6f6d0	0.189	1
rank-date-145	c610657a280f231e1f004495d318efd91a6356704b180d464f6d1cbd23e57efc	0.217	1
rank-date-146	be912f4b3f9c5983dd1290edb2eb3c7f469c8a0a3e28f5ad307210e9ca3d4005	0.248	1
rank-date-147	ef13a29dc9a182bc690a04a88a8a23a4b686235ccd1f7261f528fb3f1b5a6362	0.231	1
rank-date-148	492ecdaab10fd965b5a155f7d2b807b7c2822e64ec027d4905c370fc3e1f1760	0.252	1
rank-date-149	1810b1f5e14d8ad7d88f33dffeb44491d5d042c953cc2eebafb1cefbdf739871	0.234	1
rank-date-151	f47dfbe8ce644bed19cde50def8553f0d4e4dd10f6c7aca7a9f1fea4cc85dd1c	0.204	1
rank-date-150	be4c3ee1b96e956e0d7cedb233beda6296d37aef2d0071558b8fbaafd38af3ab	0.23	1
rank-date-152	c84ad35fa1ae02eab9257ec488870af8ee9cf2ee09dae59226f1fcac2ecb72de	0.213	1
rank-date-153	9a7c0ee6fa38bcee4906d3baf6e0cd0100cbc0b104ca4aa1a386865bb9f1a8e1	0.249	1
rank-date-155	6362b6addcb864acf688d5c3f89e0d39b617121a55a7c8c0116d091548625df4	0.217	1
rank-date-154	d9f05dd44f1254765136f3ee58a52fab2248df2194fd8b015d855c18c6cd3f4e	0.257	1
rank-date-156	f306d9093565b7d7101de09cebf8c1af9761edde0ecfac00e7d974f4a738029f	0.244	1
rank-date-157	2f850fcc3874c001ec7aecf3b22bb09267cccc3c04b4decf909298dd56aed5c4	0.232	1
rank-date-158	6c57861512a0ef4eb80c91c46f30be00a1fbccf7671a1f3699f76757cbb3e195	0.256	1
rank-date-159	53c79e4f777f53c2d4b6c073832d1ff6172d035a1d71639c6482dd3163656856	0.245	1
rank-date-160	1a08538fa786266a4ca2d9779f3682cc40390b032eb4af561af365430cb997cc	0.194	1
rank-date-161	6f582f141d64673256eafaed0f061b8bfe1809c6fbc95819e114066ac5ddba5f	0.229	1
rank-date-162	160a0cdd8ec8a4f27c02d98ce5349208be856d5db8b46c94d0b207afc7df7b58	0.265	1
rank-date-163	7905c88026c39258bea6d0ad632b922b8a3c7633fa4ac3e85143d860f4b560b3	0.277	1
rank-date-164	8959773a4394bdbc7057c829b259ef4c6acbae768f841947985184ea71859de4	0.247	1
rank-date-165	05f9c75f183d624d6f9a5f2a11058c5946bf0dc20685d04afa998a37a5153ed0	0.248	1
rank-date-166	56e8e9302d33116f067d7bc915eb63ceb9f5790fdd18c49144313dee98536bfa	0.205	1
rank-date-167	db6de444683fb9051013c13f94e2ab25ec9963c59b8fe8e9add60480d7e4d40f	0.205	1
rank-date-168	910539e0ffafe64d6d46a9746fd06686ba94db77c8e52fb1edb07998fe7b5cd6	0.235	1
rank-date-169	5de2eadbb5d873182302a406df9d0898eda0ac07c3222648915abc76ea27dd25	0.197	1
rank-date-170	a8e8a86501e0e4cdfbd8517862cb693530cb124e84c96065fc7ed6c41b59f06b	0.209	1
rank-date-171	bd593434f7345e2e54eb5afe7c5013548e121e56242d74b95041f6456c6a7f9a	0.199	1
rank-date-172	9c1b65517622feee309d4b15873226a0cbc741a100d15dd8c96f234742e766f2	0.232	1
rank-date-173	618e7614a46f1eebff56181a574086046cc7710d2a7871366b0699c42b81ece4	0.222	1
rank-date-174	0786db598b9076460bc43153346404cfa4739b669843407999e9940b9e495191	0.203	1
rank-date-175	6ad7785857a5d3c8c5526d9ac6bfb72bf39cc3e4c0d0fbda240e3f1662528283	0.214	1
rank-date-176	8dd083bce50e5ea68425abbe517bc9d7dcaf855e68fecd029040bf3ffe2fa4d7	0.233	1
rank-date-178	f26cb32a78e15edfdfe263f4cde916ba66379f62ee0b67411657136c8a98bed2	0.194	1
rank-date-179	4b598d12150422df9c4dcfe16f2c17fb8b0a28a902d1994c1afd05157367edd4	0.219	1
rank-date-177	a919c19202584c23a72094d38fd37040e789e824cb9bb067a6349b3f8dbeb735	0.28	1
rank-date-180	6d64c1e5a6304d9bb9b175b72f48ae4d68a3077bc9f67115511e5be3877c8a28	0.189	1
rank-date-181	1e5ad3b9dcfb4ef4030df5d43538b704137228484ca45b37c7752862e4d53265	0.187	1
find-album-01-1	e79c65ac5d9740a9ad84e06a5873b194c6d7b10caf8bd4372041a640afe23d05	0.208	1
rank-date-182	e33310e466ae446969ccb71134ee39ba304c065d7f6ed8e688669b6f05ec46d4	0.246	1
find-album-01-2	a07090a79b537fdbc050ee7656ce54f3d077dc02d48622cf28c60b3f5be4aba0	0.234	1
find-album-01-3	2f3ad435f9a364450ede61bbed035a2e54e479d79d0ad7433729c0728bed406b	0.209	1
find-album-01-4	c690e8052da339221b8bea616510a4662edb5cf8c770e10bfc79ce75c4926237	0.234	1
find-album-02-1	f8d58f8454164298ed7f050fd8962d7b9be768c67f09e11a2e2919a12c4cd973	0.233	1
find-album-02-3	d2822de8e139a4c8d1d27e3c7e2841c73a9bdb6b1e27dd66cf00c94b9923e3bd	0.191	1
find-album-02-2	347dc1b04a3a244dd2f0d36a8f6a912c6a108e02cf03287254eee3d8ad25104d	0.243	1
find-album-02-4	4d905b43b22ddbac026329954d84076360db94a36f7e27c94748c133086d27c9	0.199	1
find-album-03-1	6921a02ef08b9c0150675c12fb734ecb8031455eaf05ed2d1e2d4acca98ed787	0.199	1
find-album-03-2	fe8955a5c32d5d1dc083586a89a71aa9911de29228b85f1da5f54b6bc218b0e0	0.245	1
find-album-03-3	87b49cce0299d1a3507fcf8449c4cae5ba6f7e52a4d9b163e91cbf5c5b247dd0	0.245	1
find-album-04-1	e574fc96f1a90a236a74a3e0acd1326ff0d997a9e20f02264b757b1101470643	0.217	1
find-album-03-4	87055415d9d8d8087b89925ad7458168d57bae89340f21f4b0b5ebe5adb76bd2	0.258	1
find-album-04-2	9eafb4243c14f9c07ca215b64272bbc60022f11377a3d7ba650003bbd60bfd0b	0.225	1
find-album-04-3	27e09cecd23643e069d1d7759c41a0a0941cd565a54f552fc1ba37f501e72ba8	0.229	1
find-album-04-4	1c2f3810122c4fcef71df86db7549ebdf88c62e4dea8d99559b198d181de3eb8	0.208	1
find-album-05-1	0efbbae4c33f871c5473dae4ddbe02fb6a6c6f9f294d45ecae05bccf08e9dc04	0.238	1
find-album-05-2	bbc92fd4f9e09d3ba746b4833e9819d283bbf7c4bbb0d3efaf92edfbf9567654	0.204	1
find-album-05-3	ca48ee9662cea5a395a5f9a10bb224aaafdc32cb20cac33bcadae66cfd6fdada	0.189	1
find-album-05-4	dbf146ec6000e31049ddb9146fd21ad803e33413f38df42c1c14bd33e59317a4	0.192	1
find-album-06-1	a6978ee3668ca70dfe8a962e3cf22fb996ed454f2a7dcddf1751394b984f09fc	0.22	1
find-album-06-2	6049c3264e8e4a270eea68be5475fb9a818c635817593ab084c9c116c3235890	0.221	1
find-album-06-3	8fc0ac6cab65f0d4708c907663b27a185f287b92331c076f280bf98ef9b31251	0.243	1
find-album-06-4	5f19ceaa1e2805733a730d21c89aa4330f6301d014f5e78b4e069553fe8c58ea	0.207	1
find-album-07-1	c8dc53ce81de7810620941a3cf136b66402d3bd62fd39d9a97ccccd927887d01	0.234	1
find-album-07-2	b4a9ec54ceabbb9b975e3d8c216351097073a79ca50022bf6957ec448833361f	0.225	1
find-album-07-3	aa42facbae5b0b76cf4aeb4de0b89412a7feb70181186614d6ca335052bd0c57	0.207	1
find-album-07-4	9e994612da769f0e2693bbd2ec973a7b55ee3d938c832d053b3058ccd3d91448	0.249	1
find-album-08-1	5dd68ea0fbc68958eab4b9e34c84e83fb2fa0724545453b267dfb8ee685ed57d	0.202	1
find-album-08-3	ed7fe8fa7db219ffaf208589326fd467dc81d6f7b28d6e8184cddb975b4670d7	0.21	1
find-album-08-2	4b4400433ee0f1e41e3cd7b26c69ce86c2d4d860854ec7568ea4cb2d6010cd06	0.247	1
find-album-08-4	e651438b8ec023fc070e5799e3c893475b5d4cbfddb0cb5abb4212f3f9120877	0.273	1
find-album-09-1	9d115f1e409db15a09a085de234d3233e7f374858e2e64668558d0c6fe722bb1	0.236	1
find-album-09-2	b0c8cbd67ab9deb4cb1fed74ac2f64f1e22527f28e31a1ee41db1841bae3a1df	0.256	1
find-album-09-3	83442b18878cefe4ebd4b19846171ed7076bfd8b40404873917cce5c6d116f0b	0.253	1
find-album-09-4	bd3e64cf6082843ed498551c747a0e15ba91170d6092af198c7c65d1b15ecf7a	0.185	1
find-album-10-1	e906318a0abfdd0451b84a2d390c77445a04ac3aed81d6b301db951306ec27d0	0.197	1
find-album-10-2	b6180eef6f64eb1b72f34b4146437812257c021d60a69db6fb0436a8e8f1e032	0.205	1
find-album-10-3	259b96201980860caa936f1a009f847775a139da9d63415f9d3f08b84312bf5b	0.213	1
find-album-10-4	fdc69069aa592195fd01d1051499a13c0c5737964df8064bbca2320c80d6c8e9	0.244	1
find-album-11-1	f4c7aa9b5220d46b54eee9eef6d57881dc3e4c0872462ded4dd3c6ac9cc35ac5	0.282	1
find-album-11-2	91a6caa52bd09ad2b84adf5f83a16222e1ddd58732d05d466f6f3d4a965cc414	0.202	1
find-album-11-3	4d0a493623aba5369539f86a02e718e85f416780b2e9827c4da20dcd987c7424	0.202	1
find-album-11-4	204f87c4323ccf6d181c91844b886589876a398636155dab862e96cce88b3984	0.214	1
find-album-12-1	08ce740eda7eee802c44fc51032b2524f9fe513dff945a51ede34add16a38b9f	0.247	1
find-album-12-2	ede138015e10da93f1b6887d10aa61ac650094e92ee216c4b1c92db2456ff555	0.259	1
find-album-12-3	ea2c771d34405f58ad8da55e5ed43cabe2c7aab1e9d6190287ae7368194db98e	0.251	1
find-album-12-4	bdffd11c177793c3d0e6744256d46d347b7d7b41d671242c326a04d9b7f7297a	0.269	1
find-album-13-1	d1f382e5ade8aea995a1eb4a26a61714824db819a9f4fa1aeae6a57d8d28b96d	0.218	1
find-album-13-3	4a990df70b12f7d663765ac3c7051402e6660c9e5219aecb173feecb41e8fd30	0.188	1
find-album-13-2	cde1c27ea158b2020f2b29c523050e94967dd4284851f9d1b7c77502b2d1c9f5	0.218	1
find-album-13-4	65ae086d55a6607a853f2e5c5b2743b1503e29945fe42a646ed1578d8bba1b73	0.196	1
annotate-card-001	47dc0bf0d2e5434ceaaec9cbae242fde29a56dfee302cee5494b846dc6008921	0.212	1
annotate-card-002	8934feacdf3ffeca39a944ceb1d22947e6d0be48536836308102703ea3c48072	0.247	1
annotate-card-003	5c6f2bd6a9af745e3455c1eeec3f6606dfcbf5b675609859b183179836f5f0f2	0.262	1
annotate-card-005	534ef2f10a34995c5e855760375dcf00eeb7b28357f30f117759d42411fd8918	0.202	1
annotate-card-004	b17169a485ce385f95d7a0c672f728403ccaf324f7418604ff39c6996fc344c6	0.281	1
annotate-card-007	efce65f5c7aade17cf52f56a9416e0499e966aa4c90bf73997d0054d94e29044	0.256	1
annotate-card-006	08f8fe2eb5dcbd8772b748382624b44f7d753641f51a36ad1f56ebe6a83a5288	0.305	1
annotate-card-008	ee49805bd93dce4eb920e874dd3175316600a94c159ec7e7708c699c2b8866e2	0.203	1
annotate-card-009	eacc449e4e7a0e21a4bf09b3b9eff2ae46cb0e1bf253574513a7b9a3245a8b3f	0.24	1
annotate-card-010	4efd61096626d199abcaf3815fc9141842db249b39bb52c2311e35d6b801b2c0	0.198	1
annotate-card-011	8562f6c524a9103f1cf7a08c8e95a9dad031bc4d59c8d0098b00a4053981dacd	0.228	1
annotate-card-012	05a2de6cd34483f2dc7a1e6e1d93822793da8b134c5496f4ab3eb6228ec7f74f	0.208	1
annotate-card-013	ba94e7412a3375c7b81706888fc9c42c620e59b56417ef6b458b2cc47a9a0a32	0.194	1
annotate-card-014	f82a8d2d12c4bd078fa87ca2f8dbb0df25578b0b47e6cb7719c0e5aef3b89bcc	0.206	1
annotate-card-015	2836c02aaf694009952a8d492c0f7c3e1a1c4147ee2078a0172a77b9d9c94a16	0.21	1
annotate-card-017	4e341a5227a84a52909f91fe5cef1f7e3822f910d3894c1948dba1103a1abedf	0.197	1
annotate-card-016	7edfdf90c5e38529de9bf6a5205d658000c0f62dd3cffb00c9ac1086cfd56953	0.277	1
annotate-card-018	0465f6dae60a5c8b1c8098d4fbe0fcdff7943649f9f02906634ad4c96a5e1afd	0.215	1
annotate-card-019	8796d2689fc077ac43a351d0088e425503741a451f51f78bc451b5c24f50dc75	0.195	1
annotate-card-020	d740534cadb583d2e30460a4cafc5003b4615c21f7f06b8ef47329d3b8b770d8	0.229	1
annotate-card-021	4cea4668f164d25928b8995fd40857a62db57ad3d30549f68d69fe6a110cce11	0.202	1
annotate-card-022	a1f4f89151277285964857c3778c6fbb6aa673e446c65c49b7c25427ba6369d1	0.225	1
annotate-card-023	93d15cd467c1804b8226a0ab316c52b38644c21bf64a737a2abc9f5c05f8e279	0.22	1
annotate-card-024	55af6619d935c57b25391faf8ee7800f743f5005c19524271253148772f02c7b	0.207	1
annotate-card-025	48e7ffea191193dbf6940626b6dfaf7069e5c27bfb0f86962f05bf139e37e578	0.234	1
annotate-card-026	ecd1409e08d022aca1b2e072cbaffabe984f2bb291e42aee89400d56754958f4	0.225	1
annotate-card-027	af49f2289c77ca4d052a10a88ae55acc61447c865a35164967ddb6a11d5551d0	0.214	1
annotate-card-029	121278dbeda5c73b40c4ab657ae9289f35fe2b3997456d4567051862e014f4ad	0.235	1
annotate-card-028	fcb0e93f323baa7016a21746fccda6cd8cae7a6c967937ad391c95e842834cff	0.331	1
annotate-card-031	e2f908f60bbb357825b0cccccc5c9308ed3c781187cb5b91b08d8e596a25eddf	0.195	1
annotate-card-030	286d69005191a7f42f2592d00b3acf09a88a67e6acc36e866a41926befe06030	0.282	1
annotate-card-032	617894b628019b2e2777e793b783caeb5120663838dc086fa9f1bd832462cebc	0.205	1
annotate-card-033	749c346e8cb1343a73350763d0f9057b6558121304882446fa27a18548481f04	0.227	1
annotate-card-034	79c2bc3a484f98f52949db6ac3e4403668a0fdb4615a18515c443704d3e3b7bd	0.26	1
annotate-card-035	fff58c9314883ff84aa112a270b092f0451beab069d9634da4ca376944cec0af	0.28	1
annotate-card-036	c8a404f5224ee50a62c7ef269e0925e3455f772db0955a203e16f73b50710527	0.271	1
annotate-card-037	7edb9c1defaa360e951e7787934d04018899f80b19dde4d107a51a702f3276d2	0.224	1
annotate-card-038	12f95368afad75391aaa3bea5a59d6836708b23e8d014f0be5d33f8d8244e226	0.225	1
annotate-card-039	99eca0d1d443f28ccab82feda406068223432eea46de838974d17da0cf68910b	0.235	1
annotate-card-040	1494971ff05f3b527cf8ab3c5751db6abc595e19c5044b5cea8fedfbe18b019d	0.231	1
annotate-card-041	6a560e46d104dd39ca84849fb470a5a03d05c9674776877d1e29f9a17c8eb959	0.267	1
annotate-card-042	c8512eac63972bfc9b2ae227a61eb29f2411c4efb3bb67a2e7faab994034fb74	0.275	1
annotate-card-043	8174b881ad3bb8a198944e904edd8314a6f6bf96e34ac495a0eacc35bd37d3f0	0.224	1
annotate-card-044	ea0868909ad2d5fdd77afb7d34db8a9044222af15cf126d7179ff19321a93061	0.183	1
annotate-card-045	9f2dcf16be0d59d7bc9a6192a9fed87013279be5821c0ef2996344749b1740e3	0.218	1
annotate-card-046	cdff5f767711dde47b6f7d394a5f6e9ce5cba0ce70d24864389ac1d625b28106	0.2	1
annotate-card-048	b98abc51345a0e370e6db80213edd00377754f0b03de546454d497c389def936	0.205	1
annotate-card-049	f91608fa6ba2058456c1fbe161d2e18d86a17e62558300f5f3961d2340d520be	0.203	1
annotate-card-047	5ee53befbc090a3eef1809eb6c264b983dfe33048b3cef9b49431174b77cd32a	0.339	1
annotate-card-050	f03e8475d390f77585a1b89e294dad64eb86c9a8ff7ceda2d50423f2ab9ec361	0.241	1
annotate-card-051	6fdaca9a9fa11e5777abc294fc6ee0f9e28f50ad725ecfc3267752cfb7665cf8	0.254	1
annotate-card-053	635d7dfbbdec1588b7a352edf3a402e3d296b4b14585551a47684b99045af4a6	0.194	1
annotate-card-052	cff4b088aa8e179811bf0734883a20ee2f9c1573c6dc42f8fd4843334d81c445	0.235	1
annotate-card-054	8477bcbdbc5ab4f6a47b029e947df661b8f8f0ed567bb478a382bd420b3cd5ee	0.218	1
annotate-card-055	7431067fc4aacdf09e136cdc89c2089627b638c9c870e0e06ed9e4210e308460	0.21	1
annotate-card-056	869f74f142075c7100f3f2ea240324de0fec21448ee938eabf957c6d1cdd6ff7	0.209	1
annotate-card-057	ebcc5c3cfd277c66686d8c8c3f9bcc86e5a1871b8bd50756b7908247bef48059	0.256	1
annotate-card-058	621d6c967bf7d894979576e11f358198171157a18a443eb955dcb83c558cedc5	0.227	1
annotate-card-059	fbc0420d203f3cb4549109af38505ac329a165045ad8c01ef06b59a1be9d8742	0.222	1
annotate-card-060	bcb3d817ccdf579318142e62451d8a7f496b9916aefb8d40e1cfe0644610f983	0.268	1
annotate-card-061	79e263d687ceff20d6e22f74f23fb43f2284317bad538b9024cfe64b8e69495d	0.212	1
annotate-card-062	440067cc0db5863e04cce003f594b6909d4df9eb06cff859061b75a09974c55a	0.244	1
annotate-card-063	3b3242c8856a4022ca2379227a2af71500ba570fb9e5361c5ee2755c72c2ada3	0.229	1
annotate-card-064	acad0460b7232c6debd5fdba02c260bed8866314cbf3ac4fcdf3b2d1f6fa43e6	0.189	1
annotate-card-065	68371c29fafbd1d20ab5542df0710f4c73d03ba70741105087b563f1a35ccab6	0.218	1
annotate-card-066	b0d9fbe33631913a708576366dd3b95a49cdd00600313ae33858b7fe3749610a	0.208	1
annotate-card-067	4a58886417d09b8b26a38bed77f452ef4b4c8d07a842f11de5bfbb82b59f46b5	0.201	1
annotate-card-068	b504891fad7702e0add718edfd190ef8a9f5870419f69725d93afb61714e03fc	0.192	1
annotate-card-069	32a0e618f5c77f032c0d194af3cd98e1bb3f03be671d0055c8d99e1e2c64943c	0.213	1
annotate-card-070	a241ddf7d376fd2a0a36e9e507c45485977fe6ed50024913c4a5d0c52a654d48	0.255	1
annotate-card-071	add6e25025d8b5bcc3450a9c763a2cff97b96b33604b1409912061a9cc79c4cf	0.234	1
annotate-card-072	1d1188750146962254ee8dc3a6a959ed98d1336eeee56ddbffab7d4ee6d96c94	0.216	1
annotate-card-073	c04762e658a2a7d14969fa8ce3df6a7e4db89d9ed575139531b06ed316bb2c6d	0.195	1
annotate-card-074	9aeb66bfa1f68a4ef964896240ac06725c9ef95e3513622fda861da10c3a19f5	0.217	1
annotate-card-075	7e6705ef37e55bad7b2a69764e02fc3bed40feaec70c2b79dbc69b4ca0171157	0.223	1
annotate-card-077	1f2c1aebc46d670be9adc6e4ae879e32720af6e098cf3453d1ebb94faa3899d0	0.239	1
annotate-card-076	088725e663b9b7aaa8fe9f3501dabeb0af5e004af690eadf2a020b2905670c46	0.293	1
annotate-card-079	c25d3dfde3932ddd72293d8cba881de80fc36e58a1bbf4e344b60c4d7abe34f6	0.198	1
annotate-card-078	64d5268b6316795e4a26d56dbee8832cb6a9666942bf032e46aa9bda9339bc64	0.243	1
annotate-card-080	83753cead6019b6d42d88b38bbf060ff6d94d9d86c3b4a1754ef68a101d96f0f	0.239	1
annotate-card-081	dccff9078619a9f642bc9427089f2f348fe72e6a8a35e39c71d03592ab09ddd1	0.249	1
annotate-card-083	2a443d0cc4c73a7f2cbf16d9f3afb153866a25bd765ace4cf2da4ee51fd66234	0.223	1
annotate-card-082	71601c370e81065caeafa194dd2da3faafbfc0deb9af58f659f1c634a6980dee	0.259	1
annotate-card-084	30eb5e22eb07e4a4ca84b9d0251d31a0cf0c1c22b5095b673653d7f1a7f1c6b9	0.218	1
annotate-card-085	a864a6f9b093883618ba5227894a2629c83a235ae2a7fd5ce6188d0423c6e05b	0.229	1
annotate-card-087	92e03f5569903f806ce21c96a2b18abd2e1f99c04cf88ed59358bbcb094e7db6	0.228	1
annotate-card-086	2ca2c0be43b0abc781f837ddd7f925c69d7e337f7c7d20774589923d2c13ac44	0.278	1
annotate-card-089	701bbca83f90bfb9fb2a6635edfa04873b1ae852ec959c758e0b16e59b62523a	0.212	1
annotate-card-088	b173369516d4a98f95069bdfe3b786edadfd8e1304e3c8eb0fa4cf18b32da784	0.259	1
annotate-card-091	cf5987eb4daa7ff6401f96731047ab8609d3c15b45149e0960b9eabce15edcff	0.208	1
annotate-card-090	5e271f077de29923ee6b31e3215c3e5ec8f8676044f4a6e948aaf46bf02584aa	0.255	1
annotate-card-092	7614311c1561725fbcc3022c511b1e71a0a4f7ac82bf211f7be356e562a88a7e	0.2	1
annotate-card-093	5b64677df46e8b6bccfe7bc21534089af1c8b7457afe70feebb5f7f1f7dc004a	0.253	1
annotate-card-094	9887e6999ff5b70b2e3e926f5515fede306b9fd78e51e149fc0abcb37ca54a6e	0.211	1
annotate-card-095	ae27637a25ad5bd914fea3a1d7e87ebf66a971a5d7c88f4009981724a4f066af	0.219	1
annotate-card-096	6df00ba74c8dad5871d56c3b078394c189520faf00ed4e18c41beb01be666504	0.248	1
annotate-card-097	9303f669318e6cb16e45f8515f00fe84f5930936476bc2133ebe91b2d9408fd9	0.237	1
annotate-card-098	00561bf044916efd843aad4a7b01e12010b31ffa0c8e27807961e4aec5851d74	0.269	1
annotate-card-099	97d2c13c251dd6c400d8f72315186581f52fb5b55f831f30a41fe8429034b9d9	0.277	1
annotate-card-100	c97a40346a7c055e45a61279c2ee0192fdd5825d36b300017ec8d14b67c1ee90	0.203	1
annotate-card-101	30550fdbefee405d8b01ccac4492489ef673dbb0b92f84f1de496bb2e4873d4d	0.225	1
annotate-card-102	9c783d3cfa0705420436baab39bf1bdcc4d4b069b4457bcc9f54059b9059d738	0.216	1
annotate-card-103	c748d0e186ef5a458af01cb9569dad64a433da31ee1dde61e751c162794f8978	0.244	1
annotate-card-104	a72a461499dac6bcd5b13f39ee54fe2e84189b2f6c0d07027e763f8d0b5546b6	0.272	1
annotate-card-105	121c930aaf329d8c3ea2a1b0ac8d84db2c72005ba51ac9008f8f33f8730a5158	0.218	1
annotate-card-106	0143c6996e970daa5ffde083b3d93235074ef892fd86732ecd680c50cabbf2b1	0.215	1
annotate-card-107	7806a9efd3561862224e8f08360d6a4250e9dd5230e9188555d733029e6c4b16	0.191	1
annotate-card-108	ad3f427cf02582786206971f1df6e0eb7ff878533f5c126cd60cde3cff915929	0.205	1
annotate-card-109	69afa4951d56ce7ebfa6eae007388ce9b0e7c1f0f5cc51a70817866f63d8dcc5	0.209	1
annotate-card-110	bc9b68753e04220309344f8bcd358837d940bf723fa5af6d08a5ec6ecb32a42f	0.198	1
annotate-card-111	f520e6e1ca974217d1c747a581a986938e94d5091c630439d2f9ad3847f8d04a	0.22	1
annotate-card-112	59b0fc6a3837d35c88456f393f8505199fbf1cf51abf46e011b93178024e5958	0.21	1
annotate-card-113	d04aaefcaeab8918446708b3aa1f8a04c8928d4a5629ffa66fb8f0b7e9b12cd5	0.21	1
annotate-card-114	6841187e6c916cc44ee76bc57e420c14409409196c15925c680cefac031262f3	0.22	1
annotate-card-115	e3dde812780a3067141924af961b486f7e83a4a129ccb4d9e1e270cb0c8a5f5f	0.234	1
annotate-card-117	8fd983460e9cdd52cd0e534508b96635d9b4e90d2211546b364d1f5eff4e63ea	0.212	1
annotate-card-116	8b1d2bebff0c5cf6c322a201fff6b3c4cdc1d03eb7aafd1c5849ccc3dd10ff62	0.248	1
annotate-card-118	560e2ae18f02b2da917c50b49c54a4f442d33792533521214be9f8dde9121159	0.22	1
annotate-card-119	3fd1fe9061cd50093b46edffe59fc3b470e7db8c8c134f73332a48ba1e78e6fd	0.223	1
annotate-card-121	755b07c76bc14bac2faa1db5675d8d3ab03316d82e958a9cf85604354a04ecbf	0.187	1
annotate-card-120	754e7c9c38cfc80d9ea13f0b85ac32446518859c71b94c4a41822b66cc330bf1	0.23	1
annotate-card-122	798cfcfb6e0c05f1f7b94d150ebb3ec35c1c05c3a540abf57391ee21e9f9d25d	0.282	1
annotate-card-124	656869d25533b8d5ad67843b216af1dbd82dd3368af65777f2b029847f54d35f	0.219	1
annotate-card-125	280c00c6da29f63aa7b2b2a13d640485bb1e452fcdad23405b8af7632205566c	0.226	1
annotate-card-123	20013475e6ea970ceb1e9c4ad14bcb882b50d5f48008ccbd91bd0d9f5a4e0791	0.294	1
annotate-card-127	2d236d6c1f70393bd5b1632cb025ab53f9263f7a6d7762d2a166c28733806c78	0.178	1
annotate-card-126	6ccf6df4bd38d4851d80fb1c30176573fa5a9efa974ff411622d70b142c44993	0.252	1
annotate-card-129	0431a616d898c0ef81d0a53f50a5450dee772d91bfb7fc4cb7b7f92d7b6b2d1a	0.192	1
annotate-card-128	e34b4ab0e1394351c224385c2aa26233753d9c89b774433f4f5ff451e8d9cf2d	0.228	1
annotate-card-130	e14d38c20018f6a78a10d813ae241ff4faff66bed0089c8c50a205dad5f09ebe	0.2	1
annotate-card-131	379e8fee9e0d51b607aac66401eaa1edd5cefcc38d8a0b6d087844a548079498	0.2	1
annotate-card-133	925b4729acdd74f3589d8c542c96f666bc4cc4b6cdabb38a04e87f6dbca46108	0.195	1
annotate-card-132	82371a88028037689708c3c780d90d2f0f87ac15a74b48558de7fddb1174c848	0.235	1
annotate-card-134	ce2ecba78c7640fedfb0445ee09aa7d5ec7f8de9fa0785b72f29d6cc77325d2c	0.245	1
annotate-card-135	aaabb26c3a85bc7b8a10af6c1ec50a51fe7961ff8971ee22c2db16b0b5f53bc3	0.235	1
annotate-card-136	83a6f6f23584042445f772d990258077777bec807090e756c0484476f490a747	0.226	1
annotate-card-137	2faee152893cc9621393a1f6426d08cb07327b01bde55645816d110d6a9640c8	0.23	1
annotate-card-139	17520d9a0b01cafd183823c109dc8ab91e16d4e23b9b9495b212bb09dc857515	0.193	1
annotate-card-138	c5ae150b5526529d756f770072eede67f665126700f8188e4ef9d12979a65f29	0.244	1
annotate-card-140	37e50b75ec62f7531b47ef1aad1a9e9f373cf4101c937ab02224ef815f4559f0	0.193	1
annotate-card-141	e05b2fabb11ec8b47902d76afde12a80a8d6d49ec97512a211ae590c276aedb7	0.236	1
annotate-card-142	ab57de1f6a3c0d64c491d6b8d88413a20a02ab2d9098b644302a7c54b382ae84	0.189	1
annotate-card-143	a535d5364b90f4aec5fbebd83045e6d4d3384c229cb19415e5b336ecfc848c10	0.228	1
annotate-card-144	5c7d06c98898ce9953962d9e2db8e372a4082a16cf1564c3ad5ac934c2421739	0.239	1
annotate-card-145	fc1e45a4b48fb0db093834ba37522febf9271e9f352673c9bbde9ab014158014	0.203	1
annotate-card-146	7bdb1d0640d3cb2eede3b86d5f3711f1c57e2e7c79ceb98ff44c116ae46ccedb	0.214	1
annotate-card-147	d07faddb675d2c4a0563d829f3fc47421576022215ffb6ffe862e0cfafd75a17	0.208	1
annotate-card-149	460d817faeb0f5867d2dcd0656502e2ba032c5b36c2a2488f59c46f503e0fcfb	0.22	1
annotate-card-148	e3bedfe57852ba0474586f5c54b959cc277994b7f1bbfc8cd4eff3fce155dce3	0.34	1
annotate-card-150	2f2064aa945ccac17cea0e1c45be6a127d522d98366d6d15ce472c96b79cee7f	0.231	1
annotate-card-151	788f5c5fbac65b143c44d9d08b07c3d0b8cf8de6126aa2561aa96212a417acf4	0.281	1
annotate-card-152	20113d99d0b977f3a7325b98e7c5b275b81db0741887c0893510153c7cf49f06	0.297	1
annotate-card-153	f273cc64695dbda0eaea97fd1ed277aaa4937a9ec0a02f38ce98e047e9a81d35	0.233	1
annotate-card-154	49ec5413ca89fd3330cd771c8821aed984db84fd7c48e380b1696c42fe34617d	0.268	1
annotate-card-155	c8ce4d57ae460ea1959415ffd26765362115096f0bc64e586df18a3a072e1f23	0.234	1
annotate-card-156	357b947e7656129f660b3e5b29b4f512b5f0a1ed9525abf638195329f9e30ffd	0.225	1
annotate-card-157	cfcefbed38240194ce9be5bb8f7d3ba72bdeb12e0b55035be4877418ad79f9a8	0.214	1
annotate-card-158	ad996abbd3b31f73e9f33e180ab3500f189ad8704a08e46b62401b1b9cafee37	0.212	1
annotate-card-159	1ff2b52cb5b9ac2f0e5519aaca43b4efa1e46d640b6ab43766fc3ac9ce5b3357	0.22	1
annotate-card-161	667d40f6575a0b1ceff9542beeeff7dd726feeeadca127b6105b5709af63e75d	0.205	1
annotate-card-160	031a39363d8d21a184878f3f8540a429a390081906a13c0f6f45c08b6f4be156	0.243	1
annotate-card-162	026f02e06ef26a7bb919dc4a3af10b18b235b14973fb1b429bb579eb551463d9	0.203	1
annotate-card-163	b81d474f59bd8a50b08f1b306f7dae004bf30ee684ef44796539f7a5ba835e8a	0.248	1
annotate-card-164	e01a68a6a8eaede73c29b9e2f1b42440013555682b2071ed5026062b4790cace	0.209	1
annotate-card-165	884c7956392ed2a27b813d397dc4efc1412c46c1546bddef285017066407ddd7	0.238	1
annotate-card-166	28996a2d1b1aabeeb1eda6adb763726d939c910bb94725326695fa0203c42332	0.234	1
annotate-card-167	65af0c0e1541fe24b63ca0f1eef1bc2b93b462615eb8baea06829b96abf94339	0.201	1
annotate-card-168	67e875d8edd475f417f43e500fad8074da098c94497eda057e31f17cccb14fd3	0.21	1
annotate-card-169	b21a79543587aad811523aca050d45f661e4f6bd85a20c535ad3cb95e580b522	0.198	1
annotate-card-170	1aa8891aa5937b41af1502226ef7a6b473dddef5b24ce60d0f76a91d64bff8c4	0.219	1
annotate-card-171	1f6de94cdfcb5056e6947a04d060301d598daf5b96605f07ecbbf0083261c254	0.209	1
annotate-card-172	4d1a6ff813cb8d46bd4a3d4fd821d9b39782aa43bac32c2e984cebf44ea0f5c5	0.191	1
annotate-card-174	4488aab7401abf1ed960ab3a5ce3c7cd355db2f3ecd6f9fb01dd4e447655a455	0.187	1
annotate-card-173	d01ce8b5028d659362032c9f27aae03e2e707a917e13ecea31e74a4cf5eda9f4	0.253	1
annotate-card-175	22e0be6b8214c574366846afcec6db94f0b65a754730aa25b9631f45a5c43053	0.226	1
annotate-card-176	3665649d08cd57c72953cbb10e6fc4cd3b2f7caa4959561a57f75fb93d4ca822	0.231	1
annotate-card-178	d9fed170ec777f4f2d7c47cbe9da0ff68f57bb8167b55077a8395ce0855f6749	0.177	1
annotate-card-177	297aa7eb0b903ea407eef4b6be11dacfa00197efc1d3567edcf2aaf86036731b	0.248	1
annotate-card-179	d6633ce3aeb4c94bb66bcc3d039a554d9f35ff046a8a88063f62ebf25d45ef1d	0.204	1
annotate-card-180	74f7e9999d6bc833895e521de5e99305582398458a0bf67f8724cd608aa49be3	0.195	1
annotate-card-181	3976f9ddb78a1f5de1d434a3ffed5b0a8c1aa5c4888a1969bed15499aae7d6ef	0.189	1
annotate-card-182	e221515cd01c9943894262ea10e2f53a157545ab4b2c9f31aa5cffb44f395d72	0.189	1
recognize-02	0ba6708c0a9f5ef5d685228051cbadb3d701bb7e03bc15d8c1dff0c9f5ca3719	0.245	1
recognize-01	d0b1dfe33b3bd28a9cc393d91a49a140984d70fd28abff763be6c6602c81461c	0.283	1
recognize-03	95081d660868e0a934b2ec774cb39e2c21ac6c88544c9b60ca26692b701fc7e6	0.232	1
recognize-04	4234cab4ec2734b7425cba669fd99f6fe9dfbbf78d412c737b606ef204c4131f	0.27	1
recognize-05	312b2598fa711fb3d8df58eb5e6eb0322f2075a1e6112bddb56b5cb79b0c4c56	0.271	1
recognize-06	f5e8a07b795d1ac06baf73a2a2f34be684e764e7343e8848fb3cf965edbaf0d8	0.276	1
recognize-07	3c10625760ea72aacdd99cb2945c0293abb5f587a6d166f69bd33c6211117029	0.3	1
recognize-08	71f9c1757c7504fbf075d6d00d48387f638aab260b6eb4c77cb35558f04884f7	0.232	1
recognize-09	49a739700fa2fa4c83dc70db3f7166c2a568ab601e48e2569b43ab3cf2cec26b	0.228	1
recognize-10	9e5574c9d564f71c8a2104aa038c8122fdb4f8c196d644fb0cfab410ae89a06b	0.276	1
recognize-12	3a8fbce7be43e833475d9e20b6d4c9a87f3d8935d19180414649b98ae41e1497	0.235	1
recognize-11	78643437fa1d22559b70cdf379b78924996927d222df62fb56658ef9b1e3ca5d	0.27	1
recognize-13	9ea70847becd2d417acbb3aba8f38892d44d1909b45fe1de5cff26374e3e9b6d	0.269	1
recognize-16	899d325bf50a26b48e0f5c8f68c83fce91f03c7476c7a9abdd713c6d180d430f	0.245	1
recognize-15	7740f4e444840e2c01ecb8c2d48f214d0b70a26dd94f2b1b7a2f8bf6aee5ccb9	0.275	1
recognize-14	c74816b7248c5f0ee7a4d16b7ffc7c12708904d53ade74dd4f5aa6a64a6048e8	0.298	1
recognize-17	86b5b3e19ca5ed355b528714ae3cc16b22570311283ecc89077ccb939fb5a3be	0.275	1
recognize-18	bfe473f5bc0af5227af1b29fbc73d045db13ef145b0050ac01adfb9f1ead5fde	0.248	1
recognize-19	a7e95f6907bc928768ec630616b2f2fd25907d905337a33fdcdb4717640917c1	0.244	1
recognize-20	0c694b3cb86290f0c7e2493fb2028f8e29cf1c889a5bd0d7e5d58b72fbc1ce47	0.266	1
recognize-23	9d7b099a0c0fd364df1de07527b66940a038e1c4e2f77e88c096f8881a563588	0.235	1
recognize-22	12fed4334546a0530e174cfe34c8784f39c603bb57f9a6ec0f3474fda9591b3a	0.26	1
recognize-21	a1dd42bba1d74141cedece7fe2f5dd24bbdae7f9d87554194498a72e6c635e39	0.319	1
recognize-24	9dfbcd3fe8172cb1a5ec873fd80cfc6dee8e7ffa25f4a8182962afca102b3f55	0.253	1
recognize-27	be6d96d5799f83f66a725604e1270233b4dae769783defce265464621b1c3855	0.245	1
recognize-25	3f0d0cecc73061bae9c429266673a48152a42b5cbc8ece9fb0fbfb2ff377b5e6	0.281	1
recognize-26	444ebc168da4095ef664c9db862db5df3566bcb908d80df4c23f7370acbf7052	0.285	1
recognize-28	df034f7c79b5013b61e712a7a016666c93ff0bb58d18fcaa5fe7cbbc7a5dd1d9	0.289	1
recognize-29	4d3364a05a76ff512874791d4e5468e97b454739957d2ba3578e1e356ba16a97	0.247	1
recognize-31	f41dfc4bf7b2624f5ba30b3b3b1e1d14e5524052a60c7f6b0f34b1fe222683c7	0.248	1
recognize-32	57f5f86168638eaf024e619bd0b3147414f89835da88c1b4db451890a5d12d8f	0.241	1
recognize-30	4fb6d7f39b9c36b33f77ac05b2e6cbff025867a847874c02f2de47627abe891a	0.326	1
recognize-33	146b42109a7f5034baf558b0ec41de7db75f347abb8762e1990e990ff846d5e0	0.254	1
recognize-34	e5fd023d6e96944679e348d79d2135c85f8481e912cc4965e33ce43df43aefd3	0.258	1
recognize-35	99ed0c7cdce565ff0a9d92b8a4400178e9de100581e3184b9c542792b11abac0	0.242	1
recognize-36	ed9fc265c79e3269b8e9d879bb0275bc4b12d2532550fe15bf940b141c7bda86	0.234	1
recognize-37	0336f7a032a0bcbc1fa43820b5353a1fd4a984ac5e2e0ce018063ff70552cdc9	0.205	1
recognize-40	4ee5f3c7865e5b2cbf8db8d5ebd3ed2abcce3cda7bc6f3e34936237f3242ac67	0.229	1
recognize-39	b552a7f1e6ac03ba1d0a8cc53da1b0d7fb46405cd5f5d721ac26e5b649a48184	0.265	1
recognize-38	653d8a0fe7072835093718588239915ee9c2cbadb478d6def74780d9407adddd	0.287	1
recognize-41	7bb14e1ff4807928fae14ebd9a2977ffc356f43434d019f5a39ee92059317277	0.229	1
recognize-42	57f56f03ec6614d780655a5e116c98130821949e4679f17ca3577cb3086d5217	0.219	1
recognize-44	07c9e8e53f1ac902432f37f0be5cd2e4560d7e0c9fbccf0f8ea859e71795ef16	0.212	1
recognize-43	1617d7a68a958a03c4da2ff2f2e30695f0c9cbf36b14b18e16b1429203009cbf	0.235	1
recognize-45	d6bf380f36b710d9a58386a79494f3a165ffeb9922959dbe16052e360a53b235	0.216	1
recognize-46	5e001c27afb92bc926cf2157b9d609720997fd9d1bd03468fadff65ae9549307	0.23	1
recognize-47	e9ec3542e50d234870153e29a484224213ecf8f5cb5d5d54591cac7eb6caf444	0.247	1
recognize-48	3dfe51d03d875b4241a500d4089c7bbcc637d86e2c520c3468d3f2a3dd691ece	0.254	1
relate-songs	c123b7cd245f2444c01e74972423d77b66535a296033930227b9d8b91672c79f,c19b939cad4ebb5e3e226b4f74b03faeb37fab8383ca3a81ae200188ed13a9f4,6be08a908bb3d5fb5f975efd67ebfb7d126755d3b866d29cd867eb5cea685859	1.719	3
