id	request	wall_s	requests
comparison-longer-001	50d9c73adec51c26f53946e5234f5bb21de175b7925da3886b64c3d6563cf6e2	1.018	1
comparison-longer-002	d4572063658736edf957a9f5847900d871020eae38ff1c2ccc83a37b8dfddb76	1.131	1
comparison-longer-003	3f760fb0e734d5e8178e0113a59a3cbe18183556a73fd9173c84737dbf1f45b9	0.244	1
comparison-longer-004	f1e74751f12d5bbfcf0bbceb4d56a9af0f2b662a65243c0b614e5b9d7753386c	0.255	1
comparison-longer-005	b3f3d37d7cc35dd1f078bed05c08bd9788d28a40262afd2a828eaac01347e8bd	0.255	1
comparison-longer-006	0b404419f2fc4e682317b708dafd51f2f9e1706744316d21101c5d84ba156bc8	0.262	1
comparison-longer-007	0593bd80cd2a3457203d8579c093f0a2d0ca102d7c4a215d887f9286f6e87027	0.263	1
comparison-longer-008	5ff7b14fc677f2c76771e06a4b0e72ab52174498b5afbeb10143fe49284a41b0	0.262	1
comparison-longer-009	bfc51df997da20a57a4967ba6ef1c3dc771d86c9ed02cd2fe731ba07a72791db	0.27	1
comparison-longer-010	68222ae86369500b728e9ab0b3f36caaaddb3f8da605f232df8eb8a0af9d7373	0.262	1
comparison-longer-011	b62d15ca764051455b1882c3f865d1377a24a8f40d8646d2ba006622bee9193f	0.266	1
comparison-longer-012	c0983e38f2f23265c49a5d0fd1444aa3a389f964eead36c19c16dcf4d984a72b	0.26	1
comparison-longer-013	517b2675a639c8e4920e29c4aae5816f93ff40b7ced45bb735c7170b109b9021	0.249	1
comparison-longer-014	a4b6b90409f857b6bb505819d5f7a22e839b066af04f909e2f29bf6a64c5fbff	0.271	1
comparison-longer-015	2ae5742e4e25e249431491a2d50803726b1aff9953326443ff74c5d3b609120a	0.263	1
comparison-longer-016	9b2941f9ab5c3ec3b01c37de3ec3f0e9b60ab2952d218ead4497ee0073141e47	0.26	1
comparison-longer-017	4e8c388e7d741ed938a78d4e25f508afca12dab8efd2765317ae5e47eecfb944	0.266	1
comparison-longer-018	794720c2e443c19d05000a7a627b18a7efee2baf84a4cd1c06975cc5a8373b85	0.254	1
comparison-longer-019	13bcaab8ab75696bc46378c0ecdf7f18d2c0028af64bed414f35668071400039	0.258	1
comparison-longer-020	33577d81107b125bccfd34f8e11465682fea14eb7b081bbb7bc937a732156127	0.263	1
comparison-longer-021	85867e4e9e21891706827c3d6539907c53c20cc3c488549ef98b5d89ee5c1acd	0.261	1
comparison-longer-022	bd194f35c0768bd05554dd1bf7de9c891bd712849b2e20c8513bac3f915ed261	0.267	1
comparison-longer-023	f87ee6c7c2dccc6ff37a4efa708987fa1793cb9ab8c4cf887992ed238a4aed09	0.264	1
comparison-longer-024	654d7212e9e39f6219ee62a6016a823ce71703db26eeff5906895e2527cb42ff	0.26	1
comparison-longer-025	838b328ac19b14e6933548ae545e16958df3ca38dbe35b676c3a1e83ec396f52	0.266	1
comparison-longer-026	715429b114fc8c0188cdad246abab1ce8a3904f85d526db38e2a229e59c0beaf	0.314	1
comparison-longer-027	01324948d4de491c44639e2aa5c18290d064df8576cda03f1f56e599a0bed208	0.266	1
comparison-longer-028	93de7bf4bee9fcceda339940b2258796c5ba95a6e7c4422bc21c8388ab655336	0.217	1
comparison-longer-029	0f17a2e7494e0cc6bfdc99e59b8b848f25f70146a1cbbf75ca0e32c10ca0e822	0.26	1
comparison-longer-030	459684143b290a00581a6fd64656cf53dc96a069c3e7e673f9493750abbb1026	0.261	1
comparison-longer-031	5f3a127c358eb2898429979a64aedef286f72d7cc456e85f6d63194db41fa7d9	0.262	1
comparison-longer-032	ccf08590c495c0c4899f8de2ef7dc36c43b72a7a0b5b86b6d050f6732d18a8de	0.259	1
comparison-longer-033	4a4a4b1ca380a644e0de0bb2ccda5e5fa2a204f58f73c456fa3ff1659babc9e0	0.26	1
comparison-longer-034	11c148d7f0a4b631be3953ce954750e3be7e63a5d33a437517ad1716d6108523	0.263	1
comparison-longer-035	f6e95af3c409978e059bdd5d1188b04d7f60d27d5d1912b20ba4d1281ed2f1b5	0.263	1
comparison-longer-036	0f332d6ae0ded3cd88c5bc42ae88770baf495265cfae97a210e3df47d47e5223	0.262	1
comparison-longer-037	9f98068acd9d1b9a7c5c16d8142c3e0489af6a5fad2feef287be17f00bc64d66	0.26	1
comparison-longer-038	a69f3b4eeee1f9df7f68a7b7dbdcf2e885f47f0d4220ebb8a688037676094b0d	0.26	1
comparison-longer-039	5242363d103847f873e86a303d9cd8ab375352554406594a9fb1d991aba9344d	0.27	1
comparison-longer-040	e098cdad904146add7e9ceed0dce55efd945752639aac9e4eef3df2f78a2c2c6	0.263	1
comparison-longer-041	addb60ac4cae083e119c245a8e4c658ae47b7e9561752d157c0f8775938c766d	0.259	1
comparison-longer-042	c8c90458a6bb5a6c01460d9e4b035d5a11afde2780d685e32854e68ea130093e	0.261	1
comparison-longer-043	fe32bcfe30d9b4e8139704e12120df3daad46476192c72ae71f8eea773435939	0.257	1
comparison-longer-044	f7cea6925d0412c979569506ebcdb25de8e737da56ad331e3bef53726f04d6ff	0.261	1
comparison-longer-045	e4a96f58325de6fd4131c24458135f7070311517a0519b7a6c707bac241604d2	0.261	1
comparison-longer-046	0bc64132e83493a3830273b04142e3e52fa5426629ad0471c2d926f6ee42837b	0.263	1
comparison-longer-047	d62bbf2e9e6215c8ad010d6b40f7407bf6db4d6a9dc1890e4b717092bb8b8611	0.264	1
comparison-longer-048	cf01581d4955b6d693ac2bc547050cb93f3b720bc40c15da4cb1fff6b7dada67	0.261	1
comparison-longer-049	751c0254ee506488de149853c4a2190b8ab9f688517b819b5b50c3a19414fb7e	0.26	1
comparison-longer-050	95cb2cd3ee77623cc9fbb5a4db0256b2a086fc59f69044cff4efb6e54fab6cb2	0.252	1
comparison-longer-051	379ab3ca96cd7d73d99a20c05fb8f30393dab6dd4a3be87db30792d737b6ec5c	0.253	1
comparison-longer-052	63cc2724efe857fcf8eea0f4251d04db9e0f0292f2b756e4e20815bced3068ec	0.273	1
comparison-longer-053	37db49557d5801d2105a95fb21d558b7ee692eb654f107cd02f8a6a421957bd3	0.26	1
comparison-longer-054	0b08331fe80e8b460794e28587de287c4cad87afa67e8c390824d93b0afea501	0.249	1
comparison-longer-055	2b51bd2c9985e72c9bc91053084c87c247e93ab315de2571da8c8d5f81fdb627	0.261	1
comparison-longer-056	4565b5e6bca93414bb1f2b49f7c8cc1e785cff759a8a7fa1ac9df650d4ebbf79	0.267	1
comparison-longer-057	8f60860e98152af4bfb45c9e6af3df9a1a1834aaf79afa6223cb5c8b778909b4	0.266	1
comparison-longer-058	c65f414d2a6b878791e3a780fddd896ce45b9a2381d8299fbcff5f4e7ae84181	0.262	1
comparison-longer-059	8919134d26b4fb59575f10c73a4901a03bfa1d66abc79399c15e37ced8a4a717	0.258	1
comparison-longer-060	0a878c3f38a51aa2e905f348a77ed4d300c35848aa583f6f2fbe0845ada3244f	0.255	1
forward-singer-001	fb8d1014eb8da5db7d0b1bbfaef9226233eb79afa6af73450ed2b0175e103532	0.264	1
forward-singer-002	9a8597a660a5705d1356a4f5496688e3cf3725050513dc0a44bfe7fcceafeb86	0.273	1
forward-singer-003	3c8d25da3782e5b4bdf5956c942755391d7437913f56e415dbc193be038e1c7c	0.27	1
forward-singer-004	12567ff27fe23870240ef00a34f9ed3e27c620b5de647184e1f8e6d43944311c	0.268	1
forward-singer-005	5ba17a309b264d7fa4c3ee52cecdc573b4d345aabaa897def1f720e53b5cf5b2	0.267	1
forward-singer-006	d4bdac70368f2fc84117f30138c5a60fcfd0e066fd96fb44ab3cda08f1c184f9	0.275	1
forward-singer-007	9b6f84efa7ea188354870a0516c2607c4594eeaae3ec7ce13f621bc4ef21aea9	0.271	1
forward-singer-008	bff245fee9bd95986aa933d78b00fd1de22165cf4a8c4e806ce3e1a2c2193424	0.259	1
forward-singer-009	51b2f141238978319477359d5f28664b3a7d443848f54a81e256fbae2edf9b2a	0.267	1
forward-singer-010	9e21455d6cec4d3cdf2a192813b3bc54805d213f35e30ea294f2f226736563f2	0.272	1
forward-singer-011	50e5142145beeb78295044a882f2d04a8e2944adf816b3c3477d1bfcd225df4f	0.268	1
forward-singer-012	4f7840feac841203044cd9372728c0b1ecaf95ac5b629213abe7470a0104e9fd	0.269	1
forward-singer-013	1e01f64e7377dc46fcfefd47fe1e36288e0f94083978a6539f3cad1b25115183	0.275	1
forward-singer-014	fb19f9eaa4fc9ed9bf18222a8d1d1e5d315acadb3eb883e327b70956ddee81a9	0.269	1
forward-singer-015	8292e1e9448b4262492b9bb022d103211a1bbd42e4e4abb9b5a54207195446d4	0.27	1
forward-singer-016	4caf3c132c909355562ec2e6e19bf463c212489421f46bcf91cf97422d2c6c89	0.267	1
forward-singer-017	3e7551ef37f3eb2f664cf11e85f3d2339661d828958962d8024526036416333c	0.267	1
forward-singer-018	10768f6fe92bcad5243cda15053c8ebe1e3c4827e0ab805b379a402be62ee64e	0.269	1
forward-singer-019	7282d27033d02dc859ea74d1ffe70df85abd3760bd75f9a1b6c0980d59d5f181	0.269	1
forward-singer-020	1f6bfea2d6db169c7962d3e58c41a8bc3f8cbe1b8a0b45b27bf62bde4b4647fd	0.268	1
forward-singer-021	50ddbea189fc2558d43401fd5ce5bed404cfc3a0c5d63f666889fafccdd1b388	0.266	1
forward-singer-022	1c971f2b4588519cef08d16f94d14e56a946bfb950a8bd3893e0b5f6d496911e	0.268	1
forward-singer-023	ed0c7b091b2e7965cd07e0be9d16fa4a628c717455bf04feba82b69abd2988be	0.275	1
forward-singer-024	a0ff68ce1727cc41e69fade5f8b2d3ead25c8671c914506cee8bf89ac521e51b	0.272	1
forward-singer-025	df4673f35b70bc855ccf961bd326aa304ea4b63ecf8db65a6aef30e68fc890c8	0.266	1
forward-singer-026	ccdd18fd9837267c6a29b68672543681ee4322bc6d5fa5c8dbb22491e43b7401	0.279	1
forward-singer-027	2cb463ab122edbc417b68aa3c9c598a5a1c0302f6545dd49238712a5996821bc	0.274	1
forward-singer-028	d2fa5a8061671f0fb40881f199d945e4ff89c52ced4e4bd3796692fea6e3b31d	0.271	1
forward-singer-029	3a5ddfaabecb840c1c9aa9b49302d6d1ecdd95ba528385cfc2bbbcd2feae84ba	0.282	1
forward-singer-030	97ee65154d9897e0b0ea48bda89888b88cc56652856f3e48b49a954f2c33c1d7	0.276	1
forward-singer-031	48044a4bbcb701e4cfd0f23acf7df3d396c36fc25672da86da71e67198b7872b	0.279	1
forward-singer-032	5a85db0c7bbb45fc5222935c2752bfc339840ce427e16997cf7165c23adecbf1	0.284	1
forward-singer-033	a9808ea3c52b01278d463958d8ed5585d1f31993b699136d55e72f5375439a60	0.265	1
forward-singer-034	15625db8d1c3aae56731e6aafbdb2d6dfafe29eb98032a62e9b99ceb6eb43c64	0.264	1
forward-singer-035	2793a6eb6f7d9cfb42c77eacc3f3e1c1949a9b738f625b229cf33c0ac516a0eb	0.271	1
forward-singer-036	6bd43a763b389eaf659f4367f201c0592e3511ae9e046c9b3b310909b121f96b	0.272	1
forward-singer-037	c4cb571aa237737924c83401918853cf17ecc74bcbaa09694b016bea2a02b0ea	0.273	1
forward-singer-038	f95c404969c06aa733d567d68a9cc0aab1c63643b21c941a9cec4f63e92e43a4	0.27	1
forward-singer-039	bea04c4199e638ff6bae117ea5d993d43aaf40181cbf9bfad6f3a3e952883ad8	0.271	1
forward-singer-040	21adde7f5caaeed134c73a8cc5c284548584e28a2d072cfd9a8a6ac1ac74437a	0.267	1
forward-singer-041	5a385b9c2d40bca819ea6a873904655c230a97c27567b0e5623e515568abae08	0.271	1
forward-singer-042	7e320d0a3d4357397a55cf21fba89c60702feb70880665911c3647ee70e8645c	0.283	1
forward-singer-043	4e5dc9c553cd46f1be56f0168e724b096c5271798d5f33555afda9bbe39377d6	0.27	1
forward-singer-044	227fa690f39d079534ba9aee9dac24fa579e8ae54a0bb8d9ad409bae3fa8979f	0.275	1
forward-singer-045	78eec00b79ce90c5daa3820bb521af5a39f3300f1f938c37d2cba9f9d0e94e18	0.277	1
forward-singer-046	0b079752be0c61676c7ec4f54b50e921a37f5f0bd627475cd9df4198bde8c42b	0.262	1
forward-singer-047	1ef5e949ad2188fb45ea9a093fc8724f847be8f696fc5af5d4738ebbe4b5ab70	0.267	1
forward-singer-048	653251116bcf1be3ba139c1c7a172dc7f86ebd9182d6c1657dd937480efd0c6d	0.265	1
forward-singer-049	9ea6fa0c006dace84e2c2ca0be6a040f8ff7134e8e8f279be598dd3cbdd79ec7	0.27	1
forward-singer-050	655d6eee8787e750b62467b27f9c9df543db2cca3a1572c79169527ddee1d744	0.269	1
forward-singer-051	8d9beafe129e551965d03429d79935613cf8b0c407e1eee47a0d0314f0f38b5f	0.265	1
forward-singer-052	e0df36abf23f8e04fb6796e49e60b0c3b391d2ba472fb03d1f0ed21bed0ea74e	0.284	1
forward-singer-053	0353a2a711a6ff52287735eae82c5eca02e4c2990b872a5ea647c8a2ba125fff	0.274	1
forward-singer-054	071b9deef3a2fd585fed22b2f1b8ee403c9007b4d5d19cf0fa59ac923c04553f	0.26	1
forward-singer-055	a39c67541917053a2d11401cd06d0404b9f97348f3da5764e215cc80a2dea6fe	0.275	1
forward-singer-056	21fa9033f029088b931682ed0dde4a71d66adce577e8fd113e75e4928687aa98	0.28	1
forward-singer-057	2c3972bfc7c2b486f7f8a5974eb0b42f3b1d537eec070c01ab77ba580c8001e7	0.275	1
forward-album-001	1d04b54dc166f73174ce41ec6d0080e4d66163b561fa336591f54e3608f28fdf	0.27	1
forward-album-002	1176c0bab7d03bf2c6a9394620dc9776841536cb7b12ca347cda6234b24dee86	0.281	1
forward-album-003	2932bf2c21ef94df3549db27ad8f0037c696622eaee866e838e6279f321dd5ed	0.288	1
forward-album-004	71c095ce41424efc50209bd4193211a28be54751677a8864db26340b8dc983fc	0.282	1
forward-album-005	6318aad08e8832480bda18fc87628b654e905d8b97203dcfea0ba0266997e855	0.269	1
forward-album-006	a7bb4c1fdc1a0e413346cee7aa4c8da4c87b1a5255d40a09615c279d186f3041	0.265	1
forward-album-007	9684f1b2e40330d247557e68eddc795c8890bfd98ff10c6c3feaee703b618a83	0.274	1
forward-album-008	ff515ffa6f25ca0497973c06d2dedea429a651d16d5a8fc56b79bb40a8c350d6	0.278	1
forward-album-009	2e9f5a6a32eb872593ff59d8bc50302db3f545d92e1241776f4807fba187eb7f	0.278	1
forward-album-010	34cfacb7cfa85af1cc226399d4ee06751de0e685a57fc99565cce99cc4ecc4aa	0.281	1
forward-album-011	ea3167d59c676e3e70f29589892fa260cef40b953a1e22649144b613ec9494d8	0.283	1
forward-album-012	71c03cf642ae98943a9e28d47e3dab28ca7af1e9e8a12a24739cc6ffe76bcc58	0.275	1
forward-album-013	65d334abe1b488067e3a2e659751689b9a5ed8f1974955ea4c895f5ef8f6a193	0.272	1
forward-album-014	ecc2ca6eaa6895347426a4beb73e8c83e0a06f1686773b8408d60dc8428d8771	0.284	1
forward-album-015	42a41586ffa89e9fedfd80aee9fb8622e9fbac0ac6cadcce6634927da05a32f2	0.271	1
forward-album-016	9a2015d2af2d86c4e26a91db165ba3d6a102b720ef8a1fa7df820fe2abc645bc	0.269	1
forward-album-017	c02b872aaa8d6408a9c868775a214b1ee735c51b4410e458f1e12a1796f8533b	0.287	1
forward-album-018	77ee48e0aaf84e501d32421cc15274c983c2c4646adbbbb0f36b7d4e44ce36bd	0.284	1
forward-album-019	49e1985bf279ebd453071b81f25ac76f7203a0a1e5381eb389b71d7db7e7ba47	0.279	1
forward-album-020	768c0ab5e90aba9f3f1b0526efadd0e9ea7e50d663da103d993394aa2322d556	0.281	1
forward-album-021	fe7736641fda477b18afac9d47028b947f543ef86da583a5a0bf78ff8ca145f1	0.278	1
forward-album-022	b1a4b41fc517f6bd16cbfea502a326edd8ca1c0ce9d0ee7a9cba4a3d9b6a7a63	0.277	1
forward-album-023	d6fefb620389897f68e8e3f3a0dfb39db4bf677c3076dfedf91010eece97101e	0.28	1
forward-album-024	7efc5d2ece4839f5f302b27a691ad719e0a27022e2056d445b21759bf29b3cc4	0.287	1
forward-album-025	d2e95900a7c6172c62a94612c853b98cdc8eb2002a8b0fee469a0199f4261b47	0.287	1
forward-album-026	48900a90878878b1c2adc2f896c46bc6e41dad9822c50c21cf269b04ff5e064f	0.28	1
forward-album-027	f4cb67b7c72cfee1a2a3cbebb1cd2cedc9f6c6bdc2286ecc51a07ca152216a02	0.279	1
forward-album-028	5325bc881418795071bee10612d09843d39b469b2123eab8bcb7da6a50855054	0.281	1
forward-album-029	c41f77f73c49e7d3f7fb73171835618a179d7314b8be441fbca0b5542f76bcfd	0.289	1
forward-album-030	799d7620cdb9ce374cc4d0fe2b5657f01db980cfdc67e09e763840158c059aa7	0.281	1
forward-album-031	69584cfaaf61371dee3967276cf11c2b6f17dcaa75d8244a8b0e93b6fa930d9e	0.272	1
forward-album-032	9a787221d0b4d2d98c6ae0c7a6d4cd27a8f5400369bad7ff6d88079b53bec51d	0.284	1
forward-album-033	a3930ae67c81b7138ec5b2282db43545cd18ed6d2e325d0a5aedbc57a4106d55	0.275	1
forward-album-034	c05691fb8a509db80d6e433062fe0ddcf9177d4232692efd9c04ccb1662822d8	0.275	1
forward-album-035	095dd752a4047daa9a2b416974a722efc48b594109a4d75f9c4767774d3ae43a	0.282	1
forward-album-036	8b612d7af357cb6cc12b55df080e098fd2281d19f698d8c014e9022afa262e0e	0.278	1
forward-album-037	6231728ffca2c8122e2bb5238ed253c3ab88d4e13a458a1f2f4de417ac597c11	0.277	1
forward-album-038	e64587caa09260fe826f975a9956a4a6b4a6adaec3bd1038dc773bb6b91cd1ef	0.276	1
forward-album-039	575258e6aa0a09576bfaba53c789ad5854eca21cadfdee09227385390b22b05f	0.281	1
forward-album-040	8197dcab3af7dc27d7de25cd1c8980dd59964cd4a4d846e132f94f642eb13bcd	0.282	1
forward-album-041	546a0ed8eed87eaf99c82ddba3d718218b8c7650e2c1717c0d76ea49243e94d2	0.289	1
forward-album-042	ed5522262cf8ed1017ca242523fc28be9fe421377ae3d580e3af32e31c6db6ac	0.287	1
forward-album-043	48c1e736cdfd86a329057db2b623d921c0a8ddd5329702855baebd25851a5e4d	0.28	1
forward-album-044	43a09120459eed42a539a3b03f414809f7adedd27a94b8f08b67179f4bc6d962	0.282	1
forward-album-045	b9dc39790c858d9542fb690cb63087a0267719377d21efe9fe954d4f5923bda5	0.282	1
forward-album-046	7bc126d083bde3c03df876dfb0cb25208b3e3db5dd1d104a68a4800e1b234960	0.277	1
forward-album-047	ba5b2b13660596e5344cf3e4212b1b13832ded1fa829451105c3a23b375a74a1	0.276	1
forward-album-048	36ca24b4798e5b609dc8107d9919a74304fe78a830f9071b52c18d513dbb34e8	0.287	1
forward-album-049	44aa5b345fe442019498f9fd318b70c92447b4b0ed148692775877ef51314a0c	0.284	1
forward-album-050	dcf3d7f2a0b715ec2965452519eb79e408c620e7528923ae54a484f6da5891f4	0.282	1
forward-album-051	b2c9cc44c0454fa726c73c8549063ccbf7f9ca585c90e8d0b8a4e94670ab9a71	0.3	1
forward-album-052	57abb903b31f788d80d1a2b427c301b47aba133f9bba539d9faab19b7b83e90d	0.294	1
forward-album-053	58adc84f91b4443006d1a6ee4ff81ccf918e68b6d6f0417e03fbcac74f88c282	0.279	1
forward-album-054	89e26b02e0306fd15c8b25692bb4c27104f9947aaa673685045fcc0016b48284	0.274	1
forward-album-055	1e031e0bc5187dcfd225c8d2bfd38beb398b172fda3d5413d0f129fe524ff725	0.274	1
forward-album-056	635050e6a5199a6a576f6869b696a79a7e8a1df01bdd5041098c6719133f42f6	0.273	1
forward-album-057	c81bb304d9b18251cdc4d83d1aed4a9d2864764ea37b6edfa09676f8b7951da5	0.273	1
forward-album-058	1dac9f360fa7fe23897a26d056a66b6ebf08aedcf3ac4cdfc90c80256f014298	0.278	1
forward-album-059	513e9e362a0a7218055189654b972a1393185fec124d7ce213f8a3cc0d9c9d51	0.279	1
forward-album-060	4295b7aec51c1a8f93ff4186d6f0a64bbc8389c28bfe700fd917873932986943	0.283	1
forward-songwriter-001	af3d131d371727339ef2a0aee8bb6f0188c997bb8332785051a5cd1f75952614	0.284	1
forward-songwriter-002	00b855c531a5974302ee5daf9df1a4479e3d01080b2767dad17232f5a6be0edb	0.284	1
forward-songwriter-003	be1172739a74b5c59fe1c2cb1eaf7795cc841aa9ecee8aec69d6b63216dd4af8	0.286	1
forward-songwriter-004	7f1938bb17a0400b488911f91f8c0b0ec7b47ef717cf9673783a87321c71676d	0.292	1
forward-songwriter-005	453a19dfe5e975706b6b28c079f6f47b19cc337c098c1a3ebddd4f4833ae1959	0.289	1
forward-songwriter-006	2b7637e78a9e29d8627989dbff51dbaff1373965f2be9260fbedef6f839f9bf7	0.281	1
forward-songwriter-007	334c35353df5b148530359292c29e45872286162436becbb61024c9261ea07da	0.283	1
forward-songwriter-008	0cad3e97e3cfc1a40a52e0f430d24a9b89426cbdb0dbfae8470c4dfae0b464ee	0.282	1
forward-songwriter-009	8831a9e05938cb707160721101582c5d70541e352094f87977b0c96d1a67c704	0.293	1
forward-songwriter-010	bc5f9269e920d93575665f7430e62dcb2ec7ac8638b50cc5b90016f06da4a940	0.294	1
forward-songwriter-011	404c9bf4cd388fc23f54f4a9f4e6b2cea1913a2a23eacc100468711646a41790	0.278	1
forward-songwriter-012	6114bd70f421abba0b3a8fe31f7149419768da491cfcf7ec92531aedd44f6891	0.288	1
forward-songwriter-013	44488988777fefed4814eda129d22d302bb04ed1bfbcf09772a58e4ad7524f71	0.287	1
forward-songwriter-014	9a371914596fd42a95e13510c6a4c06d9c393c2eef9409cd21a53907e0a6dd45	0.277	1
forward-songwriter-015	3a4d4057438c245ecafaffad3b17dd8f94888ccc4546d19c6ee69509066318d3	0.292	1
forward-songwriter-016	4e5dbea30e43f013f5c77418fdfd812c69b35caa248b751a2c206987fbbec861	0.281	1
forward-songwriter-017	b4a9045c5184a9ad2e3b8e6938c25ea3d8af15ad229ebdf01437df7e5a9865fb	0.275	1
forward-songwriter-018	da5ab307080470004b9ff2fe71fcb202d8c09d30f9e5e2801228a5fa736508bf	0.275	1
forward-songwriter-019	f2a50ef42e6e1eeef52459a8b91191c00277fe91fffd04e2420243b4c9c51cea	0.274	1
forward-songwriter-020	96171a757a6cff91b308e1c779d65de77d31bc306427ecf46b7dbde68f08dbd0	0.28	1
forward-songwriter-021	9dd8db73faccca1da2426ab9326fb49590827a000748f666073fa36c7127053c	0.282	1
forward-songwriter-022	4c6459516c3b641517af5f972e94b97fd75926691930259f78b8096083ab87ba	0.291	1
forward-songwriter-023	dc405324ab0dce2370ea910163657fd6da4bf4a0804b7b1f42bcd75aaf6b0a92	0.29	1
forward-songwriter-024	7a1f061aee4ecd6ed920c1f0120014f88c9150482d3b7488539b029649c2069a	0.298	1
forward-songwriter-025	dab377084f678652921f47f65a92b55fb8910c96db67a89b60fa48e0b2807337	0.294	1
forward-songwriter-026	cfb0dbb6299f6f44f6fc6edcf79379cfe7ae9a619514225408195cee5848bd9a	0.283	1
forward-songwriter-027	094a782a920fd976c775ffd3119308f4ac8025faa1efd2f6fcbc612de3349cf2	0.285	1
forward-songwriter-028	b6e996b05fd9a04190bf99de9e9860dce129693f22527f8df9417e1ce58ca535	0.288	1
forward-songwriter-029	6f80e089134a69cc8ab45c1d41cbe9d7fa72323f5b56f596d587a0c564281c6e	0.291	1
forward-songwriter-030	7556c3606e241246ebd99b85f7991c101d3bc823989c1e15fe8e8880cb798df1	0.285	1
forward-songwriter-031	576e0fd9a579e2bc08ccb3a394ea544ee733e832f475369d048c64e1d50dc00f	0.286	1
forward-songwriter-032	be295afa53bb5f13e47227fa603708f180f513cb0d10cc39661db4ae8ed499e8	0.3	1
forward-songwriter-033	d08640bc40ba0272c8520239ef9498ac09a31014f7f442b7c8170b18eadee75b	0.287	1
forward-songwriter-034	bcf4a3030e25ae44c3684968f3d9a73604cb6667462c2557d4293d86790148e0	0.278	1
forward-songwriter-035	93180ac9bd19d426e34e87faf1214d6676addec9c8f2abdde1a1c5f107af672d	0.287	1
forward-songwriter-036	e1f7c4e52fa92c6bd4f79d6c0805f56c39b578777d384af7a68870af0a534a13	0.288	1
forward-songwriter-037	c701353c706c637b2596a9cafb0794ac94a42a2e9f952fee4a68cf4385ec6946	0.297	1
forward-songwriter-038	e024c6c10566de2ad1615a97365944d07cad781f88c2182b903f71a6b268a89c	0.287	1
forward-songwriter-039	43e830ba7ee7df300ebf970b78320f91ba6b91c45903087acb3629fd81c56e82	0.283	1
forward-songwriter-040	4947d28af373faa79c62d96957174e83b28aa57244d6a47512c5efa942327e98	0.289	1
forward-songwriter-041	a1a7ac5765583b7ec1c2f6fd2596b3e965933b0bcef79010d940239e4cb1b5b6	0.282	1
forward-songwriter-042	3f48a95674a8f593a57d19bf6e5b11bcb7221209671fd341b9990d347509195f	0.284	1
forward-songwriter-043	71ae4a57018718650809179c6ce444e2f6ada70dc1cb800ebd2431227b3d24aa	0.29	1
forward-songwriter-044	35f116223eb71b0568962f875df6661b6b9965e288a3a868d109a3783d615fe1	0.285	1
forward-songwriter-045	d89a2fe5ece4a1cd044de63e13a74afe57c54081df441294cd5214fd87ae70e0	0.282	1
forward-songwriter-046	3beeff5e70c9068d161811a0cd2dc025335a7942862b0b3f93c9958deb96a14c	0.285	1
forward-songwriter-047	5dac3bb185865773d8431b23136eaa2c767bd1a32bcb7ccc9875b93de295afb6	0.284	1
forward-year-001	1c0f29ac3b5507a26964279e8a928af70a5004dcf3ef9f65d18f48bf6457fcd0	0.333	1
forward-year-002	8b431368960c18ca4e9b07bd5ef81b694605908c99118e4e8162b5d38ecc1327	0.394	1
forward-year-003	2c2af4c8db7cb9e6834eb88265ea91ec2dc847cc482934eb0d843107ad692b44	0.391	1
forward-year-004	4fde2f09a6b98b2f082577f178d38d6559ed2350f31feff4f6ba4042d6fb40c6	0.383	1
forward-year-005	441f545efc2ba2bf70687448cb5646b14f2ffbfc46de667fb35432f4c212bc59	0.393	1
forward-year-006	eaa9e1e02baf22b0f383002a28845210301f873523faf1f24a0c9a9bcb46bb44	0.398	1
forward-year-007	7a4046f521734715dc47b6ee7c176edd743818ded17c5443175947d7017e9bc0	0.395	1
forward-year-008	1d3f86781d74ad3549ec16c7711f28864e5a7073d9af374f1669cb47630b4c19	0.384	1
forward-year-009	f7af7e6f3a45247183ddc32a6147424febfd8afe480a389e638f76d330370afa	0.388	1
forward-year-010	0cc55c71f81ae319691c22426be6a1e0f2d3d010db78a7bdd55f0bcadf9a2a0c	0.397	1
forward-year-011	29779d18af6ff1ce2bafb8ec86dab21034e408de18e1b46c0017f2dc4abc811b	0.39	1
forward-year-012	2f7c69de0426238340cdef22cb4a270cfb8688746693bc850a84dcc0a25dd947	0.378	1
forward-year-013	9578aed8548778e7da1b2980ed6ccbe0a6ab9cafa80591ed93bb627d059908b4	0.383	1
forward-year-014	1a79edb3e855f961528eaf067a058fdc2e7c06cac69c3a32cc58b01ae87c1a6b	0.387	1
forward-year-015	5cf4c3f2c8d0531dc179a360bc544adf77194e665cdac641d4c4801ee17c4534	0.391	1
forward-year-016	39f1e66d39a0808b1724bce63df1218600af346a07fbe1955378ed3bfdabb3ce	0.391	1
forward-year-017	d199c86af639bb6917a798bddd5c78c531d456d0afbf92ef4ca0828a3353475e	0.385	1
forward-year-018	cb071cf93a53f5b36f7ba123aa4f655d6d3f43436c6a5714ebade56a02688041	0.386	1
forward-year-019	2cd9282cbc4e9f8a5db1a709217285b9aa48617018b020de5cd4d8ed794df813	0.389	1
forward-year-020	954b9a9ae9c96b00d1cc1f775508457e9ba4f810569bf928ba381a66679c548f	0.387	1
forward-year-021	44b8db9299769ec147590a6ffcc0ee6dad86a6f77d6cba87ad4e1e96ba00a026	0.392	1
forward-year-022	b6e0805e3ce50e9af9692c0aba3f1a24094fac2edf6e5f66064894b05baf7458	0.405	1
forward-year-023	04cb0a1aaedf8fc91e0e20a3729cd51c0b946e9abff6c42b45379c2e6230f20e	0.399	1
forward-year-024	ead8a7877d3ed12e4620e78e0ce0a2d4745ee62fc7b07ec26100f35b47fad070	0.383	1
forward-year-025	812a7857378681c65b9f799236c4f8f210308149de7a22f74a9024ed1a8ba51d	0.381	1
forward-year-026	4785a1ca1ccf01cd6edbbb2acac4568e28b6eb7e50ffedaae95c6b23edd76364	0.388	1
forward-year-027	6cc989f836dd169c993510ed34a050dacbfdd5530fae785151bf9269b26a7828	0.387	1
forward-year-028	b4846d604e9b154bfdcd1d4672dbf5317947f9fcc3180899f22203fc457f181a	0.38	1
forward-year-029	073e6b5540931cbad6d841fed8c1c968bf28ccafaf3f47f1ef33668e7baae8a8	0.385	1
forward-year-030	bb64c6ad8602400eda60c33797505eef29723bee63ea60c67b63e7f7072378ef	0.388	1
forward-year-031	bc50a9e06b8da934837c46030b94dd3ce5453e5e954e80569b324feabc3de796	0.392	1
forward-year-032	64b878b0f89cdb47c776f00cf2a9dc259297a24d476142c7e26c4d2d84e5cd0a	0.395	1
forward-year-033	bd1e6631cee66298848dcd31cdfdae3a2567991c83dca022ee43bc6f732e5904	0.382	1
forward-year-034	eb3b1b930a6000eb37b7e3f21c1df4b49ce317e53a032fadae8b38fc922a4ad2	0.379	1
forward-year-035	c26fc4c27093dca6015205afb867ef38238122aca316abc918d45ae6bb8f5789	0.394	1
forward-year-036	9d0e03b70fa77e633fc9b14e2203f3b9256250cade7541be612e01b3dfb1c08b	0.396	1
forward-year-037	d2a6ac8f2981d13a4c4a1f9f11678b42d4f9822f71178b8567493f1ae7c1c627	0.391	1
forward-year-038	0a5fec916cc1545abed188f86828752318076e6d839a9ed49959f3ad3626585c	0.387	1
forward-year-039	d7179ddf1318580adb690bc9aa0255da230b534891b5a1765744a2159d803b3f	0.39	1
forward-year-040	5b37a31f96de9ed23e8c469a185bc0238990489542f15371ed319322f3c19b8c	0.391	1
forward-year-041	24edf1ea8f25d2edc4c968fc655884ec300b2438102dfe548f0db0880f2fa0af	0.392	1
forward-year-042	e43a98293e6c02bdd60595e3888e4dfae7e36d37cb999664d992fa7bc59301ba	0.394	1
forward-year-043	7c883a0d24308774951f2c3d62a44f971e5411d0d44148794ddbc951da6f8656	0.389	1
forward-year-044	3b72de8bc18706d7603b5096a9c42470d60e99ff03b4776a2326383308117015	0.393	1
forward-year-045	d4acf8f47f7b9c667c5732599e95664a49da187ab70feaf963c13739c0de8a4e	0.394	1
forward-year-046	c07a700218b1ba5872c9c1404ff9913eab5442a9b593a477aee18e717bd5c668	0.398	1
forward-year-047	8e38f780c44419ea470f98aab2711b217b4f38af6c779e0a3ce7aced41b6f8be	0.39	1
forward-year-048	3c217535121074ca13391b2f33d7ef069a67aac186c59ef8a350e5cf0af0a428	0.387	1
forward-year-049	ad05ea4240da0867c91549d9cb71a11ae3db30b320ad0cc4b8b82da7b46139dd	0.393	1
forward-year-050	e1f7e9be873d35610bb474d4173bbb9ea7107a55f02778c5780982a05d5b03aa	0.389	1
forward-year-051	f241acdbfb96c099a374f730959014cc9e91b0714c9c29831ab9da3120eb31fd	0.392	1
forward-year-052	6f9f6323208659d4333e30560626b479450d252309de2e24a334b0c57351d2cc	0.407	1
forward-year-053	025129ed025d3732e9ec2fb0ef85e704bdd78c37794d983a13aaa9356e97b3be	0.403	1
forward-year-054	7499d75c5586eae667de30642140638b25898d26c6e46cccd830123c08ce1598	0.382	1
forward-year-055	170e61a92ed1fa687c3af595e9cb797ddc61636b477d7b5ed55f33fb37c020d3	0.387	1
forward-year-056	88a3a84f06243ff73c646172b5cfb38b6b5cfc621c3c0f524c9e9691c7296eb1	0.393	1
forward-year-057	e5cd0eae31138f0a95d839d6f1aa90495c51fc10926485e614260628229d0e81	0.389	1
forward-year-058	7cc2c81982a62dfbd874b5051976a293a567d5dc279d18522cadba787600de48	0.39	1
forward-year-059	ec4c49c525f6160919fdce32c1ca67cadae56ad31ecb1ca859ae328968083d32	0.39	1
forward-year-060	1d46fe8995e790be5227805267627e017ac94bd806b7323061474fdded0ee362	0.388	1
lead-set-john-001	3c0ae74722f08af751204ced675439aa6298e1e04e4ede176d35d0f5233f08cf	0.358	1
lead-set-paul-001	ed3a2ae7b1a127bb74c778ce7eb521bcd8c293434e9c976123da8c995d06439f	0.283	1
lead-set-george-001	cc99a2428259f12862ec3807b8c82245e46c3b4530226457a6b7f3ab3092b1ad	0.253	1
lead-set-ringo-001	670d24f1e0ae29e6051c43d18dd0bbfd035ff5c0ecc19b747ea364525e5fafac	0.275	1
lead-set-john-002	8fa7c640c678ac6aa50228e0d651db7fed838bc0bb8900ec9e44e14714dc7e9a	0.276	1
lead-set-paul-002	4d2cb462d6371d70836713c533b92757b174d52b23640646844791fd9f565b14	0.273	1
lead-set-george-002	46d1a4f4d2457715c7340704867200ccf619e1b7fce094559487822c0ae33f15	0.272	1
lead-set-ringo-002	05685bbd97bc485dea47abdb8adf76b88409b7315e5660c6f01c1f9ab559f462	0.273	1
lead-set-john-003	2b5e827371b83bc2b37016d83465cda9db19d50d2bfbcbac73af00ef00240299	0.275	1
lead-set-paul-003	a09b43135532d0365ed5339649fd0cf3e5f32302de346c46dbd3c14b2103a054	0.277	1
lead-set-george-003	db474b6569051c092fc0b298819572c987a23d00a03d3387750dc710d64d23be	0.274	1
lead-set-ringo-003	17328dd875dfe3a634f05c38b3e4d2ec0b26bde351e3562ec767a7217151a3ff	0.274	1
lead-set-john-004	2fa78e1290e65bdc0e5851034287a80e5cf8724971706bcc6c519ea19e46579b	0.275	1
lead-set-paul-004	300fa03564da264b36ae0275613c5188d861ba5fbae1a598cc813399773a1328	0.277	1
lead-set-george-004	a5658de91a728908996928bbf188c62c6598d166e7196042b62216aaa72cb55a	0.276	1
lead-set-ringo-004	3b202150009a6c27bb21774e5d90a6486d14946997ec72fce302ef78432b1e3a	0.274	1
lead-set-john-005	4bf4127f0f928f28403cee6bbac31e74f31c7dab021224b6747538651fc22c9a	0.274	1
lead-set-paul-005	2cadf8e9426d867e0855dc7c76912c0e292c96c2009264cfe973a2ddc41090a3	0.279	1
lead-set-george-005	cfb5212caf5b4438ed829d280f3b0a08f86c3755107baa61e985844295f46c0d	0.274	1
lead-set-ringo-005	2136e9adceb0703ec0bf253fd4b2551cd95003372470e415c8d0eee429136628	0.274	1
lead-set-john-006	ce66215cb92f2e9f12d4de67798ef9e1d2eeca9d8e4b8eea0c020f3a9b56812d	0.283	1
lead-set-paul-006	5799c664e9806b7ff6b9f1dbf54209d7778e2cbf3aec780e2591acb9c81db196	0.271	1
lead-set-george-006	3302d03f0a427b37d3268729cd4cbcc8901d6ea6135668b06d74dc83efab3620	0.279	1
lead-set-ringo-006	0835f6855a22df73dcc9220f05c6f843f56c1b7a8dd951d64e0ceff7140f721c	0.284	1
lead-set-john-007	5aebdbcee75f8c0daeeb1c7d850064afb4982392dba1c3d498342e477b1a6dbe	0.268	1
lead-set-paul-007	6c0be538156b77ac94766a386b63d3cceb3dbbbf2fe8b6fcd464751cd2c843a4	0.272	1
lead-set-george-007	3ec413d8b5c4a1087fdea2f283829e487c70eae4c7884ebdcd3ac19d390db556	0.279	1
lead-set-ringo-007	4d0f5d755eae6e9a31af9495f5f1d1d1bb95902c9640041c31c15ef4615522cb	0.271	1
lead-set-john-008	3378fbf9bdcd8e68b78d655003cbb1a4a617e4f6851cba1ee849136987dec9b1	0.268	1
lead-set-paul-008	0f788de9d406f6cda970563f9ccdd07ee4cdc05c1b75e55ce6421ae7a10fa870	0.279	1
lead-set-george-008	2d2fe8295533971952477705b0a745fce9fbe0ecdbe2396d1c69fb64c66cdf15	0.275	1
lead-set-ringo-008	2664ff703c37cab51b3afbcbf1a2616eaeac7d4f24dd3a42189cd799d3560697	0.264	1
lead-set-john-009	2171d780a121cd672c2526817957512564460f7e98cce2d34826f578343c1abd	0.279	1
lead-set-paul-009	33e801c2582edab2b2d0abacc3e4465402bce2d4abbc2de21f51dda478d6257b	0.287	1
lead-set-george-009	1c547fc66e3066e578fa755ea0a31fab73894bc5b90a0f2759b00fbb8d3a5da9	0.265	1
lead-set-ringo-009	cffac129729470c227b172f682594d3ff46565f96e5608c95c360e0a8881bbc3	0.262	1
lead-set-john-010	b34f52674bb6a8ed15c0f1691ef7f04c4d6ca189fb734b88ec60993c50ed2cdd	0.276	1
lead-set-paul-010	62f70007baa06c3eb383934c63e58a3630034ca47d9e2e5c72b340fd0595495d	0.273	1
lead-set-george-010	91f5cb68d67ab594e6e2db4d0ff0759d5d3df35748bc4de951645a5eb32d1884	0.273	1
lead-set-ringo-010	73b014ebb44b3dba2f10b759f98c27dbc90225c117ac32092ee9410b75fcc843	0.275	1
lead-set-john-011	9009c0e5bb7c945a7469b299bbd7d371b6491b3b4ee2a6cd597d2230daf713ab	0.281	1
lead-set-paul-011	84b8bf068a478cfb6a3a5ae7e5bf8c1499df1016515d58c3761e5e4be4aed514	0.282	1
lead-set-george-011	6cfb92a55c0dce520f7d83cdcd98c5248fba9a1422f22813780c33bc9c807e70	0.267	1
lead-set-ringo-011	5e0e06965c597fec3004caa987e3afaab5a7e9cd6fef4191ca7aa19901e69c87	0.264	1
lead-set-john-012	aa89caddcca45d244fd14bf9ffbaec251762633c2aaf3925f24770745d2aa91a	0.272	1
lead-set-paul-012	ffc0c74869e57c8e8ce1b6a8a396a60c08928462c814b175a90f5d7577ea7b24	0.275	1
lead-set-george-012	7a961efcbec43092601e5d9ac88f7f23a9a4eb3a06138acc3939c32826473991	0.279	1
lead-set-ringo-012	68daf0cbc9ac59ea7dd5aa63db5990960c889bccb7223915ba509c98d641fa54	0.28	1
lead-set-john-013	2f03b99db9acaf6b336dd261936192c1b0a94474a058f19ba8e5e4c065690c92	0.276	1
lead-set-paul-013	017db1d96d38e5971e8b13632fb8e4cc0e2d4d228a050eea6c0b668e590869d7	0.279	1
lead-set-george-013	6d2b6350fd950dafb24c8b2a66f21b20c475dce8366a4e854d781720560be927	0.281	1
lead-set-ringo-013	7a1df81f4852c65369eb832e1ffec3a5bd8db01c72f890cd44ee8ca9bfd1461a	0.273	1
lead-set-john-014	ab4364dce281792be9b9d8d5a84d86c300955dba4226dedb957caec055bdee3a	0.268	1
lead-set-paul-014	7252d74cbbe6b5f12ac5f7cc0278916579d910dfc7a2beea46ee4ed71fab5507	0.274	1
lead-set-george-014	ad4289eb72d3efe29ed7b159a9a7ca9c49567f487d9e94c40ffcff335b1d232f	0.282	1
lead-set-ringo-014	57e7f4bbc4b18744ade9e7a52ed84012cb8382850652fbce84c61c6e2ac21440	0.275	1
lead-set-john-015	b655b553b435acf7535cd5c4ee11d52b1510e732ab5f93136d422175e7ea1075	0.272	1
lead-set-paul-015	54a7bbf945dae2ef8e6867be3f7cbcb4ddfe25f1f62f59be1639fecad59c0388	0.274	1
lead-set-george-015	8727f625f8de566223636bada94c266e251557ea39ecacc26215b94abb258013	0.273	1
lead-set-ringo-015	bc62d429bcb30b08d48364cad0ec9cbf617a7d1b07c622199a74484dbc32b2c5	0.28	1
lead-set-john-016	1d12fe2509b653ed945a594cd1700b8a829f5e5c483be53064f84ae3051134bc	0.276	1
lead-set-paul-016	3e5f2cb2588b8b185c82a498fb53920940c339e58fa2eb9ffffdf40bad3e8784	0.28	1
lead-set-george-016	08b7ee4494f5355a3b0794564d810c051ac8be2044d178113c8f4f5bb8c18e9b	0.275	1
lead-set-ringo-016	e7f2f58f67bf1e246a6d88f569e6c0916937632a2151491551a60a977efbb512	0.266	1
lead-set-john-017	6ed13333b21e7b7384bda408adc1028c99f0232924c9d9b2f3ed8d558de9ff7d	0.282	1
lead-set-paul-017	ff15c60b315febccf95d48b32be79bc58b4a878e9a665c9a2e68513389ef503f	0.277	1
lead-set-george-017	6b88d54f202df55dd38dbfeaef3bf4c3495c51323993a58e21945982620809e5	0.271	1
lead-set-ringo-017	bd4ec808921dc8465ffa6b9876972e90262e06d686830d84d3034597f4f0ca4f	0.279	1
lead-set-john-018	353e8c980dc21004962afe4585ff4a3c551184fcf9745ee26c30bb3ad72fb058	0.275	1
lead-set-paul-018	f0d19f6634dee4f56d2d5b643b9eb210708ed742f787526f633792011af9275f	0.275	1
lead-set-george-018	7139178ae592deb4888363db99a2cc753ff7fc87c2d2479e10179b85eace668b	0.279	1
lead-set-ringo-018	d871251cba9efd3263db506ac81fa5ff4940888e3641f2735379ea21cfb5da9f	0.283	1
lead-set-john-019	289f7e3bc7144447f7fb43b9d3d820699d198b5e1502b216e9d59201a0136ea4	0.279	1
lead-set-paul-019	e29eec259633af2d6bf30444fc7d36e9e5d5c255f87f151582ca236808c5a45b	0.271	1
lead-set-george-019	54b09376409c73ac70dbf6ab261e659158e5a48cc2a1eaffc1094119ace302b4	0.279	1
lead-set-ringo-019	768768a5cf61341aa906ccae126c32bc09c6b1242a03492de7d663e1f05ebfe8	0.279	1
lead-set-john-020	0fcfa8de4935ab3771424480f0618e63e40f14fc084dd93653987462eacf2e6d	0.279	1
lead-set-paul-020	cb88cf5af362816290ac48d40321368f8ad11676448d1358bd157aaea6f1ed10	0.289	1
lead-set-george-020	ae4e60617b5d71c17a26a81ca3c23229c2c3bee315f48cb66727d2017489f7c9	0.274	1
lead-set-ringo-020	31c10f0092d016e0897dae20b87c2792956b9eeca2ddfed17257c62336df0198	0.257	1
lead-set-john-021	bac8b79d7eb8533593c177901614f4f272f723f63f8407bcd5469b533341c862	0.268	1
lead-set-paul-021	577895075573275411e3bc76b26ae0d33900083f646573a150f8a361618528f8	0.282	1
lead-set-george-021	1ffe39b97233d8cb09e48c2cead386905267da283ae844721a672433aab65975	0.284	1
lead-set-ringo-021	2b0ca7b1c897ca197de6cc67e622fa5b2cfdde721cfc37a19d1848a0ad48a03e	0.273	1
lead-set-john-022	3daf08db297fad6bbed334d2f5844186d75b3e3bb2cc3b8fb9e70e4a4741e004	0.27	1
lead-set-paul-022	85bf4de88226d717d27fdeb51ff30c7523a6bb2dd64bd96aebbbc409fa8ef2b2	0.281	1
lead-set-george-022	a63ca8d50d6d0b3e3427830401792d274da3a687058a6adb1137dd744f069740	0.283	1
lead-set-ringo-022	469be75f679abb2aadef69bb7d1316a9d1db292b5d9e14cdd79198ac1a1fcf24	0.274	1
lead-set-john-023	01a293afb6f7ad4f6b91ff59d2ab446e1d0273dc64af79695c824f86f647d942	0.278	1
lead-set-paul-023	e668e669d133b9b7716c9e1fe97ffaaa531af3a3db9f379b48bb3498670c1233	0.287	1
lead-set-george-023	5e2feb8560c7d865f3ebb0bffdc8499a03d3ca42f1818ee6312e534f176641f5	0.273	1
lead-set-ringo-023	e91808123b1c627b57ba85bca01fe59de8bf790a878cfbd63fddc9e82a314b9e	0.266	1
lead-set-john-024	54cdd4bb40cdaba65ea30e2e185fe9f08f95a411c886c3dc20fd0524997f7f42	0.277	1
lead-set-paul-024	a3af6483891ed8ec410804962e1b56f36fccd1bd45f2863d193a4b3220a9c4df	0.278	1
lead-set-george-024	822ee2997194605af4ed2b8d054d594be50d645f593d86e2f518794361d47f68	0.271	1
lead-set-ringo-024	f0acf71b63f6ce6bc3be7f0c69cacc0ff2220b85c84a5b5c20a3303005652dee	0.282	1
lead-set-john-025	dc93cbf916e0e35bdd977f5aa369b5f517ea53c7c9cbd22c33acea95a59fa8dd	0.281	1
lead-set-paul-025	045f42400fc9d59fe11a81cdba66b75bd54fc3626c5ff28e38bf96a232f26f51	0.281	1
lead-set-george-025	e797cbb969b5857f9d028178d92052aeb86b25037157e5bcff8174ba34055e44	0.276	1
lead-set-ringo-025	546797647ada93f5b35f0b52e21741b198279f491c5d7d12ab4db4bb51e48660	0.272	1
lead-set-john-026	429bcaf7045adc0f1d2cb847bcd460266d7d498ecec6f6a052e445cb1cf78ead	0.276	1
lead-set-paul-026	b265ce1b6377ca18ab5990026b71bb8ceb3b5cf5e90cb64ab4527e48ac86c104	0.277	1
lead-set-george-026	9886b6e5b7dd2dba7a07ff326a1aa87300f1bbf233a6e4aebbdce7a2adf0c40a	0.287	1
lead-set-ringo-026	c0b3ad812aa544617a1497ab350657a1f3be04493e27a80e38d72e9415747b2a	0.283	1
lexical-trap-control-album-to-song-001	4dd499836fe2d75ef08d549e2c2c4c3bade4731b8aac5153005292bc252ae02f	0.29	1
lexical-trap-control-event-to-song-001	1892be038bb7eeb699446362a6d4a4856dacdd05b7bfddbe38f0d963877f931c	0.294	1
lexical-trap-control-album-to-song-002	31f9d99fb9d10f96bd4f9d9219bbc8ec15cf63177d8c3a68408cab9cbacfb9f6	0.294	1
lexical-trap-control-event-to-song-002	f946bfa985833b7899fbc7cd06167b18ab829fdb61b3cf1d63c2360432210281	0.294	1
lexical-trap-control-event-to-song-003	58156ef59246c693c00291fd505ee71b61111b3fbc8c5aaed6f316b5e9dc8b3e	0.285	1
lexical-trap-control-album-to-song-003	8fa591f7437cd09bfa1515d81c683c64c3893b7de64b651a2005bf1ae2f3f9fd	0.287	1
lexical-trap-control-song-to-album-001	91a5c8ac5fea598779a67d77d860c69d82b2a19d9efcd78b777ed373f939997c	0.285	1
lexical-trap-control-album-to-song-004	b51dc4a9d87b431013f9fed4ab31f3228774b5db23f7f7c91c286d1f73d4d8c2	0.291	1
lexical-trap-control-event-to-song-004	247527c1f0fa75ed40c76f9367e567c5daf39e9f6661b02c5a0b61ba0445488e	0.288	1
lexical-trap-control-album-to-song-005	eeffdcfac6e40f139aae7ea3b0db97cb05f3158b8b8738abf8e17e79ffe7e136	0.295	1
lexical-trap-control-album-to-song-006	6ed6713975fcbb9272c255939ecc67609a5714d6d8c0fd785d97aa8c792202ea	0.292	1
lexical-trap-control-album-to-song-007	78a99bba6862589efbc8373caf658602c21203e67f6186538c8ea0118dae419e	0.289	1
lexical-trap-control-album-to-song-008	debda57bcd0ae2c5f8dac23e1d61ecefff0c51dc1bf72e844647aade92df04d5	0.296	1
lexical-trap-control-album-to-song-009	d112db9c1934ae186ed6a36eb21dba29feda30735c5ffee39e0f0760759b9842	0.285	1
lexical-trap-control-song-to-album-002	de59ae29a9fb32f5bd12441ec499ed2ca109a7f1538fe30af9bd6f7eb25d25c1	0.286	1
lexical-trap-control-event-to-song-005	c97885c0ba0203dd78e5c663522e6a55ef79e960a522e4b806b4c26145e30c58	0.29	1
lexical-trap-control-album-to-song-010	3b517194a95d6b9a4effca76f7b631006d750918e6cc548e11130e2bd26a1f87	0.291	1
lexical-trap-control-song-to-album-003	1649d77acc34af38aed6828d05e8d843f7899306519bcd874075d19b94a477d0	0.289	1
lexical-trap-control-album-to-song-011	718fb3162905584a32f6df759c8a05fa263e359500e43af0cc9b86278045f3df	0.285	1
lexical-trap-control-event-to-song-006	0c789890d9330001b141547a1ae75bd2dd337abc66afb6980abb8c5d0bd06c81	0.294	1
lexical-trap-control-album-to-song-012	0336d63fc76edd3271474df1ad5f0bf5558bb7cbaeace2cbeb377c97625ce132	0.3	1
lexical-trap-control-album-to-song-013	efe788541bb4df47da75d60e3e7333708d695d7ab1a5de68059d58d56fbd8b20	0.288	1
lexical-trap-control-album-to-song-014	4a04726de41bd542b54e27d37e2085e76a64556dcb51726cbe817ebd7153e361	0.281	1
lexical-trap-control-album-to-song-015	5eae14fc3e0dd22a05f0ef3c30842bd3e7123b75a448fa20dddb2ebb852de0e2	0.279	1
lexical-trap-control-album-to-song-016	be14efb69b0395597e097a483cccef6f5d97c2abcf8110d3ec65697cb841ab3c	0.284	1
lexical-trap-control-album-to-song-017	69004e430e6e47193790740ccc27bdcce2d6973d20ea64b82ddcc74fef8b3432	0.281	1
lexical-trap-control-album-to-song-018	52090d6e9fa153b800311b3c66a4dc2f4644fa06f9fa35f66d301fed53c26aa6	0.276	1
lexical-trap-control-album-to-song-019	af22c8d3f0897c2a5dbaabe3466bc9c94378af2a3fabbe1c3eba3595ddeb44ed	0.284	1
lexical-trap-control-event-to-song-007	d199d7da6f9547061bd11f3e782fcac6218ce0d2fc1cea409a2e279561a6a691	0.287	1
lexical-trap-control-album-to-song-020	22a51ae05ecec0b416f295d8a9c1e2764d3f611f18ecf0647a60212ce35d1445	0.284	1
lexical-trap-control-album-to-song-021	85d9dcbf6573e386a7830d63a153524c8f20180c1846ca0f2ec08dab78cc00a6	0.287	1
lexical-trap-control-song-to-album-004	fa11840205c0384b5837efadd17cb2a3f3a976378d912492f6f5fd4f16f130df	0.291	1
lexical-trap-control-album-to-song-022	f4eb9f8d63ef241a9ce51dbe3e27c38ac3a1dbaf2ab521ded8c743b6127ca175	0.295	1
lexical-trap-control-album-to-song-023	b9f52f7ef508b8255d65ac0a7a1686e38220a6ab8f6bed1d597a1d81c9183945	0.299	1
lexical-trap-control-album-to-song-024	ca71bd2c4be039696ec7cfe38c624b93995fee991b64e31de17ace819a9995eb	0.293	1
lexical-trap-control-album-to-song-025	9a83f27aa78c18acf573381aea1be251840c621567b807d62729333812bd594c	0.29	1
lexical-trap-control-album-to-song-026	0e84feed9fb5abf81e48a93c6bf5bdb2064378ee9d56f906eb2ca98a7620f33f	0.293	1
lexical-trap-control-album-to-song-027	5d898aa7b60a4fe4807838304f9fa7d9a9783f4d9e5e4e47778327999a7bb3c7	0.297	1
lexical-trap-control-song-to-album-005	5bf12782b7d683968501cc72248ba1d0c0449804102df0118e3b03a2a45dacde	0.292	1
lexical-trap-control-album-to-song-028	1eac19d2e4033d9327c361cb3198ec2d2f1cf32125832a5fe0a3d129e2613a62	0.292	1
lexical-trap-control-album-to-song-029	5d0eeb6bbb2b6b0333d7555fd3151f8ee450d717494ec97e47ea1b5a013994d2	0.292	1
lexical-trap-control-album-to-song-030	b55eb9bc96de60f1a60db4610bd756ac8c084e0b6471415e099bc16043529523	0.288	1
lexical-trap-control-song-to-album-006	20b2268e9c30f36db1852ff669e78b0ca1d359731d4ce47e8ec1c2d5287fb2fa	0.29	1
lexical-trap-control-song-to-album-007	4e320c8aeb1e7f778a2684b05268bc9f1aea1938c11808e8a6bcc4f6024fa580	0.288	1
lexical-trap-control-song-to-album-008	886f19d4b57456e0482f4b1b303b0f4d50f6b4ca0cb18c57c4f7680e57b4cedc	0.287	1
lexical-trap-control-song-to-album-009	1ccc479d8f7b6c039b4417a750bb7d3bc92ce6bfa44a15183da57405dec701e4	0.286	1
lexical-trap-control-event-to-song-008	a5b2c8db5ed1a0687e61b6e1a91af7c873c45af33f80ad618f0dca784b662517	0.295	1
lexical-trap-control-event-to-song-009	d6f4ed65616865cf6566e2681c6a83db67546d80ccf6847af8684a3ae5246410	0.294	1
lexical-trap-control-album-to-song-031	4637fb663e24804099dfb9248f8cec11c2dd68fd18b88a2e18b726effc3a9ef6	0.28	1
lexical-trap-control-album-to-song-032	8aba75fec93d5de7771102e5da90b5f30c62956220d2d6718b65339f5f55baed	0.29	1
lexical-trap-control-song-to-album-010	0047d6b469663543bdbed1a23526bcba5193f1160faf373b25b9c193700a6dd1	0.292	1
lexical-trap-control-song-to-album-011	230d791afc3ace3c734ee3774a0e39d3c37835e430914e7f7445781dbb582bce	0.285	1
lexical-trap-control-album-to-song-033	9c6ce92f81e538e72aa796fc3c0fb402722961fbd36893011dfd8393be73b413	0.291	1
lexical-trap-control-album-to-song-034	fa76b9885c2b767462af3078e443806bd46ade909678c313017802cfe042a848	0.29	1
lexical-trap-album-to-song-001	0636ac823b477c47fde285bb13282798ae74ebfd36a986d4d4c30fd589cb3d81	0.295	1
lexical-trap-event-to-song-001	8a77a0bb51994afa908fcbc04bdd1c87215ea226fc412187cc28cccba4f721ef	0.294	1
lexical-trap-album-to-song-002	4e0d95f1f6513fe9d11f4263851a7fde68deaab1c1b8f1ddf8f760c8ea63d370	0.289	1
lexical-trap-event-to-song-002	c6c308e5db081c87a8d38d305fbc67c0c247221d720c656c34a2e3a31e05a6ee	0.291	1
lexical-trap-event-to-song-003	29d354639d75020dd9c29a3bd2a02971754d064fa7a7239b989dd3c5ab4dc161	0.29	1
lexical-trap-album-to-song-003	62c5ef95477b671456b26fcdfe5c1f9e1c9a6ee1bd50e31e35dba44a1beb7bcc	0.289	1
lexical-trap-song-to-album-001	2dfe8805ac97868a2feed4ea3ba40a025b96e91fddbf825982931ab38927a21c	0.298	1
lexical-trap-album-to-song-004	ffed94d1944f9f303fa873f9766f5e8b6878f24a3a01ac7163da78f8333c0afc	0.296	1
lexical-trap-event-to-song-004	4c3f1a6da4a2bb3fdc61847aa203fa57d4f87944ea20ac97e8e32c08c24469e8	0.29	1
lexical-trap-album-to-song-005	78bbdc3868291a0b7b59af90d41d6a5602eacd9cfc01b618a143189a6f29395f	0.298	1
lexical-trap-album-to-song-006	e97f1e410e7110963766eb5a816157c9e160b6cc318081c167356b8f51ab4517	0.298	1
lexical-trap-album-to-song-007	a6761424063c73873c630c99ca66f352c262666bf9937dae4da354c9c332ae5d	0.296	1
lexical-trap-album-to-song-008	2a5afe1714b5938fe4e39d3a8920b1d877884b666fc9c7b4476dc7b5cb15e8a1	0.297	1
lexical-trap-album-to-song-009	71ef6123ff155bdabd62d1b5caab8dde1476bae9c1d5208cff23b1d8a2ee5a90	0.292	1
lexical-trap-song-to-album-002	875509852254ee33341a019fa797d217b3be9f6998d58d4cedd8de48a93117ef	0.286	1
lexical-trap-event-to-song-005	cae0df0c9351d3a156872a69ea990ae999a454249c37f34da05c7b1d95f90aac	0.281	1
lexical-trap-album-to-song-010	88c07f22414aa83e4c9737c471ca76a2b992bea90391f451e98bd4996e2abdbf	0.277	1
lexical-trap-song-to-album-003	b2428c7f64624df17ffda3f01b49c8efa6c4164fc78662eeddd15dcd56387c67	0.283	1
lexical-trap-album-to-song-011	c276699280e18d0b089a4c13a8defa00a2a9ccf45f1163277bc922604480ae19	0.274	1
lexical-trap-event-to-song-006	eeffe32643c4d21a0c42694dd8b8fd3761eaa669a46085d01f4ecb546a444e18	0.275	1
lexical-trap-album-to-song-012	0132e87bbc4ab6342fdbd2afaf1ae9aab1b1635a3d6307b005a8eab885f0d237	0.293	1
lexical-trap-album-to-song-013	375fe08b00fe1215fc9e0916f2be7b490f0e90179dce1d32c1e5f125f4b15743	0.287	1
lexical-trap-album-to-song-014	6aa86642bd80172c3e685ef3dd695ad221db3d7b934376ec21943e3d0540dfa8	0.294	1
lexical-trap-album-to-song-015	bde80f35838cd0f2f30b67e54f9e4f834bd6d42650b0db672c40664892af4a69	0.293	1
lexical-trap-album-to-song-016	61375984c9d6ef583e1cde43f639eef0b55b230ea909da8ac7ac6be15ad3547f	0.278	1
lexical-trap-album-to-song-017	849628f98da31da0b2ad3d278f1af155e47593ec9c94704b2bff3744669de28f	0.285	1
lexical-trap-album-to-song-018	4f8b6ff7afa90bd199889567d94dfce75141f0a5138d8261bec94fb5528e7a91	0.288	1
lexical-trap-album-to-song-019	f03a82c047e4d9f32c31339f1890852e4da697af5c4f46c85a52be4441675501	0.29	1
lexical-trap-event-to-song-007	8e79348d77dd9017a2aaed283089ec9180df12b2ef8a50e120bbdcf7ce1deb45	0.29	1
lexical-trap-album-to-song-020	9ccc8a1ea0d889c224ce814fabaad32d61ee77adf55dafadf7e9d4b3b91915c0	0.288	1
lexical-trap-album-to-song-021	24f21abb1df378214cf05786dd3290ae3d7ee0c96c2f4e86a33f1ca83b394b8d	0.293	1
lexical-trap-song-to-album-004	219bd4525d7802eff4ee0382c0c138ae2a0463afefed84a338c4f0f01250f84b	0.295	1
lexical-trap-album-to-song-022	14944455b36a16c3f56ede54845eee627fb0bbedefe69647c830577f810ca989	0.295	1
lexical-trap-album-to-song-023	30038340512ad1543d9567e03789e238c7da32cf924126321180bb8ca655fa21	0.297	1
lexical-trap-album-to-song-024	9ba6fc9384ec8622da3db392e95f4d943254c1a511a4250c6b026774ebc08625	0.29	1
lexical-trap-album-to-song-025	aa6efe4fb76099d433d72b03ae88e1987ce81516024ad10ef8c9a1b51cab1620	0.297	1
lexical-trap-album-to-song-026	d52987803a78b720e19700c3b5b7fef1f59c254ad3d05198a1caf26e2edcf446	0.304	1
lexical-trap-album-to-song-027	a56b09ce9db1e844ae7cb46646ee7f755c69963b0fcb17a1724b263d3add4103	0.299	1
lexical-trap-song-to-album-005	bee1f61e6a6712a89abfa9613671c31b3b8f4e6fbcc5c5e31bb530abad1bc481	0.294	1
lexical-trap-album-to-song-028	4ebe693dccb0da4a8c8d677e4d6c3e9d3aac8c5654ed969b89856f82549f73d4	0.297	1
lexical-trap-album-to-song-029	9adc3080fba0a7c8c1d5618ef4d590ea3f9ed9c53b86e4307433918fb29e6519	0.291	1
lexical-trap-album-to-song-030	886dab9eb4c545ede2fb6d79d5bb106f176dccd30734298198f0d1e6c624f624	0.284	1
lexical-trap-song-to-album-006	345b7ab895660b328df079677e5cfa11bd12bee427c333919f7b5de5eea3946a	0.289	1
lexical-trap-song-to-album-007	47421d41eb6a6ca2084924b9c51ed88efdf9dbf53372bbf48267d2499ddec37b	0.291	1
lexical-trap-song-to-album-008	b330fc8068eb726591ac4bbc2dba8078e7a3fef2a623feec792e7d19f5f96b84	0.292	1
lexical-trap-song-to-album-009	1f7d9bc102b68553c615b6583f1c6dde88dd7b6293aa915b333b7b0fb143b502	0.288	1
lexical-trap-event-to-song-008	d22536abba5e24f3416cf1fdc070cb4182272cd10e668b561a8252a6dc66c79d	0.285	1
lexical-trap-event-to-song-009	ebf0e786d2a305f1e603a0ac97c91bc8da299b444d13ee5d421b9b6d75892d57	0.293	1
lexical-trap-album-to-song-031	62a83f460d19a1a64dd9d708d941a14bed092be80b12ba1c03e564f158e9ecd4	0.295	1
lexical-trap-album-to-song-032	88752fd87a69a13b9c98a44f4eddd5d1a373e7a0b6c80b262d5fcd722858bd46	0.289	1
lexical-trap-song-to-album-010	3b2addc4f14acdb0b40f226c2152901cca32224fe7632e65088126541f8b6763	0.296	1
lexical-trap-song-to-album-011	f2601b9d6b3831ae4c6e6a29e9500d03ba5080e2cb82af5a40ee555a94cc925f	0.298	1
lexical-trap-album-to-song-033	35f072be34d977cbd615506d60600bff1150f3e0b92803da00fd0f646a8ce8f7	0.301	1
lexical-trap-album-to-song-034	1ab04ee46878db7b585f6596101f952a3c57d10bda81a70a1d21e670ff6832b4	0.319	1
multi-hop-album-year-001	a7472353c08ed0272cd8650ee1d9d5fe1eb309b03c05450f582bde222be4673e	0.334	1
multi-hop-album-year-002	ffebfdfe9c9fc7d99bf99d4fd63b99eff33347a8cec7c2068e00364831d5e2a2	0.359	1
multi-hop-album-year-003	56d141980bb2cca7040356dc2ff284fed2333a52209bbb93cea6977621f9ef2b	0.389	1
multi-hop-album-year-004	d5f54164cdd6c7d25993c45445499bd4d7c0df6198f684531217495bd636831a	0.389	1
multi-hop-album-year-005	02a282f27f9177cfab5eaf3f043b4e4be1f8bb7a8090b5a170826cec46c5b11a	0.393	1
multi-hop-album-year-006	76c43b9614472082237ee728b2cc7ed7eb24ecf82d4a0af3f1c5e8e7f3adbe90	0.39	1
multi-hop-album-year-007	a7c3f2196394ee5bf4a514260ec7fa7f66733c1d38efbcc9523b5f4062591258	0.387	1
multi-hop-album-year-008	e354a6d65b29fcf5bec51c8e6982ea5b89f077c746ddf2f380d2c8a7f5e0d37d	0.389	1
multi-hop-album-year-009	24d3f4e0705ea653f29dbaeb47b0c9142a5a705c52bc7c2782b646941ed51687	0.383	1
multi-hop-album-year-010	5d4b1e71abdd845edb38b86aef8370a7b35d539d591fc9532d7b25935f2b3896	0.385	1
multi-hop-album-year-011	84c8de94173c30a585acfa47fb8ec3551cbe10341162884f9fb9116bf1e121de	0.399	1
multi-hop-album-year-012	236da2a177daa7f164b212457c027083a9ddeba9a0a916325410c2d2c31edee0	0.396	1
multi-hop-album-year-013	3624ea30fe107a80c8f625e92d78b4b3b4bdf827d8b55eaaa164a5a8e412c7e0	0.378	1
multi-hop-album-year-014	895f79819a29516c7671ab141eb6bce4d10db7f35427396a0ded6b69e29a5bd7	0.383	1
multi-hop-album-year-015	dda34085debb4868f56a4d191e39cfbc5c723373d200b96d780041a07aed542a	0.387	1
multi-hop-album-year-016	c7741c911a3512b3d86507f46e2babac95f8397a6a3275342de5286d90bc7e1b	0.39	1
multi-hop-album-year-017	fbbbab0d62840e91b449b2846ab54506678e1232694b7aa8663cca8982c0e759	0.389	1
multi-hop-album-year-018	a5dadf0ca7f051a757cc808b7f64d66b9b30ef332621f63c547edcb1433a7dc8	0.385	1
multi-hop-album-year-019	5089165969d2e3cfd3d1fc54d2bb3e9fc73c886ac8284bfe0bb4355cf35e8b57	0.382	1
multi-hop-album-year-020	88d732baac811d6a5620d5594421d7a439470ceb3b7838bda25770a3e1d13eca	0.384	1
multi-hop-album-year-021	1f2ddc5a5932755e399b3ed060b694c33e8cff5905d7096d7c3c73c776c98d22	0.388	1
multi-hop-album-year-022	87b96b6f5a23f5da734943f9165f409ada0bc49bb9a54b6b9ab65494271b4736	0.391	1
multi-hop-album-year-023	80d4d907ff34e8757dbb4706b7a4123614d3ec5333cead378a51926ca677e33e	0.378	1
multi-hop-album-year-024	2e743605d63c7406f6aa99281287cbf258a03849caca461e02bec4f88d1e09a4	0.375	1
multi-hop-album-year-025	d2500fcc527e024fd873aaf7d8acf09f7c31356a83121084daad0d5d400f580e	0.403	1
multi-hop-album-year-026	6959130244d1868ee415bd0d822c6092652d806684fbc950862291c3e9baaff2	0.391	1
multi-hop-album-year-027	f772d72575bff51e74eebd75103a2326bcaa5ac4774a4bff9b598cd26d44e4b8	0.379	1
multi-hop-album-year-028	30cd429612b9deb97cc6fe9b467ab711c51a0df1a6e5ff4260620cbc268e2e57	0.379	1
multi-hop-album-year-029	f158a0bb81349cd450c66d963748399a4d8bcc1c582153a0cf923411664a9dc4	0.397	1
multi-hop-album-year-030	4a91cc89306ec0834f2f36de4dd4492b28486fc3f83641f12a68384b9ff40ac0	0.39	1
multi-hop-album-year-031	8dbdf7483431a6c44f9c4e67c988712c41430c7d759d58154f41956277f64b47	0.363	1
multi-hop-album-year-032	d45242b5ce3adf45b1690f1f214e9d3bb78f3c6a572b328b0a16bb8e976b4a15	0.377	1
multi-hop-album-year-033	ab0d0e8a772a5d894c16b20692ccd9beb9edb4174a7ef3f2029431929a0eb7a6	0.39	1
multi-hop-album-year-034	c80743ceab9a758be368871f03d3d7abb2b74d42c6b2f7645ca69e6e5c65c2ce	0.387	1
multi-hop-album-year-035	fcc750c1177581ba6a6025147b61a290bf2a5105c8f60e500c95b978de71f759	0.38	1
multi-hop-album-year-036	6f0af7d39b2ee73daff369b28b54ea8ef32cf1bee3c1421c9628acbd07a5fdab	0.384	1
multi-hop-album-year-037	cab9cd79b4da134c909e7b36d6d5957118aec59784fe1a1577d4b0cee942ca89	0.391	1
multi-hop-album-year-038	63c6103524f6f9f3ebdd6badf29eda24940a78ae0148da0897db1cfe4e77dc13	0.393	1
multi-hop-album-year-039	29e1f04c4137ebb1eec6f88a29e49f2802ebe7867435866c008e35a07c0cca7c	0.387	1
multi-hop-album-year-040	89ae832f527a17e8d414fe79f830cd157a3668e6cdddc5fc4ae1ccf64970aac1	0.394	1
multi-hop-album-year-041	9c054e1fe5c917bc26427f845f6846d4286f29a80045f918c273c4cff7b49460	0.387	1
multi-hop-album-year-042	4392bdf0cd09845f7454a3a9a2f0464b2d53d30a475cfc13d471f64946b3debb	0.382	1
multi-hop-album-year-043	6af95580fcd8002d2cf479acc746b621188705cfa1779f61aa55be5228d4c308	0.384	1
multi-hop-album-year-044	760ff22a85412e63410156d711bca8ba5babb3c30b1301381e24107b867dd32d	0.387	1
multi-hop-album-year-045	fd6edd03750d4f24cc7bd315de9e4b4133f7a3ff7a33a533c6d0b7603e8f89c4	0.391	1
multi-hop-album-year-046	2491892dbebe542ee2ec5a33f08fa8432881c01ec5c63066bbd38272669eb817	0.392	1
multi-hop-album-year-047	8bb44092dab335bd39ca33d19cf08be7512388ff8628f1cc1ec1173f7f024b12	0.403	1
multi-hop-album-year-048	02969731383a0653786788b5aa7ffc94b74fec27825bed8bc54367ce25890a8c	0.404	1
multi-hop-album-year-049	d4abbae2b3f271666616b38d663099244fe80a8e53e80086c825bbee8886f540	0.386	1
multi-hop-album-year-050	045d36966a9fbf1b0954edc5329a4b54c7db7127f708f00961d56fe792751e26	0.383	1
multi-hop-album-year-051	3d3152c1749e504ac120cea6c87aa19619bccecd3c8aba654695088f645be0b9	0.394	1
multi-hop-album-year-052	c10d777000a0a738940ef612d8659da59960774b69436ffb1ea8747467515a91	0.393	1
multi-hop-album-year-053	c7e1ba21a11499c6e4de600adf37b17e85ab3b30f53f521025f8a3f1afbc5cdb	0.391	1
multi-hop-album-year-054	71e307b01ac6270b84cecbef583d003a41aff83292b1cf2b23eaaca5ad7ed4ea	0.385	1
multi-hop-album-year-055	989c995f1b729b08332ad471c670f3053a9f38794d434b902f333ffb9e03a292	0.393	1
multi-hop-album-year-056	bfdf726d4f691cfb78418ea1e4f18222d507b36786bec876fbe065384c95a220	0.411	1
multi-hop-album-year-057	9ba36210309b5f9b30b59ef86589b52f71f3a639f62b8d987eae875aebbcb229	0.389	1
multi-hop-album-year-058	ff83ce505302b2352a84ffd931ae1b1fea208c8714da10217274317ef4850072	0.381	1
multi-hop-album-year-059	59003e530ed04301ab3ea7284c53fa956fb38aef8b7f001397aeee0195bde465	0.386	1
multi-hop-album-year-060	0d233a1d823dc8a09ab20ddc7c5fd3ca940cc9351ee414afaa4409ea5d8e2db8	0.381	1
multi-hop-before-after-001	890f4042ef8bde00b7d9d5624c8d87cda5abc41c6d9c7078cee82d50ecddc6c4	0.334	1
multi-hop-before-after-002	cf9f90925a164adb3b99ccad181e09fc7c1e823f3784fcef17ba87cbe4425493	0.279	1
multi-hop-before-after-003	cb448251f76090ec2c64fb4dc90a6d515ad324e909aebe2e316a54de6317946d	0.283	1
multi-hop-before-after-004	a7afb2a0ddc3b93587b3f653956a4fff478ac19d96a3153d3a9ea0b8881743ee	0.289	1
multi-hop-before-after-005	c8e8a53efc2c06e2e538daa168b22e1626f0cadd862b3dec98cc8822d81afa5e	0.279	1
multi-hop-before-after-006	c331b66f8c7f739aae3fa8691e66845d9e789c334766906cba8bf50a20d5996f	0.275	1
multi-hop-before-after-007	09ed2df087db98fa0185d92352f3c44a4018b835924c196534fdd4c284bbc9d0	0.282	1
multi-hop-before-after-008	b4654b9a70300181baa67dab851ffab6d8d48b9a6503651a59087405d3e0d5ac	0.278	1
multi-hop-before-after-009	f15e49c167087cb64873f5d80affae5bf576dd63eb08212394e5e51aed5fe039	0.278	1
multi-hop-before-after-010	10ba1c97134d16a05ec341b23be4845c2ecb07e3a9b16bf2431aebcc662b4e3f	0.277	1
multi-hop-before-after-011	d4bffd6d617fd60639cecca4bfbb13134d529a3d5f4560370df69e3dd9e1d6dd	0.278	1
multi-hop-before-after-012	a3955d9edc67432d27e036ba4caeeb8ca22ca04b2a942dd643818c0aba7b866b	0.284	1
multi-hop-before-after-013	64aeaf38333a15d03d042853e167f7671684f2b9aa70565e22d4de9db788be37	0.28	1
multi-hop-before-after-014	75854e60918c826e4ab894d79723e0710d86dda6b16530a78db872f3b7f7ece9	0.271	1
multi-hop-before-after-015	4bc46405f23d6751a03be6c27bfed2f59cf98739c088b408be765d9bca926c53	0.279	1
multi-hop-before-after-016	8222333d592c95c2028efd95bdebd2b2bab11ca7baf5933dc22a974968653b1b	0.28	1
multi-hop-before-after-017	fc3d73e6d719bb1ac290982d139e174108899495c5a47e4a40f594284685da6a	0.272	1
multi-hop-before-after-018	62affc9ca899dc8157096c9b79619ed5d47a0aeafb7a75b913430593c8fd2550	0.281	1
multi-hop-before-after-019	19ea5a47b7506bdabcd5cf66b73fb94e054f66bd1101194394b4bbea814fafd1	0.288	1
multi-hop-before-after-020	962384b7d416d9c8284498dc486774bbff1b66bb8b230761bf3d16f5a5b4a884	0.281	1
multi-hop-before-after-021	1e7652aaadfbae8c835dfb8e072b99bce46281f790c26fca572218ca9baad62b	0.275	1
multi-hop-before-after-022	c590bd56ba19e847f4a0a2c78c91e35ca9ced4ba8218b515f9c6ccf797b73077	0.273	1
multi-hop-before-after-023	9ddce7e95b5af41f305bf803ec5f899687eeed34ca8518298e93de3bb9a000ab	0.276	1
multi-hop-before-after-024	aa08c68416f407902f9f6d4093904088e41e93b295859d26850c8ca2c675344c	0.29	1
multi-hop-before-after-025	0a7dd1072f499ef0619a5485554138480dd8167d09339465442d122f945de194	0.291	1
multi-hop-before-after-026	b171977048c973a969c8910302823ccf090ce14826893b952077c68b32489768	0.281	1
multi-hop-before-after-027	ae0dceb06a4f5c83c4c4a7a15a03b1eac48d1b7d9668766b2477480518e23f20	0.296	1
multi-hop-before-after-028	e92f0baeb3a1d129b74fc44afa010aa42d9a92c8f3a899750175e22381575ceb	0.294	1
multi-hop-before-after-029	1d5a460a80f72ebe62e0978d4061ef847205433442b6625d2a231f2ca6380376	0.287	1
multi-hop-before-after-030	50f60d23ffc2e2079674a6c02cf8a1153fc81f5edd53e2fb22b3395c564d9d0f	0.287	1
multi-hop-before-after-031	8a7bd9cc102e5676f8857b0d403bd10f90f8a2c43a0dbd3782fd4f54d757dfcf	0.262	1
multi-hop-before-after-032	9c8f4a3f9e7a33bef312acb2dd49c4e03c32ec70935c24e3eb40d0a374248466	0.274	1
multi-hop-before-after-033	12e90660db8d21f58d2d1448cb2b19be60097b2c9d07e69464bda41803ba9464	0.285	1
multi-hop-before-after-034	eea5b32be095f7c133e1e904d2d1bc819a80751c2ebba5be3077820f2e1eece3	0.283	1
multi-hop-before-after-035	24e7d91cb8c96e3cab217c32492094d0b1a4bf7c2342c3651f0ce63f2a3aa6aa	0.288	1
multi-hop-before-after-036	a6ce31e5309266f3219274ca6adb453716f28ecbcab4d9e11d0ddb447bf5793d	0.289	1
multi-hop-before-after-037	e59f8dd9b190abb9e9649c85955b4f669674c2fca5d0d64952fd0c2cb68cc3f1	0.271	1
multi-hop-before-after-038	e84b52a85cfb9b445871e58ebcb032daf9ad962f59dd48be50782f9b8fe3bed4	0.264	1
multi-hop-before-after-039	6521a47e14f982acdc3215ba70e5038acebebdf6c8ee5459e7a122d39c3c69f8	0.287	1
multi-hop-before-after-040	e43b734fe656c65be0d42905569a472614ec610266b2cdfbea5ab29db5ccfaac	0.286	1
multi-hop-before-after-041	fc5e66d6d672fae9e1bdfbdfae306d11f408bbcb5b77f26b55639335a3bba7f0	0.29	1
multi-hop-before-after-042	a6270988e7c7acf19a1a6622f21b01adf01f5e2853b9a11d082d29f232ac7a12	0.285	1
multi-hop-before-after-043	ab640ce1d91c2eb33f8ae13a3f7b0478762520dad920c1d80668cc5aa759c696	0.278	1
multi-hop-before-after-044	4baed6a19eef11f20a50e0cfb7b2ca584d170e69cac17b9f2eb127de64c4731b	0.265	1
multi-hop-before-after-045	19813da9d34056a1edf514dbca8b7c3e959843194bf69226200e19990f3cbc9d	0.262	1
multi-hop-before-after-046	f85b7dc6dd4874f4311c2baea6951e95abe1e0ea29126272eaa85f4e76c5b5d7	0.287	1
multi-hop-before-after-047	730d0c56ed9b59d01d9d3cd4bf26bea651137d0d0401ec5c3cbb349c57d3ffb4	0.287	1
multi-hop-before-after-048	4efb0239d068bf1a1f2442573ac066654154b0ca47635c393daf7742ea8c6319	0.276	1
multi-hop-before-after-049	a4156c6dc375d2e0c82a88659b1631cf3db363d2f00e5f284a3d6759850708a8	0.28	1
multi-hop-before-after-050	1a399df476af0d6424935571a01eb034f1a06dcd027ba10790111e334c9e1770	0.281	1
multi-hop-before-after-051	0cbe94d814f193888c476ce6352a41514478bac088eca976fdf833851fdf035e	0.287	1
multi-hop-before-after-052	2fd6adaa3486734b71be3911bb663855f37e59f4e8931d6737b55a0a11e0db9a	0.27	1
multi-hop-before-after-053	6d0e740cf46dcebf9e164092b0ac24c226ef94ad0780bb5f06e062d5757ace00	0.269	1
multi-hop-before-after-054	453da97e317a7d564f684add2c8860bd91ce20b490e5419580be307d030a429d	0.3	1
multi-hop-before-after-055	4255f9011658cce8a2e43d5a2fea9c58fb1de6eb39e3de6e4475ea298b96115d	0.283	1
multi-hop-before-after-056	58418ce9cac158c16c8bfa1b30f738cfc5931c5dada29278550bfb4298bf12e7	0.273	1
multi-hop-before-after-057	ed88e1b49e9d471c7ed3a20b95c81bfdbfce4c68225ec2fe0d4ce1b07c851247	0.275	1
multi-hop-before-after-058	85bca81d72721ba39e2dadbd411680680d56659a8f890783dd502b9bd8ba70bc	0.277	1
multi-hop-before-after-059	7d74ea3e16e6960d31b3f6e1a016b1c9cdc3eac1e68f9ad3d1214c39d7f14ce8	0.298	1
multi-hop-before-after-060	6bd1e2a16ff40459dbdf9fa7c458e4bdfc1faa23e23dfc9fb8eaf72a01ce7a6f	0.296	1
multi-hop-same-month-001	18d6ceb6338f6661414396bf5db585c88e262a908bca64be863d42a16e19a935	0.277	1
multi-hop-same-month-002	7da6bed20627b41506c7e6c0e38627b58778bf29c748d319bba2e19f171ecbb0	0.266	1
multi-hop-same-month-003	439da2a15097c55955329a4912a1651eab85fa4edfefe4162031cc320c50b95a	0.27	1
multi-hop-same-month-004	7a722330d052cddeeccdd32ce54720c0fb48ef98f022399b5042ca9e6af93c10	0.286	1
multi-hop-same-month-005	2d01b0cc1e789ed27ed05d6c7c0e7124fcae825aac94bae9429cdb35e66f9c92	0.274	1
multi-hop-same-month-006	8ca9a0971ba0542ba789d2379f1b926f71b86bfc5a2700d7bbfae83329eaedca	0.282	1
multi-hop-same-month-007	5df257d9324aa2bf4a294f7817982d716ccf37751de45303ab0fc4f0e94c4221	0.298	1
multi-hop-same-month-008	7437107c924553e65109aad9966882e4e94cc89ae0c47e40edfa0d7667fe0b4b	0.273	1
multi-hop-same-month-009	61b5c8859fc872cb0fce45f97c11ddcd8db6c230ea6402913adbc3f103484d4c	0.266	1
multi-hop-same-month-010	6d55f20d70e0815257b4108570ffab4a8cd1fa70c19949ec87e432ee78a7f991	0.277	1
multi-hop-same-month-011	9d86c2e3f64e170db2c1859f00431aaf44386df30697ba772b519d13d289f3d6	0.274	1
multi-hop-same-month-012	08555bcc1723c6d1c2468d2ad6459623fd6503a84462d4c31e2b456abfe1af5f	0.28	1
multi-hop-same-month-013	2797741fb5a5b8c7ea85c90ac23af7f733a6f3b047f8f8867e1a9dd6f1498f6c	0.285	1
multi-hop-same-month-014	fc7460939e9b1ddeffccc634553aa47f106d3964a8bffcf56253d1f802892069	0.282	1
multi-hop-same-month-015	8b7281e3f13fc585078c98e30ea6deed847a813dc17c71150b17b41db0fb0cf4	0.304	1
multi-hop-same-month-016	16ebaa711cfad03e23c4750d115fa847c4c2c2f50ff23751ed0871dcfc8a1558	0.297	1
multi-hop-same-month-017	c82f5e7dc3c3f916c80aa27e9939c94b0b8fc2abd193e1af584910209c15b3e7	0.28	1
multi-hop-same-month-018	6a9b4952e021124efba8f8fc25ac14573916080cea0c985571f48125a394d103	0.279	1
multi-hop-same-month-019	e7381bbb0b89d282aa58ea4307b52080123c0e46af42194f9b494660c75742a2	0.268	1
multi-hop-same-month-020	686b758c00e47964910a7052b11a6cf653843162e627e287e50fef6f01bd1b79	0.267	1
multi-hop-same-month-021	720285c6e2433d45b69eb709aeb17373728dfd21350231b0470ef27c9c6ee53c	0.284	1
multi-hop-same-month-022	33e569866d3688e68405dd5da99c291005c993d7d58da631ae24d7ecf6edab94	0.277	1
multi-hop-same-month-023	171d5575722e1e56ad8701476f63b95bfe4e2e0d8066ac27bee234c087738568	0.274	1
multi-hop-same-month-024	c6bd1723a61c30eba5ee004db6963c6d66a7eba32fb5a4f360a010bec9f3b7cf	0.29	1
multi-hop-same-month-025	ed46fc769266bbd5aea42c24c211597963c93860dd4941f1662147d89ea3e173	0.279	1
multi-hop-same-month-026	f11d26178698d1d14285a0b87f7685bddac8373af602ca4a14fe61c2c18a8495	0.253	1
multi-hop-same-month-027	53c13079e7851e2b4612bdc9e65dfda8938c3783fb94f8e3f84cbd0a538696e5	0.27	1
multi-hop-same-month-028	9bee0f2327d366fdd1566515e5050ba30bb78537fa85c9d51992e391bfcc6818	0.288	1
multi-hop-same-month-029	b7318c3814b8662e202844ded3c16490ea849d5279eba327ddfbc873cb11ff6b	0.283	1
multi-hop-same-month-030	fe8610de4a70799e8b517cf8afe55d4031d367e05963da2fe43aca4c97374baa	0.284	1
multi-hop-same-month-031	a713cb12642c3f294aa43dde865a7c0c8a4736ab1c98a5ed4e21a623e4acf7f8	0.268	1
multi-hop-same-month-032	254062c327c2721a022221d544c2932fab50729fd4455029dc70aed187399549	0.277	1
multi-hop-same-month-033	195cbacbb250154129ca6d09a44824d9bd89fb15e452afcf7ed0a292c0e3ae20	0.289	1
multi-hop-same-month-034	e020c082fa24397672a834eaeb90d56db381ebee9cc8789cc9d6d6863908e185	0.282	1
multi-hop-same-month-035	473f16af6d9a208e1ba19556a09d452cf9b8f539ce945c79624077d3126a8415	0.276	1
multi-hop-same-month-036	f047a5e0c98568206e136a880e894544afd176d8f5bfe7130ed79a6aa1c9e42c	0.272	1
multi-hop-same-month-037	635de5d2196c5618be15bc9aa7148efecd7531c188076feebd94e00aea2af904	0.26	1
multi-hop-same-month-038	809405ba096934e62df37c23ca9b29d1368055c5c67cc7322cda2458ced80cb4	0.268	1
multi-hop-same-month-039	b7535df2b3fd368b0e68951a0545e097248630cfd5f322c3bb692c9f3360d123	0.281	1
multi-hop-same-month-040	d5594dbf34fc6c52cffc0773a6bf418797d78dc87d686814b68d85dfa94a8531	0.277	1
multi-hop-same-month-041	5c443aa6d67fe5a7307996764ab3630a4cc2b8e8fab3ef4208ca882850cea45b	0.295	1
multi-hop-same-month-042	97367ed192105dc070dbebf88fa692591b3d867f2981d59e07f5b7846149a9e5	0.281	1
multi-hop-same-month-043	8a2d5cd10edde7ec82850861e4e20c5c3392ce27a3568531fce4234f8ed1cb57	0.261	1
multi-hop-same-month-044	20cf2a41403dd7881484c28985dea446dc8f5695ea38a865f69f45c54e1801b1	0.281	1
multi-hop-same-month-045	20ec3339ab2a47800680ad07ba2079b5c776d67e4270e319a67c6205814da656	0.292	1
multi-hop-same-month-046	821afa864ca5ab002395f7f3916371bd8957f19eaf18c132219a045af231bbf7	0.275	1
multi-hop-same-month-047	76bb1aa6632d96c6d5e3600fa792fecc495772c3adea3607ed548b9eeec153f8	0.27	1
multi-hop-same-month-048	8e8e0d171627a8fa4ac2ae2e7ed76f8bcaf4c37b9b34ff51cebdcfebe532b083	0.278	1
multi-hop-same-month-049	b87310cca76f81481d1fafdc6935a5f430aed081916263028aa148728221aea7	0.268	1
multi-hop-same-month-050	e4374ccdd93ca38f652e697b73a1f0405bcdc3e3f1a3260e49a24faa95c9735a	0.27	1
multi-hop-same-month-051	f794e40b8273b5b7a5a2f7ba8cc57956ee856bd08a32b51de254b746315f253a	0.279	1
multi-hop-same-month-052	154851d3f40a7ad6ad133ee1782fa96e0a8f9d4e5866a4a9ae44cf89036cda70	0.276	1
multi-hop-same-month-053	bbd9b3fe7562febc64c46f12bd4d38e1ac3ae2477a0281032b41849e0b15db04	0.286	1
multi-hop-same-month-054	8a29ef3f5d049a9b0d9b1903ca4bf224d8aa34ed1ccf9667bee38b69eb17ae39	0.282	1
multi-hop-same-month-055	6d49cda132eab56ea065273fe3675d750a90fb5087b3f9714e3f0cdf4ffacd47	0.272	1
multi-hop-same-month-056	ec3e86370d30c3b56edbfe6fc351a0d74cd90301e253f9205ea48d2918115379	0.28	1
multi-hop-same-month-057	aa0efc242d4b898ffab302d9832ae036c890ed4120b5b1a833d55706e2236cce	0.277	1
multi-hop-same-month-058	7424ee53fe0694f7f2de72fdba126eba793061860a1cf663e9429f56f47efb08	0.277	1
multi-hop-same-month-059	713f3c6c8b145e62ef4929b35fb84641ae476b835fbf868b733e2011bca80842	0.28	1
multi-hop-same-month-060	8fe597f11e9fbf66319e7fa3d86670f8aaa1e645da1204221e186e744398ce95	0.276	1
near-neighbor-control-album-001	b9bee1f865cadae2d9a877859ba0c6f9bfad437acde21e15115f47d954dd158f	0.281	1
near-neighbor-control-album-002	d162abfd609162877ec8dcf6a5874abb72a6606adb2a5b59a97863b70236ba7b	0.282	1
near-neighbor-control-album-003	58112d46f5c03ae13c6a29285a98b7454e369b3080b2e2e6bd2e896f3fea42e3	0.279	1
near-neighbor-control-album-004	990aa6f6e96f6796840491402150a045941666eb022a2bff3befa1297555ce40	0.282	1
near-neighbor-control-album-005	bc791f664c6e42789608c9c47c0fd1a6998e1e1f593c18bc55ac8bcde4fa96d7	0.283	1
near-neighbor-control-album-006	2900d539656dbd66de60265ce16e8712001babdbb242576bffcd126cf3035570	0.288	1
near-neighbor-control-album-007	45920d54e3e71b16c251b98b7324095f11b7f2381adbfc467122f209bbd46be5	0.28	1
near-neighbor-control-album-008	1a7e985d1c05e73870b7dd3c5033a4828b9d51aa13966b7d3f0f9471a3287d48	0.273	1
near-neighbor-control-album-009	07cca68a834b7f4a6a303784e3ed77fdb103b807be2357b82bc16baa2698b17f	0.277	1
near-neighbor-control-album-010	5c2c122bfb191f5c39a149479e5ad6e28e86427c2dc78f6def3245936acdc8b4	0.277	1
near-neighbor-control-album-011	6877c1284582b2f838deb24e54d7876a5bf2a99babe0c8f422bae5dcda40e2f6	0.281	1
near-neighbor-control-album-012	4007ae97af07e5e268c359d1afed8770a42d83e8c7e69ace87144a92d3405b82	0.28	1
near-neighbor-control-album-013	c9a997ab476e67dcbdda3b8b5407825e299f72af2d89c394b8c38e1af5ceab1a	0.281	1
near-neighbor-control-album-014	cf02b27300fe78820ca776ac4f12c27666f84fbf0840a41cb364a7ab3dcb0c73	0.283	1
near-neighbor-control-album-015	1dcdaf7885a4159cbbce32d3bf7e43e0c16a3f02b638e86840a287d2104281f8	0.279	1
near-neighbor-control-album-016	8e03e7c5b0bd8ba4fb002f0b7dd5bed040c8e5d84376c7e3aa63b162bf6d7147	0.281	1
near-neighbor-control-album-017	7ae7076503bf77244bf0f768504a0583e9f075280d4c661097e3c0f46236c7dc	0.281	1
near-neighbor-control-album-018	233a5fc373fbf30ed01b67f3ef6ed623803311126a991982932d805ee03a297f	0.281	1
near-neighbor-control-album-019	70c7724ef98811f5b4f9df68de4a09132520263d001e87ed526c8cf5a5753f02	0.281	1
near-neighbor-control-album-020	61ec02451412e85e0e6a9b6cc6daa31f1070dcabc92102a35377a3109d9a5d2e	0.274	1
near-neighbor-control-album-021	de294a8188da1e29e5c1332601ef12a7bce328c282fc5f0385d2192bb1051779	0.28	1
near-neighbor-control-album-022	f2bc59a8d68ca6148f6e10e682d83aa295231ac137e96248eeb98c7af8f1d902	0.282	1
near-neighbor-control-album-023	4a324cc9278e7061cebeacc1fc321c072cbde86e2aed39e4cb4d8a18e4e47e77	0.286	1
near-neighbor-control-album-024	3c8c3b8fbad855c9fb9299fc4dea4c65bc9ad2598d419c0cefe513169573f6ef	0.285	1
near-neighbor-control-album-025	0e03dd42e1fad4cdb64538ef128e907fc5d29543fff8a56bd8e1dbd01678f630	0.276	1
near-neighbor-control-album-026	86cc1021aaf4c0831326f85ca5cb7709b25feb734bf4bf7a2544e0c581516dbe	0.277	1
near-neighbor-control-album-027	1435444156bb02acc003686bfb73d758e0d20cdf493b92c119f74c78fa37ff3f	0.283	1
near-neighbor-control-album-028	ea67dc10549bcdc885902c77e222cfde19140a2248b009b40e912c6d77aecd6b	0.28	1
near-neighbor-control-album-029	f95e767f0c6980530a6da53f234eb6978f2c775cb59076e6d171dca369fb6c4d	0.275	1
near-neighbor-control-album-030	94ebc6d76a2b02bf126cf96e1618ca368fbc734857c1deee94a91be3b2df046d	0.28	1
near-neighbor-control-album-031	a90cdf0682605c209fbc49629ea2a8259316f3a46fb254aa0b01ab0e96eaa94b	0.286	1
near-neighbor-control-album-032	3bb24e1548d5581c3ac8e7aa30254df47db2d3c01be80a723f705f759a6b0b7c	0.283	1
near-neighbor-control-album-033	ea72ee7dc2c4fff842b056fdb690dfe7dd6006c8b33c2d1b3efd68ce50d3c008	0.277	1
near-neighbor-control-album-034	65a07a64201cda10b3be8afb4a3e0199358b8a2ab670a95ac1571bb34c24ef18	0.281	1
near-neighbor-control-album-035	f598a07b4c1fe6eec5495bb447ca3a6c1239105d0ea51a75d56041e2d5398f2c	0.281	1
near-neighbor-control-album-036	fd0ebfa675c6b72fe8fe899f3cf3d5d748c47fc61961ccec6eb8dc416836f4eb	0.282	1
near-neighbor-control-album-037	102f7107db6391688b58a7302e022872dbf0d9557413f627af14962055a2dcb5	0.284	1
near-neighbor-control-album-038	fe129b6463391f204203a471f895a4514a7bbbfe36e733b96611056faba7efe8	0.281	1
near-neighbor-control-album-039	d51d67defc6a2709c851ca0fc455d5102950707efa217bfd695e433be5e32cb1	0.283	1
near-neighbor-control-album-040	cd1b08bb868741e7330ae04fb516488189b0abd26a61cc93cae4ca3d241a7d32	0.283	1
near-neighbor-control-album-041	8717d619174de7026faa13020f611fad04fcb0cbde17f847364eca35df4d8e9f	0.287	1
near-neighbor-control-album-042	6dbf575e06113432b0d281564dba3cb679eb9f0b488cd7237ca4fb961a23d99b	0.281	1
near-neighbor-control-album-043	ac526fa4474ff6d98ec145abc16e2214e2dfebb5d0580c92503c7de94cc96912	0.271	1
near-neighbor-control-album-044	f7ac9dc6bd65108ac9647b487a3de96f521d30bd5f517e595695350348d88e89	0.279	1
near-neighbor-control-album-045	03528dc45e0eb7c6421b8d59722c870345acb91ddfd65daf8bbe2a52b9f01b0f	0.279	1
near-neighbor-control-album-046	af4146747580bc1e53379bca9038d881efeabcf8af5aa74da95e83aa9bd6e5fd	0.28	1
near-neighbor-control-album-047	b40fde5bafeeb6c26e8c3a9d11f99f2e410555a8e3fa40473024513352fb6df1	0.292	1
near-neighbor-control-album-048	4727cfab1368d06ac2fd85a5fac17fe444dbbc554b2744b0b5c07c3abdefcccd	0.285	1
near-neighbor-control-album-049	e35c1499508e6fcfeeaadac96f27d84b859764b3395467baa8c10db5f8f71dd7	0.277	1
near-neighbor-control-album-050	99c6ace4a4c13651601c73b33e40d0183fc02815b49b0b9fd1e0194c2dcf3acb	0.29	1
near-neighbor-control-album-051	42e3bf66aa7fad5eb42d6d41522012e48f326915b61db21513b9ad12b9f06897	0.278	1
near-neighbor-control-album-052	c2e45a1e8db797ec634647aa40b4fbdf0a5f1be3b39436ebe64c39166f17cabf	0.274	1
near-neighbor-control-album-053	12c617d931752e0693024e9ca8f3d1d3235a58e3b6fa666c4ca8002d3617e639	0.287	1
near-neighbor-control-album-054	035c6cb4b6425cfdb8cace90d3cd410d6736ec277b54a3f88475bba62e084de6	0.279	1
near-neighbor-control-album-055	c2e23205fee1ec769175496016894a2619f4589cacab0e9a74f6f4eb4bad2aee	0.276	1
near-neighbor-control-album-056	82e1024257c83809772498c4c66525f92f8eb636c7e90d4aeaf61fbf3e9b8a67	0.283	1
near-neighbor-control-album-057	bdfc64c14d31272aad550d483c97e7ebf4d8a7656f4fa725ca66279611e3581a	0.283	1
near-neighbor-control-album-058	5d0c7b6b42ce827bab96daac1f231886ce40848d50bd526f4b5ed2295274d3ad	0.278	1
near-neighbor-control-album-059	522a662fc8ef326416fd75529c9232d816289b26f951c25e509c8d3801d01674	0.278	1
near-neighbor-control-album-060	0744a75c111df01a77c324991c9ea6615bca74576fcf585be35ef0716db8ef6b	0.282	1
near-neighbor-album-001	848c1e7b8eef74c9420cf09d1db2d157db2af886d945e545beac06de2deca5b7	0.28	1
near-neighbor-album-002	5093be918e13ad659a53421847c2e334555a6ac17d57cd40770862fbe9ec3c68	0.288	1
near-neighbor-album-003	cd18da1ec0d0b59fddd93f83380511dd50c916933e00f7ecd7921677940b86ff	0.283	1
near-neighbor-album-004	5aedeeda8434498eb872393fae7b6a44749fd727555b0e37899ad680ee293bf7	0.273	1
near-neighbor-album-005	ec21b8d9f913e588591830225f6a8e5e1da2d6a745a1cab75b79bfb0b8b61021	0.284	1
near-neighbor-album-006	e876bf168b936672c002936ebec47e11451c287444e6a55ce854b841f007f3bb	0.284	1
near-neighbor-album-007	26863770993023316d9d4a896a4a466f7e70ada0939d4390c343853fa1e4be3a	0.284	1
near-neighbor-album-008	54ef5aae65747db5a641f867090d403d05cab086a181b06f6774c114a0b29814	0.283	1
near-neighbor-album-009	7fbc02be1674a49a4580a5b449ae9c63f3f0f6875fa0fe24271f3327e21b13e4	0.275	1
near-neighbor-album-010	59025b578d682f7aa0bc9156642b478aef51d8128409a6529992d2c8948330ee	0.281	1
near-neighbor-album-011	c2b34a6eb941f8c9921298178905cc46dcf8b5179d16ceb681287580dd1aff00	0.284	1
near-neighbor-album-012	71b5a0a3ecbd5b73cf48301a89f506486f60e416ab1dde4fd7f2e2fcb3eb043a	0.278	1
near-neighbor-album-013	e8880991b13cba1434dafd48365a5fa09b4986146b3e03e2653556512d146861	0.283	1
near-neighbor-album-014	bf0435d93a7fe8bc9e418e3d3bdb185a27585e82922c730ca9602f6d37a88fad	0.285	1
near-neighbor-album-015	ff052682a068eb2d271fff882fdd20dc71e24e0bf1291a4fe7da7b3c43418dd2	0.29	1
near-neighbor-album-016	cbc814e9f1ad892b4b19b509e5ecf16aa898a77b26b16396c94bedf7a6154f63	0.282	1
near-neighbor-album-017	a796f0145bd23a438261a2fd60d4288b6b6219758a171a8db03dce8f379f6065	0.273	1
near-neighbor-album-018	ad8bcca6e707cffcdcb9e4600bc83c5bfefccf3458a3d895d903e3e8d41a0664	0.282	1
near-neighbor-album-019	aa8367a3bc8ec069a2629670d8a10d413cda8a150caebbd1b645f6b613eb3c9a	0.278	1
near-neighbor-album-020	b8ea6c13b4a5edf7b4dba62b12f5af26f423c450a403ef50f3443f1f46c6f4ea	0.279	1
near-neighbor-album-021	5f8cd1326e398d9e2c624de0421ef5635fc4618578e014b24c2a3b9abdcf74c0	0.283	1
near-neighbor-album-022	f23fb87ba938d756f98effa0022edc06e8fbdd047022df114dc088dd38b27f32	0.281	1
near-neighbor-album-023	d220f71feb6ef6c110e84865da6d0e23fa4aa7750e756a629261163272c905df	0.283	1
near-neighbor-album-024	6f1b6b593e740dc1a785a375fa90035bd4c9905144fa1eba5fa28962122e6f61	0.281	1
near-neighbor-album-025	4977466c6c6696adfc3a6aa0ffd011f3f4c619d5e334f42d64ceb5d4c6a7aa6d	0.278	1
near-neighbor-album-026	f7bdad7e055992456d5b195540dcd7d271100a1b68e145e2147fa812255538d5	0.281	1
near-neighbor-album-027	a9f389a91503f3a76ba0a6c3d1fe7af8aa7affdbdc2c5f250d276b6ef4519275	0.286	1
near-neighbor-album-028	91353c9bcdffbef734f5f6341cc47089345ea962f1800bfc44dea997ca7597fc	0.28	1
near-neighbor-album-029	ab76f6ad764cdb315e84348d62affabda044df87766c7b688607a9352ab96500	0.276	1
near-neighbor-album-030	b5a7528701542529b8d3982312e509ae77ba2a53ac0c122d0467866a05c3594f	0.279	1
near-neighbor-album-031	958c8978fc5fde1c6778ed0b2bc1aa5f835a08756a6f0eaf3caf32453894e6fc	0.283	1
near-neighbor-album-032	f920013aea81ef18470a29267f643a07dc520547f81d4a9bfce92c1786520d27	0.281	1
near-neighbor-album-033	2679bf67c71f1636a5e7642d67ffb4437e3f93721cf6a12dc43f7e0c0e96814b	0.278	1
near-neighbor-album-034	d23823ba2fd1e5f6a6c023c65c01675641ff3bc353edaae309f7094ee151bab8	0.28	1
near-neighbor-album-035	a633a3142908b3f388c630d67218d1d210054241d333fa939b4943bb507ff2d1	0.279	1
near-neighbor-album-036	609dce6622867d936ecedb83c0bf234d5d5843949ead184875dba307f237c6ff	0.287	1
near-neighbor-album-037	66073f283c2c61794be73912d9ac56d9f21af22b52e99fa0c8f019cef40c9501	0.285	1
near-neighbor-album-038	21672b5daad3416278e76c671cbbfc7cc32eb937c24b0262bc64b849123bbf2b	0.278	1
near-neighbor-album-039	a54648a9485ccba681a9650950ab995a34ccd8f183518afb556ee51752a6ffce	0.278	1
near-neighbor-album-040	4fbc6896681f7468f8d482680cb6ecbaf64f251bf88a633f2d18e2693c5c6a6a	0.279	1
near-neighbor-album-041	2b0e27140eb039fad14c87ae8a6f77435112e2b8780416f913d16efcfd75c6fc	0.284	1
near-neighbor-album-042	de0ea83777953226b5af59b88dab3e59af5190a83ba27f0f717ba8d9a594b00a	0.29	1
near-neighbor-album-043	eaac1af93bfe3e3cee861011c0981de6d80e0060d5a6074c242edca1eed1d0d9	0.284	1
near-neighbor-album-044	89b6f7b27be3464f908a1b948e8d82788e92682364c6a51cdcf26d9b7a101aec	0.276	1
near-neighbor-album-045	8953bfa6fc6ed416a4d8e097cf7827303c9da285c6c4624feaf788af79a32c7c	0.278	1
near-neighbor-album-046	747c3034fe7a277e7f24381ad47af7e186d430c20ffd5ec7a471c279321edc85	0.279	1
near-neighbor-album-047	0c462f75efdbc6672b1138287e3796378fd8e92d9cb4796fcfb526c8d56005c4	0.277	1
near-neighbor-album-048	e1ad246c7fde2f8d5262b999e99306b1e8a84b5272aa8d3c316e4deda6b0da7a	0.281	1
near-neighbor-album-049	d95237dcb66d69337a9b92bcc276c1eb27da0321acfd1426f7dbf5ddc81990ff	0.284	1
near-neighbor-album-050	82e1e262cab2e8d93b71740d8b73490571fa880ce948f0a8d3d4476db1ed70a3	0.282	1
near-neighbor-album-051	f082fb7328b74cdb07c4df4e8fc5e3822c78b3eaf5777a62fd0a9201a94885ee	0.285	1
near-neighbor-album-052	9ef0bbb29fb3fc65ef5f37ea7a014845dc91dea4dd22a58edde33bed83f48f73	0.287	1
near-neighbor-album-053	f3f78f4a072a64a99930d8dce2f6725de3c5914ed4f4426fbac60941294fa2d4	0.282	1
near-neighbor-album-054	d4080d1a79fdaff2b88a3c667c36f4cab84b1edbeef936211d28dcb1de7b339f	0.278	1
near-neighbor-album-055	e360528dbcec8974dd09fccac88c1d35518263e49a243389cdef16478d863ced	0.28	1
near-neighbor-album-056	0c579ff914623e67a3f33e9bf8e03e4305c2c553fd86cb73d04212142a99ee8a	0.286	1
near-neighbor-album-057	ec1348c58b72aae7ddd46f4485a793292aa099108843772bd75bed1e445d8f2d	0.283	1
near-neighbor-album-058	665519b158e3354db4c95dfc05680b358799527ee41a113a1abd31a5d22dbb7b	0.289	1
near-neighbor-album-059	1507f887341c57bdf02019a903284ee560bd212e9a10b43b3b0be6ae5a6b1bcd	0.283	1
near-neighbor-album-060	b963c165386c3958f52c74708bae30a6a16a1869390792b6f36be902987fd22c	0.272	1
none-of-these-absent-001	cf087a91f4d0dacb468b76584f3e46d788036c794c44dcd228cc8e3ad0415f97	0.284	1
none-of-these-present-001	8f17dcfaaf4d5a0940688e52abb9feebc17de2b8131d6f0796e47d68de105293	0.289	1
none-of-these-absent-002	07925179edfa8cb2b233a9a7aad3098a04988210d7e08df76708989da832dab3	0.291	1
none-of-these-present-002	d12f79587c95de1a2c261c7119a515b190e04472c22c638867fa13c9bfd6d136	0.291	1
none-of-these-absent-003	534f092a6881e15e9c5c1b6df967ab8bc4b0947a19048dc2a4a012d68f45bef2	0.288	1
none-of-these-present-003	2d59586857385805f48d247dc6e79e523bcf6494c10de871b5397ef5e5a19d1f	0.29	1
none-of-these-absent-004	ef08f1d9370ce637cf2523a0ededaadf1b2f123cdcea8de9be3da6d895103f35	0.286	1
none-of-these-present-004	b145f34e2ab86cfc1f10a54ea485a459ebf48a405863ebdd84dda243e537b4f2	0.286	1
none-of-these-absent-005	79c83fa7306c10f18f74dcd5259c6b8fd91b8e6e15fa208212ecd41e2bbb005d	0.293	1
none-of-these-present-005	94d87883b56330d9b42bca9a4c0ae58845943637478391e0c35c3dfc6274cb74	0.285	1
none-of-these-absent-006	f7d41319c293ee56f64bd8681fc571b61dda6209d3766456cb5356e4ca1bd84e	0.285	1
none-of-these-present-006	2f5856e2e57ad5a447e0c9d10da2842496c0c8f40df14dac4da8f2fc67828636	0.286	1
none-of-these-absent-007	1a66e8ee69436182d88d178c2856ab867f2b4ac9ba9af6cf3154c31eca2cd9c4	0.282	1
none-of-these-present-007	d367b58dadfc68c128f8d7ffce13f63fbf5c22de5615172eb8d1b37464040cc2	0.285	1
none-of-these-absent-008	d9c3637c21767129cdf95e122dc311b27b2fec62c04e7e69e740a4fb2dd404ee	0.285	1
none-of-these-present-008	14bfe2ce28727dd36a38f3b8cc383ca43e8bcf90d1c6320dc0637e166570e33d	0.288	1
none-of-these-absent-009	c624029e53826d8f2af46b95f2d9f0123bbcbc208519689dc6a27d96f58a1b60	0.286	1
none-of-these-present-009	7db81edf3e12952a40de77944bb0d78ac3981b711ae1381f27845ef520b94079	0.287	1
none-of-these-absent-010	83a37b3c74bd3d28db0672b1d04dbdd4bf518aacee45eae65de911d6ba006e07	0.285	1
none-of-these-present-010	31964d52947831d7d357bb251cb91a61ec5441df0ec8c252c8060ebd59fb607c	0.281	1
none-of-these-absent-011	10f9a9130f7c8ce35b1528d5830bdaf90d9d25c188449420d9210ae13a22cb1e	0.289	1
none-of-these-present-011	6334a66103e681bed98cd1ed6a346c08deca536ac4c6547310d59f395b36a0b3	0.286	1
none-of-these-absent-012	dc5fd4b6c4042147cb1c90b77e9dfe63c5d5f7548d01bf76e3cc09e19c1ee811	0.287	1
none-of-these-present-012	5109668813b6732c9048effbbfe2395c4615a995ebfeb24412d9c93a4a9c75eb	0.284	1
none-of-these-absent-013	5129e3145cd9f509bcec3bc308abed10aa7620f0b5f3e4996ef478c669c839ee	0.281	1
none-of-these-present-013	444d0241784043c37c189ffdcf961ee3e1d0d16b293adbdc0477b98020bb3fc1	0.296	1
none-of-these-absent-014	0fd91dee4a92802fb6bf692568aa39c3150a121db6e6ca568773bae7655599f1	0.287	1
none-of-these-present-014	18e8629d755713a1fcbd04dd04e633ab80d193d88c0506e349819323d3860681	0.282	1
none-of-these-absent-015	c5b20eec0a297de5cd778c574315a15e00f0339b86d6259053ca8e732b9b1ca6	0.283	1
none-of-these-present-015	8c4769c9944b29a28f89703f8fa0b3c8156ac8a27cfed1169b0f130b79c1488f	0.283	1
none-of-these-absent-016	f61a9b56a01fe06533d93c88ac5c5ca12d901a709f922068f6485d9b9170f804	0.289	1
none-of-these-present-016	3667bff24591e5931698be3b61ca358b791f246c97beba942722404328c2a0f8	0.29	1
none-of-these-absent-017	58ea7e90723ccf71d09d4fe0803bdfb855f37c4230142427f67be124520e1e43	0.29	1
none-of-these-present-017	e542ffdfe910698a16e55e689203987af259e2384b5f247baea58394f7505f3a	0.287	1
none-of-these-absent-018	be4171b2ef83c88dd0ad4a92b07a62e81619deff221107fccec29f94447e9910	0.29	1
none-of-these-present-018	f17363e175d67a38bba2d62af7c7d51ae908196fb9a4002b3a35e7c1835c7c18	0.291	1
none-of-these-absent-019	3bbc1631366ca64c5d96ff439f9ea089b70ffc068d9e8e838fb5971fc9c32722	0.285	1
none-of-these-present-019	150c86526b2e6b2d0a8d61a9e7e4e6b84b21f6d8fc998dd94ada2546285eecb3	0.295	1
none-of-these-absent-020	9f313979da4d0dfe0a1c4f5c21a34ce8103538d20dff4508fa8310596ea6bf86	0.289	1
none-of-these-present-020	6f54023775bcfa638eb25c25191ea2cc3e0339737c1a91f90717fde973bb7eb6	0.279	1
none-of-these-absent-021	ca9e5cd0de534c7f4d60a9fccbf54c12b181641f62e29c39707dfdd2a95f0467	0.293	1
none-of-these-present-021	5e1fd869a113cdf15a58b781b933b9e39d336321f3b8093a7366ff3117b13aae	0.289	1
none-of-these-absent-022	47956ac9d4c0d4f5f3038efa7cd4286253802f32a163a57b022ada14042cae55	0.285	1
none-of-these-present-022	ea8816108d0e419b1d519959e8ca73c37ab1f75a27e45ea4dc77cead3e594f11	0.294	1
none-of-these-absent-023	24d8df6d4f04d99b853c5e7940f6b4440d4783bacbfeb31f7336918ea7d2eec6	0.285	1
none-of-these-present-023	e531308ab4d9ea4fd8ddec489b9b64380bd7264be76f1ebf00bd1e67041abe8d	0.281	1
none-of-these-absent-024	57b7fd1027e186f3669cbbe4d75fd4e5a5f259bd0d46230ecfe4319d283660ad	0.286	1
none-of-these-present-024	e85dda64880662aa3c68597606840b53844a282b761721a869bc3d1d7caa874d	0.283	1
none-of-these-absent-025	8d328e6995516800e70b914a3da774e99f522a740bb1197fa8b34c52bfd52e05	0.283	1
none-of-these-present-025	02c40a24feb45db7a184c9f2eaf745ef556bf3bdbf24c43af37d9a5d0cdb326c	0.288	1
none-of-these-absent-026	e2b63222a4475982a646e9295426b8b49a13c8ab783a9ba20bbd064c810aaa7b	0.292	1
none-of-these-present-026	5add95451a8a2d680a586942f36f10b9c71cfc648ec1a605d203fc221d3783d7	0.288	1
none-of-these-absent-027	e7861a9616584f60dc78687ebea393a5c7cea019aec799419e6dfe9392ed5cfe	0.287	1
none-of-these-present-027	36303ed9b07e2443124fcd6cdc4d3755dfcfd5364b33ca14cd9bd3011abb6447	0.286	1
none-of-these-absent-028	d621d7a182e5e50867926eb610dce93dbb9bd2c2bddc956600f17f20deb49e51	0.289	1
none-of-these-present-028	4fcf2240581b3b03337e2fb1fab53981ccd80b726fa5097efc2c4cb0d7cf168b	0.285	1
none-of-these-absent-029	0689fb9b9d155d68b03a6219dbd3f90904510ecb04ebe52bcb3db919d5194deb	0.28	1
none-of-these-present-029	35142cccf25de41a7f6f9cac8965bc4c1f93ba28c4bb375b876a23d62130bb94	0.292	1
none-of-these-absent-030	24341137f3fbef805a7e7547b618e396fcf217bdab518962f819601e38e5a5f1	0.288	1
none-of-these-present-030	a3c29d762e374a80ee796878c5daff66f3ef2e44a99e0329d5a6e2eea20fb94f	0.282	1
reversal-general-shared-name-forward-001	7ddc92703a42e91507a9b863ce214dfc202a58d1e3d2109241b515410092a3f4	0.289	1
reversal-general-shared-name-reverse-001	a13c785a7e73144856b2b8b66835c52efa1d2ec772e6bd93dbd559b9d49c2938	0.287	1
reversal-general-shared-name-forward-002	91b9460dc4be230da7d6c54ba21d666b5f9a1910df6dd7a9d2061d03fe3dfaed	0.285	1
reversal-general-shared-name-reverse-002	19c0f15e5faf7ce8bc82dc1ecc6247a82b0cb11432d1710e01a2dfdbc1fb463e	0.288	1
reversal-general-shared-name-forward-003	dcec691dad905ac0e9d5e23dfa15322d4036055c8e2158fe2642bf812d006c4c	0.293	1
reversal-general-shared-name-reverse-003	950b2c0bfb45bfc179b88f102fc30a2ba2694ee401e9d96632c38fe08cea4dc0	0.291	1
reversal-general-shared-name-forward-004	e480e237c346de3a009531706168e826f666946812e25aebfd1256a178e45bf2	0.279	1
reversal-general-shared-name-reverse-004	d1ac9597769dfa5de65be0fa001e1bceec417d2fd018c7d2906159fbfbeb504d	0.275	1
reversal-general-shared-name-forward-005	878a06f3d3733521ec6470db3a3adde96e4e36b47593ab18ff739d677ec719cc	0.278	1
reversal-general-shared-name-reverse-005	dc7295c3c846c67b8b0c6d082dc14d8f8a69259676bfd0ed20acebc51dddae47	0.281	1
reversal-general-shared-name-forward-006	c996876824b2137f45383f1d13ce8a750770244e94f7298739a2e30095c79ec6	0.283	1
reversal-general-shared-name-reverse-006	5ec0e604a45754adcbfea4ca395beba9fcd97b80f89055e326eb33f3ff3ece72	0.282	1
reversal-general-shared-name-forward-007	13023efd6bccda74f4098b94fb0eeec140ef7e90af8761e4bbd64655a948bbd9	0.283	1
reversal-general-shared-name-reverse-007	62ff19669578614b37d5aff514cb48c70fbe1e5aa17335d7b8c04ccc9e31c5d3	0.286	1
reversal-general-shared-name-forward-008	32d1ee5603c095ca55bab12d6cc9ffb738fa4b5bf322ccff6e864cc11874a9e6	0.284	1
reversal-general-shared-name-reverse-008	781cd79734d54c41b6efb4515d42d7f92bc842ca258e0e170bafeea27834b961	0.285	1
reversal-general-shared-name-forward-009	d121b0025906ab5bbe94b11a1ddcf524f7b21ab8282aa9e65082fa9ee67df24d	0.283	1
reversal-general-shared-name-reverse-009	c05f725c17600f7498ec6d583e1539bba12d2ef0f1eeeff2c84d7806e771a11b	0.286	1
reversal-general-shared-name-forward-010	3f74e26460d041b35ca868ac5f78879e4b8568be97c15dbcbd808ad79091b3ae	0.282	1
reversal-general-shared-name-reverse-010	7dcb486dd7ea800bdba45f9931c38bd41f3aed09cb93a6a6f6ad66a5a4e7ac3f	0.278	1
reversal-general-shared-name-forward-011	89c25967afd524f341657e300e3a93def090d37a4bbbe958327dab5b379894c9	0.289	1
reversal-general-shared-name-reverse-011	6f93921232e32fcf8fc32ee226793c0ca75b7d455e161fb87265ed103f90cca3	0.285	1
reversal-general-shared-name-forward-012	4ea65988e12ecb8d9716d6c8c972bba07c29cabddd0a1d3ae9f49213f5e260f4	0.288	1
reversal-general-shared-name-reverse-012	765723d0f2fa704f285417b64c2398f9463085c05470b1b8810962c79318baac	0.282	1
reversal-general-shared-name-forward-013	0909db6f2a36a8a7a163e71a9ae7e280f6a45a0a189a6f0207ce46dd3ba51ce4	0.28	1
reversal-general-shared-name-reverse-013	7dfa78a995664afaaa5b415d1acadba2c7f44db52c655f766ccc3b2087527b0d	0.293	1
reversal-general-shared-name-forward-014	7fb0923eab4a09a1e55084c78c0cc6567c075c8aa8e31beb3c670bcc18a75a56	0.285	1
reversal-general-shared-name-reverse-014	f9bda9a14009346b0b9f30ec15f05ab65a50aec236c0abbd69af646cfcf2574d	0.284	1
reversal-general-shared-name-forward-015	8cfcc9dfcee6a76f5efa6dad0f8f26a5ea4cd909a71106c74374e4f2b2ba597c	0.288	1
reversal-general-shared-name-reverse-015	92f9a4c7d817dcfa504e41c66ab5d5c0091253d246564e45291704c043611fe9	0.291	1
reversal-general-shared-name-forward-016	81ef1a75c8162aea09704f04528cddc740c827f2853a7f57bb84530d99fb5d23	0.285	1
reversal-general-shared-name-reverse-016	7528deab42de9f11574a643d5dd8f60c2f31e7a066cead6d4a90628584f3f9ea	0.279	1
reversal-general-shared-name-forward-017	329d136789c2d0ee4836130bbfeebbd652c828ba4662dea8610d5ae93aa41a3c	0.285	1
reversal-general-shared-name-reverse-017	87355a48c56dcff5020a5254b24e25f35e11c0759acd42b664f1f432e109320e	0.287	1
reversal-general-shared-name-forward-018	594c934c5cedbafc35eec677f4a0f6fda25835bf8d0e449fbebe57b192f91c78	0.283	1
reversal-general-shared-name-reverse-018	f5b93cd62fbb2e02f24e0a24fc71dc28ba1c8a2149e60905aa9f011949550bb3	0.284	1
reversal-general-shared-name-forward-019	b651651b1bf61c923d2269c9484265915b4876b90a279b0d31512292a8ce751c	0.284	1
reversal-general-shared-name-reverse-019	fd9115b5187bb52f3b596ed2e79eaa64660b8ce49ef7f0b150b4bafec0971d55	0.28	1
reversal-general-shared-name-forward-020	d82585039421cd977cfc55f08949a15a47c85c594b5f104a08259fc1e2253ce5	0.281	1
reversal-general-shared-name-reverse-020	8d4cd56037c616b5b365520be182145462ab97eeb15377a868593c56bc2b6003	0.283	1
reversal-general-shared-name-forward-021	8f3150ce9c935c012ff95a87eaef5c69b215fd0532cf5c25b5d1e3486e8fba78	0.287	1
reversal-general-shared-name-reverse-021	c1733f7aee22ca58f59fcfe601caae8b938fafb8b7337105c9d6e0713af94ac7	0.298	1
reversal-general-forward-001	e711fbac4230b3df612e63f3523030d05ef18693042f4479f558f68601da500c	0.286	1
reversal-general-reverse-001	f342bbbfe6debdf94e6e585f7eb9d322952a5c6387804519f647a8e962c7d7a7	0.275	1
reversal-general-forward-002	2d3e773a48df3e0b1014379df18faac75caa5d3a09cdfb3a7d26f3c03f04dd08	0.289	1
reversal-general-reverse-002	ce7c7009349bab4a929d5cd2d538e0054383aff51c6156650480c61ba626a6ce	0.287	1
reversal-general-forward-003	79ac2dc011e7c812d8731f4b1a44800af29a8f40b83c1e0dff1365b1b4936201	0.28	1
reversal-general-reverse-003	1d076f02d0b7ecec7873c55dc2c7ebc9346fbf8a65e722726fc84e1b7b9e58a8	0.284	1
reversal-general-forward-004	8bc15954383c057db1f0e0a0ee64fa13b2ee85e8d81e22a27de46718ca040e9e	0.286	1
reversal-general-reverse-004	41a39c65a758123f5db6768c0234435d6e16dfcc552994570eab4986f09a198b	0.284	1
reversal-general-forward-005	93e2c5974273b7dee58b0d26141977c5459959e31a048a5656107384f39e1176	0.287	1
reversal-general-reverse-005	244c3441113550ff9383a00fe803098eedf3ebd893362b017c99b39658e0ce0a	0.283	1
reversal-general-forward-006	ffc384d944a7f0907078b54793e9d9f58afd479a85057e528d8515cbb1b91313	0.285	1
reversal-general-reverse-006	ffd56504a6ef21b35ed2a85982e2e16113833958d81f4b71e54ba8a674a3540e	0.292	1
reversal-general-forward-007	9cccf6755a6ecaf3d7673cd2f9c673176862c6313da0a807f21b2f10e1bb2da0	0.287	1
reversal-general-reverse-007	ed74b24ae20c54b8f9a471b0497d149daf1c56018e475791c793a36ab74d77a8	0.289	1
reversal-general-forward-008	fab89e9bba8d8c8a3ef8eadbbf95c55551a0fd202b3054c3367487002456291c	0.291	1
reversal-general-reverse-008	9aa629c5703b31da291c1e534c81cd5ea57a600660c34736d3fe7b9957453f34	0.283	1
reversal-general-forward-009	82888909b1f2122e714933a3e559293f18deefbaaa13794889d79167daf48f97	0.285	1
reversal-general-reverse-009	af3cb0582d42643bf666e532a8fad0fb18971134753d40e446f7717ac374ac5f	0.285	1
reversal-general-forward-010	dbf0563de7e727666ddbc8d391b92fa4624cfa7c2ef09a811a520d2f7362c770	0.284	1
reversal-general-reverse-010	fa2a0815feccc181c7f6579ae261d96156c2c147a82a771e5670fefea7c8ecd9	0.295	1
reversal-general-forward-011	a2781f7d9dc18c21d50d8411b0aa0a66bb2b49bae1b03394a1974062ba82f7c6	0.291	1
reversal-general-reverse-011	ef2733a4e24681199c9fa47e43d4d2d380626cf728a8493b41c03e7327336247	0.281	1
reversal-general-forward-012	19ae75d50184bc8b6f3a60cc7fb05b4e39238c12fce16579338471edc72a1a80	0.29	1
reversal-general-reverse-012	16dfa99c60106fc948696e2cc0653d8f0267797858a6504ee831b1287dd769ee	0.292	1
reversal-general-forward-013	3b8f7b76433150346aeca0d034ce0cb5e68950f5dc413a7c9b71036755470519	0.278	1
reversal-general-reverse-013	8d6e2fe393ab2e6e6454c4bd641cfd71665ac36fe6984b38682f126661395d33	0.287	1
reversal-general-forward-014	01b2ac6530ba554093d2e09a2d829a2f5b23845204f5fb3896c79d40403cce6c	0.291	1
reversal-general-reverse-014	58387d430f8c459512837fa71c95b204ed554c21cec55c0c7722eea52f2eec0f	0.286	1
reversal-general-forward-015	33185a22c4952caf628550d613c2be2889dd11f2c8054a0cb5fbe0efb8b22a3d	0.285	1
reversal-general-reverse-015	b1136a8967e8a3f532ca417bb372f29dc1acb69dad401106a0adfb307d7fd16a	0.284	1
reversal-general-forward-016	83f904d1acaaa3dc3935d19dc2cf72c172770b70a83c7bde0081c883ae8a80c9	0.288	1
reversal-general-reverse-016	ea3b3eea40c3f65fafac3adcf975d68306a077da5ed2796acdccd1a334e35671	0.286	1
reversal-general-forward-017	ed2814c332b22d026ca7210c8df5b98468161236d48d7f2e6f7e5aabd943eaa1	0.286	1
reversal-general-reverse-017	f074bd1ca2ecab127d9bf3fbc33c092bf6ec09c1e21597ae57945e072ed93682	0.288	1
reversal-general-forward-018	2e9d46529468e5af0a05d59a5a704c722ad101d1f43faf8f319faea455b33bf0	0.286	1
reversal-general-reverse-018	6a5acaa2b8c8049fc039458b77b8747dd4ea2255ff605e2730f273bf019d4ae1	0.285	1
reversal-general-forward-019	160caa0bf53b7c2de2823323494af0bf29856799283c888ba508a3f50f102691	0.296	1
reversal-general-reverse-019	8dd7af27c6782e66a33c102119d70140846cd42c5c74810003bcfc9feff4851e	0.288	1
reversal-general-forward-020	80ce5ba1d37d64e59c6a0e8e4c0f6a7e6516bee5ee8d1e2be2407caa10fd36dd	0.275	1
reversal-general-reverse-020	e1ff27d2b95483f273ae4a35caf76d9d7c4ffaeb1f4b329c9b62afce88d3a814	0.279	1
reversal-general-forward-021	a272ff986b9e3b0238eced3b2db59fcef713feb300811952967889bb49717795	0.285	1
reversal-general-reverse-021	61007a19871f5f74ab0a16d08d5b53dc15bc24108c1abda6d4d31e09fe40816d	0.284	1
reversal-general-forward-022	d083c15c0dd70c1efdb40808934909c737c69191f1635154a1bbf56b2f735f6b	0.284	1
reversal-general-reverse-022	cdb2e7bbbf40980a8f45ad3423edddc0b0d9885fb7af60aea0c9d9107bea24ae	0.29	1
reversal-general-forward-023	782d73bb8b37c8f725a4522bcd889631dc738671e271039a7eada160b3a4f539	0.286	1
reversal-general-reverse-023	67cd57cf6e0bfde447595d0d28d7f2396825b153041c928517b9851454eeb6c5	0.284	1
reversal-general-forward-024	fce4a265eff55b6461265275e52bb4fa812709baf8303d0863c7bc9e38f61deb	0.292	1
reversal-general-reverse-024	f202956c19ee4c70829ddfdc058fd3634b59af4cefbd7cce1c0e03835ed4cab4	0.283	1
reversal-general-forward-025	e8bca4649f3b8543794b79c0ad2e8d662d88a2d15dd68814f32a19b0e3bd7ef3	0.277	1
reversal-general-reverse-025	60b75629217823033bd5bef4a379fdd7d21bf5189ed99eca56344094dc8c17ea	0.291	1
reversal-general-forward-026	46f5d49433bbb118bde915cc9cf027bd2e74cc84c7d5ea4f9ae1b676dc849062	0.286	1
reversal-general-reverse-026	231e461ebac828d1dc92cad81c0623044e93f1a56375861da7a615c2c66cd245	0.278	1
reversal-general-forward-027	38b5d9d35ff717700800084c1a67efe44c034950d93f881e6edf6e9fdc4fe315	0.294	1
reversal-general-reverse-027	ae825939129015f7694cb503e12d06fb4a958c7b146ac3916ae58bc725461c27	0.288	1
reversal-general-forward-028	b4778731040c574c26e5077b1e90aa0e0151a6bbb3caaade953f03463fa80109	0.285	1
reversal-general-reverse-028	7b0e862a4dcfc4a20375c338dbe8e592c1534c5cb35a2244ed5995f4316df8d0	0.293	1
reversal-general-forward-029	a721ec7408de8289413985de85aeeefeac9c8d5a1807960cab0c5c8814f30f30	0.299	1
reversal-general-reverse-029	f294fe5c55c027d3324cd31fee9fda63950596ac7763def85d41bbc921a63767	0.295	1
reversal-general-forward-030	1835b85ab1fdc650259b025a35d2692df5313076e80e932dc5e4fc7305840098	0.274	1
reversal-general-reverse-030	7dd574d3f96ec65315e5efb9bbebee2b7e80deafcb54794eb85c5e1d32f9b7bf	0.276	1
reversal-general-forward-031	b67c2a7f3ed839c35446a726f141d522c28967e2f1a85c3dc0f2695b89b08d3b	0.295	1
reversal-general-reverse-031	602db0f7e4f098b1c6869708be6d4b3bd42500110641b99abdac5fa186ec6a94	0.287	1
reversal-general-forward-032	37907fa6f46fcb7c0df887754edaa34b2bcfbed1a58a38b9ac1ea5a9a0ef0510	0.277	1
reversal-general-reverse-032	b39502da4005efb4df45859a8974b1ba8f3ba5a66cb0fe5b7941b44f91c72f9f	0.277	1
reversal-general-forward-033	2a6ba935197b0c6157043892d32ddf718d921d2966151ebd313dc263b9e8a886	0.282	1
reversal-general-reverse-033	3dc56157feff9c839093ea7430377c99740b7d9e2f7236034698ce5fc2f4e19e	0.288	1
reversal-general-forward-034	c7bb44e74e55f9fd01325ade9a09d019dbd04546267c0a4dbaa1bb022ecf7f06	0.285	1
reversal-general-reverse-034	886fe609aacccdf3aa8f270e2e96bb7761f399f643a94f9c6abe6d170462c69f	0.286	1
reversal-general-forward-035	87c9b82f31fdb850e4972ab404b3f7b1b373acd3ace520ce28f7fa3e8cd49069	0.285	1
reversal-general-reverse-035	2fff4a1cb396eccd310258a78176f5fff69223d659137b5c1def7d145c9188d4	0.291	1
reversal-general-forward-036	eb1d643b4bb9460892217747ff45fcf1abd13f30b3976d0851ac41ebf2d4a90a	0.287	1
reversal-general-reverse-036	8c8bc6f5193b567db225cf0dac9f15846da27e98c8eda42d9575caa2ed75479b	0.286	1
reversal-general-forward-037	411dcbf209396910764c57dc20f9b0a0f35e5a5f2f380e7e1e5541fa9a116079	0.291	1
reversal-general-reverse-037	206ecdcf4713b5ac11ceac5fe8e0bf62a098c9bb63c5c954fc3b842b0504c2ae	0.289	1
reversal-general-forward-038	a98dd5e04907138db8730bdd462687d0c5877a3894f0083b0b15ffd8e381c2b8	0.291	1
reversal-general-reverse-038	e51fbbd49f8d98b1dce80d95ebed7eaa48b01988c13f0e815327d995c3493b21	0.281	1
reversal-general-forward-039	659215c8a7df44c8f3700e88c3deb5b66a9b4c17bf9d72696540cc83e47350bd	0.288	1
reversal-general-reverse-039	d1b81f34e67d52efc982b15d0c5deb01ee6398c8133981a9595adb87711f49e7	0.29	1
reversal-general-forward-040	a39ab4b5f7434de2169a86c12baf356299770e440ec23f057b04dbb6000a1e21	0.281	1
reversal-general-reverse-040	1640d4e13ee965d4cdb7da97e14146958db777d035e9803e6653436ad8674c65	0.283	1
reversal-general-forward-041	c9bc00dda222c1c751d6cd44a98218b860d6478fddbf37d7f2d143f6f1d25872	0.285	1
reversal-general-reverse-041	f66c0b2f23f8f825554978587b7b38622ba34cfbd11f34bd604c5083241573cf	0.284	1
reversal-general-forward-042	f4b4c70dbe428824de04af54edf13dd78cc7b3fbd5cf8879cc4a3a06914b13c9	0.283	1
reversal-general-reverse-042	2dae8dca12c3bd9ffe38d2e4e00656b224ea294632a77d135b46cb025cee78a8	0.287	1
reversal-general-forward-043	3a8538bde2f9e53b7d590cfb979fedbacce52df6b31a177289cf4c21d188cf00	0.296	1
reversal-general-reverse-043	eb50eeb337c9840f3abb1c423cd6f06569e9fccfcb14f7ee83a5c40764c661b7	0.287	1
reversal-general-forward-044	599629471d3b30218ae4be5e344fa581ae119e22d78effd5e3b187d520550b08	0.276	1
reversal-general-reverse-044	6c21edfe4eb80aad0cf5f104ec9e8c037378b846702681a5c23cb70acb0ee694	0.287	1
reversal-general-forward-045	45626cc91128e6292eaff8147a2742858b4c5ac84b2e19ede7dc7ff04b2f369b	0.294	1
reversal-general-reverse-045	315e97153631d44af15d5dc3942de47173fd73ce7164ac7e0ecdf3d8c4f75a92	0.291	1
reversal-general-forward-046	a8f49e59d9a4731f90377739c620388cbcb5912ee7f602262e195bed19504d5c	0.286	1
reversal-general-reverse-046	ff20bd545fd3b163bb3fd606b29382256b13c45793c0f32783245a3f4776394a	0.285	1
reversal-general-forward-047	a26d9f07a475075a1572c25882467dd9dc75b157ca4eccbb3694eeca84791478	0.296	1
reversal-general-reverse-047	2c38ae8e58efad1faeb4f9a536e6cad89700230117e7ad6921f384e42e795f1c	0.289	1
reversal-general-forward-048	a0395f79b752cdeca58069d242832cb9b4d5f6c6de8fe6e4357aefa44f9cdb7d	0.28	1
reversal-general-reverse-048	a633dfc882d0cc756d34887e7140e52b1c85f900decd8bfd22278a80d3e31a1d	0.286	1
reversal-general-forward-049	5a597b988a2c9d4ccc7af3831c441d2fe0848ffe8c4ad61957dbe665f1a4b13f	0.282	1
reversal-general-reverse-049	0b6600587152bb02686de9f4725e499b85f21b716907962ea9f63fb65985f1ca	0.293	1
reversal-general-forward-050	e8e2de9c51cdee7ecbaccfad5e1c4ba5b229c14440e834082b2ecb30ea0141c9	0.289	1
reversal-general-reverse-050	f30a460eb0c809eb7afcbb9348fb80d1caaeed588d3483156f42b5b696d7573d	0.284	1
reversal-general-forward-051	d1c71e7413d4ef1e088b2e0afdc7f95c6025f2411fdf60763c5683efa01b4705	0.288	1
reversal-general-reverse-051	4e2bb3e5aa2c2422640f8e6ea580fea067eb3ac1125f80294c2547ff65a71cc1	0.282	1
reversal-general-forward-052	61f54d49e72120acab53d8915547538165c994e03a87b500aa545104cad5154c	0.284	1
reversal-general-reverse-052	093b1045bccf178860108281699b941fbc71ed6f6d8b5a664ce13419ff855219	0.284	1
reversal-general-forward-053	b6110c1087c951a0ebd7f0877bcc95d41c4015f1ec7b6bd74c81b396ba93651a	0.284	1
reversal-general-reverse-053	fb00ea6a071ec87145d8aa4194c3d808ffd51582196e7a25090bfc117eb43255	0.289	1
reversal-general-forward-054	cf3f605cf99526dc4cc96ec2e4ee64a5ae0b4cd2c4be0de5315e2a72c9101d9f	0.286	1
reversal-general-reverse-054	ef36e68e56bb956a67b061097737c978998329663832437c8479eee3e6f81994	0.28	1
reversal-general-forward-055	dd50328e54d6e55041da2caf1e11b89e2bb00efacbfa01bb4815ffbddb5bcd4e	0.285	1
reversal-general-reverse-055	bd714729d8166e1c20a3a816cd0a0a8bc352a16a5286856a24f92a25fd4f3068	0.286	1
reversal-general-forward-056	19422953aecdbe6c35d55b618795c0727e73059eba0b29f0c55357370abc9bb6	0.286	1
reversal-general-reverse-056	400ca476ac76fb36a7da116beb122ccfcfa4c9016b924fed72cce4e0041314ed	0.291	1
reversal-general-forward-057	9462fdc8008f356a176547d3d1d80560a90e54825e03b5c9e5374224a81b507f	0.292	1
reversal-general-reverse-057	3b804b1beddb496264df829820922ac5f1cea0b8500679950aff3b094c803812	0.28	1
reversal-general-forward-058	492d0607a16fa1930f4f03a1dbc62e600ef619c43527b44d97e681b8657a4137	0.287	1
reversal-general-reverse-058	e01bc0b1d736ccd43fd0b71a9161af260da5909431cb5e0925aec22ccfd0af12	0.29	1
reversal-general-forward-059	be658a0b243cf5504e9cf83a41d47b2c85f3d698e94185a31c44996abec650b3	0.276	1
reversal-general-reverse-059	9cc0fa86987a67b3a8d36c48b8e29067fd854af4703d57b8c3940513f79d9bcf	0.291	1
reversal-general-forward-060	fb5761b2a09f45c640cc2e6dd49711f1fd9360d53ee4438912cb368fcbf4ff95	0.291	1
reversal-general-reverse-060	affe69cca307ab2343b512dec253d8d5e0b90e1ce3ae7c267a764c67e1d74058	0.282	1
reversal-general-forward-061	61835ba6e3164230fd30081015eeb912875a2660f01868d52b77c9de7fd1a220	0.28	1
reversal-general-reverse-061	92550d96fbdc317f6f4db3e30b936640ea9b52266bc0f73980f04c3e4e17c0d0	0.285	1
reversal-general-forward-062	00ff6dfaac7a01aee3c722254166b5fff51cb0d5d566e49687783f8c981ce9b6	0.284	1
reversal-general-reverse-062	c8274511ce0399e7d2bb77208ca0736002ede00c3658517bf1fa783f17d08022	0.278	1
reversal-general-forward-063	67885163e447a0d34aaf78ac48c16570738ac5755823338152cb7ca0eaa8c8d3	0.287	1
reversal-general-reverse-063	a1ecf9eda303b23c4c6105050f9b390f69eeb0f19bcfb1e1592d97e3b8256ee0	0.291	1
reversal-general-forward-064	92c5e7e56c43fd9c6bcf3a3ecd801e06cbcef6c52f077a3e0ee5b334eb42794d	0.286	1
reversal-general-reverse-064	06f7d54a39a7611e1140b1f0cfd444be7a674b478c7e0eff9ee0f1e691c9412a	0.283	1
reversal-general-forward-065	851bd052c0787f698fafb0dc543809b2751e5bf92aa6203eead0073708dfd3a8	0.293	1
reversal-general-reverse-065	6c11f2fa1fc1f70f31e3cb09bcdd3ef73a5ea960049e3cb9cd1b0e36480d9264	0.288	1
reversal-general-forward-066	35d38433a0d91d46f21d6402972608cc5a3df6079a7963e849a6e0caf502f3b7	0.287	1
reversal-general-reverse-066	1ff5f8ac09be25507b6217bb9bea075a5d052a0d36f3a5a6547be1079992f507	0.29	1
reversal-general-forward-067	55e801276f8cab7195e5d183ac02f7aa63803777e2a7e396ba6b68489f47dda3	0.278	1
reversal-general-reverse-067	cbae4725029df3c616ebf08af3c11d66c55f3757c8515ce07abeb4e5026c8980	0.289	1
reversal-general-forward-068	2dcab91a4864e22d1696f41efed22640111b41eec42744a59fb2bd46bce053b8	0.294	1
reversal-general-reverse-068	15e6d28190ca657ae9cf707c5a1b75b074d220e6b2f4c0935378520b4b08a8cd	0.283	1
reversal-general-forward-069	c96c7eb884ad79c3501907bebb46ecdde8e6fe702a7c514a7ab5c555db444977	0.285	1
reversal-general-reverse-069	7ebe154140e887ab2dd9be2877ff724d8c03e94edbabe8798d6a10c782a92d51	0.292	1
reversal-general-forward-070	efe5dc5107e7df0629aaf992851c398e8db9db64abad42d4afd38c452dbe9b5d	0.288	1
reversal-general-reverse-070	2929cd95b239112c897d8529f52eccffdf7e0fa85ad5988f3475b50fa4ad9b33	0.293	1
reversal-general-forward-071	4800acc98802e678029d76ae65c43760116a6e1d1b53be4e136f2e208923e032	0.297	1
reversal-general-reverse-071	275f3e4cc02b36a22540c215fba29c4e9dff258eaa74c7a0b586238fed5d6e23	0.292	1
reversal-general-forward-072	9de25bb1b873651f7474d42ecfbd161ff1dd4cece147b93c9957f9c285aa8a56	0.3	1
reversal-general-reverse-072	f876da0c1fecf0fa41c888df0e8dcffd83110702d4444feb054188f423515199	0.293	1
reversal-general-forward-073	73b1fd41ce6e3b2daea77216d68a0fcdc3e5a2f8676f6d05ede08650f59b0b7b	0.282	1
reversal-general-reverse-073	b4f6da8bd3a381d839a7c32d6bed57e76c0f119c99a9efff6816f6f59f2b064b	0.289	1
reversal-forward-001	105c1cd01a7170d9701e1cfeb7244f46eadda8ab1bcb13c873e6455ea3ec88f6	0.29	1
reversal-reverse-001	b5e5255ace93b05207d3b9bf81264022920a50b9caaaa7aef582de028fdce1c7	0.294	1
reversal-forward-002	4cb0c3de2dff03d6837c73b91e2138eb1791269fcf3b940613289c3a9e677f37	0.285	1
reversal-reverse-002	129b808563b7a2ce48c6503aa78fa1daba7e70872ee73923e274c540269ca815	0.285	1
reversal-forward-003	c79ecbdf721f41a5c97d500613569c0961bf8d05f2c03c9927ec0ae5265a34e7	0.297	1
reversal-forward-004	3a6e35c886d87f52d3356f0c0005b5e10a89353ab472d63d13310e3df9275ff9	0.289	1
reversal-reverse-003	085196636c33bd1f45421aaacffb419f7c01bf588f3d29fb53afa2c20565491c	0.285	1
reversal-forward-005	d37e95b243cc6432d1b80419a415484ec389e8c20dfa156954d47a5d1fbf9eda	0.283	1
reversal-forward-006	ceb1c44ed6abd16ca69e77cf70b0a989d0a9895a567e6364b01669197b4760a3	0.289	1
reversal-forward-007	7c1ea6f96412f1f6e1314903fea2a95ef46ee55bfde5625660d38cb1b75cd0b3	0.291	1
reversal-forward-008	dec7242754d8cd02b7872ebfbcdaf70f85b1e642b03949297a40dcc00fa5f3a8	0.285	1
reversal-reverse-004	1a7292fa4fb4feb2e1762d42519aefa464f4a99c281b56ddf9544200f290c430	0.286	1
reversal-forward-009	048fa4dafb36539e4dbddcf87cada4b5bfebe3169bb7eac1b0b187d346d01f62	0.294	1
reversal-reverse-005	deb805e3aa4df25b8bcf90dc152d6068af95126c1f5066e2cf20d4c65f694d7a	0.288	1
reversal-forward-010	28cf7cbeab99d6512930940d5698257c31b1aa70e2246b7fc8326283e94369e5	0.281	1
reversal-reverse-006	7f0305bad4408a44cf3d256c31915a02e5fea630084a879632bce8764d230d6d	0.284	1
reversal-forward-011	cadf19f376ea82135998b699f202c32e1289cb24665b4e593fd3c51d4002c0ba	0.291	1
reversal-reverse-007	25818a763314d89e75257f5f2faf055d4fc04ba9d2c9b5261a9a943a69ba645f	0.291	1
reversal-forward-012	5159575c4f5331009813a3ffab21da65c0675f150c8dd30686baebafa01cf302	0.29	1
reversal-reverse-008	e9f12c5d4dc142de9f59a83065ea88f6ec55b57a691135acb5b1b159c1d0c012	0.291	1
reversal-forward-013	b63822f62bcd01971ecb0601ee370a547e1f70f1dff7a083836bea21bacd6ef4	0.288	1
reversal-reverse-009	69bce9b8599191449db1372c462dc186d6ebcf760ba2e3e3a4f05bf7f73e3bf2	0.281	1
reversal-forward-014	17a2148416e646d713a4bf9fc0ef7f25dd124a9679a8e7ce23ed88741b1917a3	0.286	1
reversal-reverse-010	c3e6d950dd51259a0b12f4de8311776a49182e29ce06be74d20969ad000aaa57	0.289	1
reversal-forward-015	01031dfe738366f427ae52356d2313f8f7acfba8d30f967a96503277dabe2e22	0.283	1
reversal-reverse-011	3adfc80bb42a796b41284c4da93235e8cfa42f6783e8afc989846cf56822a40d	0.287	1
reversal-forward-016	cfb7be54324dbf945a5bd8bff62f670bdad85b22a198fb62c52fdc5876a7f863	0.293	1
reversal-reverse-012	c5b8cfd5bc38d54a63cec99518f5280fa0de8880269f1ed7b8bb1612486d0b61	0.286	1
reversal-forward-017	f5e05a091fd296b0db2e0c6e6eb6050c9d29e4cbfe184c100873e219d1b0448d	0.281	1
reversal-forward-018	665adf929326d8630883ca0104a380a0495bdba81dffc89e0aee11783eb86d9a	0.285	1
reversal-reverse-013	f3cafe22485f96ece372a451950ce1e02c09c3ba5d20dac39051f16c01eef385	0.282	1
reversal-forward-019	09c767539cfbae7d943bce0f840a3611b04cdcd126c351cdc907841d4c4615cd	0.285	1
reversal-forward-020	3d4ef3b498c91671df0ea8dc079cc1ab6076577887300d70a3aa788f868ed4f9	0.287	1
reversal-reverse-014	e59e98aa9264a7228fe64f2b6f4c1ffe1c1728c8b495aad12acf762f79815016	0.289	1
reversal-forward-021	dbf5543b3f1f8e395df10b99e45771707d49a888fc2f8925dff652547eb67d65	0.288	1
reversal-forward-022	cd45c9dc5b78422fcded46f62894e7021175bbba624c6c3a7849c1772cbfd0d3	0.294	1
reversal-reverse-015	e4eba84429056f716032abb16b88818e100065f5b40f8efa90778c315c8800b5	0.312	1
reversal-forward-023	5cd15f9598df8a6e148b3d29e53ebb03e0bbd03ff28bf6da4cebfd88fdcd4b03	0.278	1
reversal-forward-024	cefc6504aabc289e3be1d717c7c18c8d35903f875a32a3317d4f72b3a32aa587	0.264	1
reversal-reverse-016	27f98e66efc8387a8cf915a91d937a36766efc3bc88075e8ad4dda3a34116f32	0.289	1
reversal-forward-025	62fd7f8aa603794f3fed157313885aaa409146252e6da41caf240b48f0bd5f96	0.292	1
reversal-forward-026	0072a2f301c6e4ca95e7c4767ec2808cdfec5d76d1024e2ce4c8399e1f967c75	0.286	1
reversal-reverse-017	0bf5e8c100d47da98ba9817199c4afe9c6c49fe86a9c83ede9ce6f34d56d4939	0.281	1
reversal-forward-027	b5e1685bea100d910a8ab0eb08138228a7522c35d2570a687b26aca752833e16	0.283	1
reversal-reverse-018	51abb728cd201c5bcae95fdaa95e1d29e566e9cfc513f6fc1dbd868e691f7c09	0.274	1
reversal-forward-028	f6562ccf5e9dae38538ad91cd40232bcdfed8bb9bd9ce0273e5584356c96e2cd	0.281	1
reversal-reverse-019	c05363d709140675003b4a801088497a2af7d35f636011b64d3f9654607c88a8	0.285	1
reversal-forward-029	b62a0aff80f55816781aef9f2958b0f3a32eef1611ddc2c4850065a99ab07a97	0.282	1
reversal-reverse-020	54c054e34e01a44a39740fe707c3d53cf34ce917cdfdabdcccf42d18fa87f0c0	0.293	1
reversal-forward-030	3ccc44cca481772ed3b7b89a2205f79a9c21ffd8592470405ef298da189ad1a2	0.292	1
reversal-reverse-021	2b8331ac4ffb1c652c967a05724c4788d771dde45667aa2807be085bb7c8cf7d	0.28	1
reversal-forward-031	1e42bb89b56f7743e2510165537cc3e80e52d0c42c839e84bd30d8c954808d73	0.276	1
reversal-reverse-022	e35ab156b7b0f4a7777ff634bfdab51de89543bfe6f41b410a4abd92ed363a02	0.281	1
reversal-forward-032	0c6a9950b0513b510eefdbcd43b998574227d4cac9fd1631afefdb5dc5997450	0.282	1
reversal-reverse-023	43849dafaba6cedea210172f4b77258bc09bc242332bcb7fdbc9dc51b5fe156f	0.278	1
reversal-forward-033	2ec63216dd2aa302decd80f24729310886dee499a6ca1075ba7fd617a95505ee	0.277	1
reversal-reverse-024	39f5b1cc281b896f1d77534a6e9700e616b965e7e05ee9f273c286e2d39da17d	0.28	1
reversal-forward-034	1788b406915273f066354751985c4a53a33931f35884eac4fa96e9dc9ba91ba0	0.282	1
reversal-reverse-025	e01d9e38c36ca522724ada3ac03e6107ff995855fc5d1cf39fef46897dc002c6	0.281	1
reversal-forward-035	73e117e2bc2d3746b96d5777d2a047b4a3290d58b9c104c794ea4063c8220a52	0.286	1
reversal-reverse-026	97574a4069f969494b16d3c9d3e5ac76e5031972f888c49154b196f4bf975b16	0.281	1
reversal-forward-036	9bfee17c80513c7c7f172dc48e4935d6f81a9113f85e19f6e3876d7955f7813f	0.281	1
reversal-reverse-027	296b0322a64228b96f3ab66d132f2dc7b43414308960a190e3f4c6b6edf5f4e3	0.296	1
reversal-forward-037	03a2e40ad7a66294b2f2c904df21ed3040045f458027f9e0c0e8b7f269f33782	0.283	1
reversal-reverse-028	a6efd114a22d41bbaafd387bce29b68c8c9108c083e6b78e0da78abafae1d3ed	0.279	1
reverse-singer-to-song-001	f82f00cfb8f9ab5e397d5623f088e5539ae2bca46ad0a0f11b9483e4efa45c80	0.284	1
reverse-singer-to-song-002	e17eff3f6463c31f9d7434648d96775cc7530ddfc2bd70f714b1c52d2431da39	0.28	1
reverse-singer-to-song-003	3e86b89ba54e91d6ce61dcd0407693d57687e793bf6d5591b2bc91fb138008e7	0.292	1
reverse-singer-to-song-004	b7ed71df1cfecae5b5bc1dd5e2df0fd7697a56264bb071a008cb2e3ce611588d	0.288	1
reverse-singer-to-song-005	43d19a28c246201323af4a4129bb7526071c97ef80e63999b2d8723f992a4f7c	0.283	1
reverse-singer-to-song-006	67502ad28665e6e9794106140a56976f8ea10bac57a41806aa9f46bde22ab71e	0.291	1
reverse-singer-to-song-007	c646adcf914ccd0a1aec6724ef67738d40e7dd557fa9f805231f283099e3a613	0.288	1
reverse-singer-to-song-008	db5cc17fbb55dcd597b626c0534c47d8f48ab86cd8b48ad84f72cf6ad58ca26b	0.282	1
reverse-singer-to-song-009	ea4406c94e0fbc5f2f53c4db721a98f67baa24eb2bda71580ae8ba3321df9462	0.285	1
reverse-singer-to-song-010	5565b3f3fe80a485d64f61849112b73f49e42700e5b0a261c723974f7953e56c	0.29	1
reverse-singer-to-song-011	cec5ff7db1b8588665a73ab5c950383fde8ab1d44589d4de18e16e3229df3d31	0.29	1
reverse-singer-to-song-012	8fa3d0299e3bbaa1a316e15d53e14c8aa5cc0a1e86739bf8d7e8260836861494	0.292	1
reverse-singer-to-song-013	dfb26c81b5ae3db082ab6523a6cf52ce065383a1b84d72d1d88d16205e829c75	0.29	1
reverse-singer-to-song-014	399113ea86ad652dc390f93ad4468f5e8de3b8472771d070cdfc839deb6c819e	0.294	1
reverse-singer-to-song-015	862c3e1cd6a1ef95d0835ec29bfd1d7cf9d23d46d3af36e780c29d24484aa295	0.286	1
reverse-singer-to-song-016	6e1bfe722f7f0eeb775b85fb308277eb5a920625decbdee1f85e7f3e7e6f27d4	0.279	1
reverse-singer-to-song-017	6ac34c92e22c6fa6f32b0ed6ad18c21702075a612eaae7d53a3e7f36fa33376d	0.293	1
reverse-singer-to-song-018	047a069f3e72c29263770f4d3715763ce051b4a332e8deee79c5b29209dc29e4	0.288	1
reverse-singer-to-song-019	2da9a847c238df32a6e87718915ca33d6df1cd2b41c10cafc8ce6cb1d92984d8	0.279	1
reverse-singer-to-song-020	8a21df34e63174f418ad93ad148a6371fb2323a9a5117ab7b6e39440386346a9	0.284	1
reverse-singer-to-song-021	bc058ffe04a6e897e059a9bf2ad092bf97e34068cf8b25fc54235ebc56b619a8	0.299	1
reverse-singer-to-song-022	bd2c8db75be4f1e6eb9bd4b5976e52c98da900a419a7a37ce7b46f0ca7fa63a0	0.29	1
reverse-singer-to-song-023	850eed6973f6b52063c2ac5018a467a0dda24721eb98b4f8ece7c0a55b420fe6	0.278	1
reverse-singer-to-song-024	2f604c8f4d096668c96a5359ae373caf9dfdfd789005bf32b051bc0af8978ad3	0.288	1
reverse-singer-to-song-025	7eba424b238613b7e3aa4a207484e71c5c4ae65f20bcd94b48afd60f68af916c	0.29	1
reverse-singer-to-song-026	aff2f2a40aed376a3614956c2e25a8dc01025b76d469f4bb7e8f3b81cd034928	0.286	1
reverse-singer-to-song-027	99a47c5a426424cac9f558c213472c7d4e4c6fa9b46cae693328cba18b906b54	0.281	1
reverse-singer-to-song-028	1fac8822121dcfdd515ad981c8afbd5dec9cfca9cdb5e803d1d5812e0adba649	0.281	1
reverse-singer-to-song-029	b11b4c34423791d861586f0be364d38cd2b720af40af3ed9eaaacd43082322be	0.29	1
reverse-singer-to-song-030	9c01504652aaa23d55ad90def74ecaa50b66a7ca872056d01ea6e92ad17918d5	0.289	1
reverse-singer-to-song-031	bdcf8857bec23cc67bd821be0c22b96601a992eef45ef67c3dbca3c0bf1d336e	0.288	1
reverse-singer-to-song-032	3b4155a3b8345cc9ef34f602ab22d6886a998d94c4e8ce2c6822262cdcd4ba45	0.3	1
reverse-singer-to-song-033	0d8bb54d8725ee5e490f94ecfc12e8cb056de1905bf7154f5edc555fdc5cca1c	0.293	1
reverse-singer-to-song-034	a139fd89646f5217928e8e2980e265921d1196cfe95b5c1c1747cc4043d3bda9	0.285	1
reverse-singer-to-song-035	899c57434bbc06b106832f8724bc7c8968ac5b5feb2391711c8b1dc7ec6115fc	0.291	1
reverse-singer-to-song-036	321722146bc62eabc1696f75e4d102ccc68091ea98d25c9c81e0404e9283fae1	0.294	1
reverse-singer-to-song-037	02181c33066a5d2431a53fcc78c674da01ec0471b1b98e7b65bf1c4027122bf6	0.287	1
reverse-singer-to-song-038	3ec3cd85b0da70af302aed0f6ec502e5508713446b6685a80b13f30db9b5bdbe	0.281	1
reverse-singer-to-song-039	4a8812ba0b96b8d3384d78480c7933c737afbc12ffe0cdda36d7abeca0ed092d	0.288	1
reverse-singer-to-song-040	1a6d0b282a887b624a3ee968e4fba3769db0fcc657d5adc7678fddc593cf37b4	0.289	1
reverse-album-to-song-001	68fef3bb76aa29b7fda04fb413151b1c4162f0f9d7d7161fd80bccc23f02a37e	0.289	1
reverse-album-to-song-002	83bed1036dd3e2b6d3fd7d5c8a185c25d39bcb662cf27e24f609e858686f5945	0.292	1
reverse-album-to-song-003	32f813451c5db8ee05bba91874f14c933302840b122eabeefc7f95a3b8927dee	0.295	1
reverse-album-to-song-004	3ad7c07a7b181f38b3ed7792a11e95e2539170754c6121f717d40be4c4b307c3	0.296	1
reverse-album-to-song-005	914ef2dfa83260984e2036e48a86b9a50c1190c71e527e058e509e780f70c73f	0.288	1
reverse-album-to-song-006	55a7dc6359da44f1f79112b9125c42fd80a77f0bea282ca41955fd870240c670	0.29	1
reverse-album-to-song-007	cab1ee3a8de648bab72a4db3cf157d285346a7ceb09cad576049c776e7abe2da	0.288	1
reverse-album-to-song-008	3a06323eea4cfcefb91cb0c27eeafed251654cac87af89457a211c43116d87eb	0.287	1
reverse-album-to-song-009	f553fb344912e07e201aa1077a3c64121e1dbdeeb615df378a4f7e988066ed3b	0.286	1
reverse-album-to-song-010	934b771935b7b4d79d5e1cb970f0d540aedd0a40bb720493efd8ad768702e826	0.283	1
reverse-album-to-song-011	12dc22c6c54a7dc836bd0fe2f278810de85a051814db1319f99e8c20181b2832	0.29	1
reverse-album-to-song-012	a1e51f37046fba56b6288dcccb70a8b7076ee0cd97bd4c5ef4197c07c9b6b3bf	0.289	1
reverse-album-to-song-013	70529016dcf1b6013d61dacdaa9d1f32f92dfaa25052710ea1322b1663a64741	0.286	1
reverse-album-to-song-014	888997d078b15c64655f2375a064f11987b4b5cb803d225bd0d31d291b0c7d91	0.287	1
reverse-album-to-song-015	249f79ddc67d3fdcc330412ac4ade398e3d056acbb9421a61aac8c918fa33a79	0.288	1
reverse-album-to-song-016	68a3846e07f180b1dd6728aa5362e553eaa51c56f2021cc645a5757cedcb8501	0.287	1
reverse-album-to-song-017	c072cf1c6a2e13a70ded306c39369b390cc4455fbc7cd4e48affcceeff37446f	0.3	1
reverse-album-to-song-018	b9a495ab1dccfb534014af95c9d6c179cc9186ef9d0d66815e4a156e80bc08a7	0.296	1
reverse-album-to-song-019	4a30f42c4e0858f87a4d3d3a7eb8fb759d4dd84c12c562f03d458a0d140003d9	0.28	1
reverse-album-to-song-020	97a4abd677cc2d453d9c5abc177f5d6dadd8ccd5ddc747a2bd5249cc2e0fc263	0.285	1
reverse-album-to-song-021	73835d2b92f9a1fda270198ee903fdb10cdc0e632bae00c0cb466f08cb71701b	0.287	1
reverse-album-to-song-022	3ade203278ef868d00e2cfe95f21cb18ea80864dd8f00dfa71f113db92a9b373	0.291	1
reverse-album-to-song-023	8aa466b89200e9085dbaad4842cf2f512907a9bfa2dde75ad242be96f7bbfb9b	0.29	1
reverse-album-to-song-024	3a64b9aaafc101a2831650f5002b639b21a9e683f3e26fd30788f434c196e665	0.293	1
reverse-album-to-song-025	cad7a327f20149c788a6e31e5d5f66d353a948a5791e1dde0487b82379e6d667	0.29	1
reverse-album-to-song-026	069cf8e745b1ad1fcd914f2ca2b1abfdc1e3431fea074ed5030cb2cf69b1fffa	0.281	1
reverse-album-to-song-027	ab3194eb20c4fe0989fa6b553523dfddcd48f8306037d664f256763ba48f9c1c	0.293	1
reverse-album-to-song-028	a98402adac389a7fcf7e7f1dbbf5bef2e10693eece044bdc07b2512f5a16b411	0.3	1
reverse-album-to-song-029	d8b899115d44655aad409bd2617c5b1dd1e7e75a82fbc95e1ad6ea37492e6da4	0.299	1
reverse-album-to-song-030	a8a7ff7a316e0daf48150cc313cf174a79a9ef4c30cdf553d51ff822a54398e4	0.296	1
reverse-album-to-song-031	0ef0df2c9e058f1712b77d6de7569392417b7acad5476fdb49926f390f0cb8c9	0.294	1
reverse-album-to-song-032	ebfe9e75c1c302cbac83bef520ffeb90cbd871b88a0e8912c3554af6e15030dd	0.288	1
reverse-album-to-song-033	0151e1cd0e315516e42db718f22bb4f211c7d4ddfcedfe145b80ff8a3052006a	0.286	1
reverse-album-to-song-034	ef2a59bc4f305467af8e79505d2733defccb90c40799b704ae05fb68ba5536ec	0.287	1
reverse-album-to-song-035	2c10226f72d7aa00f1e2e3591aca4801ff5a07a5e7a5739a63342b6b18af3604	0.286	1
reverse-album-to-song-036	bd6d3f3377879d9f91c97a7b8f2edcb7c3f805ddf8dbbd00f4665fd0c863369e	0.29	1
reverse-album-to-song-037	b484ffa2c7aa05e9bf5e97820e39bf9e9e984d53a7e963650f1b1a77a07b5c9d	0.294	1
reverse-album-to-song-038	c7e4c7b9641fafa4d8a69adc73372381695184be7faa0b60a597f159ff2341c2	0.298	1
reverse-album-to-song-039	b11d9c1278b8b74a3fee03e14a5db4faa56ad55da17b0856c1d4de8ffd7f87c0	0.291	1
reverse-album-to-song-040	b43de879d0e04766f1d47b3c75d9f8df920726a01f80a28756085369ed9105fd	0.29	1
reverse-singer-yes-no-001	0cc194b54d3e05feba92545e60aeace7a903b880153d7ee70ea3f0288d77d8a7	0.286	1
reverse-singer-yes-no-002	a4a17fc9c029259016a133264e292879bb1c4fbb61ddd5f7df8735685a284999	0.279	1
reverse-singer-yes-no-003	cf35bf5b330cc69fe99790d1ffc07a7c19bbd3436a62ac34446b61c33a6cddee	0.278	1
reverse-singer-yes-no-004	f714648863b0b0ef09fd0056677324e61c2ec8efceb679befb85a805c696f209	0.286	1
reverse-singer-yes-no-005	4087110f427216ceb8e4e271ed8f4224eedc1927c0763cb939368f1f99dbf288	0.278	1
reverse-singer-yes-no-006	2a67383a5f4bde116648c1f384718c96497bacf0ae2a1e1fe97b95aea466e589	0.269	1
reverse-singer-yes-no-007	9c1b0853e0423d6a7263bb972195b05c93dcedad88e350d5c8bce41ed9efc5ce	0.283	1
reverse-singer-yes-no-008	6d0a5055b5ede495996f13c0bf6a75eaf25240339dd1c40576d885dee4a02ce1	0.278	1
reverse-singer-yes-no-009	2ae62a2e833e601db5b7f0d0c8f77683ebbea60645d52e7efc1f0f1af9c7e458	0.285	1
reverse-singer-yes-no-010	1ca659792783a5ebad13e619de73f0c2daa3f59e19f7417956ed7cf4defa3561	0.28	1
reverse-singer-yes-no-011	d25cd112e47884839e5f729470f47a13c846bb80b66bb1a98ad97cd52b4d4205	0.27	1
reverse-singer-yes-no-012	3a73471a9cc1998f295d99a88347595414244cde2c6521b937bcc2c317430be8	0.284	1
reverse-singer-yes-no-013	a16a8ecd920e07926f393182d29230fe28eace437ceb4abf3e434277ec91a6c1	0.287	1
reverse-singer-yes-no-014	02b4a2f7e1f457d3c8b190d4495788396edd35e1e87e9261da4319d4354a1d63	0.276	1
reverse-singer-yes-no-015	8d8f8fddfed0bf8ebbd3b8a8f21e04c8886878573858f741657971721aa20ced	0.283	1
reverse-singer-yes-no-016	00bdba6cfdb8b6186bf62bde585a686aa8fb28e70864913f9310f593b71106ab	0.282	1
reverse-singer-yes-no-017	0848bb286306679725e146e75db4907ecfa879e920711fba6041b158b97e8740	0.272	1
reverse-singer-yes-no-018	81734e44cabb49634efb174cc99da4b6aa07f4351cb1e571e566209d67ec62f3	0.278	1
reverse-singer-yes-no-019	44cb2da65881e4c81b3cc340d75b4bb1df02104c75e802c3b4a72860dd960822	0.28	1
reverse-singer-yes-no-020	8f6624bf5119ad2257eda7aedb12c996e02c2328c1050d6566f716a1116058e1	0.281	1
reverse-singer-yes-no-021	a4282b259bbac60c24477b57d521355d69f82ee9324667000315a754344d6ae7	0.271	1
reverse-singer-yes-no-022	48ab485af8660515bfbe907d05f08d1bc45be8dc79bfe342628e2f5937030417	0.27	1
reverse-singer-yes-no-023	fec00f0ee7aee63ba8fcad1d7211f46ee12801bdbc86b1f9f4c868de73484c3d	0.278	1
reverse-singer-yes-no-024	36ec022ba0ba3313a73ec92415aad59309738dabca27af542a56105261cdad7c	0.279	1
reverse-singer-yes-no-025	3a7528fc6ec34d393e6728307a83239441ac2c458039f0939b27f2f0a607cf5b	0.28	1
reverse-singer-yes-no-026	a76a7ca1ab03c333536b4623ad148ed3d1cd40103d0b2c7bff98e9527eda6298	0.275	1
reverse-singer-yes-no-027	b937c24009d8b79f1acfad380011e207abbe28ae86624ed4b6d606c4da18a9b0	0.28	1
reverse-singer-yes-no-028	c4104ca6299ec6d6ae1afc2f02143b98ad1d85891c567b9aa605609320aa50eb	0.282	1
reverse-singer-yes-no-029	4ed8d9d8bbfbbab3c9931474c7c13a25bb0be39572f74fb82d27dd04703848eb	0.279	1
reverse-singer-yes-no-030	c68061ca71c618c6a00ead96b9d3a2ee1a6629e6a28a6fb8b62e6e894ffb2c34	0.285	1
reverse-singer-yes-no-031	e781cfea383065b3354600b04c747d0afb3a2609944686b1f2b1e8912cb5c94d	0.276	1
reverse-singer-yes-no-032	75f81c9b21a7cbfde51bcf1d8c6905e8051d9f1a5982c72fbb9845b9305729dd	0.274	1
shared-lead-shared-lead-001	14b60246204e3a4cd4b9b35673f6c1a590f2e9c318ba4b0e136e60f2b897a5be	0.282	1
shared-lead-shared-lead-002	55be6106cc9ac4ce418321d82f42150de658e4e4695ab7d8d8a25595f46b3126	0.278	1
shared-lead-shared-lead-003	4ac14d4faa5d97a2ab346fc7850fc374f95c36c8d60e9f11e0ee00a9204cc62d	0.285	1
shared-lead-shared-lead-004	57386e13554e7e997e7afd41c129009848f1b37445a3b4cb22353f16f2d79f26	0.277	1
shared-lead-shared-lead-005	262e48423a798f40c3cf613be916cdd402c212ee192ba4a51893dd0d57fefadf	0.268	1
shared-lead-shared-lead-006	c07227b79167054da939463e97808b1ca61237bbae0b3e6c46f6f5f258443ce3	0.28	1
shared-lead-shared-lead-007	6ff3209df558a11e99f872002997143788f1ae60a24a4e96d8f2ee257a8010e2	0.276	1
shared-lead-shared-lead-008	bacc108d07d25b99c236ade5877def6e8f325ced5c213826624254ea07676be1	0.275	1
shared-lead-shared-lead-009	1b739371a5ba09808fae79872d0f4a6bc8f29499ca1f3edbcaf529efb0c3c237	0.281	1
shared-lead-shared-lead-010	eae7786e5e892c59849dc9f663cb7c021386185c3c921358aee86435e1f105d0	0.28	1
shared-lead-shared-lead-011	658a50fada6a1300e8486454219dd6dc78981fba958da309c8305fcb2854f968	0.28	1
shared-lead-shared-lead-012	b49663b9aacb7520c5b8375bc9071a951d0a49ff84d834e4bc40b050f1ae3746	0.276	1
shared-lead-shared-lead-013	3463aa15028d60fa049488b24076be83b39b613d29cf5f275c85be009dd1d1a6	0.275	1
shared-lead-shared-lead-014	ca8c5a41831e8663145855d363878a4499b1671de2495d2caf53832b94afca0b	0.279	1
shared-lead-shared-lead-015	0bf6f8bb5d45bce4cdd1b5e148744d93aab0d72951259d959527e4b87109b444	0.273	1
shared-lead-shared-lead-016	df1eb3a6565f8f2549b000cd6be0f385849e22a06260987b5ec043f2d85b1232	0.275	1
shared-lead-shared-lead-017	b0aaebdecb15963a7aab1e791f599f15dea364437aac7db9ec4209bcb8771e16	0.284	1
shared-lead-shared-lead-018	65b5bf02b36eef4c4ce5843340e56ff34dde40f1942dfeba8d8bccf0bdc8de4b	0.284	1
shared-lead-shared-lead-019	ae8250f4b60c2a7bb654ec04e437f323f8e973bc93d5c70cb349b46bed0e072b	0.274	1
shared-lead-shared-lead-020	c23dd7d33743d0679bb15337d829b43d00e57bb756546ddaffa67a739e33a25a	0.268	1
shared-lead-shared-lead-021	ae7cfbb9575c9cc6cb8c1c8ef6da278bae97a4aecc1442fb05913ca6819f6744	0.278	1
shared-lead-shared-lead-022	1029de6e7e94cba7ab5812d8930d1a4b233e6cdb2e16f4acfa6aa9ad1b514eed	0.28	1
shared-lead-shared-lead-023	5efec180be46381fb7d89d2f9bfba53125de1a2fc2cff99d2f347dcff2f7036c	0.275	1
shared-lead-shared-lead-024	4ed63f96ab1dd572abd3acf7b8fc547c0bec7e8094f73d5f0b123cc9f0d8057b	0.28	1
shared-lead-shared-lead-025	12c09db206e1a14f7cd3f7baeb1b07e4517825e98bd37f49ca5d31a1218a141e	0.28	1
shared-lead-shared-lead-026	31ca275bd71893e6b350d36d464a077e7a7c19e82a12f8c22df3ade2157723f4	0.284	1
shared-lead-shared-lead-027	7833587c469a68f01d7785bdcbe742d53c18f573c9a261760cf1e026fd306f31	0.282	1
shared-lead-shared-lead-028	b3246398daeceb2942eecb8c86159174e5fcb79940cbf1d9ba74a707604a7df2	0.274	1
shared-lead-shared-lead-029	47fdbaafc42e7fbb6e53d3360cbabbb5d2219dcbfa0e0e8e64e4e49fa498a376	0.275	1
shared-lead-shared-lead-030	ac5650dfe1bd69a667004f4bc7dab022c1a9180fb720479071c756b64f8809c0	0.272	1
shared-lead-shared-lead-031	0cb18d681c8166087daa57369ca4bc9a7072baf8c7f346b94331ff597453d18d	0.274	1
shared-lead-shared-lead-032	70dd5bdad6491cdcd9cba67aa7075224c1de4a5958d92671cf9521fad51c22c0	0.277	1
single-hop-song-album-001	3d48fba51dca8d6ae07346929f9962c9888e65b755c8bc17fa972b102008e2f9	0.278	1
single-hop-album-year-001	42db146dc12b7d0b4340a4d9fc2b44812999855f43cbc1566b4d6488eb6651fb	0.33	1
single-hop-song-album-002	1657e2e235a8cf4817f6c43629b7d40acc9a7bdcbf33e4b40e8c2d8b7a813496	0.336	1
single-hop-album-year-002	e52740aa0a55e419d8ce55b768da65df4f7ac3d6842e8d4fcd4fd40b7200e92b	0.338	1
single-hop-song-album-003	70362d36ff913cccffd3ffcb4c82d8a308d16ec3264b63e86d64d2322f009444	0.34	1
single-hop-album-year-003	63feb65da2d5c9bbfce82222c0194e5768381036a5f03e1bfee611b37f887a7a	0.34	1
single-hop-song-album-004	e26bc7df8fb8694539629e1705b13d75559a176a7f7bcbecc3adca6cbe27eae2	0.34	1
single-hop-album-year-004	8c481766a3d089d8c1ab6436275ee43f1c4a4e1921f435343bf06c2c47beacc8	0.34	1
single-hop-song-album-005	e7bee8b22a389b68916cea69b2e16b244aeffa35af692b89272394a9332c74a7	0.342	1
single-hop-album-year-005	84bdc595e6cf47e6fe202dde5c26a335e942591d045d7a01896c1981e24a54b1	0.341	1
single-hop-song-album-006	080c97e326821f2eb7acce35ba468fc8f26f3802d47bfda12f95618b940e638d	0.341	1
single-hop-song-album-007	7298683ee0b21ed32a2855fb94801a589257385bb23bc35a2b36ef56ce9da318	0.292	1
single-hop-song-album-008	63cba042b3556e3a88e9ec848672fade5ae1e09b519c7f4112d378aa749a9526	0.295	1
single-hop-song-album-009	6cfc19b4fc5c724d7dbe948c358c5ff08dfb22166fb3057d6e279a71dfbd222a	0.284	1
single-hop-album-year-006	50a5180341e3d4f4c04c7e25e7074026eeea8a12bf47336081de8a6a1ea8004d	0.33	1
single-hop-song-album-010	3546d3ae7c814b8fb0d633181b5a352d28a944b0af91426bade112b0aabba36a	0.338	1
single-hop-album-year-007	259d01e60b345012cad21ec8161099dd348f51d654c26fa19fb6f3d5e3dad77e	0.337	1
single-hop-song-album-011	aa2dc54df1261794e07a9e24f1bbad7d387d532224784712d3d265f30b7232bd	0.347	1
single-hop-album-year-008	ec1f8fccd0f497427f7cd561c99f25c1e7683227ce2314e985937794fcefa690	0.336	1
single-hop-song-album-012	da8209ef89cbb9c4331d253d28b5a7e85658a1d4643bab4e039e16152997ec66	0.336	1
single-hop-song-album-013	1d89ca9544797bf17692e842f4bcbc347652d24297050bd8f337eac100824b71	0.3	1
single-hop-album-year-009	633be1accc0842fd6b31988f3933ec37bcb2c9d54e5b08be807ba9963306eef6	0.338	1
single-hop-song-album-014	bd8546f0686e476a28cc201edfa61f3e81acc953d775841097251ace196656fa	0.329	1
single-hop-album-year-010	add888b87d99ee8d0a9def618818f5e4e5de23c4940122ab928ec27edb0735ad	0.327	1
single-hop-song-album-015	29800695190b5d5bee5365dd21da489cf8c27493f6a01013d44fb623e1fd2b6c	0.336	1
single-hop-song-album-016	af9b939655fe46a024721f375522083b7d8b6ee5f1c2bb881387e9927516de8d	0.291	1
single-hop-song-album-017	286f40a80962f383ed3e4c07f759da84e9dfcefee8155bc393a6aa4e96cc69c0	0.287	1
single-hop-song-album-018	c6a30a05f52701c7ed2b37f90908fa2aa85fab0a196477cf444113b68a2178dc	0.279	1
single-hop-song-album-019	9501b85a64e216d34c9d860fe8b7208c0156995a69a302dde99b5f3b4d66b520	0.269	1
single-hop-song-album-020	a1cc346c8e223eb4869fc3cc698648b720ffe2708a56084ef9cfcfb83651adbc	0.273	1
single-hop-song-album-021	739d78ed9a7ae2a5975599299aa7339e2b30d5e3ae614ef2b70f49acb4281d54	0.282	1
single-hop-album-year-011	a9bfacd2e93ea56b4f7b434e3e7e5a4ace592705bfd1d7a054d03debca9730a2	0.336	1
single-hop-song-album-022	a7ec4420d6e991e25e596079610940ae8ef33b987c2c571946fdb7b9f349ada5	0.338	1
single-hop-song-album-023	62f816f5e05a4393a3c6548c37dc7bbee7c8d1d29f36f9a87a5b605575fda6fa	0.296	1
single-hop-album-year-012	6a134437627bf5ba23d3f0e0860b7600ccf65b203bbaf5b1dedb0538c0f13764	0.335	1
single-hop-song-album-024	d58c5c1fd16cb97632690feae6dc2a0d876163206bfa83af3e5cf43d0cb2df37	0.33	1
single-hop-song-album-025	6fdd7b9e1d8bb169be0d9a81f766c32c5cea9a5f366e9e1b3bd0ade63cb5213a	0.286	1
single-hop-album-year-013	e07e0818d45fde8001007699ea3df09e448c4dcca382f8fe2bbc16cb947ea02f	0.335	1
single-hop-song-album-026	870b299441c392c31a75bd031c4b99e01230813a1d1e5f386015115c5ee09bf9	0.335	1
single-hop-song-album-027	4e9d319b800dfb4d520026d29cc1d65e3d21482004111f5e92d597f6d27549e3	0.287	1
single-hop-song-album-028	2be22498d000fafe77ef9b6079e7465fea96390e623f0a4ea970dae93c790a67	0.287	1
single-hop-song-album-029	8ac8316d2f996eb31f23f7268e8d3bbcca3d0180fb009b779fc5a0e328fccbcf	0.286	1
single-hop-song-album-030	002c1b3767ce17f4199e6282b3c8becf87541cb4f3b2ca4d501fb7a4f3e3ed90	0.287	1
single-hop-song-album-031	78e2d529af5f78038be7bcfb95aaa6c90844f4fb9c346fa15339bab3645612c3	0.287	1
single-hop-song-album-032	b7762e00b064402441ca76af8667b10d8ab638d5d3399e4d992506049134f650	0.284	1
single-hop-song-album-033	90f516f509541e59bb17fbb14dd59e8621ff3d9f00c264b10fa9bdfa70ddc105	0.281	1
single-hop-song-album-034	3b0ec1ff4d878c142522ab0142058e05e0cac29eb2407a9be6ca0528b5fdcea7	0.292	1
single-hop-song-album-035	b6650faa3d62763ce5f77311fe753804bcd0518f39a664957ccf79cb5bdab94c	0.287	1
single-hop-song-album-036	effd4b13d74c335414f5feb04c3ecff4eac4fee04015118b5b66fd5b747f4f67	0.275	1
single-hop-song-album-037	0b09c241a4c93fef6614c4fa82e6eb413c7e76e05d11090f0409ad35f7b50158	0.286	1
single-hop-song-album-038	53857b8970c89f50c4b69d4b7e72a54c2de59883d07aa73de734b194bc211609	0.289	1
single-hop-song-album-039	488672648270486387058ff206f6b84927f61fa976bad104abaeaba44eed6684	0.287	1
single-hop-song-album-040	9959ec595eaffab7a03993dc622575755db530ff032c6f26b770ac3db38661b5	0.293	1
single-hop-song-album-041	17e46ddfa9d5a21f978e68309756066645049a764f3926b410a8ef6776ce5736	0.287	1
single-hop-song-album-042	1cfda3084fcc652da13a1d864f429b3e3b6bb1e1b0d60cdb2808a19bc3158376	0.285	1
single-hop-song-album-043	15a2d048aa39d3a12bbda036d9911270245178a2934522c9873b7cf0cbc8e414	0.299	1
single-hop-song-album-044	450ed295b02ec5550577d8f979d3ea55e98a6ddd45f77217612acddb594f34e4	0.286	1
single-hop-song-album-045	de021cf4316e77714d1b6a6fbc20ef5c857ffe9990467b23794971a67c1874e3	0.278	1
single-hop-song-album-046	aba18feb2a91ceb3e0c49595aa3ba17ed0132a448b0fff947235cfaaaed3d99f	0.298	1
single-hop-song-album-047	15e0bc8a572b86d495ed6e1f47ce66ef3812108c8d383fab4bb3954328187bd8	0.295	1
single-hop-song-album-048	a3ed9208c78e201483b75ed22230f9eaf7e0ffc4cb2028740fd54ca503f8cb12	0.278	1
single-hop-song-album-049	3ee58ce322cce35dde7d6afea544635b49e7b0fba3466d4e3a5db88fdbd32115	0.279	1
single-hop-song-album-050	19493114fe0f9a5269ddffa2bca610a58e09cd5af566e43d7fe90e819d24e456	0.296	1
single-hop-song-album-051	ab727e6214c1c78ec5bc025c677a1c55d774e8d42eaa289ef0689b57e8e7743e	0.291	1
single-hop-song-album-052	67b68384beb965e55e57a8748ce9261e38dfdc09755d85e317390dd0ef4d267d	0.283	1
single-hop-song-album-053	29d832e045c560f334556f2cbb99ae00dd8db8deecbd97165c044f246adedd2d	0.292	1
single-hop-song-album-054	5838aa6e2a228e16e2f236b0cc8dd03045f167c73ebeb43719e3a59ab39a211c	0.292	1
single-hop-song-album-055	df160ce592b68a01597c2d175f7c2402c37029e39be6b880ca649e78bdb77ce8	0.297	1
single-hop-song-album-056	b6d789c1231fd537302560240b96ff59b51cd80c849c877357ab5ca8024b5292	0.288	1
single-hop-song-album-057	c2a4eb5aba97b665b0480d7359658c386a34d2c505b989d0277445665a44ad93	0.289	1
single-hop-song-album-058	d1febb2a8063dd0404c6f008fd49fcce4063dd2eb90fddc549cace9798ec240c	0.296	1
single-hop-song-album-059	3a2e82c8f8b7d75798bf3153a92841390a0976e03e9657f1a61993386c886c27	0.291	1
single-hop-song-album-060	1fb6ba996ea9dde7b699983319ac55c8ec35aed895c28cbd6146ae609c10a2d7	0.283	1
single-hop-song-month-001	5735071a78651f870e7b482be59de859c036c736a59b53021a3bbb21ba0f54b3	0.275	1
single-hop-event-month-001	e5ce4fb73adc1184a6972215f21b44547bbda70345c424041831b2275e677276	0.289	1
single-hop-song-month-002	4c8f6ee917723a48b047fc21c4f580c73b5f7b087b25ea92751eca17cdcbb4ad	0.29	1
single-hop-event-month-002	e55eb15524fcef3be59f6d5daa35221c29da728d41a193e9313113fec1c26f46	0.286	1
single-hop-song-month-003	30f6c2184d76fb16e48c39b0272b2f741e5bd2ed5eca02b4ff01db571f013ab8	0.29	1
single-hop-event-month-003	22c1eb496d88f4e3ea3a5ae7d753951f3fced6726baf6013db3068b341859c0f	0.295	1
single-hop-song-month-004	09288446cfdc3971cd79c5a7821df42c87d74d9dd12df0f1422ab373110535a6	0.291	1
single-hop-event-month-004	6794624c4c445916c97235982249f9df61944e344b842a8d88bee70d6beca170	0.292	1
single-hop-song-month-005	afac5361e5931a975575b722dc272ebc43670a6f48b5eb7829598ce605b41193	0.289	1
single-hop-event-month-005	c2bc8f2d1f48fceff6abcc6bc119982fefa1c78777a162903ac6ce3525b733e5	0.284	1
single-hop-song-month-006	8a0d103f31ee3f067ed2c8f2868c9584f75776e4823a0bb67d06e26dac103a5f	0.29	1
single-hop-event-month-006	64bab369b633a010ea2bcf9991199d0b6a89c42c837a9fa417849eeeae470265	0.288	1
single-hop-song-month-007	7f645f41eed368d38c08d3d6834e666877340811ccedb193cd3dd27a055be2b5	0.283	1
single-hop-event-month-007	0d5d577de160c5372384424f16024ff51988bde51edb46bb0b128b35a9ea889d	0.291	1
single-hop-song-month-008	0cbc6be1f9ebcb3d7d7728adb198f3da2959ed6fa06e9c7798aeebedefb01443	0.298	1
single-hop-event-month-008	06a7711e15e2944d9b1fbe66e24dbcfa0dafd00d212b99fb70ee8c0f4e985469	0.292	1
single-hop-song-month-009	fc9c70597b5c2f08abbf56fbb11f7fb468226f6b27c1a221ede5c7857dff0b91	0.297	1
single-hop-event-month-009	c7996685f4f79e6efb235a45d30577a82c8c3c89603503ff93ecbe8dd9654f54	0.306	1
single-hop-song-month-010	2aa665ec1ad60482539dc1872918dc0caf491869c64139056ee7f8e2f4a0e338	0.283	1
single-hop-event-month-010	3bcbd4f9071fe2db46afc6cad0695d9b5982a2e4595a26b8bbdd50a800db46f5	0.277	1
single-hop-song-month-011	4e6a9f42685e5041b5a296a17af253fb604058278c4be5ddce5851c14f41691d	0.296	1
single-hop-event-month-011	35f84a2a4fb3f0ea841604f3c133b257bb33731834312fa5ab8932acacab6472	0.301	1
single-hop-song-month-012	24bfb07fb49c06a6d8e53f2bdc90eef20f0fcf9c803d2cd3b6ff9e67adb2f9e8	0.296	1
single-hop-event-month-012	50495308cfa3a9abe93b678f1e3a3fef5b0fae6057752c42ba4d71796e2d7407	0.29	1
single-hop-song-month-013	3d4fdbbe24fccb11b4c61b05bef7b20935826a590302008f71bfdf12cf01d659	0.299	1
single-hop-event-month-013	8cf49c0a4eb0d236ddab54cecd9e4fb43b80df2fc9575190e543148fb4a6c3d3	0.286	1
single-hop-song-month-014	6e205a0cbdd8d35538043cf2178b6852432760c419298ec743fbf6190da7c06a	0.288	1
single-hop-event-month-014	2f8f08b3651bdb00772528ab63d3492e035d7e15f1ca8f53f12585123152d327	0.287	1
single-hop-song-month-015	373f203e487b649822f80e0eff5a9e386699793e56ac1585f93a05b2e51de05b	0.277	1
single-hop-song-month-016	a011451f2342df59f49a3d7a6db1a53a434e519e40d1851815fd0488a7db7748	0.291	1
single-hop-event-month-015	3bd5557b070d0923b4a3af049faf27350f889134b8c85bca2040701861e9859e	0.288	1
single-hop-song-month-017	06f0743db3acfaf6fdb182c710231052ec0735a5ae166627d3d6db4e61463e09	0.29	1
single-hop-event-month-016	74b896c96c41c9f562e374d7abbd9324173d9865b55f81eb6e869de84f1e7fd5	0.287	1
single-hop-song-month-018	3b98c600a6451eb0c927f8446c3544f1240a59c2a20f26396dbfc1883f8e3d61	0.284	1
single-hop-event-month-017	d8ab3644fd39b9eeb70832fb5f2a23d002dbed3a1e8e60f1b4f3045e619edb80	0.286	1
single-hop-song-month-019	948f7dbc2f7947fb512254090b09ea567f25bc95bea05ca6632cb7f1e8057d01	0.289	1
single-hop-event-month-018	8c8f2cbcc0946b0fb20199405430199fb031c77a592ba5cd7e1f0a36274cf460	0.296	1
single-hop-song-month-020	270c1f1a1d59461a9d36aaf6e612fbe10feb7a009b13351bfb4c49a66bb65436	0.289	1
single-hop-event-month-019	789d5defd6db901f6d446035a8deb3ee95011a1407eb33b7b8161bbe2773c7d9	0.285	1
single-hop-song-month-021	405b7473c07f033a72b86498b06662dba225decdc03eabd00cefdebb79836de4	0.29	1
single-hop-event-month-020	421f2cad3bd6b08c8fa31589eb43853433f8ef40402e3fb3e80d3dd10addc598	0.289	1
single-hop-song-month-022	1390940b0316058c0f83f027ac3827da7d1627cc1b770952e4b89bb24317184a	0.295	1
single-hop-event-month-021	2c45734b48e711baafeb02ed36ecc829bf42089a555aebc8c04e1efd062abf2b	0.3	1
single-hop-song-month-023	35f7522f7c06e91fca8e5e48082695534794401a16ee8c7487f71b572483c8e9	0.3	1
single-hop-event-month-022	3c2a056dede1950f57aac25070fb34e9a09b25b310551410527a946f61f829b6	0.287	1
single-hop-song-month-024	da04b5f862c4f1f179f8be369cad9bda232cbb0c85a1a39b454aec50177dc655	0.284	1
single-hop-event-month-023	eac48f51411c585e9893e640860a256d42320818fda0923256e8eaf12901404a	0.295	1
single-hop-song-month-025	33c78db22ecba2f2d94146cd01d757190205d6a7d4c926de18416a75fb800678	0.298	1
single-hop-event-month-024	151cae3549f712c1568d6dd1803974534b7d9e47c3c9ae25bca30f8e721f41a1	0.29	1
single-hop-song-month-026	d197fa1bbd2b043b7f1340d614416ec45a08c6e00b8c61fcd21eac11d486db7c	0.282	1
single-hop-song-month-027	854e4245b772ede86ba9a8473ff8ad872d2fed20eb65d61f98b3d98ab98facc7	0.298	1
single-hop-song-month-028	bbdd87125f4fb9a26f04c04701aec17fc5516de90b6cd17f61ca34ca44a22569	0.3	1
single-hop-event-month-025	6e93fad294c8faf2e8b83450dd830e3b0cb0fb49ab87dd0dee72d95c572fb598	0.28	1
single-hop-song-month-029	4d138fe79692447464b78ab9352a78cf67f88f6c2e48aa9a0a34dbd4e8eb7475	0.283	1
single-hop-event-month-026	1bc76b02b7c2cb671b4b882be2ad23aea8e853e07afa42629e7b1f6723d0d4b7	0.298	1
single-hop-song-month-030	388a5d0e1228299fb7c3d09d939aee16bccfd1e8838ba79d0105723b01f66fa7	0.29	1
single-hop-event-month-027	96512857c5492c5f8bcc6bbcfa3a37884e42fb15a53bfea8cf3f2b37ed9e8dfb	0.286	1
single-hop-song-month-031	2d5ed89e8146100e18bea98115b24a1e21947a4426f3ba712059fd8921e305b6	0.289	1
single-hop-event-month-028	6194242e041cd5c0b3bd15d8dc3800243bb0cb0fd0c8139b7ab3205aacb57a89	0.29	1
single-hop-song-month-032	d72b1020d1d60897070d845860662ad86718e4ea7ddb6566f5f5b63e6e106a4d	0.3	1
single-hop-event-month-029	98653348982923b7650f8ac480e006878adf7c1f9667c2cac9e73bfd3ae2c30b	0.29	1
single-hop-song-month-033	f9243de521f48cfe693f0184c45ee3ef7c82903fa62436aac27cf731435b37ad	0.289	1
single-hop-event-month-030	9938a4d89d232c40677105031687afd910d506682d57d183f09bc96534e96d2d	0.293	1
single-hop-song-month-034	30cac517cecd65656749eaa4b6e28430f84f580bf069acb899cd4491435e06f4	0.291	1
single-hop-event-month-031	d5b8e7e744e0d3220daf834ad17d738e370a7366d96a121b475b98ca7762309c	0.306	1
single-hop-song-month-035	3bf4d8cbd53bfbd30265afe549933cbb2898c79f3a320d73fe15e1ade604e633	0.297	1
single-hop-event-month-032	e796d7d8777f152529f3c1fa2d4c9ed4b29989df1d1774e18bb458e871178f6e	0.284	1
single-hop-song-month-036	687418941037e27a8bd50e5864ec6837a4aaeaa5d117f863260361bc3714c834	0.293	1
single-hop-event-month-033	c7adaf27d5f84828e62958c796344a260476c7cc1f8ee121fd124a98edcaf317	0.292	1
single-hop-song-month-037	eb7d8cb64df40afe74fa4f20d34238c763f7459b5f43e511a27ffb5cf470bd2a	0.287	1
single-hop-event-month-034	37135d3069038b82a969eb3ef7d19a67ed6c964ba96e44022c3244f206bf9c5e	0.293	1
single-hop-song-month-038	9dbc17a70bec53cba15cc3722735fef1fe8037d0c871ed339b905e2bbfdc2516	0.298	1
single-hop-event-month-035	d3285cb7e8bdd7f28e07da58f73c7dfd97fa1798f8f62e5cb0b4a220840b8f86	0.286	1
single-hop-song-month-039	add960179fb0d62f1eec4d5b41881ae60519521750cff894dfcfffaf4c5d98fa	0.284	1
single-hop-event-month-036	62108448cda85b8aa04eb547505de2664e79c1ff86bff371d8ba41b2126d4896	0.3	1
single-hop-song-month-040	386cb696fb491a6dd338e2e9ff31f7a82427810cbd159dcf8ec936537950c6dc	0.291	1
single-hop-event-month-037	63f3a1e00c581f4a69f4f4a0b89612620364d80c7e5ee8152abab2530d54ef2d	0.282	1
single-hop-song-month-041	8eafd9f4b5d7a8cc06810aaf158afe93b79f84d732a07d98873afe035ac0f72d	0.291	1
single-hop-song-month-042	6d7b0c905279f21b5b10324c3250dd4c68dc8f6eb5771d1418ceed656af27247	0.29	1
single-hop-event-month-038	bbc2411d5f7d22f1cfa11b09fe460eff298aea5e2204f43738847ee3f75a4abb	0.287	1
single-hop-song-month-043	8602d944e38dbe75b64375152b2caed45c2c6b6452e969a6d373028d3b25c1e2	0.288	1
single-hop-event-month-039	3ef7810783f65ab0bc4079d6577170e68dc579f0f2ebc73aa33265f34d3da4dc	0.295	1
single-hop-song-month-044	c97a3830e0d88fe6a1d1c09443d97c781f8da4b79a234618e2456ff389164e3a	0.286	1
single-hop-event-month-040	0a79527d952a504eac54416243f480f8061c61b78b5f04334bd019dcd0fac8db	0.286	1
single-hop-song-month-045	1e11a61cb77601f3d05df6593b45cd95924cb5a5f258fb597cccf63cbd2a4a75	0.292	1
single-hop-event-month-041	854a5ab14fc321f1a26294d7fe48e395eeb82026340bddbe6d2400608dbb6cfd	0.289	1
single-hop-song-month-046	ad8e3700e1523df49df49cebb68a0fb5b99d3c8cd6d0525abbc9645cc8446ee7	0.295	1
single-hop-event-month-042	74efe147b7f1c41ca0a4fbf5bebdc7bb1987b9845a2423e1315f6cdce0dba58b	0.295	1
single-hop-song-month-047	edb39653112e17e6e3b97632d24f17eac7fe817348fc8a2038cdd790d4a990f8	0.291	1
single-hop-event-month-043	b469721bc64b65ad6bff475216f2fc60f482f36d351c7856b5edac196ed8e8aa	0.291	1
single-hop-song-month-048	33e877ba75a9cf1cb9d78a57af0ddcb365be095be6496fa825cc5dc14ee08e29	0.295	1
single-hop-event-month-044	2479553c09a46eedaa95e4276cea6e06c9728901241016c9f0d3c79fcd511295	0.295	1
single-hop-event-month-045	731e6a8277f324f196e74a056dbecf3e3ce649dc67952f919df89e9e83bccd17	0.296	1
single-hop-event-month-046	98721386b3bd84f03bb1f7d13a2272dd36adc182f34b464bbd69cac77aa13091	0.294	1
single-hop-event-month-047	80b667c49b9c111f529820aebe435d04035c32b311a2f97ac342f0eeabeb0631	0.288	1
single-hop-song-month-049	99eace7f8d83eb73239d7f40e60e0bbe49c0966fe26c9a136ee4c1c5825a3718	0.29	1
single-hop-event-month-048	cd9e0a12db55e0568b2f6923ce1900b36054b92eb3289708ca72f5348a47f719	0.29	1
single-hop-song-month-050	1cf661a9f4a8bf8ef9eda9bfb5db76e7d0d10698211a1feba608c809e59652d5	0.298	1
single-hop-event-month-049	f4bbc5cf7c66997ea58ecfe038090e44fea2486b57a0290f2f727e1bfc30e42e	0.29	1
single-hop-song-month-051	e9579825252a4caf73b2f7ee11f63b69bf91af4e7f14d08e9bf49642578dcdab	0.28	1
single-hop-event-month-050	8193ac379f211bf9f47232e8cdf329922ee92c2172ee28373a3e9fd802120654	0.293	1
single-hop-song-month-052	d663943122cf1ee3c1a146a97031335212b22896f5c5539ec7d8698ad849e279	0.294	1
single-hop-event-month-051	be9e2f88d74871d8ba3fbb2a1500976a3c633a60fa9d89960626215b0ff5e841	0.292	1
single-hop-song-month-053	313cacad15368b4001e9e759a565646d00755d707f71619f90156499aca1ef8e	0.293	1
single-hop-event-month-052	c9c47098fcce189890b9ef7b7d49ce592e7244fb11eccf97feb503d6adbabb8d	0.289	1
single-hop-song-month-054	03735d74b42dfab53d1372968f1352cc9b1f45d6d04c506c48c8a27d1fe834e6	0.299	1
single-hop-event-month-053	25aba262bc1990926e46cbdaa133459e3e175092a262d8d8b78236d632fa0ec3	0.296	1
single-hop-song-month-055	1bd4b75f596e85f307ce4faf5721397070c49e2e2e5991099f3d64d05d919142	0.281	1
single-hop-song-month-056	2ec723c5049cc6a4da32345068a2edfde874fb2606496509fbe245c13b814c2f	0.282	1
single-hop-song-month-057	9d85a416b28cab4e9f20aeb2712c55de7aad7f84e5462492e80873e39bb72060	0.285	1
single-hop-event-month-054	4881f09bbd73fe36121a92dd41dd6edcd9321f2a4bb9ae966ab91bf26cc90110	0.29	1
single-hop-song-month-058	a99b2b787946f24b38383a911a819f7991ab5712e61a987bac9b314e4b8ad024	0.29	1
single-hop-song-month-059	71f8da2853aaafa68de32a4ce231168cf7be4768eb11d36371e8d88fc3e61a6a	0.299	1
single-hop-event-month-055	cee36b90701b1beda40d5f3f0760ecc657a39e909c0d4e831f18c44e3f12bc8c	0.291	1
single-hop-song-month-060	69ac85175326c969c0df4922e659dfc8a5946eca9d1e81862d4b16371a76dc81	0.29	1
single-hop-event-month-056	fd901be4161a25c9ddfc07b756145c7140ac5aace6c65ee6f14452a5d9c06ec6	0.289	1
single-hop-song-month-061	dac6f964a9e6310639cf6a64668d2ec22feea0255acc0e1f9210453537e7898d	0.28	1
single-hop-song-month-062	fc4799615f584a947a89484d7d899ffe7cff2b5975695df4e3bda8361f999801	0.29	1
single-hop-song-month-063	dfccc6e230594b51efea282ac3af06e5fdbbdd40155c4dbabbe1449870ac7123	0.29	1
single-hop-event-month-057	effc2a27f3f91651d6c2b2a1e53471a43bfc0c2416e83ca54c912fbc30c73c77	0.29	1
single-hop-song-month-064	dff2bf3e7596f00b90f2c6d21477095cd71e71e39e5c8674b075c2ee9a6ef882	0.289	1
single-hop-song-month-065	09e3cb0374893e07c346ad7d395518105b2652ed7e956515956eb80f90a4fdc8	0.287	1
single-hop-event-month-058	64317390728a05838ea9b1f21e38452f5179909bccf57009040b9f584623da84	0.289	1
single-hop-event-month-059	642eb8635254335759fc0bba66bdce2e4f26867bb1814041c0a09512e84bcde5	0.288	1
single-hop-song-month-066	b88874bc41ae4a32d6600388c1d45ec855d6457ab3985ac489ed6a9727de99cf	0.286	1
single-hop-event-month-060	1e571a08df438eefe87c16211c7e3034c35f0a337b1d450b76817d88a65c8cb4	0.291	1
single-hop-song-month-067	e00ae7e4c79b067bd11db4a29c67819c1dd2666e39e0817e53604c56bd572766	0.307	1
single-hop-event-month-061	06aede1cb17c2c808de9d0d3db6307b7cbbe097123122526cfe29b0f92d353f4	0.301	1
single-hop-song-month-068	9ee30db958116dc70eae289f35d78f7912e459df1a634e6da15e9ebdd7b4ee2c	0.282	1
single-hop-song-month-069	2f834fe8a3ed0f8b707510e5a2ac7f6ace32bc07d8911f40b1809b1d9da39d07	0.283	1
single-hop-event-month-062	126899f1d660a68a6860a0905adafebd7c2e4a8993d02736b2afd5e9b6a5379a	0.288	1
single-hop-song-month-070	6b8e04001ab00e0559635da1f33965e6f979f5bf5ac37426f23d2452b12e1bac	0.293	1
single-hop-event-month-063	414899f43a4a521c98aca884e536111db32036baeb88abb0a115d1a03f4cf68e	0.292	1
single-hop-song-month-071	930adff3baa8459f7580307569e82d342417ed7a7af62de07631b091e93503dc	0.295	1
single-hop-song-month-072	0ca172d6bbe033fa7a67318e575afe5a5079f702b08262a430fc2ed94b1b5795	0.291	1
single-hop-song-month-073	8aa4566bc4fea8bd809db2ffee91c910da12a6e793a6e9d17ecaf38295a7c8e2	0.291	1
single-hop-event-month-064	0596e7dabeb8d533be9fc44d0a740c4a6ee24f13aec2a439aaf25e977ef5845a	0.288	1
single-hop-song-month-074	4c9c64b44a52f86ac8937ce4c81101b2aefa28004d44c9141268dfecf027adc6	0.289	1
single-hop-event-month-065	daf035f1ba629b5d36017201b88af54dab3649c877d4c028f1c5ff9f87aa0c88	0.287	1
single-hop-song-month-075	3b9ffdde276234a595faca5496f00be560e33c27e837e25aacf3329b9e4007e2	0.286	1
single-hop-song-month-076	fcc59cd23e0d681b6f0d0d94b10d6b7c843c755dd41ad57f4245ae37a5ebc1a2	0.29	1
single-hop-song-month-077	b960525151bad6476f7ddf814c76c647c7df029cd92e552c9e189b31afbe7813	0.288	1
single-hop-song-month-078	7c172f160d0e9a75ca7766ce0bc518fa3985bf0ab29a69732dc3e63953d0be1f	0.289	1
single-hop-event-month-066	8dde4f8e6ac63be6fe74808fc34df0e905d280cd71df327b6529fbfadb726417	0.287	1
single-hop-song-month-079	2ed51bbcc13c2ecb020f3a37acf0810b0bbf53753186adb35903ad25452a255c	0.291	1
single-hop-event-month-067	71afae505158e33bf621afff8fb6c607483680c4296528dfb9f62c8de9138e88	0.29	1
single-hop-song-month-080	a91cbec7e7219bf034836b035c7c16eda00ed19ccb81708bb1f1213824df3699	0.293	1
single-hop-song-month-081	815224f0b41664304b4d5c604208ac05c8e075afc9ec674b5e880bc7ffd30e1d	0.293	1
single-hop-event-month-068	cf8eda114a9f697b512f7895ad6554c8dcd85561c910372a8d39c8599e7e6b77	0.288	1
single-hop-song-month-082	beea864edfcd6940a5ec995cb5fce68615bfc078acc0ad4516b75dff761bedd6	0.289	1
single-hop-event-month-069	1619da47c58fcfde8120ae2f2212d10c6e3ec57156f42675b00ec6b750bb3d71	0.288	1
single-hop-song-month-083	191e2294d145d0b2ed3112d12a223422700541c432b0886d38fa5aa6117f3f36	0.292	1
single-hop-event-month-070	ec939cd242b41ee02da71cb2b9074f0a1476adce501b55b212c549780c254a69	0.295	1
single-hop-song-month-084	8d6576d28c9404261086bb99317508d1413f1f037bec3784a99e126f28cf3069	0.294	1
single-hop-event-month-071	eccabee347b69a64a9995a0e1a82a3aaaed75b0d70fa108595858422593a1a3b	0.297	1
single-hop-song-month-085	149b2c063d8818fe2e791d6eeec76e9b10b13a87997ff91b3db7167ab5b77c3a	0.297	1
single-hop-song-month-086	86ff4abb88340c8d4813b2a14920383b561aeac72eb4372130d13c22e993c7a3	0.295	1
single-hop-event-month-072	a3fbc0ee699bf390182bfc2754ce1d0a40ca1f1c20e8b0ee9617319ce53edb77	0.284	1
single-hop-song-month-087	c16b63f8f0d7163d00e1acebcd32cae88b32fcdd89c461c4fb63ef8c3dd22c57	0.284	1
single-hop-song-month-088	d7398be6ce863bfc00af18fa1d22b2f93ab9c0d152ed86506c2f4c9d1c1dfb91	0.29	1
single-hop-song-month-089	a7ee4422b13a5ddd779cfa2c2972b2e8231adf14b4c3fd85a6030d6eacca8d43	0.288	1
single-hop-song-month-090	5d90cc275e721eef575bc63e177ed0b0fc2d135ac2c9e79f6eb9672accbde0bf	0.287	1
single-hop-song-month-091	f535bb48166a53fbae68c07ba899cce1f76446c4ebda2365b82a53867413ac15	0.289	1
single-hop-song-month-092	0a8eb4a87c797c4ec8c000846ed5a3fddd2d2de8b7ddea82048ca1283b897413	0.296	1
single-hop-song-month-093	458bc38d5e673feb9f52417df9b3ef6044864540808c59bd8f8bd5e002f43058	0.306	1
single-hop-song-month-094	f01f92e0513a311e5f914b12deb9661944c82478a01393f92b743563e3f884e8	0.311	1
single-hop-event-month-073	ccf94b8171ec01775e7e555b64e8cefa4d120699c6217428d79743e584ada729	0.3	1
single-hop-song-month-095	dd78511a77ffa7f688c8d6479f1382d159f5d2b32b58309243c4de26d0f33cec	0.299	1
single-hop-event-month-074	958d860073874afa59fa2424b2807f189f91350dcbe69e9d6391ce391561fd31	0.306	1
single-hop-song-month-096	7e33a65f279498ffc446fd99255ecb3c94ec5cedf2a7236627c31bdc4cfd30a6	0.287	1
single-hop-song-month-097	e919fe329dc7f83f56e6953e07041b2651a81b78223cf8aa3526e75236d485d3	0.271	1
single-hop-event-month-075	e151177f8259893bfd6c739e7112ed3c4b7c9a0270d0f79210009ab077333bb0	0.274	1
single-hop-song-month-098	35d0684b49e959a4a3c3c5ffe0629abba7cb86cd1ab49f1752370d9d6c22baef	0.273	1
single-hop-song-month-099	0afd70a0de37d98117a12d84f615fdde0976b305ba1394701641f6dec6bf2dbb	0.272	1
single-hop-event-month-076	1fe99a675ec64cbd663eda934ce1d0f95b55bfee7932d74fbe433793ac6bf5c3	0.277	1
