id	request	wall_s	requests
comparison-longer-001	fcc8715f0333de0735c5c0e6f20a8f41dcfca2513302443a49ef27fd41c7d12d	0.326	1
comparison-longer-004	df709f9fdacd33842a73efb31fd6ed68ebc6b20381b3ea14c8c79a08ee07bb7b	0.339	1
comparison-longer-002	2191b971720506e92e8c45972506ea0ccbe012c75956cb2cbf59661deccff59d	0.351	1
comparison-longer-003	c5f00aed54560a629daad9f42b317fa5dacde55bb7ae5fd32de711125cc386b7	0.377	1
comparison-longer-005	5fcea1a3da559ecca55648d4cc9a31a047f5f6c2cad517cef7152cf5f8cb7d83	0.322	1
comparison-longer-007	ef9d83a0cff34f080640f060420b6bff847a65786fa3be1f3729810b326dff4c	0.315	1
comparison-longer-006	ee25213ac64979166d9ac27c12fe124e05bb66070d551a726810df1a01ec4704	0.351	1
comparison-longer-008	42ede68452b8874578f3c741cb73e32b7f160aabd094150ab01779a1057498f0	0.345	1
comparison-longer-009	39230660f605b18ef003cb3b1443fa762875c02636e55f66c76e59148413bb73	0.276	1
comparison-longer-010	6c52642eab3e2a36c903ed02ba31613fb50c690d3855a18eedec19a366e01161	0.311	1
comparison-longer-011	b1c8032309dfcf704335a5220179c0f43856142ba8a59c38208fc9bf22604e38	0.308	1
comparison-longer-012	6cd7756e8d4301d1f664add563883fe99e84f8f90d914be392b1701438bc9b9f	0.304	1
comparison-longer-013	86f9e58fa6fbe4f62c7b33c2bffdd520252452621fea248c38c064623a65ca61	0.299	1
comparison-longer-015	997d34d070d4902bf5458667a6bd7ab07ef6ac01131b722328ba18aa1397d3a9	0.308	1
comparison-longer-014	4bbc4f45e78c848ac09ac1110cdb93c9540f9821d3a6737b89c15c972055af72	0.346	1
comparison-longer-016	57e712cb04ca5c01bfb8bb388d2d2ca4e995b3943d6deb942cb41b86343a0a0e	0.312	1
comparison-longer-017	752d69e520e86029bb8f58a1512d6a980c0189759aa636b5724b2863bfc5c1da	0.339	1
comparison-longer-018	4da0e217577a9b9e1e06f13c1dd0e1c8a6784972b99b558446e71f567196ced3	0.307	1
comparison-longer-020	c37421d542587eeeab6c4eaaa3065b8fc07db1daa84f961271646afcab5a7925	0.292	1
comparison-longer-019	129c2631ad058dfcace19f2e00c937e6d24fc169d9da12a1248729a07716fccc	0.319	1
comparison-longer-021	65f7aebef125ff456b80141d173cfa183b215e7c6055099af082ed75ac6ee884	0.301	1
comparison-longer-022	2bf4f0ae05954f3a39bf533e4fb0b0179f4f8574bd507f02a34e072426fe8e26	0.344	1
comparison-longer-024	15b9f694bc30a863ec9485ca200769972e471c528fe6b9f6a5cbb7edbfa53713	0.332	1
comparison-longer-023	9c5d5c3e02105f1e4dec14e87f569a52dd2b2327947d77c63d5c2903e495ae2d	0.355	1
comparison-longer-025	bb1b1cfdef882aad54ff8efd73306c9fff9e9c37fb3a2a947b8b7d01288c32cd	0.274	1
comparison-longer-027	890a4d3da8759bd4a1a0bb2aa370858a5f2f9285128f866c31a25bda77fe6e60	0.292	1
comparison-longer-026	d8b00d76975f5133166af6c6b68c17399ce0069d21edf324e5f599613ccfa738	0.342	1
comparison-longer-028	f5eb8ca51a338f44d7a49e8401759635f08eae71209e618f46aa418c943190bf	0.334	1
comparison-longer-029	21f846ea42089c798209fc68911c89c3106541357faaff6f396e2cb3b1715fe4	0.342	1
comparison-longer-030	03c1307c51cbbc1e2d6b0b5ef09197499ebaca2818934324caf65d695c1a3f49	0.313	1
comparison-longer-031	357374f5ed1c9cf90e765c9a835121325ccdf86a73d23ea364ee64dca7aea513	0.303	1
comparison-longer-032	9d29b1a9fb97da3ce3cc616435122e07993eb98e5fccb1d3fd2181b7807600ae	0.311	1
comparison-longer-033	8bea2af32e8784d809d17239d249ea045d78645ef84fb17d3dfa01595399cd74	0.298	1
comparison-longer-034	becc42c6fbbd08efa7a83034273c0a1336faab2350eb9d7bd9b300905e90fde1	0.301	1
comparison-longer-036	5852028ebaa5fcaadcfa46d846b2caf48a2268f95d9ca25ecf302e71e4d368e1	0.291	1
comparison-longer-035	8c2b8184a64c389bf5a27a4c006b4633a871c9e6c3f197bb14f5869454b29f2d	0.337	1
comparison-longer-038	4d49d90c59f5a8022455102e5857216948a3a0b9f81a4c1eef4a8b4b85fc583a	0.293	1
comparison-longer-037	fe1ce3b31796586fd3065d13ab59c6d163d39c78b04df474debd696be81122ea	0.425	1
comparison-longer-040	722d9eb7014af086037dabd10d26b2b449bd6157d255bc3f83be803c466e1a37	0.284	1
comparison-longer-039	3d7b3dc1c2e8c4d5cf9ca6614fbf7ae5ea155a5959e2b1464ffb13c4dcb8ccfc	0.357	1
comparison-longer-042	45d6841799c60f36bc32310d572065ef7ec47e3ab68479f6251d41a669401ba8	0.293	1
comparison-longer-041	cc240bb441ddfc25aa3442464d48d93ebe47b1e5ee7ac854efa1b105914521d8	0.351	1
comparison-longer-043	829eaeb0c5a91c240938b6d859b232dc9a08274e8ad7c5b7022bacfc8c1a64bf	0.312	1
comparison-longer-044	ace613d8b0e4a0406ec385b1b93587799ee0299936b85626d337cc6208aa2729	0.31	1
comparison-longer-046	fc66cb0412ebb26592722c10e385f1521ac3bd37c794b0e6fb269d6660997d0a	0.319	1
comparison-longer-047	94cdb4c205cc664c5fbb961f1bfd0ad823749dfa41bcd68d53386f104fd038d8	0.316	1
comparison-longer-045	4585855ed4c73dbac574d04400b749d7949bcfd4af72f9f1d412fa9f82ae514f	0.393	1
comparison-longer-048	56c3d52786b8dadd9a2f788f46425646d7c9951656ba99c854a0bddc0d7552d6	0.318	1
comparison-longer-049	f2da258ab8a18777d16e4782176dd0a63bdd3a74f60ad179cd0dfc5c982f6af6	0.305	1
comparison-longer-050	b8e75c338683fbd0a29863e0cd36abcf9917f9a5ce75e6f27441a93f4566d3fd	0.317	1
comparison-longer-052	bb11195de757b66f0e2f033b08cc5dfb904b2b5a5c19115b3e56fabf42d2213a	0.29	1
comparison-longer-051	625998d307e326e51d0e3bf52bbc1e1eb520c47f50a01c6be41ed52bdb997721	0.335	1
comparison-longer-053	31daf06ec5d0c65d6c1bff66bfd73c3e4cef57006c07156027bd48fcd97aa652	0.295	1
comparison-longer-054	429cd11b03c2b24ac1c8d51432967853b5f8d6a53cba51d90163c2da7b3483b2	0.31	1
comparison-longer-055	0511bd639d370307040dd3280c4aab4817c59e28b57a3cde523e22ea54a5edc5	0.302	1
comparison-longer-056	f4c1f1abaa00abe402884e00a67192af8ad715e70a29fa25ba2e13b274bd20f5	0.302	1
comparison-longer-057	c332becf58299a1a0ff513ab3abcd9ae5353e9185b8b1dee5dff58079cc7c0c1	0.341	1
comparison-longer-059	6008a9da1b3ae25396191dd415e2cf39fbaa66261b3167929c9d59aefc26d13a	0.306	1
comparison-longer-058	852eca22b4f9e7516d14df4715a535b14aea9e1ec1d459ba7f993b4d3c333f3e	0.35	1
comparison-longer-060	d7930d4eb38d67dc7b1d9908ad600e1ffae551d77abd6711ac4198ad36c98bc7	0.331	1
forward-singer-001	f104344183a7213e4e2bc154e150a5f246737290c63182219ad08f4a32c145dc	0.288	1
forward-singer-002	1414e1075122a13d6a67a29696cb97f61b65446b96c76b9a25b88e807fe06ad1	0.353	1
forward-singer-003	2cb3f4c22fd4af3fc4a154ac324d80a4fc53daf42c207ad4c59d2f520f97cca5	0.342	1
forward-singer-004	374af7ae202764dcefb698b933b3be9647c124c2d30b2f6c079ca229825deeef	0.328	1
forward-singer-005	d8cc9033badab28df07d3a9c690eb9a163869092eea249e8ae96a2ce866d0eb7	0.328	1
forward-singer-007	ae2d4a6ee6b144393ef13c77d0a5997c79d1cea1f6c32c75c2505515140b9139	0.302	1
forward-singer-006	bf49680393b2e75016afdbfb60bb0d044204a8c5d67c16cf7407c5921283a8a0	0.332	1
forward-singer-008	5388c441f1fc388fbda1e0ed747a1ee8d5724f8e88555c5eab8ac7c007dad325	0.321	1
forward-singer-009	c807b7489012d9fec973a9aadbac31fdf3aed0599e1a9550af4461b8455414d9	0.303	1
forward-singer-011	d814a221dbdb57585188dd913289a5962dc833ee7220bd52d34032aad0687761	0.306	1
forward-singer-012	c7d36af1d4dd0b8e842563ebbee6eff4e63fd936d41d7a8545bf427763b87282	0.314	1
forward-singer-010	07f941828576d628a60148e3ee6688d84cfdb8321b3c25bdc4cee4e32f3402e4	0.376	1
forward-singer-013	f050bf7bf3e93f960dc60dfd0b4891984ab9fa278fb73c821e3a44e592396121	0.312	1
forward-singer-014	eea22a0af716b4d1191de4dbd22b0769eac56e3232592f0730b8663a38f56457	0.327	1
forward-singer-015	85dc2a145a7bc7e5bbb2ea5d83e2954b09de43c2549792cc47e9e11eaa52d15e	0.331	1
forward-singer-016	409689cfeb8f9120c73c45797aaae03796a6f5a489a3c72f0c66c4ac3e119c2c	0.332	1
forward-singer-017	78e12f22a6ce723b19d13207db3cc450e56e971dbde0f9085e704b69c6a765c8	0.287	1
forward-singer-019	01bab0678afa6d7641df4b78f072fc2ca78e4f39234a9ae48d9f9d2db081adf8	0.278	1
forward-singer-018	927df8b83d4fff29540942fba8047ac499b88d650a5aee512cfe0b80a3f4a0af	0.323	1
forward-singer-020	16c738a483577135e864b52c0bfa77cacb7dbd1a7ef4ac3e90351497d6a80230	0.316	1
forward-singer-021	f76cbd9f0c39b109b41ac96bc2a704c644467a1b61683a10b68518d85a9e1538	0.293	1
forward-singer-023	924247bf8605b98b9332cdec00ae732b6dd8febae45b1533cb56014caa927216	0.302	1
forward-singer-022	b0bd6a3834dad597a3f177913cbaa3cbb89fd6e11eaba33e0ff27c3eb80efad7	0.35	1
forward-singer-025	9ee7444a05af455f4234b4d925c867c110e332e6de0b0d5665bdfa69e3f492f4	0.322	1
forward-singer-024	313f0497f3b95319a9ba21c8138e64e9baa4b280fd9c9546554419dc29a4d6ba	0.436	1
forward-singer-026	e6b02a0d592edccf2a11cd41debf61a60586f8d2c4207f88f2a01c71450e7fae	0.299	1
forward-singer-027	b5ba7838f7d63fba994f9ad3af686495cb4aa2d243ec7b1336aa8b87eef01bed	0.33	1
forward-singer-029	f82a7db61f385ff0b6d99f1cd159b69e9edea86ce48505503e4bc57a713c729c	0.308	1
forward-singer-028	0d710b52f515e1539cea881183cbfa69de1db0f755d0338c914d87322ae1df2b	0.344	1
forward-singer-030	539d067c81ff8d25dc599248175a3ee7209ec912ea97344a0a5ff1d49a6f359e	0.343	1
forward-singer-031	4deff744bb5bef99b75530f219d2ef225664fb5ae467b6a21f94f12b58640734	0.344	1
forward-singer-033	c448cb0c22f31aeab4a5d42154b83163f51370f49d44d4ab3dd67ee79028a950	0.304	1
forward-singer-032	9f6845a162800b755fb3ce14ac5ade3e053f941e7af75dbdb53d99efd365846b	0.343	1
forward-singer-034	e9b8ca91c2087bd8f5db581c77961978598008b7335e56e89dfd484a135e153f	0.352	1
forward-singer-035	03158a9956b3381887a922a2dba82cb4f9ad46bed70a2ebb5db47854a34e1fa8	0.326	1
forward-singer-037	b9d0e0743ae3c2137649573f479536baf6798b28c070f2919d1c142cd6573aee	0.282	1
forward-singer-036	9d8b6a0f00c90af53518bf9c30ccaa5be567c87ee95f1290059f66afbfdde312	0.346	1
forward-singer-038	28e759e5d93895647ff5c525ee8a12bab9eff07594001e224c55145e257c5d95	0.326	1
forward-singer-039	8d6be8423699c53995402f1375c4618c63e6d2e4ad081132b01a35a28f421308	0.308	1
forward-singer-040	4aefbede076e09c240be5679043089bafb09c8f6e9c5a4193726efd1e60b7457	0.294	1
forward-singer-041	e86fa291777a311993949759dbe29277a83d65a179e61020de769f6e3246d34c	0.321	1
forward-singer-042	fc9fd81cc6b4d16b6ce9f4f42739778d1ad1f26758e4f6f3a5720f3d6f015366	0.315	1
forward-singer-043	157a5b38611edee4a86aa0d7854cc09324eb5886ac044ebddc83c84f59d5d53f	0.315	1
forward-singer-044	e426267e0abdc3b34d3a74b7c8e1257e533a0e398291160e7d930bee979a18a5	0.346	1
forward-singer-045	b9f41f5ab95cc2d1cf5e4c84838ddff411957423141020617495c783ae13d7d4	0.333	1
forward-singer-047	b10d697e9cb9d7bf63a4adfc0560f8dfa6130666372f4443b97440176dcc7300	0.305	1
forward-singer-046	8a3592b27f6a425d2ebe12fe7d9ed2f95485b3cebebd6a7a8b46d0aa7d6c0bba	0.342	1
forward-singer-048	246619eab2beb582d195641d188853de3c4cb18d8631d034b9ad82ea8f35016b	0.286	1
forward-singer-049	32a0f89c5bf5bfea4b6b012f0d380b68a6b4b902d896c684abd083ac60a52cd2	0.327	1
forward-singer-050	713c9c76621d6fca54513120bd626d259403c1018c71373d31d210b88cb4254d	0.303	1
forward-singer-051	5c4bc19367e229b5bcb0afb76be3f73d71dd43d119b1a075e37ac509429a3223	0.307	1
forward-singer-052	11dda4dc9664bacebad01760d3d600fb17702454466326bb14dcf4b6ed05289a	0.3	1
forward-singer-053	f65dfca810b927a9916898143de73ee6cbb81cf404448380a3432678d66c70d7	0.297	1
forward-singer-055	382fc60eceab03f2f399a03d80ebf303329eae86bac87365add3e2c6da80a51a	0.317	1
forward-singer-054	38fb683cb868d924752f7d139e22d4e3598c31c3a48e5af0d089a27830b3532b	0.357	1
forward-singer-056	d7ef6d60ef983fde779e83dcd757c291128093712aa91c360458a9d0028b83c2	0.31	1
forward-singer-057	2935ba26ffd54b894fbe80988f18ac66c87e1e176c74c15dbf9b7836a3e5bd46	0.299	1
forward-album-002	a69e4531821a5a1930f438d3f38f76c3146d2223b9e028622f78424ce731e176	0.275	1
forward-album-001	9be93992927c6413d772d059f7535caed7f98b8d3b7ac3f45e363bd882e910a6	0.315	1
forward-album-003	a612d5712324094693a8f2b09d31d47d3b287461febb2ed3377d71cb79285ae1	0.322	1
forward-album-004	5a2c25df5dfe5d11bf5e1746bb3cfa5905d743eb82280730c7dc8c9a4fc229a6	0.286	1
forward-album-005	9ff03c4df351be14ee63517f36af6eafb3041c32f5f803fd95b49c72c3792d90	0.331	1
forward-album-006	d0c754f90f1bfb0db13f1e13d15bd12942eb9f414b8bfa03b1d77ceca2db9423	0.32	1
forward-album-007	0a637a943856529d3730b1f898ffff3723b128e9cb7e047b54576fc18a501842	0.294	1
forward-album-008	06bc2f4e184aad6e302e6086040862adec3e53465cc87fb1fa12e3f17800df31	0.291	1
forward-album-009	ac1ad723260229bb34d6b24dd49a1d010eac547a6c07068ec7f6dfbb0af3ae8b	0.28	1
forward-album-010	48df0365b051c294883d00312333166bbe7625db20ea33eeac8b524a76c4d2a2	0.337	1
forward-album-012	e3008275ae91231dba1d55a5b808fa2702e5147057af882f8fbd5a257385523c	0.303	1
forward-album-011	da450ca2a6d5919c739052ca44686cce63ca51456ea48eafeb5655dab3815678	0.366	1
forward-album-013	15f07f9ede97f6829f83cc91d26fff386344ea6ea4b1089a29abe6f1fa075bb5	0.324	1
forward-album-014	e2d978b6bc2dfd658dc8bed7645124c531ebc73362e79c644e9fe0202ae35d0e	0.297	1
forward-album-016	7f5b670151c1290c4e47a286833cd35c6f8230af4accea673fa9a4e5fd2cb9b2	0.283	1
forward-album-015	bff463a0ad92b429de8d98eed70463f9f5995524f8ba9b28d69f17660cb7ff00	0.32	1
forward-album-017	6679d7493ab8cd18ddd223becf390e3f30b5fa1ad7f0f5b52b111d9193c50b21	0.286	1
forward-album-018	b0c600695c743cbe35637317b642f33af4af1e426d3061429f09ffa729bcc6e8	0.342	1
forward-album-019	5d796ea918b87197f10fe05335a7f025f6fce8403a1fdb09833c01394b22f4b0	0.325	1
forward-album-020	daaf9cce680d8a49632e5a8c3c4fbf72ab587d9595fa1301ef6874b5be274294	0.336	1
forward-album-021	4551fe86c3e8086b5590e635ad3cba3fab2c2851288ea85751aaa3f7af79d72c	0.34	1
forward-album-023	166be4a69e746ef2d74438eb2dd32c268bcfa6bfa5980c0b86c27e2f4cf41e19	0.311	1
forward-album-022	830f0536ea42625931b347e77046bae5cf07ee46c8cab83b4a25253b4356cf38	0.363	1
forward-album-024	baf0f0eb796fefd06a07d64d5c12714a97c460538633cc6f257ae43b4a380af3	0.324	1
forward-album-025	65c7e7815015dac1aa59f0e23c3d2a9aa8e7ed0f20539d4ae4fb008269758447	0.304	1
forward-album-026	6cc314fd336249dda9a551fca1d1ca6f141ce7624fdba66b2177f4c0d6cd7092	0.322	1
forward-album-028	4726bf0d7d8a090690a98200582657715965b80e7e432f244f40978a45a3bf27	0.306	1
forward-album-027	ab33bbaf0abdc181ce6c01bc17bd6b3fa62bbe305958281c21e29686f23c3fb5	0.357	1
forward-album-029	247d3076a9380b8fd969f530fec0c93a2d8890fa60d0f29490ff18763944a1f0	0.318	1
forward-album-030	f70e897c9baa0f20a01f387920f7adcc68e741d705f16ebbbb4547d9e101bb84	0.379	1
forward-album-032	0bfdcbdfac6fa83ede6a3923415a506e0bad4ca7bb15a791678ab2ffee8850c1	0.342	1
forward-album-031	287ec066c2985a46f6e5749b54662fecff4c70fcb2ac16efbd736569ff52a741	0.38	1
forward-album-033	e74e4385282b6beef9f473844ad02e2108b6c5189c9466c1d0e2ff9c4f0e9946	0.314	1
forward-album-036	14917018333f215005de97411f00f19ede8b7a2d1f5ba84a1f1b88cf4b386955	0.309	1
forward-album-034	e93a7c4f4d26ac42e22d807d51d9492352590ec1ce5f297cae1d907a8e63bffa	0.353	1
forward-album-035	14d26072b93ab8ccc3070d7f9b7ce22d211a3af1a37c751c7f47304bcd26533d	0.365	1
forward-album-037	d915080a4aae5ffd7b65278b9491e4d8d08f6cdb8dbd0a5b4e6c7869eb1fb442	0.333	1
forward-album-038	e200d8334dd2403f14d737a8226526e5d54d1566955ee53c4120b767e89a1d94	0.323	1
forward-album-039	da5e9d7507d30832e334e8f389946c8ec39c683b5fd6a03c776fe203586ecc47	0.324	1
forward-album-040	07a6ed1fc47a158eacacaf9e9e214143733dcb9fb2eed913b0d568405fed46bf	0.323	1
forward-album-041	869b9ab8737113f431cd8fc0b5e027af489e5c6948896e95c51ab14b4310dc1a	0.358	1
forward-album-043	db7e5b86a7e88937cdb4e05137245b365bdf6416571b11f57e266e4d8c553234	0.311	1
forward-album-042	8bf23c4cf86d3474aa732861fde6b9c5a81a6d88339649b45ecbb3b7d57da89e	0.345	1
forward-album-044	68953f6eeca43fc2c2d8dcbeca8f4bdd97d6c43a781de84e0b3e238d166b069e	0.312	1
forward-album-045	2893e1be8e1d9f1586840c199cf8f69879cd6b174d210103e65f5d274f6e3bb0	0.282	1
forward-album-046	37f29fa122dac33b3af930fde47ea42bd4afa2ad6b01958f5cfb4f7fd6cea97b	0.322	1
forward-album-048	70592414a0bc0d28839e5a2e131f85f32cc926ec70df1708c406e516c96018dc	0.317	1
forward-album-047	73e8f933bad210adb725fc08715d30147b9e5befd4da491da81735979f98df86	0.362	1
forward-album-049	d7aadbbbdef612834b240a859f68a732769552e44a76d55530643f3e83880fe7	0.307	1
forward-album-051	40044d63c55fae6733e466ca71658f407f066f78d1a7385e3260ec275a4d83c7	0.311	1
forward-album-052	388f50ab713e9e7a94cb84546fc3e96dccef3fbd1694fe055db7fdbf6a8f27f7	0.294	1
forward-album-050	b67f0f6ce80f31131c61ca85df8c2b931cc6a33c3ef8c188951832b3d43d60e2	0.36	1
forward-album-053	fef0318a93db6c0ee062534a35ca74779d81154a440f7bc41d773e8d18890a4f	0.339	1
forward-album-055	7daf5025d1489e9a60fabc0b4225dda4a866c2364f3de3f464705d282b669dfb	0.288	1
forward-album-056	50053421990d80d14e8481b766ce593082045e6bd4aa9c02581f91b8fb65efb7	0.31	1
forward-album-054	589c1133dee3e6a564ad33bda937a1069a5dbe7fdd031c1f48fb398e55f4855b	0.363	1
forward-album-057	18adf57d06961bb0b816c89eebefa61de18f2aedb889b2e7f73a3ff5dba9effa	0.302	1
forward-album-058	392f03801bd81757c63ddd0292ac7a405fbc326956e39bae63c0ba55575da3ba	0.325	1
forward-album-060	8d2b24d26caf7185127297f3b913c1ed2e3c62284ffe76e42427c07355fc0b4b	0.303	1
forward-album-059	336cc6ba499ccd847ac829c290bf482bd530ada3d718e90c6c7612507a56741a	0.355	1
forward-songwriter-001	aef14f8d5619f541485105bffff1bd196f53540a221100f031305d2dd687467d	0.322	1
forward-songwriter-002	b77570f0279d7cb195d760e7a99e2fe02b67313336966ebce0d237b0f2d5d4ba	0.303	1
forward-songwriter-004	89d2af215e8cc784e3824bdcbad05e39e3b7ef76ab62a4e8432acbc8991ba4e8	0.329	1
forward-songwriter-005	9d764b1fb777a383db36ac8fa9b7131d502585bc03bb72b3fa10eac97f311bc5	0.313	1
forward-songwriter-003	5817f658fabfd5bfe4bcba02f5c71fb8f75e91519f791462e5e1071fa4f04c50	0.402	1
forward-songwriter-006	82a72bd402388a8de6b1d730b6d5a660570922d1440beff9682c01cfb70c2ac0	0.352	1
forward-songwriter-008	749e84973e24876d783b600b6d322f6e6d91f84d648feb6bdb9401297bf9c42b	0.351	1
forward-songwriter-007	0796120ccb696519fb8e1dab5a71ba66dcd9b146b91f610a240bdf2afd2ac2e6	0.408	1
forward-songwriter-009	1beffd63c8fa3f89979be4a52dbcd957522f0dee11c521f8c00a33012367c6fe	0.371	1
forward-songwriter-010	579ee35aa5639311b54612062f9ef1427234497c59ce3382e32f1c232459ba24	0.289	1
forward-songwriter-013	4de9e197c874315684f4a586b812a580fafd9306b7588ac47420bfb3402fa274	0.284	1
forward-songwriter-011	e43ea635cdfe2669f014fa47fac0627eef1a24094c38234d023ec0b952b3fa35	0.345	1
forward-songwriter-012	a587be37c83261f440af863dce240c25a1226882fd49bdb5f82370f66091fca9	0.364	1
forward-songwriter-014	b1fa33bbf97598b7017733a677381c801990fc2b9c779311709da4e214eaefb0	0.293	1
forward-songwriter-016	9f112bde303de3eac7521b2d2331bde769b74449d509e36df111d256cc99e4be	0.283	1
forward-songwriter-015	59ae6485c22667d39440ed86563fbba68fdad1899d29a4714465ea8bf672e6fd	0.324	1
forward-songwriter-017	6d46cada93d569feba25b073ba2adac861ff804785e3bc6085146e0c6ac6e40c	0.335	1
forward-songwriter-018	298dc1dcd18e645809c49fbd330a259595e648930765c8e947f89a574181e8c4	0.337	1
forward-songwriter-019	1acf4b7dd68cf68d86e5c1adc55fed1fe8276093b2b6706fbc733d153a1c8138	0.322	1
forward-songwriter-020	01c2fc26be5698aaa70a075f9a352d8619aac3e6d4750beccabe17fecde17c72	0.321	1
forward-songwriter-021	7a96eb12f1e5e30433f323b761cc136529a9cff4dda49f4c068f25dd206a0a97	0.343	1
forward-songwriter-022	22451e18348a89bbafa4e5f4dee40a6af8718c59e38146d6af1caa62819fa33f	0.306	1
forward-songwriter-024	e81652dbff6b5b8b5ce38b4fe3aa16ebab973b6e01bf9c633af53cdea8933c84	0.27	1
forward-songwriter-023	63f4b92a1cfe883cb7b23839ec4f04049e115b7afdb28d545fc8abbeee735ad3	0.33	1
forward-songwriter-025	bb8ee0941da4e5f867e9fca68589c4fb7bea71051f158f59959fb65ae82ebcf7	0.291	1
forward-songwriter-026	f4b0e17c4253e1210b3978577e07d2f3ff8d6a18dbe101334cc727ed486e9100	0.298	1
forward-songwriter-027	8504b732e22fe24c3596d8f8aa0b56c2d5b1d68a48ebb3e429f76d1df9ff546f	0.336	1
forward-songwriter-028	4d9ba68b7caeee7259a9db20d59942fdd82785f0c9910af65c1019a6cfce5505	0.316	1
forward-songwriter-029	23ac5ac3250b827fb27a81a0d110d4a70d06c35253c5abce196a90ada71dfbf9	0.31	1
forward-songwriter-030	aa15515f1dfeecf4de011e97af8cfe06b38b6301a1b675025195d42a41a35ca0	0.3	1
forward-songwriter-031	887d6c64e88828c56a244b85c0f76f4164086e9e3e5bb38f630882254712b61d	0.308	1
forward-songwriter-032	0fa68b5e2cd20cc01167c9c169581e2f6bb9dcd8966226bc74adcd4fd7e965c8	0.301	1
forward-songwriter-033	c18030352e5828c23b43e241c7f233f1de012f1f0c036488e9d287c7fd639f75	0.309	1
forward-songwriter-034	9845dd8c2811d63a321f44c8ffff84d58f33e7f9a3a87eb83356708d7c7e9076	0.303	1
forward-songwriter-036	d7fb2d671e2bff5d12aacecb75dafbf751d52a606e6971250cbb64ec14939a18	0.344	1
forward-songwriter-038	920ce9312033049dc5fc34595bd665ef14c22db16682142ca297dc17d7a89613	0.289	1
forward-songwriter-035	745bd308d9bc0412797fe04f59413058214040aae7fe5cb8bcbffbd22374bba7	0.433	1
forward-songwriter-037	dff99f7a083e6de43e3ceca77843487cda3fe76e8d7774f4a1af1243f365837e	0.344	1
forward-songwriter-039	2996f4973824d2d9e83feebff880a08f6d3b2d5a8055ec86a1b29c5a6ce13b81	0.291	1
forward-songwriter-040	6dd96e2eae91f93a776246b77dd0763056ef53c895e1dadde404fda459dd3672	0.296	1
forward-songwriter-042	80dd316ccb8acd8257bd0fac1ce74e2429a76c847fa97df8646bf4e86dfd6ff6	0.305	1
forward-songwriter-041	a6ef2ea75e167ef9de48aae4a9993ded0b0343d1e2eb52dedf6dd46459920abe	0.335	1
forward-songwriter-043	0069152622de900c0377000b3cd83e6e89363b12fb01a025e593d49da6313562	0.376	1
forward-songwriter-044	e58d5c375377f060d03a61244373fb65db340c8afdada24c88bc234e6562baf3	0.319	1
forward-songwriter-045	2fd1fed450eb130b0b5f538fa60d0d366f59bf199bd6dc0e9bb1c67cba8d10b5	0.361	1
forward-songwriter-046	bf5df99fe5f8890bb1ec2a40754b1c5c9b965c4e49ba327e103bc7adf7e75fac	0.395	1
forward-year-001	05b33985854f4023c44fe988d595e857a2fb7b1e5b9a7b84804563f598f2edc3	0.278	1
forward-songwriter-047	38b67becb6df848c15168cbbd800266be86ef9ce9212f8dbbbc6ef8e040199f5	0.349	1
forward-year-002	461ce78a7855bfab83bb7c78ca8163e84003ecac6398559f7e0f71a33a7059bb	0.33	1
forward-year-003	7ab60b2afa89167828b29b651f5993e79472f46754f79c0c9c8be9ff8654160c	0.373	1
forward-year-004	37db47f090c1537b129e7521aecea3330c172e4e68b34aee9184b931d8931c35	0.33	1
forward-year-005	e1aa60744e65e03dc1cf8e8ea4072078e14aca67a4ab9d2e22abe97d2b6a9e55	0.345	1
forward-year-006	2ab21592f90472ee1d120907f389ff6294c070fa86d07dc370fa2d17b9592199	0.314	1
forward-year-007	d672430d67fa4f551b0dbb7bd87d460f2c23b2aef29115a5976c10c1b7bba2ce	0.398	1
forward-year-008	e92ea24a26d0917c6d7b96a0fcef9606ba8fb49bbe34866b813cf1508a387dce	0.325	1
forward-year-009	3e5a5ff4aced2ae28c54dbbf3fc4e0c6b04eca0d0cd491d6407fde4f287fbaf6	0.353	1
forward-year-010	50d8b75c1f8df6238024306a8e1ed08df256995d94e4921de6a70687af7fdb2c	0.334	1
forward-year-011	7e5b6b125725a225d9eb7f53244ef8c4a023e5480ca6623c14797f8fd2d124de	0.303	1
forward-year-012	c0522560481fefa146af8d49d3c4c4de475bf11c5b22998bbff29b44bb85b0eb	0.311	1
forward-year-013	6732f303c14f36fe1916bce2bb469373c3e6b9ff1d3f5fc69136e0d73d4c6c1b	0.352	1
forward-year-014	1e716b9295aa7c0d39848d52bb77fd175645dd16dfd3ba68985ce2ba4cf9e2f3	0.38	1
forward-year-015	03228479a0230eb73f7b5a7b5d687aa6a4d86c3ea0e1e2fa40695cae1f982f53	0.329	1
forward-year-016	a490e4d903372892b7000ba7e4e008813ef84475784303582abfe390f70aa89d	0.319	1
forward-year-017	8a595f87b59b1a17813d53dd15171f2a34398b4e821ce7410cd339a325686df5	0.339	1
forward-year-018	e54d92c8b628c11a5ecd56fcd2da16c9ab0c1dac0ee798833470d6f2bd819b32	0.322	1
forward-year-019	bbfe4dcb564b116544dd1c3316ce5919409ce79356490e70fba797959adfbc17	0.325	1
forward-year-020	a4e010e04fba95d63d4997fb3a1c08391061dd6ec1711afe5e28747e3f5253a7	0.304	1
forward-year-022	7b9acbe38816f795cb8100a31e33a87a8a50a520e01a9df1b7065feb0266bcb5	0.313	1
forward-year-021	930f8a50f60b952503a66b8b6e4ca644c225902291432cbbfa068e85bd973481	0.349	1
forward-year-023	011126f9dc37ca4f4690b93e8af628a0adbd5798e30e7ad7aebdff88ec337089	0.285	1
forward-year-024	1f914bc29fc8baab2439a8da49c10f21954280876ced6a57e2fafafa648fccb1	0.318	1
forward-year-025	8bb9b764ea4a54277b808a1bb18538d7781bfc32e7c9f057944172439cf1f682	0.315	1
forward-year-026	18dfb4b3ac01d4f962ff74cfbee9071de7b4eb152c550d7338009988e1e74038	0.329	1
forward-year-027	05a4c41a0db3f91d2f629b90417153e1976abfc8bed1ee98a9bd54ca423f76e0	0.316	1
forward-year-028	20eda6897fd45d9cd1f03aca15ce0ccb4078ae0fc08b5320bc13233885f529ab	0.316	1
forward-year-030	1a417a808a56d21a4c18a794b1d4cef6cc4296dc782bce0e58a27d470fd623d4	0.287	1
forward-year-029	87e43336df5c0fe1ea29f1b3569e83c44921127db54a5963dc7d6da95ba768f5	0.346	1
forward-year-031	14bbe7e972bd2a2e265a99118eb045d2e6f75654c7f9c9e01de66e881794dffb	0.337	1
forward-year-032	3713e0211b287248765f914ce2d6233b2db357a31103ca341dc96d2271d75932	0.347	1
forward-year-033	f4f154b2b686137c410eac30c75dea7476876854312777bfcf682b6e5d35c7b2	0.295	1
forward-year-034	cfbf26aedbe75ef5b6f3fed8bae890116f6811079dfeb464dae7bda6f60f3072	0.369	1
forward-year-035	5edcaf8aa8f4b099847d8e36facc4b00ddc14593533dcb8a1722ab0ba643039d	0.347	1
forward-year-036	307e0155aa8323152c74a5e3d52e399b0408006ff380181b0f284a258542d4fc	0.337	1
forward-year-037	8f43f48870a96bfd6160878c081ffdb13e8cfc337bacce8bb587e984ff6e5d84	0.313	1
forward-year-039	095de96dadb67f2e4fa50f1b89974517ace554311ee86e53acc76404dcab40e0	0.284	1
forward-year-038	23cef533155d76b6c98a87047201f331e659e9b1d7b3254dd549e111b9b37ed2	0.351	1
forward-year-040	9799a9c83d6094d1f30bddb96be2dc405e366ed86199fad3292053e2f0948f7b	0.308	1
forward-year-041	4f0ea8f03259964ee2cb17578e22e424f8a8c4223587247007b00b2a065401fb	0.303	1
forward-year-042	752ea6d027ae23810d0ae5bf09d513ff2a3519eb3461e1d25998451a5df7f416	0.303	1
forward-year-043	b0777aec22ed44e30f8e9b8ca2de07cc503f6ae7984bdcd435e7d9c1af4d535d	0.304	1
forward-year-044	15b1f1c90a33542288695963eb6292929588cc40eee6cb1d3670af7d381101aa	0.291	1
forward-year-045	37fca7700654240b05857c901ad063c9b44bd43aeffc8b8ac91531f9a0a916e9	0.321	1
forward-year-047	020cc4aa7ca0dfc85d60a898314f99bcfa50d45b26f65c0a9116ea0b02929eab	0.297	1
forward-year-046	9f3dc8d6c13e02c1f26f88d925fa82499d5e54a267f8b0611df9e5af5de9bfd4	0.345	1
forward-year-048	778b2a2e29b847a78e55cea1375e95445ee5540943cfc8723e5983b003867ec7	0.302	1
forward-year-049	309b39103f794c79a3b72d84c42ec7373a89cecb9d0e5d414a8d795c79040a79	0.331	1
forward-year-052	21aa78bf096113692fad7eaae008f50580be36407d36334496abebb0fb05dc37	0.286	1
forward-year-050	e8470f71868c2acc6973cc98d05a284be9a1c42b6e9c7d0fd1190a366b2df3de	0.346	1
forward-year-051	9f28c15b346a38c2ab7f57b39b456cd7f5e19f78930bbeeaa3453a5c02984265	0.457	1
forward-year-053	61ca4a7d744161cada23725cc806853abcc81f381356c48be63539801ccb0012	0.298	1
forward-year-054	0b730bb36eb3acc3b5ee859ecaaf93d4968a2a52947f0fe5896530cdc0443fa1	0.305	1
forward-year-055	ef9d89b069e515b37eae360e8c44867671586509f08e9c4db439eeca9c5bbe5d	0.356	1
forward-year-056	0f06f215b03af389079eb064cd7f1f0aeacf0a42cd9dbfc0bfbc5c50e71838fe	0.317	1
forward-year-057	b325d8c0cb803a10e6d82609d7a1fb414a4e54a904165629ba1b464766c04191	0.31	1
forward-year-058	c3d9850ab0ea57bacbd398775ca5b9c49adedb00131e65b19543bce53dfdb719	0.282	1
forward-year-059	6b715ddfaecb6618f6c41e0c0ddb36fbeb3c311589efe7ad8bf548f67f0fb10d	0.315	1
forward-year-060	7773099d658ba95b9de60bad3e5ccefdf2039df86105c762832ffb7bc536406f	0.306	1
lead-set-john-001	9461758bd80a02bbe9508fcd7b09008da086d34c83ef2106133dda9fc53eb3bc	0.31	1
lead-set-paul-001	dd53c49f1116e82476cc4db3bb3cd3229cfba3a40e6b0d5fba7ca10fd94b9d99	0.296	1
lead-set-george-001	079a8782561d621a96088c53a8d342316ff75bb9cd2ad831c10661ba3024d973	0.308	1
lead-set-ringo-001	1e3846fad1c4d9db3fdb0735c1b8e9b6b289d76fe02029e6a03e2c4f3a982409	0.299	1
lead-set-john-002	972339d978f409c6b07f83f869812a61be206867e58760b01fcef389be5a30b1	0.29	1
lead-set-paul-002	df8cba2023610cbbe2a061842668a6ef6783abd4f2b2087118a0051d3fa661cf	0.27	1
lead-set-george-002	81fb68dff76182309ac61902fb247fd4c5fea6a622fbd8d5038649926309eabd	0.31	1
lead-set-john-003	d867eb72c581d07c9313876d3febdbc11741bfd83705597bb710a838b5d6a976	0.328	1
lead-set-ringo-002	f3f4d6cd893c4e94df9c887ae8e8e8204cc4ef3a8c907816b526ac260a63712a	0.343	1
lead-set-paul-003	efa8e00f01eec43c073abfb3c2f33da5929d5c488a01ff353edaf30a1158dd0b	0.329	1
lead-set-george-003	70acb8658ed85a1a446ab45ea80a7372bfadfdf9461bbb1829045c6da99e56ae	0.309	1
lead-set-ringo-003	9ca9e9297825b3810beae30b4efedce48b160a6105f397cd277a5f82535541e5	0.281	1
lead-set-john-004	bf626e0a0d79d2ab60f2c59739ba24b32e7f9357c95b8ceb05c48fd1a836640c	0.305	1
lead-set-paul-004	2c68821e8c1a34b856974d991621402378aa3e027f5985165102224966581c1f	0.323	1
lead-set-george-004	e6dab96b5deffb242972eb1e261925e0926f189a2815d337506b276ca89295b8	0.337	1
lead-set-ringo-004	0db93fa25f2bbe8b8c448d5fd56b78344767c9e422715b9b9070b4008d9a862f	0.345	1
lead-set-john-005	fbf2b564600f9d7ea171dca0a070b242b7a15f8f38271e0f9d1823d4729dc0a8	0.329	1
lead-set-paul-005	33e5177ae82d3f16ce03bb790d9cbeb2ef4abc1090e5d455ca329ed2eac3f4f3	0.332	1
lead-set-george-005	bcca409e15055318a54c0dfad3273ccd6b9476f1d9b6cedda34a36976f7c75d4	0.36	1
lead-set-ringo-005	2872abdfe783621c34ce642cccbd556b63a1789eb7528055bf0ffd4b7453d9c9	0.326	1
lead-set-john-006	9ebc91aa42d773a8b4196ea256f1e086c3acf4de8132f46b373ebfc12a43b5a2	0.354	1
lead-set-paul-006	769e2d87f8f2ccde39bc5660038e7ae686f9ec58b04d76192702d45d977075b0	0.303	1
lead-set-george-006	87588aa160280280ee20350af195ebc8ce289bf109a8d898cda03a4c1eb5b308	0.329	1
lead-set-ringo-006	8c926d60f98843f2f04cd6f4e484dbe2d61055257143a5b7e26f9f33d4d0edf1	0.294	1
lead-set-john-007	61cc02c94f981b4de7134232257e4fa637d193e3d06fbf76b0088ee6cc762577	0.314	1
lead-set-paul-007	9d764d1b7127fbbb9d4ac027bca69d63d0c0d9bea0e7ac233b11f257ce28b9d3	0.321	1
lead-set-george-007	8e25b7416f68c7ac74aee684fd673a1b5a9f1a00ea03acfc005bb8d10194e883	0.324	1
lead-set-ringo-007	2a6393892c4402dc590910bfaf5703206de5ed108db0280a32ab97aff7d64559	0.325	1
lead-set-john-008	6e7ff0458a392aa732f11a91ab59b27655edf504439f739484ce9777007bd92d	0.294	1
lead-set-paul-008	19ebcc8b339773ee5376218c5d4a3254f9fbdd5f53909f3669538adce1b557dc	0.294	1
lead-set-george-008	0a9b147dbbaa7f85cec6b5627d5a691b36ff61b0d1b1527240f7920d81c74b1e	0.294	1
lead-set-ringo-008	ab2fd0f109311990c785df19a5ae535d569c180d99ed6c36836b45e50160d22d	0.306	1
lead-set-paul-009	c3d66e5ebc4314d5d780c3d5efc8ca3200b0183d405f156cce5ef72fcfe46909	0.314	1
lead-set-john-009	5a0f32e23e323b23cfe1feb2a58719d6a27817454a93545926a903aa7d414eb6	0.428	1
lead-set-george-009	ad933f9186b818bfab1225b30ce04e8c5581a7fe2fcdeca04c695a04a9b4deff	0.289	1
lead-set-ringo-009	a3bd9185a9cd30469055eb2360e2ae7cbd4c7d2d919017d424888bd15fe64c20	0.34	1
lead-set-john-010	e33422ca6276087c3e7197dbb264cfdeaaa4c6935636053b0128a26d408db106	0.306	1
lead-set-paul-010	f1cf05cafcecb3251b1618acd42798c00cbbd47d42ca1ed31fc42aab63094308	0.309	1
lead-set-george-010	fd4aee0c162a77bba1fbcb604169bab6d8eb8b93884b77ffdc7f83be036431db	0.304	1
lead-set-ringo-010	b580fb1bc5c394cf15d70b6e0d4e634138c7172388571ccf554cd753100970df	0.329	1
lead-set-john-011	5f4b36f2f2e593a72ac1c9f1e05207b1e46c3929719fb46f21faa24be031d931	0.305	1
lead-set-paul-011	f33c71abf4f9f2da370344321f27eed7a3534a0f93616598810eeddc561525b5	0.321	1
lead-set-george-011	7a0d47325219756aab420161186bac552a35250fe2d6533f86b96d2668fb9294	0.306	1
lead-set-john-012	625c7adcc45d6a5f5e9913114fa447fac772d9c35664f671ec6f13cdd5d98095	0.285	1
lead-set-ringo-011	dead1c3c8a98d984768b10e352822febcfedc91564a382b12edaa5bb6a633b29	0.326	1
lead-set-paul-012	a0e96c5640a5f3ee09879704646c95ff7935f182bece3d64d9d6ef9af32394e7	0.285	1
lead-set-george-012	739696e2b8714eecba34779c75144aaf34297dd24ce0671b4df3d39b23159441	0.297	1
lead-set-ringo-012	bc2735d34dd0f8f42f1a6cf86a72c3d8a682b8a98934d82410efca5287ba6a57	0.302	1
lead-set-john-013	590941ab5d33deb82639dea3a45a2de79c9eaf65cf314996e9e3c8a5a6ed3bc3	0.343	1
lead-set-paul-013	104ca130f519106e5e21237b2d119bf5ba46f6fdab7d5cb32b58efef752299a0	0.374	1
lead-set-george-013	7d97db898b16c717e94e57c88c55be6f1f30fdfc5b7fb577bff381b65210d47a	0.33	1
lead-set-ringo-013	5d7b43224fb7ceacb756be55ba3f41614e62c8706a9aa3cce70ab3700e5a3dc9	0.284	1
lead-set-john-014	463a928e1cb4fd25be4c45e31d6043d2f644409ca9e80b0da96df098900aebc9	0.304	1
lead-set-paul-014	5d67444c64b6af6835b88d0c5f4f847a2c255205bb3a345299a17888b11dbfc9	0.333	1
lead-set-george-014	f63bc66148d39362bdd64363ac330106f325c54e0138f82ad320b8d5c9f79d36	0.335	1
lead-set-ringo-014	5251d6e0344e8a87b28bb7208e0d7b8a57a5d07ee2c40ddc3f016df6c79d414f	0.311	1
lead-set-john-015	1267d11c3b07cf9c1725d466c3e03623e8c19f56bec3c7c1ea5da75056fae963	0.298	1
lead-set-george-015	72c209d8b0696a338080600e0456b6d6446aa2a3222eb8389e54f4bf661ae581	0.308	1
lead-set-paul-015	c09c98082b42cb6c59530292c1b45ee887c317257cf3b43be9dfda20f254f8cf	0.387	1
lead-set-john-016	20398986c947dfe9f19e01387d0ed1970f928ecabe71d0e41cd381d525898cf3	0.31	1
lead-set-ringo-015	2201ade6b8dda23b831207e8e7488a014ba3c8a8bb27a49b56909891a01fa5b7	0.408	1
lead-set-paul-016	9da262bc40c134ba190477398b31e7a0180e5813e63dcc6c5ab112dd1e009aa7	0.314	1
lead-set-george-016	fd1867c1ad7f039e4819eb06de316d1bcdedd629bae45f157ef2275bdabf3fbc	0.321	1
lead-set-ringo-016	98f9e96d9a38ee7acde60b42c28c4c59cc88753f6e0cca73653c5ac1cf2591d2	0.325	1
lead-set-george-017	597a896d8549a697368ff7330d72318c9495be4af6b2c2d8df6c5919aa937a03	0.309	1
lead-set-paul-017	8bb33b3bac8c4fabf866f1f66a44f1c99afb4c722a12ebd9952d09a9002caf9c	0.399	1
lead-set-john-017	43f4dbfe6368362868f91bfa1d9b79c631e44729f77b9a4c243a3297b078af82	0.616	1
lead-set-ringo-017	5f42c9b03ca274e26deaad8af882ac6da2d7e405a2463aa6e2e994d6f6f37a7f	0.319	1
lead-set-john-018	790c838b17ece2b8b87a8fa56ee27cff2dac78ace0708cfc37ded45a1a8b6752	0.304	1
lead-set-paul-018	faf7c3a725747d417505f5aa465687ae6acf6388fcb311dcf9a5e1fab35984eb	0.295	1
lead-set-george-018	966bde4377a78d3287c26666cf8ea4e45ebf79ee42a0689990d54f927b80a924	0.289	1
lead-set-ringo-018	2705c6269267550c9587009d4365e0d19105652b7ff44256597b051237292cff	0.3	1
lead-set-paul-019	364ffeec647b3230dd6e7464cb3b797639e375db26e3a0360d8b2bc7da854883	0.311	1
lead-set-john-019	a5099a6d5bb71824705c6d9f8ed1b770ce102d4e00712f5be5dd3d1ebd9a5a0d	0.372	1
lead-set-george-019	d5724ea2ecf8e761f8c4dc76e4286b69d5ca8ff74eb8be1c39652791a0ae35c8	0.305	1
lead-set-ringo-019	d9f29701bed122ed20463292513066f281a3aaed389625d32db18c090d5ba288	0.33	1
lead-set-george-020	223af76f60244d038ef38822bb623fb1c6da447be78bd8dcdab5d50dfc0c52e2	0.338	1
lead-set-paul-020	03273e4e0cec67b8cf091481aa4566e29960edef651575d790e90b0500e2585e	0.386	1
lead-set-john-020	dcf6b44128461cc556818a51fc403295e0fc64bc60977cc8bc0c98c066f14625	0.416	1
lead-set-ringo-020	734b14d05c1b352901996295d2a5615a8b754d1447c346bed331df287ca0996f	0.485	1
lead-set-john-021	8813e69b2c8129026752c55f973c320dcfd18f74e6a84bacbe4f50f06fa59c3c	0.377	1
lead-set-paul-021	7c73a6e9e249d44513787f01871af5820298e89b5f628421ab9723a47858cc3d	0.498	1
lead-set-george-021	00c7f13ed2a1420f315c36a407765e53d7913b5d99a5e70b43dea2e9f19989eb	0.492	1
lead-set-ringo-021	36c6bb0ab876f59605e9cc319e3217b70ea693607fbd882b7445172750bc7926	0.371	1
lead-set-john-022	d4689ce3a9369ea3fba5df9324a41ed2dcda9b6a07da77df1df47ba8c0e4d40b	0.319	1
lead-set-paul-022	9c7d4d05b272f9828f6921eae8e1658c751b4acfda6e8332c8a8f5610896a68c	0.309	1
lead-set-ringo-022	9bd25f01b2a5a0c90f253aebb0c27701238a5a62efbf0733d4a172c8f9b0dd6d	0.31	1
lead-set-george-022	35cb842d029cc5c895d3a055337b8d20e881626d118fd78ca92ccc8587cc8039	0.349	1
lead-set-john-023	490a7654f78ad246c04d7c33092c65190a0b63b2792d2530f7442f03aca1d506	0.325	1
lead-set-paul-023	f1ccbae18b29a33c6502ddcb3ee396bccb162c27ba7f60729da80c1e541be9b0	0.298	1
lead-set-george-023	c34989941a345eee4f1bea311668dbd71ff68fe9afdb9a6c18507e6e4a8aba0b	0.358	1
lead-set-ringo-023	759e8e591771cc696ffe1dad7b0cda3ce24bbb010a9a71cd54327d8fa9498c0e	0.351	1
lead-set-john-024	4ec38005aa4e5e1c3e09c880d842d65fff6f81ff37a666652136533ca8a78055	0.283	1
lead-set-paul-024	73fcaa50eadd54544e90047cee22e43d3813cba95a64d8021f9bca3ec8e63758	0.313	1
lead-set-ringo-024	a86de6780ff9701274c5c355822bf9d1071b075730d31512fe6108a82835f434	0.295	1
lead-set-george-024	e723e5cc5843e83fb8f62cdc444282d747c2532eb9f2d09fb115cf71d9c48eaa	0.345	1
lead-set-john-025	614ece2a8cb1ce5c6b79ea70f91359d93c0aa32ae3e22cb0455552e55c74655f	0.291	1
lead-set-paul-025	fb34efe8be75f1b3e0931ea4c81da63f836bbb88d49aea8f9a7ef206c3678fa3	0.29	1
lead-set-george-025	0469236e6869cc228401a61104b4817d782e9ec82cd1f63dfd5e160c411b9be6	0.329	1
lead-set-john-026	7f0b3cdae3a366af4a756e49fd5cba8c5ea9f15199ff72fcf39ef952246ce51a	0.306	1
lead-set-ringo-025	1d556042fd8fe2e2a7ee3bb77933a1118be4c0b020d278b4d2a258140ce4b0dd	0.35	1
lead-set-paul-026	8ed7b8312dfd729da7ddd39be56f3eb84c51faa6d4ca615937e51e8efaea8a7b	0.322	1
lead-set-george-026	132476a9ea2711b707b17bf446a39131a74f403ec632b5fd1c7ccaa3e6e0e7b7	0.326	1
lead-set-ringo-026	3a2ece78760f663bc5837737fdf93ab6262753ba952ec8b606ba350e30c3d1a0	0.327	1
lexical-trap-control-album-to-song-001	248b7eeee414f7a559b39e563b7c0a4d94e211a1985b7663f8301db959181c48	0.342	1
lexical-trap-control-event-to-song-001	fa03d4a672ef33250557f5864f34fdac741a884714a898b56223e3adc868dd5a	0.296	1
lexical-trap-control-album-to-song-002	0c26776ea01c06dde613090679ac89135613ca58c8a5e5c3a97fafd290c20619	0.324	1
lexical-trap-control-event-to-song-002	03ce692a222831844e148aa2b74378a1b63605b584d3af05d0b6c760a169e4dc	0.32	1
lexical-trap-control-event-to-song-003	ebbacc44994babc5555e8cb10364a9cf769fd50a53ecd272723cac481e387e2e	0.31	1
lexical-trap-control-album-to-song-003	37e6ab01cc8ee936e3ebe1156605bbebb3b7ac7731587badfe811fc9572c2f17	0.289	1
lexical-trap-control-song-to-album-001	0d3cf3a26b9ba38f7275272ed0b7626d3685799b718bc4b5905a16e69f214ca3	0.34	1
lexical-trap-control-album-to-song-004	0230ec5f7d4d19c440fff747c8d41f21b6a54fbb82abdc7f91af11d0f28bf02e	0.348	1
lexical-trap-control-event-to-song-004	1512e1368b4a8f775989b8a3d56efa679256893596186a4a1428bc93e3c89f16	0.335	1
lexical-trap-control-album-to-song-005	3c2c145564f87f12aa913f08e0f33919b3d848091a69f6bd89560da0b3fb7abf	0.336	1
lexical-trap-control-album-to-song-006	f49d047fe57adad7404d1c8ac7bd102d9b5e4615792c80470e08775970f016a4	0.315	1
lexical-trap-control-album-to-song-008	51fae8f01561b529415b75c0823801ba659dcf8a09e86adac75b73320d6c9e48	0.282	1
lexical-trap-control-album-to-song-007	b529f103cc7ff21fa3996703e2f385416b795b08ccd4a7c864b982224e99624c	0.325	1
lexical-trap-control-album-to-song-009	909f0ae4b76e141278af1a5d49fe2b8914e69a6c197c294b195bc26655e75b9a	0.313	1
lexical-trap-control-song-to-album-002	fd0217e46c57be9ea6c92b192b221d4c4d0758256b51634f494c5f1cab2e6cc6	0.288	1
lexical-trap-control-event-to-song-005	66633aa985f8931a24ff4c6a3df54a1c33fd7837e44df5bdda7fd9a93b8302b0	0.31	1
lexical-trap-control-album-to-song-010	3c19b6a405fe6127b6e54dc99b3a83155312ce2cdded9bdea207afd8295d255c	0.318	1
lexical-trap-control-song-to-album-003	3f76d66b18f904167a1947e03560b840dd438710d22d639e13c786e02c134745	0.288	1
lexical-trap-control-album-to-song-011	088bc8f9e2ad55c0eb28ba6bd83a0a994caafef1059c506bcc6e420d56f1efd1	0.316	1
lexical-trap-control-event-to-song-006	787b28cd3f2dc0f284bff822d0a4efe823a6df61087587acded8e5f83c78b063	0.296	1
lexical-trap-control-album-to-song-012	39d1291e6f0618909cfd581f2d9e7c0cd95294be93fb5a498f0a898f262d7d45	0.31	1
lexical-trap-control-album-to-song-013	7c39862979a3a2c699bf7478a3560231b81b36edf56c3981c641fe5ff011f691	0.301	1
lexical-trap-control-album-to-song-015	de23ac022d33b3c52d8dd3c5b0cf84ec0b719684a31774e4a804ae00096a1ac1	0.276	1
lexical-trap-control-album-to-song-014	70ff4e26018f7bbd97c0d7e83e90544f95541993b4213cfb7ed4a629d3b41c0d	0.319	1
lexical-trap-control-album-to-song-016	15e5ef70c64516f84695b53376f3fd6368b7c1db61064e93ec8a5d6874f5cf1a	0.286	1
lexical-trap-control-album-to-song-017	cb7a029fed579320eb953b45b7493a0d1fd6758dbd6d4604dd59e9190d44c242	0.293	1
lexical-trap-control-album-to-song-018	a54b356ae0518d23192a1076882fffe1cf88dbc89956c4813fddcde0c871e41e	0.302	1
lexical-trap-control-album-to-song-019	a87753c7c067fc8f839ef4f8344c8009cd8758872a7e69b52ad5ada62a731d46	0.311	1
lexical-trap-control-event-to-song-007	159ab39506ca2d8222823bdcdf29e28837c15c9e647ecc851a159d7c018457d1	0.308	1
lexical-trap-control-album-to-song-020	7ccf1bb1eed9ad3820bb0521edb9599589e70aaa202b6ecd8e94c8d93bee29bb	0.317	1
lexical-trap-control-album-to-song-021	b243c43ff7165d5a592de44cee1288f9cfae500d82a0aa1a6ff2f57f32b6455f	0.294	1
lexical-trap-control-song-to-album-004	2335270d3f5769daa853e62d44c782235c45cd2e97d0b844f22d4d9902fb20c2	0.306	1
lexical-trap-control-album-to-song-022	6dd979d3e236d297af3dec9c83803eef70b5cb92740d354ab138a3c46b81cfa5	0.325	1
lexical-trap-control-album-to-song-023	bb25df2cadc92cfcbcb329e35b4fc06e94771966befcc7bd23fd9ef8b8c5e189	0.355	1
lexical-trap-control-album-to-song-024	540b564fed6d2764e89cedebee6aac724e48b0d84df88398caf2d9dac772ac71	0.313	1
lexical-trap-control-album-to-song-025	9ec67451eb2106fc01b44ab5bb383df8a9a02f466c8b5e5456c9131979fc6ea9	0.507	1
lexical-trap-control-album-to-song-026	3f3cbfe63e42aa5ba53c0cc99dfe484fdb2bde9e689baaba8fb5b2a867e1ed08	0.481	1
lexical-trap-control-album-to-song-027	314f3ed310483673d0fe2e9ef9b8968dbf9a07cdb4c5e36b9af5375545121f15	0.414	1
lexical-trap-control-song-to-album-005	a763928b8b621bc16cdb9ddf9620f4d5a49e0375cab61c3aeaea516aa68cdbc7	0.327	1
lexical-trap-control-album-to-song-028	67c805ea5c1e10263c6e8ab9be167c0c3c552559cfad19bf20b2519c5f531743	0.335	1
lexical-trap-control-album-to-song-029	a54a914f295379fa868562c856804270375bac70e06113b070aab0c7ebed22fb	0.359	1
lexical-trap-control-album-to-song-030	eb9b49c3eefe0f4d9fb70ec196a6ed4448c58a64f101f294f92287867c4f83c4	0.395	1
lexical-trap-control-song-to-album-006	37930e974004d6dbccf6d5ef9770e3c77dedbfec92b4090a1c7bd27175885945	0.37	1
lexical-trap-control-song-to-album-007	ceedf9994f53fd0eca98d036feadced11391b505796b7d01d7536ebaa6d17235	0.42	1
lexical-trap-control-song-to-album-008	16b3f8181f5d819664f2d9beba0437f06f3e69d42fcfa5d554da3faf5de6f4d5	0.403	1
lexical-trap-control-song-to-album-009	61281a179c576018770da90bfdc006c243be449c7f0e48f14889cfe044695730	0.363	1
lexical-trap-control-event-to-song-008	b3a5d4e9de8d791428581fe135c3cce01018747e10ff88aa9c89e70c07cd5291	0.365	1
lexical-trap-control-album-to-song-031	9b948eb2f9ee42100bf63492c33b023d6763e493d77fc4906358d8974af76220	0.338	1
lexical-trap-control-event-to-song-009	11e345a682336ae9107aca8db622628085c918355daba40c2686875d4152d0c5	0.398	1
lexical-trap-control-song-to-album-010	946b1464a4db47d9988c617742c3a6a2ec6b859e33256a006e2d9c64cdf3f71f	0.355	1
lexical-trap-control-album-to-song-032	07d289d61373e6cc6c622b090e98c7e8249b4ae416883ae500c4e7171bfebac1	0.413	1
lexical-trap-control-song-to-album-011	ee665b45f2528a5d0f2a0610f07d73a87b7d9a06770396a23d1f1679962eb8e1	0.348	1
lexical-trap-album-to-song-001	7d5de61c88928e1e8132e368a364ea4eff6994b8d7bfa2a8db90b95ad0f4b469	0.307	1
lexical-trap-control-album-to-song-034	743d5f067cffdb7447544849315bbd8d43d5856aa1e418690c877247b371153e	0.355	1
lexical-trap-control-album-to-song-033	c6e96ab2e1a3f115c04d004ad23ab9b2d9797b90511a55e4494651f95c2754ec	0.394	1
lexical-trap-event-to-song-001	5958bf41279e6df1333fd73f22c3802fb33f990ab73de19d7a1f35d57d4b305d	0.298	1
lexical-trap-event-to-song-002	229da8fa08cb09be284d18310b71b308ef4955f7c6f921c52169a350ced9d795	0.3	1
lexical-trap-album-to-song-002	6d55491b881a1a1ae645db44017d72149c0c53d448118bc4a910fe5fca541106	0.332	1
lexical-trap-event-to-song-003	df18b4b744eb9a6ba29cb5ce056a421c345c3b4fff461cb0ae5f57dfe2a79fa1	0.333	1
lexical-trap-album-to-song-003	f608bff5a073cb9172bc8e539e8265e91eeb48b1c0ac8410b2359488f59495c3	0.301	1
lexical-trap-song-to-album-001	0ee53aeea63a9cf7bbaaf2bd651dbae0c04d9b7eb685d9e72fe383cb318b7c05	0.306	1
lexical-trap-event-to-song-004	aac0db0960bbf02c40c9d1d9f7f3f270d840130de78f604a592cc3d6ef0a44c7	0.292	1
lexical-trap-album-to-song-004	634ed536343d61c461b6ad16cd4bd2eca6a131c9db4adac8ec85375fea9ead61	0.345	1
lexical-trap-album-to-song-005	ee88be10a811a76c3d3540b4a6cacb442743d9ee593c8a7138dcfa716021618e	0.306	1
lexical-trap-album-to-song-006	f9dfff2f1ad71183c0c56b663242b7b71f26d190b376bfb25091a36ac213b821	0.304	1
lexical-trap-album-to-song-007	e9f05ca910ec9328ac646b914ac4e28af43898f9d8176b01cf2e4a10a3f21323	0.336	1
lexical-trap-album-to-song-008	d0a0c8a01b084122e38017abb7db82226a95c140717cf2f8697a7c162d288c4b	0.332	1
lexical-trap-album-to-song-009	3968fdd3b7c97eb38e5dca676acf1595423743963605323be070ec34679001cc	0.327	1
lexical-trap-song-to-album-002	c7ac2fffc0240a59ff2f99c3213930447039d8630a2ac0fce30aab95bd4bbd0f	0.29	1
lexical-trap-album-to-song-010	4165437e0cff879dd1508c50635d2ee788ffe6a8d7adad03976feafc25a44d80	0.295	1
lexical-trap-event-to-song-005	bc0a7ca3dae07ea3d14a3eebe9a953b0f88fce5f092ad2fcbd9986e79e371d39	0.336	1
lexical-trap-song-to-album-003	9c29c68b8026a648a4742fe8092cfe8ba80b19eb5316ce09c1187e88219208ed	0.33	1
lexical-trap-album-to-song-011	138e89d0f45d1a06b35532164c1504ebcba3ce2210b7f07f2e8eeedb80bb2e28	0.319	1
lexical-trap-album-to-song-012	0478caf6431dc15874258715dcc1f7793b0ba313f68ce2fd6a38f5c20e7f366d	0.301	1
lexical-trap-event-to-song-006	a42a5266b73708ed59a9838fb1e6347f042894d7496646f1bbc92ef329ccbfdf	0.351	1
lexical-trap-album-to-song-013	0fee62cbfdf30d4ec45b847a236978517f2524b9b1215492344039bda1e2e52d	0.307	1
lexical-trap-album-to-song-014	7d6009e408cd484004f3191e62a2d8110dbea573070242c4c66a87804587caba	0.307	1
lexical-trap-album-to-song-015	0061be8ba752df879a4db68215580fd4a590a8eb3f02ae44e3a8882ec383e56b	0.318	1
lexical-trap-album-to-song-016	f4fbf2036d15c7ae59636d6380f4580d9c7190e03d1861aa2ce28e05d42d44db	0.31	1
lexical-trap-album-to-song-017	058310f3fbeebe97b06cc4010b8fad9ab5ae353e313cda40610d5627f36f23fa	0.315	1
lexical-trap-album-to-song-018	8b0c1fa9f000f1c4c050248b55094ee44725b37149daef265968f0902f1b18a5	0.317	1
lexical-trap-event-to-song-007	cf46b594911c334c2398bc0034574aa54a046e0eb6b4dd164e5f2a31bb1d0d38	0.282	1
lexical-trap-album-to-song-019	1ed3d803f2a1309fbb040765cb6e91b35b1bff61acadeec6faa25a662a7c47ae	0.33	1
lexical-trap-album-to-song-020	0b5a0944c1c5c1047a5ca7bd22363c0159ed900dbe70ac28e984225b43e5b214	0.296	1
lexical-trap-album-to-song-021	6568348b9b620280a7aa054bf8b8d4b70dc7cf53e36442deaefe9fdeb729e8f9	0.295	1
lexical-trap-song-to-album-004	16e9f3e220bcf7cbd93652ba96209c2a149b312426dbb7cd86055edcc4239634	0.359	1
lexical-trap-album-to-song-022	771d49442cc9445f6916ac657c4ea6e04d4a0772a972e728aa37db5ca73dca65	0.353	1
lexical-trap-album-to-song-023	f418ebe5168e86a8996731099bc327451adc023913f0eb88fc2a060303df0445	0.321	1
lexical-trap-album-to-song-024	cf115db99c2a672ab552c48ca50b08aa4b81cdb047ab226ef96d5023a562ed80	0.332	1
lexical-trap-album-to-song-026	ec098de7e274a59b6638e94962054187e943b802deef50ab598fd4a7f1492a56	0.3	1
lexical-trap-album-to-song-025	890c0a02b0c009716fab5f37a0329f4f48fab9d16f1a7be4f582d2edefd2c61e	0.349	1
lexical-trap-album-to-song-027	8b3ee85232c00bda4661f0fde0e44409ffa7060ba829d91799a48b158aeed996	0.294	1
lexical-trap-song-to-album-005	62561ee8da1ae6373d6b9644106f50d901e5804fc3397d9504d4490142d14abc	0.352	1
lexical-trap-album-to-song-029	5c8d2ab5b365909929024cc090f101401853708715367e245989b03258907e4b	0.302	1
lexical-trap-album-to-song-028	8ee60318fba4038cdff39a2838dc07053450b656c8999ff50fe90ad6cbf3ff27	0.351	1
lexical-trap-album-to-song-030	0c5f2c4dcad3be65692200380798f90b7c5d75eb41e8a7f2e5d539e7b0258421	0.308	1
lexical-trap-song-to-album-006	9c4719177093cf6a1daf16f18ae3f784acb64afc7c3a10adcee032a0c3c9141e	0.319	1
lexical-trap-song-to-album-008	e87fd26ab3848fc61f985bbc0720a5b78832ecd8da3362a6e0c624aef137e6ab	0.307	1
lexical-trap-song-to-album-007	276733ecb38fef5401fde2ff573e75a8df2d6bebb6b0efebaa41af4a4e5032c7	0.348	1
lexical-trap-song-to-album-009	a24aa7127cfe311b80872d9d26be478fcd591f4379684280dfda0744e4631d18	0.281	1
lexical-trap-event-to-song-008	e2c44806dc0ddfb7db47b2019a3fe66d889511e50add9a078ac5c9067308010b	0.303	1
lexical-trap-event-to-song-009	44a7a5b46773fec216636e5e26401cd8182b7816fd920e81268b69db23a3c931	0.314	1
lexical-trap-album-to-song-031	f7e46944f22c8164dcf65003f747a6df01d32810fcd4cdadfe0f8d58ddf32432	0.322	1
lexical-trap-album-to-song-032	ccf9b4d813929fad0cfb9830170de12f8952206a025b6e23bc6cee6230f47b84	0.322	1
lexical-trap-song-to-album-010	e811e4de523f7b50e47a939d864029c2bbf292ca5210dbe56303b4c9c7d481db	0.3	1
lexical-trap-song-to-album-011	8817e6e9745e7fe4e12735c9d29811e44d396fdaa14f3ace99787a15b21912cd	0.291	1
lexical-trap-album-to-song-034	df9a01c3d4aadb30c656112d9ba74c4b527906888cc8d822a1637fe8da46f816	0.306	1
lexical-trap-album-to-song-033	d437c0ffb47241d9346cb63083830cdd193842d6a6087f0d06f6401e51860889	0.38	1
multi-hop-album-year-001	caad7fe621e8c5d6e1e43d837e02f79fabdb2b36a400274ac3953191d58ea265	0.291	1
multi-hop-album-year-002	fb8352f1b5109a2a68cc14664f4f9af8135e5337db6c87a5f6f4b953afe6c662	0.275	1
multi-hop-album-year-003	7acffaffdc049750f4b15634779e96d5094719d9c6f3500dd09e739d50a7afdb	0.292	1
multi-hop-album-year-004	f4424e1f9d3d73eb6d8a8cfc12496d6354ba64c13d2853d69bd34a32aee45eb3	0.296	1
multi-hop-album-year-005	99febcf0e78f1ac315b3af5106a14bc00ad1ca4a9fde2ada0e7606926ef69106	0.287	1
multi-hop-album-year-006	3f9f2a5f0a9817f3f82af21b740590e95faabdfd0a2a7712a49a8e19bb51528f	0.315	1
multi-hop-album-year-007	9e47df2fb2c8de7f6d77284a219587f64817eaf8061a3f5612ec0712bb0e08b3	0.328	1
multi-hop-album-year-008	7b8030beb2a6a654256e3f531e1040c77f81e77954da1d07ac14e2828fa0e3fc	0.297	1
multi-hop-album-year-009	b8d8dd580448f410a73484a7039224239aefc5a7da0e6441f6c7262e3782e9be	0.297	1
multi-hop-album-year-010	13ea8be34b16acd076ad7c2495a8f26aeb4be980de1104fb12faa4fa6035e836	0.306	1
multi-hop-album-year-012	e85772a28aebddd12becc09b9102d1d7b71e652368f43da92c2cc99049c988ce	0.267	1
multi-hop-album-year-011	eff29f80d86b0bbe6d2892abc30c5df6c832d8167e6550e3b5c44071639f406c	0.348	1
multi-hop-album-year-013	237818154b423fa00119639761a557a49be283eac710ef50b4367908b28981f0	0.316	1
multi-hop-album-year-014	1d42e91d97b3375df4e69504aa79f50ca68ee1b1ba38ed0e4bc30f9a4f5aae49	0.295	1
multi-hop-album-year-015	2abd6051d1e249b4fcbb758f65ed5bab6f6d7c16439e01f22da9e44092225650	0.278	1
multi-hop-album-year-016	d22e6bfed94dfa401bea74686e1c1270783fa10a153988c7f0a6726aff15daea	0.296	1
multi-hop-album-year-017	5256807647ff8a2e75fe6a54f4851accecf08b1fc9d44ccf88a14c3e91aa4d93	0.296	1
multi-hop-album-year-018	02455bee43a940dc5943dc5d65bc1bd10a031dac7df60025a12732bc613ca372	0.295	1
multi-hop-album-year-019	9b794c24cf260c68c4ea4e44d2a2cabd538680b9b5f83a34e96acdc6b2ef2e68	0.334	1
multi-hop-album-year-020	b9b43691e38aaae6ff437fc469c893a06f92141189b846f6e9dabcd5cc5d4618	0.281	1
multi-hop-album-year-021	22b7e60cb020cf03aa9d160d6726d4357c2a66837c4203ba3ef847a2f277654a	0.285	1
multi-hop-album-year-022	a0394159a23b47c23c11fa52937568ec7fc0b83c8c96841c767ca3452314ef17	0.31	1
multi-hop-album-year-023	8f73a4ea86bacf148b4b281a7448ea804d7ffcc01eb88c9cc0fc48efa527fa61	0.319	1
multi-hop-album-year-025	b5a95cc5aab44014ff8461fce39643a4a44bccb1d68d3dce7673464bdfb80fab	0.297	1
multi-hop-album-year-024	ef777fb225d1046fdb2fd5026d74f10d1f8bc54a4940d25c7658388ba151b672	0.341	1
multi-hop-album-year-026	2d59c8991a367edd8a2c368eeb1d294b69b1b87a83ff50f5a9f4b4bdf1303454	0.325	1
multi-hop-album-year-027	7c39f2c38ec05b5b32c7ecd19a09e80c38c2f025556d60eb2a0838388e5ce63f	0.286	1
multi-hop-album-year-029	e23997ef7d932d21674ce5203badfc059284dd7793840f5abfc3fd1d2052454f	0.275	1
multi-hop-album-year-028	0b35137cd468d036342643e67b56ef8a27bfb9bdbf187d768e39a6c283209f32	0.328	1
multi-hop-album-year-030	6a31b7cbf397c7e725d27e4ee7dea700309f10feecda843029a47bfa0e0f1373	0.321	1
multi-hop-album-year-031	10b5d73095f0c0b403c5a2e70113ef6efe1c4cb359eeffff5165451427548114	0.283	1
multi-hop-album-year-032	17346b40998918fe928a0c06062b1f2e9d3cecafba9fc1130f5f2ac7ef914402	0.329	1
multi-hop-album-year-033	44755c87ce527c7aee5c741a13266968f423f6103f5f6097dc15fabdd13e35c2	0.315	1
multi-hop-album-year-034	b2b2f256a2d7b98eff7a7d6d6a1e688e364b716b1cab925ca7478873f06018ae	0.279	1
multi-hop-album-year-035	c9f560dc05a519715d7502f79caca74ef57085d8c0b4bc8e06259bc4adf09a4b	0.35	1
multi-hop-album-year-036	42a59ef46600a12c362af5f429457f60027e53c148e1611235c378bd4e82d5c2	0.307	1
multi-hop-album-year-037	b136e7809bd5904f1fed926ae97a2933c485096f5957427219ce0dfd322ece0c	0.319	1
multi-hop-album-year-038	817c88c29e7e2f23702631cb127ef5219abfa0a01d34b5b969d8d61b597bd845	0.376	1
multi-hop-album-year-039	806b9aa17407315b7d6c36f47cb6cb1dda38d64c7b41436be2ea5bbc157c1acf	0.294	1
multi-hop-album-year-041	09912cbbf52adb7519b42649752c4b178f3c8ab6d9f768515ce2a5429a7b5d58	0.301	1
multi-hop-album-year-040	ecb655bd2fc362faac5e0f988efb581f2d8e4ed5dbde21f79b4a79fbf50f79c3	0.349	1
multi-hop-album-year-042	1db4e7dfedd131acc70c3f11ff880eff92617f717b902852c8b8660c4a2a3c5d	0.303	1
multi-hop-album-year-043	8c5ba38c22acebe812354e1fff663f2b938eeae356ce09415393c6f19f7e5c57	0.308	1
multi-hop-album-year-045	3bc4d81a6d3fef829fbc0497e0a4699a00bac400d621ffc9689310be29c79002	0.265	1
multi-hop-album-year-044	b0149d5f49decbc8284705b6e8a9b5c1e601794f1a85a0b2d59f7cc6ba98911d	0.314	1
multi-hop-album-year-046	79772b01fdeb97350f5ff227b8bdb583753d77df160ac18fb382fdb714b9974f	0.286	1
multi-hop-album-year-047	cf7f3aecca113076305937a240a906b758a6c92f93147eb374d03cf863c76309	0.286	1
multi-hop-album-year-048	63d2ae2bf74851bb00a8c9b4e8a098c97dd7c9990c1c240f6244a252705e3858	0.298	1
multi-hop-album-year-049	b928f075da96cf111bc5d1fd0279cd1da915ba6e12b7dd39667866fa61ff391b	0.289	1
multi-hop-album-year-050	cba2faa5d6f93884d22be801621385409ee54e6992113d917b4bc8aab805bb2e	0.31	1
multi-hop-album-year-051	175f3586f8e4038f122a91337b253a7e5c3f9408a77c60574197764067370f59	0.302	1
multi-hop-album-year-052	69a11ff590668c42126edc95e7113cc20f4637f84ff61c3f24f2bc5682a34577	0.308	1
multi-hop-album-year-053	1c635cfb6cc5c33455a8fbb59633307ae6c53ab2cd6fbe17c85128e57ad6de14	0.304	1
multi-hop-album-year-055	c137849c3fd110c30f34ef97282da0b10b415bd621a58a613c88fd1b69729feb	0.283	1
multi-hop-album-year-054	1582ce09b6e62b214dcdb12d569eb76f2b3ecc3366df2c0aea784466dc284dc7	0.323	1
multi-hop-album-year-056	e76ae1f61ec1321a8207f91ab214145d414a55341f5092250eebc950134c3527	0.311	1
multi-hop-album-year-057	b96baae55dc320ac3fbc3fd5f4bc3db4e7a4c3344c72818b32db64b36d5e3040	0.304	1
multi-hop-album-year-059	f677c365cc408557ec232a2aa92c065f86d81afa0f4bb1d28ef5bab577d0f667	0.277	1
multi-hop-album-year-058	e1421a089caebc9de73606b564f864b7a7db53d3670c56837bc6700306322d27	0.313	1
multi-hop-album-year-060	ad5fe286065b2aee531d081eb74b293421f85b6239cf1690f406819d5fc25a08	0.318	1
multi-hop-before-after-001	8163d792d4b6ca0d44b3f1c89ed64c61ee0438327a367329b8c16bb16b30e2e6	0.334	1
multi-hop-before-after-003	8466c81bb3331b9b9567597604ef0ce125dc22f8ccd13d04c2e27484f15c16dd	0.298	1
multi-hop-before-after-002	34de24cf214fb7cddf20b84148b2c109ea96b305699356752d76216a987e6209	0.367	1
multi-hop-before-after-005	d7720b917c06a5d9f1271492008e76b73dfbd32283e990945f88ecc34fd8c456	0.295	1
multi-hop-before-after-004	ffb78cea8777c4477283719f76487d2c9a78d4cf2a16b9fe3d3f9e171c42ab73	0.34	1
multi-hop-before-after-006	3a92bd389b0d9000c873ebeb99c311a0e5c279e3efc00693c130d063d834e99e	0.346	1
multi-hop-before-after-007	a092544a96200e1ae782b078355118466d6b8902572ff1b8805bc9f1343eea5b	0.313	1
multi-hop-before-after-008	fe73215d7d186c0585596afb8e4db4e951d85cfc4e7c17022c0c3ef383b164d6	0.301	1
multi-hop-before-after-009	ae85228537153d401276a8edf125cf4b6766cc9068b13073b6e37647ffa99b0a	0.322	1
multi-hop-before-after-010	18309daed87d7a8df78a023f8b1d4c15be5f9fd352be39dc69ff4e11faa16e8a	0.325	1
multi-hop-before-after-011	4a8cc08356bcabe0a95939dd4d4f40133cb0a523c8b89a62380cfce03dfa2792	0.331	1
multi-hop-before-after-012	65494972417330e0d077f1f5c5ca47c04cc19c2f16dd304733d60dc9b142f7df	0.345	1
multi-hop-before-after-013	c6e00cf3e8a738d962fe2c481d3cb6ba93e70df84bfd36e3454d214f0bcb62a9	0.319	1
multi-hop-before-after-015	7e123846cdc4323c949ee349dfe472f4bd7f3ddc08b437434eff59354c714959	0.283	1
multi-hop-before-after-014	6f180a57e58e113305b3435adff43fc4c13030a63a4659c01d999c99a7984631	0.328	1
multi-hop-before-after-017	e9ca01a00a6d92310a737a8433a020cceb1c2b57e9220d96eb8347fbbcdf3301	0.302	1
multi-hop-before-after-016	b10ab4ee9861c229351a4ddb870b7578b8bd4e8eaa604e2166d9129d43b42457	0.338	1
multi-hop-before-after-019	d047ffdb0a62034528ddaaf5f1b380bbafe5308f076fd307a07494c1d1f9c373	0.32	1
multi-hop-before-after-018	fb96a0896a6d432d3955b80ac857c9316286eca3660ebd18eb40b432342a930f	0.361	1
multi-hop-before-after-020	54c6477fe6d5d3751de2fa7a9b03deb89d2ba0d8b98343da151b1fff84ea7253	0.322	1
multi-hop-before-after-021	ef4d01b9ac9d391b2a3328803b4b14209eb28b83b3bb219af04551d23566dc7f	0.333	1
multi-hop-before-after-023	23cf55cefb73f73949ae3817a332cbfddc24f30f4491c83d0438a7b4ad333cf7	0.284	1
multi-hop-before-after-022	f469cc1dabe2cc26a522154fc544310a53377b2ca08455430ab858156eced89b	0.334	1
multi-hop-before-after-024	0daa31984972c3a5b75b4ddf8cc91e2c544ed6c054964f5b821ef2bf1bb32c71	0.325	1
multi-hop-before-after-025	7261c65660bf33aa3b04ced3ddb782a09e73fb82a4e6515ff5f2d1ca98b85183	0.324	1
multi-hop-before-after-026	7d8f9ad8815515a87655f56f54ff7f0f3d67aa325beb58571154fa307d042819	0.336	1
multi-hop-before-after-027	e526351804b348a76e340480d26e3c78601795ab5cfe9cd1f680c036d00d2601	0.337	1
multi-hop-before-after-028	368e9f36f4451b856abac3f23d1467cb688bbb588cbf28ccae362dbfdfeac519	0.278	1
multi-hop-before-after-029	45666d922cdd77c8ea8b598b67fc7d395cc7c5f4008113e5812927a0189fce89	0.3	1
multi-hop-before-after-030	a70686bbde7d5375af651409df649e03039f57c1b8dbf876418d6dc5c34de38c	0.319	1
multi-hop-before-after-032	44a512e1f5b44bd367f3e9c81f776b3997b0cb72dfe4128d4d2e65f9e3c5cb27	0.293	1
multi-hop-before-after-031	e72c7786cc862370e86ef199645d7888d7584f63de5059bece62496703f20e72	0.341	1
multi-hop-before-after-033	f583761aef58ce2837fc606364035801660efff17d8cf3cb12fb148966b7ffe8	0.313	1
multi-hop-before-after-034	d03fdc878ea9268617667e0ab2cb71fa0cedb7ef55c22f728477c4d152b837bb	0.306	1
multi-hop-before-after-036	689eb4313fa9e77de0e107b93f540c1158e01911ec77e28fcdb30b8f328307ff	0.277	1
multi-hop-before-after-035	182b9b2f619b6403ed0edea2de5386c223d0266311ab4e9293e41288b8401745	0.331	1
multi-hop-before-after-037	555ad6ed76d4dbd5be3760dee1f32fc0383f8007ff01785f08744c6b289a2ab6	0.308	1
multi-hop-before-after-039	442c3ec1bb74a2a4898161f1d489d71deb6937df3b1f4bce30686d843c648486	0.288	1
multi-hop-before-after-038	069c8d72c09dbc0d03f868c22937fba7d0c1edc6397ced419c1d3e7773771434	0.324	1
multi-hop-before-after-040	c59c6fb728728b1c13a681c9191c61838b0ad5ec1286755e33ecd81fb709c6ce	0.302	1
multi-hop-before-after-041	549a182f69c86f73377621cf732b4e331992935446a1253efb4d6e63dba940a5	0.31	1
multi-hop-before-after-043	443a672d02de74fd6e48ce22ca947dba3d1023cc5b6b9c13cc306ef176193857	0.302	1
multi-hop-before-after-042	2f1802b9c183ddb58b272b2ab5628e8572e0016998212a38e2b5fb1113e23691	0.34	1
multi-hop-before-after-044	7020738fe3a86fb39c0bc66734a7a9f0dae6c639d696656e9a738cb318d8bb4b	0.32	1
multi-hop-before-after-045	95be45f766915484d9bb8e537702d6a3eb0defc78b6e17442bde218312175396	0.301	1
multi-hop-before-after-046	a5cc069316a584d1008f7e4f5a7e2b764c3d79b6794818e458234f66c7943a6f	0.336	1
multi-hop-before-after-047	dda6a92694c9f8ab0361ca0e5745e744d0d271b66412b233cfe47e4eea313695	0.328	1
multi-hop-before-after-048	9c5aa8d1d18301b5430f3e924395c7bdb4e0ee5ab73b7ecf467fcff923b2fad4	0.33	1
multi-hop-before-after-049	2f3297dcb542059c583d64029b44996ecfa6ccdf7f1cd4a35d224b6963cc6592	0.316	1
multi-hop-before-after-050	0127dfaabba4a3eb2b1557733961ad82f83bb81b7fe38740c91f8f2c324b1879	0.329	1
multi-hop-before-after-052	e29f0be8feb526e648a429785759698f2137864cee730e1ce98643689a0e2e33	0.33	1
multi-hop-before-after-053	ddd23a71f88de2647ec56453655d2066347b3e66775b2aa9952ffb497c1a5414	0.318	1
multi-hop-before-after-051	c659e618f5e51466de99dd1da5105ac305e700c7bd8b7f53bdfe0fb9a1d0ecd4	0.384	1
multi-hop-before-after-054	34222f9470f86d07f842967c2f94f5e887e7cc369332350c5e4c6e989ec94840	0.344	1
multi-hop-before-after-055	516a1622bdf5cd43b5f6e7b9f5b02ded28aa8a50fc8a36c60be14c1b3c04b4cc	0.329	1
multi-hop-before-after-056	d72e71efff8f8e82d067d0b33d05bc5b5e6a2180c048af7b0feda03300a16a5a	0.333	1
multi-hop-before-after-057	d300fb30b55e22c50d1b0eba64eb28a8859f0a685dc16159c43eb890c773e388	0.348	1
multi-hop-before-after-058	875f8cfbb4a8c895964841b8638804413d72e3c746b8eea876801964a27e9dca	0.301	1
multi-hop-before-after-059	25d03ca81b905451972a8da427ca91b2029e53aa105bbef693d469889b720193	0.324	1
multi-hop-same-month-001	fe2c8d1425cfa3249df652e1f1c9526e65bdcaabf8efbc7a97de2cf09f793656	0.32	1
multi-hop-before-after-060	92fb2cd69f001531817f9a8ac2e699e75768cb08cf585a7d4f4175e06331e52e	0.363	1
multi-hop-same-month-002	09d6db1430d2e085765a07f72ee4d51659f5e969d8a95dac3524b645eac137ca	0.316	1
multi-hop-same-month-003	ee062837b7bf15171598e09d31b400832ef22973e5ec9a50bf66dc4db7201dd3	0.294	1
multi-hop-same-month-004	47a4e6af1ca20dd1800c4daf4cd9e2f40cae131970fd68959d4870470d377b20	0.284	1
multi-hop-same-month-005	f6ded4e2342ec02d363530d4ef89b2cc431855a48a9cfff72ac853801b8fabc5	0.298	1
multi-hop-same-month-007	a7771f845df7337e6ead478f6c655573c234b36b1d2dcb51c99d05849592346e	0.314	1
multi-hop-same-month-006	244156548e75d9b330294ed0961825042318dd9d83007e30cd84a8d47b4f75f9	0.373	1
multi-hop-same-month-008	3fb8cdbcdc5d784b2205d7f62ce68669281565309a94529209771f7e3c23d961	0.335	1
multi-hop-same-month-009	a903bf34fd73127a71c6de4da75485e3d72f5219118b0d50b772b331a2958f34	0.329	1
multi-hop-same-month-010	08fc969695c61d82f1e4b06824e8677aa027dd5bd43a68f42a789034c54ab4ef	0.344	1
multi-hop-same-month-011	92b15f75765e4abebb37c1876b7a3e7126150d2a88de4ebd53c94342921b2e7e	0.347	1
multi-hop-same-month-013	80b11067ac937abbc0ca12d148a15973271d7aa6226879d36e7e6e6c7c6a9bf8	0.311	1
multi-hop-same-month-012	730fa9153bae8672bc405e18f303bde6c43738f18c20d8fa09177dc4098fcc3c	0.348	1
multi-hop-same-month-015	577c5349cb4f8f6109c6ab471d23a628c8858fc48a6a6ae6c390d92d2f380ac2	0.288	1
multi-hop-same-month-016	c2df799ae990fc26babad513906b5f0737e4da80fcb12647e45fbc6cd6d7361a	0.307	1
multi-hop-same-month-017	12e0217e6a3fceafd2a3fa8d7891301a1463e1862e7d032f09844604e3374de9	0.315	1
multi-hop-same-month-014	81262da1b1a2721b92d9e82cdba618f5d0305aa8839b0fc134254df2e58eb836	0.396	1
multi-hop-same-month-020	c2f6a5bb5183fdc1428928d5cb896df8886ec85a071895adacc7cb65b69964dd	0.308	1
multi-hop-same-month-021	d1c788927b8fd380bc3d2bd8149d75b10a2beafdd7e9f65358c4a6ed097d1d70	0.296	1
multi-hop-same-month-019	e5c3ccc7cfb89fdff6368320872e88c59a84ea70a92d715a75863b727a8acdcd	0.353	1
multi-hop-same-month-018	392359ac14dfbcdf3a3db5898c16e7073dcb38f4291e8b32ae22541f0bcdf111	0.413	1
multi-hop-same-month-022	bffd0845aefc831db94337561b62d8247dc7be0d72226b79ed1e09056270dd6e	0.317	1
multi-hop-same-month-023	b34ddcd1e2a584b88d0437447b8bb81b33fa6ae9b7a87ddf53421631c00a364c	0.334	1
multi-hop-same-month-024	47eb4ebd49306937305416ae28c177b63e76acf3380f0f4c87b96f22fefaa53b	0.342	1
multi-hop-same-month-025	3ce1c0af711b105bee771c648469f6f835d05c8aa4ec0a4092a477e6c29a2f95	0.331	1
multi-hop-same-month-026	67cacaebe65e8257bebd0f8555b5732443ff79a4d59a1e73791f189729fef9a9	0.298	1
multi-hop-same-month-028	96f381d85f8686ad3dae9d500d15764a7b4f662c0b655758a15ca5f947ccf54d	0.277	1
multi-hop-same-month-027	9e3140af324d1298bea7be6d3afe5894effd59ea78eac9b606192f05b6a6c1a8	0.328	1
multi-hop-same-month-029	7399f7a7807f3c9548eb31b0e0c14fe62671f1ab334e899c9010f942c4dbf586	0.323	1
multi-hop-same-month-030	c807353e2a7a79dd64b8cf221072a1e66c90b34630fecb5fde7c4445f7ef0f4c	0.31	1
multi-hop-same-month-031	a7e6524c53ac2495c86a52bfb7dd5511a4907f473bed0fd1164d4a87338c44b5	0.325	1
multi-hop-same-month-032	3ea88f7e7d51133f3f1459c4c16bd1d2ee09600979be955d3b498e1f875a69c4	0.328	1
multi-hop-same-month-033	328eb91fe68cbfcd2187541268b1137248cdde5f27edf4db6579882fb7ae6bcd	0.318	1
multi-hop-same-month-035	e712dbf3a5c15d99a13b4bb11cf9ccd9681eaebb4497b3c8f38af41ba8753172	0.329	1
multi-hop-same-month-037	bf686957bcb482aec9f3b0741a8042bdb99d08ac439e92aa31bae79bff83c200	0.29	1
multi-hop-same-month-036	f2641c87a352ebcf9fb115cd1761357b7007e710edd01eaa85d840f1e76f0bde	0.322	1
multi-hop-same-month-034	60026f674653633d941aebb0e2e4b38fb4b75c487676d4409ff8daeb155c2179	0.428	1
multi-hop-same-month-039	bdf6cb7b70273b51f41d08b67a50732732415c01275563f626e3ae5e2b256ed5	0.303	1
multi-hop-same-month-038	f82ec5c275fbc9f6038fbef4f4b1158bc21c45c8884d70506b0954a3a11f57a8	0.356	1
multi-hop-same-month-041	714c8c14436f259722b810f12eb5a32dbc47a5a461008bf246632470dfe89ff6	0.318	1
multi-hop-same-month-040	ed66be97c33696a5394140effdfe307bc96d891e4a369e20b4a002a30d88fce1	0.358	1
multi-hop-same-month-042	1810d2d83fd6223c319e3a684731a885b4d1b979b59c15416f0de156c7804b60	0.296	1
multi-hop-same-month-044	ebf76b0b00daf5bcf78d2883db05919bd8ed510a1f4b2c6012e47d000cc7c0fd	0.299	1
multi-hop-same-month-043	7f77e7c826d1d3a31b555864ca47bd83172b56bba9e4f41f3c16008fbf22840a	0.339	1
multi-hop-same-month-045	37ad8c52753ad5d58aa7f430f062994a12e27728c5432a5a4ae45b1238e83df6	0.342	1
multi-hop-same-month-046	340c224c9493f9d758e7a71d764260cc959853cc1865d5db6e7e29d14121c04b	0.3	1
multi-hop-same-month-047	5f1c12bfbaf8901fa492e1c2365e04f9fa70ca8bd7ef5f8a9d608b24394f33ed	0.332	1
multi-hop-same-month-049	e3b852f24bedb9d21c24886c103092c6ba4f5bee142cb54010b0a47826ff5e46	0.314	1
multi-hop-same-month-048	6b42ea260de6f84be7ff2634dd72da05adf6e3c9a0f5810a90624904693a16ee	0.365	1
multi-hop-same-month-050	c0d0314a0222ba503fc01e39ddb3f5c8155bea540551068530d3aaa03ffe1f2c	0.304	1
multi-hop-same-month-051	a94c5572a43e8a417c813d4ad004fce06b990d12610390137497c0ebf8c48f3b	0.328	1
multi-hop-same-month-053	a925f93733ede66ab1ed88f601d01e15f9a31b9ca465b8f3490b6a9a9926e0fa	0.284	1
multi-hop-same-month-052	a4aac9f9b976ad0e36ca4c599dcd1b7e421b82eb22fc50bd963231721539ef52	0.316	1
multi-hop-same-month-054	07cb6df2ac03c8eec5b90512d580d9b0fd07374fa349da82f92fc81c02db3541	0.329	1
multi-hop-same-month-056	04f8dbd7c91d7ff4bbf1d66935983b2a77c08349b18959b127fe8a9997f4f8fb	0.302	1
multi-hop-same-month-057	2951ecbe70752c57b30dc99c5b75023776aa0a1da72b403071fa16e6e2550e04	0.305	1
multi-hop-same-month-055	6dd7497f9888acaa3188461d16d83251a196c21464debdf9da27b857d1e6fb95	0.344	1
multi-hop-same-month-058	a57064206494ce57f126f501056fce8f6b7ddfc86cc9c3563364b5b0771e4d90	0.289	1
multi-hop-same-month-059	45e7d0569df51db60fd1fd15245f15dc7f20a0f95fe1d7e60e0d1db330925565	0.31	1
multi-hop-same-month-060	0985fb5c86d90f421c617a7eb4085c20b31fff64ad66af380d864cdb764476a2	0.313	1
near-neighbor-control-album-001	02878ae11f23a5567acbf9be72ba1117188afe9aec3ef4a8f44665bcbb63ec5e	0.324	1
near-neighbor-control-album-002	cd2b6a345f2c5d647e2a1706707dc98c14701a1077580b570a9618d258383ff9	0.304	1
near-neighbor-control-album-004	948b0da7a0754e9d0e72d0803b432468269d9287bda7d538a5f19135a2e3468a	0.327	1
near-neighbor-control-album-003	49b64df2e55301d617540f930a1d47396886ee666024400d36e476197af01dd5	0.36	1
near-neighbor-control-album-005	adb8e00f419d411992346765163896390d567c029f85aa2a081d8dcdb9599c5f	0.331	1
near-neighbor-control-album-006	534d91a05380edada208aabc4ddbaf60b9fb4994991a4d2f87e3a8f7d2d228cf	0.319	1
near-neighbor-control-album-008	d128a5061d84b3c7a6ede1126c699695c6ec2e6cc6c199c8f3d2b355d8566c8f	0.305	1
near-neighbor-control-album-007	1981ffa97f01a7c77f1803086f0e9852994d00f36fefe549333a7862895d201b	0.343	1
near-neighbor-control-album-009	176b8cc0f6b1725d10bb91fab38cf727392d12ca52018f180f7397f56ebeb515	0.363	1
near-neighbor-control-album-010	4cf200f6e1ea26a3514235742aedb3a5691ff275d339b27095449f27f6961a9c	0.333	1
near-neighbor-control-album-011	4f50824f74cd995bc8b7482cdb0475e1cf39f76024abb1600bbec4909b4e4243	0.321	1
near-neighbor-control-album-012	5a8d9f830646bcdb7b5573e67cab9803d9a4a86094df96289c60d84c7b52e199	0.317	1
near-neighbor-control-album-013	ae5cb4411cf026a55f332a5b130774ffdf14bec6fc589aef873c5dcaae6d201b	0.318	1
near-neighbor-control-album-014	e17ee3d90a47d8db13f93158420502660c75ab9e72a24579f367c977e196b68c	0.372	1
near-neighbor-control-album-016	070722b7154a2d325ffeb4af7f4952c720a541eac93f3fe8c99d9fee2595aa07	0.293	1
near-neighbor-control-album-015	cd5bddcd896c8afed922350dffd301d7743fdaf335009d1492b25b4b5669240c	0.325	1
near-neighbor-control-album-017	f45c1e1170f2e05b4a5a57eac934ff4569c2f4c86b88babd8655d5501ccb4bdd	0.309	1
near-neighbor-control-album-018	f604bd24d42fa6142dbe30b85aac95f2cdcc894fd4be53cb640fe602e4030511	0.311	1
near-neighbor-control-album-020	b202bfbd0b6ffbe66a0381c68a9e818177ac480232f25dcde645e62f318093c3	0.295	1
near-neighbor-control-album-019	7b0fdfc11f45afb07c9e7dc080a8661edb395391eb9e474f85e2fdb59b39b994	0.36	1
near-neighbor-control-album-021	fa0207c427b0749bb4a2c32c6c846ebedc71f8fdb437dd612451553122a4b09f	0.321	1
near-neighbor-control-album-022	1427dd16ad7bb43eb6f842ed2d6e49f0101a49248fd2d8b1d92bc802d80017e8	0.306	1
near-neighbor-control-album-023	4d22bc42a64b73fe76328a14ba090b35e8e4a83b74fcf64251d2a848356ec5d5	0.33	1
near-neighbor-control-album-024	68a29e60667e0e02d4e73cd88bb74a2cf8215c870d3581b7abea7aa599a4c5a4	0.303	1
near-neighbor-control-album-025	d4aafbbcec9e58da064871133c6e58e35e4a72a9754ba03e762351051e31a5a3	0.307	1
near-neighbor-control-album-026	782cc850462ad323aba7009e8a5011a4c5a97d87906046f202900bf8a8433731	0.285	1
near-neighbor-control-album-027	ba4b39a70260de381b522f345464fd1bdca4a9323745d635be0e3d11f29c4025	0.327	1
near-neighbor-control-album-029	fb3135e8027a653b4f74f694a3e8776bddb5573c5dd09696ec660cd7575ce275	0.294	1
near-neighbor-control-album-028	095d90ff5c01dfe0cf0c1fc0366f61e6d75b1d19944eedea74441c24a8d47cc1	0.349	1
near-neighbor-control-album-030	4f274c52600d7f78058e720fc77a93a6e72bd1e05008142b577d32691aac6358	0.295	1
near-neighbor-control-album-031	deee1643bd3d02e54f7eb32066ed19e0976804d321d4005f135783586f677aed	0.298	1
near-neighbor-control-album-032	98625713aee871aa85b04d0ec6d8d4082fce8b2a33444bc196abad5156ca4080	0.31	1
near-neighbor-control-album-033	c4568ddf0cdab12dbd4e19af92c8cf6c0c405a300cf112ec9ed08978ac26db70	0.328	1
near-neighbor-control-album-034	1a1bd649ac1a6ed034be0dc13d60bdb79d043af569ffb037fbaa79ef507b500b	0.299	1
near-neighbor-control-album-035	3720ed9dad5db33f1fd4562c57d408eda335f64d5ea9f73c462db3ba9c80aba4	0.32	1
near-neighbor-control-album-036	baf7bd8bb5a25f3c4d355e5116ea76d79e27a10439da62b13d7ccfbc0299bf4a	0.309	1
near-neighbor-control-album-037	a9379c5d3fad49a343c4b187f09bddfde20a2393768b9d62fe5fd8e3ac655b94	0.296	1
near-neighbor-control-album-038	a71645b4d957c1005b4ff54dde3b4633583319c3626c4d65d1e7e2cb4596e453	0.285	1
near-neighbor-control-album-039	3dfa0b443afc3dfdb3fe2bab458ee2faeeba56364289ccd2d8b2271757acfcc5	0.292	1
near-neighbor-control-album-040	f74d4ff69d8357092d6350a7f09efd51cd7bc6d7ed3d2bb3c707178e3df7f789	0.328	1
near-neighbor-control-album-041	cb55712628e4669cbcec0e416b6b6f3c580dd875bf3375bad06f18dfbb228b6e	0.332	1
near-neighbor-control-album-042	c3c473a0cd761796ddbb019a7b3b560c39aeced5007691eb3ae379c041dc37ea	0.311	1
near-neighbor-control-album-043	0228582d8d594d8cc240756c47a49317d3df2bdec36586086cdbce45321ea834	0.306	1
near-neighbor-control-album-044	73c8c8aeba011a1bc344bce9e00df69aad57e4cb37c55c2421e1eb98c0502f6c	0.291	1
near-neighbor-control-album-046	46cee281b2458a51c176604f05438b6ca79103b5221ad0972737ee8709dd6b48	0.277	1
near-neighbor-control-album-045	4481cb8f9d5b9e8ea4158df880f0bf411442ef43767639c36e6d38ca98d2b283	0.336	1
near-neighbor-control-album-047	12d01355cac5d0cd80b084ef7a1b6fb82de88a7a32c6b757cdcf594dff588c11	0.299	1
near-neighbor-control-album-048	6b063df390af3fb2d89ef296c6221087b7db5e838a2cf2c722fa117103374e51	0.326	1
near-neighbor-control-album-049	80774a83401182d7644d4002cbd5917d454e0aa5078ca661ade8b54094c5d8c7	0.306	1
near-neighbor-control-album-050	1585f3d8f56bf391476ddd6d7ad0a745a04312972035ca2a46686f5c144bde35	0.304	1
near-neighbor-control-album-051	ab47e1d0c7ccd05d40af0ecf49327106079559ea0818fbede2036aa1104bebc6	0.312	1
near-neighbor-control-album-052	0556870d240f29ccc89fe7ddfa68620e4940015f9f49d6880be853b13fb10b68	0.307	1
near-neighbor-control-album-053	21b1c14523e178fa896fbc397d9002b548ebcb7e677b83d8baa74d63ca456724	0.309	1
near-neighbor-control-album-054	cdd5ad543585c9c801724743a30615676037783c9b38ea2fd21f5800a8069bfd	0.343	1
near-neighbor-control-album-055	d337731a4b8cbdca5fd032eb633e76948a1424fd5a060e44ad69227a10d52776	0.337	1
near-neighbor-control-album-056	18bc562a40167825cbcd84616ef99cf374e94c46906ec4cbe513512c409b0654	0.309	1
near-neighbor-control-album-057	8c13830f33a0eac8226728a6b23776496ede463500cb98bd4c08a1be996577b2	0.344	1
near-neighbor-control-album-058	873397b5b0c489f600c51c666b1cda55622930761d2d533e0b01e6f446ca5d59	0.316	1
near-neighbor-control-album-059	349e3f255b8e4e5bde43d98c8aaf40dad1049b7c34db4d90c05400073b887f9d	0.289	1
near-neighbor-album-001	757b0d0d8a1d256b7ab6d8ddd1e5c95aea5f00fb112364730e0e5a9c58e446e9	0.32	1
near-neighbor-control-album-060	fc9187818385960f6e43b5994b824252933047b6e84770845461b163c1e22bfe	0.42	1
near-neighbor-album-002	0d14aed0cd848b5a7f3468cf88ad4abb7b9d342e81a0408dc5796ee8284b1f4c	0.359	1
near-neighbor-album-003	c3426466f7cb80ca7047285730e845c9427c8829bcaa0969f5e3f810d9f2aded	0.311	1
near-neighbor-album-004	f5c9dc5e8fdb8539b97ffecc8b49955d00880fd1dda321fcdbae48e93c09cb32	0.371	1
near-neighbor-album-006	9e80bfc15047aac706c5a6a2b3938f9612b09f0907dd5d8689315fa8d8bca770	0.336	1
near-neighbor-album-005	066bef35bf9044c1e6cd2761825d4db9b8ea8dea53b7d372c1f26bddb4be68f0	0.421	1
near-neighbor-album-007	6dea58b4f70fe0d198213370a6c8445d8e4e35429b1763155afb91ba310b4457	0.324	1
near-neighbor-album-008	3a40c7b1122ab6beb71e5fe5b388b6d5ec2b994fb20b1ed4b161fb998024930f	0.329	1
near-neighbor-album-009	5ec3a7fe7faa1166091cf86a00b004bc0cf56bff60edfe26857247700f6d52ac	0.367	1
near-neighbor-album-010	2491c056d3084a2c3e82358d1be5209bae811ed0d5cace4b09e773e8b674d344	0.359	1
near-neighbor-album-011	d0e8d2fb877a18d92adadf12dc45a9b74e0bd4d03f7431d04ff492c6ba08f600	0.343	1
near-neighbor-album-012	7387ccf141bcbe2efa3fcff11af4fb82e9803065cfc181c405531dacdac1ef59	0.46	1
near-neighbor-album-013	b740acfcc49152a33b3e6cf82b85f697b9e6d26ee34714317331cc7f72d78c29	0.411	1
near-neighbor-album-014	70e086515c506d2c1eae6070eecaa6f5383f2d1571d60633220120ec0554506a	0.396	1
near-neighbor-album-015	5393abb02be8d85eb7a5df099c7f99bbf520b46c435dae7dfa42bd4adcbf6573	0.392	1
near-neighbor-album-017	489da99c79620d53a3367dfd621c03581c9b532fed1325067b9c042c99891ee6	0.353	1
near-neighbor-album-016	605888283d0d51ff4c43a54199a3a5a33d79eb6f5b2a43cc51f887c7346bc410	0.405	1
near-neighbor-album-019	77e7b11b4e34024692a501482308f4732727c350ba335ab5838cf73561b6c9a4	0.356	1
near-neighbor-album-018	5d864f040cde3399670cb34f4340b107bb2445d75c879c3267d301cf64113bb3	0.409	1
near-neighbor-album-020	7569fbe91c3135f4863b716f342e043bbe3035f2c981440f768eeb0e4fcd5d28	0.369	1
near-neighbor-album-021	421762be8dfa3becb348aa52d04aa04481416a15184fb49c81cedecb72bcf4a7	0.358	1
near-neighbor-album-022	e7792e58504e83c292f367988689618fcf2cbd4062c763dd3e8177eda8c1104d	0.361	1
near-neighbor-album-023	13342eee94ac874af9c985b7dbff7468ea72832e0223478e4d266fb1e5dcabd9	0.35	1
near-neighbor-album-024	5a3b07afccf7582eb6b99b4b9619e9884d8b30e3f7635bddb2e29e6d312bc5a6	0.319	1
near-neighbor-album-025	34ef748c6483c6638767453c9cdb6b4c36923f806664795419d414252d8828f3	0.354	1
near-neighbor-album-026	30750cc2256feafb166ccd704c4d94e8b8179bc1407b2992e62efbcc1bffcb05	0.351	1
near-neighbor-album-027	711357a0e0a3fd6eb07792298a7ddc3c63257825153708d7413b60108ccd1d29	0.376	1
near-neighbor-album-028	2e472cea5a701d29e08c0d8edece580f3b0ef12d5d545a863ef37df8c8bc9df2	0.335	1
near-neighbor-album-029	81ec3a374b8a39aa9ad54c8976c511d97dfe3ca12cf083069790983089128cba	0.333	1
near-neighbor-album-031	bda02a15fe7c65e9b8aa6aaf3348f754b179a6b0aa0a000c86a10373055415f9	0.319	1
near-neighbor-album-030	f10825e1ebdc1dcb810c06c2e7c94c52faf745a13a282c751ba4b9e6ee142284	0.41	1
near-neighbor-album-032	8ad66d4ea9965ba7e5b0b9146d8c4db9fea8f14c9649a116b3988c887a7e6703	0.36	1
near-neighbor-album-033	2ff68b913ae8705d0ad74ea00ad66f6aed2b3e65b6b1bd2c89995af7f5c123c2	0.43	1
near-neighbor-album-035	041216a5c858a853b42f788a9e398d5a12ac17d2c35e60329ea1aed4397337f8	0.358	1
near-neighbor-album-034	bdcba3045e4d96fd17bd6a373bd21157414a0660fe94c0e4eb8da7b2ab4f467d	0.438	1
near-neighbor-album-036	9d494cc343c77c598763c6be6eaae3fe210f42aec0a9287cebbcfffcfb96cf01	0.319	1
near-neighbor-album-037	445893e76303e5e4ea20509e79fe5a840b1e99975f96ac4710e1bfb35097799d	0.413	1
near-neighbor-album-039	998e2fb56f79dbde9e454c4d1561bae84db443136146561e183e1791badacd8f	0.386	1
near-neighbor-album-038	29890be2ba9dec391536b6721a7013721b8861789b635003f3bdb5f7bee3e9e0	0.437	1
near-neighbor-album-040	fa99668bf1e4b773cdc00f2a20c1c64ae2f2afb90530a695cacc86a20527e6c6	0.339	1
near-neighbor-album-041	53722c7fb0caaab29b701bdf601c4f2eceb7645200ff8d8ddae3bc575da4b61b	0.364	1
near-neighbor-album-042	c5d276b1adb469dcbf42d8e9b9c0195f28e4af09493afae671067cb7d5907285	0.361	1
near-neighbor-album-043	4f2d8ac69a6859fceee9644c965f9e7ea157efc13093a548df0e300c15f6c87d	0.361	1
near-neighbor-album-044	2ef687960654bdaebd1ec19e8bc4109154496334db0e56c2fd10499bd421800f	0.341	1
near-neighbor-album-045	d0c3848a1dd540f5b30849f1a368aa0317d3803054c0e9c86a693b35bb034b1a	0.356	1
near-neighbor-album-046	dceafa2ed4b29bda9127afa129aca0b4e61fcf60d87b92dffeeb83576165bda3	0.348	1
near-neighbor-album-048	596fa7f29de6e20488de640f068d813e678a3849a64fabac8a5aea9b75d07044	0.302	1
near-neighbor-album-047	183b0f70f7e13a99e7e801f69ba3145f8cfa3abd6ac0a81996a9eb2d4a72bb58	0.409	1
near-neighbor-album-049	131acbd4322cea16defd55cb125a8e3ea6988bbe768489658c538632a8b0ed8a	0.335	1
near-neighbor-album-050	05676f254c7c0e4f8416c37f0c5213f4dd5429ac8bbc2245a857608273f56f00	0.383	1
near-neighbor-album-051	36a3bad024860689ef5425b6fa45daf7ae7649c8296b40fd0128e1e1a3fbf6ea	0.383	1
near-neighbor-album-052	5a50b480762772b7b06797f44cb7604b8f2c50dd16040a5908a4029ac9022580	0.348	1
near-neighbor-album-053	a329ae29dae5866ae0f131e8c1adbcc21342a51f10c5350d2f9763f229084e70	0.31	1
near-neighbor-album-056	d6b11cee6aaabb4ad35fe451740db92614773b8f6894391a441e9042caf6b401	0.309	1
near-neighbor-album-055	a80ba698a3c0ce92241d9d6f7c40de3f994555058fb6d762f7f99ca0daaa4557	0.367	1
near-neighbor-album-054	236ae114077ea854f399dd5c754dac873aeeaf745b2ac812fc855672907885c0	0.445	1
near-neighbor-album-057	ed30c9842bc8a8c78dcedbc3359f5e8c6fe35ca52a733c9fa7894e6b2def9677	0.303	1
near-neighbor-album-058	af15793f24d0e3603b17387d7b11b3dcd97d16f1833e4414e4af442161bc2086	0.375	1
near-neighbor-album-059	7086af16da2ee156c819cba44e806dc0d021bb7fd496bf66154218874a2e5ff0	0.365	1
near-neighbor-album-060	1a5f5d102466c79d2da360e428959631e01dd700ad2a1cee9b840d445234abaf	0.358	1
none-of-these-absent-001	58a3ccb47ef46613c6d5543b1e43be70bfa6e4adeda18f0d9a2f0b748c548b52	0.328	1
none-of-these-present-001	de189940a220a21e16a6041b5f813828f2787b9400161e4c246b248622a0c279	0.602	1
none-of-these-absent-002	435326cb05f5acdb19bd656355cd509f1c14afe137b9b884619485aa37368455	0.6	1
none-of-these-present-002	c59468d44539e0dcc37275f41e377832b019f7ad580c3bf453f0e7defbb592bc	0.582	1
none-of-these-absent-003	11f81a622b62765be1f305ecea2cbe32b672e4577014717356abe522da57114a	0.547	1
none-of-these-present-003	a106ebed00b10bec091dde454013af3cb01007178fb6d1f5a04a0bc314fc82c7	0.409	1
none-of-these-absent-004	aa3e1186eb5cccf819dae972e3fe5257db7fded02b4996ab5f4a0a77569172ef	0.44	1
none-of-these-present-004	59875900b3278f4e4cc98259a6867c6c2c09e7db6da1143f9792b8600256942d	0.462	1
none-of-these-absent-005	dc564ab7aada31f0c566390e223dfbd1e5f6d8eb70825577eb6fe58dd5b081b4	0.452	1
none-of-these-absent-006	5c17af9798af1786ea058e5b70cb72cccc040d2edb58007a1b24b1ac3060b46d	0.419	1
none-of-these-present-005	16d3e75104da240f5ef7de44473d3e269c0da5e48b23b758e2e6e8405dfe2c0d	0.529	1
none-of-these-present-006	1225e68317fda483ef472fcab871eb292d117fe084bb90ee8c3ea1b763ca0fad	0.463	1
none-of-these-absent-007	7aabfa72725a8354405c9066cfc853746b12331592f6a9e0fd3098af2765bbb3	0.459	1
none-of-these-present-007	024c399a4af15a217db12c8bdbb3ef1162ef98f38f39ffbdf6f7262370c35d05	0.464	1
none-of-these-absent-008	ffda7e2a9eb260f47d712951941a85f546567cd515d37a679b3013afa9f44606	0.446	1
none-of-these-present-008	77c477c8dea8572e72b66d1af61fda2dc7c83af1348c2e8cea3b587e5130cb29	0.44	1
none-of-these-absent-009	94a35fb589eb68f7a9546fa2a279258f159af831d98ba362f255d29b4da8e863	0.441	1
none-of-these-present-009	7d2de79e63a79bc30fb830a46aecffdc891c8bfc32693aa9f535b56f1814abfe	0.411	1
none-of-these-absent-010	3296a74a58d3e32c34352627e7c161f6830e23ce1ba34a092c4a8a1654866956	0.441	1
none-of-these-present-010	6a6da278954cd8f9ced54d2d781cd26e1144a30512453166efdd102439355064	0.491	1
none-of-these-absent-011	b2d35341d5a61adb8a0073d8a7580fd6f366fbc65e54119a23109428c48ac9fc	0.497	1
none-of-these-present-011	c8a31c08b1e1fe813e613ee68251155aefcc757edfd3a9d8b9479568f2a0dc76	0.388	1
none-of-these-absent-012	c8bbb3468e218e22e223d200cdf7d5e6453b847516e7ed0e8632eed15b0244f5	0.437	1
none-of-these-present-012	fe587ad7c1bd6a4ac505e42434b8afbafec0932cf3b3238fb81a26abe593c6ed	0.449	1
none-of-these-absent-013	066ed732eb7e2d23a346c7470c31985a80b8b1e2d2266ef14e0522ac9a929aee	0.466	1
none-of-these-present-013	31fbacac7e154a43a582fcf0b7bbaf6e8df2696a6fa402e46e6891c67ecc64d8	0.384	1
none-of-these-absent-014	3dddf540c0ea2abaa17b8ef02aabdf364c6ddbfcc02942422a77364a353abb2b	0.349	1
none-of-these-present-014	ba65c7db1326e7a69dffb3f13310d240c040b4780740b8a486be93efca5bcaa3	0.362	1
none-of-these-absent-015	e97005232a6cb5d25c86ba028ffdd121968bef86c449500f47e391417c60bbff	0.358	1
none-of-these-present-015	4d1155c9c4b86704b1a9d66455b97ed63c1acf74da11ec3b53ecf921753d9f00	0.37	1
none-of-these-absent-016	be7c2d8beb97e287410fb47e2b8c631753f6898957748271ec19aba6960688ab	0.332	1
none-of-these-present-016	d58de58a44f2668524a1af2e6b119faf6487d1bdc870f3685aac79cf27849f24	0.307	1
none-of-these-absent-017	f184fae3129778242d9732a1a545bff45835fd5d6a53c907d8c399c98bd82be1	0.342	1
none-of-these-present-017	3c6f07aeca57f9ec22cd38357f0570fa643db9627e2170a6ad2c72c1ac443221	0.314	1
none-of-these-absent-018	86d0a18a75f3acff3270e592932a541e6aa6ba78cc58e16f0267f0aabd7c46fc	0.333	1
none-of-these-present-018	fb074301826f3b2edb54ff0d73eda1362f4818cf4b51b507b83cb81084fdd856	0.322	1
none-of-these-absent-019	4b1b9c01d3459735f005eb4f6307ce747f0923e153e9279c3b4ea0b9f3b184d2	0.406	1
none-of-these-present-019	fc01158a27395954939aab97ccae24f8018bbc2c9fd8012045bfb0b3278b62d7	0.322	1
none-of-these-absent-020	c5e7839a19e40667bc9ae994758cc1bc6cd5b72cee2a8a1308329c68c997d76e	0.334	1
none-of-these-present-020	63bcfb1639e383a24a8fc3434472633924450efd39c3dde584a93639d41986cd	0.319	1
none-of-these-absent-021	9fc044fecb2f8440516f74388113554db13747342388dc0bd8397e8e05e3b9e7	0.321	1
none-of-these-present-021	f0d640e936d45384dea7f836051f1925770f8405f8fdcf49b5479e3321276fb8	0.314	1
none-of-these-absent-022	83e88d5c5e9741ca63fb24b7b22a84880b206098d3a9b4cbba84d40fb82a3f01	0.311	1
none-of-these-present-022	f0662423e6d09b7ae45a24e89921f8315a630545862ebd5d19f48a6ba44ef945	0.335	1
none-of-these-present-023	b948c1af157d29945c572c6692aefda1634436ec6aaa9f7b1fa468f9c1885c6c	0.277	1
none-of-these-absent-023	399634251b526751e9232ca7aaa0f24c0f6961339d9b64d6d38e2f845bc8caee	0.364	1
none-of-these-absent-024	c60df106b32b1b45979e373ffd63b102e8e2f986a8e778f5ec7715e87b358db4	0.305	1
none-of-these-present-024	254a49ee2e27a5b5c7e2f7495d53f134ddff7ba83e5157d1ccb80373a3133cd8	0.293	1
none-of-these-absent-025	3e9061ecfa743a7aa967b1b6137af39869ee83748495d6e2928ce4be6c8581ca	0.318	1
none-of-these-absent-026	87d46bf4c1c9120ce9aa5fec08575efe8efe6bc4ac743a34e36a5dadff8b4551	0.304	1
none-of-these-present-025	13ae88a07889b9b7d1d8bf416cc286e21dfee0aa07a09b37ec85e9154c0c2216	0.371	1
none-of-these-present-026	43d374ca41e060e437c5e58cd80668b310eb90b707dbb4bd381dbb32d148d132	0.335	1
none-of-these-absent-027	ec404949c7fc5de205993656ccc6656ffc66ddb360bebda49f5999202b547947	0.327	1
none-of-these-present-027	1dfb0e5cf0470664a666e67694503d2b37d49a5b5a36e98bf2c49d94b3a05686	0.35	1
none-of-these-absent-028	5bfa0f4ddf86793df2ffa5cf07e16824e564a9752f52a5d4ba33a231d810469a	0.347	1
none-of-these-present-028	0b6853812f7698f1d7153d9d08218b48ad4b24f926efa7e37ea73e5b82da9c77	0.347	1
none-of-these-absent-029	fbcd62fe4c8ca0f0390805f1cb05f2cd1ba65cf1fa78541eb81c027f130eb332	0.345	1
none-of-these-absent-030	977158137b061677c3a42e7cd79cc30f89c5c6dd77aa8ca4a4a86feba98ba210	0.333	1
none-of-these-present-030	40868472ea90858eefdffb24bc2da8a909663a1d528627ffc9ecdfac26c3181d	0.49	1
reversal-general-shared-name-forward-001	405f9aef416ae9642ef9adb1a40ab28d7e1f9b1c977e6ed161f2b08a60e2e51f	0.381	1
reversal-general-shared-name-reverse-001	b1d11a3b5dcf05890fd09c71170c9dc55d9f1b70b411d8219cdf1f8773e9e638	0.338	1
none-of-these-present-029	c7c3fe526478b513d175b5eef664a48875fcdba9a44ba0f67e87da3de66c7267	0.765	1
reversal-general-shared-name-forward-002	2dd83993e5ef127bf52c034798619dfa98d9a3dfaa3a2bb21cb257fb13f2dd06	0.33	1
reversal-general-shared-name-reverse-002	a3ff3e1b5ea8c0c09f754d65941316385233d1de3b379665eb3b3cf527f14ec0	0.347	1
reversal-general-shared-name-forward-003	362418129197105912d4cd0b5df21bbb0773e52340d663fc73b0c6779c3ca433	0.317	1
reversal-general-shared-name-reverse-003	5f14527c190724a85109ba8be6ae4c69169430703d80532599ff8803e703b4eb	0.326	1
reversal-general-shared-name-forward-004	773a5625bfe5aa9c6a536e37aa11e12b1baca28011f63c3605edf1166427f7d8	0.518	1
reversal-general-shared-name-reverse-004	bfb470f7acc63960f68219d105608bf2a2e81de7705c1a6fc4e002764c5a6532	0.514	1
reversal-general-shared-name-forward-005	cb8dee21794e04e63f37b391b3b3a8da5384341fafbf129154d0e615c539f0cc	0.516	1
reversal-general-shared-name-reverse-005	73b14572d7d18e89e3c05f436c2b3ea4931ada7cd0f821126a36c9c4ea919630	0.877	1
reversal-general-shared-name-forward-006	8359058666c33a57594df608d01f1355fca0b65a2af0e44738603c21d27f4ad9	0.7	1
reversal-general-shared-name-reverse-006	7675b0522f3269f1f564f8a5f13499e87c69f95661345cae09199abab577701b	0.672	1
reversal-general-shared-name-forward-007	e0a923990f5cad936d4bffc2f33d245723ff50e45d2c71287746b705db794fbc	0.767	1
reversal-general-shared-name-reverse-007	7f3ab878299012390a190596bd7f5a7d1611a1340c3a643768f334a84827d695	0.482	1
reversal-general-shared-name-reverse-008	9953d8fa330ad06e71f0488ae57138e6581577505832876efdfc802528483d24	0.341	1
reversal-general-shared-name-forward-008	e12f6626f9263048c5829ddd0102e7c63dfd0b0175c227eb1e5830a164fccb0e	0.4	1
reversal-general-shared-name-reverse-009	60ce1c661e35a627d3a093df45fbe0433d53d3ea439c3e3d419c6957081703c3	0.356	1
reversal-general-shared-name-forward-010	244cc739e168b4f802c8a4a52ce5182585903b5c2bb66bd889e5b99c2f276458	0.351	1
reversal-general-shared-name-reverse-010	98eff99a34f1d9082eb435a87df0f66af613150261db95e00365f2906ac312e0	0.367	1
reversal-general-shared-name-forward-009	6db61b6725ecdb4eb5562de656e6edfad5431ed5073c4ce1cd01f97c05513616	0.622	1
reversal-general-shared-name-forward-011	2ce6fd66eb0fce0bec0c6a17cf37a1360ffa9fe31bdd0115b056aec2ffcff614	0.343	1
reversal-general-shared-name-reverse-011	5cfb8f5bec2e2eae82a8ed66eb68595d3671c0770b25a1692f8edde9356e9bce	0.379	1
reversal-general-shared-name-forward-012	8fd229dd32e886aa9758848f4c5cffc2e6a6a78e2f6500d95de5251972f55d81	0.364	1
reversal-general-shared-name-reverse-012	b5bbf6ab67d7b73398700842d356e17b0d519d332a55e8c1effe986b44be51c5	0.38	1
reversal-general-shared-name-forward-013	c1d70913c861678ca0706ced59e28c1d34def2a707a4f8f1ed224609ea396f35	0.326	1
reversal-general-shared-name-reverse-013	88b8738306fbd26acd5c21fcde9e0f480e18b4f51934bff64ba291f46b690a93	0.342	1
reversal-general-shared-name-forward-014	66e1cffb7025248bebbe2bbcbf8685b8c031c646953811ae989da610fd102314	0.327	1
reversal-general-shared-name-reverse-014	3d5313d3a307aada9b3608f17af0e94a96130ae49d9e28e413b7f432713d26f8	0.314	1
reversal-general-shared-name-forward-015	7321081455b3d4b4d30dd58327f94cfe98fb69cb86728ff6324619591dfb8f79	0.31	1
reversal-general-shared-name-reverse-015	25cacc6386ccad2780c21c8a5f669c7662c23b9da8e028b7307966b9c555f813	0.331	1
reversal-general-shared-name-forward-016	e711e5024ea6c5c20d698e1e124b40a1a0ebe5d0d039dae8441b55ef53565e04	0.349	1
reversal-general-shared-name-reverse-016	ce18ee3405ecee4d982e45a86a55e0eb18d6fb7bfe5eb745667ed5e97f15da3d	0.36	1
reversal-general-shared-name-forward-017	09608e6c44387053c43125e86c68b4259ed6106c15f2c16b1009622df9ae7bae	0.344	1
reversal-general-shared-name-reverse-017	17b8fb9719a96b2dfc555c4e2ec194d307d2f2e5f2155931f01f4cb451a2cdad	0.379	1
reversal-general-shared-name-forward-018	457bb3f1853ec5b8de89c6405843ccf2c237491da259bdf6a483a839b5a7622d	0.387	1
reversal-general-shared-name-reverse-018	fb87b1ab7793dfaf04dc0e5ff440badf862e2e7247a0f6af0f847595f10c95cc	0.393	1
reversal-general-shared-name-forward-019	d5a68626c967b10ee4f7acf5d061ee4807a5b11d4ba01b8db8c64410a1218878	0.325	1
reversal-general-shared-name-reverse-019	67a438d966f2c4b445fe410032d25d9c206fc81116e8139f85db6c358b2e358a	0.388	1
reversal-general-shared-name-forward-020	b6a27978a2ed209b26ba28f9bbadf152e197d632bc721b5999fe67bee00c6513	0.384	1
reversal-general-shared-name-reverse-020	92968d6ee934da016904f2947fed7cf2b5550f9250514b9b458314be793541d6	0.36	1
reversal-general-shared-name-forward-021	0ce00d293752d385e84dd1540a0338b65d014da54b2cb28bbeb6562588b37270	0.345	1
reversal-general-shared-name-reverse-021	522a8f3094a534940542231f3632a443d5dfe27b3fbc3c7114ade8055e61c999	0.347	1
reversal-general-forward-001	4692c379b4d47ee14473b31d9059aae46f4069caf4f217248ca22969590c067c	0.346	1
reversal-general-reverse-001	752b1a4c984ff8fe0e6ada8c145eb8676cbb0ebf475e6e23fe23dc29f413a10d	0.382	1
reversal-general-forward-002	008a389feafbcd8235d408d527dfb5defb4fdff1f84b17567a26ec390c0a5600	0.359	1
reversal-general-forward-003	1a76463099ecddc27a96e38f1b13699057f34edcde627bfa6b0f6fc8a8d711e4	0.329	1
reversal-general-reverse-002	f6a0184859b9ce521a2d44fb552181a6678179592ffb7cabf42992374e65e6d9	0.404	1
reversal-general-reverse-003	1a67b0fecefc0b0710a84174d0e55379b8b1ce66c71f75c6d219b0b31c5a27de	0.35	1
reversal-general-forward-004	4bbc881dfe1eac1b79114a6ee64bb73bf91ade5a3e081dd2b368ebd32a0f8368	0.428	1
reversal-general-forward-005	516492d299836fdc424faefe99d94dc71c375c768143b47c12ed77530715511e	0.402	1
reversal-general-reverse-005	08a1d89f04aa58d580a96b4d1812fd99950085274153d7732b2a881024a18fe2	0.376	1
reversal-general-reverse-004	7246e2cf74bd3f11c75c0a7e6d97ba1aaa9040e5fdd1b5b8832b2c0a88f100e4	0.486	1
reversal-general-forward-006	e0d89b06143c6619ceaf4ec40d3f76cf286fc2563af8b630d4a7bb143413f662	0.354	1
reversal-general-forward-007	dfc4c0001e5504532d193e6ec30d859d8965f3997ffded731cf648ee9b536284	0.342	1
reversal-general-reverse-006	ac54dd7387b10ba975e6b721b287e2904e9837ac40a613ebb80c5262b2b18bdf	0.44	1
reversal-general-reverse-007	29bb13830a36d0d602862406698ab304f6009436df5f07c58cea4581c7790a6c	0.488	1
reversal-general-forward-008	5ab37a463f1cabca0e202d9970d5fd64302beb8db810938510e6bee2fec8f1e9	0.466	1
reversal-general-reverse-008	38bd96756fd05dafb8e028581512d037f0e61c28c3be7ac93acc94454ee77890	0.381	1
reversal-general-forward-009	87bc48d31537fcbf00a1559fb392982d508396f162238b1b43520ef38db637ca	0.511	1
reversal-general-reverse-009	2671c3343f0b9b926b810252c585032b4ecb218b97d8a87dc22975f33e150495	0.49	1
reversal-general-forward-010	7355c8758d5c5f2c1cebfbc90ca7e7ffd90321b72d74146cb916dcf0640b4dca	0.562	1
reversal-general-reverse-010	d97c7b49f5814c0108cd8b7aab4bfc2a63be80156608107095d0eed87103aa7b	0.845	1
reversal-general-forward-011	a5e2d76b0ec27c259b0650b7b4af5ff25202bf8a30081dd2088aecb901089b39	2.183	1
reversal-general-reverse-011	4626059c2967a5ba3bd54248b133e8d740123728480a35f052a6f67a6a8157b6	2.466	1
reversal-general-forward-012	866766fa3d0a40a7072d6626d645e2a024cdb0327cb985acc36de409a2d8bce2	2.411	1
reversal-general-reverse-012	6bb3a0ffff6a63034271e76eb507e817d43068132855a992c8f62bc40685b874	2.005	1
reversal-general-forward-013	0b8dd1b7a37737c03c431bae923a3c50e469ae3ebb277d2290ebd584fed5b700	1.046	1
reversal-general-reverse-013	c1ff73a6f9de0261d09d3b734ee6e5531aa32e8f5db4a8e34398f40814b9543b	0.721	1
reversal-general-forward-014	82da4d5b2cda0e90ca9e09355a41c891e1a834fc3786504452855fd2de6dd6ac	0.684	1
reversal-general-reverse-014	93910e19ac20f4fb8daccd11d435a136e9e29df7be3ad61a8d0e9707f5f1ec3e	0.669	1
reversal-general-forward-015	bc858def7ed01a90d4c420576e722e2945b62878698b32674324dbb1a2a44420	0.375	1
reversal-general-reverse-015	345de6f7db85189a3708e91216e8d733b66b8af8446c187dcfa7a46ceb0f4615	0.381	1
reversal-general-forward-016	8bdcfd666da49d324bd67583b86c6cf6a5ede6fb54f78b677250b7587a59775e	0.407	1
reversal-general-reverse-016	833bac87ec59b2429d4f0b2bac3f3c20c75d5fc336ed16834f47db1a0e6c745f	0.401	1
reversal-general-forward-017	5dcca03aeab4aed261ece58f70d59c5d96d9ddfe86897fdbfdf2eab4c08f5045	0.364	1
reversal-general-reverse-018	a8824eb807ce8a03f516b0b70b9c63025e435d2c75979640eaa8875ec172b974	0.329	1
reversal-general-reverse-017	eea63b759de98f89cbd6c400161e0706e06573c9d41d7a48022ff102aa54390e	0.441	1
reversal-general-forward-018	967089b3fe47df36d973e639358840a32c4ada5312c399b124f8e804a57fd899	0.42	1
reversal-general-forward-019	f4b0461c4817a3a91de47f979da7e72943f8dbb60deef1b61bf18bb8f16ad87d	0.503	1
reversal-general-reverse-019	1ba75e52e9dab2d972ee6c58753a5a37aec98ec56d66a6c1db4858b75e3b19b5	0.446	1
reversal-general-reverse-020	5e1af0218a3fdc82419f415111954e28a2dce0d79421995f841e2850a5cb33a7	0.405	1
reversal-general-forward-020	d6ff032b8f93a69d6e0625e645b9e2872dd44204ef3ae51b5d639540a0b53629	0.456	1
reversal-general-forward-021	48a3aa3135bb3ed382e9e56b1ef30faafbecb0eb2d34dcb9968dea9a763bd4d2	0.365	1
reversal-general-reverse-021	d07688b9c44a56b7c975e64f1ecc4433ab083aaebca7d312380b7186bbb707fb	0.376	1
reversal-general-forward-022	dea68b187bd0f0a37e349109d6d10fe7b308a1f84844d26c553dee19bacc7c45	0.387	1
reversal-general-reverse-022	f616e7943aa739f8c8ceeb4b7ae581a15721b161ee267d5bd86069a66f0e72a5	0.418	1
reversal-general-forward-023	41888811b7925a9724d7d850f56d9b43d2eeed5db2bf71157e204f4cffcd0317	0.324	1
reversal-general-reverse-023	f1fd9f82852b7a212a587e5cb227ce25515e5abacf4861db5630829bc1c860bb	0.336	1
reversal-general-forward-024	3f68c89a0a934a44317bcb7d8533593dd6ab9e4b0e7918f23acd385032433c74	0.391	1
reversal-general-reverse-024	31ba83acfeb26a1d6adbb7768dfa5db826243965db184819e8914361c08b9956	0.368	1
reversal-general-reverse-025	71de239db208a8899ee909af84ff50a203603dcce511208184375963c748b688	0.325	1
reversal-general-forward-025	b2965eb6f9a31e3d4ec1a0f81811f02996ff307e2cb59650ba2c1d02d6953f9a	0.407	1
reversal-general-forward-026	81d1fa220d71025c5d3afb0171dfed0afa083ee317573787306b35a6ec563947	0.342	1
reversal-general-reverse-026	b7b2e86b3e5527ec410dc39b35de466095f4e2cfa0813fa812df32cd54bdedf2	0.344	1
reversal-general-forward-027	54248143e07b7c87307f17bbc9ab856f460e0b5f6916a79eab2859640c6175a4	0.339	1
reversal-general-reverse-027	67573dfc139674525e86cae80315c6b5ad455bc1c282f508d4a0920dcaad5813	0.337	1
reversal-general-forward-028	040dc91cea1f2302bc32e3d26facaa1e29367c6812c20f2551a44bbbadce6a07	0.332	1
reversal-general-reverse-028	07daebcccca9ad6219364537468b7019de98b419e6d16ba895350cdcd6535efd	0.322	1
reversal-general-forward-029	e1bc7722cc4d3a53e651909a1a284788137ed7c9da3bd44cdd1bb02411180bc9	0.329	1
reversal-general-reverse-029	5270ffdb0f68203468019fd2f51b2806d10910fbb41a912c9cd0ce087f965439	0.322	1
reversal-general-reverse-030	5fd4c4625dabcd5e01ed544af19b5886bf06fc4fc670a0b45ee46569a6ab2210	0.295	1
reversal-general-forward-030	72978f9a92188ef86d33095facfe151c78e66aab0084e43cf2af7ed8fe061256	0.348	1
reversal-general-reverse-031	de247d89c34093391276db9ae13aae9727519b7f1ae8bcd538d27638e18ec2eb	0.301	1
reversal-general-forward-031	9fbda393d5110998c733a373b4094d587db4959917d592c2242e6a497496c484	0.361	1
reversal-general-reverse-032	ce873545483a6246de6033c917cc5a38e13418c6d41bb82ec6c59c41df19aea9	0.319	1
reversal-general-forward-032	8ca9818ed0f077411fc2b695260830e32c0dcdd16717a36ec0a287eb18dccc3e	0.381	1
reversal-general-forward-033	29362f65ff3a24b9790552ce38a34677bbb843d1dc045e0e81dd163114ba0bda	0.331	1
reversal-general-reverse-033	982fe8bbd7618b04b9030a887af0e82782593a6af24cc30ef04d71322e6ef993	0.345	1
reversal-general-forward-034	4601a09c0f8a6cd307ce7d60a63198f5fff1da7611beb719565a77226c04b937	0.346	1
reversal-general-reverse-034	bb2a2a302259885e0683f666a1a2ed22e266f36d5744c66f9531149ed1f1ec1f	0.353	1
reversal-general-forward-035	7dac91d33adc86971e72b18948a2377a629f78c46c6164158bea1fd08d201eb3	0.35	1
reversal-general-reverse-035	2da1696ee81d961ff1792310ab3d02bfbd5fbe3c7d461c0f4498d3d2fe073ee7	0.336	1
reversal-general-forward-036	d91367d66cc3082225677697541dbd904d2f1dde0dc6b6cec6b312cf9c57da8c	0.348	1
reversal-general-reverse-036	66720d4522b5e19ce3e6d055ce03437c31ef3641414bd74a6fedffb0a2c87613	0.333	1
reversal-general-forward-037	d77dc07e0c4e490db0020abdb7787edeaa7b7a22780f58a7a206bf0fe49015cd	0.339	1
reversal-general-reverse-037	fcaa39a78a9da04c98c542fdead8efd626d094bbee2944c2f07c148a3466d2d2	0.325	1
reversal-general-forward-038	0b17837ea44d59ce2b4038b65a73a85f7460880ea9a310690da2acd91dd6dec0	0.299	1
reversal-general-reverse-038	58da646b699c472ad12416322426b008035211ac827bd0bf1325e9f09d3b6f7e	0.297	1
reversal-general-reverse-039	b7dfb547b2bfb0b67440caaab3ead976a45f3297e36b8d1e53a620924c5405c0	0.326	1
reversal-general-reverse-040	7dc7865213de22449f97cfff5cae1a29cf2244e220e1e14d9cc7f9c401ce62d1	0.285	1
reversal-general-forward-040	0ba1d45f44d5814b4eac9d899dbe567a3479e07a88eb9cd1b50ef799b588d727	0.356	1
reversal-general-forward-039	0fbebcea56b970b7444e39ecd7a950c6f3c58fbbb64f1b161c189b081e1a382a	0.469	1
reversal-general-forward-041	4bd32082bf30d31668a29f0617b19a537549f894a2d40f372a9e5e9449d3cf8f	0.331	1
reversal-general-reverse-041	88a197068056ab95f5c73806b57e6185202adb8f649cf55c785120a5c29f5abb	0.353	1
reversal-general-forward-042	a09eee68239ecc65f087e8a730166b7b7b4edd5fda824ef2233acc6566f7b25b	0.343	1
reversal-general-reverse-042	1091bf504167340a978000b4a785ff262732f58c1594d7ae11d5fe239b97e01c	0.362	1
reversal-general-forward-043	855b06571c956b359ec0cba9db703b79cedb34e8e29fddc0ca3950ba819641f1	0.333	1
reversal-general-reverse-043	4d68666a2836e004388f12a6cf082ed9f4dc2d19130d6408c5645364590e0aaa	0.334	1
reversal-general-forward-044	1ac0a6a60dfde85be64d4313c74b45f48bb7b9066346d481e972df4c001ba113	0.327	1
reversal-general-reverse-044	3c7e20e36e9289defcc77ade8499f89b1b039acdc275e40695d6e3b1f40d5948	0.328	1
reversal-general-forward-045	2408d3d64807a408415e567d61b32d6be27e8e1ae6000a6b4dd8e7fe09d2d008	0.3	1
reversal-general-reverse-045	36c9138d3c4e3f393df0b71148612a00d560ea3e92c0b25fdae1da2ecf1db28c	0.301	1
reversal-general-forward-046	76d9a052aa649f0b0dcb2c5a15ed39b2938b5372b17764640cf6ef9dc9b442cb	0.331	1
reversal-general-reverse-046	19092afda7c16f915511a7e00cec61b2f1c53a90f0827d0817af7d6c1c43bc7e	0.317	1
reversal-general-forward-047	0c19c1073ebcf919d9324a1610393eb8a2f6e91de680b9f313e138f989bbe38b	0.303	1
reversal-general-reverse-047	b6e47f9f1d6a917ee8f611879fc8c291d0771f123f568aa07bde06def1e776cd	0.312	1
reversal-general-forward-048	e47b4468e7bdfe6419dd3f7ffd7ba79dc8252921a60d425495e602bcb4c8ccf9	0.34	1
reversal-general-reverse-048	01adf0d96b30859298a515aba55aac7703c49615510ae6fdd2df0187488136af	0.356	1
reversal-general-forward-049	a4f1ab6dfa2b387a0a255e76c6f7178f4ac08d0199e2da39a339de32f4091e54	0.318	1
reversal-general-reverse-049	3619bdba10904eeec623fba78782e578b4053ae9589894d5a02745d4b470acd3	0.304	1
reversal-general-forward-050	6a15da00c6d856fc6e52a58b3a25fa393dc16219a6e93fb43d7edc56cc1e4e65	0.286	1
reversal-general-reverse-050	c3fcfa3cf6952bf7227fde3a668db1b6d1a17bf1f62860194456ff374277c287	0.298	1
reversal-general-forward-051	69335b3214e41cc08d73a8e3cd9646943e7c99f6b06f8e0854c8bc489cd9bc68	0.331	1
reversal-general-reverse-051	7c5e50c019e9b75d04844509af7d954b31034197b3036319ff8d9e75ecbd6b5b	0.339	1
reversal-general-forward-052	635f744b6abc2d4e0eef8c0fc0b604b4b9e504287f433d39cb107dec0cfed837	0.352	1
reversal-general-reverse-052	fe620f288c3d1167bc6a09f2c3b35ccb6971a4b8f265452913f03aac3b40d9b5	0.321	1
reversal-general-forward-053	0978707d0afe3df6e8e35e4579f46adc3a775456aca431ba2c1c9d6b96d122ef	0.305	1
reversal-general-reverse-053	9253373bd3bf568e886617f428f5a432cc2973d62d41a6af4e03b87984d8cb93	0.293	1
reversal-general-forward-054	74b377bedd9718e31501d7986a78a003fd685e8bddf701d476873e0a91d7be18	0.328	1
reversal-general-reverse-054	e206c58860b887d00e7c3a8dc209e39b011f8806d703e602096fe6a0957820e9	0.336	1
reversal-general-forward-055	1fabf24621507fc1f0bf769166fe11b034bd9c091fb4d74afbaf6eaede054d9e	0.301	1
reversal-general-reverse-055	f0f2a91a52150dc156843ff6c95bbc8338c740098fc1272ee092d0b8a7cdb9c1	0.31	1
reversal-general-forward-056	af6319a7bae8bc9dddbb55350315be7c545f1413c32a2419d0c0055236d11277	0.33	1
reversal-general-reverse-056	5f9e35fc764a6ce03b7f22ae11727a5969a9a643473e05eea66e7456bcdd1e8c	0.328	1
reversal-general-forward-057	79860b092f6b5b946232cac48eca0a6f875eef60633fd755427ebfa7802b404e	0.337	1
reversal-general-reverse-057	338340f2755db0710decbfdbea3a133b323235fe4ac4447a5c103425e2f79f42	0.324	1
reversal-general-reverse-058	a28521c83d366d0e1d6cd5c2535c6f30b73f4a400d4a95220d5563fbcf93d504	0.291	1
reversal-general-forward-058	ef01cd52d5c84712cb3d6220d01ea6ccdb33ed805622c98c125bce2d38f53912	0.367	1
reversal-general-forward-059	ba2eb2bb44bf91f8c093e7a3cf3ce1f69e262da152ac804059986bd54d1a5cfc	0.31	1
reversal-general-reverse-059	fcf583312e2d1fabaaaa282cb85b63e45c9e51c3e48c803ae0976d2bffad13c7	0.321	1
reversal-general-forward-060	67186ccf414d5cd7f7dd8bf6ee62d30130a0a25d8d12a407f4cd92fa9d84b944	0.295	1
reversal-general-reverse-060	cc8d3d3ef57ceda2ff27b80c504e99959146f3d62fc3a6ae6f64515ed5bd9833	0.295	1
reversal-general-forward-061	c525208727e68badc7ad588fa4d09e3b97a9b2c8be843049752ae2d8d4d82110	0.3	1
reversal-general-reverse-061	40df70fdb8ffb4938472e9255e2eb96a005ae415e0ecadd6bc0db33dc75c6c18	0.326	1
reversal-general-forward-062	b8898aa1e3e2541b058337fc3f84ee04b7dd1f85144c1bdca50f995d2806da2f	0.309	1
reversal-general-reverse-062	4919f517da3227af610a9bb83633b0ba704401f7f6ad23e0b0b28cd59c84c804	0.3	1
reversal-general-forward-063	02e356794da0e7cae7e0527f28f989b1a24fde8de48ef61542ca2f8d64b1e065	0.294	1
reversal-general-reverse-063	a86bf28765871365b0f7335a3675eb5de1b306fec441dc17742c5b811778c8e2	0.279	1
reversal-general-forward-064	02ddccc1239fb34afe5b8ddedc786d5fc2fdda899ee4105a547cdbd8d5caea36	0.306	1
reversal-general-reverse-064	9bad74db6e5dd153dcc1587ea890ecfdabd29d11c7a06e3fcb7429c8d607dbad	0.298	1
reversal-general-forward-065	6869ce69976a30c87edc4bfcbc7cb8fce5ae475ca0b1b9a6457dea41dcb25df0	0.319	1
reversal-general-reverse-065	f924ba4589fb20bc621ad9c70e233b262a2da1042740cb08d56da4c4bbe9d149	0.282	1
reversal-general-forward-066	7567219ee3b9ff6cce53f374dc6096d2a2fa765a87157577df44489f8c3542e3	0.303	1
reversal-general-reverse-066	781b9f6c59ad0746da49d3f5948d01ab4bbf7f2c1b6fffa9942d3d17bc4360a2	0.3	1
reversal-general-forward-067	df6c75e824344f3dc9345e13a9d19b21aac9edc2698ec3c533f5ffd4328ff519	0.285	1
reversal-general-reverse-067	5b6121a7d651de0e44aea34b4703d1abcca77862bde1faccbc5a598110329d48	0.322	1
reversal-general-reverse-068	53391b99c991c68ffbd3bf4cd55d18a83a731398a0da6f6f5dbfc814c3645904	0.261	1
reversal-general-forward-069	cde6f90e263fc1db7d8669371dcfec0c77e6a3c554cb6ac189b2406b1afd02a6	0.278	1
reversal-general-forward-068	a5b743bd0a85f62adae31284352ca3fc19cb56ca88588d1824b075cafb5226ea	0.394	1
reversal-general-reverse-069	c8564ab6677a106fb4ebc76014b071d09776645c2c22594fb4b9dd9d82eb91de	0.333	1
reversal-general-forward-070	000baac638a695761c990b04073fadf645abf99bdfdf21909e5aab1f71f4903a	0.293	1
reversal-general-forward-071	a58cf9eef550f88804cfb872004665ed8f9f955b17fbe0899d278a9a5755f974	0.273	1
reversal-general-reverse-070	f3b69db36655042699165b2acb33c2bbae0193ebf2fafec05e703bb32973b197	0.322	1
reversal-general-reverse-071	ce18b2d03e5126dcc420ddda923a50283fd2d063bad74ab0ca19658a47171535	0.32	1
reversal-general-forward-072	0f684795196c345be5174ffbba160f3ffec2c0d7a3237642aaad70fbf176ad9e	0.295	1
reversal-general-reverse-072	cf92fd03255aef9a8a246a8a7ed06ae627471826641bdd5b397f86eb177a8efa	0.308	1
reversal-general-forward-073	7b2971a39d14d4cfab76a33e7abc887fd85f2203babd81583dba646e2e356e26	0.309	1
reversal-forward-001	73c5f08a7dfb67a8d5356d952b03414bd0ea97bf01a4272ee8dc61dd12904677	0.305	1
reversal-general-reverse-073	23ab7256b17b07e2dae2bd673f98763a79fb5dfaac1bd96a335598075017eaf3	0.368	1
reversal-forward-002	3941ee2f755dbefc0aca302d4801a2d8bef1d3ed2d4200eb3cc175e2660538e9	0.297	1
reversal-reverse-002	dd57f9b9cebcdae45dc65b4513d31cb64b9b63874e176188233e928dc3ffca1b	0.365	1
reversal-forward-003	9b1315a8a7f83611960762895d35dea45e2db7a66c278e2e938f27d9020b0cfe	0.388	1
reversal-reverse-001	7ad12e5aa1744578218684aacb18e863afeac00a6749f3dfd7df6ac24172eb90	0.647	1
reversal-forward-004	ce752af65d79988e93116348dceba1a1dbdad55eb9510a25914de9a93450a444	0.41	1
reversal-reverse-003	0a6c4f6c69c748b264cc55ab7e807793e0298501acc61361a45dfd995d86b0cf	0.386	1
reversal-forward-005	eeb2d97fc6a5f2c0a282c23cb80d78c105109c720e95600de80b3093e2cfa959	0.434	1
reversal-forward-006	b73e1ba9649e46f911cb53049f991e2d43dc1e0a4da817d25a3274121d9b7f82	0.418	1
reversal-forward-007	6c8c711f239ba85def59dd55db946b8f2a53e8717228b2908a03b40cd86335af	0.348	1
reversal-forward-008	2d0b1dac903acc861c2fde0ffae379f900300995b4e62dbc939958b409b39168	0.278	1
reversal-reverse-005	23ec0320fee717467319042518b25cfa57b8f7b78b7903060f5a08f35992cf9f	0.305	1
reversal-forward-009	2c85f36e9b230a2b52f40e9ffd9005ec18f1d75115dd893303888d8cac4dcb33	0.344	1
reversal-reverse-004	a4035eb975346ced7d61493a9772e55a9c4cd8c950bb35c22f8a70571805cac4	0.399	1
reversal-forward-010	16c1d88149a5678b06f44985bccdc278712e116f2314ea38562e4431ec2b80bf	0.298	1
reversal-reverse-006	1f8b98371510a558551c35cc5e4661e5c1af885dbef8d0aef0fb8d8d4cfce710	0.307	1
reversal-forward-011	d5ea2b819634b55fe3ec0fde32966b0860c00e2fb831f9540688921e8e9e2b08	0.324	1
reversal-reverse-007	06e6b7b62b1e70ac4feac1f2df3eaf2a27646ea0babbbd030154535ecb31f99f	0.315	1
reversal-forward-012	dcc411fb80773435673e6f54108aaad8b64dbf1902488d4a2c9ae654d2d24a24	0.282	1
reversal-reverse-008	f895feb4b01f727a2a5dcb6278d4a3eea00e242122887e4448e1c211e1c184f2	0.309	1
reversal-reverse-009	ff797b384fc223428892b1943787934daa58610ed806451cea3e3eac934be133	0.286	1
reversal-forward-013	7d206a4f8cf9bbc232fdb9a86abb1cea3e4db50e8e0fb9b01127af25248eb3f2	0.332	1
reversal-forward-014	16d0c387047910f806cc2f4415391f5931d72863d60cb4398ed11ab164d0139b	0.328	1
reversal-reverse-010	96a8e2d1d8a4b7335ed84e547bf65af5d413fcebe167abb753c000a194b8d911	0.302	1
reversal-forward-015	a4f885a73ddcc382d0bfd91b245e0f917f25ec2a0062ceaebe4c82addd02368c	0.289	1
reversal-reverse-011	1276350b5cee9e0197195b45003a773d03b20b96e56c0ea50693c14b56100800	0.302	1
reversal-forward-016	5e7fcf3294b5cce44e662978e9a5639efb7b4e8f6cd2f6739f4df1597cf2b40f	0.29	1
reversal-reverse-012	0feaef209836b6c71ccebbe17bc0e43b61536ac9240f39bdc90fb1f20452687f	0.284	1
reversal-forward-017	790a3781918e2c7f1f3369994f6b193a2676d55eff23371083523588f9a478ad	0.301	1
reversal-reverse-013	74f2ca7bb3ce93d9f274ce7cb1bd198f23887de8753ffb88bee65a2ae756fb32	0.334	1
reversal-forward-020	6c3110035a7a6a631f6bf5fd16295d19b1bcddba9f8335c3ad84d470be90d6c5	0.358	1
reversal-forward-019	50f4a75ccb978166fd72656d22a8b14b665bb79335b9b84e78516e21bd7ef67f	0.41	1
reversal-reverse-014	bccac20011678237c754fe4b6c70ef065ff8fcaad40c400dcfd8f4dafdc6f75f	0.324	1
reversal-forward-022	2c15a5c1235084391ce7accc601dc9c8eb0b735d4ae6abf2171d121afa8fe230	0.3	1
reversal-forward-021	bf5aa9a813f41305481c67cece2174f4d366c926ca17ae6aeab6a7ee3c3143d9	0.323	1
reversal-reverse-015	2148d063ce7fbd1cfe9ed0970f127fe5bc98994b4b79a4300a1cfbbc0c246d3e	0.347	1
reversal-forward-024	31f3c3f2dc42a56fbedd052d99c405a91ef7022181bd7913bb30eb66ff770205	0.28	1
reversal-forward-018	5e8fb0949c4b7b856a1ef3cd0a17dc56b62b101f18f257effdd79ef360fe8fb0	1.277	1
reversal-forward-023	38ae7d692b04df9dfdf671238d6b172194ce56fff345493f26d8689720f84619	0.364	1
reversal-reverse-016	c72f11e27e59590fbc01d090c309ca6e5c0201fc7d1e83024f48d4b9e6bff959	0.314	1
reversal-forward-025	85df97559c51f8b4f85e32d4b6d35d559f68aac2076105ddb368bd652b55c615	0.306	1
reversal-reverse-017	e69517c2c19cb8ae98164472ede89f20c48f41db30b224863de8bf126739907b	0.293	1
reversal-forward-026	20570e2d0bc453b8e172fd369b252fc400830457678fe2e872651a7ecfd181a3	0.362	1
reversal-forward-027	fa5f0c64b837e3d104f3e2669b0ef36df49f9c432e743ff7ffbf9d0398f7ac0f	0.277	1
reversal-reverse-018	3304524cac39d3b16a3e72579f683d9229c0b8c100f168cc02e0c7c6912b2d50	0.327	1
reversal-forward-028	46477b86240360179a0b3f0a07bedf2f400949a4b4eaef6d70c467ee21f9139a	0.284	1
reversal-forward-029	d8d1ecca5aaea58c0835b00bb93409ef1ee17aae1ccf45c500da2ba6572d1535	0.262	1
reversal-reverse-019	77a0a7d05858341b81963b891da39c26fbd6e8b1bc95c7616f7be378e6cb0fc3	0.299	1
reversal-forward-030	d7b6e35088cb99e6b0955538d26eac3a03505f9b8ab30db6bbe055565b833aba	0.29	1
reversal-reverse-020	01ae18c3cbb1c1741490033552605c87b7b1e2c2bc1196812121d67427c42f53	0.328	1
reversal-forward-031	1806e997ac0be86b0144346f76862eb637f2aedd3ed004590a90f22260e5fb5a	0.277	1
reversal-reverse-021	1c823944bdce8678d8f9d98130a273fc8970b049ecfec451967b362ab1b61375	0.319	1
reversal-reverse-022	6501c0d8da1fa33d8a93a69d45a1f9aa3c0781e478c89431c5327e2697fab3cc	0.289	1
reversal-forward-032	8bff35f5ba07d52ac63c982a2ed3d2ff05c499457b7b34253dc223b683a3c7a3	0.295	1
reversal-reverse-023	feb3cce7669f177be6d13363294b448ad6cd8c2c9895e1cb8f8f9ab17b02b8bc	0.298	1
reversal-forward-033	fbbebc5907b71fa27d3af19d2ed4a76a2b78391b132fc6497ff0ad7288c1cd1f	0.316	1
reversal-forward-034	560ab940a7ed306a9298652947a3524316a56ba0f68a7023848020eb11eeca43	0.283	1
reversal-reverse-024	ebb8a557c3a73e349941ce5674f39f365e4fb17ffecc7287c73b8cd83ec54d5f	0.326	1
reversal-reverse-025	73b6befd93281abf936900f3a512f98467a3a7db3370689de7809a6a759e4259	0.297	1
reversal-forward-035	003a75cf2aa7069a8d1abc2ecb3897e1f6da9e32508e3ed2da52c1a802a6e79b	0.31	1
reversal-reverse-026	fcb859f3aa29178520616efcb780429f1d95b703704b49c52fc43e2dc725d13c	0.29	1
reversal-forward-036	aa4e1b21f04d534349e951f336a6c8d0b29ab1162d03878b768bc7f5cf9f198d	0.29	1
reversal-reverse-027	a947ef41e37a2948aa524d540533f640492efbd043dbf23ee0799259122830e3	0.342	1
reversal-forward-037	a4fb0ab4a06d3a545461f85b7ca2e299ada1127a00ae32898c1877a29d5664d7	0.301	1
reversal-reverse-028	c2491099fda2ba0acd7f33b0730a6fe3bb7585fb73fcf40c870df0ce82d92acc	0.294	1
reverse-singer-to-song-001	e5df16ba0def03de43a1d95815e50bbfd00fa9b48011058aa705d0380b30360b	0.3	1
reverse-singer-to-song-002	f31038980f71138deb5f0b9ca96cc06410451a6cc3e398368442877c66d74af0	0.313	1
reverse-singer-to-song-003	5d64967803cc6e567669c9f87372be1e2ec3616dc131865e421fdbb0a01ec61c	0.327	1
reverse-singer-to-song-005	fcf24e4d622cee2baae8efd8d923ac8f0b172e2ee0f87487cba0994e45da50d1	0.281	1
reverse-singer-to-song-004	590a99b87d8d069c2769120be9f178fd28323284072c2a6ba5015c82372b09bd	0.34	1
reverse-singer-to-song-007	d1c455a6bd1cd147a94c8bf9ff5083ebd564a3e89291ebc2783da4c829273e34	0.259	1
reverse-singer-to-song-006	3dbdfa0b56de55b75d1274793b70371e965f5c1ac5fbee023fa4e45f34054706	0.322	1
reverse-singer-to-song-008	6c94254b2dbbeca9792cb6636b393dc371a783539949e4c98d7503bc18b63e3d	0.301	1
reverse-singer-to-song-009	610b3fa3a56795a2c9f6d30e14beeb90f14f44969b04e4b614fdadd79b84a3de	0.296	1
reverse-singer-to-song-010	c33155f435ea528b9d03af887eff4686ceee45648e765d0161f8c92104da2bef	0.299	1
reverse-singer-to-song-011	653e2cb8f2a396fdbf15e0913f758512df16945c2b3d754c5dce4e04c6609727	0.304	1
reverse-singer-to-song-013	87b7c380fa725fce47c42137ececd124a8235b652f0b30115bcb02e421041391	0.285	1
reverse-singer-to-song-012	381c5b0e557f8c36ff089ae0902dcb48cecae65ad68dbc12b862dcd461263221	0.353	1
reverse-singer-to-song-014	70a25dc4764b61abab2192809c78c2a9e8e920e8b3f6dc03f771ce87c3a70d57	0.298	1
reverse-singer-to-song-015	439851b6062b6a38c7b83cbb71c4943b90c17a8510b11f2108c9127dd88e4e05	0.318	1
reverse-singer-to-song-017	aa00811cd1bd188f69265917d70f0de78d4ef877e3281a8cedc70066d4137ff6	0.291	1
reverse-singer-to-song-016	22d1e05652922b947cb42758936298c3c1cd2ad74c2ad6d4e92a04e05089abe6	0.341	1
reverse-singer-to-song-018	762100b5fa145f548a8daaa242adab8f23b464bf4f27e839cd0e1470d87c104f	0.289	1
reverse-singer-to-song-019	9719c588012a152c66f47de18a370fa6fa670f227ab0c7a57279ac0f690e3441	0.315	1
reverse-singer-to-song-021	82462f822f8935210ad0d5c41e47fec86dada91b48c95ef8aaabf7adf77f4a69	0.281	1
reverse-singer-to-song-020	522242d59481ffa90c070faef2f223ead2b80cac9cef9740fd2b31f15faf514b	0.309	1
reverse-singer-to-song-022	c0f19531aca486fbbe8a2b7d0094da0ef608723ba1594a9a6b7704910c6cc133	0.299	1
reverse-singer-to-song-023	b319eac79be2a38c33838a209c8717f2f4ff78f97d0e1077c294a9d93e0fbf52	0.326	1
reverse-singer-to-song-025	d6f62f7cc681261f55ced3505daebe3fa32e7ba213e1662aa0cbd08fe1e06950	0.286	1
reverse-singer-to-song-024	e664eaef4e2dbdea7914d0fca095b41e09e6c94f27b61f09c55668a9edcc4f2a	0.348	1
reverse-singer-to-song-026	f3b31a228756ce1e282fa34548c7b20bf381079aa2b72fb704ac70af39f954a1	0.32	1
reverse-singer-to-song-027	efe5f355ddb5b0559ea4f1198b5a27a8dcfafcd4559c05d6c451fd21e1d333dd	0.274	1
reverse-singer-to-song-028	a34e8148ff9975273ace1a0f64d6ed95790e8fc6532c8e8a98f2039f0b73371e	0.293	1
reverse-singer-to-song-029	63718a5aa0996743513c592f1c4ad5c27bbdcc03a841f97a70b807a1a4e14d73	0.298	1
reverse-singer-to-song-030	21b3d311d7f20ae40678e7b80127bbafc5c14e71cc1a62f0922870d50beb839f	0.34	1
reverse-singer-to-song-031	d6b4d6ec00a5a66e7d2fca433ce4194710aa6fb4ddb950a9871521e9ca0f8811	0.292	1
reverse-singer-to-song-032	4ee5ce4919226c967c0eeb07f22b7fce2ce2cb65d101e9add1dba59cfe6bfb1a	0.307	1
reverse-singer-to-song-033	7bc519a7cf07b3850eab7902d36c062010bc6c8cb5432a9fe1c4569cb752fd00	0.3	1
reverse-singer-to-song-034	9c5a657a9a08bfa50a2e3eab18ea8192e7c8da44a7769abd77d717311da8f90a	0.296	1
reverse-singer-to-song-035	d6fb541a49d40f3678f5eff792084d15823e9687cc8614fd8a89e54b8cba9077	0.295	1
reverse-singer-to-song-036	ed1b24dc53bed163a29b57c562a7be45f00868ff9ad7fccb85951d0fdef5acef	0.332	1
reverse-singer-to-song-037	739550920630634703b1379b4e1f907f84179052b320dc8fedc343f7278435ef	0.315	1
reverse-singer-to-song-039	6a5e543c85b2267b494a2170fa3adb38be1095191e0a27fc0abadf8200ecd407	0.283	1
reverse-singer-to-song-038	ad94f630844e677878a9834d09c46cb3f3ea8b53837ef8836fbd6f15d1ac0c63	0.323	1
reverse-album-to-song-001	33c45634684aae0a6e293d804cb459a33c97d6fa3eb00f4c32080234194893d3	0.294	1
reverse-singer-to-song-040	b63cdb6babf3f3a5d4dbb198c258198709c5b520e6b0e4b8db271123a1484abd	0.346	1
reverse-album-to-song-002	879a69dadb6be65a98cbe1c7fc9c8fa7cf10aabec586de294326ca4393c0b5e4	0.3	1
reverse-album-to-song-003	26f1a83a4b01a7e70830d9231965358f4be86563775a65e2705c3144009cea03	0.304	1
reverse-album-to-song-004	654565fab33acf2997d5ec3dabb39ba5c606725d336c5232afcc430d5ff1642a	0.322	1
reverse-album-to-song-005	fc170e0f9d7a04cb40f3785c3ad54455c2ad053cc494b213957ee49b51e932b6	0.314	1
reverse-album-to-song-006	cd27e6c36e4cf988e026b510777947fdcb27fbfd3c3770c965c5570bf7911efd	0.315	1
reverse-album-to-song-007	c2216d66778bdefd7e6a41a9d39ab69bb1f2eb9014c77c5a7a8309202d35a4e6	0.319	1
reverse-album-to-song-009	a169f523436ea360a016ddf756133d0c75a42855c98fec75b4eb794a35800070	0.33	1
reverse-album-to-song-010	eccfd9bfc54a72e05190a03d7bd8f1f2212f45add5ff69034c15ff2c97f42f8f	0.358	1
reverse-album-to-song-011	376f9013980e551e1e00c23319ae2b16839b128f3a85ec830fe03362e4a15f73	0.348	1
reverse-album-to-song-008	9ce4592bf676d77abb16986820a102a2c100b861cb04c828474250222d0b9cea	0.438	1
reverse-album-to-song-012	8a973a6b4697934c09f93b7c89a574bb2601d12c7586291f2a6eb00d425f13f9	0.384	1
reverse-album-to-song-014	ba8a8b32151f68b621b980445fbbd129610bd90d209e338345e1cc5e25257fe2	0.343	1
reverse-album-to-song-015	9f334db04ff1d8182c3b402df5b0986e6ae95fae5f251784d5aaa0b288d2f207	0.338	1
reverse-album-to-song-013	bcd24c25d09d5bbb7dc442a4187b1999c00fec75441a9386dec3740a8680d2fe	0.404	1
reverse-album-to-song-016	7d9abba01ea632d295c51154a0c3d166140c6300758e2bc7a3927dae0189a2a5	0.309	1
reverse-album-to-song-017	a1fbfd46c6c33a28254e51d80c6050fffd952dd38ad8fec48ae9c679ef3d096c	0.325	1
reverse-album-to-song-019	34013ec77f08d98e6fd56c73c169928649a2b6b4998fd5dcd1afa7e92f939855	0.294	1
reverse-album-to-song-018	e1a5c387d7c779473656484ed715f34cedfe6348b7b3b38f1c7ce02c74ad6df8	0.341	1
reverse-album-to-song-020	ec9bb44bf83912318874fc062987ac2d68f582dfb1ebcf94811e8656c4542111	0.304	1
reverse-album-to-song-021	29eee9348781f4a1e7a30a3a8a58706ab09e2c937ebc399c1c8425ee00b1710a	0.3	1
reverse-album-to-song-022	bc2e0eaf920664badff51468e0e03f3e4aa245fa6e205cd92a06271a76b14d8f	0.314	1
reverse-album-to-song-023	ebd0a9fe426f744ec2032b4781902945c13642e6443dcf99c623412fe99333c4	0.33	1
reverse-album-to-song-024	f5ccbc3e9a413bc915fb5c48d2d542862a227d8d75da44c02ca786fb37bcbe0c	0.299	1
reverse-album-to-song-025	115ee214217e23616978b033b11968b69bb31a61cfc2da5eb355d9aaf03c852e	0.323	1
reverse-album-to-song-026	9a20b64edf0fe4b0639bf50fbe6162706212fa375065c2957d3fe27f2ff2b04c	0.329	1
reverse-album-to-song-027	7d77a1eda3da0f6a684962402c98aa017e8ba03bc88307b1b1208c0dd5fd4ec7	0.324	1
reverse-album-to-song-028	ff17dbc658eeada5c4d87789aaed8194559340271ffd3b5243037a07e064faa9	0.285	1
reverse-album-to-song-029	5ba6c7cf43259ca03b1ba625af47802cafde7b59f07da8f69b65c3f9bdb3ce90	0.288	1
reverse-album-to-song-030	5593cb6d00fe96190eddbe4a4ea95b7f1adbfae771af1307e217815bcb4ef234	0.309	1
reverse-album-to-song-031	5de7dac8b88c67d103f3620fe98b07e40161fe12fdabb8b05f01de6b185d2d7d	0.301	1
reverse-album-to-song-032	73f36db526ed8facd0f974d8919c410cf83b52a9206f398e0d20bad4adeeee15	0.297	1
reverse-album-to-song-033	49da551de33b05aed9952012433627fe63951bc218b1d238b4d3e0496a2ea0ea	0.293	1
reverse-album-to-song-035	b6a11cf09e8c17132261d9a04fda657dec8d028afd88089253be88dc6dc72ceb	0.282	1
reverse-album-to-song-034	1dbf8e3abe746f7de810d1cad8869b3e2025c38f5c50d9f5b4c8a37928cc15aa	0.322	1
reverse-album-to-song-036	aaec6466b031a49247d06229bb0c8ad7513ef545408d7fa6adb5c1be0c146bf6	0.301	1
reverse-album-to-song-037	7b7554ed3e8ce0829a408254b93ab1f416e6c6a805aad664f87167841268a4c5	0.292	1
reverse-album-to-song-038	5dafa51e94ea5926f7695e560f22b1e2cf9d257c39218f1ad26f0b85fd8047b5	0.347	1
reverse-album-to-song-039	1ca051c8662e41012a604e6e461128692d2e03169cc58948e722410aeedb96d8	0.345	1
reverse-singer-yes-no-001	061df67ec806ecc11b9a9a1b5c2fe9eb0f1f6915653553612cc2270f48124260	0.297	1
reverse-album-to-song-040	fa549c9e4e5d51215b8b538cfeb57d721e539d8b0c244d3f6038ce667a722b35	0.366	1
reverse-singer-yes-no-003	139e7618aeae65776b7046b48f778f9232a1faa236da19e444434ac908392b68	0.272	1
reverse-singer-yes-no-002	ea2fe0fab21f07668d07f327f104215fe3d2079ac78d3fbeeeb52474adbd0354	0.313	1
reverse-singer-yes-no-005	b6a90bdcfc23f0f59b6ae22ef83c8172727e0f9d164e55e8fa62a26a167818a8	0.28	1
reverse-singer-yes-no-004	d218417ad5f2ac02b7ff111d50ef2f6f098c301e2eb2d26c0daedb89e4ab5412	0.316	1
reverse-singer-yes-no-006	a26a0bf9b8c843183b2dc18d37f140a6b25ff0f74643b162057d737f734ef31d	0.316	1
reverse-singer-yes-no-007	670ce827fee1e0f7e81a0e70148208606d75d923b5a6f2c70b584dec4b14214a	0.308	1
reverse-singer-yes-no-009	a26f3fe77b6ed5ee6183065f197d8f0f43dbf20799e1d6b9029ebc2a68e702c0	0.268	1
reverse-singer-yes-no-008	1a209dfe16aaddebaf14c412af70355bbd3bec839160ccfe0153c40facd5a2c9	0.312	1
reverse-singer-yes-no-010	d9546fd2a8964e99f4182e122f86f0fcefb50256624e48c074b9104b7f4349a9	0.308	1
reverse-singer-yes-no-011	e0b7a80dc3991c5afffd111cca32101b5fe23b9aca85ed20dcc424f93194f148	0.31	1
reverse-singer-yes-no-013	fed72a8f95c56f5d6819cab3b0c9c1ee95b842a23ad3a58952457b3f2ad14e21	0.287	1
reverse-singer-yes-no-012	f70c555d7cd6a446852730b4dd9de08e31615c49e5eb51a64b52b0f49ede13f9	0.336	1
reverse-singer-yes-no-014	6a8f8704c3b7a84d6acfe8a319943f8b4461950636ff4a604acb9e0369c1c292	0.305	1
reverse-singer-yes-no-015	3683b513b1f982f68bfaf4cbbab825c9378360037674fb56aad127d14ad1d511	0.305	1
reverse-singer-yes-no-017	273fd44cb519e30ea0726cf653c945dc045b1032613938e7d3b0cebb493aba72	0.285	1
reverse-singer-yes-no-016	2d0ade98bd4ca07bb70e220a745786761b74c67222158cee3cb94f039bd2b905	0.325	1
reverse-singer-yes-no-018	811ecf199e4062e3e3940ddc7ffcdb2308b09ce22b0b7f3a15aa5bae12002f8b	0.304	1
reverse-singer-yes-no-019	65e8de37c8b6617c4f035a39d09f5f00d928349d52cc31249121c2382c66abe0	0.303	1
reverse-singer-yes-no-021	a131844f26d3917422275341ace3e5ca7d8a973a7e549b80bb0459a021464bf9	0.286	1
reverse-singer-yes-no-020	b6171663b7f59da968948a3bd7553fc0324f044562309f66ee5c39f27b1fcdb4	0.353	1
reverse-singer-yes-no-022	8c2933fbc0ea328bfafa6a972a8e8025585263ea785d648dcd8ee1d898f657cf	0.301	1
reverse-singer-yes-no-023	e88286e5ae9fa25eccdae3e2d313c593857b65911e370b1112ab727953cacdcd	0.308	1
reverse-singer-yes-no-024	669d186993cb7579f4e6f6ef702fb9e43db655c93890152c43e2c925408ee7e9	0.305	1
reverse-singer-yes-no-025	1de98d2d3cfe1b4c01951c9bdffc6cab62ee0670897c9d8d1e65d9b45bac5d1d	0.295	1
reverse-singer-yes-no-026	2556d2858c5290ebf4bc317edd693103df04e2ee425a3062c86d5d0cc089a2a0	0.301	1
reverse-singer-yes-no-027	5a708413de12948c595a2af29cf7b3194b15dda20cd15ac0411cee00a74a6844	0.287	1
reverse-singer-yes-no-028	0ecf15cd3839194b6f75a3949e67db56d0a2cb39e0510147bc206bfccad6fb9b	0.315	1
reverse-singer-yes-no-029	0e26356ae7d960f0b1108eafe566a82398f803cd3ea53456d770507cc66d7714	0.311	1
reverse-singer-yes-no-031	ddb6eb7152949d57c674c61db84655d5b67d23d41641d1ce620899d5a3398ce5	0.288	1
reverse-singer-yes-no-030	7f192e67a694920f09357d6f3c8336031508474983ea277bf87f8684177a3d83	0.334	1
shared-lead-shared-lead-001	d4ccef51877d039e2163911687a240d9da1047fa9d81b0d569bdde94c3ed5b0f	0.293	1
reverse-singer-yes-no-032	1df9939a074ad39c8543c5bc106e457ef01ff42176756596b4074167b54fef64	0.343	1
shared-lead-shared-lead-002	2aad76e9423731de78d04d3c300fd04ff6675a58040b8dae03ebd30dd4181e32	0.287	1
shared-lead-shared-lead-003	4ce20dd601803baf58d3ae6ae599fc90b81e5c97da5001f178820237ae017bb1	0.281	1
shared-lead-shared-lead-005	7d3a7bf1afe1056e5a0d9a01a217e3daa4d058d55fa79e43c937ab73dc3b11a8	0.316	1
shared-lead-shared-lead-004	7180ccb324e54f0413e1cb877a67eeb514aca30965a4977de6ca25dd9990bfdd	0.348	1
shared-lead-shared-lead-006	a4faef6f7a2657f87385329cbd9468320e0d94edc68f1c91d5451b1ec91b9e14	0.31	1
shared-lead-shared-lead-007	ea4be4331b2b3c0313032ff80bd87eee03c6423fca59e00377553ff32975c9e4	0.318	1
shared-lead-shared-lead-009	1a4b61831ea254a6e5289f87aa544a010e17fff8bd4b392d35b06b2ca04bf393	0.281	1
shared-lead-shared-lead-008	9f6649b464d1c700d3249f49f7a33f4e995bd10ed38a04fbfdbd05a45ceb74e9	0.316	1
shared-lead-shared-lead-010	de2bca8763540e51be8dd7eef3d76f0997c240e437db196871bc50a6886fb879	0.293	1
shared-lead-shared-lead-011	ef42de5e0096a394b05d7de92bf083ecd6dbc3c634ab566a310ca4b68adcdc30	0.331	1
shared-lead-shared-lead-013	fb08b339ae561c624ec1f8b423b9734a14498ffdcaa95a32510ea0c1519cbba2	0.302	1
shared-lead-shared-lead-012	5451bfd5d0646674e3097bab3397d71b2ce1a56760384947b1e326cd81ebccd2	0.339	1
shared-lead-shared-lead-014	825f8c4192e71c8644b63482d8793525209497689869cccb09d97f70adcb6272	0.307	1
shared-lead-shared-lead-015	60964bd3bde28479f51139d3551564c7d1906847fd0934e654ee43ce4d33734c	0.285	1
shared-lead-shared-lead-017	a5b3e33203cc3496d5456d8b2c86219f409d3ab36a377ec327e42d9fb07eba2a	0.29	1
shared-lead-shared-lead-016	4b8da664c0f6af28a4944e1777a3055d2e08e16c1c15b9efbcee0c3f59bf43ae	0.323	1
shared-lead-shared-lead-018	f5fe7b4769e51bcb82bd5813b441a931ed3dd65109f90c442a7bb04971eea130	0.318	1
shared-lead-shared-lead-019	cce5649d7d3aa55b6cc9b9491f5aed465cfac6daba18fbe748b54dad4133b460	0.32	1
shared-lead-shared-lead-020	639abee71b87338ef82aa0672d186b987bc493e77a4078abbf62f115aea99dc9	0.309	1
shared-lead-shared-lead-021	b79f3936145177768704d8b91875940ca3879f0ce2a8d02f3ae89d95c60632ec	0.316	1
shared-lead-shared-lead-022	7209a25229be94d0eb5db13bc3de66efc40b1a3353253700f16880d2bd0b3be0	0.306	1
shared-lead-shared-lead-023	2e2c2cc2656f81d1fadf1d2103146396f3ad428f47dfb4215165d2f05c0bb45e	0.312	1
shared-lead-shared-lead-025	d9df6bd3f68899dda0a579f30c65b1f56cc14caeaf77a74a25871408ab5b4fa8	0.3	1
shared-lead-shared-lead-024	3a898c133cbe3ac6237a0a6324d4db6492b53b604673549a2529317e668d907e	0.341	1
shared-lead-shared-lead-026	250666e0315d83c655c1a5fdb289d0c05f7d12832759ae8729d98df51fd41996	0.311	1
shared-lead-shared-lead-027	9ce800a6c7bfbca42a661216a240a1c6c5ba72a0f7d268a88d364781f1bfce67	0.288	1
shared-lead-shared-lead-028	f2d095daa60635a7c15c2afbe95478ffa1f0f44e918fc1e748c7927ac39b4e6b	0.312	1
shared-lead-shared-lead-029	909a18d77fd4b1393459b53da4db9f56eee0b5dc4ce19a379705009900b1151b	0.316	1
shared-lead-shared-lead-030	aeeb48eddb7188e1a053124a8db025ddc295ba494e361cb70110bcba02412988	0.332	1
shared-lead-shared-lead-031	122db692cd5be59d60373221e15c17df5175d2c474ec06b1b799424a3ffea65b	0.326	1
shared-lead-shared-lead-032	375bf678d056d9551a1163f0cbe2fa9ccf70f4897e77285a732440686e4bc99b	0.326	1
single-hop-song-album-001	3c4e3fa4a5babac8fde8a4bdb36f37f5256827d74acb0bad20cd049f0d98c63e	0.326	1
single-hop-song-album-002	8412625420a90a5596745bbaca1d92cf576c228ce02869e890c16197dcfaa5cb	0.3	1
single-hop-album-year-001	f18802b6eee9526f530d034912588465a04fde59c853deb45815415260a92c96	0.356	1
single-hop-album-year-002	9921c69f8480aaba42c297c3d5c190d2ec178fe3ca5f0920cbb8e1e6b6af2442	0.327	1
single-hop-song-album-003	6cecb55765429c3e97a1e983e483f0efd8a165bf92442054dc781e15ad8df65c	0.323	1
single-hop-song-album-004	301236c87e902a87e36c365eb902fd2315e779cdda6a41e2d1816db7083f8aed	0.28	1
single-hop-album-year-003	4a91d47d8ca6741586d903d5ec01a134206bf0019d815c93fb3cdbe94fc9406d	0.323	1
single-hop-song-album-006	3d1e491591054201be2a537a1e4021598aec2b63b3c24ddfbbbfb85d285b6ad6	0.289	1
single-hop-album-year-004	ec758ef9aa361c1f08d3270605f7f0cdc813ea23c5cf06ec87699c267bb3ffb1	0.348	1
single-hop-album-year-005	70b4e5612c5488683151d03279e8052c20f0e7b78ef5552c7ede5b03d5192818	0.336	1
single-hop-song-album-005	52cc619bb577a8adb617542b5e22db600e1f8a327f8e21ff6134f07c7763b029	0.383	1
single-hop-song-album-007	b3c729a28affc9c0149e4822c4489e8f4ecd2b3ee47969aba998070c6ca029e1	0.293	1
single-hop-song-album-008	75ec1de99e3d99b250ff60b642e4cafe5a2116b0029f81228a4e28fc3a8c5c01	0.3	1
single-hop-song-album-009	18c2368e518a82c1e3618ab9d01dc26df68d658956d1f2ac23e1382910f577bd	0.316	1
single-hop-album-year-006	3c5494f8a1b84213fae56147de4d1e0422a0364e4d25b1aa75e378c64c6d90e8	0.327	1
single-hop-album-year-007	62983aaf2dab9ccb17b91d376b0240b393e2fc6305e7a3f03f88846d2894e52f	0.276	1
single-hop-song-album-010	2f8ce096975b675f713def257a71e707013932a5b4d807f62f38cdd2f8a3e7b5	0.328	1
single-hop-song-album-011	13e5931bf90cc566abab68c7a8eb2cd0bd2bf643ebb81a2bc0518646d6954714	0.3	1
single-hop-album-year-008	a534edda4390520d9ffc3797e6d502b02cd4451aa624ac12935b9a268aac14f3	0.292	1
single-hop-song-album-012	5d15de5a0b43886a06f0ae745b76a24e637132788e4981626dc1a616ea74bd2d	0.306	1
single-hop-song-album-013	14402e6115701b7baa66764eff9b245830e554210b6beeba9c8a717b83d5958b	0.309	1
single-hop-song-album-014	621453bb8d9961baf511f0ee1f523e8f755abc400d27d763f9e364384cf0c545	0.3	1
single-hop-album-year-009	0f2e6df2c8721ca5eef1951a86ef9af3e90fcc46fae2fd6fab65ea2eebc1e376	0.346	1
single-hop-album-year-010	42a19a84575fdb5e02742298ee066302f4dcb515fe7607955d20f7840a7a622c	0.296	1
single-hop-song-album-015	dd3e6ef2c3267bb8ad26e17d48a92937e0983e55056c8ce898b842c13e550a1c	0.319	1
single-hop-song-album-016	a4ea3247f0d41588c62714416729ca42137af215bc78705332a8727519771a8a	0.296	1
single-hop-song-album-017	05d08c40a87aef1b2f5349a88a419037d7db814dcd5ca0d35986aabea4f5de74	0.304	1
single-hop-song-album-018	a2d07941b94da0e4003e4fbd3c2d5f566bb9d0d9d62118d3c8e5521ecfbea6f6	0.292	1
single-hop-song-album-019	21f35da81860c42ce746528914913a69aecb54471213f0aa16b80aea8a797352	0.276	1
single-hop-song-album-021	a780ecddf32f44a41cf50b7484df08d2f1aa441cd90be2bad5dde932c15bb647	0.282	1
single-hop-song-album-020	35bf58208c77c9413253e09da8ab7233522c39c370253e7a7b9a1ae674eb1d2a	0.329	1
single-hop-album-year-011	28c283540cfb4f7c65423ad5c50823f2fa392bbcdc039ca35161d08cc668ccfc	0.291	1
single-hop-song-album-022	00585c48feccbefa69c3d5ae26e3343caf6fcfe5dc4614b8b4f352b1a1cb6d80	0.288	1
single-hop-song-album-023	1bb0a9fbc8472e72fbcfd1d28dc62349ce5468f18cbfddb6ca33e7cb0fc40b98	0.287	1
single-hop-album-year-012	eca15b4d82fb8fa7c50bbc609c279a96e387074808c07fffc7fac715c89bc5b7	0.292	1
single-hop-song-album-024	1de9e663ece567c96e61d23a85654349771b1374c8a8b6351446ef4834033a8b	0.303	1
single-hop-song-album-025	24bfd7feeae03462f4dfe52ee657cd3e95bdbdf168a9603a99d75dd433135d64	0.302	1
single-hop-album-year-013	97d2838440ed3ad13ed144035dd2d23af055e8b9fbf5953aeb480331f0e98fbd	0.278	1
single-hop-song-album-026	317c69199e0397fe76327176bac4f3b4aede3b3f4bbccd67c8b408b48f152dad	0.295	1
single-hop-song-album-027	3a0f55329cdfebdcec2e6dd63c2b479a8f9b32af0aa4a4d48485d27f706320b4	0.319	1
single-hop-song-album-028	c5a4958c7623bb0e3feb6f0f8cd7d25e2656ccbe763fbf65e788462871566af2	0.301	1
single-hop-song-album-029	38bb230040f48b8a2f877cd48bcf37ebce18c36dba7d4890ff5c2867f619eb49	0.298	1
single-hop-song-album-030	8e0d90efb49ed5dab8dae3acc384a86d9fa1df1e68071f80e8402037b08cb516	0.335	1
single-hop-song-album-031	a5c617cf5ac50a35e93d3ba35f0322bd1465d5bde091fa2f23c477245c92787c	0.33	1
single-hop-song-album-032	70bce78c6f2971752dc728483ddb02e0eb2c99899b938b9a4f85d51634050b74	0.323	1
single-hop-song-album-033	6f8965ba6c3029b8694a89943df325b96b7af2819df8f1fa14100fb7f70a1d0c	0.327	1
single-hop-song-album-034	8b81b74408b2a7e726494cf7a8e8e5e3a93954562844d56fae5f0a3a836acab2	0.315	1
single-hop-song-album-036	96827783f7fc1073bc32a4c2b837a9cafca4778c227efd6c1fc7d18fd753ac42	0.321	1
single-hop-song-album-037	40adec47c0e754bfa61a2cba9169f5154b983a2f5c218112c0e08e15ca5e0a89	0.317	1
single-hop-song-album-035	16937f7416c48b20d63bd7171138bf4827f2637d8a2eb6a15a7e72e0e38193e3	0.388	1
single-hop-song-album-038	f42d86ced9cd3077f95d7b7f5db7f98a00f188c3b6c436c4f9166ed30c220b67	0.385	1
single-hop-song-album-039	bcc25dd6e67731fb57c57b3e241895100cdec32651d5592e9010a3579783b4e7	0.316	1
single-hop-song-album-040	60655dc25499771b6f45715e96b71b3d65f58229aa871ba02453ced8e4fb169d	0.309	1
single-hop-song-album-041	25dac3104dae05fb8bc61701fdf7a3e1d88870a709153214ea22d54d429cde2b	0.305	1
single-hop-song-album-042	e0fec04f8ca3d771cfe6c1bcbe730bf0fe00e54c80dcd314c3f5dbcbb9363279	0.284	1
single-hop-song-album-043	e8220664c6d9115083a5b8852129cd93e59d78ea1dc07f004c5f29e29726993e	0.314	1
single-hop-song-album-045	0795cde8e0383ee3aee78b1022a3c76a231a9d0d3f96eda923f1d69a6fe2639f	0.279	1
single-hop-song-album-044	1fc99856fc83849603c16b2196a23f7c4e95cd3d73ff8552ddef9297e8e4508a	0.336	1
single-hop-song-album-046	374807eb8769650e905dacc3867ae1b35b7247f9dbbe4ed9d4ab4626fec164fe	0.29	1
single-hop-song-album-047	ed55f29c81ef33ff1d9de762c38368e46049827baef5765cbf99021b80f5af39	0.326	1
single-hop-song-album-050	859c8ddf7b9f14c1dde8367a80ce74b0d89bd5865e9755c38a52e0c7500f8f87	0.32	1
single-hop-song-album-048	d3361f11b6ea7157f4ae4372df0402da39c5401a3206da9ecc9e47011296e732	0.442	1
single-hop-song-album-049	f13b1949aa16e05f2a5d1abc0690a4ae384f71418f05858f833c76dac5606186	0.492	1
single-hop-song-album-051	810c9b1cefc288388a36ad1a92162c631eeed2d91b0215215a2ab3d1d6c79aab	0.311	1
single-hop-song-album-053	74672f247db9369c343d2557da48266b5e4445e750545138372d7e484e3ffd9f	0.256	1
single-hop-song-album-052	08c5b6cf2db8c2c52e7af44cf2e4d3738dedfc565bc771c669b8351890d3605d	0.396	1
single-hop-song-album-054	dfbf2ba8dfcb84b9a7436ea0067f617a9ebb6a5adafb39a047e754ca28f70993	0.321	1
single-hop-song-album-055	97ed0fa3d500ab42251c0d388d3b7634745f56fde8be3e4f6a2fb5cb02598245	0.299	1
single-hop-song-album-056	7c1937bac49fd914d9c70d886df5b2c3bdfd91b97a7a3f99416984deaadf45dd	0.278	1
single-hop-song-album-057	b70ae709a2aa221465e5b4dba556bd7217d22619dd1a27a65fe74d8e626310d0	0.323	1
single-hop-song-album-058	6384f01a328beca591fbe0d8ff46dae0c385519b745278141e1930cf50dc492a	0.31	1
single-hop-song-album-059	fa869223b6deca54dae89cdc8b03a18b54600d8d25a6987c264acb0ea95ed4c3	0.301	1
single-hop-song-album-060	c98eaf470c4bec52fbeedd60714f46fcfb2cc70f5e93cec38538e2e10c89a60f	0.316	1
single-hop-event-month-001	9d49c7071bd1cbfc5327de79a3978aac297935f53e8d3ce3ff8e4ed7b96daeaa	0.288	1
single-hop-song-month-001	cf9afe1c8f1273ec30df1f1d463d6053cbf74897b6a4fb3491e3e3b12f34eed3	0.333	1
single-hop-song-month-002	110c53827f052d452ec2ed646deeec1f9ca5b4357726b02bc82ba4394c0ad310	0.289	1
single-hop-event-month-002	fa351b5ad0da32c138870fd31c215eb912daa8a21e748bc7f9406fe8a9ca0a9d	0.31	1
single-hop-event-month-003	db03107b28a83d9913a96fe25337aa53a495462e8f03d298f41ff84e29b6d1fd	0.298	1
single-hop-song-month-003	fc2ded3ebc0cf26f6843e3337e54b483e668e9f5454ac8d4976ff0005db9fba7	0.356	1
single-hop-song-month-004	4a73a93191b2367cb2a7cc97957a2afed808f01aa32aac648a8e101e65ea4fe7	0.299	1
single-hop-event-month-004	9fb8726fdaad39ea550cabf61d497233735126e069eb0e246e2aa114a9b3d59b	0.353	1
single-hop-event-month-005	1ab4fa15d24ac0ae292b499b689fe20f64b21d4dc30abf8dc5afba6430ab0c76	0.311	1
single-hop-song-month-005	0b4691b4ce9b7e3f5ac748ae954ff100d8e560d00b090ab214882f9356ceaa32	0.35	1
single-hop-song-month-006	8c5e9b997921e236eeacec126b4f8dae66fef7f1cbfd13a1f507ea91d78e1860	0.327	1
single-hop-event-month-006	5c454154b9f6f869cec9c451d36e808b23e3a9e8f76180c2d9d4263058c22bd9	0.297	1
single-hop-event-month-007	afa75dea7dc43e86018f8a5e2c6dc4768ff6bc756275e871ed12af3acff148f6	0.302	1
single-hop-song-month-008	5f9db2857c41c98a8d42af9ac5792166fb4da5b563c37c131332754d94c8ac9d	0.321	1
single-hop-song-month-007	a8155782deb86bf0a498cc06faced861f556746f5fe230a22015519b9a2d19f3	0.379	1
single-hop-event-month-008	77cb0a7c97e2e1b45d309b8bc215ac86710f9c4ceafede223a04acac22be20c3	0.299	1
single-hop-song-month-009	30ea4c4d49aafc3540dd2e0b437ea3debc15a8d69c70e84e1abc04f6f060410b	0.322	1
single-hop-event-month-009	543e01a703831de2c315abd784e563d3f4b3bed4864e35ae0ba8db974cbfe6f9	0.371	1
single-hop-song-month-010	978cd48122e297e41ad924aed18897f712b582fad108215f190addda2000f17a	0.359	1
single-hop-event-month-010	7b67fa6c9a2392beac2a7f5edc0f458306b7a47b398d9ca72b17783cd0ae6b00	0.331	1
single-hop-song-month-011	cb9535180e978edd68388f5eead070c48cc5da958e18db6389598fe5dcb17698	0.322	1
single-hop-event-month-011	f853ad672d63efaa7befa282fa6bbfa21aac9577f13af447e49e5a83993bb002	0.345	1
single-hop-event-month-012	3f5aaec0c5110deca3c0384dd5b95ab8c845bdb21a499c2f24474d9397a403cd	0.324	1
single-hop-song-month-012	f0b3f62ab99278d9135139ff616f829edd68a19b140018246f2f644db683100e	0.451	1
single-hop-song-month-013	9bf00739c9f7f00a6e57279d92367264f2740287d1dffd462d18160de4f26847	0.337	1
single-hop-event-month-013	a93ba3b03cd06801fd9315a1f7f26336d7c6aa07f7cc9c6cef5526f7284fde17	0.318	1
single-hop-song-month-014	fcf189b51b4a22d83827a8bcd05d8fb2f9df935bedaba80cd8bc6dd4076c90b5	0.33	1
single-hop-event-month-014	4d3ccc24326599eeb5168f959908682168dfdcfd40d36fa05f487fa90528068d	0.351	1
single-hop-song-month-015	905e37724e93cb221a960b2c00d463db1292edbea604f280f0c1517859c70f57	0.324	1
single-hop-song-month-016	f3dc85b17d909d9c7965e8cb110d034b15dafaf37997020ad5df18315b3b538e	0.299	1
single-hop-song-month-017	c7fc800fde6170b5c88cf49619c7858fe7a91dc8499d132c624b607149e6ea86	0.37	1
single-hop-event-month-016	2ba57d3dd4a81195c3e5b543cde4ee72ec81f236b3400f3354fffcf86c8ce8b2	0.298	1
single-hop-event-month-015	b7cc4db6e03eaaac87209486e5f4b026a7f6869af691f086d0d5e611842a03ab	0.52	1
single-hop-song-month-018	cdbe63bea5e707b3f1f28dc165d651807916590c320cb2a8d98c26c14ec6497a	0.298	1
single-hop-event-month-017	6dad1eef926b2b31fbe14231ed8988cbe93ed0767b21092d40fb53e201b61219	0.288	1
single-hop-event-month-018	7ad3f0a33ca6745deb1ec65ef62ccc0ce0a0681e3e093f6b598709760bb5b0f8	0.284	1
single-hop-song-month-020	7d4be094bd75c357ebc21d731e5ddc6eb952b01093c98718459c79797c18f808	0.281	1
single-hop-song-month-019	40f43474ce88f2ce64f17685f0bb5e5d7347d5321a6dc6239bc9f59426a6909e	0.447	1
single-hop-event-month-019	d614a58304527d978f1fb5bf4b8c94f4bb49cf2f78467cbd41ddc3bd251ee5be	0.268	1
single-hop-event-month-020	a6ff82c083a8a1a740b2429a0f4bb34609c7cfddbe293a6512f2ae06b512e32d	0.276	1
single-hop-song-month-021	ba88a4e1c026687e9a7530bfdbcbb52bac784da36a64c180695bcf844028f155	0.328	1
single-hop-song-month-022	ccf9294205be2fe8679b1cf7878a3ecb95bfb1b4ce37d77d4eb0d1beb8ade8dd	0.311	1
single-hop-event-month-021	34b5571588e63c90cfc9485ce2f2cd6e64593831ba7712cb40b0db90409b75da	0.287	1
single-hop-song-month-023	b720d6ec1f12184e1b6e82988d50c32a8e3d05955f06340a6d1365348c5fc2a8	0.307	1
single-hop-event-month-022	6d5a0b08f0efa17990510556362209cbae161b78f57fa492f3902eadec631cfd	0.315	1
single-hop-song-month-024	debfea6db8b58073aba6d753b75a8251705a5fdf01e2b657590cbd88c3c0d3f6	0.297	1
single-hop-event-month-023	0f91450e90d7793c52028ac68930bfbdd1535cf0b75c7fe6426db46f21360e85	0.275	1
single-hop-song-month-025	b18ed9331514d6a0b14538cfea255ecf15ac3afdc737ca36cfd5bb2033f74411	0.279	1
single-hop-event-month-024	3ba2190ce01dc9f7451da9bd35712ccf00b8024aa0e33f3b4414e4f194c7e209	0.28	1
single-hop-song-month-026	05cc4b0a2fd6dde26e949cd9e78c3d59948139e560ca948aace46a95835cee7c	0.3	1
single-hop-song-month-027	c38803db1d457ec16f76f20b64b3dc9608d71e737ac5036f00314d17ee193943	0.289	1
single-hop-song-month-028	e4fd1bb334584c0fcf8646cc87e732cbad4d990d6024bab98380bba95898c3a1	0.301	1
single-hop-event-month-025	3bf97f99dbbe0b9e92f01081b7c457898d0d8fc745daed97a421b7c5f2c9a837	0.301	1
single-hop-song-month-029	4b7e8fea98f42ff59bad6414aff60a700de5bb93d259fc8f3ec806b8c47d70c5	0.293	1
single-hop-event-month-026	bd16defb4f28a6e8ca9ac7eeb494878d0c9439fb7a80d264ad345988cd7c5fbe	0.314	1
single-hop-song-month-030	879dd5782fe8ceb8e4b823c47416ac876cc7e3d8ea2b1676050f48e85dd8cb5f	0.274	1
single-hop-event-month-027	9f6e0681635e81b571f8fd8e972fc694265294c0f5aff0710057c92cbb40a887	0.322	1
single-hop-song-month-031	689cb11379cf9da728d1338a5145bba265822e3fde216087e8df597666da52b5	0.329	1
single-hop-event-month-028	01f5f8e631667df12aa59074f65b9b09e39ad03ad9ff78802a466fb445f4ebfa	0.296	1
single-hop-song-month-032	2819320078a524ddcd75fdea2265446d9ac15f7a83965ffdeb38f6a5766e90b5	0.301	1
single-hop-event-month-029	191382f6285f7d28d4d715304879ce3afac799c358764f95d06470c18a2a02cf	0.294	1
single-hop-song-month-033	70c6c75c24ec6f657bbe3ab0db64ab56cab87ceb871e6f072a8dfe24831e8b00	0.276	1
single-hop-event-month-030	c61edce61ff6c9a69e5b12a1f97c063afdf3688cf9a1546216fa319af1eabe29	0.302	1
single-hop-song-month-034	50ea85836716f35202cc3692ff470b656bc26e43d58570721cc4a73a3cbabb1b	0.283	1
single-hop-event-month-031	7f343a22cf49b66d8bc9e4dcfa209aa1955c36942f633c9d83097950ceb92c6b	0.334	1
single-hop-song-month-035	3741b62e620ea6fb577ca57851bf46baf548b6f6532ab493c5fc13538fa50b89	0.341	1
single-hop-event-month-032	10de1e127c831d4d307627d5fdb8bc9555442c557402343da9b623324c24c34b	0.309	1
single-hop-song-month-036	9399c274094a24015c75603d2bd54ae772ec07e6951c84eb7cdb55628cf566e9	0.306	1
single-hop-event-month-033	fdc379ede3c0e22342ec7b7a80be5205bd2185a06692c141b43878bd9425a3a4	0.293	1
single-hop-event-month-034	53d732e8bf18e2199ea19cefb3f2326aa518de3ce850156a8e84097fa412d4a1	0.265	1
single-hop-song-month-037	fe4284b0f772e972544dfb203cb33a6e2d02c6a2d49c3a70d8670032752aff19	0.318	1
single-hop-song-month-038	b95f8064a01a9aaba66df7f4a679ae3adddf314f3c9d43487255acd5881a9b89	0.303	1
single-hop-event-month-035	b3c56b17ca30cbb7a1991d760007c66f17861ea51496f6c6308ede4c412658e3	0.292	1
single-hop-song-month-039	a0b9a9b2531129b46a97469997592f2cad591bfa7121057fe9a3129131eeb7bc	0.332	1
single-hop-event-month-036	25e94e5b8200699717c8b2b806d73a3c614afa8f13e3c8661e9d29486d33ffcf	0.321	1
single-hop-song-month-040	cce111530064c9fc2cf3170827bd8dff541352851c51d7015a2826a0b15e507a	0.307	1
single-hop-event-month-037	577a4f72666be34735505ad74eb064fefc383f1f4089141f14355f5da2c954a6	0.324	1
single-hop-song-month-041	51449611be07e96aae672a5060c7e44d93ae7ce3efc41b4ae9d840cda15ed6c2	0.291	1
single-hop-song-month-042	5cb33918bd185c0eccaab24d4075629fa37fe4ed90ec394ea79c5897384811a8	0.298	1
single-hop-event-month-038	08eae22ba7cfe1fe829b0d38ccc0643dd7f502a1d79f19284f931312289369c2	0.297	1
single-hop-song-month-043	497ca7a935b7e8e371090d0a4e30d4fefc9a0a6c483d9ca0e2282e5e70920eb3	0.308	1
single-hop-event-month-039	1bf02aab36a9a7a6d113b67ce464d31df131dfdaf9de584c6fb69687d8e2c41b	0.31	1
single-hop-song-month-044	6d7bcabfe3707c5cdabdfd6ea14eaae77949a289e76b502f0398b1969330f6f4	0.301	1
single-hop-event-month-040	2f2e450f8556cde62511e534741b3ccc4251f4eb7454f3d5d5d0caa8079d7fa4	0.287	1
single-hop-song-month-045	91366e33e0e0f4f72f364f4012bd27cd6769cd90cffbfdff19d67c591ca54fec	0.279	1
single-hop-event-month-041	4c024eaa61d518db4483603e3d3d96cd4effdedc0606ae7143d5f91325048d55	0.33	1
single-hop-song-month-046	78230851d146c23b61b03e00aa4c9663cdcdce091281de666ef6a81abd1cd565	0.356	1
single-hop-event-month-042	31ffeb1c4bf4a28c3939142fdf156d5e31695823b45ee56f1359138fe937540a	0.345	1
single-hop-song-month-047	af49b8f751375ee4cfc01bc9f65d23a044d639c0213ea6959d9a44e202695bdf	0.278	1
single-hop-event-month-043	9cd591c5af8a949072671158996ef7c91dd45c1687dd34ad1136c31771d66c51	0.319	1
single-hop-song-month-048	7beb167731f29324fa0be5e2f14305da996955732649bef8c67227c4bbf0c924	0.327	1
single-hop-event-month-044	b4b8a3fe224672cbedf9e17d5a6a13127873fa2db808a66f2cd2ce45450c0667	0.319	1
single-hop-event-month-045	9f1c046bb8326e4a0344828f3186881bfe18ecb10e06feef5726f596cf66316d	0.308	1
single-hop-event-month-046	210478584635f3366b283780472f27ac34e8214240eade84051ba0b5cbf0962d	0.292	1
single-hop-song-month-049	5848d2203d4dcd804e69a707175a4033af50cb0b63bf573f0c1a5c024fc80111	0.294	1
single-hop-event-month-047	d766c0e5007612a4354f0b6b211e671d48f3eef6daf062897bc6f11e041204d5	0.326	1
single-hop-event-month-048	f9468dd1e5a31a9bdd475b1d286eaf69bfea3ce382a8854ba404b7936d326d38	0.304	1
single-hop-song-month-050	c9d9d77b795011f6e79ad0bb18b51fc8f461d48288044dac420889dc266af0b2	0.292	1
single-hop-event-month-049	3626ff6ed8847f89f3c12ca54424fdef90f3dcfdcfd937d4d52dbd5c6281d93d	0.298	1
single-hop-song-month-051	bdd00148de1671dec52999da465bc808215923f82bbdf6c4aa3dfe705c7174a4	0.295	1
single-hop-event-month-050	6e2ab40b61679482647317824209f490f9adf3d2ac9ee208b6014a6299a700e7	0.279	1
single-hop-song-month-052	0db5d68a8203fa18524d7c365300104d63bc129fe47ffd2b2e574eac393fc5ae	0.288	1
single-hop-event-month-051	a1d7e1d84da74c7e1b1e2511e3b38d0a934c48ea930c3f2648694a3e11f14412	0.266	1
single-hop-event-month-052	623f040d2254edeed7dd9aed0211b05c6ea5d7ee32b25560c3304f2d6234a9e4	0.255	1
single-hop-song-month-053	f9e994e8e9689aefd3fe021b442dd559cc90eb53cc02a146044b68cf4207c09e	0.373	1
single-hop-song-month-054	86da699b4706c048b411eb8835114525b598f891d72bf6c49f70397ea625f42a	0.294	1
single-hop-event-month-053	1b82ebfd7d82a9e372007b8f9dc83b2a8f6f2a35ffa5f61d697cf5d5eb47adef	0.28	1
single-hop-song-month-055	7f08615b2032e07df7db7fa6b771d7706afef04b5f19023573648a56160f8354	0.356	1
single-hop-song-month-056	efc21a775fc8c887fa0415ec62f3714e99d48866722ad5d9476e9c50f01c27c6	0.276	1
single-hop-song-month-057	baff5bd270407989b09f439d2723385ee961128f18e985247e211200074d7c8d	0.294	1
single-hop-event-month-054	0bf7471abab67e2aa634f7707959daebced35c7d65329543e6429271ad25fe7a	0.317	1
single-hop-song-month-059	5e1c6f0108adc562b38ec2a2c04914202ce40db1927d97c3c28c15216c493783	0.264	1
single-hop-song-month-058	52f01c869fe15a388e4f23cade63e0ad7e843b1924834bb9b4061319fb8d1364	0.311	1
single-hop-event-month-055	191f1dbafeacf159805451cf6bf5b638e862399e0b82306481cbc29a74230516	0.29	1
single-hop-song-month-060	6004b45363aefc247b5c42b6f3410b6325570c8d1fe18f6d73e26bd0f8a63577	0.291	1
single-hop-event-month-056	2517472e84ef6e4a61bee66aaf85c125c088608062fed93870883026942d33a5	0.292	1
single-hop-song-month-061	32f9ff9a0b45170ff624e34adfa81bdfd3a740732cf084599817471d88dc58c3	0.306	1
single-hop-song-month-062	faeb46dd62bbb7eafd872b305fac017f0c570502e8224979e0e555464ecad59f	0.34	1
single-hop-song-month-063	692fc826df1c1945227e17ee10a3499dd2e56344a93f1b360c83de757cb2c3f0	0.329	1
single-hop-event-month-057	c1e54b9703da29581e5a26b08727eb778c2e9ff060d4094b25260fa57a49fa54	0.291	1
single-hop-song-month-064	1b8bb29b68083ec44701bf60b85f0a5fc8422564923b2227fd5eae841e4b6f41	0.286	1
single-hop-song-month-065	7043c848dc056659bb00bf382b2f4045ac1ab881fa9515ac41b88204a6dbeb2f	0.271	1
single-hop-event-month-058	8ad15b6c3419d5abffb66930bb171c496262f7fce44daa47b160f997e548bc7d	0.289	1
single-hop-event-month-059	37f9204b1aa0f888b2291d0e3a758f5a090170fa45dd01c98461b530e66c36d4	0.307	1
single-hop-song-month-066	60931c53a6d36512c1f8ac2455ea2d820f095492f6ac547120fef0e3bb9947cb	0.303	1
single-hop-event-month-060	fce5e230ec1fb1b3ae68c9844716344dd14758e9d27880ae1d5824f7a544a047	0.305	1
single-hop-song-month-067	0bd2230c49aae92087e2533dde2e16e57d4ec9b1f203451a1cf58e8031403f44	0.304	1
single-hop-song-month-068	2fffdf773bfcbbef5614b610c98c6dc4cb577e30ab2628a5e1e1bf2f09ff9832	0.299	1
single-hop-event-month-061	ff6f081dfe3aadb31849cded129183f9f3e34ef9697c26349c352b3cdf94a23b	0.375	1
single-hop-song-month-069	2e72c6838cc1f9e7a94984f9e0d91d6da0572ac6438d173c7bcd29c4ce14dfa7	0.427	1
single-hop-event-month-062	40194c020617ca96d6e4e8862f50d3edf9914162df605306da70973cb670f5e4	0.373	1
single-hop-song-month-070	1fbdcc9a8bb4e9f9a8e94523d539e7ec04dd6565da73037d3b0b049cd2c6c93c	0.315	1
single-hop-event-month-063	272a7a9a1298808ea385f55d37c720480b3eb90bbe212cc63414b5d17c6b4aeb	0.294	1
single-hop-song-month-072	f240131e00d8e5330dec1e159ebd56c01db5475ad35efadc52a6d077bd0f74c2	0.289	1
single-hop-song-month-071	0469d6fb493ae63f773d0883be8d769008a2ab7183cb33f79a69d9c396686905	0.319	1
single-hop-song-month-073	78ea5edc7d6f7ba5e55227c9324553f17e9db4e437165ddbd786e6ec406e1cf5	0.315	1
single-hop-event-month-064	e50091b054c65a1b5de2f17f79ee6f9f3bcc1f8ed092dc5257bc73b237e11d84	0.312	1
single-hop-song-month-074	bc2959eaeb57f4434a1e1f2eb177bbe328a90e164dd415084d33f6c89e7d00c0	0.308	1
single-hop-event-month-065	9a531e90d183ff398fca67e019e09864e5b3d3114bf89edff9bdef82e800d9b6	0.322	1
single-hop-song-month-075	77aee28f1e530857b7813d31aa2ed06f92a09d3af0f6a37ef7eb3e6572a596b3	0.319	1
single-hop-song-month-076	13f2aa381059531bb50ed6349e9c401cec12138c91b41fa95378ec0f911f54e3	0.318	1
single-hop-song-month-077	fa928b36e8b711cfe180c14132bb95235e57c4464b36dd712ce347ab9dfab53f	0.316	1
single-hop-song-month-078	2dc5ccce3821f22ff29c2ed47b86df1a158ad1a9e7b22add00dfe925af845dc5	0.302	1
single-hop-song-month-079	4f3324b545b7899f40ec6c43a6d1ef3f5a16c61aa8beed8edb26322eafe1fc69	0.288	1
single-hop-event-month-066	d0421d9959e79497dc1a51bc6b959f7f8472897d7e9636031b2bc3482195a5d9	0.343	1
single-hop-song-month-080	5a1c3c8027936f1b98c444a70b6c45c101a6ee299375b50a6accda4c99d45eff	0.281	1
single-hop-event-month-067	d2506cf1a4f552bcba08f3559416b7a1cd4dd0496f9191f0cab080002e4f5a56	0.33	1
single-hop-song-month-081	7a1dda1059bdcbe76103e23cf3d2ad747d862ac3cb60787afabd8656b45341bc	0.3	1
single-hop-event-month-068	3199ab464b2beba1a649603ec0f3b7b07b2ccdfea3c6f46f3acd8dfeb8b3f89a	0.309	1
single-hop-song-month-082	e23d654bde7f5bea83dac2c9426e71a45dd2ebfd4f58b58217e5ce48b8428ef5	0.295	1
single-hop-event-month-069	1c49b00a93bb8eed443d60e42be54769340bc209d128ae48cef471dcac1b1652	0.316	1
single-hop-song-month-083	8179b40bd4c232e5a69109ffb7e6991d5e442f9fcf324fb00a2887d23c4bbb11	0.32	1
single-hop-event-month-070	177df43b6f5d04b1fa3d7d82462bc4affcbad4a33b606d2b3377b781915ca1d9	0.308	1
single-hop-song-month-084	d5067f82d757ea0e013a798d687782f078a54a84084dd931d69c7429da9a4c5b	0.296	1
single-hop-event-month-071	aca0a1d4139dadfa30d8214057a9dbbf5f1afc38577b0fe89401a069b86f5180	0.312	1
single-hop-song-month-086	9da21cb6e23060fa10bbae14d65de8a817b200d686d04730db3ff71c44c00412	0.29	1
single-hop-song-month-085	60ffc83d12ba0e176e474522b168d5f148deddf4756b94e14c43f9e3079bbaf0	0.363	1
single-hop-event-month-072	3289e078874a5bbdf0a8efe52fe35405a58243c4a46ed92f1ccf6ffcad7d0d23	0.296	1
single-hop-song-month-087	a332d6597a5310244d558b775adecd62e6bf59eaf28f76db3648911ad459bcc2	0.3	1
single-hop-song-month-088	d13128df81f04b3779ce24a087b16483aa057943f0ffc2e565c699b866c8285a	0.291	1
single-hop-song-month-089	d41e13971e0cca6d2f39c88e4aacdf41aa4e54eb3e38852a94a0bdf752ccc836	0.298	1
single-hop-song-month-090	2a62e6e6f036295f7b0eda554c2bcfff1993e6af90e9e7ce7d39b724af9fe6db	0.33	1
single-hop-song-month-091	29e75fdb3353cb4ee5630fc1a97be7fd03f51681a27e2af10f7a3933b6c69b5f	0.297	1
single-hop-song-month-092	80f10793c6bb446397ed7c15e1eec30df099f8f779029613deb5fba8b7f80a63	0.295	1
single-hop-song-month-093	93b669ee640031fb837d21dbdbb1086b7cc749ad5e80c9de69268ac38024c090	0.326	1
single-hop-song-month-094	81601a7387f10094a0f7bb82792363cc25a8d4f18ea52592530b5753c613dd50	0.296	1
single-hop-event-month-073	0a0ae82847669fae6585cce3a672773b683c978732143bb2d2be70f6e43bb955	0.304	1
single-hop-song-month-095	abc2b05eea300817a98985febd02ff459abfc419a8d7b09e7601789ffdc87c7a	0.314	1
single-hop-event-month-074	4e9cc1d944ff74ac3de70b97a8747c6e451c8076c64c074d5096069249f83755	0.318	1
single-hop-song-month-096	5d2e7d862154fca0c5f00da9ce7a2fcc1d482e80e7a8db0dee3fb3fb72f68ead	0.304	1
single-hop-song-month-097	039a32a3a94c67e79bca4e3e2423d75f88155fec16e4b306e5b4b7e7609d98d9	0.293	1
single-hop-event-month-075	007103aa2442963600cdb1a34dbf0353ae1ae3e052ef1b2d994cb5ba3486119e	0.291	1
single-hop-song-month-098	a88c5160407bdecf0d05f9773234e15836645794c35fc077dae4e7d56dbb56a2	0.291	1
single-hop-song-month-099	8145afc53f449072d9e977e0f44e3ca38c67dc61db7b7c5a929e72a5c87785c3	0.313	1
single-hop-event-month-076	f0501153f5a3e5eacdf2e63d6415bdd5c455e14fd67f293915abaed5bc4baa4c	0.296	1
