id	request	wall_s
comparison-longer-003	c5f00aed54560a629daad9f42b317fa5dacde55bb7ae5fd32de711125cc386b7	0.391
comparison-longer-002	2191b971720506e92e8c45972506ea0ccbe012c75956cb2cbf59661deccff59d	0.395
comparison-longer-001	fcc8715f0333de0735c5c0e6f20a8f41dcfca2513302443a49ef27fd41c7d12d	0.412
comparison-longer-004	df709f9fdacd33842a73efb31fd6ed68ebc6b20381b3ea14c8c79a08ee07bb7b	0.561
comparison-longer-006	ee25213ac64979166d9ac27c12fe124e05bb66070d551a726810df1a01ec4704	0.27
comparison-longer-005	5fcea1a3da559ecca55648d4cc9a31a047f5f6c2cad517cef7152cf5f8cb7d83	0.302
comparison-longer-007	ef9d83a0cff34f080640f060420b6bff847a65786fa3be1f3729810b326dff4c	0.293
comparison-longer-008	42ede68452b8874578f3c741cb73e32b7f160aabd094150ab01779a1057498f0	0.25
comparison-longer-010	6c52642eab3e2a36c903ed02ba31613fb50c690d3855a18eedec19a366e01161	0.249
comparison-longer-009	39230660f605b18ef003cb3b1443fa762875c02636e55f66c76e59148413bb73	0.365
comparison-longer-011	b1c8032309dfcf704335a5220179c0f43856142ba8a59c38208fc9bf22604e38	0.337
comparison-longer-012	6cd7756e8d4301d1f664add563883fe99e84f8f90d914be392b1701438bc9b9f	0.321
comparison-longer-013	86f9e58fa6fbe4f62c7b33c2bffdd520252452621fea248c38c064623a65ca61	0.299
comparison-longer-015	997d34d070d4902bf5458667a6bd7ab07ef6ac01131b722328ba18aa1397d3a9	0.304
comparison-longer-014	4bbc4f45e78c848ac09ac1110cdb93c9540f9821d3a6737b89c15c972055af72	0.37
comparison-longer-016	57e712cb04ca5c01bfb8bb388d2d2ca4e995b3943d6deb942cb41b86343a0a0e	0.335
comparison-longer-017	752d69e520e86029bb8f58a1512d6a980c0189759aa636b5724b2863bfc5c1da	0.299
comparison-longer-018	4da0e217577a9b9e1e06f13c1dd0e1c8a6784972b99b558446e71f567196ced3	0.275
comparison-longer-019	129c2631ad058dfcace19f2e00c937e6d24fc169d9da12a1248729a07716fccc	0.287
comparison-longer-020	c37421d542587eeeab6c4eaaa3065b8fc07db1daa84f961271646afcab5a7925	0.249
comparison-longer-021	65f7aebef125ff456b80141d173cfa183b215e7c6055099af082ed75ac6ee884	0.255
comparison-longer-022	2bf4f0ae05954f3a39bf533e4fb0b0179f4f8574bd507f02a34e072426fe8e26	0.297
comparison-longer-023	9c5d5c3e02105f1e4dec14e87f569a52dd2b2327947d77c63d5c2903e495ae2d	0.288
comparison-longer-024	15b9f694bc30a863ec9485ca200769972e471c528fe6b9f6a5cbb7edbfa53713	0.299
comparison-longer-025	bb1b1cfdef882aad54ff8efd73306c9fff9e9c37fb3a2a947b8b7d01288c32cd	0.252
comparison-longer-026	d8b00d76975f5133166af6c6b68c17399ce0069d21edf324e5f599613ccfa738	0.256
comparison-longer-027	890a4d3da8759bd4a1a0bb2aa370858a5f2f9285128f866c31a25bda77fe6e60	0.328
comparison-longer-029	21f846ea42089c798209fc68911c89c3106541357faaff6f396e2cb3b1715fe4	0.316
comparison-longer-028	f5eb8ca51a338f44d7a49e8401759635f08eae71209e618f46aa418c943190bf	0.393
comparison-longer-030	03c1307c51cbbc1e2d6b0b5ef09197499ebaca2818934324caf65d695c1a3f49	0.327
comparison-longer-031	357374f5ed1c9cf90e765c9a835121325ccdf86a73d23ea364ee64dca7aea513	0.287
comparison-longer-032	9d29b1a9fb97da3ce3cc616435122e07993eb98e5fccb1d3fd2181b7807600ae	0.3
comparison-longer-033	8bea2af32e8784d809d17239d249ea045d78645ef84fb17d3dfa01595399cd74	0.394
comparison-longer-034	becc42c6fbbd08efa7a83034273c0a1336faab2350eb9d7bd9b300905e90fde1	0.328
comparison-longer-036	5852028ebaa5fcaadcfa46d846b2caf48a2268f95d9ca25ecf302e71e4d368e1	0.358
comparison-longer-035	8c2b8184a64c389bf5a27a4c006b4633a871c9e6c3f197bb14f5869454b29f2d	0.506
comparison-longer-037	fe1ce3b31796586fd3065d13ab59c6d163d39c78b04df474debd696be81122ea	0.35
comparison-longer-038	4d49d90c59f5a8022455102e5857216948a3a0b9f81a4c1eef4a8b4b85fc583a	0.494
comparison-longer-039	3d7b3dc1c2e8c4d5cf9ca6614fbf7ae5ea155a5959e2b1464ffb13c4dcb8ccfc	0.388
comparison-longer-041	cc240bb441ddfc25aa3442464d48d93ebe47b1e5ee7ac854efa1b105914521d8	0.474
comparison-longer-043	829eaeb0c5a91c240938b6d859b232dc9a08274e8ad7c5b7022bacfc8c1a64bf	0.358
comparison-longer-040	722d9eb7014af086037dabd10d26b2b449bd6157d255bc3f83be803c466e1a37	0.665
comparison-longer-042	45d6841799c60f36bc32310d572065ef7ec47e3ab68479f6251d41a669401ba8	0.458
comparison-longer-044	ace613d8b0e4a0406ec385b1b93587799ee0299936b85626d337cc6208aa2729	0.49
comparison-longer-045	4585855ed4c73dbac574d04400b749d7949bcfd4af72f9f1d412fa9f82ae514f	0.357
comparison-longer-046	fc66cb0412ebb26592722c10e385f1521ac3bd37c794b0e6fb269d6660997d0a	0.368
comparison-longer-047	94cdb4c205cc664c5fbb961f1bfd0ad823749dfa41bcd68d53386f104fd038d8	0.384
comparison-longer-048	56c3d52786b8dadd9a2f788f46425646d7c9951656ba99c854a0bddc0d7552d6	0.341
comparison-longer-049	f2da258ab8a18777d16e4782176dd0a63bdd3a74f60ad179cd0dfc5c982f6af6	0.371
comparison-longer-050	b8e75c338683fbd0a29863e0cd36abcf9917f9a5ce75e6f27441a93f4566d3fd	0.374
comparison-longer-051	625998d307e326e51d0e3bf52bbc1e1eb520c47f50a01c6be41ed52bdb997721	0.36
comparison-longer-052	bb11195de757b66f0e2f033b08cc5dfb904b2b5a5c19115b3e56fabf42d2213a	0.383
comparison-longer-053	31daf06ec5d0c65d6c1bff66bfd73c3e4cef57006c07156027bd48fcd97aa652	0.38
comparison-longer-055	0511bd639d370307040dd3280c4aab4817c59e28b57a3cde523e22ea54a5edc5	0.377
comparison-longer-054	429cd11b03c2b24ac1c8d51432967853b5f8d6a53cba51d90163c2da7b3483b2	0.409
comparison-longer-057	c332becf58299a1a0ff513ab3abcd9ae5353e9185b8b1dee5dff58079cc7c0c1	0.239
comparison-longer-056	f4c1f1abaa00abe402884e00a67192af8ad715e70a29fa25ba2e13b274bd20f5	0.294
comparison-longer-058	852eca22b4f9e7516d14df4715a535b14aea9e1ec1d459ba7f993b4d3c333f3e	0.274
comparison-longer-059	6008a9da1b3ae25396191dd415e2cf39fbaa66261b3167929c9d59aefc26d13a	0.328
forward-singer-002	0905b9c852445945f0cfb79925fa3c69d6d847b9c77b63b89eb536ced09b7268	0.298
forward-singer-001	a570e49f06743d0040d03c3000e4af307c9e186dddfea3245de9595cf7c72596	0.339
forward-singer-003	1414e1075122a13d6a67a29696cb97f61b65446b96c76b9a25b88e807fe06ad1	0.311
comparison-longer-060	d7930d4eb38d67dc7b1d9908ad600e1ffae551d77abd6711ac4198ad36c98bc7	0.472
forward-singer-006	7c803d6094baa37f668ee711e15761d707cb6f5f9decef86e48575366a4f43bd	0.254
forward-singer-007	bf49680393b2e75016afdbfb60bb0d044204a8c5d67c16cf7407c5921283a8a0	0.247
forward-singer-005	f7f7ba5df06d2aee015229a6b4dc8b57665dade4abad6806181f4296e24c44f6	0.353
forward-singer-004	dfdfcfda15cf5588bc8c342eaf0a27f32e0d895785cf7370e1d52cddcc9ceb77	0.44
forward-singer-010	4e8632231c918f7e55bc1c6bde39bfe7e2a96d1b5f0b5b99d8d7361208c19acf	0.231
forward-singer-009	143a7f0db2ccd001c8000441791a32318d73f36cb57f2513cda87beea163502e	0.346
forward-singer-011	9ed0e4bcd38593fd5732a2c69f385c03411983596fad113e2a530c21ce9741d3	0.278
forward-singer-008	ae2d4a6ee6b144393ef13c77d0a5997c79d1cea1f6c32c75c2505515140b9139	0.449
forward-singer-012	dccddcf81b555b48478eba8f83375bcf43df81ed7c92f8849a0c63e48f5fce7a	0.29
forward-singer-013	7d5bac3ea3b1ffe1eb7426305e60ba8cd06bf042834f567f3374b237d2a54aef	0.337
forward-singer-015	c015b5b5b6a9ca11df9f168d5d6523c0da40747d7052cf5bee6ecd9953d5d4c3	0.293
forward-singer-014	374af7ae202764dcefb698b933b3be9647c124c2d30b2f6c079ca229825deeef	0.406
forward-singer-016	df665a19d4abf4a654f935ad5fe779caf3e08bc045f2993bac3b7cd6c3614cc8	0.35
forward-singer-017	409689cfeb8f9120c73c45797aaae03796a6f5a489a3c72f0c66c4ac3e119c2c	0.319
forward-singer-019	927df8b83d4fff29540942fba8047ac499b88d650a5aee512cfe0b80a3f4a0af	0.301
forward-singer-018	06149bfb2ab40d9990b4ff36dbbbf77dd4e1e5a4512029f78feca68515f4072f	0.411
forward-singer-020	01bab0678afa6d7641df4b78f072fc2ca78e4f39234a9ae48d9f9d2db081adf8	0.311
forward-singer-022	f76cbd9f0c39b109b41ac96bc2a704c644467a1b61683a10b68518d85a9e1538	0.258
forward-singer-021	16c738a483577135e864b52c0bfa77cacb7dbd1a7ef4ac3e90351497d6a80230	0.383
forward-singer-023	4af06a3505b02f535d9730318488dae7408f939745161ec4e64bb0ee79255359	0.331
forward-singer-024	7db0aa813127b4c68c307388ad9a70e1a4291a411855dc1882abe8c1790b87dd	0.357
forward-singer-025	924247bf8605b98b9332cdec00ae732b6dd8febae45b1533cb56014caa927216	0.375
forward-singer-026	9ee7444a05af455f4234b4d925c867c110e332e6de0b0d5665bdfa69e3f492f4	0.343
forward-singer-027	e6b02a0d592edccf2a11cd41debf61a60586f8d2c4207f88f2a01c71450e7fae	0.35
forward-singer-028	4823ca4a3a4cedac0255d2583aa8cd4b2cc522159865afb498956b2b92cf2d97	0.314
forward-singer-030	f82a7db61f385ff0b6d99f1cd159b69e9edea86ce48505503e4bc57a713c729c	0.555
forward-singer-031	e124baa1ccf49817433757a9e5b3e03d205f1adc01ab64246cbe52851e1d9ce7	0.463
forward-singer-029	0d710b52f515e1539cea881183cbfa69de1db0f755d0338c914d87322ae1df2b	0.584
forward-singer-032	9f951416d0f7f0f1fd2c3a03bcf8e6519bd93efcc95bfa32bc60e3e911bec735	0.467
forward-singer-033	9f6845a162800b755fb3ce14ac5ade3e053f941e7af75dbdb53d99efd365846b	0.299
forward-singer-034	acc8c9f4e600e81dfa4ebbabf22489e880a8b58479d41f841c405c23f4f6d9ee	0.371
forward-singer-035	e9b8ca91c2087bd8f5db581c77961978598008b7335e56e89dfd484a135e153f	0.404
forward-singer-036	03158a9956b3381887a922a2dba82cb4f9ad46bed70a2ebb5db47854a34e1fa8	0.445
forward-singer-038	c83cc0690af475a52bdf4255cc64311f5374904d3feb6840d997872e1f9dd6ab	0.344
forward-singer-037	28e759e5d93895647ff5c525ee8a12bab9eff07594001e224c55145e257c5d95	0.427
forward-singer-039	fbe0ef5234300024a79d2a3a0c949666663e5e9efdd8926049c3877ee52894b6	0.407
forward-singer-040	929e8c4734a57454b22b4df4f49b03e7c95ff2b24a76fa8edeaa4b41119ff719	0.375
forward-singer-042	c448cb0c22f31aeab4a5d42154b83163f51370f49d44d4ab3dd67ee79028a950	0.314
forward-singer-041	1ea6ddc65f418cc68491d8a62b248d2e6523f3c3982aaa908b3e75d9924d9e8a	0.338
forward-singer-044	00324aa5a9eee36e4f1994fdb97cc3f76f95f0dda08132306fa4998a3893388f	0.373
forward-singer-043	fc9fd81cc6b4d16b6ce9f4f42739778d1ad1f26758e4f6f3a5720f3d6f015366	0.453
forward-singer-045	9d8b6a0f00c90af53518bf9c30ccaa5be567c87ee95f1290059f66afbfdde312	0.327
forward-singer-046	38fb683cb868d924752f7d139e22d4e3598c31c3a48e5af0d089a27830b3532b	0.348
forward-singer-047	b10d697e9cb9d7bf63a4adfc0560f8dfa6130666372f4443b97440176dcc7300	0.367
forward-singer-048	246619eab2beb582d195641d188853de3c4cb18d8631d034b9ad82ea8f35016b	0.351
forward-singer-049	32a0f89c5bf5bfea4b6b012f0d380b68a6b4b902d896c684abd083ac60a52cd2	0.298
forward-singer-050	713c9c76621d6fca54513120bd626d259403c1018c71373d31d210b88cb4254d	0.315
forward-singer-051	5c4bc19367e229b5bcb0afb76be3f73d71dd43d119b1a075e37ac509429a3223	0.356
forward-singer-053	f65dfca810b927a9916898143de73ee6cbb81cf404448380a3432678d66c70d7	0.348
forward-singer-054	8a3592b27f6a425d2ebe12fe7d9ed2f95485b3cebebd6a7a8b46d0aa7d6c0bba	0.317
forward-singer-052	11dda4dc9664bacebad01760d3d600fb17702454466326bb14dcf4b6ed05289a	0.437
forward-singer-055	382fc60eceab03f2f399a03d80ebf303329eae86bac87365add3e2c6da80a51a	0.312
forward-singer-057	2935ba26ffd54b894fbe80988f18ac66c87e1e176c74c15dbf9b7836a3e5bd46	0.313
forward-singer-056	d7ef6d60ef983fde779e83dcd757c291128093712aa91c360458a9d0028b83c2	0.404
forward-album-001	56866a969c44ce3c7a87abcc382e94ad2c4e04d96a1036c7c49d1aed913ba12b	0.344
forward-album-002	1a2cdc47c4acc3aa82e2be4573a6a7f2842f874fd739e8653762b0d9d81824e9	0.329
forward-album-003	e7df8ba889d49788bee05020ef9b9bfddbcc31711a98f489580c6d60fb5e8130	0.381
forward-album-005	f1fb070ee5ba2df93d96f2d97b3d5d50b61dd76e768b0a4f4cf2a3658566dfc9	0.337
forward-album-004	8fb9a2fd07af20905dcda23e29ccc33e96fd5e1caa2c926cecac0ce4121a304b	0.374
forward-album-006	3d9a52eed500863cf1f6bbe853c45f016aa7b3db52430ea520d5007500cbd90f	0.403
forward-album-009	5540fbee0772c072fa99413b8ecfd0737ad41118aa52a363887303f8a6f20315	0.279
forward-album-007	b6cf4f3c5bb138a6415d78f7a3890beae899514d7771773d0b4e20dd5bfb5dd7	0.366
forward-album-008	1549e3122bb4090d9728629e23745cf88e26f144cbcda122979ae28f6e286fd9	0.44
forward-album-010	ff2051862cb62553c6e8cb547d33d3a1759d801fd19665d7abe78d5a88f7ade3	0.325
forward-album-012	9ffcdf25692936a7cc1460f8102efdf3809775e4063eac7f2d7138e3a8356777	0.348
forward-album-011	c3f3d6359f2056c0f4367ed3f59d2fd620ed59f2620d21046e66bc00763c5678	0.383
forward-album-013	a23a92255ea98fa41d675d40754545185c871ffb783542d6743af1a101b18461	0.314
forward-album-014	926b333ba0316c8b8b4f94216d4d88e1879ae91c5a15d365ac81dd3acb64e4bd	0.307
forward-album-016	177f868f384c7b054adb02a1b1e1c40263dee87ee2228869a6e7f93fd7118299	0.307
forward-album-017	e6cee3fc12db2cb77614c44849c4a13c44c7d7aa7dfc512f4bca3fedf4d2acc0	0.347
forward-album-018	b2afc94b673d6b58276a7041fbd925805576b341617cf575c2045af291fc5022	0.273
forward-album-015	5d925f1530f95533a4fa8a4bd01827903ce64b69ca67d1848751490fb71c2c64	0.509
forward-album-019	a98807ee33cbb20b5e7240f6c8f5913e69d10f65e6e2003995d4ce8a7bb744e3	0.291
forward-album-020	0d2a9827f85f20a3181e61b4c4794ec444ff9734e3da0b60a920b8d81017d861	0.285
forward-album-021	41dcc38b05f8ef64d7e0c35f81ea7a01745175f95a26c308ddb0a14c4d4dd451	0.274
forward-album-022	21a7ad1d48f4e417cc2f4837a9d1c84f9688c9e402f85ba9b8c68ad4ea79d5ce	0.389
forward-album-023	7fb1ddd12f232266e89a94320f902f09aafcf6417b378ecb4c4a837897b671e5	0.3
forward-album-024	972f6ad92a084cd77d6f5efc06279725503e1daf08fed8917cf648f51d3060ec	0.313
forward-album-025	65a385b6fe3a809c7b759f4fdfcf452250256238e7a6b00c80be7c6477816535	0.278
forward-album-026	7cc2f13efdf21c21c7d5328567faaa6ce78eb4f71e60f16d5bf6fde7eff662a7	0.267
forward-album-027	a029927e2fd5e0740c37630e320e4223e7d98f03dee6fce496fa95a5beadc879	0.313
forward-album-028	fcec0379665df0de7cb41319798e0e9a9ff9987a829228cecf78a33290b24e52	0.333
forward-album-029	bfc1ec3b8dd167de03d31461bed949ba95d8408b565bd0c78db7edc02f235a3b	0.335
forward-album-030	75c02130792c5f3ac9c89ee4ac9fbd486ef5d300a8ac48b61785f247bd65dc43	0.285
forward-album-031	5708b3e97adb030e8dbe910d8aa7858cebf16c9c9f4d4ca44a9ee378405032af	0.334
forward-album-033	21bd2fa3207d1e8da48df34c33c2360558663b81ce2777fc095728e82383132c	0.274
forward-album-032	3b44c1e66fea2674985aa7883aa3271d3e0c630d415f4cf7ef0ca2effcf57788	0.303
forward-album-034	3f4de15e4cc911895c1ad68e103c65b1cefb3d10b710cc027030883b8b377b62	0.32
forward-album-035	d3e0b0d35fc43966396a87b47ee9e419deb0bc7c2121753a7a65c8958a47c407	0.293
forward-album-037	962772c47d922a11a0bc937df916831cdf1d56e3e9d15bf32ca63de714a84bc6	0.304
forward-album-036	cf20d023fc56c5cf3e7b468fbde0a72da7ad1a0131a3dfce9dc72ce68b3be336	0.375
forward-album-038	b4e9aab9db5b248680b961cf933da9f18032dbfbe3ab60d1c0ca97be76b4e4e6	0.315
forward-album-039	c98213d78141f088c78ff417677b510e362aacee6920e3d82d0d9ee4bf2cf861	0.325
forward-album-040	31f43126ceeabbb0bf55c2f7690b21b5708b171779fd23f6218c75af82880b84	0.312
forward-album-041	e0ada400bb7d0f33f53ff09f1a4abb7417f5258eb7f50c66f246e3892d595908	0.341
forward-album-043	d38258ca7d9e810acfb1b3dd18b1e9877af807b45e8d493cec41bbf36818ce7a	0.258
forward-album-042	fbe0aea6903b89a2ff260c05ed0ab6018a24aeff93d712b840da0ee5b025bd37	0.395
forward-album-044	b25114fac7eee346f36691c137e75194f77df91aba779b8634b13b17fc3dd796	0.308
forward-album-046	640fdb616529224b3d7c1d71d73d82a0016a9706a38760eaca95f9f598746527	0.268
forward-album-045	6681c9a8f8869f330d64f57e31500b8412041fc125900da2f1fefd57b12cea4f	0.442
forward-album-047	9a0abb287ac06a9d4dabb381ef10ac5a37e2db1c58ea898a8c5763c77e573a57	0.398
forward-album-048	d7b7c8029cf32a537b3cae522d2c18966f775c836842ec5a989e2ba718228436	0.335
forward-album-049	de3326939ac4eec805a0d8704ee644e354cbbca7c645a622c71eaf54fd5d66ef	0.344
forward-album-050	b5cb809b01b5681c128e7b15fcbdcd1b46aa967cf72561ff1d689dc95944d57a	0.365
forward-album-051	a8be9a9efbf1596401c0cdefdc165a308ce0030904bf351729dc281892f9b585	0.294
forward-album-052	3a5d8c4ef4c313f091c7fbb918d86a13b2f141d26e7d29d0c39bc46e6931b3bf	0.318
forward-album-053	ec20e0ec2228cc08f29019db644866589f75545c270b9a0436814d754c1155ca	0.318
forward-album-054	7824460e6011bfb43fac5af6412b9d05850acefab5452a4a93f8f3c125d23738	0.302
forward-album-055	8252e35680e0db7aad0924c7d61ba30db481db9482e889e4eb15cf147d323916	0.327
forward-album-056	1d125dc0bed9b5c2d262b882a7f03c4a54922e521d61b9b38cec7eabbf3eaa0e	0.298
forward-album-057	9c7e73e332ea17a2257e2eea5621f24cdba5bb196b16820fcba3fdcb1eebd858	0.28
forward-album-058	fedca9b085c8bde34cf232115a40be51a131bc4428365653b44f296865723674	0.297
forward-album-059	fcb8347890a6edb619037b52040be114b347b21e95169abcab099e21d01067fe	0.357
forward-album-060	456c4d493d3f8b7dfc214177b4bcdce1c194db588ef392cce10a6b175b8be1cc	0.35
forward-songwriter-001	aef14f8d5619f541485105bffff1bd196f53540a221100f031305d2dd687467d	0.335
forward-songwriter-002	b77570f0279d7cb195d760e7a99e2fe02b67313336966ebce0d237b0f2d5d4ba	0.28
forward-songwriter-003	5817f658fabfd5bfe4bcba02f5c71fb8f75e91519f791462e5e1071fa4f04c50	0.336
forward-songwriter-004	89d2af215e8cc784e3824bdcbad05e39e3b7ef76ab62a4e8432acbc8991ba4e8	0.382
forward-songwriter-005	9d764b1fb777a383db36ac8fa9b7131d502585bc03bb72b3fa10eac97f311bc5	0.283
forward-songwriter-006	82a72bd402388a8de6b1d730b6d5a660570922d1440beff9682c01cfb70c2ac0	0.377
forward-songwriter-009	1beffd63c8fa3f89979be4a52dbcd957522f0dee11c521f8c00a33012367c6fe	0.443
forward-songwriter-008	749e84973e24876d783b600b6d322f6e6d91f84d648feb6bdb9401297bf9c42b	0.456
forward-songwriter-010	579ee35aa5639311b54612062f9ef1427234497c59ce3382e32f1c232459ba24	0.338
forward-songwriter-007	0796120ccb696519fb8e1dab5a71ba66dcd9b146b91f610a240bdf2afd2ac2e6	0.634
forward-songwriter-011	e43ea635cdfe2669f014fa47fac0627eef1a24094c38234d023ec0b952b3fa35	0.382
forward-songwriter-012	a587be37c83261f440af863dce240c25a1226882fd49bdb5f82370f66091fca9	0.412
forward-songwriter-014	b1fa33bbf97598b7017733a677381c801990fc2b9c779311709da4e214eaefb0	0.428
forward-songwriter-013	4de9e197c874315684f4a586b812a580fafd9306b7588ac47420bfb3402fa274	0.576
forward-songwriter-015	59ae6485c22667d39440ed86563fbba68fdad1899d29a4714465ea8bf672e6fd	0.331
forward-songwriter-016	9f112bde303de3eac7521b2d2331bde769b74449d509e36df111d256cc99e4be	0.5
forward-songwriter-018	298dc1dcd18e645809c49fbd330a259595e648930765c8e947f89a574181e8c4	0.329
forward-songwriter-017	6d46cada93d569feba25b073ba2adac861ff804785e3bc6085146e0c6ac6e40c	0.441
forward-songwriter-019	1acf4b7dd68cf68d86e5c1adc55fed1fe8276093b2b6706fbc733d153a1c8138	0.326
forward-songwriter-020	01c2fc26be5698aaa70a075f9a352d8619aac3e6d4750beccabe17fecde17c72	0.305
forward-songwriter-022	22451e18348a89bbafa4e5f4dee40a6af8718c59e38146d6af1caa62819fa33f	0.298
forward-songwriter-023	63f4b92a1cfe883cb7b23839ec4f04049e115b7afdb28d545fc8abbeee735ad3	0.436
forward-songwriter-021	7a96eb12f1e5e30433f323b761cc136529a9cff4dda49f4c068f25dd206a0a97	0.577
forward-songwriter-024	e81652dbff6b5b8b5ce38b4fe3aa16ebab973b6e01bf9c633af53cdea8933c84	0.318
forward-songwriter-025	bb8ee0941da4e5f867e9fca68589c4fb7bea71051f158f59959fb65ae82ebcf7	0.446
forward-songwriter-028	4d9ba68b7caeee7259a9db20d59942fdd82785f0c9910af65c1019a6cfce5505	0.312
forward-songwriter-027	8504b732e22fe24c3596d8f8aa0b56c2d5b1d68a48ebb3e429f76d1df9ff546f	0.414
forward-songwriter-026	f4b0e17c4253e1210b3978577e07d2f3ff8d6a18dbe101334cc727ed486e9100	0.469
forward-songwriter-030	aa15515f1dfeecf4de011e97af8cfe06b38b6301a1b675025195d42a41a35ca0	0.3
forward-songwriter-032	0fa68b5e2cd20cc01167c9c169581e2f6bb9dcd8966226bc74adcd4fd7e965c8	0.269
forward-songwriter-031	887d6c64e88828c56a244b85c0f76f4164086e9e3e5bb38f630882254712b61d	0.293
forward-songwriter-029	23ac5ac3250b827fb27a81a0d110d4a70d06c35253c5abce196a90ada71dfbf9	0.59
forward-songwriter-033	c18030352e5828c23b43e241c7f233f1de012f1f0c036488e9d287c7fd639f75	0.323
forward-songwriter-034	9845dd8c2811d63a321f44c8ffff84d58f33e7f9a3a87eb83356708d7c7e9076	0.293
forward-songwriter-035	745bd308d9bc0412797fe04f59413058214040aae7fe5cb8bcbffbd22374bba7	0.313
forward-songwriter-036	d7fb2d671e2bff5d12aacecb75dafbf751d52a606e6971250cbb64ec14939a18	0.434
forward-songwriter-039	2996f4973824d2d9e83feebff880a08f6d3b2d5a8055ec86a1b29c5a6ce13b81	0.257
forward-songwriter-038	920ce9312033049dc5fc34595bd665ef14c22db16682142ca297dc17d7a89613	0.42
forward-songwriter-037	dff99f7a083e6de43e3ceca77843487cda3fe76e8d7774f4a1af1243f365837e	0.471
forward-songwriter-042	80dd316ccb8acd8257bd0fac1ce74e2429a76c847fa97df8646bf4e86dfd6ff6	0.28
forward-songwriter-041	a6ef2ea75e167ef9de48aae4a9993ded0b0343d1e2eb52dedf6dd46459920abe	0.42
forward-songwriter-040	6dd96e2eae91f93a776246b77dd0763056ef53c895e1dadde404fda459dd3672	0.499
forward-songwriter-043	0069152622de900c0377000b3cd83e6e89363b12fb01a025e593d49da6313562	0.343
forward-songwriter-044	e58d5c375377f060d03a61244373fb65db340c8afdada24c88bc234e6562baf3	0.317
forward-songwriter-046	bf5df99fe5f8890bb1ec2a40754b1c5c9b965c4e49ba327e103bc7adf7e75fac	0.33
forward-songwriter-045	2fd1fed450eb130b0b5f538fa60d0d366f59bf199bd6dc0e9bb1c67cba8d10b5	0.365
forward-songwriter-047	38b67becb6df848c15168cbbd800266be86ef9ce9212f8dbbbc6ef8e040199f5	0.315
forward-year-002	461ce78a7855bfab83bb7c78ca8163e84003ecac6398559f7e0f71a33a7059bb	0.348
forward-year-004	37db47f090c1537b129e7521aecea3330c172e4e68b34aee9184b931d8931c35	0.357
forward-year-001	05b33985854f4023c44fe988d595e857a2fb7b1e5b9a7b84804563f598f2edc3	0.488
forward-year-003	7ab60b2afa89167828b29b651f5993e79472f46754f79c0c9c8be9ff8654160c	0.467
forward-year-005	e1aa60744e65e03dc1cf8e8ea4072078e14aca67a4ab9d2e22abe97d2b6a9e55	0.389
forward-year-007	d672430d67fa4f551b0dbb7bd87d460f2c23b2aef29115a5976c10c1b7bba2ce	0.324
forward-year-006	2ab21592f90472ee1d120907f389ff6294c070fa86d07dc370fa2d17b9592199	0.393
forward-year-008	e92ea24a26d0917c6d7b96a0fcef9606ba8fb49bbe34866b813cf1508a387dce	0.389
forward-year-009	3e5a5ff4aced2ae28c54dbbf3fc4e0c6b04eca0d0cd491d6407fde4f287fbaf6	0.353
forward-year-011	7e5b6b125725a225d9eb7f53244ef8c4a023e5480ca6623c14797f8fd2d124de	0.348
forward-year-010	50d8b75c1f8df6238024306a8e1ed08df256995d94e4921de6a70687af7fdb2c	0.385
forward-year-012	c0522560481fefa146af8d49d3c4c4de475bf11c5b22998bbff29b44bb85b0eb	0.325
forward-year-015	03228479a0230eb73f7b5a7b5d687aa6a4d86c3ea0e1e2fa40695cae1f982f53	0.338
forward-year-014	1e716b9295aa7c0d39848d52bb77fd175645dd16dfd3ba68985ce2ba4cf9e2f3	0.374
forward-year-013	6732f303c14f36fe1916bce2bb469373c3e6b9ff1d3f5fc69136e0d73d4c6c1b	0.477
forward-year-016	a490e4d903372892b7000ba7e4e008813ef84475784303582abfe390f70aa89d	0.378
forward-year-017	8a595f87b59b1a17813d53dd15171f2a34398b4e821ce7410cd339a325686df5	0.312
forward-year-018	e54d92c8b628c11a5ecd56fcd2da16c9ab0c1dac0ee798833470d6f2bd819b32	0.433
forward-year-020	a4e010e04fba95d63d4997fb3a1c08391061dd6ec1711afe5e28747e3f5253a7	0.436
forward-year-019	bbfe4dcb564b116544dd1c3316ce5919409ce79356490e70fba797959adfbc17	0.502
forward-year-021	930f8a50f60b952503a66b8b6e4ca644c225902291432cbbfa068e85bd973481	0.309
forward-year-022	7b9acbe38816f795cb8100a31e33a87a8a50a520e01a9df1b7065feb0266bcb5	0.325
forward-year-023	011126f9dc37ca4f4690b93e8af628a0adbd5798e30e7ad7aebdff88ec337089	0.274
forward-year-024	1f914bc29fc8baab2439a8da49c10f21954280876ced6a57e2fafafa648fccb1	0.359
forward-year-025	8bb9b764ea4a54277b808a1bb18538d7781bfc32e7c9f057944172439cf1f682	0.358
forward-year-027	05a4c41a0db3f91d2f629b90417153e1976abfc8bed1ee98a9bd54ca423f76e0	0.294
forward-year-026	18dfb4b3ac01d4f962ff74cfbee9071de7b4eb152c550d7338009988e1e74038	0.364
forward-year-028	20eda6897fd45d9cd1f03aca15ce0ccb4078ae0fc08b5320bc13233885f529ab	0.363
forward-year-029	87e43336df5c0fe1ea29f1b3569e83c44921127db54a5963dc7d6da95ba768f5	0.341
forward-year-031	14bbe7e972bd2a2e265a99118eb045d2e6f75654c7f9c9e01de66e881794dffb	0.297
forward-year-030	1a417a808a56d21a4c18a794b1d4cef6cc4296dc782bce0e58a27d470fd623d4	0.496
forward-year-032	3713e0211b287248765f914ce2d6233b2db357a31103ca341dc96d2271d75932	0.319
forward-year-033	f4f154b2b686137c410eac30c75dea7476876854312777bfcf682b6e5d35c7b2	0.369
forward-year-034	cfbf26aedbe75ef5b6f3fed8bae890116f6811079dfeb464dae7bda6f60f3072	0.343
forward-year-035	5edcaf8aa8f4b099847d8e36facc4b00ddc14593533dcb8a1722ab0ba643039d	0.37
forward-year-037	8f43f48870a96bfd6160878c081ffdb13e8cfc337bacce8bb587e984ff6e5d84	0.385
forward-year-036	307e0155aa8323152c74a5e3d52e399b0408006ff380181b0f284a258542d4fc	0.459
forward-year-038	23cef533155d76b6c98a87047201f331e659e9b1d7b3254dd549e111b9b37ed2	0.441
forward-year-039	095de96dadb67f2e4fa50f1b89974517ace554311ee86e53acc76404dcab40e0	0.317
forward-year-042	752ea6d027ae23810d0ae5bf09d513ff2a3519eb3461e1d25998451a5df7f416	0.274
forward-year-041	4f0ea8f03259964ee2cb17578e22e424f8a8c4223587247007b00b2a065401fb	0.441
forward-year-040	9799a9c83d6094d1f30bddb96be2dc405e366ed86199fad3292053e2f0948f7b	0.483
forward-year-043	b0777aec22ed44e30f8e9b8ca2de07cc503f6ae7984bdcd435e7d9c1af4d535d	0.294
forward-year-045	37fca7700654240b05857c901ad063c9b44bd43aeffc8b8ac91531f9a0a916e9	0.335
forward-year-046	9f3dc8d6c13e02c1f26f88d925fa82499d5e54a267f8b0611df9e5af5de9bfd4	0.347
forward-year-047	020cc4aa7ca0dfc85d60a898314f99bcfa50d45b26f65c0a9116ea0b02929eab	0.405
forward-year-044	15b1f1c90a33542288695963eb6292929588cc40eee6cb1d3670af7d381101aa	0.556
forward-year-048	778b2a2e29b847a78e55cea1375e95445ee5540943cfc8723e5983b003867ec7	0.304
forward-year-049	309b39103f794c79a3b72d84c42ec7373a89cecb9d0e5d414a8d795c79040a79	0.325
forward-year-050	e8470f71868c2acc6973cc98d05a284be9a1c42b6e9c7d0fd1190a366b2df3de	0.393
forward-year-051	9f28c15b346a38c2ab7f57b39b456cd7f5e19f78930bbeeaa3453a5c02984265	0.397
forward-year-052	21aa78bf096113692fad7eaae008f50580be36407d36334496abebb0fb05dc37	0.394
forward-year-053	61ca4a7d744161cada23725cc806853abcc81f381356c48be63539801ccb0012	0.383
forward-year-054	0b730bb36eb3acc3b5ee859ecaaf93d4968a2a52947f0fe5896530cdc0443fa1	0.333
forward-year-055	ef9d89b069e515b37eae360e8c44867671586509f08e9c4db439eeca9c5bbe5d	0.326
forward-year-056	0f06f215b03af389079eb064cd7f1f0aeacf0a42cd9dbfc0bfbc5c50e71838fe	0.351
forward-year-058	c3d9850ab0ea57bacbd398775ca5b9c49adedb00131e65b19543bce53dfdb719	0.326
forward-year-057	b325d8c0cb803a10e6d82609d7a1fb414a4e54a904165629ba1b464766c04191	0.477
forward-year-059	6b715ddfaecb6618f6c41e0c0ddb36fbeb3c311589efe7ad8bf548f67f0fb10d	0.395
lead-set-john-001	f93f99d82e6389777c03b7c9f2fb0a856ffb53f06dfe95fd61b54aa7dade8786	0.258
forward-year-060	7773099d658ba95b9de60bad3e5ccefdf2039df86105c762832ffb7bc536406f	0.393
lead-set-paul-001	ec06b3a96c1caa27400771838344326563a3446514676e438874cd504c454d5b	0.336
lead-set-george-001	0a1c2cce53af597c86a4d5fd89d7f1fb968ee7254ff3d7cc9015c8735a750297	0.323
lead-set-ringo-001	3fb636573309fb35bc336981d8fe41ee0c2895230c565b16133858f02f536606	0.303
lead-set-john-002	0c32d2cc51087c665ce782dd70c6166eb0c0373700c67cff93def40f3b2b472c	0.326
lead-set-paul-002	2bccabb20ed1dd3a587f585a6f0d47e61b5660a95e38d3c5c854edbd2c2f8351	0.457
lead-set-george-002	105e32952ae2fd82ec914328823d2057cef6c82d1ea0cd3151bed3ebeaec91d4	0.404
lead-set-ringo-002	4a2c16cf4fe7ec1fad08e2986c4aa843c5a09afd538a9a4e59a67fe3e0f2f045	0.367
lead-set-john-003	152ed9dd2c5f3d3e96910835f2efcf5c4ff634f6f7318f31a211b97802c8f841	0.496
lead-set-paul-003	a5c8e47b273f7641d0142d7e7bfad8b612b4e60cd17a0926340d9494c3dc2e28	0.292
lead-set-george-003	a9b360858bbe7c0a18fedcb428f1f5f6fa138a0cc24bb1ad7d7e3aed74611b29	0.351
lead-set-ringo-003	f571460ad8dc6f22f6160219344155049f0168b9688084d22fb4019f11f0855c	0.321
lead-set-john-004	93700bf1035394b6c7f4ff5c4dd138367a630809190df484499102fbeb3f440f	0.343
lead-set-paul-004	246afc443a08cd47440fba7df5db587b5d30d065170124c4239dc865a629c9b0	0.39
lead-set-george-004	c196ddebe70f83a88429486f255ad08c7b3c865556341d5c101ec308054e3f9e	0.364
lead-set-ringo-004	560ed7012c67a52a4a3d1eee2bb4a14903ccf697526852da4ddff3d91027a5e8	0.446
lead-set-john-005	6869c962ab345ec45eb59ef006821ef3e98087ce1378c8ea061176e86db4db11	0.383
lead-set-paul-005	dd49436c1fa20cea2a014ebff89fe62acf44132abf5c69fb301573f4b0fe6310	0.426
lead-set-george-005	dc5277d264a60bdc0b1594910a7643c88a96a5dd52d8b976fd19feb43e36cc5c	0.375
lead-set-ringo-005	09415ada77368b412dbef3ceaa685e0a7a29ca0cee27ceccc1966a91c59ca37b	0.341
lead-set-george-006	22f8e721dc519a24c94ee97853fc8420727c61376355905fa4b3deb81f772989	0.266
lead-set-john-006	d5c26af872bc4cbf74296d7dd1c156c40dba13825d619261d9d8c7d7650da87b	0.488
lead-set-paul-006	0aafbaa0ba118fe85c769e03ac7b2e5edf8c81537306514a4414dddfe307f304	0.379
lead-set-ringo-006	8d875aa32378ee540f37e202990933f733540c96b6dba59a56d1463348267d40	0.393
lead-set-john-007	790c838b17ece2b8b87a8fa56ee27cff2dac78ace0708cfc37ded45a1a8b6752	0.324
lead-set-paul-007	faf7c3a725747d417505f5aa465687ae6acf6388fcb311dcf9a5e1fab35984eb	0.361
lead-set-george-007	966bde4377a78d3287c26666cf8ea4e45ebf79ee42a0689990d54f927b80a924	0.399
lead-set-ringo-007	2705c6269267550c9587009d4365e0d19105652b7ff44256597b051237292cff	0.44
lead-set-john-008	bf626e0a0d79d2ab60f2c59739ba24b32e7f9357c95b8ceb05c48fd1a836640c	0.343
lead-set-george-008	e6dab96b5deffb242972eb1e261925e0926f189a2815d337506b276ca89295b8	0.361
lead-set-paul-008	2c68821e8c1a34b856974d991621402378aa3e027f5985165102224966581c1f	0.496
lead-set-ringo-008	0db93fa25f2bbe8b8c448d5fd56b78344767c9e422715b9b9070b4008d9a862f	0.396
lead-set-john-009	c2f051fe7c363fa83fe80cf5d266fca7a5347f00a57b894ef976abc3e59e1ddf	0.429
lead-set-paul-009	0d011ac7725e263cb1e11e4c349e0f2a4c7cfcc3a2003a66e7d6b1fe117eedf1	0.312
lead-set-george-009	e52572b00e838a2cecd8c1a3900a19cfe920d7848b5b472553dce7fc6ec43165	0.385
lead-set-john-010	e33422ca6276087c3e7197dbb264cfdeaaa4c6935636053b0128a26d408db106	0.37
lead-set-ringo-009	8af1f1aca1c84bffbacb6b412ed3e9edcb0233bd05d336c5927950ede73a5911	0.476
lead-set-paul-010	f1cf05cafcecb3251b1618acd42798c00cbbd47d42ca1ed31fc42aab63094308	0.387
lead-set-george-010	fd4aee0c162a77bba1fbcb604169bab6d8eb8b93884b77ffdc7f83be036431db	0.348
lead-set-ringo-010	b580fb1bc5c394cf15d70b6e0d4e634138c7172388571ccf554cd753100970df	0.341
lead-set-john-011	20398986c947dfe9f19e01387d0ed1970f928ecabe71d0e41cd381d525898cf3	0.367
lead-set-paul-011	9da262bc40c134ba190477398b31e7a0180e5813e63dcc6c5ab112dd1e009aa7	0.365
lead-set-george-011	fd1867c1ad7f039e4819eb06de316d1bcdedd629bae45f157ef2275bdabf3fbc	0.371
lead-set-ringo-011	98f9e96d9a38ee7acde60b42c28c4c59cc88753f6e0cca73653c5ac1cf2591d2	0.346
lead-set-paul-012	ce647e01266970b43fe5547a34776876b207eebfc47900d5f4b54ed82576be3e	0.314
lead-set-john-012	def0639f7a24e51a929459cef6743738c1198d5f1a185ac3689afa3b215bce64	0.376
lead-set-george-012	113e0686bd1a2825827f0101c02c67705a9f3dea4ea156897c1e0105a9ae8565	0.368
lead-set-ringo-012	7838aff789120f63dc8be0d3df0d2d869a2a82d3d76d07be73a210afe7f22a0d	0.335
lead-set-john-013	a11e83c60c6af1bb0c7fee5130bb632636972b82bd33d54f0a2b46ecda1f340e	0.352
lead-set-paul-013	724197093b69abb024916df89aef232b28ff083dfd3c5929cb0c2aeb73f2b598	0.347
lead-set-george-013	f56da989848e92d8ffd9bd08034389a9d45aa8c91a9dbe0ccaa7b756891a1154	0.392
lead-set-paul-014	33e5177ae82d3f16ce03bb790d9cbeb2ef4abc1090e5d455ca329ed2eac3f4f3	0.317
lead-set-john-014	fbf2b564600f9d7ea171dca0a070b242b7a15f8f38271e0f9d1823d4729dc0a8	0.352
lead-set-george-014	bcca409e15055318a54c0dfad3273ccd6b9476f1d9b6cedda34a36976f7c75d4	0.324
lead-set-john-015	bda1c0c5e0e4bbea6b7d3b9de74372cd9d99643ab7ac25c3c5945b271ca90114	0.308
lead-set-ringo-014	2872abdfe783621c34ce642cccbd556b63a1789eb7528055bf0ffd4b7453d9c9	0.462
lead-set-paul-015	a490fd5c7e767047930664e3aa173032b4f97617a0e01bf67d3de0e561e52aeb	0.426
lead-set-george-015	5b0bfe19d9a62b12bdc908badf40ac5e8548278348132a1180f40ba372392256	0.385
lead-set-ringo-015	4ff070dcf74b231fcd7ad1a5230c29c0958392e985d4e4fdcf6c84519453ea0c	0.35
lead-set-john-016	75845c2ff948d2e3bd402d9af20aca5e08b2b43f050b4c1e5466915201d4478e	0.258
lead-set-paul-016	1d8c93134f6e17dc9d0f31ac9a9cc4caf284ece2dfb6aadcb79bf3046f394ae5	0.251
lead-set-george-016	0c8ce46d6e221683a4f076d019334ebf51ef3557d967e38f90d3224b55e52df7	0.278
lead-set-ringo-016	914d32d073d6a85db8c95cacbd064a038786bcb0bbbc394f1f0e7be928ae5451	0.272
lead-set-john-017	3fec0f60533608ed72c6df90e6f2d517452931ff730faa37e7d6d7dc276f3173	0.367
lead-set-paul-017	8403484aac3cc9dd08a0a4805a61ec70a0849aee67da0bc167c371c5781d1b3f	0.331
lead-set-george-017	ef2f3a890d12615c58e98f2e9b6ebce93990ca6543e6d075d43a22866a66fab2	0.313
lead-set-ringo-017	9bc156e9fea5fc509cc3ca57c64f48d531b67d23a4f6099640fffc99cbf7531a	0.277
lead-set-john-018	08831e1276f66d1b86c7cd04c3189bd136cbad0a53c2d51cfb8ff8da6ecf7213	0.296
lead-set-paul-018	f4befa479a548d05cfc749494eb9214c9c30fc1a97f435dcf2325105e9579c61	0.337
lead-set-george-018	70345dea9d22950e907fdd5b7ba735a29a2224f49c5d5055aeadb4cdfaab2dc0	0.302
lead-set-ringo-018	2d9d84c290aa2880b590cb82c0c90f97713c0d0c35d52d4e8b01df67b747136a	0.301
lead-set-john-019	d4689ce3a9369ea3fba5df9324a41ed2dcda9b6a07da77df1df47ba8c0e4d40b	0.291
lead-set-paul-019	9c7d4d05b272f9828f6921eae8e1658c751b4acfda6e8332c8a8f5610896a68c	0.319
lead-set-george-019	35cb842d029cc5c895d3a055337b8d20e881626d118fd78ca92ccc8587cc8039	0.32
lead-set-ringo-019	9bd25f01b2a5a0c90f253aebb0c27701238a5a62efbf0733d4a172c8f9b0dd6d	0.306
lead-set-john-020	43f4dbfe6368362868f91bfa1d9b79c631e44729f77b9a4c243a3297b078af82	0.264
lead-set-paul-020	8bb33b3bac8c4fabf866f1f66a44f1c99afb4c722a12ebd9952d09a9002caf9c	0.278
lead-set-george-020	597a896d8549a697368ff7330d72318c9495be4af6b2c2d8df6c5919aa937a03	0.413
lead-set-ringo-020	5f42c9b03ca274e26deaad8af882ac6da2d7e405a2463aa6e2e994d6f6f37a7f	0.352
lead-set-john-021	9461758bd80a02bbe9508fcd7b09008da086d34c83ef2106133dda9fc53eb3bc	0.278
lead-set-george-021	079a8782561d621a96088c53a8d342316ff75bb9cd2ad831c10661ba3024d973	0.31
lead-set-paul-021	dd53c49f1116e82476cc4db3bb3cd3229cfba3a40e6b0d5fba7ca10fd94b9d99	0.354
lead-set-ringo-021	1e3846fad1c4d9db3fdb0735c1b8e9b6b289d76fe02029e6a03e2c4f3a982409	0.323
lead-set-john-022	5a0f32e23e323b23cfe1feb2a58719d6a27817454a93545926a903aa7d414eb6	0.307
lead-set-paul-022	c3d66e5ebc4314d5d780c3d5efc8ca3200b0183d405f156cce5ef72fcfe46909	0.302
lead-set-george-022	ad933f9186b818bfab1225b30ce04e8c5581a7fe2fcdeca04c695a04a9b4deff	0.314
lead-set-john-023	1bc3162078dd438449368755cb9d2d12d45d34056fe4e506d743b57d98c3d33b	0.345
lead-set-ringo-022	a3bd9185a9cd30469055eb2360e2ae7cbd4c7d2d919017d424888bd15fe64c20	0.394
lead-set-paul-023	b36953edd44f8f700bd22d1228a26474a422c8b47e556ea27222c8688ff17cc4	0.384
lead-set-ringo-013	9274935de145a3a1c0a045ce8d5aa6fbb9b23bdf0f2948af7bea51ed7d2031e1	4.452
lead-set-george-023	b4b946590559349711222d5cae69000c7785baf7b8c052ceee63a760791b12a2	0.263
lead-set-ringo-023	9560597f0f0b0b10c3bc59713b044750c8f6e5e1d78272ec4d30e5a81c748263	0.312
lead-set-john-024	f317fcace1dfacc59dab6ac7fccdbc81eeaacd35d8e5bbe4727f49df7ddd43db	0.318
lead-set-paul-024	4fd5fb173cace9035b9de0eae1b057fe0f563d148b25c623bfd4266f528f979c	0.317
lead-set-george-024	7b510bc8e351126bc632eafa60730cef91322f82874b6f114d0a5f77ae420399	0.297
lead-set-ringo-024	08a7c233ca65aa17980ae42e80ca0b994166cb52e10703257ea58c083da0e68e	0.337
lead-set-john-025	3d7216315f3b49366d96644e565883fce5e7a4195cbb6b36cd33c7eecf6dd778	0.297
lead-set-paul-025	8e0e3236a072303d50f98faf247bf5e3371b43ef4b317f6d66d8d49d63d4502e	0.31
lead-set-george-025	215e0b5dc82d048f7251f268d56de44654c10377c517d4fbf9768d09f0e3a043	0.375
lead-set-ringo-025	6968949a9b2973c1a6da89eade3805f593e3afe8cdaf19d97bc6145eaaa6155e	0.32
lead-set-john-026	fbbd977284d6d17d36062ed2758486c307b8c741716143852743141035ae9c90	0.328
lead-set-paul-026	0163c5cfabb6c5eea888440b4f589ce0154aeaacb12ef3b81badb60ffbee1696	0.377
lead-set-george-026	b601c8bc18e9b188a249c97782d850a1893f7f6950fe3611a3673c87404a0858	0.303
lead-set-ringo-026	288564ae94d92b67184a1fc04c02dd70d0aef92d328c7e2890a29d0ba88710fb	0.315
lead-set-john-027	590941ab5d33deb82639dea3a45a2de79c9eaf65cf314996e9e3c8a5a6ed3bc3	0.297
lead-set-paul-027	104ca130f519106e5e21237b2d119bf5ba46f6fdab7d5cb32b58efef752299a0	0.293
lead-set-george-027	7d97db898b16c717e94e57c88c55be6f1f30fdfc5b7fb577bff381b65210d47a	0.421
lead-set-john-028	a7d3eb0a96d871ba31fe82160582d24f1ed22f2153234f88c0b1b6b2cd9421b6	0.378
lead-set-ringo-027	5d7b43224fb7ceacb756be55ba3f41614e62c8706a9aa3cce70ab3700e5a3dc9	0.437
lead-set-paul-028	efd420b52d5c88d0a095558b62816c3da497c7e5b09a524e5fb05aa73f453148	0.319
lead-set-george-028	eed909602d33e218e8b06a282f2a7119c9d76a52eca2a2ce4afee41ed70fc822	0.319
lead-set-ringo-028	8c5a45ce037d81b69b92227079f1585736d083c162ca5aefbb6198009d6504db	0.406
lead-set-paul-029	e14e1b92cfe89798bc71c40b77f4651c9503b3f801834595c953c18e36f013ea	0.322
lead-set-john-029	bb4ddc71271f51a0c91150184aac4510464562329c9f0194226b214ff77377cd	0.396
lead-set-george-029	ee54a7577fcc41ee2d328b6c0d4f4805ad1f2a9052bb5af5dc3bc9bd7a5383a5	0.406
lead-set-ringo-029	be081646fae65e9b55f5cb84217a738f82a0e09bf1ce0ed3aa1ebc8a79067ceb	0.387
lead-set-john-030	3b69e4737039ec64fbb1b68c0e64fc8f6dd143e2773e0b0025ebbb27f7dbcd56	0.47
lead-set-paul-030	d3f360a9defb5847d6e2f6d9e7fa53910c966659b8cdbd1471ff65636557017c	0.49
lead-set-george-030	96b5f40aa05afb5ebfece9b72bf4298c45d4adcdeb5280f9f524bba1e7f894e4	0.326
lead-set-ringo-030	c012d8405c439b2783f9b8379d573fb1d6cb3f5c7993dbd0b6a256669484f07c	0.31
lexical-trap-control-event-to-song-001	fa03d4a672ef33250557f5864f34fdac741a884714a898b56223e3adc868dd5a	0.367
lexical-trap-control-album-to-song-001	f85ca012e0529331010e7194dc9b0015eef01ef590027cbbc5641db702d8e169	0.435
lexical-trap-control-album-to-song-002	805f7162c3147e97aea9439bd62e396578acf666e508c79f4d12bd6da6da1a00	0.338
lexical-trap-control-event-to-song-002	03ce692a222831844e148aa2b74378a1b63605b584d3af05d0b6c760a169e4dc	0.418
lexical-trap-control-event-to-song-003	ebbacc44994babc5555e8cb10364a9cf769fd50a53ecd272723cac481e387e2e	0.445
lexical-trap-control-song-to-album-001	66924a41b700b67b7d157d54763b87e8cff8c00edfbe66edde9913ac5d0b89e2	0.542
lexical-trap-control-album-to-song-003	6ad1bab11d9d8faa3e74cb72b101ffbab05b652c89f919c901fcec77a3681ece	0.586
lexical-trap-control-album-to-song-004	30a3d10f243affafbb8dd960de39a6c6a2b13216808e0db1b3ca1d865b8720d2	0.513
lexical-trap-control-event-to-song-004	1512e1368b4a8f775989b8a3d56efa679256893596186a4a1428bc93e3c89f16	0.36
lexical-trap-control-album-to-song-005	251a911427e72f9cfefb2d4a4979821b93118572752bbc87c9b7a559a4384cf8	0.417
lexical-trap-control-album-to-song-006	1751e7e8dcec69d2731aac6f56407cb9e5287495cde34b8e9bbd6df694707836	0.45
lexical-trap-control-album-to-song-007	cdbe166d288891bf182b15f73ffad259519e508b6ab9156d295ec16745822e27	0.385
lexical-trap-control-album-to-song-008	d05d51725d3ed6b88f954f6c4fa91df093e5ff83d31b394ef84f561e03295963	0.349
lexical-trap-control-album-to-song-009	1b1b4876f5c6b50b282f138ac2b0b4162705fa09edee0182661c7fdb28f2f09a	0.339
lexical-trap-control-album-to-song-010	0da174c13fe74d8deb6df18a8a378f58b2722d83b98a05573716e8fc2e27fc53	0.345
lexical-trap-control-song-to-album-002	69237bc31f45b60f8f54ce58aad5b15eecdb83bdf3d87839278176faaeb6e908	0.468
lexical-trap-control-event-to-song-005	66633aa985f8931a24ff4c6a3df54a1c33fd7837e44df5bdda7fd9a93b8302b0	0.434
lexical-trap-control-song-to-album-003	64160c6ab28d2176e25900d2f61efceb3fc7707bdd25c3d029199cdea8434c7e	0.344
lexical-trap-control-album-to-song-011	0be8e14c3454c65fa4afd943779a495597a57ff9e202b7009e3261c7a579673c	0.289
lexical-trap-control-event-to-song-006	787b28cd3f2dc0f284bff822d0a4efe823a6df61087587acded8e5f83c78b063	0.325
lexical-trap-control-album-to-song-012	c02d608215dbe0d31607e8ddb9ea318768915598f11f31cbce11d7e5648c8e18	0.36
lexical-trap-control-album-to-song-013	c16d5ca0a59e886bd9fe6f8fdab7608b0b62d9c16ea4445cdfefedb7217e8f69	0.31
lexical-trap-control-album-to-song-014	7c9d83f379b892fcd54adad4ca0b77a97e6a9036e8f4b900230ca42e58d26480	0.363
lexical-trap-control-album-to-song-015	b1cfc13efc8e05105da9ed916910cffca7249045559942666032c7e7e279c86e	0.328
lexical-trap-control-album-to-song-016	a5802de65bf9103b42057e61e5b52bbe2058fcfccececef2c3b9146174cdb215	0.304
lexical-trap-control-album-to-song-017	87f58f0d8589649b6f2bb8422e957164dc91ae57ef6680c1d82b126b1d32b958	0.32
lexical-trap-control-album-to-song-019	bbd0e3a9da6733fe8af63b0fcf961fb3870816820c0baef97251e59c510adc4d	0.307
lexical-trap-control-event-to-song-007	159ab39506ca2d8222823bdcdf29e28837c15c9e647ecc851a159d7c018457d1	0.312
lexical-trap-control-album-to-song-018	3fb88888c9996a1460caccc1083f4aff8945f30d2aeea8209a53ccc40421895a	0.368
lexical-trap-control-album-to-song-020	7991fca79dd1b3a7f18d6276b26295f882f62687640ecaa82ee0c919be7923b9	0.301
lexical-trap-control-album-to-song-021	eb75b28d91ff45b7023cc5a1929fbdf9ee0f450be424cfaac75ec5c6a31e0ef0	0.285
lexical-trap-control-song-to-album-004	2fd19268d11c3f5806df0957a5f89e68f2d877a91bc0a83d95ff95ead0de55dd	0.288
lexical-trap-control-album-to-song-022	3bce1e3b83dcf0dad31397fc804fc07957b38378afb1e568242ba60dac78fdce	0.397
lexical-trap-control-album-to-song-023	d1537d53dd5a1206fd3390b6f787cc39064af81cdd72af31eab27a7cb260bc8b	0.417
lexical-trap-control-album-to-song-024	d072fae226fbf148740a028e52e48032cc9b800053fb0d2192d6f366cad01d4d	0.347
lexical-trap-control-album-to-song-025	38d9b088ae2f4472a7c9bfe1c7c81bb52f150959fad8913500de1abdfa202bdb	0.316
lexical-trap-control-album-to-song-026	61c3ca4100ef2ff50642d69868184537918e4f9afd390a13fc9b811f85946f57	0.419
lexical-trap-control-album-to-song-027	53d18ca86e3927f37e650cca55126508ba40f5f8d679bf5d1cc4f2dc189a7293	0.336
lexical-trap-control-album-to-song-028	1057178b0f63f152f942348a68cd8ef45921b6cea1fb51e60bcd8d738e575ab0	0.393
lexical-trap-control-song-to-album-005	d33b3faa6458ffd5ab1e8a7af691bbdd6c94b208b48d935130ef6c4aaf14af49	0.424
lexical-trap-control-album-to-song-029	fd06062fc4ba343780bb328aa7acc59423c3e32e1327d4cded2ab39212ca0e84	0.313
lexical-trap-control-album-to-song-030	5d2f20343c4e69e73a7008cf5670fc449439b6489c3216b0060aa4cfd8b75907	0.457
lexical-trap-control-song-to-album-007	abf5e6eb68a0fc5b8fd3424db53c00bb5fa946b6b5ff5f0bcea793ad01a449a4	0.349
lexical-trap-control-song-to-album-006	7b995372db1729c2f57aafc0dfadec2a474efdf8ade5fe44a303f13f43f116c8	0.465
lexical-trap-control-song-to-album-008	646f030318787ea53d42416d6fd59480ad77007ec0499d00a303984f5b945334	0.442
lexical-trap-control-song-to-album-009	427ec5be5a97f607ac933d1efec664482ca1440e976a0c8738a844059ffb9048	0.349
lexical-trap-control-event-to-song-008	b3a5d4e9de8d791428581fe135c3cce01018747e10ff88aa9c89e70c07cd5291	0.33
lexical-trap-control-event-to-song-009	11e345a682336ae9107aca8db622628085c918355daba40c2686875d4152d0c5	0.376
lexical-trap-control-album-to-song-031	41a4b0c236c6c779d25889070d4e3479872f9c7fe85f2a2ea30cb325b7f1c244	0.38
lexical-trap-control-song-to-album-010	1f09d992fb518e624b98f3258562281952343799ee519bf9ed4b9e1e92aecc6a	0.336
lexical-trap-control-album-to-song-032	8957c5e84756b4c41b41fed06119d7cc3da1af0504232450e751fdfd75517d3b	0.438
lexical-trap-control-song-to-album-011	6b32a61abe042e17a3b1d7a6c60d7fec1c11df5de12ecfbd89f7dd7dacf00f68	0.354
lexical-trap-control-album-to-song-034	e8d3d179c03cad2e8766d1503c8bc279fdd27c0d0ee99aa5000ec042d844ac47	0.295
lexical-trap-control-album-to-song-033	a6faeb8095593a5b9fc7e26d0aa37c306da60a59afec53a8a424b670c0107930	0.417
lexical-trap-album-to-song-001	0d932a363daca26840471d0f8099b103c32f3ed3903b0f2aa611744569a74b19	1.151
lexical-trap-event-to-song-001	5958bf41279e6df1333fd73f22c3802fb33f990ab73de19d7a1f35d57d4b305d	1.09
lexical-trap-album-to-song-002	8681587222771c079cf661ca3d17c76f8723b48ad40e0a17c0e66c37ecbf7faa	1.0
lexical-trap-event-to-song-003	df18b4b744eb9a6ba29cb5ce056a421c345c3b4fff461cb0ae5f57dfe2a79fa1	0.296
lexical-trap-event-to-song-002	229da8fa08cb09be284d18310b71b308ef4955f7c6f921c52169a350ced9d795	1.197
lexical-trap-song-to-album-001	c4fd7672eab7125c1fabdd88fc0c0758228f56c046e2dc10279df5022cf29bbc	0.295
lexical-trap-album-to-song-003	f3898c4e3675eb242f63310e4fe64932e0807e0aeb322959dd2737cfdb9108b9	0.381
lexical-trap-album-to-song-004	e939e2e6bbf6329a745b879d312e866d9aaf687542f047e23637a20eac6716bc	0.262
lexical-trap-event-to-song-004	aac0db0960bbf02c40c9d1d9f7f3f270d840130de78f604a592cc3d6ef0a44c7	0.336
lexical-trap-album-to-song-005	a3fd1ccb9f9cab7903f69f35dc92b61bf1573d1c1befdbbf5b3608964a084601	0.373
lexical-trap-album-to-song-006	bcaf2c7afc68c1653091c572fa9dec8ffe32f2c48ac0d0b40bd72cd7e0178a1b	0.354
lexical-trap-album-to-song-007	473dfb02f37d81ee4cbc75204fef1471b42a3282c6d5429388836672d024c918	0.285
lexical-trap-album-to-song-008	61498b9ac6de20310084c187ed73602d7d005b3f37f60f11cfa84382e29f9780	0.333
lexical-trap-song-to-album-002	1da7cfc2ba00cd85e342a0140db89ebd5fb905ded25b87f89e01987405c27ab6	0.316
lexical-trap-album-to-song-009	5282e49fc5aaa30d86032c6adbce7ae4ec2d934d7f52bd594161bb65ec47369c	0.373
lexical-trap-event-to-song-005	bc0a7ca3dae07ea3d14a3eebe9a953b0f88fce5f092ad2fcbd9986e79e371d39	0.303
lexical-trap-album-to-song-010	e23282e222afb303ce54cc200a185a60d75960609b5adbb6cb5a2443d014be43	0.369
lexical-trap-song-to-album-003	e40aaaafd565b331dd8e89e9b829ed27a47504685c3c9aad6e31f4f14e7f5363	0.322
lexical-trap-album-to-song-011	6d9c2107e8c198f78243681fb9d72ad86d9f1956fea5c4819f962a6eab911783	0.324
lexical-trap-event-to-song-006	a42a5266b73708ed59a9838fb1e6347f042894d7496646f1bbc92ef329ccbfdf	0.357
lexical-trap-album-to-song-013	fdda07df6117ece1f0602e0d3d67b5d5cb4a46f1742153c8ae0550de93b571a1	0.276
lexical-trap-album-to-song-012	15e9bf1819d89befab47082207107541ac9ec1419e749d5590992d46fc165d10	0.323
lexical-trap-album-to-song-014	36904edc7b778e475bdc41e2a1f3667702f30669bc7e8629455b9d293f924d21	0.343
lexical-trap-album-to-song-015	47fb4ca517ac0635c6db17e5ab50c88e60ad55abcdaacf292a60c7e9c09e7327	0.32
lexical-trap-album-to-song-017	19c4fd0862b853910934547985c4d59817adea19e6781923ed290ab278cde2b0	0.304
lexical-trap-album-to-song-016	e35a851dfae9fee41ef224018c141cb2a4ebacc0294f223261d1534938b72413	0.357
lexical-trap-album-to-song-018	b0af2a98ab1b2366d03ee50e09cce960d79f11ae63e9160a43a59717a87ca11d	0.341
lexical-trap-album-to-song-019	7c15e8051ae1516811edf9bf7a66f850dda432784bb4eb2e96940f40d18cd208	0.341
lexical-trap-album-to-song-020	a5b785d31465c7d2295b70db06b5341af1851eb46b8329f8708c284447eee899	0.357
lexical-trap-album-to-song-021	d68ba07f769d4521a3f77088ec7d8ad0ae5d34fc666c12c2d84b88803f9df88a	0.319
lexical-trap-song-to-album-004	b8ec8ab99bac69e4bed4679a50c5f1fe1815a77adddecd50d21ee6262d4ea9ea	0.351
lexical-trap-event-to-song-007	cf46b594911c334c2398bc0034574aa54a046e0eb6b4dd164e5f2a31bb1d0d38	0.551
lexical-trap-album-to-song-022	59aee8f080e7fdf802d41e526c7ec4c4c964459a81b25270101dcb73969ab5e3	0.422
lexical-trap-album-to-song-023	c0a4ea074e7e9a59bf28e9d6fc60adcbcb74c258d1b163130e7669f310f4e8bb	0.407
lexical-trap-album-to-song-025	c87ed88b9292c4faf7c0a402ad9e5e82dc903b444ee4737e510ba6a082a80b3e	0.341
lexical-trap-album-to-song-024	e6618bcbb3650f44588cfdb94a61b4004b30b9e97c087c1ca45fb8de9592ebd4	0.461
lexical-trap-album-to-song-026	535375129344ce309029273aca5b553885e8270928d06bc311ac7fb13e05ed0a	0.33
lexical-trap-song-to-album-005	71816785c384ad51fba5a4514eac7e9b23582fb6f0c71f4dbf5d1be25e5be45c	0.352
lexical-trap-album-to-song-027	74f9c8b0140a38d9979802f2910e0f18b58343f22cac234a78664ea510f6b422	0.381
lexical-trap-album-to-song-028	8c1047b2d0751de1ba7ed2c4d5b29c2ad5b6eaf21135165273643b16bbc8b55c	0.313
lexical-trap-album-to-song-029	2bc63f3393d36cd2ec492bb28e31898b9e6bf420ce75e7c6898af85472ad88e6	0.263
lexical-trap-album-to-song-030	2dfef2335a3a99d0461786bb32e024cc0aa50c9565ff2ccb94f43df4002a36d9	0.266
lexical-trap-song-to-album-006	152436b2b8fe96caffff793e830883db1c718e04a1d83af8e4a3d7a308fd53c1	0.3
lexical-trap-song-to-album-007	07aca5c197d8d84de2d97729070412c31cf9b748001eda78ec2838a0072531e8	0.272
lexical-trap-song-to-album-008	c350740b5f70f9659543f2138ebfa0e0f5615ed77cabaa88297ff22a13cf3916	0.287
lexical-trap-song-to-album-009	ba0d10fe3e127e0da6e7795e193e0a12d2b7b04f9a1d2866ca945e1b14c2c942	0.321
lexical-trap-event-to-song-008	e2c44806dc0ddfb7db47b2019a3fe66d889511e50add9a078ac5c9067308010b	0.318
lexical-trap-event-to-song-009	44a7a5b46773fec216636e5e26401cd8182b7816fd920e81268b69db23a3c931	0.277
lexical-trap-album-to-song-031	9d3982dd82f3c54c6f9332556d6ccd924e3da333003557348802427434335209	0.313
lexical-trap-song-to-album-010	c839cbeeb90f06aab90509dd4032539d9dfd823be67b48dab99dd4b026f522f9	0.271
lexical-trap-album-to-song-032	14010c8440335c704ff69d450a7ea36d3fac615eab76f840e8f82c66492599ed	0.368
lexical-trap-album-to-song-033	4679da1f1974bf8294741fa308e4d06d96b06b7168c041abb6a902e6201c0193	0.27
lexical-trap-song-to-album-011	db9f90ffc848c9e6d728e8f597df25d4f0f955018aa20bafc15bd5d6169e3e5b	0.416
lexical-trap-album-to-song-034	67259312edca628146cf16f9508d1a51c08c1d914e911eea0f2f8c3e23676eea	0.308
multi-hop-album-year-001	29e123b06647464141bf24e6984461e107e888352cc197128050498b61f3b124	0.377
multi-hop-album-year-002	e8d541d3c20f8d175e651098acc4603704f52f4c6afbbf44ca01da491343b238	0.356
multi-hop-album-year-003	6df04d1bca0e02c5679dc7310cd1df4797306e15c8d3254705e77f3a87717919	0.356
multi-hop-album-year-004	a5d72bbc36345974f01280f74cb62a9bf625ac912707791f5fa53b0ed44f4579	0.347
multi-hop-album-year-005	1872163bf2650e991ac5849d195a1729691e6e0c2389719c3b00aa9a6d52268a	0.363
multi-hop-album-year-006	6e9537b6d6e617562dad72b316972befa6d55ed1fa51d4036d87beb8638ba0aa	0.378
multi-hop-album-year-007	391af18f016c9732566cd934a83645e40ec0c683820623d6e102e84135351524	0.377
multi-hop-album-year-008	b15eb7d941681a99db945cd3f1425ff39bff509091c8b33fdeeeb7ddbfbfd8de	0.335
multi-hop-album-year-009	9b85ce999f1e190e6866ec0a55e9046f6242c9921d7347e62e6b794aae4f68be	0.462
multi-hop-album-year-010	75ec539010b2869d1fbc961df636de2b4be4988cb07908530b15b374436d3238	0.383
multi-hop-album-year-012	54bbf1877cd11a637f3a2f9e3281fc0306a3821067451d2212142b69eb81e9ce	0.356
multi-hop-album-year-011	e01ac0c638f9b16c492544e8ec3de06d06c4fafc13a129e482afc60bf37f5e22	0.453
multi-hop-album-year-014	f1c03544bbd5624d0f5688f71c4a7e2b12d907d5d0bd0becfeb575014332a0ee	0.292
multi-hop-album-year-013	835941af93b1c56cd9a00f59b1c5bd60a3d60b6eab2c2e1814f7c6465055e22c	0.37
multi-hop-album-year-015	f5c8ab748db36d3b3865039712c9c0a8730d369c66217c6eae1f053a319630fe	0.294
multi-hop-album-year-016	ff003b52cc0031d92dd6122d20a724955b557e5f13dd0ceb6fb5dc234529ba4f	0.308
multi-hop-album-year-017	416f5271f0d30c7400b0808d45c763b7be2febf00a8210d6f60b66fc3d6095e4	0.314
multi-hop-album-year-018	84011a7520a31f470602e9e4a594cb9c35fb7142e5de5064b425872aa4b5e4b8	0.315
multi-hop-album-year-019	537ec6cf24a4fc0361bb4d7f347d1f352461c7dbbe10f34eba269d3e947ccb5e	0.32
multi-hop-album-year-020	25c74face695713038363a2224715de19dd9c9ddf7e9afb4b0e365fb90c83089	0.317
multi-hop-album-year-021	b9abc4e8c225533942990411695ea609a8250ae3926656c72371ac5084844e0d	0.252
multi-hop-album-year-024	868a27fe7b2f7b560469e57e391c14872c74a6ca46c4004673f2531d96111ba2	0.325
multi-hop-album-year-022	b37b3bf8a89405890f1f8501a02a5834256f6e7ab20cb21c6d13d10da028e2cc	0.356
multi-hop-album-year-023	9c2267546d3114e59351fa4e026e2050c8e94c03e89400a334c63e77ade2a0c8	0.394
multi-hop-album-year-025	3d15fe3c43dc75cf9c25465e382f2847ccb34b29529afbea7d811a1b6eb01591	0.283
multi-hop-album-year-026	e9b73da0dbdb33d2252aaa7c0b4f9906f4b85a0d10a50f00628e0102d6dc8ca5	0.313
multi-hop-album-year-028	28a40e371433c01c33fd043cdbaae784b2e4411ba359f894c1dc7197f3fa2d2f	0.316
multi-hop-album-year-027	9c24325cdd71b1fe46076c5ccdfaaa78a103014eccddfa2335a11e9caf5bd303	0.372
multi-hop-album-year-029	c38451872f870ead68033dfaed48dd81fe6817893fa9a216bd20ba409ff91274	0.269
multi-hop-album-year-030	4608467e8367c56d4eb97e975b65ca1e68fa5d256b1592194ae11b4331be3c6b	0.323
multi-hop-album-year-033	0306ae5b4733c2d3bcb908dbf0e604f07704428345a891691db9633768b9c368	0.352
multi-hop-album-year-031	e69adcb0927ca1a9a96f850ff0dba723ca6d7c338304a5c8ccde9f8276565ac5	0.401
multi-hop-album-year-032	281c83d8a909e979cf41ba5ad01e671af6e4165b00f5adb94045339d8023c675	0.464
multi-hop-album-year-035	c74729eae5477ab75670c21ecda2b7c2bb3a988f740765957a7aa1aa139c02b2	0.333
multi-hop-album-year-034	f5dda0228ccec5425a8f76e5706b3b0cacd0bb65d5bf49962e1da87a347ca6bb	0.497
multi-hop-album-year-037	9d4d6d30d9461761b934c532c3facf8933a69bb7d49035bad1410ba91a7a2820	0.356
multi-hop-album-year-036	e2e4d496426ced1e7605b966d4ea266d41a62c573dacc3107b9694e6988fe4a4	0.475
multi-hop-album-year-038	7377949e2c16619f290db26f93cd77e7d814689ddd2550f9c3564ad97b591729	0.238
multi-hop-album-year-040	0f7176ef2611410399c250cbb6f4c88355b00f2f82055a17e6e677596e610db2	0.268
multi-hop-album-year-039	c1d55a03ff8a8a3105120e2fc775811b5f0e58f2a26630f3119504696407071a	0.34
multi-hop-album-year-041	4771693882be0844c920284b4ab04d8830d1c0f1bb83df47f2e2204f26428b9f	0.278
multi-hop-album-year-042	5d62f1209027bf738409245881da3dc9a18c326259b1a97e1de730e0dceecafb	0.261
multi-hop-album-year-045	66eaed0c7704848fd836c5d5f1cc6b4b8a3692d836d284e440d71a505a8b8260	0.282
multi-hop-album-year-043	3c807a327928b2da6a3c4f2b371466c358fc1d33c31b469f40477163a71298d1	0.362
multi-hop-album-year-044	65187804efeb61a6403c1ebe4da7aae773223f6ca337b757d6f4b946b577f6cc	0.363
multi-hop-album-year-046	40fd4f15e07b6eb5cd013a3c0117f632a853571e833296eb2a782311711ee8f2	0.375
multi-hop-album-year-047	71c2027aea982a908bd9d6b2b500fb85fd9713ce2a18d2d57499c2e475b1e2fd	0.294
multi-hop-album-year-049	dbe14f49dec49cc8e0b4591643db7d14718689808bf9065e63e659932a130b5a	0.327
multi-hop-album-year-048	9438e6d4d4d8673c93583f70a7e614215596385b3f85e1215e023d8a2230f0f9	0.385
multi-hop-album-year-050	3b1b7098cd60ee162eabb7cc1837110d7df63a4020f5c35c508deebf919caaaa	0.284
multi-hop-album-year-051	6cff5a25bf1f51b4a0fb64c2d247f1a1853956c6e5a2f65d9d89e3c5d27cfe71	0.295
multi-hop-album-year-052	c9486901f2a46fbb6ad14432ea38fd183c3d813e5bf2ef87e3e7ea801d9ed6d0	0.287
multi-hop-album-year-053	a24c80203c90b1a7d17fa41e2fc9e7a3ab8d76eb02e4928533159f87044ee7be	0.247
multi-hop-album-year-054	1d82c34c7ae3bf2637763d6cd14add1aa11cb573b3b27dfe0968655861a7b6fa	0.284
multi-hop-album-year-055	5dff72ad50549e14e466cffc4458a0d7facba886ac124f405b2528d439ca7a31	0.307
multi-hop-album-year-056	cd37ba42d6426064abf9711ea11b781ecdab7a8dcf8d755cd7b25204c2a34cdb	0.304
multi-hop-album-year-058	8812a5e328910e142b1b0e27ff1f10320c9370f9b23466156c54aff8eff8c2fb	0.334
multi-hop-album-year-057	6ee01355ca5d9aae364fd7d9ea3cd9e58b561233a26a9b881b7525d1fc7fc26a	0.417
multi-hop-album-year-060	30683fd6fd92e8ab90d345f689fdecdf53e3f586ae32151266f2a2f883a72477	0.338
multi-hop-before-after-002	34de24cf214fb7cddf20b84148b2c109ea96b305699356752d76216a987e6209	0.252
multi-hop-album-year-059	737191174cd1d0c24d0efa2d23fecb2c0e2aabbec81ea4bb615a0a37c349e633	0.417
multi-hop-before-after-001	8163d792d4b6ca0d44b3f1c89ed64c61ee0438327a367329b8c16bb16b30e2e6	0.356
multi-hop-before-after-003	8466c81bb3331b9b9567597604ef0ce125dc22f8ccd13d04c2e27484f15c16dd	0.352
multi-hop-before-after-004	ffb78cea8777c4477283719f76487d2c9a78d4cf2a16b9fe3d3f9e171c42ab73	0.339
multi-hop-before-after-006	3a92bd389b0d9000c873ebeb99c311a0e5c279e3efc00693c130d063d834e99e	0.278
multi-hop-before-after-005	d7720b917c06a5d9f1271492008e76b73dfbd32283e990945f88ecc34fd8c456	0.372
multi-hop-before-after-009	ae85228537153d401276a8edf125cf4b6766cc9068b13073b6e37647ffa99b0a	0.313
multi-hop-before-after-010	18309daed87d7a8df78a023f8b1d4c15be5f9fd352be39dc69ff4e11faa16e8a	0.312
multi-hop-before-after-008	fe73215d7d186c0585596afb8e4db4e951d85cfc4e7c17022c0c3ef383b164d6	0.382
multi-hop-before-after-007	a092544a96200e1ae782b078355118466d6b8902572ff1b8805bc9f1343eea5b	0.407
multi-hop-before-after-012	65494972417330e0d077f1f5c5ca47c04cc19c2f16dd304733d60dc9b142f7df	0.305
multi-hop-before-after-013	c6e00cf3e8a738d962fe2c481d3cb6ba93e70df84bfd36e3454d214f0bcb62a9	0.382
multi-hop-before-after-011	4a8cc08356bcabe0a95939dd4d4f40133cb0a523c8b89a62380cfce03dfa2792	0.447
multi-hop-before-after-014	6f180a57e58e113305b3435adff43fc4c13030a63a4659c01d999c99a7984631	0.406
multi-hop-before-after-015	7e123846cdc4323c949ee349dfe472f4bd7f3ddc08b437434eff59354c714959	0.255
multi-hop-before-after-018	fb96a0896a6d432d3955b80ac857c9316286eca3660ebd18eb40b432342a930f	0.273
multi-hop-before-after-016	b10ab4ee9861c229351a4ddb870b7578b8bd4e8eaa604e2166d9129d43b42457	0.331
multi-hop-before-after-017	e9ca01a00a6d92310a737a8433a020cceb1c2b57e9220d96eb8347fbbcdf3301	0.321
multi-hop-before-after-019	d047ffdb0a62034528ddaaf5f1b380bbafe5308f076fd307a07494c1d1f9c373	0.369
multi-hop-before-after-021	ef4d01b9ac9d391b2a3328803b4b14209eb28b83b3bb219af04551d23566dc7f	0.298
multi-hop-before-after-022	f469cc1dabe2cc26a522154fc544310a53377b2ca08455430ab858156eced89b	0.327
multi-hop-before-after-020	54c6477fe6d5d3751de2fa7a9b03deb89d2ba0d8b98343da151b1fff84ea7253	0.384
multi-hop-before-after-023	23cf55cefb73f73949ae3817a332cbfddc24f30f4491c83d0438a7b4ad333cf7	0.288
multi-hop-before-after-024	0daa31984972c3a5b75b4ddf8cc91e2c544ed6c054964f5b821ef2bf1bb32c71	0.261
multi-hop-before-after-025	7261c65660bf33aa3b04ced3ddb782a09e73fb82a4e6515ff5f2d1ca98b85183	0.344
multi-hop-before-after-026	7d8f9ad8815515a87655f56f54ff7f0f3d67aa325beb58571154fa307d042819	0.325
multi-hop-before-after-027	e526351804b348a76e340480d26e3c78601795ab5cfe9cd1f680c036d00d2601	0.455
multi-hop-before-after-029	45666d922cdd77c8ea8b598b67fc7d395cc7c5f4008113e5812927a0189fce89	0.277
multi-hop-before-after-028	368e9f36f4451b856abac3f23d1467cb688bbb588cbf28ccae362dbfdfeac519	0.396
multi-hop-before-after-030	a70686bbde7d5375af651409df649e03039f57c1b8dbf876418d6dc5c34de38c	0.317
multi-hop-before-after-031	e72c7786cc862370e86ef199645d7888d7584f63de5059bece62496703f20e72	0.274
multi-hop-before-after-033	f583761aef58ce2837fc606364035801660efff17d8cf3cb12fb148966b7ffe8	0.35
multi-hop-before-after-034	d03fdc878ea9268617667e0ab2cb71fa0cedb7ef55c22f728477c4d152b837bb	0.317
multi-hop-before-after-032	44a512e1f5b44bd367f3e9c81f776b3997b0cb72dfe4128d4d2e65f9e3c5cb27	0.4
multi-hop-before-after-035	182b9b2f619b6403ed0edea2de5386c223d0266311ab4e9293e41288b8401745	0.358
multi-hop-before-after-037	555ad6ed76d4dbd5be3760dee1f32fc0383f8007ff01785f08744c6b289a2ab6	0.29
multi-hop-before-after-036	689eb4313fa9e77de0e107b93f540c1158e01911ec77e28fcdb30b8f328307ff	0.322
multi-hop-before-after-038	069c8d72c09dbc0d03f868c22937fba7d0c1edc6397ced419c1d3e7773771434	0.368
multi-hop-before-after-040	c59c6fb728728b1c13a681c9191c61838b0ad5ec1286755e33ecd81fb709c6ce	0.251
multi-hop-before-after-039	442c3ec1bb74a2a4898161f1d489d71deb6937df3b1f4bce30686d843c648486	0.379
multi-hop-before-after-041	549a182f69c86f73377621cf732b4e331992935446a1253efb4d6e63dba940a5	0.336
multi-hop-before-after-042	2f1802b9c183ddb58b272b2ab5628e8572e0016998212a38e2b5fb1113e23691	0.38
multi-hop-before-after-045	95be45f766915484d9bb8e537702d6a3eb0defc78b6e17442bde218312175396	0.248
multi-hop-before-after-043	443a672d02de74fd6e48ce22ca947dba3d1023cc5b6b9c13cc306ef176193857	0.364
multi-hop-before-after-044	7020738fe3a86fb39c0bc66734a7a9f0dae6c639d696656e9a738cb318d8bb4b	0.315
multi-hop-before-after-046	a5cc069316a584d1008f7e4f5a7e2b764c3d79b6794818e458234f66c7943a6f	0.278
multi-hop-before-after-048	9c5aa8d1d18301b5430f3e924395c7bdb4e0ee5ab73b7ecf467fcff923b2fad4	0.277
multi-hop-before-after-047	dda6a92694c9f8ab0361ca0e5745e744d0d271b66412b233cfe47e4eea313695	0.309
multi-hop-before-after-049	2f3297dcb542059c583d64029b44996ecfa6ccdf7f1cd4a35d224b6963cc6592	0.311
multi-hop-before-after-050	0127dfaabba4a3eb2b1557733961ad82f83bb81b7fe38740c91f8f2c324b1879	0.371
multi-hop-before-after-051	c659e618f5e51466de99dd1da5105ac305e700c7bd8b7f53bdfe0fb9a1d0ecd4	0.393
multi-hop-before-after-052	e29f0be8feb526e648a429785759698f2137864cee730e1ce98643689a0e2e33	0.388
multi-hop-before-after-053	ddd23a71f88de2647ec56453655d2066347b3e66775b2aa9952ffb497c1a5414	0.368
multi-hop-before-after-054	34222f9470f86d07f842967c2f94f5e887e7cc369332350c5e4c6e989ec94840	0.321
multi-hop-before-after-055	516a1622bdf5cd43b5f6e7b9f5b02ded28aa8a50fc8a36c60be14c1b3c04b4cc	0.286
multi-hop-before-after-057	d300fb30b55e22c50d1b0eba64eb28a8859f0a685dc16159c43eb890c773e388	0.333
multi-hop-before-after-056	d72e71efff8f8e82d067d0b33d05bc5b5e6a2180c048af7b0feda03300a16a5a	0.379
multi-hop-before-after-058	875f8cfbb4a8c895964841b8638804413d72e3c746b8eea876801964a27e9dca	0.282
multi-hop-before-after-059	25d03ca81b905451972a8da427ca91b2029e53aa105bbef693d469889b720193	0.275
multi-hop-before-after-060	92fb2cd69f001531817f9a8ac2e699e75768cb08cf585a7d4f4175e06331e52e	0.329
multi-hop-same-month-001	fe2c8d1425cfa3249df652e1f1c9526e65bdcaabf8efbc7a97de2cf09f793656	0.331
multi-hop-same-month-002	09d6db1430d2e085765a07f72ee4d51659f5e969d8a95dac3524b645eac137ca	0.323
multi-hop-same-month-003	ee062837b7bf15171598e09d31b400832ef22973e5ec9a50bf66dc4db7201dd3	0.364
multi-hop-same-month-004	47a4e6af1ca20dd1800c4daf4cd9e2f40cae131970fd68959d4870470d377b20	0.353
multi-hop-same-month-005	f6ded4e2342ec02d363530d4ef89b2cc431855a48a9cfff72ac853801b8fabc5	0.388
multi-hop-same-month-006	244156548e75d9b330294ed0961825042318dd9d83007e30cd84a8d47b4f75f9	0.425
multi-hop-same-month-007	a7771f845df7337e6ead478f6c655573c234b36b1d2dcb51c99d05849592346e	0.316
multi-hop-same-month-008	3fb8cdbcdc5d784b2205d7f62ce68669281565309a94529209771f7e3c23d961	0.295
multi-hop-same-month-009	a903bf34fd73127a71c6de4da75485e3d72f5219118b0d50b772b331a2958f34	0.286
multi-hop-same-month-010	08fc969695c61d82f1e4b06824e8677aa027dd5bd43a68f42a789034c54ab4ef	0.296
multi-hop-same-month-011	92b15f75765e4abebb37c1876b7a3e7126150d2a88de4ebd53c94342921b2e7e	0.304
multi-hop-same-month-012	730fa9153bae8672bc405e18f303bde6c43738f18c20d8fa09177dc4098fcc3c	0.266
multi-hop-same-month-013	80b11067ac937abbc0ca12d148a15973271d7aa6226879d36e7e6e6c7c6a9bf8	0.36
multi-hop-same-month-014	81262da1b1a2721b92d9e82cdba618f5d0305aa8839b0fc134254df2e58eb836	0.256
multi-hop-same-month-015	577c5349cb4f8f6109c6ab471d23a628c8858fc48a6a6ae6c390d92d2f380ac2	0.359
multi-hop-same-month-016	35253ff734a2d7c9c5d9bf3b46bc63c6b3908d5c26e22fac8e4d30e4e1998144	0.351
multi-hop-same-month-017	12e0217e6a3fceafd2a3fa8d7891301a1463e1862e7d032f09844604e3374de9	0.376
multi-hop-same-month-018	392359ac14dfbcdf3a3db5898c16e7073dcb38f4291e8b32ae22541f0bcdf111	0.395
multi-hop-same-month-019	e5c3ccc7cfb89fdff6368320872e88c59a84ea70a92d715a75863b727a8acdcd	0.371
multi-hop-same-month-020	c2f6a5bb5183fdc1428928d5cb896df8886ec85a071895adacc7cb65b69964dd	0.344
multi-hop-same-month-021	d1c788927b8fd380bc3d2bd8149d75b10a2beafdd7e9f65358c4a6ed097d1d70	0.275
multi-hop-same-month-022	bffd0845aefc831db94337561b62d8247dc7be0d72226b79ed1e09056270dd6e	0.299
multi-hop-same-month-023	b34ddcd1e2a584b88d0437447b8bb81b33fa6ae9b7a87ddf53421631c00a364c	0.309
multi-hop-same-month-024	47eb4ebd49306937305416ae28c177b63e76acf3380f0f4c87b96f22fefaa53b	0.3
multi-hop-same-month-025	3ce1c0af711b105bee771c648469f6f835d05c8aa4ec0a4092a477e6c29a2f95	0.293
multi-hop-same-month-026	67cacaebe65e8257bebd0f8555b5732443ff79a4d59a1e73791f189729fef9a9	0.3
multi-hop-same-month-027	9e3140af324d1298bea7be6d3afe5894effd59ea78eac9b606192f05b6a6c1a8	0.272
multi-hop-same-month-028	96f381d85f8686ad3dae9d500d15764a7b4f662c0b655758a15ca5f947ccf54d	0.287
multi-hop-same-month-029	7399f7a7807f3c9548eb31b0e0c14fe62671f1ab334e899c9010f942c4dbf586	0.297
multi-hop-same-month-030	c807353e2a7a79dd64b8cf221072a1e66c90b34630fecb5fde7c4445f7ef0f4c	0.315
multi-hop-same-month-031	a7e6524c53ac2495c86a52bfb7dd5511a4907f473bed0fd1164d4a87338c44b5	0.276
multi-hop-same-month-032	3ea88f7e7d51133f3f1459c4c16bd1d2ee09600979be955d3b498e1f875a69c4	0.345
multi-hop-same-month-033	328eb91fe68cbfcd2187541268b1137248cdde5f27edf4db6579882fb7ae6bcd	0.387
multi-hop-same-month-034	60026f674653633d941aebb0e2e4b38fb4b75c487676d4409ff8daeb155c2179	0.322
multi-hop-same-month-035	e712dbf3a5c15d99a13b4bb11cf9ccd9681eaebb4497b3c8f38af41ba8753172	0.287
multi-hop-same-month-036	f2641c87a352ebcf9fb115cd1761357b7007e710edd01eaa85d840f1e76f0bde	0.332
multi-hop-same-month-037	bf686957bcb482aec9f3b0741a8042bdb99d08ac439e92aa31bae79bff83c200	0.288
multi-hop-same-month-039	bdf6cb7b70273b51f41d08b67a50732732415c01275563f626e3ae5e2b256ed5	0.312
multi-hop-same-month-038	f82ec5c275fbc9f6038fbef4f4b1158bc21c45c8884d70506b0954a3a11f57a8	0.348
multi-hop-same-month-040	ed66be97c33696a5394140effdfe307bc96d891e4a369e20b4a002a30d88fce1	0.268
multi-hop-same-month-042	1810d2d83fd6223c319e3a684731a885b4d1b979b59c15416f0de156c7804b60	0.29
multi-hop-same-month-041	714c8c14436f259722b810f12eb5a32dbc47a5a461008bf246632470dfe89ff6	0.355
multi-hop-same-month-043	7f77e7c826d1d3a31b555864ca47bd83172b56bba9e4f41f3c16008fbf22840a	0.304
multi-hop-same-month-044	ebf76b0b00daf5bcf78d2883db05919bd8ed510a1f4b2c6012e47d000cc7c0fd	0.32
multi-hop-same-month-045	37ad8c52753ad5d58aa7f430f062994a12e27728c5432a5a4ae45b1238e83df6	0.271
multi-hop-same-month-046	340c224c9493f9d758e7a71d764260cc959853cc1865d5db6e7e29d14121c04b	0.283
multi-hop-same-month-047	5f1c12bfbaf8901fa492e1c2365e04f9fa70ca8bd7ef5f8a9d608b24394f33ed	0.312
multi-hop-same-month-048	6b42ea260de6f84be7ff2634dd72da05adf6e3c9a0f5810a90624904693a16ee	0.29
multi-hop-same-month-049	e3b852f24bedb9d21c24886c103092c6ba4f5bee142cb54010b0a47826ff5e46	0.275
multi-hop-same-month-050	c0d0314a0222ba503fc01e39ddb3f5c8155bea540551068530d3aaa03ffe1f2c	0.341
multi-hop-same-month-051	a94c5572a43e8a417c813d4ad004fce06b990d12610390137497c0ebf8c48f3b	0.298
multi-hop-same-month-052	a4aac9f9b976ad0e36ca4c599dcd1b7e421b82eb22fc50bd963231721539ef52	0.253
multi-hop-same-month-053	a925f93733ede66ab1ed88f601d01e15f9a31b9ca465b8f3490b6a9a9926e0fa	0.344
multi-hop-same-month-054	07cb6df2ac03c8eec5b90512d580d9b0fd07374fa349da82f92fc81c02db3541	0.299
multi-hop-same-month-056	04f8dbd7c91d7ff4bbf1d66935983b2a77c08349b18959b127fe8a9997f4f8fb	0.298
multi-hop-same-month-055	6dd7497f9888acaa3188461d16d83251a196c21464debdf9da27b857d1e6fb95	0.358
multi-hop-same-month-057	2951ecbe70752c57b30dc99c5b75023776aa0a1da72b403071fa16e6e2550e04	0.292
multi-hop-same-month-058	a57064206494ce57f126f501056fce8f6b7ddfc86cc9c3563364b5b0771e4d90	0.261
multi-hop-same-month-059	45e7d0569df51db60fd1fd15245f15dc7f20a0f95fe1d7e60e0d1db330925565	0.308
multi-hop-same-month-060	0985fb5c86d90f421c617a7eb4085c20b31fff64ad66af380d864cdb764476a2	0.396
near-neighbor-control-album-002	7332a62d20baee3b61b9cbec012662c2e736086b6c02cf763aed7c8f5b09d666	0.303
near-neighbor-control-album-001	332f4ba583a2cf3dac17ad331ec303b95c6c814b4d320d17ad62bbdc72bddfa6	0.322
near-neighbor-control-album-003	4b6307de5e60f18c000735db2b5c5efc375044ed92c139919e981fb438b86275	0.331
near-neighbor-control-album-004	7bd6a577679f3d6428a189bbd7d1281716e05cbdbd8d616e1a070f0c9a7447e2	0.265
near-neighbor-control-album-005	df9c28947eb36b6d2d2c19e190779cee32c19822cafc746ea0a59379613d63b2	0.294
near-neighbor-control-album-006	75e62ae4c0fa49519850192926462c7cfa130370f023ac8686a2db19d79b0bb9	0.298
near-neighbor-control-album-008	90f36adaccb5d202cd257e01f55345323724aff46565fc2589a67116c53e7ffc	0.264
near-neighbor-control-album-007	ecf1121fafd1be260666bfa8a56c607d31add92af445949b7864b6f2ed0513ae	0.305
near-neighbor-control-album-010	ac5c7b6eb915ec5bd0078b84159eafbfcd838e98142170a73c2d2299ac8a6f35	0.322
near-neighbor-control-album-009	761945ad3d8bdc0fd4b677d052cde57fe60123aea60f1923a447f68dc0e18845	0.328
near-neighbor-control-album-012	dcbbf5965facd38f9af4f8ebb9b8772a00cc75a27ee4ea5abf9ecb0602775458	0.259
near-neighbor-control-album-011	ba690fabba0416c17d312d21d8ae2eebe1fd42e57c8f7dc2481734daed216e17	0.285
near-neighbor-control-album-013	bd9346dc1d7480a611fd8b2d801184634d5ac450c89c18d772fd2f64d5a0c6b5	0.294
near-neighbor-control-album-014	b4d78b18bf8c3dae505af180b58d75eb4427189db3891ac99d4b5892d4fe8c94	0.361
near-neighbor-control-album-015	493f52043823e5519e7f6144afd809ae8129b26ee781602fd5e8cb8582c1aa86	0.295
near-neighbor-control-album-016	56bd81d723be24dc8999b99b44875e63d4c26e9720b464d666d679b7b8e3e6e3	0.317
near-neighbor-control-album-018	0b66c07da01bb18181adcc4af4322a0d46168dc2f67319178293d96aaaf5f072	0.225
near-neighbor-control-album-019	8ae87fe571ac9024960dc48106a2cd060cdc10e00677bb8394388569f879f05b	0.267
near-neighbor-control-album-020	331f2e2d747e1aa1f7d76f36731c0ab0e916a314011918c3d16072c003c5832e	0.306
near-neighbor-control-album-017	7459e5aa766887532d40d12807d2eb8459679c623b45c3cbe4211c4dcb58afd8	0.459
near-neighbor-control-album-022	7ecce45c3522813973c66d3982d48218c8ee415d11eeac8f80312cd3174a0a35	0.329
near-neighbor-control-album-021	5b61adb662212e7a12787cff637073bee5cf9f21b9c74ca2c2fe3399f1077a9f	0.382
near-neighbor-control-album-024	7d18a2651cea0b28f4de71cecff1d8a211dd1b6de24d6cbfb5c188c1c752a735	0.295
near-neighbor-control-album-023	1ca5fc5bc4d642733b47950b2840abe68e1d4cd4c1cc090ce8abcfc6abc8dfd5	0.338
near-neighbor-control-album-025	7d56aae44f768057fd810cf1168dfa472ef70a97532771655dcdda5eed0a449b	0.266
near-neighbor-control-album-026	c7872ce1aa929aca9f8cbd8a935d45a54638cd4018f258050c13cb4aa2816386	0.396
near-neighbor-control-album-028	508f95a54daef559bf979699f34e98f7689cfc53b9fab40f5fa8dc79dcf2a338	0.334
near-neighbor-control-album-027	f79ae00554f1d13477813af8c8aac81417417eb0b7e10163eabf690d1416e7b7	0.359
near-neighbor-control-album-029	f908f26163dce3c1bb7515af207ea8c31a744b41b654ae4d76b1b8145e69af02	0.314
near-neighbor-control-album-031	a2c18e6c23f93610efe50bb903c71432e0c2b9fce12578a06b5e6f605f006566	0.273
near-neighbor-control-album-032	427fc501a27d6e915d6c9865871cf5eed0712cc86a6154e611e6abf6b0d45415	0.332
near-neighbor-control-album-030	fa64b06fcb11091c5e447439ada9e6b72f8a513e737dbde9d83fac2e3f0a143c	0.413
near-neighbor-control-album-033	a8dc8645b0f4f339a306bce02dc149f0381e211943c69b8cbb3e840b1ae52824	0.328
near-neighbor-control-album-034	47af4a4899019903f264ec32ed60136829f6d135ecd8126e4af59be5d7e5ea81	0.287
near-neighbor-control-album-036	dba48655aaf77d0ea71b6d50155e0df3908756aa324e59ad56f59169c13d5f07	0.283
near-neighbor-control-album-035	d7e3d4b2471b6055861629d2c8f0d14518561d8ffd3c02135e28c44f4d540a9d	0.326
near-neighbor-control-album-037	3ef7377cc9e8949ae08d560b9b603e8e313cc8138ce1ad1a104c38ca95c5773e	0.294
near-neighbor-control-album-038	a18dea48b07d2ad5a4f35e207c559af97b4e6189fad7c1c7387223c1229928f0	0.273
near-neighbor-control-album-040	c7cec7eaf083d9c881c786ceabfa0dec3855c2d38b85c21028a71627428cef7b	0.269
near-neighbor-control-album-039	35534bb425aa451fe4dc9b49b7008a9fb0ca4f41fba209e2d34ea4eed315a8ec	0.323
near-neighbor-control-album-041	50c4421adaa130b70ca0e9c8a9abbfc311994905df8557c2fe0f74f241eb178e	0.297
near-neighbor-control-album-042	474930e8a29c68f28c74444de846736929957f510a400c6af5932541eea240b5	0.325
near-neighbor-control-album-044	b4157cf24cf1489683a1185df8a0f588bea8b7611d522021fe0d53b3448b2839	0.271
near-neighbor-control-album-043	4bb80452b8b65f9538f4680f65562cabddfe3c5743ac8626559bd361145d245d	0.345
near-neighbor-control-album-045	aec6809c033b0896a088daa7315f48e85f7ff434512a5eb24ef1ee6ecc5eef57	0.319
near-neighbor-control-album-046	ccb67d97eb1dc0fa12c8500b8183a7d2872e2c5b6a058303d2b4ae2c46488d15	0.31
near-neighbor-control-album-047	df1b6e8c67c30bdb9cf83f4696ca6fe50324e22bb18507d954000d705b3dfb3e	0.243
near-neighbor-control-album-049	2430c9e97cebe0e5a6979f8c7f7357abc56c0ce63a827411b0a5a28cdc9d82e6	0.237
near-neighbor-control-album-048	ffa5b316d28dceb7f1cced2691257163bc1912461256cb597ea8d5d359ea4ab6	0.386
near-neighbor-control-album-051	811e24cea970d4cd576173d825684e7e2b27c070968adf682023fee2d210d2e6	0.278
near-neighbor-control-album-050	29484dae7cf0fff5c650907676c2af1b205e7aa28a31f1919ceb177cda893ca1	0.359
near-neighbor-control-album-052	49ede0088548a44c6573e43238bccffa583cde63c04bcd9e39c3d0e376d77109	0.285
near-neighbor-control-album-053	e5a34cb3d48148f26b80287386544eb55a37fb5e7e5e8bb42f4b5436aed4d745	0.314
near-neighbor-control-album-054	fb1eea216999a6236de4f49de6169acf9a0246040f0c32061bfb8654af122547	0.265
near-neighbor-control-album-055	19dd54e49aa52df5b9251c145e71ff8e1f08066575ee8bcbc8aad2cb0aa1afa8	0.257
near-neighbor-control-album-056	44796e4c1ec3339f1e07c19afccd7b7714ec37cc82543963a414e83a97b9002a	0.25
near-neighbor-control-album-058	1b534bb39ea55c08248e9e8412480e527c5e16f2ede2e80051bf2704c1aa9b63	0.271
near-neighbor-control-album-059	c9a53d2944de3daecd8251b82a8e47a6baf9e54afed9739b45151196256cb71d	0.263
near-neighbor-control-album-057	0190a0f8d039438ccad4812b3c25b44db05d9ca498446f410b904e263f7b92e8	0.376
near-neighbor-control-album-060	62bfd8804ec5fac6590993f1d05ca0bff90c15253b7b7098984ce3c625f36dad	0.269
near-neighbor-album-002	9f6ffed6e3de38113e9e00c366b9949ba5e51c16aa7c4eab0afcb77fa2f3cb57	0.253
near-neighbor-album-001	1b3fef985fedfa84dd56e457e74865cbf3c25a1ea6985ce69e3ebc6cbe5741ca	0.334
near-neighbor-album-003	27b29a36f8b0c48eceb979b041a9d7c6c707a226ee983352ed33e1162c7a1587	0.29
near-neighbor-album-004	9e5dd52c9011eb69f349efa086aaecaa8e2ff05d27a78db13529797fb3fc30e5	0.284
near-neighbor-album-006	bf237f65a55eefa211420ed23effe883a7f74658e996ec619f220ebea5b4fe30	0.269
near-neighbor-album-007	6d0f5f42fa07bc9a4bf51c7bd780d6fb61531407968e402504ae349fd4561684	0.279
near-neighbor-album-008	874e31da55744e3dd46a10b4f18a513986fe2f649fc054b43732df7b06256beb	0.247
near-neighbor-album-005	8a5382035dfae8fc4e66d232c3b85fcc27d474b97948b0c22b51627dba370b7b	0.411
near-neighbor-album-009	b7c399f7b7bca775a22e66b55234d03a16babd9acf81c724877861798bb60b55	0.304
near-neighbor-album-012	f3ebfec0ee7c187aad0effbcf5fe84736e42842cf9a2c0ae38ae8fcfc18c3bcc	0.284
near-neighbor-album-011	d42307aa4a6663299e44f843549151c9f7d130a54cc3f7ffd329e43ac3315419	0.336
near-neighbor-album-010	3b72cbf3688ae30111a28e81c8eed2cb69f5d9272c2c58416eb3f26d29055632	0.381
near-neighbor-album-013	f735de599ef64cbf6ef9378bb494ac59c5ec0b0d77664b0f89ff9b56f6bd434a	0.286
near-neighbor-album-014	594bcf374b066191410d29ef9322a245ec3212fc9efac8f03be805c4a3f0c7a9	0.247
near-neighbor-album-015	7192d4f8e25741ca6c3b7287e4903840a5fa95285b0d1abe89cd5d60469b76b0	0.284
near-neighbor-album-016	82ed8814216e9f348e37114d0825c0c1e8f011800e3007ffa718ee5d8bbad265	0.286
near-neighbor-album-018	f1dbf31a12aaa637bce48c6e21d3c3999703a492584840ef3ea2181812d6335f	0.283
near-neighbor-album-017	d5890d91cf28e6a0a82a58508739c7fa65d0c0c7aa9e9883d60e64f1f128a446	0.319
near-neighbor-album-019	2df9ba88fb0d5e0518aaf98af21f9ca81cb0e8511e0921a0d8140cec247424bb	0.32
near-neighbor-album-020	291f8480e129853a864add37d04da9710562e27afaf2acf782be1f23129b9d96	0.323
near-neighbor-album-021	0b8497ac559acbd5dc782146757f508b72e18c83c26e77fefefb10723585d7e7	0.303
near-neighbor-album-022	fb404ab84d892f9b873ec48e607748ae9c76831affd1ceed636b90845e373959	0.34
near-neighbor-album-023	4c80bb60857355c49da2606ebca330a8755e3babf9c7323edbf3f29a8570dc65	0.283
near-neighbor-album-024	450c6eb503a0459805e8298079888404341b3c86b3ca1d26f77483907f6a743b	0.288
near-neighbor-album-025	73562d722b732c72a7de573e797bf9555ed97162d418751a50c92e72fa971a50	0.239
near-neighbor-album-027	4cb3084fd0d71df5fe394dc2a278477e138c3c45876adf092c96056eb1cdb652	0.254
near-neighbor-album-026	b161a8a0430fb06f4ab73936eeeaea76ca2680671695ea00f1b24b8e09c2818e	0.296
near-neighbor-album-028	3614a0d88a6c5a104ee299ab813f66156dd95708e4d765e5b4f5b9fcd3e57e2b	0.301
near-neighbor-album-029	b7cf5f46e261c9e8a2b9ecf3b9fd296a06d41e03b70725a6d5eda39ebaac0a2d	0.252
near-neighbor-album-030	95ee797f991d9e95918f83e741e364b93374c36877369e2f8b5d765ec2f4832a	0.294
near-neighbor-album-032	a941e2a95dd2f74b9ef817dd4b8ce0bb37b90c83ad2f6b3aefc040091c53d9f9	0.302
near-neighbor-album-031	8f8e6747a19a97a61eba5be1e47814ca4a9bfb2264d7d711617bd265b7548c8d	0.422
near-neighbor-album-033	5b76ebac315cde3632af3a81d8bdda726694c3b109d8112a5822172e336c3a59	0.297
near-neighbor-album-034	5f3114aa8c33fb24896732adbd0f06ff8f586e2796eeecdbec9f58f33202f8a6	0.249
near-neighbor-album-035	724d0f25fdea449d258ceba6fb80e6802a7b93385c16b1238bbb0651cf8783f9	0.394
near-neighbor-album-037	6e9bc005b505c7ad04e89002f786afe9a741d2329fe2bd048cd48a3a766395ce	0.348
near-neighbor-album-038	6a51a1825adc46a21704b28a2889fac4cf086b2e7a5df7163780c954e91b4f97	0.295
near-neighbor-album-036	36254574398cda6f871c68d002faae00f6c15efddbd4522200e33527e2f2d28b	0.393
near-neighbor-album-040	3cde6ed9b748c480571b3bd3c8137b1629b5dcbf80e3e61bc384211ffd28afa5	0.302
near-neighbor-album-039	6a49ea28fa04b336f283e1fb24c25a89e83d5bd293d66c7e4474addcc5888aea	0.352
near-neighbor-album-042	c7ed73b389adce36b5b5bf86d4ab5c2f745a63b20d01c5b3254fcef2fb73867d	0.291
near-neighbor-album-041	16e0b127dc8a5cdb265b53abaae664e27df11c424c8ee02f80fdc7a61293b72a	0.368
near-neighbor-album-043	261694306c34f20e862a4bbc662669c440593917df9f421c0a04b1305e65f79a	0.344
near-neighbor-album-044	78d83c3906f6d2afeca97a8046e6d0be491fd90ad058ee1e9eb84184f900807c	0.354
near-neighbor-album-045	db647b480ba070c2c74c6be0b572108332954bbab2c1ce7fb52bd1106735b92c	0.375
near-neighbor-album-046	afe33a8ca6ee9475efada07a93f3b887318d78209d4b4dba4a3e7c9f1d71a2ef	0.344
near-neighbor-album-047	9f66032c13320441b9c0a1f316180cf5779d4e169fa5f366a24e0824b8b7ceac	0.317
near-neighbor-album-048	52663c6b72503a8e19afdd43149348bdc31cb53329003fbf6eabe19d33da9811	0.312
near-neighbor-album-050	b214e02b1617da4f9a1416eac088f6d41baa30211211280a6fd7b53b4b56bcef	0.288
near-neighbor-album-049	68786c23f486259004442e7caafea31b29fd83799d6f6f791f9aa768186e0c61	0.335
near-neighbor-album-053	94692537a25842d292b8ffab1c4f70e5fc0c1e7e6fbb0d2f8986e0f28aca0f5b	0.266
near-neighbor-album-052	f133b1d9d0e2b4a1723f206b3d37c4d5cba9522f4e404165fb96263167390afa	0.338
near-neighbor-album-051	5b7f34c44897647de9413f42d1ece85112ab123460edf4fad735d73fc09c04e2	0.369
near-neighbor-album-054	496b35330f35e7353556f4c394de212d165e33f7dd5fb8d45d1702e99a567b32	0.365
near-neighbor-album-055	dd81d81c067926c60fd338fdd25d880240c947aabf84ad81ab490cb783ac9b84	0.293
near-neighbor-album-056	82874c9d54b93459f1efabcb4d2efe79c524bb3d61ea4a16a7b7abfa7cd696ab	0.335
near-neighbor-album-057	2c4c366b8524a58afcba763538c7391e03f5921148f8417cee33abbe85cfb4b0	0.336
near-neighbor-album-058	267e67025528c000f88abf0ee58a23b94f2260833e5181c0799e23f5f1911305	0.352
near-neighbor-album-059	b6d0493318f683926ebe3cb5123249351663c5620bbde23151e1c76d5b482471	0.347
near-neighbor-album-060	1774b4003aeb57b4aac94b77c0fadc804f559053f070192d3ab1b5a2cbf42800	0.33
none-of-these-absent-001	5275d177fb473868ef29d83b3214e0594505da3fc1138a5ce6039b819518defc	0.335
none-of-these-present-001	4f12c48054b33517408f361ef2f6ae526d9892b0f15451361e796bdddea614db	0.364
none-of-these-absent-002	72213908853714495dbd5f683e167727b2135880f5ade0af802649be40f0e13e	0.339
none-of-these-absent-003	0d261ab1d59c24fb05debfce64b2218eaa1714b994e49b1d244851902b461039	0.352
none-of-these-present-002	2fdaa3a6b2c4fb771f6817a38796b8983546dcee7a34ac96467d6a5f45c2f059	0.375
none-of-these-present-003	dd8426b659b87aed6cb592c5ca9b4565a9c77849c69efec35139703f453022ba	0.282
none-of-these-absent-004	edb772d010a0c795d274b70524cd44ced002e2b055ff712d63d52af3ed945bea	0.299
none-of-these-present-004	7185caa04536ebfe0e29442f86c6334af8c2cd28eeb165d0b0f4d3d55c2ede76	0.358
none-of-these-absent-005	ececcb7457fe650c0dfa93fbfbc7ebfa9e179b6e639a0327db50963315c7e617	0.322
none-of-these-present-005	d9e27fa50eeaa429062b23ac317effb1032bae025aab446b95fedf2d4d374805	0.368
none-of-these-absent-006	9e304d58ef3101c51b0250b2e87e12b1de5bef72d3451fd148c6b20aa0ed8452	0.286
none-of-these-absent-007	7b646d3011911142816800d4e572e3d8a142f68902b42b5895761f6c6fc5a023	0.285
none-of-these-present-006	d1a3d50c882389b98adf679892b3f285e17beeb28b614491aba313a821535f46	0.309
none-of-these-present-007	e655e5fe8bb1cc3d05252c25dcc9d915ab6bd3393a9941ae43dafbc30bf291d1	0.288
none-of-these-absent-008	7ff6833b456780d774c2afc2f07160b3f180fd27c7f9f4dbefaa751ffcdbec39	0.298
none-of-these-present-008	0ace62d9852727e91967341e7011d1024863ddba8121a71f787f9c7f9c7450b6	0.274
none-of-these-present-009	bba80aca1efeabbf381ebb5509866ad9cf661b141da4d8f7d5d032aeae5d2c20	0.247
none-of-these-absent-009	51acae2e79b91f0ac6b57cb42637a7d76005db1e6449f4e258caedbeae102d91	0.304
none-of-these-absent-010	4658d033f6ef80f50a256793d411dbc5be230c78326c766d1b75ba392aa79597	0.358
none-of-these-present-010	f7812c022d6569822279749614239fcb9d04c6e7daafbc0af88acc65794cc9d1	0.297
none-of-these-absent-011	4dedda794d5e71e1fe14dcf6acba1952fe56839b83f47e0eafc5853374a2daf3	0.279
none-of-these-present-011	735af1a7a816a62a535ab402b5c58bdc03df12508c5159c49dfbdd879b1935c1	0.324
none-of-these-absent-012	837b396d25604f740170fe4a83b7cee82321b2cb5848fa32fa93d47f2e55ce98	0.279
none-of-these-absent-013	82716f33e65b1f64479c1a47f7e4f707d4e62daa7265253a54a7f3759dfc6c72	0.254
none-of-these-present-012	58b45289fc3fa38b2aab5164490ee5e3fdc999d12ff482414ee2ca8fee4f658f	0.282
none-of-these-present-013	fa3a0a431291d29d502960fba445daca86c789f234d1653e2f428ee28108e97b	0.303
none-of-these-absent-014	9903e18bd7ea7fe23ceb458651c0daae963eaa477b627aa37d15356c78a076f3	0.321
none-of-these-present-014	d1b4011798d6225a6a0c010e9d329a65398ff39ea29a8dc3decfd9a1dd240039	0.288
none-of-these-absent-015	881cd4e89852c8777213b546996af213092595c3c494d1edc361dbc602a1aa63	0.348
none-of-these-present-015	9071f43d92db2093e5f3232cab54bdde2d335c874b578a7812277d6088f339d2	0.258
none-of-these-absent-016	f2d0700ee177929d316cf595ecae07781a2b492d486b3f2bab5d623fc7f278fe	0.289
none-of-these-present-016	e644cbc0a9807c63df52649d230c8e6222cb81c463782f800bbcef8af62f8790	0.307
none-of-these-absent-017	10564b69befd17342c3e66cd2ef511b0489ee60b8ea90a817c1712a056cc481f	0.293
none-of-these-present-017	392478620f546f67e4ca3d04fc627b50936bcd267e12790428b7cbb3a8c945e2	0.39
none-of-these-absent-018	ec1c4f03120b4c593dae7514b8ff113a1b47af720a1b85a7d2d7d67fbe3d9acf	0.27
none-of-these-present-018	672b5249cf7d52c52a8add2f0eed16a90422035d4077610a2f4bedb2760f1c2b	0.265
none-of-these-absent-019	df73983e12c156d4b894d3b678eb7438795d55b7671c1b2049ad06296e38858a	0.284
none-of-these-present-019	34a8b32234bab1ace6b63c5b302831d940142bf848362ae2ba5025b03bdbffca	0.26
none-of-these-present-020	60ba08f1c4a6bf8cc6be7b47294e278022725cd6f478506c490aba7cd037f93d	0.251
none-of-these-absent-020	139daadce9b0406be0fa4177e381679d8dd8faf96231f0a2d756f12a778e7ee1	0.301
none-of-these-absent-021	40032a0692043186e3f8ae68b8369de460b0b11874b81efa6d9a435c64207d0d	0.267
none-of-these-present-021	ae5c3f7eb138269e064911e758f12117bc6e00f317c171d882ab95ef36395c6d	0.283
none-of-these-absent-022	e48a82d05285dcba898037fdf782bbf5611ea03c9b877665565620bf07cdc493	0.307
none-of-these-present-022	df030759bfa70f5c6de2227051eafaf9902a3fef68a2c331cf4623148e81923a	0.333
none-of-these-absent-023	774f6d2a2edc74ca5f274e87ef388a9551bbb4cc4cdcea6aa6719c475b8d2259	0.303
none-of-these-present-023	fc92d995dec756ea26f7f40d5a0a36a0c5106fc6ec9b570e8aa5b60494f235e3	0.284
none-of-these-absent-024	f3abd03f3556ff72fa69979af0fe838b0f03898e733bd16e4f2427e46cf17581	0.293
none-of-these-absent-025	9dbb6550826eaf8dc8c6c46fefe97531fc82ccedecb612ea111bd486316b29ca	0.231
none-of-these-present-024	9a636a546cbae2a115dde312471f5483e1ecac22af75dbdb8873443def0d79f9	0.339
none-of-these-present-025	66ba7caf2db79fbf7492a843d4191d5c3272233923003037f0b68e05e1d3126a	0.281
none-of-these-absent-026	eaa6f7cdf784632939e5528358b57e7816d72ae44c2e0dd679b5c5405d061bc6	0.27
none-of-these-present-026	e96c939b1981ec26cc86b04cdb5860e3b2e7574c0780592c262e3ae14ca1aa14	0.257
none-of-these-present-027	dfed8bc9915950e60636c906ecc3da14017efb83bb1fd13b617dda5e0cc8021a	0.241
none-of-these-absent-027	1eb2ff9bd20268f6df3104b10e190062c16958479d7ee5a8cd4ba0642108741c	0.306
none-of-these-absent-028	4df4c1a36467fd919c75e6a9b4cecd08d1ecb77ad74ed110016f890ba43bbd7b	0.3
none-of-these-present-028	696d9dc6f380d78d14346065b206502f60463cdd7a93b25f7a1413fcdc8013e7	0.298
none-of-these-absent-029	53343896f9f5b6955616cdb9254cf9c2aebdd708af3499f388e6c133ba965f25	0.307
none-of-these-present-029	5779623432a5f1cf39b03c977134f08f10b0efd6f24c055ac0a5cd62f6136d32	0.305
none-of-these-present-030	879e5303dc9f2a62a14762c11d0daceaa5117ff7a7b7458cec12f98d035465ba	0.298
reversal-general-shared-name-forward-001	e017b09460a1693c37d198b713e7f4d4a7807b368af29550e4feec863a31a26a	0.271
none-of-these-absent-030	37a5e010773ad87bb52898450814001d5daefa970de211f960a9f6cd088631c4	0.423
reversal-general-shared-name-reverse-001	42d91616e90078cf4866b46cf0d7688520880459469b7ff8e7ff28f32f895e6d	0.284
reversal-general-shared-name-forward-002	2dd83993e5ef127bf52c034798619dfa98d9a3dfaa3a2bb21cb257fb13f2dd06	0.357
reversal-general-shared-name-reverse-003	fd7cc5c72568f86a54de0a939a45c95feb3cd65943ec4021ae682dfc20993d35	0.26
reversal-general-shared-name-forward-003	9aa2c9425639320ba5337c7afcbe7321a2ebe73c7149f8917593ed16d21a9fa3	0.31
reversal-general-shared-name-reverse-002	dfe646be99a6e5e7e5bcfeedb07ff7a88a7c9494d79128841f4744741e94181e	0.34
reversal-general-shared-name-reverse-004	2d61312930834657ef201a402aac5673f157ec30de36db0d6fcd837b93f34f69	0.261
reversal-general-shared-name-forward-004	bed61ab9cc4f1f13589d1c20d0726d4d0fe96dc505417861bd34ba25310e06e5	0.332
reversal-general-shared-name-forward-005	d5d01c0089689358f67d91f0f48eda858b41c956c726aaf0be3d33ed0d7e724b	0.264
reversal-general-shared-name-reverse-005	73b14572d7d18e89e3c05f436c2b3ea4931ada7cd0f821126a36c9c4ea919630	0.265
reversal-general-shared-name-forward-006	9ab15dc9be5169a7f4b10ed5b3b5d036ef4b55fdaa233fa2789872714804aeb8	0.318
reversal-general-shared-name-reverse-006	a7a9a3c88e357ca1bd2ad347a20b5f2032b380863af0d7cfb6528de58d3b1561	0.31
reversal-general-shared-name-forward-007	2c40ddf7cd985a0e7f47acba7f822da362548596b3597841e2a0a29b937212b9	0.34
reversal-general-shared-name-reverse-007	9be0c0bea30cb121f32fbe780220abd745bef459333d97e76c3fc5d9aed61ebf	0.331
reversal-general-shared-name-forward-008	75a022344176e1e4a73ca910b3bd63709083aa410864c5f4cddc6fd799142a91	0.307
reversal-general-shared-name-reverse-008	7563e41e34dc53659727dc864e452a01fa470a36017a40380ec92b4fc88bf463	0.27
reversal-general-shared-name-forward-009	04bfe208774b48d67d2f8daac419990694527ed69ac79d7ee544fe56b5e3b482	0.294
reversal-general-shared-name-reverse-009	a08f53108569b5f0af0bd396cd4cd5fd62394ca394a481992548602bca744ec6	0.315
reversal-general-shared-name-forward-010	f22489e44a3fa46726a1c5b7a0c55cde2cb7b7bd539f0d23f681646295dfdf81	0.31
reversal-general-shared-name-reverse-010	98eff99a34f1d9082eb435a87df0f66af613150261db95e00365f2906ac312e0	0.317
reversal-general-shared-name-forward-011	b881467faff0c42e404b40dbacdcfd368fb35de90d83a83640a282338cef597f	0.306
reversal-general-shared-name-reverse-011	17e16066f784b408b5e1d31d673f594129c145e6de19f800f8d4c24b931e6231	0.334
reversal-general-shared-name-reverse-012	1913370d4b27f543096f099dbb84e142bd650da7731b04be396c14c4a41e4135	0.309
reversal-general-shared-name-forward-013	e864ad874e0c3c547a83dbd3d2d77d14ac5f919c13909ebc92fd31f577f90af1	0.295
reversal-general-shared-name-forward-012	5fcdf8c6aee68950c529ee100e49720b23c568ee6bdfbda4178c8d7751c2a028	0.443
reversal-general-shared-name-reverse-013	b20db4777b775d2be7258f36b9de8a21e287a4d99bdb232fe1ed78f03a42c385	0.308
reversal-general-shared-name-forward-014	d0a8a6069a375ef7e7d607429bbc8c5f836958b5715eeb4a3b8e906cdeec087c	0.31
reversal-general-shared-name-reverse-014	1c41bfa1b6dbe2b999403e99ec1cdf19e566bca6e7f1c6de17934422e770fcc6	0.285
reversal-general-shared-name-forward-015	83c971e563a88949593026d8e93c9e81de8cc61c7ec29e0955bfc7e9cd352020	0.254
reversal-general-shared-name-reverse-015	c0dd261f4f9c401fb1af26fc9e84b1239a2947634be68e72b677b74c1696277a	0.284
reversal-general-shared-name-forward-016	aad1f6aa9d1726d54a3439bc1e10a488c0bb3a558f3babc06ff8fa66932806af	0.311
reversal-general-shared-name-reverse-016	f9f18e5822f104b2b3431ebdf864101a6c44feea2f35f6684ce45b9df93e9a6e	0.301
reversal-general-shared-name-reverse-017	62b3efcffc0d01339b29db60898888513618e60f0281356fc918a75a8fd2f08b	0.265
reversal-general-shared-name-forward-017	e07e9cca4429c59e37a2cc72782b90ccf25adaf1d021997bef46512610a62053	0.342
reversal-general-shared-name-forward-018	bbc2acd8d51e8df117e8665e660c3d5eb97b293e30f0c44e11ea33576b84acfc	0.302
reversal-general-shared-name-reverse-018	154126437f99a7c3afec575796cc36eae753c12cc1bd28756b4dfb6c48bdae04	0.282
reversal-general-shared-name-forward-019	e5283f70bff2e0d9e527e4812bdfaf8c40e94867575909dc27cd2658d881d880	0.29
reversal-general-shared-name-reverse-019	b9986921aa849e9df95e092602522281131b2440f3bc33ac8e22bc79d88f7c7e	0.301
reversal-general-shared-name-forward-020	ff9d9f80fa3e29407915ac4e3f1835b288f76c64bcc02644ceb8fd3f9e9f494f	0.239
reversal-general-shared-name-forward-021	10b7089fa5f91fb5e66b48570764b8efe5d474d150254ec667a8c79c719dbd90	0.32
reversal-general-shared-name-reverse-020	5607ff625c6379eb8e15c2d79f09d96318179821933e2101a9bfa761eb4a1fff	0.375
reversal-general-shared-name-reverse-021	1001156729b90a96894ac3b236ba20458f13e58fadd86d738302a3f41dc7e844	0.351
reversal-general-forward-001	50b3499dbc3dcb83f748d11ba8975f2fae14e3e97df1d9720ca57829af1d779a	0.319
reversal-general-forward-002	008a389feafbcd8235d408d527dfb5defb4fdff1f84b17567a26ec390c0a5600	0.317
reversal-general-reverse-001	72724544d6930761623bae417491bd608035b94991f2994c1e87b82e852035af	0.355
reversal-general-reverse-002	f6a0184859b9ce521a2d44fb552181a6678179592ffb7cabf42992374e65e6d9	0.321
reversal-general-forward-003	540dde3dbb58a6875645bc4549f7f757b7c77b6ea725b5a32a4a19d57145055d	0.249
reversal-general-reverse-003	f4bf36a80066d59842efa2a5a8b3d75302b0f14f488edd436cb08741cf4146af	0.255
reversal-general-forward-004	1e6624cbe13d8159000524d68a7cfd8124450a678507de2c0d68c004174f40f6	0.245
reversal-general-reverse-004	0c7877fcc5c30c3bad8f9b6c95de32ccf90d0ccfbae5b1fd70a17c55fdc0ef38	0.283
reversal-general-forward-005	498a81c219a14c6d82c49eaf4770ae720a14590ea84a1a1bb07a937823b2eed6	0.265
reversal-general-forward-006	c84da3b1a73dc21d763329bec75b3d6c61dbd4a8268b04dfaca3bdada81da4da	0.289
reversal-general-reverse-005	2028fb8c2abee2724b6752133e9be68a0978d17ba3ef624c8b7aa730ec7f8ddc	0.319
reversal-general-forward-007	43f60f34a42c077ff049be50b3fff4f9a1efd12dd1fecfe2ac472013dc5f7726	0.249
reversal-general-reverse-006	d5d41ff555c470b51a5f1d2c717cd9d49377cdc833cbc8c77debbbdd21330866	0.358
reversal-general-forward-008	5ab37a463f1cabca0e202d9970d5fd64302beb8db810938510e6bee2fec8f1e9	0.269
reversal-general-reverse-007	29bb13830a36d0d602862406698ab304f6009436df5f07c58cea4581c7790a6c	0.295
reversal-general-reverse-008	38bd96756fd05dafb8e028581512d037f0e61c28c3be7ac93acc94454ee77890	0.318
reversal-general-forward-009	87bc48d31537fcbf00a1559fb392982d508396f162238b1b43520ef38db637ca	0.282
reversal-general-reverse-009	ed0e2c676a7258534673ca73246e8af2eea192a5841999afec042a82d0252d61	0.245
reversal-general-forward-010	9e2f955038279eaca84b322fa3f21b8e06b743a7a70d75e0f65407e3eadfc601	0.32
reversal-general-reverse-010	b6f4a7252cc6f90e5ded947ef844dc40c84399d24d5edd7dbe1714b0b779f847	0.32
reversal-general-forward-011	a5e2d76b0ec27c259b0650b7b4af5ff25202bf8a30081dd2088aecb901089b39	0.295
reversal-general-reverse-011	1cbbd1903b7fede6b2f23f75f52b7125611e742f2767f2044d6f6f2badb4f93f	0.294
reversal-general-forward-012	3171c77e09d0454203a9a91c874f8c28fb94a08d301a72f1e6df6850da257586	0.253
reversal-general-forward-013	018237f67111ac6169c0447a343c00cb050a11d6a860685dd31be221dae566d5	0.258
reversal-general-reverse-012	b70d2485b233442b271b50b619c9a36e64d759662e3dc8c854a44e51c4875d49	0.299
reversal-general-forward-014	baa74b98e339557d5ff99bd5838775c397901a678023b29234bd806dc96390dd	0.276
reversal-general-reverse-013	76706113db47c90b83392aedefcd0faa0730e71b6c5ffa36eca9868c2019d52a	0.338
reversal-general-reverse-014	3232d522600dd578ba7199dcd1bde719716a9317de32960c20afd69d0f07941b	0.271
reversal-general-forward-015	bc858def7ed01a90d4c420576e722e2945b62878698b32674324dbb1a2a44420	0.302
reversal-general-reverse-015	345de6f7db85189a3708e91216e8d733b66b8af8446c187dcfa7a46ceb0f4615	0.289
reversal-general-reverse-016	e69bd1eb1d76fa09d66e43e3bc67e6dee7f4d55ea114320820e47fe5a4ebc6db	0.253
reversal-general-forward-016	6849343d1dabf2d3d97c592db4fa0d4178f801dcb4edd247bc129966527dc0cf	0.345
reversal-general-forward-017	5dcca03aeab4aed261ece58f70d59c5d96d9ddfe86897fdbfdf2eab4c08f5045	0.282
reversal-general-reverse-017	b14335e6084e85de97284522e13f87f76eae66af2c51b53dff21d980115e4b87	0.349
reversal-general-forward-018	8c1670e006ea09d6eb62bfcf37b7352cb25e8b34327d4b8c7598e179f394665c	0.298
reversal-general-reverse-018	a8824eb807ce8a03f516b0b70b9c63025e435d2c75979640eaa8875ec172b974	0.332
reversal-general-forward-019	64f313672d87428296ac668db2805bfdb106902b0da8c31c2d8454f2b8dd388b	0.281
reversal-general-reverse-019	4ca9c75c9910e31935e06963c9ce22ce18ecffac4055d12fe2db345ab2b36572	0.289
reversal-general-forward-020	35e44154f5ab55bbefb37256f8c3d04d7feb2082fec57073b78baa4e15655f7e	0.31
reversal-general-forward-021	6b3963eb3fdda5c6fcdc9143aca467282e346c7baf47861fbae2f6d7549ae6fb	0.285
reversal-general-reverse-020	b66d248b3a1223e76637e5e992a0838b2717115fd5f219c0988380680b017a0a	0.318
reversal-general-reverse-021	035f1bf7d2e33a4a5be423d9af39aa5032d428e89dd8a2c2e57aaf28da08f07e	0.303
reversal-general-reverse-022	b6d3a4784cf6808b4d1c001ae785a2f4732c230baa6c8217b6f73d3f4c8c22c5	0.316
reversal-general-forward-023	a35724dec92037e0242394e0ce41cdf68b38e8eee757c66824fd0d78a77b456a	0.302
reversal-general-forward-022	dea68b187bd0f0a37e349109d6d10fe7b308a1f84844d26c553dee19bacc7c45	0.423
reversal-general-reverse-023	70a7fa7a2f599a8ce8797e182a75edd6ab72d3c2be4be91c20202edced44eea3	0.27
reversal-general-forward-024	b33e4b6f19e1f24fb7ef4613a867946819036f89905bd39133ac998c506ccd52	0.273
reversal-general-reverse-024	bcf30d57897d5cc345c76e9628636fe1c25daba18e29749e46f6d58af5355203	0.308
reversal-general-forward-025	b2965eb6f9a31e3d4ec1a0f81811f02996ff307e2cb59650ba2c1d02d6953f9a	0.291
reversal-general-reverse-025	71de239db208a8899ee909af84ff50a203603dcce511208184375963c748b688	0.303
reversal-general-forward-026	02c57ee93578a8e1850aaf1b727c053272d40b1d42deea91eb1c75c05614a08a	0.305
reversal-general-reverse-026	11731d7ee375c8ece64a334674bad8fe304544b472650e9c54a13298e37aed1e	0.283
reversal-general-forward-027	84b42d60480bdb34548b86250aa319f3b814912f18861ee873412685cc9b5d5e	0.427
reversal-general-reverse-027	ba0ca06fb84828eb454d77c1604e97908b79bd0b6d0ad9df5f2acda431e22112	0.306
reversal-general-forward-028	aa6c44ddb7e58a07d58feb216ef2ba4e4e7aab427f9fb7e060075682ec8f4b8c	0.291
reversal-general-reverse-028	6ead129bdc9a7701c0f1bbeb11f4d8811f171222819902eb68b966d0544df01a	0.29
reversal-general-reverse-029	5270ffdb0f68203468019fd2f51b2806d10910fbb41a912c9cd0ce087f965439	0.248
reversal-general-forward-029	e1bc7722cc4d3a53e651909a1a284788137ed7c9da3bd44cdd1bb02411180bc9	0.275
reversal-general-forward-030	72978f9a92188ef86d33095facfe151c78e66aab0084e43cf2af7ed8fe061256	0.262
reversal-general-reverse-030	c2936cdcb464dcc0ab26846bfba1414d879de63edf1a924f6b9448c90b7ae8a6	0.389
reversal-general-forward-031	84784223f9c99e95067582987dbc8b9b877a7ce9043eaf9300b4a6560f092016	0.331
reversal-general-reverse-031	c6162ad6094945bff11f8192d3d61519b4faf2c1d515e6785be4dc724debd033	0.346
reversal-general-forward-032	db0093ff0d0ef4d08e2966d042ffc42c9fed08d7f50be755529ea293e1f3fe45	0.352
reversal-general-reverse-032	912ad5bc258e3441292652c928c6ab09d85235bd1bb03ed3cc57e7ae1a28fc18	0.293
reversal-general-forward-033	0ac6522f94c7feb74b75dc97e2dfa6382056f610eb555c473292672969f81ba9	0.299
reversal-general-reverse-033	be7ddf9f57db381bea3d54b0cdf284fa8a486c57c5386aa2a2e73d2dc2996773	0.286
reversal-general-forward-034	4ee19d74db010298dc52da3a7e7b36937a0a1a3675db856f759677a18111ec3a	0.289
reversal-general-reverse-034	47739669f30ba60bd5d0f66fd61f3a00af58188ad5f54b6be651b7252804e159	0.342
reversal-general-forward-035	7dac91d33adc86971e72b18948a2377a629f78c46c6164158bea1fd08d201eb3	0.289
reversal-general-reverse-035	b842a62ff913edbe5705766c96f6a7e69d94520a14a5ff78b54ac5dfa2e93f05	0.28
reversal-general-forward-036	d91367d66cc3082225677697541dbd904d2f1dde0dc6b6cec6b312cf9c57da8c	0.295
reversal-general-reverse-036	2d14be316cf94706cbdb982550803eb153147abd299fe078e033d5b24d6e8f40	0.282
reversal-general-forward-037	0fb617d57275bf1f6a056c895a4dd05cd121d3dac26733303940cdcaa4e6ec87	0.293
reversal-general-reverse-037	fcaa39a78a9da04c98c542fdead8efd626d094bbee2944c2f07c148a3466d2d2	0.311
reversal-general-forward-038	b1758892d895392e9374c1223468c1d5a3002a07ccb78eeae9da6882a4c6fb83	0.257
reversal-general-forward-039	b397aa0b3e1dd6b49039d348b6768f821fdce328cae55ef212966772f2853f77	0.255
reversal-general-reverse-038	e315c5b2afef7f126ad486a3f1ed9bd4e5aaf5debf77c2bf09d4b2f2b78e1d8a	0.381
reversal-general-reverse-039	678dc94d6d1b1c72312f0e4c6869c4836ef577bf0fb4832536f1dd76de3956f1	0.299
reversal-general-forward-040	ca3b17030ec5b346059aebab62d7657d2a33d80935ad1b3eb9e37b3288d1bf75	0.355
reversal-general-reverse-040	afa1a200af02c1c81cc8807833cc7012cba34b40db31be52ee9723960326e4dd	0.288
reversal-general-forward-041	f46dc588b21919274e9986ed749c4a4db70ea0c6714ca3cb9078ce1ea7dffee2	0.337
reversal-general-reverse-041	42317bdc3b9af25af491f924dcd0713bdafa459bb8c4dea05199059756196fd5	0.321
reversal-general-forward-042	2ba88fe07bfd6d3d43f4d899a6bd0ff33c5247c3ff897d0c701c438275751c9d	0.305
reversal-general-reverse-042	dc92b7144b400c02b823956927548e830c0fc2566d8bd94b8429d7ff0a8570b6	0.371
reversal-general-forward-043	689c7458bedd6f56d71c8a69d21487c90c010ede1f081957f47cf33704589d16	0.309
reversal-general-reverse-043	dac0c8f7ddbe3e6434fd6ea56f9a3f39146af06e82f96676a9d8e280900f2ffe	0.33
reversal-general-forward-044	5c4cb8347a9e544bb4a43648c23f46e8f070e480c2c01a66ca887a4af0a7731c	0.327
reversal-general-reverse-044	928cc6c6c37ba6ae7d283676cb026ad5b738343c1fa5d24181208eb550b7583e	0.277
reversal-general-forward-045	65cb5df6d4c7865e751a0659e9f0f4fd3d506b3c00e6e742207cfb170629ba7b	0.311
reversal-general-reverse-045	968ae2d4d5cbe7ba7e036c5b4c03fbdcc4b9ec0f4c36f2e53b5ca6afa6c0c806	0.316
reversal-general-forward-046	30074ca59da23bc7c325fff3c8237b1d2321032bbbe93f3285187bd672a254e2	0.271
reversal-general-reverse-046	f42ba8a3975ea333335e953e6a647933881d99a9b2db48041987c48208d5ba77	0.301
reversal-general-forward-047	603dced1952d122fc14113d0e5b82603faa81a477d3dc64fca9b8c9deddd21e2	0.288
reversal-general-reverse-047	614cf0d701ec36d39a8235acb129bcc9c7af3df506af896545b47f1384a57415	0.275
reversal-general-forward-048	1141d78c3be4e721e5c6355be244c0237c3f44a738965b69be79cb36a6df46cd	0.313
reversal-general-reverse-048	18c1a4c33098029a89d502b7824b4c795753e528138ca67dac8c1fe83e72c2d3	0.305
reversal-general-forward-049	1f79d51bf16e5f70925b2e7f11f06abd62f15d7084524d4ffae39c1d60d3389d	0.313
reversal-general-reverse-049	5ab1afda25774210b296f1b75d554562d649028f3489a1387f9ee163dc006bc5	0.301
reversal-general-forward-050	fdc9f35eced795fe9bcacddf277f4067395c8eebfcafd0df18d9a8298797c983	0.28
reversal-general-reverse-050	5441361c8e763ca3889ff58663ddd28aa56b2a52bfa887a285bd72ed4150d6d7	0.255
reversal-general-reverse-051	c715184e22e9dddf8f9eb165b5daea73edf9fa6adc425e916b381d23dbdbedd1	0.271
reversal-general-forward-051	2df1128a0b38934a9b384bed5ed4810e29189a38cc3a97ab92138885a28fd902	0.326
reversal-general-forward-052	58d472ec446ca4e9dc4f7ff2b48e76db3bc4e6db987fcb8f9c71247d79844ebb	0.37
reversal-general-reverse-052	db2ea813fc619cbb18c85a417e7805b0c88a65996b53d920699bf4eb5cc2089c	0.301
reversal-general-forward-053	ef2eb9de5f7309d0021c239d311a6990a9b13336885f8f92632f396f39a51e84	0.309
reversal-general-reverse-053	e38602c7f713b663a013e15ccd88e719b29d21262b56dcb57e1d1d05945af422	0.302
reversal-general-forward-054	dbff35bb4ca26bb6b52cc5133ad853168fd550c4605137f1f05bb955c9341388	0.373
reversal-general-reverse-054	f0d8a17be8d1cf4119431de0eadecd9f496fdb608091ee5c2aa469d07fedf213	0.299
reversal-general-forward-055	82b53ce92eafccc5cbab2ee7091da704ed035ff08b3f60fa6ffa9b713aa01994	0.369
reversal-general-reverse-055	8c29cd2e4b7c8c70d36a133fea0be88d8f0f6dd08f76a6b5c2a9b699c61c2746	0.351
reversal-general-reverse-056	2d090658f1dfe1de8cf107ac431c3f7a50debaf4b43bcc342e89315e1f2d516e	0.265
reversal-general-forward-056	b4c4fcbfa00f417f126d41148d566529c5a28c45b763875c92e70e47d4a72392	0.349
reversal-general-forward-057	e64de8a50815e5671f2fc2608b58aedd51a1c3dae747a734b0cefb0135feed35	0.339
reversal-general-reverse-057	78888c14f3da794d684b68b5d1092c7547fc2102221940d73fa68a50780b626c	0.425
reversal-general-forward-058	f26ce2cb82022815fc4be49033bc5d2dddaa426bed17c66faefd8b80e70568b6	0.489
reversal-general-reverse-058	8c349d038e6d7bc12ffc0e432ba3266df1372e6f527ad13284853c27e518cc07	0.435
reversal-general-reverse-059	582d0028ed7dcad0e908d6027eb4ada0450acac62ea3ca24ac5b1d6ad0484994	0.278
reversal-general-forward-060	ed92eb9227c940bb3419299ee3405eaa8d859430c6e964f6997ed4c642526db4	0.297
reversal-general-forward-061	96b895e823c73cc2778a3b44a126a91412946ab94e9f9baeb35ba1d1e3293ade	0.274
reversal-general-forward-059	a0af4cae41307bf5a3d9b5077f43b7c41e19e8804d2bb25b21be8138e89b37a8	0.815
reversal-general-reverse-060	aba865ce7884ac9d63bfc3d8a370a7e2d343df3ad0db5d3616a3b5aa1104456a	0.566
reversal-general-reverse-061	0114625f9693d5553b43f05684134c666c43b9b558b1931562d45a7a0d907489	0.323
reversal-general-forward-062	09c596ea349e6583f47d674c0b8718352d1b9d7c3a365000fd2821957ce07e8b	0.544
reversal-general-reverse-063	6117f3ce6d26458c7f6e0e338bf289803f2aafd407974825d62dfc212ee70c74	0.455
reversal-general-reverse-062	9cb0554417561859b3ca1dddc3a0e7109f205edf8a20459e9031b3ca5e0c7395	0.512
reversal-general-forward-063	d309e8975433506b63eaea3580846ba6547caaa7af7c77d70dac27052a2b845e	0.75
reversal-general-forward-064	77f8b65fa50f60a17050ea6584cd90d8f57e8d72937416b037f5b94d2ad9e9d3	0.433
reversal-general-reverse-064	15cab48d67170a3d688ee0cfe71ccf33ee608092c6d588fe7125f3f1765222a1	0.322
reversal-general-forward-065	af651d883e4d288c3c7175871fe342b57a0795ee114ce3454bcdc4a13f774c61	0.503
reversal-general-reverse-066	f5a510e0111ca655ec3a20e5439a14124c41d1a783c7e182beeb65c70b7148ce	0.263
reversal-general-reverse-065	46c56e86e633683d803405016dfda762e0efe4270a6cbddc1db99b2fd863a67d	0.339
reversal-general-forward-066	12ad60e3b9bcd36f80c6bfc9405448914549f9f8f307d334042aa6862af51fbe	0.35
reversal-general-forward-067	68787bc8e18538ce0ba5e4bbd98b7e1d4f36bc9afbd93f19247b15bc564635cf	0.292
reversal-general-forward-068	5d690165ab936a12ba353861fd8eea06e2813bab043da5d7900c834b1cadac21	0.329
reversal-general-reverse-068	6442e03e8d228239a33f0f378f007b5aae4cbda79de234ed5549d6b6ec58fc88	0.359
reversal-general-reverse-067	d26bdbf661f2afaf21563f65729b8b8a03f7420905257eaee3f5890007009090	0.544
reversal-general-reverse-069	2ba263d728b117763be5c39c8235b03691e77903b9ae21a7e0ddda9015b6d28d	0.322
reversal-general-forward-069	3c59f1947ca8f4819c34bbcca762fae1a0f63e673f7ac7e81b8e61c0662c3618	0.577
reversal-general-forward-070	d5df6e40ab39027c91327b264a565cd1f5f64c256b3ff89edcb2246fbfa8b0a6	0.461
reversal-general-forward-071	340e0dc73da9e4639d8b8142ddfee090d87ca5242255cd6ebb1f8823f44368d5	0.348
reversal-general-reverse-070	2d314179c254488e9bf3f5fbaedaada49a8836f71d175907773414cfb56cebf9	0.621
reversal-general-forward-072	ecfbd1de919a2caccc9d7ef10296af662cf95566ce17964abfda16af12938052	0.314
reversal-general-reverse-071	accf31879fa2e88cc2130a2ed003d914d4d5926f8cc66fae3eb70771f4037e85	0.459
reversal-general-reverse-072	5ea70b48b5dbf2708f7b6705e9c24d02baefedbf55ef971a06b4161d330d2bd3	0.373
reversal-general-forward-073	8a3bc42c6db9865d09a737d07ed2b3774db72b1f78049eae3f8169311b71acf5	0.275
reversal-general-reverse-073	ebff9da570100df4f626479f3f715ce9b237fac8d345d3f92632726a9fcb6584	0.276
reversal-general-forward-074	fab7c71bbb946fe82973cc793f67d96acbdd405f80cfe6d09afc25cab4f829a9	0.42
reversal-general-reverse-074	4078db81999812451d8a8468511f124891e2ec02623d61065575be039abe74c2	0.289
reversal-general-forward-075	472a7ffc6fe275e56e4662e0f60b69ec4988408d1269a5767ee886f8059cee59	0.291
reversal-general-reverse-075	54f2ee6cf180101057c54dd79f8f5903853991b2eb30b73ae48c056dbcd17255	0.269
reversal-reverse-001	7ad12e5aa1744578218684aacb18e863afeac00a6749f3dfd7df6ac24172eb90	0.295
reversal-forward-001	73c5f08a7dfb67a8d5356d952b03414bd0ea97bf01a4272ee8dc61dd12904677	0.331
reversal-reverse-002	dd57f9b9cebcdae45dc65b4513d31cb64b9b63874e176188233e928dc3ffca1b	0.352
reversal-forward-002	3941ee2f755dbefc0aca302d4801a2d8bef1d3ed2d4200eb3cc175e2660538e9	0.407
reversal-forward-004	ce752af65d79988e93116348dceba1a1dbdad55eb9510a25914de9a93450a444	0.274
reversal-forward-003	9b1315a8a7f83611960762895d35dea45e2db7a66c278e2e938f27d9020b0cfe	0.306
reversal-reverse-003	0a6c4f6c69c748b264cc55ab7e807793e0298501acc61361a45dfd995d86b0cf	0.29
reversal-forward-005	eeb2d97fc6a5f2c0a282c23cb80d78c105109c720e95600de80b3093e2cfa959	0.298
reversal-forward-007	6c8c711f239ba85def59dd55db946b8f2a53e8717228b2908a03b40cd86335af	0.439
reversal-forward-006	b73e1ba9649e46f911cb53049f991e2d43dc1e0a4da817d25a3274121d9b7f82	0.52
reversal-forward-008	2d0b1dac903acc861c2fde0ffae379f900300995b4e62dbc939958b409b39168	0.441
reversal-reverse-004	a4035eb975346ced7d61493a9772e55a9c4cd8c950bb35c22f8a70571805cac4	0.432
reversal-reverse-005	23ec0320fee717467319042518b25cfa57b8f7b78b7903060f5a08f35992cf9f	0.249
reversal-forward-009	2c85f36e9b230a2b52f40e9ffd9005ec18f1d75115dd893303888d8cac4dcb33	0.377
reversal-forward-010	16c1d88149a5678b06f44985bccdc278712e116f2314ea38562e4431ec2b80bf	0.27
reversal-reverse-006	1f8b98371510a558551c35cc5e4661e5c1af885dbef8d0aef0fb8d8d4cfce710	0.326
reversal-forward-011	d5ea2b819634b55fe3ec0fde32966b0860c00e2fb831f9540688921e8e9e2b08	0.284
reversal-forward-012	dcc411fb80773435673e6f54108aaad8b64dbf1902488d4a2c9ae654d2d24a24	0.285
reversal-reverse-007	06e6b7b62b1e70ac4feac1f2df3eaf2a27646ea0babbbd030154535ecb31f99f	0.364
reversal-reverse-008	f895feb4b01f727a2a5dcb6278d4a3eea00e242122887e4448e1c211e1c184f2	0.381
reversal-forward-013	7d206a4f8cf9bbc232fdb9a86abb1cea3e4db50e8e0fb9b01127af25248eb3f2	0.31
reversal-reverse-009	ff797b384fc223428892b1943787934daa58610ed806451cea3e3eac934be133	0.293
reversal-forward-014	16d0c387047910f806cc2f4415391f5931d72863d60cb4398ed11ab164d0139b	0.352
reversal-reverse-010	96a8e2d1d8a4b7335ed84e547bf65af5d413fcebe167abb753c000a194b8d911	0.283
reversal-forward-015	a4f885a73ddcc382d0bfd91b245e0f917f25ec2a0062ceaebe4c82addd02368c	0.27
reversal-reverse-011	1276350b5cee9e0197195b45003a773d03b20b96e56c0ea50693c14b56100800	0.402
reversal-reverse-012	0feaef209836b6c71ccebbe17bc0e43b61536ac9240f39bdc90fb1f20452687f	0.232
reversal-forward-016	5e7fcf3294b5cce44e662978e9a5639efb7b4e8f6cd2f6739f4df1597cf2b40f	0.334
reversal-forward-017	790a3781918e2c7f1f3369994f6b193a2676d55eff23371083523588f9a478ad	0.255
reversal-forward-020	6c3110035a7a6a631f6bf5fd16295d19b1bcddba9f8335c3ad84d470be90d6c5	0.244
reversal-forward-018	5e8fb0949c4b7b856a1ef3cd0a17dc56b62b101f18f257effdd79ef360fe8fb0	0.356
reversal-reverse-013	74f2ca7bb3ce93d9f274ce7cb1bd198f23887de8753ffb88bee65a2ae756fb32	0.387
reversal-forward-019	50f4a75ccb978166fd72656d22a8b14b665bb79335b9b84e78516e21bd7ef67f	0.373
reversal-reverse-014	bccac20011678237c754fe4b6c70ef065ff8fcaad40c400dcfd8f4dafdc6f75f	0.239
reversal-forward-021	bf5aa9a813f41305481c67cece2174f4d366c926ca17ae6aeab6a7ee3c3143d9	0.271
reversal-forward-022	2c15a5c1235084391ce7accc601dc9c8eb0b735d4ae6abf2171d121afa8fe230	0.272
reversal-reverse-015	2148d063ce7fbd1cfe9ed0970f127fe5bc98994b4b79a4300a1cfbbc0c246d3e	0.319
reversal-forward-023	38ae7d692b04df9dfdf671238d6b172194ce56fff345493f26d8689720f84619	0.25
reversal-forward-024	31f3c3f2dc42a56fbedd052d99c405a91ef7022181bd7913bb30eb66ff770205	0.302
reversal-reverse-016	c72f11e27e59590fbc01d090c309ca6e5c0201fc7d1e83024f48d4b9e6bff959	0.427
reversal-forward-025	85df97559c51f8b4f85e32d4b6d35d559f68aac2076105ddb368bd652b55c615	0.366
reversal-forward-026	20570e2d0bc453b8e172fd369b252fc400830457678fe2e872651a7ecfd181a3	0.394
reversal-reverse-017	e69517c2c19cb8ae98164472ede89f20c48f41db30b224863de8bf126739907b	0.361
reversal-forward-027	fa5f0c64b837e3d104f3e2669b0ef36df49f9c432e743ff7ffbf9d0398f7ac0f	0.406
reversal-reverse-018	3304524cac39d3b16a3e72579f683d9229c0b8c100f168cc02e0c7c6912b2d50	0.41
reversal-forward-028	46477b86240360179a0b3f0a07bedf2f400949a4b4eaef6d70c467ee21f9139a	0.37
reversal-reverse-019	77a0a7d05858341b81963b891da39c26fbd6e8b1bc95c7616f7be378e6cb0fc3	0.439
reversal-forward-029	d8d1ecca5aaea58c0835b00bb93409ef1ee17aae1ccf45c500da2ba6572d1535	0.354
reversal-forward-030	d7b6e35088cb99e6b0955538d26eac3a03505f9b8ab30db6bbe055565b833aba	0.326
reversal-reverse-020	01ae18c3cbb1c1741490033552605c87b7b1e2c2bc1196812121d67427c42f53	0.433
reversal-reverse-021	1c823944bdce8678d8f9d98130a273fc8970b049ecfec451967b362ab1b61375	0.382
reversal-forward-031	1806e997ac0be86b0144346f76862eb637f2aedd3ed004590a90f22260e5fb5a	0.331
reversal-forward-032	8bff35f5ba07d52ac63c982a2ed3d2ff05c499457b7b34253dc223b683a3c7a3	0.289
reversal-reverse-022	6501c0d8da1fa33d8a93a69d45a1f9aa3c0781e478c89431c5327e2697fab3cc	0.377
reversal-reverse-023	feb3cce7669f177be6d13363294b448ad6cd8c2c9895e1cb8f8f9ab17b02b8bc	0.374
reversal-reverse-024	ebb8a557c3a73e349941ce5674f39f365e4fb17ffecc7287c73b8cd83ec54d5f	0.263
reversal-forward-034	560ab940a7ed306a9298652947a3524316a56ba0f68a7023848020eb11eeca43	0.335
reversal-forward-033	fbbebc5907b71fa27d3af19d2ed4a76a2b78391b132fc6497ff0ad7288c1cd1f	0.572
reversal-reverse-025	73b6befd93281abf936900f3a512f98467a3a7db3370689de7809a6a759e4259	0.313
reversal-reverse-026	fcb859f3aa29178520616efcb780429f1d95b703704b49c52fc43e2dc725d13c	0.345
reversal-forward-035	003a75cf2aa7069a8d1abc2ecb3897e1f6da9e32508e3ed2da52c1a802a6e79b	0.447
reversal-forward-036	aa4e1b21f04d534349e951f336a6c8d0b29ab1162d03878b768bc7f5cf9f198d	0.373
reversal-reverse-027	a947ef41e37a2948aa524d540533f640492efbd043dbf23ee0799259122830e3	0.328
reversal-forward-037	a4fb0ab4a06d3a545461f85b7ca2e299ada1127a00ae32898c1877a29d5664d7	0.282
reversal-reverse-028	c2491099fda2ba0acd7f33b0730a6fe3bb7585fb73fcf40c870df0ce82d92acc	0.314
reverse-singer-to-song-001	d437ac96ae08f6ec8653e65a1f2325cdb3d12e28d0e625c4775c5f617b6d1b23	0.299
reverse-singer-to-song-002	e7ed24b090bcf19b33f4323d0b65498a63e2e7674e74eeadcaf64f7dffc01dd0	0.322
reverse-singer-to-song-003	0264a6dd4ce7c0cc49919341e7be62989823fea704bb894f6ad58fcb665069c0	0.272
reverse-singer-to-song-004	efffdc188716041964a2f3c20f9c543680128bf3394ce54badca82efb407a13b	0.254
reverse-singer-to-song-005	f66695d08b14d3fb3966223d1d6312dfb7fed610189777ba7a8901bc8e4d3b41	0.233
reverse-singer-to-song-007	a668b0ef0ff5c1ca56137fb71e1290ea8197befb182188b5856f7c22df04fac8	0.287
reverse-singer-to-song-006	be71c98efcfdb79eaf8d0a8a4ddbcb86696053bfb109101d72a2ae60a9df14f5	0.35
reverse-singer-to-song-008	7b4e255cf3006049b764d31b176167e902d8229a84df8ed7b98a94c3c499ce73	0.361
reverse-singer-to-song-009	82d2a03125bb48aa0afaa9d60aebd35c18766280d57a485a114ed8cb94c19de2	0.283
reverse-singer-to-song-011	1d5e72e3c6508b1523d4b436853719ef9ff89e9797a98f548d7afcb45b0bdfd0	0.29
reverse-singer-to-song-010	073b01705c422f9a62ec64046c0f33aa9fb24ff5ecfef99b66c4a35317e417fa	0.328
reverse-singer-to-song-012	4ebd6682da0e039ee566665328111987301b77543acb5ea631263e987c394d26	0.272
reverse-singer-to-song-013	c37a845149c3c549e2460f15fc65e15544058e3fd8a746b287667a62973115b6	0.278
reverse-singer-to-song-014	595c160b54bc6b8fce0845bd44139a1defb5be2b9cc7c9f2199029300dca220c	0.313
reverse-singer-to-song-015	fd9cc7caec740afad550d7d5056712dda2bcbcb9340fa67849553047ed0ef753	0.326
reverse-singer-to-song-017	dd3eeb22b6a89bd42185e947fe4cfc11eb5f2795f4f23f28947b0819765ba9fd	0.257
reverse-singer-to-song-016	3307f41a40c808e7d2fd65658c79c9b893ce4139f08f3fd2c7c478b128d1f46a	0.361
reverse-singer-to-song-018	696501bd8ec101ad8f0cf1cbef8ade5b6a26c2f13726f5b8de79d72efa3ee5d6	0.256
reverse-singer-to-song-019	2761f6aab481e0ee7465b22e0dcd25ec8ca1ae169f620147ea5989d77ec7970c	0.295
reverse-singer-to-song-021	9bbb0f47c7de31113a9ecc75f11fed5bae486a0ccaf55ca46c890fe71a06801f	0.262
reverse-singer-to-song-020	062da9a216694ce12596701cd9ffd1bf3fe1fee8b15af83ba5b0d9a88eb08272	0.36
reverse-singer-to-song-022	701e53864bc944c66efae6b5eaee256ff58debaa51e1f219bbac1f22c26da3c2	0.292
reverse-singer-to-song-024	a851192e7e5a3d5709fbde6047a62069c0fb9b96ff77f014ab0f04ee748a983d	0.239
reverse-singer-to-song-023	831bec438ea9f0296edd8e06f6101d99b579998a34d53950ac251e7b09bbf6d1	0.378
reverse-singer-to-song-025	f79e1461b6e5ea238b93ed3d3518b61b3faa5185f6ffd1316a49ec91b793550a	0.29
reverse-singer-to-song-026	e3a82e12aa471f20f9f86f3d5287c20dcfe9b4bd306936010c0ef3b5149859a4	0.305
reverse-singer-to-song-027	3d9c3ed42d5130a19f9f8111a218a009e806700c37be847e9091a637c604832c	0.337
reverse-singer-to-song-028	71f17db68d9849cb0bf6e5d6509ac2a2829de8171cd3e684b0f932ead81787a0	0.343
reverse-singer-to-song-029	272f15ec267017db1a4c9d8784116db7fe62c57af505cd8e0e3f6127c706bc85	0.373
reverse-singer-to-song-030	32f953e6d0e55f87116515b31f88a4895f32736954598bbfc1c2dcb1075626a8	0.293
reverse-singer-to-song-031	8ce0d0aa28395e2acbd1af7291028d0c039bc55cb5ee6d2dd9b29684c76959df	0.277
reverse-singer-to-song-034	cdd1a6ede4661784d17446e0f202e95c905876f0d9af3f15cc868df54f59aa34	0.274
reverse-singer-to-song-033	d24ef5af10762d5060b610fc32cfe1ba48318969e912ce1602308a70130dc5b3	0.343
reverse-singer-to-song-032	9bca58fc4d9a42de72cc254bd225a2d80300c5a1c183ba9bf9b61090fef157d9	0.391
reverse-singer-to-song-035	c47f9e64e3434dfa2e7dfda712267b0485138fe2be10f9804db5cd3e15d4c037	0.278
reverse-singer-to-song-036	75d6eb7467a1d7c32b361b2de0640d2371b1b96b442607b43084033b14a22f76	0.272
reverse-singer-to-song-037	2569cd76d57990317a8854a2572d6d63771717c9ca9bab92a49e473df6874dca	0.363
reverse-singer-to-song-038	1b719c964b34faf6da95c73c71f1f62986c03ee118fb61da958464a4934336b6	0.362
reverse-singer-to-song-039	b58b7d30aaaf388f875fbb102ba164645632455acb5916301234a72f79aae5e3	0.329
reverse-singer-to-song-040	23ca513695d6f6355258186db776fd5be66b91b3112f4dcd031b1ba0ea43ea73	0.334
reverse-album-to-song-001	4b1ca870e6326d21e3f414ea98599a84fe83a462e083638c19d83619b4a32ce2	0.295
reverse-album-to-song-002	f4972c914beec6b49121b3b84c6c4bdd6ea1ab37139e715174ac61291d1cd04e	0.311
reverse-album-to-song-003	d2a204620c93366078ad793d026f1d6c050688a079201fc3bb317441c003c684	0.346
reverse-album-to-song-004	a83cad0e780f1e2fb5a1f6a4df10b7474109c5b3a630bcb867699270d23d437c	0.296
reverse-album-to-song-005	2f717eb5d2cf206540c3974411bf4eeecbe3a4cbdca6e888b07bd472bc99080d	0.302
reverse-album-to-song-006	13454351d21c80cb48788d83da2f82b9d8e22cdbf43b4bcec55c37db6e123bf8	0.314
reverse-album-to-song-007	0c7cf2e4dd112b6e88ee54ba3ebd6effc5c9f18c5fc5bd212b8081dff084c92f	0.311
reverse-album-to-song-008	36388753548adc9c82ffd4ddaced306f5812870f92c4827283b466201ca0f6a1	0.254
reverse-album-to-song-009	2bec71f88045e543df03693dcd1aeb54ca5e9bfe632d3798175a19762985d281	0.318
reverse-album-to-song-011	7f537a75fbbce4fc20eabba69a3ab1ca3c6a9e1ee418fe9a4f4d4745a0a75c37	0.256
reverse-album-to-song-010	bdd31fb98edfa138c6ef85d486731fc1718135911520a6c1bef09eab6396ceee	0.416
reverse-album-to-song-012	6ee6aa24e54b1aa58b296e9de951a957bb6ed4580fd88770297bf8d3e59f40b0	0.31
reverse-album-to-song-013	1a2484eb17041b04f2f77e36e69c30834661c69a16f1b8ea1dc5fe9aed38bf29	0.272
reverse-album-to-song-014	1fbc191f102a12dab90dcefbb1df2f23839e93d939c2ed716d50dac719a24e31	0.288
reverse-album-to-song-015	2aa2279f625590d80910a7434617e895072aca1a3d7277cf1eb4f64f4ff6a643	0.24
reverse-album-to-song-016	eba6428dafddce9080a82e8e17e0523ebdbd37d34a21f4ea48aa0cef6d2a0d49	0.38
reverse-album-to-song-017	13547d961271d178ae441af96c4b9e114bc53eda371a0e9e10bba52aebf20ff6	0.406
reverse-album-to-song-018	5ebc025d13e7a940930d4fb21981b3d4e1279cf9851435b0873b32d12a98608a	0.385
reverse-album-to-song-019	392c65af5ed315cbbddd8e2d2f6b7c33d25ea6286112094b8ab33c3aa7333695	0.385
reverse-album-to-song-020	b9d60773349f02c3362363ded2344ab05955f598958ebd051ebda54255223f40	0.236
reverse-album-to-song-022	650b533567f411bb22fa4c3b1a14842bb72faf11828c1830121993c20edd2794	0.279
reverse-album-to-song-021	0e1e9d82325ebe2e6e848cf076d54df5b25c9544f9300b4ca863bc73f8fd370a	0.358
reverse-album-to-song-024	730e30fccd0be760da404ef16fe3dbe70be69ef367f7dee92388dc9e029f4d32	0.249
reverse-album-to-song-023	e17ef89668c6d12c98300531df72a2aa5ecd56417a5921f93f5858a32cf97cc4	0.354
reverse-album-to-song-026	0427734c8ec066a8902f239712cf02e61aea3e5c5eaff9f7921ee34e7e6d2636	0.269
reverse-album-to-song-025	a900751474a019d1a929a8220032feb567a48008601e78e6566f92818a52cb2b	0.377
reverse-album-to-song-028	9ccda6391cec4cb9a8dd5bdd6841f203fdf593c0eaa82a962e91627f2294b398	0.274
reverse-album-to-song-027	4e47a1c68bf4e4549d78f7b19fd8695a31fcdd0b7ab231124cc72c9c992fed1a	0.379
reverse-album-to-song-029	e0f8dd46847c9fa976d1e39142ab096f143f462dc02c310ef5496753dec24731	0.315
reverse-album-to-song-031	a729e2d378f6221cd7af089518f19590f0fd5d8acfe652aa7b8789f008ed6f4e	0.298
reverse-album-to-song-032	1d8fe7676891cea471d8adb60e8da69639ff1fd50fcb755a23b6384ae831343c	0.307
reverse-album-to-song-030	af478e5adddbf32de7f86d8956522640f016b695f3263dd996d6b206b828dde3	0.376
reverse-album-to-song-033	48d2c30adc4d9d53d4ad273148e24db86c38aa3d227a84e0be2bbc6e101517ab	0.306
reverse-album-to-song-034	be508d29e19723b3d4a2aef7233c12f800fab994212844ac4698196b72da3449	0.314
reverse-album-to-song-035	6450093763853c6e3c259949f7e4df926d0f59a250ac3324d16bca144d549563	0.318
reverse-album-to-song-036	d81124c1e680d8368b5615fac50d1207e29d903a9f5429b290b1f6422724ac28	0.342
reverse-album-to-song-038	c6f85fb75673d3e2ea3677def07ec86ff3ca7a38ad441cbfd1d900c2ca94b826	0.279
reverse-album-to-song-037	54ed766780bd5ddd45e8c6f76be495dca0ef01961e6846045d714249a7cd6f7d	0.344
reverse-album-to-song-039	6229240193323439255463d49eb136a6f260a5f73e911eefeaca7192e2e03a22	0.302
reverse-album-to-song-040	75c407726e48ff715b9f817c99871e343903297c2b6155cab6a124cdddbdb41d	0.32
reverse-singer-yes-no-001	dd05f9f5cbadaa660f37d4722edb8c1b8abe5cfb57a636f0538cdd1678f2a403	0.28
reverse-singer-yes-no-002	2d5185fa837ffbf80b046836dc55a98328ef405c97c492fd8095aa66d7ce8b66	0.31
reverse-singer-yes-no-003	3a78f99a03b200f3864307df26a835bdd4bc5be56d2950f5129e6e7c0dc99a34	0.281
reverse-singer-yes-no-004	a43f1d49358ebf1f4541c804afcb5f5ab2d86b21a4c229d680a896ef4a252354	0.293
reverse-singer-yes-no-005	061df67ec806ecc11b9a9a1b5c2fe9eb0f1f6915653553612cc2270f48124260	0.322
reverse-singer-yes-no-006	a26a0bf9b8c843183b2dc18d37f140a6b25ff0f74643b162057d737f734ef31d	0.297
reverse-singer-yes-no-007	b8253d1120d922ce15ce2d5b3821f2c375735526892bb0e5cccc972f538e9715	0.296
reverse-singer-yes-no-008	e35df2eeddda969633e7c1f3eeb9779d6b6ea3824a8b2704c11ed0c43393c9c8	0.336
reverse-singer-yes-no-010	d9546fd2a8964e99f4182e122f86f0fcefb50256624e48c074b9104b7f4349a9	0.258
reverse-singer-yes-no-011	e0b7a80dc3991c5afffd111cca32101b5fe23b9aca85ed20dcc424f93194f148	0.273
reverse-singer-yes-no-009	47d05bd086fd40242c68c566d5879412b352142c80aa8b7cfe144cc90a587c13	0.325
reverse-singer-yes-no-012	f70c555d7cd6a446852730b4dd9de08e31615c49e5eb51a64b52b0f49ede13f9	0.354
reverse-singer-yes-no-014	6a8f8704c3b7a84d6acfe8a319943f8b4461950636ff4a604acb9e0369c1c292	0.339
reverse-singer-yes-no-013	fed72a8f95c56f5d6819cab3b0c9c1ee95b842a23ad3a58952457b3f2ad14e21	0.379
reverse-singer-yes-no-015	3683b513b1f982f68bfaf4cbbab825c9378360037674fb56aad127d14ad1d511	0.389
reverse-singer-yes-no-016	31658b7f4c5dc8d648e7f7664c848d097aaef5c58557274b46d55f33a081dc29	0.291
reverse-singer-yes-no-017	273fd44cb519e30ea0726cf653c945dc045b1032613938e7d3b0cebb493aba72	0.297
reverse-singer-yes-no-018	811ecf199e4062e3e3940ddc7ffcdb2308b09ce22b0b7f3a15aa5bae12002f8b	0.298
reverse-singer-yes-no-019	65e8de37c8b6617c4f035a39d09f5f00d928349d52cc31249121c2382c66abe0	0.298
reverse-singer-yes-no-020	02c333bfe7a5237431a6f01b65c7d4db459559d92078d5b30c0dbb9b582679ba	0.307
reverse-singer-yes-no-021	cb6176eff5f34f009ec98c425cddc8f9f0aab7ce683c769ced6862016ced2129	0.292
reverse-singer-yes-no-023	e88286e5ae9fa25eccdae3e2d313c593857b65911e370b1112ab727953cacdcd	0.246
reverse-singer-yes-no-022	8c2933fbc0ea328bfafa6a972a8e8025585263ea785d648dcd8ee1d898f657cf	0.361
reverse-singer-yes-no-024	d9e1449047505c4deb3635d0c9068c5cb1a50afe2defd439a3712143d3124621	0.323
reverse-singer-yes-no-026	62a0c4e623dd2663375a91e0821cec8870a41a4bad9a38f13029de2a5e6193b9	0.279
reverse-singer-yes-no-025	669d186993cb7579f4e6f6ef702fb9e43db655c93890152c43e2c925408ee7e9	0.316
reverse-singer-yes-no-027	3c1d0fd5c7e3370ca3e3c0477c7ca7e3ae8684e267ff5400a1b5689b23a47f77	0.266
reverse-singer-yes-no-028	b6171663b7f59da968948a3bd7553fc0324f044562309f66ee5c39f27b1fcdb4	0.257
reverse-singer-yes-no-031	ddb6eb7152949d57c674c61db84655d5b67d23d41641d1ce620899d5a3398ce5	0.295
reverse-singer-yes-no-029	0e26356ae7d960f0b1108eafe566a82398f803cd3ea53456d770507cc66d7714	0.4
reverse-singer-yes-no-032	1df9939a074ad39c8543c5bc106e457ef01ff42176756596b4074167b54fef64	0.274
reverse-singer-yes-no-030	07a67b990dc490cdb7d5a4e9ff0b18b150804431705573eb278125151a60e677	0.422
shared-lead-shared-lead-001	9f3aecda2b230547f6b6300888409dcade79972636f9df3cc4dba66eca5bf86b	0.318
shared-lead-shared-lead-002	9a8f92da98e60fa21f047ae9c4ecdf92fc5873c812fce052b011847a92c9e715	0.267
shared-lead-shared-lead-004	ce9f44e7a9a473f32d479e214f5f68a570735996b924c9025567571b76242432	0.296
shared-lead-shared-lead-003	9b2b4591fd85f62e39fc49b4e6da56469fae6a497477e87d494d420e7bb93e69	0.312
shared-lead-shared-lead-006	c97f87b29d520a400948483e6653ff2eac287d39591dfe5d3dda3acae8320cd8	0.265
shared-lead-shared-lead-008	5f2a3acc1524ffad59e0c23936b174f6ada9d627c250cdc3725fe2e05dadc03b	0.272
shared-lead-shared-lead-005	b7eb2ede15a0252b11ef19474c3bc13ef01abecf1463287875d592d41d163f8e	0.365
shared-lead-shared-lead-007	3ee5a2af20827de2c8d988fe86d597380d48f1a9c91526c1aa2f1ef6b6ca54fd	0.319
shared-lead-shared-lead-009	c837aa8df76b59cdf5da22a0ca72e885b077e9e49e3a4721e1c23cd58c2cbd7a	0.299
shared-lead-shared-lead-011	f3670f3a62a548fae17028e8898be4bcde803e2ee898d62221b1f247fa4044e3	0.28
shared-lead-shared-lead-012	ef42de5e0096a394b05d7de92bf083ecd6dbc3c634ab566a310ca4b68adcdc30	0.277
shared-lead-shared-lead-010	360fa9e270abf5216fbbad76f4b5cccb4fa8ce415704db4aceb2e14512f025c0	0.411
shared-lead-shared-lead-013	9ce800a6c7bfbca42a661216a240a1c6c5ba72a0f7d268a88d364781f1bfce67	0.289
shared-lead-shared-lead-015	cce5649d7d3aa55b6cc9b9491f5aed465cfac6daba18fbe748b54dad4133b460	0.253
shared-lead-shared-lead-014	937d63fddcbda85daaee9bc14eeb518e7e33d465e85f7c790d8911466b31f083	0.342
shared-lead-shared-lead-016	a4faef6f7a2657f87385329cbd9468320e0d94edc68f1c91d5451b1ec91b9e14	0.25
shared-lead-shared-lead-017	250666e0315d83c655c1a5fdb289d0c05f7d12832759ae8729d98df51fd41996	0.287
shared-lead-shared-lead-019	1a4b61831ea254a6e5289f87aa544a010e17fff8bd4b392d35b06b2ca04bf393	0.272
shared-lead-shared-lead-018	6523f7c518e04c368583eb69e5290051801138b242f18d3c427cd65bc773f365	0.353
shared-lead-shared-lead-020	03aaac200abb9cad616545405e9dd73de5db922d78b46d0e94345c1e271fef11	0.286
shared-lead-shared-lead-021	d7a847926de490bba52cec332c361a9b0553f455e81730a826f42a29197f6ee4	0.268
shared-lead-shared-lead-024	13a361ad77341a880a4f55a9c14490bffa20a1efbbbd382f22362fabfdb555c1	0.223
shared-lead-shared-lead-022	8f40b5e7b6e6579997df5b22782fc14561578d8eaedb33bfd2762a53198702d3	0.292
shared-lead-shared-lead-023	825f8c4192e71c8644b63482d8793525209497689869cccb09d97f70adcb6272	0.308
shared-lead-shared-lead-025	f0a6cf162e448ebc3c24e386780196cf60d3374ffbad4089cb3ab547463b71db	0.248
shared-lead-shared-lead-026	949fd1881d99d3f81316092caaac935ab1d85cf2ed29263807edb5664ee2bd86	0.309
shared-lead-shared-lead-027	5451bfd5d0646674e3097bab3397d71b2ce1a56760384947b1e326cd81ebccd2	0.302
shared-lead-shared-lead-028	48c7e70b43cea8305b4b64f8fdf6ffd5ae89bf44c81fef6ddd135f268e34518a	0.36
shared-lead-shared-lead-029	4ccfbc3fb76bbbeda52e69fa9ef5351f5ccf5e451f1a171a98c20fcdf17f8d8e	0.312
shared-lead-shared-lead-030	aa0794e092210ef44ddeab32e7e4eb63a16f81777f7e00d966448187bcac7a29	0.305
shared-lead-shared-lead-031	50642a770f8751e8ef9b6f3d88f5e9bbd6db76b65da22d3cceaf2c5b330b44b6	0.373
shared-lead-shared-lead-033	4b8da664c0f6af28a4944e1777a3055d2e08e16c1c15b9efbcee0c3f59bf43ae	0.277
shared-lead-shared-lead-032	5130bd4a02b69f4a8a506660e019d11a750c88038a0d100257f701715ae95a47	0.323
shared-lead-shared-lead-034	ea4be4331b2b3c0313032ff80bd87eee03c6423fca59e00377553ff32975c9e4	0.27
shared-lead-shared-lead-035	54b6679a62506b477f6fb7761ba7708ffb0aada316a8b57f105a75de050dfef4	0.275
shared-lead-shared-lead-036	257413c009c8fb14f2f63f1237bea14175c9943c7dfba6f3c72991965ec0f5fd	0.28
shared-lead-shared-lead-037	fb9aadffcceccf5d9415de8ce4181870ffa96dd8354c9269a70eff0a419b2618	0.274
shared-lead-shared-lead-038	5d062e51a76ddb0f9ead9768e0bf52603959bdb187d9599251084d98428e84f5	0.292
shared-lead-shared-lead-039	43df3f50a8169a4197cb04ac655abb152137a100ce8d41c69c06ede8b7537996	0.27
shared-lead-shared-lead-041	aaf5e77b82b49b6ec008d20ffb2535bb5c4c4efddb0ec919600ccd197b46d1d9	0.294
shared-lead-shared-lead-040	4fe22a27a28d4deb01be56d0de0a71700945a4471f304000123faafcd6028fb9	0.385
shared-lead-shared-lead-042	fd5adda51d83dc886e1525674f5aaf52721326964afabae586ca674890e44b97	0.305
shared-lead-shared-lead-043	de2bca8763540e51be8dd7eef3d76f0997c240e437db196871bc50a6886fb879	0.251
shared-lead-shared-lead-044	5449b178caccf3390c04141e329a2fd41832a698da99cf923eb977149f88a181	0.319
shared-lead-shared-lead-045	82b2edc531597962ef72cfae9b112cf30786889072cb23be8a1069c1d14af76c	0.302
shared-lead-shared-lead-047	639abee71b87338ef82aa0672d186b987bc493e77a4078abbf62f115aea99dc9	0.288
shared-lead-shared-lead-046	46e7646224c77c59a6e61e53def55a31a85058598df037e337d7e1c744779953	0.34
shared-lead-shared-lead-048	d3dc1fe2c000c448f5cc63e0e268feb46581c3d79ba579abc4191cb90787a39f	0.297
shared-lead-shared-lead-049	f0870496ee754d3d5efc1cb5d68e85f44f07337eadd7a75f940f16f7f27662cf	0.388
shared-lead-shared-lead-050	cf0109a82aacd0d1f1e3249a5c00e7694bbbf4c79895f7f006e9b35ac48e91c9	0.324
shared-lead-shared-lead-051	303712de5969188acaec746ee657be40610031ef214da89a6548a0c465b70e73	0.364
shared-lead-shared-lead-052	6c3717f807231c444973203cb555072ef4d215134e9f51f5bb64afe9a7fe8e4a	0.299
shared-lead-shared-lead-053	e0585b32ab0899a0bbfd66635ae09b10e91d45928a12223b50e9338c3bd39936	0.299
shared-lead-shared-lead-054	f2d095daa60635a7c15c2afbe95478ffa1f0f44e918fc1e748c7927ac39b4e6b	0.288
shared-lead-shared-lead-055	3366eca8df466558c04ab738b33f2ee299b16ffdb7b74cea1695831514ba519f	0.307
shared-lead-shared-lead-056	9dc73aa1e553756541bcdf544a163a69dd8da9d6587824a7e76b3eb47d685e4e	0.289
shared-lead-shared-lead-058	7180ccb324e54f0413e1cb877a67eeb514aca30965a4977de6ca25dd9990bfdd	0.269
shared-lead-shared-lead-057	53dc56cd23e5be9a17d9bcc0d3acfd8557397144c55f520455dc16ab11df73fc	0.304
shared-lead-shared-lead-060	00141f3040cf4ce71afe492bdaf66c6c9661893d56d53bbaffb3a09641253d7f	0.27
shared-lead-shared-lead-059	aeeb48eddb7188e1a053124a8db025ddc295ba494e361cb70110bcba02412988	0.32
single-hop-song-album-001	e845a0395dab1e8eef5e3e436a49b3ad55fddcfd231185ecec9ee47f5a295405	0.279
single-hop-album-year-001	f18802b6eee9526f530d034912588465a04fde59c853deb45815415260a92c96	0.287
single-hop-song-album-002	cd584206bb04a700596b93d0272cdf4120b6643b5972a6bb4a0d8b2886c8fe45	0.27
single-hop-album-year-002	9921c69f8480aaba42c297c3d5c190d2ec178fe3ca5f0920cbb8e1e6b6af2442	0.276
single-hop-album-year-003	4a91d47d8ca6741586d903d5ec01a134206bf0019d815c93fb3cdbe94fc9406d	0.277
single-hop-song-album-003	c39d03c66294715dd15c8bbfa0a9ffe051d4f78e811406b0d1db43ce31e259a8	0.31
single-hop-song-album-004	80608c3b787346b6c6df6c31fc37c50db41bde018b51631e3abcb55d35c13519	0.274
single-hop-album-year-004	ec758ef9aa361c1f08d3270605f7f0cdc813ea23c5cf06ec87699c267bb3ffb1	0.35
single-hop-song-album-005	0f6861b4191a9a50bf5282259fa4ad9caf94050dbee5b48b74ac2573be3558c9	0.326
single-hop-album-year-005	70b4e5612c5488683151d03279e8052c20f0e7b78ef5552c7ede5b03d5192818	0.338
single-hop-song-album-006	de4036bb78d557ebaed0662148efe9c7e309025764377702640d7a4cbb283fc3	0.277
single-hop-song-album-007	d7873656b9931d5f30599545f0b124237bc542de2b56b38f9647565922d74003	0.326
single-hop-song-album-008	9e6b3ecbbb396ce2c4f9c15439dd4c5bded073bef3428cbdfef4253d4b483958	0.258
single-hop-song-album-009	393b1871f22599f62f74daadb76480aefeda9dee7bd98dd9c32b9d37d2c9868e	0.252
single-hop-album-year-006	3c5494f8a1b84213fae56147de4d1e0422a0364e4d25b1aa75e378c64c6d90e8	0.359
single-hop-song-album-010	6c3d9a7b71967585638267c9179284679e6d17ae67cb16888de94d48265277a1	0.234
single-hop-album-year-007	62983aaf2dab9ccb17b91d376b0240b393e2fc6305e7a3f03f88846d2894e52f	0.273
single-hop-song-album-011	2ebcf01154929de33b45f9df8264f325d8cf870bddbb35727085a573d034afa2	0.281
single-hop-album-year-008	a534edda4390520d9ffc3797e6d502b02cd4451aa624ac12935b9a268aac14f3	0.298
single-hop-song-album-012	03836cc191f6377379ebf39f143237236e5e2be32aab92bd33133309163641ff	0.285
single-hop-album-year-009	0f2e6df2c8721ca5eef1951a86ef9af3e90fcc46fae2fd6fab65ea2eebc1e376	0.271
single-hop-song-album-013	ff92d11885b017741569a225ff7b8fe4b8b611e87a2182db6bb987789f40236a	0.365
single-hop-song-album-014	8ea85f930e08059582fa7e0ba1f3bd96dec16047ed3877317ac39a8eedb2c20b	0.299
single-hop-album-year-010	42a19a84575fdb5e02742298ee066302f4dcb515fe7607955d20f7840a7a622c	0.329
single-hop-song-album-015	c49a838a0fa28a279547848774af9fbff9b11a21a04fd326c9e7a55bc42e4534	0.314
single-hop-song-album-016	a43084e996d4d2350a871217ee512b4126217ced5899f8a4e2fc40c8b42c5bbe	0.308
single-hop-song-album-017	6a37519f369bf265ec9b70cf3bee2d4034e5e17d8673eea9b481a2bb294aa1bf	0.321
single-hop-song-album-018	4cfd8c3973284184ac19b6bd9b6eba7c265fbcd1bb2736d7654093db78ffdc87	0.304
single-hop-song-album-019	5358d6e33fdeaccbd7f90f80ce62cb9db15a8d6fb6d439f00d030124910d031c	0.255
single-hop-song-album-020	2c1d2bf675ac5fd0367c7bda238696af924e859ee7e0745bc5648154252ee989	0.245
single-hop-song-album-021	29d1c3abcb155d2ce843ceb8cab389b43b30c4d76c9f54d37315bcfd01d35ad9	0.24
single-hop-album-year-011	28c283540cfb4f7c65423ad5c50823f2fa392bbcdc039ca35161d08cc668ccfc	0.278
single-hop-song-album-023	b59766e5f9f74fc5b9747af1a93f86eb8fdabd6230d9c7311ea75421e1d24fb9	0.291
single-hop-album-year-012	eca15b4d82fb8fa7c50bbc609c279a96e387074808c07fffc7fac715c89bc5b7	0.279
single-hop-song-album-022	dfcb7b04a02dbcf7a51bc712004e5a3a4b40176705d22ce10ac3d76b56f89a0d	0.477
single-hop-song-album-024	d993cc57e3b7118c5e7823491cf3c56c5e692d5d3397a4de432eb4b237741bb5	0.319
single-hop-song-album-025	877b6ce20bf5c8a997ee835f01c144b32af655d4c6ab905b4f4af78f81336b0a	0.478
single-hop-song-album-026	1ea1f86e0e9d0482e85d606277473f20b072708f32cf36ab2bde3c64a962f3b9	0.349
single-hop-song-album-027	0a8069a913ce66af15e4c43367be330e6d33aa8dcde816e1747dd10be06dd6d6	0.295
single-hop-album-year-013	97d2838440ed3ad13ed144035dd2d23af055e8b9fbf5953aeb480331f0e98fbd	0.475
single-hop-song-album-028	61c23685cbf04900599c93018bd5a2d21e50fc71277d8f7e090e442a8f4071af	0.275
single-hop-song-album-030	b8fffbf12cec2d53781c149556914142299966185ac484fb934533b7136d3b50	0.296
single-hop-song-album-031	c45468c6939bb7904ee6184733f7ad096d066ab3b54449ab90b6d044463c3b63	0.267
single-hop-song-album-029	b2db2b9af212400d366b824fdcd60cc45fe99f5154f9fbcb754dfc5a9ec0bc89	0.382
single-hop-song-album-032	ad06f6ba2daa93f81fda37f652ca0ac2e02818686a156d0f4c587a04b8f137d7	0.25
single-hop-song-album-033	0d10966ca31c20f5c8a76f500a062c825b9e9fac68accf04ec1b8ececb15564e	0.298
single-hop-song-album-034	60d7f6960b5b86aa5cf1d5053e20c82a228380677256d0e5c2e2fcac2ab8ba70	0.262
single-hop-song-album-035	85b6fb13b4c4427419dab3d2854bf21b478a553e989c6b312c2167e1c963ecdf	0.334
single-hop-song-album-036	f8f1786f59785983a061a272ca76f70d49df30c4aeb1a599e1bf5843f366aa47	0.249
single-hop-song-album-037	7e657bd43f7eb667d4f97d333f8b551a0b05a0ece54a308a7fb2c2e5c098541b	0.286
single-hop-song-album-038	35a68184cd32e50d4b8441c1f7afc5a5538740f29b16e01893ef7b89e7fe0992	0.29
single-hop-song-album-039	583ec1fd6885b4ab063c1ae70cd15222126afd1b86929881cf4eab7f1b103fb0	0.269
single-hop-song-album-040	a41518237808e24d031a7079a1ecf273c9c987deb5730775713a76edf1d2e5ce	0.371
single-hop-song-album-041	a7af1a574ab77bf6b0c463280caa494c1dff386c8e09d6b7596ed178a69c8772	0.307
single-hop-song-album-042	019e402a5667bd4fe1950f2fe9e6ec37c24c21faec47e750dabe0b1434340e20	0.3
single-hop-song-album-043	328dafc8ed61efa43990ef68849f87f8538a6753eb944b960c01f2032192c392	0.259
single-hop-song-album-044	7394c2d500fcf3fc0582ffcde02498278455deda310ea4aaebb381acff34eccd	0.281
single-hop-song-album-045	47c273956cc844f429dbc3d98e2e0ae22772a9eb119c88dcf45ed81b19442aed	0.274
single-hop-song-album-046	229b304d7735e20136da75397456da0f4c2d531d59a3139d4af5f8294c85e822	0.32
single-hop-song-album-047	de2a0201bfaf946f9cd1559a4287f7a7c9cf3a03642edffcada2c968cdf28390	0.297
single-hop-song-album-048	d1eaa31850e08f7a309899298b8a1e49aedcc51e3ae767359ef4d384c74cee2d	0.294
single-hop-song-album-049	a7a28e674558e65f06eba202025ca3218c01ff2aa557b7ed2e8eb38fb5cf1aab	0.305
single-hop-song-album-051	c2f5958b3ffd009ab43da37fb7022d7aeb9a45410fdc3b5bd00a19e165314a1e	0.282
single-hop-song-album-050	9b450e463dc987da85ec269897419280596bd7e87672b692be22449fa729dd85	0.352
single-hop-song-album-052	d3c75879d78819579a129ab41f23602cb1431f94748489b339aae0f97142d8a9	0.308
single-hop-song-album-053	d99a03198c00b070de6d28f52ed672ca8c4db3c5a382e67659f67138fb595bcf	0.308
single-hop-song-album-054	948895ea3c49763190991d4131673261ea7e2f83d29689c87942b5e6194f6159	0.262
single-hop-song-album-055	253d01aea8099b4be6638f6f9cb10ba6bb3b49e4480d4bcb6ccee5ba355a7bf0	0.336
single-hop-song-album-056	8915521b348c6fd6170ba535dd3631e3c33aec5bbc00e2077f79724e7ed22c52	0.323
single-hop-song-album-057	131d7ac01af765d2b8a32b740f4fdf1127e7ca026358c46553278a681a20323e	0.311
single-hop-song-album-058	3ab1aef1c002313e7d98f28754b3e9bd2bfd8b50ba91b8d49543e1d5c19b2313	0.355
single-hop-song-album-059	c5eaf3652a9a93f76c0bea5323de8e4749746b136d8ed57da370cd7a37b46112	0.29
single-hop-song-album-060	fe5a4a30fbd1394603e02ae10c393620984f21a75880ca866edef2619d88c72f	0.268
single-hop-song-month-001	961b39f67a4a0ad08361771ac8a496cebcf699a9c36d052d71713bd2a38e1e51	0.288
single-hop-event-month-001	40d45a5c48f68a99ec31f7026cbab1faeac632b764ce01468853047f1fe101b5	0.278
single-hop-song-month-002	9e141331e4e81a3219e718aec841f088b6b1b188990fb42950f68f9d77b751f2	0.365
single-hop-event-month-002	71e5e112f376bd22586788dac06dd01978779f397643e9ce9c2819a2a9726f91	0.397
single-hop-song-month-003	581da5d6c6fbe111e1356b2fb92dd650e5520b57ec309fda8052bf8a76bd47e2	0.342
single-hop-event-month-003	38d5bf0b727e22da18018cafedcda182a35ef705d9aa09305c0c429d857cca72	0.309
single-hop-song-month-004	4a73a93191b2367cb2a7cc97957a2afed808f01aa32aac648a8e101e65ea4fe7	0.368
single-hop-event-month-004	e3a632b9cf3820faaae53e473d83bf66012cabf991e1bafd0852ca8c57c8f789	0.294
single-hop-event-month-005	1ab4fa15d24ac0ae292b499b689fe20f64b21d4dc30abf8dc5afba6430ab0c76	0.318
single-hop-song-month-005	7df59c7cdf8754571a3c84686ec9aba345791c6f16fc118dfdc42caf2309b602	0.344
single-hop-song-month-006	01b1a738efa2b1ad339c4a341d8daa18873f2928c49ce1539d164ea735d28614	0.291
single-hop-event-month-006	5c454154b9f6f869cec9c451d36e808b23e3a9e8f76180c2d9d4263058c22bd9	0.289
single-hop-song-month-007	183a010530a0bc7008c15caeacaca2589b65717e4a9920de40689238dbcb0565	0.278
single-hop-event-month-007	628fc316ab38f0be84b2e5c0894bb090daf3e063e2bc1bae5cbac2e169fdbb4d	0.331
single-hop-event-month-008	61e68dbeca7cef5617fde28c0f6267e9c86bc6509b9e4c855ff6d4e3f08fb0fd	0.322
single-hop-song-month-008	81a42057187115c18fc44608e9c56fa38bb1ecc8083e9a2973205053c571a312	0.405
single-hop-song-month-009	30ea4c4d49aafc3540dd2e0b437ea3debc15a8d69c70e84e1abc04f6f060410b	0.354
single-hop-event-month-009	dede024c8526c5763aff4bf8f457cb75207e8e592450b05c49882af0b022673d	0.45
single-hop-song-month-010	90ee4660394e7b43d94a4eb3779772cca78d6a54d89a52ae4260850fc01f14a2	0.358
single-hop-event-month-010	593f6b500878a94f2ac7d3884d07a40390be61cbb1f8c3105ef7e6d6f843573d	0.391
single-hop-song-month-011	aeff79a615e82cf270e8eba0f47000a30b37b524d89ed283cd7dfc830b126b41	0.367
single-hop-song-month-012	59176c4bcc3ea36cc9d800b4a74b5eb8a60852b6b875d9c0d2a37cff8fb6e34f	0.282
single-hop-event-month-011	f853ad672d63efaa7befa282fa6bbfa21aac9577f13af447e49e5a83993bb002	0.43
single-hop-event-month-012	eb55cfbd0d765b5f1aa87a2f4b541349a912ecd3422e523e6be3e811c87e259f	0.312
single-hop-song-month-013	2b39866fd0d3daab281ac6b0983c72633da047e96ed79659f39b16169df2daaa	0.358
single-hop-song-month-014	9d3ae8ee76ad957fbd7586b18d3676f8e1937dee4dff5406644ed2885d6074d5	0.272
single-hop-event-month-013	8fc449d5be43ff4c0966883ed84d532ab1cb0df227d078a6de20c9de90fb8416	0.296
single-hop-event-month-014	d06f3f8776ceffd68b4d551d8b88b20b916c5da36542dbc070fca966fe8a0a51	0.337
single-hop-song-month-015	905e37724e93cb221a960b2c00d463db1292edbea604f280f0c1517859c70f57	0.322
single-hop-song-month-016	dc1512222f8d2d4b2d210170e5ca26f82e75cc0e5a0d4164cbb96a184f8127c7	0.321
single-hop-event-month-015	77a430e30e117e5f5d5de4e8b90fe3253cd7e437c5a02eb804d5bbb30102d172	0.422
single-hop-song-month-017	f1df9041894b8e12538602565733dbbc2d1597ecad42526f5ba1dc71ecfb1ef4	0.347
single-hop-event-month-016	1e7637b4bc1528fe6ee00b61009cb01665e351819a185d0eef8839a90246c8d6	0.295
single-hop-song-month-018	6c8c7e19d8dc0c1c7764288f7914ea69f0db2feacba2da7205d5a49f666d9316	0.363
single-hop-event-month-017	4fb022e9db3ecb3d1385628a3cc2f6c340ff29090d259ae3cfa79e269b44cd88	0.31
single-hop-event-month-018	7ad3f0a33ca6745deb1ec65ef62ccc0ce0a0681e3e093f6b598709760bb5b0f8	0.287
single-hop-song-month-019	380cec9dc132633b7a44af45ce411839148889e8b339054c260acf861e41e1d8	0.338
single-hop-song-month-020	827ca7e3723ff0ea7acc282b83db633bec39a12f796cf1414abdb454787e6b99	0.302
single-hop-event-month-019	bcc95820bfede38fd4c896c984c0f9cd958a668fa81e9a496b91448adde34b1f	0.283
single-hop-song-month-021	ba88a4e1c026687e9a7530bfdbcbb52bac784da36a64c180695bcf844028f155	0.283
single-hop-event-month-020	d98e0c145101aa766a7275f89b0fab3dd2eee44d610c6298968ccb6a008d45e5	0.329
single-hop-song-month-022	695e579355bf44e9d5d44371b08910d05cc475690167adf66c549857369a56cc	0.301
single-hop-event-month-021	3af110eba419fdf985e1f12bd1eb4726db8f642c04759ec073b5c423109ebf60	0.38
single-hop-song-month-023	b720d6ec1f12184e1b6e82988d50c32a8e3d05955f06340a6d1365348c5fc2a8	0.37
single-hop-event-month-022	543df5b8da4d589f5985bfd984295aae01be75551e72cdcae36cee4bcd1baf54	0.293
single-hop-song-month-024	debfea6db8b58073aba6d753b75a8251705a5fdf01e2b657590cbd88c3c0d3f6	0.411
single-hop-song-month-025	9ccc59d965175c4001d9b0459313fa6faef4dec55ab17bb031d46b0e8040b139	0.343
single-hop-event-month-024	2b430e6725ced89057120b0da984910acc5ab282571de88afe166ff017b25f2a	0.373
single-hop-event-month-023	cb4972309c5975e65f5fb09412ce378a7ed6c55eecf1bd52361bfc73c18bbce6	0.405
single-hop-song-month-026	05e562f385d3bffcc2052ccc85353ad10f8582ce1b3b4035b2b4ff729a2917b0	0.305
single-hop-song-month-027	57369c5a85d766ff5ddf8175649dd658f519859b9036a0dbd1ec321bd06aa345	0.289
single-hop-song-month-028	e4fd1bb334584c0fcf8646cc87e732cbad4d990d6024bab98380bba95898c3a1	0.315
single-hop-event-month-025	3bf97f99dbbe0b9e92f01081b7c457898d0d8fc745daed97a421b7c5f2c9a837	0.33
single-hop-song-month-029	e611633aa6c10b81a8ab93937ec6f69e4f8447abcc9f16db757bbf8f23e6bb2e	0.29
single-hop-event-month-026	c28a35744f0a8049f81c491c286e40225c9c1c136e81235ce666e0f3f7f7c6a2	0.321
single-hop-song-month-030	c65d5d4f0b75596c6016f26800de8280f9492aa0a627302a8f24718c060a2684	0.356
single-hop-event-month-027	4ecf36ef3220255320b01dbb9e744fe78f8b3d89f42576823df07efb703b8b14	0.408
single-hop-song-month-031	3c55f34516db5f44a421924f260f0b4d228f8be448650951a4e35add9e74a013	0.326
single-hop-event-month-028	7d2985b1d4cbfb2c624275b20b767baa86fc2c13a89ff1758bcfeae8489db682	0.369
single-hop-song-month-032	ede3ec0804a6293b85d7b47ab01f127fe1f5515c0bbd0ce90d9b3e4c3fd3bb1f	0.291
single-hop-event-month-029	18b42c8780f7537981846044ca20a95639c00d4482316f699b49334dd2db0f94	0.327
single-hop-song-month-033	70c6c75c24ec6f657bbe3ab0db64ab56cab87ceb871e6f072a8dfe24831e8b00	0.318
single-hop-event-month-030	38e7d4f2e59eab2834c31e6aec41f3de49bd792b597ba00a84599856b9720fd1	0.326
single-hop-song-month-034	54b7b9d35afb1c4bca842b6af85f2cb763d60a04a910d3e3c74c1d30732b34c1	0.377
single-hop-song-month-035	3741b62e620ea6fb577ca57851bf46baf548b6f6532ab493c5fc13538fa50b89	0.22
single-hop-event-month-031	0d99d067f1f0735129285a16a0cfdfadec8f5edb6e0e3f697bbc70ee20dcefb9	0.314
single-hop-event-month-032	b0d12a77f55e6daf9dc6b1242700a0f7bdf7f8423329292ce564dd7cc1838c07	0.384
single-hop-event-month-033	fdc379ede3c0e22342ec7b7a80be5205bd2185a06692c141b43878bd9425a3a4	0.298
single-hop-song-month-037	3b8340d7f374db1905115f8596c5f560a7db09223f4920d1218091a553f5e4f9	0.295
single-hop-song-month-036	eb1e7370dbb344f43dcfa5f9878763b2b68caaed561759b76864f0ce2e85b3ae	0.383
single-hop-event-month-034	c7e14d5f01cce6eec8af7314f681384a2a26daaa4246bc1298648858f25bc44d	0.377
single-hop-event-month-035	9a832b76754f5b6203e9c8fbc15b05f84bd6b04b7593395dd9f581f683302d3f	0.337
single-hop-song-month-039	863fb47e19fd990f1ad5230f9bf8d9b8480e49951ea75b1ca9443c691b342b50	0.323
single-hop-song-month-038	69e165e256234d1c0d78e130629f813ee6c0ca6b7bdd714e8a5335c28a11e0d5	0.434
single-hop-song-month-040	4c03b1abd3c08c105dc22034e51ac822319ab60599386dde8412758a217fef05	0.259
single-hop-event-month-036	25e94e5b8200699717c8b2b806d73a3c614afa8f13e3c8661e9d29486d33ffcf	0.359
single-hop-event-month-037	58466c0b53306ce3fe9ea3c5474b7602e86fbc803ac34781ae83adc7c7388392	0.359
single-hop-song-month-041	7099f77c160fe9940f46a8a3870c13324853d2384154385346e7cf1ca6e36295	0.348
single-hop-song-month-042	76d8613a622469edc1efa1b71608102f9749c675cbed047883cbe1335cd42377	0.317
single-hop-event-month-039	1bf02aab36a9a7a6d113b67ce464d31df131dfdaf9de584c6fb69687d8e2c41b	0.268
single-hop-song-month-043	b87b14007f6d554ecefa4b7707314c1bfed2fac8f9b4319db3a9a16f113594a1	0.307
single-hop-event-month-038	5616729073bd03a8555e570ce10ea29be64033ff9d405a0b4d19cb5c892fb1b9	0.448
single-hop-song-month-044	6d7bcabfe3707c5cdabdfd6ea14eaae77949a289e76b502f0398b1969330f6f4	0.315
single-hop-event-month-040	5b13d7cacb4aa1a9edae99d77b361552245c61a4ae7107718de651e61e9c2cd9	0.344
single-hop-song-month-045	f6e93f5ccfa31f2dacfebddd86c66f3fb48559ce7aab6f3b71361144a0565586	0.376
single-hop-song-month-046	1300e96205b5f866f71226bed176298a2093f6072d52f14989df7c4993a5e916	0.291
single-hop-event-month-041	6ce206f68d20fae5cfcab2f59b65f02d8001300fcfc7abdfd17a26db640a4a03	0.451
single-hop-event-month-042	31ffeb1c4bf4a28c3939142fdf156d5e31695823b45ee56f1359138fe937540a	0.374
single-hop-song-month-047	af49b8f751375ee4cfc01bc9f65d23a044d639c0213ea6959d9a44e202695bdf	0.426
single-hop-event-month-043	9cd591c5af8a949072671158996ef7c91dd45c1687dd34ad1136c31771d66c51	0.343
single-hop-song-month-048	73c30f4b1db52b813126854a9c2e986ebd5a82990b576d53d9cd4655fa14111e	0.28
single-hop-event-month-044	b4b8a3fe224672cbedf9e17d5a6a13127873fa2db808a66f2cd2ce45450c0667	0.397
single-hop-event-month-045	9f1c046bb8326e4a0344828f3186881bfe18ecb10e06feef5726f596cf66316d	0.389
single-hop-event-month-047	bcbddbf32b0e5451216bf0f43ea944f4a17d6f3bd4c70360c4c9ad86b09bddb8	0.371
single-hop-event-month-046	210478584635f3366b283780472f27ac34e8214240eade84051ba0b5cbf0962d	0.396
single-hop-song-month-049	4c1f56548e6fc856de362d30d124fa8e2bcd1d6a8358faca95294c4a6dcf3679	0.348
single-hop-event-month-048	a8dccca1fc501efcc731e17eeebe891f3da2c178458cad162958a3fc17721959	0.295
single-hop-song-month-050	c9d9d77b795011f6e79ad0bb18b51fc8f461d48288044dac420889dc266af0b2	0.304
single-hop-event-month-049	f3fd43169c11da52ef5558a4d186df7454b248e9d36ab6bc2528324d4defae8f	0.371
single-hop-event-month-050	4edab131b266a6730bb6d2a528ff562a56bbea3ff811f5f1001b42933608f33c	0.256
single-hop-song-month-051	bdd00148de1671dec52999da465bc808215923f82bbdf6c4aa3dfe705c7174a4	0.354
single-hop-event-month-051	4ad8b0d541c071ce3d8e8dd78969bb77ad0dcc4fe93dd8468ad485e0e8af2087	0.335
single-hop-song-month-052	39c85da6ee457b7d21c5c28f4b8e2adff65e1d92e27c8d1bb8900a5c621128a9	0.418
single-hop-song-month-053	231331748af7b0c7d128ad6981794652c8ac9a12c5f0d9d56be73e63d8875ad4	0.309
single-hop-song-month-054	86da699b4706c048b411eb8835114525b598f891d72bf6c49f70397ea625f42a	0.309
single-hop-event-month-052	8f32b973eba7dde50ea9b40f165eaad591483e3184c06778d54c2b0805e0effe	0.476
single-hop-event-month-053	1b82ebfd7d82a9e372007b8f9dc83b2a8f6f2a35ffa5f61d697cf5d5eb47adef	0.357
single-hop-song-month-055	7f08615b2032e07df7db7fa6b771d7706afef04b5f19023573648a56160f8354	0.281
single-hop-song-month-056	6c26fdcbd231331d5941501b8fd091a756bc14a36c04b71c5545ef0d3cc21e9a	0.305
single-hop-song-month-057	ac8e0d5780d1c6ae048fa39ab3ef0f62065b7841b4550abecff6877ae030e9bb	0.346
single-hop-song-month-058	12ea8684515d65770cd2726d7d12543b351552ce23945957ea40880f3796c14b	0.347
single-hop-event-month-054	0bf7471abab67e2aa634f7707959daebced35c7d65329543e6429271ad25fe7a	0.552
single-hop-song-month-059	3e8f90c4b0289729b8115e19e2c065edf9471b6338b6d9cd4c9ba2e2ef3d8e42	0.34
single-hop-event-month-055	05912f40a1153c60dcaa1510c11b45ff4a7166058bb2785c7e326640eff3f510	0.318
single-hop-song-month-060	a2cf9637863a0be8d1cc28ae1632abd59fb56c2df89db58a16636585e7eb7ebf	0.364
single-hop-song-month-061	7a2489ea360e284c6d4a290153ac325758051039d0fe81a71759e4d91f4001fc	0.285
single-hop-event-month-056	2517472e84ef6e4a61bee66aaf85c125c088608062fed93870883026942d33a5	0.357
single-hop-song-month-062	74f30d8874e641071f1a14dca9600a44ec5ce5eb009b250436234bdc41c46a6f	0.282
single-hop-song-month-063	419f392adc52533d5a7726665a53353e9d4e13f511a395b1f965bdd216547e2a	0.378
single-hop-song-month-064	e4559d59a75ed28e46b15bc2a7f664dbbfac7d741b1700cda20c67c7bbb81d0e	0.316
single-hop-song-month-065	7043c848dc056659bb00bf382b2f4045ac1ab881fa9515ac41b88204a6dbeb2f	0.313
single-hop-event-month-057	d8c5a7eb2cfea9e411e37682b4d40a1419ad86b59b2ca3f93498856e52b7f9c8	0.422
single-hop-event-month-058	b58c713ca5ee21e2b97410e6e508f4525fbf83a3760302c70fd7e76f60589977	0.29
single-hop-event-month-059	68453965863746c65481a059c1c7aaa583a1bc15b9c94ef5cdcf011bc708cda0	0.288
single-hop-event-month-060	247127c77f583750743ed847547958bb610047fe51a780431fb90ace6629f94e	0.274
single-hop-song-month-066	60931c53a6d36512c1f8ac2455ea2d820f095492f6ac547120fef0e3bb9947cb	0.341
single-hop-song-month-067	0bd2230c49aae92087e2533dde2e16e57d4ec9b1f203451a1cf58e8031403f44	0.288
single-hop-song-month-068	8eae25ee6828735fa0853095772a6c2b967475526fc6d207221fb83165b95100	0.412
single-hop-event-month-061	c10a18b4e83a5c292848312301a587fb15bc2e8fa75b47fce6c90708cd6908c4	0.52
single-hop-song-month-069	2e72c6838cc1f9e7a94984f9e0d91d6da0572ac6438d173c7bcd29c4ce14dfa7	0.451
single-hop-event-month-062	40194c020617ca96d6e4e8862f50d3edf9914162df605306da70973cb670f5e4	0.504
single-hop-song-month-070	c18d2a8b0b5d7d09dbe7614b8cd9711dda332a4a5415b4d7f408062f36be7cb7	0.373
single-hop-event-month-063	b927321ca7fbce301ceeb8e16b4c53fa84140d1e09c6237a45da25d314fd899d	0.477
single-hop-song-month-071	0469d6fb493ae63f773d0883be8d769008a2ab7183cb33f79a69d9c396686905	0.486
single-hop-song-month-072	9c80eeebad225c50d8ed45e6b78cfe3826c8eaf2a79add2f56c5b92f416ae7bf	0.34
single-hop-song-month-073	85ef555a46d03b51a357f8d3a6c87382c60a0619fbcdfe5577b8ef4b1cb8433e	0.398
single-hop-song-month-074	79c3f053eff2a843a71ac3a6e2a00e38958fbead5258e376cad15ae4b128b5bd	0.292
single-hop-event-month-064	d1b76a5eb2386bf89f1c155d4220bc7c25ad535cf6aaeb81245b3d41b40f43bf	0.359
single-hop-event-month-065	9a531e90d183ff398fca67e019e09864e5b3d3114bf89edff9bdef82e800d9b6	0.387
single-hop-song-month-075	8563699f2af780b052ed74073e35f419793c9fcff1d769738de0ed11372ce096	0.374
single-hop-song-month-076	0ba46ef6a061146c51258dac004697aa5492194112a0e6e7189cd00bc4ca3f32	0.332
single-hop-song-month-077	fa928b36e8b711cfe180c14132bb95235e57c4464b36dd712ce347ab9dfab53f	0.341
single-hop-song-month-078	bdaf80256971982fe2ea1939f3509f3f85f161a8aa64955ef485a88add080d52	0.341
single-hop-event-month-066	d0421d9959e79497dc1a51bc6b959f7f8472897d7e9636031b2bc3482195a5d9	0.31
single-hop-song-month-079	4f3324b545b7899f40ec6c43a6d1ef3f5a16c61aa8beed8edb26322eafe1fc69	0.329
single-hop-event-month-067	e613381646b1700938ccb98fb83573ba9332feac167688db27cdd3cc3e12383a	0.333
single-hop-song-month-080	7cdc42e9e55891385ef8dbb417757473c85f2f4196321fee0d4676c6012dd880	0.43
single-hop-song-month-081	dfd122acda15bf3858761012f35bb20ca558ac8903ce6a2c5d70ed1ad7aa565d	0.352
single-hop-event-month-068	d338c3747c04964c86bab5b6af07aac15fb3fa5b36c810eb9dd7c777fb701255	0.418
single-hop-song-month-082	f636642726e822c2719bb1e03dd5267b3ec7845b22142b22186ecf3ed8fd1c8b	0.463
single-hop-event-month-069	a2567fdbdefdf2c44f2608b61bc32f90442bdc4ff0fe01696de0fccf2ff17dfd	0.335
single-hop-song-month-083	495944af485a0d387344f1614042a67ce2fa4acd62dd2f4ad23d9d04e4877a54	0.34
single-hop-event-month-070	20aa3ba205d21a89a3cf0569bfed3ff28d6d13e983d54f86c446c76d2ffb888b	0.425
single-hop-song-month-084	10175403ce2117ac68d2b42d5af8f5d6fa57e7af90aadd904f11fa091fcd484a	0.378
single-hop-song-month-085	57cd6bed9fd0a82e6ed6cdf4a54ede20d60a3348af49f761242a07a4682f3471	0.368
single-hop-song-month-086	e64b52f6524e74b91f15d44480a3e10fc2b77bc7c683bd9c1e5e38e8d2c98cfd	0.261
single-hop-event-month-071	aca0a1d4139dadfa30d8214057a9dbbf5f1afc38577b0fe89401a069b86f5180	0.625
single-hop-event-month-072	3289e078874a5bbdf0a8efe52fe35405a58243c4a46ed92f1ccf6ffcad7d0d23	0.381
single-hop-song-month-087	6021a4368cee8765c0c2e6f7d6297e08f17403a022dcbd05fd5ed768eebeddd2	0.303
single-hop-song-month-088	43a440873a4494a9fcf9c40a138b20de0ac9d67ca7b884ab7e7663beba68a4ad	0.288
single-hop-song-month-089	fdac0ad658db6e27c84bbe700961721539e5d281e7faa6a0a3fcb011b0aac936	0.324
single-hop-song-month-090	2a62e6e6f036295f7b0eda554c2bcfff1993e6af90e9e7ce7d39b724af9fe6db	0.289
single-hop-song-month-092	80f10793c6bb446397ed7c15e1eec30df099f8f779029613deb5fba8b7f80a63	0.42
single-hop-song-month-093	5e741aefaf18f84d4fb6d8391621ed694f4a5251002d0578dc1f4018ff473e77	0.375
single-hop-song-month-094	d06c0c2d2a8e8edd1f195000aead1f391f45e43fb8be068978fe762481a1baca	0.411
single-hop-event-month-073	18abe2781a35138192d2a39b7216582f810c083ec2ec515fa85c3c7b15491518	0.388
single-hop-song-month-095	abc2b05eea300817a98985febd02ff459abfc419a8d7b09e7601789ffdc87c7a	0.414
single-hop-song-month-091	29e75fdb3353cb4ee5630fc1a97be7fd03f51681a27e2af10f7a3933b6c69b5f	1.009
single-hop-event-month-074	1076c0a1750accbcd5bad4c8d2f585e1449f40c8c69ee3e26d2ddcba09f07c2b	0.4
single-hop-song-month-096	7c81ff5d874b690714282de1674367867b106c9bf9ddb5b6c894dc828d5936ec	0.344
single-hop-event-month-075	8a82abbc1c49687e6c7283b32f1f4d107cee4be0e22a8ebf2930f187688c7243	0.325
single-hop-song-month-097	beca1ffde77aa2bbba9c01ee43c7f726d129e8aa757b8242b394685e79c43253	0.398
single-hop-song-month-098	a88c5160407bdecf0d05f9773234e15836645794c35fc077dae4e7d56dbb56a2	0.406
single-hop-song-month-099	8145afc53f449072d9e977e0f44e3ca38c67dc61db7b7c5a929e72a5c87785c3	0.315
single-hop-event-month-076	c43b395557f62a9e5b4efaba5efcf0ec5fbe0d0f15f5f950953a994465c5752b	0.281
forward-singer-001	f104344183a7213e4e2bc154e150a5f246737290c63182219ad08f4a32c145dc	0.27
forward-singer-005	d8cc9033badab28df07d3a9c690eb9a163869092eea249e8ae96a2ce866d0eb7	0.264
forward-singer-008	5388c441f1fc388fbda1e0ed747a1ee8d5724f8e88555c5eab8ac7c007dad325	0.25
forward-singer-003	2cb3f4c22fd4af3fc4a154ac324d80a4fc53daf42c207ad4c59d2f520f97cca5	0.367
forward-singer-010	07f941828576d628a60148e3ee6688d84cfdb8321b3c25bdc4cee4e32f3402e4	0.22
forward-singer-009	c807b7489012d9fec973a9aadbac31fdf3aed0599e1a9550af4461b8455414d9	0.264
forward-singer-012	c7d36af1d4dd0b8e842563ebbee6eff4e63fd936d41d7a8545bf427763b87282	0.223
forward-singer-011	d814a221dbdb57585188dd913289a5962dc833ee7220bd52d34032aad0687761	0.297
forward-singer-013	f050bf7bf3e93f960dc60dfd0b4891984ab9fa278fb73c821e3a44e592396121	0.292
forward-singer-014	eea22a0af716b4d1191de4dbd22b0769eac56e3232592f0730b8663a38f56457	0.292
forward-singer-015	85dc2a145a7bc7e5bbb2ea5d83e2954b09de43c2549792cc47e9e11eaa52d15e	0.272
forward-singer-017	78e12f22a6ce723b19d13207db3cc450e56e971dbde0f9085e704b69c6a765c8	0.287
forward-singer-024	313f0497f3b95319a9ba21c8138e64e9baa4b280fd9c9546554419dc29a4d6ba	0.236
forward-singer-022	b0bd6a3834dad597a3f177913cbaa3cbb89fd6e11eaba33e0ff27c3eb80efad7	0.28
forward-singer-027	b5ba7838f7d63fba994f9ad3af686495cb4aa2d243ec7b1336aa8b87eef01bed	0.255
forward-singer-030	539d067c81ff8d25dc599248175a3ee7209ec912ea97344a0a5ff1d49a6f359e	0.253
forward-singer-031	4deff744bb5bef99b75530f219d2ef225664fb5ae467b6a21f94f12b58640734	0.2
forward-singer-037	b9d0e0743ae3c2137649573f479536baf6798b28c070f2919d1c142cd6573aee	0.259
forward-singer-040	4aefbede076e09c240be5679043089bafb09c8f6e9c5a4193726efd1e60b7457	0.261
forward-singer-039	8d6be8423699c53995402f1375c4618c63e6d2e4ad081132b01a35a28f421308	0.323
forward-singer-041	e86fa291777a311993949759dbe29277a83d65a179e61020de769f6e3246d34c	0.257
forward-singer-043	157a5b38611edee4a86aa0d7854cc09324eb5886ac044ebddc83c84f59d5d53f	0.266
forward-singer-044	e426267e0abdc3b34d3a74b7c8e1257e533a0e398291160e7d930bee979a18a5	0.28
forward-singer-045	b9f41f5ab95cc2d1cf5e4c84838ddff411957423141020617495c783ae13d7d4	0.298
forward-album-002	a69e4531821a5a1930f438d3f38f76c3146d2223b9e028622f78424ce731e176	0.217
forward-album-001	9be93992927c6413d772d059f7535caed7f98b8d3b7ac3f45e363bd882e910a6	0.246
forward-album-004	5a2c25df5dfe5d11bf5e1746bb3cfa5905d743eb82280730c7dc8c9a4fc229a6	0.216
forward-album-003	a612d5712324094693a8f2b09d31d47d3b287461febb2ed3377d71cb79285ae1	0.297
forward-album-005	9ff03c4df351be14ee63517f36af6eafb3041c32f5f803fd95b49c72c3792d90	0.31
forward-album-007	0a637a943856529d3730b1f898ffff3723b128e9cb7e047b54576fc18a501842	0.245
forward-album-006	d0c754f90f1bfb0db13f1e13d15bd12942eb9f414b8bfa03b1d77ceca2db9423	0.338
forward-album-008	06bc2f4e184aad6e302e6086040862adec3e53465cc87fb1fa12e3f17800df31	0.308
forward-album-009	ac1ad723260229bb34d6b24dd49a1d010eac547a6c07068ec7f6dfbb0af3ae8b	0.254
forward-album-010	48df0365b051c294883d00312333166bbe7625db20ea33eeac8b524a76c4d2a2	0.284
forward-album-011	da450ca2a6d5919c739052ca44686cce63ca51456ea48eafeb5655dab3815678	0.284
forward-album-012	e3008275ae91231dba1d55a5b808fa2702e5147057af882f8fbd5a257385523c	0.229
forward-album-013	15f07f9ede97f6829f83cc91d26fff386344ea6ea4b1089a29abe6f1fa075bb5	0.237
forward-album-016	7f5b670151c1290c4e47a286833cd35c6f8230af4accea673fa9a4e5fd2cb9b2	0.223
forward-album-014	e2d978b6bc2dfd658dc8bed7645124c531ebc73362e79c644e9fe0202ae35d0e	0.295
forward-album-017	6679d7493ab8cd18ddd223becf390e3f30b5fa1ad7f0f5b52b111d9193c50b21	0.267
forward-album-018	b0c600695c743cbe35637317b642f33af4af1e426d3061429f09ffa729bcc6e8	0.209
forward-album-015	bff463a0ad92b429de8d98eed70463f9f5995524f8ba9b28d69f17660cb7ff00	0.482
forward-album-019	5d796ea918b87197f10fe05335a7f025f6fce8403a1fdb09833c01394b22f4b0	0.235
forward-album-020	daaf9cce680d8a49632e5a8c3c4fbf72ab587d9595fa1301ef6874b5be274294	0.243
forward-album-022	830f0536ea42625931b347e77046bae5cf07ee46c8cab83b4a25253b4356cf38	0.221
forward-album-021	4551fe86c3e8086b5590e635ad3cba3fab2c2851288ea85751aaa3f7af79d72c	0.276
forward-album-023	166be4a69e746ef2d74438eb2dd32c268bcfa6bfa5980c0b86c27e2f4cf41e19	0.289
forward-album-024	baf0f0eb796fefd06a07d64d5c12714a97c460538633cc6f257ae43b4a380af3	0.238
forward-album-026	6cc314fd336249dda9a551fca1d1ca6f141ce7624fdba66b2177f4c0d6cd7092	0.206
forward-album-025	65c7e7815015dac1aa59f0e23c3d2a9aa8e7ed0f20539d4ae4fb008269758447	0.251
forward-album-027	ab33bbaf0abdc181ce6c01bc17bd6b3fa62bbe305958281c21e29686f23c3fb5	0.293
forward-album-028	4726bf0d7d8a090690a98200582657715965b80e7e432f244f40978a45a3bf27	0.251
forward-album-030	f70e897c9baa0f20a01f387920f7adcc68e741d705f16ebbbb4547d9e101bb84	0.227
forward-album-029	247d3076a9380b8fd969f530fec0c93a2d8890fa60d0f29490ff18763944a1f0	0.278
forward-album-031	287ec066c2985a46f6e5749b54662fecff4c70fcb2ac16efbd736569ff52a741	0.289
forward-album-032	0bfdcbdfac6fa83ede6a3923415a506e0bad4ca7bb15a791678ab2ffee8850c1	0.282
forward-album-034	e93a7c4f4d26ac42e22d807d51d9492352590ec1ce5f297cae1d907a8e63bffa	0.256
forward-album-033	e74e4385282b6beef9f473844ad02e2108b6c5189c9466c1d0e2ff9c4f0e9946	0.292
forward-album-035	14d26072b93ab8ccc3070d7f9b7ce22d211a3af1a37c751c7f47304bcd26533d	0.238
forward-album-037	d915080a4aae5ffd7b65278b9491e4d8d08f6cdb8dbd0a5b4e6c7869eb1fb442	0.237
forward-album-036	14917018333f215005de97411f00f19ede8b7a2d1f5ba84a1f1b88cf4b386955	0.292
forward-album-038	e200d8334dd2403f14d737a8226526e5d54d1566955ee53c4120b767e89a1d94	0.281
forward-album-039	da5e9d7507d30832e334e8f389946c8ec39c683b5fd6a03c776fe203586ecc47	0.206
forward-album-040	07a6ed1fc47a158eacacaf9e9e214143733dcb9fb2eed913b0d568405fed46bf	0.26
forward-album-041	869b9ab8737113f431cd8fc0b5e027af489e5c6948896e95c51ab14b4310dc1a	0.26
forward-album-042	8bf23c4cf86d3474aa732861fde6b9c5a81a6d88339649b45ecbb3b7d57da89e	0.245
forward-album-043	db7e5b86a7e88937cdb4e05137245b365bdf6416571b11f57e266e4d8c553234	0.231
forward-album-045	2893e1be8e1d9f1586840c199cf8f69879cd6b174d210103e65f5d274f6e3bb0	0.23
forward-album-044	68953f6eeca43fc2c2d8dcbeca8f4bdd97d6c43a781de84e0b3e238d166b069e	0.278
forward-album-046	37f29fa122dac33b3af930fde47ea42bd4afa2ad6b01958f5cfb4f7fd6cea97b	0.269
forward-album-047	73e8f933bad210adb725fc08715d30147b9e5befd4da491da81735979f98df86	0.232
forward-album-048	70592414a0bc0d28839e5a2e131f85f32cc926ec70df1708c406e516c96018dc	0.25
forward-album-050	b67f0f6ce80f31131c61ca85df8c2b931cc6a33c3ef8c188951832b3d43d60e2	0.245
forward-album-049	d7aadbbbdef612834b240a859f68a732769552e44a76d55530643f3e83880fe7	0.299
forward-album-051	40044d63c55fae6733e466ca71658f407f066f78d1a7385e3260ec275a4d83c7	0.277
forward-album-052	388f50ab713e9e7a94cb84546fc3e96dccef3fbd1694fe055db7fdbf6a8f27f7	0.213
forward-album-053	fef0318a93db6c0ee062534a35ca74779d81154a440f7bc41d773e8d18890a4f	0.241
forward-album-054	589c1133dee3e6a564ad33bda937a1069a5dbe7fdd031c1f48fb398e55f4855b	0.245
forward-album-055	7daf5025d1489e9a60fabc0b4225dda4a866c2364f3de3f464705d282b669dfb	0.248
forward-album-056	50053421990d80d14e8481b766ce593082045e6bd4aa9c02581f91b8fb65efb7	0.235
forward-album-057	18adf57d06961bb0b816c89eebefa61de18f2aedb889b2e7f73a3ff5dba9effa	0.264
forward-album-058	392f03801bd81757c63ddd0292ac7a405fbc326956e39bae63c0ba55575da3ba	0.329
forward-album-059	336cc6ba499ccd847ac829c290bf482bd530ada3d718e90c6c7612507a56741a	0.301
forward-album-060	8d2b24d26caf7185127297f3b913c1ed2e3c62284ffe76e42427c07355fc0b4b	0.272
lead-set-john-002	972339d978f409c6b07f83f869812a61be206867e58760b01fcef389be5a30b1	0.228
lead-set-ringo-002	f3f4d6cd893c4e94df9c887ae8e8e8204cc4ef3a8c907816b526ac260a63712a	0.245
lead-set-george-002	81fb68dff76182309ac61902fb247fd4c5fea6a622fbd8d5038649926309eabd	0.265
lead-set-paul-002	df8cba2023610cbbe2a061842668a6ef6783abd4f2b2087118a0051d3fa661cf	0.284
lead-set-john-003	d867eb72c581d07c9313876d3febdbc11741bfd83705597bb710a838b5d6a976	0.227
lead-set-paul-003	efa8e00f01eec43c073abfb3c2f33da5929d5c488a01ff353edaf30a1158dd0b	0.227
lead-set-ringo-003	9ca9e9297825b3810beae30b4efedce48b160a6105f397cd277a5f82535541e5	0.282
lead-set-george-003	70acb8658ed85a1a446ab45ea80a7372bfadfdf9461bbb1829045c6da99e56ae	0.304
lead-set-paul-006	769e2d87f8f2ccde39bc5660038e7ae686f9ec58b04d76192702d45d977075b0	0.248
lead-set-ringo-006	8c926d60f98843f2f04cd6f4e484dbe2d61055257143a5b7e26f9f33d4d0edf1	0.252
lead-set-john-006	9ebc91aa42d773a8b4196ea256f1e086c3acf4de8132f46b373ebfc12a43b5a2	0.315
lead-set-george-006	87588aa160280280ee20350af195ebc8ce289bf109a8d898cda03a4c1eb5b308	0.314
lead-set-paul-007	9d764d1b7127fbbb9d4ac027bca69d63d0c0d9bea0e7ac233b11f257ce28b9d3	0.232
lead-set-john-007	61cc02c94f981b4de7134232257e4fa637d193e3d06fbf76b0088ee6cc762577	0.287
lead-set-george-007	8e25b7416f68c7ac74aee684fd673a1b5a9f1a00ea03acfc005bb8d10194e883	0.25
lead-set-ringo-007	2a6393892c4402dc590910bfaf5703206de5ed108db0280a32ab97aff7d64559	0.289
lead-set-john-008	6e7ff0458a392aa732f11a91ab59b27655edf504439f739484ce9777007bd92d	0.266
lead-set-george-008	0a9b147dbbaa7f85cec6b5627d5a691b36ff61b0d1b1527240f7920d81c74b1e	0.251
lead-set-paul-008	19ebcc8b339773ee5376218c5d4a3254f9fbdd5f53909f3669538adce1b557dc	0.284
lead-set-ringo-008	ab2fd0f109311990c785df19a5ae535d569c180d99ed6c36836b45e50160d22d	0.226
lead-set-george-011	7a0d47325219756aab420161186bac552a35250fe2d6533f86b96d2668fb9294	0.223
lead-set-ringo-011	dead1c3c8a98d984768b10e352822febcfedc91564a382b12edaa5bb6a633b29	0.226
lead-set-paul-011	f33c71abf4f9f2da370344321f27eed7a3534a0f93616598810eeddc561525b5	0.251
lead-set-john-011	5f4b36f2f2e593a72ac1c9f1e05207b1e46c3929719fb46f21faa24be031d931	0.31
lead-set-paul-012	a0e96c5640a5f3ee09879704646c95ff7935f182bece3d64d9d6ef9af32394e7	0.196
lead-set-george-012	739696e2b8714eecba34779c75144aaf34297dd24ce0671b4df3d39b23159441	0.264
lead-set-john-012	625c7adcc45d6a5f5e9913114fa447fac772d9c35664f671ec6f13cdd5d98095	0.352
lead-set-ringo-012	bc2735d34dd0f8f42f1a6cf86a72c3d8a682b8a98934d82410efca5287ba6a57	0.315
lead-set-john-014	463a928e1cb4fd25be4c45e31d6043d2f644409ca9e80b0da96df098900aebc9	0.28
lead-set-paul-014	5d67444c64b6af6835b88d0c5f4f847a2c255205bb3a345299a17888b11dbfc9	0.272
lead-set-george-014	f63bc66148d39362bdd64363ac330106f325c54e0138f82ad320b8d5c9f79d36	0.24
lead-set-ringo-014	5251d6e0344e8a87b28bb7208e0d7b8a57a5d07ee2c40ddc3f016df6c79d414f	0.251
lead-set-john-015	1267d11c3b07cf9c1725d466c3e03623e8c19f56bec3c7c1ea5da75056fae963	0.204
lead-set-paul-015	c09c98082b42cb6c59530292c1b45ee887c317257cf3b43be9dfda20f254f8cf	0.273
lead-set-george-015	72c209d8b0696a338080600e0456b6d6446aa2a3222eb8389e54f4bf661ae581	0.315
lead-set-ringo-015	2201ade6b8dda23b831207e8e7488a014ba3c8a8bb27a49b56909891a01fa5b7	0.354
lead-set-paul-019	364ffeec647b3230dd6e7464cb3b797639e375db26e3a0360d8b2bc7da854883	0.27
lead-set-george-019	d5724ea2ecf8e761f8c4dc76e4286b69d5ca8ff74eb8be1c39652791a0ae35c8	0.256
lead-set-ringo-019	d9f29701bed122ed20463292513066f281a3aaed389625d32db18c090d5ba288	0.246
lead-set-john-019	a5099a6d5bb71824705c6d9f8ed1b770ce102d4e00712f5be5dd3d1ebd9a5a0d	0.376
lead-set-paul-020	03273e4e0cec67b8cf091481aa4566e29960edef651575d790e90b0500e2585e	0.275
lead-set-john-020	dcf6b44128461cc556818a51fc403295e0fc64bc60977cc8bc0c98c066f14625	0.297
lead-set-george-020	223af76f60244d038ef38822bb623fb1c6da447be78bd8dcdab5d50dfc0c52e2	0.243
lead-set-ringo-020	734b14d05c1b352901996295d2a5615a8b754d1447c346bed331df287ca0996f	0.277
lead-set-paul-021	7c73a6e9e249d44513787f01871af5820298e89b5f628421ab9723a47858cc3d	0.223
lead-set-george-021	00c7f13ed2a1420f315c36a407765e53d7913b5d99a5e70b43dea2e9f19989eb	0.271
lead-set-john-021	8813e69b2c8129026752c55f973c320dcfd18f74e6a84bacbe4f50f06fa59c3c	0.325
lead-set-ringo-021	36c6bb0ab876f59605e9cc319e3217b70ea693607fbd882b7445172750bc7926	0.272
lead-set-john-023	490a7654f78ad246c04d7c33092c65190a0b63b2792d2530f7442f03aca1d506	0.245
lead-set-paul-023	f1ccbae18b29a33c6502ddcb3ee396bccb162c27ba7f60729da80c1e541be9b0	0.257
lead-set-george-023	c34989941a345eee4f1bea311668dbd71ff68fe9afdb9a6c18507e6e4a8aba0b	0.3
lead-set-ringo-023	759e8e591771cc696ffe1dad7b0cda3ce24bbb010a9a71cd54327d8fa9498c0e	0.292
lead-set-john-024	4ec38005aa4e5e1c3e09c880d842d65fff6f81ff37a666652136533ca8a78055	0.212
lead-set-paul-024	73fcaa50eadd54544e90047cee22e43d3813cba95a64d8021f9bca3ec8e63758	0.239
lead-set-george-024	e723e5cc5843e83fb8f62cdc444282d747c2532eb9f2d09fb115cf71d9c48eaa	0.229
lead-set-ringo-024	a86de6780ff9701274c5c355822bf9d1071b075730d31512fe6108a82835f434	0.236
lead-set-john-025	614ece2a8cb1ce5c6b79ea70f91359d93c0aa32ae3e22cb0455552e55c74655f	0.217
lead-set-paul-025	fb34efe8be75f1b3e0931ea4c81da63f836bbb88d49aea8f9a7ef206c3678fa3	0.224
lead-set-george-025	0469236e6869cc228401a61104b4817d782e9ec82cd1f63dfd5e160c411b9be6	0.302
lead-set-ringo-025	1d556042fd8fe2e2a7ee3bb77933a1118be4c0b020d278b4d2a258140ce4b0dd	0.295
lead-set-john-026	7f0b3cdae3a366af4a756e49fd5cba8c5ea9f15199ff72fcf39ef952246ce51a	0.257
lead-set-paul-026	8ed7b8312dfd729da7ddd39be56f3eb84c51faa6d4ca615937e51e8efaea8a7b	0.234
lead-set-george-026	132476a9ea2711b707b17bf446a39131a74f403ec632b5fd1c7ccaa3e6e0e7b7	0.251
lexical-trap-control-album-to-song-001	248b7eeee414f7a559b39e563b7c0a4d94e211a1985b7663f8301db959181c48	0.253
lead-set-ringo-026	3a2ece78760f663bc5837737fdf93ab6262753ba952ec8b606ba350e30c3d1a0	0.298
lexical-trap-control-album-to-song-002	0c26776ea01c06dde613090679ac89135613ca58c8a5e5c3a97fafd290c20619	0.241
lexical-trap-control-album-to-song-003	37e6ab01cc8ee936e3ebe1156605bbebb3b7ac7731587badfe811fc9572c2f17	0.235
lexical-trap-control-album-to-song-004	0230ec5f7d4d19c440fff747c8d41f21b6a54fbb82abdc7f91af11d0f28bf02e	0.229
lexical-trap-control-song-to-album-001	0d3cf3a26b9ba38f7275272ed0b7626d3685799b718bc4b5905a16e69f214ca3	0.274
lexical-trap-control-album-to-song-005	3c2c145564f87f12aa913f08e0f33919b3d848091a69f6bd89560da0b3fb7abf	0.241
lexical-trap-control-album-to-song-006	f49d047fe57adad7404d1c8ac7bd102d9b5e4615792c80470e08775970f016a4	0.228
lexical-trap-control-album-to-song-007	b529f103cc7ff21fa3996703e2f385416b795b08ccd4a7c864b982224e99624c	0.273
lexical-trap-control-album-to-song-008	51fae8f01561b529415b75c0823801ba659dcf8a09e86adac75b73320d6c9e48	0.264
lexical-trap-control-album-to-song-009	909f0ae4b76e141278af1a5d49fe2b8914e69a6c197c294b195bc26655e75b9a	0.241
lexical-trap-control-song-to-album-002	fd0217e46c57be9ea6c92b192b221d4c4d0758256b51634f494c5f1cab2e6cc6	0.288
lexical-trap-control-album-to-song-010	3c19b6a405fe6127b6e54dc99b3a83155312ce2cdded9bdea207afd8295d255c	0.237
lexical-trap-control-album-to-song-011	088bc8f9e2ad55c0eb28ba6bd83a0a994caafef1059c506bcc6e420d56f1efd1	0.266
lexical-trap-control-song-to-album-003	3f76d66b18f904167a1947e03560b840dd438710d22d639e13c786e02c134745	0.29
lexical-trap-control-album-to-song-012	39d1291e6f0618909cfd581f2d9e7c0cd95294be93fb5a498f0a898f262d7d45	0.212
lexical-trap-control-album-to-song-013	7c39862979a3a2c699bf7478a3560231b81b36edf56c3981c641fe5ff011f691	0.238
lexical-trap-control-album-to-song-015	de23ac022d33b3c52d8dd3c5b0cf84ec0b719684a31774e4a804ae00096a1ac1	0.233
lexical-trap-control-album-to-song-014	70ff4e26018f7bbd97c0d7e83e90544f95541993b4213cfb7ed4a629d3b41c0d	0.294
lexical-trap-control-album-to-song-016	15e5ef70c64516f84695b53376f3fd6368b7c1db61064e93ec8a5d6874f5cf1a	0.224
lexical-trap-control-album-to-song-017	cb7a029fed579320eb953b45b7493a0d1fd6758dbd6d4604dd59e9190d44c242	0.229
lexical-trap-control-album-to-song-018	a54b356ae0518d23192a1076882fffe1cf88dbc89956c4813fddcde0c871e41e	0.263
lexical-trap-control-album-to-song-019	a87753c7c067fc8f839ef4f8344c8009cd8758872a7e69b52ad5ada62a731d46	0.255
lexical-trap-control-album-to-song-020	7ccf1bb1eed9ad3820bb0521edb9599589e70aaa202b6ecd8e94c8d93bee29bb	0.242
lexical-trap-control-album-to-song-021	b243c43ff7165d5a592de44cee1288f9cfae500d82a0aa1a6ff2f57f32b6455f	0.217
lexical-trap-control-song-to-album-004	2335270d3f5769daa853e62d44c782235c45cd2e97d0b844f22d4d9902fb20c2	0.239
lexical-trap-control-album-to-song-022	6dd979d3e236d297af3dec9c83803eef70b5cb92740d354ab138a3c46b81cfa5	0.259
lexical-trap-control-album-to-song-023	bb25df2cadc92cfcbcb329e35b4fc06e94771966befcc7bd23fd9ef8b8c5e189	0.244
lexical-trap-control-album-to-song-024	540b564fed6d2764e89cedebee6aac724e48b0d84df88398caf2d9dac772ac71	0.241
lexical-trap-control-album-to-song-027	314f3ed310483673d0fe2e9ef9b8968dbf9a07cdb4c5e36b9af5375545121f15	0.23
lexical-trap-control-album-to-song-026	3f3cbfe63e42aa5ba53c0cc99dfe484fdb2bde9e689baaba8fb5b2a867e1ed08	0.283
lexical-trap-control-song-to-album-005	a763928b8b621bc16cdb9ddf9620f4d5a49e0375cab61c3aeaea516aa68cdbc7	0.239
lexical-trap-control-album-to-song-025	9ec67451eb2106fc01b44ab5bb383df8a9a02f466c8b5e5456c9131979fc6ea9	0.403
lexical-trap-control-album-to-song-029	a54a914f295379fa868562c856804270375bac70e06113b070aab0c7ebed22fb	0.229
lexical-trap-control-album-to-song-028	67c805ea5c1e10263c6e8ab9be167c0c3c552559cfad19bf20b2519c5f531743	0.309
lexical-trap-control-album-to-song-030	eb9b49c3eefe0f4d9fb70ec196a6ed4448c58a64f101f294f92287867c4f83c4	0.276
lexical-trap-control-song-to-album-006	37930e974004d6dbccf6d5ef9770e3c77dedbfec92b4090a1c7bd27175885945	0.255
lexical-trap-control-song-to-album-007	ceedf9994f53fd0eca98d036feadced11391b505796b7d01d7536ebaa6d17235	0.259
lexical-trap-control-song-to-album-009	61281a179c576018770da90bfdc006c243be449c7f0e48f14889cfe044695730	0.231
lexical-trap-control-song-to-album-008	16b3f8181f5d819664f2d9beba0437f06f3e69d42fcfa5d554da3faf5de6f4d5	0.253
lexical-trap-control-album-to-song-031	9b948eb2f9ee42100bf63492c33b023d6763e493d77fc4906358d8974af76220	0.247
lexical-trap-control-album-to-song-032	07d289d61373e6cc6c622b090e98c7e8249b4ae416883ae500c4e7171bfebac1	0.226
lexical-trap-control-song-to-album-011	ee665b45f2528a5d0f2a0610f07d73a87b7d9a06770396a23d1f1679962eb8e1	0.222
lexical-trap-control-song-to-album-010	946b1464a4db47d9988c617742c3a6a2ec6b859e33256a006e2d9c64cdf3f71f	0.244
lexical-trap-control-album-to-song-033	c6e96ab2e1a3f115c04d004ad23ab9b2d9797b90511a55e4494651f95c2754ec	0.237
lexical-trap-control-album-to-song-034	743d5f067cffdb7447544849315bbd8d43d5856aa1e418690c877247b371153e	0.257
lexical-trap-album-to-song-001	7d5de61c88928e1e8132e368a364ea4eff6994b8d7bfa2a8db90b95ad0f4b469	0.242
lexical-trap-album-to-song-003	f608bff5a073cb9172bc8e539e8265e91eeb48b1c0ac8410b2359488f59495c3	0.198
lexical-trap-album-to-song-002	6d55491b881a1a1ae645db44017d72149c0c53d448118bc4a910fe5fca541106	0.309
lexical-trap-song-to-album-001	0ee53aeea63a9cf7bbaaf2bd651dbae0c04d9b7eb685d9e72fe383cb318b7c05	0.241
lexical-trap-album-to-song-005	ee88be10a811a76c3d3540b4a6cacb442743d9ee593c8a7138dcfa716021618e	0.225
lexical-trap-album-to-song-004	634ed536343d61c461b6ad16cd4bd2eca6a131c9db4adac8ec85375fea9ead61	0.329
lexical-trap-album-to-song-006	f9dfff2f1ad71183c0c56b663242b7b71f26d190b376bfb25091a36ac213b821	0.247
lexical-trap-album-to-song-007	e9f05ca910ec9328ac646b914ac4e28af43898f9d8176b01cf2e4a10a3f21323	0.267
lexical-trap-album-to-song-008	d0a0c8a01b084122e38017abb7db82226a95c140717cf2f8697a7c162d288c4b	0.229
lexical-trap-album-to-song-009	3968fdd3b7c97eb38e5dca676acf1595423743963605323be070ec34679001cc	0.237
lexical-trap-song-to-album-002	c7ac2fffc0240a59ff2f99c3213930447039d8630a2ac0fce30aab95bd4bbd0f	0.244
lexical-trap-album-to-song-010	4165437e0cff879dd1508c50635d2ee788ffe6a8d7adad03976feafc25a44d80	0.301
lexical-trap-song-to-album-003	9c29c68b8026a648a4742fe8092cfe8ba80b19eb5316ce09c1187e88219208ed	0.288
lexical-trap-album-to-song-011	138e89d0f45d1a06b35532164c1504ebcba3ce2210b7f07f2e8eeedb80bb2e28	0.27
lexical-trap-album-to-song-012	0478caf6431dc15874258715dcc1f7793b0ba313f68ce2fd6a38f5c20e7f366d	0.262
lexical-trap-album-to-song-013	0fee62cbfdf30d4ec45b847a236978517f2524b9b1215492344039bda1e2e52d	0.224
lexical-trap-album-to-song-014	7d6009e408cd484004f3191e62a2d8110dbea573070242c4c66a87804587caba	0.271
lexical-trap-album-to-song-015	0061be8ba752df879a4db68215580fd4a590a8eb3f02ae44e3a8882ec383e56b	0.254
lexical-trap-album-to-song-016	f4fbf2036d15c7ae59636d6380f4580d9c7190e03d1861aa2ce28e05d42d44db	0.239
lexical-trap-album-to-song-017	058310f3fbeebe97b06cc4010b8fad9ab5ae353e313cda40610d5627f36f23fa	0.25
lexical-trap-album-to-song-018	8b0c1fa9f000f1c4c050248b55094ee44725b37149daef265968f0902f1b18a5	0.22
lexical-trap-album-to-song-019	1ed3d803f2a1309fbb040765cb6e91b35b1bff61acadeec6faa25a662a7c47ae	0.274
lexical-trap-album-to-song-020	0b5a0944c1c5c1047a5ca7bd22363c0159ed900dbe70ac28e984225b43e5b214	0.331
lexical-trap-album-to-song-021	6568348b9b620280a7aa054bf8b8d4b70dc7cf53e36442deaefe9fdeb729e8f9	0.204
lexical-trap-song-to-album-004	16e9f3e220bcf7cbd93652ba96209c2a149b312426dbb7cd86055edcc4239634	0.237
lexical-trap-album-to-song-022	771d49442cc9445f6916ac657c4ea6e04d4a0772a972e728aa37db5ca73dca65	0.26
lexical-trap-album-to-song-023	f418ebe5168e86a8996731099bc327451adc023913f0eb88fc2a060303df0445	0.218
lexical-trap-album-to-song-024	cf115db99c2a672ab552c48ca50b08aa4b81cdb047ab226ef96d5023a562ed80	0.243
lexical-trap-album-to-song-025	890c0a02b0c009716fab5f37a0329f4f48fab9d16f1a7be4f582d2edefd2c61e	0.248
lexical-trap-album-to-song-026	ec098de7e274a59b6638e94962054187e943b802deef50ab598fd4a7f1492a56	0.221
lexical-trap-song-to-album-005	62561ee8da1ae6373d6b9644106f50d901e5804fc3397d9504d4490142d14abc	0.216
lexical-trap-album-to-song-027	8b3ee85232c00bda4661f0fde0e44409ffa7060ba829d91799a48b158aeed996	0.271
lexical-trap-album-to-song-028	8ee60318fba4038cdff39a2838dc07053450b656c8999ff50fe90ad6cbf3ff27	0.222
lexical-trap-album-to-song-029	5c8d2ab5b365909929024cc090f101401853708715367e245989b03258907e4b	0.213
lexical-trap-album-to-song-030	0c5f2c4dcad3be65692200380798f90b7c5d75eb41e8a7f2e5d539e7b0258421	0.263
lexical-trap-song-to-album-006	9c4719177093cf6a1daf16f18ae3f784acb64afc7c3a10adcee032a0c3c9141e	0.256
lexical-trap-song-to-album-007	276733ecb38fef5401fde2ff573e75a8df2d6bebb6b0efebaa41af4a4e5032c7	0.302
lexical-trap-song-to-album-008	e87fd26ab3848fc61f985bbc0720a5b78832ecd8da3362a6e0c624aef137e6ab	0.253
lexical-trap-song-to-album-009	a24aa7127cfe311b80872d9d26be478fcd591f4379684280dfda0744e4631d18	0.222
lexical-trap-album-to-song-031	f7e46944f22c8164dcf65003f747a6df01d32810fcd4cdadfe0f8d58ddf32432	0.224
lexical-trap-album-to-song-032	ccf9b4d813929fad0cfb9830170de12f8952206a025b6e23bc6cee6230f47b84	0.227
lexical-trap-song-to-album-010	e811e4de523f7b50e47a939d864029c2bbf292ca5210dbe56303b4c9c7d481db	0.265
lexical-trap-song-to-album-011	8817e6e9745e7fe4e12735c9d29811e44d396fdaa14f3ace99787a15b21912cd	0.211
lexical-trap-album-to-song-033	d437c0ffb47241d9346cb63083830cdd193842d6a6087f0d06f6401e51860889	0.284
lexical-trap-album-to-song-034	df9a01c3d4aadb30c656112d9ba74c4b527906888cc8d822a1637fe8da46f816	0.238
multi-hop-album-year-001	caad7fe621e8c5d6e1e43d837e02f79fabdb2b36a400274ac3953191d58ea265	0.242
multi-hop-album-year-002	fb8352f1b5109a2a68cc14664f4f9af8135e5337db6c87a5f6f4b953afe6c662	0.23
multi-hop-album-year-003	7acffaffdc049750f4b15634779e96d5094719d9c6f3500dd09e739d50a7afdb	0.24
multi-hop-album-year-004	f4424e1f9d3d73eb6d8a8cfc12496d6354ba64c13d2853d69bd34a32aee45eb3	0.215
multi-hop-album-year-005	99febcf0e78f1ac315b3af5106a14bc00ad1ca4a9fde2ada0e7606926ef69106	0.229
multi-hop-album-year-006	3f9f2a5f0a9817f3f82af21b740590e95faabdfd0a2a7712a49a8e19bb51528f	0.238
multi-hop-album-year-007	9e47df2fb2c8de7f6d77284a219587f64817eaf8061a3f5612ec0712bb0e08b3	0.215
multi-hop-album-year-008	7b8030beb2a6a654256e3f531e1040c77f81e77954da1d07ac14e2828fa0e3fc	0.234
multi-hop-album-year-010	13ea8be34b16acd076ad7c2495a8f26aeb4be980de1104fb12faa4fa6035e836	0.22
multi-hop-album-year-009	b8d8dd580448f410a73484a7039224239aefc5a7da0e6441f6c7262e3782e9be	0.267
multi-hop-album-year-011	eff29f80d86b0bbe6d2892abc30c5df6c832d8167e6550e3b5c44071639f406c	0.233
multi-hop-album-year-012	e85772a28aebddd12becc09b9102d1d7b71e652368f43da92c2cc99049c988ce	0.264
multi-hop-album-year-013	237818154b423fa00119639761a557a49be283eac710ef50b4367908b28981f0	0.223
multi-hop-album-year-014	1d42e91d97b3375df4e69504aa79f50ca68ee1b1ba38ed0e4bc30f9a4f5aae49	0.269
multi-hop-album-year-015	2abd6051d1e249b4fcbb758f65ed5bab6f6d7c16439e01f22da9e44092225650	0.228
multi-hop-album-year-016	d22e6bfed94dfa401bea74686e1c1270783fa10a153988c7f0a6726aff15daea	0.251
multi-hop-album-year-017	5256807647ff8a2e75fe6a54f4851accecf08b1fc9d44ccf88a14c3e91aa4d93	0.214
multi-hop-album-year-018	02455bee43a940dc5943dc5d65bc1bd10a031dac7df60025a12732bc613ca372	0.199
multi-hop-album-year-019	9b794c24cf260c68c4ea4e44d2a2cabd538680b9b5f83a34e96acdc6b2ef2e68	0.288
multi-hop-album-year-021	22b7e60cb020cf03aa9d160d6726d4357c2a66837c4203ba3ef847a2f277654a	0.247
multi-hop-album-year-020	b9b43691e38aaae6ff437fc469c893a06f92141189b846f6e9dabcd5cc5d4618	0.277
multi-hop-album-year-022	a0394159a23b47c23c11fa52937568ec7fc0b83c8c96841c767ca3452314ef17	0.254
multi-hop-album-year-023	8f73a4ea86bacf148b4b281a7448ea804d7ffcc01eb88c9cc0fc48efa527fa61	0.245
multi-hop-album-year-024	ef777fb225d1046fdb2fd5026d74f10d1f8bc54a4940d25c7658388ba151b672	0.227
multi-hop-album-year-025	b5a95cc5aab44014ff8461fce39643a4a44bccb1d68d3dce7673464bdfb80fab	0.247
multi-hop-album-year-026	2d59c8991a367edd8a2c368eeb1d294b69b1b87a83ff50f5a9f4b4bdf1303454	0.287
multi-hop-album-year-028	0b35137cd468d036342643e67b56ef8a27bfb9bdbf187d768e39a6c283209f32	0.207
multi-hop-album-year-027	7c39f2c38ec05b5b32c7ecd19a09e80c38c2f025556d60eb2a0838388e5ce63f	0.262
multi-hop-album-year-029	e23997ef7d932d21674ce5203badfc059284dd7793840f5abfc3fd1d2052454f	0.255
multi-hop-album-year-030	6a31b7cbf397c7e725d27e4ee7dea700309f10feecda843029a47bfa0e0f1373	0.22
multi-hop-album-year-031	10b5d73095f0c0b403c5a2e70113ef6efe1c4cb359eeffff5165451427548114	0.252
multi-hop-album-year-032	17346b40998918fe928a0c06062b1f2e9d3cecafba9fc1130f5f2ac7ef914402	0.288
multi-hop-album-year-033	44755c87ce527c7aee5c741a13266968f423f6103f5f6097dc15fabdd13e35c2	0.231
multi-hop-album-year-034	b2b2f256a2d7b98eff7a7d6d6a1e688e364b716b1cab925ca7478873f06018ae	0.253
multi-hop-album-year-035	c9f560dc05a519715d7502f79caca74ef57085d8c0b4bc8e06259bc4adf09a4b	0.26
multi-hop-album-year-037	b136e7809bd5904f1fed926ae97a2933c485096f5957427219ce0dfd322ece0c	0.245
multi-hop-album-year-036	42a59ef46600a12c362af5f429457f60027e53c148e1611235c378bd4e82d5c2	0.286
multi-hop-album-year-038	817c88c29e7e2f23702631cb127ef5219abfa0a01d34b5b969d8d61b597bd845	0.276
multi-hop-album-year-039	806b9aa17407315b7d6c36f47cb6cb1dda38d64c7b41436be2ea5bbc157c1acf	0.256
multi-hop-album-year-040	ecb655bd2fc362faac5e0f988efb581f2d8e4ed5dbde21f79b4a79fbf50f79c3	0.288
multi-hop-album-year-041	09912cbbf52adb7519b42649752c4b178f3c8ab6d9f768515ce2a5429a7b5d58	0.298
multi-hop-album-year-042	1db4e7dfedd131acc70c3f11ff880eff92617f717b902852c8b8660c4a2a3c5d	0.259
multi-hop-album-year-043	8c5ba38c22acebe812354e1fff663f2b938eeae356ce09415393c6f19f7e5c57	0.224
multi-hop-album-year-045	3bc4d81a6d3fef829fbc0497e0a4699a00bac400d621ffc9689310be29c79002	0.232
multi-hop-album-year-044	b0149d5f49decbc8284705b6e8a9b5c1e601794f1a85a0b2d59f7cc6ba98911d	0.296
multi-hop-album-year-046	79772b01fdeb97350f5ff227b8bdb583753d77df160ac18fb382fdb714b9974f	0.247
multi-hop-album-year-047	cf7f3aecca113076305937a240a906b758a6c92f93147eb374d03cf863c76309	0.27
multi-hop-album-year-049	b928f075da96cf111bc5d1fd0279cd1da915ba6e12b7dd39667866fa61ff391b	0.231
multi-hop-album-year-050	cba2faa5d6f93884d22be801621385409ee54e6992113d917b4bc8aab805bb2e	0.25
multi-hop-album-year-048	63d2ae2bf74851bb00a8c9b4e8a098c97dd7c9990c1c240f6244a252705e3858	0.314
multi-hop-album-year-051	175f3586f8e4038f122a91337b253a7e5c3f9408a77c60574197764067370f59	0.287
multi-hop-album-year-052	69a11ff590668c42126edc95e7113cc20f4637f84ff61c3f24f2bc5682a34577	0.234
multi-hop-album-year-054	1582ce09b6e62b214dcdb12d569eb76f2b3ecc3366df2c0aea784466dc284dc7	0.223
multi-hop-album-year-053	1c635cfb6cc5c33455a8fbb59633307ae6c53ab2cd6fbe17c85128e57ad6de14	0.276
multi-hop-album-year-055	c137849c3fd110c30f34ef97282da0b10b415bd621a58a613c88fd1b69729feb	0.23
multi-hop-album-year-056	e76ae1f61ec1321a8207f91ab214145d414a55341f5092250eebc950134c3527	0.225
multi-hop-album-year-057	b96baae55dc320ac3fbc3fd5f4bc3db4e7a4c3344c72818b32db64b36d5e3040	0.249
multi-hop-album-year-058	e1421a089caebc9de73606b564f864b7a7db53d3670c56837bc6700306322d27	0.236
multi-hop-album-year-059	f677c365cc408557ec232a2aa92c065f86d81afa0f4bb1d28ef5bab577d0f667	0.22
multi-hop-album-year-060	ad5fe286065b2aee531d081eb74b293421f85b6239cf1690f406819d5fc25a08	0.349
multi-hop-same-month-016	c2df799ae990fc26babad513906b5f0737e4da80fcb12647e45fbc6cd6d7361a	0.272
near-neighbor-control-album-003	49b64df2e55301d617540f930a1d47396886ee666024400d36e476197af01dd5	0.251
near-neighbor-control-album-004	948b0da7a0754e9d0e72d0803b432468269d9287bda7d538a5f19135a2e3468a	0.255
near-neighbor-control-album-002	cd2b6a345f2c5d647e2a1706707dc98c14701a1077580b570a9618d258383ff9	0.278
near-neighbor-control-album-001	02878ae11f23a5567acbf9be72ba1117188afe9aec3ef4a8f44665bcbb63ec5e	0.296
near-neighbor-control-album-005	adb8e00f419d411992346765163896390d567c029f85aa2a081d8dcdb9599c5f	0.221
near-neighbor-control-album-006	534d91a05380edada208aabc4ddbaf60b9fb4994991a4d2f87e3a8f7d2d228cf	0.25
near-neighbor-control-album-007	1981ffa97f01a7c77f1803086f0e9852994d00f36fefe549333a7862895d201b	0.255
near-neighbor-control-album-008	d128a5061d84b3c7a6ede1126c699695c6ec2e6cc6c199c8f3d2b355d8566c8f	0.276
near-neighbor-control-album-009	176b8cc0f6b1725d10bb91fab38cf727392d12ca52018f180f7397f56ebeb515	0.225
near-neighbor-control-album-010	4cf200f6e1ea26a3514235742aedb3a5691ff275d339b27095449f27f6961a9c	0.218
near-neighbor-control-album-012	5a8d9f830646bcdb7b5573e67cab9803d9a4a86094df96289c60d84c7b52e199	0.231
near-neighbor-control-album-011	4f50824f74cd995bc8b7482cdb0475e1cf39f76024abb1600bbec4909b4e4243	0.271
near-neighbor-control-album-013	ae5cb4411cf026a55f332a5b130774ffdf14bec6fc589aef873c5dcaae6d201b	0.209
near-neighbor-control-album-014	e17ee3d90a47d8db13f93158420502660c75ab9e72a24579f367c977e196b68c	0.228
near-neighbor-control-album-015	cd5bddcd896c8afed922350dffd301d7743fdaf335009d1492b25b4b5669240c	0.233
near-neighbor-control-album-016	070722b7154a2d325ffeb4af7f4952c720a541eac93f3fe8c99d9fee2595aa07	0.285
near-neighbor-control-album-017	f45c1e1170f2e05b4a5a57eac934ff4569c2f4c86b88babd8655d5501ccb4bdd	0.227
near-neighbor-control-album-018	f604bd24d42fa6142dbe30b85aac95f2cdcc894fd4be53cb640fe602e4030511	0.239
near-neighbor-control-album-020	b202bfbd0b6ffbe66a0381c68a9e818177ac480232f25dcde645e62f318093c3	0.211
near-neighbor-control-album-019	7b0fdfc11f45afb07c9e7dc080a8661edb395391eb9e474f85e2fdb59b39b994	0.304
near-neighbor-control-album-021	fa0207c427b0749bb4a2c32c6c846ebedc71f8fdb437dd612451553122a4b09f	0.227
near-neighbor-control-album-022	1427dd16ad7bb43eb6f842ed2d6e49f0101a49248fd2d8b1d92bc802d80017e8	0.197
near-neighbor-control-album-023	4d22bc42a64b73fe76328a14ba090b35e8e4a83b74fcf64251d2a848356ec5d5	0.217
near-neighbor-control-album-024	68a29e60667e0e02d4e73cd88bb74a2cf8215c870d3581b7abea7aa599a4c5a4	0.218
near-neighbor-control-album-025	d4aafbbcec9e58da064871133c6e58e35e4a72a9754ba03e762351051e31a5a3	0.208
near-neighbor-control-album-026	782cc850462ad323aba7009e8a5011a4c5a97d87906046f202900bf8a8433731	0.226
near-neighbor-control-album-027	ba4b39a70260de381b522f345464fd1bdca4a9323745d635be0e3d11f29c4025	0.206
near-neighbor-control-album-028	095d90ff5c01dfe0cf0c1fc0366f61e6d75b1d19944eedea74441c24a8d47cc1	0.201
near-neighbor-control-album-029	fb3135e8027a653b4f74f694a3e8776bddb5573c5dd09696ec660cd7575ce275	0.297
near-neighbor-control-album-030	4f274c52600d7f78058e720fc77a93a6e72bd1e05008142b577d32691aac6358	0.255
near-neighbor-control-album-031	deee1643bd3d02e54f7eb32066ed19e0976804d321d4005f135783586f677aed	0.256
near-neighbor-control-album-033	c4568ddf0cdab12dbd4e19af92c8cf6c0c405a300cf112ec9ed08978ac26db70	0.207
near-neighbor-control-album-034	1a1bd649ac1a6ed034be0dc13d60bdb79d043af569ffb037fbaa79ef507b500b	0.229
near-neighbor-control-album-032	98625713aee871aa85b04d0ec6d8d4082fce8b2a33444bc196abad5156ca4080	0.382
near-neighbor-control-album-035	3720ed9dad5db33f1fd4562c57d408eda335f64d5ea9f73c462db3ba9c80aba4	0.196
near-neighbor-control-album-036	baf7bd8bb5a25f3c4d355e5116ea76d79e27a10439da62b13d7ccfbc0299bf4a	0.241
near-neighbor-control-album-037	a9379c5d3fad49a343c4b187f09bddfde20a2393768b9d62fe5fd8e3ac655b94	0.232
near-neighbor-control-album-038	a71645b4d957c1005b4ff54dde3b4633583319c3626c4d65d1e7e2cb4596e453	0.219
near-neighbor-control-album-039	3dfa0b443afc3dfdb3fe2bab458ee2faeeba56364289ccd2d8b2271757acfcc5	0.263
near-neighbor-control-album-041	cb55712628e4669cbcec0e416b6b6f3c580dd875bf3375bad06f18dfbb228b6e	0.211
near-neighbor-control-album-040	f74d4ff69d8357092d6350a7f09efd51cd7bc6d7ed3d2bb3c707178e3df7f789	0.27
near-neighbor-control-album-043	0228582d8d594d8cc240756c47a49317d3df2bdec36586086cdbce45321ea834	0.22
near-neighbor-control-album-042	c3c473a0cd761796ddbb019a7b3b560c39aeced5007691eb3ae379c041dc37ea	0.385
near-neighbor-control-album-044	73c8c8aeba011a1bc344bce9e00df69aad57e4cb37c55c2421e1eb98c0502f6c	0.21
near-neighbor-control-album-045	4481cb8f9d5b9e8ea4158df880f0bf411442ef43767639c36e6d38ca98d2b283	0.22
near-neighbor-control-album-046	46cee281b2458a51c176604f05438b6ca79103b5221ad0972737ee8709dd6b48	0.202
near-neighbor-control-album-047	12d01355cac5d0cd80b084ef7a1b6fb82de88a7a32c6b757cdcf594dff588c11	0.249
near-neighbor-control-album-048	6b063df390af3fb2d89ef296c6221087b7db5e838a2cf2c722fa117103374e51	0.258
near-neighbor-control-album-049	80774a83401182d7644d4002cbd5917d454e0aa5078ca661ade8b54094c5d8c7	0.256
near-neighbor-control-album-050	1585f3d8f56bf391476ddd6d7ad0a745a04312972035ca2a46686f5c144bde35	0.216
near-neighbor-control-album-051	ab47e1d0c7ccd05d40af0ecf49327106079559ea0818fbede2036aa1104bebc6	0.239
near-neighbor-control-album-052	0556870d240f29ccc89fe7ddfa68620e4940015f9f49d6880be853b13fb10b68	0.247
near-neighbor-control-album-054	cdd5ad543585c9c801724743a30615676037783c9b38ea2fd21f5800a8069bfd	0.216
near-neighbor-control-album-053	21b1c14523e178fa896fbc397d9002b548ebcb7e677b83d8baa74d63ca456724	0.238
near-neighbor-control-album-055	d337731a4b8cbdca5fd032eb633e76948a1424fd5a060e44ad69227a10d52776	0.226
near-neighbor-control-album-057	8c13830f33a0eac8226728a6b23776496ede463500cb98bd4c08a1be996577b2	0.211
near-neighbor-control-album-058	873397b5b0c489f600c51c666b1cda55622930761d2d533e0b01e6f446ca5d59	0.245
near-neighbor-control-album-056	18bc562a40167825cbcd84616ef99cf374e94c46906ec4cbe513512c409b0654	0.299
near-neighbor-control-album-059	349e3f255b8e4e5bde43d98c8aaf40dad1049b7c34db4d90c05400073b887f9d	0.246
near-neighbor-album-001	757b0d0d8a1d256b7ab6d8ddd1e5c95aea5f00fb112364730e0e5a9c58e446e9	0.228
near-neighbor-control-album-060	fc9187818385960f6e43b5994b824252933047b6e84770845461b163c1e22bfe	0.283
near-neighbor-album-002	0d14aed0cd848b5a7f3468cf88ad4abb7b9d342e81a0408dc5796ee8284b1f4c	0.231
near-neighbor-album-003	c3426466f7cb80ca7047285730e845c9427c8829bcaa0969f5e3f810d9f2aded	0.21
near-neighbor-album-006	9e80bfc15047aac706c5a6a2b3938f9612b09f0907dd5d8689315fa8d8bca770	0.205
near-neighbor-album-005	066bef35bf9044c1e6cd2761825d4db9b8ea8dea53b7d372c1f26bddb4be68f0	0.227
near-neighbor-album-004	f5c9dc5e8fdb8539b97ffecc8b49955d00880fd1dda321fcdbae48e93c09cb32	0.28
near-neighbor-album-007	6dea58b4f70fe0d198213370a6c8445d8e4e35429b1763155afb91ba310b4457	0.23
near-neighbor-album-008	3a40c7b1122ab6beb71e5fe5b388b6d5ec2b994fb20b1ed4b161fb998024930f	0.214
near-neighbor-album-009	5ec3a7fe7faa1166091cf86a00b004bc0cf56bff60edfe26857247700f6d52ac	0.24
near-neighbor-album-010	2491c056d3084a2c3e82358d1be5209bae811ed0d5cace4b09e773e8b674d344	0.278
near-neighbor-album-011	d0e8d2fb877a18d92adadf12dc45a9b74e0bd4d03f7431d04ff492c6ba08f600	0.232
near-neighbor-album-012	7387ccf141bcbe2efa3fcff11af4fb82e9803065cfc181c405531dacdac1ef59	0.293
near-neighbor-album-013	b740acfcc49152a33b3e6cf82b85f697b9e6d26ee34714317331cc7f72d78c29	0.297
near-neighbor-album-014	70e086515c506d2c1eae6070eecaa6f5383f2d1571d60633220120ec0554506a	0.251
near-neighbor-album-015	5393abb02be8d85eb7a5df099c7f99bbf520b46c435dae7dfa42bd4adcbf6573	0.242
near-neighbor-album-018	5d864f040cde3399670cb34f4340b107bb2445d75c879c3267d301cf64113bb3	0.207
near-neighbor-album-017	489da99c79620d53a3367dfd621c03581c9b532fed1325067b9c042c99891ee6	0.289
near-neighbor-album-016	605888283d0d51ff4c43a54199a3a5a33d79eb6f5b2a43cc51f887c7346bc410	0.342
near-neighbor-album-019	77e7b11b4e34024692a501482308f4732727c350ba335ab5838cf73561b6c9a4	0.334
near-neighbor-album-021	421762be8dfa3becb348aa52d04aa04481416a15184fb49c81cedecb72bcf4a7	0.221
near-neighbor-album-020	7569fbe91c3135f4863b716f342e043bbe3035f2c981440f768eeb0e4fcd5d28	0.28
near-neighbor-album-022	e7792e58504e83c292f367988689618fcf2cbd4062c763dd3e8177eda8c1104d	0.231
near-neighbor-album-023	13342eee94ac874af9c985b7dbff7468ea72832e0223478e4d266fb1e5dcabd9	0.274
near-neighbor-album-024	5a3b07afccf7582eb6b99b4b9619e9884d8b30e3f7635bddb2e29e6d312bc5a6	0.215
near-neighbor-album-026	30750cc2256feafb166ccd704c4d94e8b8179bc1407b2992e62efbcc1bffcb05	0.244
near-neighbor-album-025	34ef748c6483c6638767453c9cdb6b4c36923f806664795419d414252d8828f3	0.271
near-neighbor-album-027	711357a0e0a3fd6eb07792298a7ddc3c63257825153708d7413b60108ccd1d29	0.259
near-neighbor-album-028	2e472cea5a701d29e08c0d8edece580f3b0ef12d5d545a863ef37df8c8bc9df2	0.232
near-neighbor-album-029	81ec3a374b8a39aa9ad54c8976c511d97dfe3ca12cf083069790983089128cba	0.224
near-neighbor-album-030	f10825e1ebdc1dcb810c06c2e7c94c52faf745a13a282c751ba4b9e6ee142284	0.26
near-neighbor-album-031	bda02a15fe7c65e9b8aa6aaf3348f754b179a6b0aa0a000c86a10373055415f9	0.251
near-neighbor-album-032	8ad66d4ea9965ba7e5b0b9146d8c4db9fea8f14c9649a116b3988c887a7e6703	0.23
near-neighbor-album-033	2ff68b913ae8705d0ad74ea00ad66f6aed2b3e65b6b1bd2c89995af7f5c123c2	0.247
near-neighbor-album-034	bdcba3045e4d96fd17bd6a373bd21157414a0660fe94c0e4eb8da7b2ab4f467d	0.232
near-neighbor-album-035	041216a5c858a853b42f788a9e398d5a12ac17d2c35e60329ea1aed4397337f8	0.231
near-neighbor-album-036	9d494cc343c77c598763c6be6eaae3fe210f42aec0a9287cebbcfffcfb96cf01	0.237
near-neighbor-album-037	445893e76303e5e4ea20509e79fe5a840b1e99975f96ac4710e1bfb35097799d	0.225
near-neighbor-album-038	29890be2ba9dec391536b6721a7013721b8861789b635003f3bdb5f7bee3e9e0	0.253
near-neighbor-album-040	fa99668bf1e4b773cdc00f2a20c1c64ae2f2afb90530a695cacc86a20527e6c6	0.198
near-neighbor-album-039	998e2fb56f79dbde9e454c4d1561bae84db443136146561e183e1791badacd8f	0.257
near-neighbor-album-041	53722c7fb0caaab29b701bdf601c4f2eceb7645200ff8d8ddae3bc575da4b61b	0.222
near-neighbor-album-042	c5d276b1adb469dcbf42d8e9b9c0195f28e4af09493afae671067cb7d5907285	0.267
near-neighbor-album-045	d0c3848a1dd540f5b30849f1a368aa0317d3803054c0e9c86a693b35bb034b1a	0.207
near-neighbor-album-044	2ef687960654bdaebd1ec19e8bc4109154496334db0e56c2fd10499bd421800f	0.259
near-neighbor-album-043	4f2d8ac69a6859fceee9644c965f9e7ea157efc13093a548df0e300c15f6c87d	0.313
near-neighbor-album-046	dceafa2ed4b29bda9127afa129aca0b4e61fcf60d87b92dffeeb83576165bda3	0.216
near-neighbor-album-047	183b0f70f7e13a99e7e801f69ba3145f8cfa3abd6ac0a81996a9eb2d4a72bb58	0.232
near-neighbor-album-049	131acbd4322cea16defd55cb125a8e3ea6988bbe768489658c538632a8b0ed8a	0.229
near-neighbor-album-048	596fa7f29de6e20488de640f068d813e678a3849a64fabac8a5aea9b75d07044	0.272
near-neighbor-album-050	05676f254c7c0e4f8416c37f0c5213f4dd5429ac8bbc2245a857608273f56f00	0.231
near-neighbor-album-051	36a3bad024860689ef5425b6fa45daf7ae7649c8296b40fd0128e1e1a3fbf6ea	0.196
near-neighbor-album-052	5a50b480762772b7b06797f44cb7604b8f2c50dd16040a5908a4029ac9022580	0.243
near-neighbor-album-053	a329ae29dae5866ae0f131e8c1adbcc21342a51f10c5350d2f9763f229084e70	0.22
near-neighbor-album-054	236ae114077ea854f399dd5c754dac873aeeaf745b2ac812fc855672907885c0	0.22
near-neighbor-album-055	a80ba698a3c0ce92241d9d6f7c40de3f994555058fb6d762f7f99ca0daaa4557	0.21
near-neighbor-album-056	d6b11cee6aaabb4ad35fe451740db92614773b8f6894391a441e9042caf6b401	0.237
near-neighbor-album-057	ed30c9842bc8a8c78dcedbc3359f5e8c6fe35ca52a733c9fa7894e6b2def9677	0.24
near-neighbor-album-058	af15793f24d0e3603b17387d7b11b3dcd97d16f1833e4414e4af442161bc2086	0.261
near-neighbor-album-059	7086af16da2ee156c819cba44e806dc0d021bb7fd496bf66154218874a2e5ff0	0.232
none-of-these-absent-001	58a3ccb47ef46613c6d5543b1e43be70bfa6e4adeda18f0d9a2f0b748c548b52	0.256
near-neighbor-album-060	1a5f5d102466c79d2da360e428959631e01dd700ad2a1cee9b840d445234abaf	0.306
none-of-these-absent-002	435326cb05f5acdb19bd656355cd509f1c14afe137b9b884619485aa37368455	0.212
none-of-these-present-001	de189940a220a21e16a6041b5f813828f2787b9400161e4c246b248622a0c279	0.277
none-of-these-present-002	c59468d44539e0dcc37275f41e377832b019f7ad580c3bf453f0e7defbb592bc	0.252
none-of-these-absent-003	11f81a622b62765be1f305ecea2cbe32b672e4577014717356abe522da57114a	0.309
none-of-these-absent-004	aa3e1186eb5cccf819dae972e3fe5257db7fded02b4996ab5f4a0a77569172ef	0.262
none-of-these-present-003	a106ebed00b10bec091dde454013af3cb01007178fb6d1f5a04a0bc314fc82c7	0.318
none-of-these-present-004	59875900b3278f4e4cc98259a6867c6c2c09e7db6da1143f9792b8600256942d	0.281
none-of-these-absent-005	dc564ab7aada31f0c566390e223dfbd1e5f6d8eb70825577eb6fe58dd5b081b4	0.206
none-of-these-present-005	16d3e75104da240f5ef7de44473d3e269c0da5e48b23b758e2e6e8405dfe2c0d	0.228
none-of-these-absent-006	5c17af9798af1786ea058e5b70cb72cccc040d2edb58007a1b24b1ac3060b46d	0.255
none-of-these-present-006	1225e68317fda483ef472fcab871eb292d117fe084bb90ee8c3ea1b763ca0fad	0.282
none-of-these-absent-007	7aabfa72725a8354405c9066cfc853746b12331592f6a9e0fd3098af2765bbb3	0.279
none-of-these-present-007	024c399a4af15a217db12c8bdbb3ef1162ef98f38f39ffbdf6f7262370c35d05	0.267
none-of-these-absent-008	ffda7e2a9eb260f47d712951941a85f546567cd515d37a679b3013afa9f44606	0.248
none-of-these-present-008	77c477c8dea8572e72b66d1af61fda2dc7c83af1348c2e8cea3b587e5130cb29	0.236
none-of-these-present-009	7d2de79e63a79bc30fb830a46aecffdc891c8bfc32693aa9f535b56f1814abfe	0.215
none-of-these-absent-009	94a35fb589eb68f7a9546fa2a279258f159af831d98ba362f255d29b4da8e863	0.25
none-of-these-absent-010	3296a74a58d3e32c34352627e7c161f6830e23ce1ba34a092c4a8a1654866956	0.258
none-of-these-absent-011	b2d35341d5a61adb8a0073d8a7580fd6f366fbc65e54119a23109428c48ac9fc	0.217
none-of-these-present-010	6a6da278954cd8f9ced54d2d781cd26e1144a30512453166efdd102439355064	0.247
none-of-these-present-011	c8a31c08b1e1fe813e613ee68251155aefcc757edfd3a9d8b9479568f2a0dc76	0.239
none-of-these-absent-012	c8bbb3468e218e22e223d200cdf7d5e6453b847516e7ed0e8632eed15b0244f5	0.217
none-of-these-present-012	fe587ad7c1bd6a4ac505e42434b8afbafec0932cf3b3238fb81a26abe593c6ed	0.229
none-of-these-present-013	31fbacac7e154a43a582fcf0b7bbaf6e8df2696a6fa402e46e6891c67ecc64d8	0.236
none-of-these-absent-013	066ed732eb7e2d23a346c7470c31985a80b8b1e2d2266ef14e0522ac9a929aee	0.275
none-of-these-absent-014	3dddf540c0ea2abaa17b8ef02aabdf364c6ddbfcc02942422a77364a353abb2b	0.228
none-of-these-present-014	ba65c7db1326e7a69dffb3f13310d240c040b4780740b8a486be93efca5bcaa3	0.239
none-of-these-absent-015	e97005232a6cb5d25c86ba028ffdd121968bef86c449500f47e391417c60bbff	0.264
none-of-these-present-015	4d1155c9c4b86704b1a9d66455b97ed63c1acf74da11ec3b53ecf921753d9f00	0.257
none-of-these-absent-016	be7c2d8beb97e287410fb47e2b8c631753f6898957748271ec19aba6960688ab	0.309
none-of-these-present-016	d58de58a44f2668524a1af2e6b119faf6487d1bdc870f3685aac79cf27849f24	0.2
none-of-these-absent-017	f184fae3129778242d9732a1a545bff45835fd5d6a53c907d8c399c98bd82be1	0.207
none-of-these-present-017	3c6f07aeca57f9ec22cd38357f0570fa643db9627e2170a6ad2c72c1ac443221	0.23
none-of-these-absent-018	86d0a18a75f3acff3270e592932a541e6aa6ba78cc58e16f0267f0aabd7c46fc	0.223
none-of-these-present-018	fb074301826f3b2edb54ff0d73eda1362f4818cf4b51b507b83cb81084fdd856	0.254
none-of-these-present-019	fc01158a27395954939aab97ccae24f8018bbc2c9fd8012045bfb0b3278b62d7	0.221
none-of-these-absent-019	4b1b9c01d3459735f005eb4f6307ce747f0923e153e9279c3b4ea0b9f3b184d2	0.273
none-of-these-absent-020	c5e7839a19e40667bc9ae994758cc1bc6cd5b72cee2a8a1308329c68c997d76e	0.289
none-of-these-present-020	63bcfb1639e383a24a8fc3434472633924450efd39c3dde584a93639d41986cd	0.253
none-of-these-absent-021	9fc044fecb2f8440516f74388113554db13747342388dc0bd8397e8e05e3b9e7	0.244
none-of-these-present-021	f0d640e936d45384dea7f836051f1925770f8405f8fdcf49b5479e3321276fb8	0.26
none-of-these-absent-022	83e88d5c5e9741ca63fb24b7b22a84880b206098d3a9b4cbba84d40fb82a3f01	0.232
none-of-these-present-022	f0662423e6d09b7ae45a24e89921f8315a630545862ebd5d19f48a6ba44ef945	0.225
none-of-these-present-023	b948c1af157d29945c572c6692aefda1634436ec6aaa9f7b1fa468f9c1885c6c	0.256
none-of-these-absent-023	399634251b526751e9232ca7aaa0f24c0f6961339d9b64d6d38e2f845bc8caee	0.327
none-of-these-absent-024	c60df106b32b1b45979e373ffd63b102e8e2f986a8e778f5ec7715e87b358db4	0.234
none-of-these-present-024	254a49ee2e27a5b5c7e2f7495d53f134ddff7ba83e5157d1ccb80373a3133cd8	0.274
none-of-these-absent-025	3e9061ecfa743a7aa967b1b6137af39869ee83748495d6e2928ce4be6c8581ca	0.258
none-of-these-absent-026	87d46bf4c1c9120ce9aa5fec08575efe8efe6bc4ac743a34e36a5dadff8b4551	0.28
none-of-these-present-026	43d374ca41e060e437c5e58cd80668b310eb90b707dbb4bd381dbb32d148d132	0.238
none-of-these-absent-027	ec404949c7fc5de205993656ccc6656ffc66ddb360bebda49f5999202b547947	0.236
none-of-these-present-025	13ae88a07889b9b7d1d8bf416cc286e21dfee0aa07a09b37ec85e9154c0c2216	0.505
none-of-these-present-027	1dfb0e5cf0470664a666e67694503d2b37d49a5b5a36e98bf2c49d94b3a05686	0.238
none-of-these-absent-028	5bfa0f4ddf86793df2ffa5cf07e16824e564a9752f52a5d4ba33a231d810469a	0.239
none-of-these-present-028	0b6853812f7698f1d7153d9d08218b48ad4b24f926efa7e37ea73e5b82da9c77	0.228
none-of-these-absent-029	fbcd62fe4c8ca0f0390805f1cb05f2cd1ba65cf1fa78541eb81c027f130eb332	0.228
none-of-these-present-029	c7c3fe526478b513d175b5eef664a48875fcdba9a44ba0f67e87da3de66c7267	0.238
none-of-these-absent-030	977158137b061677c3a42e7cd79cc30f89c5c6dd77aa8ca4a4a86feba98ba210	0.255
none-of-these-present-030	40868472ea90858eefdffb24bc2da8a909663a1d528627ffc9ecdfac26c3181d	0.257
reversal-general-shared-name-forward-001	405f9aef416ae9642ef9adb1a40ab28d7e1f9b1c977e6ed161f2b08a60e2e51f	0.245
reversal-general-shared-name-reverse-001	b1d11a3b5dcf05890fd09c71170c9dc55d9f1b70b411d8219cdf1f8773e9e638	0.22
reversal-general-shared-name-reverse-002	a3ff3e1b5ea8c0c09f754d65941316385233d1de3b379665eb3b3cf527f14ec0	0.26
reversal-general-shared-name-forward-003	362418129197105912d4cd0b5df21bbb0773e52340d663fc73b0c6779c3ca433	0.261
reversal-general-shared-name-forward-004	773a5625bfe5aa9c6a536e37aa11e12b1baca28011f63c3605edf1166427f7d8	0.241
reversal-general-shared-name-reverse-003	5f14527c190724a85109ba8be6ae4c69169430703d80532599ff8803e703b4eb	0.291
reversal-general-shared-name-reverse-004	bfb470f7acc63960f68219d105608bf2a2e81de7705c1a6fc4e002764c5a6532	0.291
reversal-general-shared-name-forward-005	cb8dee21794e04e63f37b391b3b3a8da5384341fafbf129154d0e615c539f0cc	0.232
reversal-general-shared-name-reverse-006	7675b0522f3269f1f564f8a5f13499e87c69f95661345cae09199abab577701b	0.219
reversal-general-shared-name-forward-006	8359058666c33a57594df608d01f1355fca0b65a2af0e44738603c21d27f4ad9	0.234
reversal-general-shared-name-reverse-007	7f3ab878299012390a190596bd7f5a7d1611a1340c3a643768f334a84827d695	0.255
reversal-general-shared-name-forward-007	e0a923990f5cad936d4bffc2f33d245723ff50e45d2c71287746b705db794fbc	0.328
reversal-general-shared-name-reverse-008	9953d8fa330ad06e71f0488ae57138e6581577505832876efdfc802528483d24	0.245
reversal-general-shared-name-forward-008	e12f6626f9263048c5829ddd0102e7c63dfd0b0175c227eb1e5830a164fccb0e	0.268
reversal-general-shared-name-forward-009	6db61b6725ecdb4eb5562de656e6edfad5431ed5073c4ce1cd01f97c05513616	0.228
reversal-general-shared-name-forward-010	244cc739e168b4f802c8a4a52ce5182585903b5c2bb66bd889e5b99c2f276458	0.235
reversal-general-shared-name-reverse-009	60ce1c661e35a627d3a093df45fbe0433d53d3ea439c3e3d419c6957081703c3	0.258
reversal-general-shared-name-forward-011	2ce6fd66eb0fce0bec0c6a17cf37a1360ffa9fe31bdd0115b056aec2ffcff614	0.255
reversal-general-shared-name-reverse-011	5cfb8f5bec2e2eae82a8ed66eb68595d3671c0770b25a1692f8edde9356e9bce	0.245
reversal-general-shared-name-forward-012	8fd229dd32e886aa9758848f4c5cffc2e6a6a78e2f6500d95de5251972f55d81	0.236
reversal-general-shared-name-forward-013	c1d70913c861678ca0706ced59e28c1d34def2a707a4f8f1ed224609ea396f35	0.227
reversal-general-shared-name-reverse-012	b5bbf6ab67d7b73398700842d356e17b0d519d332a55e8c1effe986b44be51c5	0.29
reversal-general-shared-name-reverse-013	88b8738306fbd26acd5c21fcde9e0f480e18b4f51934bff64ba291f46b690a93	0.261
reversal-general-shared-name-forward-014	66e1cffb7025248bebbe2bbcbf8685b8c031c646953811ae989da610fd102314	0.253
reversal-general-shared-name-forward-015	7321081455b3d4b4d30dd58327f94cfe98fb69cb86728ff6324619591dfb8f79	0.274
reversal-general-shared-name-reverse-014	3d5313d3a307aada9b3608f17af0e94a96130ae49d9e28e413b7f432713d26f8	0.329
reversal-general-shared-name-reverse-015	25cacc6386ccad2780c21c8a5f669c7662c23b9da8e028b7307966b9c555f813	0.197
reversal-general-shared-name-forward-016	e711e5024ea6c5c20d698e1e124b40a1a0ebe5d0d039dae8441b55ef53565e04	0.26
reversal-general-shared-name-reverse-016	ce18ee3405ecee4d982e45a86a55e0eb18d6fb7bfe5eb745667ed5e97f15da3d	0.248
reversal-general-shared-name-forward-017	09608e6c44387053c43125e86c68b4259ed6106c15f2c16b1009622df9ae7bae	0.232
reversal-general-shared-name-reverse-017	17b8fb9719a96b2dfc555c4e2ec194d307d2f2e5f2155931f01f4cb451a2cdad	0.262
reversal-general-shared-name-forward-018	457bb3f1853ec5b8de89c6405843ccf2c237491da259bdf6a483a839b5a7622d	0.238
reversal-general-shared-name-forward-019	d5a68626c967b10ee4f7acf5d061ee4807a5b11d4ba01b8db8c64410a1218878	0.195
reversal-general-shared-name-reverse-018	fb87b1ab7793dfaf04dc0e5ff440badf862e2e7247a0f6af0f847595f10c95cc	0.248
reversal-general-shared-name-reverse-019	67a438d966f2c4b445fe410032d25d9c206fc81116e8139f85db6c358b2e358a	0.272
reversal-general-shared-name-forward-020	b6a27978a2ed209b26ba28f9bbadf152e197d632bc721b5999fe67bee00c6513	0.236
reversal-general-shared-name-reverse-020	92968d6ee934da016904f2947fed7cf2b5550f9250514b9b458314be793541d6	0.256
reversal-general-shared-name-forward-021	0ce00d293752d385e84dd1540a0338b65d014da54b2cb28bbeb6562588b37270	0.262
reversal-general-shared-name-reverse-021	522a8f3094a534940542231f3632a443d5dfe27b3fbc3c7114ade8055e61c999	0.223
reversal-general-forward-001	4692c379b4d47ee14473b31d9059aae46f4069caf4f217248ca22969590c067c	0.217
reversal-general-reverse-001	752b1a4c984ff8fe0e6ada8c145eb8676cbb0ebf475e6e23fe23dc29f413a10d	0.22
reversal-general-forward-003	1a76463099ecddc27a96e38f1b13699057f34edcde627bfa6b0f6fc8a8d711e4	0.204
reversal-general-reverse-003	1a67b0fecefc0b0710a84174d0e55379b8b1ce66c71f75c6d219b0b31c5a27de	0.23
reversal-general-forward-004	4bbc881dfe1eac1b79114a6ee64bb73bf91ade5a3e081dd2b368ebd32a0f8368	0.232
reversal-general-reverse-004	7246e2cf74bd3f11c75c0a7e6d97ba1aaa9040e5fdd1b5b8832b2c0a88f100e4	0.234
reversal-general-forward-005	516492d299836fdc424faefe99d94dc71c375c768143b47c12ed77530715511e	0.22
reversal-general-reverse-005	08a1d89f04aa58d580a96b4d1812fd99950085274153d7732b2a881024a18fe2	0.25
reversal-general-forward-006	e0d89b06143c6619ceaf4ec40d3f76cf286fc2563af8b630d4a7bb143413f662	0.288
reversal-general-reverse-006	ac54dd7387b10ba975e6b721b287e2904e9837ac40a613ebb80c5262b2b18bdf	0.256
reversal-general-forward-007	dfc4c0001e5504532d193e6ec30d859d8965f3997ffded731cf648ee9b536284	0.239
reversal-general-reverse-009	2671c3343f0b9b926b810252c585032b4ecb218b97d8a87dc22975f33e150495	0.226
reversal-general-forward-010	7355c8758d5c5f2c1cebfbc90ca7e7ffd90321b72d74146cb916dcf0640b4dca	0.298
reversal-general-reverse-011	4626059c2967a5ba3bd54248b133e8d740123728480a35f052a6f67a6a8157b6	0.229
reversal-general-reverse-010	d97c7b49f5814c0108cd8b7aab4bfc2a63be80156608107095d0eed87103aa7b	0.371
reversal-general-forward-012	866766fa3d0a40a7072d6626d645e2a024cdb0327cb985acc36de409a2d8bce2	0.271
reversal-general-forward-013	0b8dd1b7a37737c03c431bae923a3c50e469ae3ebb277d2290ebd584fed5b700	0.215
reversal-general-reverse-012	6bb3a0ffff6a63034271e76eb507e817d43068132855a992c8f62bc40685b874	0.282
reversal-general-forward-014	82da4d5b2cda0e90ca9e09355a41c891e1a834fc3786504452855fd2de6dd6ac	0.249
reversal-general-reverse-014	93910e19ac20f4fb8daccd11d435a136e9e29df7be3ad61a8d0e9707f5f1ec3e	0.227
reversal-general-reverse-013	c1ff73a6f9de0261d09d3b734ee6e5531aa32e8f5db4a8e34398f40814b9543b	0.395
reversal-general-forward-016	8bdcfd666da49d324bd67583b86c6cf6a5ede6fb54f78b677250b7587a59775e	0.238
reversal-general-reverse-016	833bac87ec59b2429d4f0b2bac3f3c20c75d5fc336ed16834f47db1a0e6c745f	0.265
reversal-general-forward-018	967089b3fe47df36d973e639358840a32c4ada5312c399b124f8e804a57fd899	0.236
reversal-general-reverse-017	eea63b759de98f89cbd6c400161e0706e06573c9d41d7a48022ff102aa54390e	0.281
reversal-general-forward-019	f4b0461c4817a3a91de47f979da7e72943f8dbb60deef1b61bf18bb8f16ad87d	0.22
reversal-general-reverse-019	1ba75e52e9dab2d972ee6c58753a5a37aec98ec56d66a6c1db4858b75e3b19b5	0.209
reversal-general-forward-020	d6ff032b8f93a69d6e0625e645b9e2872dd44204ef3ae51b5d639540a0b53629	0.219
reversal-general-reverse-020	5e1af0218a3fdc82419f415111954e28a2dce0d79421995f841e2850a5cb33a7	0.219
reversal-general-forward-021	48a3aa3135bb3ed382e9e56b1ef30faafbecb0eb2d34dcb9968dea9a763bd4d2	0.267
reversal-general-reverse-021	d07688b9c44a56b7c975e64f1ecc4433ab083aaebca7d312380b7186bbb707fb	0.217
reversal-general-forward-023	41888811b7925a9724d7d850f56d9b43d2eeed5db2bf71157e204f4cffcd0317	0.217
reversal-general-reverse-022	f616e7943aa739f8c8ceeb4b7ae581a15721b161ee267d5bd86069a66f0e72a5	0.254
reversal-general-reverse-023	f1fd9f82852b7a212a587e5cb227ce25515e5abacf4861db5630829bc1c860bb	0.239
reversal-general-forward-024	3f68c89a0a934a44317bcb7d8533593dd6ab9e4b0e7918f23acd385032433c74	0.214
reversal-general-reverse-024	31ba83acfeb26a1d6adbb7768dfa5db826243965db184819e8914361c08b9956	0.235
reversal-general-forward-026	81d1fa220d71025c5d3afb0171dfed0afa083ee317573787306b35a6ec563947	0.21
reversal-general-reverse-026	b7b2e86b3e5527ec410dc39b35de466095f4e2cfa0813fa812df32cd54bdedf2	0.254
reversal-general-forward-027	54248143e07b7c87307f17bbc9ab856f460e0b5f6916a79eab2859640c6175a4	0.275
reversal-general-reverse-027	67573dfc139674525e86cae80315c6b5ad455bc1c282f508d4a0920dcaad5813	0.241
reversal-general-forward-028	040dc91cea1f2302bc32e3d26facaa1e29367c6812c20f2551a44bbbadce6a07	0.269
reversal-general-reverse-028	07daebcccca9ad6219364537468b7019de98b419e6d16ba895350cdcd6535efd	0.211
reversal-general-reverse-030	5fd4c4625dabcd5e01ed544af19b5886bf06fc4fc670a0b45ee46569a6ab2210	0.22
reversal-general-forward-031	9fbda393d5110998c733a373b4094d587db4959917d592c2242e6a497496c484	0.228
reversal-general-reverse-031	de247d89c34093391276db9ae13aae9727519b7f1ae8bcd538d27638e18ec2eb	0.27
reversal-general-forward-032	8ca9818ed0f077411fc2b695260830e32c0dcdd16717a36ec0a287eb18dccc3e	0.287
reversal-general-reverse-032	ce873545483a6246de6033c917cc5a38e13418c6d41bb82ec6c59c41df19aea9	0.211
reversal-general-forward-033	29362f65ff3a24b9790552ce38a34677bbb843d1dc045e0e81dd163114ba0bda	0.211
reversal-general-reverse-033	982fe8bbd7618b04b9030a887af0e82782593a6af24cc30ef04d71322e6ef993	0.236
reversal-general-forward-034	4601a09c0f8a6cd307ce7d60a63198f5fff1da7611beb719565a77226c04b937	0.251
reversal-general-reverse-034	bb2a2a302259885e0683f666a1a2ed22e266f36d5744c66f9531149ed1f1ec1f	0.247
reversal-general-reverse-035	2da1696ee81d961ff1792310ab3d02bfbd5fbe3c7d461c0f4498d3d2fe073ee7	0.221
reversal-general-reverse-036	66720d4522b5e19ce3e6d055ce03437c31ef3641414bd74a6fedffb0a2c87613	0.239
reversal-general-forward-037	d77dc07e0c4e490db0020abdb7787edeaa7b7a22780f58a7a206bf0fe49015cd	0.231
reversal-general-forward-038	0b17837ea44d59ce2b4038b65a73a85f7460880ea9a310690da2acd91dd6dec0	0.266
reversal-general-reverse-038	58da646b699c472ad12416322426b008035211ac827bd0bf1325e9f09d3b6f7e	0.318
reversal-general-forward-039	0fbebcea56b970b7444e39ecd7a950c6f3c58fbbb64f1b161c189b081e1a382a	0.216
reversal-general-reverse-039	b7dfb547b2bfb0b67440caaab3ead976a45f3297e36b8d1e53a620924c5405c0	0.278
reversal-general-forward-040	0ba1d45f44d5814b4eac9d899dbe567a3479e07a88eb9cd1b50ef799b588d727	0.237
reversal-general-reverse-040	7dc7865213de22449f97cfff5cae1a29cf2244e220e1e14d9cc7f9c401ce62d1	0.277
reversal-general-forward-041	4bd32082bf30d31668a29f0617b19a537549f894a2d40f372a9e5e9449d3cf8f	0.244
reversal-general-reverse-041	88a197068056ab95f5c73806b57e6185202adb8f649cf55c785120a5c29f5abb	0.243
reversal-general-forward-042	a09eee68239ecc65f087e8a730166b7b7b4edd5fda824ef2233acc6566f7b25b	0.221
reversal-general-reverse-042	1091bf504167340a978000b4a785ff262732f58c1594d7ae11d5fe239b97e01c	0.232
reversal-general-forward-043	855b06571c956b359ec0cba9db703b79cedb34e8e29fddc0ca3950ba819641f1	0.268
reversal-general-reverse-043	4d68666a2836e004388f12a6cf082ed9f4dc2d19130d6408c5645364590e0aaa	0.244
reversal-general-forward-044	1ac0a6a60dfde85be64d4313c74b45f48bb7b9066346d481e972df4c001ba113	0.255
reversal-general-reverse-044	3c7e20e36e9289defcc77ade8499f89b1b039acdc275e40695d6e3b1f40d5948	0.234
reversal-general-forward-045	2408d3d64807a408415e567d61b32d6be27e8e1ae6000a6b4dd8e7fe09d2d008	0.293
reversal-general-reverse-045	36c9138d3c4e3f393df0b71148612a00d560ea3e92c0b25fdae1da2ecf1db28c	0.263
reversal-general-forward-046	76d9a052aa649f0b0dcb2c5a15ed39b2938b5372b17764640cf6ef9dc9b442cb	0.244
reversal-general-reverse-046	19092afda7c16f915511a7e00cec61b2f1c53a90f0827d0817af7d6c1c43bc7e	0.28
reversal-general-forward-047	0c19c1073ebcf919d9324a1610393eb8a2f6e91de680b9f313e138f989bbe38b	0.234
reversal-general-reverse-047	b6e47f9f1d6a917ee8f611879fc8c291d0771f123f568aa07bde06def1e776cd	0.23
reversal-general-forward-048	e47b4468e7bdfe6419dd3f7ffd7ba79dc8252921a60d425495e602bcb4c8ccf9	0.268
reversal-general-reverse-048	01adf0d96b30859298a515aba55aac7703c49615510ae6fdd2df0187488136af	0.253
reversal-general-forward-049	a4f1ab6dfa2b387a0a255e76c6f7178f4ac08d0199e2da39a339de32f4091e54	0.34
reversal-general-reverse-049	3619bdba10904eeec623fba78782e578b4053ae9589894d5a02745d4b470acd3	0.317
reversal-general-forward-050	6a15da00c6d856fc6e52a58b3a25fa393dc16219a6e93fb43d7edc56cc1e4e65	0.277
reversal-general-reverse-050	c3fcfa3cf6952bf7227fde3a668db1b6d1a17bf1f62860194456ff374277c287	0.291
reversal-general-forward-052	635f744b6abc2d4e0eef8c0fc0b604b4b9e504287f433d39cb107dec0cfed837	0.255
reversal-general-reverse-051	7c5e50c019e9b75d04844509af7d954b31034197b3036319ff8d9e75ecbd6b5b	0.295
reversal-general-forward-051	69335b3214e41cc08d73a8e3cd9646943e7c99f6b06f8e0854c8bc489cd9bc68	0.32
reversal-general-reverse-052	fe620f288c3d1167bc6a09f2c3b35ccb6971a4b8f265452913f03aac3b40d9b5	0.303
reversal-general-reverse-053	9253373bd3bf568e886617f428f5a432cc2973d62d41a6af4e03b87984d8cb93	0.247
reversal-general-forward-053	0978707d0afe3df6e8e35e4579f46adc3a775456aca431ba2c1c9d6b96d122ef	0.293
reversal-general-forward-054	74b377bedd9718e31501d7986a78a003fd685e8bddf701d476873e0a91d7be18	0.292
reversal-general-reverse-054	e206c58860b887d00e7c3a8dc209e39b011f8806d703e602096fe6a0957820e9	0.285
reversal-general-forward-055	1fabf24621507fc1f0bf769166fe11b034bd9c091fb4d74afbaf6eaede054d9e	0.278
reversal-general-reverse-055	f0f2a91a52150dc156843ff6c95bbc8338c740098fc1272ee092d0b8a7cdb9c1	0.302
reversal-general-forward-056	af6319a7bae8bc9dddbb55350315be7c545f1413c32a2419d0c0055236d11277	0.352
reversal-general-reverse-056	5f9e35fc764a6ce03b7f22ae11727a5969a9a643473e05eea66e7456bcdd1e8c	0.28
reversal-general-reverse-057	338340f2755db0710decbfdbea3a133b323235fe4ac4447a5c103425e2f79f42	0.229
reversal-general-forward-057	79860b092f6b5b946232cac48eca0a6f875eef60633fd755427ebfa7802b404e	0.276
reversal-general-reverse-058	a28521c83d366d0e1d6cd5c2535c6f30b73f4a400d4a95220d5563fbcf93d504	0.248
reversal-general-forward-058	ef01cd52d5c84712cb3d6220d01ea6ccdb33ed805622c98c125bce2d38f53912	0.305
reversal-general-forward-059	ba2eb2bb44bf91f8c093e7a3cf3ce1f69e262da152ac804059986bd54d1a5cfc	0.25
reversal-general-reverse-059	fcf583312e2d1fabaaaa282cb85b63e45c9e51c3e48c803ae0976d2bffad13c7	0.274
reversal-general-forward-060	67186ccf414d5cd7f7dd8bf6ee62d30130a0a25d8d12a407f4cd92fa9d84b944	0.27
reversal-general-reverse-060	cc8d3d3ef57ceda2ff27b80c504e99959146f3d62fc3a6ae6f64515ed5bd9833	0.29
reversal-general-forward-061	c525208727e68badc7ad588fa4d09e3b97a9b2c8be843049752ae2d8d4d82110	0.254
reversal-general-reverse-061	40df70fdb8ffb4938472e9255e2eb96a005ae415e0ecadd6bc0db33dc75c6c18	0.267
reversal-general-forward-062	b8898aa1e3e2541b058337fc3f84ee04b7dd1f85144c1bdca50f995d2806da2f	0.253
reversal-general-forward-063	02e356794da0e7cae7e0527f28f989b1a24fde8de48ef61542ca2f8d64b1e065	0.275
reversal-general-reverse-062	4919f517da3227af610a9bb83633b0ba704401f7f6ad23e0b0b28cd59c84c804	0.325
reversal-general-reverse-063	a86bf28765871365b0f7335a3675eb5de1b306fec441dc17742c5b811778c8e2	0.305
reversal-general-forward-064	02ddccc1239fb34afe5b8ddedc786d5fc2fdda899ee4105a547cdbd8d5caea36	0.32
reversal-general-forward-065	6869ce69976a30c87edc4bfcbc7cb8fce5ae475ca0b1b9a6457dea41dcb25df0	0.255
reversal-general-reverse-064	9bad74db6e5dd153dcc1587ea890ecfdabd29d11c7a06e3fcb7429c8d607dbad	0.301
reversal-general-reverse-065	f924ba4589fb20bc621ad9c70e233b262a2da1042740cb08d56da4c4bbe9d149	0.242
reversal-general-reverse-066	781b9f6c59ad0746da49d3f5948d01ab4bbf7f2c1b6fffa9942d3d17bc4360a2	0.265
reversal-general-forward-066	7567219ee3b9ff6cce53f374dc6096d2a2fa765a87157577df44489f8c3542e3	0.316
reversal-general-forward-067	df6c75e824344f3dc9345e13a9d19b21aac9edc2698ec3c533f5ffd4328ff519	0.246
reversal-general-reverse-067	5b6121a7d651de0e44aea34b4703d1abcca77862bde1faccbc5a598110329d48	0.308
reversal-general-reverse-068	53391b99c991c68ffbd3bf4cd55d18a83a731398a0da6f6f5dbfc814c3645904	0.276
reversal-general-forward-069	cde6f90e263fc1db7d8669371dcfec0c77e6a3c554cb6ac189b2406b1afd02a6	0.276
reversal-general-forward-068	a5b743bd0a85f62adae31284352ca3fc19cb56ca88588d1824b075cafb5226ea	0.356
reversal-general-reverse-069	c8564ab6677a106fb4ebc76014b071d09776645c2c22594fb4b9dd9d82eb91de	0.287
reversal-general-reverse-070	f3b69db36655042699165b2acb33c2bbae0193ebf2fafec05e703bb32973b197	0.25
reversal-general-forward-070	000baac638a695761c990b04073fadf645abf99bdfdf21909e5aab1f71f4903a	0.287
reversal-general-forward-071	a58cf9eef550f88804cfb872004665ed8f9f955b17fbe0899d278a9a5755f974	0.244
reversal-general-reverse-071	ce18b2d03e5126dcc420ddda923a50283fd2d063bad74ab0ca19658a47171535	0.27
reversal-general-forward-072	0f684795196c345be5174ffbba160f3ffec2c0d7a3237642aaad70fbf176ad9e	0.241
reversal-general-reverse-072	cf92fd03255aef9a8a246a8a7ed06ae627471826641bdd5b397f86eb177a8efa	0.261
reversal-general-reverse-073	23ab7256b17b07e2dae2bd673f98763a79fb5dfaac1bd96a335598075017eaf3	0.232
reversal-general-forward-073	7b2971a39d14d4cfab76a33e7abc887fd85f2203babd81583dba646e2e356e26	0.328
reverse-singer-to-song-002	f31038980f71138deb5f0b9ca96cc06410451a6cc3e398368442877c66d74af0	0.277
reverse-singer-to-song-003	5d64967803cc6e567669c9f87372be1e2ec3616dc131865e421fdbb0a01ec61c	0.292
reverse-singer-to-song-004	590a99b87d8d069c2769120be9f178fd28323284072c2a6ba5015c82372b09bd	0.33
reverse-singer-to-song-001	e5df16ba0def03de43a1d95815e50bbfd00fa9b48011058aa705d0380b30360b	0.374
reverse-singer-to-song-005	fcf24e4d622cee2baae8efd8d923ac8f0b172e2ee0f87487cba0994e45da50d1	0.266
reverse-singer-to-song-006	3dbdfa0b56de55b75d1274793b70371e965f5c1ac5fbee023fa4e45f34054706	0.261
reverse-singer-to-song-007	d1c455a6bd1cd147a94c8bf9ff5083ebd564a3e89291ebc2783da4c829273e34	0.254
reverse-singer-to-song-008	6c94254b2dbbeca9792cb6636b393dc371a783539949e4c98d7503bc18b63e3d	0.289
reverse-singer-to-song-009	610b3fa3a56795a2c9f6d30e14beeb90f14f44969b04e4b614fdadd79b84a3de	0.272
reverse-singer-to-song-010	c33155f435ea528b9d03af887eff4686ceee45648e765d0161f8c92104da2bef	0.274
reverse-singer-to-song-011	653e2cb8f2a396fdbf15e0913f758512df16945c2b3d754c5dce4e04c6609727	0.26
reverse-singer-to-song-012	381c5b0e557f8c36ff089ae0902dcb48cecae65ad68dbc12b862dcd461263221	0.236
reverse-singer-to-song-013	87b7c380fa725fce47c42137ececd124a8235b652f0b30115bcb02e421041391	0.234
reverse-singer-to-song-015	439851b6062b6a38c7b83cbb71c4943b90c17a8510b11f2108c9127dd88e4e05	0.27
reverse-singer-to-song-016	22d1e05652922b947cb42758936298c3c1cd2ad74c2ad6d4e92a04e05089abe6	0.285
reverse-singer-to-song-014	70a25dc4764b61abab2192809c78c2a9e8e920e8b3f6dc03f771ce87c3a70d57	0.367
reverse-singer-to-song-017	aa00811cd1bd188f69265917d70f0de78d4ef877e3281a8cedc70066d4137ff6	0.315
reverse-singer-to-song-018	762100b5fa145f548a8daaa242adab8f23b464bf4f27e839cd0e1470d87c104f	0.277
reverse-singer-to-song-019	9719c588012a152c66f47de18a370fa6fa670f227ab0c7a57279ac0f690e3441	0.29
reverse-singer-to-song-020	522242d59481ffa90c070faef2f223ead2b80cac9cef9740fd2b31f15faf514b	0.265
reverse-singer-to-song-021	82462f822f8935210ad0d5c41e47fec86dada91b48c95ef8aaabf7adf77f4a69	0.255
reverse-singer-to-song-024	e664eaef4e2dbdea7914d0fca095b41e09e6c94f27b61f09c55668a9edcc4f2a	0.249
reverse-singer-to-song-023	b319eac79be2a38c33838a209c8717f2f4ff78f97d0e1077c294a9d93e0fbf52	0.266
reverse-singer-to-song-022	c0f19531aca486fbbe8a2b7d0094da0ef608723ba1594a9a6b7704910c6cc133	0.328
reverse-singer-to-song-028	a34e8148ff9975273ace1a0f64d6ed95790e8fc6532c8e8a98f2039f0b73371e	0.281
reverse-singer-to-song-026	f3b31a228756ce1e282fa34548c7b20bf381079aa2b72fb704ac70af39f954a1	0.299
reverse-singer-to-song-025	d6f62f7cc681261f55ced3505daebe3fa32e7ba213e1662aa0cbd08fe1e06950	0.411
reverse-singer-to-song-027	efe5f355ddb5b0559ea4f1198b5a27a8dcfafcd4559c05d6c451fd21e1d333dd	0.418
reverse-singer-to-song-031	d6b4d6ec00a5a66e7d2fca433ce4194710aa6fb4ddb950a9871521e9ca0f8811	0.288
reverse-singer-to-song-029	63718a5aa0996743513c592f1c4ad5c27bbdcc03a841f97a70b807a1a4e14d73	0.316
reverse-singer-to-song-030	21b3d311d7f20ae40678e7b80127bbafc5c14e71cc1a62f0922870d50beb839f	0.345
reverse-singer-to-song-032	4ee5ce4919226c967c0eeb07f22b7fce2ce2cb65d101e9add1dba59cfe6bfb1a	0.283
reverse-singer-to-song-033	7bc519a7cf07b3850eab7902d36c062010bc6c8cb5432a9fe1c4569cb752fd00	0.281
reverse-singer-to-song-035	d6fb541a49d40f3678f5eff792084d15823e9687cc8614fd8a89e54b8cba9077	0.272
reverse-singer-to-song-036	ed1b24dc53bed163a29b57c562a7be45f00868ff9ad7fccb85951d0fdef5acef	0.253
reverse-singer-to-song-034	9c5a657a9a08bfa50a2e3eab18ea8192e7c8da44a7769abd77d717311da8f90a	0.429
reverse-singer-to-song-037	739550920630634703b1379b4e1f907f84179052b320dc8fedc343f7278435ef	0.335
reverse-singer-to-song-039	6a5e543c85b2267b494a2170fa3adb38be1095191e0a27fc0abadf8200ecd407	0.266
reverse-singer-to-song-038	ad94f630844e677878a9834d09c46cb3f3ea8b53837ef8836fbd6f15d1ac0c63	0.348
reverse-singer-to-song-040	b63cdb6babf3f3a5d4dbb198c258198709c5b520e6b0e4b8db271123a1484abd	0.348
reverse-album-to-song-001	33c45634684aae0a6e293d804cb459a33c97d6fa3eb00f4c32080234194893d3	0.303
reverse-album-to-song-003	26f1a83a4b01a7e70830d9231965358f4be86563775a65e2705c3144009cea03	0.305
reverse-album-to-song-002	879a69dadb6be65a98cbe1c7fc9c8fa7cf10aabec586de294326ca4393c0b5e4	0.408
reverse-album-to-song-004	654565fab33acf2997d5ec3dabb39ba5c606725d336c5232afcc430d5ff1642a	0.292
reverse-album-to-song-006	cd27e6c36e4cf988e026b510777947fdcb27fbfd3c3770c965c5570bf7911efd	0.261
reverse-album-to-song-005	fc170e0f9d7a04cb40f3785c3ad54455c2ad053cc494b213957ee49b51e932b6	0.405
reverse-album-to-song-007	c2216d66778bdefd7e6a41a9d39ab69bb1f2eb9014c77c5a7a8309202d35a4e6	0.298
reverse-album-to-song-008	9ce4592bf676d77abb16986820a102a2c100b861cb04c828474250222d0b9cea	0.286
reverse-album-to-song-009	a169f523436ea360a016ddf756133d0c75a42855c98fec75b4eb794a35800070	0.328
reverse-album-to-song-010	eccfd9bfc54a72e05190a03d7bd8f1f2212f45add5ff69034c15ff2c97f42f8f	0.309
reverse-album-to-song-011	376f9013980e551e1e00c23319ae2b16839b128f3a85ec830fe03362e4a15f73	0.305
reverse-album-to-song-012	8a973a6b4697934c09f93b7c89a574bb2601d12c7586291f2a6eb00d425f13f9	0.326
reverse-album-to-song-013	bcd24c25d09d5bbb7dc442a4187b1999c00fec75441a9386dec3740a8680d2fe	0.264
reverse-album-to-song-015	9f334db04ff1d8182c3b402df5b0986e6ae95fae5f251784d5aaa0b288d2f207	0.274
reverse-album-to-song-014	ba8a8b32151f68b621b980445fbbd129610bd90d209e338345e1cc5e25257fe2	0.292
reverse-album-to-song-016	7d9abba01ea632d295c51154a0c3d166140c6300758e2bc7a3927dae0189a2a5	0.294
reverse-album-to-song-017	a1fbfd46c6c33a28254e51d80c6050fffd952dd38ad8fec48ae9c679ef3d096c	0.318
reverse-album-to-song-018	e1a5c387d7c779473656484ed715f34cedfe6348b7b3b38f1c7ce02c74ad6df8	0.297
reverse-album-to-song-019	34013ec77f08d98e6fd56c73c169928649a2b6b4998fd5dcd1afa7e92f939855	0.311
reverse-album-to-song-020	ec9bb44bf83912318874fc062987ac2d68f582dfb1ebcf94811e8656c4542111	0.278
reverse-album-to-song-021	29eee9348781f4a1e7a30a3a8a58706ab09e2c937ebc399c1c8425ee00b1710a	0.316
reverse-album-to-song-022	bc2e0eaf920664badff51468e0e03f3e4aa245fa6e205cd92a06271a76b14d8f	0.288
reverse-album-to-song-023	ebd0a9fe426f744ec2032b4781902945c13642e6443dcf99c623412fe99333c4	0.29
reverse-album-to-song-024	f5ccbc3e9a413bc915fb5c48d2d542862a227d8d75da44c02ca786fb37bcbe0c	0.315
reverse-album-to-song-025	115ee214217e23616978b033b11968b69bb31a61cfc2da5eb355d9aaf03c852e	0.387
reverse-album-to-song-026	9a20b64edf0fe4b0639bf50fbe6162706212fa375065c2957d3fe27f2ff2b04c	0.366
reverse-album-to-song-028	ff17dbc658eeada5c4d87789aaed8194559340271ffd3b5243037a07e064faa9	0.309
reverse-album-to-song-027	7d77a1eda3da0f6a684962402c98aa017e8ba03bc88307b1b1208c0dd5fd4ec7	0.421
reverse-album-to-song-030	5593cb6d00fe96190eddbe4a4ea95b7f1adbfae771af1307e217815bcb4ef234	0.237
reverse-album-to-song-031	5de7dac8b88c67d103f3620fe98b07e40161fe12fdabb8b05f01de6b185d2d7d	0.264
reverse-album-to-song-029	5ba6c7cf43259ca03b1ba625af47802cafde7b59f07da8f69b65c3f9bdb3ce90	0.331
reverse-album-to-song-032	73f36db526ed8facd0f974d8919c410cf83b52a9206f398e0d20bad4adeeee15	0.299
reverse-album-to-song-033	49da551de33b05aed9952012433627fe63951bc218b1d238b4d3e0496a2ea0ea	0.356
reverse-album-to-song-034	1dbf8e3abe746f7de810d1cad8869b3e2025c38f5c50d9f5b4c8a37928cc15aa	0.333
reverse-album-to-song-035	b6a11cf09e8c17132261d9a04fda657dec8d028afd88089253be88dc6dc72ceb	0.329
reverse-album-to-song-036	aaec6466b031a49247d06229bb0c8ad7513ef545408d7fa6adb5c1be0c146bf6	0.344
reverse-album-to-song-038	5dafa51e94ea5926f7695e560f22b1e2cf9d257c39218f1ad26f0b85fd8047b5	0.268
reverse-album-to-song-039	1ca051c8662e41012a604e6e461128692d2e03169cc58948e722410aeedb96d8	0.319
reverse-album-to-song-037	7b7554ed3e8ce0829a408254b93ab1f416e6c6a805aad664f87167841268a4c5	0.38
reverse-album-to-song-040	fa549c9e4e5d51215b8b538cfeb57d721e539d8b0c244d3f6038ce667a722b35	0.309
reverse-singer-yes-no-002	ea2fe0fab21f07668d07f327f104215fe3d2079ac78d3fbeeeb52474adbd0354	0.316
reverse-singer-yes-no-004	d218417ad5f2ac02b7ff111d50ef2f6f098c301e2eb2d26c0daedb89e4ab5412	0.283
reverse-singer-yes-no-005	b6a90bdcfc23f0f59b6ae22ef83c8172727e0f9d164e55e8fa62a26a167818a8	0.296
reverse-singer-yes-no-003	139e7618aeae65776b7046b48f778f9232a1faa236da19e444434ac908392b68	0.391
reverse-singer-yes-no-007	670ce827fee1e0f7e81a0e70148208606d75d923b5a6f2c70b584dec4b14214a	0.266
reverse-singer-yes-no-008	1a209dfe16aaddebaf14c412af70355bbd3bec839160ccfe0153c40facd5a2c9	0.27
reverse-singer-yes-no-009	a26f3fe77b6ed5ee6183065f197d8f0f43dbf20799e1d6b9029ebc2a68e702c0	0.413
reverse-singer-yes-no-016	2d0ade98bd4ca07bb70e220a745786761b74c67222158cee3cb94f039bd2b905	0.284
reverse-singer-yes-no-021	a131844f26d3917422275341ace3e5ca7d8a973a7e549b80bb0459a021464bf9	0.383
reverse-singer-yes-no-025	1de98d2d3cfe1b4c01951c9bdffc6cab62ee0670897c9d8d1e65d9b45bac5d1d	0.313
reverse-singer-yes-no-026	2556d2858c5290ebf4bc317edd693103df04e2ee425a3062c86d5d0cc089a2a0	0.306
reverse-singer-yes-no-027	5a708413de12948c595a2af29cf7b3194b15dda20cd15ac0411cee00a74a6844	0.321
reverse-singer-yes-no-028	0ecf15cd3839194b6f75a3949e67db56d0a2cb39e0510147bc206bfccad6fb9b	0.283
reverse-singer-yes-no-030	7f192e67a694920f09357d6f3c8336031508474983ea277bf87f8684177a3d83	0.304
shared-lead-shared-lead-002	2aad76e9423731de78d04d3c300fd04ff6675a58040b8dae03ebd30dd4181e32	0.3
shared-lead-shared-lead-001	d4ccef51877d039e2163911687a240d9da1047fa9d81b0d569bdde94c3ed5b0f	0.388
shared-lead-shared-lead-003	4ce20dd601803baf58d3ae6ae599fc90b81e5c97da5001f178820237ae017bb1	0.367
shared-lead-shared-lead-008	9f6649b464d1c700d3249f49f7a33f4e995bd10ed38a04fbfdbd05a45ceb74e9	0.246
shared-lead-shared-lead-005	7d3a7bf1afe1056e5a0d9a01a217e3daa4d058d55fa79e43c937ab73dc3b11a8	0.333
shared-lead-shared-lead-013	fb08b339ae561c624ec1f8b423b9734a14498ffdcaa95a32510ea0c1519cbba2	0.28
shared-lead-shared-lead-015	60964bd3bde28479f51139d3551564c7d1906847fd0934e654ee43ce4d33734c	0.261
shared-lead-shared-lead-018	f5fe7b4769e51bcb82bd5813b441a931ed3dd65109f90c442a7bb04971eea130	0.309
shared-lead-shared-lead-017	a5b3e33203cc3496d5456d8b2c86219f409d3ab36a377ec327e42d9fb07eba2a	0.332
shared-lead-shared-lead-021	b79f3936145177768704d8b91875940ca3879f0ce2a8d02f3ae89d95c60632ec	0.324
shared-lead-shared-lead-022	7209a25229be94d0eb5db13bc3de66efc40b1a3353253700f16880d2bd0b3be0	0.353
shared-lead-shared-lead-023	2e2c2cc2656f81d1fadf1d2103146396f3ad428f47dfb4215165d2f05c0bb45e	0.358
shared-lead-shared-lead-024	3a898c133cbe3ac6237a0a6324d4db6492b53b604673549a2529317e668d907e	0.354
shared-lead-shared-lead-025	d9df6bd3f68899dda0a579f30c65b1f56cc14caeaf77a74a25871408ab5b4fa8	0.282
shared-lead-shared-lead-031	122db692cd5be59d60373221e15c17df5175d2c474ec06b1b799424a3ffea65b	0.325
shared-lead-shared-lead-029	909a18d77fd4b1393459b53da4db9f56eee0b5dc4ce19a379705009900b1151b	0.413
shared-lead-shared-lead-032	375bf678d056d9551a1163f0cbe2fa9ccf70f4897e77285a732440686e4bc99b	0.374
single-hop-song-album-001	3c4e3fa4a5babac8fde8a4bdb36f37f5256827d74acb0bad20cd049f0d98c63e	0.301
single-hop-song-album-002	8412625420a90a5596745bbaca1d92cf576c228ce02869e890c16197dcfaa5cb	0.283
single-hop-song-album-003	6cecb55765429c3e97a1e983e483f0efd8a165bf92442054dc781e15ad8df65c	0.314
single-hop-song-album-004	301236c87e902a87e36c365eb902fd2315e779cdda6a41e2d1816db7083f8aed	0.3
single-hop-song-album-005	52cc619bb577a8adb617542b5e22db600e1f8a327f8e21ff6134f07c7763b029	0.29
single-hop-song-album-007	b3c729a28affc9c0149e4822c4489e8f4ecd2b3ee47969aba998070c6ca029e1	0.293
single-hop-song-album-006	3d1e491591054201be2a537a1e4021598aec2b63b3c24ddfbbbfb85d285b6ad6	0.346
single-hop-song-album-009	18c2368e518a82c1e3618ab9d01dc26df68d658956d1f2ac23e1382910f577bd	0.321
single-hop-song-album-008	75ec1de99e3d99b250ff60b642e4cafe5a2116b0029f81228a4e28fc3a8c5c01	0.415
single-hop-song-album-010	2f8ce096975b675f713def257a71e707013932a5b4d807f62f38cdd2f8a3e7b5	0.338
single-hop-song-album-012	5d15de5a0b43886a06f0ae745b76a24e637132788e4981626dc1a616ea74bd2d	0.262
single-hop-song-album-011	13e5931bf90cc566abab68c7a8eb2cd0bd2bf643ebb81a2bc0518646d6954714	0.345
single-hop-song-album-013	14402e6115701b7baa66764eff9b245830e554210b6beeba9c8a717b83d5958b	0.301
single-hop-song-album-015	dd3e6ef2c3267bb8ad26e17d48a92937e0983e55056c8ce898b842c13e550a1c	0.282
single-hop-song-album-016	a4ea3247f0d41588c62714416729ca42137af215bc78705332a8727519771a8a	0.374
single-hop-song-album-014	621453bb8d9961baf511f0ee1f523e8f755abc400d27d763f9e364384cf0c545	0.47
single-hop-song-album-017	05d08c40a87aef1b2f5349a88a419037d7db814dcd5ca0d35986aabea4f5de74	0.461
single-hop-song-album-018	a2d07941b94da0e4003e4fbd3c2d5f566bb9d0d9d62118d3c8e5521ecfbea6f6	0.271
single-hop-song-album-020	35bf58208c77c9413253e09da8ab7233522c39c370253e7a7b9a1ae674eb1d2a	0.287
single-hop-song-album-019	21f35da81860c42ce746528914913a69aecb54471213f0aa16b80aea8a797352	0.322
single-hop-song-album-021	a780ecddf32f44a41cf50b7484df08d2f1aa441cd90be2bad5dde932c15bb647	0.332
single-hop-song-album-022	00585c48feccbefa69c3d5ae26e3343caf6fcfe5dc4614b8b4f352b1a1cb6d80	0.327
single-hop-song-album-023	1bb0a9fbc8472e72fbcfd1d28dc62349ce5468f18cbfddb6ca33e7cb0fc40b98	0.304
single-hop-song-album-024	1de9e663ece567c96e61d23a85654349771b1374c8a8b6351446ef4834033a8b	0.288
single-hop-song-album-025	24bfd7feeae03462f4dfe52ee657cd3e95bdbdf168a9603a99d75dd433135d64	0.352
single-hop-song-album-026	317c69199e0397fe76327176bac4f3b4aede3b3f4bbccd67c8b408b48f152dad	0.29
single-hop-song-album-027	3a0f55329cdfebdcec2e6dd63c2b479a8f9b32af0aa4a4d48485d27f706320b4	0.296
single-hop-song-album-028	c5a4958c7623bb0e3feb6f0f8cd7d25e2656ccbe763fbf65e788462871566af2	0.347
single-hop-song-album-029	38bb230040f48b8a2f877cd48bcf37ebce18c36dba7d4890ff5c2867f619eb49	0.371
single-hop-song-album-030	8e0d90efb49ed5dab8dae3acc384a86d9fa1df1e68071f80e8402037b08cb516	0.338
single-hop-song-album-031	a5c617cf5ac50a35e93d3ba35f0322bd1465d5bde091fa2f23c477245c92787c	0.333
single-hop-song-album-032	70bce78c6f2971752dc728483ddb02e0eb2c99899b938b9a4f85d51634050b74	0.298
single-hop-song-album-034	8b81b74408b2a7e726494cf7a8e8e5e3a93954562844d56fae5f0a3a836acab2	0.263
single-hop-song-album-033	6f8965ba6c3029b8694a89943df325b96b7af2819df8f1fa14100fb7f70a1d0c	0.331
single-hop-song-album-035	16937f7416c48b20d63bd7171138bf4827f2637d8a2eb6a15a7e72e0e38193e3	0.326
single-hop-song-album-036	96827783f7fc1073bc32a4c2b837a9cafca4778c227efd6c1fc7d18fd753ac42	0.313
single-hop-song-album-037	40adec47c0e754bfa61a2cba9169f5154b983a2f5c218112c0e08e15ca5e0a89	0.266
single-hop-song-album-040	60655dc25499771b6f45715e96b71b3d65f58229aa871ba02453ced8e4fb169d	0.225
single-hop-song-album-039	bcc25dd6e67731fb57c57b3e241895100cdec32651d5592e9010a3579783b4e7	0.268
single-hop-song-album-038	f42d86ced9cd3077f95d7b7f5db7f98a00f188c3b6c436c4f9166ed30c220b67	0.379
single-hop-song-album-041	25dac3104dae05fb8bc61701fdf7a3e1d88870a709153214ea22d54d429cde2b	0.345
single-hop-song-album-043	e8220664c6d9115083a5b8852129cd93e59d78ea1dc07f004c5f29e29726993e	0.271
single-hop-song-album-044	1fc99856fc83849603c16b2196a23f7c4e95cd3d73ff8552ddef9297e8e4508a	0.265
single-hop-song-album-042	e0fec04f8ca3d771cfe6c1bcbe730bf0fe00e54c80dcd314c3f5dbcbb9363279	0.342
single-hop-song-album-045	0795cde8e0383ee3aee78b1022a3c76a231a9d0d3f96eda923f1d69a6fe2639f	0.299
single-hop-song-album-047	ed55f29c81ef33ff1d9de762c38368e46049827baef5765cbf99021b80f5af39	0.302
single-hop-song-album-046	374807eb8769650e905dacc3867ae1b35b7247f9dbbe4ed9d4ab4626fec164fe	0.36
single-hop-song-album-048	d3361f11b6ea7157f4ae4372df0402da39c5401a3206da9ecc9e47011296e732	0.334
single-hop-song-album-049	f13b1949aa16e05f2a5d1abc0690a4ae384f71418f05858f833c76dac5606186	0.313
single-hop-song-album-052	08c5b6cf2db8c2c52e7af44cf2e4d3738dedfc565bc771c669b8351890d3605d	0.262
single-hop-song-album-050	859c8ddf7b9f14c1dde8367a80ce74b0d89bd5865e9755c38a52e0c7500f8f87	0.336
single-hop-song-album-051	810c9b1cefc288388a36ad1a92162c631eeed2d91b0215215a2ab3d1d6c79aab	0.358
single-hop-song-album-053	74672f247db9369c343d2557da48266b5e4445e750545138372d7e484e3ffd9f	0.309
single-hop-song-album-055	97ed0fa3d500ab42251c0d388d3b7634745f56fde8be3e4f6a2fb5cb02598245	0.276
single-hop-song-album-054	dfbf2ba8dfcb84b9a7436ea0067f617a9ebb6a5adafb39a047e754ca28f70993	0.355
single-hop-song-album-056	7c1937bac49fd914d9c70d886df5b2c3bdfd91b97a7a3f99416984deaadf45dd	0.335
single-hop-song-album-057	b70ae709a2aa221465e5b4dba556bd7217d22619dd1a27a65fe74d8e626310d0	0.325
single-hop-song-album-059	fa869223b6deca54dae89cdc8b03a18b54600d8d25a6987c264acb0ea95ed4c3	0.291
single-hop-song-album-060	c98eaf470c4bec52fbeedd60714f46fcfb2cc70f5e93cec38538e2e10c89a60f	0.265
single-hop-song-album-058	6384f01a328beca591fbe0d8ff46dae0c385519b745278141e1930cf50dc492a	0.384
single-hop-song-month-001	cf9afe1c8f1273ec30df1f1d463d6053cbf74897b6a4fb3491e3e3b12f34eed3	0.289
single-hop-event-month-001	9d49c7071bd1cbfc5327de79a3978aac297935f53e8d3ce3ff8e4ed7b96daeaa	0.356
single-hop-event-month-002	fa351b5ad0da32c138870fd31c215eb912daa8a21e748bc7f9406fe8a9ca0a9d	0.341
single-hop-song-month-002	110c53827f052d452ec2ed646deeec1f9ca5b4357726b02bc82ba4394c0ad310	0.388
single-hop-song-month-003	fc2ded3ebc0cf26f6843e3337e54b483e668e9f5454ac8d4976ff0005db9fba7	0.449
single-hop-event-month-003	db03107b28a83d9913a96fe25337aa53a495462e8f03d298f41ff84e29b6d1fd	0.383
single-hop-event-month-004	9fb8726fdaad39ea550cabf61d497233735126e069eb0e246e2aa114a9b3d59b	0.349
single-hop-song-month-005	0b4691b4ce9b7e3f5ac748ae954ff100d8e560d00b090ab214882f9356ceaa32	0.509
single-hop-event-month-007	afa75dea7dc43e86018f8a5e2c6dc4768ff6bc756275e871ed12af3acff148f6	0.323
single-hop-song-month-007	a8155782deb86bf0a498cc06faced861f556746f5fe230a22015519b9a2d19f3	0.361
single-hop-song-month-006	8c5e9b997921e236eeacec126b4f8dae66fef7f1cbfd13a1f507ea91d78e1860	0.461
single-hop-song-month-008	5f9db2857c41c98a8d42af9ac5792166fb4da5b563c37c131332754d94c8ac9d	0.367
single-hop-event-month-008	77cb0a7c97e2e1b45d309b8bc215ac86710f9c4ceafede223a04acac22be20c3	0.364
single-hop-event-month-009	543e01a703831de2c315abd784e563d3f4b3bed4864e35ae0ba8db974cbfe6f9	0.374
single-hop-event-month-010	7b67fa6c9a2392beac2a7f5edc0f458306b7a47b398d9ca72b17783cd0ae6b00	0.326
single-hop-song-month-010	978cd48122e297e41ad924aed18897f712b582fad108215f190addda2000f17a	0.487
single-hop-song-month-011	cb9535180e978edd68388f5eead070c48cc5da958e18db6389598fe5dcb17698	0.275
single-hop-song-month-012	f0b3f62ab99278d9135139ff616f829edd68a19b140018246f2f644db683100e	0.25
single-hop-song-month-013	9bf00739c9f7f00a6e57279d92367264f2740287d1dffd462d18160de4f26847	0.342
single-hop-event-month-012	3f5aaec0c5110deca3c0384dd5b95ab8c845bdb21a499c2f24474d9397a403cd	0.365
single-hop-event-month-013	a93ba3b03cd06801fd9315a1f7f26336d7c6aa07f7cc9c6cef5526f7284fde17	0.362
single-hop-song-month-014	fcf189b51b4a22d83827a8bcd05d8fb2f9df935bedaba80cd8bc6dd4076c90b5	0.386
single-hop-event-month-014	4d3ccc24326599eeb5168f959908682168dfdcfd40d36fa05f487fa90528068d	0.314
single-hop-song-month-016	f3dc85b17d909d9c7965e8cb110d034b15dafaf37997020ad5df18315b3b538e	0.315
single-hop-event-month-015	b7cc4db6e03eaaac87209486e5f4b026a7f6869af691f086d0d5e611842a03ab	0.333
single-hop-song-month-017	c7fc800fde6170b5c88cf49619c7858fe7a91dc8499d132c624b607149e6ea86	0.305
single-hop-event-month-016	2ba57d3dd4a81195c3e5b543cde4ee72ec81f236b3400f3354fffcf86c8ce8b2	0.295
single-hop-song-month-018	cdbe63bea5e707b3f1f28dc165d651807916590c320cb2a8d98c26c14ec6497a	0.287
single-hop-event-month-017	6dad1eef926b2b31fbe14231ed8988cbe93ed0767b21092d40fb53e201b61219	0.293
single-hop-song-month-019	40f43474ce88f2ce64f17685f0bb5e5d7347d5321a6dc6239bc9f59426a6909e	0.363
single-hop-song-month-020	7d4be094bd75c357ebc21d731e5ddc6eb952b01093c98718459c79797c18f808	0.298
single-hop-event-month-019	d614a58304527d978f1fb5bf4b8c94f4bb49cf2f78467cbd41ddc3bd251ee5be	0.301
single-hop-event-month-020	a6ff82c083a8a1a740b2429a0f4bb34609c7cfddbe293a6512f2ae06b512e32d	0.28
single-hop-event-month-021	34b5571588e63c90cfc9485ce2f2cd6e64593831ba7712cb40b0db90409b75da	0.274
single-hop-song-month-022	ccf9294205be2fe8679b1cf7878a3ecb95bfb1b4ce37d77d4eb0d1beb8ade8dd	0.362
single-hop-event-month-022	6d5a0b08f0efa17990510556362209cbae161b78f57fa492f3902eadec631cfd	0.26
single-hop-event-month-023	0f91450e90d7793c52028ac68930bfbdd1535cf0b75c7fe6426db46f21360e85	0.318
single-hop-song-month-026	05cc4b0a2fd6dde26e949cd9e78c3d59948139e560ca948aace46a95835cee7c	0.256
single-hop-event-month-024	3ba2190ce01dc9f7451da9bd35712ccf00b8024aa0e33f3b4414e4f194c7e209	0.286
single-hop-song-month-025	b18ed9331514d6a0b14538cfea255ecf15ac3afdc737ca36cfd5bb2033f74411	0.312
single-hop-song-month-027	c38803db1d457ec16f76f20b64b3dc9608d71e737ac5036f00314d17ee193943	0.233
single-hop-event-month-026	bd16defb4f28a6e8ca9ac7eeb494878d0c9439fb7a80d264ad345988cd7c5fbe	0.293
single-hop-song-month-030	879dd5782fe8ceb8e4b823c47416ac876cc7e3d8ea2b1676050f48e85dd8cb5f	0.299
single-hop-song-month-029	4b7e8fea98f42ff59bad6414aff60a700de5bb93d259fc8f3ec806b8c47d70c5	0.334
single-hop-event-month-027	9f6e0681635e81b571f8fd8e972fc694265294c0f5aff0710057c92cbb40a887	0.255
single-hop-song-month-031	689cb11379cf9da728d1338a5145bba265822e3fde216087e8df597666da52b5	0.3
single-hop-event-month-028	01f5f8e631667df12aa59074f65b9b09e39ad03ad9ff78802a466fb445f4ebfa	0.294
single-hop-song-month-032	2819320078a524ddcd75fdea2265446d9ac15f7a83965ffdeb38f6a5766e90b5	0.329
single-hop-event-month-029	191382f6285f7d28d4d715304879ce3afac799c358764f95d06470c18a2a02cf	0.309
single-hop-event-month-031	7f343a22cf49b66d8bc9e4dcfa209aa1955c36942f633c9d83097950ceb92c6b	0.34
single-hop-event-month-032	10de1e127c831d4d307627d5fdb8bc9555442c557402343da9b623324c24c34b	0.288
single-hop-event-month-030	c61edce61ff6c9a69e5b12a1f97c063afdf3688cf9a1546216fa319af1eabe29	0.436
single-hop-song-month-034	50ea85836716f35202cc3692ff470b656bc26e43d58570721cc4a73a3cbabb1b	0.437
single-hop-event-month-034	53d732e8bf18e2199ea19cefb3f2326aa518de3ce850156a8e84097fa412d4a1	0.293
single-hop-song-month-037	fe4284b0f772e972544dfb203cb33a6e2d02c6a2d49c3a70d8670032752aff19	0.323
single-hop-song-month-038	b95f8064a01a9aaba66df7f4a679ae3adddf314f3c9d43487255acd5881a9b89	0.322
single-hop-song-month-036	9399c274094a24015c75603d2bd54ae772ec07e6951c84eb7cdb55628cf566e9	0.433
single-hop-event-month-035	b3c56b17ca30cbb7a1991d760007c66f17861ea51496f6c6308ede4c412658e3	0.324
single-hop-song-month-039	a0b9a9b2531129b46a97469997592f2cad591bfa7121057fe9a3129131eeb7bc	0.337
single-hop-event-month-037	577a4f72666be34735505ad74eb064fefc383f1f4089141f14355f5da2c954a6	0.324
single-hop-song-month-040	cce111530064c9fc2cf3170827bd8dff541352851c51d7015a2826a0b15e507a	0.347
single-hop-song-month-042	5cb33918bd185c0eccaab24d4075629fa37fe4ed90ec394ea79c5897384811a8	0.282
single-hop-song-month-041	51449611be07e96aae672a5060c7e44d93ae7ce3efc41b4ae9d840cda15ed6c2	0.336
single-hop-song-month-043	497ca7a935b7e8e371090d0a4e30d4fefc9a0a6c483d9ca0e2282e5e70920eb3	0.287
single-hop-event-month-038	08eae22ba7cfe1fe829b0d38ccc0643dd7f502a1d79f19284f931312289369c2	0.333
single-hop-song-month-045	91366e33e0e0f4f72f364f4012bd27cd6769cd90cffbfdff19d67c591ca54fec	0.283
single-hop-event-month-040	2f2e450f8556cde62511e534741b3ccc4251f4eb7454f3d5d5d0caa8079d7fa4	0.315
single-hop-song-month-046	78230851d146c23b61b03e00aa4c9663cdcdce091281de666ef6a81abd1cd565	0.259
single-hop-event-month-041	4c024eaa61d518db4483603e3d3d96cd4effdedc0606ae7143d5f91325048d55	0.338
single-hop-event-month-047	d766c0e5007612a4354f0b6b211e671d48f3eef6daf062897bc6f11e041204d5	0.267
single-hop-song-month-048	7beb167731f29324fa0be5e2f14305da996955732649bef8c67227c4bbf0c924	0.342
single-hop-song-month-049	5848d2203d4dcd804e69a707175a4033af50cb0b63bf573f0c1a5c024fc80111	0.301
single-hop-event-month-048	f9468dd1e5a31a9bdd475b1d286eaf69bfea3ce382a8854ba404b7936d326d38	0.312
single-hop-event-month-049	3626ff6ed8847f89f3c12ca54424fdef90f3dcfdcfd937d4d52dbd5c6281d93d	0.325
single-hop-event-month-051	a1d7e1d84da74c7e1b1e2511e3b38d0a934c48ea930c3f2648694a3e11f14412	0.274
single-hop-song-month-052	0db5d68a8203fa18524d7c365300104d63bc129fe47ffd2b2e574eac393fc5ae	0.312
single-hop-event-month-050	6e2ab40b61679482647317824209f490f9adf3d2ac9ee208b6014a6299a700e7	0.34
single-hop-song-month-053	f9e994e8e9689aefd3fe021b442dd559cc90eb53cc02a146044b68cf4207c09e	0.281
single-hop-event-month-052	623f040d2254edeed7dd9aed0211b05c6ea5d7ee32b25560c3304f2d6234a9e4	0.315
single-hop-song-month-056	efc21a775fc8c887fa0415ec62f3714e99d48866722ad5d9476e9c50f01c27c6	0.272
single-hop-song-month-057	baff5bd270407989b09f439d2723385ee961128f18e985247e211200074d7c8d	0.281
single-hop-song-month-059	5e1c6f0108adc562b38ec2a2c04914202ce40db1927d97c3c28c15216c493783	0.276
single-hop-song-month-058	52f01c869fe15a388e4f23cade63e0ad7e843b1924834bb9b4061319fb8d1364	0.334
single-hop-song-month-060	6004b45363aefc247b5c42b6f3410b6325570c8d1fe18f6d73e26bd0f8a63577	0.291
single-hop-event-month-055	191f1dbafeacf159805451cf6bf5b638e862399e0b82306481cbc29a74230516	0.335
single-hop-song-month-061	32f9ff9a0b45170ff624e34adfa81bdfd3a740732cf084599817471d88dc58c3	0.312
single-hop-event-month-057	c1e54b9703da29581e5a26b08727eb778c2e9ff060d4094b25260fa57a49fa54	0.286
single-hop-song-month-062	faeb46dd62bbb7eafd872b305fac017f0c570502e8224979e0e555464ecad59f	0.382
single-hop-song-month-063	692fc826df1c1945227e17ee10a3499dd2e56344a93f1b360c83de757cb2c3f0	0.453
single-hop-song-month-064	1b8bb29b68083ec44701bf60b85f0a5fc8422564923b2227fd5eae841e4b6f41	0.358
single-hop-event-month-058	8ad15b6c3419d5abffb66930bb171c496262f7fce44daa47b160f997e548bc7d	0.331
single-hop-event-month-059	37f9204b1aa0f888b2291d0e3a758f5a090170fa45dd01c98461b530e66c36d4	0.367
single-hop-song-month-068	2fffdf773bfcbbef5614b610c98c6dc4cb577e30ab2628a5e1e1bf2f09ff9832	0.234
single-hop-event-month-061	ff6f081dfe3aadb31849cded129183f9f3e34ef9697c26349c352b3cdf94a23b	0.307
single-hop-event-month-060	fce5e230ec1fb1b3ae68c9844716344dd14758e9d27880ae1d5824f7a544a047	0.576
single-hop-song-month-070	1fbdcc9a8bb4e9f9a8e94523d539e7ec04dd6565da73037d3b0b049cd2c6c93c	0.315
single-hop-event-month-063	272a7a9a1298808ea385f55d37c720480b3eb90bbe212cc63414b5d17c6b4aeb	0.338
single-hop-song-month-073	78ea5edc7d6f7ba5e55227c9324553f17e9db4e437165ddbd786e6ec406e1cf5	0.335
single-hop-song-month-072	f240131e00d8e5330dec1e159ebd56c01db5475ad35efadc52a6d077bd0f74c2	0.401
single-hop-event-month-064	e50091b054c65a1b5de2f17f79ee6f9f3bcc1f8ed092dc5257bc73b237e11d84	0.305
single-hop-song-month-074	bc2959eaeb57f4434a1e1f2eb177bbe328a90e164dd415084d33f6c89e7d00c0	0.364
single-hop-song-month-076	13f2aa381059531bb50ed6349e9c401cec12138c91b41fa95378ec0f911f54e3	0.27
single-hop-song-month-075	77aee28f1e530857b7813d31aa2ed06f92a09d3af0f6a37ef7eb3e6572a596b3	0.334
single-hop-song-month-078	2dc5ccce3821f22ff29c2ed47b86df1a158ad1a9e7b22add00dfe925af845dc5	0.346
single-hop-event-month-067	d2506cf1a4f552bcba08f3559416b7a1cd4dd0496f9191f0cab080002e4f5a56	0.303
single-hop-song-month-080	5a1c3c8027936f1b98c444a70b6c45c101a6ee299375b50a6accda4c99d45eff	0.306
single-hop-song-month-081	7a1dda1059bdcbe76103e23cf3d2ad747d862ac3cb60787afabd8656b45341bc	0.345
single-hop-event-month-068	3199ab464b2beba1a649603ec0f3b7b07b2ccdfea3c6f46f3acd8dfeb8b3f89a	0.328
single-hop-song-month-082	e23d654bde7f5bea83dac2c9426e71a45dd2ebfd4f58b58217e5ce48b8428ef5	0.302
single-hop-event-month-069	1c49b00a93bb8eed443d60e42be54769340bc209d128ae48cef471dcac1b1652	0.421
single-hop-song-month-083	8179b40bd4c232e5a69109ffb7e6991d5e442f9fcf324fb00a2887d23c4bbb11	0.335
single-hop-event-month-070	177df43b6f5d04b1fa3d7d82462bc4affcbad4a33b606d2b3377b781915ca1d9	0.366
single-hop-song-month-084	d5067f82d757ea0e013a798d687782f078a54a84084dd931d69c7429da9a4c5b	0.285
single-hop-song-month-086	9da21cb6e23060fa10bbae14d65de8a817b200d686d04730db3ff71c44c00412	0.281
single-hop-song-month-085	60ffc83d12ba0e176e474522b168d5f148deddf4756b94e14c43f9e3079bbaf0	0.324
single-hop-song-month-087	a332d6597a5310244d558b775adecd62e6bf59eaf28f76db3648911ad459bcc2	0.299
single-hop-song-month-088	d13128df81f04b3779ce24a087b16483aa057943f0ffc2e565c699b866c8285a	0.263
single-hop-song-month-089	d41e13971e0cca6d2f39c88e4aacdf41aa4e54eb3e38852a94a0bdf752ccc836	0.286
single-hop-song-month-093	93b669ee640031fb837d21dbdbb1086b7cc749ad5e80c9de69268ac38024c090	0.328
single-hop-song-month-094	81601a7387f10094a0f7bb82792363cc25a8d4f18ea52592530b5753c613dd50	0.329
single-hop-event-month-073	0a0ae82847669fae6585cce3a672773b683c978732143bb2d2be70f6e43bb955	0.314
single-hop-event-month-074	4e9cc1d944ff74ac3de70b97a8747c6e451c8076c64c074d5096069249f83755	0.244
single-hop-song-month-096	5d2e7d862154fca0c5f00da9ce7a2fcc1d482e80e7a8db0dee3fb3fb72f68ead	0.261
single-hop-song-month-097	039a32a3a94c67e79bca4e3e2423d75f88155fec16e4b306e5b4b7e7609d98d9	0.287
single-hop-event-month-075	007103aa2442963600cdb1a34dbf0353ae1ae3e052ef1b2d994cb5ba3486119e	0.334
single-hop-event-month-076	f0501153f5a3e5eacdf2e63d6415bdd5c455e14fd67f293915abaed5bc4baa4c	0.335
