comparison-longer-010	Let It Be (1970-05-08)	Singles	Past Masters (1988-03-07)	Beatles for Sale (1964-12-04)	Live at the BBC (1994-11-30)	The Beatles (White Album) (1968-11-22)	The Beatles' First	Revolver (1966-08-05)	Rubber Soul (1965-12-03)	With the Beatles (1963-11-22)	Help! (1965-08-06)	Please Please Me (1963-03-22)	A Hard Day's Night (1964-07-10)	Sgt. Pepper's Lonely Hearts Club Band (1967-05-26)	Magical Mystery Tour (1967-11-27)	Yellow Submarine (1969-01-13)	Abbey Road (1969-09-26)	Anthology 1 (1995-11-20)	Anthology 2 (1996-03-18)	Anthology 3 (1996-10-28)	On Air – Live at the BBC Volume 2 (2013-11-11)	My Bonnie	Ya Ya	The Beatles Bootleg Recordings 1963	Let It Be: Special Edition	The Beatles: Get Back – The Rooftop Performance	1967–1970	Rubber Soul: Super Deluxe Edition
comparison-longer-016	With the Beatles (1963-11-22)	Help! (1965-08-06)	Let It Be (1970-05-08)	Revolver (1966-08-05)	Singles	Live at the BBC (1994-11-30)	Please Please Me (1963-03-22)	A Hard Day's Night (1964-07-10)	Beatles for Sale (1964-12-04)	Rubber Soul (1965-12-03)	Sgt. Pepper's Lonely Hearts Club Band (1967-05-26)	Magical Mystery Tour (1967-11-27)	The Beatles (White Album) (1968-11-22)	Yellow Submarine (1969-01-13)	Abbey Road (1969-09-26)	Past Masters (1988-03-07)	Anthology 1 (1995-11-20)	Anthology 2 (1996-03-18)	Anthology 3 (1996-10-28)	On Air – Live at the BBC Volume 2 (2013-11-11)	My Bonnie	Ya Ya	The Beatles' First	The Beatles Bootleg Recordings 1963	Let It Be: Special Edition	The Beatles: Get Back – The Rooftop Performance	1967–1970	Rubber Soul: Super Deluxe Edition
comparison-longer-017	Let It Be (1970-05-08)	Sgt. Pepper's Lonely Hearts Club Band (1967-05-26)	Let It Be: Special Edition	A Hard Day's Night (1964-07-10)	Revolver (1966-08-05)	Live at the BBC (1994-11-30)	Please Please Me (1963-03-22)	With the Beatles (1963-11-22)	Beatles for Sale (1964-12-04)	Help! (1965-08-06)	Rubber Soul (1965-12-03)	Magical Mystery Tour (1967-11-27)	The Beatles (White Album) (1968-11-22)	Yellow Submarine (1969-01-13)	Abbey Road (1969-09-26)	Past Masters (1988-03-07)	Anthology 1 (1995-11-20)	Anthology 2 (1996-03-18)	Anthology 3 (1996-10-28)	On Air – Live at the BBC Volume 2 (2013-11-11)	My Bonnie	Ya Ya	The Beatles' First	The Beatles Bootleg Recordings 1963	The Beatles: Get Back – The Rooftop Performance	1967–1970	Rubber Soul: Super Deluxe Edition	Singles
comparison-longer-023	Let It Be (1970-05-08)	Singles	Live at the BBC (1994-11-30)	Let It Be: Special Edition	Revolver (1966-08-05)	Anthology 3 (1996-10-28)	Anthology 1 (1995-11-20)	Please Please Me (1963-03-22)	With the Beatles (1963-11-22)	A Hard Day's Night (1964-07-10)	Beatles for Sale (1964-12-04)	Help! (1965-08-06)	Rubber Soul (1965-12-03)	Sgt. Pepper's Lonely Hearts Club Band (1967-05-26)	Magical Mystery Tour (1967-11-27)	The Beatles (White Album) (1968-11-22)	Yellow Submarine (1969-01-13)	Abbey Road (1969-09-26)	Past Masters (1988-03-07)	Anthology 2 (1996-03-18)	On Air – Live at the BBC Volume 2 (2013-11-11)	My Bonnie	Ya Ya	The Beatles' First	The Beatles Bootleg Recordings 1963	The Beatles: Get Back – The Rooftop Performance	1967–1970	Rubber Soul: Super Deluxe Edition
comparison-longer-028	Let It Be (1970-05-08)	The Beatles (White Album) (1968-11-22)	Revolver (1966-08-05)	Live at the BBC (1994-11-30)	Please Please Me (1963-03-22)	With the Beatles (1963-11-22)	A Hard Day's Night (1964-07-10)	Beatles for Sale (1964-12-04)	Help! (1965-08-06)	Rubber Soul (1965-12-03)	Sgt. Pepper's Lonely Hearts Club Band (1967-05-26)	Magical Mystery Tour (1967-11-27)	Yellow Submarine (1969-01-13)	Abbey Road (1969-09-26)	Past Masters (1988-03-07)	Anthology 1 (1995-11-20)	Anthology 2 (1996-03-18)	Anthology 3 (1996-10-28)	On Air – Live at the BBC Volume 2 (2013-11-11)	My Bonnie	Ya Ya	The Beatles' First	The Beatles Bootleg Recordings 1963	Let It Be: Special Edition	The Beatles: Get Back – The Rooftop Performance	1967–1970	Rubber Soul: Super Deluxe Edition	Singles
comparison-longer-039	Magical Mystery Tour (1967-11-27)	Let It Be (1970-05-08)	Abbey Road (1969-09-26)	Yellow Submarine (1969-01-13)	Live at the BBC (1994-11-30)	Anthology 3 (1996-10-28)	Revolver (1966-08-05)	Please Please Me (1963-03-22)	With the Beatles (1963-11-22)	A Hard Day's Night (1964-07-10)	Beatles for Sale (1964-12-04)	Help! (1965-08-06)	Rubber Soul (1965-12-03)	Sgt. Pepper's Lonely Hearts Club Band (1967-05-26)	The Beatles (White Album) (1968-11-22)	Past Masters (1988-03-07)	Anthology 1 (1995-11-20)	Anthology 2 (1996-03-18)	On Air – Live at the BBC Volume 2 (2013-11-11)	My Bonnie	Ya Ya	The Beatles' First	The Beatles Bootleg Recordings 1963	Let It Be: Special Edition	The Beatles: Get Back – The Rooftop Performance	1967–1970	Rubber Soul: Super Deluxe Edition	Singles
comparison-longer-056	Let It Be (1970-05-08)	Abbey Road (1969-09-26)	Revolver (1966-08-05)	The Beatles (White Album) (1968-11-22)	Live at the BBC (1994-11-30)	Please Please Me (1963-03-22)	With the Beatles (1963-11-22)	A Hard Day's Night (1964-07-10)	Beatles for Sale (1964-12-04)	Help! (1965-08-06)	Rubber Soul (1965-12-03)	Sgt. Pepper's Lonely Hearts Club Band (1967-05-26)	Magical Mystery Tour (1967-11-27)	Yellow Submarine (1969-01-13)	Past Masters (1988-03-07)	Anthology 1 (1995-11-20)	Anthology 2 (1996-03-18)	Anthology 3 (1996-10-28)	On Air – Live at the BBC Volume 2 (2013-11-11)	My Bonnie	Ya Ya	The Beatles' First	The Beatles Bootleg Recordings 1963	Let It Be: Special Edition	The Beatles: Get Back – The Rooftop Performance	1967–1970	Rubber Soul: Super Deluxe Edition	Singles
comparison-longer-060	Revolver (1966-08-05)	Yellow Submarine (1969-01-13)	Let It Be (1970-05-08)	Beatles for Sale (1964-12-04)	Singles	Help! (1965-08-06)	Live at the BBC (1994-11-30)	The Beatles Bootleg Recordings 1963	On Air – Live at the BBC Volume 2 (2013-11-11)	Let It Be: Special Edition	A Hard Day's Night (1964-07-10)	Rubber Soul (1965-12-03)	Sgt. Pepper's Lonely Hearts Club Band (1967-05-26)	The Beatles (White Album) (1968-11-22)	Please Please Me (1963-03-22)	With the Beatles (1963-11-22)	Magical Mystery Tour (1967-11-27)	Abbey Road (1969-09-26)	Past Masters (1988-03-07)	Anthology 1 (1995-11-20)	Anthology 2 (1996-03-18)	Anthology 3 (1996-10-28)	My Bonnie	Ya Ya	The Beatles' First	The Beatles: Get Back – The Rooftop Performance	1967–1970	Rubber Soul: Super Deluxe Edition
forward-singer-005	Let It Be: Special Edition	Live at the BBC (1994-11-30)	Yellow Submarine (1969-01-13)	Anthology 3 (1996-10-28)	Anthology 1 (1995-11-20)	Anthology 2 (1996-03-18)	Help! (1965-08-06)	Please Please Me (1963-03-22)	Revolver (1966-08-05)	Singles	Beatles for Sale (1964-12-04)	A Hard Day's Night (1964-07-10)	The Beatles Bootleg Recordings 1963	The Beatles (White Album) (1968-11-22)	Rubber Soul (1965-12-03)	With the Beatles (1963-11-22)	Sgt. Pepper's Lonely Hearts Club Band (1967-05-26)	Abbey Road (1969-09-26)	Past Masters (1988-03-07)	Let It Be (1970-05-08)	Magical Mystery Tour (1967-11-27)	1967–1970	The Beatles' First	On Air – Live at the BBC Volume 2 (2013-11-11)	Rubber Soul: Super Deluxe Edition	My Bonnie	The Beatles: Get Back – The Rooftop Performance	Ya Ya
forward-singer-034	Let It Be: Special Edition	Live at the BBC (1994-11-30)	Please Please Me (1963-03-22)	Yellow Submarine (1969-01-13)	Anthology 3 (1996-10-28)	Anthology 1 (1995-11-20)	Singles	Anthology 2 (1996-03-18)	Revolver (1966-08-05)	The Beatles (White Album) (1968-11-22)	Rubber Soul (1965-12-03)	Help! (1965-08-06)	With the Beatles (1963-11-22)	Sgt. Pepper's Lonely Hearts Club Band (1967-05-26)	Abbey Road (1969-09-26)	Beatles for Sale (1964-12-04)	Past Masters (1988-03-07)	Let It Be (1970-05-08)	Magical Mystery Tour (1967-11-27)	1967–1970	A Hard Day's Night (1964-07-10)	The Beatles Bootleg Recordings 1963	The Beatles' First	On Air – Live at the BBC Volume 2 (2013-11-11)	Rubber Soul: Super Deluxe Edition	My Bonnie	The Beatles: Get Back – The Rooftop Performance	Ya Ya
forward-singer-037	Let It Be: Special Edition	Live at the BBC (1994-11-30)	Yellow Submarine (1969-01-13)	Anthology 3 (1996-10-28)	Anthology 1 (1995-11-20)	Singles	Anthology 2 (1996-03-18)	Revolver (1966-08-05)	The Beatles (White Album) (1968-11-22)	Rubber Soul (1965-12-03)	Help! (1965-08-06)	With the Beatles (1963-11-22)	Sgt. Pepper's Lonely Hearts Club Band (1967-05-26)	Abbey Road (1969-09-26)	Please Please Me (1963-03-22)	Beatles for Sale (1964-12-04)	Past Masters (1988-03-07)	Let It Be (1970-05-08)	Magical Mystery Tour (1967-11-27)	1967–1970	A Hard Day's Night (1964-07-10)	The Beatles Bootleg Recordings 1963	The Beatles' First	On Air – Live at the BBC Volume 2 (2013-11-11)	Rubber Soul: Super Deluxe Edition	My Bonnie	The Beatles: Get Back – The Rooftop Performance	Ya Ya
forward-singer-044	Let It Be: Special Edition	Live at the BBC (1994-11-30)	Yellow Submarine (1969-01-13)	Anthology 3 (1996-10-28)	Anthology 1 (1995-11-20)	Singles	Anthology 2 (1996-03-18)	Revolver (1966-08-05)	The Beatles (White Album) (1968-11-22)	Rubber Soul (1965-12-03)	Help! (1965-08-06)	With the Beatles (1963-11-22)	Sgt. Pepper's Lonely Hearts Club Band (1967-05-26)	Abbey Road (1969-09-26)	Please Please Me (1963-03-22)	Beatles for Sale (1964-12-04)	Past Masters (1988-03-07)	Let It Be (1970-05-08)	Magical Mystery Tour (1967-11-27)	1967–1970	A Hard Day's Night (1964-07-10)	The Beatles Bootleg Recordings 1963	The Beatles' First	On Air – Live at the BBC Volume 2 (2013-11-11)	Rubber Soul: Super Deluxe Edition	My Bonnie	The Beatles: Get Back – The Rooftop Performance	Ya Ya
forward-singer-045	Let It Be: Special Edition	Live at the BBC (1994-11-30)	Anthology 3 (1996-10-28)	Yellow Submarine (1969-01-13)	Revolver (1966-08-05)	Abbey Road (1969-09-26)	Let It Be (1970-05-08)	Singles	Anthology 1 (1995-11-20)	Anthology 2 (1996-03-18)	The Beatles (White Album) (1968-11-22)	Rubber Soul (1965-12-03)	Help! (1965-08-06)	With the Beatles (1963-11-22)	Sgt. Pepper's Lonely Hearts Club Band (1967-05-26)	Please Please Me (1963-03-22)	Beatles for Sale (1964-12-04)	Past Masters (1988-03-07)	Magical Mystery Tour (1967-11-27)	1967–1970	A Hard Day's Night (1964-07-10)	The Beatles Bootleg Recordings 1963	The Beatles' First	On Air – Live at the BBC Volume 2 (2013-11-11)	Rubber Soul: Super Deluxe Edition	My Bonnie	The Beatles: Get Back – The Rooftop Performance	Ya Ya
forward-singer-050	Let It Be: Special Edition	Live at the BBC (1994-11-30)	Please Please Me (1963-03-22)	Yellow Submarine (1969-01-13)	Anthology 3 (1996-10-28)	Anthology 1 (1995-11-20)	Singles	Anthology 2 (1996-03-18)	Revolver (1966-08-05)	The Beatles (White Album) (1968-11-22)	Rubber Soul (1965-12-03)	Help! (1965-08-06)	With the Beatles (1963-11-22)	Sgt. Pepper's Lonely Hearts Club Band (1967-05-26)	Abbey Road (1969-09-26)	Beatles for Sale (1964-12-04)	Past Masters (1988-03-07)	Let It Be (1970-05-08)	Magical Mystery Tour (1967-11-27)	1967–1970	A Hard Day's Night (1964-07-10)	The Beatles Bootleg Recordings 1963	The Beatles' First	On Air – Live at the BBC Volume 2 (2013-11-11)	Rubber Soul: Super Deluxe Edition	My Bonnie	The Beatles: Get Back – The Rooftop Performance	Ya Ya
forward-singer-057	Let It Be: Special Edition	Past Masters (1988-03-07)	Live at the BBC (1994-11-30)	Yellow Submarine (1969-01-13)	Anthology 3 (1996-10-28)	Anthology 1 (1995-11-20)	Singles	Anthology 2 (1996-03-18)	Revolver (1966-08-05)	The Beatles (White Album) (1968-11-22)	Rubber Soul (1965-12-03)	Help! (1965-08-06)	With the Beatles (1963-11-22)	Sgt. Pepper's Lonely Hearts Club Band (1967-05-26)	Abbey Road (1969-09-26)	Please Please Me (1963-03-22)	Beatles for Sale (1964-12-04)	Let It Be (1970-05-08)	Magical Mystery Tour (1967-11-27)	1967–1970	A Hard Day's Night (1964-07-10)	The Beatles Bootleg Recordings 1963	The Beatles' First	On Air – Live at the BBC Volume 2 (2013-11-11)	Rubber Soul: Super Deluxe Edition	My Bonnie	The Beatles: Get Back – The Rooftop Performance	Ya Ya
forward-album-010	Singles	Magical Mystery Tour (1967-11-27)	Revolver (1966-08-05)	The Beatles' First	Yellow Submarine (1969-01-13)	The Beatles (White Album) (1968-11-22)	With the Beatles (1963-11-22)	Let It Be: Special Edition	Live at the BBC (1994-11-30)	Please Please Me (1963-03-22)	A Hard Day's Night (1964-07-10)	Beatles for Sale (1964-12-04)	Help! (1965-08-06)	Rubber Soul (1965-12-03)	Sgt. Pepper's Lonely Hearts Club Band (1967-05-26)	Abbey Road (1969-09-26)	Let It Be (1970-05-08)	Past Masters (1988-03-07)	Anthology 1 (1995-11-20)	Anthology 2 (1996-03-18)	Anthology 3 (1996-10-28)	On Air – Live at the BBC Volume 2 (2013-11-11)	My Bonnie	Ya Ya	The Beatles Bootleg Recordings 1963	The Beatles: Get Back – The Rooftop Performance	1967–1970	Rubber Soul: Super Deluxe Edition
forward-album-012	Singles	A Hard Day's Night (1964-07-10)	Let It Be: Special Edition	Rubber Soul: Super Deluxe Edition	Let It Be (1970-05-08)	Rubber Soul (1965-12-03)	Abbey Road (1969-09-26)	The Beatles (White Album) (1968-11-22)	The Beatles' First	Yellow Submarine (1969-01-13)	With the Beatles (1963-11-22)	Live at the BBC (1994-11-30)	Help! (1965-08-06)	Revolver (1966-08-05)	Sgt. Pepper's Lonely Hearts Club Band (1967-05-26)	Anthology 1 (1995-11-20)	Please Please Me (1963-03-22)	Beatles for Sale (1964-12-04)	Magical Mystery Tour (1967-11-27)	Past Masters (1988-03-07)	Anthology 2 (1996-03-18)	Anthology 3 (1996-10-28)	On Air – Live at the BBC Volume 2 (2013-11-11)	My Bonnie	Ya Ya	The Beatles Bootleg Recordings 1963	The Beatles: Get Back – The Rooftop Performance	1967–1970
forward-album-018	Singles	With the Beatles (1963-11-22)	Abbey Road (1969-09-26)	Beatles for Sale (1964-12-04)	Please Please Me (1963-03-22)	The Beatles (White Album) (1968-11-22)	The Beatles' First	Yellow Submarine (1969-01-13)	Let It Be: Special Edition	Let It Be (1970-05-08)	Sgt. Pepper's Lonely Hearts Club Band (1967-05-26)	Live at the BBC (1994-11-30)	A Hard Day's Night (1964-07-10)	Help! (1965-08-06)	Rubber Soul (1965-12-03)	Revolver (1966-08-05)	Magical Mystery Tour (1967-11-27)	Past Masters (1988-03-07)	Anthology 1 (1995-11-20)	Anthology 2 (1996-03-18)	Anthology 3 (1996-10-28)	On Air – Live at the BBC Volume 2 (2013-11-11)	My Bonnie	Ya Ya	The Beatles Bootleg Recordings 1963	The Beatles: Get Back – The Rooftop Performance	1967–1970	Rubber Soul: Super Deluxe Edition
forward-album-027	Singles	Rubber Soul: Super Deluxe Edition	The Beatles (White Album) (1968-11-22)	Rubber Soul (1965-12-03)	The Beatles' First	Yellow Submarine (1969-01-13)	With the Beatles (1963-11-22)	Beatles for Sale (1964-12-04)	Let It Be: Special Edition	Live at the BBC (1994-11-30)	Please Please Me (1963-03-22)	A Hard Day's Night (1964-07-10)	Help! (1965-08-06)	Revolver (1966-08-05)	Sgt. Pepper's Lonely Hearts Club Band (1967-05-26)	Magical Mystery Tour (1967-11-27)	Abbey Road (1969-09-26)	Let It Be (1970-05-08)	Past Masters (1988-03-07)	Anthology 1 (1995-11-20)	Anthology 2 (1996-03-18)	Anthology 3 (1996-10-28)	On Air – Live at the BBC Volume 2 (2013-11-11)	My Bonnie	Ya Ya	The Beatles Bootleg Recordings 1963	The Beatles: Get Back – The Rooftop Performance	1967–1970
forward-album-034	Sgt. Pepper's Lonely Hearts Club Band (1967-05-26)	Singles	Help! (1965-08-06)	On Air – Live at the BBC Volume 2 (2013-11-11)	The Beatles' First	Yellow Submarine (1969-01-13)	A Hard Day's Night (1964-07-10)	Revolver (1966-08-05)	With the Beatles (1963-11-22)	Let It Be: Special Edition	The Beatles (White Album) (1968-11-22)	Live at the BBC (1994-11-30)	Please Please Me (1963-03-22)	Beatles for Sale (1964-12-04)	Rubber Soul (1965-12-03)	Magical Mystery Tour (1967-11-27)	Abbey Road (1969-09-26)	Let It Be (1970-05-08)	Past Masters (1988-03-07)	Anthology 1 (1995-11-20)	Anthology 2 (1996-03-18)	Anthology 3 (1996-10-28)	My Bonnie	Ya Ya	The Beatles Bootleg Recordings 1963	The Beatles: Get Back – The Rooftop Performance	1967–1970	Rubber Soul: Super Deluxe Edition
forward-album-041	Singles	Help! (1965-08-06)	With the Beatles (1963-11-22)	Please Please Me (1963-03-22)	Abbey Road (1969-09-26)	The Beatles' First	Yellow Submarine (1969-01-13)	Beatles for Sale (1964-12-04)	Let It Be: Special Edition	The Beatles (White Album) (1968-11-22)	Sgt. Pepper's Lonely Hearts Club Band (1967-05-26)	Let It Be (1970-05-08)	Live at the BBC (1994-11-30)	A Hard Day's Night (1964-07-10)	Rubber Soul (1965-12-03)	Revolver (1966-08-05)	Magical Mystery Tour (1967-11-27)	Past Masters (1988-03-07)	Anthology 1 (1995-11-20)	Anthology 2 (1996-03-18)	Anthology 3 (1996-10-28)	On Air – Live at the BBC Volume 2 (2013-11-11)	My Bonnie	Ya Ya	The Beatles Bootleg Recordings 1963	The Beatles: Get Back – The Rooftop Performance	1967–1970	Rubber Soul: Super Deluxe Edition
forward-album-044	Sgt. Pepper's Lonely Hearts Club Band (1967-05-26)	Singles	Magical Mystery Tour (1967-11-27)	A Hard Day's Night (1964-07-10)	Please Please Me (1963-03-22)	With the Beatles (1963-11-22)	On Air – Live at the BBC Volume 2 (2013-11-11)	The Beatles' First	Help! (1965-08-06)	Yellow Submarine (1969-01-13)	Let It Be: Special Edition	Revolver (1966-08-05)	The Beatles (White Album) (1968-11-22)	Live at the BBC (1994-11-30)	Anthology 1 (1995-11-20)	The Beatles Bootleg Recordings 1963	Anthology 2 (1996-03-18)	Anthology 3 (1996-10-28)	Beatles for Sale (1964-12-04)	Rubber Soul (1965-12-03)	Abbey Road (1969-09-26)	Let It Be (1970-05-08)	Past Masters (1988-03-07)	My Bonnie	Ya Ya	The Beatles: Get Back – The Rooftop Performance	1967–1970	Rubber Soul: Super Deluxe Edition
forward-album-049	Singles	Rubber Soul: Super Deluxe Edition	The Beatles (White Album) (1968-11-22)	Rubber Soul (1965-12-03)	With the Beatles (1963-11-22)	Live at the BBC (1994-11-30)	The Beatles' First	Yellow Submarine (1969-01-13)	Revolver (1966-08-05)	Let It Be: Special Edition	Anthology 1 (1995-11-20)	On Air – Live at the BBC Volume 2 (2013-11-11)	Abbey Road (1969-09-26)	Please Please Me (1963-03-22)	A Hard Day's Night (1964-07-10)	Past Masters (1988-03-07)	Anthology 3 (1996-10-28)	Help! (1965-08-06)	Sgt. Pepper's Lonely Hearts Club Band (1967-05-26)	Beatles for Sale (1964-12-04)	Magical Mystery Tour (1967-11-27)	Let It Be (1970-05-08)	Anthology 2 (1996-03-18)	My Bonnie	Ya Ya	The Beatles Bootleg Recordings 1963	The Beatles: Get Back – The Rooftop Performance	1967–1970
forward-album-051	Singles	Rubber Soul: Super Deluxe Edition	Please Please Me (1963-03-22)	With the Beatles (1963-11-22)	Rubber Soul (1965-12-03)	Abbey Road (1969-09-26)	The Beatles (White Album) (1968-11-22)	The Beatles' First	Yellow Submarine (1969-01-13)	Let It Be: Special Edition	Live at the BBC (1994-11-30)	Let It Be (1970-05-08)	A Hard Day's Night (1964-07-10)	Beatles for Sale (1964-12-04)	Help! (1965-08-06)	Revolver (1966-08-05)	Sgt. Pepper's Lonely Hearts Club Band (1967-05-26)	Magical Mystery Tour (1967-11-27)	Past Masters (1988-03-07)	Anthology 1 (1995-11-20)	Anthology 2 (1996-03-18)	Anthology 3 (1996-10-28)	On Air – Live at the BBC Volume 2 (2013-11-11)	My Bonnie	Ya Ya	The Beatles Bootleg Recordings 1963	The Beatles: Get Back – The Rooftop Performance	1967–1970
forward-songwriter-001	Let It Be: Special Edition	Live at the BBC (1994-11-30)	Abbey Road (1969-09-26)	Yellow Submarine (1969-01-13)	Beatles for Sale (1964-12-04)	Please Please Me (1963-03-22)	Anthology 3 (1996-10-28)	Anthology 1 (1995-11-20)	Singles	Anthology 2 (1996-03-18)	Revolver (1966-08-05)	The Beatles (White Album) (1968-11-22)	Rubber Soul (1965-12-03)	Help! (1965-08-06)	With the Beatles (1963-11-22)	Sgt. Pepper's Lonely Hearts Club Band (1967-05-26)	Past Masters (1988-03-07)	Let It Be (1970-05-08)	Magical Mystery Tour (1967-11-27)	1967–1970	A Hard Day's Night (1964-07-10)	The Beatles Bootleg Recordings 1963	The Beatles' First	On Air – Live at the BBC Volume 2 (2013-11-11)	Rubber Soul: Super Deluxe Edition	My Bonnie	Ya Ya	The Beatles: Get Back – The Rooftop Performance
forward-songwriter-007	Let It Be: Special Edition	Live at the BBC (1994-11-30)	Yellow Submarine (1969-01-13)	Singles	Anthology 3 (1996-10-28)	Anthology 1 (1995-11-20)	Anthology 2 (1996-03-18)	Revolver (1966-08-05)	The Beatles (White Album) (1968-11-22)	Rubber Soul (1965-12-03)	Help! (1965-08-06)	With the Beatles (1963-11-22)	Sgt. Pepper's Lonely Hearts Club Band (1967-05-26)	Abbey Road (1969-09-26)	Please Please Me (1963-03-22)	Beatles for Sale (1964-12-04)	Past Masters (1988-03-07)	Let It Be (1970-05-08)	Magical Mystery Tour (1967-11-27)	1967–1970	A Hard Day's Night (1964-07-10)	The Beatles Bootleg Recordings 1963	The Beatles' First	On Air – Live at the BBC Volume 2 (2013-11-11)	Rubber Soul: Super Deluxe Edition	My Bonnie	Ya Ya	The Beatles: Get Back – The Rooftop Performance
forward-songwriter-016	Let It Be: Special Edition	Live at the BBC (1994-11-30)	Yellow Submarine (1969-01-13)	The Beatles (White Album) (1968-11-22)	Anthology 3 (1996-10-28)	Anthology 1 (1995-11-20)	Singles	Anthology 2 (1996-03-18)	Revolver (1966-08-05)	Rubber Soul (1965-12-03)	Help! (1965-08-06)	With the Beatles (1963-11-22)	Sgt. Pepper's Lonely Hearts Club Band (1967-05-26)	Abbey Road (1969-09-26)	Please Please Me (1963-03-22)	Beatles for Sale (1964-12-04)	Past Masters (1988-03-07)	Let It Be (1970-05-08)	Magical Mystery Tour (1967-11-27)	1967–1970	A Hard Day's Night (1964-07-10)	The Beatles Bootleg Recordings 1963	The Beatles' First	On Air – Live at the BBC Volume 2 (2013-11-11)	Rubber Soul: Super Deluxe Edition	My Bonnie	Ya Ya	The Beatles: Get Back – The Rooftop Performance
forward-songwriter-017	Yellow Submarine (1969-01-13)	Let It Be: Special Edition	Live at the BBC (1994-11-30)	Revolver (1966-08-05)	Help! (1965-08-06)	Anthology 3 (1996-10-28)	Anthology 1 (1995-11-20)	Singles	Anthology 2 (1996-03-18)	The Beatles (White Album) (1968-11-22)	Rubber Soul (1965-12-03)	With the Beatles (1963-11-22)	Sgt. Pepper's Lonely Hearts Club Band (1967-05-26)	Abbey Road (1969-09-26)	Please Please Me (1963-03-22)	Beatles for Sale (1964-12-04)	Past Masters (1988-03-07)	Let It Be (1970-05-08)	Magical Mystery Tour (1967-11-27)	1967–1970	A Hard Day's Night (1964-07-10)	The Beatles Bootleg Recordings 1963	The Beatles' First	On Air – Live at the BBC Volume 2 (2013-11-11)	Rubber Soul: Super Deluxe Edition	My Bonnie	Ya Ya	The Beatles: Get Back – The Rooftop Performance
forward-songwriter-018	Let It Be: Special Edition	Live at the BBC (1994-11-30)	Yellow Submarine (1969-01-13)	Anthology 3 (1996-10-28)	Anthology 1 (1995-11-20)	Anthology 2 (1996-03-18)	Help! (1965-08-06)	Please Please Me (1963-03-22)	Revolver (1966-08-05)	Singles	Beatles for Sale (1964-12-04)	A Hard Day's Night (1964-07-10)	The Beatles Bootleg Recordings 1963	The Beatles (White Album) (1968-11-22)	Rubber Soul (1965-12-03)	With the Beatles (1963-11-22)	Sgt. Pepper's Lonely Hearts Club Band (1967-05-26)	Abbey Road (1969-09-26)	Past Masters (1988-03-07)	Let It Be (1970-05-08)	Magical Mystery Tour (1967-11-27)	1967–1970	The Beatles' First	On Air – Live at the BBC Volume 2 (2013-11-11)	Rubber Soul: Super Deluxe Edition	My Bonnie	Ya Ya	The Beatles: Get Back – The Rooftop Performance
forward-songwriter-020	Let It Be: Special Edition	Anthology 3 (1996-10-28)	Live at the BBC (1994-11-30)	Yellow Submarine (1969-01-13)	Magical Mystery Tour (1967-11-27)	Let It Be (1970-05-08)	Anthology 1 (1995-11-20)	The Beatles (White Album) (1968-11-22)	Singles	Anthology 2 (1996-03-18)	Revolver (1966-08-05)	Rubber Soul (1965-12-03)	Help! (1965-08-06)	With the Beatles (1963-11-22)	Sgt. Pepper's Lonely Hearts Club Band (1967-05-26)	Abbey Road (1969-09-26)	Please Please Me (1963-03-22)	Beatles for Sale (1964-12-04)	Past Masters (1988-03-07)	1967–1970	A Hard Day's Night (1964-07-10)	The Beatles Bootleg Recordings 1963	The Beatles' First	On Air – Live at the BBC Volume 2 (2013-11-11)	Rubber Soul: Super Deluxe Edition	My Bonnie	Ya Ya	The Beatles: Get Back – The Rooftop Performance
forward-songwriter-025	Let It Be: Special Edition	Revolver (1966-08-05)	Live at the BBC (1994-11-30)	Yellow Submarine (1969-01-13)	Anthology 3 (1996-10-28)	Anthology 1 (1995-11-20)	Singles	Anthology 2 (1996-03-18)	The Beatles (White Album) (1968-11-22)	Rubber Soul (1965-12-03)	Help! (1965-08-06)	With the Beatles (1963-11-22)	Sgt. Pepper's Lonely Hearts Club Band (1967-05-26)	Abbey Road (1969-09-26)	Please Please Me (1963-03-22)	Beatles for Sale (1964-12-04)	Past Masters (1988-03-07)	Let It Be (1970-05-08)	Magical Mystery Tour (1967-11-27)	1967–1970	A Hard Day's Night (1964-07-10)	The Beatles Bootleg Recordings 1963	The Beatles' First	On Air – Live at the BBC Volume 2 (2013-11-11)	Rubber Soul: Super Deluxe Edition	My Bonnie	Ya Ya	The Beatles: Get Back – The Rooftop Performance
forward-songwriter-035	Let It Be: Special Edition	Live at the BBC (1994-11-30)	Yellow Submarine (1969-01-13)	Anthology 3 (1996-10-28)	Anthology 1 (1995-11-20)	Singles	Anthology 2 (1996-03-18)	Revolver (1966-08-05)	The Beatles (White Album) (1968-11-22)	Rubber Soul (1965-12-03)	Help! (1965-08-06)	With the Beatles (1963-11-22)	Sgt. Pepper's Lonely Hearts Club Band (1967-05-26)	Abbey Road (1969-09-26)	Please Please Me (1963-03-22)	Beatles for Sale (1964-12-04)	Past Masters (1988-03-07)	Let It Be (1970-05-08)	Magical Mystery Tour (1967-11-27)	1967–1970	A Hard Day's Night (1964-07-10)	The Beatles Bootleg Recordings 1963	The Beatles' First	On Air – Live at the BBC Volume 2 (2013-11-11)	Rubber Soul: Super Deluxe Edition	My Bonnie	Ya Ya	The Beatles: Get Back – The Rooftop Performance
forward-songwriter-046	Let It Be: Special Edition	With the Beatles (1963-11-22)	Live at the BBC (1994-11-30)	Yellow Submarine (1969-01-13)	Anthology 3 (1996-10-28)	Anthology 1 (1995-11-20)	Singles	Anthology 2 (1996-03-18)	Revolver (1966-08-05)	The Beatles (White Album) (1968-11-22)	Rubber Soul (1965-12-03)	Help! (1965-08-06)	Sgt. Pepper's Lonely Hearts Club Band (1967-05-26)	Abbey Road (1969-09-26)	Please Please Me (1963-03-22)	Beatles for Sale (1964-12-04)	Past Masters (1988-03-07)	Let It Be (1970-05-08)	Magical Mystery Tour (1967-11-27)	1967–1970	A Hard Day's Night (1964-07-10)	The Beatles Bootleg Recordings 1963	The Beatles' First	On Air – Live at the BBC Volume 2 (2013-11-11)	Rubber Soul: Super Deluxe Edition	My Bonnie	Ya Ya	The Beatles: Get Back – The Rooftop Performance
forward-songwriter-047	Yellow Submarine (1969-01-13)	Let It Be: Special Edition	Live at the BBC (1994-11-30)	Help! (1965-08-06)	The Beatles (White Album) (1968-11-22)	Anthology 3 (1996-10-28)	Anthology 1 (1995-11-20)	Singles	Anthology 2 (1996-03-18)	Revolver (1966-08-05)	Rubber Soul (1965-12-03)	With the Beatles (1963-11-22)	Sgt. Pepper's Lonely Hearts Club Band (1967-05-26)	Abbey Road (1969-09-26)	Please Please Me (1963-03-22)	Beatles for Sale (1964-12-04)	Past Masters (1988-03-07)	Let It Be (1970-05-08)	Magical Mystery Tour (1967-11-27)	1967–1970	A Hard Day's Night (1964-07-10)	The Beatles Bootleg Recordings 1963	The Beatles' First	On Air – Live at the BBC Volume 2 (2013-11-11)	Rubber Soul: Super Deluxe Edition	My Bonnie	Ya Ya	The Beatles: Get Back – The Rooftop Performance
forward-year-004	Singles	Revolver (1966-08-05)	Sgt. Pepper's Lonely Hearts Club Band (1967-05-26)	Please Please Me (1963-03-22)	Yellow Submarine (1969-01-13)	With the Beatles (1963-11-22)	1967–1970	The Beatles' First	The Beatles (White Album) (1968-11-22)	Let It Be (1970-05-08)	A Hard Day's Night (1964-07-10)	Past Masters (1988-03-07)	Abbey Road (1969-09-26)	Rubber Soul (1965-12-03)	Help! (1965-08-06)	Magical Mystery Tour (1967-11-27)	Ya Ya	Beatles for Sale (1964-12-04)	The Beatles Bootleg Recordings 1963	Let It Be: Special Edition	My Bonnie	Anthology 1 (1995-11-20)	Live at the BBC (1994-11-30)	Anthology 3 (1996-10-28)	Anthology 2 (1996-03-18)	On Air – Live at the BBC Volume 2 (2013-11-11)	The Beatles: Get Back – The Rooftop Performance	Rubber Soul: Super Deluxe Edition
forward-year-014	Singles	Yellow Submarine (1969-01-13)	Revolver (1966-08-05)	Please Please Me (1963-03-22)	With the Beatles (1963-11-22)	1967–1970	The Beatles' First	Let It Be (1970-05-08)	Help! (1965-08-06)	Past Masters (1988-03-07)	The Beatles (White Album) (1968-11-22)	Abbey Road (1969-09-26)	Rubber Soul (1965-12-03)	Sgt. Pepper's Lonely Hearts Club Band (1967-05-26)	Magical Mystery Tour (1967-11-27)	Ya Ya	A Hard Day's Night (1964-07-10)	Beatles for Sale (1964-12-04)	The Beatles Bootleg Recordings 1963	Let It Be: Special Edition	My Bonnie	Live at the BBC (1994-11-30)	Anthology 1 (1995-11-20)	Anthology 3 (1996-10-28)	Anthology 2 (1996-03-18)	On Air – Live at the BBC Volume 2 (2013-11-11)	The Beatles: Get Back – The Rooftop Performance	Rubber Soul: Super Deluxe Edition
forward-year-017	Singles	Please Please Me (1963-03-22)	Yellow Submarine (1969-01-13)	Rubber Soul (1965-12-03)	With the Beatles (1963-11-22)	1967–1970	The Beatles' First	Let It Be (1970-05-08)	Past Masters (1988-03-07)	Revolver (1966-08-05)	The Beatles (White Album) (1968-11-22)	Abbey Road (1969-09-26)	Help! (1965-08-06)	Sgt. Pepper's Lonely Hearts Club Band (1967-05-26)	Magical Mystery Tour (1967-11-27)	Ya Ya	A Hard Day's Night (1964-07-10)	Beatles for Sale (1964-12-04)	The Beatles Bootleg Recordings 1963	Let It Be: Special Edition	My Bonnie	Live at the BBC (1994-11-30)	Anthology 1 (1995-11-20)	Anthology 3 (1996-10-28)	Anthology 2 (1996-03-18)	On Air – Live at the BBC Volume 2 (2013-11-11)	The Beatles: Get Back – The Rooftop Performance	Rubber Soul: Super Deluxe Edition
forward-year-019	Singles	Revolver (1966-08-05)	Please Please Me (1963-03-22)	Yellow Submarine (1969-01-13)	With the Beatles (1963-11-22)	1967–1970	The Beatles' First	Let It Be (1970-05-08)	Abbey Road (1969-09-26)	Past Masters (1988-03-07)	The Beatles (White Album) (1968-11-22)	Rubber Soul (1965-12-03)	Help! (1965-08-06)	Sgt. Pepper's Lonely Hearts Club Band (1967-05-26)	Magical Mystery Tour (1967-11-27)	Ya Ya	A Hard Day's Night (1964-07-10)	Beatles for Sale (1964-12-04)	The Beatles Bootleg Recordings 1963	Let It Be: Special Edition	My Bonnie	Live at the BBC (1994-11-30)	Anthology 1 (1995-11-20)	Anthology 3 (1996-10-28)	Anthology 2 (1996-03-18)	On Air – Live at the BBC Volume 2 (2013-11-11)	The Beatles: Get Back – The Rooftop Performance	Rubber Soul: Super Deluxe Edition
forward-year-022	Singles	Please Please Me (1963-03-22)	Yellow Submarine (1969-01-13)	Help! (1965-08-06)	With the Beatles (1963-11-22)	1967–1970	The Beatles' First	Let It Be (1970-05-08)	Past Masters (1988-03-07)	Revolver (1966-08-05)	The Beatles (White Album) (1968-11-22)	Abbey Road (1969-09-26)	Rubber Soul (1965-12-03)	Sgt. Pepper's Lonely Hearts Club Band (1967-05-26)	Magical Mystery Tour (1967-11-27)	Ya Ya	A Hard Day's Night (1964-07-10)	Beatles for Sale (1964-12-04)	The Beatles Bootleg Recordings 1963	Let It Be: Special Edition	My Bonnie	Live at the BBC (1994-11-30)	Anthology 1 (1995-11-20)	Anthology 3 (1996-10-28)	Anthology 2 (1996-03-18)	On Air – Live at the BBC Volume 2 (2013-11-11)	The Beatles: Get Back – The Rooftop Performance	Rubber Soul: Super Deluxe Edition
forward-year-030	Singles	Abbey Road (1969-09-26)	Please Please Me (1963-03-22)	Yellow Submarine (1969-01-13)	With the Beatles (1963-11-22)	1967–1970	The Beatles' First	Let It Be (1970-05-08)	Past Masters (1988-03-07)	Revolver (1966-08-05)	The Beatles (White Album) (1968-11-22)	Rubber Soul (1965-12-03)	Help! (1965-08-06)	Sgt. Pepper's Lonely Hearts Club Band (1967-05-26)	Magical Mystery Tour (1967-11-27)	Ya Ya	A Hard Day's Night (1964-07-10)	Beatles for Sale (1964-12-04)	The Beatles Bootleg Recordings 1963	Let It Be: Special Edition	My Bonnie	Live at the BBC (1994-11-30)	Anthology 1 (1995-11-20)	Anthology 3 (1996-10-28)	Anthology 2 (1996-03-18)	On Air – Live at the BBC Volume 2 (2013-11-11)	The Beatles: Get Back – The Rooftop Performance	Rubber Soul: Super Deluxe Edition
forward-year-032	Singles	The Beatles (White Album) (1968-11-22)	Please Please Me (1963-03-22)	Yellow Submarine (1969-01-13)	With the Beatles (1963-11-22)	1967–1970	The Beatles' First	Let It Be (1970-05-08)	Past Masters (1988-03-07)	Revolver (1966-08-05)	Abbey Road (1969-09-26)	Rubber Soul (1965-12-03)	Help! (1965-08-06)	Sgt. Pepper's Lonely Hearts Club Band (1967-05-26)	Magical Mystery Tour (1967-11-27)	Ya Ya	A Hard Day's Night (1964-07-10)	Beatles for Sale (1964-12-04)	The Beatles Bootleg Recordings 1963	Let It Be: Special Edition	My Bonnie	Live at the BBC (1994-11-30)	Anthology 1 (1995-11-20)	Anthology 3 (1996-10-28)	Anthology 2 (1996-03-18)	On Air – Live at the BBC Volume 2 (2013-11-11)	The Beatles: Get Back – The Rooftop Performance	Rubber Soul: Super Deluxe Edition
forward-year-039	Singles	Past Masters (1988-03-07)	Please Please Me (1963-03-22)	Yellow Submarine (1969-01-13)	With the Beatles (1963-11-22)	1967–1970	The Beatles' First	Let It Be (1970-05-08)	Revolver (1966-08-05)	The Beatles (White Album) (1968-11-22)	Let It Be: Special Edition	Rubber Soul (1965-12-03)	Sgt. Pepper's Lonely Hearts Club Band (1967-05-26)	The Beatles Bootleg Recordings 1963	A Hard Day's Night (1964-07-10)	Abbey Road (1969-09-26)	Help! (1965-08-06)	Beatles for Sale (1964-12-04)	Magical Mystery Tour (1967-11-27)	Ya Ya	Live at the BBC (1994-11-30)	My Bonnie	On Air – Live at the BBC Volume 2 (2013-11-11)	Anthology 1 (1995-11-20)	Anthology 3 (1996-10-28)	Anthology 2 (1996-03-18)	The Beatles: Get Back – The Rooftop Performance	Rubber Soul: Super Deluxe Edition
forward-year-058	Singles	The Beatles (White Album) (1968-11-22)	Please Please Me (1963-03-22)	Yellow Submarine (1969-01-13)	With the Beatles (1963-11-22)	1967–1970	The Beatles' First	Let It Be (1970-05-08)	Past Masters (1988-03-07)	Revolver (1966-08-05)	Abbey Road (1969-09-26)	Rubber Soul (1965-12-03)	Help! (1965-08-06)	Sgt. Pepper's Lonely Hearts Club Band (1967-05-26)	Magical Mystery Tour (1967-11-27)	Ya Ya	A Hard Day's Night (1964-07-10)	Beatles for Sale (1964-12-04)	The Beatles Bootleg Recordings 1963	Let It Be: Special Edition	My Bonnie	Live at the BBC (1994-11-30)	Anthology 1 (1995-11-20)	Anthology 3 (1996-10-28)	Anthology 2 (1996-03-18)	On Air – Live at the BBC Volume 2 (2013-11-11)	The Beatles: Get Back – The Rooftop Performance	Rubber Soul: Super Deluxe Edition
forward-year-059	Singles	Help! (1965-08-06)	Please Please Me (1963-03-22)	Yellow Submarine (1969-01-13)	With the Beatles (1963-11-22)	1967–1970	The Beatles' First	Let It Be (1970-05-08)	Past Masters (1988-03-07)	Revolver (1966-08-05)	The Beatles (White Album) (1968-11-22)	Abbey Road (1969-09-26)	Rubber Soul (1965-12-03)	Sgt. Pepper's Lonely Hearts Club Band (1967-05-26)	Magical Mystery Tour (1967-11-27)	Ya Ya	A Hard Day's Night (1964-07-10)	Beatles for Sale (1964-12-04)	The Beatles Bootleg Recordings 1963	Let It Be: Special Edition	My Bonnie	Live at the BBC (1994-11-30)	Anthology 1 (1995-11-20)	Anthology 3 (1996-10-28)	Anthology 2 (1996-03-18)	On Air – Live at the BBC Volume 2 (2013-11-11)	The Beatles: Get Back – The Rooftop Performance	Rubber Soul: Super Deluxe Edition
lead-set-ringo-004	Let It Be: Special Edition	Beatles for Sale (1964-12-04)	Revolver (1966-08-05)	Yellow Submarine (1969-01-13)	Live at the BBC (1994-11-30)	The Beatles' First	Please Please Me (1963-03-22)	The Beatles (White Album) (1968-11-22)	Singles	Anthology 2 (1996-03-18)	Past Masters (1988-03-07)	Rubber Soul (1965-12-03)	Help! (1965-08-06)	With the Beatles (1963-11-22)	Sgt. Pepper's Lonely Hearts Club Band (1967-05-26)	Abbey Road (1969-09-26)	Anthology 1 (1995-11-20)	A Hard Day's Night (1964-07-10)	Let It Be (1970-05-08)	Anthology 3 (1996-10-28)	Magical Mystery Tour (1967-11-27)	On Air – Live at the BBC Volume 2 (2013-11-11)	The Beatles Bootleg Recordings 1963	My Bonnie	The Beatles: Get Back – The Rooftop Performance	1967–1970	Rubber Soul: Super Deluxe Edition	Ya Ya
lead-set-george-006	Yellow Submarine (1969-01-13)	Revolver (1966-08-05)	Let It Be: Special Edition	The Beatles (White Album) (1968-11-22)	Please Please Me (1963-03-22)	Beatles for Sale (1964-12-04)	Live at the BBC (1994-11-30)	Let It Be (1970-05-08)	Anthology 1 (1995-11-20)	Anthology 3 (1996-10-28)	Magical Mystery Tour (1967-11-27)	Rubber Soul (1965-12-03)	Help! (1965-08-06)	With the Beatles (1963-11-22)	1967–1970	Abbey Road (1969-09-26)	Sgt. Pepper's Lonely Hearts Club Band (1967-05-26)	Singles	The Beatles' First	Anthology 2 (1996-03-18)	A Hard Day's Night (1964-07-10)	Past Masters (1988-03-07)	On Air – Live at the BBC Volume 2 (2013-11-11)	The Beatles Bootleg Recordings 1963	My Bonnie	The Beatles: Get Back – The Rooftop Performance	Rubber Soul: Super Deluxe Edition	Ya Ya
lead-set-ringo-006	Let It Be: Special Edition	Revolver (1966-08-05)	Yellow Submarine (1969-01-13)	Please Please Me (1963-03-22)	Beatles for Sale (1964-12-04)	The Beatles (White Album) (1968-11-22)	Live at the BBC (1994-11-30)	Anthology 2 (1996-03-18)	Past Masters (1988-03-07)	Rubber Soul (1965-12-03)	Help! (1965-08-06)	With the Beatles (1963-11-22)	Sgt. Pepper's Lonely Hearts Club Band (1967-05-26)	Abbey Road (1969-09-26)	Anthology 1 (1995-11-20)	Singles	A Hard Day's Night (1964-07-10)	Let It Be (1970-05-08)	Anthology 3 (1996-10-28)	The Beatles' First	Magical Mystery Tour (1967-11-27)	On Air – Live at the BBC Volume 2 (2013-11-11)	The Beatles Bootleg Recordings 1963	My Bonnie	The Beatles: Get Back – The Rooftop Performance	1967–1970	Rubber Soul: Super Deluxe Edition	Ya Ya
lead-set-john-007	Revolver (1966-08-05)	Let It Be: Special Edition	Live at the BBC (1994-11-30)	Yellow Submarine (1969-01-13)	Let It Be (1970-05-08)	Anthology 3 (1996-10-28)	Anthology 1 (1995-11-20)	Singles	A Hard Day's Night (1964-07-10)	Rubber Soul (1965-12-03)	The Beatles (White Album) (1968-11-22)	Abbey Road (1969-09-26)	Sgt. Pepper's Lonely Hearts Club Band (1967-05-26)	Beatles for Sale (1964-12-04)	Help! (1965-08-06)	Please Please Me (1963-03-22)	With the Beatles (1963-11-22)	The Beatles Bootleg Recordings 1963	Magical Mystery Tour (1967-11-27)	Anthology 2 (1996-03-18)	Past Masters (1988-03-07)	1967–1970	Rubber Soul: Super Deluxe Edition	The Beatles' First	On Air – Live at the BBC Volume 2 (2013-11-11)	My Bonnie	The Beatles: Get Back – The Rooftop Performance	Ya Ya
lead-set-george-007	Revolver (1966-08-05)	Yellow Submarine (1969-01-13)	Let It Be: Special Edition	Live at the BBC (1994-11-30)	Let It Be (1970-05-08)	Anthology 1 (1995-11-20)	Anthology 3 (1996-10-28)	The Beatles (White Album) (1968-11-22)	Magical Mystery Tour (1967-11-27)	Rubber Soul (1965-12-03)	Help! (1965-08-06)	With the Beatles (1963-11-22)	1967–1970	Abbey Road (1969-09-26)	Sgt. Pepper's Lonely Hearts Club Band (1967-05-26)	Singles	The Beatles' First	Anthology 2 (1996-03-18)	Please Please Me (1963-03-22)	A Hard Day's Night (1964-07-10)	Beatles for Sale (1964-12-04)	Past Masters (1988-03-07)	On Air – Live at the BBC Volume 2 (2013-11-11)	The Beatles Bootleg Recordings 1963	My Bonnie	The Beatles: Get Back – The Rooftop Performance	Rubber Soul: Super Deluxe Edition	Ya Ya
lead-set-john-008	On Air – Live at the BBC Volume 2 (2013-11-11)	Let It Be: Special Edition	Revolver (1966-08-05)	Yellow Submarine (1969-01-13)	Live at the BBC (1994-11-30)	Anthology 3 (1996-10-28)	The Beatles Bootleg Recordings 1963	Singles	Anthology 1 (1995-11-20)	A Hard Day's Night (1964-07-10)	Rubber Soul (1965-12-03)	Sgt. Pepper's Lonely Hearts Club Band (1967-05-26)	Beatles for Sale (1964-12-04)	The Beatles (White Album) (1968-11-22)	Let It Be (1970-05-08)	Abbey Road (1969-09-26)	Help! (1965-08-06)	Please Please Me (1963-03-22)	With the Beatles (1963-11-22)	Magical Mystery Tour (1967-11-27)	Anthology 2 (1996-03-18)	Past Masters (1988-03-07)	1967–1970	Rubber Soul: Super Deluxe Edition	The Beatles' First	My Bonnie	The Beatles: Get Back – The Rooftop Performance	Ya Ya
lead-set-paul-009	Revolver (1966-08-05)	Yellow Submarine (1969-01-13)	Live at the BBC (1994-11-30)	Let It Be: Special Edition	A Hard Day's Night (1964-07-10)	Singles	Sgt. Pepper's Lonely Hearts Club Band (1967-05-26)	Anthology 1 (1995-11-20)	Abbey Road (1969-09-26)	The Beatles (White Album) (1968-11-22)	Let It Be (1970-05-08)	Rubber Soul (1965-12-03)	Help! (1965-08-06)	Please Please Me (1963-03-22)	Anthology 3 (1996-10-28)	Magical Mystery Tour (1967-11-27)	Beatles for Sale (1964-12-04)	With the Beatles (1963-11-22)	Anthology 2 (1996-03-18)	1967–1970	The Beatles Bootleg Recordings 1963	Past Masters (1988-03-07)	On Air – Live at the BBC Volume 2 (2013-11-11)	The Beatles' First	My Bonnie	The Beatles: Get Back – The Rooftop Performance	Rubber Soul: Super Deluxe Edition	Ya Ya
lead-set-paul-011	Let It Be (1970-05-08)	Let It Be: Special Edition	Yellow Submarine (1969-01-13)	Revolver (1966-08-05)	Live at the BBC (1994-11-30)	Abbey Road (1969-09-26)	The Beatles (White Album) (1968-11-22)	Singles	Sgt. Pepper's Lonely Hearts Club Band (1967-05-26)	A Hard Day's Night (1964-07-10)	Rubber Soul (1965-12-03)	Help! (1965-08-06)	Please Please Me (1963-03-22)	Anthology 3 (1996-10-28)	Magical Mystery Tour (1967-11-27)	Beatles for Sale (1964-12-04)	Anthology 1 (1995-11-20)	With the Beatles (1963-11-22)	Anthology 2 (1996-03-18)	1967–1970	The Beatles Bootleg Recordings 1963	Past Masters (1988-03-07)	On Air – Live at the BBC Volume 2 (2013-11-11)	The Beatles' First	My Bonnie	The Beatles: Get Back – The Rooftop Performance	Rubber Soul: Super Deluxe Edition	Ya Ya
lead-set-ringo-018	Let It Be: Special Edition	Let It Be (1970-05-08)	Revolver (1966-08-05)	Yellow Submarine (1969-01-13)	Live at the BBC (1994-11-30)	Anthology 2 (1996-03-18)	Past Masters (1988-03-07)	Rubber Soul (1965-12-03)	Help! (1965-08-06)	With the Beatles (1963-11-22)	Sgt. Pepper's Lonely Hearts Club Band (1967-05-26)	Please Please Me (1963-03-22)	Beatles for Sale (1964-12-04)	The Beatles (White Album) (1968-11-22)	Abbey Road (1969-09-26)	Anthology 1 (1995-11-20)	Singles	A Hard Day's Night (1964-07-10)	Anthology 3 (1996-10-28)	The Beatles' First	Magical Mystery Tour (1967-11-27)	On Air – Live at the BBC Volume 2 (2013-11-11)	The Beatles Bootleg Recordings 1963	My Bonnie	The Beatles: Get Back – The Rooftop Performance	1967–1970	Rubber Soul: Super Deluxe Edition	Ya Ya
lead-set-paul-019	Yellow Submarine (1969-01-13)	Live at the BBC (1994-11-30)	Help! (1965-08-06)	Revolver (1966-08-05)	Let It Be: Special Edition	Abbey Road (1969-09-26)	The Beatles (White Album) (1968-11-22)	Singles	Sgt. Pepper's Lonely Hearts Club Band (1967-05-26)	A Hard Day's Night (1964-07-10)	Let It Be (1970-05-08)	Rubber Soul (1965-12-03)	Please Please Me (1963-03-22)	Anthology 3 (1996-10-28)	Magical Mystery Tour (1967-11-27)	Beatles for Sale (1964-12-04)	Anthology 1 (1995-11-20)	With the Beatles (1963-11-22)	Anthology 2 (1996-03-18)	1967–1970	The Beatles Bootleg Recordings 1963	Past Masters (1988-03-07)	On Air – Live at the BBC Volume 2 (2013-11-11)	The Beatles' First	My Bonnie	The Beatles: Get Back – The Rooftop Performance	Rubber Soul: Super Deluxe Edition	Ya Ya
lead-set-john-020	Let It Be: Special Edition	Live at the BBC (1994-11-30)	With the Beatles (1963-11-22)	Yellow Submarine (1969-01-13)	The Beatles' First	Revolver (1966-08-05)	Anthology 1 (1995-11-20)	Rubber Soul: Super Deluxe Edition	Anthology 3 (1996-10-28)	Sgt. Pepper's Lonely Hearts Club Band (1967-05-26)	Beatles for Sale (1964-12-04)	The Beatles (White Album) (1968-11-22)	Singles	A Hard Day's Night (1964-07-10)	Rubber Soul (1965-12-03)	Let It Be (1970-05-08)	Abbey Road (1969-09-26)	Help! (1965-08-06)	Please Please Me (1963-03-22)	The Beatles Bootleg Recordings 1963	Magical Mystery Tour (1967-11-27)	Anthology 2 (1996-03-18)	Past Masters (1988-03-07)	1967–1970	On Air – Live at the BBC Volume 2 (2013-11-11)	My Bonnie	The Beatles: Get Back – The Rooftop Performance	Ya Ya
lead-set-john-021	Help! (1965-08-06)	Let It Be: Special Edition	Yellow Submarine (1969-01-13)	Revolver (1966-08-05)	Live at the BBC (1994-11-30)	Anthology 3 (1996-10-28)	Anthology 1 (1995-11-20)	Singles	A Hard Day's Night (1964-07-10)	Rubber Soul (1965-12-03)	The Beatles (White Album) (1968-11-22)	Let It Be (1970-05-08)	Abbey Road (1969-09-26)	Sgt. Pepper's Lonely Hearts Club Band (1967-05-26)	Beatles for Sale (1964-12-04)	Please Please Me (1963-03-22)	With the Beatles (1963-11-22)	The Beatles Bootleg Recordings 1963	Magical Mystery Tour (1967-11-27)	Anthology 2 (1996-03-18)	Past Masters (1988-03-07)	1967–1970	Rubber Soul: Super Deluxe Edition	The Beatles' First	On Air – Live at the BBC Volume 2 (2013-11-11)	My Bonnie	The Beatles: Get Back – The Rooftop Performance	Ya Ya
lead-set-paul-022	Live at the BBC (1994-11-30)	Yellow Submarine (1969-01-13)	Revolver (1966-08-05)	Let It Be: Special Edition	Singles	Abbey Road (1969-09-26)	The Beatles (White Album) (1968-11-22)	Sgt. Pepper's Lonely Hearts Club Band (1967-05-26)	A Hard Day's Night (1964-07-10)	Let It Be (1970-05-08)	Rubber Soul (1965-12-03)	Help! (1965-08-06)	Please Please Me (1963-03-22)	Anthology 3 (1996-10-28)	Magical Mystery Tour (1967-11-27)	Beatles for Sale (1964-12-04)	Anthology 1 (1995-11-20)	With the Beatles (1963-11-22)	Anthology 2 (1996-03-18)	1967–1970	The Beatles Bootleg Recordings 1963	Past Masters (1988-03-07)	On Air – Live at the BBC Volume 2 (2013-11-11)	The Beatles' First	My Bonnie	The Beatles: Get Back – The Rooftop Performance	Rubber Soul: Super Deluxe Edition	Ya Ya
lead-set-john-023	Beatles for Sale (1964-12-04)	Let It Be: Special Edition	Live at the BBC (1994-11-30)	Yellow Submarine (1969-01-13)	Revolver (1966-08-05)	Anthology 1 (1995-11-20)	Rubber Soul: Super Deluxe Edition	Anthology 3 (1996-10-28)	Sgt. Pepper's Lonely Hearts Club Band (1967-05-26)	With the Beatles (1963-11-22)	Singles	A Hard Day's Night (1964-07-10)	Rubber Soul (1965-12-03)	The Beatles (White Album) (1968-11-22)	Let It Be (1970-05-08)	Abbey Road (1969-09-26)	Help! (1965-08-06)	Please Please Me (1963-03-22)	The Beatles Bootleg Recordings 1963	Magical Mystery Tour (1967-11-27)	Anthology 2 (1996-03-18)	Past Masters (1988-03-07)	1967–1970	The Beatles' First	On Air – Live at the BBC Volume 2 (2013-11-11)	My Bonnie	The Beatles: Get Back – The Rooftop Performance	Ya Ya
lead-set-ringo-023	Let It Be: Special Edition	Beatles for Sale (1964-12-04)	Revolver (1966-08-05)	Yellow Submarine (1969-01-13)	Live at the BBC (1994-11-30)	Rubber Soul: Super Deluxe Edition	Anthology 1 (1995-11-20)	With the Beatles (1963-11-22)	Sgt. Pepper's Lonely Hearts Club Band (1967-05-26)	Anthology 2 (1996-03-18)	Past Masters (1988-03-07)	Rubber Soul (1965-12-03)	Help! (1965-08-06)	Please Please Me (1963-03-22)	The Beatles (White Album) (1968-11-22)	Abbey Road (1969-09-26)	Singles	A Hard Day's Night (1964-07-10)	Let It Be (1970-05-08)	Anthology 3 (1996-10-28)	The Beatles' First	Magical Mystery Tour (1967-11-27)	On Air – Live at the BBC Volume 2 (2013-11-11)	The Beatles Bootleg Recordings 1963	My Bonnie	The Beatles: Get Back – The Rooftop Performance	1967–1970	Ya Ya
lead-set-john-025	Let It Be: Special Edition	The Beatles (White Album) (1968-11-22)	On Air – Live at the BBC Volume 2 (2013-11-11)	Yellow Submarine (1969-01-13)	Revolver (1966-08-05)	Live at the BBC (1994-11-30)	Anthology 3 (1996-10-28)	Anthology 1 (1995-11-20)	Singles	A Hard Day's Night (1964-07-10)	Rubber Soul (1965-12-03)	Let It Be (1970-05-08)	Abbey Road (1969-09-26)	Sgt. Pepper's Lonely Hearts Club Band (1967-05-26)	Beatles for Sale (1964-12-04)	Help! (1965-08-06)	Please Please Me (1963-03-22)	With the Beatles (1963-11-22)	The Beatles Bootleg Recordings 1963	Magical Mystery Tour (1967-11-27)	Anthology 2 (1996-03-18)	Past Masters (1988-03-07)	1967–1970	Rubber Soul: Super Deluxe Edition	The Beatles' First	My Bonnie	The Beatles: Get Back – The Rooftop Performance	Ya Ya
lead-set-ringo-026	Let It Be: Special Edition	Revolver (1966-08-05)	With the Beatles (1963-11-22)	Yellow Submarine (1969-01-13)	Live at the BBC (1994-11-30)	Anthology 2 (1996-03-18)	Past Masters (1988-03-07)	Rubber Soul (1965-12-03)	Help! (1965-08-06)	Sgt. Pepper's Lonely Hearts Club Band (1967-05-26)	Please Please Me (1963-03-22)	Beatles for Sale (1964-12-04)	The Beatles (White Album) (1968-11-22)	Abbey Road (1969-09-26)	Anthology 1 (1995-11-20)	Singles	A Hard Day's Night (1964-07-10)	Let It Be (1970-05-08)	Anthology 3 (1996-10-28)	The Beatles' First	Magical Mystery Tour (1967-11-27)	On Air – Live at the BBC Volume 2 (2013-11-11)	The Beatles Bootleg Recordings 1963	My Bonnie	The Beatles: Get Back – The Rooftop Performance	1967–1970	Rubber Soul: Super Deluxe Edition	Ya Ya
lexical-trap-control-album-to-song-004	Abbey Road (1969-09-26)	Help! (1965-08-06)	Rubber Soul (1965-12-03)	Singles	Please Please Me (1963-03-22)	A Hard Day's Night (1964-07-10)	The Beatles (White Album) (1968-11-22)	Let It Be (1970-05-08)	With the Beatles (1963-11-22)	Live at the BBC (1994-11-30)	Beatles for Sale (1964-12-04)	Revolver (1966-08-05)	Sgt. Pepper's Lonely Hearts Club Band (1967-05-26)	Magical Mystery Tour (1967-11-27)	Yellow Submarine (1969-01-13)	Past Masters (1988-03-07)	Anthology 1 (1995-11-20)	Anthology 2 (1996-03-18)	Anthology 3 (1996-10-28)	On Air – Live at the BBC Volume 2 (2013-11-11)	My Bonnie	Ya Ya	The Beatles' First	The Beatles Bootleg Recordings 1963	Let It Be: Special Edition	The Beatles: Get Back – The Rooftop Performance	1967–1970	Rubber Soul: Super Deluxe Edition
lexical-trap-control-album-to-song-006	Abbey Road (1969-09-26)	Help! (1965-08-06)	Rubber Soul (1965-12-03)	Singles	Please Please Me (1963-03-22)	With the Beatles (1963-11-22)	Sgt. Pepper's Lonely Hearts Club Band (1967-05-26)	Rubber Soul: Super Deluxe Edition	A Hard Day's Night (1964-07-10)	The Beatles (White Album) (1968-11-22)	Let It Be (1970-05-08)	Revolver (1966-08-05)	Beatles for Sale (1964-12-04)	Live at the BBC (1994-11-30)	Anthology 1 (1995-11-20)	Magical Mystery Tour (1967-11-27)	Yellow Submarine (1969-01-13)	Past Masters (1988-03-07)	Anthology 2 (1996-03-18)	Anthology 3 (1996-10-28)	On Air – Live at the BBC Volume 2 (2013-11-11)	My Bonnie	Ya Ya	The Beatles' First	The Beatles Bootleg Recordings 1963	Let It Be: Special Edition	The Beatles: Get Back – The Rooftop Performance	1967–1970
lexical-trap-control-album-to-song-010	Rubber Soul (1965-12-03)	Please Please Me (1963-03-22)	Singles	Revolver (1966-08-05)	A Hard Day's Night (1964-07-10)	Sgt. Pepper's Lonely Hearts Club Band (1967-05-26)	The Beatles (White Album) (1968-11-22)	Anthology 1 (1995-11-20)	Help! (1965-08-06)	With the Beatles (1963-11-22)	Live at the BBC (1994-11-30)	Beatles for Sale (1964-12-04)	Magical Mystery Tour (1967-11-27)	Yellow Submarine (1969-01-13)	Abbey Road (1969-09-26)	Let It Be (1970-05-08)	Past Masters (1988-03-07)	Anthology 2 (1996-03-18)	Anthology 3 (1996-10-28)	On Air – Live at the BBC Volume 2 (2013-11-11)	My Bonnie	Ya Ya	The Beatles' First	The Beatles Bootleg Recordings 1963	Let It Be: Special Edition	The Beatles: Get Back – The Rooftop Performance	1967–1970	Rubber Soul: Super Deluxe Edition
lexical-trap-control-album-to-song-018	Help! (1965-08-06)	Singles	Yellow Submarine (1969-01-13)	Abbey Road (1969-09-26)	Live at the BBC (1994-11-30)	Beatles for Sale (1964-12-04)	Rubber Soul: Super Deluxe Edition	A Hard Day's Night (1964-07-10)	The Beatles (White Album) (1968-11-22)	Sgt. Pepper's Lonely Hearts Club Band (1967-05-26)	Let It Be (1970-05-08)	Revolver (1966-08-05)	Rubber Soul (1965-12-03)	Anthology 1 (1995-11-20)	Please Please Me (1963-03-22)	With the Beatles (1963-11-22)	Magical Mystery Tour (1967-11-27)	Past Masters (1988-03-07)	Anthology 2 (1996-03-18)	Anthology 3 (1996-10-28)	On Air – Live at the BBC Volume 2 (2013-11-11)	My Bonnie	Ya Ya	The Beatles' First	The Beatles Bootleg Recordings 1963	Let It Be: Special Edition	The Beatles: Get Back – The Rooftop Performance	1967–1970
lexical-trap-control-album-to-song-021	A Hard Day's Night (1964-07-10)	Help! (1965-08-06)	Singles	Rubber Soul (1965-12-03)	Beatles for Sale (1964-12-04)	Please Please Me (1963-03-22)	The Beatles (White Album) (1968-11-22)	Live at the BBC (1994-11-30)	Revolver (1966-08-05)	Anthology 1 (1995-11-20)	The Beatles Bootleg Recordings 1963	Sgt. Pepper's Lonely Hearts Club Band (1967-05-26)	Anthology 2 (1996-03-18)	Anthology 3 (1996-10-28)	With the Beatles (1963-11-22)	Magical Mystery Tour (1967-11-27)	Yellow Submarine (1969-01-13)	Abbey Road (1969-09-26)	Let It Be (1970-05-08)	Past Masters (1988-03-07)	On Air – Live at the BBC Volume 2 (2013-11-11)	My Bonnie	Ya Ya	The Beatles' First	Let It Be: Special Edition	The Beatles: Get Back – The Rooftop Performance	1967–1970	Rubber Soul: Super Deluxe Edition
lexical-trap-control-song-to-album-007	Sgt. Pepper's Lonely Hearts Club Band (1967-05-26)	Singles	The Beatles (White Album) (1968-11-22)	Abbey Road (1969-09-26)	On Air – Live at the BBC Volume 2 (2013-11-11)	The Beatles' First	Yellow Submarine (1969-01-13)	A Hard Day's Night (1964-07-10)	With the Beatles (1963-11-22)	Beatles for Sale (1964-12-04)	Let It Be: Special Edition	Let It Be (1970-05-08)	Revolver (1966-08-05)	Help! (1965-08-06)	Live at the BBC (1994-11-30)	Please Please Me (1963-03-22)	Rubber Soul (1965-12-03)	Magical Mystery Tour (1967-11-27)	Past Masters (1988-03-07)	Anthology 1 (1995-11-20)	Anthology 2 (1996-03-18)	Anthology 3 (1996-10-28)	My Bonnie	Ya Ya	The Beatles Bootleg Recordings 1963	The Beatles: Get Back – The Rooftop Performance	1967–1970	Rubber Soul: Super Deluxe Edition
lexical-trap-album-to-song-006	Abbey Road (1969-09-26)	Help! (1965-08-06)	Let It Be (1970-05-08)	Singles	With the Beatles (1963-11-22)	The Beatles (White Album) (1968-11-22)	Please Please Me (1963-03-22)	Rubber Soul: Super Deluxe Edition	A Hard Day's Night (1964-07-10)	Past Masters (1988-03-07)	Sgt. Pepper's Lonely Hearts Club Band (1967-05-26)	Beatles for Sale (1964-12-04)	Live at the BBC (1994-11-30)	Rubber Soul (1965-12-03)	Anthology 1 (1995-11-20)	Revolver (1966-08-05)	Magical Mystery Tour (1967-11-27)	Yellow Submarine (1969-01-13)	Anthology 2 (1996-03-18)	Anthology 3 (1996-10-28)	On Air – Live at the BBC Volume 2 (2013-11-11)	My Bonnie	Ya Ya	The Beatles' First	The Beatles Bootleg Recordings 1963	Let It Be: Special Edition	The Beatles: Get Back – The Rooftop Performance	1967–1970
lexical-trap-album-to-song-008	A Hard Day's Night (1964-07-10)	Help! (1965-08-06)	Let It Be: Special Edition	Let It Be (1970-05-08)	Singles	On Air – Live at the BBC Volume 2 (2013-11-11)	The Beatles (White Album) (1968-11-22)	Anthology 2 (1996-03-18)	Revolver (1966-08-05)	Sgt. Pepper's Lonely Hearts Club Band (1967-05-26)	Live at the BBC (1994-11-30)	With the Beatles (1963-11-22)	The Beatles Bootleg Recordings 1963	Anthology 1 (1995-11-20)	Rubber Soul (1965-12-03)	Beatles for Sale (1964-12-04)	Please Please Me (1963-03-22)	Magical Mystery Tour (1967-11-27)	Yellow Submarine (1969-01-13)	Abbey Road (1969-09-26)	Past Masters (1988-03-07)	Anthology 3 (1996-10-28)	My Bonnie	Ya Ya	The Beatles' First	The Beatles: Get Back – The Rooftop Performance	1967–1970	Rubber Soul: Super Deluxe Edition
lexical-trap-song-to-album-003	Singles	With the Beatles (1963-11-22)	Abbey Road (1969-09-26)	Please Please Me (1963-03-22)	Sgt. Pepper's Lonely Hearts Club Band (1967-05-26)	The Beatles' First	Help! (1965-08-06)	Yellow Submarine (1969-01-13)	Let It Be: Special Edition	The Beatles (White Album) (1968-11-22)	Let It Be (1970-05-08)	Beatles for Sale (1964-12-04)	Live at the BBC (1994-11-30)	A Hard Day's Night (1964-07-10)	Rubber Soul (1965-12-03)	Revolver (1966-08-05)	Magical Mystery Tour (1967-11-27)	Past Masters (1988-03-07)	Anthology 1 (1995-11-20)	Anthology 2 (1996-03-18)	Anthology 3 (1996-10-28)	On Air – Live at the BBC Volume 2 (2013-11-11)	My Bonnie	Ya Ya	The Beatles Bootleg Recordings 1963	The Beatles: Get Back – The Rooftop Performance	1967–1970	Rubber Soul: Super Deluxe Edition
lexical-trap-album-to-song-011	Rubber Soul (1965-12-03)	Revolver (1966-08-05)	Abbey Road (1969-09-26)	Singles	With the Beatles (1963-11-22)	A Hard Day's Night (1964-07-10)	Help! (1965-08-06)	Past Masters (1988-03-07)	The Beatles (White Album) (1968-11-22)	Let It Be (1970-05-08)	Anthology 3 (1996-10-28)	Live at the BBC (1994-11-30)	Anthology 1 (1995-11-20)	Please Please Me (1963-03-22)	Beatles for Sale (1964-12-04)	Sgt. Pepper's Lonely Hearts Club Band (1967-05-26)	Magical Mystery Tour (1967-11-27)	Yellow Submarine (1969-01-13)	Anthology 2 (1996-03-18)	On Air – Live at the BBC Volume 2 (2013-11-11)	My Bonnie	Ya Ya	The Beatles' First	The Beatles Bootleg Recordings 1963	Let It Be: Special Edition	The Beatles: Get Back – The Rooftop Performance	1967–1970	Rubber Soul: Super Deluxe Edition
lexical-trap-album-to-song-012	Yellow Submarine (1969-01-13)	Revolver (1966-08-05)	Singles	Rubber Soul (1965-12-03)	A Hard Day's Night (1964-07-10)	Sgt. Pepper's Lonely Hearts Club Band (1967-05-26)	Help! (1965-08-06)	Abbey Road (1969-09-26)	Live at the BBC (1994-11-30)	The Beatles (White Album) (1968-11-22)	Anthology 1 (1995-11-20)	Please Please Me (1963-03-22)	With the Beatles (1963-11-22)	Beatles for Sale (1964-12-04)	Magical Mystery Tour (1967-11-27)	Let It Be (1970-05-08)	Past Masters (1988-03-07)	Anthology 2 (1996-03-18)	Anthology 3 (1996-10-28)	On Air – Live at the BBC Volume 2 (2013-11-11)	My Bonnie	Ya Ya	The Beatles' First	The Beatles Bootleg Recordings 1963	Let It Be: Special Edition	The Beatles: Get Back – The Rooftop Performance	1967–1970	Rubber Soul: Super Deluxe Edition
lexical-trap-album-to-song-017	Please Please Me (1963-03-22)	With the Beatles (1963-11-22)	Singles	Beatles for Sale (1964-12-04)	The Beatles (White Album) (1968-11-22)	A Hard Day's Night (1964-07-10)	Help! (1965-08-06)	Anthology 1 (1995-11-20)	Sgt. Pepper's Lonely Hearts Club Band (1967-05-26)	Live at the BBC (1994-11-30)	Abbey Road (1969-09-26)	Rubber Soul (1965-12-03)	Revolver (1966-08-05)	Magical Mystery Tour (1967-11-27)	Yellow Submarine (1969-01-13)	Let It Be (1970-05-08)	Past Masters (1988-03-07)	Anthology 2 (1996-03-18)	Anthology 3 (1996-10-28)	On Air – Live at the BBC Volume 2 (2013-11-11)	My Bonnie	Ya Ya	The Beatles' First	The Beatles Bootleg Recordings 1963	Let It Be: Special Edition	The Beatles: Get Back – The Rooftop Performance	1967–1970	Rubber Soul: Super Deluxe Edition
lexical-trap-album-to-song-018	Help! (1965-08-06)	Singles	Live at the BBC (1994-11-30)	Sgt. Pepper's Lonely Hearts Club Band (1967-05-26)	Yellow Submarine (1969-01-13)	Rubber Soul: Super Deluxe Edition	Beatles for Sale (1964-12-04)	A Hard Day's Night (1964-07-10)	Anthology 1 (1995-11-20)	The Beatles (White Album) (1968-11-22)	Let It Be (1970-05-08)	Revolver (1966-08-05)	Let It Be: Special Edition	Rubber Soul (1965-12-03)	With the Beatles (1963-11-22)	Please Please Me (1963-03-22)	Magical Mystery Tour (1967-11-27)	Abbey Road (1969-09-26)	Past Masters (1988-03-07)	Anthology 2 (1996-03-18)	Anthology 3 (1996-10-28)	On Air – Live at the BBC Volume 2 (2013-11-11)	My Bonnie	Ya Ya	The Beatles' First	The Beatles Bootleg Recordings 1963	The Beatles: Get Back – The Rooftop Performance	1967–1970
lexical-trap-album-to-song-023	Sgt. Pepper's Lonely Hearts Club Band (1967-05-26)	A Hard Day's Night (1964-07-10)	Revolver (1966-08-05)	Singles	With the Beatles (1963-11-22)	On Air – Live at the BBC Volume 2 (2013-11-11)	Help! (1965-08-06)	Anthology 3 (1996-10-28)	Live at the BBC (1994-11-30)	The Beatles (White Album) (1968-11-22)	Please Please Me (1963-03-22)	Beatles for Sale (1964-12-04)	Rubber Soul (1965-12-03)	Magical Mystery Tour (1967-11-27)	Yellow Submarine (1969-01-13)	Abbey Road (1969-09-26)	Let It Be (1970-05-08)	Past Masters (1988-03-07)	Anthology 1 (1995-11-20)	Anthology 2 (1996-03-18)	My Bonnie	Ya Ya	The Beatles' First	The Beatles Bootleg Recordings 1963	Let It Be: Special Edition	The Beatles: Get Back – The Rooftop Performance	1967–1970	Rubber Soul: Super Deluxe Edition
lexical-trap-album-to-song-026	Yellow Submarine (1969-01-13)	Help! (1965-08-06)	Singles	Sgt. Pepper's Lonely Hearts Club Band (1967-05-26)	Revolver (1966-08-05)	Live at the BBC (1994-11-30)	Beatles for Sale (1964-12-04)	A Hard Day's Night (1964-07-10)	Anthology 1 (1995-11-20)	The Beatles (White Album) (1968-11-22)	Please Please Me (1963-03-22)	With the Beatles (1963-11-22)	Rubber Soul (1965-12-03)	Magical Mystery Tour (1967-11-27)	Abbey Road (1969-09-26)	Let It Be (1970-05-08)	Past Masters (1988-03-07)	Anthology 2 (1996-03-18)	Anthology 3 (1996-10-28)	On Air – Live at the BBC Volume 2 (2013-11-11)	My Bonnie	Ya Ya	The Beatles' First	The Beatles Bootleg Recordings 1963	Let It Be: Special Edition	The Beatles: Get Back – The Rooftop Performance	1967–1970	Rubber Soul: Super Deluxe Edition
multi-hop-album-year-001	Singles	Let It Be (1970-05-08)	Yellow Submarine (1969-01-13)	1967–1970	The Beatles (White Album) (1968-11-22)	The Beatles' First	Abbey Road (1969-09-26)	Past Masters (1988-03-07)	Revolver (1966-08-05)	Rubber Soul (1965-12-03)	Help! (1965-08-06)	With the Beatles (1963-11-22)	Sgt. Pepper's Lonely Hearts Club Band (1967-05-26)	Please Please Me (1963-03-22)	Magical Mystery Tour (1967-11-27)	A Hard Day's Night (1964-07-10)	Beatles for Sale (1964-12-04)	The Beatles Bootleg Recordings 1963	Let It Be: Special Edition	My Bonnie	Live at the BBC (1994-11-30)	Anthology 3 (1996-10-28)	Anthology 1 (1995-11-20)	Anthology 2 (1996-03-18)	On Air – Live at the BBC Volume 2 (2013-11-11)	Ya Ya	The Beatles: Get Back – The Rooftop Performance	Rubber Soul: Super Deluxe Edition
multi-hop-album-year-002	Singles	Help! (1965-08-06)	Let It Be (1970-05-08)	The Beatles (White Album) (1968-11-22)	Yellow Submarine (1969-01-13)	1967–1970	The Beatles' First	Revolver (1966-08-05)	Abbey Road (1969-09-26)	With the Beatles (1963-11-22)	Past Masters (1988-03-07)	Please Please Me (1963-03-22)	A Hard Day's Night (1964-07-10)	The Beatles Bootleg Recordings 1963	Rubber Soul (1965-12-03)	Beatles for Sale (1964-12-04)	Sgt. Pepper's Lonely Hearts Club Band (1967-05-26)	Magical Mystery Tour (1967-11-27)	Anthology 2 (1996-03-18)	Live at the BBC (1994-11-30)	Anthology 3 (1996-10-28)	Let It Be: Special Edition	My Bonnie	Anthology 1 (1995-11-20)	On Air – Live at the BBC Volume 2 (2013-11-11)	Ya Ya	The Beatles: Get Back – The Rooftop Performance	Rubber Soul: Super Deluxe Edition
multi-hop-album-year-005	Singles	Yellow Submarine (1969-01-13)	With the Beatles (1963-11-22)	1967–1970	The Beatles (White Album) (1968-11-22)	The Beatles' First	Let It Be (1970-05-08)	Abbey Road (1969-09-26)	Past Masters (1988-03-07)	Revolver (1966-08-05)	Rubber Soul (1965-12-03)	Help! (1965-08-06)	Sgt. Pepper's Lonely Hearts Club Band (1967-05-26)	Please Please Me (1963-03-22)	Magical Mystery Tour (1967-11-27)	A Hard Day's Night (1964-07-10)	Beatles for Sale (1964-12-04)	The Beatles Bootleg Recordings 1963	Let It Be: Special Edition	My Bonnie	Live at the BBC (1994-11-30)	Anthology 3 (1996-10-28)	Anthology 1 (1995-11-20)	Anthology 2 (1996-03-18)	On Air – Live at the BBC Volume 2 (2013-11-11)	Ya Ya	The Beatles: Get Back – The Rooftop Performance	Rubber Soul: Super Deluxe Edition
multi-hop-album-year-009	Singles	The Beatles' First	The Beatles (White Album) (1968-11-22)	Yellow Submarine (1969-01-13)	1967–1970	Let It Be (1970-05-08)	Abbey Road (1969-09-26)	Past Masters (1988-03-07)	Revolver (1966-08-05)	Please Please Me (1963-03-22)	Beatles for Sale (1964-12-04)	Rubber Soul (1965-12-03)	Help! (1965-08-06)	With the Beatles (1963-11-22)	Sgt. Pepper's Lonely Hearts Club Band (1967-05-26)	Magical Mystery Tour (1967-11-27)	Live at the BBC (1994-11-30)	A Hard Day's Night (1964-07-10)	The Beatles Bootleg Recordings 1963	Let It Be: Special Edition	My Bonnie	Anthology 3 (1996-10-28)	Anthology 1 (1995-11-20)	Anthology 2 (1996-03-18)	On Air – Live at the BBC Volume 2 (2013-11-11)	Ya Ya	The Beatles: Get Back – The Rooftop Performance	Rubber Soul: Super Deluxe Edition
multi-hop-album-year-011	Singles	Magical Mystery Tour (1967-11-27)	Yellow Submarine (1969-01-13)	1967–1970	The Beatles (White Album) (1968-11-22)	The Beatles' First	Let It Be (1970-05-08)	Abbey Road (1969-09-26)	Past Masters (1988-03-07)	Revolver (1966-08-05)	Rubber Soul (1965-12-03)	Help! (1965-08-06)	With the Beatles (1963-11-22)	Sgt. Pepper's Lonely Hearts Club Band (1967-05-26)	Please Please Me (1963-03-22)	A Hard Day's Night (1964-07-10)	Beatles for Sale (1964-12-04)	The Beatles Bootleg Recordings 1963	Let It Be: Special Edition	My Bonnie	Live at the BBC (1994-11-30)	Anthology 3 (1996-10-28)	Anthology 1 (1995-11-20)	Anthology 2 (1996-03-18)	On Air – Live at the BBC Volume 2 (2013-11-11)	Ya Ya	The Beatles: Get Back – The Rooftop Performance	Rubber Soul: Super Deluxe Edition
multi-hop-album-year-017	Singles	The Beatles (White Album) (1968-11-22)	Let It Be (1970-05-08)	Past Masters (1988-03-07)	With the Beatles (1963-11-22)	Yellow Submarine (1969-01-13)	1967–1970	The Beatles' First	Rubber Soul (1965-12-03)	Abbey Road (1969-09-26)	Revolver (1966-08-05)	Help! (1965-08-06)	Sgt. Pepper's Lonely Hearts Club Band (1967-05-26)	Please Please Me (1963-03-22)	Magical Mystery Tour (1967-11-27)	A Hard Day's Night (1964-07-10)	Beatles for Sale (1964-12-04)	The Beatles Bootleg Recordings 1963	Let It Be: Special Edition	My Bonnie	Live at the BBC (1994-11-30)	Anthology 3 (1996-10-28)	Anthology 1 (1995-11-20)	Anthology 2 (1996-03-18)	On Air – Live at the BBC Volume 2 (2013-11-11)	Ya Ya	The Beatles: Get Back – The Rooftop Performance	Rubber Soul: Super Deluxe Edition
multi-hop-album-year-020	Singles	The Beatles (White Album) (1968-11-22)	Yellow Submarine (1969-01-13)	1967–1970	The Beatles' First	Let It Be (1970-05-08)	Abbey Road (1969-09-26)	Past Masters (1988-03-07)	Revolver (1966-08-05)	Rubber Soul (1965-12-03)	Help! (1965-08-06)	With the Beatles (1963-11-22)	Sgt. Pepper's Lonely Hearts Club Band (1967-05-26)	Please Please Me (1963-03-22)	Magical Mystery Tour (1967-11-27)	A Hard Day's Night (1964-07-10)	Beatles for Sale (1964-12-04)	The Beatles Bootleg Recordings 1963	Let It Be: Special Edition	My Bonnie	Live at the BBC (1994-11-30)	Anthology 3 (1996-10-28)	Anthology 1 (1995-11-20)	Anthology 2 (1996-03-18)	On Air – Live at the BBC Volume 2 (2013-11-11)	Ya Ya	The Beatles: Get Back – The Rooftop Performance	Rubber Soul: Super Deluxe Edition
multi-hop-album-year-023	Singles	Yellow Submarine (1969-01-13)	Abbey Road (1969-09-26)	1967–1970	The Beatles (White Album) (1968-11-22)	The Beatles' First	Let It Be (1970-05-08)	Past Masters (1988-03-07)	Revolver (1966-08-05)	Rubber Soul (1965-12-03)	Help! (1965-08-06)	With the Beatles (1963-11-22)	Sgt. Pepper's Lonely Hearts Club Band (1967-05-26)	Please Please Me (1963-03-22)	Magical Mystery Tour (1967-11-27)	A Hard Day's Night (1964-07-10)	Beatles for Sale (1964-12-04)	The Beatles Bootleg Recordings 1963	Let It Be: Special Edition	My Bonnie	Live at the BBC (1994-11-30)	Anthology 3 (1996-10-28)	Anthology 1 (1995-11-20)	Anthology 2 (1996-03-18)	On Air – Live at the BBC Volume 2 (2013-11-11)	Ya Ya	The Beatles: Get Back – The Rooftop Performance	Rubber Soul: Super Deluxe Edition
multi-hop-album-year-029	Singles	With the Beatles (1963-11-22)	Yellow Submarine (1969-01-13)	1967–1970	The Beatles (White Album) (1968-11-22)	The Beatles' First	Let It Be (1970-05-08)	Rubber Soul (1965-12-03)	Abbey Road (1969-09-26)	Past Masters (1988-03-07)	Revolver (1966-08-05)	Help! (1965-08-06)	Sgt. Pepper's Lonely Hearts Club Band (1967-05-26)	Please Please Me (1963-03-22)	Magical Mystery Tour (1967-11-27)	A Hard Day's Night (1964-07-10)	Beatles for Sale (1964-12-04)	The Beatles Bootleg Recordings 1963	Let It Be: Special Edition	My Bonnie	Live at the BBC (1994-11-30)	Anthology 3 (1996-10-28)	Anthology 1 (1995-11-20)	Anthology 2 (1996-03-18)	On Air – Live at the BBC Volume 2 (2013-11-11)	Ya Ya	The Beatles: Get Back – The Rooftop Performance	Rubber Soul: Super Deluxe Edition
multi-hop-album-year-037	Singles	Let It Be (1970-05-08)	The Beatles (White Album) (1968-11-22)	Yellow Submarine (1969-01-13)	1967–1970	The Beatles' First	Magical Mystery Tour (1967-11-27)	Abbey Road (1969-09-26)	Past Masters (1988-03-07)	Revolver (1966-08-05)	Anthology 3 (1996-10-28)	Rubber Soul (1965-12-03)	Help! (1965-08-06)	With the Beatles (1963-11-22)	Sgt. Pepper's Lonely Hearts Club Band (1967-05-26)	Please Please Me (1963-03-22)	A Hard Day's Night (1964-07-10)	Beatles for Sale (1964-12-04)	The Beatles Bootleg Recordings 1963	Let It Be: Special Edition	My Bonnie	Live at the BBC (1994-11-30)	Anthology 1 (1995-11-20)	Anthology 2 (1996-03-18)	On Air – Live at the BBC Volume 2 (2013-11-11)	Ya Ya	The Beatles: Get Back – The Rooftop Performance	Rubber Soul: Super Deluxe Edition
multi-hop-album-year-038	Singles	A Hard Day's Night (1964-07-10)	Magical Mystery Tour (1967-11-27)	Yellow Submarine (1969-01-13)	1967–1970	The Beatles (White Album) (1968-11-22)	The Beatles' First	Let It Be (1970-05-08)	Sgt. Pepper's Lonely Hearts Club Band (1967-05-26)	Abbey Road (1969-09-26)	Past Masters (1988-03-07)	Revolver (1966-08-05)	Rubber Soul (1965-12-03)	Help! (1965-08-06)	With the Beatles (1963-11-22)	Please Please Me (1963-03-22)	Beatles for Sale (1964-12-04)	The Beatles Bootleg Recordings 1963	Let It Be: Special Edition	My Bonnie	Live at the BBC (1994-11-30)	Anthology 3 (1996-10-28)	Anthology 1 (1995-11-20)	Anthology 2 (1996-03-18)	On Air – Live at the BBC Volume 2 (2013-11-11)	Ya Ya	The Beatles: Get Back – The Rooftop Performance	Rubber Soul: Super Deluxe Edition
multi-hop-album-year-045	Singles	Abbey Road (1969-09-26)	Yellow Submarine (1969-01-13)	1967–1970	The Beatles (White Album) (1968-11-22)	The Beatles' First	Let It Be (1970-05-08)	Past Masters (1988-03-07)	Revolver (1966-08-05)	Rubber Soul (1965-12-03)	Help! (1965-08-06)	With the Beatles (1963-11-22)	Sgt. Pepper's Lonely Hearts Club Band (1967-05-26)	Please Please Me (1963-03-22)	Magical Mystery Tour (1967-11-27)	A Hard Day's Night (1964-07-10)	Beatles for Sale (1964-12-04)	The Beatles Bootleg Recordings 1963	Let It Be: Special Edition	My Bonnie	Live at the BBC (1994-11-30)	Anthology 3 (1996-10-28)	Anthology 1 (1995-11-20)	Anthology 2 (1996-03-18)	On Air – Live at the BBC Volume 2 (2013-11-11)	Ya Ya	The Beatles: Get Back – The Rooftop Performance	Rubber Soul: Super Deluxe Edition
multi-hop-album-year-053	Singles	The Beatles (White Album) (1968-11-22)	Yellow Submarine (1969-01-13)	1967–1970	The Beatles' First	Let It Be (1970-05-08)	Abbey Road (1969-09-26)	Past Masters (1988-03-07)	Revolver (1966-08-05)	Anthology 3 (1996-10-28)	Rubber Soul (1965-12-03)	Help! (1965-08-06)	With the Beatles (1963-11-22)	Sgt. Pepper's Lonely Hearts Club Band (1967-05-26)	Please Please Me (1963-03-22)	Magical Mystery Tour (1967-11-27)	A Hard Day's Night (1964-07-10)	Beatles for Sale (1964-12-04)	The Beatles Bootleg Recordings 1963	Let It Be: Special Edition	My Bonnie	Live at the BBC (1994-11-30)	Anthology 1 (1995-11-20)	Anthology 2 (1996-03-18)	On Air – Live at the BBC Volume 2 (2013-11-11)	Ya Ya	The Beatles: Get Back – The Rooftop Performance	Rubber Soul: Super Deluxe Edition
multi-hop-album-year-054	Singles	Abbey Road (1969-09-26)	Yellow Submarine (1969-01-13)	1967–1970	The Beatles (White Album) (1968-11-22)	The Beatles' First	Let It Be (1970-05-08)	Past Masters (1988-03-07)	Revolver (1966-08-05)	Rubber Soul (1965-12-03)	Help! (1965-08-06)	With the Beatles (1963-11-22)	Sgt. Pepper's Lonely Hearts Club Band (1967-05-26)	Please Please Me (1963-03-22)	Magical Mystery Tour (1967-11-27)	A Hard Day's Night (1964-07-10)	Beatles for Sale (1964-12-04)	The Beatles Bootleg Recordings 1963	Let It Be: Special Edition	My Bonnie	Live at the BBC (1994-11-30)	Anthology 3 (1996-10-28)	Anthology 1 (1995-11-20)	Anthology 2 (1996-03-18)	On Air – Live at the BBC Volume 2 (2013-11-11)	Ya Ya	The Beatles: Get Back – The Rooftop Performance	Rubber Soul: Super Deluxe Edition
multi-hop-album-year-056	Singles	Yellow Submarine (1969-01-13)	1967–1970	The Beatles (White Album) (1968-11-22)	Please Please Me (1963-03-22)	The Beatles' First	Let It Be (1970-05-08)	Abbey Road (1969-09-26)	Past Masters (1988-03-07)	Revolver (1966-08-05)	Rubber Soul (1965-12-03)	Help! (1965-08-06)	With the Beatles (1963-11-22)	Sgt. Pepper's Lonely Hearts Club Band (1967-05-26)	Magical Mystery Tour (1967-11-27)	A Hard Day's Night (1964-07-10)	Beatles for Sale (1964-12-04)	The Beatles Bootleg Recordings 1963	Let It Be: Special Edition	My Bonnie	Live at the BBC (1994-11-30)	Anthology 3 (1996-10-28)	Anthology 1 (1995-11-20)	Anthology 2 (1996-03-18)	On Air – Live at the BBC Volume 2 (2013-11-11)	Ya Ya	The Beatles: Get Back – The Rooftop Performance	Rubber Soul: Super Deluxe Edition
multi-hop-album-year-058	Singles	The Beatles (White Album) (1968-11-22)	Beatles for Sale (1964-12-04)	Yellow Submarine (1969-01-13)	1967–1970	The Beatles' First	Let It Be (1970-05-08)	Abbey Road (1969-09-26)	Help! (1965-08-06)	Past Masters (1988-03-07)	Revolver (1966-08-05)	Rubber Soul (1965-12-03)	With the Beatles (1963-11-22)	Sgt. Pepper's Lonely Hearts Club Band (1967-05-26)	Please Please Me (1963-03-22)	Magical Mystery Tour (1967-11-27)	A Hard Day's Night (1964-07-10)	The Beatles Bootleg Recordings 1963	Let It Be: Special Edition	My Bonnie	Live at the BBC (1994-11-30)	Anthology 3 (1996-10-28)	Anthology 1 (1995-11-20)	Anthology 2 (1996-03-18)	On Air – Live at the BBC Volume 2 (2013-11-11)	Ya Ya	The Beatles: Get Back – The Rooftop Performance	Rubber Soul: Super Deluxe Edition
near-neighbor-control-album-001	Singles	With the Beatles (1963-11-22)	Rubber Soul: Super Deluxe Edition	Rubber Soul (1965-12-03)	Abbey Road (1969-09-26)	The Beatles' First	Yellow Submarine (1969-01-13)	Let It Be: Special Edition	The Beatles (White Album) (1968-11-22)	Live at the BBC (1994-11-30)	Let It Be (1970-05-08)	Please Please Me (1963-03-22)	A Hard Day's Night (1964-07-10)	Beatles for Sale (1964-12-04)	Help! (1965-08-06)	Revolver (1966-08-05)	Sgt. Pepper's Lonely Hearts Club Band (1967-05-26)	Magical Mystery Tour (1967-11-27)	Past Masters (1988-03-07)	Anthology 1 (1995-11-20)	Anthology 2 (1996-03-18)	Anthology 3 (1996-10-28)	On Air – Live at the BBC Volume 2 (2013-11-11)	My Bonnie	Ya Ya	The Beatles Bootleg Recordings 1963	The Beatles: Get Back – The Rooftop Performance	1967–1970
near-neighbor-control-album-004	Singles	Let It Be (1970-05-08)	Rubber Soul: Super Deluxe Edition	Rubber Soul (1965-12-03)	The Beatles' First	Live at the BBC (1994-11-30)	Yellow Submarine (1969-01-13)	The Beatles (White Album) (1968-11-22)	With the Beatles (1963-11-22)	Let It Be: Special Edition	Revolver (1966-08-05)	Please Please Me (1963-03-22)	A Hard Day's Night (1964-07-10)	Beatles for Sale (1964-12-04)	Help! (1965-08-06)	Sgt. Pepper's Lonely Hearts Club Band (1967-05-26)	Magical Mystery Tour (1967-11-27)	Abbey Road (1969-09-26)	Past Masters (1988-03-07)	Anthology 1 (1995-11-20)	Anthology 2 (1996-03-18)	Anthology 3 (1996-10-28)	On Air – Live at the BBC Volume 2 (2013-11-11)	My Bonnie	Ya Ya	The Beatles Bootleg Recordings 1963	The Beatles: Get Back – The Rooftop Performance	1967–1970
near-neighbor-control-album-013	Sgt. Pepper's Lonely Hearts Club Band (1967-05-26)	Singles	Rubber Soul: Super Deluxe Edition	Rubber Soul (1965-12-03)	On Air – Live at the BBC Volume 2 (2013-11-11)	The Beatles' First	Yellow Submarine (1969-01-13)	With the Beatles (1963-11-22)	Let It Be: Special Edition	A Hard Day's Night (1964-07-10)	Live at the BBC (1994-11-30)	The Beatles (White Album) (1968-11-22)	Please Please Me (1963-03-22)	Beatles for Sale (1964-12-04)	Help! (1965-08-06)	Revolver (1966-08-05)	Magical Mystery Tour (1967-11-27)	Abbey Road (1969-09-26)	Let It Be (1970-05-08)	Past Masters (1988-03-07)	Anthology 1 (1995-11-20)	Anthology 2 (1996-03-18)	Anthology 3 (1996-10-28)	My Bonnie	Ya Ya	The Beatles Bootleg Recordings 1963	The Beatles: Get Back – The Rooftop Performance	1967–1970
near-neighbor-control-album-024	Singles	Magical Mystery Tour (1967-11-27)	Rubber Soul: Super Deluxe Edition	The Beatles (White Album) (1968-11-22)	Rubber Soul (1965-12-03)	With the Beatles (1963-11-22)	Live at the BBC (1994-11-30)	The Beatles' First	Yellow Submarine (1969-01-13)	Let It Be: Special Edition	Anthology 1 (1995-11-20)	On Air – Live at the BBC Volume 2 (2013-11-11)	Abbey Road (1969-09-26)	Please Please Me (1963-03-22)	A Hard Day's Night (1964-07-10)	Past Masters (1988-03-07)	Anthology 3 (1996-10-28)	Help! (1965-08-06)	Sgt. Pepper's Lonely Hearts Club Band (1967-05-26)	Beatles for Sale (1964-12-04)	Revolver (1966-08-05)	Let It Be (1970-05-08)	Anthology 2 (1996-03-18)	My Bonnie	Ya Ya	The Beatles Bootleg Recordings 1963	The Beatles: Get Back – The Rooftop Performance	1967–1970
near-neighbor-control-album-030	Singles	Magical Mystery Tour (1967-11-27)	Beatles for Sale (1964-12-04)	Yellow Submarine (1969-01-13)	Revolver (1966-08-05)	The Beatles' First	With the Beatles (1963-11-22)	Let It Be: Special Edition	The Beatles (White Album) (1968-11-22)	Live at the BBC (1994-11-30)	Please Please Me (1963-03-22)	A Hard Day's Night (1964-07-10)	Help! (1965-08-06)	Rubber Soul (1965-12-03)	Sgt. Pepper's Lonely Hearts Club Band (1967-05-26)	Abbey Road (1969-09-26)	Let It Be (1970-05-08)	Past Masters (1988-03-07)	Anthology 1 (1995-11-20)	Anthology 2 (1996-03-18)	Anthology 3 (1996-10-28)	On Air – Live at the BBC Volume 2 (2013-11-11)	My Bonnie	Ya Ya	The Beatles Bootleg Recordings 1963	The Beatles: Get Back – The Rooftop Performance	1967–1970	Rubber Soul: Super Deluxe Edition
near-neighbor-control-album-036	Sgt. Pepper's Lonely Hearts Club Band (1967-05-26)	Singles	Abbey Road (1969-09-26)	The Beatles (White Album) (1968-11-22)	On Air – Live at the BBC Volume 2 (2013-11-11)	The Beatles' First	Yellow Submarine (1969-01-13)	With the Beatles (1963-11-22)	Let It Be: Special Edition	Let It Be (1970-05-08)	Live at the BBC (1994-11-30)	Please Please Me (1963-03-22)	A Hard Day's Night (1964-07-10)	Beatles for Sale (1964-12-04)	Help! (1965-08-06)	Rubber Soul (1965-12-03)	Revolver (1966-08-05)	Magical Mystery Tour (1967-11-27)	Past Masters (1988-03-07)	Anthology 1 (1995-11-20)	Anthology 2 (1996-03-18)	Anthology 3 (1996-10-28)	My Bonnie	Ya Ya	The Beatles Bootleg Recordings 1963	The Beatles: Get Back – The Rooftop Performance	1967–1970	Rubber Soul: Super Deluxe Edition
near-neighbor-control-album-038	Singles	Magical Mystery Tour (1967-11-27)	Let It Be (1970-05-08)	The Beatles' First	Yellow Submarine (1969-01-13)	Revolver (1966-08-05)	With the Beatles (1963-11-22)	Let It Be: Special Edition	The Beatles (White Album) (1968-11-22)	Live at the BBC (1994-11-30)	Please Please Me (1963-03-22)	A Hard Day's Night (1964-07-10)	Beatles for Sale (1964-12-04)	Help! (1965-08-06)	Rubber Soul (1965-12-03)	Sgt. Pepper's Lonely Hearts Club Band (1967-05-26)	Abbey Road (1969-09-26)	Past Masters (1988-03-07)	Anthology 1 (1995-11-20)	Anthology 2 (1996-03-18)	Anthology 3 (1996-10-28)	On Air – Live at the BBC Volume 2 (2013-11-11)	My Bonnie	Ya Ya	The Beatles Bootleg Recordings 1963	The Beatles: Get Back – The Rooftop Performance	1967–1970	Rubber Soul: Super Deluxe Edition
near-neighbor-control-album-039	A Hard Day's Night (1964-07-10)	Singles	Help! (1965-08-06)	Revolver (1966-08-05)	Sgt. Pepper's Lonely Hearts Club Band (1967-05-26)	The Beatles' First	Yellow Submarine (1969-01-13)	With the Beatles (1963-11-22)	Let It Be: Special Edition	The Beatles (White Album) (1968-11-22)	Anthology 1 (1995-11-20)	Live at the BBC (1994-11-30)	Please Please Me (1963-03-22)	Beatles for Sale (1964-12-04)	Rubber Soul (1965-12-03)	Magical Mystery Tour (1967-11-27)	Abbey Road (1969-09-26)	Let It Be (1970-05-08)	Past Masters (1988-03-07)	Anthology 2 (1996-03-18)	Anthology 3 (1996-10-28)	On Air – Live at the BBC Volume 2 (2013-11-11)	My Bonnie	Ya Ya	The Beatles Bootleg Recordings 1963	The Beatles: Get Back – The Rooftop Performance	1967–1970	Rubber Soul: Super Deluxe Edition
near-neighbor-control-album-050	Singles	Magical Mystery Tour (1967-11-27)	Rubber Soul (1965-12-03)	Rubber Soul: Super Deluxe Edition	Let It Be: Special Edition	The Beatles' First	The Beatles (White Album) (1968-11-22)	Yellow Submarine (1969-01-13)	Live at the BBC (1994-11-30)	With the Beatles (1963-11-22)	Abbey Road (1969-09-26)	The Beatles Bootleg Recordings 1963	On Air – Live at the BBC Volume 2 (2013-11-11)	A Hard Day's Night (1964-07-10)	Revolver (1966-08-05)	Sgt. Pepper's Lonely Hearts Club Band (1967-05-26)	Beatles for Sale (1964-12-04)	Please Please Me (1963-03-22)	Help! (1965-08-06)	Let It Be (1970-05-08)	Past Masters (1988-03-07)	Anthology 1 (1995-11-20)	Anthology 2 (1996-03-18)	Anthology 3 (1996-10-28)	My Bonnie	Ya Ya	The Beatles: Get Back – The Rooftop Performance	1967–1970
near-neighbor-control-album-052	Singles	The Beatles (White Album) (1968-11-22)	The Beatles' First	Help! (1965-08-06)	Yellow Submarine (1969-01-13)	With the Beatles (1963-11-22)	Let It Be: Special Edition	Sgt. Pepper's Lonely Hearts Club Band (1967-05-26)	Live at the BBC (1994-11-30)	Please Please Me (1963-03-22)	A Hard Day's Night (1964-07-10)	Beatles for Sale (1964-12-04)	Rubber Soul (1965-12-03)	Revolver (1966-08-05)	Magical Mystery Tour (1967-11-27)	Abbey Road (1969-09-26)	Let It Be (1970-05-08)	Past Masters (1988-03-07)	Anthology 1 (1995-11-20)	Anthology 2 (1996-03-18)	Anthology 3 (1996-10-28)	On Air – Live at the BBC Volume 2 (2013-11-11)	My Bonnie	Ya Ya	The Beatles Bootleg Recordings 1963	The Beatles: Get Back – The Rooftop Performance	1967–1970	Rubber Soul: Super Deluxe Edition
near-neighbor-control-album-055	Singles	Yellow Submarine (1969-01-13)	Magical Mystery Tour (1967-11-27)	Revolver (1966-08-05)	Help! (1965-08-06)	The Beatles' First	Live at the BBC (1994-11-30)	With the Beatles (1963-11-22)	Let It Be: Special Edition	The Beatles (White Album) (1968-11-22)	Please Please Me (1963-03-22)	A Hard Day's Night (1964-07-10)	Beatles for Sale (1964-12-04)	Rubber Soul (1965-12-03)	Sgt. Pepper's Lonely Hearts Club Band (1967-05-26)	Abbey Road (1969-09-26)	Let It Be (1970-05-08)	Past Masters (1988-03-07)	Anthology 1 (1995-11-20)	Anthology 2 (1996-03-18)	Anthology 3 (1996-10-28)	On Air – Live at the BBC Volume 2 (2013-11-11)	My Bonnie	Ya Ya	The Beatles Bootleg Recordings 1963	The Beatles: Get Back – The Rooftop Performance	1967–1970	Rubber Soul: Super Deluxe Edition
near-neighbor-control-album-058	Singles	Abbey Road (1969-09-26)	The Beatles' First	Help! (1965-08-06)	Yellow Submarine (1969-01-13)	Revolver (1966-08-05)	With the Beatles (1963-11-22)	Let It Be: Special Edition	The Beatles (White Album) (1968-11-22)	Sgt. Pepper's Lonely Hearts Club Band (1967-05-26)	Let It Be (1970-05-08)	Live at the BBC (1994-11-30)	Please Please Me (1963-03-22)	A Hard Day's Night (1964-07-10)	Beatles for Sale (1964-12-04)	Rubber Soul (1965-12-03)	Magical Mystery Tour (1967-11-27)	Past Masters (1988-03-07)	Anthology 1 (1995-11-20)	Anthology 2 (1996-03-18)	Anthology 3 (1996-10-28)	On Air – Live at the BBC Volume 2 (2013-11-11)	My Bonnie	Ya Ya	The Beatles Bootleg Recordings 1963	The Beatles: Get Back – The Rooftop Performance	1967–1970	Rubber Soul: Super Deluxe Edition
near-neighbor-album-002	Help! (1965-08-06)	Singles	Rubber Soul: Super Deluxe Edition	Rubber Soul (1965-12-03)	Beatles for Sale (1964-12-04)	The Beatles' First	Yellow Submarine (1969-01-13)	With the Beatles (1963-11-22)	Let It Be: Special Edition	The Beatles (White Album) (1968-11-22)	Live at the BBC (1994-11-30)	Sgt. Pepper's Lonely Hearts Club Band (1967-05-26)	Anthology 1 (1995-11-20)	Please Please Me (1963-03-22)	A Hard Day's Night (1964-07-10)	Revolver (1966-08-05)	Magical Mystery Tour (1967-11-27)	Abbey Road (1969-09-26)	Let It Be (1970-05-08)	Past Masters (1988-03-07)	Anthology 2 (1996-03-18)	Anthology 3 (1996-10-28)	On Air – Live at the BBC Volume 2 (2013-11-11)	My Bonnie	Ya Ya	The Beatles Bootleg Recordings 1963	The Beatles: Get Back – The Rooftop Performance	1967–1970
near-neighbor-album-004	Singles	Let It Be (1970-05-08)	Yellow Submarine (1969-01-13)	Revolver (1966-08-05)	Abbey Road (1969-09-26)	The Beatles' First	With the Beatles (1963-11-22)	Let It Be: Special Edition	The Beatles (White Album) (1968-11-22)	Live at the BBC (1994-11-30)	Please Please Me (1963-03-22)	A Hard Day's Night (1964-07-10)	Beatles for Sale (1964-12-04)	Help! (1965-08-06)	Rubber Soul (1965-12-03)	Sgt. Pepper's Lonely Hearts Club Band (1967-05-26)	Magical Mystery Tour (1967-11-27)	Past Masters (1988-03-07)	Anthology 1 (1995-11-20)	Anthology 2 (1996-03-18)	Anthology 3 (1996-10-28)	On Air – Live at the BBC Volume 2 (2013-11-11)	My Bonnie	Ya Ya	The Beatles Bootleg Recordings 1963	The Beatles: Get Back – The Rooftop Performance	1967–1970	Rubber Soul: Super Deluxe Edition
near-neighbor-album-013	Sgt. Pepper's Lonely Hearts Club Band (1967-05-26)	Singles	Magical Mystery Tour (1967-11-27)	On Air – Live at the BBC Volume 2 (2013-11-11)	The Beatles' First	Yellow Submarine (1969-01-13)	Revolver (1966-08-05)	With the Beatles (1963-11-22)	Let It Be: Special Edition	A Hard Day's Night (1964-07-10)	The Beatles (White Album) (1968-11-22)	Live at the BBC (1994-11-30)	Please Please Me (1963-03-22)	Beatles for Sale (1964-12-04)	Help! (1965-08-06)	Rubber Soul (1965-12-03)	Abbey Road (1969-09-26)	Let It Be (1970-05-08)	Past Masters (1988-03-07)	Anthology 1 (1995-11-20)	Anthology 2 (1996-03-18)	Anthology 3 (1996-10-28)	My Bonnie	Ya Ya	The Beatles Bootleg Recordings 1963	The Beatles: Get Back – The Rooftop Performance	1967–1970	Rubber Soul: Super Deluxe Edition
near-neighbor-album-023	Singles	Rubber Soul: Super Deluxe Edition	Rubber Soul (1965-12-03)	Help! (1965-08-06)	The Beatles' First	Yellow Submarine (1969-01-13)	Revolver (1966-08-05)	With the Beatles (1963-11-22)	Let It Be: Special Edition	Live at the BBC (1994-11-30)	Sgt. Pepper's Lonely Hearts Club Band (1967-05-26)	The Beatles (White Album) (1968-11-22)	Anthology 1 (1995-11-20)	Please Please Me (1963-03-22)	A Hard Day's Night (1964-07-10)	Beatles for Sale (1964-12-04)	Magical Mystery Tour (1967-11-27)	Abbey Road (1969-09-26)	Let It Be (1970-05-08)	Past Masters (1988-03-07)	Anthology 2 (1996-03-18)	Anthology 3 (1996-10-28)	On Air – Live at the BBC Volume 2 (2013-11-11)	My Bonnie	Ya Ya	The Beatles Bootleg Recordings 1963	The Beatles: Get Back – The Rooftop Performance	1967–1970
near-neighbor-album-026	Sgt. Pepper's Lonely Hearts Club Band (1967-05-26)	Singles	Revolver (1966-08-05)	Rubber Soul: Super Deluxe Edition	Rubber Soul (1965-12-03)	On Air – Live at the BBC Volume 2 (2013-11-11)	The Beatles' First	Yellow Submarine (1969-01-13)	With the Beatles (1963-11-22)	Let It Be: Special Edition	The Beatles (White Album) (1968-11-22)	A Hard Day's Night (1964-07-10)	Live at the BBC (1994-11-30)	Anthology 1 (1995-11-20)	Please Please Me (1963-03-22)	Beatles for Sale (1964-12-04)	Help! (1965-08-06)	Magical Mystery Tour (1967-11-27)	Abbey Road (1969-09-26)	Let It Be (1970-05-08)	Past Masters (1988-03-07)	Anthology 2 (1996-03-18)	Anthology 3 (1996-10-28)	My Bonnie	Ya Ya	The Beatles Bootleg Recordings 1963	The Beatles: Get Back – The Rooftop Performance	1967–1970
near-neighbor-album-035	Singles	Yellow Submarine (1969-01-13)	Abbey Road (1969-09-26)	Revolver (1966-08-05)	The Beatles (White Album) (1968-11-22)	The Beatles' First	With the Beatles (1963-11-22)	Let It Be: Special Edition	Let It Be (1970-05-08)	Live at the BBC (1994-11-30)	Please Please Me (1963-03-22)	A Hard Day's Night (1964-07-10)	Beatles for Sale (1964-12-04)	Help! (1965-08-06)	Rubber Soul (1965-12-03)	Sgt. Pepper's Lonely Hearts Club Band (1967-05-26)	Magical Mystery Tour (1967-11-27)	Past Masters (1988-03-07)	Anthology 1 (1995-11-20)	Anthology 2 (1996-03-18)	Anthology 3 (1996-10-28)	On Air – Live at the BBC Volume 2 (2013-11-11)	My Bonnie	Ya Ya	The Beatles Bootleg Recordings 1963	The Beatles: Get Back – The Rooftop Performance	1967–1970	Rubber Soul: Super Deluxe Edition
near-neighbor-album-041	Singles	A Hard Day's Night (1964-07-10)	Please Please Me (1963-03-22)	With the Beatles (1963-11-22)	The Beatles' First	Yellow Submarine (1969-01-13)	Let It Be: Special Edition	The Beatles (White Album) (1968-11-22)	Help! (1965-08-06)	Revolver (1966-08-05)	Sgt. Pepper's Lonely Hearts Club Band (1967-05-26)	Anthology 1 (1995-11-20)	Live at the BBC (1994-11-30)	Beatles for Sale (1964-12-04)	Rubber Soul (1965-12-03)	Magical Mystery Tour (1967-11-27)	Abbey Road (1969-09-26)	Let It Be (1970-05-08)	Past Masters (1988-03-07)	Anthology 2 (1996-03-18)	Anthology 3 (1996-10-28)	On Air – Live at the BBC Volume 2 (2013-11-11)	My Bonnie	Ya Ya	The Beatles Bootleg Recordings 1963	The Beatles: Get Back – The Rooftop Performance	1967–1970	Rubber Soul: Super Deluxe Edition
near-neighbor-album-047	Singles	Yellow Submarine (1969-01-13)	Abbey Road (1969-09-26)	Revolver (1966-08-05)	The Beatles' First	With the Beatles (1963-11-22)	Let It Be: Special Edition	The Beatles (White Album) (1968-11-22)	Let It Be (1970-05-08)	Live at the BBC (1994-11-30)	Please Please Me (1963-03-22)	A Hard Day's Night (1964-07-10)	Beatles for Sale (1964-12-04)	Help! (1965-08-06)	Rubber Soul (1965-12-03)	Sgt. Pepper's Lonely Hearts Club Band (1967-05-26)	Magical Mystery Tour (1967-11-27)	Past Masters (1988-03-07)	Anthology 1 (1995-11-20)	Anthology 2 (1996-03-18)	Anthology 3 (1996-10-28)	On Air – Live at the BBC Volume 2 (2013-11-11)	My Bonnie	Ya Ya	The Beatles Bootleg Recordings 1963	The Beatles: Get Back – The Rooftop Performance	1967–1970	Rubber Soul: Super Deluxe Edition
none-of-these-absent-002	Sgt. Pepper's Lonely Hearts Club Band (1967-05-26)	Yellow Submarine (1969-01-13)	Singles	Beatles for Sale (1964-12-04)	Revolver (1966-08-05)	Let It Be: Special Edition	On Air – Live at the BBC Volume 2 (2013-11-11)	The Beatles' First	With the Beatles (1963-11-22)	The Beatles (White Album) (1968-11-22)	Live at the BBC (1994-11-30)	Please Please Me (1963-03-22)	A Hard Day's Night (1964-07-10)	Help! (1965-08-06)	Rubber Soul (1965-12-03)	Magical Mystery Tour (1967-11-27)	Abbey Road (1969-09-26)	Let It Be (1970-05-08)	Past Masters (1988-03-07)	Anthology 1 (1995-11-20)	Anthology 2 (1996-03-18)	Anthology 3 (1996-10-28)	My Bonnie	Ya Ya	The Beatles Bootleg Recordings 1963	The Beatles: Get Back – The Rooftop Performance	1967–1970	Rubber Soul: Super Deluxe Edition
none-of-these-absent-004	Sgt. Pepper's Lonely Hearts Club Band (1967-05-26)	Singles	Magical Mystery Tour (1967-11-27)	Let It Be: Special Edition	On Air – Live at the BBC Volume 2 (2013-11-11)	With the Beatles (1963-11-22)	Beatles for Sale (1964-12-04)	The Beatles' First	Yellow Submarine (1969-01-13)	The Beatles (White Album) (1968-11-22)	Anthology 1 (1995-11-20)	Abbey Road (1969-09-26)	Live at the BBC (1994-11-30)	Please Please Me (1963-03-22)	A Hard Day's Night (1964-07-10)	Help! (1965-08-06)	Rubber Soul (1965-12-03)	Revolver (1966-08-05)	Let It Be (1970-05-08)	Past Masters (1988-03-07)	Anthology 2 (1996-03-18)	Anthology 3 (1996-10-28)	My Bonnie	Ya Ya	The Beatles Bootleg Recordings 1963	The Beatles: Get Back – The Rooftop Performance	1967–1970	Rubber Soul: Super Deluxe Edition
none-of-these-absent-005	Singles	Magical Mystery Tour (1967-11-27)	Let It Be: Special Edition	The Beatles (White Album) (1968-11-22)	On Air – Live at the BBC Volume 2 (2013-11-11)	Beatles for Sale (1964-12-04)	The Beatles' First	Yellow Submarine (1969-01-13)	With the Beatles (1963-11-22)	Live at the BBC (1994-11-30)	The Beatles Bootleg Recordings 1963	A Hard Day's Night (1964-07-10)	Revolver (1966-08-05)	Rubber Soul (1965-12-03)	Sgt. Pepper's Lonely Hearts Club Band (1967-05-26)	Please Please Me (1963-03-22)	Help! (1965-08-06)	Abbey Road (1969-09-26)	Let It Be (1970-05-08)	Past Masters (1988-03-07)	Anthology 1 (1995-11-20)	Anthology 2 (1996-03-18)	Anthology 3 (1996-10-28)	My Bonnie	Ya Ya	The Beatles: Get Back – The Rooftop Performance	1967–1970	Rubber Soul: Super Deluxe Edition
none-of-these-present-007	Singles	A Hard Day's Night (1964-07-10)	Abbey Road (1969-09-26)	Rubber Soul: Super Deluxe Edition	Let It Be: Special Edition	The Beatles (White Album) (1968-11-22)	Rubber Soul (1965-12-03)	The Beatles' First	On Air – Live at the BBC Volume 2 (2013-11-11)	Yellow Submarine (1969-01-13)	With the Beatles (1963-11-22)	Live at the BBC (1994-11-30)	Let It Be (1970-05-08)	Help! (1965-08-06)	Revolver (1966-08-05)	Sgt. Pepper's Lonely Hearts Club Band (1967-05-26)	Anthology 1 (1995-11-20)	Please Please Me (1963-03-22)	Beatles for Sale (1964-12-04)	Magical Mystery Tour (1967-11-27)	Past Masters (1988-03-07)	Anthology 2 (1996-03-18)	Anthology 3 (1996-10-28)	My Bonnie	Ya Ya	The Beatles Bootleg Recordings 1963	The Beatles: Get Back – The Rooftop Performance	1967–1970
none-of-these-absent-008	Sgt. Pepper's Lonely Hearts Club Band (1967-05-26)	Let It Be: Special Edition	Singles	On Air – Live at the BBC Volume 2 (2013-11-11)	Let It Be (1970-05-08)	The Beatles (White Album) (1968-11-22)	The Beatles' First	Help! (1965-08-06)	Yellow Submarine (1969-01-13)	With the Beatles (1963-11-22)	Live at the BBC (1994-11-30)	Please Please Me (1963-03-22)	A Hard Day's Night (1964-07-10)	Beatles for Sale (1964-12-04)	Rubber Soul (1965-12-03)	Revolver (1966-08-05)	Magical Mystery Tour (1967-11-27)	Abbey Road (1969-09-26)	Past Masters (1988-03-07)	Anthology 1 (1995-11-20)	Anthology 2 (1996-03-18)	Anthology 3 (1996-10-28)	My Bonnie	Ya Ya	The Beatles Bootleg Recordings 1963	The Beatles: Get Back – The Rooftop Performance	1967–1970	Rubber Soul: Super Deluxe Edition
none-of-these-absent-009	Singles	A Hard Day's Night (1964-07-10)	Let It Be: Special Edition	The Beatles' First	The Beatles (White Album) (1968-11-22)	Help! (1965-08-06)	Live at the BBC (1994-11-30)	On Air – Live at the BBC Volume 2 (2013-11-11)	Yellow Submarine (1969-01-13)	With the Beatles (1963-11-22)	Sgt. Pepper's Lonely Hearts Club Band (1967-05-26)	Anthology 1 (1995-11-20)	Beatles for Sale (1964-12-04)	Please Please Me (1963-03-22)	Rubber Soul (1965-12-03)	Revolver (1966-08-05)	Magical Mystery Tour (1967-11-27)	Abbey Road (1969-09-26)	Let It Be (1970-05-08)	Past Masters (1988-03-07)	Anthology 2 (1996-03-18)	Anthology 3 (1996-10-28)	My Bonnie	Ya Ya	The Beatles Bootleg Recordings 1963	The Beatles: Get Back – The Rooftop Performance	1967–1970	Rubber Soul: Super Deluxe Edition
none-of-these-present-012	Singles	With the Beatles (1963-11-22)	A Hard Day's Night (1964-07-10)	Let It Be: Special Edition	The Beatles (White Album) (1968-11-22)	The Beatles' First	Live at the BBC (1994-11-30)	On Air – Live at the BBC Volume 2 (2013-11-11)	Yellow Submarine (1969-01-13)	Anthology 3 (1996-10-28)	Help! (1965-08-06)	Beatles for Sale (1964-12-04)	Revolver (1966-08-05)	Sgt. Pepper's Lonely Hearts Club Band (1967-05-26)	Anthology 1 (1995-11-20)	Please Please Me (1963-03-22)	Rubber Soul (1965-12-03)	Magical Mystery Tour (1967-11-27)	Abbey Road (1969-09-26)	Let It Be (1970-05-08)	Past Masters (1988-03-07)	Anthology 2 (1996-03-18)	My Bonnie	Ya Ya	The Beatles Bootleg Recordings 1963	The Beatles: Get Back – The Rooftop Performance	1967–1970	Rubber Soul: Super Deluxe Edition
none-of-these-present-013	Revolver (1966-08-05)	Singles	Yellow Submarine (1969-01-13)	Let It Be: Special Edition	The Beatles' First	On Air – Live at the BBC Volume 2 (2013-11-11)	With the Beatles (1963-11-22)	Beatles for Sale (1964-12-04)	The Beatles (White Album) (1968-11-22)	Live at the BBC (1994-11-30)	Please Please Me (1963-03-22)	A Hard Day's Night (1964-07-10)	Help! (1965-08-06)	Rubber Soul (1965-12-03)	Sgt. Pepper's Lonely Hearts Club Band (1967-05-26)	Magical Mystery Tour (1967-11-27)	Abbey Road (1969-09-26)	Let It Be (1970-05-08)	Past Masters (1988-03-07)	Anthology 1 (1995-11-20)	Anthology 2 (1996-03-18)	Anthology 3 (1996-10-28)	My Bonnie	Ya Ya	The Beatles Bootleg Recordings 1963	The Beatles: Get Back – The Rooftop Performance	1967–1970	Rubber Soul: Super Deluxe Edition
none-of-these-absent-014	Singles	Rubber Soul: Super Deluxe Edition	Let It Be: Special Edition	Rubber Soul (1965-12-03)	The Beatles' First	On Air – Live at the BBC Volume 2 (2013-11-11)	Yellow Submarine (1969-01-13)	With the Beatles (1963-11-22)	Beatles for Sale (1964-12-04)	The Beatles (White Album) (1968-11-22)	Live at the BBC (1994-11-30)	Please Please Me (1963-03-22)	A Hard Day's Night (1964-07-10)	Help! (1965-08-06)	Revolver (1966-08-05)	Sgt. Pepper's Lonely Hearts Club Band (1967-05-26)	Magical Mystery Tour (1967-11-27)	Abbey Road (1969-09-26)	Let It Be (1970-05-08)	Past Masters (1988-03-07)	Anthology 1 (1995-11-20)	Anthology 2 (1996-03-18)	Anthology 3 (1996-10-28)	My Bonnie	Ya Ya	The Beatles Bootleg Recordings 1963	The Beatles: Get Back – The Rooftop Performance	1967–1970
none-of-these-absent-017	Singles	Magical Mystery Tour (1967-11-27)	Yellow Submarine (1969-01-13)	Revolver (1966-08-05)	A Hard Day's Night (1964-07-10)	Let It Be: Special Edition	The Beatles (White Album) (1968-11-22)	The Beatles' First	On Air – Live at the BBC Volume 2 (2013-11-11)	With the Beatles (1963-11-22)	Anthology 3 (1996-10-28)	Live at the BBC (1994-11-30)	Please Please Me (1963-03-22)	Beatles for Sale (1964-12-04)	Help! (1965-08-06)	Rubber Soul (1965-12-03)	Sgt. Pepper's Lonely Hearts Club Band (1967-05-26)	Abbey Road (1969-09-26)	Let It Be (1970-05-08)	Past Masters (1988-03-07)	Anthology 1 (1995-11-20)	Anthology 2 (1996-03-18)	My Bonnie	Ya Ya	The Beatles Bootleg Recordings 1963	The Beatles: Get Back – The Rooftop Performance	1967–1970	Rubber Soul: Super Deluxe Edition
none-of-these-present-020	Sgt. Pepper's Lonely Hearts Club Band (1967-05-26)	Singles	Help! (1965-08-06)	Let It Be: Special Edition	On Air – Live at the BBC Volume 2 (2013-11-11)	The Beatles (White Album) (1968-11-22)	The Beatles' First	Yellow Submarine (1969-01-13)	A Hard Day's Night (1964-07-10)	With the Beatles (1963-11-22)	Live at the BBC (1994-11-30)	Please Please Me (1963-03-22)	Beatles for Sale (1964-12-04)	Rubber Soul (1965-12-03)	Revolver (1966-08-05)	Magical Mystery Tour (1967-11-27)	Abbey Road (1969-09-26)	Let It Be (1970-05-08)	Past Masters (1988-03-07)	Anthology 1 (1995-11-20)	Anthology 2 (1996-03-18)	Anthology 3 (1996-10-28)	My Bonnie	Ya Ya	The Beatles Bootleg Recordings 1963	The Beatles: Get Back – The Rooftop Performance	1967–1970	Rubber Soul: Super Deluxe Edition
none-of-these-absent-024	Singles	Yellow Submarine (1969-01-13)	Let It Be: Special Edition	The Beatles (White Album) (1968-11-22)	Revolver (1966-08-05)	Abbey Road (1969-09-26)	The Beatles' First	On Air – Live at the BBC Volume 2 (2013-11-11)	With the Beatles (1963-11-22)	Let It Be (1970-05-08)	Live at the BBC (1994-11-30)	Please Please Me (1963-03-22)	A Hard Day's Night (1964-07-10)	Beatles for Sale (1964-12-04)	Help! (1965-08-06)	Rubber Soul (1965-12-03)	Sgt. Pepper's Lonely Hearts Club Band (1967-05-26)	Magical Mystery Tour (1967-11-27)	Past Masters (1988-03-07)	Anthology 1 (1995-11-20)	Anthology 2 (1996-03-18)	Anthology 3 (1996-10-28)	My Bonnie	Ya Ya	The Beatles Bootleg Recordings 1963	The Beatles: Get Back – The Rooftop Performance	1967–1970	Rubber Soul: Super Deluxe Edition
none-of-these-absent-025	Singles	Yellow Submarine (1969-01-13)	A Hard Day's Night (1964-07-10)	Let It Be: Special Edition	Revolver (1966-08-05)	With the Beatles (1963-11-22)	The Beatles (White Album) (1968-11-22)	The Beatles' First	On Air – Live at the BBC Volume 2 (2013-11-11)	Beatles for Sale (1964-12-04)	Help! (1965-08-06)	Sgt. Pepper's Lonely Hearts Club Band (1967-05-26)	Anthology 1 (1995-11-20)	Live at the BBC (1994-11-30)	Please Please Me (1963-03-22)	Rubber Soul (1965-12-03)	Magical Mystery Tour (1967-11-27)	Abbey Road (1969-09-26)	Let It Be (1970-05-08)	Past Masters (1988-03-07)	Anthology 2 (1996-03-18)	Anthology 3 (1996-10-28)	My Bonnie	Ya Ya	The Beatles Bootleg Recordings 1963	The Beatles: Get Back – The Rooftop Performance	1967–1970	Rubber Soul: Super Deluxe Edition
none-of-these-absent-029	Singles	The Beatles (White Album) (1968-11-22)	Let It Be (1970-05-08)	Let It Be: Special Edition	With the Beatles (1963-11-22)	The Beatles' First	Help! (1965-08-06)	On Air – Live at the BBC Volume 2 (2013-11-11)	Yellow Submarine (1969-01-13)	Revolver (1966-08-05)	Past Masters (1988-03-07)	Sgt. Pepper's Lonely Hearts Club Band (1967-05-26)	Abbey Road (1969-09-26)	Live at the BBC (1994-11-30)	Please Please Me (1963-03-22)	A Hard Day's Night (1964-07-10)	Beatles for Sale (1964-12-04)	Rubber Soul (1965-12-03)	Magical Mystery Tour (1967-11-27)	Anthology 1 (1995-11-20)	Anthology 2 (1996-03-18)	Anthology 3 (1996-10-28)	My Bonnie	Ya Ya	The Beatles Bootleg Recordings 1963	The Beatles: Get Back – The Rooftop Performance	1967–1970	Rubber Soul: Super Deluxe Edition
reversal-forward-001	Magical Mystery Tour (1967-11-27)	Beatles for Sale (1964-12-04)	Revolver (1966-08-05)	The Beatles (White Album) (1968-11-22)	A Hard Day's Night (1964-07-10)	Help! (1965-08-06)	Singles	Please Please Me (1963-03-22)	Anthology 1 (1995-11-20)	Live at the BBC (1994-11-30)	Yellow Submarine (1969-01-13)	Let It Be (1970-05-08)	Anthology 3 (1996-10-28)	Rubber Soul (1965-12-03)	With the Beatles (1963-11-22)	1967–1970	Abbey Road (1969-09-26)	Let It Be: Special Edition	Sgt. Pepper's Lonely Hearts Club Band (1967-05-26)	The Beatles' First	Anthology 2 (1996-03-18)	Past Masters (1988-03-07)	On Air – Live at the BBC Volume 2 (2013-11-11)	My Bonnie	Ya Ya	The Beatles Bootleg Recordings 1963	The Beatles: Get Back – The Rooftop Performance	Rubber Soul: Super Deluxe Edition
reversal-forward-003	The Beatles (White Album) (1968-11-22)	A Hard Day's Night (1964-07-10)	Let It Be (1970-05-08)	Magical Mystery Tour (1967-11-27)	Let It Be: Special Edition	With the Beatles (1963-11-22)	Please Please Me (1963-03-22)	Beatles for Sale (1964-12-04)	Singles	Yellow Submarine (1969-01-13)	Anthology 1 (1995-11-20)	Anthology 3 (1996-10-28)	Revolver (1966-08-05)	Rubber Soul (1965-12-03)	Help! (1965-08-06)	1967–1970	Abbey Road (1969-09-26)	Live at the BBC (1994-11-30)	Sgt. Pepper's Lonely Hearts Club Band (1967-05-26)	The Beatles' First	Anthology 2 (1996-03-18)	Past Masters (1988-03-07)	On Air – Live at the BBC Volume 2 (2013-11-11)	My Bonnie	Ya Ya	The Beatles Bootleg Recordings 1963	The Beatles: Get Back – The Rooftop Performance	Rubber Soul: Super Deluxe Edition
reversal-forward-004	A Hard Day's Night (1964-07-10)	The Beatles (White Album) (1968-11-22)	Please Please Me (1963-03-22)	Anthology 1 (1995-11-20)	With the Beatles (1963-11-22)	Singles	Yellow Submarine (1969-01-13)	Let It Be (1970-05-08)	Anthology 3 (1996-10-28)	Revolver (1966-08-05)	Magical Mystery Tour (1967-11-27)	Rubber Soul (1965-12-03)	Help! (1965-08-06)	1967–1970	Abbey Road (1969-09-26)	Live at the BBC (1994-11-30)	Let It Be: Special Edition	Sgt. Pepper's Lonely Hearts Club Band (1967-05-26)	The Beatles' First	Anthology 2 (1996-03-18)	Beatles for Sale (1964-12-04)	Past Masters (1988-03-07)	On Air – Live at the BBC Volume 2 (2013-11-11)	My Bonnie	Ya Ya	The Beatles Bootleg Recordings 1963	The Beatles: Get Back – The Rooftop Performance	Rubber Soul: Super Deluxe Edition
reversal-forward-019	Yellow Submarine (1969-01-13)	Magical Mystery Tour (1967-11-27)	Let It Be (1970-05-08)	Let It Be: Special Edition	Live at the BBC (1994-11-30)	Revolver (1966-08-05)	Anthology 3 (1996-10-28)	Help! (1965-08-06)	The Beatles (White Album) (1968-11-22)	Abbey Road (1969-09-26)	Singles	Sgt. Pepper's Lonely Hearts Club Band (1967-05-26)	A Hard Day's Night (1964-07-10)	Rubber Soul (1965-12-03)	Please Please Me (1963-03-22)	Beatles for Sale (1964-12-04)	Anthology 1 (1995-11-20)	With the Beatles (1963-11-22)	Anthology 2 (1996-03-18)	1967–1970	The Beatles Bootleg Recordings 1963	Past Masters (1988-03-07)	On Air – Live at the BBC Volume 2 (2013-11-11)	My Bonnie	Ya Ya	The Beatles' First	The Beatles: Get Back – The Rooftop Performance	Rubber Soul: Super Deluxe Edition
reversal-forward-023	Magical Mystery Tour (1967-11-27)	Please Please Me (1963-03-22)	Let It Be: Special Edition	Live at the BBC (1994-11-30)	Anthology 3 (1996-10-28)	Let It Be (1970-05-08)	Anthology 1 (1995-11-20)	The Beatles (White Album) (1968-11-22)	Singles	Anthology 2 (1996-03-18)	Past Masters (1988-03-07)	Revolver (1966-08-05)	Rubber Soul (1965-12-03)	Help! (1965-08-06)	With the Beatles (1963-11-22)	Sgt. Pepper's Lonely Hearts Club Band (1967-05-26)	Beatles for Sale (1964-12-04)	Abbey Road (1969-09-26)	A Hard Day's Night (1964-07-10)	Yellow Submarine (1969-01-13)	On Air – Live at the BBC Volume 2 (2013-11-11)	My Bonnie	Ya Ya	The Beatles' First	The Beatles Bootleg Recordings 1963	The Beatles: Get Back – The Rooftop Performance	1967–1970	Rubber Soul: Super Deluxe Edition
reversal-forward-025	With the Beatles (1963-11-22)	Anthology 2 (1996-03-18)	Anthology 1 (1995-11-20)	Rubber Soul (1965-12-03)	Let It Be: Special Edition	Help! (1965-08-06)	Revolver (1966-08-05)	Let It Be (1970-05-08)	Singles	Past Masters (1988-03-07)	Sgt. Pepper's Lonely Hearts Club Band (1967-05-26)	Please Please Me (1963-03-22)	Beatles for Sale (1964-12-04)	The Beatles (White Album) (1968-11-22)	Abbey Road (1969-09-26)	A Hard Day's Night (1964-07-10)	Magical Mystery Tour (1967-11-27)	Yellow Submarine (1969-01-13)	Live at the BBC (1994-11-30)	Anthology 3 (1996-10-28)	On Air – Live at the BBC Volume 2 (2013-11-11)	My Bonnie	Ya Ya	The Beatles' First	The Beatles Bootleg Recordings 1963	The Beatles: Get Back – The Rooftop Performance	1967–1970	Rubber Soul: Super Deluxe Edition
reverse-singer-to-song-002	Yellow Submarine (1969-01-13)	Live at the BBC (1994-11-30)	Help! (1965-08-06)	Abbey Road (1969-09-26)	Let It Be: Special Edition	The Beatles (White Album) (1968-11-22)	Anthology 1 (1995-11-20)	Rubber Soul (1965-12-03)	Beatles for Sale (1964-12-04)	Revolver (1966-08-05)	Anthology 3 (1996-10-28)	Singles	A Hard Day's Night (1964-07-10)	Let It Be (1970-05-08)	Sgt. Pepper's Lonely Hearts Club Band (1967-05-26)	Please Please Me (1963-03-22)	With the Beatles (1963-11-22)	The Beatles Bootleg Recordings 1963	Magical Mystery Tour (1967-11-27)	Anthology 2 (1996-03-18)	Past Masters (1988-03-07)	1967–1970	Rubber Soul: Super Deluxe Edition	The Beatles' First	On Air – Live at the BBC Volume 2 (2013-11-11)	My Bonnie	The Beatles: Get Back – The Rooftop Performance	Ya Ya
reverse-singer-to-song-011	Sgt. Pepper's Lonely Hearts Club Band (1967-05-26)	With the Beatles (1963-11-22)	Abbey Road (1969-09-26)	Please Please Me (1963-03-22)	Live at the BBC (1994-11-30)	Beatles for Sale (1964-12-04)	Yellow Submarine (1969-01-13)	Rubber Soul (1965-12-03)	Anthology 3 (1996-10-28)	Anthology 1 (1995-11-20)	Revolver (1966-08-05)	Help! (1965-08-06)	The Beatles (White Album) (1968-11-22)	Singles	A Hard Day's Night (1964-07-10)	Let It Be (1970-05-08)	Magical Mystery Tour (1967-11-27)	Anthology 2 (1996-03-18)	1967–1970	The Beatles Bootleg Recordings 1963	Let It Be: Special Edition	Past Masters (1988-03-07)	On Air – Live at the BBC Volume 2 (2013-11-11)	The Beatles' First	My Bonnie	The Beatles: Get Back – The Rooftop Performance	Rubber Soul: Super Deluxe Edition	Ya Ya
reverse-singer-to-song-012	Help! (1965-08-06)	Live at the BBC (1994-11-30)	Rubber Soul (1965-12-03)	Anthology 1 (1995-11-20)	Rubber Soul: Super Deluxe Edition	Beatles for Sale (1964-12-04)	Ya Ya	Yellow Submarine (1969-01-13)	With the Beatles (1963-11-22)	Revolver (1966-08-05)	Let It Be: Special Edition	Anthology 2 (1996-03-18)	The Beatles' First	Sgt. Pepper's Lonely Hearts Club Band (1967-05-26)	Let It Be (1970-05-08)	The Beatles Bootleg Recordings 1963	Singles	On Air – Live at the BBC Volume 2 (2013-11-11)	A Hard Day's Night (1964-07-10)	The Beatles (White Album) (1968-11-22)	Abbey Road (1969-09-26)	Please Please Me (1963-03-22)	Anthology 3 (1996-10-28)	Magical Mystery Tour (1967-11-27)	1967–1970	Past Masters (1988-03-07)	My Bonnie	The Beatles: Get Back – The Rooftop Performance
reverse-singer-to-song-018	Live at the BBC (1994-11-30)	Past Masters (1988-03-07)	Anthology 1 (1995-11-20)	Ya Ya	Yellow Submarine (1969-01-13)	Rubber Soul (1965-12-03)	The Beatles' First	Revolver (1966-08-05)	Help! (1965-08-06)	Rubber Soul: Super Deluxe Edition	Let It Be: Special Edition	Sgt. Pepper's Lonely Hearts Club Band (1967-05-26)	With the Beatles (1963-11-22)	Beatles for Sale (1964-12-04)	Singles	Abbey Road (1969-09-26)	The Beatles (White Album) (1968-11-22)	A Hard Day's Night (1964-07-10)	Let It Be (1970-05-08)	Please Please Me (1963-03-22)	Anthology 3 (1996-10-28)	Magical Mystery Tour (1967-11-27)	Anthology 2 (1996-03-18)	1967–1970	The Beatles Bootleg Recordings 1963	On Air – Live at the BBC Volume 2 (2013-11-11)	My Bonnie	The Beatles: Get Back – The Rooftop Performance
reverse-singer-to-song-025	Help! (1965-08-06)	With the Beatles (1963-11-22)	The Beatles (White Album) (1968-11-22)	Yellow Submarine (1969-01-13)	Rubber Soul (1965-12-03)	A Hard Day's Night (1964-07-10)	Anthology 3 (1996-10-28)	Anthology 1 (1995-11-20)	Revolver (1966-08-05)	Abbey Road (1969-09-26)	Live at the BBC (1994-11-30)	Let It Be (1970-05-08)	Magical Mystery Tour (1967-11-27)	1967–1970	Let It Be: Special Edition	Sgt. Pepper's Lonely Hearts Club Band (1967-05-26)	Singles	The Beatles' First	Anthology 2 (1996-03-18)	Please Please Me (1963-03-22)	Beatles for Sale (1964-12-04)	Past Masters (1988-03-07)	On Air – Live at the BBC Volume 2 (2013-11-11)	The Beatles Bootleg Recordings 1963	My Bonnie	The Beatles: Get Back – The Rooftop Performance	Rubber Soul: Super Deluxe Edition	Ya Ya
reverse-singer-to-song-026	Revolver (1966-08-05)	The Beatles (White Album) (1968-11-22)	Live at the BBC (1994-11-30)	Help! (1965-08-06)	With the Beatles (1963-11-22)	Abbey Road (1969-09-26)	Yellow Submarine (1969-01-13)	Rubber Soul (1965-12-03)	Anthology 1 (1995-11-20)	A Hard Day's Night (1964-07-10)	Please Please Me (1963-03-22)	Beatles for Sale (1964-12-04)	Singles	Let It Be (1970-05-08)	Anthology 3 (1996-10-28)	Magical Mystery Tour (1967-11-27)	1967–1970	Let It Be: Special Edition	Sgt. Pepper's Lonely Hearts Club Band (1967-05-26)	The Beatles' First	Anthology 2 (1996-03-18)	Past Masters (1988-03-07)	On Air – Live at the BBC Volume 2 (2013-11-11)	The Beatles Bootleg Recordings 1963	My Bonnie	The Beatles: Get Back – The Rooftop Performance	Rubber Soul: Super Deluxe Edition	Ya Ya
reverse-singer-to-song-035	Help! (1965-08-06)	Beatles for Sale (1964-12-04)	Let It Be: Special Edition	Singles	Rubber Soul (1965-12-03)	Yellow Submarine (1969-01-13)	The Beatles (White Album) (1968-11-22)	Anthology 1 (1995-11-20)	Revolver (1966-08-05)	Anthology 3 (1996-10-28)	Anthology 2 (1996-03-18)	Past Masters (1988-03-07)	With the Beatles (1963-11-22)	Sgt. Pepper's Lonely Hearts Club Band (1967-05-26)	Please Please Me (1963-03-22)	Abbey Road (1969-09-26)	Live at the BBC (1994-11-30)	A Hard Day's Night (1964-07-10)	Let It Be (1970-05-08)	The Beatles' First	Magical Mystery Tour (1967-11-27)	On Air – Live at the BBC Volume 2 (2013-11-11)	The Beatles Bootleg Recordings 1963	My Bonnie	The Beatles: Get Back – The Rooftop Performance	1967–1970	Rubber Soul: Super Deluxe Edition	Ya Ya
reverse-album-to-song-010	Help! (1965-08-06)	A Hard Day's Night (1964-07-10)	Singles	Beatles for Sale (1964-12-04)	Anthology 1 (1995-11-20)	Live at the BBC (1994-11-30)	Revolver (1966-08-05)	The Beatles (White Album) (1968-11-22)	The Beatles: Get Back – The Rooftop Performance	The Beatles Bootleg Recordings 1963	Sgt. Pepper's Lonely Hearts Club Band (1967-05-26)	Yellow Submarine (1969-01-13)	Let It Be (1970-05-08)	On Air – Live at the BBC Volume 2 (2013-11-11)	Anthology 2 (1996-03-18)	Please Please Me (1963-03-22)	Let It Be: Special Edition	Anthology 3 (1996-10-28)	Rubber Soul (1965-12-03)	With the Beatles (1963-11-22)	Magical Mystery Tour (1967-11-27)	Abbey Road (1969-09-26)	Past Masters (1988-03-07)	My Bonnie	Ya Ya	The Beatles' First	1967–1970	Rubber Soul: Super Deluxe Edition
reverse-album-to-song-025	Sgt. Pepper's Lonely Hearts Club Band (1967-05-26)	Singles	Abbey Road (1969-09-26)	The Beatles (White Album) (1968-11-22)	A Hard Day's Night (1964-07-10)	Help! (1965-08-06)	On Air – Live at the BBC Volume 2 (2013-11-11)	Live at the BBC (1994-11-30)	The Beatles Bootleg Recordings 1963	Anthology 2 (1996-03-18)	Please Please Me (1963-03-22)	Anthology 3 (1996-10-28)	Revolver (1966-08-05)	Beatles for Sale (1964-12-04)	Anthology 1 (1995-11-20)	With the Beatles (1963-11-22)	Rubber Soul (1965-12-03)	Magical Mystery Tour (1967-11-27)	Yellow Submarine (1969-01-13)	Let It Be (1970-05-08)	Past Masters (1988-03-07)	My Bonnie	Ya Ya	The Beatles' First	Let It Be: Special Edition	The Beatles: Get Back – The Rooftop Performance	1967–1970	Rubber Soul: Super Deluxe Edition
reverse-album-to-song-028	A Hard Day's Night (1964-07-10)	Sgt. Pepper's Lonely Hearts Club Band (1967-05-26)	Please Please Me (1963-03-22)	Singles	The Beatles (White Album) (1968-11-22)	Help! (1965-08-06)	Anthology 1 (1995-11-20)	Beatles for Sale (1964-12-04)	Revolver (1966-08-05)	Live at the BBC (1994-11-30)	The Beatles Bootleg Recordings 1963	On Air – Live at the BBC Volume 2 (2013-11-11)	Let It Be: Special Edition	Rubber Soul (1965-12-03)	With the Beatles (1963-11-22)	Magical Mystery Tour (1967-11-27)	Yellow Submarine (1969-01-13)	Abbey Road (1969-09-26)	Let It Be (1970-05-08)	Past Masters (1988-03-07)	Anthology 2 (1996-03-18)	Anthology 3 (1996-10-28)	My Bonnie	Ya Ya	The Beatles' First	The Beatles: Get Back – The Rooftop Performance	1967–1970	Rubber Soul: Super Deluxe Edition
reverse-album-to-song-037	Let It Be (1970-05-08)	The Beatles (White Album) (1968-11-22)	Singles	Sgt. Pepper's Lonely Hearts Club Band (1967-05-26)	Live at the BBC (1994-11-30)	Abbey Road (1969-09-26)	Yellow Submarine (1969-01-13)	A Hard Day's Night (1964-07-10)	Help! (1965-08-06)	Anthology 3 (1996-10-28)	Revolver (1966-08-05)	Please Please Me (1963-03-22)	Beatles for Sale (1964-12-04)	With the Beatles (1963-11-22)	Rubber Soul (1965-12-03)	Magical Mystery Tour (1967-11-27)	Past Masters (1988-03-07)	Anthology 1 (1995-11-20)	Anthology 2 (1996-03-18)	On Air – Live at the BBC Volume 2 (2013-11-11)	My Bonnie	Ya Ya	The Beatles' First	The Beatles Bootleg Recordings 1963	Let It Be: Special Edition	The Beatles: Get Back – The Rooftop Performance	1967–1970	Rubber Soul: Super Deluxe Edition
reverse-album-to-song-040	Sgt. Pepper's Lonely Hearts Club Band (1967-05-26)	The Beatles (White Album) (1968-11-22)	Singles	A Hard Day's Night (1964-07-10)	With the Beatles (1963-11-22)	On Air – Live at the BBC Volume 2 (2013-11-11)	Magical Mystery Tour (1967-11-27)	Help! (1965-08-06)	Let It Be (1970-05-08)	Abbey Road (1969-09-26)	Live at the BBC (1994-11-30)	Please Please Me (1963-03-22)	Beatles for Sale (1964-12-04)	Rubber Soul (1965-12-03)	Revolver (1966-08-05)	Yellow Submarine (1969-01-13)	Past Masters (1988-03-07)	Anthology 1 (1995-11-20)	Anthology 2 (1996-03-18)	Anthology 3 (1996-10-28)	My Bonnie	Ya Ya	The Beatles' First	The Beatles Bootleg Recordings 1963	Let It Be: Special Edition	The Beatles: Get Back – The Rooftop Performance	1967–1970	Rubber Soul: Super Deluxe Edition
reverse-singer-yes-no-013	Yellow Submarine (1969-01-13)	Help! (1965-08-06)	Live at the BBC (1994-11-30)	Let It Be: Special Edition	Revolver (1966-08-05)	Let It Be (1970-05-08)	Anthology 1 (1995-11-20)	Anthology 3 (1996-10-28)	The Beatles (White Album) (1968-11-22)	Magical Mystery Tour (1967-11-27)	Rubber Soul (1965-12-03)	With the Beatles (1963-11-22)	1967–1970	Abbey Road (1969-09-26)	Sgt. Pepper's Lonely Hearts Club Band (1967-05-26)	Singles	The Beatles' First	Anthology 2 (1996-03-18)	Please Please Me (1963-03-22)	A Hard Day's Night (1964-07-10)	Beatles for Sale (1964-12-04)	Past Masters (1988-03-07)	On Air – Live at the BBC Volume 2 (2013-11-11)	The Beatles Bootleg Recordings 1963	My Bonnie	The Beatles: Get Back – The Rooftop Performance	Rubber Soul: Super Deluxe Edition	Ya Ya
reverse-singer-yes-no-017	Let It Be: Special Edition	Yellow Submarine (1969-01-13)	Revolver (1966-08-05)	Help! (1965-08-06)	Sgt. Pepper's Lonely Hearts Club Band (1967-05-26)	A Hard Day's Night (1964-07-10)	The Beatles (White Album) (1968-11-22)	Live at the BBC (1994-11-30)	Anthology 2 (1996-03-18)	Past Masters (1988-03-07)	Rubber Soul (1965-12-03)	With the Beatles (1963-11-22)	Please Please Me (1963-03-22)	Beatles for Sale (1964-12-04)	Abbey Road (1969-09-26)	Anthology 1 (1995-11-20)	Singles	Let It Be (1970-05-08)	Anthology 3 (1996-10-28)	The Beatles' First	Magical Mystery Tour (1967-11-27)	On Air – Live at the BBC Volume 2 (2013-11-11)	The Beatles Bootleg Recordings 1963	My Bonnie	The Beatles: Get Back – The Rooftop Performance	1967–1970	Rubber Soul: Super Deluxe Edition	Ya Ya
reverse-singer-yes-no-020	Magical Mystery Tour (1967-11-27)	Let It Be: Special Edition	Yellow Submarine (1969-01-13)	Revolver (1966-08-05)	Help! (1965-08-06)	Live at the BBC (1994-11-30)	Anthology 2 (1996-03-18)	Past Masters (1988-03-07)	Rubber Soul (1965-12-03)	With the Beatles (1963-11-22)	Sgt. Pepper's Lonely Hearts Club Band (1967-05-26)	Please Please Me (1963-03-22)	Beatles for Sale (1964-12-04)	The Beatles (White Album) (1968-11-22)	Abbey Road (1969-09-26)	Anthology 1 (1995-11-20)	Singles	A Hard Day's Night (1964-07-10)	Let It Be (1970-05-08)	Anthology 3 (1996-10-28)	The Beatles' First	On Air – Live at the BBC Volume 2 (2013-11-11)	The Beatles Bootleg Recordings 1963	My Bonnie	The Beatles: Get Back – The Rooftop Performance	1967–1970	Rubber Soul: Super Deluxe Edition	Ya Ya
reverse-singer-yes-no-021	Let It Be: Special Edition	Yellow Submarine (1969-01-13)	Live at the BBC (1994-11-30)	Revolver (1966-08-05)	Help! (1965-08-06)	Anthology 2 (1996-03-18)	Past Masters (1988-03-07)	Rubber Soul (1965-12-03)	With the Beatles (1963-11-22)	Sgt. Pepper's Lonely Hearts Club Band (1967-05-26)	Please Please Me (1963-03-22)	Beatles for Sale (1964-12-04)	The Beatles (White Album) (1968-11-22)	Abbey Road (1969-09-26)	Anthology 1 (1995-11-20)	Singles	A Hard Day's Night (1964-07-10)	Let It Be (1970-05-08)	Anthology 3 (1996-10-28)	The Beatles' First	Magical Mystery Tour (1967-11-27)	On Air – Live at the BBC Volume 2 (2013-11-11)	The Beatles Bootleg Recordings 1963	My Bonnie	The Beatles: Get Back – The Rooftop Performance	1967–1970	Rubber Soul: Super Deluxe Edition	Ya Ya
reverse-singer-yes-no-022	Let It Be: Special Edition	Yellow Submarine (1969-01-13)	Please Please Me (1963-03-22)	Revolver (1966-08-05)	Help! (1965-08-06)	Live at the BBC (1994-11-30)	Anthology 2 (1996-03-18)	Past Masters (1988-03-07)	Rubber Soul (1965-12-03)	With the Beatles (1963-11-22)	Sgt. Pepper's Lonely Hearts Club Band (1967-05-26)	Beatles for Sale (1964-12-04)	The Beatles (White Album) (1968-11-22)	Abbey Road (1969-09-26)	Anthology 1 (1995-11-20)	Singles	A Hard Day's Night (1964-07-10)	Let It Be (1970-05-08)	Anthology 3 (1996-10-28)	The Beatles' First	Magical Mystery Tour (1967-11-27)	On Air – Live at the BBC Volume 2 (2013-11-11)	The Beatles Bootleg Recordings 1963	My Bonnie	The Beatles: Get Back – The Rooftop Performance	1967–1970	Rubber Soul: Super Deluxe Edition	Ya Ya
reverse-singer-yes-no-027	Anthology 3 (1996-10-28)	Let It Be: Special Edition	Yellow Submarine (1969-01-13)	Revolver (1966-08-05)	Help! (1965-08-06)	The Beatles (White Album) (1968-11-22)	Live at the BBC (1994-11-30)	Anthology 2 (1996-03-18)	Past Masters (1988-03-07)	Rubber Soul (1965-12-03)	With the Beatles (1963-11-22)	Sgt. Pepper's Lonely Hearts Club Band (1967-05-26)	Please Please Me (1963-03-22)	Beatles for Sale (1964-12-04)	Abbey Road (1969-09-26)	Anthology 1 (1995-11-20)	Singles	A Hard Day's Night (1964-07-10)	Let It Be (1970-05-08)	The Beatles' First	Magical Mystery Tour (1967-11-27)	On Air – Live at the BBC Volume 2 (2013-11-11)	The Beatles Bootleg Recordings 1963	My Bonnie	The Beatles: Get Back – The Rooftop Performance	1967–1970	Rubber Soul: Super Deluxe Edition	Ya Ya
shared-lead-shared-lead-005	Anthology 3 (1996-10-28)	Let It Be (1970-05-08)	Yellow Submarine (1969-01-13)	Singles	Let It Be: Special Edition	Live at the BBC (1994-11-30)	The Beatles (White Album) (1968-11-22)	Abbey Road (1969-09-26)	Revolver (1966-08-05)	Rubber Soul (1965-12-03)	Help! (1965-08-06)	A Hard Day's Night (1964-07-10)	With the Beatles (1963-11-22)	Please Please Me (1963-03-22)	Beatles for Sale (1964-12-04)	Anthology 1 (1995-11-20)	Sgt. Pepper's Lonely Hearts Club Band (1967-05-26)	The Beatles' First	Magical Mystery Tour (1967-11-27)	Past Masters (1988-03-07)	Anthology 2 (1996-03-18)	On Air – Live at the BBC Volume 2 (2013-11-11)	The Beatles Bootleg Recordings 1963	My Bonnie	The Beatles: Get Back – The Rooftop Performance	1967–1970	Rubber Soul: Super Deluxe Edition	Ya Ya
shared-lead-shared-lead-011	Let It Be: Special Edition	With the Beatles (1963-11-22)	Anthology 3 (1996-10-28)	Let It Be (1970-05-08)	Yellow Submarine (1969-01-13)	The Beatles' First	Live at the BBC (1994-11-30)	Rubber Soul: Super Deluxe Edition	Anthology 1 (1995-11-20)	Sgt. Pepper's Lonely Hearts Club Band (1967-05-26)	Beatles for Sale (1964-12-04)	The Beatles (White Album) (1968-11-22)	Abbey Road (1969-09-26)	Revolver (1966-08-05)	Rubber Soul (1965-12-03)	Help! (1965-08-06)	A Hard Day's Night (1964-07-10)	Please Please Me (1963-03-22)	Singles	Magical Mystery Tour (1967-11-27)	Past Masters (1988-03-07)	Anthology 2 (1996-03-18)	On Air – Live at the BBC Volume 2 (2013-11-11)	The Beatles Bootleg Recordings 1963	My Bonnie	The Beatles: Get Back – The Rooftop Performance	1967–1970	Ya Ya
shared-lead-shared-lead-020	Anthology 3 (1996-10-28)	Let It Be (1970-05-08)	Yellow Submarine (1969-01-13)	Please Please Me (1963-03-22)	Let It Be: Special Edition	Live at the BBC (1994-11-30)	The Beatles (White Album) (1968-11-22)	Abbey Road (1969-09-26)	Revolver (1966-08-05)	Rubber Soul (1965-12-03)	Help! (1965-08-06)	A Hard Day's Night (1964-07-10)	With the Beatles (1963-11-22)	Beatles for Sale (1964-12-04)	Anthology 1 (1995-11-20)	Sgt. Pepper's Lonely Hearts Club Band (1967-05-26)	Singles	The Beatles' First	Magical Mystery Tour (1967-11-27)	Past Masters (1988-03-07)	Anthology 2 (1996-03-18)	On Air – Live at the BBC Volume 2 (2013-11-11)	The Beatles Bootleg Recordings 1963	My Bonnie	The Beatles: Get Back – The Rooftop Performance	1967–1970	Rubber Soul: Super Deluxe Edition	Ya Ya
shared-lead-shared-lead-022	On Air – Live at the BBC Volume 2 (2013-11-11)	Anthology 3 (1996-10-28)	Let It Be (1970-05-08)	Yellow Submarine (1969-01-13)	Let It Be: Special Edition	The Beatles (White Album) (1968-11-22)	Live at the BBC (1994-11-30)	Abbey Road (1969-09-26)	Revolver (1966-08-05)	Rubber Soul (1965-12-03)	Help! (1965-08-06)	A Hard Day's Night (1964-07-10)	With the Beatles (1963-11-22)	Please Please Me (1963-03-22)	Beatles for Sale (1964-12-04)	Anthology 1 (1995-11-20)	Sgt. Pepper's Lonely Hearts Club Band (1967-05-26)	Singles	The Beatles' First	Magical Mystery Tour (1967-11-27)	Past Masters (1988-03-07)	Anthology 2 (1996-03-18)	The Beatles Bootleg Recordings 1963	My Bonnie	The Beatles: Get Back – The Rooftop Performance	1967–1970	Rubber Soul: Super Deluxe Edition	Ya Ya
shared-lead-shared-lead-027	Beatles for Sale (1964-12-04)	Anthology 3 (1996-10-28)	Let It Be (1970-05-08)	Yellow Submarine (1969-01-13)	Let It Be: Special Edition	Live at the BBC (1994-11-30)	The Beatles' First	Please Please Me (1963-03-22)	The Beatles (White Album) (1968-11-22)	Singles	Abbey Road (1969-09-26)	Revolver (1966-08-05)	Rubber Soul (1965-12-03)	Help! (1965-08-06)	A Hard Day's Night (1964-07-10)	With the Beatles (1963-11-22)	Anthology 1 (1995-11-20)	Sgt. Pepper's Lonely Hearts Club Band (1967-05-26)	Magical Mystery Tour (1967-11-27)	Past Masters (1988-03-07)	Anthology 2 (1996-03-18)	On Air – Live at the BBC Volume 2 (2013-11-11)	The Beatles Bootleg Recordings 1963	My Bonnie	The Beatles: Get Back – The Rooftop Performance	1967–1970	Rubber Soul: Super Deluxe Edition	Ya Ya
shared-lead-shared-lead-028	Let It Be (1970-05-08)	Anthology 3 (1996-10-28)	Yellow Submarine (1969-01-13)	Anthology 2 (1996-03-18)	Let It Be: Special Edition	Help! (1965-08-06)	With the Beatles (1963-11-22)	Live at the BBC (1994-11-30)	The Beatles (White Album) (1968-11-22)	Abbey Road (1969-09-26)	Revolver (1966-08-05)	Rubber Soul (1965-12-03)	A Hard Day's Night (1964-07-10)	Please Please Me (1963-03-22)	Beatles for Sale (1964-12-04)	Anthology 1 (1995-11-20)	Sgt. Pepper's Lonely Hearts Club Band (1967-05-26)	Singles	The Beatles' First	Magical Mystery Tour (1967-11-27)	Past Masters (1988-03-07)	On Air – Live at the BBC Volume 2 (2013-11-11)	The Beatles Bootleg Recordings 1963	My Bonnie	The Beatles: Get Back – The Rooftop Performance	1967–1970	Rubber Soul: Super Deluxe Edition	Ya Ya
shared-lead-shared-lead-029	Anthology 3 (1996-10-28)	Let It Be: Special Edition	Singles	Let It Be (1970-05-08)	Yellow Submarine (1969-01-13)	Live at the BBC (1994-11-30)	Anthology 1 (1995-11-20)	The Beatles (White Album) (1968-11-22)	Abbey Road (1969-09-26)	Revolver (1966-08-05)	Rubber Soul (1965-12-03)	Help! (1965-08-06)	A Hard Day's Night (1964-07-10)	With the Beatles (1963-11-22)	Please Please Me (1963-03-22)	Beatles for Sale (1964-12-04)	Sgt. Pepper's Lonely Hearts Club Band (1967-05-26)	The Beatles' First	Magical Mystery Tour (1967-11-27)	Past Masters (1988-03-07)	Anthology 2 (1996-03-18)	On Air – Live at the BBC Volume 2 (2013-11-11)	The Beatles Bootleg Recordings 1963	My Bonnie	The Beatles: Get Back – The Rooftop Performance	1967–1970	Rubber Soul: Super Deluxe Edition	Ya Ya
shared-lead-shared-lead-030	With the Beatles (1963-11-22)	Singles	Anthology 3 (1996-10-28)	Let It Be (1970-05-08)	Yellow Submarine (1969-01-13)	Let It Be: Special Edition	Revolver (1966-08-05)	Please Please Me (1963-03-22)	Beatles for Sale (1964-12-04)	Abbey Road (1969-09-26)	Live at the BBC (1994-11-30)	The Beatles (White Album) (1968-11-22)	Rubber Soul (1965-12-03)	Help! (1965-08-06)	A Hard Day's Night (1964-07-10)	Anthology 1 (1995-11-20)	Sgt. Pepper's Lonely Hearts Club Band (1967-05-26)	The Beatles' First	Magical Mystery Tour (1967-11-27)	Past Masters (1988-03-07)	Anthology 2 (1996-03-18)	On Air – Live at the BBC Volume 2 (2013-11-11)	The Beatles Bootleg Recordings 1963	My Bonnie	The Beatles: Get Back – The Rooftop Performance	1967–1970	Rubber Soul: Super Deluxe Edition	Ya Ya
single-hop-album-year-001	Singles	With the Beatles (1963-11-22)	1967–1970	The Beatles (White Album) (1968-11-22)	The Beatles' First	Let It Be (1970-05-08)	Past Masters (1988-03-07)	Revolver (1966-08-05)	Abbey Road (1969-09-26)	Rubber Soul (1965-12-03)	Help! (1965-08-06)	Sgt. Pepper's Lonely Hearts Club Band (1967-05-26)	Please Please Me (1963-03-22)	Magical Mystery Tour (1967-11-27)	Yellow Submarine (1969-01-13)	A Hard Day's Night (1964-07-10)	Beatles for Sale (1964-12-04)	The Beatles Bootleg Recordings 1963	My Bonnie	Live at the BBC (1994-11-30)	Anthology 1 (1995-11-20)	Anthology 3 (1996-10-28)	Let It Be: Special Edition	Anthology 2 (1996-03-18)	On Air – Live at the BBC Volume 2 (2013-11-11)	The Beatles: Get Back – The Rooftop Performance	Rubber Soul: Super Deluxe Edition	Ya Ya
single-hop-album-year-002	Singles	Help! (1965-08-06)	With the Beatles (1963-11-22)	1967–1970	The Beatles (White Album) (1968-11-22)	The Beatles' First	Let It Be (1970-05-08)	Sgt. Pepper's Lonely Hearts Club Band (1967-05-26)	Past Masters (1988-03-07)	Revolver (1966-08-05)	Abbey Road (1969-09-26)	Rubber Soul (1965-12-03)	Please Please Me (1963-03-22)	Magical Mystery Tour (1967-11-27)	Yellow Submarine (1969-01-13)	A Hard Day's Night (1964-07-10)	Beatles for Sale (1964-12-04)	The Beatles Bootleg Recordings 1963	My Bonnie	Live at the BBC (1994-11-30)	Anthology 1 (1995-11-20)	Anthology 3 (1996-10-28)	Let It Be: Special Edition	Anthology 2 (1996-03-18)	On Air – Live at the BBC Volume 2 (2013-11-11)	The Beatles: Get Back – The Rooftop Performance	Rubber Soul: Super Deluxe Edition	Ya Ya
single-hop-album-year-005	Singles	With the Beatles (1963-11-22)	1967–1970	The Beatles (White Album) (1968-11-22)	The Beatles' First	Let It Be (1970-05-08)	Past Masters (1988-03-07)	Revolver (1966-08-05)	Abbey Road (1969-09-26)	Rubber Soul (1965-12-03)	Help! (1965-08-06)	Sgt. Pepper's Lonely Hearts Club Band (1967-05-26)	Please Please Me (1963-03-22)	Magical Mystery Tour (1967-11-27)	Yellow Submarine (1969-01-13)	A Hard Day's Night (1964-07-10)	Beatles for Sale (1964-12-04)	The Beatles Bootleg Recordings 1963	My Bonnie	Live at the BBC (1994-11-30)	Anthology 1 (1995-11-20)	Anthology 3 (1996-10-28)	Let It Be: Special Edition	Anthology 2 (1996-03-18)	On Air – Live at the BBC Volume 2 (2013-11-11)	The Beatles: Get Back – The Rooftop Performance	Rubber Soul: Super Deluxe Edition	Ya Ya
single-hop-song-album-006	Sgt. Pepper's Lonely Hearts Club Band (1967-05-26)	Singles	With the Beatles (1963-11-22)	On Air – Live at the BBC Volume 2 (2013-11-11)	The Beatles' First	Help! (1965-08-06)	Yellow Submarine (1969-01-13)	Let It Be: Special Edition	The Beatles (White Album) (1968-11-22)	Live at the BBC (1994-11-30)	Please Please Me (1963-03-22)	A Hard Day's Night (1964-07-10)	Beatles for Sale (1964-12-04)	Rubber Soul (1965-12-03)	Revolver (1966-08-05)	Magical Mystery Tour (1967-11-27)	Abbey Road (1969-09-26)	Let It Be (1970-05-08)	Past Masters (1988-03-07)	Anthology 1 (1995-11-20)	Anthology 2 (1996-03-18)	Anthology 3 (1996-10-28)	My Bonnie	Ya Ya	The Beatles Bootleg Recordings 1963	The Beatles: Get Back – The Rooftop Performance	1967–1970	Rubber Soul: Super Deluxe Edition
single-hop-song-album-015	Singles	Yellow Submarine (1969-01-13)	Revolver (1966-08-05)	The Beatles' First	Help! (1965-08-06)	With the Beatles (1963-11-22)	Beatles for Sale (1964-12-04)	Let It Be: Special Edition	Sgt. Pepper's Lonely Hearts Club Band (1967-05-26)	The Beatles (White Album) (1968-11-22)	Live at the BBC (1994-11-30)	Please Please Me (1963-03-22)	A Hard Day's Night (1964-07-10)	Rubber Soul (1965-12-03)	Magical Mystery Tour (1967-11-27)	Abbey Road (1969-09-26)	Let It Be (1970-05-08)	Past Masters (1988-03-07)	Anthology 1 (1995-11-20)	Anthology 2 (1996-03-18)	Anthology 3 (1996-10-28)	On Air – Live at the BBC Volume 2 (2013-11-11)	My Bonnie	Ya Ya	The Beatles Bootleg Recordings 1963	The Beatles: Get Back – The Rooftop Performance	1967–1970	Rubber Soul: Super Deluxe Edition
single-hop-song-album-025	Singles	Beatles for Sale (1964-12-04)	Rubber Soul: Super Deluxe Edition	Yellow Submarine (1969-01-13)	Rubber Soul (1965-12-03)	The Beatles' First	Help! (1965-08-06)	With the Beatles (1963-11-22)	Let It Be: Special Edition	Live at the BBC (1994-11-30)	Sgt. Pepper's Lonely Hearts Club Band (1967-05-26)	The Beatles (White Album) (1968-11-22)	Please Please Me (1963-03-22)	A Hard Day's Night (1964-07-10)	Revolver (1966-08-05)	Magical Mystery Tour (1967-11-27)	Abbey Road (1969-09-26)	Let It Be (1970-05-08)	Past Masters (1988-03-07)	Anthology 1 (1995-11-20)	Anthology 2 (1996-03-18)	Anthology 3 (1996-10-28)	On Air – Live at the BBC Volume 2 (2013-11-11)	My Bonnie	Ya Ya	The Beatles Bootleg Recordings 1963	The Beatles: Get Back – The Rooftop Performance	1967–1970
single-hop-song-album-034	A Hard Day's Night (1964-07-10)	Singles	Yellow Submarine (1969-01-13)	Revolver (1966-08-05)	Help! (1965-08-06)	Abbey Road (1969-09-26)	Sgt. Pepper's Lonely Hearts Club Band (1967-05-26)	The Beatles (White Album) (1968-11-22)	The Beatles' First	With the Beatles (1963-11-22)	Let It Be: Special Edition	Live at the BBC (1994-11-30)	Let It Be (1970-05-08)	Anthology 1 (1995-11-20)	The Beatles Bootleg Recordings 1963	Anthology 2 (1996-03-18)	Please Please Me (1963-03-22)	Anthology 3 (1996-10-28)	Beatles for Sale (1964-12-04)	Rubber Soul (1965-12-03)	Magical Mystery Tour (1967-11-27)	Past Masters (1988-03-07)	On Air – Live at the BBC Volume 2 (2013-11-11)	My Bonnie	Ya Ya	The Beatles: Get Back – The Rooftop Performance	1967–1970	Rubber Soul: Super Deluxe Edition
single-hop-song-album-041	Singles	Magical Mystery Tour (1967-11-27)	Revolver (1966-08-05)	With the Beatles (1963-11-22)	The Beatles' First	Yellow Submarine (1969-01-13)	The Beatles (White Album) (1968-11-22)	Let It Be: Special Edition	A Hard Day's Night (1964-07-10)	Help! (1965-08-06)	Please Please Me (1963-03-22)	Beatles for Sale (1964-12-04)	Abbey Road (1969-09-26)	Live at the BBC (1994-11-30)	Rubber Soul (1965-12-03)	Sgt. Pepper's Lonely Hearts Club Band (1967-05-26)	Let It Be (1970-05-08)	Past Masters (1988-03-07)	Anthology 1 (1995-11-20)	Anthology 2 (1996-03-18)	Anthology 3 (1996-10-28)	On Air – Live at the BBC Volume 2 (2013-11-11)	My Bonnie	Ya Ya	The Beatles Bootleg Recordings 1963	The Beatles: Get Back – The Rooftop Performance	1967–1970	Rubber Soul: Super Deluxe Edition
single-hop-song-album-054	Singles	Magical Mystery Tour (1967-11-27)	Abbey Road (1969-09-26)	The Beatles' First	Help! (1965-08-06)	Yellow Submarine (1969-01-13)	Revolver (1966-08-05)	With the Beatles (1963-11-22)	Let It Be: Special Edition	The Beatles (White Album) (1968-11-22)	Sgt. Pepper's Lonely Hearts Club Band (1967-05-26)	Let It Be (1970-05-08)	Live at the BBC (1994-11-30)	Please Please Me (1963-03-22)	A Hard Day's Night (1964-07-10)	Beatles for Sale (1964-12-04)	Rubber Soul (1965-12-03)	Past Masters (1988-03-07)	Anthology 1 (1995-11-20)	Anthology 2 (1996-03-18)	Anthology 3 (1996-10-28)	On Air – Live at the BBC Volume 2 (2013-11-11)	My Bonnie	Ya Ya	The Beatles Bootleg Recordings 1963	The Beatles: Get Back – The Rooftop Performance	1967–1970	Rubber Soul: Super Deluxe Edition
single-hop-song-album-056	Singles	Rubber Soul: Super Deluxe Edition	Please Please Me (1963-03-22)	With the Beatles (1963-11-22)	Rubber Soul (1965-12-03)	The Beatles' First	Yellow Submarine (1969-01-13)	The Beatles (White Album) (1968-11-22)	Revolver (1966-08-05)	Let It Be: Special Edition	Live at the BBC (1994-11-30)	A Hard Day's Night (1964-07-10)	Beatles for Sale (1964-12-04)	Help! (1965-08-06)	Sgt. Pepper's Lonely Hearts Club Band (1967-05-26)	Magical Mystery Tour (1967-11-27)	Abbey Road (1969-09-26)	Let It Be (1970-05-08)	Past Masters (1988-03-07)	Anthology 1 (1995-11-20)	Anthology 2 (1996-03-18)	Anthology 3 (1996-10-28)	On Air – Live at the BBC Volume 2 (2013-11-11)	My Bonnie	Ya Ya	The Beatles Bootleg Recordings 1963	The Beatles: Get Back – The Rooftop Performance	1967–1970
single-hop-song-album-059	Singles	A Hard Day's Night (1964-07-10)	Rubber Soul: Super Deluxe Edition	The Beatles (White Album) (1968-11-22)	Help! (1965-08-06)	Rubber Soul (1965-12-03)	Sgt. Pepper's Lonely Hearts Club Band (1967-05-26)	Let It Be: Special Edition	The Beatles' First	Yellow Submarine (1969-01-13)	Live at the BBC (1994-11-30)	With the Beatles (1963-11-22)	Revolver (1966-08-05)	The Beatles Bootleg Recordings 1963	On Air – Live at the BBC Volume 2 (2013-11-11)	Anthology 1 (1995-11-20)	Beatles for Sale (1964-12-04)	Please Please Me (1963-03-22)	Magical Mystery Tour (1967-11-27)	Abbey Road (1969-09-26)	Let It Be (1970-05-08)	Past Masters (1988-03-07)	Anthology 2 (1996-03-18)	Anthology 3 (1996-10-28)	My Bonnie	Ya Ya	The Beatles: Get Back – The Rooftop Performance	1967–1970
single-hop-song-month-001	Singles	With the Beatles (1963-11-22)	Please Please Me (1963-03-22)	The Beatles' First	The Beatles Bootleg Recordings 1963	Yellow Submarine (1969-01-13)	Let It Be: Special Edition	Live at the BBC (1994-11-30)	The Beatles (White Album) (1968-11-22)	Abbey Road (1969-09-26)	Revolver (1966-08-05)	Rubber Soul (1965-12-03)	Help! (1965-08-06)	A Hard Day's Night (1964-07-10)	Beatles for Sale (1964-12-04)	Let It Be (1970-05-08)	Anthology 1 (1995-11-20)	Sgt. Pepper's Lonely Hearts Club Band (1967-05-26)	Anthology 3 (1996-10-28)	Magical Mystery Tour (1967-11-27)	Past Masters (1988-03-07)	Anthology 2 (1996-03-18)	On Air – Live at the BBC Volume 2 (2013-11-11)	My Bonnie	The Beatles: Get Back – The Rooftop Performance	1967–1970	Rubber Soul: Super Deluxe Edition	Ya Ya
single-hop-song-month-004	Singles	Please Please Me (1963-03-22)	With the Beatles (1963-11-22)	Ya Ya	The Beatles' First	The Beatles Bootleg Recordings 1963	Yellow Submarine (1969-01-13)	Rubber Soul: Super Deluxe Edition	Let It Be: Special Edition	Help! (1965-08-06)	Rubber Soul (1965-12-03)	Anthology 1 (1995-11-20)	Live at the BBC (1994-11-30)	The Beatles (White Album) (1968-11-22)	Abbey Road (1969-09-26)	Revolver (1966-08-05)	A Hard Day's Night (1964-07-10)	Beatles for Sale (1964-12-04)	Let It Be (1970-05-08)	Sgt. Pepper's Lonely Hearts Club Band (1967-05-26)	Anthology 3 (1996-10-28)	Magical Mystery Tour (1967-11-27)	Past Masters (1988-03-07)	Anthology 2 (1996-03-18)	On Air – Live at the BBC Volume 2 (2013-11-11)	My Bonnie	The Beatles: Get Back – The Rooftop Performance	1967–1970
single-hop-song-month-007	Singles	The Beatles (White Album) (1968-11-22)	Yellow Submarine (1969-01-13)	Abbey Road (1969-09-26)	Sgt. Pepper's Lonely Hearts Club Band (1967-05-26)	Magical Mystery Tour (1967-11-27)	The Beatles' First	1967–1970	With the Beatles (1963-11-22)	Let It Be: Special Edition	Live at the BBC (1994-11-30)	Anthology 3 (1996-10-28)	Let It Be (1970-05-08)	Revolver (1966-08-05)	Rubber Soul (1965-12-03)	Help! (1965-08-06)	A Hard Day's Night (1964-07-10)	Please Please Me (1963-03-22)	Beatles for Sale (1964-12-04)	Anthology 1 (1995-11-20)	Past Masters (1988-03-07)	Anthology 2 (1996-03-18)	On Air – Live at the BBC Volume 2 (2013-11-11)	The Beatles Bootleg Recordings 1963	My Bonnie	The Beatles: Get Back – The Rooftop Performance	Rubber Soul: Super Deluxe Edition	Ya Ya
single-hop-song-month-011	Rubber Soul (1965-12-03)	Singles	Revolver (1966-08-05)	Help! (1965-08-06)	The Beatles' First	Yellow Submarine (1969-01-13)	With the Beatles (1963-11-22)	Past Masters (1988-03-07)	Let It Be: Special Edition	Sgt. Pepper's Lonely Hearts Club Band (1967-05-26)	Live at the BBC (1994-11-30)	The Beatles (White Album) (1968-11-22)	Abbey Road (1969-09-26)	A Hard Day's Night (1964-07-10)	Please Please Me (1963-03-22)	Beatles for Sale (1964-12-04)	Let It Be (1970-05-08)	Anthology 1 (1995-11-20)	Anthology 3 (1996-10-28)	Magical Mystery Tour (1967-11-27)	Anthology 2 (1996-03-18)	On Air – Live at the BBC Volume 2 (2013-11-11)	The Beatles Bootleg Recordings 1963	My Bonnie	The Beatles: Get Back – The Rooftop Performance	1967–1970	Rubber Soul: Super Deluxe Edition	Ya Ya
single-hop-song-month-012	With the Beatles (1963-11-22)	Singles	The Beatles' First	Past Masters (1988-03-07)	Please Please Me (1963-03-22)	A Hard Day's Night (1964-07-10)	Beatles for Sale (1964-12-04)	The Beatles Bootleg Recordings 1963	Yellow Submarine (1969-01-13)	Let It Be: Special Edition	My Bonnie	Rubber Soul (1965-12-03)	The Beatles (White Album) (1968-11-22)	Let It Be (1970-05-08)	Live at the BBC (1994-11-30)	Abbey Road (1969-09-26)	Revolver (1966-08-05)	Help! (1965-08-06)	Anthology 1 (1995-11-20)	Sgt. Pepper's Lonely Hearts Club Band (1967-05-26)	Anthology 3 (1996-10-28)	Magical Mystery Tour (1967-11-27)	Anthology 2 (1996-03-18)	On Air – Live at the BBC Volume 2 (2013-11-11)	The Beatles: Get Back – The Rooftop Performance	1967–1970	Rubber Soul: Super Deluxe Edition	Ya Ya
single-hop-song-month-015	Singles	The Beatles (White Album) (1968-11-22)	The Beatles' First	Yellow Submarine (1969-01-13)	Abbey Road (1969-09-26)	Sgt. Pepper's Lonely Hearts Club Band (1967-05-26)	Magical Mystery Tour (1967-11-27)	Live at the BBC (1994-11-30)	1967–1970	With the Beatles (1963-11-22)	Let It Be: Special Edition	Beatles for Sale (1964-12-04)	Let It Be (1970-05-08)	A Hard Day's Night (1964-07-10)	Please Please Me (1963-03-22)	Revolver (1966-08-05)	Rubber Soul (1965-12-03)	Help! (1965-08-06)	Anthology 1 (1995-11-20)	Anthology 3 (1996-10-28)	Past Masters (1988-03-07)	Anthology 2 (1996-03-18)	On Air – Live at the BBC Volume 2 (2013-11-11)	The Beatles Bootleg Recordings 1963	My Bonnie	The Beatles: Get Back – The Rooftop Performance	Rubber Soul: Super Deluxe Edition	Ya Ya
single-hop-song-month-022	Revolver (1966-08-05)	Singles	Help! (1965-08-06)	Yellow Submarine (1969-01-13)	Rubber Soul (1965-12-03)	Let It Be: Special Edition	The Beatles' First	With the Beatles (1963-11-22)	Past Masters (1988-03-07)	Live at the BBC (1994-11-30)	The Beatles Bootleg Recordings 1963	On Air – Live at the BBC Volume 2 (2013-11-11)	A Hard Day's Night (1964-07-10)	Sgt. Pepper's Lonely Hearts Club Band (1967-05-26)	Beatles for Sale (1964-12-04)	The Beatles (White Album) (1968-11-22)	Abbey Road (1969-09-26)	Please Please Me (1963-03-22)	Let It Be (1970-05-08)	Anthology 1 (1995-11-20)	Anthology 3 (1996-10-28)	Magical Mystery Tour (1967-11-27)	Anthology 2 (1996-03-18)	My Bonnie	The Beatles: Get Back – The Rooftop Performance	1967–1970	Rubber Soul: Super Deluxe Edition	Ya Ya
single-hop-song-month-023	Singles	The Beatles (White Album) (1968-11-22)	Yellow Submarine (1969-01-13)	Abbey Road (1969-09-26)	Let It Be: Special Edition	The Beatles' First	With the Beatles (1963-11-22)	Let It Be (1970-05-08)	Live at the BBC (1994-11-30)	The Beatles Bootleg Recordings 1963	On Air – Live at the BBC Volume 2 (2013-11-11)	A Hard Day's Night (1964-07-10)	Revolver (1966-08-05)	Rubber Soul (1965-12-03)	Sgt. Pepper's Lonely Hearts Club Band (1967-05-26)	Beatles for Sale (1964-12-04)	Help! (1965-08-06)	Please Please Me (1963-03-22)	Anthology 1 (1995-11-20)	Anthology 3 (1996-10-28)	Magical Mystery Tour (1967-11-27)	Past Masters (1988-03-07)	Anthology 2 (1996-03-18)	My Bonnie	The Beatles: Get Back – The Rooftop Performance	1967–1970	Rubber Soul: Super Deluxe Edition	Ya Ya
single-hop-song-month-025	Singles	The Beatles (White Album) (1968-11-22)	Yellow Submarine (1969-01-13)	Abbey Road (1969-09-26)	The Beatles' First	With the Beatles (1963-11-22)	Let It Be: Special Edition	Let It Be (1970-05-08)	Live at the BBC (1994-11-30)	Revolver (1966-08-05)	Rubber Soul (1965-12-03)	Help! (1965-08-06)	A Hard Day's Night (1964-07-10)	Please Please Me (1963-03-22)	Beatles for Sale (1964-12-04)	Anthology 1 (1995-11-20)	Sgt. Pepper's Lonely Hearts Club Band (1967-05-26)	Anthology 3 (1996-10-28)	Magical Mystery Tour (1967-11-27)	Past Masters (1988-03-07)	Anthology 2 (1996-03-18)	On Air – Live at the BBC Volume 2 (2013-11-11)	The Beatles Bootleg Recordings 1963	My Bonnie	The Beatles: Get Back – The Rooftop Performance	1967–1970	Rubber Soul: Super Deluxe Edition	Ya Ya
single-hop-song-month-029	Singles	Help! (1965-08-06)	Revolver (1966-08-05)	Rubber Soul (1965-12-03)	The Beatles' First	Yellow Submarine (1969-01-13)	With the Beatles (1963-11-22)	Past Masters (1988-03-07)	Let It Be: Special Edition	Sgt. Pepper's Lonely Hearts Club Band (1967-05-26)	Live at the BBC (1994-11-30)	The Beatles (White Album) (1968-11-22)	Abbey Road (1969-09-26)	A Hard Day's Night (1964-07-10)	Please Please Me (1963-03-22)	Beatles for Sale (1964-12-04)	Let It Be (1970-05-08)	Anthology 1 (1995-11-20)	Anthology 3 (1996-10-28)	Magical Mystery Tour (1967-11-27)	Anthology 2 (1996-03-18)	On Air – Live at the BBC Volume 2 (2013-11-11)	The Beatles Bootleg Recordings 1963	My Bonnie	The Beatles: Get Back – The Rooftop Performance	1967–1970	Rubber Soul: Super Deluxe Edition	Ya Ya
single-hop-song-month-037	Singles	The Beatles' First	Past Masters (1988-03-07)	Rubber Soul (1965-12-03)	Help! (1965-08-06)	A Hard Day's Night (1964-07-10)	Beatles for Sale (1964-12-04)	Yellow Submarine (1969-01-13)	With the Beatles (1963-11-22)	Let It Be: Special Edition	My Bonnie	Live at the BBC (1994-11-30)	The Beatles (White Album) (1968-11-22)	Abbey Road (1969-09-26)	Revolver (1966-08-05)	Please Please Me (1963-03-22)	Let It Be (1970-05-08)	Anthology 1 (1995-11-20)	Sgt. Pepper's Lonely Hearts Club Band (1967-05-26)	Anthology 3 (1996-10-28)	Magical Mystery Tour (1967-11-27)	Anthology 2 (1996-03-18)	On Air – Live at the BBC Volume 2 (2013-11-11)	The Beatles Bootleg Recordings 1963	The Beatles: Get Back – The Rooftop Performance	1967–1970	Rubber Soul: Super Deluxe Edition	Ya Ya
single-hop-song-month-039	Singles	Revolver (1966-08-05)	Help! (1965-08-06)	Rubber Soul (1965-12-03)	Sgt. Pepper's Lonely Hearts Club Band (1967-05-26)	Magical Mystery Tour (1967-11-27)	The Beatles' First	1967–1970	Yellow Submarine (1969-01-13)	With the Beatles (1963-11-22)	Past Masters (1988-03-07)	Let It Be: Special Edition	Live at the BBC (1994-11-30)	The Beatles Bootleg Recordings 1963	Anthology 2 (1996-03-18)	A Hard Day's Night (1964-07-10)	Please Please Me (1963-03-22)	Anthology 3 (1996-10-28)	Beatles for Sale (1964-12-04)	Anthology 1 (1995-11-20)	The Beatles (White Album) (1968-11-22)	Abbey Road (1969-09-26)	Let It Be (1970-05-08)	On Air – Live at the BBC Volume 2 (2013-11-11)	My Bonnie	The Beatles: Get Back – The Rooftop Performance	Rubber Soul: Super Deluxe Edition	Ya Ya
single-hop-song-month-044	Singles	With the Beatles (1963-11-22)	The Beatles' First	Please Please Me (1963-03-22)	Beatles for Sale (1964-12-04)	A Hard Day's Night (1964-07-10)	Past Masters (1988-03-07)	The Beatles Bootleg Recordings 1963	Yellow Submarine (1969-01-13)	Let It Be: Special Edition	My Bonnie	Revolver (1966-08-05)	Abbey Road (1969-09-26)	Live at the BBC (1994-11-30)	The Beatles (White Album) (1968-11-22)	Rubber Soul (1965-12-03)	Help! (1965-08-06)	Let It Be (1970-05-08)	Anthology 1 (1995-11-20)	Sgt. Pepper's Lonely Hearts Club Band (1967-05-26)	Anthology 3 (1996-10-28)	Magical Mystery Tour (1967-11-27)	Anthology 2 (1996-03-18)	On Air – Live at the BBC Volume 2 (2013-11-11)	The Beatles: Get Back – The Rooftop Performance	1967–1970	Rubber Soul: Super Deluxe Edition	Ya Ya
single-hop-song-month-045	Sgt. Pepper's Lonely Hearts Club Band (1967-05-26)	Singles	Revolver (1966-08-05)	Let It Be: Special Edition	Magical Mystery Tour (1967-11-27)	With the Beatles (1963-11-22)	The Beatles' First	Help! (1965-08-06)	1967–1970	Yellow Submarine (1969-01-13)	Live at the BBC (1994-11-30)	Rubber Soul: Super Deluxe Edition	Anthology 1 (1995-11-20)	Beatles for Sale (1964-12-04)	The Beatles (White Album) (1968-11-22)	Abbey Road (1969-09-26)	Rubber Soul (1965-12-03)	A Hard Day's Night (1964-07-10)	Please Please Me (1963-03-22)	Let It Be (1970-05-08)	Anthology 3 (1996-10-28)	Past Masters (1988-03-07)	Anthology 2 (1996-03-18)	On Air – Live at the BBC Volume 2 (2013-11-11)	The Beatles Bootleg Recordings 1963	My Bonnie	The Beatles: Get Back – The Rooftop Performance	Ya Ya
single-hop-song-month-055	Singles	The Beatles (White Album) (1968-11-22)	Sgt. Pepper's Lonely Hearts Club Band (1967-05-26)	Magical Mystery Tour (1967-11-27)	The Beatles' First	1967–1970	Yellow Submarine (1969-01-13)	A Hard Day's Night (1964-07-10)	With the Beatles (1963-11-22)	Let It Be: Special Edition	Revolver (1966-08-05)	Help! (1965-08-06)	Live at the BBC (1994-11-30)	Abbey Road (1969-09-26)	Rubber Soul (1965-12-03)	Please Please Me (1963-03-22)	Beatles for Sale (1964-12-04)	Let It Be (1970-05-08)	Anthology 1 (1995-11-20)	Anthology 3 (1996-10-28)	Past Masters (1988-03-07)	Anthology 2 (1996-03-18)	On Air – Live at the BBC Volume 2 (2013-11-11)	The Beatles Bootleg Recordings 1963	My Bonnie	The Beatles: Get Back – The Rooftop Performance	Rubber Soul: Super Deluxe Edition	Ya Ya
single-hop-song-month-058	Singles	The Beatles' First	Help! (1965-08-06)	Past Masters (1988-03-07)	Revolver (1966-08-05)	Rubber Soul (1965-12-03)	A Hard Day's Night (1964-07-10)	Beatles for Sale (1964-12-04)	Yellow Submarine (1969-01-13)	With the Beatles (1963-11-22)	Let It Be: Special Edition	My Bonnie	Live at the BBC (1994-11-30)	The Beatles (White Album) (1968-11-22)	Abbey Road (1969-09-26)	Please Please Me (1963-03-22)	Let It Be (1970-05-08)	Anthology 1 (1995-11-20)	Sgt. Pepper's Lonely Hearts Club Band (1967-05-26)	Anthology 3 (1996-10-28)	Magical Mystery Tour (1967-11-27)	Anthology 2 (1996-03-18)	On Air – Live at the BBC Volume 2 (2013-11-11)	The Beatles Bootleg Recordings 1963	The Beatles: Get Back – The Rooftop Performance	1967–1970	Rubber Soul: Super Deluxe Edition	Ya Ya
single-hop-song-month-064	Singles	Yellow Submarine (1969-01-13)	Abbey Road (1969-09-26)	The Beatles' First	With the Beatles (1963-11-22)	Let It Be: Special Edition	Let It Be (1970-05-08)	Live at the BBC (1994-11-30)	The Beatles (White Album) (1968-11-22)	Revolver (1966-08-05)	Rubber Soul (1965-12-03)	Help! (1965-08-06)	A Hard Day's Night (1964-07-10)	Please Please Me (1963-03-22)	Beatles for Sale (1964-12-04)	Anthology 1 (1995-11-20)	Sgt. Pepper's Lonely Hearts Club Band (1967-05-26)	Anthology 3 (1996-10-28)	Magical Mystery Tour (1967-11-27)	Past Masters (1988-03-07)	Anthology 2 (1996-03-18)	On Air – Live at the BBC Volume 2 (2013-11-11)	The Beatles Bootleg Recordings 1963	My Bonnie	The Beatles: Get Back – The Rooftop Performance	1967–1970	Rubber Soul: Super Deluxe Edition	Ya Ya
single-hop-song-month-067	Beatles for Sale (1964-12-04)	Singles	The Beatles' First	Past Masters (1988-03-07)	Rubber Soul (1965-12-03)	Help! (1965-08-06)	Let It Be: Special Edition	With the Beatles (1963-11-22)	A Hard Day's Night (1964-07-10)	Yellow Submarine (1969-01-13)	Live at the BBC (1994-11-30)	My Bonnie	Rubber Soul: Super Deluxe Edition	Anthology 1 (1995-11-20)	Sgt. Pepper's Lonely Hearts Club Band (1967-05-26)	The Beatles (White Album) (1968-11-22)	Abbey Road (1969-09-26)	Revolver (1966-08-05)	Please Please Me (1963-03-22)	Let It Be (1970-05-08)	Anthology 3 (1996-10-28)	Magical Mystery Tour (1967-11-27)	Anthology 2 (1996-03-18)	On Air – Live at the BBC Volume 2 (2013-11-11)	The Beatles Bootleg Recordings 1963	The Beatles: Get Back – The Rooftop Performance	1967–1970	Ya Ya
single-hop-song-month-068	Let It Be (1970-05-08)	Singles	Yellow Submarine (1969-01-13)	Abbey Road (1969-09-26)	The Beatles' First	With the Beatles (1963-11-22)	Let It Be: Special Edition	Live at the BBC (1994-11-30)	The Beatles (White Album) (1968-11-22)	Revolver (1966-08-05)	Rubber Soul (1965-12-03)	Help! (1965-08-06)	A Hard Day's Night (1964-07-10)	Please Please Me (1963-03-22)	Beatles for Sale (1964-12-04)	Anthology 1 (1995-11-20)	Sgt. Pepper's Lonely Hearts Club Band (1967-05-26)	Anthology 3 (1996-10-28)	Magical Mystery Tour (1967-11-27)	Past Masters (1988-03-07)	Anthology 2 (1996-03-18)	On Air – Live at the BBC Volume 2 (2013-11-11)	The Beatles Bootleg Recordings 1963	My Bonnie	The Beatles: Get Back – The Rooftop Performance	1967–1970	Rubber Soul: Super Deluxe Edition	Ya Ya
single-hop-song-month-069	Singles	With the Beatles (1963-11-22)	The Beatles' First	A Hard Day's Night (1964-07-10)	Please Please Me (1963-03-22)	Beatles for Sale (1964-12-04)	Past Masters (1988-03-07)	The Beatles Bootleg Recordings 1963	Yellow Submarine (1969-01-13)	Let It Be: Special Edition	My Bonnie	Sgt. Pepper's Lonely Hearts Club Band (1967-05-26)	Live at the BBC (1994-11-30)	The Beatles (White Album) (1968-11-22)	Abbey Road (1969-09-26)	Revolver (1966-08-05)	Rubber Soul (1965-12-03)	Help! (1965-08-06)	Let It Be (1970-05-08)	Anthology 1 (1995-11-20)	Anthology 3 (1996-10-28)	Magical Mystery Tour (1967-11-27)	Anthology 2 (1996-03-18)	On Air – Live at the BBC Volume 2 (2013-11-11)	The Beatles: Get Back – The Rooftop Performance	1967–1970	Rubber Soul: Super Deluxe Edition	Ya Ya
single-hop-song-month-071	Singles	Beatles for Sale (1964-12-04)	The Beatles' First	Past Masters (1988-03-07)	Rubber Soul (1965-12-03)	Help! (1965-08-06)	A Hard Day's Night (1964-07-10)	Yellow Submarine (1969-01-13)	With the Beatles (1963-11-22)	The Beatles (White Album) (1968-11-22)	Let It Be: Special Edition	Live at the BBC (1994-11-30)	My Bonnie	Please Please Me (1963-03-22)	Abbey Road (1969-09-26)	Revolver (1966-08-05)	Let It Be (1970-05-08)	Anthology 1 (1995-11-20)	Sgt. Pepper's Lonely Hearts Club Band (1967-05-26)	Anthology 3 (1996-10-28)	Magical Mystery Tour (1967-11-27)	Anthology 2 (1996-03-18)	On Air – Live at the BBC Volume 2 (2013-11-11)	The Beatles Bootleg Recordings 1963	The Beatles: Get Back – The Rooftop Performance	1967–1970	Rubber Soul: Super Deluxe Edition	Ya Ya
single-hop-song-month-073	With the Beatles (1963-11-22)	Singles	The Beatles' First	Please Please Me (1963-03-22)	A Hard Day's Night (1964-07-10)	Beatles for Sale (1964-12-04)	Past Masters (1988-03-07)	The Beatles Bootleg Recordings 1963	Yellow Submarine (1969-01-13)	Let It Be: Special Edition	My Bonnie	Live at the BBC (1994-11-30)	The Beatles (White Album) (1968-11-22)	Abbey Road (1969-09-26)	Revolver (1966-08-05)	Rubber Soul (1965-12-03)	Help! (1965-08-06)	Let It Be (1970-05-08)	Anthology 1 (1995-11-20)	Sgt. Pepper's Lonely Hearts Club Band (1967-05-26)	Anthology 3 (1996-10-28)	Magical Mystery Tour (1967-11-27)	Anthology 2 (1996-03-18)	On Air – Live at the BBC Volume 2 (2013-11-11)	The Beatles: Get Back – The Rooftop Performance	1967–1970	Rubber Soul: Super Deluxe Edition	Ya Ya
single-hop-song-month-074	Singles	Help! (1965-08-06)	Revolver (1966-08-05)	Rubber Soul (1965-12-03)	The Beatles' First	Yellow Submarine (1969-01-13)	With the Beatles (1963-11-22)	Past Masters (1988-03-07)	Let It Be: Special Edition	A Hard Day's Night (1964-07-10)	Live at the BBC (1994-11-30)	The Beatles (White Album) (1968-11-22)	Abbey Road (1969-09-26)	Please Please Me (1963-03-22)	Beatles for Sale (1964-12-04)	Let It Be (1970-05-08)	Anthology 1 (1995-11-20)	Sgt. Pepper's Lonely Hearts Club Band (1967-05-26)	Anthology 3 (1996-10-28)	Magical Mystery Tour (1967-11-27)	Anthology 2 (1996-03-18)	On Air – Live at the BBC Volume 2 (2013-11-11)	The Beatles Bootleg Recordings 1963	My Bonnie	The Beatles: Get Back – The Rooftop Performance	1967–1970	Rubber Soul: Super Deluxe Edition	Ya Ya
single-hop-song-month-079	Singles	Sgt. Pepper's Lonely Hearts Club Band (1967-05-26)	The Beatles (White Album) (1968-11-22)	Let It Be: Special Edition	Magical Mystery Tour (1967-11-27)	The Beatles' First	1967–1970	Yellow Submarine (1969-01-13)	With the Beatles (1963-11-22)	Live at the BBC (1994-11-30)	Abbey Road (1969-09-26)	Revolver (1966-08-05)	Rubber Soul (1965-12-03)	Help! (1965-08-06)	A Hard Day's Night (1964-07-10)	Please Please Me (1963-03-22)	Beatles for Sale (1964-12-04)	Let It Be (1970-05-08)	Anthology 1 (1995-11-20)	Anthology 3 (1996-10-28)	Past Masters (1988-03-07)	Anthology 2 (1996-03-18)	On Air – Live at the BBC Volume 2 (2013-11-11)	The Beatles Bootleg Recordings 1963	My Bonnie	The Beatles: Get Back – The Rooftop Performance	Rubber Soul: Super Deluxe Edition	Ya Ya
single-hop-song-month-086	Revolver (1966-08-05)	Yellow Submarine (1969-01-13)	Singles	Sgt. Pepper's Lonely Hearts Club Band (1967-05-26)	Magical Mystery Tour (1967-11-27)	The Beatles' First	1967–1970	With the Beatles (1963-11-22)	Let It Be: Special Edition	Live at the BBC (1994-11-30)	The Beatles (White Album) (1968-11-22)	Abbey Road (1969-09-26)	Rubber Soul (1965-12-03)	Help! (1965-08-06)	A Hard Day's Night (1964-07-10)	Please Please Me (1963-03-22)	Beatles for Sale (1964-12-04)	Let It Be (1970-05-08)	Anthology 1 (1995-11-20)	Anthology 3 (1996-10-28)	Past Masters (1988-03-07)	Anthology 2 (1996-03-18)	On Air – Live at the BBC Volume 2 (2013-11-11)	The Beatles Bootleg Recordings 1963	My Bonnie	The Beatles: Get Back – The Rooftop Performance	Rubber Soul: Super Deluxe Edition	Ya Ya
single-hop-song-month-088	Please Please Me (1963-03-22)	Singles	With the Beatles (1963-11-22)	The Beatles' First	Ya Ya	A Hard Day's Night (1964-07-10)	Beatles for Sale (1964-12-04)	Past Masters (1988-03-07)	The Beatles Bootleg Recordings 1963	Yellow Submarine (1969-01-13)	Let It Be: Special Edition	My Bonnie	Live at the BBC (1994-11-30)	The Beatles (White Album) (1968-11-22)	Abbey Road (1969-09-26)	Revolver (1966-08-05)	Rubber Soul (1965-12-03)	Help! (1965-08-06)	Let It Be (1970-05-08)	Anthology 1 (1995-11-20)	Sgt. Pepper's Lonely Hearts Club Band (1967-05-26)	Anthology 3 (1996-10-28)	Magical Mystery Tour (1967-11-27)	Anthology 2 (1996-03-18)	On Air – Live at the BBC Volume 2 (2013-11-11)	The Beatles: Get Back – The Rooftop Performance	1967–1970	Rubber Soul: Super Deluxe Edition
single-hop-song-month-096	With the Beatles (1963-11-22)	Singles	Please Please Me (1963-03-22)	The Beatles' First	Beatles for Sale (1964-12-04)	A Hard Day's Night (1964-07-10)	Past Masters (1988-03-07)	The Beatles Bootleg Recordings 1963	Yellow Submarine (1969-01-13)	Let It Be: Special Edition	My Bonnie	Sgt. Pepper's Lonely Hearts Club Band (1967-05-26)	Abbey Road (1969-09-26)	Live at the BBC (1994-11-30)	The Beatles (White Album) (1968-11-22)	Revolver (1966-08-05)	Rubber Soul (1965-12-03)	Help! (1965-08-06)	Let It Be (1970-05-08)	Anthology 1 (1995-11-20)	Anthology 3 (1996-10-28)	Magical Mystery Tour (1967-11-27)	Anthology 2 (1996-03-18)	On Air – Live at the BBC Volume 2 (2013-11-11)	The Beatles: Get Back – The Rooftop Performance	1967–1970	Rubber Soul: Super Deluxe Edition	Ya Ya
