id	wall_s	requests	status	model_s	network_s	note
comparison-longer-001	0.225	1	200	0.032	0.193	
comparison-longer-002	0.107	1	200	0.018	0.089	
comparison-longer-003	0.121	1	200	0.017	0.104	
comparison-longer-004	0.154	1	200	0.017	0.137	
comparison-longer-005	0.185	1	200	0.018	0.167	
comparison-longer-006	0.19	1	200	0.017	0.173	
comparison-longer-007	0.223	1	200	0.018	0.205	
comparison-longer-008	0.066	1	200	0.012	0.054	
comparison-longer-009	0.203	1	200	0.01	0.193	
comparison-longer-010	0.127	1	200	0.018	0.109	
comparison-longer-011	0.213	1	200	0.018	0.195	
comparison-longer-012	0.137	1	200	0.018	0.119	
comparison-longer-013	0.218	1	200	0.018	0.2	
comparison-longer-014	0.066	1	200	0.017	0.049	
comparison-longer-015	0.076	1	200	0.011	0.065	
comparison-longer-016	0.209	1	200	0.016	0.193	
comparison-longer-017	0.146	1	200	0.017	0.129	
comparison-longer-018	0.075	1	200	0.018	0.057	
comparison-longer-019	0.189	1	200	0.017	0.172	
comparison-longer-020	0.097	1	200	0.018	0.079	
comparison-longer-021	0.08	1	200	0.018	0.062	
comparison-longer-022	0.07	1	200	0.011	0.059	
comparison-longer-023	0.152	1	200	0.017	0.135	
comparison-longer-024	0.188	1	200	0.016	0.172	
comparison-longer-025	0.17	1	200	0.018	0.152	
comparison-longer-026	0.087	1	200	0.009	0.078	
comparison-longer-027	0.21	1	200	0.016	0.194	
comparison-longer-028	0.077	1	200	0.009	0.068	
comparison-longer-029	0.121	1	200	0.016	0.105	
comparison-longer-030	0.08	1	200	0.017	0.063	
comparison-longer-031	0.111	1	200	0.017	0.094	
comparison-longer-032	0.057	1	200	0.01	0.047	
comparison-longer-033	0.107	1	200	0.016	0.091	
comparison-longer-034	0.114	1	200	0.017	0.097	
comparison-longer-035	0.065	1	200	0.016	0.049	
comparison-longer-036	0.108	1	200	0.016	0.092	
comparison-longer-037	0.062	1	200	0.009	0.053	
comparison-longer-038	0.101	1	200	0.017	0.084	
comparison-longer-039	0.096	1	200	0.009	0.087	
comparison-longer-040	0.072	1	200	0.018	0.054	
comparison-longer-041	0.056	1	200	0.009	0.047	
comparison-longer-042	0.072	1	200	0.009	0.063	
comparison-longer-043	0.074	1	200	0.016	0.058	
comparison-longer-044	0.063	1	200	0.01	0.053	
comparison-longer-045	0.06	1	200	0.01	0.05	
comparison-longer-046	0.1	1	200	0.016	0.084	
comparison-longer-047	0.126	1	200	0.016	0.11	
comparison-longer-048	0.096	1	200	0.016	0.08	
comparison-longer-049	0.216	1	200	0.018	0.198	
comparison-longer-050	0.09	1	200	0.017	0.073	
comparison-longer-051	0.053	1	200	0.009	0.044	
comparison-longer-052	0.095	1	200	0.015	0.08	
comparison-longer-053	0.09	1	200	0.012	0.078	
comparison-longer-054	0.06	1	200	0.016	0.044	
comparison-longer-055	0.07	1	200	0.009	0.061	
comparison-longer-056	0.065	1	200	0.008	0.057	
comparison-longer-057	0.085	1	200	0.008	0.077	
comparison-longer-058	0.068	1	200	0.009	0.059	
comparison-longer-059	0.099	1	200	0.016	0.083	
comparison-longer-060	0.056	1	200	0.009	0.047	
forward-singer-001	0.214	1	200	0.017	0.197	
forward-singer-002	0.093	1	200	0.02	0.073	
forward-singer-003	0.06	1	200	0.013	0.047	
forward-singer-004	0.099	1	200	0.012	0.087	
forward-singer-005	0.065	1	200	0.017	0.048	
forward-singer-006	0.05	1	200	0.01	0.04	
forward-singer-007	0.069	1	200	0.01	0.059	
forward-singer-008	0.08	1	200	0.009	0.071	
forward-singer-009	0.096	1	200	0.017	0.079	
forward-singer-010	0.073	1	200	0.009	0.064	
forward-singer-011	0.134	1	200	0.016	0.118	
forward-singer-012	0.071	1	200	0.016	0.055	
forward-singer-013	0.066	1	200	0.01	0.056	
forward-singer-014	0.131	1	200	0.016	0.115	
forward-singer-015	0.124	1	200	0.017	0.107	
forward-singer-016	0.07	1	200	0.009	0.061	
forward-singer-017	0.08	1	200	0.009	0.071	
forward-singer-018	0.133	1	200	0.016	0.117	
forward-singer-019	0.111	1	200	0.016	0.095	
forward-singer-020	0.131	1	200	0.009	0.122	
forward-singer-021	0.103	1	200	0.016	0.087	
forward-singer-022	0.086	1	200	0.009	0.077	
forward-singer-023	0.073	1	200	0.016	0.057	
forward-singer-024	0.089	1	200	0.009	0.08	
forward-singer-025	0.08	1	200	0.016	0.064	
forward-singer-026	0.075	1	200	0.009	0.066	
forward-singer-027	0.083	1	200	0.016	0.067	
forward-singer-028	0.065	1	200	0.009	0.056	
forward-singer-029	0.126	1	200	0.016	0.11	
forward-singer-030	0.144	1	200	0.017	0.127	
forward-singer-031	0.107	1	200	0.017	0.09	
forward-singer-032	0.129	1	200	0.016	0.113	
forward-singer-033	0.07	1	200	0.016	0.054	
forward-singer-034	0.131	1	200	0.009	0.122	
forward-singer-035	0.068	1	200	0.018	0.05	
forward-singer-036	0.118	1	200	0.017	0.101	
forward-singer-037	0.109	1	200	0.017	0.092	
forward-singer-038	0.127	1	200	0.018	0.109	
forward-singer-039	0.153	1	200	0.018	0.135	
forward-singer-040	0.095	1	200	0.018	0.077	
forward-singer-041	0.122	1	200	0.018	0.104	
forward-singer-042	0.114	1	200	0.018	0.096	
forward-singer-043	0.17	1	200	0.018	0.152	
forward-singer-044	0.218	1	200	0.016	0.202	
forward-singer-045	0.094	1	200	0.017	0.077	
forward-singer-046	0.098	1	200	0.016	0.082	
forward-singer-047	0.112	1	200	0.021	0.091	
forward-singer-048	0.156	1	200	0.018	0.138	
forward-singer-049	0.173	1	200	0.018	0.155	
forward-singer-050	0.072	1	200	0.01	0.062	
forward-singer-051	0.058	1	200	0.011	0.047	
forward-singer-052	0.101	1	200	0.01	0.091	
forward-singer-053	0.064	1	200	0.018	0.046	
forward-singer-054	0.128	1	200	0.02	0.108	
forward-singer-055	0.065	1	200	0.013	0.052	
forward-singer-056	0.059	1	200	0.01	0.049	
forward-singer-057	0.092	1	200	0.011	0.081	
forward-album-001	0.08	1	200	0.018	0.062	
forward-album-002	0.063	1	200	0.011	0.052	
forward-album-003	0.095	1	200	0.016	0.079	
forward-album-004	0.062	1	200	0.01	0.052	
forward-album-005	0.092	1	200	0.017	0.075	
forward-album-006	0.122	1	200	0.017	0.105	
forward-album-007	0.163	1	200	0.018	0.145	
forward-album-008	0.141	1	200	0.018	0.123	
forward-album-009	0.139	1	200	0.017	0.122	
forward-album-010	0.09	1	200	0.01	0.08	
forward-album-011	0.117	1	200	0.017	0.1	
forward-album-012	0.126	1	200	0.018	0.108	
forward-album-013	0.163	1	200	0.019	0.144	
forward-album-014	0.094	1	200	0.018	0.076	
forward-album-015	0.071	1	200	0.01	0.061	
forward-album-016	0.124	1	200	0.018	0.106	
forward-album-017	0.174	1	200	0.016	0.158	
forward-album-018	0.072	1	200	0.01	0.062	
forward-album-019	0.102	1	200	0.016	0.086	
forward-album-020	0.077	1	200	0.016	0.061	
forward-album-021	0.061	1	200	0.01	0.051	
forward-album-022	0.058	1	200	0.009	0.049	
forward-album-023	0.058	1	200	0.009	0.049	
forward-album-024	0.075	1	200	0.017	0.058	
forward-album-025	0.114	1	200	0.016	0.098	
forward-album-026	0.075	1	200	0.017	0.058	
forward-album-027	0.068	1	200	0.009	0.059	
forward-album-028	0.098	1	200	0.017	0.081	
forward-album-029	0.087	1	200	0.019	0.068	
forward-album-030	0.217	1	200	0.016	0.201	
forward-album-031	0.104	1	200	0.017	0.087	
forward-album-032	0.119	1	200	0.016	0.103	
forward-album-033	0.065	1	200	0.018	0.047	
forward-album-034	0.09	1	200	0.009	0.081	
forward-album-035	0.079	1	200	0.018	0.061	
forward-album-036	0.116	1	200	0.017	0.099	
forward-album-037	0.102	1	200	0.016	0.086	
forward-album-038	0.086	1	200	0.018	0.068	
forward-album-039	0.058	1	200	0.01	0.048	
forward-album-040	0.085	1	200	0.017	0.068	
forward-album-041	0.079	1	200	0.01	0.069	
forward-album-042	0.078	1	200	0.016	0.062	
forward-album-043	0.068	1	200	0.011	0.057	
forward-album-044	0.085	1	200	0.01	0.075	
forward-album-045	0.085	1	200	0.017	0.068	
forward-album-046	0.052	1	200	0.009	0.043	
forward-album-047	0.071	1	200	0.01	0.061	
forward-album-048	0.067	1	200	0.016	0.051	
forward-album-049	0.06	1	200	0.008	0.052	
forward-album-050	0.09	1	200	0.009	0.081	
forward-album-051	0.08	1	200	0.016	0.064	
forward-album-052	0.083	1	200	0.016	0.067	
forward-album-053	0.096	1	200	0.01	0.086	
forward-album-054	0.085	1	200	0.016	0.069	
forward-album-055	0.118	1	200	0.016	0.102	
forward-album-056	0.115	1	200	0.018	0.097	
forward-album-057	0.182	1	200	0.011	0.171	
forward-album-058	0.081	1	200	0.018	0.063	
forward-album-059	0.068	1	200	0.009	0.059	
forward-album-060	0.089	1	200	0.011	0.078	
forward-songwriter-001	0.074	1	200	0.017	0.057	
forward-songwriter-002	0.051	1	200	0.009	0.042	
forward-songwriter-003	0.078	1	200	0.01	0.068	
forward-songwriter-004	0.092	1	200	0.009	0.083	
forward-songwriter-005	0.065	1	200	0.017	0.048	
forward-songwriter-006	0.069	1	200	0.009	0.06	
forward-songwriter-007	0.081	1	200	0.016	0.065	
forward-songwriter-008	0.201	1	200	0.022	0.179	
forward-songwriter-009	0.086	1	200	0.017	0.069	
forward-songwriter-010	0.069	1	200	0.009	0.06	
forward-songwriter-011	0.105	1	200	0.018	0.087	
forward-songwriter-012	0.061	1	200	0.009	0.052	
forward-songwriter-013	0.183	1	200	0.018	0.165	
forward-songwriter-014	0.082	1	200	0.018	0.064	
forward-songwriter-015	0.097	1	200	0.01	0.087	
forward-songwriter-016	0.126	1	200	0.018	0.108	
forward-songwriter-017	0.077	1	200	0.01	0.067	
forward-songwriter-018	0.076	1	200	0.018	0.058	
forward-songwriter-019	0.107	1	200	0.01	0.097	
forward-songwriter-020	0.153	1	200	0.016	0.137	
forward-songwriter-021	0.106	1	200	0.018	0.088	
forward-songwriter-022	0.066	1	200	0.01	0.056	
forward-songwriter-023	0.067	1	200	0.01	0.057	
forward-songwriter-024	0.075	1	200	0.01	0.065	
forward-songwriter-025	0.085	1	200	0.018	0.067	
forward-songwriter-026	0.075	1	200	0.011	0.064	
forward-songwriter-027	0.073	1	200	0.011	0.062	
forward-songwriter-028	0.17	1	200	0.018	0.152	
forward-songwriter-029	0.101	1	200	0.018	0.083	
forward-songwriter-030	0.132	1	200	0.01	0.122	
forward-songwriter-031	0.071	1	200	0.018	0.053	
forward-songwriter-032	0.087	1	200	0.011	0.076	
forward-songwriter-033	0.104	1	200	0.018	0.086	
forward-songwriter-034	0.054	1	200	0.01	0.044	
forward-songwriter-035	0.054	1	200	0.01	0.044	
forward-songwriter-036	0.093	1	200	0.009	0.084	
forward-songwriter-037	0.103	1	200	0.018	0.085	
forward-songwriter-038	0.192	1	200	0.016	0.176	
forward-songwriter-039	0.073	1	200	0.016	0.057	
forward-songwriter-040	0.125	1	200	0.017	0.108	
forward-songwriter-041	0.128	1	200	0.01	0.118	
forward-songwriter-042	0.199	1	200	0.016	0.183	
forward-songwriter-043	0.154	1	200	0.018	0.136	
forward-songwriter-044	0.126	1	200	0.018	0.108	
forward-songwriter-045	0.098	1	200	0.01	0.088	
forward-songwriter-046	0.09	1	200	0.018	0.072	
forward-songwriter-047	0.094	1	200	0.01	0.084	
forward-year-001	0.069	1	200	0.01	0.059	
forward-year-002	0.165	1	200	0.018	0.147	
forward-year-003	0.202	1	200	0.018	0.184	
forward-year-004	0.159	1	200	0.018	0.141	
forward-year-005	0.127	1	200	0.018	0.109	
forward-year-006	0.179	1	200	0.018	0.161	
forward-year-007	0.097	1	200	0.018	0.079	
forward-year-008	0.16	1	200	0.011	0.149	
forward-year-009	0.254	1	200	0.018	0.236	
forward-year-010	0.083	1	200	0.018	0.065	
forward-year-011	0.128	1	200	0.018	0.11	
forward-year-012	0.068	1	200	0.011	0.057	
forward-year-013	0.086	1	200	0.018	0.068	
forward-year-014	0.082	1	200	0.011	0.071	
forward-year-015	0.152	1	200	0.018	0.134	
forward-year-016	0.067	1	200	0.018	0.049	
forward-year-017	0.154	1	200	0.018	0.136	
forward-year-018	0.121	1	200	0.018	0.103	
forward-year-019	0.168	1	200	0.018	0.15	
forward-year-020	0.088	1	200	0.018	0.07	
forward-year-021	0.074	1	200	0.01	0.064	
forward-year-022	0.125	1	200	0.017	0.108	
forward-year-023	0.083	1	200	0.01	0.073	
forward-year-024	0.112	1	200	0.018	0.094	
forward-year-025	0.067	1	200	0.019	0.048	
forward-year-026	0.083	1	200	0.01	0.073	
forward-year-027	0.121	1	200	0.018	0.103	
forward-year-028	0.119	1	200	0.018	0.101	
forward-year-029	0.192	1	200	0.018	0.174	
forward-year-030	0.209	1	200	0.018	0.191	
forward-year-031	0.081	1	200	0.018	0.063	
forward-year-032	0.081	1	200	0.018	0.063	
forward-year-033	0.102	1	200	0.018	0.084	
forward-year-034	0.064	1	200	0.011	0.053	
forward-year-035	0.057	1	200	0.01	0.047	
forward-year-036	0.082	1	200	0.018	0.064	
forward-year-037	0.066	1	200	0.011	0.055	
forward-year-038	0.11	1	200	0.018	0.092	
forward-year-039	0.214	1	200	0.02	0.194	
forward-year-040	0.091	1	200	0.018	0.073	
forward-year-041	0.089	1	200	0.01	0.079	
forward-year-042	0.214	1	200	0.018	0.196	
forward-year-043	0.071	1	200	0.018	0.053	
forward-year-044	0.207	1	200	0.018	0.189	
forward-year-045	0.112	1	200	0.018	0.094	
forward-year-046	0.083	1	200	0.018	0.065	
forward-year-047	0.062	1	200	0.01	0.052	
forward-year-048	0.053	1	200	0.01	0.043	
forward-year-049	0.069	1	200	0.01	0.059	
forward-year-050	0.078	1	200	0.01	0.068	
forward-year-051	0.158	1	200	0.018	0.14	
forward-year-052	0.064	1	200	0.018	0.046	
forward-year-053	0.155	1	200	0.01	0.145	
forward-year-054	0.242	1	200	0.018	0.224	
forward-year-055	0.118	1	200	0.018	0.1	
forward-year-056	0.057	1	200	0.011	0.046	
forward-year-057	0.165	1	200	0.018	0.147	
forward-year-058	0.068	1	200	0.012	0.056	
forward-year-059	0.092	1	200	0.018	0.074	
forward-year-060	0.062	1	200	0.01	0.052	
lead-set-john-001	0.09	1	200	0.018	0.072	
lead-set-paul-001	0.11	1	200	0.02	0.09	
lead-set-george-001	0.076	1	200	0.017	0.059	
lead-set-ringo-001	0.132	1	200	0.009	0.123	
lead-set-john-002	0.153	1	200	0.018	0.135	
lead-set-paul-002	0.073	1	200	0.02	0.053	
lead-set-george-002	0.245	1	200	0.02	0.225	
lead-set-ringo-002	0.085	1	200	0.011	0.074	
lead-set-john-003	0.065	1	200	0.02	0.045	
lead-set-paul-003	0.08	1	200	0.012	0.068	
lead-set-george-003	0.179	1	200	0.02	0.159	
lead-set-ringo-003	0.107	1	200	0.02	0.087	
lead-set-john-004	0.127	1	200	0.02	0.107	
lead-set-paul-004	0.124	1	200	0.02	0.104	
lead-set-george-004	0.09	1	200	0.02	0.07	
lead-set-ringo-004	0.107	1	200	0.02	0.087	
lead-set-john-005	0.129	1	200	0.02	0.109	
lead-set-paul-005	0.153	1	200	0.02	0.133	
lead-set-george-005	0.154	1	200	0.02	0.134	
lead-set-ringo-005	0.092	1	200	0.02	0.072	
lead-set-john-006	0.139	1	200	0.02	0.119	
lead-set-paul-006	0.065	1	200	0.012	0.053	
lead-set-george-006	0.122	1	200	0.02	0.102	
lead-set-ringo-006	0.089	1	200	0.02	0.069	
lead-set-john-007	0.103	1	200	0.02	0.083	
lead-set-paul-007	0.076	1	200	0.012	0.064	
lead-set-george-007	0.217	1	200	0.012	0.205	
lead-set-ringo-007	0.209	1	200	0.02	0.189	
lead-set-john-008	0.152	1	200	0.02	0.132	
lead-set-paul-008	0.093	1	200	0.02	0.073	
lead-set-george-008	0.064	1	200	0.012	0.052	
lead-set-ringo-008	0.115	1	200	0.02	0.095	
lead-set-john-009	0.151	1	200	0.02	0.131	
lead-set-paul-009	0.072	1	200	0.02	0.052	
lead-set-george-009	0.066	1	200	0.011	0.055	
lead-set-ringo-009	0.087	1	200	0.019	0.068	
lead-set-john-010	0.104	1	200	0.02	0.084	
lead-set-paul-010	0.129	1	200	0.012	0.117	
lead-set-george-010	0.064	1	200	0.02	0.044	
lead-set-ringo-010	0.055	1	200	0.012	0.043	
lead-set-john-011	0.098	1	200	0.011	0.087	
lead-set-paul-011	0.127	1	200	0.02	0.107	
lead-set-george-011	0.123	1	200	0.02	0.103	
lead-set-ringo-011	0.086	1	200	0.02	0.066	
lead-set-john-012	0.112	1	200	0.011	0.101	
lead-set-paul-012	0.147	1	200	0.02	0.127	
lead-set-george-012	0.123	1	200	0.02	0.103	
lead-set-ringo-012	0.085	1	200	0.02	0.065	
lead-set-john-013	0.12	1	200	0.02	0.1	
lead-set-paul-013	0.112	1	200	0.02	0.092	
lead-set-george-013	0.104	1	200	0.02	0.084	
lead-set-ringo-013	0.097	1	200	0.02	0.077	
lead-set-john-014	0.087	1	200	0.02	0.067	
lead-set-paul-014	0.057	1	200	0.011	0.046	
lead-set-george-014	0.062	1	200	0.011	0.051	
lead-set-ringo-014	0.1	1	200	0.02	0.08	
lead-set-john-015	0.078	1	200	0.011	0.067	
lead-set-paul-015	0.08	1	200	0.019	0.061	
lead-set-george-015	0.088	1	200	0.02	0.068	
lead-set-ringo-015	0.115	1	200	0.02	0.095	
lead-set-john-016	0.149	1	200	0.02	0.129	
lead-set-paul-016	0.111	1	200	0.02	0.091	
lead-set-george-016	0.11	1	200	0.02	0.09	
lead-set-ringo-016	0.072	1	200	0.011	0.061	
lead-set-john-017	0.101	1	200	0.02	0.081	
lead-set-paul-017	0.097	1	200	0.02	0.077	
lead-set-george-017	0.067	1	200	0.011	0.056	
lead-set-ringo-017	0.082	1	200	0.02	0.062	
lead-set-john-018	0.088	1	200	0.011	0.077	
lead-set-paul-018	0.076	1	200	0.011	0.065	
lead-set-george-018	0.097	1	200	0.02	0.077	
lead-set-ringo-018	0.144	1	200	0.019	0.125	
lead-set-john-019	0.096	1	200	0.018	0.078	
lead-set-paul-019	0.086	1	200	0.02	0.066	
lead-set-george-019	0.083	1	200	0.011	0.072	
lead-set-ringo-019	0.076	1	200	0.019	0.057	
lead-set-john-020	0.369	1	200	0.02	0.349	
lead-set-paul-020	0.108	1	200	0.019	0.089	
lead-set-george-020	0.244	1	200	0.02	0.224	
lead-set-ringo-020	0.143	1	200	0.02	0.123	
lead-set-john-021	0.225	1	200	0.02	0.205	
lead-set-paul-021	0.074	1	200	0.02	0.054	
lead-set-george-021	0.517	1	200	0.02	0.497	
lead-set-ringo-021	0.292	1	200	0.02	0.272	
lead-set-john-022	0.055	1	200	0.011	0.044	
lead-set-paul-022	0.14	1	200	0.02	0.12	
lead-set-george-022	0.079	1	200	0.011	0.068	
lead-set-ringo-022	0.069	1	200	0.011	0.058	
lead-set-john-023	0.093	1	200	0.019	0.074	
lead-set-paul-023	0.078	1	200	0.011	0.067	
lead-set-george-023	0.105	1	200	0.02	0.085	
lead-set-ringo-023	0.146	1	200	0.02	0.126	
lead-set-john-024	0.098	1	200	0.02	0.078	
lead-set-paul-024	0.111	1	200	0.02	0.091	
lead-set-george-024	0.054	1	200	0.011	0.043	
lead-set-ringo-024	0.058	1	200	0.011	0.047	
lead-set-john-025	0.08	1	200	0.011	0.069	
lead-set-paul-025	0.101	1	200	0.02	0.081	
lead-set-george-025	0.06	1	200	0.011	0.049	
lead-set-ringo-025	0.133	1	200	0.02	0.113	
lead-set-john-026	0.092	1	200	0.011	0.081	
lead-set-paul-026	0.063	1	200	0.02	0.043	
lead-set-george-026	0.06	1	200	0.011	0.049	
lead-set-ringo-026	0.075	1	200	0.011	0.064	
lead-set-john-027	0.063	1	200	0.011	0.052	
lead-set-paul-027	0.052	1	200	0.011	0.041	
lead-set-george-027	0.086	1	200	0.019	0.067	
lead-set-ringo-027	0.062	1	200	0.011	0.051	
lead-set-john-028	0.091	1	200	0.01	0.081	
lead-set-paul-028	0.105	1	200	0.02	0.085	
lead-set-george-028	0.103	1	200	0.02	0.083	
lead-set-ringo-028	0.062	1	200	0.02	0.042	
lead-set-john-029	0.07	1	200	0.011	0.059	
lead-set-paul-029	0.171	1	200	0.02	0.151	
lead-set-george-029	0.092	1	200	0.02	0.072	
lead-set-ringo-029	0.1	1	200	0.02	0.08	
lead-set-john-030	0.054	1	200	0.012	0.042	
lead-set-paul-030	0.089	1	200	0.02	0.069	
lead-set-george-030	0.061	1	200	0.011	0.05	
lead-set-ringo-030	0.131	1	200	0.02	0.111	
lexical-trap-control-album-to-song-001	0.11	1	200	0.02	0.09	
lexical-trap-control-event-to-song-001	0.097	1	200	0.02	0.077	
lexical-trap-control-album-to-song-002	0.077	1	200	0.02	0.057	
lexical-trap-control-event-to-song-002	0.072	1	200	0.011	0.061	
lexical-trap-control-event-to-song-003	0.058	1	200	0.011	0.047	
lexical-trap-control-album-to-song-003	0.076	1	200	0.011	0.065	
lexical-trap-control-song-to-album-001	0.077	1	200	0.02	0.057	
lexical-trap-control-album-to-song-004	0.074	1	200	0.011	0.063	
lexical-trap-control-event-to-song-004	0.075	1	200	0.011	0.064	
lexical-trap-control-album-to-song-005	0.147	1	200	0.02	0.127	
lexical-trap-control-album-to-song-006	0.062	1	200	0.01	0.052	
lexical-trap-control-album-to-song-007	0.131	1	200	0.02	0.111	
lexical-trap-control-album-to-song-008	0.062	1	200	0.011	0.051	
lexical-trap-control-album-to-song-009	0.113	1	200	0.011	0.102	
lexical-trap-control-song-to-album-002	0.094	1	200	0.02	0.074	
lexical-trap-control-event-to-song-005	0.095	1	200	0.02	0.075	
lexical-trap-control-album-to-song-010	0.196	1	200	0.011	0.185	
lexical-trap-control-song-to-album-003	0.132	1	200	0.02	0.112	
lexical-trap-control-album-to-song-011	0.159	1	200	0.02	0.139	
lexical-trap-control-event-to-song-006	0.06	1	200	0.011	0.049	
lexical-trap-control-album-to-song-012	0.101	1	200	0.02	0.081	
lexical-trap-control-album-to-song-013	0.058	1	200	0.011	0.047	
lexical-trap-control-album-to-song-014	0.061	1	200	0.011	0.05	
lexical-trap-control-album-to-song-015	0.102	1	200	0.02	0.082	
lexical-trap-control-album-to-song-016	0.057	1	200	0.011	0.046	
lexical-trap-control-album-to-song-017	0.194	1	200	0.02	0.174	
lexical-trap-control-album-to-song-018	0.239	1	200	0.022	0.217	
lexical-trap-control-album-to-song-019	0.086	1	200	0.02	0.066	
lexical-trap-control-event-to-song-007	0.054	1	200	0.011	0.043	
lexical-trap-control-album-to-song-020	0.11	1	200	0.02	0.09	
lexical-trap-control-album-to-song-021	0.124	1	200	0.02	0.104	
lexical-trap-control-song-to-album-004	0.085	1	200	0.02	0.065	
lexical-trap-control-album-to-song-022	0.123	1	200	0.02	0.103	
lexical-trap-control-album-to-song-023	0.07	1	200	0.02	0.05	
lexical-trap-control-album-to-song-024	0.074	1	200	0.011	0.063	
lexical-trap-control-album-to-song-025	0.088	1	200	0.019	0.069	
lexical-trap-control-album-to-song-026	0.243	1	200	0.02	0.223	
lexical-trap-control-album-to-song-027	0.103	1	200	0.02	0.083	
lexical-trap-control-song-to-album-005	0.075	1	200	0.011	0.064	
lexical-trap-control-album-to-song-028	0.156	1	200	0.02	0.136	
lexical-trap-control-album-to-song-029	0.07	1	200	0.02	0.05	
lexical-trap-control-album-to-song-030	0.117	1	200	0.02	0.097	
lexical-trap-control-song-to-album-006	0.133	1	200	0.012	0.121	
lexical-trap-control-song-to-album-007	0.095	1	200	0.02	0.075	
lexical-trap-control-song-to-album-008	0.131	1	200	0.011	0.12	
lexical-trap-control-song-to-album-009	0.091	1	200	0.02	0.071	
lexical-trap-control-event-to-song-008	0.098	1	200	0.019	0.079	
lexical-trap-control-event-to-song-009	0.09	1	200	0.012	0.078	
lexical-trap-control-album-to-song-031	0.16	1	200	0.02	0.14	
lexical-trap-control-album-to-song-032	0.091	1	200	0.012	0.079	
lexical-trap-control-song-to-album-010	0.085	1	200	0.02	0.065	
lexical-trap-control-song-to-album-011	0.153	1	200	0.02	0.133	
lexical-trap-control-album-to-song-033	0.078	1	200	0.02	0.058	
lexical-trap-control-album-to-song-034	0.077	1	200	0.02	0.057	
lexical-trap-album-to-song-001	0.132	1	200	0.02	0.112	
lexical-trap-event-to-song-001	0.117	1	200	0.02	0.097	
lexical-trap-album-to-song-002	0.103	1	200	0.02	0.083	
lexical-trap-event-to-song-002	0.098	1	200	0.011	0.087	
lexical-trap-event-to-song-003	0.142	1	200	0.02	0.122	
lexical-trap-album-to-song-003	0.077	1	200	0.02	0.057	
lexical-trap-song-to-album-001	0.132	1	200	0.011	0.121	
lexical-trap-album-to-song-004	0.092	1	200	0.02	0.072	
lexical-trap-event-to-song-004	0.079	1	200	0.012	0.067	
lexical-trap-album-to-song-005	0.124	1	200	0.02	0.104	
lexical-trap-album-to-song-006	0.094	1	200	0.02	0.074	
lexical-trap-album-to-song-007	0.088	1	200	0.01	0.078	
lexical-trap-album-to-song-008	0.077	1	200	0.02	0.057	
lexical-trap-album-to-song-009	0.101	1	200	0.02	0.081	
lexical-trap-song-to-album-002	0.114	1	200	0.02	0.094	
lexical-trap-event-to-song-005	0.139	1	200	0.011	0.128	
lexical-trap-album-to-song-010	0.085	1	200	0.02	0.065	
lexical-trap-song-to-album-003	0.167	1	200	0.02	0.147	
lexical-trap-album-to-song-011	0.085	1	200	0.02	0.065	
lexical-trap-event-to-song-006	0.106	1	200	0.02	0.086	
lexical-trap-album-to-song-012	0.124	1	200	0.02	0.104	
lexical-trap-album-to-song-013	0.111	1	200	0.02	0.091	
lexical-trap-album-to-song-014	0.222	1	200	0.02	0.202	
lexical-trap-album-to-song-015	0.163	1	200	0.02	0.143	
lexical-trap-album-to-song-016	0.102	1	200	0.02	0.082	
lexical-trap-album-to-song-017	0.193	1	200	0.02	0.173	
lexical-trap-album-to-song-018	0.148	1	200	0.011	0.137	
lexical-trap-album-to-song-019	0.122	1	200	0.02	0.102	
lexical-trap-event-to-song-007	0.078	1	200	0.018	0.06	
lexical-trap-album-to-song-020	0.06	1	200	0.011	0.049	
lexical-trap-album-to-song-021	0.075	1	200	0.011	0.064	
lexical-trap-song-to-album-004	0.11	1	200	0.02	0.09	
lexical-trap-album-to-song-022	0.07	1	200	0.011	0.059	
lexical-trap-album-to-song-023	0.134	1	200	0.011	0.123	
lexical-trap-album-to-song-024	0.124	1	200	0.02	0.104	
lexical-trap-album-to-song-025	0.153	1	200	0.02	0.133	
lexical-trap-album-to-song-026	0.071	1	200	0.011	0.06	
lexical-trap-album-to-song-027	0.058	1	200	0.011	0.047	
lexical-trap-song-to-album-005	0.065	1	200	0.011	0.054	
lexical-trap-album-to-song-028	0.134	1	200	0.02	0.114	
lexical-trap-album-to-song-029	0.091	1	200	0.02	0.071	
lexical-trap-album-to-song-030	0.114	1	200	0.011	0.103	
lexical-trap-song-to-album-006	0.245	1	200	0.02	0.225	
lexical-trap-song-to-album-007	0.08	1	200	0.02	0.06	
lexical-trap-song-to-album-008	0.128	1	200	0.018	0.11	
lexical-trap-song-to-album-009	0.136	1	200	0.02	0.116	
lexical-trap-event-to-song-008	0.201	1	200	0.011	0.19	
lexical-trap-event-to-song-009	0.147	1	200	0.02	0.127	
lexical-trap-album-to-song-031	0.087	1	200	0.012	0.075	
lexical-trap-album-to-song-032	0.114	1	200	0.02	0.094	
lexical-trap-song-to-album-010	0.152	1	200	0.02	0.132	
lexical-trap-song-to-album-011	0.071	1	200	0.011	0.06	
lexical-trap-album-to-song-033	0.053	1	200	0.011	0.042	
lexical-trap-album-to-song-034	0.102	1	200	0.02	0.082	
multi-hop-album-year-001	0.101	1	200	0.011	0.09	
multi-hop-album-year-002	0.138	1	200	0.02	0.118	
multi-hop-album-year-003	0.071	1	200	0.02	0.051	
multi-hop-album-year-004	0.089	1	200	0.02	0.069	
multi-hop-album-year-005	0.095	1	200	0.012	0.083	
multi-hop-album-year-006	0.077	1	200	0.019	0.058	
multi-hop-album-year-007	0.057	1	200	0.011	0.046	
multi-hop-album-year-008	0.088	1	200	0.02	0.068	
multi-hop-album-year-009	0.082	1	200	0.02	0.062	
multi-hop-album-year-010	0.097	1	200	0.02	0.077	
multi-hop-album-year-011	0.077	1	200	0.011	0.066	
multi-hop-album-year-012	0.07	1	200	0.011	0.059	
multi-hop-album-year-013	0.171	1	200	0.02	0.151	
multi-hop-album-year-014	0.126	1	200	0.02	0.106	
multi-hop-album-year-015	0.14	1	200	0.02	0.12	
multi-hop-album-year-016	0.084	1	200	0.02	0.064	
multi-hop-album-year-017	0.073	1	200	0.012	0.061	
multi-hop-album-year-018	0.13	1	200	0.02	0.11	
multi-hop-album-year-019	0.084	1	200	0.02	0.064	
multi-hop-album-year-020	0.11	1	200	0.02	0.09	
multi-hop-album-year-021	0.079	1	200	0.02	0.059	
multi-hop-album-year-022	0.106	1	200	0.02	0.086	
multi-hop-album-year-023	0.084	1	200	0.011	0.073	
multi-hop-album-year-024	0.066	1	200	0.011	0.055	
multi-hop-album-year-025	0.112	1	200	0.02	0.092	
multi-hop-album-year-026	0.062	1	200	0.011	0.051	
multi-hop-album-year-027	0.106	1	200	0.011	0.095	
multi-hop-album-year-028	0.086	1	200	0.019	0.067	
multi-hop-album-year-029	0.083	1	200	0.012	0.071	
multi-hop-album-year-030	0.105	1	200	0.02	0.085	
multi-hop-album-year-031	0.084	1	200	0.02	0.064	
multi-hop-album-year-032	0.085	1	200	0.02	0.065	
multi-hop-album-year-033	0.073	1	200	0.011	0.062	
multi-hop-album-year-034	0.084	1	200	0.02	0.064	
multi-hop-album-year-035	0.076	1	200	0.011	0.065	
multi-hop-album-year-036	0.085	1	200	0.02	0.065	
multi-hop-album-year-037	0.1	1	200	0.02	0.08	
multi-hop-album-year-038	0.073	1	200	0.011	0.062	
multi-hop-album-year-039	0.073	1	200	0.011	0.062	
multi-hop-album-year-040	0.19	1	200	0.02	0.17	
multi-hop-album-year-041	0.091	1	200	0.02	0.071	
multi-hop-album-year-042	0.06	1	200	0.011	0.049	
multi-hop-album-year-043	0.071	1	200	0.011	0.06	
multi-hop-album-year-044	0.117	1	200	0.02	0.097	
multi-hop-album-year-045	0.057	1	200	0.012	0.045	
multi-hop-album-year-046	0.115	1	200	0.011	0.104	
multi-hop-album-year-047	0.126	1	200	0.02	0.106	
multi-hop-album-year-048	0.079	1	200	0.02	0.059	
multi-hop-album-year-049	0.061	1	200	0.011	0.05	
multi-hop-album-year-050	0.112	1	200	0.02	0.092	
multi-hop-album-year-051	0.069	1	200	0.011	0.058	
multi-hop-album-year-052	0.105	1	200	0.02	0.085	
multi-hop-album-year-053	0.058	1	200	0.011	0.047	
multi-hop-album-year-054	0.071	1	200	0.011	0.06	
multi-hop-album-year-055	0.079	1	200	0.011	0.068	
multi-hop-album-year-056	0.054	1	200	0.011	0.043	
multi-hop-album-year-057	0.107	1	200	0.011	0.096	
multi-hop-album-year-058	0.147	1	200	0.02	0.127	
multi-hop-album-year-059	0.1	1	200	0.012	0.088	
multi-hop-album-year-060	0.101	1	200	0.012	0.089	
multi-hop-before-after-001	0.093	1	200	0.02	0.073	
multi-hop-before-after-002	0.078	1	200	0.011	0.067	
multi-hop-before-after-003	0.063	1	200	0.011	0.052	
multi-hop-before-after-004	0.085	1	200	0.011	0.074	
multi-hop-before-after-005	0.207	1	200	0.019	0.188	
multi-hop-before-after-006	0.069	1	200	0.02	0.049	
multi-hop-before-after-007	0.066	1	200	0.011	0.055	
multi-hop-before-after-008	0.084	1	200	0.011	0.073	
multi-hop-before-after-009	0.131	1	200	0.02	0.111	
multi-hop-before-after-010	0.064	1	200	0.011	0.053	
multi-hop-before-after-011	0.094	1	200	0.02	0.074	
multi-hop-before-after-012	0.14	1	200	0.02	0.12	
multi-hop-before-after-013	0.063	1	200	0.02	0.043	
multi-hop-before-after-014	0.063	1	200	0.012	0.051	
multi-hop-before-after-015	0.075	1	200	0.011	0.064	
multi-hop-before-after-016	0.068	1	200	0.011	0.057	
multi-hop-before-after-017	0.07	1	200	0.01	0.06	
multi-hop-before-after-018	0.076	1	200	0.019	0.057	
multi-hop-before-after-019	0.152	1	200	0.019	0.133	
multi-hop-before-after-020	0.055	1	200	0.011	0.044	
multi-hop-before-after-021	0.167	1	200	0.011	0.156	
multi-hop-before-after-022	0.079	1	200	0.021	0.058	
multi-hop-before-after-023	0.081	1	200	0.02	0.061	
multi-hop-before-after-024	0.052	1	200	0.011	0.041	
multi-hop-before-after-025	0.062	1	200	0.01	0.052	
multi-hop-before-after-026	0.073	1	200	0.011	0.062	
multi-hop-before-after-027	0.076	1	200	0.019	0.057	
multi-hop-before-after-028	0.095	1	200	0.02	0.075	
multi-hop-before-after-029	0.125	1	200	0.02	0.105	
multi-hop-before-after-030	0.19	1	200	0.02	0.17	
multi-hop-before-after-031	0.131	1	200	0.021	0.11	
multi-hop-before-after-032	0.089	1	200	0.02	0.069	
multi-hop-before-after-033	0.11	1	200	0.02	0.09	
multi-hop-before-after-034	0.133	1	200	0.012	0.121	
multi-hop-before-after-035	0.118	1	200	0.019	0.099	
multi-hop-before-after-036	0.106	1	200	0.02	0.086	
multi-hop-before-after-037	0.107	1	200	0.011	0.096	
multi-hop-before-after-038	0.069	1	200	0.02	0.049	
multi-hop-before-after-039	0.103	1	200	0.02	0.083	
multi-hop-before-after-040	0.138	1	200	0.02	0.118	
multi-hop-before-after-041	0.117	1	200	0.011	0.106	
multi-hop-before-after-042	0.174	1	200	0.02	0.154	
multi-hop-before-after-043	0.125	1	200	0.02	0.105	
multi-hop-before-after-044	0.08	1	200	0.02	0.06	
multi-hop-before-after-045	0.1	1	200	0.02	0.08	
multi-hop-before-after-046	0.073	1	200	0.012	0.061	
multi-hop-before-after-047	0.054	1	200	0.012	0.042	
multi-hop-before-after-048	0.078	1	200	0.02	0.058	
multi-hop-before-after-049	0.108	1	200	0.02	0.088	
multi-hop-before-after-050	0.086	1	200	0.02	0.066	
multi-hop-before-after-051	0.094	1	200	0.02	0.074	
multi-hop-before-after-052	0.067	1	200	0.011	0.056	
multi-hop-before-after-053	0.131	1	200	0.02	0.111	
multi-hop-before-after-054	0.132	1	200	0.019	0.113	
multi-hop-before-after-055	0.17	1	200	0.02	0.15	
multi-hop-before-after-056	0.075	1	200	0.011	0.064	
multi-hop-before-after-057	0.133	1	200	0.019	0.114	
multi-hop-before-after-058	0.172	1	200	0.02	0.152	
multi-hop-before-after-059	0.125	1	200	0.02	0.105	
multi-hop-before-after-060	0.094	1	200	0.02	0.074	
multi-hop-same-month-001	0.087	1	200	0.02	0.067	
multi-hop-same-month-002	0.114	1	200	0.02	0.094	
multi-hop-same-month-003	0.115	1	200	0.02	0.095	
multi-hop-same-month-004	0.133	1	200	0.02	0.113	
multi-hop-same-month-005	0.123	1	200	0.02	0.103	
multi-hop-same-month-006	0.096	1	200	0.02	0.076	
multi-hop-same-month-007	0.127	1	200	0.02	0.107	
multi-hop-same-month-008	0.125	1	200	0.02	0.105	
multi-hop-same-month-009	0.142	1	200	0.02	0.122	
multi-hop-same-month-010	0.215	1	200	0.02	0.195	
multi-hop-same-month-011	0.067	1	200	0.02	0.047	
multi-hop-same-month-012	0.111	1	200	0.011	0.1	
multi-hop-same-month-013	0.091	1	200	0.024	0.067	
multi-hop-same-month-014	0.204	1	200	0.02	0.184	
multi-hop-same-month-015	0.102	1	200	0.02	0.082	
multi-hop-same-month-016	0.114	1	200	0.011	0.103	
multi-hop-same-month-017	0.176	1	200	0.02	0.156	
multi-hop-same-month-018	0.156	1	200	0.02	0.136	
multi-hop-same-month-019	0.094	1	200	0.02	0.074	
multi-hop-same-month-020	0.116	1	200	0.02	0.096	
multi-hop-same-month-021	0.092	1	200	0.019	0.073	
multi-hop-same-month-022	0.148	1	200	0.02	0.128	
multi-hop-same-month-023	0.077	1	200	0.02	0.057	
multi-hop-same-month-024	0.106	1	200	0.012	0.094	
multi-hop-same-month-025	0.079	1	200	0.018	0.061	
multi-hop-same-month-026	0.061	1	200	0.012	0.049	
multi-hop-same-month-027	0.101	1	200	0.012	0.089	
multi-hop-same-month-028	0.13	1	200	0.02	0.11	
multi-hop-same-month-029	0.117	1	200	0.02	0.097	
multi-hop-same-month-030	0.125	1	200	0.011	0.114	
multi-hop-same-month-031	0.118	1	200	0.02	0.098	
multi-hop-same-month-032	0.171	1	200	0.02	0.151	
multi-hop-same-month-033	0.078	1	200	0.02	0.058	
multi-hop-same-month-034	0.068	1	200	0.012	0.056	
multi-hop-same-month-035	0.141	1	200	0.02	0.121	
multi-hop-same-month-036	0.195	1	200	0.02	0.175	
multi-hop-same-month-037	0.178	1	200	0.02	0.158	
multi-hop-same-month-038	0.202	1	200	0.02	0.182	
multi-hop-same-month-039	0.138	1	200	0.02	0.118	
multi-hop-same-month-040	0.085	1	200	0.02	0.065	
multi-hop-same-month-041	0.114	1	200	0.02	0.094	
multi-hop-same-month-042	0.168	1	200	0.02	0.148	
multi-hop-same-month-043	0.156	1	200	0.02	0.136	
multi-hop-same-month-044	0.086	1	200	0.02	0.066	
multi-hop-same-month-045	0.093	1	200	0.02	0.073	
multi-hop-same-month-046	0.084	1	200	0.02	0.064	
multi-hop-same-month-047	0.059	1	200	0.011	0.048	
multi-hop-same-month-048	0.097	1	200	0.02	0.077	
multi-hop-same-month-049	0.082	1	200	0.012	0.07	
multi-hop-same-month-050	0.091	1	200	0.02	0.071	
multi-hop-same-month-051	0.151	1	200	0.02	0.131	
multi-hop-same-month-052	0.12	1	200	0.02	0.1	
multi-hop-same-month-053	0.16	1	200	0.02	0.14	
multi-hop-same-month-054	0.077	1	200	0.017	0.06	
multi-hop-same-month-055	0.069	1	200	0.012	0.057	
multi-hop-same-month-056	0.167	1	200	0.02	0.147	
multi-hop-same-month-057	0.064	1	200	0.011	0.053	
multi-hop-same-month-058	0.141	1	200	0.02	0.121	
multi-hop-same-month-059	0.064	1	200	0.02	0.044	
multi-hop-same-month-060	0.072	1	200	0.011	0.061	
near-neighbor-control-album-001	0.101	1	200	0.011	0.09	
near-neighbor-control-album-002	0.073	1	200	0.02	0.053	
near-neighbor-control-album-003	0.067	1	200	0.012	0.055	
near-neighbor-control-album-004	0.084	1	200	0.011	0.073	
near-neighbor-control-album-005	0.102	1	200	0.02	0.082	
near-neighbor-control-album-006	0.101	1	200	0.011	0.09	
near-neighbor-control-album-007	0.163	1	200	0.02	0.143	
near-neighbor-control-album-008	0.125	1	200	0.02	0.105	
near-neighbor-control-album-009	0.119	1	200	0.02	0.099	
near-neighbor-control-album-010	0.121	1	200	0.02	0.101	
near-neighbor-control-album-011	0.067	1	200	0.02	0.047	
near-neighbor-control-album-012	0.074	1	200	0.011	0.063	
near-neighbor-control-album-013	0.088	1	200	0.019	0.069	
near-neighbor-control-album-014	0.134	1	200	0.02	0.114	
near-neighbor-control-album-015	0.073	1	200	0.011	0.062	
near-neighbor-control-album-016	0.281	1	200	0.02	0.261	
near-neighbor-control-album-017	0.108	1	200	0.02	0.088	
near-neighbor-control-album-018	0.067	1	200	0.02	0.047	
near-neighbor-control-album-019	0.149	1	200	0.011	0.138	
near-neighbor-control-album-020	0.137	1	200	0.02	0.117	
near-neighbor-control-album-021	0.351	1	200	0.02	0.331	
near-neighbor-control-album-022	0.118	1	200	0.02	0.098	
near-neighbor-control-album-023	0.113	1	200	0.02	0.093	
near-neighbor-control-album-024	0.131	1	200	0.019	0.112	
near-neighbor-control-album-025	0.107	1	200	0.02	0.087	
near-neighbor-control-album-026	0.129	1	200	0.02	0.109	
near-neighbor-control-album-027	0.169	1	200	0.012	0.157	
near-neighbor-control-album-028	0.095	1	200	0.02	0.075	
near-neighbor-control-album-029	0.153	1	200	0.02	0.133	
near-neighbor-control-album-030	0.092	1	200	0.011	0.081	
near-neighbor-control-album-031	0.102	1	200	0.02	0.082	
near-neighbor-control-album-032	0.223	1	200	0.019	0.204	
near-neighbor-control-album-033	0.151	1	200	0.02	0.131	
near-neighbor-control-album-034	0.116	1	200	0.02	0.096	
near-neighbor-control-album-035	0.07	1	200	0.011	0.059	
near-neighbor-control-album-036	0.082	1	200	0.02	0.062	
near-neighbor-control-album-037	0.092	1	200	0.02	0.072	
near-neighbor-control-album-038	0.114	1	200	0.02	0.094	
near-neighbor-control-album-039	0.089	1	200	0.012	0.077	
near-neighbor-control-album-040	0.132	1	200	0.02	0.112	
near-neighbor-control-album-041	0.202	1	200	0.02	0.182	
near-neighbor-control-album-042	0.16	1	200	0.02	0.14	
near-neighbor-control-album-043	0.158	1	200	0.02	0.138	
near-neighbor-control-album-044	0.191	1	200	0.02	0.171	
near-neighbor-control-album-045	0.202	1	200	0.02	0.182	
near-neighbor-control-album-046	0.083	1	200	0.02	0.063	
near-neighbor-control-album-047	0.108	1	200	0.011	0.097	
near-neighbor-control-album-048	0.135	1	200	0.018	0.117	
near-neighbor-control-album-049	0.111	1	200	0.02	0.091	
near-neighbor-control-album-050	0.101	1	200	0.012	0.089	
near-neighbor-control-album-051	0.179	1	200	0.02	0.159	
near-neighbor-control-album-052	0.18	1	200	0.02	0.16	
near-neighbor-control-album-053	0.096	1	200	0.02	0.076	
near-neighbor-control-album-054	0.111	1	200	0.011	0.1	
near-neighbor-control-album-055	0.12	1	200	0.018	0.102	
near-neighbor-control-album-056	0.133	1	200	0.018	0.115	
near-neighbor-control-album-057	0.182	1	200	0.018	0.164	
near-neighbor-control-album-058	0.087	1	200	0.018	0.069	
near-neighbor-control-album-059	0.141	1	200	0.018	0.123	
near-neighbor-control-album-060	0.083	1	200	0.018	0.065	
near-neighbor-album-001	0.09	1	200	0.011	0.079	
near-neighbor-album-002	0.132	1	200	0.018	0.114	
near-neighbor-album-003	0.19	1	200	0.02	0.17	
near-neighbor-album-004	0.156	1	200	0.018	0.138	
near-neighbor-album-005	0.102	1	200	0.018	0.084	
near-neighbor-album-006	0.207	1	200	0.018	0.189	
near-neighbor-album-007	0.068	1	200	0.016	0.052	
near-neighbor-album-008	0.053	1	200	0.009	0.044	
near-neighbor-album-009	0.086	1	200	0.017	0.069	
near-neighbor-album-010	0.069	1	200	0.009	0.06	
near-neighbor-album-011	0.083	1	200	0.016	0.067	
near-neighbor-album-012	0.134	1	200	0.016	0.118	
near-neighbor-album-013	0.102	1	200	0.016	0.086	
near-neighbor-album-014	0.115	1	200	0.016	0.099	
near-neighbor-album-015	0.142	1	200	0.016	0.126	
near-neighbor-album-016	0.106	1	200	0.009	0.097	
near-neighbor-album-017	0.13	1	200	0.018	0.112	
near-neighbor-album-018	0.103	1	200	0.018	0.085	
near-neighbor-album-019	0.095	1	200	0.015	0.08	
near-neighbor-album-020	0.064	1	200	0.01	0.054	
near-neighbor-album-021	0.117	1	200	0.01	0.107	
near-neighbor-album-022	0.066	1	200	0.017	0.049	
near-neighbor-album-023	0.088	1	200	0.011	0.077	
near-neighbor-album-024	0.074	1	200	0.018	0.056	
near-neighbor-album-025	0.062	1	200	0.011	0.051	
near-neighbor-album-026	0.105	1	200	0.01	0.095	
near-neighbor-album-027	0.085	1	200	0.018	0.067	
near-neighbor-album-028	0.09	1	200	0.018	0.072	
near-neighbor-album-029	0.087	1	200	0.018	0.069	
near-neighbor-album-030	0.079	1	200	0.011	0.068	
near-neighbor-album-031	0.21	1	200	0.018	0.192	
near-neighbor-album-032	0.209	1	200	0.018	0.191	
near-neighbor-album-033	0.109	1	200	0.018	0.091	
near-neighbor-album-034	0.159	1	200	0.018	0.141	
near-neighbor-album-035	0.128	1	200	0.018	0.11	
near-neighbor-album-036	0.147	1	200	0.018	0.129	
near-neighbor-album-037	0.078	1	200	0.01	0.068	
near-neighbor-album-038	0.066	1	200	0.017	0.049	
near-neighbor-album-039	0.198	1	200	0.018	0.18	
near-neighbor-album-040	0.069	1	200	0.011	0.058	
near-neighbor-album-041	0.1	1	200	0.011	0.089	
near-neighbor-album-042	0.12	1	200	0.018	0.102	
near-neighbor-album-043	0.158	1	200	0.017	0.141	
near-neighbor-album-044	0.132	1	200	0.021	0.111	
near-neighbor-album-045	0.151	1	200	0.017	0.134	
near-neighbor-album-046	0.107	1	200	0.017	0.09	
near-neighbor-album-047	0.273	1	200	0.018	0.255	
near-neighbor-album-048	0.222	1	200	0.018	0.204	
near-neighbor-album-049	0.093	1	200	0.018	0.075	
near-neighbor-album-050	0.085	1	200	0.01	0.075	
near-neighbor-album-051	0.108	1	200	0.017	0.091	
near-neighbor-album-052	0.09	1	200	0.017	0.073	
near-neighbor-album-053	0.111	1	200	0.016	0.095	
near-neighbor-album-054	0.144	1	200	0.018	0.126	
near-neighbor-album-055	0.123	1	200	0.018	0.105	
near-neighbor-album-056	0.247	1	200	0.018	0.229	
near-neighbor-album-057	0.105	1	200	0.018	0.087	
near-neighbor-album-058	0.194	1	200	0.01	0.184	
near-neighbor-album-059	0.226	1	200	0.016	0.21	
near-neighbor-album-060	0.097	1	200	0.017	0.08	
none-of-these-absent-001	0.147	1	200	0.01	0.137	
none-of-these-present-001	0.077	1	200	0.018	0.059	
none-of-these-absent-002	0.097	1	200	0.011	0.086	
none-of-these-present-002	0.14	1	200	0.018	0.122	
none-of-these-absent-003	0.095	1	200	0.018	0.077	
none-of-these-present-003	0.059	1	200	0.011	0.048	
none-of-these-absent-004	0.085	1	200	0.01	0.075	
none-of-these-present-004	0.098	1	200	0.016	0.082	
none-of-these-absent-005	0.174	1	200	0.018	0.156	
none-of-these-present-005	0.079	1	200	0.018	0.061	
none-of-these-absent-006	0.17	1	200	0.018	0.152	
none-of-these-present-006	0.147	1	200	0.018	0.129	
none-of-these-absent-007	0.109	1	200	0.018	0.091	
none-of-these-present-007	0.177	1	200	0.018	0.159	
none-of-these-absent-008	0.138	1	200	0.017	0.121	
none-of-these-present-008	0.271	1	200	0.018	0.253	
none-of-these-absent-009	0.284	1	200	0.018	0.266	
none-of-these-present-009	0.101	1	200	0.018	0.083	
none-of-these-absent-010	0.113	1	200	0.018	0.095	
none-of-these-present-010	0.133	1	200	0.017	0.116	
none-of-these-absent-011	0.104	1	200	0.017	0.087	
none-of-these-present-011	0.184	1	200	0.018	0.166	
none-of-these-absent-012	0.209	1	200	0.01	0.199	
none-of-these-present-012	0.141	1	200	0.018	0.123	
none-of-these-absent-013	0.105	1	200	0.018	0.087	
none-of-these-present-013	0.14	1	200	0.018	0.122	
none-of-these-absent-014	0.144	1	200	0.018	0.126	
none-of-these-present-014	0.223	1	200	0.018	0.205	
none-of-these-absent-015	0.221	1	200	0.018	0.203	
none-of-these-present-015	0.105	1	200	0.018	0.087	
none-of-these-absent-016	0.133	1	200	0.018	0.115	
none-of-these-present-016	0.17	1	200	0.018	0.152	
none-of-these-absent-017	0.123	1	200	0.018	0.105	
none-of-these-present-017	0.165	1	200	0.018	0.147	
none-of-these-absent-018	0.115	1	200	0.018	0.097	
none-of-these-present-018	0.195	1	200	0.017	0.178	
none-of-these-absent-019	0.188	1	200	0.018	0.17	
none-of-these-present-019	0.148	1	200	0.016	0.132	
none-of-these-absent-020	0.061	1	200	0.009	0.052	
none-of-these-present-020	0.07	1	200	0.009	0.061	
none-of-these-absent-021	0.109	1	200	0.017	0.092	
none-of-these-present-021	0.087	1	200	0.009	0.078	
none-of-these-absent-022	0.158	1	200	0.017	0.141	
none-of-these-present-022	0.286	1	200	0.016	0.27	
none-of-these-absent-023	0.101	1	200	0.009	0.092	
none-of-these-present-023	0.215	1	200	0.016	0.199	
none-of-these-absent-024	0.122	1	200	0.016	0.106	
none-of-these-present-024	0.196	1	200	0.017	0.179	
none-of-these-absent-025	0.228	1	200	0.017	0.211	
none-of-these-present-025	0.618	1	200	0.017	0.601	
none-of-these-absent-026	0.165	1	200	0.016	0.149	
none-of-these-present-026	0.177	1	200	0.017	0.16	
none-of-these-absent-027	0.16	1	200	0.017	0.143	
none-of-these-present-027	0.121	1	200	0.016	0.105	
none-of-these-absent-028	0.305	1	200	0.017	0.288	
none-of-these-present-028	0.254	1	200	0.016	0.238	
none-of-these-absent-029	0.158	1	200	0.016	0.142	
none-of-these-present-029	0.37	1	200	0.017	0.353	
none-of-these-absent-030	0.201	1	200	0.019	0.182	
none-of-these-present-030	0.166	1	200	0.017	0.149	
reversal-general-shared-name-forward-001	0.099	1	200	0.018	0.081	
reversal-general-shared-name-reverse-001	0.133	1	200	0.018	0.115	
reversal-general-shared-name-forward-002	0.161	1	200	0.018	0.143	
reversal-general-shared-name-reverse-002	0.147	1	200	0.018	0.129	
reversal-general-shared-name-forward-003	0.132	1	200	0.018	0.114	
reversal-general-shared-name-reverse-003	0.139	1	200	0.018	0.121	
reversal-general-shared-name-forward-004	0.071	1	200	0.018	0.053	
reversal-general-shared-name-reverse-004	0.192	1	200	0.021	0.171	
reversal-general-shared-name-forward-005	0.37	1	200	0.016	0.354	
reversal-general-shared-name-reverse-005	0.211	1	200	0.018	0.193	
reversal-general-shared-name-forward-006	0.258	1	200	0.018	0.24	
reversal-general-shared-name-reverse-006	0.104	1	200	0.018	0.086	
reversal-general-shared-name-forward-007	0.056	1	200	0.01	0.046	
reversal-general-shared-name-reverse-007	0.068	1	200	0.011	0.057	
reversal-general-shared-name-forward-008	0.397	1	200	0.018	0.379	
reversal-general-shared-name-reverse-008	0.34	1	200	0.016	0.324	
reversal-general-shared-name-forward-009	0.091	1	200	0.016	0.075	
reversal-general-shared-name-reverse-009	0.286	1	200	0.016	0.27	
reversal-general-shared-name-forward-010	0.281	1	200	0.016	0.265	
reversal-general-shared-name-reverse-010	0.119	1	200	0.016	0.103	
reversal-general-shared-name-forward-011	0.218	1	200	0.016	0.202	
reversal-general-shared-name-reverse-011	0.12	1	200	0.018	0.102	
reversal-general-shared-name-forward-012	0.135	1	200	0.018	0.117	
reversal-general-shared-name-reverse-012	0.112	1	200	0.018	0.094	
reversal-general-shared-name-forward-013	0.348	1	200	0.017	0.331	
reversal-general-shared-name-reverse-013	0.327	1	200	0.017	0.31	
reversal-general-shared-name-forward-014	0.179	1	200	0.016	0.163	
reversal-general-shared-name-reverse-014	0.167	1	200	0.018	0.149	
reversal-general-shared-name-forward-015	0.149	1	200	0.021	0.128	
reversal-general-shared-name-reverse-015	0.156	1	200	0.018	0.138	
reversal-general-shared-name-forward-016	0.113	1	200	0.009	0.104	
reversal-general-shared-name-reverse-016	0.118	1	200	0.018	0.1	
reversal-general-shared-name-forward-017	0.203	1	200	0.016	0.187	
reversal-general-shared-name-reverse-017	0.092	1	200	0.009	0.083	
reversal-general-shared-name-forward-018	0.114	1	200	0.016	0.098	
reversal-general-shared-name-reverse-018	0.228	1	200	0.016	0.212	
reversal-general-shared-name-forward-019	0.13	1	200	0.017	0.113	
reversal-general-shared-name-reverse-019	0.089	1	200	0.016	0.073	
reversal-general-shared-name-forward-020	0.138	1	200	0.018	0.12	
reversal-general-shared-name-reverse-020	0.073	1	200	0.01	0.063	
reversal-general-shared-name-forward-021	0.065	1	200	0.011	0.054	
reversal-general-shared-name-reverse-021	0.066	1	200	0.009	0.057	
reversal-general-forward-001	0.171	1	200	0.009	0.162	
reversal-general-reverse-001	0.109	1	200	0.016	0.093	
reversal-general-forward-002	0.065	1	200	0.02	0.045	
reversal-general-reverse-002	0.252	1	200	0.016	0.236	
reversal-general-forward-003	0.143	1	200	0.016	0.127	
reversal-general-reverse-003	0.274	1	200	0.016	0.258	
reversal-general-forward-004	0.13	1	200	0.018	0.112	
reversal-general-reverse-004	0.21	1	200	0.017	0.193	
reversal-general-forward-005	0.104	1	200	0.017	0.087	
reversal-general-reverse-005	0.198	1	200	0.018	0.18	
reversal-general-forward-006	0.381	1	200	0.017	0.364	
reversal-general-reverse-006	0.145	1	200	0.017	0.128	
reversal-general-forward-007	0.073	1	200	0.016	0.057	
reversal-general-reverse-007	0.063	1	200	0.01	0.053	
reversal-general-forward-008	0.126	1	200	0.017	0.109	
reversal-general-reverse-008	0.166	1	200	0.018	0.148	
reversal-general-forward-009	0.084	1	200	0.016	0.068	
reversal-general-reverse-009	0.106	1	200	0.02	0.086	
reversal-general-forward-010	0.147	1	200	0.016	0.131	
reversal-general-reverse-010	0.181	1	200	0.018	0.163	
reversal-general-forward-011	0.197	1	200	0.016	0.181	
reversal-general-reverse-011	0.184	1	200	0.017	0.167	
reversal-general-forward-012	0.127	1	200	0.016	0.111	
reversal-general-reverse-012	0.091	1	200	0.016	0.075	
reversal-general-forward-013	0.157	1	200	0.02	0.137	
reversal-general-reverse-013	0.121	1	200	0.018	0.103	
reversal-general-forward-014	0.16	1	200	0.016	0.144	
reversal-general-reverse-014	0.168	1	200	0.017	0.151	
reversal-general-forward-015	0.149	1	200	0.018	0.131	
reversal-general-reverse-015	0.207	1	200	0.016	0.191	
reversal-general-forward-016	0.281	1	200	0.017	0.264	
reversal-general-reverse-016	0.13	1	200	0.018	0.112	
reversal-general-forward-017	0.095	1	200	0.021	0.074	
reversal-general-reverse-017	0.194	1	200	0.014	0.18	
reversal-general-forward-018	0.156	1	200	0.018	0.138	
reversal-general-reverse-018	0.139	1	200	0.016	0.123	
reversal-general-forward-019	0.362	1	200	0.016	0.346	
reversal-general-reverse-019	0.219	1	200	0.018	0.201	
reversal-general-forward-020	0.135	1	200	0.018	0.117	
reversal-general-reverse-020	0.175	1	200	0.018	0.157	
reversal-general-forward-021	0.113	1	200	0.018	0.095	
reversal-general-reverse-021	0.173	1	200	0.018	0.155	
reversal-general-forward-022	0.123	1	200	0.018	0.105	
reversal-general-reverse-022	0.084	1	200	0.01	0.074	
reversal-general-forward-023	0.13	1	200	0.017	0.113	
reversal-general-reverse-023	0.066	1	200	0.018	0.048	
reversal-general-forward-024	0.054	1	200	0.011	0.043	
reversal-general-reverse-024	0.089	1	200	0.011	0.078	
reversal-general-forward-025	0.29	1	200	0.018	0.272	
reversal-general-reverse-025	0.102	1	200	0.018	0.084	
reversal-general-forward-026	0.088	1	200	0.017	0.071	
reversal-general-reverse-026	0.097	1	200	0.01	0.087	
reversal-general-forward-027	0.13	1	200	0.018	0.112	
reversal-general-reverse-027	0.418	1	200	0.016	0.402	
reversal-general-forward-028	0.175	1	200	0.016	0.159	
reversal-general-reverse-028	0.197	1	200	0.016	0.181	
reversal-general-forward-029	0.133	1	200	0.016	0.117	
reversal-general-reverse-029	0.351	1	200	0.018	0.333	
reversal-general-forward-030	0.102	1	200	0.017	0.085	
reversal-general-reverse-030	0.148	1	200	0.023	0.125	
reversal-general-forward-031	0.084	1	200	0.017	0.067	
reversal-general-reverse-031	0.164	1	200	0.018	0.146	
reversal-general-forward-032	0.087	1	200	0.01	0.077	
reversal-general-reverse-032	0.082	1	200	0.018	0.064	
reversal-general-forward-033	0.239	1	200	0.017	0.222	
reversal-general-reverse-033	0.119	1	200	0.011	0.108	
reversal-general-forward-034	0.211	1	200	0.018	0.193	
reversal-general-reverse-034	0.077	1	200	0.018	0.059	
reversal-general-forward-035	0.125	1	200	0.018	0.107	
reversal-general-reverse-035	0.065	1	200	0.01	0.055	
reversal-general-forward-036	0.199	1	200	0.017	0.182	
reversal-general-reverse-036	0.084	1	200	0.018	0.066	
reversal-general-forward-037	0.122	1	200	0.017	0.105	
reversal-general-reverse-037	0.09	1	200	0.018	0.072	
reversal-general-forward-038	0.166	1	200	0.018	0.148	
reversal-general-reverse-038	0.069	1	200	0.018	0.051	
reversal-general-forward-039	0.103	1	200	0.008	0.095	
reversal-general-reverse-039	0.161	1	200	0.018	0.143	
reversal-general-forward-040	0.136	1	200	0.018	0.118	
reversal-general-reverse-040	0.079	1	200	0.022	0.057	
reversal-general-forward-041	0.104	1	200	0.018	0.086	
reversal-general-reverse-041	0.06	1	200	0.018	0.042	
reversal-general-forward-042	0.063	1	200	0.011	0.052	
reversal-general-reverse-042	0.1	1	200	0.017	0.083	
reversal-general-forward-043	0.144	1	200	0.018	0.126	
reversal-general-reverse-043	0.221	1	200	0.022	0.199	
reversal-general-forward-044	0.245	1	200	0.018	0.227	
reversal-general-reverse-044	0.076	1	200	0.018	0.058	
reversal-general-forward-045	0.465	1	200	0.018	0.447	
reversal-general-reverse-045	0.366	1	200	0.018	0.348	
reversal-general-forward-046	0.066	1	200	0.018	0.048	
reversal-general-reverse-046	0.098	1	200	0.011	0.087	
reversal-general-forward-047	0.129	1	200	0.011	0.118	
reversal-general-reverse-047	0.087	1	200	0.018	0.069	
reversal-general-forward-048	0.091	1	200	0.01	0.081	
reversal-general-reverse-048	0.072	1	200	0.01	0.062	
reversal-general-forward-049	0.209	1	200	0.01	0.199	
reversal-general-reverse-049	0.106	1	200	0.016	0.09	
reversal-general-forward-050	0.132	1	200	0.016	0.116	
reversal-general-reverse-050	0.171	1	200	0.017	0.154	
reversal-general-forward-051	0.124	1	200	0.009	0.115	
reversal-general-reverse-051	0.182	1	200	0.016	0.166	
reversal-general-forward-052	0.061	1	200	0.01	0.051	
reversal-general-reverse-052	0.075	1	200	0.01	0.065	
reversal-general-forward-053	0.104	1	200	0.016	0.088	
reversal-general-reverse-053	0.149	1	200	0.02	0.129	
reversal-general-forward-054	0.15	1	200	0.016	0.134	
reversal-general-reverse-054	0.427	1	200	0.016	0.411	
reversal-general-forward-055	0.169	1	200	0.017	0.152	
reversal-general-reverse-055	0.108	1	200	0.016	0.092	
reversal-general-forward-056	0.115	1	200	0.009	0.106	
reversal-general-reverse-056	0.161	1	200	0.017	0.144	
reversal-general-forward-057	0.22	1	200	0.017	0.203	
reversal-general-reverse-057	0.263	1	200	0.016	0.247	
reversal-general-forward-058	0.119	1	200	0.016	0.103	
reversal-general-reverse-058	0.289	1	200	0.017	0.272	
reversal-general-forward-059	0.073	1	200	0.016	0.057	
reversal-general-reverse-059	0.128	1	200	0.016	0.112	
reversal-general-forward-060	0.151	1	200	0.016	0.135	
reversal-general-reverse-060	0.101	1	200	0.016	0.085	
reversal-general-forward-061	0.184	1	200	0.016	0.168	
reversal-general-reverse-061	0.111	1	200	0.016	0.095	
reversal-general-forward-062	0.135	1	200	0.016	0.119	
reversal-general-reverse-062	0.104	1	200	0.016	0.088	
reversal-general-forward-063	0.176	1	200	0.016	0.16	
reversal-general-reverse-063	0.158	1	200	0.016	0.142	
reversal-general-forward-064	0.236	1	200	0.016	0.22	
reversal-general-reverse-064	0.133	1	200	0.016	0.117	
reversal-general-forward-065	0.118	1	200	0.016	0.102	
reversal-general-reverse-065	0.09	1	200	0.016	0.074	
reversal-general-forward-066	0.077	1	200	0.01	0.067	
reversal-general-reverse-066	0.078	1	200	0.016	0.062	
reversal-general-forward-067	0.067	1	200	0.009	0.058	
reversal-general-reverse-067	0.136	1	200	0.016	0.12	
reversal-general-forward-068	0.227	1	200	0.016	0.211	
reversal-general-reverse-068	0.12	1	200	0.016	0.104	
reversal-general-forward-069	0.09	1	200	0.016	0.074	
reversal-general-reverse-069	0.158	1	200	0.017	0.141	
reversal-general-forward-070	0.139	1	200	0.016	0.123	
reversal-general-reverse-070	0.142	1	200	0.016	0.126	
reversal-general-forward-071	0.257	1	200	0.017	0.24	
reversal-general-reverse-071	0.189	1	200	0.016	0.173	
reversal-general-forward-072	0.169	1	200	0.017	0.152	
reversal-general-reverse-072	0.222	1	200	0.018	0.204	
reversal-general-forward-073	0.087	1	200	0.017	0.07	
reversal-general-reverse-073	0.15	1	200	0.018	0.132	
reversal-general-forward-074	0.091	1	200	0.011	0.08	
reversal-general-reverse-074	0.169	1	200	0.018	0.151	
reversal-general-forward-075	0.167	1	200	0.018	0.149	
reversal-general-reverse-075	0.1	1	200	0.018	0.082	
reversal-forward-001	0.195	1	200	0.018	0.177	
reversal-reverse-001	0.115	1	200	0.018	0.097	
reversal-forward-002	0.089	1	200	0.017	0.072	
reversal-reverse-002	0.111	1	200	0.016	0.095	
reversal-forward-003	0.115	1	200	0.009	0.106	
reversal-forward-004	0.14	1	200	0.018	0.122	
reversal-reverse-003	0.109	1	200	0.018	0.091	
reversal-forward-005	0.142	1	200	0.016	0.126	
reversal-forward-006	0.136	1	200	0.018	0.118	
reversal-forward-007	0.1	1	200	0.017	0.083	
reversal-forward-008	0.127	1	200	0.011	0.116	
reversal-reverse-004	0.166	1	200	0.017	0.149	
reversal-forward-009	0.077	1	200	0.018	0.059	
reversal-reverse-005	0.162	1	200	0.016	0.146	
reversal-forward-010	0.127	1	200	0.016	0.111	
reversal-reverse-006	0.425	1	200	0.016	0.409	
reversal-forward-011	0.087	1	200	0.019	0.068	
reversal-reverse-007	0.079	1	200	0.016	0.063	
reversal-forward-012	0.131	1	200	0.017	0.114	
reversal-reverse-008	0.081	1	200	0.011	0.07	
reversal-forward-013	0.075	1	200	0.01	0.065	
reversal-reverse-009	0.126	1	200	0.018	0.108	
reversal-forward-014	0.244	1	200	0.017	0.227	
reversal-reverse-010	0.118	1	200	0.017	0.101	
reversal-forward-015	0.111	1	200	0.017	0.094	
reversal-reverse-011	0.164	1	200	0.016	0.148	
reversal-forward-016	0.106	1	200	0.016	0.09	
reversal-reverse-012	0.143	1	200	0.016	0.127	
reversal-forward-017	0.139	1	200	0.017	0.122	
reversal-forward-018	0.129	1	200	0.018	0.111	
reversal-reverse-013	0.129	1	200	0.018	0.111	
reversal-forward-019	0.177	1	200	0.017	0.16	
reversal-forward-020	0.153	1	200	0.016	0.137	
reversal-reverse-014	0.13	1	200	0.016	0.114	
reversal-forward-021	0.099	1	200	0.018	0.081	
reversal-forward-022	0.137	1	200	0.017	0.12	
reversal-reverse-015	0.119	1	200	0.017	0.102	
reversal-forward-023	0.139	1	200	0.016	0.123	
reversal-forward-024	0.163	1	200	0.016	0.147	
reversal-reverse-016	0.108	1	200	0.016	0.092	
reversal-forward-025	0.347	1	200	0.017	0.33	
reversal-forward-026	0.113	1	200	0.016	0.097	
reversal-reverse-017	0.196	1	200	0.011	0.185	
reversal-forward-027	0.152	1	200	0.017	0.135	
reversal-reverse-018	0.141	1	200	0.016	0.125	
reversal-forward-028	0.214	1	200	0.017	0.197	
reversal-reverse-019	0.198	1	200	0.016	0.182	
reversal-forward-029	0.174	1	200	0.017	0.157	
reversal-reverse-020	0.171	1	200	0.018	0.153	
reversal-forward-030	0.178	1	200	0.021	0.157	
reversal-reverse-021	0.154	1	200	0.018	0.136	
reversal-forward-031	0.076	1	200	0.018	0.058	
reversal-reverse-022	0.111	1	200	0.01	0.101	
reversal-forward-032	0.115	1	200	0.018	0.097	
reversal-reverse-023	0.148	1	200	0.016	0.132	
reversal-forward-033	0.093	1	200	0.018	0.075	
reversal-reverse-024	0.085	1	200	0.016	0.069	
reversal-forward-034	0.284	1	200	0.017	0.267	
reversal-reverse-025	0.131	1	200	0.016	0.115	
reversal-forward-035	0.137	1	200	0.018	0.119	
reversal-reverse-026	0.137	1	200	0.017	0.12	
reversal-forward-036	0.172	1	200	0.018	0.154	
reversal-reverse-027	0.108	1	200	0.017	0.091	
reversal-forward-037	0.156	1	200	0.018	0.138	
reversal-reverse-028	0.127	1	200	0.018	0.109	
reverse-singer-to-song-001	0.145	1	200	0.018	0.127	
reverse-singer-to-song-002	0.077	1	200	0.018	0.059	
reverse-singer-to-song-003	0.138	1	200	0.017	0.121	
reverse-singer-to-song-004	0.089	1	200	0.01	0.079	
reverse-singer-to-song-005	0.107	1	200	0.018	0.089	
reverse-singer-to-song-006	0.161	1	200	0.018	0.143	
reverse-singer-to-song-007	0.074	1	200	0.018	0.056	
reverse-singer-to-song-008	0.084	1	200	0.011	0.073	
reverse-singer-to-song-009	0.169	1	200	0.018	0.151	
reverse-singer-to-song-010	0.149	1	200	0.017	0.132	
reverse-singer-to-song-011	0.159	1	200	0.017	0.142	
reverse-singer-to-song-012	0.12	1	200	0.017	0.103	
reverse-singer-to-song-013	0.233	1	200	0.017	0.216	
reverse-singer-to-song-014	0.1	1	200	0.017	0.083	
reverse-singer-to-song-015	0.08	1	200	0.016	0.064	
reverse-singer-to-song-016	0.129	1	200	0.016	0.113	
reverse-singer-to-song-017	0.237	1	200	0.017	0.22	
reverse-singer-to-song-018	0.107	1	200	0.018	0.089	
reverse-singer-to-song-019	0.06	1	200	0.01	0.05	
reverse-singer-to-song-020	0.115	1	200	0.018	0.097	
reverse-singer-to-song-021	0.14	1	200	0.01	0.13	
reverse-singer-to-song-022	0.221	1	200	0.018	0.203	
reverse-singer-to-song-023	0.203	1	200	0.018	0.185	
reverse-singer-to-song-024	0.32	1	200	0.018	0.302	
reverse-singer-to-song-025	0.115	1	200	0.018	0.097	
reverse-singer-to-song-026	0.102	1	200	0.017	0.085	
reverse-singer-to-song-027	0.173	1	200	0.011	0.162	
reverse-singer-to-song-028	0.117	1	200	0.018	0.099	
reverse-singer-to-song-029	0.114	1	200	0.018	0.096	
reverse-singer-to-song-030	0.129	1	200	0.017	0.112	
reverse-singer-to-song-031	0.104	1	200	0.018	0.086	
reverse-singer-to-song-032	0.166	1	200	0.018	0.148	
reverse-singer-to-song-033	0.162	1	200	0.018	0.144	
reverse-singer-to-song-034	0.135	1	200	0.018	0.117	
reverse-singer-to-song-035	0.164	1	200	0.018	0.146	
reverse-singer-to-song-036	0.179	1	200	0.018	0.161	
reverse-singer-to-song-037	0.124	1	200	0.018	0.106	
reverse-singer-to-song-038	0.117	1	200	0.018	0.099	
reverse-singer-to-song-039	0.073	1	200	0.011	0.062	
reverse-singer-to-song-040	0.095	1	200	0.018	0.077	
reverse-album-to-song-001	0.092	1	200	0.016	0.076	
reverse-album-to-song-002	0.116	1	200	0.012	0.104	
reverse-album-to-song-003	0.161	1	200	0.018	0.143	
reverse-album-to-song-004	0.173	1	200	0.018	0.155	
reverse-album-to-song-005	0.185	1	200	0.018	0.167	
reverse-album-to-song-006	0.187	1	200	0.018	0.169	
reverse-album-to-song-007	0.133	1	200	0.018	0.115	
reverse-album-to-song-008	0.173	1	200	0.018	0.155	
reverse-album-to-song-009	0.365	1	200	0.017	0.348	
reverse-album-to-song-010	0.313	1	200	0.018	0.295	
reverse-album-to-song-011	0.138	1	200	0.018	0.12	
reverse-album-to-song-012	0.163	1	200	0.018	0.145	
reverse-album-to-song-013	0.104	1	200	0.018	0.086	
reverse-album-to-song-014	0.12	1	200	0.01	0.11	
reverse-album-to-song-015	0.115	1	200	0.018	0.097	
reverse-album-to-song-016	0.161	1	200	0.018	0.143	
reverse-album-to-song-017	0.191	1	200	0.018	0.173	
reverse-album-to-song-018	0.103	1	200	0.017	0.086	
reverse-album-to-song-019	0.065	1	200	0.01	0.055	
reverse-album-to-song-020	0.17	1	200	0.018	0.152	
reverse-album-to-song-021	0.152	1	200	0.018	0.134	
reverse-album-to-song-022	0.071	1	200	0.01	0.061	
reverse-album-to-song-023	0.116	1	200	0.017	0.099	
reverse-album-to-song-024	0.147	1	200	0.017	0.13	
reverse-album-to-song-025	0.085	1	200	0.021	0.064	
reverse-album-to-song-026	0.209	1	200	0.018	0.191	
reverse-album-to-song-027	0.089	1	200	0.018	0.071	
reverse-album-to-song-028	0.1	1	200	0.018	0.082	
reverse-album-to-song-029	0.184	1	200	0.018	0.166	
reverse-album-to-song-030	0.138	1	200	0.019	0.119	
reverse-album-to-song-031	0.07	1	200	0.01	0.06	
reverse-album-to-song-032	0.224	1	200	0.019	0.205	
reverse-album-to-song-033	0.094	1	200	0.02	0.074	
reverse-album-to-song-034	0.238	1	200	0.02	0.218	
reverse-album-to-song-035	0.222	1	200	0.02	0.202	
reverse-album-to-song-036	0.081	1	200	0.02	0.061	
reverse-album-to-song-037	0.411	1	200	0.02	0.391	
reverse-album-to-song-038	0.404	1	200	0.02	0.384	
reverse-album-to-song-039	0.24	1	200	0.02	0.22	
reverse-album-to-song-040	0.129	1	200	0.02	0.109	
reverse-singer-yes-no-001	0.103	1	200	0.02	0.083	
reverse-singer-yes-no-002	0.113	1	200	0.02	0.093	
reverse-singer-yes-no-003	0.107	1	200	0.02	0.087	
reverse-singer-yes-no-004	0.404	1	200	0.02	0.384	
reverse-singer-yes-no-005	0.208	1	200	0.02	0.188	
reverse-singer-yes-no-006	0.07	1	200	0.02	0.05	
reverse-singer-yes-no-007	0.061	1	200	0.011	0.05	
reverse-singer-yes-no-008	0.094	1	200	0.011	0.083	
reverse-singer-yes-no-009	0.479	1	200	0.02	0.459	
reverse-singer-yes-no-010	0.486	1	200	0.02	0.466	
reverse-singer-yes-no-011	0.073	1	200	0.02	0.053	
reverse-singer-yes-no-012	0.343	1	200	0.02	0.323	
reverse-singer-yes-no-013	0.085	1	200	0.017	0.068	
reverse-singer-yes-no-014	0.084	1	200	0.02	0.064	
reverse-singer-yes-no-015	0.119	1	200	0.011	0.108	
reverse-singer-yes-no-016	0.152	1	200	0.02	0.132	
reverse-singer-yes-no-017	0.183	1	200	0.02	0.163	
reverse-singer-yes-no-018	0.105	1	200	0.02	0.085	
reverse-singer-yes-no-019	0.265	1	200	0.02	0.245	
reverse-singer-yes-no-020	0.268	1	200	0.02	0.248	
reverse-singer-yes-no-021	0.154	1	200	0.023	0.131	
reverse-singer-yes-no-022	0.079	1	200	0.02	0.059	
reverse-singer-yes-no-023	0.138	1	200	0.019	0.119	
reverse-singer-yes-no-024	0.155	1	200	0.02	0.135	
reverse-singer-yes-no-025	0.123	1	200	0.02	0.103	
reverse-singer-yes-no-026	0.163	1	200	0.02	0.143	
reverse-singer-yes-no-027	0.194	1	200	0.02	0.174	
reverse-singer-yes-no-028	0.078	1	200	0.02	0.058	
reverse-singer-yes-no-029	0.219	1	200	0.02	0.199	
reverse-singer-yes-no-030	0.199	1	200	0.02	0.179	
reverse-singer-yes-no-031	0.296	1	200	0.02	0.276	
reverse-singer-yes-no-032	0.079	1	200	0.02	0.059	
shared-lead-shared-lead-001	0.125	1	200	0.012	0.113	
shared-lead-shared-lead-002	0.103	1	200	0.02	0.083	
shared-lead-shared-lead-003	0.077	1	200	0.012	0.065	
shared-lead-shared-lead-004	0.049	1	200	0.012	0.037	
shared-lead-shared-lead-005	0.105	1	200	0.02	0.085	
shared-lead-shared-lead-006	0.082	1	200	0.02	0.062	
shared-lead-shared-lead-007	0.1	1	200	0.019	0.081	
shared-lead-shared-lead-008	0.072	1	200	0.01	0.062	
shared-lead-shared-lead-009	0.116	1	200	0.02	0.096	
shared-lead-shared-lead-010	0.066	1	200	0.012	0.054	
shared-lead-shared-lead-011	0.096	1	200	0.012	0.084	
shared-lead-shared-lead-012	0.17	1	200	0.019	0.151	
shared-lead-shared-lead-013	0.094	1	200	0.02	0.074	
shared-lead-shared-lead-014	0.186	1	200	0.02	0.166	
shared-lead-shared-lead-015	0.176	1	200	0.02	0.156	
shared-lead-shared-lead-016	0.125	1	200	0.02	0.105	
shared-lead-shared-lead-017	0.09	1	200	0.02	0.07	
shared-lead-shared-lead-018	0.079	1	200	0.02	0.059	
shared-lead-shared-lead-019	0.058	1	200	0.011	0.047	
shared-lead-shared-lead-020	0.09	1	200	0.011	0.079	
shared-lead-shared-lead-021	0.249	1	200	0.02	0.229	
shared-lead-shared-lead-022	0.099	1	200	0.019	0.08	
shared-lead-shared-lead-023	0.26	1	200	0.02	0.24	
shared-lead-shared-lead-024	0.091	1	200	0.011	0.08	
shared-lead-shared-lead-025	0.213	1	200	0.02	0.193	
shared-lead-shared-lead-026	0.143	1	200	0.02	0.123	
shared-lead-shared-lead-027	0.108	1	200	0.019	0.089	
shared-lead-shared-lead-028	0.11	1	200	0.011	0.099	
shared-lead-shared-lead-029	0.097	1	200	0.019	0.078	
shared-lead-shared-lead-030	0.077	1	200	0.011	0.066	
shared-lead-shared-lead-031	0.226	1	200	0.02	0.206	
shared-lead-shared-lead-032	0.205	1	200	0.018	0.187	
shared-lead-shared-lead-033	0.126	1	200	0.02	0.106	
shared-lead-shared-lead-034	0.416	1	200	0.02	0.396	
shared-lead-shared-lead-035	0.066	1	200	0.02	0.046	
shared-lead-shared-lead-036	0.096	1	200	0.02	0.076	
shared-lead-shared-lead-037	0.123	1	200	0.011	0.112	
shared-lead-shared-lead-038	0.09	1	200	0.02	0.07	
shared-lead-shared-lead-039	0.168	1	200	0.011	0.157	
shared-lead-shared-lead-040	0.083	1	200	0.02	0.063	
shared-lead-shared-lead-041	0.285	1	200	0.02	0.265	
shared-lead-shared-lead-042	0.176	1	200	0.018	0.158	
shared-lead-shared-lead-043	0.23	1	200	0.02	0.21	
shared-lead-shared-lead-044	0.209	1	200	0.02	0.189	
shared-lead-shared-lead-045	0.124	1	200	0.02	0.104	
shared-lead-shared-lead-046	0.363	1	200	0.021	0.342	
shared-lead-shared-lead-047	0.272	1	200	0.02	0.252	
shared-lead-shared-lead-048	0.108	1	200	0.02	0.088	
shared-lead-shared-lead-049	0.445	1	200	0.02	0.425	
shared-lead-shared-lead-050	0.253	1	200	0.019	0.234	
shared-lead-shared-lead-051	0.073	1	200	0.02	0.053	
shared-lead-shared-lead-052	0.364	1	200	0.02	0.344	
shared-lead-shared-lead-053	0.147	1	200	0.02	0.127	
shared-lead-shared-lead-054	0.133	1	200	0.02	0.113	
shared-lead-shared-lead-055	0.155	1	200	0.02	0.135	
shared-lead-shared-lead-056	0.077	1	200	0.02	0.057	
shared-lead-shared-lead-057	0.128	1	200	0.02	0.108	
shared-lead-shared-lead-058	0.107	1	200	0.019	0.088	
shared-lead-shared-lead-059	0.178	1	200	0.02	0.158	
shared-lead-shared-lead-060	0.11	1	200	0.02	0.09	
single-hop-song-album-001	0.264	1	200	0.02	0.244	
single-hop-album-year-001	0.106	1	200	0.02	0.086	
single-hop-song-album-002	0.127	1	200	0.02	0.107	
single-hop-album-year-002	0.252	1	200	0.02	0.232	
single-hop-song-album-003	0.281	1	200	0.02	0.261	
single-hop-album-year-003	0.207	1	200	0.02	0.187	
single-hop-song-album-004	0.165	1	200	0.02	0.145	
single-hop-album-year-004	0.274	1	200	0.02	0.254	
single-hop-song-album-005	0.056	1	200	0.011	0.045	
single-hop-album-year-005	0.125	1	200	0.02	0.105	
single-hop-song-album-006	0.098	1	200	0.02	0.078	
single-hop-song-album-007	0.151	1	200	0.02	0.131	
single-hop-song-album-008	0.102	1	200	0.02	0.082	
single-hop-song-album-009	0.145	1	200	0.02	0.125	
single-hop-album-year-006	0.124	1	200	0.011	0.113	
single-hop-song-album-010	0.15	1	200	0.02	0.13	
single-hop-album-year-007	0.136	1	200	0.02	0.116	
single-hop-song-album-011	0.112	1	200	0.02	0.092	
single-hop-album-year-008	0.157	1	200	0.02	0.137	
single-hop-song-album-012	0.079	1	200	0.018	0.061	
single-hop-song-album-013	0.079	1	200	0.02	0.059	
single-hop-album-year-009	0.31	1	200	0.02	0.29	
single-hop-song-album-014	0.1	1	200	0.02	0.08	
single-hop-album-year-010	0.256	1	200	0.02	0.236	
single-hop-song-album-015	0.165	1	200	0.02	0.145	
single-hop-song-album-016	0.373	1	200	0.02	0.353	
single-hop-song-album-017	0.148	1	200	0.02	0.128	
single-hop-song-album-018	0.148	1	200	0.02	0.128	
single-hop-song-album-019	0.164	1	200	0.02	0.144	
single-hop-song-album-020	0.142	1	200	0.02	0.122	
single-hop-song-album-021	0.17	1	200	0.02	0.15	
single-hop-album-year-011	0.171	1	200	0.02	0.151	
single-hop-song-album-022	0.1	1	200	0.02	0.08	
single-hop-song-album-023	0.175	1	200	0.02	0.155	
single-hop-album-year-012	0.165	1	200	0.02	0.145	
single-hop-song-album-024	0.133	1	200	0.02	0.113	
single-hop-song-album-025	0.117	1	200	0.02	0.097	
single-hop-album-year-013	0.088	1	200	0.02	0.068	
single-hop-song-album-026	0.092	1	200	0.012	0.08	
single-hop-song-album-027	0.125	1	200	0.02	0.105	
single-hop-song-album-028	0.121	1	200	0.02	0.101	
single-hop-song-album-029	0.108	1	200	0.02	0.088	
single-hop-song-album-030	0.101	1	200	0.02	0.081	
single-hop-song-album-031	0.313	1	200	0.02	0.293	
single-hop-song-album-032	0.292	1	200	0.02	0.272	
single-hop-song-album-033	0.191	1	200	0.02	0.171	
single-hop-song-album-034	0.122	1	200	0.02	0.102	
single-hop-song-album-035	0.102	1	200	0.011	0.091	
single-hop-song-album-036	0.156	1	200	0.02	0.136	
single-hop-song-album-037	0.212	1	200	0.02	0.192	
single-hop-song-album-038	0.115	1	200	0.02	0.095	
single-hop-song-album-039	0.084	1	200	0.02	0.064	
single-hop-song-album-040	0.195	1	200	0.011	0.184	
single-hop-song-album-041	0.093	1	200	0.02	0.073	
single-hop-song-album-042	0.102	1	200	0.011	0.091	
single-hop-song-album-043	0.201	1	200	0.02	0.181	
single-hop-song-album-044	0.135	1	200	0.019	0.116	
single-hop-song-album-045	0.201	1	200	0.019	0.182	
single-hop-song-album-046	0.171	1	200	0.02	0.151	
single-hop-song-album-047	0.189	1	200	0.02	0.169	
single-hop-song-album-048	0.092	1	200	0.02	0.072	
single-hop-song-album-049	0.086	1	200	0.011	0.075	
single-hop-song-album-050	0.162	1	200	0.02	0.142	
single-hop-song-album-051	0.224	1	200	0.02	0.204	
single-hop-song-album-052	0.211	1	200	0.02	0.191	
single-hop-song-album-053	0.235	1	200	0.02	0.215	
single-hop-song-album-054	0.16	1	200	0.02	0.14	
single-hop-song-album-055	0.142	1	200	0.02	0.122	
single-hop-song-album-056	0.097	1	200	0.02	0.077	
single-hop-song-album-057	0.389	1	200	0.02	0.369	
single-hop-song-album-058	0.2	1	200	0.02	0.18	
single-hop-song-album-059	0.119	1	200	0.02	0.099	
single-hop-song-album-060	0.167	1	200	0.02	0.147	
single-hop-song-month-001	0.298	1	200	0.02	0.278	
single-hop-event-month-001	0.111	1	200	0.02	0.091	
single-hop-song-month-002	0.224	1	200	0.02	0.204	
single-hop-event-month-002	0.202	1	200	0.019	0.183	
single-hop-song-month-003	0.216	1	200	0.02	0.196	
single-hop-event-month-003	0.082	1	200	0.02	0.062	
single-hop-song-month-004	0.294	1	200	0.02	0.274	
single-hop-event-month-004	0.11	1	200	0.02	0.09	
single-hop-song-month-005	0.242	1	200	0.02	0.222	
single-hop-event-month-005	0.376	1	200	0.019	0.357	
single-hop-song-month-006	0.353	1	200	0.02	0.333	
single-hop-event-month-006	0.744	1	200	0.021	0.723	
single-hop-song-month-007	0.22	1	200	0.02	0.2	
single-hop-event-month-007	0.685	1	200	0.02	0.665	
single-hop-song-month-008	0.112	1	200	0.02	0.092	
single-hop-event-month-008	0.301	1	200	0.02	0.281	
single-hop-song-month-009	0.32	1	200	0.02	0.3	
single-hop-event-month-009	0.172	1	200	0.018	0.154	
single-hop-song-month-010	0.254	1	200	0.018	0.236	
single-hop-event-month-010	0.366	1	200	0.018	0.348	
single-hop-song-month-011	0.535	1	200	0.018	0.517	
single-hop-event-month-011	0.118	1	200	0.018	0.1	
single-hop-song-month-012	0.168	1	200	0.012	0.156	
single-hop-event-month-012	0.117	1	200	0.018	0.099	
single-hop-song-month-013	0.451	1	200	0.018	0.433	
single-hop-event-month-013	0.122	1	200	0.018	0.104	
single-hop-song-month-014	0.168	1	200	0.018	0.15	
single-hop-event-month-014	0.186	1	200	0.02	0.166	
single-hop-song-month-015	0.256	1	200	0.02	0.236	
single-hop-song-month-016	0.067	1	200	0.02	0.047	
single-hop-event-month-015	0.125	1	200	0.012	0.113	
single-hop-song-month-017	0.396	1	200	0.02	0.376	
single-hop-event-month-016	0.232	1	200	0.02	0.212	
single-hop-song-month-018	0.32	1	200	0.018	0.302	
single-hop-event-month-017	0.423	1	200	0.018	0.405	
single-hop-song-month-019	0.286	1	200	0.018	0.268	
single-hop-event-month-018	0.151	1	200	0.018	0.133	
single-hop-song-month-020	0.183	1	200	0.018	0.165	
single-hop-event-month-019	0.101	1	200	0.018	0.083	
single-hop-song-month-021	0.123	1	200	0.018	0.105	
single-hop-event-month-020	0.07	1	200	0.011	0.059	
single-hop-song-month-022	0.374	1	200	0.017	0.357	
single-hop-event-month-021	0.065	1	200	0.017	0.048	
single-hop-song-month-023	0.31	1	200	0.018	0.292	
single-hop-event-month-022	0.404	1	200	0.018	0.386	
single-hop-song-month-024	0.304	1	200	0.018	0.286	
single-hop-event-month-023	0.28	1	200	0.018	0.262	
single-hop-song-month-025	0.28	1	200	0.018	0.262	
single-hop-event-month-024	0.127	1	200	0.017	0.11	
single-hop-song-month-026	0.092	1	200	0.018	0.074	
single-hop-song-month-027	0.157	1	200	0.016	0.141	
single-hop-song-month-028	0.125	1	200	0.018	0.107	
single-hop-event-month-025	0.253	1	200	0.018	0.235	
single-hop-song-month-029	0.154	1	200	0.018	0.136	
single-hop-event-month-026	0.085	1	200	0.018	0.067	
single-hop-song-month-030	0.123	1	200	0.018	0.105	
single-hop-event-month-027	0.188	1	200	0.018	0.17	
single-hop-song-month-031	0.263	1	200	0.018	0.245	
single-hop-event-month-028	0.078	1	200	0.018	0.06	
single-hop-song-month-032	0.223	1	200	0.018	0.205	
single-hop-event-month-029	0.11	1	200	0.018	0.092	
single-hop-song-month-033	0.13	1	200	0.018	0.112	
single-hop-event-month-030	0.094	1	200	0.018	0.076	
single-hop-song-month-034	0.069	1	200	0.011	0.058	
single-hop-event-month-031	0.223	1	200	0.018	0.205	
single-hop-song-month-035	0.074	1	200	0.018	0.056	
single-hop-event-month-032	0.056	1	200	0.01	0.046	
single-hop-song-month-036	0.154	1	200	0.019	0.135	
single-hop-event-month-033	0.091	1	200	0.018	0.073	
single-hop-song-month-037	0.192	1	200	0.018	0.174	
single-hop-event-month-034	0.126	1	200	0.018	0.108	
single-hop-song-month-038	0.298	1	200	0.018	0.28	
single-hop-event-month-035	0.093	1	200	0.018	0.075	
single-hop-song-month-039	0.24	1	200	0.018	0.222	
single-hop-event-month-036	0.21	1	200	0.018	0.192	
single-hop-song-month-040	0.171	1	200	0.018	0.153	
single-hop-event-month-037	0.092	1	200	0.018	0.074	
single-hop-song-month-041	0.156	1	200	0.018	0.138	
single-hop-song-month-042	0.124	1	200	0.018	0.106	
single-hop-event-month-038	0.078	1	200	0.018	0.06	
single-hop-song-month-043	0.207	1	200	0.018	0.189	
single-hop-event-month-039	0.327	1	200	0.018	0.309	
single-hop-song-month-044	0.112	1	200	0.018	0.094	
single-hop-event-month-040	0.083	1	200	0.018	0.065	
single-hop-song-month-045	0.21	1	200	0.018	0.192	
single-hop-event-month-041	0.21	1	200	0.018	0.192	
single-hop-song-month-046	0.126	1	200	0.018	0.108	
single-hop-event-month-042	0.171	1	200	0.011	0.16	
single-hop-song-month-047	0.136	1	200	0.018	0.118	
single-hop-event-month-043	0.181	1	200	0.017	0.164	
single-hop-song-month-048	0.218	1	200	0.018	0.2	
single-hop-event-month-044	0.113	1	200	0.018	0.095	
single-hop-event-month-045	0.221	1	200	0.018	0.203	
single-hop-event-month-046	0.087	1	200	0.018	0.069	
single-hop-event-month-047	0.287	1	200	0.018	0.269	
single-hop-song-month-049	0.3	1	200	0.018	0.282	
single-hop-event-month-048	0.188	1	200	0.018	0.17	
single-hop-song-month-050	0.285	1	200	0.018	0.267	
single-hop-event-month-049	0.176	1	200	0.018	0.158	
single-hop-song-month-051	0.379	1	200	0.018	0.361	
single-hop-event-month-050	0.154	1	200	0.02	0.134	
single-hop-song-month-052	0.125	1	200	0.02	0.105	
single-hop-event-month-051	0.145	1	200	0.012	0.133	
single-hop-song-month-053	0.149	1	200	0.02	0.129	
single-hop-event-month-052	0.076	1	200	0.011	0.065	
single-hop-song-month-054	0.075	1	200	0.011	0.064	
single-hop-event-month-053	0.08	1	200	0.02	0.06	
single-hop-song-month-055	0.207	1	200	0.02	0.187	
single-hop-song-month-056	0.131	1	200	0.018	0.113	
single-hop-song-month-057	0.212	1	200	0.021	0.191	
single-hop-event-month-054	0.284	1	200	0.02	0.264	
single-hop-song-month-058	0.22	1	200	0.02	0.2	
single-hop-song-month-059	0.131	1	200	0.02	0.111	
single-hop-event-month-055	0.317	1	200	0.02	0.297	
single-hop-song-month-060	0.072	1	200	0.012	0.06	
single-hop-event-month-056	0.217	1	200	0.02	0.197	
single-hop-song-month-061	0.173	1	200	0.02	0.153	
single-hop-song-month-062	0.164	1	200	0.02	0.144	
single-hop-song-month-063	0.289	1	200	0.02	0.269	
single-hop-event-month-057	0.077	1	200	0.011	0.066	
single-hop-song-month-064	0.161	1	200	0.019	0.142	
single-hop-song-month-065	0.16	1	200	0.018	0.142	
single-hop-event-month-058	0.289	1	200	0.02	0.269	
single-hop-event-month-059	0.124	1	200	0.02	0.104	
single-hop-song-month-066	0.097	1	200	0.02	0.077	
single-hop-event-month-060	0.069	1	200	0.012	0.057	
single-hop-song-month-067	0.18	1	200	0.02	0.16	
single-hop-event-month-061	0.117	1	200	0.02	0.097	
single-hop-song-month-068	0.22	1	200	0.02	0.2	
single-hop-song-month-069	0.123	1	200	0.02	0.103	
single-hop-event-month-062	0.185	1	200	0.02	0.165	
single-hop-song-month-070	0.099	1	200	0.02	0.079	
single-hop-event-month-063	0.14	1	200	0.02	0.12	
single-hop-song-month-071	0.13	1	200	0.02	0.11	
single-hop-song-month-072	0.096	1	200	0.021	0.075	
single-hop-song-month-073	0.189	1	200	0.02	0.169	
single-hop-event-month-064	0.134	1	200	0.02	0.114	
single-hop-song-month-074	0.189	1	200	0.02	0.169	
single-hop-event-month-065	0.21	1	200	0.02	0.19	
single-hop-song-month-075	0.174	1	200	0.025	0.149	
single-hop-song-month-076	0.163	1	200	0.02	0.143	
single-hop-song-month-077	0.165	1	200	0.02	0.145	
single-hop-song-month-078	0.239	1	200	0.02	0.219	
single-hop-event-month-066	0.127	1	200	0.02	0.107	
single-hop-song-month-079	0.161	1	200	0.02	0.141	
single-hop-event-month-067	0.141	1	200	0.02	0.121	
single-hop-song-month-080	0.078	1	200	0.019	0.059	
single-hop-song-month-081	0.177	1	200	0.018	0.159	
single-hop-event-month-068	0.082	1	200	0.02	0.062	
single-hop-song-month-082	0.193	1	200	0.018	0.175	
single-hop-event-month-069	0.087	1	200	0.02	0.067	
single-hop-song-month-083	0.102	1	200	0.019	0.083	
single-hop-event-month-070	0.078	1	200	0.02	0.058	
single-hop-song-month-084	0.138	1	200	0.018	0.12	
single-hop-event-month-071	0.067	1	200	0.011	0.056	
single-hop-song-month-085	0.133	1	200	0.01	0.123	
single-hop-song-month-086	0.126	1	200	0.02	0.106	
single-hop-event-month-072	0.052	1	200	0.011	0.041	
single-hop-song-month-087	0.054	1	200	0.011	0.043	
single-hop-song-month-088	0.07	1	200	0.011	0.059	
single-hop-song-month-089	0.122	1	200	0.02	0.102	
single-hop-song-month-090	0.085	1	200	0.02	0.065	
single-hop-song-month-091	0.094	1	200	0.012	0.082	
single-hop-song-month-092	0.22	1	200	0.02	0.2	
single-hop-song-month-093	0.073	1	200	0.02	0.053	
single-hop-song-month-094	0.09	1	200	0.012	0.078	
single-hop-event-month-073	0.096	1	200	0.018	0.078	
single-hop-song-month-095	0.083	1	200	0.02	0.063	
single-hop-event-month-074	0.09	1	200	0.011	0.079	
single-hop-song-month-096	0.097	1	200	0.02	0.077	
single-hop-song-month-097	0.261	1	200	0.02	0.241	
single-hop-event-month-075	0.177	1	200	0.02	0.157	
single-hop-song-month-098	0.322	1	200	0.012	0.31	
single-hop-song-month-099	0.143	1	200	0.02	0.123	
single-hop-event-month-076	0.183	1	200	0.018	0.165	
forward-singer-001	0.084	1	200	0.035	0.049	
forward-singer-003	0.067	1	200	0.021	0.046	
forward-singer-005	0.06	1	200	0.02	0.04	
forward-singer-008	0.057	1	200	0.02	0.037	
forward-singer-009	0.053	1	200	0.011	0.042	
forward-singer-010	0.055	1	200	0.011	0.044	
forward-singer-011	0.058	1	200	0.016	0.042	
forward-singer-012	0.073	1	200	0.011	0.062	
forward-singer-013	0.061	1	200	0.02	0.041	
forward-singer-014	0.054	1	200	0.011	0.043	
forward-singer-015	0.051	1	200	0.011	0.04	
forward-singer-017	0.063	1	200	0.02	0.043	
forward-singer-022	0.064	1	200	0.02	0.044	
forward-singer-024	0.063	1	200	0.019	0.044	
forward-singer-027	0.057	1	200	0.019	0.038	
forward-singer-030	0.07	1	200	0.022	0.048	
forward-singer-031	0.056	1	200	0.012	0.044	
forward-singer-037	0.067	1	200	0.02	0.047	
forward-singer-039	0.053	1	200	0.012	0.041	
forward-singer-040	0.056	1	200	0.011	0.045	
forward-singer-041	0.075	1	200	0.012	0.063	
forward-singer-043	0.073	1	200	0.02	0.053	
forward-singer-044	0.055	1	200	0.011	0.044	
forward-singer-045	0.064	1	200	0.011	0.053	
forward-album-001	0.064	1	200	0.02	0.044	
forward-album-002	0.058	1	200	0.011	0.047	
forward-album-003	0.054	1	200	0.011	0.043	
forward-album-004	0.054	1	200	0.011	0.043	
forward-album-005	0.06	1	200	0.011	0.049	
forward-album-006	0.055	1	200	0.011	0.044	
forward-album-007	0.058	1	200	0.011	0.047	
forward-album-008	0.054	1	200	0.011	0.043	
forward-album-009	0.054	1	200	0.011	0.043	
forward-album-010	0.055	1	200	0.011	0.044	
forward-album-011	0.052	1	200	0.011	0.041	
forward-album-012	0.054	1	200	0.012	0.042	
forward-album-013	0.061	1	200	0.011	0.05	
forward-album-014	0.056	1	200	0.012	0.044	
forward-album-015	0.059	1	200	0.014	0.045	
forward-album-016	0.065	1	200	0.016	0.049	
forward-album-017	0.112	1	200	0.02	0.092	
forward-album-018	0.062	1	200	0.012	0.05	
forward-album-019	0.072	1	200	0.012	0.06	
forward-album-020	0.062	1	200	0.012	0.05	
forward-album-021	0.057	1	200	0.012	0.045	
forward-album-022	0.106	1	200	0.02	0.086	
forward-album-023	0.056	1	200	0.011	0.045	
forward-album-024	0.054	1	200	0.011	0.043	
forward-album-025	0.053	1	200	0.011	0.042	
forward-album-026	0.054	1	200	0.011	0.043	
forward-album-027	0.082	1	200	0.02	0.062	
forward-album-028	0.052	1	200	0.011	0.041	
forward-album-029	0.053	1	200	0.011	0.042	
forward-album-030	0.055	1	200	0.011	0.044	
forward-album-031	0.076	1	200	0.011	0.065	
forward-album-032	0.055	1	200	0.011	0.044	
forward-album-033	0.056	1	200	0.011	0.045	
forward-album-034	0.054	1	200	0.011	0.043	
forward-album-035	0.053	1	200	0.011	0.042	
forward-album-036	0.055	1	200	0.011	0.044	
forward-album-037	0.053	1	200	0.011	0.042	
forward-album-038	0.052	1	200	0.011	0.041	
forward-album-039	0.056	1	200	0.011	0.045	
forward-album-040	0.053	1	200	0.012	0.041	
forward-album-041	0.058	1	200	0.014	0.044	
forward-album-042	0.093	1	200	0.02	0.073	
forward-album-043	0.053	1	200	0.011	0.042	
forward-album-044	0.054	1	200	0.011	0.043	
forward-album-045	0.057	1	200	0.011	0.046	
forward-album-046	0.053	1	200	0.011	0.042	
forward-album-047	0.058	1	200	0.011	0.047	
forward-album-048	0.055	1	200	0.011	0.044	
forward-album-049	0.054	1	200	0.011	0.043	
forward-album-050	0.057	1	200	0.011	0.046	
forward-album-051	0.054	1	200	0.011	0.043	
forward-album-052	0.059	1	200	0.011	0.048	
forward-album-053	0.055	1	200	0.012	0.043	
forward-album-054	0.055	1	200	0.012	0.043	
forward-album-055	0.056	1	200	0.013	0.043	
forward-album-056	0.055	1	200	0.013	0.042	
forward-album-057	0.095	1	200	0.013	0.082	
forward-album-058	0.062	1	200	0.02	0.042	
forward-album-059	0.054	1	200	0.011	0.043	
forward-album-060	0.055	1	200	0.012	0.043	
lead-set-john-002	0.09	1	200	0.031	0.059	
lead-set-paul-002	0.074	1	200	0.012	0.062	
lead-set-george-002	0.084	1	200	0.011	0.073	
lead-set-ringo-002	0.058	1	200	0.011	0.047	
lead-set-john-003	0.096	1	200	0.019	0.077	
lead-set-paul-003	0.08	1	200	0.011	0.069	
lead-set-george-003	0.078	1	200	0.011	0.067	
lead-set-ringo-003	0.124	1	200	0.011	0.113	
lead-set-john-006	0.099	1	200	0.02	0.079	
lead-set-paul-006	0.107	1	200	0.02	0.087	
lead-set-george-006	0.141	1	200	0.02	0.121	
lead-set-ringo-006	0.077	1	200	0.011	0.066	
lead-set-john-007	0.127	1	200	0.02	0.107	
lead-set-paul-007	0.089	1	200	0.02	0.069	
lead-set-george-007	0.134	1	200	0.02	0.114	
lead-set-ringo-007	0.082	1	200	0.011	0.071	
lead-set-john-008	0.102	1	200	0.02	0.082	
lead-set-paul-008	0.081	1	200	0.011	0.07	
lead-set-george-008	0.083	1	200	0.012	0.071	
lead-set-ringo-008	0.081	1	200	0.011	0.07	
lead-set-john-011	0.114	1	200	0.02	0.094	
lead-set-paul-011	0.101	1	200	0.02	0.081	
lead-set-george-011	0.082	1	200	0.01	0.072	
lead-set-ringo-011	0.089	1	200	0.011	0.078	
lead-set-john-012	0.089	1	200	0.011	0.078	
lead-set-paul-012	0.09	1	200	0.02	0.07	
lead-set-george-012	0.073	1	200	0.011	0.062	
lead-set-ringo-012	0.065	1	200	0.011	0.054	
lead-set-john-014	0.094	1	200	0.02	0.074	
lead-set-paul-014	0.092	1	200	0.02	0.072	
lead-set-george-014	0.096	1	200	0.02	0.076	
lead-set-ringo-014	0.073	1	200	0.012	0.061	
lead-set-john-015	0.078	1	200	0.011	0.067	
lead-set-paul-015	0.069	1	200	0.011	0.058	
lead-set-george-015	0.084	1	200	0.011	0.073	
lead-set-ringo-015	0.092	1	200	0.01	0.082	
lead-set-john-019	0.077	1	200	0.02	0.057	
lead-set-paul-019	0.095	1	200	0.02	0.075	
lead-set-george-019	0.094	1	200	0.011	0.083	
lead-set-ringo-019	0.091	1	200	0.02	0.071	
lead-set-john-020	0.074	1	200	0.011	0.063	
lead-set-paul-020	0.083	1	200	0.019	0.064	
lead-set-george-020	0.073	1	200	0.012	0.061	
lead-set-ringo-020	0.084	1	200	0.02	0.064	
lead-set-john-021	0.067	1	200	0.011	0.056	
lead-set-paul-021	0.101	1	200	0.02	0.081	
lead-set-george-021	0.077	1	200	0.011	0.066	
lead-set-ringo-021	0.081	1	200	0.011	0.07	
lead-set-john-023	0.078	1	200	0.02	0.058	
lead-set-paul-023	0.082	1	200	0.011	0.071	
lead-set-george-023	0.084	1	200	0.011	0.073	
lead-set-ringo-023	0.102	1	200	0.019	0.083	
lead-set-john-024	0.076	1	200	0.012	0.064	
lead-set-paul-024	0.099	1	200	0.02	0.079	
lead-set-george-024	0.076	1	200	0.01	0.066	
lead-set-ringo-024	0.099	1	200	0.02	0.079	
lead-set-john-025	0.08	1	200	0.011	0.069	
lead-set-paul-025	0.077	1	200	0.011	0.066	
lead-set-george-025	0.083	1	200	0.011	0.072	
lead-set-ringo-025	0.085	1	200	0.011	0.074	
lead-set-john-026	0.089	1	200	0.02	0.069	
lead-set-paul-026	0.077	1	200	0.011	0.066	
lead-set-george-026	0.087	1	200	0.011	0.076	
lead-set-ringo-026	0.091	1	200	0.019	0.072	
lexical-trap-control-album-to-song-001	0.082	1	200	0.011	0.071	
lexical-trap-control-album-to-song-002	0.079	1	200	0.02	0.059	
lexical-trap-control-album-to-song-003	0.077	1	200	0.02	0.057	
lexical-trap-control-song-to-album-001	0.077	1	200	0.011	0.066	
lexical-trap-control-album-to-song-004	0.088	1	200	0.02	0.068	
lexical-trap-control-album-to-song-005	0.084	1	200	0.02	0.064	
lexical-trap-control-album-to-song-006	0.082	1	200	0.012	0.07	
lexical-trap-control-album-to-song-007	0.076	1	200	0.011	0.065	
lexical-trap-control-album-to-song-008	0.086	1	200	0.02	0.066	
lexical-trap-control-album-to-song-009	0.081	1	200	0.012	0.069	
lexical-trap-control-song-to-album-002	0.076	1	200	0.011	0.065	
lexical-trap-control-album-to-song-010	0.091	1	200	0.02	0.071	
lexical-trap-control-song-to-album-003	0.075	1	200	0.011	0.064	
lexical-trap-control-album-to-song-011	0.076	1	200	0.011	0.065	
lexical-trap-control-album-to-song-012	0.08	1	200	0.02	0.06	
lexical-trap-control-album-to-song-013	0.078	1	200	0.011	0.067	
lexical-trap-control-album-to-song-014	0.087	1	200	0.02	0.067	
lexical-trap-control-album-to-song-015	0.081	1	200	0.012	0.069	
lexical-trap-control-album-to-song-016	0.084	1	200	0.011	0.073	
lexical-trap-control-album-to-song-017	0.085	1	200	0.02	0.065	
lexical-trap-control-album-to-song-018	0.097	1	200	0.019	0.078	
lexical-trap-control-album-to-song-019	0.153	1	200	0.02	0.133	
lexical-trap-control-album-to-song-020	0.087	1	200	0.02	0.067	
lexical-trap-control-album-to-song-021	0.069	1	200	0.011	0.058	
lexical-trap-control-song-to-album-004	0.079	1	200	0.011	0.068	
lexical-trap-control-album-to-song-022	0.099	1	200	0.019	0.08	
lexical-trap-control-album-to-song-023	0.096	1	200	0.02	0.076	
lexical-trap-control-album-to-song-024	0.083	1	200	0.011	0.072	
lexical-trap-control-album-to-song-025	0.079	1	200	0.011	0.068	
lexical-trap-control-album-to-song-026	0.127	1	200	0.019	0.108	
lexical-trap-control-album-to-song-027	0.085	1	200	0.012	0.073	
lexical-trap-control-song-to-album-005	0.072	1	200	0.011	0.061	
lexical-trap-control-album-to-song-028	0.064	1	200	0.011	0.053	
lexical-trap-control-album-to-song-029	0.087	1	200	0.012	0.075	
lexical-trap-control-album-to-song-030	0.092	1	200	0.019	0.073	
lexical-trap-control-song-to-album-006	0.083	1	200	0.019	0.064	
lexical-trap-control-song-to-album-007	0.071	1	200	0.011	0.06	
lexical-trap-control-song-to-album-008	0.082	1	200	0.01	0.072	
lexical-trap-control-song-to-album-009	0.091	1	200	0.02	0.071	
lexical-trap-control-album-to-song-031	0.11	1	200	0.02	0.09	
lexical-trap-control-album-to-song-032	0.084	1	200	0.011	0.073	
lexical-trap-control-song-to-album-010	0.089	1	200	0.02	0.069	
lexical-trap-control-song-to-album-011	0.07	1	200	0.011	0.059	
lexical-trap-control-album-to-song-033	0.079	1	200	0.011	0.068	
lexical-trap-control-album-to-song-034	0.08	1	200	0.011	0.069	
lexical-trap-album-to-song-001	0.072	1	200	0.011	0.061	
lexical-trap-album-to-song-002	0.089	1	200	0.02	0.069	
lexical-trap-album-to-song-003	0.085	1	200	0.02	0.065	
lexical-trap-song-to-album-001	0.078	1	200	0.011	0.067	
lexical-trap-album-to-song-004	0.079	1	200	0.011	0.068	
lexical-trap-album-to-song-005	0.083	1	200	0.02	0.063	
lexical-trap-album-to-song-006	0.075	1	200	0.011	0.064	
lexical-trap-album-to-song-007	0.076	1	200	0.011	0.065	
lexical-trap-album-to-song-008	0.072	1	200	0.011	0.061	
lexical-trap-album-to-song-009	0.088	1	200	0.011	0.077	
lexical-trap-song-to-album-002	0.078	1	200	0.011	0.067	
lexical-trap-album-to-song-010	0.083	1	200	0.02	0.063	
lexical-trap-song-to-album-003	0.08	1	200	0.011	0.069	
lexical-trap-album-to-song-011	0.075	1	200	0.011	0.064	
lexical-trap-album-to-song-012	0.08	1	200	0.02	0.06	
lexical-trap-album-to-song-013	0.083	1	200	0.011	0.072	
lexical-trap-album-to-song-014	0.085	1	200	0.02	0.065	
lexical-trap-album-to-song-015	0.082	1	200	0.012	0.07	
lexical-trap-album-to-song-016	0.094	1	200	0.02	0.074	
lexical-trap-album-to-song-017	0.08	1	200	0.011	0.069	
lexical-trap-album-to-song-018	0.076	1	200	0.011	0.065	
lexical-trap-album-to-song-019	0.097	1	200	0.011	0.086	
lexical-trap-album-to-song-020	0.09	1	200	0.02	0.07	
lexical-trap-album-to-song-021	0.116	1	200	0.011	0.105	
lexical-trap-song-to-album-004	0.091	1	200	0.02	0.071	
lexical-trap-album-to-song-022	0.085	1	200	0.012	0.073	
lexical-trap-album-to-song-023	0.075	1	200	0.011	0.064	
lexical-trap-album-to-song-024	0.086	1	200	0.011	0.075	
lexical-trap-album-to-song-025	0.088	1	200	0.02	0.068	
lexical-trap-album-to-song-026	0.079	1	200	0.012	0.067	
lexical-trap-album-to-song-027	0.058	1	200	0.012	0.046	
lexical-trap-song-to-album-005	0.079	1	200	0.012	0.067	
lexical-trap-album-to-song-028	0.077	1	200	0.012	0.065	
lexical-trap-album-to-song-029	0.084	1	200	0.012	0.072	
lexical-trap-album-to-song-030	0.173	1	200	0.012	0.161	
lexical-trap-song-to-album-006	0.085	1	200	0.02	0.065	
lexical-trap-song-to-album-007	0.082	1	200	0.011	0.071	
lexical-trap-song-to-album-008	0.093	1	200	0.01	0.083	
lexical-trap-song-to-album-009	0.089	1	200	0.02	0.069	
lexical-trap-album-to-song-031	0.078	1	200	0.02	0.058	
lexical-trap-album-to-song-032	0.082	1	200	0.012	0.07	
lexical-trap-song-to-album-010	0.083	1	200	0.012	0.071	
lexical-trap-song-to-album-011	0.081	1	200	0.018	0.063	
lexical-trap-album-to-song-033	0.071	1	200	0.011	0.06	
lexical-trap-album-to-song-034	0.068	1	200	0.011	0.057	
multi-hop-album-year-001	0.08	1	200	0.02	0.06	
multi-hop-album-year-002	0.117	1	200	0.02	0.097	
multi-hop-album-year-003	0.091	1	200	0.02	0.071	
multi-hop-album-year-004	0.075	1	200	0.011	0.064	
multi-hop-album-year-005	0.087	1	200	0.02	0.067	
multi-hop-album-year-006	0.078	1	200	0.011	0.067	
multi-hop-album-year-007	0.069	1	200	0.011	0.058	
multi-hop-album-year-008	0.057	1	200	0.011	0.046	
multi-hop-album-year-009	0.075	1	200	0.011	0.064	
multi-hop-album-year-010	0.097	1	200	0.02	0.077	
multi-hop-album-year-011	0.087	1	200	0.02	0.067	
multi-hop-album-year-012	0.083	1	200	0.012	0.071	
multi-hop-album-year-013	0.083	1	200	0.012	0.071	
multi-hop-album-year-014	0.094	1	200	0.012	0.082	
multi-hop-album-year-015	0.103	1	200	0.02	0.083	
multi-hop-album-year-016	0.08	1	200	0.011	0.069	
multi-hop-album-year-017	0.087	1	200	0.02	0.067	
multi-hop-album-year-018	0.086	1	200	0.011	0.075	
multi-hop-album-year-019	0.071	1	200	0.011	0.06	
multi-hop-album-year-020	0.081	1	200	0.011	0.07	
multi-hop-album-year-021	0.092	1	200	0.019	0.073	
multi-hop-album-year-022	0.08	1	200	0.011	0.069	
multi-hop-album-year-023	0.088	1	200	0.02	0.068	
multi-hop-album-year-024	0.111	1	200	0.012	0.099	
multi-hop-album-year-025	0.087	1	200	0.02	0.067	
multi-hop-album-year-026	0.075	1	200	0.011	0.064	
multi-hop-album-year-027	0.075	1	200	0.011	0.064	
multi-hop-album-year-028	0.116	1	200	0.02	0.096	
multi-hop-album-year-029	0.095	1	200	0.019	0.076	
multi-hop-album-year-030	0.098	1	200	0.02	0.078	
multi-hop-album-year-031	0.062	1	200	0.011	0.051	
multi-hop-album-year-032	0.082	1	200	0.02	0.062	
multi-hop-album-year-033	0.052	1	200	0.011	0.041	
multi-hop-album-year-034	0.056	1	200	0.011	0.045	
multi-hop-album-year-035	0.052	1	200	0.011	0.041	
multi-hop-album-year-036	0.053	1	200	0.011	0.042	
multi-hop-album-year-037	0.058	1	200	0.011	0.047	
multi-hop-album-year-038	0.079	1	200	0.011	0.068	
multi-hop-album-year-039	0.079	1	200	0.02	0.059	
multi-hop-album-year-040	0.059	1	200	0.011	0.048	
multi-hop-album-year-041	0.083	1	200	0.011	0.072	
multi-hop-album-year-042	0.073	1	200	0.02	0.053	
multi-hop-album-year-043	0.168	1	200	0.02	0.148	
multi-hop-album-year-044	0.057	1	200	0.011	0.046	
multi-hop-album-year-045	0.055	1	200	0.011	0.044	
multi-hop-album-year-046	0.248	1	200	0.011	0.237	
multi-hop-album-year-047	0.071	1	200	0.02	0.051	
multi-hop-album-year-048	0.063	1	200	0.012	0.051	
multi-hop-album-year-049	0.056	1	200	0.011	0.045	
multi-hop-album-year-050	0.052	1	200	0.012	0.04	
multi-hop-album-year-051	0.052	1	200	0.012	0.04	
multi-hop-album-year-052	0.054	1	200	0.012	0.042	
multi-hop-album-year-053	0.055	1	200	0.012	0.043	
multi-hop-album-year-054	0.053	1	200	0.012	0.041	
multi-hop-album-year-055	0.052	1	200	0.012	0.04	
multi-hop-album-year-056	0.052	1	200	0.012	0.04	
multi-hop-album-year-057	0.054	1	200	0.013	0.041	
multi-hop-album-year-058	0.057	1	200	0.013	0.044	
multi-hop-album-year-059	0.055	1	200	0.014	0.041	
multi-hop-album-year-060	0.058	1	200	0.015	0.043	
multi-hop-same-month-016	0.072	1	200	0.031	0.041	
near-neighbor-control-album-001	0.058	1	200	0.02	0.038	
near-neighbor-control-album-002	0.056	1	200	0.011	0.045	
near-neighbor-control-album-003	0.063	1	200	0.011	0.052	
near-neighbor-control-album-004	0.052	1	200	0.011	0.041	
near-neighbor-control-album-005	0.061	1	200	0.011	0.05	
near-neighbor-control-album-006	0.057	1	200	0.011	0.046	
near-neighbor-control-album-007	0.053	1	200	0.011	0.042	
near-neighbor-control-album-008	0.053	1	200	0.011	0.042	
near-neighbor-control-album-009	0.055	1	200	0.012	0.043	
near-neighbor-control-album-010	0.059	1	200	0.012	0.047	
near-neighbor-control-album-011	0.052	1	200	0.012	0.04	
near-neighbor-control-album-012	0.055	1	200	0.011	0.044	
near-neighbor-control-album-013	0.091	1	200	0.02	0.071	
near-neighbor-control-album-014	0.055	1	200	0.011	0.044	
near-neighbor-control-album-015	0.057	1	200	0.011	0.046	
near-neighbor-control-album-016	0.059	1	200	0.011	0.048	
near-neighbor-control-album-017	0.126	1	200	0.02	0.106	
near-neighbor-control-album-018	0.062	1	200	0.02	0.042	
near-neighbor-control-album-019	0.055	1	200	0.011	0.044	
near-neighbor-control-album-020	0.052	1	200	0.011	0.041	
near-neighbor-control-album-021	0.053	1	200	0.011	0.042	
near-neighbor-control-album-022	0.06	1	200	0.011	0.049	
near-neighbor-control-album-023	0.053	1	200	0.011	0.042	
near-neighbor-control-album-024	0.054	1	200	0.011	0.043	
near-neighbor-control-album-025	0.057	1	200	0.011	0.046	
near-neighbor-control-album-026	0.064	1	200	0.011	0.053	
near-neighbor-control-album-027	0.053	1	200	0.011	0.042	
near-neighbor-control-album-028	0.054	1	200	0.011	0.043	
near-neighbor-control-album-029	0.056	1	200	0.011	0.045	
near-neighbor-control-album-030	0.054	1	200	0.011	0.043	
near-neighbor-control-album-031	0.06	1	200	0.011	0.049	
near-neighbor-control-album-032	0.074	1	200	0.013	0.061	
near-neighbor-control-album-033	0.058	1	200	0.014	0.044	
near-neighbor-control-album-034	0.061	1	200	0.017	0.044	
near-neighbor-control-album-035	0.063	1	200	0.017	0.046	
near-neighbor-control-album-036	0.059	1	200	0.017	0.042	
near-neighbor-control-album-037	0.058	1	200	0.017	0.041	
near-neighbor-control-album-038	0.057	1	200	0.017	0.04	
near-neighbor-control-album-039	0.059	1	200	0.016	0.043	
near-neighbor-control-album-040	0.058	1	200	0.016	0.042	
near-neighbor-control-album-041	0.071	1	200	0.015	0.056	
near-neighbor-control-album-042	0.072	1	200	0.012	0.06	
near-neighbor-control-album-043	0.052	1	200	0.011	0.041	
near-neighbor-control-album-044	0.059	1	200	0.011	0.048	
near-neighbor-control-album-045	0.061	1	200	0.011	0.05	
near-neighbor-control-album-046	0.052	1	200	0.011	0.041	
near-neighbor-control-album-047	0.059	1	200	0.011	0.048	
near-neighbor-control-album-048	0.093	1	200	0.019	0.074	
near-neighbor-control-album-049	0.065	1	200	0.011	0.054	
near-neighbor-control-album-050	0.057	1	200	0.011	0.046	
near-neighbor-control-album-051	0.052	1	200	0.011	0.041	
near-neighbor-control-album-052	0.057	1	200	0.011	0.046	
near-neighbor-control-album-053	0.052	1	200	0.011	0.041	
near-neighbor-control-album-054	0.058	1	200	0.011	0.047	
near-neighbor-control-album-055	0.061	1	200	0.011	0.05	
near-neighbor-control-album-056	0.054	1	200	0.011	0.043	
near-neighbor-control-album-057	0.053	1	200	0.012	0.041	
near-neighbor-control-album-058	0.056	1	200	0.012	0.044	
near-neighbor-control-album-059	0.056	1	200	0.013	0.043	
near-neighbor-control-album-060	0.053	1	200	0.012	0.041	
near-neighbor-album-001	0.056	1	200	0.013	0.043	
near-neighbor-album-002	0.053	1	200	0.013	0.04	
near-neighbor-album-003	0.054	1	200	0.012	0.042	
near-neighbor-album-004	0.058	1	200	0.013	0.045	
near-neighbor-album-005	0.06	1	200	0.015	0.045	
near-neighbor-album-006	0.054	1	200	0.013	0.041	
near-neighbor-album-007	0.056	1	200	0.013	0.043	
near-neighbor-album-008	0.057	1	200	0.013	0.044	
near-neighbor-album-009	0.061	1	200	0.013	0.048	
near-neighbor-album-010	0.06	1	200	0.013	0.047	
near-neighbor-album-011	0.06	1	200	0.014	0.046	
near-neighbor-album-012	0.084	1	200	0.02	0.064	
near-neighbor-album-013	0.057	1	200	0.011	0.046	
near-neighbor-album-014	0.054	1	200	0.011	0.043	
near-neighbor-album-015	0.092	1	200	0.011	0.081	
near-neighbor-album-016	0.067	1	200	0.019	0.048	
near-neighbor-album-017	0.06	1	200	0.011	0.049	
near-neighbor-album-018	0.053	1	200	0.011	0.042	
near-neighbor-album-019	0.053	1	200	0.011	0.042	
near-neighbor-album-020	0.156	1	200	0.011	0.145	
near-neighbor-album-021	0.084	1	200	0.02	0.064	
near-neighbor-album-022	0.091	1	200	0.02	0.071	
near-neighbor-album-023	0.056	1	200	0.011	0.045	
near-neighbor-album-024	0.052	1	200	0.011	0.041	
near-neighbor-album-025	0.052	1	200	0.011	0.041	
near-neighbor-album-026	0.056	1	200	0.011	0.045	
near-neighbor-album-027	0.052	1	200	0.011	0.041	
near-neighbor-album-028	0.058	1	200	0.011	0.047	
near-neighbor-album-029	0.052	1	200	0.011	0.041	
near-neighbor-album-030	0.056	1	200	0.011	0.045	
near-neighbor-album-031	0.054	1	200	0.012	0.042	
near-neighbor-album-032	0.107	1	200	0.019	0.088	
near-neighbor-album-033	0.065	1	200	0.011	0.054	
near-neighbor-album-034	0.058	1	200	0.011	0.047	
near-neighbor-album-035	0.052	1	200	0.011	0.041	
near-neighbor-album-036	0.052	1	200	0.011	0.041	
near-neighbor-album-037	0.052	1	200	0.011	0.041	
near-neighbor-album-038	0.053	1	200	0.011	0.042	
near-neighbor-album-039	0.052	1	200	0.01	0.042	
near-neighbor-album-040	0.051	1	200	0.01	0.041	
near-neighbor-album-041	0.061	1	200	0.012	0.049	
near-neighbor-album-042	0.053	1	200	0.012	0.041	
near-neighbor-album-043	0.055	1	200	0.013	0.042	
near-neighbor-album-044	0.053	1	200	0.013	0.04	
near-neighbor-album-045	0.054	1	200	0.013	0.041	
near-neighbor-album-046	0.056	1	200	0.013	0.043	
near-neighbor-album-047	0.055	1	200	0.013	0.042	
near-neighbor-album-048	0.057	1	200	0.011	0.046	
near-neighbor-album-049	0.058	1	200	0.013	0.045	
near-neighbor-album-050	0.072	1	200	0.013	0.059	
near-neighbor-album-051	0.061	1	200	0.013	0.048	
near-neighbor-album-052	0.059	1	200	0.012	0.047	
near-neighbor-album-053	0.057	1	200	0.012	0.045	
near-neighbor-album-054	0.062	1	200	0.013	0.049	
near-neighbor-album-055	0.057	1	200	0.013	0.044	
near-neighbor-album-056	0.057	1	200	0.016	0.041	
near-neighbor-album-057	0.059	1	200	0.014	0.045	
near-neighbor-album-058	0.059	1	200	0.012	0.047	
near-neighbor-album-059	0.055	1	200	0.012	0.043	
near-neighbor-album-060	0.058	1	200	0.011	0.047	
none-of-these-absent-001	0.053	1	200	0.011	0.042	
none-of-these-present-001	0.055	1	200	0.011	0.044	
none-of-these-absent-002	0.056	1	200	0.012	0.044	
none-of-these-present-002	0.095	1	200	0.02	0.075	
none-of-these-absent-003	0.059	1	200	0.011	0.048	
none-of-these-present-003	0.056	1	200	0.011	0.045	
none-of-these-absent-004	0.052	1	200	0.011	0.041	
none-of-these-present-004	0.053	1	200	0.011	0.042	
none-of-these-absent-005	0.072	1	200	0.011	0.061	
none-of-these-present-005	0.062	1	200	0.02	0.042	
none-of-these-absent-006	0.061	1	200	0.011	0.05	
none-of-these-present-006	0.061	1	200	0.011	0.05	
none-of-these-absent-007	0.119	1	200	0.011	0.108	
none-of-these-present-007	0.071	1	200	0.02	0.051	
none-of-these-absent-008	0.071	1	200	0.011	0.06	
none-of-these-present-008	0.061	1	200	0.011	0.05	
none-of-these-absent-009	0.066	1	200	0.011	0.055	
none-of-these-present-009	0.072	1	200	0.02	0.052	
none-of-these-absent-010	0.057	1	200	0.011	0.046	
none-of-these-present-010	0.083	1	200	0.011	0.072	
none-of-these-absent-011	0.113	1	200	0.02	0.093	
none-of-these-present-011	0.065	1	200	0.02	0.045	
none-of-these-absent-012	0.052	1	200	0.011	0.041	
none-of-these-present-012	0.054	1	200	0.011	0.043	
none-of-these-absent-013	0.092	1	200	0.02	0.072	
none-of-these-present-013	0.057	1	200	0.011	0.046	
none-of-these-absent-014	0.056	1	200	0.011	0.045	
none-of-these-present-014	0.053	1	200	0.011	0.042	
none-of-these-absent-015	0.055	1	200	0.011	0.044	
none-of-these-present-015	0.054	1	200	0.011	0.043	
none-of-these-absent-016	0.052	1	200	0.011	0.041	
none-of-these-present-016	0.057	1	200	0.011	0.046	
none-of-these-absent-017	0.058	1	200	0.011	0.047	
none-of-these-present-017	0.055	1	200	0.011	0.044	
none-of-these-absent-018	0.054	1	200	0.011	0.043	
none-of-these-present-018	0.059	1	200	0.012	0.047	
none-of-these-absent-019	0.055	1	200	0.012	0.043	
none-of-these-present-019	0.065	1	200	0.012	0.053	
none-of-these-absent-020	0.057	1	200	0.013	0.044	
none-of-these-present-020	0.061	1	200	0.016	0.045	
none-of-these-absent-021	0.064	1	200	0.019	0.045	
none-of-these-present-021	0.067	1	200	0.016	0.051	
none-of-these-absent-022	0.058	1	200	0.013	0.045	
none-of-these-present-022	0.066	1	200	0.013	0.053	
none-of-these-absent-023	0.093	1	200	0.019	0.074	
none-of-these-present-023	0.1	1	200	0.02	0.08	
none-of-these-absent-024	0.057	1	200	0.011	0.046	
none-of-these-present-024	0.056	1	200	0.011	0.045	
none-of-these-absent-025	0.088	1	200	0.02	0.068	
none-of-these-present-025	0.056	1	200	0.011	0.045	
none-of-these-absent-026	0.057	1	200	0.011	0.046	
none-of-these-present-026	0.108	1	200	0.02	0.088	
none-of-these-absent-027	0.059	1	200	0.011	0.048	
none-of-these-present-027	0.047	1	200	0.011	0.036	
none-of-these-absent-028	0.155	1	200	0.02	0.135	
none-of-these-present-028	0.046	1	200	0.011	0.035	
none-of-these-absent-029	0.087	1	200	0.02	0.067	
none-of-these-present-029	0.067	1	200	0.012	0.055	
none-of-these-absent-030	0.121	1	200	0.02	0.101	
none-of-these-present-030	0.053	1	200	0.011	0.042	
reversal-general-shared-name-forward-001	0.055	1	200	0.011	0.044	
reversal-general-shared-name-reverse-001	0.054	1	200	0.011	0.043	
reversal-general-shared-name-reverse-002	0.062	1	200	0.02	0.042	
reversal-general-shared-name-forward-003	0.051	1	200	0.011	0.04	
reversal-general-shared-name-reverse-003	0.051	1	200	0.011	0.04	
reversal-general-shared-name-forward-004	0.058	1	200	0.011	0.047	
reversal-general-shared-name-reverse-004	0.063	1	200	0.011	0.052	
reversal-general-shared-name-forward-005	0.055	1	200	0.011	0.044	
reversal-general-shared-name-forward-006	0.063	1	200	0.019	0.044	
reversal-general-shared-name-reverse-006	0.051	1	200	0.011	0.04	
reversal-general-shared-name-forward-007	0.064	1	200	0.011	0.053	
reversal-general-shared-name-reverse-007	0.087	1	200	0.011	0.076	
reversal-general-shared-name-forward-008	0.063	1	200	0.02	0.043	
reversal-general-shared-name-reverse-008	0.062	1	200	0.011	0.051	
reversal-general-shared-name-forward-009	0.056	1	200	0.011	0.045	
reversal-general-shared-name-reverse-009	0.057	1	200	0.011	0.046	
reversal-general-shared-name-forward-010	0.056	1	200	0.011	0.045	
reversal-general-shared-name-forward-011	0.115	1	200	0.02	0.095	
reversal-general-shared-name-reverse-011	0.091	1	200	0.012	0.079	
reversal-general-shared-name-forward-012	0.064	1	200	0.02	0.044	
reversal-general-shared-name-reverse-012	0.058	1	200	0.011	0.047	
reversal-general-shared-name-forward-013	0.055	1	200	0.011	0.044	
reversal-general-shared-name-reverse-013	0.054	1	200	0.011	0.043	
reversal-general-shared-name-forward-014	0.054	1	200	0.011	0.043	
reversal-general-shared-name-reverse-014	0.064	1	200	0.011	0.053	
reversal-general-shared-name-forward-015	0.055	1	200	0.011	0.044	
reversal-general-shared-name-reverse-015	0.053	1	200	0.011	0.042	
reversal-general-shared-name-forward-016	0.052	1	200	0.011	0.041	
reversal-general-shared-name-reverse-016	0.053	1	200	0.012	0.041	
reversal-general-shared-name-forward-017	0.064	1	200	0.012	0.052	
reversal-general-shared-name-reverse-017	0.154	1	200	0.02	0.134	
reversal-general-shared-name-forward-018	0.056	1	200	0.011	0.045	
reversal-general-shared-name-reverse-018	0.055	1	200	0.011	0.044	
reversal-general-shared-name-forward-019	0.057	1	200	0.011	0.046	
reversal-general-shared-name-reverse-019	0.056	1	200	0.011	0.045	
reversal-general-shared-name-forward-020	0.054	1	200	0.011	0.043	
reversal-general-shared-name-reverse-020	0.053	1	200	0.011	0.042	
reversal-general-shared-name-forward-021	0.055	1	200	0.011	0.044	
reversal-general-shared-name-reverse-021	0.051	1	200	0.011	0.04	
reversal-general-forward-001	0.052	1	200	0.011	0.041	
reversal-general-reverse-001	0.058	1	200	0.011	0.047	
reversal-general-forward-003	0.068	1	200	0.02	0.048	
reversal-general-reverse-003	0.062	1	200	0.012	0.05	
reversal-general-forward-004	0.055	1	200	0.011	0.044	
reversal-general-reverse-004	0.055	1	200	0.011	0.044	
reversal-general-forward-005	0.115	1	200	0.011	0.104	
reversal-general-reverse-005	0.068	1	200	0.02	0.048	
reversal-general-forward-006	0.051	1	200	0.011	0.04	
reversal-general-reverse-006	0.054	1	200	0.011	0.043	
reversal-general-forward-007	0.05	1	200	0.011	0.039	
reversal-general-reverse-009	0.056	1	200	0.02	0.036	
reversal-general-forward-010	0.053	1	200	0.011	0.042	
reversal-general-reverse-010	0.081	1	200	0.02	0.061	
reversal-general-reverse-011	0.057	1	200	0.02	0.037	
reversal-general-forward-012	0.059	1	200	0.011	0.048	
reversal-general-reverse-012	0.053	1	200	0.011	0.042	
reversal-general-forward-013	0.06	1	200	0.011	0.049	
reversal-general-reverse-013	0.052	1	200	0.011	0.041	
reversal-general-forward-014	0.064	1	200	0.011	0.053	
reversal-general-reverse-014	0.072	1	200	0.02	0.052	
reversal-general-forward-016	0.068	1	200	0.019	0.049	
reversal-general-reverse-016	0.057	1	200	0.011	0.046	
reversal-general-reverse-017	0.068	1	200	0.019	0.049	
reversal-general-forward-018	0.07	1	200	0.019	0.051	
reversal-general-forward-019	0.055	1	200	0.012	0.043	
reversal-general-reverse-019	0.063	1	200	0.012	0.051	
reversal-general-forward-020	0.066	1	200	0.012	0.054	
reversal-general-reverse-020	0.052	1	200	0.012	0.04	
reversal-general-forward-021	0.07	1	200	0.011	0.059	
reversal-general-reverse-021	0.06	1	200	0.011	0.049	
reversal-general-reverse-022	0.054	1	200	0.012	0.042	
reversal-general-forward-023	0.072	1	200	0.013	0.059	
reversal-general-reverse-023	0.073	1	200	0.015	0.058	
reversal-general-forward-024	0.063	1	200	0.019	0.044	
reversal-general-reverse-024	0.065	1	200	0.011	0.054	
reversal-general-forward-026	0.056	1	200	0.019	0.037	
reversal-general-reverse-026	0.064	1	200	0.011	0.053	
reversal-general-forward-027	0.065	1	200	0.02	0.045	
reversal-general-reverse-027	0.055	1	200	0.011	0.044	
reversal-general-forward-028	0.052	1	200	0.011	0.041	
reversal-general-reverse-028	0.068	1	200	0.011	0.057	
reversal-general-reverse-030	0.131	1	200	0.02	0.111	
reversal-general-forward-031	0.058	1	200	0.012	0.046	
reversal-general-reverse-031	0.057	1	200	0.012	0.045	
reversal-general-forward-032	0.066	1	200	0.011	0.055	
reversal-general-reverse-032	0.061	1	200	0.02	0.041	
reversal-general-forward-033	0.098	1	200	0.011	0.087	
reversal-general-reverse-033	0.066	1	200	0.02	0.046	
reversal-general-forward-034	0.059	1	200	0.011	0.048	
reversal-general-reverse-034	0.054	1	200	0.011	0.043	
reversal-general-reverse-035	0.065	1	200	0.02	0.045	
reversal-general-reverse-036	0.056	1	200	0.011	0.045	
reversal-general-forward-037	0.053	1	200	0.011	0.042	
reversal-general-forward-038	0.055	1	200	0.019	0.036	
reversal-general-reverse-038	0.058	1	200	0.012	0.046	
reversal-general-forward-039	0.08	1	200	0.019	0.061	
reversal-general-reverse-039	0.054	1	200	0.011	0.043	
reversal-general-forward-040	0.053	1	200	0.011	0.042	
reversal-general-reverse-040	0.052	1	200	0.011	0.041	
reversal-general-forward-041	0.054	1	200	0.011	0.043	
reversal-general-reverse-041	0.052	1	200	0.011	0.041	
reversal-general-forward-042	0.08	1	200	0.011	0.069	
reversal-general-reverse-042	0.061	1	200	0.019	0.042	
reversal-general-forward-043	0.052	1	200	0.011	0.041	
reversal-general-reverse-043	0.057	1	200	0.011	0.046	
reversal-general-forward-044	0.066	1	200	0.011	0.055	
reversal-general-reverse-044	0.05	1	200	0.011	0.039	
reversal-general-forward-045	0.081	1	200	0.02	0.061	
reversal-general-reverse-045	0.059	1	200	0.011	0.048	
reversal-general-forward-046	0.069	1	200	0.02	0.049	
reversal-general-reverse-046	0.054	1	200	0.011	0.043	
reversal-general-forward-047	0.053	1	200	0.011	0.042	
reversal-general-reverse-047	0.05	1	200	0.011	0.039	
reversal-general-forward-048	0.052	1	200	0.011	0.041	
reversal-general-reverse-048	0.065	1	200	0.011	0.054	
reversal-general-forward-049	0.059	1	200	0.011	0.048	
reversal-general-reverse-049	0.078	1	200	0.011	0.067	
reversal-general-forward-050	0.054	1	200	0.011	0.043	
reversal-general-reverse-050	0.055	1	200	0.012	0.043	
reversal-general-forward-051	0.071	1	200	0.012	0.059	
reversal-general-reverse-051	0.061	1	200	0.013	0.048	
reversal-general-forward-052	0.151	1	200	0.02	0.131	
reversal-general-reverse-052	0.056	1	200	0.011	0.045	
reversal-general-forward-053	0.057	1	200	0.011	0.046	
reversal-general-reverse-053	0.053	1	200	0.011	0.042	
reversal-general-forward-054	0.076	1	200	0.019	0.057	
reversal-general-reverse-054	0.053	1	200	0.011	0.042	
reversal-general-forward-055	0.126	1	200	0.019	0.107	
reversal-general-reverse-055	0.063	1	200	0.019	0.044	
reversal-general-forward-056	0.053	1	200	0.011	0.042	
reversal-general-reverse-056	0.114	1	200	0.011	0.103	
reversal-general-forward-057	0.097	1	200	0.02	0.077	
reversal-general-reverse-057	0.06	1	200	0.02	0.04	
reversal-general-forward-058	0.057	1	200	0.011	0.046	
reversal-general-reverse-058	0.052	1	200	0.011	0.041	
reversal-general-forward-059	0.052	1	200	0.011	0.041	
reversal-general-reverse-059	0.051	1	200	0.011	0.04	
reversal-general-forward-060	0.055	1	200	0.011	0.044	
reversal-general-reverse-060	0.051	1	200	0.011	0.04	
reversal-general-forward-061	0.052	1	200	0.011	0.041	
reversal-general-reverse-061	0.056	1	200	0.011	0.045	
reversal-general-forward-062	0.051	1	200	0.011	0.04	
reversal-general-reverse-062	0.054	1	200	0.011	0.043	
reversal-general-forward-063	0.058	1	200	0.011	0.047	
reversal-general-reverse-063	0.077	1	200	0.011	0.066	
reversal-general-forward-064	0.062	1	200	0.02	0.042	
reversal-general-reverse-064	0.087	1	200	0.02	0.067	
reversal-general-forward-065	0.056	1	200	0.011	0.045	
reversal-general-reverse-065	0.053	1	200	0.011	0.042	
reversal-general-forward-066	0.057	1	200	0.011	0.046	
reversal-general-reverse-066	0.055	1	200	0.011	0.044	
reversal-general-forward-067	0.092	1	200	0.011	0.081	
reversal-general-reverse-067	0.064	1	200	0.019	0.045	
reversal-general-forward-068	0.063	1	200	0.011	0.052	
reversal-general-reverse-068	0.057	1	200	0.013	0.044	
reversal-general-forward-069	0.075	1	200	0.02	0.055	
reversal-general-reverse-069	0.055	1	200	0.011	0.044	
reversal-general-forward-070	0.055	1	200	0.011	0.044	
reversal-general-reverse-070	0.053	1	200	0.011	0.042	
reversal-general-forward-071	0.059	1	200	0.01	0.049	
reversal-general-reverse-071	0.069	1	200	0.011	0.058	
reversal-general-forward-072	0.054	1	200	0.011	0.043	
reversal-general-reverse-072	0.055	1	200	0.011	0.044	
reversal-general-forward-073	0.057	1	200	0.011	0.046	
reversal-general-reverse-073	0.071	1	200	0.01	0.061	
reverse-singer-to-song-001	0.09	1	200	0.033	0.057	
reverse-singer-to-song-002	0.058	1	200	0.016	0.042	
reverse-singer-to-song-003	0.06	1	200	0.016	0.044	
reverse-singer-to-song-004	0.06	1	200	0.017	0.043	
reverse-singer-to-song-005	0.06	1	200	0.016	0.044	
reverse-singer-to-song-006	0.057	1	200	0.013	0.044	
reverse-singer-to-song-007	0.057	1	200	0.012	0.045	
reverse-singer-to-song-008	0.056	1	200	0.012	0.044	
reverse-singer-to-song-009	0.06	1	200	0.012	0.048	
reverse-singer-to-song-010	0.055	1	200	0.012	0.043	
reverse-singer-to-song-011	0.057	1	200	0.012	0.045	
reverse-singer-to-song-012	0.058	1	200	0.012	0.046	
reverse-singer-to-song-013	0.053	1	200	0.012	0.041	
reverse-singer-to-song-014	0.06	1	200	0.012	0.048	
reverse-singer-to-song-015	0.054	1	200	0.013	0.041	
reverse-singer-to-song-016	0.058	1	200	0.012	0.046	
reverse-singer-to-song-017	0.053	1	200	0.012	0.041	
reverse-singer-to-song-018	0.056	1	200	0.013	0.043	
reverse-singer-to-song-019	0.054	1	200	0.013	0.041	
reverse-singer-to-song-020	0.059	1	200	0.013	0.046	
reverse-singer-to-song-021	0.055	1	200	0.013	0.042	
reverse-singer-to-song-022	0.054	1	200	0.013	0.041	
reverse-singer-to-song-023	0.063	1	200	0.013	0.05	
reverse-singer-to-song-024	0.071	1	200	0.013	0.058	
reverse-singer-to-song-025	0.056	1	200	0.013	0.043	
reverse-singer-to-song-026	0.06	1	200	0.014	0.046	
reverse-singer-to-song-027	0.06	1	200	0.015	0.045	
reverse-singer-to-song-028	0.054	1	200	0.013	0.041	
reverse-singer-to-song-029	0.062	1	200	0.013	0.049	
reverse-singer-to-song-030	0.056	1	200	0.013	0.043	
reverse-singer-to-song-031	0.064	1	200	0.014	0.05	
reverse-singer-to-song-032	0.056	1	200	0.013	0.043	
reverse-singer-to-song-033	0.077	1	200	0.02	0.057	
reverse-singer-to-song-034	0.055	1	200	0.011	0.044	
reverse-singer-to-song-035	0.054	1	200	0.011	0.043	
reverse-singer-to-song-036	0.118	1	200	0.02	0.098	
reverse-singer-to-song-037	0.056	1	200	0.011	0.045	
reverse-singer-to-song-038	0.054	1	200	0.011	0.043	
reverse-singer-to-song-039	0.053	1	200	0.011	0.042	
reverse-singer-to-song-040	0.052	1	200	0.011	0.041	
reverse-album-to-song-001	0.065	1	200	0.012	0.053	
reverse-album-to-song-002	0.06	1	200	0.012	0.048	
reverse-album-to-song-003	0.062	1	200	0.012	0.05	
reverse-album-to-song-004	0.053	1	200	0.011	0.042	
reverse-album-to-song-005	0.054	1	200	0.012	0.042	
reverse-album-to-song-006	0.056	1	200	0.013	0.043	
reverse-album-to-song-007	0.055	1	200	0.013	0.042	
reverse-album-to-song-008	0.06	1	200	0.013	0.047	
reverse-album-to-song-009	0.07	1	200	0.014	0.056	
reverse-album-to-song-010	0.087	1	200	0.013	0.074	
reverse-album-to-song-011	0.056	1	200	0.014	0.042	
reverse-album-to-song-012	0.071	1	200	0.013	0.058	
reverse-album-to-song-013	0.079	1	200	0.013	0.066	
reverse-album-to-song-014	0.123	1	200	0.013	0.11	
reverse-album-to-song-015	0.06	1	200	0.013	0.047	
reverse-album-to-song-016	0.057	1	200	0.015	0.042	
reverse-album-to-song-017	0.055	1	200	0.013	0.042	
reverse-album-to-song-018	0.055	1	200	0.013	0.042	
reverse-album-to-song-019	0.058	1	200	0.013	0.045	
reverse-album-to-song-020	0.071	1	200	0.013	0.058	
reverse-album-to-song-021	0.055	1	200	0.012	0.043	
reverse-album-to-song-022	0.06	1	200	0.013	0.047	
reverse-album-to-song-023	0.056	1	200	0.013	0.043	
reverse-album-to-song-024	0.055	1	200	0.015	0.04	
reverse-album-to-song-025	0.06	1	200	0.013	0.047	
reverse-album-to-song-026	0.056	1	200	0.013	0.043	
reverse-album-to-song-027	0.057	1	200	0.013	0.044	
reverse-album-to-song-028	0.055	1	200	0.012	0.043	
reverse-album-to-song-029	0.081	1	200	0.02	0.061	
reverse-album-to-song-030	0.052	1	200	0.012	0.04	
reverse-album-to-song-031	0.053	1	200	0.012	0.041	
reverse-album-to-song-032	0.059	1	200	0.011	0.048	
reverse-album-to-song-033	0.072	1	200	0.012	0.06	
reverse-album-to-song-034	0.06	1	200	0.012	0.048	
reverse-album-to-song-035	0.155	1	200	0.019	0.136	
reverse-album-to-song-036	0.057	1	200	0.012	0.045	
reverse-album-to-song-037	0.054	1	200	0.012	0.042	
reverse-album-to-song-038	0.078	1	200	0.011	0.067	
reverse-album-to-song-039	0.057	1	200	0.011	0.046	
reverse-album-to-song-040	0.117	1	200	0.02	0.097	
reverse-singer-yes-no-002	0.092	1	200	0.02	0.072	
reverse-singer-yes-no-003	0.131	1	200	0.011	0.12	
reverse-singer-yes-no-004	0.074	1	200	0.02	0.054	
reverse-singer-yes-no-005	0.054	1	200	0.011	0.043	
reverse-singer-yes-no-007	0.092	1	200	0.02	0.072	
reverse-singer-yes-no-008	0.069	1	200	0.019	0.05	
reverse-singer-yes-no-009	0.052	1	200	0.011	0.041	
reverse-singer-yes-no-016	0.061	1	200	0.019	0.042	
reverse-singer-yes-no-021	0.066	1	200	0.02	0.046	
reverse-singer-yes-no-025	0.069	1	200	0.019	0.05	
reverse-singer-yes-no-026	0.053	1	200	0.011	0.042	
reverse-singer-yes-no-027	0.055	1	200	0.011	0.044	
reverse-singer-yes-no-028	0.054	1	200	0.011	0.043	
reverse-singer-yes-no-030	0.06	1	200	0.02	0.04	
shared-lead-shared-lead-001	0.108	1	200	0.02	0.088	
shared-lead-shared-lead-002	0.053	1	200	0.011	0.042	
shared-lead-shared-lead-003	0.054	1	200	0.011	0.043	
shared-lead-shared-lead-005	0.058	1	200	0.011	0.047	
shared-lead-shared-lead-008	0.059	1	200	0.019	0.04	
shared-lead-shared-lead-013	0.06	1	200	0.02	0.04	
shared-lead-shared-lead-015	0.071	1	200	0.02	0.051	
shared-lead-shared-lead-017	0.082	1	200	0.019	0.063	
shared-lead-shared-lead-018	0.057	1	200	0.012	0.045	
shared-lead-shared-lead-021	0.068	1	200	0.02	0.048	
shared-lead-shared-lead-022	0.055	1	200	0.012	0.043	
shared-lead-shared-lead-023	0.053	1	200	0.011	0.042	
shared-lead-shared-lead-024	0.053	1	200	0.011	0.042	
shared-lead-shared-lead-025	0.056	1	200	0.011	0.045	
shared-lead-shared-lead-029	0.056	1	200	0.02	0.036	
shared-lead-shared-lead-031	0.058	1	200	0.02	0.038	
shared-lead-shared-lead-032	0.051	1	200	0.011	0.04	
single-hop-song-album-001	0.049	1	200	0.011	0.038	
single-hop-song-album-002	0.043	1	200	0.011	0.032	
single-hop-song-album-003	0.048	1	200	0.011	0.037	
single-hop-song-album-004	0.046	1	200	0.011	0.035	
single-hop-song-album-005	0.05	1	200	0.011	0.039	
single-hop-song-album-006	0.048	1	200	0.011	0.037	
single-hop-song-album-007	0.05	1	200	0.011	0.039	
single-hop-song-album-008	0.05	1	200	0.011	0.039	
single-hop-song-album-009	0.051	1	200	0.012	0.039	
single-hop-song-album-010	0.052	1	200	0.013	0.039	
single-hop-song-album-011	0.063	1	200	0.02	0.043	
single-hop-song-album-012	0.052	1	200	0.011	0.041	
single-hop-song-album-013	0.054	1	200	0.011	0.043	
single-hop-song-album-014	0.048	1	200	0.011	0.037	
single-hop-song-album-015	0.046	1	200	0.011	0.035	
single-hop-song-album-016	0.055	1	200	0.011	0.044	
single-hop-song-album-017	0.06	1	200	0.011	0.049	
single-hop-song-album-018	0.06	1	200	0.011	0.049	
single-hop-song-album-019	0.057	1	200	0.011	0.046	
single-hop-song-album-020	0.055	1	200	0.011	0.044	
single-hop-song-album-021	0.058	1	200	0.011	0.047	
single-hop-song-album-022	0.061	1	200	0.02	0.041	
single-hop-song-album-023	0.053	1	200	0.011	0.042	
single-hop-song-album-024	0.06	1	200	0.019	0.041	
single-hop-song-album-025	0.051	1	200	0.011	0.04	
single-hop-song-album-026	0.046	1	200	0.012	0.034	
single-hop-song-album-027	0.051	1	200	0.011	0.04	
single-hop-song-album-028	0.053	1	200	0.011	0.042	
single-hop-song-album-029	0.053	1	200	0.011	0.042	
single-hop-song-album-030	0.054	1	200	0.011	0.043	
single-hop-song-album-031	0.066	1	200	0.011	0.055	
single-hop-song-album-032	0.117	1	200	0.02	0.097	
single-hop-song-album-033	0.055	1	200	0.012	0.043	
single-hop-song-album-034	0.078	1	200	0.02	0.058	
single-hop-song-album-035	0.068	1	200	0.011	0.057	
single-hop-song-album-036	0.061	1	200	0.011	0.05	
single-hop-song-album-037	0.092	1	200	0.019	0.073	
single-hop-song-album-038	0.066	1	200	0.011	0.055	
single-hop-song-album-039	0.064	1	200	0.019	0.045	
single-hop-song-album-040	0.094	1	200	0.02	0.074	
single-hop-song-album-041	0.056	1	200	0.012	0.044	
single-hop-song-album-042	0.058	1	200	0.011	0.047	
single-hop-song-album-043	0.055	1	200	0.011	0.044	
single-hop-song-album-044	0.058	1	200	0.012	0.046	
single-hop-song-album-045	0.056	1	200	0.011	0.045	
single-hop-song-album-046	0.052	1	200	0.011	0.041	
single-hop-song-album-047	0.061	1	200	0.011	0.05	
single-hop-song-album-048	0.056	1	200	0.011	0.045	
single-hop-song-album-049	0.057	1	200	0.011	0.046	
single-hop-song-album-050	0.053	1	200	0.012	0.041	
single-hop-song-album-051	0.054	1	200	0.012	0.042	
single-hop-song-album-052	0.05	1	200	0.012	0.038	
single-hop-song-album-053	0.054	1	200	0.014	0.04	
single-hop-song-album-054	0.056	1	200	0.017	0.039	
single-hop-song-album-055	0.052	1	200	0.015	0.037	
single-hop-song-album-056	0.053	1	200	0.015	0.038	
single-hop-song-album-057	0.054	1	200	0.012	0.042	
single-hop-song-album-058	0.05	1	200	0.012	0.038	
single-hop-song-album-059	0.049	1	200	0.012	0.037	
single-hop-song-album-060	0.053	1	200	0.012	0.041	
single-hop-song-month-001	0.051	1	200	0.012	0.039	
single-hop-event-month-001	0.052	1	200	0.012	0.04	
single-hop-song-month-002	0.051	1	200	0.012	0.039	
single-hop-event-month-002	0.051	1	200	0.012	0.039	
single-hop-song-month-003	0.052	1	200	0.013	0.039	
single-hop-event-month-003	0.051	1	200	0.012	0.039	
single-hop-event-month-004	0.049	1	200	0.013	0.036	
single-hop-song-month-005	0.055	1	200	0.012	0.043	
single-hop-song-month-006	0.052	1	200	0.012	0.04	
single-hop-song-month-007	0.051	1	200	0.013	0.038	
single-hop-event-month-007	0.055	1	200	0.014	0.041	
single-hop-song-month-008	0.052	1	200	0.013	0.039	
single-hop-event-month-008	0.051	1	200	0.012	0.039	
single-hop-event-month-009	0.047	1	200	0.013	0.034	
single-hop-song-month-010	0.051	1	200	0.013	0.038	
single-hop-event-month-010	0.05	1	200	0.013	0.037	
single-hop-song-month-011	0.051	1	200	0.013	0.038	
single-hop-song-month-012	0.053	1	200	0.013	0.04	
single-hop-event-month-012	0.084	1	200	0.019	0.065	
single-hop-song-month-013	0.053	1	200	0.011	0.042	
single-hop-event-month-013	0.05	1	200	0.011	0.039	
single-hop-song-month-014	0.055	1	200	0.011	0.044	
single-hop-event-month-014	0.056	1	200	0.011	0.045	
single-hop-song-month-016	0.049	1	200	0.011	0.038	
single-hop-event-month-015	0.05	1	200	0.011	0.039	
single-hop-song-month-017	0.049	1	200	0.01	0.039	
single-hop-event-month-016	0.052	1	200	0.012	0.04	
single-hop-song-month-018	0.053	1	200	0.012	0.041	
single-hop-event-month-017	0.053	1	200	0.012	0.041	
single-hop-song-month-019	0.055	1	200	0.013	0.042	
single-hop-song-month-020	0.059	1	200	0.019	0.04	
single-hop-event-month-019	0.053	1	200	0.011	0.042	
single-hop-event-month-020	0.066	1	200	0.019	0.047	
single-hop-song-month-022	0.059	1	200	0.011	0.048	
single-hop-event-month-021	0.057	1	200	0.011	0.046	
single-hop-event-month-022	0.065	1	200	0.02	0.045	
single-hop-event-month-023	0.102	1	200	0.02	0.082	
single-hop-song-month-025	0.06	1	200	0.012	0.048	
single-hop-event-month-024	0.058	1	200	0.011	0.047	
single-hop-song-month-026	0.057	1	200	0.011	0.046	
single-hop-song-month-027	0.056	1	200	0.011	0.045	
single-hop-song-month-029	0.06	1	200	0.02	0.04	
single-hop-event-month-026	0.055	1	200	0.012	0.043	
single-hop-song-month-030	0.087	1	200	0.02	0.067	
single-hop-event-month-027	0.081	1	200	0.011	0.07	
single-hop-song-month-031	0.052	1	200	0.011	0.041	
single-hop-event-month-028	0.055	1	200	0.011	0.044	
single-hop-song-month-032	0.056	1	200	0.011	0.045	
single-hop-event-month-029	0.057	1	200	0.011	0.046	
single-hop-event-month-030	0.062	1	200	0.019	0.043	
single-hop-song-month-034	0.051	1	200	0.011	0.04	
single-hop-event-month-031	0.075	1	200	0.011	0.064	
single-hop-event-month-032	0.057	1	200	0.019	0.038	
single-hop-song-month-036	0.056	1	200	0.011	0.045	
single-hop-song-month-037	0.05	1	200	0.011	0.039	
single-hop-event-month-034	0.062	1	200	0.011	0.051	
single-hop-song-month-038	0.054	1	200	0.011	0.043	
single-hop-event-month-035	0.087	1	200	0.019	0.068	
single-hop-song-month-039	0.052	1	200	0.011	0.041	
single-hop-song-month-040	0.054	1	200	0.011	0.043	
single-hop-event-month-037	0.051	1	200	0.011	0.04	
single-hop-song-month-041	0.06	1	200	0.011	0.049	
single-hop-song-month-042	0.058	1	200	0.012	0.046	
single-hop-event-month-038	0.051	1	200	0.011	0.04	
single-hop-song-month-043	0.059	1	200	0.011	0.048	
single-hop-event-month-040	0.066	1	200	0.02	0.046	
single-hop-song-month-045	0.053	1	200	0.011	0.042	
single-hop-event-month-041	0.054	1	200	0.011	0.043	
single-hop-song-month-046	0.056	1	200	0.011	0.045	
single-hop-song-month-048	0.081	1	200	0.02	0.061	
single-hop-event-month-047	0.166	1	200	0.018	0.148	
single-hop-song-month-049	0.052	1	200	0.01	0.042	
single-hop-event-month-048	0.063	1	200	0.009	0.054	
single-hop-event-month-049	0.105	1	200	0.019	0.086	
single-hop-event-month-050	0.064	1	200	0.02	0.044	
single-hop-song-month-052	0.055	1	200	0.012	0.043	
single-hop-event-month-051	0.053	1	200	0.011	0.042	
single-hop-song-month-053	0.109	1	200	0.02	0.089	
single-hop-event-month-052	0.086	1	200	0.019	0.067	
single-hop-song-month-056	0.074	1	200	0.02	0.054	
single-hop-song-month-057	0.052	1	200	0.011	0.041	
single-hop-song-month-058	0.066	1	200	0.019	0.047	
single-hop-song-month-059	0.065	1	200	0.011	0.054	
single-hop-event-month-055	0.051	1	200	0.012	0.039	
single-hop-song-month-060	0.064	1	200	0.012	0.052	
single-hop-song-month-061	0.066	1	200	0.02	0.046	
single-hop-song-month-062	0.085	1	200	0.02	0.065	
single-hop-song-month-063	0.052	1	200	0.011	0.041	
single-hop-event-month-057	0.052	1	200	0.011	0.041	
single-hop-song-month-064	0.051	1	200	0.011	0.04	
single-hop-event-month-058	0.061	1	200	0.019	0.042	
single-hop-event-month-059	0.053	1	200	0.011	0.042	
single-hop-event-month-060	0.055	1	200	0.011	0.044	
single-hop-event-month-061	0.045	1	200	0.011	0.034	
single-hop-song-month-068	0.052	1	200	0.011	0.041	
single-hop-song-month-070	0.067	1	200	0.02	0.047	
single-hop-event-month-063	0.051	1	200	0.011	0.04	
single-hop-song-month-072	0.061	1	200	0.02	0.041	
single-hop-song-month-073	0.06	1	200	0.012	0.048	
single-hop-event-month-064	0.069	1	200	0.011	0.058	
single-hop-song-month-074	0.073	1	200	0.02	0.053	
single-hop-song-month-075	0.053	1	200	0.012	0.041	
single-hop-song-month-076	0.054	1	200	0.011	0.043	
single-hop-song-month-078	0.048	1	200	0.011	0.037	
single-hop-event-month-067	0.068	1	200	0.019	0.049	
single-hop-song-month-080	0.062	1	200	0.011	0.051	
single-hop-song-month-081	0.069	1	200	0.011	0.058	
single-hop-event-month-068	0.071	1	200	0.011	0.06	
single-hop-song-month-082	0.069	1	200	0.011	0.058	
single-hop-event-month-069	0.057	1	200	0.011	0.046	
single-hop-song-month-083	0.128	1	200	0.02	0.108	
single-hop-event-month-070	0.066	1	200	0.019	0.047	
single-hop-song-month-084	0.065	1	200	0.011	0.054	
single-hop-song-month-085	0.078	1	200	0.02	0.058	
single-hop-song-month-086	0.077	1	200	0.011	0.066	
single-hop-song-month-087	0.091	1	200	0.02	0.071	
single-hop-song-month-088	0.067	1	200	0.011	0.056	
single-hop-song-month-089	0.072	1	200	0.011	0.061	
single-hop-song-month-093	0.057	1	200	0.02	0.037	
single-hop-song-month-094	0.056	1	200	0.011	0.045	
single-hop-event-month-073	0.051	1	200	0.011	0.04	
single-hop-event-month-074	0.056	1	200	0.019	0.037	
single-hop-song-month-096	0.052	1	200	0.011	0.041	
single-hop-song-month-097	0.056	1	200	0.012	0.044	
single-hop-event-month-075	0.05	1	200	0.011	0.039	
single-hop-event-month-076	0.121	1	200	0.019	0.102	
