id	message
rank-reading-popularity-007	thinkthen: the backend answered with status 429: the backend's rate limit was reached after the allowed attempts; try again later or change --max-retries
rank-reading-popularity-008	thinkthen: the backend answered with status 429: the backend's rate limit was reached after the allowed attempts; try again later or change --max-retries
rank-reading-popularity-010	thinkthen: the backend answered with status 429: the backend's rate limit was reached after the allowed attempts; try again later or change --max-retries
rank-reading-popularity-009	thinkthen: the backend answered with status 429: the backend's rate limit was reached after the allowed attempts; try again later or change --max-retries
rank-reading-popularity-011	thinkthen: the backend answered with status 429: the backend's rate limit was reached after the allowed attempts; try again later or change --max-retries
rank-reading-popularity-012	thinkthen: the backend answered with status 429: the backend's rate limit was reached after the allowed attempts; try again later or change --max-retries
rank-reading-popularity-013	thinkthen: the backend answered with status 429: the backend's rate limit was reached after the allowed attempts; try again later or change --max-retries
rank-reading-popularity-014	thinkthen: the backend answered with status 429: the backend's rate limit was reached after the allowed attempts; try again later or change --max-retries
rank-reading-popularity-015	thinkthen: the backend answered with status 429: the backend's rate limit was reached after the allowed attempts; try again later or change --max-retries
rank-reading-popularity-016	thinkthen: the backend answered with status 429: the backend's rate limit was reached after the allowed attempts; try again later or change --max-retries
rank-reading-popularity-018	thinkthen: the backend answered with status 429: the backend's rate limit was reached after the allowed attempts; try again later or change --max-retries
rank-reading-popularity-017	thinkthen: the backend answered with status 429: the backend's rate limit was reached after the allowed attempts; try again later or change --max-retries
rank-reading-popularity-019	thinkthen: the backend answered with status 429: the backend's rate limit was reached after the allowed attempts; try again later or change --max-retries
rank-reading-popularity-020	thinkthen: the backend answered with status 429: the backend's rate limit was reached after the allowed attempts; try again later or change --max-retries
rank-reading-popularity-021	thinkthen: the backend answered with status 429: the backend's rate limit was reached after the allowed attempts; try again later or change --max-retries
rank-reading-popularity-022	thinkthen: the backend answered with status 429: the backend's rate limit was reached after the allowed attempts; try again later or change --max-retries
rank-reading-popularity-023	thinkthen: the backend answered with status 429: the backend's rate limit was reached after the allowed attempts; try again later or change --max-retries
rank-reading-popularity-024	thinkthen: the backend answered with status 429: the backend's rate limit was reached after the allowed attempts; try again later or change --max-retries
rank-reading-popularity-025	thinkthen: the backend answered with status 429: the backend's rate limit was reached after the allowed attempts; try again later or change --max-retries
rank-reading-popularity-026	thinkthen: the backend answered with status 429: the backend's rate limit was reached after the allowed attempts; try again later or change --max-retries
rank-reading-popularity-027	thinkthen: the backend answered with status 429: the backend's rate limit was reached after the allowed attempts; try again later or change --max-retries
rank-reading-popularity-028	thinkthen: the backend answered with status 429: the backend's rate limit was reached after the allowed attempts; try again later or change --max-retries
rank-reading-popularity-029	thinkthen: the backend answered with status 429: the backend's rate limit was reached after the allowed attempts; try again later or change --max-retries
rank-reading-popularity-030	thinkthen: the backend answered with status 429: the backend's rate limit was reached after the allowed attempts; try again later or change --max-retries
rank-reading-popularity-031	thinkthen: the backend answered with status 429: the backend's rate limit was reached after the allowed attempts; try again later or change --max-retries
rank-reading-popularity-032	thinkthen: the backend answered with status 429: the backend's rate limit was reached after the allowed attempts; try again later or change --max-retries
rank-reading-popularity-033	thinkthen: the backend answered with status 429: the backend's rate limit was reached after the allowed attempts; try again later or change --max-retries
rank-reading-popularity-034	thinkthen: the backend answered with status 429: the backend's rate limit was reached after the allowed attempts; try again later or change --max-retries
rank-reading-popularity-036	thinkthen: the backend answered with status 429: the backend's rate limit was reached after the allowed attempts; try again later or change --max-retries
rank-reading-popularity-035	thinkthen: the backend answered with status 429: the backend's rate limit was reached after the allowed attempts; try again later or change --max-retries
rank-reading-popularity-037	thinkthen: the backend answered with status 429: the backend's rate limit was reached after the allowed attempts; try again later or change --max-retries
rank-reading-popularity-038	thinkthen: the backend answered with status 429: the backend's rate limit was reached after the allowed attempts; try again later or change --max-retries
rank-reading-popularity-039	thinkthen: the backend answered with status 429: the backend's rate limit was reached after the allowed attempts; try again later or change --max-retries
rank-reading-popularity-040	thinkthen: the backend answered with status 429: the backend's rate limit was reached after the allowed attempts; try again later or change --max-retries
rank-reading-popularity-041	thinkthen: the backend answered with status 429: the backend's rate limit was reached after the allowed attempts; try again later or change --max-retries
rank-reading-popularity-042	thinkthen: the backend answered with status 429: the backend's rate limit was reached after the allowed attempts; try again later or change --max-retries
rank-reading-popularity-043	thinkthen: the backend answered with status 429: the backend's rate limit was reached after the allowed attempts; try again later or change --max-retries
rank-reading-popularity-044	thinkthen: the backend answered with status 429: the backend's rate limit was reached after the allowed attempts; try again later or change --max-retries
rank-reading-popularity-045	thinkthen: the backend answered with status 429: the backend's rate limit was reached after the allowed attempts; try again later or change --max-retries
rank-reading-popularity-046	thinkthen: the backend answered with status 429: the backend's rate limit was reached after the allowed attempts; try again later or change --max-retries
rank-reading-popularity-047	thinkthen: the backend answered with status 429: the backend's rate limit was reached after the allowed attempts; try again later or change --max-retries
rank-reading-popularity-048	thinkthen: the backend answered with status 429: the backend's rate limit was reached after the allowed attempts; try again later or change --max-retries
rank-reading-popularity-049	thinkthen: the backend answered with status 429: the backend's rate limit was reached after the allowed attempts; try again later or change --max-retries
rank-reading-popularity-050	thinkthen: the backend answered with status 429: the backend's rate limit was reached after the allowed attempts; try again later or change --max-retries
rank-reading-popularity-051	thinkthen: the backend answered with status 429: the backend's rate limit was reached after the allowed attempts; try again later or change --max-retries
rank-reading-popularity-052	thinkthen: the backend answered with status 429: the backend's rate limit was reached after the allowed attempts; try again later or change --max-retries
rank-reading-popularity-053	thinkthen: the backend answered with status 429: the backend's rate limit was reached after the allowed attempts; try again later or change --max-retries
rank-reading-popularity-054	thinkthen: the backend answered with status 429: the backend's rate limit was reached after the allowed attempts; try again later or change --max-retries
rank-reading-popularity-055	thinkthen: the backend answered with status 429: the backend's rate limit was reached after the allowed attempts; try again later or change --max-retries
rank-reading-popularity-056	thinkthen: the backend answered with status 429: the backend's rate limit was reached after the allowed attempts; try again later or change --max-retries
rank-reading-popularity-058	thinkthen: the backend answered with status 429: the backend's rate limit was reached after the allowed attempts; try again later or change --max-retries
rank-reading-popularity-057	thinkthen: the backend answered with status 429: the backend's rate limit was reached after the allowed attempts; try again later or change --max-retries
rank-reading-popularity-059	thinkthen: the backend answered with status 429: the backend's rate limit was reached after the allowed attempts; try again later or change --max-retries
rank-reading-popularity-060	thinkthen: the backend answered with status 429: the backend's rate limit was reached after the allowed attempts; try again later or change --max-retries
rank-reading-popularity-062	thinkthen: the backend answered with status 429: the backend's rate limit was reached after the allowed attempts; try again later or change --max-retries
rank-reading-popularity-061	thinkthen: the backend answered with status 429: the backend's rate limit was reached after the allowed attempts; try again later or change --max-retries
find-more-07-5	thinkthen: the backend answered with status 429: the backend's rate limit was reached after the allowed attempts; try again later or change --max-retries
find-more-07-6	thinkthen: the backend answered with status 429: the backend's rate limit was reached after the allowed attempts; try again later or change --max-retries
find-more-07-8	thinkthen: the backend answered with status 429: the backend's rate limit was reached after the allowed attempts; try again later or change --max-retries
find-more-07-7	thinkthen: the backend answered with status 429: the backend's rate limit was reached after the allowed attempts; try again later or change --max-retries
find-more-07-9	thinkthen: the backend answered with status 429: the backend's rate limit was reached after the allowed attempts; try again later or change --max-retries
find-more-07-10	thinkthen: the backend answered with status 429: the backend's rate limit was reached after the allowed attempts; try again later or change --max-retries
find-more-07-11	thinkthen: the backend answered with status 429: the backend's rate limit was reached after the allowed attempts; try again later or change --max-retries
find-more-07-12	thinkthen: the backend answered with status 429: the backend's rate limit was reached after the allowed attempts; try again later or change --max-retries
find-more-07-13	thinkthen: the backend answered with status 429: the backend's rate limit was reached after the allowed attempts; try again later or change --max-retries
find-more-08-5	thinkthen: the backend answered with status 429: the backend's rate limit was reached after the allowed attempts; try again later or change --max-retries
find-more-08-6	thinkthen: the backend answered with status 429: the backend's rate limit was reached after the allowed attempts; try again later or change --max-retries
find-more-08-7	thinkthen: the backend answered with status 429: the backend's rate limit was reached after the allowed attempts; try again later or change --max-retries
find-more-08-8	thinkthen: the backend answered with status 429: the backend's rate limit was reached after the allowed attempts; try again later or change --max-retries
find-more-08-9	thinkthen: the backend answered with status 429: the backend's rate limit was reached after the allowed attempts; try again later or change --max-retries
find-more-08-10	thinkthen: the backend answered with status 429: the backend's rate limit was reached after the allowed attempts; try again later or change --max-retries
find-more-08-11	thinkthen: the backend answered with status 429: the backend's rate limit was reached after the allowed attempts; try again later or change --max-retries
find-more-09-5	thinkthen: the backend answered with status 429: the backend's rate limit was reached after the allowed attempts; try again later or change --max-retries
find-more-09-6	thinkthen: the backend answered with status 429: the backend's rate limit was reached after the allowed attempts; try again later or change --max-retries
find-more-09-8	thinkthen: the backend answered with status 429: the backend's rate limit was reached after the allowed attempts; try again later or change --max-retries
find-more-09-7	thinkthen: the backend answered with status 429: the backend's rate limit was reached after the allowed attempts; try again later or change --max-retries
find-more-09-9	thinkthen: the backend answered with status 429: the backend's rate limit was reached after the allowed attempts; try again later or change --max-retries
find-more-10-5	thinkthen: the backend answered with status 429: the backend's rate limit was reached after the allowed attempts; try again later or change --max-retries
find-more-10-6	thinkthen: the backend answered with status 429: the backend's rate limit was reached after the allowed attempts; try again later or change --max-retries
find-more-10-7	thinkthen: the backend answered with status 429: the backend's rate limit was reached after the allowed attempts; try again later or change --max-retries
find-more-10-9	thinkthen: the backend answered with status 429: the backend's rate limit was reached after the allowed attempts; try again later or change --max-retries
find-more-10-8	thinkthen: the backend answered with status 429: the backend's rate limit was reached after the allowed attempts; try again later or change --max-retries
find-more-10-11	thinkthen: the backend answered with status 429: the backend's rate limit was reached after the allowed attempts; try again later or change --max-retries
find-more-10-10	thinkthen: the backend answered with status 429: the backend's rate limit was reached after the allowed attempts; try again later or change --max-retries
find-more-10-12	thinkthen: the backend answered with status 429: the backend's rate limit was reached after the allowed attempts; try again later or change --max-retries
find-more-10-13	thinkthen: the backend answered with status 429: the backend's rate limit was reached after the allowed attempts; try again later or change --max-retries
find-more-11-6	thinkthen: the backend answered with status 429: the backend's rate limit was reached after the allowed attempts; try again later or change --max-retries
find-more-11-5	thinkthen: the backend answered with status 429: the backend's rate limit was reached after the allowed attempts; try again later or change --max-retries
find-more-11-7	thinkthen: the backend answered with status 429: the backend's rate limit was reached after the allowed attempts; try again later or change --max-retries
find-more-11-8	thinkthen: the backend answered with status 429: the backend's rate limit was reached after the allowed attempts; try again later or change --max-retries
find-more-12-6	thinkthen: the backend answered with status 429: the backend's rate limit was reached after the allowed attempts; try again later or change --max-retries
find-more-12-5	thinkthen: the backend answered with status 429: the backend's rate limit was reached after the allowed attempts; try again later or change --max-retries
find-more-12-7	thinkthen: the backend answered with status 429: the backend's rate limit was reached after the allowed attempts; try again later or change --max-retries
find-more-12-8	thinkthen: the backend answered with status 429: the backend's rate limit was reached after the allowed attempts; try again later or change --max-retries
find-more-12-9	thinkthen: the backend answered with status 429: the backend's rate limit was reached after the allowed attempts; try again later or change --max-retries
find-more-12-10	thinkthen: the backend answered with status 429: the backend's rate limit was reached after the allowed attempts; try again later or change --max-retries
find-more-12-11	thinkthen: the backend answered with status 429: the backend's rate limit was reached after the allowed attempts; try again later or change --max-retries
find-more-12-12	thinkthen: the backend answered with status 429: the backend's rate limit was reached after the allowed attempts; try again later or change --max-retries
find-more-12-13	thinkthen: the backend answered with status 429: the backend's rate limit was reached after the allowed attempts; try again later or change --max-retries
find-more-13-5	thinkthen: the backend answered with status 429: the backend's rate limit was reached after the allowed attempts; try again later or change --max-retries
find-more-13-6	thinkthen: the backend answered with status 429: the backend's rate limit was reached after the allowed attempts; try again later or change --max-retries
find-more-13-7	thinkthen: the backend answered with status 429: the backend's rate limit was reached after the allowed attempts; try again later or change --max-retries
find-more-13-8	thinkthen: the backend answered with status 429: the backend's rate limit was reached after the allowed attempts; try again later or change --max-retries
find-more-13-9	thinkthen: the backend answered with status 429: the backend's rate limit was reached after the allowed attempts; try again later or change --max-retries
find-more-13-10	thinkthen: the backend answered with status 429: the backend's rate limit was reached after the allowed attempts; try again later or change --max-retries
find-more-13-11	thinkthen: the backend answered with status 429: the backend's rate limit was reached after the allowed attempts; try again later or change --max-retries
find-more-13-12	thinkthen: the backend answered with status 429: the backend's rate limit was reached after the allowed attempts; try again later or change --max-retries
find-reading-001	thinkthen: the backend answered with status 429: the backend's rate limit was reached after the allowed attempts; try again later or change --max-retries
find-reading-002	thinkthen: the backend answered with status 429: the backend's rate limit was reached after the allowed attempts; try again later or change --max-retries
find-reading-003	thinkthen: the backend answered with status 429: the backend's rate limit was reached after the allowed attempts; try again later or change --max-retries
find-reading-004	thinkthen: the backend answered with status 429: the backend's rate limit was reached after the allowed attempts; try again later or change --max-retries
find-reading-005	thinkthen: the backend answered with status 429: the backend's rate limit was reached after the allowed attempts; try again later or change --max-retries
find-reading-006	thinkthen: the backend answered with status 429: the backend's rate limit was reached after the allowed attempts; try again later or change --max-retries
find-reading-007	thinkthen: the backend answered with status 429: the backend's rate limit was reached after the allowed attempts; try again later or change --max-retries
find-reading-008	thinkthen: the backend answered with status 429: the backend's rate limit was reached after the allowed attempts; try again later or change --max-retries
find-reading-009	thinkthen: the backend answered with status 429: the backend's rate limit was reached after the allowed attempts; try again later or change --max-retries
find-reading-010	thinkthen: the backend answered with status 429: the backend's rate limit was reached after the allowed attempts; try again later or change --max-retries
find-reading-011	thinkthen: the backend answered with status 429: the backend's rate limit was reached after the allowed attempts; try again later or change --max-retries
find-reading-012	thinkthen: the backend answered with status 429: the backend's rate limit was reached after the allowed attempts; try again later or change --max-retries
find-reading-013	thinkthen: the backend answered with status 429: the backend's rate limit was reached after the allowed attempts; try again later or change --max-retries
find-reading-015	thinkthen: the backend answered with status 429: the backend's rate limit was reached after the allowed attempts; try again later or change --max-retries
find-reading-014	thinkthen: the backend answered with status 429: the backend's rate limit was reached after the allowed attempts; try again later or change --max-retries
find-reading-016	thinkthen: the backend answered with status 429: the backend's rate limit was reached after the allowed attempts; try again later or change --max-retries
find-reading-017	thinkthen: the backend answered with status 429: the backend's rate limit was reached after the allowed attempts; try again later or change --max-retries
find-reading-018	thinkthen: the backend answered with status 429: the backend's rate limit was reached after the allowed attempts; try again later or change --max-retries
find-reading-019	thinkthen: the backend answered with status 429: the backend's rate limit was reached after the allowed attempts; try again later or change --max-retries
find-reading-021	thinkthen: the backend answered with status 429: the backend's rate limit was reached after the allowed attempts; try again later or change --max-retries
find-reading-020	thinkthen: the backend answered with status 429: the backend's rate limit was reached after the allowed attempts; try again later or change --max-retries
find-reading-022	thinkthen: the backend answered with status 429: the backend's rate limit was reached after the allowed attempts; try again later or change --max-retries
find-reading-023	thinkthen: the backend answered with status 429: the backend's rate limit was reached after the allowed attempts; try again later or change --max-retries
find-reading-024	thinkthen: the backend answered with status 429: the backend's rate limit was reached after the allowed attempts; try again later or change --max-retries
find-reading-025	thinkthen: the backend answered with status 429: the backend's rate limit was reached after the allowed attempts; try again later or change --max-retries
find-reading-027	thinkthen: the backend answered with status 429: the backend's rate limit was reached after the allowed attempts; try again later or change --max-retries
find-reading-026	thinkthen: the backend answered with status 429: the backend's rate limit was reached after the allowed attempts; try again later or change --max-retries
find-reading-028	thinkthen: the backend answered with status 429: the backend's rate limit was reached after the allowed attempts; try again later or change --max-retries
find-reading-029	thinkthen: the backend answered with status 429: the backend's rate limit was reached after the allowed attempts; try again later or change --max-retries
find-reading-030	thinkthen: the backend answered with status 429: the backend's rate limit was reached after the allowed attempts; try again later or change --max-retries
find-reading-031	thinkthen: the backend answered with status 429: the backend's rate limit was reached after the allowed attempts; try again later or change --max-retries
find-reading-032	thinkthen: the backend answered with status 429: the backend's rate limit was reached after the allowed attempts; try again later or change --max-retries
find-reading-033	thinkthen: the backend answered with status 429: the backend's rate limit was reached after the allowed attempts; try again later or change --max-retries
find-reading-034	thinkthen: the backend answered with status 429: the backend's rate limit was reached after the allowed attempts; try again later or change --max-retries
find-reading-035	thinkthen: the backend answered with status 429: the backend's rate limit was reached after the allowed attempts; try again later or change --max-retries
find-reading-036	thinkthen: the backend answered with status 429: the backend's rate limit was reached after the allowed attempts; try again later or change --max-retries
find-reading-037	thinkthen: the backend answered with status 429: the backend's rate limit was reached after the allowed attempts; try again later or change --max-retries
find-reading-038	thinkthen: the backend answered with status 429: the backend's rate limit was reached after the allowed attempts; try again later or change --max-retries
find-reading-039	thinkthen: the backend answered with status 429: the backend's rate limit was reached after the allowed attempts; try again later or change --max-retries
find-reading-040	thinkthen: the backend answered with status 429: the backend's rate limit was reached after the allowed attempts; try again later or change --max-retries
find-reading-041	thinkthen: the backend answered with status 429: the backend's rate limit was reached after the allowed attempts; try again later or change --max-retries
find-reading-042	thinkthen: the backend answered with status 429: the backend's rate limit was reached after the allowed attempts; try again later or change --max-retries
find-reading-043	thinkthen: the backend answered with status 429: the backend's rate limit was reached after the allowed attempts; try again later or change --max-retries
find-reading-044	thinkthen: the backend answered with status 429: the backend's rate limit was reached after the allowed attempts; try again later or change --max-retries
find-reading-045	thinkthen: the backend answered with status 429: the backend's rate limit was reached after the allowed attempts; try again later or change --max-retries
find-reading-046	thinkthen: the backend answered with status 429: the backend's rate limit was reached after the allowed attempts; try again later or change --max-retries
find-reading-047	thinkthen: the backend answered with status 429: the backend's rate limit was reached after the allowed attempts; try again later or change --max-retries
find-reading-049	thinkthen: the backend answered with status 429: the backend's rate limit was reached after the allowed attempts; try again later or change --max-retries
find-reading-048	thinkthen: the backend answered with status 429: the backend's rate limit was reached after the allowed attempts; try again later or change --max-retries
find-reading-050	thinkthen: the backend answered with status 429: the backend's rate limit was reached after the allowed attempts; try again later or change --max-retries
find-reading-051	thinkthen: the backend answered with status 429: the backend's rate limit was reached after the allowed attempts; try again later or change --max-retries
find-reading-052	thinkthen: the backend answered with status 429: the backend's rate limit was reached after the allowed attempts; try again later or change --max-retries
find-reading-053	thinkthen: the backend answered with status 429: the backend's rate limit was reached after the allowed attempts; try again later or change --max-retries
find-reading-054	thinkthen: the backend answered with status 429: the backend's rate limit was reached after the allowed attempts; try again later or change --max-retries
find-reading-055	thinkthen: the backend answered with status 429: the backend's rate limit was reached after the allowed attempts; try again later or change --max-retries
find-reading-056	thinkthen: the backend answered with status 429: the backend's rate limit was reached after the allowed attempts; try again later or change --max-retries
find-reading-058	thinkthen: the backend answered with status 429: the backend's rate limit was reached after the allowed attempts; try again later or change --max-retries
find-reading-057	thinkthen: the backend answered with status 429: the backend's rate limit was reached after the allowed attempts; try again later or change --max-retries
find-reading-059	thinkthen: the backend answered with status 429: the backend's rate limit was reached after the allowed attempts; try again later or change --max-retries
find-reading-060	thinkthen: the backend answered with status 429: the backend's rate limit was reached after the allowed attempts; try again later or change --max-retries
find-reading-061	thinkthen: the backend answered with status 429: the backend's rate limit was reached after the allowed attempts; try again later or change --max-retries
find-reading-063	thinkthen: the backend answered with status 429: the backend's rate limit was reached after the allowed attempts; try again later or change --max-retries
find-reading-062	thinkthen: the backend answered with status 429: the backend's rate limit was reached after the allowed attempts; try again later or change --max-retries
find-reading-065	thinkthen: the backend answered with status 429: the backend's rate limit was reached after the allowed attempts; try again later or change --max-retries
find-reading-064	thinkthen: the backend answered with status 429: the backend's rate limit was reached after the allowed attempts; try again later or change --max-retries
find-reading-067	thinkthen: the backend answered with status 429: the backend's rate limit was reached after the allowed attempts; try again later or change --max-retries
find-reading-066	thinkthen: the backend answered with status 429: the backend's rate limit was reached after the allowed attempts; try again later or change --max-retries
find-reading-068	thinkthen: the backend answered with status 429: the backend's rate limit was reached after the allowed attempts; try again later or change --max-retries
find-reading-069	thinkthen: the backend answered with status 429: the backend's rate limit was reached after the allowed attempts; try again later or change --max-retries
find-reading-071	thinkthen: the backend answered with status 429: the backend's rate limit was reached after the allowed attempts; try again later or change --max-retries
find-reading-070	thinkthen: the backend answered with status 429: the backend's rate limit was reached after the allowed attempts; try again later or change --max-retries
find-reading-072	thinkthen: the backend answered with status 429: the backend's rate limit was reached after the allowed attempts; try again later or change --max-retries
find-reading-073	thinkthen: the backend answered with status 429: the backend's rate limit was reached after the allowed attempts; try again later or change --max-retries
find-reading-074	thinkthen: the backend answered with status 429: the backend's rate limit was reached after the allowed attempts; try again later or change --max-retries
find-reading-075	thinkthen: the backend answered with status 429: the backend's rate limit was reached after the allowed attempts; try again later or change --max-retries
find-reading-076	thinkthen: the backend answered with status 429: the backend's rate limit was reached after the allowed attempts; try again later or change --max-retries
find-reading-077	thinkthen: the backend answered with status 429: the backend's rate limit was reached after the allowed attempts; try again later or change --max-retries
find-reading-078	thinkthen: the backend answered with status 429: the backend's rate limit was reached after the allowed attempts; try again later or change --max-retries
find-reading-079	thinkthen: the backend answered with status 429: the backend's rate limit was reached after the allowed attempts; try again later or change --max-retries
find-reading-080	thinkthen: the backend answered with status 429: the backend's rate limit was reached after the allowed attempts; try again later or change --max-retries
find-reading-081	thinkthen: the backend answered with status 429: the backend's rate limit was reached after the allowed attempts; try again later or change --max-retries
find-reading-082	thinkthen: the backend answered with status 429: the backend's rate limit was reached after the allowed attempts; try again later or change --max-retries
find-reading-083	thinkthen: the backend answered with status 429: the backend's rate limit was reached after the allowed attempts; try again later or change --max-retries
find-reading-084	thinkthen: the backend answered with status 429: the backend's rate limit was reached after the allowed attempts; try again later or change --max-retries
find-reading-085	thinkthen: the backend answered with status 429: the backend's rate limit was reached after the allowed attempts; try again later or change --max-retries
find-reading-086	thinkthen: the backend answered with status 429: the backend's rate limit was reached after the allowed attempts; try again later or change --max-retries
find-reading-087	thinkthen: the backend answered with status 429: the backend's rate limit was reached after the allowed attempts; try again later or change --max-retries
find-reading-088	thinkthen: the backend answered with status 429: the backend's rate limit was reached after the allowed attempts; try again later or change --max-retries
find-reading-089	thinkthen: the backend answered with status 429: the backend's rate limit was reached after the allowed attempts; try again later or change --max-retries
find-reading-090	thinkthen: the backend answered with status 429: the backend's rate limit was reached after the allowed attempts; try again later or change --max-retries
find-reading-091	thinkthen: the backend answered with status 429: the backend's rate limit was reached after the allowed attempts; try again later or change --max-retries
find-reading-093	thinkthen: the backend answered with status 429: the backend's rate limit was reached after the allowed attempts; try again later or change --max-retries
find-reading-092	thinkthen: the backend answered with status 429: the backend's rate limit was reached after the allowed attempts; try again later or change --max-retries
find-reading-095	thinkthen: the backend answered with status 429: the backend's rate limit was reached after the allowed attempts; try again later or change --max-retries
find-reading-094	thinkthen: the backend answered with status 429: the backend's rate limit was reached after the allowed attempts; try again later or change --max-retries
find-reading-096	thinkthen: the backend answered with status 429: the backend's rate limit was reached after the allowed attempts; try again later or change --max-retries
find-reading-097	thinkthen: the backend answered with status 429: the backend's rate limit was reached after the allowed attempts; try again later or change --max-retries
find-reading-098	thinkthen: the backend answered with status 429: the backend's rate limit was reached after the allowed attempts; try again later or change --max-retries
find-reading-099	thinkthen: the backend answered with status 429: the backend's rate limit was reached after the allowed attempts; try again later or change --max-retries
find-reading-100	thinkthen: the backend answered with status 429: the backend's rate limit was reached after the allowed attempts; try again later or change --max-retries
find-singer-john-01	thinkthen: the backend answered with status 429: the backend's rate limit was reached after the allowed attempts; try again later or change --max-retries
find-singer-john-02	thinkthen: the backend answered with status 429: the backend's rate limit was reached after the allowed attempts; try again later or change --max-retries
find-singer-john-03	thinkthen: the backend answered with status 429: the backend's rate limit was reached after the allowed attempts; try again later or change --max-retries
find-singer-john-05	thinkthen: the backend answered with status 429: the backend's rate limit was reached after the allowed attempts; try again later or change --max-retries
find-singer-john-04	thinkthen: the backend answered with status 429: the backend's rate limit was reached after the allowed attempts; try again later or change --max-retries
find-singer-john-06	thinkthen: the backend answered with status 429: the backend's rate limit was reached after the allowed attempts; try again later or change --max-retries
find-singer-john-07	thinkthen: the backend answered with status 429: the backend's rate limit was reached after the allowed attempts; try again later or change --max-retries
find-singer-john-08	thinkthen: the backend answered with status 429: the backend's rate limit was reached after the allowed attempts; try again later or change --max-retries
find-singer-john-09	thinkthen: the backend answered with status 429: the backend's rate limit was reached after the allowed attempts; try again later or change --max-retries
find-singer-john-10	thinkthen: the backend answered with status 429: the backend's rate limit was reached after the allowed attempts; try again later or change --max-retries
find-singer-john-11	thinkthen: the backend answered with status 429: the backend's rate limit was reached after the allowed attempts; try again later or change --max-retries
find-singer-john-12	thinkthen: the backend answered with status 429: the backend's rate limit was reached after the allowed attempts; try again later or change --max-retries
find-singer-john-13	thinkthen: the backend answered with status 429: the backend's rate limit was reached after the allowed attempts; try again later or change --max-retries
find-singer-john-14	thinkthen: the backend answered with status 429: the backend's rate limit was reached after the allowed attempts; try again later or change --max-retries
find-singer-john-15	thinkthen: the backend answered with status 429: the backend's rate limit was reached after the allowed attempts; try again later or change --max-retries
find-singer-john-16	thinkthen: the backend answered with status 429: the backend's rate limit was reached after the allowed attempts; try again later or change --max-retries
find-singer-john-17	thinkthen: the backend answered with status 429: the backend's rate limit was reached after the allowed attempts; try again later or change --max-retries
find-singer-john-18	thinkthen: the backend answered with status 429: the backend's rate limit was reached after the allowed attempts; try again later or change --max-retries
find-singer-john-19	thinkthen: the backend answered with status 429: the backend's rate limit was reached after the allowed attempts; try again later or change --max-retries
find-singer-john-20	thinkthen: the backend answered with status 429: the backend's rate limit was reached after the allowed attempts; try again later or change --max-retries
find-singer-john-21	thinkthen: the backend answered with status 429: the backend's rate limit was reached after the allowed attempts; try again later or change --max-retries
find-singer-john-22	thinkthen: the backend answered with status 429: the backend's rate limit was reached after the allowed attempts; try again later or change --max-retries
find-singer-john-23	thinkthen: the backend answered with status 429: the backend's rate limit was reached after the allowed attempts; try again later or change --max-retries
find-singer-john-24	thinkthen: the backend answered with status 429: the backend's rate limit was reached after the allowed attempts; try again later or change --max-retries
find-singer-john-25	thinkthen: the backend answered with status 429: the backend's rate limit was reached after the allowed attempts; try again later or change --max-retries
find-singer-john-26	thinkthen: the backend answered with status 429: the backend's rate limit was reached after the allowed attempts; try again later or change --max-retries
find-singer-john-27	thinkthen: the backend answered with status 429: the backend's rate limit was reached after the allowed attempts; try again later or change --max-retries
find-singer-john-28	thinkthen: the backend answered with status 429: the backend's rate limit was reached after the allowed attempts; try again later or change --max-retries
find-singer-john-29	thinkthen: the backend answered with status 429: the backend's rate limit was reached after the allowed attempts; try again later or change --max-retries
find-singer-john-30	thinkthen: the backend answered with status 429: the backend's rate limit was reached after the allowed attempts; try again later or change --max-retries
find-singer-john-31	thinkthen: the backend answered with status 429: the backend's rate limit was reached after the allowed attempts; try again later or change --max-retries
find-singer-john-32	thinkthen: the backend answered with status 429: the backend's rate limit was reached after the allowed attempts; try again later or change --max-retries
find-singer-john-33	thinkthen: the backend answered with status 429: the backend's rate limit was reached after the allowed attempts; try again later or change --max-retries
find-singer-john-34	thinkthen: the backend answered with status 429: the backend's rate limit was reached after the allowed attempts; try again later or change --max-retries
find-singer-john-35	thinkthen: the backend answered with status 429: the backend's rate limit was reached after the allowed attempts; try again later or change --max-retries
find-singer-john-36	thinkthen: the backend answered with status 429: the backend's rate limit was reached after the allowed attempts; try again later or change --max-retries
find-singer-john-37	thinkthen: the backend answered with status 429: the backend's rate limit was reached after the allowed attempts; try again later or change --max-retries
find-singer-john-38	thinkthen: the backend answered with status 429: the backend's rate limit was reached after the allowed attempts; try again later or change --max-retries
find-singer-john-39	thinkthen: the backend answered with status 429: the backend's rate limit was reached after the allowed attempts; try again later or change --max-retries
find-singer-john-40	thinkthen: the backend answered with status 429: the backend's rate limit was reached after the allowed attempts; try again later or change --max-retries
find-singer-john-41	thinkthen: the backend answered with status 429: the backend's rate limit was reached after the allowed attempts; try again later or change --max-retries
find-singer-john-42	thinkthen: the backend answered with status 429: the backend's rate limit was reached after the allowed attempts; try again later or change --max-retries
find-singer-john-43	thinkthen: the backend answered with status 429: the backend's rate limit was reached after the allowed attempts; try again later or change --max-retries
find-singer-john-44	thinkthen: the backend answered with status 429: the backend's rate limit was reached after the allowed attempts; try again later or change --max-retries
find-singer-john-45	thinkthen: the backend answered with status 429: the backend's rate limit was reached after the allowed attempts; try again later or change --max-retries
find-singer-john-46	thinkthen: the backend answered with status 429: the backend's rate limit was reached after the allowed attempts; try again later or change --max-retries
find-singer-john-47	thinkthen: the backend answered with status 429: the backend's rate limit was reached after the allowed attempts; try again later or change --max-retries
find-singer-john-48	thinkthen: the backend answered with status 429: the backend's rate limit was reached after the allowed attempts; try again later or change --max-retries
find-singer-john-49	thinkthen: the backend answered with status 429: the backend's rate limit was reached after the allowed attempts; try again later or change --max-retries
find-singer-john-50	thinkthen: the backend answered with status 429: the backend's rate limit was reached after the allowed attempts; try again later or change --max-retries
find-singer-john-51	thinkthen: the backend answered with status 429: the backend's rate limit was reached after the allowed attempts; try again later or change --max-retries
find-singer-john-52	thinkthen: the backend answered with status 429: the backend's rate limit was reached after the allowed attempts; try again later or change --max-retries
find-singer-john-53	thinkthen: the backend answered with status 429: the backend's rate limit was reached after the allowed attempts; try again later or change --max-retries
find-singer-john-54	thinkthen: the backend answered with status 429: the backend's rate limit was reached after the allowed attempts; try again later or change --max-retries
find-singer-john-55	thinkthen: the backend answered with status 429: the backend's rate limit was reached after the allowed attempts; try again later or change --max-retries
find-singer-paul-01	thinkthen: the backend answered with status 429: the backend's rate limit was reached after the allowed attempts; try again later or change --max-retries
find-singer-paul-02	thinkthen: the backend answered with status 429: the backend's rate limit was reached after the allowed attempts; try again later or change --max-retries
find-singer-paul-03	thinkthen: the backend answered with status 429: the backend's rate limit was reached after the allowed attempts; try again later or change --max-retries
find-singer-paul-04	thinkthen: the backend answered with status 429: the backend's rate limit was reached after the allowed attempts; try again later or change --max-retries
find-singer-paul-05	thinkthen: the backend answered with status 429: the backend's rate limit was reached after the allowed attempts; try again later or change --max-retries
find-singer-paul-06	thinkthen: the backend answered with status 429: the backend's rate limit was reached after the allowed attempts; try again later or change --max-retries
find-singer-paul-07	thinkthen: the backend answered with status 429: the backend's rate limit was reached after the allowed attempts; try again later or change --max-retries
find-singer-paul-08	thinkthen: the backend answered with status 429: the backend's rate limit was reached after the allowed attempts; try again later or change --max-retries
find-singer-paul-10	thinkthen: the backend answered with status 429: the backend's rate limit was reached after the allowed attempts; try again later or change --max-retries
find-singer-paul-09	thinkthen: the backend answered with status 429: the backend's rate limit was reached after the allowed attempts; try again later or change --max-retries
find-singer-paul-11	thinkthen: the backend answered with status 429: the backend's rate limit was reached after the allowed attempts; try again later or change --max-retries
find-singer-paul-12	thinkthen: the backend answered with status 429: the backend's rate limit was reached after the allowed attempts; try again later or change --max-retries
find-singer-paul-14	thinkthen: the backend answered with status 429: the backend's rate limit was reached after the allowed attempts; try again later or change --max-retries
find-singer-paul-13	thinkthen: the backend answered with status 429: the backend's rate limit was reached after the allowed attempts; try again later or change --max-retries
find-singer-paul-16	thinkthen: the backend answered with status 429: the backend's rate limit was reached after the allowed attempts; try again later or change --max-retries
find-singer-paul-15	thinkthen: the backend answered with status 429: the backend's rate limit was reached after the allowed attempts; try again later or change --max-retries
find-singer-paul-18	thinkthen: the backend answered with status 429: the backend's rate limit was reached after the allowed attempts; try again later or change --max-retries
find-singer-paul-17	thinkthen: the backend answered with status 429: the backend's rate limit was reached after the allowed attempts; try again later or change --max-retries
find-singer-paul-20	thinkthen: the backend answered with status 429: the backend's rate limit was reached after the allowed attempts; try again later or change --max-retries
find-singer-paul-19	thinkthen: the backend answered with status 429: the backend's rate limit was reached after the allowed attempts; try again later or change --max-retries
find-singer-paul-21	thinkthen: the backend answered with status 429: the backend's rate limit was reached after the allowed attempts; try again later or change --max-retries
find-singer-paul-22	thinkthen: the backend answered with status 429: the backend's rate limit was reached after the allowed attempts; try again later or change --max-retries
find-singer-paul-24	thinkthen: the backend answered with status 429: the backend's rate limit was reached after the allowed attempts; try again later or change --max-retries
find-singer-paul-23	thinkthen: the backend answered with status 429: the backend's rate limit was reached after the allowed attempts; try again later or change --max-retries
find-singer-paul-26	thinkthen: the backend answered with status 429: the backend's rate limit was reached after the allowed attempts; try again later or change --max-retries
find-singer-paul-25	thinkthen: the backend answered with status 429: the backend's rate limit was reached after the allowed attempts; try again later or change --max-retries
find-singer-paul-28	thinkthen: the backend answered with status 429: the backend's rate limit was reached after the allowed attempts; try again later or change --max-retries
find-singer-paul-27	thinkthen: the backend answered with status 429: the backend's rate limit was reached after the allowed attempts; try again later or change --max-retries
find-singer-paul-29	thinkthen: the backend answered with status 429: the backend's rate limit was reached after the allowed attempts; try again later or change --max-retries
find-singer-paul-30	thinkthen: the backend answered with status 429: the backend's rate limit was reached after the allowed attempts; try again later or change --max-retries
find-singer-paul-31	thinkthen: the backend answered with status 429: the backend's rate limit was reached after the allowed attempts; try again later or change --max-retries
find-singer-paul-32	thinkthen: the backend answered with status 429: the backend's rate limit was reached after the allowed attempts; try again later or change --max-retries
find-singer-paul-33	thinkthen: the backend answered with status 429: the backend's rate limit was reached after the allowed attempts; try again later or change --max-retries
find-singer-paul-34	thinkthen: the backend answered with status 429: the backend's rate limit was reached after the allowed attempts; try again later or change --max-retries
find-singer-paul-35	thinkthen: the backend answered with status 429: the backend's rate limit was reached after the allowed attempts; try again later or change --max-retries
find-singer-paul-36	thinkthen: the backend answered with status 429: the backend's rate limit was reached after the allowed attempts; try again later or change --max-retries
find-singer-paul-37	thinkthen: the backend answered with status 429: the backend's rate limit was reached after the allowed attempts; try again later or change --max-retries
find-singer-paul-38	thinkthen: the backend answered with status 429: the backend's rate limit was reached after the allowed attempts; try again later or change --max-retries
find-singer-paul-39	thinkthen: the backend answered with status 429: the backend's rate limit was reached after the allowed attempts; try again later or change --max-retries
find-singer-paul-41	thinkthen: the backend answered with status 429: the backend's rate limit was reached after the allowed attempts; try again later or change --max-retries
find-singer-paul-40	thinkthen: the backend answered with status 429: the backend's rate limit was reached after the allowed attempts; try again later or change --max-retries
find-singer-paul-42	thinkthen: the backend answered with status 429: the backend's rate limit was reached after the allowed attempts; try again later or change --max-retries
find-singer-paul-43	thinkthen: the backend answered with status 429: the backend's rate limit was reached after the allowed attempts; try again later or change --max-retries
find-singer-paul-44	thinkthen: the backend answered with status 429: the backend's rate limit was reached after the allowed attempts; try again later or change --max-retries
find-singer-paul-45	thinkthen: the backend answered with status 429: the backend's rate limit was reached after the allowed attempts; try again later or change --max-retries
find-singer-paul-46	thinkthen: the backend answered with status 429: the backend's rate limit was reached after the allowed attempts; try again later or change --max-retries
find-singer-paul-47	thinkthen: the backend answered with status 429: the backend's rate limit was reached after the allowed attempts; try again later or change --max-retries
find-singer-paul-48	thinkthen: the backend answered with status 429: the backend's rate limit was reached after the allowed attempts; try again later or change --max-retries
find-singer-paul-49	thinkthen: the backend answered with status 429: the backend's rate limit was reached after the allowed attempts; try again later or change --max-retries
find-singer-paul-51	thinkthen: the backend answered with status 429: the backend's rate limit was reached after the allowed attempts; try again later or change --max-retries
find-singer-paul-50	thinkthen: the backend answered with status 429: the backend's rate limit was reached after the allowed attempts; try again later or change --max-retries
find-singer-paul-52	thinkthen: the backend answered with status 429: the backend's rate limit was reached after the allowed attempts; try again later or change --max-retries
find-singer-paul-53	thinkthen: the backend answered with status 429: the backend's rate limit was reached after the allowed attempts; try again later or change --max-retries
find-singer-paul-54	thinkthen: the backend answered with status 429: the backend's rate limit was reached after the allowed attempts; try again later or change --max-retries
find-singer-george-01	thinkthen: the backend answered with status 429: the backend's rate limit was reached after the allowed attempts; try again later or change --max-retries
find-singer-george-02	thinkthen: the backend answered with status 429: the backend's rate limit was reached after the allowed attempts; try again later or change --max-retries
find-singer-george-03	thinkthen: the backend answered with status 429: the backend's rate limit was reached after the allowed attempts; try again later or change --max-retries
find-singer-george-04	thinkthen: the backend answered with status 429: the backend's rate limit was reached after the allowed attempts; try again later or change --max-retries
find-singer-george-05	thinkthen: the backend answered with status 429: the backend's rate limit was reached after the allowed attempts; try again later or change --max-retries
find-singer-george-06	thinkthen: the backend answered with status 429: the backend's rate limit was reached after the allowed attempts; try again later or change --max-retries
find-singer-george-07	thinkthen: the backend answered with status 429: the backend's rate limit was reached after the allowed attempts; try again later or change --max-retries
find-singer-george-08	thinkthen: the backend answered with status 429: the backend's rate limit was reached after the allowed attempts; try again later or change --max-retries
find-singer-george-09	thinkthen: the backend answered with status 429: the backend's rate limit was reached after the allowed attempts; try again later or change --max-retries
find-singer-george-10	thinkthen: the backend answered with status 429: the backend's rate limit was reached after the allowed attempts; try again later or change --max-retries
find-singer-george-11	thinkthen: the backend answered with status 429: the backend's rate limit was reached after the allowed attempts; try again later or change --max-retries
find-singer-george-12	thinkthen: the backend answered with status 429: the backend's rate limit was reached after the allowed attempts; try again later or change --max-retries
find-singer-george-13	thinkthen: the backend answered with status 429: the backend's rate limit was reached after the allowed attempts; try again later or change --max-retries
annotate-card-025	thinkthen: stopped at record 1; the request for records 1 to 1 failed: the backend answered with status 429: the backend's rate limit was reached after the allowed attempts; try again later or change --max-retries; 0 records finished, 0 records from a recording
annotate-card-078	thinkthen: stopped at record 1; the request for records 1 to 1 failed: the backend answered with status 429: the backend's rate limit was reached after the allowed attempts; try again later or change --max-retries; 0 records finished, 0 records from a recording
annotate-card-079	thinkthen: stopped at record 1; the request for records 1 to 1 failed: the backend answered with status 429: the backend's rate limit was reached after the allowed attempts; try again later or change --max-retries; 0 records finished, 0 records from a recording
annotate-card-080	thinkthen: stopped at record 1; the request for records 1 to 1 failed: the backend answered with status 429: the backend's rate limit was reached after the allowed attempts; try again later or change --max-retries; 0 records finished, 0 records from a recording
annotate-card-082	thinkthen: stopped at record 1; the request for records 1 to 1 failed: the backend answered with status 429: the backend's rate limit was reached after the allowed attempts; try again later or change --max-retries; 0 records finished, 0 records from a recording
annotate-card-081	thinkthen: stopped at record 1; the request for records 1 to 1 failed: the backend answered with status 429: the backend's rate limit was reached after the allowed attempts; try again later or change --max-retries; 0 records finished, 0 records from a recording
annotate-card-083	thinkthen: stopped at record 1; the request for records 1 to 1 failed: the backend answered with status 429: the backend's rate limit was reached after the allowed attempts; try again later or change --max-retries; 0 records finished, 0 records from a recording
annotate-card-084	thinkthen: stopped at record 1; the request for records 1 to 1 failed: the backend answered with status 429: the backend's rate limit was reached after the allowed attempts; try again later or change --max-retries; 0 records finished, 0 records from a recording
annotate-card-086	thinkthen: stopped at record 1; the request for records 1 to 1 failed: the backend answered with status 429: the backend's rate limit was reached after the allowed attempts; try again later or change --max-retries; 0 records finished, 0 records from a recording
annotate-card-085	thinkthen: stopped at record 1; the request for records 1 to 1 failed: the backend answered with status 429: the backend's rate limit was reached after the allowed attempts; try again later or change --max-retries; 0 records finished, 0 records from a recording
annotate-card-087	thinkthen: stopped at record 1; the request for records 1 to 1 failed: the backend answered with status 429: the backend's rate limit was reached after the allowed attempts; try again later or change --max-retries; 0 records finished, 0 records from a recording
annotate-card-088	thinkthen: stopped at record 1; the request for records 1 to 1 failed: the backend answered with status 429: the backend's rate limit was reached after the allowed attempts; try again later or change --max-retries; 0 records finished, 0 records from a recording
annotate-card-090	thinkthen: stopped at record 1; the request for records 1 to 1 failed: the backend answered with status 429: the backend's rate limit was reached after the allowed attempts; try again later or change --max-retries; 0 records finished, 0 records from a recording
annotate-card-089	thinkthen: stopped at record 1; the request for records 1 to 1 failed: the backend answered with status 429: the backend's rate limit was reached after the allowed attempts; try again later or change --max-retries; 0 records finished, 0 records from a recording
annotate-card-091	thinkthen: stopped at record 1; the request for records 1 to 1 failed: the backend answered with status 429: the backend's rate limit was reached after the allowed attempts; try again later or change --max-retries; 0 records finished, 0 records from a recording
annotate-card-092	thinkthen: stopped at record 1; the request for records 1 to 1 failed: the backend answered with status 429: the backend's rate limit was reached after the allowed attempts; try again later or change --max-retries; 0 records finished, 0 records from a recording
annotate-card-093	thinkthen: stopped at record 1; the request for records 1 to 1 failed: the backend answered with status 429: the backend's rate limit was reached after the allowed attempts; try again later or change --max-retries; 0 records finished, 0 records from a recording
annotate-card-094	thinkthen: stopped at record 1; the request for records 1 to 1 failed: the backend answered with status 429: the backend's rate limit was reached after the allowed attempts; try again later or change --max-retries; 0 records finished, 0 records from a recording
annotate-card-095	thinkthen: stopped at record 1; the request for records 1 to 1 failed: the backend answered with status 429: the backend's rate limit was reached after the allowed attempts; try again later or change --max-retries; 0 records finished, 0 records from a recording
annotate-card-096	thinkthen: stopped at record 1; the request for records 1 to 1 failed: the backend answered with status 429: the backend's rate limit was reached after the allowed attempts; try again later or change --max-retries; 0 records finished, 0 records from a recording
annotate-card-097	thinkthen: stopped at record 1; the request for records 1 to 1 failed: the backend answered with status 429: the backend's rate limit was reached after the allowed attempts; try again later or change --max-retries; 0 records finished, 0 records from a recording
annotate-card-098	thinkthen: stopped at record 1; the request for records 1 to 1 failed: the backend answered with status 429: the backend's rate limit was reached after the allowed attempts; try again later or change --max-retries; 0 records finished, 0 records from a recording
annotate-card-099	thinkthen: stopped at record 1; the request for records 1 to 1 failed: the backend answered with status 429: the backend's rate limit was reached after the allowed attempts; try again later or change --max-retries; 0 records finished, 0 records from a recording
annotate-card-100	thinkthen: stopped at record 1; the request for records 1 to 1 failed: the backend answered with status 429: the backend's rate limit was reached after the allowed attempts; try again later or change --max-retries; 0 records finished, 0 records from a recording
annotate-card-101	thinkthen: stopped at record 1; the request for records 1 to 1 failed: the backend answered with status 429: the backend's rate limit was reached after the allowed attempts; try again later or change --max-retries; 0 records finished, 0 records from a recording
annotate-card-102	thinkthen: stopped at record 1; the request for records 1 to 1 failed: the backend answered with status 429: the backend's rate limit was reached after the allowed attempts; try again later or change --max-retries; 0 records finished, 0 records from a recording
annotate-card-104	thinkthen: stopped at record 1; the request for records 1 to 1 failed: the backend answered with status 429: the backend's rate limit was reached after the allowed attempts; try again later or change --max-retries; 0 records finished, 0 records from a recording
annotate-card-103	thinkthen: stopped at record 1; the request for records 1 to 1 failed: the backend answered with status 429: the backend's rate limit was reached after the allowed attempts; try again later or change --max-retries; 0 records finished, 0 records from a recording
annotate-card-105	thinkthen: stopped at record 1; the request for records 1 to 1 failed: the backend answered with status 429: the backend's rate limit was reached after the allowed attempts; try again later or change --max-retries; 0 records finished, 0 records from a recording
annotate-card-106	thinkthen: stopped at record 1; the request for records 1 to 1 failed: the backend answered with status 429: the backend's rate limit was reached after the allowed attempts; try again later or change --max-retries; 0 records finished, 0 records from a recording
annotate-card-107	thinkthen: stopped at record 1; the request for records 1 to 1 failed: the backend answered with status 429: the backend's rate limit was reached after the allowed attempts; try again later or change --max-retries; 0 records finished, 0 records from a recording
annotate-card-108	thinkthen: stopped at record 1; the request for records 1 to 1 failed: the backend answered with status 429: the backend's rate limit was reached after the allowed attempts; try again later or change --max-retries; 0 records finished, 0 records from a recording
annotate-card-109	thinkthen: stopped at record 1; the request for records 1 to 1 failed: the backend answered with status 429: the backend's rate limit was reached after the allowed attempts; try again later or change --max-retries; 0 records finished, 0 records from a recording
annotate-card-110	thinkthen: stopped at record 1; the request for records 1 to 1 failed: the backend answered with status 429: the backend's rate limit was reached after the allowed attempts; try again later or change --max-retries; 0 records finished, 0 records from a recording
annotate-card-111	thinkthen: stopped at record 1; the request for records 1 to 1 failed: the backend answered with status 429: the backend's rate limit was reached after the allowed attempts; try again later or change --max-retries; 0 records finished, 0 records from a recording
annotate-card-112	thinkthen: stopped at record 1; the request for records 1 to 1 failed: the backend answered with status 429: the backend's rate limit was reached after the allowed attempts; try again later or change --max-retries; 0 records finished, 0 records from a recording
annotate-card-113	thinkthen: stopped at record 1; the request for records 1 to 1 failed: the backend answered with status 429: the backend's rate limit was reached after the allowed attempts; try again later or change --max-retries; 0 records finished, 0 records from a recording
annotate-card-114	thinkthen: stopped at record 1; the request for records 1 to 1 failed: the backend answered with status 429: the backend's rate limit was reached after the allowed attempts; try again later or change --max-retries; 0 records finished, 0 records from a recording
annotate-card-115	thinkthen: stopped at record 1; the request for records 1 to 1 failed: the backend answered with status 429: the backend's rate limit was reached after the allowed attempts; try again later or change --max-retries; 0 records finished, 0 records from a recording
annotate-card-116	thinkthen: stopped at record 1; the request for records 1 to 1 failed: the backend answered with status 429: the backend's rate limit was reached after the allowed attempts; try again later or change --max-retries; 0 records finished, 0 records from a recording
annotate-card-117	thinkthen: stopped at record 1; the request for records 1 to 1 failed: the backend answered with status 429: the backend's rate limit was reached after the allowed attempts; try again later or change --max-retries; 0 records finished, 0 records from a recording
annotate-card-119	thinkthen: stopped at record 1; the request for records 1 to 1 failed: the backend answered with status 429: the backend's rate limit was reached after the allowed attempts; try again later or change --max-retries; 0 records finished, 0 records from a recording
annotate-card-118	thinkthen: stopped at record 1; the request for records 1 to 1 failed: the backend answered with status 429: the backend's rate limit was reached after the allowed attempts; try again later or change --max-retries; 0 records finished, 0 records from a recording
annotate-card-121	thinkthen: stopped at record 1; the request for records 1 to 1 failed: the backend answered with status 429: the backend's rate limit was reached after the allowed attempts; try again later or change --max-retries; 0 records finished, 0 records from a recording
annotate-card-120	thinkthen: stopped at record 1; the request for records 1 to 1 failed: the backend answered with status 429: the backend's rate limit was reached after the allowed attempts; try again later or change --max-retries; 0 records finished, 0 records from a recording
annotate-card-122	thinkthen: stopped at record 1; the request for records 1 to 1 failed: the backend answered with status 429: the backend's rate limit was reached after the allowed attempts; try again later or change --max-retries; 0 records finished, 0 records from a recording
annotate-card-123	thinkthen: stopped at record 1; the request for records 1 to 1 failed: the backend answered with status 429: the backend's rate limit was reached after the allowed attempts; try again later or change --max-retries; 0 records finished, 0 records from a recording
annotate-card-124	thinkthen: stopped at record 1; the request for records 1 to 1 failed: the backend answered with status 429: the backend's rate limit was reached after the allowed attempts; try again later or change --max-retries; 0 records finished, 0 records from a recording
annotate-card-125	thinkthen: stopped at record 1; the request for records 1 to 1 failed: the backend answered with status 429: the backend's rate limit was reached after the allowed attempts; try again later or change --max-retries; 0 records finished, 0 records from a recording
annotate-card-126	thinkthen: stopped at record 1; the request for records 1 to 1 failed: the backend answered with status 429: the backend's rate limit was reached after the allowed attempts; try again later or change --max-retries; 0 records finished, 0 records from a recording
annotate-card-127	thinkthen: stopped at record 1; the request for records 1 to 1 failed: the backend answered with status 429: the backend's rate limit was reached after the allowed attempts; try again later or change --max-retries; 0 records finished, 0 records from a recording
annotate-card-129	thinkthen: stopped at record 1; the request for records 1 to 1 failed: the backend answered with status 429: the backend's rate limit was reached after the allowed attempts; try again later or change --max-retries; 0 records finished, 0 records from a recording
annotate-card-128	thinkthen: stopped at record 1; the request for records 1 to 1 failed: the backend answered with status 429: the backend's rate limit was reached after the allowed attempts; try again later or change --max-retries; 0 records finished, 0 records from a recording
annotate-card-130	thinkthen: stopped at record 1; the request for records 1 to 1 failed: the backend answered with status 429: the backend's rate limit was reached after the allowed attempts; try again later or change --max-retries; 0 records finished, 0 records from a recording
annotate-card-131	thinkthen: stopped at record 1; the request for records 1 to 1 failed: the backend answered with status 429: the backend's rate limit was reached after the allowed attempts; try again later or change --max-retries; 0 records finished, 0 records from a recording
annotate-card-132	thinkthen: stopped at record 1; the request for records 1 to 1 failed: the backend answered with status 429: the backend's rate limit was reached after the allowed attempts; try again later or change --max-retries; 0 records finished, 0 records from a recording
annotate-card-133	thinkthen: stopped at record 1; the request for records 1 to 1 failed: the backend answered with status 429: the backend's rate limit was reached after the allowed attempts; try again later or change --max-retries; 0 records finished, 0 records from a recording
annotate-card-134	thinkthen: stopped at record 1; the request for records 1 to 1 failed: the backend answered with status 429: the backend's rate limit was reached after the allowed attempts; try again later or change --max-retries; 0 records finished, 0 records from a recording
annotate-card-135	thinkthen: stopped at record 1; the request for records 1 to 1 failed: the backend answered with status 429: the backend's rate limit was reached after the allowed attempts; try again later or change --max-retries; 0 records finished, 0 records from a recording
annotate-card-136	thinkthen: stopped at record 1; the request for records 1 to 1 failed: the backend answered with status 429: the backend's rate limit was reached after the allowed attempts; try again later or change --max-retries; 0 records finished, 0 records from a recording
annotate-card-137	thinkthen: stopped at record 1; the request for records 1 to 1 failed: the backend answered with status 429: the backend's rate limit was reached after the allowed attempts; try again later or change --max-retries; 0 records finished, 0 records from a recording
annotate-card-138	thinkthen: stopped at record 1; the request for records 1 to 1 failed: the backend answered with status 429: the backend's rate limit was reached after the allowed attempts; try again later or change --max-retries; 0 records finished, 0 records from a recording
annotate-card-139	thinkthen: stopped at record 1; the request for records 1 to 1 failed: the backend answered with status 429: the backend's rate limit was reached after the allowed attempts; try again later or change --max-retries; 0 records finished, 0 records from a recording
annotate-card-140	thinkthen: stopped at record 1; the request for records 1 to 1 failed: the backend answered with status 429: the backend's rate limit was reached after the allowed attempts; try again later or change --max-retries; 0 records finished, 0 records from a recording
annotate-card-141	thinkthen: stopped at record 1; the request for records 1 to 1 failed: the backend answered with status 429: the backend's rate limit was reached after the allowed attempts; try again later or change --max-retries; 0 records finished, 0 records from a recording
annotate-card-142	thinkthen: stopped at record 1; the request for records 1 to 1 failed: the backend answered with status 429: the backend's rate limit was reached after the allowed attempts; try again later or change --max-retries; 0 records finished, 0 records from a recording
annotate-card-143	thinkthen: stopped at record 1; the request for records 1 to 1 failed: the backend answered with status 429: the backend's rate limit was reached after the allowed attempts; try again later or change --max-retries; 0 records finished, 0 records from a recording
annotate-card-144	thinkthen: stopped at record 1; the request for records 1 to 1 failed: the backend answered with status 429: the backend's rate limit was reached after the allowed attempts; try again later or change --max-retries; 0 records finished, 0 records from a recording
annotate-card-145	thinkthen: stopped at record 1; the request for records 1 to 1 failed: the backend answered with status 429: the backend's rate limit was reached after the allowed attempts; try again later or change --max-retries; 0 records finished, 0 records from a recording
annotate-card-146	thinkthen: stopped at record 1; the request for records 1 to 1 failed: the backend answered with status 429: the backend's rate limit was reached after the allowed attempts; try again later or change --max-retries; 0 records finished, 0 records from a recording
annotate-card-147	thinkthen: stopped at record 1; the request for records 1 to 1 failed: the backend answered with status 429: the backend's rate limit was reached after the allowed attempts; try again later or change --max-retries; 0 records finished, 0 records from a recording
annotate-card-148	thinkthen: stopped at record 1; the request for records 1 to 1 failed: the backend answered with status 429: the backend's rate limit was reached after the allowed attempts; try again later or change --max-retries; 0 records finished, 0 records from a recording
annotate-card-149	thinkthen: stopped at record 1; the request for records 1 to 1 failed: the backend answered with status 429: the backend's rate limit was reached after the allowed attempts; try again later or change --max-retries; 0 records finished, 0 records from a recording
annotate-card-150	thinkthen: stopped at record 1; the request for records 1 to 1 failed: the backend answered with status 429: the backend's rate limit was reached after the allowed attempts; try again later or change --max-retries; 0 records finished, 0 records from a recording
annotate-card-151	thinkthen: stopped at record 1; the request for records 1 to 1 failed: the backend answered with status 429: the backend's rate limit was reached after the allowed attempts; try again later or change --max-retries; 0 records finished, 0 records from a recording
annotate-card-153	thinkthen: stopped at record 1; the request for records 1 to 1 failed: the backend answered with status 429: the backend's rate limit was reached after the allowed attempts; try again later or change --max-retries; 0 records finished, 0 records from a recording
annotate-card-152	thinkthen: stopped at record 1; the request for records 1 to 1 failed: the backend answered with status 429: the backend's rate limit was reached after the allowed attempts; try again later or change --max-retries; 0 records finished, 0 records from a recording
annotate-card-155	thinkthen: stopped at record 1; the request for records 1 to 1 failed: the backend answered with status 429: the backend's rate limit was reached after the allowed attempts; try again later or change --max-retries; 0 records finished, 0 records from a recording
annotate-card-154	thinkthen: stopped at record 1; the request for records 1 to 1 failed: the backend answered with status 429: the backend's rate limit was reached after the allowed attempts; try again later or change --max-retries; 0 records finished, 0 records from a recording
annotate-card-156	thinkthen: stopped at record 1; the request for records 1 to 1 failed: the backend answered with status 429: the backend's rate limit was reached after the allowed attempts; try again later or change --max-retries; 0 records finished, 0 records from a recording
annotate-card-157	thinkthen: stopped at record 1; the request for records 1 to 1 failed: the backend answered with status 429: the backend's rate limit was reached after the allowed attempts; try again later or change --max-retries; 0 records finished, 0 records from a recording
annotate-card-158	thinkthen: stopped at record 1; the request for records 1 to 1 failed: the backend answered with status 429: the backend's rate limit was reached after the allowed attempts; try again later or change --max-retries; 0 records finished, 0 records from a recording
annotate-card-159	thinkthen: stopped at record 1; the request for records 1 to 1 failed: the backend answered with status 429: the backend's rate limit was reached after the allowed attempts; try again later or change --max-retries; 0 records finished, 0 records from a recording
annotate-card-160	thinkthen: stopped at record 1; the request for records 1 to 1 failed: the backend answered with status 429: the backend's rate limit was reached after the allowed attempts; try again later or change --max-retries; 0 records finished, 0 records from a recording
annotate-card-161	thinkthen: stopped at record 1; the request for records 1 to 1 failed: the backend answered with status 429: the backend's rate limit was reached after the allowed attempts; try again later or change --max-retries; 0 records finished, 0 records from a recording
annotate-card-177	thinkthen: stopped at record 1; the request for records 1 to 1 failed: the backend answered with status 429: the backend's rate limit was reached after the allowed attempts; try again later or change --max-retries; 0 records finished, 0 records from a recording
annotate-card-176	thinkthen: stopped at record 1; the request for records 1 to 1 failed: the backend answered with status 429: the backend's rate limit was reached after the allowed attempts; try again later or change --max-retries; 0 records finished, 0 records from a recording
annotate-card-178	thinkthen: stopped at record 1; the request for records 1 to 1 failed: the backend answered with status 429: the backend's rate limit was reached after the allowed attempts; try again later or change --max-retries; 0 records finished, 0 records from a recording
annotate-card-179	thinkthen: stopped at record 1; the request for records 1 to 1 failed: the backend answered with status 429: the backend's rate limit was reached after the allowed attempts; try again later or change --max-retries; 0 records finished, 0 records from a recording
annotate-card-180	thinkthen: stopped at record 1; the request for records 1 to 1 failed: the backend answered with status 429: the backend's rate limit was reached after the allowed attempts; try again later or change --max-retries; 0 records finished, 0 records from a recording
annotate-card-181	thinkthen: stopped at record 1; the request for records 1 to 1 failed: the backend answered with status 429: the backend's rate limit was reached after the allowed attempts; try again later or change --max-retries; 0 records finished, 0 records from a recording
annotate-card-182	thinkthen: stopped at record 1; the request for records 1 to 1 failed: the backend answered with status 429: the backend's rate limit was reached after the allowed attempts; try again later or change --max-retries; 0 records finished, 0 records from a recording
annotate-reading-001	thinkthen: stopped at record 1; the request for records 1 to 1 failed: the backend answered with status 429: the backend's rate limit was reached after the allowed attempts; try again later or change --max-retries; 0 records finished, 0 records from a recording
annotate-reading-002	thinkthen: stopped at record 1; the request for records 1 to 1 failed: the backend answered with status 429: the backend's rate limit was reached after the allowed attempts; try again later or change --max-retries; 0 records finished, 0 records from a recording
annotate-reading-003	thinkthen: stopped at record 1; the request for records 1 to 1 failed: the backend answered with status 429: the backend's rate limit was reached after the allowed attempts; try again later or change --max-retries; 0 records finished, 0 records from a recording
annotate-reading-004	thinkthen: stopped at record 1; the request for records 1 to 1 failed: the backend answered with status 429: the backend's rate limit was reached after the allowed attempts; try again later or change --max-retries; 0 records finished, 0 records from a recording
annotate-reading-005	thinkthen: stopped at record 1; the request for records 1 to 1 failed: the backend answered with status 429: the backend's rate limit was reached after the allowed attempts; try again later or change --max-retries; 0 records finished, 0 records from a recording
annotate-reading-006	thinkthen: stopped at record 1; the request for records 1 to 1 failed: the backend answered with status 429: the backend's rate limit was reached after the allowed attempts; try again later or change --max-retries; 0 records finished, 0 records from a recording
annotate-reading-008	thinkthen: stopped at record 1; the request for records 1 to 1 failed: the backend answered with status 429: the backend's rate limit was reached after the allowed attempts; try again later or change --max-retries; 0 records finished, 0 records from a recording
annotate-reading-007	thinkthen: stopped at record 1; the request for records 1 to 1 failed: the backend answered with status 429: the backend's rate limit was reached after the allowed attempts; try again later or change --max-retries; 0 records finished, 0 records from a recording
annotate-reading-009	thinkthen: stopped at record 1; the request for records 1 to 1 failed: the backend answered with status 429: the backend's rate limit was reached after the allowed attempts; try again later or change --max-retries; 0 records finished, 0 records from a recording
annotate-reading-010	thinkthen: stopped at record 1; the request for records 1 to 1 failed: the backend answered with status 429: the backend's rate limit was reached after the allowed attempts; try again later or change --max-retries; 0 records finished, 0 records from a recording
annotate-reading-011	thinkthen: stopped at record 1; the request for records 1 to 1 failed: the backend answered with status 429: the backend's rate limit was reached after the allowed attempts; try again later or change --max-retries; 0 records finished, 0 records from a recording
annotate-reading-012	thinkthen: stopped at record 1; the request for records 1 to 1 failed: the backend answered with status 429: the backend's rate limit was reached after the allowed attempts; try again later or change --max-retries; 0 records finished, 0 records from a recording
annotate-reading-013	thinkthen: stopped at record 1; the request for records 1 to 1 failed: the backend answered with status 429: the backend's rate limit was reached after the allowed attempts; try again later or change --max-retries; 0 records finished, 0 records from a recording
annotate-reading-014	thinkthen: stopped at record 1; the request for records 1 to 1 failed: the backend answered with status 429: the backend's rate limit was reached after the allowed attempts; try again later or change --max-retries; 0 records finished, 0 records from a recording
annotate-reading-015	thinkthen: stopped at record 1; the request for records 1 to 1 failed: the backend answered with status 429: the backend's rate limit was reached after the allowed attempts; try again later or change --max-retries; 0 records finished, 0 records from a recording
annotate-reading-016	thinkthen: stopped at record 1; the request for records 1 to 1 failed: the backend answered with status 429: the backend's rate limit was reached after the allowed attempts; try again later or change --max-retries; 0 records finished, 0 records from a recording
annotate-reading-017	thinkthen: stopped at record 1; the request for records 1 to 1 failed: the backend answered with status 429: the backend's rate limit was reached after the allowed attempts; try again later or change --max-retries; 0 records finished, 0 records from a recording
annotate-reading-018	thinkthen: stopped at record 1; the request for records 1 to 1 failed: the backend answered with status 429: the backend's rate limit was reached after the allowed attempts; try again later or change --max-retries; 0 records finished, 0 records from a recording
annotate-reading-019	thinkthen: stopped at record 1; the request for records 1 to 1 failed: the backend answered with status 429: the backend's rate limit was reached after the allowed attempts; try again later or change --max-retries; 0 records finished, 0 records from a recording
annotate-reading-020	thinkthen: stopped at record 1; the request for records 1 to 1 failed: the backend answered with status 429: the backend's rate limit was reached after the allowed attempts; try again later or change --max-retries; 0 records finished, 0 records from a recording
annotate-reading-021	thinkthen: stopped at record 1; the request for records 1 to 1 failed: the backend answered with status 429: the backend's rate limit was reached after the allowed attempts; try again later or change --max-retries; 0 records finished, 0 records from a recording
annotate-reading-022	thinkthen: stopped at record 1; the request for records 1 to 1 failed: the backend answered with status 429: the backend's rate limit was reached after the allowed attempts; try again later or change --max-retries; 0 records finished, 0 records from a recording
annotate-reading-023	thinkthen: stopped at record 1; the request for records 1 to 1 failed: the backend answered with status 429: the backend's rate limit was reached after the allowed attempts; try again later or change --max-retries; 0 records finished, 0 records from a recording
annotate-reading-024	thinkthen: stopped at record 1; the request for records 1 to 1 failed: the backend answered with status 429: the backend's rate limit was reached after the allowed attempts; try again later or change --max-retries; 0 records finished, 0 records from a recording
annotate-reading-025	thinkthen: stopped at record 1; the request for records 1 to 1 failed: the backend answered with status 429: the backend's rate limit was reached after the allowed attempts; try again later or change --max-retries; 0 records finished, 0 records from a recording
annotate-reading-027	thinkthen: stopped at record 1; the request for records 1 to 1 failed: the backend answered with status 429: the backend's rate limit was reached after the allowed attempts; try again later or change --max-retries; 0 records finished, 0 records from a recording
annotate-reading-026	thinkthen: stopped at record 1; the request for records 1 to 1 failed: the backend answered with status 429: the backend's rate limit was reached after the allowed attempts; try again later or change --max-retries; 0 records finished, 0 records from a recording
annotate-reading-028	thinkthen: stopped at record 1; the request for records 1 to 1 failed: the backend answered with status 429: the backend's rate limit was reached after the allowed attempts; try again later or change --max-retries; 0 records finished, 0 records from a recording
annotate-reading-029	thinkthen: stopped at record 1; the request for records 1 to 1 failed: the backend answered with status 429: the backend's rate limit was reached after the allowed attempts; try again later or change --max-retries; 0 records finished, 0 records from a recording
annotate-reading-030	thinkthen: stopped at record 1; the request for records 1 to 1 failed: the backend answered with status 429: the backend's rate limit was reached after the allowed attempts; try again later or change --max-retries; 0 records finished, 0 records from a recording
annotate-reading-031	thinkthen: stopped at record 1; the request for records 1 to 1 failed: the backend answered with status 429: the backend's rate limit was reached after the allowed attempts; try again later or change --max-retries; 0 records finished, 0 records from a recording
annotate-reading-032	thinkthen: stopped at record 1; the request for records 1 to 1 failed: the backend answered with status 429: the backend's rate limit was reached after the allowed attempts; try again later or change --max-retries; 0 records finished, 0 records from a recording
annotate-reading-033	thinkthen: stopped at record 1; the request for records 1 to 1 failed: the backend answered with status 429: the backend's rate limit was reached after the allowed attempts; try again later or change --max-retries; 0 records finished, 0 records from a recording
annotate-reading-034	thinkthen: stopped at record 1; the request for records 1 to 1 failed: the backend answered with status 429: the backend's rate limit was reached after the allowed attempts; try again later or change --max-retries; 0 records finished, 0 records from a recording
annotate-reading-035	thinkthen: stopped at record 1; the request for records 1 to 1 failed: the backend answered with status 429: the backend's rate limit was reached after the allowed attempts; try again later or change --max-retries; 0 records finished, 0 records from a recording
annotate-reading-036	thinkthen: stopped at record 1; the request for records 1 to 1 failed: the backend answered with status 429: the backend's rate limit was reached after the allowed attempts; try again later or change --max-retries; 0 records finished, 0 records from a recording
annotate-reading-037	thinkthen: stopped at record 1; the request for records 1 to 1 failed: the backend answered with status 429: the backend's rate limit was reached after the allowed attempts; try again later or change --max-retries; 0 records finished, 0 records from a recording
annotate-reading-038	thinkthen: stopped at record 1; the request for records 1 to 1 failed: the backend answered with status 429: the backend's rate limit was reached after the allowed attempts; try again later or change --max-retries; 0 records finished, 0 records from a recording
annotate-reading-039	thinkthen: stopped at record 1; the request for records 1 to 1 failed: the backend answered with status 429: the backend's rate limit was reached after the allowed attempts; try again later or change --max-retries; 0 records finished, 0 records from a recording
annotate-reading-040	thinkthen: stopped at record 1; the request for records 1 to 1 failed: the backend answered with status 429: the backend's rate limit was reached after the allowed attempts; try again later or change --max-retries; 0 records finished, 0 records from a recording
annotate-reading-041	thinkthen: stopped at record 1; the request for records 1 to 1 failed: the backend answered with status 429: the backend's rate limit was reached after the allowed attempts; try again later or change --max-retries; 0 records finished, 0 records from a recording
annotate-reading-042	thinkthen: stopped at record 1; the request for records 1 to 1 failed: the backend answered with status 429: the backend's rate limit was reached after the allowed attempts; try again later or change --max-retries; 0 records finished, 0 records from a recording
annotate-reading-043	thinkthen: stopped at record 1; the request for records 1 to 1 failed: the backend answered with status 429: the backend's rate limit was reached after the allowed attempts; try again later or change --max-retries; 0 records finished, 0 records from a recording
annotate-reading-044	thinkthen: stopped at record 1; the request for records 1 to 1 failed: the backend answered with status 429: the backend's rate limit was reached after the allowed attempts; try again later or change --max-retries; 0 records finished, 0 records from a recording
annotate-reading-045	thinkthen: stopped at record 1; the request for records 1 to 1 failed: the backend answered with status 429: the backend's rate limit was reached after the allowed attempts; try again later or change --max-retries; 0 records finished, 0 records from a recording
annotate-reading-046	thinkthen: stopped at record 1; the request for records 1 to 1 failed: the backend answered with status 429: the backend's rate limit was reached after the allowed attempts; try again later or change --max-retries; 0 records finished, 0 records from a recording
annotate-reading-047	thinkthen: stopped at record 1; the request for records 1 to 1 failed: the backend answered with status 429: the backend's rate limit was reached after the allowed attempts; try again later or change --max-retries; 0 records finished, 0 records from a recording
annotate-reading-048	thinkthen: stopped at record 1; the request for records 1 to 1 failed: the backend answered with status 429: the backend's rate limit was reached after the allowed attempts; try again later or change --max-retries; 0 records finished, 0 records from a recording
annotate-reading-049	thinkthen: stopped at record 1; the request for records 1 to 1 failed: the backend answered with status 429: the backend's rate limit was reached after the allowed attempts; try again later or change --max-retries; 0 records finished, 0 records from a recording
annotate-reading-050	thinkthen: stopped at record 1; the request for records 1 to 1 failed: the backend answered with status 429: the backend's rate limit was reached after the allowed attempts; try again later or change --max-retries; 0 records finished, 0 records from a recording
annotate-reading-051	thinkthen: stopped at record 1; the request for records 1 to 1 failed: the backend answered with status 429: the backend's rate limit was reached after the allowed attempts; try again later or change --max-retries; 0 records finished, 0 records from a recording
annotate-reading-052	thinkthen: stopped at record 1; the request for records 1 to 1 failed: the backend answered with status 429: the backend's rate limit was reached after the allowed attempts; try again later or change --max-retries; 0 records finished, 0 records from a recording
annotate-reading-053	thinkthen: stopped at record 1; the request for records 1 to 1 failed: the backend answered with status 429: the backend's rate limit was reached after the allowed attempts; try again later or change --max-retries; 0 records finished, 0 records from a recording
annotate-reading-054	thinkthen: stopped at record 1; the request for records 1 to 1 failed: the backend answered with status 429: the backend's rate limit was reached after the allowed attempts; try again later or change --max-retries; 0 records finished, 0 records from a recording
annotate-reading-055	thinkthen: stopped at record 1; the request for records 1 to 1 failed: the backend answered with status 429: the backend's rate limit was reached after the allowed attempts; try again later or change --max-retries; 0 records finished, 0 records from a recording
annotate-reading-056	thinkthen: stopped at record 1; the request for records 1 to 1 failed: the backend answered with status 429: the backend's rate limit was reached after the allowed attempts; try again later or change --max-retries; 0 records finished, 0 records from a recording
annotate-reading-057	thinkthen: stopped at record 1; the request for records 1 to 1 failed: the backend answered with status 429: the backend's rate limit was reached after the allowed attempts; try again later or change --max-retries; 0 records finished, 0 records from a recording
annotate-reading-058	thinkthen: stopped at record 1; the request for records 1 to 1 failed: the backend answered with status 429: the backend's rate limit was reached after the allowed attempts; try again later or change --max-retries; 0 records finished, 0 records from a recording
annotate-reading-059	thinkthen: stopped at record 1; the request for records 1 to 1 failed: the backend answered with status 429: the backend's rate limit was reached after the allowed attempts; try again later or change --max-retries; 0 records finished, 0 records from a recording
annotate-reading-060	thinkthen: stopped at record 1; the request for records 1 to 1 failed: the backend answered with status 429: the backend's rate limit was reached after the allowed attempts; try again later or change --max-retries; 0 records finished, 0 records from a recording
annotate-reading-061	thinkthen: stopped at record 1; the request for records 1 to 1 failed: the backend answered with status 429: the backend's rate limit was reached after the allowed attempts; try again later or change --max-retries; 0 records finished, 0 records from a recording
annotate-reading-062	thinkthen: stopped at record 1; the request for records 1 to 1 failed: the backend answered with status 429: the backend's rate limit was reached after the allowed attempts; try again later or change --max-retries; 0 records finished, 0 records from a recording
annotate-reading-063	thinkthen: stopped at record 1; the request for records 1 to 1 failed: the backend answered with status 429: the backend's rate limit was reached after the allowed attempts; try again later or change --max-retries; 0 records finished, 0 records from a recording
annotate-reading-064	thinkthen: stopped at record 1; the request for records 1 to 1 failed: the backend answered with status 429: the backend's rate limit was reached after the allowed attempts; try again later or change --max-retries; 0 records finished, 0 records from a recording
annotate-reading-065	thinkthen: stopped at record 1; the request for records 1 to 1 failed: the backend answered with status 429: the backend's rate limit was reached after the allowed attempts; try again later or change --max-retries; 0 records finished, 0 records from a recording
annotate-reading-066	thinkthen: stopped at record 1; the request for records 1 to 1 failed: the backend answered with status 429: the backend's rate limit was reached after the allowed attempts; try again later or change --max-retries; 0 records finished, 0 records from a recording
annotate-reading-067	thinkthen: stopped at record 1; the request for records 1 to 1 failed: the backend answered with status 429: the backend's rate limit was reached after the allowed attempts; try again later or change --max-retries; 0 records finished, 0 records from a recording
annotate-reading-068	thinkthen: stopped at record 1; the request for records 1 to 1 failed: the backend answered with status 429: the backend's rate limit was reached after the allowed attempts; try again later or change --max-retries; 0 records finished, 0 records from a recording
annotate-reading-069	thinkthen: stopped at record 1; the request for records 1 to 1 failed: the backend answered with status 429: the backend's rate limit was reached after the allowed attempts; try again later or change --max-retries; 0 records finished, 0 records from a recording
annotate-reading-070	thinkthen: stopped at record 1; the request for records 1 to 1 failed: the backend answered with status 429: the backend's rate limit was reached after the allowed attempts; try again later or change --max-retries; 0 records finished, 0 records from a recording
annotate-reading-071	thinkthen: stopped at record 1; the request for records 1 to 1 failed: the backend answered with status 429: the backend's rate limit was reached after the allowed attempts; try again later or change --max-retries; 0 records finished, 0 records from a recording
annotate-reading-072	thinkthen: stopped at record 1; the request for records 1 to 1 failed: the backend answered with status 429: the backend's rate limit was reached after the allowed attempts; try again later or change --max-retries; 0 records finished, 0 records from a recording
annotate-reading-074	thinkthen: stopped at record 1; the request for records 1 to 1 failed: the backend answered with status 429: the backend's rate limit was reached after the allowed attempts; try again later or change --max-retries; 0 records finished, 0 records from a recording
annotate-reading-073	thinkthen: stopped at record 1; the request for records 1 to 1 failed: the backend answered with status 429: the backend's rate limit was reached after the allowed attempts; try again later or change --max-retries; 0 records finished, 0 records from a recording
annotate-reading-075	thinkthen: stopped at record 1; the request for records 1 to 1 failed: the backend answered with status 429: the backend's rate limit was reached after the allowed attempts; try again later or change --max-retries; 0 records finished, 0 records from a recording
annotate-reading-076	thinkthen: stopped at record 1; the request for records 1 to 1 failed: the backend answered with status 429: the backend's rate limit was reached after the allowed attempts; try again later or change --max-retries; 0 records finished, 0 records from a recording
annotate-reading-077	thinkthen: stopped at record 1; the request for records 1 to 1 failed: the backend answered with status 429: the backend's rate limit was reached after the allowed attempts; try again later or change --max-retries; 0 records finished, 0 records from a recording
annotate-reading-078	thinkthen: stopped at record 1; the request for records 1 to 1 failed: the backend answered with status 429: the backend's rate limit was reached after the allowed attempts; try again later or change --max-retries; 0 records finished, 0 records from a recording
annotate-reading-079	thinkthen: stopped at record 1; the request for records 1 to 1 failed: the backend answered with status 429: the backend's rate limit was reached after the allowed attempts; try again later or change --max-retries; 0 records finished, 0 records from a recording
annotate-reading-080	thinkthen: stopped at record 1; the request for records 1 to 1 failed: the backend answered with status 429: the backend's rate limit was reached after the allowed attempts; try again later or change --max-retries; 0 records finished, 0 records from a recording
annotate-reading-081	thinkthen: stopped at record 1; the request for records 1 to 1 failed: the backend answered with status 429: the backend's rate limit was reached after the allowed attempts; try again later or change --max-retries; 0 records finished, 0 records from a recording
annotate-reading-082	thinkthen: stopped at record 1; the request for records 1 to 1 failed: the backend answered with status 429: the backend's rate limit was reached after the allowed attempts; try again later or change --max-retries; 0 records finished, 0 records from a recording
annotate-reading-083	thinkthen: stopped at record 1; the request for records 1 to 1 failed: the backend answered with status 429: the backend's rate limit was reached after the allowed attempts; try again later or change --max-retries; 0 records finished, 0 records from a recording
annotate-reading-084	thinkthen: stopped at record 1; the request for records 1 to 1 failed: the backend answered with status 429: the backend's rate limit was reached after the allowed attempts; try again later or change --max-retries; 0 records finished, 0 records from a recording
annotate-reading-085	thinkthen: stopped at record 1; the request for records 1 to 1 failed: the backend answered with status 429: the backend's rate limit was reached after the allowed attempts; try again later or change --max-retries; 0 records finished, 0 records from a recording
annotate-reading-086	thinkthen: stopped at record 1; the request for records 1 to 1 failed: the backend answered with status 429: the backend's rate limit was reached after the allowed attempts; try again later or change --max-retries; 0 records finished, 0 records from a recording
annotate-reading-087	thinkthen: stopped at record 1; the request for records 1 to 1 failed: the backend answered with status 429: the backend's rate limit was reached after the allowed attempts; try again later or change --max-retries; 0 records finished, 0 records from a recording
annotate-reading-089	thinkthen: stopped at record 1; the request for records 1 to 1 failed: the backend answered with status 429: the backend's rate limit was reached after the allowed attempts; try again later or change --max-retries; 0 records finished, 0 records from a recording
annotate-details-106	thinkthen: stopped at record 1; the request for records 1 to 1 failed: the backend answered with status 429: the backend's rate limit was reached after the allowed attempts; try again later or change --max-retries; 0 records finished, 0 records from a recording
relate-songs	thinkthen: the backend answered with status 422: the backend refused the request as malformed or too large
relate-links-01	thinkthen: the backend answered with status 422: the backend refused the request as malformed or too large
relate-links-02	thinkthen: the backend answered with status 422: the backend refused the request as malformed or too large
relate-links-03	thinkthen: the backend answered with status 422: the backend refused the request as malformed or too large
relate-links-04	thinkthen: the backend answered with status 422: the backend refused the request as malformed or too large
relate-links-05	thinkthen: the backend answered with status 422: the backend refused the request as malformed or too large
relate-links-06	thinkthen: the backend answered with status 422: the backend refused the request as malformed or too large
relate-links-07	thinkthen: the backend answered with status 422: the backend refused the request as malformed or too large
relate-links-08	thinkthen: the backend answered with status 422: the backend refused the request as malformed or too large
relate-more-links-01	thinkthen: the backend answered with status 422: the backend refused the request as malformed or too large
relate-more-links-02	thinkthen: the backend answered with status 422: the backend refused the request as malformed or too large
relate-more-links-03	thinkthen: the backend answered with status 422: the backend refused the request as malformed or too large
relate-more-links-04	thinkthen: the backend answered with status 422: the backend refused the request as malformed or too large
relate-more-links-05	thinkthen: the backend answered with status 422: the backend refused the request as malformed or too large
relate-more-links-06	thinkthen: the backend answered with status 422: the backend refused the request as malformed or too large
relate-more-links-07	thinkthen: the backend answered with status 422: the backend refused the request as malformed or too large
relate-more-links-08	thinkthen: the backend answered with status 422: the backend refused the request as malformed or too large
relate-more-links-09	thinkthen: the backend answered with status 422: the backend refused the request as malformed or too large
none-of-these-present-016	thinkthen: the backend answered with status 429: the backend's rate limit was reached after the allowed attempts; try again later or change --max-retries
reverse-album-to-song-010	thinkthen: the backend answered with status 429: the backend's rate limit was reached after the allowed attempts; try again later or change --max-retries
reverse-album-to-song-009	thinkthen: the backend answered with status 429: the backend's rate limit was reached after the allowed attempts; try again later or change --max-retries
