id	request	wall_s	requests
decide-reading-001	0cde1d2a8df94ee5207d3e7a2ddac2667df94722a08ad402d11d1368c4862d23	0.405	1
decide-reading-002	8363d711720cd3f828f0d6339f90e51157ecd1931930706bb2ee3fdc499fe95a	0.433	1
decide-reading-003	80f5dfabfe0cbb91b2816f605e19d7d18ff6df97b293e9eb347566554729c367	0.24	1
decide-reading-004	fa63c3a6475aad1cc5ac83efac0bca7bb71acf5a0a362bb3f9db685db7b84ab9	0.255	1
decide-reading-005	b67a916dbb3a680c29fc4a563cdcf82211f42c98170e83b284ca1de67498e040	0.231	1
decide-reading-006	c51e3507246f3d0618bcbadb48422711616ca010f7b6aa9db91cc73af9fb04bb	0.371	1
decide-reading-007	fa9bd3eb47d71c819f948842ef1221984ddf57edabb43c7178a234f5ccc4b24c	0.464	1
decide-reading-008	6a44f043c4d0309439bc3bcedea79040fc0d3fc8ada59a1cfc8e635bd7cede59	0.316	1
decide-reading-009	6af96e30f575c649aee05992cf3216b63b27e57e5d014473f1767902ff6f0d5c	0.26	1
decide-reading-010	b4763b6abf6cde10e6fdcb29b198824ce91833197cc3c15050d46d1204903c02	0.254	1
decide-reading-011	77a54cf50ff784f22ebe5eed8a5c83c95b4d0861f913c971113fba7942b55719	0.256	1
decide-reading-012	184e3bdd35286e757e50d3e8e002781d30cb6938aa24ba6cbac999ceb913d81b	0.38	1
decide-reading-013	dc51c64e6678854d56b971413ab4d9c3f1f6a087b7461da7f1d8fa04c24cf9d9	0.237	1
decide-reading-014	caff09a641cc232a7d36923da5cd3208ffc1fa3821eb667080514e8f249a4020	0.254	1
decide-reading-015	c9d7d9c99d0c6541df87159856a9a5156960643a9e57c7298ae7ffc7b153065b	0.242	1
decide-reading-016	58d7c3103939d9c814de7d3a4ad2a0e1c0abb0e471cebe2a7d6438c7aca1773d	0.244	1
decide-reading-017	a843fa52d64120f6e61b4b160e9059bbe946d70f909bed9ce63728adbf10ff8d	0.262	1
decide-reading-018	2c02df20f6aa668eecf69b492b4c3411ad0298f6c8e579011cb08a7fb39d0b4e	0.249	1
decide-reading-019	c657a7216ff8d6bdd958718ad3f6820661303352d476395a28cc96bf9b845e8a	0.266	1
decide-reading-020	131ce5604a78d08da8c6781cefe1cfc816e5d09b5a972365be0954fa13dc5a99	0.279	1
decide-reading-021	9c0e1ff6afd5fd881553a92a3e3bded3ee152181ae5b50e1dfa3e26d45ae9f9a	0.243	1
decide-reading-022	6d50423e8ca0796e9e9c824bb57b3d04a34b0f9368405ec9f8fe078caa07beca	0.246	1
decide-reading-023	2381a3133e6b5bf7cb5977635974556da7032710fcdaffe2f374ef1481edb591	0.243	1
decide-reading-025	d25ff95039ae37d7547cb748fa68e863dccd01eb31abc73383feefcc0ea2879b	0.236	1
decide-reading-024	463bfcabae69b81316cacef4b4660aa0a98905bb92285523c585f4c11ed0c5e2	0.801	1
decide-reading-026	1aee52494f00f979ec4d67a90f13bd5b17ec4ce8e733bb7343a464e45066f53e	0.572	1
decide-reading-027	04e9a4de48fc646a291c33e116d1946bd255414f53d5b7c42a79b1a1b6a53a6b	0.26	1
decide-reading-028	91e89bbe14975ed0cbf5933c954c47f16ccd6f63c792386221ebaf2604eca83d	0.249	1
decide-reading-029	ff2a554ffef9beddd2e8df83836a53b49f45974d17937b2ec09b5b6359f54efe	0.25	1
decide-reading-030	714ea0f0a0c0f2244e35a72e041ad1715a0f5ccace5b80b22ad5e83045a8de68	0.244	1
decide-reading-031	cf4d716213c9cf632461746dde15603b6364033c6bce10774a22c3f31cbadd58	0.259	1
decide-reading-032	fe087cdfaee1d739fd9cacac0953d946826b819f608232e34c57d2739631a802	0.266	1
decide-reading-033	1c578ff794bb924e00d014ca377b8d79c792829098df08d2e1c6500109892fb0	0.272	1
decide-reading-034	cb57a393c158c41b5dc6086a3a9a418848a838c314586e9432603748852612b8	0.276	1
decide-reading-035	6565b53cc169642595a8e844ed9090928e9dc6a2691ac24f596220159abecbe5	0.232	1
decide-reading-036	84a199cad8e6fe974d56343c970d10e803c64df5da8aad7e0e95e905e679fed5	0.249	1
decide-reading-037	c0bd479dff34ecbe19bfa586ca27ad3614e57e266303e8541b68184f737923c4	0.235	1
decide-reading-038	d3ea9742a72e117a5a93575b95af4c0ccf9935953fd9b43bf739f65c4006ab6c	0.248	1
decide-reading-039	49f7d9dd5655aa1c5c23f4d15929ccd40734ff7ffc1fedf3e7091c49d1840e05	0.265	1
decide-reading-040	1928e42da494523635375e5888142805359843c9b1fad5e6c92a3bd3191bb331	0.245	1
decide-reading-041	6ae7857e396cc03a254de737aedc425c42a24b48633280fc7641f797f067bac7	0.236	1
decide-reading-042	e040ec0e774ba328733b60b90179651401cc26dbfb7d70faaf4bdaf658b6e7a8	0.249	1
decide-reading-043	366833ebc374ab8d053b657a727deeb6516816c6f7eba482f61957ca2ad54062	1.325	1
decide-reading-044	35a159a59f66a11f3eea48867cc3df0834b621839ab84ac85d80a26648796ed2	1.282	1
decide-reading-046	cb95fbfbc8f3a0360c5fb40d99c910db1ad28b22f9f3dc83894257613128eb68	0.253	1
decide-reading-047	e996e4cbe3cd691b63b9cc2ca4fde98684c821b82a6044f83ac84dba05bbd92a	0.275	1
decide-reading-048	1d4178eca4a9a7ed75f969d81537be3e9a0b991fe6cad0c2ee8476236b4d9f3f	0.26	1
decide-reading-049	97d079873b634b5cbab1edb9b65eae93180f243d0a01f2280b53a70d13decac6	0.303	1
decide-reading-050	0467a3fb813e2befe22c56068a939761d4c0c758042cbb21070781476fbdc968	0.301	1
decide-reading-051	510335be21789ac68eb49ccf6d4e9496376170b94ec5995f8baa6bfa7ae4e368	0.263	1
decide-reading-045	47a7cb6016d749d3b3bf3b8ebaafe2c9bbdc5c829f2b9e05dc74ffbb7deee3d6	2.059	1
decide-reading-052	f3115ff16d438f65ed969eedeca5211100e209f5e70e398e3f19ec963006d653	0.396	1
decide-reading-053	cd645abd8f2de14520aa7cc69b77306d5b2fb91b8a57606f22298a2a56f27851	0.255	1
decide-reading-055	9ec9dac4bcc44ce10d50dda1f612ed0256c8fe9bca3004cfcf470b28b629bfb6	0.255	1
decide-reading-054	d02da13f4981f02594d08edca5eaf9bdccec92b571465255e8d7ae30df2d485c	0.713	1
decide-reading-056	0940d4578722597be745abaa420b6b323646c98b8972306e26090cfe0680939c	0.272	1
decide-reading-058	5407f158b465696f7185644adc9bad2cd8c891537e096710a1affaaa88febf47	0.253	1
decide-reading-057	4ea42daf4645eed55c00fdf1a35eab6abf76d08a8ee88f3a84a00fb270cc5a9d	0.325	1
decide-reading-059	4980d34f892c957cb2c4a33028a99a39fc82d6050abc1d571c0c0dc336628614	0.251	1
decide-reading-060	8e7408cef51f3853aa88c68a9ead51d984702fc5b0ffab795b15447ca5dc1480	0.257	1
decide-reading-061	c03fbea56f36c13889b34a6e02fd043356a3063a83265fe2edcd36c8d08524cf	0.246	1
decide-reading-062	b8cf143b5786e46a8bd38b80ecfa40ca05dcdba2eced1ab58e96c0ea3ab040d1	0.237	1
decide-reading-063	588338b4ad9af9fab1ff61ae8beb535edb2fceecbb1c4a4b4e0bde6308ef22df	0.23	1
decide-reading-064	13a0d87bed1e778074762d6645d39f8a57d926dcbdd45b897bb485ba1c6c997e	0.266	1
decide-reading-065	166fd02a002ff01f40ba3735050142051c0b9592a3868721c3cb590b5e7a6635	0.261	1
decide-reading-066	4ba2f0f03272bbe430e8443bc37a127a07a617c4b71d9f8895b915ac064c5085	0.274	1
decide-reading-067	ba574bcc6102f99ae3fc9dd60963e800a2d8a3f0d36a6efb57db6e958705aa4f	0.262	1
decide-reading-068	cd018146a49f6e65a800a4154b53ae9af068b619ac411ebd1475c2809b8d93d0	0.241	1
decide-reading-069	4df5a414f9075d8a2a52d5d93f58bb2ad219fa4f129b94498d2d65bcc2f2db2e	0.262	1
decide-reading-070	83f1bd47fe05df4231023a18417788b19e7f85eb5f899891860a430b5920cfb8	0.256	1
decide-reading-071	c0b90539b24a7f7d2f62e3dd60eaf47ba0c3f7353329d217e0eeee2607aeb20e	0.266	1
decide-reading-073	470c6d5c8054c6ac0c24743248d8fdc1f4780d4dd795d11934044225167d5009	0.24	1
decide-reading-074	2598d90e06351a3cd2482945a032364a89310adb543eb8d0ec5431e7cdd38753	0.254	1
decide-reading-072	e5a70f447a048aaa57e6786579257a849ad35f646a99b65d7b1636923666ba4d	0.813	1
decide-reading-075	0cb25becd7be92d35ebc175bd77189a6c4fb5c6aec5bb7e801c9e1036a5a02a6	0.264	1
decide-reading-076	0a53f8487e2248987e9365a267bd83d586e7a15cfcac1ffe712c57ebfc9db279	0.278	1
decide-reading-077	b04d8d86d09f84fb6b3ba8d2f52e0b6c8c4d6c84fb6789c3d200b8ca828efe16	0.238	1
decide-reading-078	eea8fe3704925253dc64b470aa3157b29815a9d343e9e612105488639907a3d7	0.263	1
decide-reading-079	86b0f21f843e8020b0a07596b6f2ea4bd8ff8b90ca826120417ae40f3d1d4566	0.231	1
decide-reading-080	25de7703915448035d07d7f6ce011b8765911ce32530b01e4ce58b457251ce30	0.241	1
decide-reading-081	64c0356745fa2c2ff2a21fa2aab170a4b40626763dc688e428deeec561ee9fec	0.246	1
decide-reading-082	282eb75495c5e36084ba4dcb0cb15a6055296206262a9bbefe6a8f467a0f42f4	0.289	1
decide-reading-083	57c6bee4eb123306ea5612a6027705c64bab0467387ed4db0b3697f75e575c55	0.241	1
decide-reading-084	6ff103622ec2469295ec539ceeedcc2cf0e264d62bd5242011a3b5a02c9b68e6	0.252	1
decide-reading-085	20745db551a4fbf7e4abaa253de20b3b2fe55dd621a783f9ebb023a1abb84696	0.258	1
decide-reading-086	9286014a6bbffa71be516344ed8ea76fd35ad4a7a8f50b10a834ea303eded1de	0.263	1
decide-reading-087	4f29d643c3401510a072ff31d8d031e7909d73e4563404fcb16c5debeea5d110	0.242	1
decide-reading-088	dbae3777e1a59970d2b3ce50404f9f904e28e6506b0ce07c107e4c05935a6601	0.277	1
decide-reading-089	53906c1bdb944b93403ceec3a1f2ec346477cf6d624218bdbb6ed49b7d4263f8	0.331	1
decide-reading-091	e5b7240f0bf7ea179cb52a4ca2f80fd5f24ca102ccf34a59c8a2246091e60807	0.259	1
decide-reading-092	774714429e1f79a3f6b12c28fc29eba65e2568d90714ed3f94e7180719d48200	0.232	1
decide-reading-093	b40e7843a55e52d3962b4fc6988a68f8d1336f113033b39e666a1ad03e7b800e	0.231	1
decide-reading-094	1285bf12f4fa10ae11eff6216012a5ae8e5f70b5dcb8110acb7e1c899c8ab92c	0.299	1
decide-reading-095	83f594c9d14447fe7da1694dcd3d75bebb58dcff800f2c8081a68ef9ef226f5f	0.249	1
decide-reading-090	943eaa14fcaa44fc00682dfdcd43d38e5cdf32a8eb549ac0cac32602d03be025	1.423	1
decide-reading-096	40504aac254be0f7254fe0f62aee26bb267c21648aa73f0db318c8dd1ba09417	0.251	1
decide-reading-097	76bf99dd1297a5489e32415ef0d35f85d6c14abdd98849ed0224cf95f01e2aa1	0.259	1
decide-reading-098	2acb3997edab0660acad99837655ff2d68299f5e9a81409353dcccd699b31e9f	0.254	1
decide-reading-099	8f209647638387336ccd86b03d0faf50d5b86550ac8847c0290c365bc0357d5e	0.314	1
decide-album-001	36571d1a67f43b9de2e9ef3f8cb41d3eed86292a316538f97aaebd9cca62f0a1	0.245	1
decide-reading-100	df47fce74e555426edd4afba1c5c8cdd11659141279cb09e3451afa978c41f83	0.498	1
decide-album-002	f6fe8a4eabd1cf9499dd91fd23fbd234290b31fcf48d59256aaeceddd4e62240	0.27	1
decide-album-003	2ec33d7247b5ae57144d0054a392011847109bece9a95a4af667981a4b55afec	0.302	1
decide-album-004	36174c7509e0956b79833652ce18f2414718ad16f8fa1b6e33f47266a062b088	0.245	1
decide-album-005	121704d1b9ad77e8830c6959d65d38e3028721f7e286d568ac4375466aa03cb9	0.322	1
decide-album-006	e4a1a05384853c85c13b09398b308f06f5f9103b36cde36e95e34a09bea415ba	0.262	1
decide-album-008	ef5d95faf048aa407650aebe894e42e42b6c8c89f4ad8a0a72000541558c19ef	0.263	1
decide-album-007	8a73c7f494597793acd28a85d6ab0255924774f9a480b19cab38eb3fb04bd217	0.349	1
decide-album-010	4f98a15b042b557e5d56be08dd162d51d7620239859a9083f6b90bcb458c7156	0.238	1
decide-album-011	7d87195db126728052b1b16b5b43663b807ae3e7224f9cc66f092f99ce05f747	0.294	1
decide-album-012	7320e8a60b8835570716a6b9378332d021164217e9897567a33683a75862fa45	0.233	1
decide-album-013	cbbf050f0dbd56151a50f70391c07678a7e8cfa04842c59e16f764486aadb1e7	0.268	1
decide-album-009	0c09e95d834125b27e38df8d86760c6c8cce29c5f1dc99906d491fe540771669	1.297	1
decide-album-014	a117f1307d76c1f7ad0bbba08815f6531519d95bd53595baa940ac5ae7d19a1b	0.278	1
decide-album-015	4e7f197697273ecb1c7afc93cf5452780e577d041c33abf86d2316f0592ce061	0.236	1
decide-album-016	7e004596e95cd0df5843872d989a575538157d36921ad3e08fc06aa5266fc27a	0.235	1
decide-album-017	e4d0413a35631ccfdf40915ccbfeb231ab023bf225336dc8b2be8a5ce9c1c698	0.243	1
decide-album-018	b4bad7b65064c66c1ae35d8b24b50ca4c4891d830de8c2b891d9a97ed5319bf5	0.263	1
decide-album-019	767443c8e34aa58f3b146a3b200966bea28451fe37dc1eb4245b4728caaaf2a6	0.255	1
decide-album-020	96324199ef3b61ee15f51f0b15d0e74e172d4465c24e6dc4e49a4bc4b17d1327	0.247	1
decide-album-021	0289816548c49c40a493e0bf06511db6a6f2f3bedf7203c429821f90d9fae806	0.265	1
decide-album-022	6cd9f3da310ef88cd14c26a363313e66aecc0872572cb7bc9a17d1f445d2ffa7	0.248	1
decide-album-023	a99911e3a415b11d9451e18833a74005a05e8aeee69b719203db172971986750	0.26	1
decide-album-024	6e909b549655c15169df05ca80e577459a894f60fc8197ddb0e71d5f8e820027	0.245	1
decide-album-026	477ed5ad35218b48d288a0cde5be9f02368ad2848c6b73df9d7b4969a47990b4	0.269	1
decide-album-025	9b27895bcde78f355e84847f887af4c95c19a0b906226b7ae4d39d6802ab8c22	0.331	1
decide-album-027	a070f297e03e86632766a135b6dd35bbb051329bca36a92b2f35cf791c1272aa	0.251	1
decide-album-028	ce20824cbcf27e3797e46c3e8e04a1ed1f0622e24d0ff2a1dc77414804751e35	0.243	1
decide-album-029	dbfd1ec70f694f9ba05b8b4ba4acb55e7e094248fdd872ed3c213ff273325dc4	0.251	1
decide-album-030	05a6b17ec01a02a3dd00b1a6020e935e5215220604594fda607cc12aa937aa17	0.262	1
decide-album-031	43d2511dd9b325fffb619a3df32cd823898dd7d2e51dbaff9251202392319f24	0.233	1
decide-album-032	41d470929e9ae78f4591c7de6e2f9dfd4664f7f39c815e02b0d7af58be9017f9	0.251	1
decide-album-034	7423a8b02bafcb27da27dc604d0410b72cf4d1a9482146dddc45a403909ce00d	0.23	1
decide-album-033	6bde76b5099eeb9d27e801dfa4bee9fc8af804a882244af0868599557b891f9b	0.319	1
decide-album-035	9fbb32925737ce066dfa6f813976658c94581993ab186446e59108087d22da75	0.237	1
decide-album-036	a2bedde56bcd358c9d84f2c485e92f1672d90a66de47731272c800340045e633	0.269	1
decide-album-037	0661af6da0b3846dab86306ead4947c55a2ce0d5edd7bd502fa1a718ad544f1b	0.278	1
decide-album-038	1c1d283d906f91b1acaa6a1544c0a675488346a60b07827d9b2fbe1a0f42ee60	0.25	1
decide-album-039	853814c5f5477ecc2d1dd2a88f0acc61898b06b68a2383fb66d9d55647b88c83	0.265	1
decide-album-040	d4ad0cfd7be81a8629aa60b3a07f9b3bb4bf273831ed5cf88a0dc7c8a75e838d	0.254	1
decide-album-041	26880d6058a8c9472b7a5c1e1375c182fb4832089cab0fcc9503ea6cc5b34634	0.334	1
decide-album-042	77a9b49c4671937d4392f45b00e8cbbee6141f42fcdcb72c1b7f0f5b26ad59d7	0.331	1
decide-album-043	65864bf4435c8fb53e4d30642bbcf5704fdaf0a51c136be97d9509d0d4ad2eca	0.256	1
decide-album-044	f98372dd9ef914e8356fea61a612f4fbbfcbc5a1a88c64155a18440b32c82e55	0.267	1
decide-album-045	68b1a6ebe6f95194d351a5b042d17fded146acc19f426659f263e84282e0421f	0.264	1
decide-album-046	792a91399fe43b96ec8f329ae8aa7be9b2b502c460abfba221d80e53ff6bb73b	0.266	1
decide-album-047	7ca622e2c92817b12ad3166f434360cbdac2131d77fb6fa411038d2dc69dd66d	0.236	1
decide-album-049	df858dc69914eb3648ac29623bfbd6c2a163b7253115dea77f42ce30ba869154	0.244	1
decide-album-048	81c2e345256755ac77b8d571f888acdb9200b2fca164c4847c328726f45e0b0d	0.513	1
decide-album-051	41457a70a0c483252d4fc6dd394fab963312bd48f40b6a7f25a24b4c1858536c	0.232	1
decide-album-050	5d93b8d6133a0b4a5e6def164767d3ac9d4025c1664b46b0fbe45bf82ad93cd5	0.354	1
decide-album-052	80294ca5803dbf4dd2e959e2832c9b3821a5e90d21fd33deb6ec50b433ed252c	0.263	1
decide-album-053	2326cc3ce5fbf79e53c4fd25bfa8adbc7f0b052a8b43c830b2cede0a9572ed28	0.258	1
decide-album-054	ffe68bf0e0dab79872609819973299a7157c772260fd564dd5cc6e1d7a8bf864	0.239	1
decide-album-055	4be5b6daf9f3bb3ddf709f431451d9fb1602279524ce8f29d94ecc04f6d1df5a	0.242	1
decide-album-056	3263a2816a87b55e746719fa529f38758d636db74aaaa2a8419061e70cac0d42	0.255	1
decide-album-057	43fd08a3dce05bb599f016af073ce17772cdd24ccd50cba29319adf5366a381d	0.246	1
decide-album-058	c572d62ef74c607812036b7ea5800a515bc8ee5b4353b8c199e5bf49fdd7f49c	0.255	1
decide-album-059	25734aedca910de75848b9718a22fadde3b6eec5d37e1a6b12eb00f084f367f0	0.274	1
decide-album-060	95be8cf624f2276d04bb79394d6b586b254a3b2f95bc726cae11f452dfb404dc	0.244	1
decide-album-061	be1d01207fd1186e3d995dc672f03e76ca5c3b6e85f8930c70985c5db2c1568e	0.246	1
decide-album-062	5c6777aa9263f3baecad9ae5942945660f670b77799636f9693322588f303768	0.252	1
decide-album-063	215a186d29f290fdebd6547e2822e641f82a0b05dfce198b0d4c28b235f3a32d	0.264	1
decide-album-064	2304334767a53ec9b7d6bac4038e5ab7edfcb1650bd313099e9132d634a44771	0.266	1
decide-album-065	bc4b28ea29346f95a397886efaea5471be174d6eed6785d41f1442ac46a2cb30	0.245	1
decide-album-066	059dba687e3f1a1d76a9135b6c398e65f884ec85119d00d13b433832fcaa1a38	0.257	1
decide-album-067	7a6dff6f5c3464b97ce767cbae2b4745e2919cc23d42e5babc9e15f9ad38ff8e	0.25	1
decide-album-069	8a8091ff2f392fcb427bd9fd7b58de890c1db327703005ff8d878b40ccec75ac	0.27	1
decide-album-068	a6a4ccb9b319494be3f66b59f11ccbc44c7edded7ca758090f8f0869c160598b	0.356	1
decide-album-070	919e689535b09e8a46449f39bc3c1c8f3032d05703555c88d26ea121881fb5d1	0.231	1
decide-album-071	2921400cdb292ee0677967cabb8cc074b5758daacd986de1461f117d8e967c41	0.246	1
decide-album-072	659772ff27d284e6a6bea4f20c35cf1e00dc9db7eda0b6b96d5dbbc158b2393b	0.278	1
decide-album-073	c0d3d17fa4c77c1a105b5e1803f5bb54e185c6aa4eee2f24e0db592f172ed784	0.251	1
decide-album-074	bd6b50ca1c690b412cf348f34d203638de2aab7b0159c9e9c372e105e7592482	0.241	1
decide-album-075	a8800eada9c8644338b90716fa5e89001f2e2ca31d7cd8d42c1cc760d63d24ba	0.245	1
decide-album-077	014a9eb6f35ae2f864a40383c103795a8a52ce2de1a54ea62afe8569c18ab4f4	0.253	1
decide-album-076	d895e3958de4062c181e29a6c3c6cfd0564ea29d05843d71768946e99554ed3a	0.331	1
decide-album-078	ad5f651b482d2ecaadd51e338f56ac89b7231dd74de0b5b2b6067d8f83f00d75	0.261	1
decide-album-079	e29c9767ea155e4ed8155dee435bbefa8ce4c46c0451cb8dd043d9af20e023b1	0.256	1
decide-album-080	550864cbf467ae44681dc285d07876a35505c2a0525b17a5a498b39f4fd306ca	0.254	1
decide-album-081	d992930b1e2f41642212f98f7d166e2dfae83dfee913c4fbd03a91722520cec8	0.252	1
decide-album-082	812e58d1f3cb66a7a34460ad88ff5f5f687b0f747df0d45447d46a8a04ad4226	0.245	1
decide-album-083	dc3c2e2c6ac5c5de844d64cdb7b66142715a401e7768570062963da799debfa4	0.245	1
decide-album-084	ed6adabd4adf62427b67f1a9ae5fbe6443b862d0b7f5441c7bd48bbacfc4f51a	0.237	1
decide-album-085	1ef570f137d0252e9a50e864a13665c2607d0125057200132ba54f2650154f46	0.264	1
decide-album-087	bde0c2edd4daf5385afe6e129bc22fa7e9157ced92fd6aa2ee08e1fc12a15025	0.24	1
decide-album-086	1ceb14acb41cfa3eb720da7956193202f0e442227f6b027873277fa2a5dea1a2	0.335	1
decide-album-088	9737f241b803111b2acaeb69af8987ded94c8b4c8a666c8e9078859a1cd1eec2	0.28	1
decide-album-089	2901413fb4b3b93d1493a1d8ff53ec648b63fa66b549839aed6b0204b2242979	0.309	1
decide-album-090	5ae5ee2ae1b950c37fa6281bb7614c67f54212546743547fa0850e41ef563361	0.246	1
decide-album-091	3045b5b6f8aa4be66e130b74c30ada41c421ab870151725f8ef11fab9b9e7422	0.31	1
decide-album-092	08ea4e804ad85913c8b559f753dfd408742e1925c37d6fb80c126d7ed3505e0f	0.355	1
decide-album-093	206ebc3bd717d95d35527bdeb262ff82c58cf7270b9595131d1287eb0c79c630	0.344	1
decide-album-094	ca269e852de81840ef19e4b5f8836c8088834d9df289043ecde91a6907cc6952	0.236	1
decide-album-095	a9a03b4f19e3aeac12ec5b8fa5587a443f7b2d3245ca529e8551ea0382425386	0.238	1
decide-album-096	948221ea53d2d7efb0a2954f1b591c5ee1c49515f16fc4354ac592f33248fca2	0.242	1
decide-album-097	9a30f6d4cfa3f7b1f293f9b9ae26aa20040fd73510f773271ab0b97d5c181b5d	0.69	1
decide-album-098	512aedf2c0e770111646a55431bc0c4a96b6aa46ce2832860c643cdad03d71ac	0.637	1
decide-album-099	a60798deb0e9e9a9bd34df9bf0777d096e00bfe17de5973dfb68b843921eeacd	0.267	1
decide-album-100	e257a6e401c2aa2ebe8e3c1f7f203802602c70f2c826069285174c9c2c7d7c73	0.251	1
decide-album-101	cfae3bad2743e386ecb879c9bf1c09102dc5a49420e56bb0be4e9de955eb9bb9	0.24	1
decide-album-102	afc8dc3487a85e713c22a790533640d70134cbd636ee18647204808c864ede7c	0.226	1
decide-album-103	5f8170782b3be59793092817fe6d8b6ad335ebefe11459b867dd1b855d356aae	0.25	1
decide-album-104	c05b14058e1d5f05d96cf426b0abdacc50b52422566a4ee0b009692a8c0bcdf8	0.29	1
decide-album-105	b95048ed8d715184ed9d33de4b5b38e23790fbc36f3e6cb3f8df5ba5b9b259fa	0.24	1
decide-album-106	9209df51d2f5611de79fbbfa10e496a8bc90fc33436738a56b4f159d59f4c5e3	0.254	1
decide-album-107	91d28b0481ec2a3de378cb453bb2ef0fecf00ab60cbd743cf2b4e43598c4af8e	0.238	1
decide-album-109	8739788b56b807004674fb87f660f0a5fa8fb00848233d8d1614a7412802333b	0.236	1
decide-album-108	219c91e75fa9e713873a3ee70187c51b1d0375e2abcf753e537aaefbe933b0f9	0.407	1
decide-album-110	deb5fd03630d8c55bd85a7db46d1b1efa50879334a6a0178c384245089e9eba2	0.242	1
decide-album-111	52af8c3c1a412abb90f3fe8c60f9300af13cbca6ea2d0ff2c002fc6fa31e150d	0.257	1
decide-album-112	f1c514ea8143df16dc941a78603feb182007829b0825f565c739bebba322f0b5	0.276	1
decide-album-113	784085b75ee3bcdf079e9d9cd13460eefa6606d41b78f9185db33ef170da0113	0.264	1
decide-album-114	3573df6dfa7445715fd65535d051560ce4e266ad4c0fb81c4cc4cba7891f3a67	0.244	1
decide-album-115	27231e00e6b4657efbd2c45aa717fc1d6affae4fe2f879464c5fffa8676fee7c	0.26	1
decide-album-116	712fc9e168fb45b901ef1d43a2c79ceb3f73bcc4a9aad9a078157ea82da727c1	0.312	1
decide-album-117	a548516eddad362edd404c161c84d4703b9efeedad8f618ffc470bb78579ff37	0.285	1
decide-album-118	20987a36df776436e1af33842e1217557a246b48f4023f5bf5d39fd50fcaa736	0.231	1
decide-album-119	bbc816584de9a7171a7cd3a66e55e2bd0c950a6a3d389c6ad9cbb2108e084ff6	0.252	1
decide-album-120	cdc8d8c62d90f1bb0ebb25160f49f0ee436b7762d1e842de2098f1259eff3bbf	0.275	1
decide-album-121	b33e64b29e238d1773e4fbd2419dd230908a2d29b559fb91f2483e33c3445013	0.258	1
decide-album-122	69788483da1ae13a603104ce1d42af41528cdc9fd7dd99a6b1e62af2087e7a82	0.243	1
decide-album-123	e143c448c58074077bbaa268da3ccbcc9f761936f3c5b3dbd6db8241aabf4399	0.259	1
decide-album-124	cf167ff6734b71bd10c88ddb29cde0179a4335b9d54f622fbae46486f0c12bee	0.234	1
decide-album-125	e3b02dca7546747c3e0baa8ecc23ff0d7cbf25a409a931e05773bb823e86937a	0.248	1
decide-album-126	eb9e64b5f6eed6e641755528701d25612a904f02b20abff2799b17dba995337f	0.238	1
decide-album-127	bd36920094aae26d8c23da87f3588d44c39a2a1567e7870c92ffa3d27f1a9413	0.34	1
decide-album-128	27d90215f299c873084d4329db859bc2ea6593a6fff9aeaaba386226c88755b7	0.251	1
decide-album-129	3034fd32144f4a0b9158c0a8bd3122294804bf89e7d48ee37e9e209d0a67e546	0.241	1
decide-album-130	e5dbcd2bb9822de03e121a4ba52cb7828c3a157dc1bb0717e109202c35e621cf	0.242	1
decide-album-131	728e526da71e8afaf3215252d389ff8324a7a1152ef798a4730ef9e2f076efb4	0.245	1
decide-album-132	70df1ef9f6e4aec795330262384dccf5b652bb4d166593b9d82e2665fecd9fb5	0.257	1
decide-context-001	440761edeadef79b010dbce5f0181f278d6db45b17da6c7aa09437b726671c14	0.264	1
decide-context-002	bde0b50892bc3c85a0dfa99ad994611be39405726da3b42ffe1784dcfe654d55	0.29	1
decide-context-003	67d560bc1450e2967420a0f5d8eb59936f66c75f8091642076e5c433fe8d703c	0.347	1
decide-context-004	57cf988b924203a412a1dd98a20d66e5eee240c63c8438d8b600cfe63623f2aa	0.279	1
decide-context-006	02d4dd5888a5b9fcbdca2cf85017152d257966aad63b64269bbcf1967bf7fcd4	0.402	1
decide-context-005	27daabb6be93e5f063128ac98944957d915ab67e70574bb733e0de7508c51ce8	0.497	1
decide-context-007	bf326b73943ef0fefab8e978283eda52090e8539ed5c57f561423ac624d981ce	0.318	1
decide-context-008	e41ab38184d25049d02d8b9a6de1cccb579c58be979d70bcfc89d8336ce511ca	0.351	1
decide-context-010	21c7c95d62717b6bb5f13a2dbd98767cc1ae6578b9ed203f722ee8a49a240d2d	0.28	1
decide-context-009	1c858f807be0c9a0a4344bc09e06699dc6d0b52ff8252be569043acb1bafadcb	0.48	1
decide-context-011	54a5a245a6f7f905fe53c8c046adb2e096883ec48a1406c192d8269d6cc2b203	0.287	1
decide-context-012	98348c7da50fb0f0ef17ed3213c7911a183c5cca308975a222eea731bad444b9	0.491	1
decide-context-013	7d8a02a058389e819a3846ca724c94e33ffb599975cec64504340c94c10f3bf2	0.358	1
decide-context-015	b54f88b00d2c70e2277db2e6b446c3c2bf341b5f0a1edf66081d46b7d287ec12	0.295	1
decide-context-014	ec223dcc0a669c3c3d7c84cfc98b979e6551b1dcd16e715c491c5f819b26f9ab	0.436	1
decide-context-016	2e4edb138e0c2edb23a9ae40d6cd2ceeae13505d249206fb9e2ec630deacb6c6	0.306	1
decide-context-017	8c3835672d19d39e9a487f2c2e5d95744ee74f35211a78fcd584cf64a17bab41	0.272	1
decide-context-018	9648fb02aae2be45c57682d2ed9b489ad9bf281fbca1b90c1bdfd8c68ed5698d	0.307	1
decide-context-019	1f1b3cae6f5bc4107732733094e0da5e74d9bc911b50cf6dcded53892dec2e2c	0.283	1
decide-context-020	cecada88490160b8336ca5882661ac8b34c844ef804f5f88722a23a8e6246bdb	0.282	1
decide-context-021	e1054a5bcb1dc5a6a2826dd31e5d72be1036733b8e5a3206313160b5e6ad2af4	0.278	1
decide-context-022	8343ba2c3791bb2163d33438a6c6cedb812fb3edd6cdfb868529f20c2fbeec44	0.358	1
decide-context-023	5463587735b350003e3417b06d0cbf671b478bf978bc8c2dcbbd7dda23320bbf	0.488	1
decide-context-024	663bd6fe7cb324dbb7d08cd01a9b627f9e7802b7bf98bab73855d81093b48c0b	0.279	1
decide-context-025	9afd37a6154ac19f80d0191f046b517609c04be3cf31a08c26d66645cdfb49ca	0.282	1
decide-context-026	1043813e7cce6a43883b92b04b196eb30695d310c5c37fae0bb7abcb27b8365f	0.34	1
decide-context-027	cfee6957902136f836e82daf4d7266f397144d645ef8c25b8e45c1f24f497dd4	0.27	1
decide-context-028	1732238831928c64725dc856a514a69e5947b563f349930963a6e6bbac555ad1	0.272	1
decide-context-029	7de778ff1767e1386bf9f0f11768833419b0f6b545ea54deaf5fbe4d14abf675	0.339	1
decide-context-030	80ba3a931f39f4a81e5c808d0413f9f8ef5d779c3a4262f7a8c13c5f08528131	0.292	1
decide-context-032	b9caacf5684e4945738c5d717dd239613b3eb2c187261bba12f015e3bf569315	0.268	1
decide-context-033	42367aa6f3d2aec18adf8ee2eda89eb899ac9968c0f664a0d454671c65a5aad2	0.35	1
decide-context-034	e392eba585d5ffd5f73a65b1b49b7d52a40edbead3d57b8112ffa694c81e4142	0.292	1
decide-context-035	33bc191b968878d499c4e20378a5474c22b1a103969ede005a51b295f43a5cb6	0.284	1
decide-context-036	390a7e4d05be527a0b70fb0665bf18eb908c39f194aeb687d3a9f2ab8f9145c0	0.276	1
decide-context-037	0503254ee3b8a057bb0c6a0490574273c28e74bb51eb0fde4ea11e215962634d	0.302	1
decide-context-038	3eea89a1956d03cf3f01354f36c865ee30b5a5908bcee6a94d584d3d7f37771c	0.266	1
decide-context-031	aacff467d53fc305fcd37ec92ef2f761fdc39ac6fec26b3122faaf531f412f9e	2.227	1
decide-context-039	f6b7f55969946647b97ccb5dc01a21ca5eea2452cdebd63841012d5b35e3f07b	0.284	1
decide-context-040	3a3c980c87c4a8971b3862c570d4c8161eed57357afd09f0813c46f0c8c3ec4e	0.304	1
decide-context-041	f61e2b8aad6845d77d88735cd647c34e8c1d22bb33ab082d44bb4e08e013ae6b	0.279	1
decide-context-042	3d3cbad4a1d6a735b962d64cf26d755e28d002f76f2ed5bf1e2b68fa31bc33c9	0.552	1
decide-context-043	aec0e3dffde54bde173691c43f26a38dd6da9635e7f21c6bad30c474a1c66eb0	0.448	1
decide-context-044	8b5cfc25e0810da471d976b3e98319754d66995615e1bbfbb9907af187aeebc0	0.321	1
decide-context-045	251bb62fb3da97233737c6af4abf05a8b51362bd86559dc8fdffc2c3f885a148	0.304	1
decide-context-046	aa61d1344c7f5dd062961b59d1c3880ac20f8e0abf7bf31d772f00c7825f2c13	0.283	1
decide-context-047	d35c5442889cf664429a581f325ecd74c20e6a2e171473cc9adde5abf90166da	0.303	1
decide-context-048	3c46283bef1861e1cc4b250e9dfeed6da3ec074aba93adb7db7230634e55d63b	0.3	1
decide-context-049	7151abdc8e7bf4e5cfe9b5f72ac573f1de120f24a0f8bb05bf070ac06fd6ff0b	0.329	1
decide-context-050	503fb5777d9e8af09f822333b51b0f15ec205bd3b765c494a487079318d0c655	0.3	1
decide-context-051	26a97c7dcd5fb1791f8ff651d4fc2f7f534e466395bb8c8a76fb5bb5dbb8a88f	0.285	1
decide-context-052	e4d9879404bc7fb38842ed5b36d3eb6a8895fa4912158257518870cbad0b8f2e	0.266	1
decide-context-053	f371c845ed03a32a3822011e8eb797bec4e9dae07fb6ffe128a66d1b026df7d0	0.272	1
decide-context-054	3fc5cbe6eff9ee02746b1dd111ffd679391cbfae3d258fb103c7cd9cbc6dbafc	0.296	1
decide-context-055	090233926c5af6ce4e5ddd69eec2a562d71ebcb472f7f22ee040b7abdcebd464	0.314	1
decide-context-056	51191017753ca9c819c5a31e992c4ebaad8926d5d576f3d3ae7a47ff1f00f65f	0.271	1
decide-context-057	94768ca0c364f59b1dd4e63096a8aff8e125fe4bf95570a7791b4b41446ad0f2	0.309	1
decide-context-059	29248d16481ba8065dd646e5a016271b1c8c95409880ed050f6ddbf8ea1094d7	0.279	1
decide-context-058	6f965c6380eb2719d94ca8dbb69c9e2229d9fea712d7c1d1cf270ebea1468914	0.504	1
decide-context-060	b2f3188c67b8b8caa36949c8b821b082e4cc6c365013e33f402cdc1e9c8fda6d	0.269	1
decide-context-061	8338ba7f97966a052f393b672fba822178c49d9e5e26271e5c75dcadedc02b5d	0.269	1
decide-context-062	e4034e0fe1cf4f02727eea1488f466baa6e05ee1843af7c1af35c68549776507	0.374	1
decide-context-063	94468e124d661088d2ac87902addee4422542b3f45cd07efc337413746b98ed7	0.344	1
decide-context-064	f4ef27bf9f9cfcabe7421ee06b40705dd8c5deb01154d7db9de9d26ae240752f	0.309	1
decide-context-065	cdee30b1330eed82359d76915ab54ad76c2b73c56d5448de26a01fc252d0669c	0.352	1
decide-context-066	c0433eafffa7ef569e30c49247d20186b043d691250f1affc4fa84552a944ec7	0.274	1
decide-context-067	a1333b3a316a3598ed2d462719490ee6323510293b5bf0866a5458cea2578e94	0.266	1
decide-context-068	c4e600ebd37547f16611916ac9080da858675bb52c3524949c6e9b47b47c7bef	0.283	1
decide-context-069	4d474911676dffbc435856e8abc24715e528230566c4556beffa003162575f1b	0.281	1
decide-context-070	5171a04b2ac24c4f00387a470192ae280cff18eb754ab408f9154c40a4656a89	0.273	1
decide-context-071	6857342cd9abbacae3c8ee741121c109b0c2785ba5acb0ea814c8f239d39c255	0.293	1
decide-context-072	94d1ee2c9005a1d855c03f1978c6bb038107b7c63a6746b9547e0cb6f612ab3a	0.267	1
decide-context-073	3505f65c20da1aeddd289f974bb482e4d6e9958010d8b9aa2a4563eb63f61f01	0.274	1
decide-context-074	515b6a2c99543a3b4d558625313fbfcce356083c8bb88d545735420705a251a1	0.356	1
decide-context-075	3f25d5516f0a02aafacceaae7382660937e27687c2bbe047bc9ee862d9d3f33d	0.303	1
decide-context-076	755f55cbfdfb71aaa2fe540b2d608ab1529f71c79d06200d55c94971046281e1	0.28	1
decide-context-077	31fede70547ab36eaa8c7aed1ee304f172fa4998f0eb91bb01afa9138ea3b7c6	0.285	1
decide-context-078	75041b7d7fb6bcb1afc2a8fa179daee3c2520294c6d5c24a9e6a0ce296fb00a0	0.307	1
decide-context-079	9d8f0873af08ad913b2b8b61005b2db7b8c1a216c8cba31c40bbc0bee107080d	0.304	1
decide-context-080	f0236d2a4ab2f17ce36622f40c1071b063cf110d03c312263092ba3cfcdc0d12	0.26	1
decide-context-081	2ad239e737d98f4778ba5fa06dacebdec0f125579e4473802c4a1b218911b9f8	0.272	1
decide-context-082	a94a970c7f7040a27e201903dac8e00d6958606fb6a1aa564bed68caf4991884	0.259	1
decide-context-083	e072ebd2db7ad1b7b7b32d010456e5f3acc7c1a0642a4d936bde830b9e83981b	0.278	1
decide-context-084	074804ecf27d7ee308a12306fc277039d1c2142a18c908bdf3243814c4a0e3ae	0.264	1
decide-context-085	c0a63f4f1b019da1e85082a888d794ddc426f6e1e25cb3b8c78531371bcf26c0	0.291	1
decide-context-086	2df70e3c0063e7f893fbff7e68ab9be9d7f6aaea763fa1731261108928ecba4b	0.286	1
decide-context-087	61ea36859f9af19bf48dda0f6929b2e6ef0fbe15ee448fef56361c3a19178947	0.283	1
decide-context-088	d95beabf041905afba3f1f27947c4e79e09f4612d6e5744b8d989605ab71e33d	0.29	1
decide-context-089	8d2a5e71d4faea6ec1b943a46874e86d5d8429884c5336907d5e0d158b38d89a	0.283	1
decide-context-090	c5e06406950162f6a8e2ec43b784a257edc81a7eadc690dc20f1e8a9714f230b	0.26	1
decide-context-091	a1d04810320d772c27c2b65a2e6fcc428ce9deaddc7cb66d2722b0ede54b98d4	0.271	1
decide-context-092	715c2874027beefbc4018e3648b9c1b090c12e0693228ca3cedfdbfc0cdf4b3f	0.26	1
decide-context-093	07f1cfd6fb8f6b8a6b1a329d45a167aecbba1ef574864a70c71d4d96ea41871f	0.325	1
decide-context-094	e02c23ffbb3e7afae5927215bc021ac01bb0bcce69319f4ec7202323adaf3726	0.267	1
decide-context-095	191c31d407be473fd67d1f77385176575f742b22d7625eb3c86a5af1182b852e	0.285	1
decide-context-096	bf4789ef77bbf0d30bd2f21c15a59ff3332e04b0b883760f6c488d0ea7889372	0.272	1
decide-context-097	7fe29916816bd64a1e98d697527712cd051ba62310a86102d0a17a4e80ffeecd	0.259	1
decide-context-099	c8b58d7bfcbbabe7f0cf72a43a7cd215d28a588e6a9c15d19cabbd225cc09cf2	0.265	1
decide-context-098	fad0576ab238163ba8930ed71e5c2c8ead181aba5768888155dbfe2202144bfb	0.565	1
decide-context-100	03198c23d7f18507369fd8ceeceafd61248f724705edc98f3e4d1d659e229ee4	0.256	1
decide-context-101	28d5666930b2c086a9464572ca7740eb1413db739dbec9ceb7847506a564bacf	0.268	1
decide-context-102	a0828046784cc6e6a3bc51cbfee205331b1580a2cd85c1372de71d38499b631e	0.267	1
decide-context-103	897d5945df0c139704fd38e576f0ce83a81707c9f44129cb912af7d7a9e950a1	0.288	1
decide-context-104	80b55e24eabadeed6fa2431749d747b94a4d6fd6e6f2c3b80a02a5c62bf15fcf	0.299	1
decide-context-105	7de4759d2e85cbd63b41d99d38cc43bc90901db33d2ae80756b1e115ed5c31a0	0.281	1
decide-context-106	d94b28181233b391378eec672619ca949e11a950a9eda25c184e2186f4ff90ab	0.274	1
decide-context-107	31e35511ff443f05cdcda0da6b2728e1678c7b2af2d820b4de3c786ba3124420	0.366	1
decide-context-108	d888e1d86c840b5ef45fe864d965339a2ccf8aee69c61e7ab8662d8e22cf6f48	0.283	1
decide-context-109	955e39045e905c57f0f00cd41e9468bcdd263356efbc2cf6e3c040641104f29c	0.267	1
decide-context-110	7ba6a4ccfc394643e548b043cedc0a5fb41bc4181ec5cb30c05c2c688fa73a45	0.28	1
decide-context-112	bdcc96fdaea637f942a9895090f43338a918ffff263bf939476697f9f2950946	0.275	1
decide-context-111	07de23536b55a3f79b451927ff1f95244ce65cae293ff06bbfa1c111ebfd2f08	0.436	1
decide-context-113	a962bed980657e54768c67eb7b96ddca96fd4e97a7d27dc0726e6db077e41273	0.301	1
decide-context-114	af1dd3448ba70d6c5c423bca543bfedeae1a598a095a2c5bcdf871763ae427c0	0.299	1
decide-context-115	b882ed1ddea1295fb21c8a34fba5b267f3b7ef4080b1337440117c9c62648b40	0.265	1
decide-context-116	d51d4945ca56a6088d049f79dd4471c9392dd5f795e473994b83eee47c40400c	0.274	1
decide-context-117	c2814321b6d02ac2189df71d7f69b6cbe4be64865f5742bdb534b85d535f9f3f	0.29	1
decide-context-118	c1911c4a865df5d883f1d8bb53f7d761645bdb671506c37df485fc5352bccf4a	0.293	1
decide-context-119	7f4c4cef55506135659654c62a59708120d90bdc62eae13f5744669097c9ec24	0.271	1
decide-context-120	bdb9f7a03dca089baa41d1d75a691e10f57ea0e51cad84cb92e1b5ca0fac42c3	0.281	1
decide-context-121	9282d71c6e9ec0f83d0bceb07607df39d0657953bc6320ea45103d8f7fcdfbc7	0.276	1
decide-context-122	ea1d60757428e39343bb2d3631963968ef6877d83349d6580e85a8e1a9314e96	0.275	1
decide-context-123	429455295d19c61fa72f04755ca5e413d3b387295230c8526afb050a3825d1b4	0.275	1
decide-context-124	24457c54de7e99f2fcd42a792612eda6c5397d86546aa576264b2de0cb6de24c	0.301	1
decide-context-125	9d08fdc02a24066498393b09246cf5318d942292d803bbfd25beda990c45c7f9	0.349	1
decide-context-126	9aa3707e233f0272334a5a92cd80b9f38ea3bac8c72c75c9af4ea9cc0d87cfb9	0.29	1
decide-context-127	0852caa61544a8e06961b68dec38c8eb953737b71d47eacb8061670a659e1d42	0.284	1
decide-context-128	b429c1f02839dbdd86b7090a483e9c60ba548905318885d16711e85cb8c1cfb7	0.294	1
decide-context-129	444354a4e28eca166fef29bb787c6625c0efec115b0e8511f1f7fc1804495f7e	0.267	1
decide-context-130	cc984fe7b86faff052ede1fe325387e66b5520fe156c45225a031b9854b24058	0.341	1
decide-context-131	3ab90122b697a33db0ab8cfd9f465ea3deb9e5b36913b2146796b09d87b27202	0.265	1
decide-context-132	7e79982f0e2e0601dcd32336c2f3f3ec2546d74e6bd08deaca49a3478a990e0c	0.327	1
decide-context-133	53034141bd8c38a0eadbb6060cee41a22322459f199448eb6a61ec4f2c2b844a	0.278	1
decide-context-134	d73681a597254715cd22a505473ea0777e60c330cc9640d796f31c1d9eae47d8	0.366	1
decide-context-135	2f14eb2993962df9ea9900721507ad5b076ad3da7f42a1e19c2495622fb2e092	0.351	1
decide-context-136	15c992b8e9d3003b5a81cc9a7109852d9be84fe5a0630a9d94516e975ddd953c	0.281	1
decide-context-137	f6d8f6ef4c4fe2a6a8188357768a14ff4114f123dcc952a5777525160e758276	0.303	1
decide-context-138	159b529d470bb040767729a4cfca794470be34a4659b503e8a4bc7188d7613d9	0.297	1
decide-context-139	50f1168681a68bc79f0eeb1910a9591e8e24afcc4110a813479b43dbc5321296	0.289	1
decide-context-140	f73145610b29d0e9c796073326712a792563e1c04c72ec929b20a02aa296f19d	0.264	1
decide-context-141	dd7581ab9c69686958dd1b149750ab824b6c365608fe0f68651b1442a9c4252f	0.275	1
decide-context-142	84e8c5e10b043cf484059192c5bed0f30c1f88b2c364c3fc184c655960ece494	0.271	1
decide-context-143	2a4ec3495cb860a0956bdca86d16bf713cefd76f274e731710e2249c2836a44b	0.285	1
decide-context-144	7f9ec022987846d18419a9fe297f9f7d599832c7f4953c86d8b1e7263824a34d	0.303	1
decide-context-145	29e9b760c4c8dd9af412e86c49ccc8de9f5b0994581cc08d4c134994c62c466c	0.308	1
decide-context-146	ba63f42b38b3f0492551947b9dc436997a8ffdb5494dfe5307175b56d4ca7c66	0.306	1
decide-context-147	6491ebaa4032998027b2d0b372b81f5f1e594153d6bf7cafc76b6734f0a3ce93	0.321	1
decide-context-148	3d1f642bc38d9e1654ebf7b4044081eb0d0363092f00a97bf28f3f1d1c3f13d0	0.301	1
decide-context-149	91b1155c5671ad07f670e4ab1e80780eb2e3a0c593a7e333ee4a7acd0193c895	0.33	1
decide-context-150	fc8944a201125763ff485af64c61dcc0635f3f23b2c9f33c54c893581b1605c9	0.309	1
decide-context-151	20dbd222b65a64ca023f97f7216038b7bfa6ca958ff158f958aec258825f6d60	0.291	1
decide-context-152	db16ac337aea7c6166497bcb53b879f6205904ad8757bdd4a118a372bdf03627	0.271	1
decide-context-153	812dc34fe023b226c59088368dba8ccb67a287ef69caf98b67d4970776b5928b	0.281	1
decide-context-154	a53c8a434f9ae6260b67d5d100c3e02634699e02dbcc3aeb12e12c95a5d5c989	0.27	1
decide-context-155	928485e34732af828dd08717d89f1291f5318c012403d69be6d554aac63b5d6f	0.258	1
decide-context-156	18786912b3cb4a4c16b7ba8e7d483c81205b4c0c82a95e5bded481493fece358	0.271	1
decide-context-157	54b7fd33434147a05ae398a048573d3e0e0830209229fdb59f8929aa0fb823ad	0.271	1
decide-context-158	f699179c47d801f154ecca2ec0776360356134a7df94ee878f637de453ea4f54	0.264	1
decide-context-159	ac9d04a89dba721c336d2c6d97ec65a42ec3233d7aa3ce24fd25cd5a73d4c0b0	0.269	1
decide-context-160	2062a1788de017cc2495ff29938059e2e0f6d37196f7afcdd01a7bb243f68624	0.273	1
decide-context-161	feed6fe76cf00c53df6145534b1f418f8a61c274b62dcd45f363438dbc575345	0.353	1
decide-context-162	7ba1148a0b2d8b971ff598a260a5050f10994f01d537be7119f23267ffa1ab51	0.293	1
decide-context-163	2a0100fc37513a571cd706363cf1ad6b080136ec63cd5380063c8e3b13671876	0.278	1
decide-context-164	0f84bfb507c02c87b6dd3e5b918e2ccc2082d0b8bff8c0afb6e0303f5e0afc34	0.269	1
decide-context-165	5b204a0fdf2f0bcbde0df08b21ba02e7e7fca0222d6e37fbc9eda3ab45f0a35f	0.281	1
decide-context-166	c6077fac4125f97282d8faae4ead52ca211a64259135dfaa337e269a32c8fd99	0.27	1
decide-context-167	4ee5049343b5bdb5ec1161ee9e5c510563a0607486154a162e9d8f46314739e7	0.277	1
decide-context-168	9b97d335cd20cbdc0c776c0bfb394d7975942463b6952df8db0620d130b4f93b	0.297	1
decide-context-169	daa0cb29733234028fb9c708a8d9222b268069108b15ec04c1097a4a2639a8e8	0.274	1
decide-context-170	173aa4cd692b01e335f4e8fbc857e2dfea26b2783651d3e0d3cb409dd760ee95	0.27	1
decide-context-171	c62cfc624ae658856c31aeaadf2d8f01b7770eb439dc5c6c1d838b76a4bdb97c	0.291	1
decide-context-172	c1c24efaf633d7e53225a818db30db9403f2b4fc75ca1f23cd10e94c47306433	0.329	1
decide-context-173	52fb66a90607d7d18925d012c325f73f130cee92b7941db999db7e9a6d2ec7c0	0.294	1
decide-context-174	02304097827b83012af635d6414ffb432d18dd864b5bce087dc48a5787f823d3	0.28	1
decide-context-175	d3444071eca06632e5ba1f7c92f02c9c0fd37ee4a973ba31ef7f025a81a579e4	0.274	1
decide-context-176	6bbde54d1c15b4387cb692d8f8d12ec2e5243bc994c9ccfd04f1c4acb2183776	0.274	1
decide-context-177	ee6712c40917dc92bbe72e823f22d84896fb12be7e2c5fa32106eaa4fc82cb3e	0.285	1
decide-context-178	345147a1d276b26f7179220b3d0b2c6ed308353d86463bb2b6c38e31cc354c15	0.306	1
decide-context-179	370366883ee35393ad3bdd0249ddeaa9ea9c892955f151902e4cd9d75c31109f	0.266	1
decide-context-180	8305f2955886e520a3dbf2493c5c8f2e58f6b23c6741f7a389b22a2061447e63	0.272	1
decide-context-181	49a97069679e6b320d6522f2fd344eb04990d2f0e26132f5c9750489f8532ee2	0.27	1
decide-context-182	42931860ec754d760ab618662b6e77af4803dd380b49e8ec3dafb25dbdc31d4d	0.262	1
decide-context-183	44141773f85ec24f996053269ecab3746f9a995867e882e7b5e2f15eb0044179	0.34	1
decide-context-184	88d57251d6e0900b45394832a0ddd512558f2cdb4849a1b40ff1d44f30e9e793	0.33	1
decide-context-185	9e2e1f8f317fc97e99b11abaac5e4f7bef9674be4faf3994e841d4e4983d5605	0.277	1
decide-context-186	469fd8cd5e5aada06bc90f84b79f225d943355cce609ef6fb56d70003b192486	0.267	1
decide-context-187	1f2f216231e960e027bf1542e7e96349771b30d07d0caca93dcc9e95942c3fe9	0.272	1
decide-context-188	cf13460a35c4f08985dc9e1cf26ffb9decd18846d6b55731fe40153a4507e75a	0.325	1
decide-context-189	ddb8e69b1cb405a95009e40068f2c25440c6a1a03e61e3a092bb50ac7b25133d	0.281	1
decide-context-190	32b4cab3d05bd084789c395d520ecbc59348fc6b3ee8dbe7691f643a0b37dc00	0.277	1
decide-context-191	a83f3c72d0a5901cdcc68a705f252e0c8c013610bd873dcde0009b908f607231	0.273	1
decide-context-192	9f559d114ab7aeebbd3b5f52b9e44524f3d89df27d82d5ecc3c35c364e2f4334	0.302	1
decide-context-193	e98dead6f89153270186cce2e886a3d577fd0be1618f928031e7413522119e5f	0.384	1
decide-context-194	2efab3b1d23b901deeff3c37dd71dbc3fcfc40cf630d4db64b286bfa4b0f1607	0.276	1
decide-context-195	6910f2e0bed422df4b3679fa778b4629c47ec00ebba704aa28c2bd5219255f86	0.33	1
decide-context-196	8fe3b3e5d7369e3087011eaaa429c33edb1a4b091ddf6592b0c1bfb6fb46d1af	0.416	1
decide-context-197	eb8d09eafea227544cc837d55ecff129081a8a107cc88fcb7be90195b7d6cd15	0.426	1
decide-context-198	1db5b1497ab021e2a40951d61d3c6e69491482750c6ab9478847db8e135310c7	0.389	1
decide-context-199	136552d77e2145cca43755a2d7b6e365f6f72c9b258c809cc5d2d471fac227b7	0.291	1
decide-context-200	da077f3af477b57468a9b442a02fae4299edec64f0a6f36efb097cf07c12e0ce	0.369	1
decide-context-201	587815c186628a76e09abf9ad5979e7241150885a1f205eb6b980051e6dc4c0f	0.367	1
decide-context-202	382e9b9e3e1bb452a3f8bf72b88c9d2dc04119e7685a7384e3fd256a4750f796	0.327	1
decide-context-203	9d58ffab681fec77bb212c3f42c4f0f0e1f097d8324b75649c248c94cc2d6124	0.331	1
decide-context-204	7299b3e9e3de1ab3732d0eecce49de5bba7eb414a32841d8d8b30c1c4db3c15b	0.301	1
decide-context-205	dbc3040c87f514e58f419869c9ea74f4a6c52aaebada92403dfd9f2a6bc50769	0.293	1
decide-context-206	edeebe7b04d7be981c1e94d472f531ea5a1f2c6eef6d817b9aabced509ce7c32	0.345	1
decide-context-207	579a9a6b7e2f1ba71fe2fa114eb845a0f83cecd37d9b3e3e0259a5ad139abe2e	0.273	1
decide-context-208	a7cde1f28efade12bc6bdc702262e7dc960ea97c5e244ef13ce01257e033a196	0.296	1
decide-context-209	73c6b68024219ee3bb5d478b98ed6a7b1731f44f3a0e8d4a991aa710753a451a	0.32	1
decide-context-210	e4795d126bc47d52f1de595fd077f197c412110ffcff946390416719f2d8112d	0.273	1
decide-context-211	65ddca3911ffb1b38fb82482ecfc12cc6bf3877a04a3fc500bca3a0394e84afe	0.303	1
decide-context-212	becf5861c60f263fd6909a99576ef0a023ad66eb450b793f7c2b3d1071170aa5	0.274	1
decide-context-213	fd54ecea0f43d58f0f2158a559189d498ef79ccd2aaf3ff9e2220a3403d83365	0.283	1
decide-context-214	d6a7853945a64d53370d6780ce8c374e8ad843f61bfeed6e8905efa67fa31feb	0.29	1
decide-context-215	e6eec193f3f094f372576267d33b3015067c601da1743965b15ed711ba0771b2	0.267	1
decide-context-216	6c1271d22b7cc8ecc202df551171263a4ab2b878ee4cda26349662c283ccc1f0	0.275	1
decide-context-218	be85ec36238e5454b3511fca0add59d8e1bb2350183c51fb3002056b52da72c4	0.263	1
decide-context-217	283253706f0bc4dc27e016121ff894eae9904235a41c453441a09209cd45bc64	0.578	1
decide-context-219	139167aa3f8567c4d307c5012dcf7f6a30e8ddbc1e36538473a1f9174034ad42	0.313	1
decide-context-220	8bf357f353933d112a8f259befa9a58a8cd06c6bb7478c96fd5f32e4658f6acd	0.307	1
decide-context-221	217b068b9ed713291680a50ee0e55ecb6d94e9aa444047357aaf590673f22177	0.29	1
decide-context-222	9c075d66c029ba1a2622a601a529e899556ff55e3fef7b90780badf616fcf2c7	0.284	1
decide-context-223	ba9f9eaae9ddc208543b4a96ed01461fd0b6ed38c3ea4a3a81e2601e14be586a	0.334	1
decide-context-224	845d24002ce6c888fd061f9b9a61b447625f930e82a5f9fc45c4304d938f2bde	0.286	1
decide-context-225	f28974c9855718a5f24f02a4c8ee25c995b0a2617931f7e37cd549cda7654d0e	0.269	1
decide-context-226	352d804863386252a38045e540c1fa26d43ef0ea564f7d821fb0239b5897b1a9	0.307	1
decide-context-227	3a73a604e535871dff7cbf216fe87db0955a2a361e140a08d4b7833849906224	0.263	1
decide-context-228	4dbcd5cbe25672849c8095209514d451ba0f7b16f8748eb4c743b0b6e9472dd0	0.299	1
decide-context-229	c340d91b04407f66c6e2300489a14063b0df9b8859cc4a8a7e99d476eb4c875e	0.272	1
decide-context-230	9f2e5db91cc962aa7c7411254050d5ef622d00a4cb4c3c9f6cd8cd0335291ec1	0.29	1
decide-context-231	f01c11d3f02720bda13f8954aabbd5eb5d5aa159bc9c773f8c33c66aaa7af3ef	0.264	1
decide-context-232	16b524d5a8dbd31ec215e31b702ead4880a9b928dcc47f3044d926f47cc560b8	0.29	1
decide-context-233	f7ccce01f1d824fff3a64b051536417dec910457c56be7196a6d4bb908d034ec	0.278	1
decide-context-234	342734c944e51ee98096f58470f0ae3245f5b382954a2dd2709ee1666e00786f	0.283	1
decide-context-235	376f8d1dc28c0ba75766a1e892570c47ac67dee8bfd05e88676325f22aaccec9	0.296	1
decide-context-236	caf9370919cb480236b492c599ae370400f2696c00c6f57d8f0b8e06986fc790	0.269	1
decide-context-238	45b566f7279db24ce9452413c4eae9401a87756d5db9086cb113389d17527ae9	0.279	1
decide-context-237	ead0effcf2c10a6add99e67160295ae783fac2062ba2f096de41c1dd6702c3ca	0.546	1
decide-context-239	e845ab3929ef964f6b2f888b06d5f5fc3c3147b1ba673373ac27151a8a7368a7	0.267	1
decide-context-240	2c7b9b0d378a11a2002722eb5863619fb92d2fb3cbec51e4b1ca38b8bcabb3de	0.306	1
decide-context-242	01752e421bdfc27fc159d1d4b2f90c53a5c513e1e7789af83f30e001e9cbe3e9	0.259	1
decide-context-243	f56118fda0085a29e814a7c4abd14948b774c93836b8dcd277a9b3473c724106	0.282	1
decide-context-244	e35f86f048608fc0be1b116ad97b8d9faa2a60cb7d24892c8a66bbced8ffac56	0.271	1
decide-context-245	c8d63dfc068df6ed2c25d8cbc2a96cc16c35352e5569c62a49fd9011054a998d	1.603	1
decide-context-246	b7a7c4b5214f192b589edb0ae3215dd82a2226d784ac58da93cce2fca4442df0	0.295	1
decide-context-241	efb602e1b4a5920a413546c5bd5755ba59ac196d729f689aea72971d58162b8f	3.693	1
decide-context-248	462b620910968d827ad881c793bf461d7b0fa3ff38afa347247d78d09ca32a0a	0.392	1
decide-context-247	f144a9e042d8ff57bd0a5f252613f1f156c3daaf801b13db594aa1f6f1e20c86	1.537	1
decide-context-249	81c4cb4ab183994bf40c33febf3c191358f1dd4bd74b9ca6361fea23251ad282	0.321	1
decide-context-250	9ab32601b160fd3622c2b6ee7faa22fa8ec3094d00f4be602b140eac77882b6e	0.281	1
decide-context-251	45378c62f1e9018078a0677da7f84f96331582796ce013c0f7ad551cb151fd6f	0.318	1
decide-context-252	729fa9bc358e417acaf2a813141922996290a9b054a65f7f0eae1f3a1b773f6d	0.346	1
decide-context-253	9147895bd8f9c170d90409fe658e52f90cb60ce9604595d7e8ef1170d3ac0479	0.325	1
decide-context-254	08b2b4f3deaaabcfa772a707df5c8c2d8e64d4b80c2701c48da542388f6816a3	0.266	1
decide-context-255	8d38a3cff93682c70e707640733d5cb0bc2fac0a645b66c9b65a7bf76f728d54	0.285	1
decide-context-257	46976b8ade6d1732f8f023fecf803b8d484ab21df717cd1a64893a27c36fe7c9	0.268	1
decide-context-256	a4207f326399c896c02b3b2ccc8f86b494228a929cfd92ed96b175eb1ad16b8d	0.543	1
decide-context-258	7ee1be4c0a336f498176fb5bc16af5eed0cf17709448748e0183643920de4ab7	0.274	1
decide-context-259	050dc4bf8cfe309cfe1e7380a36b399e36c6e132bd450d15cf253fdf8a2cadad	0.279	1
decide-context-260	ddf101e2e26c21f826da165e75be09d08cc194b137ae464a4c9d06bc5fa9f18b	0.303	1
decide-context-261	b7d67ed23ba52aacf324923004895742a8c92632e5d57f0c10dda6377539e792	0.277	1
decide-context-262	9c2fc17f83063195bf0cf25d9b4b656deb7f21708197ea8c134d5b045784c6c4	0.301	1
decide-context-263	dac8a307bfee8a15b731d49f7c16a770187350b6d1e6bd29321f2abe7f057941	0.31	1
decide-context-265	895e2bfeb2d7902986a317b7971e9c5dabe836d521bcf08de362a9f187a3b36d	0.271	1
decide-context-266	b5b5f50416e830d87d55dbbd1581c36799bc907daadc11221f375107504b7d68	0.27	1
decide-context-267	1ca391c9fce301bdd41b219c9b4ffb229952da16bd4f048f46deaebda600747f	0.271	1
decide-context-268	16bdde88cc91773f11f5436a442bd6f60299e479cb66b4d4e31185ac53bf720a	0.263	1
decide-context-269	142442b80e6694de7e2a199a97a672e9309a05ac9084d648158c5c24a2d65581	0.288	1
decide-context-270	de0dac49c86cc392a39419bb3adf5e208c8067a52d442033bb76eb6ca9242fe8	0.279	1
decide-context-264	a309bfe23e5cacc3253bf71e0b2de18aa5444a11a218195c7af39f29ddef8f38	1.858	1
decide-context-271	944d5f702958ff7e8ff9bfa5e5d05065b2ff8f90ffb66aa255282fccba22dd13	0.292	1
decide-context-272	f2f2fa5fca01610f73dcb46c5686fe0d30c04ebe5a394f1f2c9ab45f040148e9	0.331	1
decide-context-273	4dcf3ed38e10c0b07ea76f94f0f028dbbc69dbb800ce6c13bb23dea725477748	0.278	1
decide-context-274	e2d861f5dda9242d656ca133dd36e6087bb25f8a885454ccdc3e1d471f478d8a	0.298	1
decide-context-275	4c92f67837630777f1d42162556d6b7991e01024260fe05d21fd6f1c2663b03a	0.286	1
decide-context-276	0e135ea684f00931051333950018cb5cf483771c58d98651b39b9932578f1cc0	0.3	1
decide-context-277	1924fc8f83332fbecf27717d70017687e357a517e39e1915d8e8c0d82997c6d3	0.261	1
decide-context-278	5d5aa115cbcf87c564a126fad0ef3e4b43a7fe96d10cce9d666b249204bde7bd	0.278	1
decide-context-279	7897095932329daab8fa8d8e3364e55ed3eb22dcaf0427c0e7f0dc354a912439	0.269	1
decide-context-280	cc8e8cb225307c1274f6139331f77a26a7b51ff9cfe65de1fb77c07327ab9a9f	0.261	1
decide-context-282	236c03032f3f102442a1cf56b67b0716be6727b6d399990dd4de3f6546595206	0.274	1
decide-context-281	61c5c8242635d5b091a9febf3b9647c1326719646720c2beb580c0fe80028e8e	0.449	1
decide-context-283	3c91b76db76edce4850f58576fa53bd60b6f4091271bf1228ecd09c19e312d71	0.262	1
decide-context-284	85c695c1145e7b694efa2c5ac2d063e4a8d008f1f96970eb274f502b62ff2b99	0.299	1
decide-context-285	893ccb67a656c345004a294e857e8728ab9f313b3c7f1aff2a427d9c94abd494	0.27	1
decide-context-286	a938159e4e032c9d6feaf41f83dd902fbc3080773c01589a9017748be9f99e47	0.291	1
decide-context-287	cc550659a840fb7b05d4c8e3e09f925a56838db5eac50b303539e606942a1611	0.361	1
decide-context-288	7ab30136937853d3089c89425a716f2d7feb0b1ad2a069cbfaaef74ced5dd0fe	0.308	1
decide-context-289	9a1b85edc30c2060ec1abc7a42c626c07de859675d93edea6a61cfff3007af80	0.272	1
decide-context-290	9ebf23c4a159f3abe6691445977b8cfcd3e71d75b123784616f9643ba3333a7c	0.365	1
decide-context-291	b04d39969b08556fa9f100b529cf21d71f627071fcec02aaf671c06387413831	0.308	1
decide-context-293	ec0b5953fe630c1abcdbfd32d8a2498ace3b8057b6a5579df76a5a50ed7ab812	0.428	1
decide-context-292	d5a553805307596d462658aac1d890f4e3edc8ad01084568ebbc4aaac69a7fba	0.685	1
decide-context-294	a679c198aae2941ce0c9fe4e21f14f9eccc3f0fc4e2fc7bbde9c1f9b242f0bf3	0.279	1
decide-context-295	e76f9f0b83ccd891c9b50da5592393d540b7e95f74b5a9148b981e33c67d2942	0.283	1
decide-context-296	a50b8d2e4e1114075acb47bfa29e1142879f1de00c09aab95c0359714e3be8ab	0.285	1
decide-context-297	f59c00950726cb52a182dc7273116e773332514867996aaeb2e2de2dca5d74e1	0.268	1
decide-context-298	e7194c6dea7bf708d03aed86d607195a6a411f23c0c071177ae9bb4f8537e482	0.29	1
decide-context-299	da68d9fb00bae00551d70dcbc2a2b424ac4f757d96a45726560197e04073e5f8	0.268	1
decide-context-300	2a9a44fd8a4d1264be276638f97ac26fa3e012776d6e24fa181e2caa550db3c4	0.265	1
choose-reading-001	6761ab3974dd42c7f6c7c8a287dd0bfc79c149bfc94cfc60d011d81707210100	0.247	1
choose-reading-002	da5f2ee213da1dd7a4e26de1c52932425b1a0a416d3c986bb68748178dd17fea	0.28	1
choose-reading-003	4718e620a04dddb73bfdef3489f72a7ecc55bcc233b56caed14759f7614df2ee	0.257	1
choose-reading-004	6af0a7d07f6bbcce28cc96cef9d7dd88d12ebd9399ee6b6a28ad9117513b3821	0.252	1
choose-reading-005	8ec7146390bd9cb86ce5751c2d36019c6d84bede9629c63ced63765fbc7ecc03	0.426	1
choose-reading-006	a17ed4f4738c329390fe88c5886572ab5963a04832d118ebd88bf6682254c23b	0.249	1
choose-reading-007	f9a6a4ed194577409cfdcfd5460f40b122d16cb393451fa4cac833cf9afa4e4a	0.234	1
choose-reading-008	9e848ee10076f31e785c2b0b16e7bddd0ea4d1bad717e2ced9d87b09388bc532	0.236	1
choose-reading-009	db60c9c7b728fed89bf627ed3e729bc2368bf47bfcd61d8ad7658fe5b92e232b	0.25	1
choose-reading-010	d5e484eef7082e0984a5f1536eaf72e2a0f5893b32bfb2ed6e3eaa8b4955e637	0.247	1
choose-reading-011	e6eaf7e9fdd1265e945543e21e16869adc7945905041fadcb3634493f1720d78	0.244	1
choose-reading-012	93c21ca6be3821de3acd08de36487099ef245bedd489a90abdc7c249f4cc5231	0.249	1
choose-reading-013	b753abfb232f16a13c5ea6c9787b92d6cdb73873e8dcb0edba847d9eb80088fc	0.236	1
choose-reading-014	c0d133aebe8b72ca68c087e44ce1b052f6a1baedec8a64f1cd033ed1252efd1b	0.264	1
choose-reading-015	b4bfd7efe5bd923e45e78b4e24885809c9e138c34afd11a6fb26cdda80145fb1	0.27	1
choose-reading-016	b1db32cf54c57b5d580f590289e0354cdd542f0af9c2e7ce9470c1ce8c531aae	0.258	1
choose-reading-017	c3df15a483b50f9d6377c6101b95884b465f4c1b93e5665f6eea8d4f67809109	0.261	1
choose-reading-018	3b3cac8bc9cd8b1e31bb7421b951227c532a4e97c988faecff776df1118f7847	0.251	1
choose-reading-019	e1e34472075ad068e40b3fbdc5253bef5e418778e7189b8b82884fa712e1d82b	0.276	1
choose-reading-020	66ce55e9f636810a72bc1a038a56abfcd4fd9b8caf5f336ff3e2ab4c7af7ac6c	0.302	1
choose-reading-021	e79cf1749ad3d49c80de8175958938dd22a0415ca3eb3ba76302af5c1eb1fc06	0.282	1
choose-reading-022	09d012ebd8b53dc6f0c9ce41d8fa2087d56e8bd82242d03ef50f81305b0bc702	0.248	1
choose-reading-023	d61dcf05f465ca8b302f7366a7baf37658bf19133ce5ee8c03af73c3b7c5f2f5	0.251	1
choose-reading-024	cceb2297ec1f1a5a9b65976867780faf5f287c2e8c65e7bce44685d2673aea6d	0.244	1
choose-reading-025	861c5d94c16d2be55f7e292a0ade07a801a08cc763a7ef12c727b79db284841d	0.244	1
choose-reading-026	66355f0e0df7a5ddf8c95c644a150b4af33423285df03e6cc4a8905c8ab79e9d	0.293	1
choose-reading-027	8cf672353b077b7dd6f2ae3032dcd0b561d82f70ca060590d5f57729c8611c7f	0.276	1
choose-reading-028	61e10dc9b639eacb18ca8d05eccc7c4b658edd611ece07263bf17901785f94b9	0.262	1
choose-reading-029	53b8aa52ca46f1f8bb01667e77091da3ee0bbaac05c19a1c5023327c9132c911	0.278	1
choose-reading-030	d61bddfd966b91f884946b0082f6f2ee948688abaa9cd2dfdee1081428fe5d59	0.258	1
choose-reading-031	d86765302e28ebc8bf1c2879572b5e57a3d0ba4715b0a1bf03b71936e0c40784	0.259	1
choose-reading-032	048f2bdf315ff5dc031fb90baef3e644f0f3dc14f414c004ced4bdb0c9035970	0.275	1
choose-reading-033	57e43c79757069817b279f2ba88d3db5f539ef2e74a5237019d5ec433876c4c1	0.276	1
choose-reading-034	6fc8b93f6e67d1c9aee84cbce1159b4bb91d0ca321dda5c0c8ff22ca267f084b	0.283	1
choose-reading-035	c9e5423ae8242c7af29c2451746ad6e31d10f1b58dbbc12167ccc92256e85bc1	0.269	1
choose-reading-036	5e3b23f0dc9f9d9d07eb3c7cac7956d7b3d271fdbc9606fd143ef8e41ac2d805	0.259	1
choose-reading-038	4ecd69c3e09c830ecae487184ecf9cd3b7d4646b78f3b3bd67701f24f70b63fb	0.261	1
choose-reading-037	8b4d6430529d0c787ab7b1a77e450b723129dc76fa916dcb894d103c487162e2	0.352	1
choose-reading-039	e71436dac6141e882c41e78f6c7dc9b55c9ea957d498e75c7e78533fd91cbc73	0.251	1
choose-reading-040	f3a9f39b393e5d0e9a16f2f5d61de606672e7f2a8ba01b1ad9f40070dbad4ac6	0.29	1
choose-reading-041	f97e509f84df789e45af1d3da7399c96c7d233f60291ffacbbe3f691c8da550f	0.271	1
choose-reading-042	edfa2b01340635e287de27b235d0bfe554f1ebe7183764c53289bfcf1fe4a09d	0.303	1
choose-reading-043	d5f2fd6f984c5237ed85409a66df79ad6de3886fa7538741270b447b7c719aa5	0.308	1
choose-reading-044	cffdc0b44b9379ddbdb6ad1e6e7c9876ee167e384843ad28b9df406de4ac4449	0.287	1
choose-reading-045	cc621a0e169f29a4f8a3cb625e728a44500156830baad88b803ff5c531b68059	0.264	1
choose-reading-046	c16390115f5f4d7f34e5c726c9785cb35081c0b3fb678c48dcae0184393220d2	0.262	1
choose-reading-047	81c55cf903aaff95771cdb3b6044782f06f6ce645850d8012791c897f7c3a015	0.27	1
choose-reading-048	dfb3ce041345a293e55004ce56afae66ee7b53e5acf712f79061c7ed12f4fc0f	0.283	1
choose-reading-049	dc8f15fa6f8287241efaabc5d4063db9820f0f42efd9c85cbd08d7c01bb598ad	0.265	1
choose-reading-050	951cfda6b4c70e4fe92a55874fb14ef97783a53b32d6ee9e7f52d965916c50b6	0.281	1
choose-reading-051	698ecd424f39c4e734b491e9347440a993e446f8710783c2d4e0bd7cfe9151a8	0.286	1
choose-reading-052	90f91252bb5c82b1017fd6cdfa71e8040866986a72ddb3a1ed0e62e4c3fee7f5	0.265	1
choose-reading-053	33962fa925af01269d990686cc906c56802b2ac43510ec9b3a29f6f9cbfe7431	0.277	1
choose-reading-054	37576e16128de82353cd807ab0ee6ceccde528520d3fa84d62376b0b93f19b51	0.326	1
choose-reading-055	a8e889b03115be524032c3be7a8363be854fd89997b21a5bdd6847737c9385c7	0.268	1
choose-reading-056	1696760fb134720c91085ed6f47fecc35e03b38c495bf355cd2a2dd584cd2621	0.278	1
choose-reading-057	63079c4be03851c8e345540afb06ff0f8c1e8bdd95e87ee624aaf68394275e90	0.273	1
choose-reading-058	8927061eeb33ca5334b4eef65ce6804d28b82c7ec488392a64911fa4aed65f77	0.29	1
choose-reading-059	5588780856ae875a3efa62836fc8ed009a1c2ffc3af3fe6c1d1ecbe1a0251375	0.281	1
choose-reading-060	58d7fe470421d20defaa2e8f987f9ad740b8d284746b574a809501da81810b56	0.347	1
choose-reading-061	eaa7f47147825e25be39bbdccd7c958f03b1f347920f9c8e4ac1823943338af8	0.369	1
choose-reading-062	72585918b71049205ffe7a1b5efdaa4236c176e2fdd8146cddf22cdae1f0b8fe	0.287	1
choose-reading-063	174e4a24edfa41da2f6df907f4ea49a2a73a576f325520f8f39528315c9ecc33	0.278	1
choose-reading-064	def99d4fe7c96563551f2a68fe84460741875ee37fef01da38d5b3a25153bef2	0.288	1
choose-reading-066	af8e6dc6eb1392839f4edaaecfe81a57cf5f9e3a0da23208896e51e2b2d26776	0.287	1
choose-reading-065	e631a57aaa1798d52345080aeddd8aa98c2a139703189529136f9cfa13dcc889	0.479	1
choose-reading-068	b63f016037769313c9bdf011e670a4e983efa6fedb7a6d11752000cb5193cc3c	0.271	1
choose-reading-067	aa8ce922fdde7d23ae933c779fb008773aee9fef1ef56e340796e223f74f5a14	0.371	1
choose-reading-069	7c96bc264337ccaa6c64a7d85c6106430592d507cf18ff0d06c80ed103c6844f	0.268	1
choose-reading-070	5984a75147f67babbf2ca0fbabca3406de8db3b61653eef5cacbb36d14ed31eb	0.295	1
choose-reading-071	bdf3dfd11ae537f912f366587634f503a64c72f7d9182c61bc36c6dba3c4bd0d	0.256	1
choose-reading-072	923dccc4176fb5454eefd646e53cd58b34f089b8c9a82eed8577415570b72b45	0.249	1
choose-reading-073	55d3e263f314d3d0ad2d878ee6a758a4d977a4fce862ef0101d46bc970abc8e5	0.338	1
choose-reading-074	5a61f4cf3194a984ca42d507f0a837027a8fa7fbfd4d07d722b42574d044fc69	0.303	1
choose-reading-075	205e759ca4248b4271575a3b681b757b3f1b311bd9f2fa02d09710b3aeb3c7a1	0.38	1
choose-reading-076	a73e97fcc86caf98e28a47d3c51db830db76390ce26572dd809474acd10edf61	0.387	1
choose-reading-077	d39c80da58f2c9155d4d480c3bbc753e4fd7b89d91e1644fe8d81922a77d6e70	0.249	1
choose-reading-078	8f25be5e5e4370a261acbb72e1ea9590bcba639e779424e740666b738f50c2be	0.29	1
choose-reading-079	5a1c3d0070cee363db4fbe8988c3e91ef5aab55e8c34776b9d2ee65764f0aac7	0.301	1
choose-reading-080	d86381dcd56817fd1bca043f8fd1813e21b92f9077a573bd45ac16c5732ca951	0.269	1
choose-reading-081	f397aa57401ad0b04aeb5a15fe64fd5674bbc31747d08512bed5c60c5f85d83a	0.302	1
choose-reading-082	3c90eebf5296f10acb0005aebd56de0806cc6369eeaebdacbed40fcd72d81fa9	0.3	1
choose-reading-083	c7a2aef457fabfe6ed8eaef1fbdd772aa97905a69ffe82e52675f911117d52c5	0.26	1
choose-reading-084	177c2c54df4c7495aa29f1cb45f09cf7d12a54a3662691f1100b9278c185003f	0.25	1
choose-reading-085	c1372c12bc4a0e45483f3409d62919d210b1e915ec1185758e99f9359dc530fa	0.27	1
choose-reading-086	b57e0a5da49c4f294cdc3606583a7d77c76226928bce1bc259a08a620cfbf4c1	0.264	1
choose-reading-087	18d8fe3eb46cdbe60122d0fff19e242c16aaf28e914cc416ccbdbee01a32b3cc	0.245	1
choose-reading-088	3cbc76891e15e3c5ca6a33084acc2517276b4307b6c36a5d74a68aeaed904ccc	0.379	1
choose-reading-089	35df657c82fc53d49542f88ec038eee2cda1a9c5566a7e4a9453ebf341575638	0.414	1
choose-reading-090	9d82289cf7012bd650e21cdcef03311057a0b23ba8e5acb8f9b302a172b639e0	0.283	1
choose-reading-091	5d0482cd9b5dcfae924847c3c63f440b24837e6436524c63cf0bab07b103cacd	0.235	1
choose-reading-092	e1ad807927c7e720849a608571920e94292621b41a173911db318428a551f9f8	0.253	1
choose-reading-093	f59c5616dde2923b38e3ed91a31f12a0136a24f205144dc218e6fd6e34482f4f	0.241	1
choose-reading-094	a7a3bc108f4aeb4339fd3ec8ae4590856aae19ea82c451e73402abea6f6c7a0f	0.265	1
choose-reading-095	4157d87fa26d68eff24037798224622e8755af64b93e7c0d058cbda61e1467a3	0.255	1
choose-reading-096	6949edf53f96cb388665a55382378f8ab8083cc8e960fe25ea135174eacac92b	0.24	1
choose-reading-097	ddddc86b3a8d7de7f20ab33f451447fcb5b2552eb36403ec49450ae3a449d2f9	0.272	1
choose-reading-098	ed6e0909797266330fefc04a9fcee54f34f29c515be5f9449513549a947f2e64	0.265	1
choose-reading-099	d376709c1bd13a8d15cd9e24acb194e7c3bc8bb1181b19d16f0ba9c85a590a4a	0.236	1
choose-reading-100	60bc05c274c4ee471e8792973e44d1f12e7394855e1e3e58def959688946eb26	0.275	1
choose-context-001	10be0fcd333a0b4b9a7aa3da4b811a1f3364b11ce0e7cf55350d965b64c08aec	0.286	1
choose-context-002	ffd4f4433fade90c73ad3e9accd4c4964e18e32777c9af575679f9ce9f0656b3	0.283	1
choose-context-003	9715a553f226ed4b61ab7aef1b78f29bbda20b8c96b93077241e1ad08b6e9681	0.297	1
choose-context-004	e8367f536751d1e9224c2c93b9dc14d2e260a6da081ba8b7e498005f0bb1b876	0.278	1
choose-context-006	d029089cf220fd4f26a6854a886fd6ceda9334634a2eda43b2e72db9382d5aaa	0.35	1
choose-context-005	54f5e40f1de7d2fa64851f95f804473c0638f147e2aa4b64ff8d2b450dcd468b	0.45	1
choose-context-008	daac3a54a96552e9c12db47b207996961a508fc7bfdafd80447b992efcceacea	0.26	1
choose-context-007	5741a2829e5111f5244f8412533ee775ae4235c5f3e154258538661cae2a00e7	0.348	1
choose-context-009	7ba3cb74bcc9c7a343b34ce70b334e9a4a6af4765221e93eb431e6527c1177f4	0.27	1
choose-context-010	474334001cc5768666dec434770934c9fb932653017cc852cd4b45a83b8782f6	0.269	1
choose-context-011	a2879ba6c3d1e8d01a437ef2011f508bc853c544d5113291853c031efb9655a4	0.275	1
choose-context-012	6993bfd9e54b52c02bea8998f38afe43674ef1e1c191f2f843f7b62c8b594058	0.287	1
choose-context-013	fad645b387b31c5dd7c16a91bc9ddfee0cd0c576c9303d59edbd9413bdb40cde	0.296	1
choose-context-014	024fdca8d9ce16c6fcfd370c4c267036c012b1955e7a2234070bf975b56a672d	0.289	1
choose-context-015	708610c37ef107e80b12b2a55b249e576fd5d580bc8a046c6cab3199ca777981	0.274	1
choose-context-016	63337a1a0f4faaaad38448b20ce72c058befc06231673859e4e07b6aec8251c4	0.295	1
choose-context-017	7c74aed6f5764d2a8b71d166f4f9e0ce80af538f1ec5ccf3652b8c6d87c320d2	0.286	1
choose-context-018	90afa60a5e16c89b9edfc7affcf1b755c6291e952279c77475876819f3b24ec8	0.291	1
choose-context-019	0ab9279069bb03285aa3477df89b2cd19832f5a5697df89a93011ada95d56557	0.29	1
choose-context-020	46222e60c84b03cc36a2a7b7e2e2c1847c1b177227424491704ae3cba299bfc0	0.27	1
choose-context-021	b47909ec9bff35a94747bd1fd632c72a04b40e1abd2ee528435177a8501db6ed	0.299	1
choose-context-022	d770085bc9f1e9cb1d29af1ad0ab7e937872a783dfa99040c756a1fedfbc43b7	0.286	1
choose-context-023	6fef7b396dc41a217d862c4921e205384eec1c61cc0046a3ea2d1606d85d20e3	0.28	1
choose-context-024	58aa82a79f5f06bfc344f1cca0dad25d3cdd3b6397077dc01484abbabdfa2c9e	0.299	1
choose-context-025	593a57e41d252714f55befd35c71f71c5a096bd5c8bbe9688d0ec00626882d25	0.321	1
choose-context-026	56050f33982206bc7601da3f4be8a45d666c6e07f041fed95f10eeec4e286742	0.318	1
choose-context-027	b04120a95b0578aef32e54c52fea49b7eaa8617f72291080fdd681863735030a	0.301	1
choose-context-028	81235e31574f6bbb8a7aa8ee95b0c543d266e65725d3e79a1f8a87c31110022d	0.284	1
choose-context-029	04c493b08785f8b1282623905ffaccc9a2c45161fdd814bd21e9663444ceaf5f	0.281	1
choose-context-030	11cc8a0b7aa535abeaea5bca89e56fa6df234e30aee57b9db7500bcb6e953921	0.312	1
choose-context-031	1942475145af87c696497d0b6efabfd366365c1d459b2c7cd007a7bbae65dbe2	0.319	1
choose-context-032	769bd3cc1cbf9be8e8f61093919c017886db89f22ffd4c7627aae8d08a03b81d	0.288	1
choose-context-033	649ca5ff06a0d039de5bf65fd67168170bd7b99e5625a6edec96d0685342230d	0.268	1
choose-context-034	7fd42ff8d15c767174d0f9b04f051eb5dcd13000a8e30f9c90c1021dd9634048	0.276	1
choose-context-035	6c25d2ebdd9d50ef91c3744efad5bb928e4ca205f68e6dd4e68c028994a1b2c6	0.272	1
choose-context-036	7517723e5143a0bfb7d6d71b24d87162772b078ab4757ec769c638498a6c3d5a	0.285	1
choose-context-037	babf33273e78171197a594ec22e911331299c236b683322f0974d4a87809f714	0.268	1
choose-context-038	2323702ea30389bf577e35b18b281e63f25fea707390c39089158246ea2dc443	0.319	1
choose-context-039	0743bd0778017a621c0113a216316816538abdef917958f9ec86124c2d077554	0.29	1
choose-context-040	2e9a940a57c9c0863d1ff0ecc153b91625d56f8c8ceea466ebf2b584ffb99413	0.263	1
choose-context-041	d939d0e182920982102de3cdf5b716a78a3432b1a251343b9bbbb36fb9ceafe5	0.279	1
choose-context-042	f52033c8b6785a638f20682b9b6a99d5613674821b0c99bc9503b77a445f47fb	0.286	1
choose-context-043	87baf0271c395d6a76d12a9eee82c8603e25f5b2152aee3edb6bf55c4619b79c	0.283	1
choose-context-044	4476f52eb247deb63d3c2bda1d82d93f3f5ad055e3b39535c1d86fa78fbd3c95	0.367	1
choose-context-045	4d6bc29d28164efda1819d9fc2ae4fbca174072774a2b8333864f00259148a06	0.272	1
choose-context-046	b995f00c034dad5e9dcfca656e57f6855551cec11b23e201478bf83813565bd4	0.261	1
choose-context-047	62d52bf16260effe9d84a7c9874217bd6c3eab4d7ef6f5a46dd77058abf20371	0.31	1
choose-context-048	fe470185f342495d26d1bd6213ec3bd574005efc3cee379f026db8aaa3f388e1	0.268	1
choose-context-049	edd153bf633fba228c35262b8549ae2945d29f795513580690dde4fa2e8550fe	0.282	1
choose-context-051	3498d083a3a0d7857eecb2c04f578006779901f9fa3853ba336b5c846bcdc557	0.266	1
choose-context-050	165fe3826515058de939043fe5caea57e0cb684ec8d6343e057acc9cb55181ac	0.585	1
choose-context-052	0bd307070d3f29a780ee29df02e88a619067ae2caec784468b191cd55dade536	0.3	1
choose-context-053	a88ad83cb33c9659c2aa646794613f07676904b805e5bb8581b7e227470aeb2a	0.302	1
choose-context-054	0a04663644da526bae6e0c676519803755ef5dc7a5e572a2b368770a78c8185f	0.277	1
choose-context-055	e1f26c8f9dd3ce4de8132a8ae13784403b57512f125eba7b44d52d85f07d9965	0.289	1
choose-context-056	59f5cc963dbb0db2b9b5be4d960f64516650051696cd86dd6895ebf971e77fa0	0.313	1
choose-context-057	c6295cad5f661395b0ffd0106ac1c2f7554a77ca32ac6e447b77d698c0b636c2	0.301	1
choose-context-058	1b763ab104878b83e6da8264f7463da6aa5d026925062c1fa243fa8de6795b8c	0.298	1
choose-context-059	0a6dab7ccb8065b385f2fba92a7bb183b130e8d66a000c1589b289ed0b625e9b	0.3	1
choose-context-060	d684df528a521c3d597e1ae24fdc8237b11c4c4bfde0911320518c8a3762d499	0.283	1
choose-context-061	533f65f9fbbc1c5fe9fcdf999e8f8e576be60616900430ededaa275a34ae2b59	0.281	1
choose-context-062	e7b5f58d0237b83b6c3ae0a9058213210af6e3b40d90b5331dd3ddbfdb4b4ec7	0.309	1
choose-context-063	929099d7accd73cc1a75db1d201f466335901be897be7cef553f7ffc8008922f	0.308	1
choose-context-064	cab7ff7f74d275374355e5836b9f945febe6c61c7e286b83bc76ffef44af91e7	0.302	1
choose-context-065	e20736f5e89c78b6a5a0268663858c74c830515aac8d2ce12d77ba0e2618397d	0.294	1
choose-context-066	d3e9913d328193863ac52aa966258bd6808c744902c60f0367d3b2306a5a990f	0.324	1
choose-context-067	e794329894adfc1b83b5e4cca8dcbd4f257ec37020cdf83667b66f5cb444dc4b	0.285	1
choose-context-068	7237a978e336836b42166fc023c438a70ac6b953703ffb7b9d836f3eb2aa5276	0.272	1
choose-context-069	3769e095e168f7cc7b956a26612b785f1483f042120f72ea7a0cbcbe631b5f86	0.267	1
choose-context-070	0c2a7ae479e50050953c4a6e6646243ef554a57b5663d53073c4b1f7c7b701ce	0.283	1
choose-context-071	366e20b30c07153a6dc7d988a6ceaa1cc4c7547a66228ade1b409e4efcdcc8c4	0.271	1
choose-context-072	c6fbedfae14a3333665d644b29d4a9cc974d34058676523e274d0f13e9981508	0.28	1
choose-context-073	76f764162abb1278741e3f675feee87cad7d7ef790bde0aa79bdac14ab1f30c8	0.336	1
choose-context-074	5c6cd6795fb44488de293c638442b4e028b8b6dabe20a337463c07e2a263ff88	0.286	1
choose-context-075	da54f0acbc815d3e87c28b6241ce611e1801cc1c521b7410cd7a03313a1230fc	0.306	1
choose-context-076	c783f9d65728139928faa3736f0d9b7a76e5d8d71c127cfbdec2ca648db5b9c7	0.28	1
choose-context-077	384ef7ecc6c5b6bc42d33eee7dd409d43be88798f376d2750bb7498ebe7af32a	0.326	1
choose-context-078	ad8ebed76b90f484c14b12711cbdc665f8003bd68ae1549e2ac5bbef243b76cc	0.311	1
choose-context-079	6d4cf92efdea527ac87a878fa5d17d8878f9d045cc5841c649e545ec596ff00f	0.269	1
choose-context-080	d2e7926d8225e8eff2c033bf2a07edc0958db1aa54f1c0177f1867b54b08267c	0.289	1
choose-context-082	f666c1dae2a839442929313f0c0e4e6703ab472d8b0381c5e80a735619257ff6	0.285	1
choose-context-081	727c0c8ae4984b3ed859b4b98be93eb6c68cdebf7a37f92c6f5058f15cee9b03	0.448	1
choose-context-083	4b19e8ee753b82e9a8d5a20d6fd7288d4309cf69eae544f9d2b6df058bd72e96	0.355	1
choose-context-084	b0403812fdb8aa1951bb29526e79092a53b5151a4b572729c8ff0667a17a16c0	0.342	1
choose-context-085	c66309b28e8bdd2363a1ac33f1a6c2958ef75ee989075c2c154a0b2adc34a2b8	0.28	1
choose-context-086	633c53d6f16b31ddfcb99de0b991c7667bbfb193ad7ca76e7256d175d0895f1f	0.32	1
choose-context-087	29177b3873fbb1ce8fcb93728fc9e19834fda439d01892e882207ea98b251f94	0.38	1
choose-context-088	68eecbf3310559a9f100ddcb5b2cbe49b79650f3b4979e7a7804ac50d98c6baf	0.351	1
choose-context-089	76b40aba61708e3ba5dadcd989b3d8b7f346fadebbf5669a54e89912ffcc202e	0.26	1
choose-context-090	5b26078518b03f8ac147f76d0ef51880dddc87558783670519c1dc95d01cd478	0.283	1
choose-context-091	268a903f827a4a257522c412d7a17ea8d55dd189c79643d1b64a405f95547643	0.274	1
choose-context-092	0fee66424536827536ead49edeb389db54e4d7432ad820e7960c5e778ab81421	0.27	1
choose-context-093	d1704a2f658f687f3c2a5b3346e80e226232436ddd96d3a973e75e8f20e6d7b9	0.336	1
choose-context-094	603351f1cc13ec8e7421af79f6fdd545156db35875d9b46b4714d382891212e1	0.298	1
choose-context-095	057f096620de5d33e39148d067ced30e22a279b60e68c65fdcc415183a8f27b7	0.284	1
choose-context-096	40b610b9b1c4a070523fc329fdb25372015a73f00f038999c956ea2861541b51	0.283	1
choose-context-097	07bc8c9171d49d5db48efbc1477b33f7c6584e3081bcfd8ae89db0baa6ef07d0	0.274	1
choose-context-098	bc046303f498da3209e62544204dace82eb91a6ecc979e452174c8bd5a29bea8	0.285	1
choose-context-099	0601265ce3af5c5356dcb8b5e249d3f66a81a21403ec2679314c0e6c58b6f44e	0.3	1
choose-context-100	e5687fcd0f53cb3755387aa125b39d49c98f86d8fbbb0c8babfddf7657165be6	0.286	1
choose-context-101	ab44728295a273c3af8d3d9dca372938538ac18d1c57d8fc81407813a5e8f50d	0.272	1
choose-context-102	e272338e26bcfed1c42c7fc02230e947db56cff9de21dfdfeb9c0ec1e139b868	0.288	1
choose-context-103	b7957c51170358eb8762575fbe56f599d14e15f5e70f1777696259d858e5e0d6	0.277	1
choose-context-104	54606629bbf4f7b6a9b6c8d8b1ee696026c6c8c70f0cd164b2a53716c9a2e0b3	0.278	1
choose-context-105	1cbb640af8013258c8dd9869c828b63cf59668cc3a776eea72e466a567df4cdd	0.275	1
choose-context-106	c91c3c7b88ae1601fbbfe4659f819466ddbe3568c5bb236f917fa8c672d7d26c	0.291	1
choose-context-107	55827893a6c31d10b14dc25934c9b57c2531e5493058ece5c592e98ba6f385ef	0.282	1
choose-context-108	8206b9505aaab793738287cb903493b02e4991cef5dace25d78ad0096dbd48e1	0.268	1
choose-context-109	71318feb6eb665fe14ecb346480c800da62d85649e97f8627ec2864e92a24e81	0.325	1
choose-context-110	1abc58601a83b479611b49d0c4e483bc9427475a0c4cb3afd183c7f6cff6e735	0.309	1
choose-context-111	0adefbd88cdf25aecf8f5d88e28d064b18562503fca3d45c5ef715777807256e	0.282	1
choose-context-112	c0a23fbe5c90d39dc3dae919855c0a6e6b2ba689162ed2911afbd47610eed378	0.3	1
choose-context-113	def95f6cc125df6b50f114369fb0e1f9d3c8eebe5a464c57b64c2748b80411ae	0.267	1
choose-context-115	293f63cdf2725de557a00aba1e601ae9fd95b929a1a24ffc26b59079a9bfb920	0.288	1
choose-context-114	8736d1fab7661c6c1732a4a96d7ee6fe387c49dc7ce07da2a630b9ac6ba429bf	0.497	1
choose-context-117	3bd68f9bd402be5ef0e601815a8a6617e3fcb4385d17b299725585a510876b90	0.281	1
choose-context-116	c5d512b50c6f18fe0f5dad6f53df99aca9755c8ee3898dbc3bc6f0b261af0131	0.389	1
choose-context-118	4746d2fbaf315beac0b2c767bef699d3142ecc74a74a0ac270af45e5d6b46d82	0.282	1
choose-context-119	7b4654045451a1ef8f9d6c35f1d9cc7a73db89aac6bc4fe56f4db62aa6aa488b	0.509	1
choose-context-120	3e6570c4964c6f214b75bbf6887bc9d1b169bd73a54a8e6286c3161e5f1ed9bd	0.394	1
choose-context-121	36bbdaed16376618648f23b12fe4ba76e7427fa97c7842feb1eca1fb64b1ec35	0.302	1
choose-context-122	86b75d6537d6fd8daab85f38cf6e24c4f3e83c99e253ec6328924f42874d4a2d	0.309	1
choose-context-123	2856d0f5603f3a7e05547470884d1ac5d69a711fb19f826de03a2da688fcc4d8	0.302	1
choose-context-124	19898c8e11160c60069a7f709db88ad1516bfb12ef9918b0a9f6b4908909771e	0.276	1
choose-context-125	02833f043a437fcab33a51945be35e754f6b4a8851f57fbe0ac7fa153ba652f9	0.279	1
choose-context-126	2d9669767fbf2c48014ea9c387a235b81e025bd463f3c1e1d56d229fa12903d4	0.279	1
choose-context-127	7962c747765a7b2f222b1bf7211f4de4ad4f6a96c607fcc2e9096c81fdfc0d34	0.278	1
choose-context-128	b42e53ba75ab81ef8dfa235e123231be1ba138baae1f4e0397dd5010b4b8f00e	0.303	1
choose-context-129	5d0f7cb35d777e6b64704bfb7cbafe12d7bb14538f45aa0a18329d5b2371d556	0.299	1
choose-context-130	fc7abfed995cb64a78fbeec1e0e8146d7ddb019c05f7bf53207b94eb733d17c9	0.351	1
choose-context-131	b2ae6e287eaa5e7651868cfa2a2746455e8225fd959772a4c5987332a3d2ca2e	0.276	1
choose-context-132	030c69e56ad118ea64a5e44569decf5fbb9b86d454199a677853c8b7afc10471	0.302	1
choose-context-133	bc862d6e94b6431895ca4e4b253ed9e22b69e451cd258145cae26c9be19986c2	0.28	1
choose-context-134	53753d1b02b311cb21252270f68521151ebfbffac163d12609f5fac0542fb722	0.303	1
choose-context-135	61d6377c50354b033ea1337011a4bdd6ab96f00eea45318168749baee4563b20	0.29	1
choose-context-136	ee1f55720f351fefb4d16c05ec698db7ec2ffc3ed7c3f8d09c49601b147d5327	0.306	1
choose-context-137	a50f86f7d3ea041d661ca0e741642c3ee2e1b21b2c44a180e192351fb1b120df	0.279	1
choose-context-138	1bb0e268325c7e9acce576b57c73e6f7fd4d86c620d4d4f1bcee19a01f3e9d2f	0.281	1
choose-context-139	d25bd89544bc853ac6ba3542e49139b116e345685d76b2ba8dad124a84de3b3b	0.302	1
choose-context-140	96e4ff2ccfb9fbf04741195d1b296cf2ea6f8471a50f31240a907c952ef91e9f	0.267	1
choose-context-141	303bf908f355464886e9bf8a8c27c26f1ccb0f6d4afbd7a998c3186db45f1243	0.282	1
choose-context-142	f29fb8b60581a798ba21bb291070c753f9790f1b4d698e0477e8fdabcad1483f	0.28	1
choose-context-143	1267873bb8bb632ab27f839b7261c04dd189b9c1e253c1107552298a44fbfd98	0.268	1
choose-context-144	b1fd9aa403454857c781ed987a6bf01e492ac1f39cc03f89042245d3b25bdc25	0.281	1
choose-context-145	5b83e65be73ee112689ca9642532f734fcbeba279e92a42eeeb28f38c674106d	0.277	1
choose-context-146	0844a0537d758cbca0a276e038fafbc0c2cf8464390b622e8d8cdf3ffbecb9a7	0.266	1
choose-context-147	29bc7a63f42b5b3fc056dd2d7737647bc408295c8f84fc224d0700bf4799c45e	0.267	1
choose-context-148	dba3c147d1109998804eeb26c8f860459f978d63146b68da738f684fdccf9400	0.28	1
choose-context-150	ab46edf791cc9a1c082b2ba0c84c91a9b91beda1f2830088ffb1fc8fdabdd71e	0.282	1
choose-context-149	b72b18bdc17ed95b2f224745de4d9ab1f36aae8deab06c3e0968300f8cfc5b6b	0.52	1
choose-context-151	9e0f0e676c152ec2ee14b6545e74c30abf0f933b108cd63c050b79b682525e14	0.293	1
choose-context-152	63178b64a653922b57f124f290014c586586aba32700b897288c5689263b014b	0.299	1
choose-context-153	185935b184d2213a27b8546f69c819d70f565896f0081625f16bcbfb2fd9547c	0.277	1
choose-context-154	f1d75ec49b1ed287dfa35dc5735e82207c9b1a0fbcbc5e37c26946636b5af15b	0.277	1
choose-context-155	6883d082083784ebecae5fe444882390a53b98cfa4981906a88f2ee97c17a4b3	0.279	1
choose-context-156	edf29a2541f9b77ee4ac930903649ffcab314564ee8f0143b76198b1d67b151c	0.296	1
choose-context-157	29a62222d7f1e80e8c6827167978233aee031050ff1a93b179530af075381fb5	0.326	1
choose-context-158	361f51c1ebc19f3a2cc52a9e2bc91015146f96ea28305f0e3106f062102de69b	0.295	1
choose-context-159	b7ff1c740d26a0cecebd43438406ba7cb2bec4e1de25f5df8c4204bf99165593	0.294	1
choose-context-160	1cff65b37abb70d4fa165fe663aaf4c9626ae9215dc01086c24fd259120d2c65	0.531	1
choose-context-161	6c5f4f626d9da83c8141d03a470c0d83e0598213b36aff1968f845cf1dc78b3c	0.345	1
choose-context-163	66e2161d394786197662dca26aebd359ecbb2b3fd41be0ba91b5aba34e63e79e	0.302	1
choose-context-164	9b5f7687ce22d18e466675b7b7644fdbc865f7e664cb58e76df5c652eabace89	0.305	1
choose-context-165	bd85d849344d3983066467d8ab1efa445f8be331318eab64999f87be3a34419e	0.311	1
choose-context-162	90e7712df7eaf32f325d977151e5907cbe3fd9fac3b4cc889050e77c706832af	1.208	1
choose-context-166	38745e4b3561a6031d89aec3ca928216f9f6e6875b09639dfb51417df5b3b115	0.276	1
choose-context-167	653464246a546710f8918fb7fc8a843b3a7b435f6b50b8911be98c21a6727314	0.288	1
choose-context-168	0fee14dad0fe3ccb7561c49017a6fbc4dec9ac8aa0fac264d5ec7944dcf6f25d	0.312	1
choose-context-170	6e35d9054cb8f49ea5a78eafa122033ef38b71586f99ca3c8b51ccf36a48eba7	0.284	1
choose-context-169	3562281dbefc2f6ca655c3112e93e05da4a793f8149c9a2a6bad925a91037e89	0.49	1
choose-context-171	44aca475efe667d7f2c67d33936d523392ac301296215e34f40911fcd35a9f8b	0.32	1
choose-context-172	f21b42a7c762b48d44d0726e5a001049e0ad4953973b23ae2af3301355ae9ded	0.281	1
choose-context-173	f5afef4b7dab23cd0e3c120c700178cc84409e03aecb991333761da16e62a6e3	0.284	1
choose-context-174	1e7194d04a00fa013ea7204be2b8c24709fb13699a0688d09820cfea4c297390	0.252	1
choose-context-175	2660d35fd1120cc92e011c5a326f512d7423dbc94c244fc1d1dbff9b41e048d4	0.264	1
choose-context-176	8e105698fb3fba4d8d668bfd55c179d03e7c5faa6084ba060a234d61a1c7341d	0.299	1
choose-context-177	fbb60005574e2e3ddd7e239cb3faf5a9e4d8bffb30f83418ab1380a64517a816	0.286	1
choose-context-178	44437772591f7ed440a16645b315ef19e2a9074d0e1cebd0b49a1dbb1cb47b70	0.274	1
choose-context-179	706cd1f6c78eade517c4438c8a3e5fc65460373094e964b9afa89c9dacd44833	0.315	1
choose-context-180	028669df4706b16b0fa2418d43cf8588ab745ae3b733f7aac7ac2ba9fe5cb761	0.301	1
choose-context-181	79e47c389f682480a9c9fd49e89c64f699ea66cb1522b0cd41eb549d887585dc	0.315	1
choose-context-182	8e11f7c4d0cba3a73b8732ba086bda26a390b16b0e2a16abf0297d16ac14d4ff	0.301	1
choose-context-183	6eeb8ffc439933eb4c9b86a320e314792ecfea25081a8f554f36920ba3d37076	0.27	1
choose-context-184	f19957f8bcb1e3824855a8126c2f3c07f45f2582d160423ac563a57575210417	0.294	1
choose-context-185	2dbdb20fb5e2e7140bf0b5cb01a8340971e61f6f6a268ef176f2a7310b19aeff	0.268	1
choose-context-186	ca855a663910a8cf6abff3e943411c64630c0dfc12023338fa781f17b3fd9372	0.277	1
choose-context-187	6cc185e5f3f0eff62e4f799d390b33708d26f1b589892180e80ac4019e62eb36	0.359	1
choose-context-188	1408b3fa43213dfaa814db8135c09c4cd4f2f813c9e6ee32abe081b9aa07260b	0.322	1
choose-context-189	cd7b6caa4668e094a4e484a936a3587a70fae02ef5e76d7819f6fad501873214	0.271	1
choose-context-190	63bb27f62ff5f87519ac58d53ca53a3ea6b27628a8eadb6002a5aeb2f408efb0	0.286	1
choose-context-191	f7efd3006bac8bf52b7b67e363bf46b284be97bda3b502013674e33490654e11	0.274	1
choose-context-192	e762b07dddcb7e2d975e1d4ee8696ae475bfc0ae02a63efcda1b9979fd8d59ce	0.314	1
choose-context-193	da155909b8287e024b9c4313c7111b4eb04d2f0b7b2b0969123f64d0e469f131	0.304	1
choose-context-194	7c565fbad8d6feea07e034c2c4213038fff93a2d3652a411d0786eeb2a04d199	0.327	1
choose-context-195	a8a51d361da6d735a773a14cc3027acd931d7dadf891b35cbdf57589426a2252	0.362	1
choose-context-196	36bc8cae58f005f825dc711587c76a352087d302c81c98945f2af1d977a9900f	0.304	1
choose-context-197	deae8ca52478bf0f27d4413d65281206e98b84f93eec33a8d841b43dee5a1b03	0.326	1
choose-context-198	784b2360593c75cd0a83ad22e4d4b7abb7f63676c5584f732b8f391cddcdd414	0.324	1
choose-context-199	cfa1e995459dc8f925cd8149020a01fa35a846bacda3608528f7532ab82dd3d9	0.286	1
choose-context-200	9986b306d291602d08cf208e345142b8e5107ae7d4dad9801789170ca142b705	0.55	1
choose-context-201	c96d5546d65947eefc48fa2413d27679cba80bbba858fcc27f8b49424cf30cc7	0.422	1
choose-context-202	20e9fa5a244125ff03476e623ec89460ece9936da4cd5b0e6452ee3e631881ce	0.346	1
choose-context-203	5ddcbb2fe7149a6590c516730eb051773e7b6232e7468e779c7a23729bfc2ada	0.291	1
choose-context-204	8d53d7aeb4eeda76b6fa781fa611477b4f76add9e8431eba57861d914ba48fee	0.296	1
choose-context-205	c9c2acdde413aec2370d48be61ea4af6701d7dfe464f9517a66e8db73339817c	0.344	1
choose-context-207	309da730131b1403b66068bb0b5ad7ca32bd25a7723527339307fa78f99ac49e	0.47	1
choose-context-208	2af47871bd60792f8bba67bc1bedda255cd6107de505b52e45c498621a734cda	0.279	1
choose-context-209	8b07f980714f24ddd6f2695cad8fd7ce2e8aa484d2171216ce41752c7fae34d2	0.3	1
choose-context-210	528483bf9fd3c1269464067393cce8fc95888945d5bc229181bc01d242e0d17f	0.47	1
choose-context-211	57babfc30563fbc1a09659bd74ba0f83287c215578c966adc284b11d71f1be05	0.281	1
choose-context-212	0e05da630cae5e1ae839df6cad8658320572c733e3d52ddcc1fc9ea6dde244fd	0.321	1
choose-context-213	443e1320fa7169c783ebaa50daba78476a56cde0cecddcf59c0d4132ddb24914	0.299	1
choose-context-214	84ba67ac31e50f460c52c9c8974b1c181ccf915acd15a9c1c169d4522d327601	0.31	1
choose-context-215	ad7af96834e6c7d628e540850dd3f3156546a37d406967fd96e67ea9d795b6d7	0.294	1
choose-context-216	016b7adbe8810ac4fc83eeb3fee55843bf98824b56e7843de20edc7b05bf5d1e	0.538	1
choose-context-217	05bff41e9c3a30dca6039ad9474ab3ce826d4a5b8e3434ed71be349be24e7461	0.295	1
choose-context-218	f52f4e415748ee48b9244f7c1d72bd2f927827795869dd737ada78fc43529d94	0.336	1
choose-context-219	a78e7ce73f0adc24026d3ebe7314df190e8049dfdd202a15772c73d1054a9290	0.307	1
choose-context-220	d1341b304c85281756ab5aac203165369865a06de46b3f715bad8995b65f51ca	0.952	1
choose-context-221	b2093ca83991c0e71a5f616f175fdc167b3b96c730d3ee740947e73ce6efc97f	0.289	1
choose-context-222	d407f6ba68ed92b9befb6a2ede40e81b9dbddd19b803717966aca59f25dc406e	0.283	1
choose-context-223	b4fe617f86fb9791825d7f11700c2bafef8222ab2dc60e8cbf81e6f102e064a7	0.286	1
choose-context-224	a1d18e1ad48e4c2e07d5bad2c8bd775fe8fb04dfc38a3c9d9464856741fb9126	0.29	1
choose-context-206	144e0f80017a702f25521a8ae4f5ff06f8b1db348397987b0617882429f299e4	6.917	1
choose-context-225	44d92a9cd56974ff50c26101d82972a4970d1b545cc6ea596f445367feb8d615	0.366	1
choose-context-226	6b251cda01df84d210f3a35384e1a8d49565c604ae63408b953fb2f662005503	0.325	1
choose-context-227	1924265c40644fd8b63c63b82f22c52d2bfb60f525ce19c9fdf6272d0cd66684	0.282	1
choose-context-228	711cd3a6ffdcf5dbfba594c0497e5c1bd9fc3abf145fe379ad2aeb1eaa27a89d	0.266	1
choose-context-229	432390b45bb755e7ff68b81240b606369cf912f60935db3cdceb27cd81975ca2	0.286	1
choose-context-230	24ec5de774ae2756fb0a46a24e12e8e63f4eacee3cf0833c8a097e4db5c6988a	0.295	1
choose-context-231	10dee648b78ef209c15c5113267696a77c912e65235f4b4a0c2c6c49169df8df	0.311	1
choose-context-232	34cda131caf5319b6dbd98b2d007d548ff2757a217dcaa1f5cff90e9977db0c6	0.295	1
choose-context-233	0f5d12d585f4bce592a0f4cace65f244c671edc54c65647ce79e2373f0c088fa	0.33	1
choose-context-234	1d0c677149005b2d44c4be5139fc98ec56d1c3a161b13fda206b085f0826d6b5	0.29	1
choose-context-235	fe19cbecaf1c5bff9674aa9c3d46079774e6c9e1f416d6a282191e999b0f35f8	0.279	1
choose-context-236	57c549103eb628f7df5dba77197928a54f2fdfa20443a8b0831e29d3263e5aab	0.285	1
choose-context-237	7e0753d5b590eaf1675bc7c61444814dc33607078a773b80bbe22c81d43d2390	0.284	1
choose-context-238	dfb13ac3963c0d355e04d857998049c09472af97b33fa7ec052d5a3267ce0360	0.275	1
choose-context-239	97c580ad9a9849f62b117d04c4d6478a84c5183ad8cc20b54ba5c30765f43833	0.289	1
choose-context-240	bf2137bdaf91424e3ea29f1b8869bdda426e9fac4f4bf30397ca2ebf62dc6ec9	0.278	1
choose-context-241	2ce10aba6427b6da60b64a6d573d16ab7e672de5fcd09eec0b3db7bd13d70395	0.272	1
choose-context-242	d7753c7b1435a8280310b2aecd262f5b8eab06b83ba9ec7f27c612d036e4e565	0.311	1
choose-context-243	6016470ff1643c64e15f6584783a9f9e69c35cffd16953a3b5e5f067235f2167	0.278	1
choose-context-244	6eb4bfd390675e41b818e5c112f9b04404d338fdf39bfb7d740c9cb0dc7c2451	0.293	1
choose-context-245	d9468ee9130766fa673c02eb4995d27602490995ae430616a202250e32171d00	0.277	1
choose-context-246	323b1d659e75d6479946b66abe5e5dddeacb88a99d8f0d1d72aad21d4aa4af83	0.275	1
choose-context-247	02448e72575414c160064645779f230f1971f1f94fffa0d65f5452afed89622f	0.297	1
choose-context-248	473a22cb4025d3712ce72ac6f2946bd67a649721eaba8888ebeabbea73177ba6	0.281	1
choose-context-249	97620951df1669ae3ca948b3a39229144f17b58fd5bfed9f03f653832fb9282e	0.305	1
choose-context-250	eb6071ab846c9e3283a44d1d47c2ed937146f80b3c68d5bf4dccd72ad29dba07	0.263	1
choose-context-251	0129f69db90379292a2294728b0c60ce97329429e611815ab39f9b0975394d46	0.283	1
choose-context-252	1a4bbe3ff365f786b6823ae45f62d0a89fb45115107ede71e4f33844a48f7843	0.288	1
choose-context-253	2dd4c6d37f0ae582e070be899bdfb485722186f12a26c98eade592c970554868	0.274	1
choose-context-254	962b726728d0fa9a2610bb0dc6048bd505ac7cbc2e3f49c8d2ceecaed08bc0e4	0.291	1
choose-context-255	028bbd8c4298b178cb6a008b8239859a446a857831957c4cbdbd716428912262	0.308	1
choose-context-256	416930dc1a506395bda53fd15e7b3881a530074080efdd612ab85d8a89d417ba	0.267	1
choose-context-257	46f401b15e16710999d0cad2675e9d06e4d0c2df1cdd64099a24fb1a7781f208	0.261	1
choose-context-258	7485da6c4e3cea9a9eb7267c1d2bbccd8fa1a38145c3dac60547adc1588d2d7a	0.321	1
choose-context-259	8bceaafcaba2519ee71ce38a0b089cb6f498bb19e0eeb0a3530e3755d3a44bf0	0.314	1
choose-context-260	d48f81ebdc01e64b180973943857e83ce5211cf27d6825926b929036bf80dfa3	0.284	1
choose-context-261	20a9c601554de73c8726a410208697a9ebb14bf2e19758bf3d715673ac3caf6c	0.322	1
choose-context-262	48f6e686dde4146a13edfdd03ebe28fc2d2d324f26f15b5f4dc9a559992336f8	0.295	1
choose-context-264	c6434c2691e72d46d63ea03acfc621b3ac71ce267b0cb02cfaf225f3203ba280	0.318	1
choose-context-263	10f1e88a14b89353a5fd16680e826219f294f83198d56cc9efedbc0caf833d51	0.477	1
choose-context-265	83495ba87a4d48b94c5be20bf31374bbb4e384a1d6427b5ce2bb1e66dcc50084	0.361	1
choose-context-266	4977cf621d351d93a34dfc1157851ac5e92f30a5eff0626d9b5af245ba4cb4e2	0.369	1
choose-context-267	4e1932c5b73f9377b17f29bd833b56cef6a1afe7c65482c9abd499bbccd5ce31	0.273	1
choose-context-268	d4d62252d09c99a69535a332010689204b4c06a197ee4a06f14b5ade92dada94	0.282	1
choose-context-269	49f7c1ffaa495cae3a25eaa2d3dfb9d744a181e79b70d6518cb01f2a6345a708	0.276	1
choose-context-270	0577b1912a7eaa98be04f81f3fc069d534c3fcd111ff799e758292f56968e2b9	0.288	1
choose-context-271	46807f6c149f9783d78b1201f0ffd76ccb8ced721b87cad703c01a592f23ebb3	0.278	1
choose-context-272	cff01eacdcd5cc37713b5cec2c85a655dec88707faa15ca6b45807cf1f9ca613	0.263	1
choose-context-273	bb78271c1291fe32a1da71ee0ef2979aa3f2641caa6be6d239fed998cdc8bc17	0.271	1
choose-context-274	90e44569cb2951761c2f6f1a491d2dbcefd8506f38a454e16a18404171fe24f3	0.311	1
choose-context-275	8fe5ce7f486c7db00720a2a2472785ccac5a37b05680e2abcf0addb51aba7ebf	0.269	1
choose-context-276	2ea1693aeade0f1c0e5d1e24313421a51c238fa7414e6240925aa77f7f8737fe	0.267	1
choose-context-277	81b3bdd40cb7e64b21e4159c4f501e6b7595f71699117c0f2e37e8c9654656c1	0.277	1
choose-context-278	dc74ce3b97bae52e26ad01e5e205386185606305e9076e692f2098a453d80ddf	0.293	1
choose-context-279	88b368a3b3021a255ef0e464e55453cb358dd29ffa585385d47c4befaa92f464	0.346	1
choose-context-280	becb8bb94cd2963a6444d29be8d8032255b4c36cb56c625f05d67aae37fd87e0	0.299	1
choose-context-281	7daa94ae9134dc83295d83e92dbda42391cd8c6f7aa4f33102bb024edfd63008	0.274	1
choose-context-282	f4df76d18b71e7616fba7df83fbd23f117dfb06a2d3d2da08ca936099119a786	0.267	1
choose-context-283	7dc55ce27f810a5094aebb82df0a57e2c8a07512f423a2233cfd615c9e64fdf2	0.288	1
choose-context-284	8ef88f5e4cb993db82681e96a7d236f0a5bed171e323b36e1bf9c3d17a17df04	0.296	1
choose-context-285	e3a9737b116b70646841763d73bfa6d5beec1afe649c74c1cff15bf025ca87ad	0.271	1
choose-context-286	d605a854c190a067442491f0d440b8594ad070e45559b29efe41e99b4e3d0ec2	0.291	1
choose-context-287	4b19d4e3b91de4b82deabfe1b4828452e1cdfd86c08d5549fafc76f4f9b80184	0.259	1
choose-context-288	ac4a80727e3738c9b2e9f53876235072693471142ebef2b575e8a249d6439bcc	0.294	1
choose-context-289	cdd58090b1988070c3079c49d89dd508a49edfba9f29a9626ac9f535f9239d06	0.375	1
choose-context-290	cda643d71039274c82472a388fe3381410903ec56893342441eba3f574dbb583	0.284	1
choose-context-291	edd7cb2a3a28d195f77a7da0fcd7ea185303577975866d57745d4e4cb86cf063	0.282	1
choose-context-292	436c2fcc51f3bd2f35a20a35f82629ae8682d7125bf3bd8a29b9f38156b97dc8	0.284	1
choose-context-293	0bbf9d9afff5a0e8a4876e67a9829d4d8b4bf1495398bbbb12d1c94882c2580b	0.257	1
choose-context-294	66df56285fe5575fcec36f31aba95d1c6343a57badfd5454c064548dbf73bd7b	0.27	1
choose-context-295	3c13cec91e03712485c2c912f7adf9b2d85c90930dee676e7e4553563c61fa39	0.3	1
choose-context-296	32a4a391e12e6c121fd20687c7c7d60449525da5c2e5a3a4417b20a1d714dcbf	0.293	1
choose-context-297	1c0ca86347138cadebe7ade5a6245af5f8889b4c7d6a832af2de0e7dc056c90c	0.3	1
choose-context-298	0a2c0ad36daea627eee93e6803697c3a09314625a2d8a2e2d4a7ba0306688d5a	0.302	1
choose-context-299	a6f08ff1cf79383e5fc73dc0507dec2b417657f36b130dd3b89da50833b8a911	0.291	1
choose-context-300	f65c0aad53c5a02f0313b9165538fb31f8e582d44cd5c89db4f86721f1a21093	0.308	1
tag-lead-001	ea3bba3e9c00d2ea259237f1effea5f7ee50008b210ca765c9b16ccd81c8bb46,ed067b7d5d36bc13b48f9a9dcdd5fa541b51a0582b9203d9511895412b693b20,e7aed338c62b9595a3ad378190120d63e49812265dd8798613ea85350184ac0f,b3aaae24a8c73d65789cbe7d26b6191601766b5c9dbbf1fd03b0b4d8bcf71013	0.441	1
tag-lead-002	5f8196b4bf5c56ee13a86f46b949e8baf27b6f94596225c14cc543816af64fea,71cfad57c5ec0bcd6d7ba3f2b2475bcbd7936ae3b62855f5920b4e983fda8d24,067e594d954e9a223a308095366b3b9d375236811f9babd29a0ad6a5b6cda4cf,7325b333492ee4788d20cdd3d49411ee9bca1399f5093caa76896f932aaa28f2	0.481	1
tag-lead-003	5cc9843f801b76ca7fd3cd6f7cd043c838dee167a12cb07af8d6e0b92982feb3,4d94b4e4d1573a027928c7dc74e49999546d071072620cdff35b7318beb06bf7,28459158fb2dd24e8203985ee9ed0627e33818b24c68ff8c3af9eb8d28410e8a,7e6f684fa6a63eb60cc8e816fefcd3bf5f7be52f9be41368917fe38062422a13	0.4	1
tag-lead-004	063bffd0a6c3307c3941d5cc45573d3ddf7325cb21c69c32c4b4e6227505b67d,0d055626b45413cb8e8c95f906b742e9f1cb4c1dc03dada314fe3db08ce4cdab,ff91603f60f7af207e7c996a56643cc07cfaa17aaf62ed0e0c739b4b6730079b,ffe8225e9ab18fa94e98d9edc62f4c35e038169fd066f2b9dc0e2c1efec1aed7	0.457	1
tag-lead-006	f3c1cd41918ee16c9133e338a23b746f78179eafcac93aeb49c3f64f9fcc2fc8,7834a8c2d6eaa81fa8da06320fb95b3b4fe2740ce8ff63716e76cc33ecd10608,5a885cd0688747c9329dcc462678f6b76c6d01e4afba4848f54cb1749b55ab3a,bc30127d6470534cc5d071059ccdffaff35e3bd65a2663e0321d9e54ae42e20d	0.385	1
tag-lead-007	7794eb034ac41cefd2163f9c04709ae492d332058f284a49fa377ed7c3893e0a,de14b2b7d199f70a0f988de9887fd60f579155f30f173f1d3d9520e11b2b579a,2518e26df6e745f0fde74f11537f3d8d02affa9c54cc3d50feb48366e9e3896e,7afcbe863b93d6420a93ae11ca31895976473766ac8e10092844bd62013f7bfe	0.615	1
tag-lead-008	53f85d4e2e2ad4e1e4b4c395187d4ce520e8e591c8dcf1a90ee1c8594b730c81,3b3259332e91d60a39f520ecb02a2eb14b31da7c05d463b76a0434d6fb10da5d,719df19eb410762b06125dd2ca51102c631f9e7c99c108795d3c99290bb13cdb,8a986328d3ce66f903da19caf89fbd142afa3338d317d02f81d20260271bddfb	0.566	1
tag-lead-009	fa49636cd8e8a9a0d18982957b3133804d0c6389d9ce667db2166118ada28867,2dc0f89abc4385d114a4dd7765bf5a17aaba778a7dea0436250aee36be88a716,f5a3507f5e90e8efbb6ff75334ee7690883a6278c35a7c7d39e5773a52c0a94b,56ee7fe12ed0938f9ac0f31dfc3cd2d1973037417cc1304118ff213ff0891b7f	0.417	1
tag-lead-010	bceadcb6754b33f258aea1f87a770ce2dde9a4e2f0b44a3f84782d7db891e7b6,c3f6c4c1681d698407eccb530f884970e95d5a24c0aad33730b416413bf5936a,6d0a6b3cdcc8f5cb59a1f0b3fd6a4a8a7fdb7f93db1c3cd1ef18a85a923e058f,aca6562b6521a59f19fe5c78e2a47e7484e6f7759619fc70fc7eb7ec4f5c3576	0.485	1
tag-lead-011	2dd5b4a757d68934d2cd7d856e08cc834b636208968135384109339417c8d041,923be5f72fc5c6aa23b810c0bf965659f353bbdfdb779ef84fd44778b554277d,8bb4267baa94ff8bd9008c87c30c7114e2afe26b2831fd5bd53bc93b7ba821b7,89d63b6c36556d533bac35fcd20818d7980225a59ad28fb74a7e32dc3a2984b7	0.388	1
tag-lead-012	08e52f3d9a0cc047d35cbfdd7d79adc457060d32c8deac350b3d460a2d8699bd,7f350e27b76c0ee177b42cc12021c21245b95054d27cf87f9cf11196cec171ce,51a0eb5c7057b2af446fc463140d8123971ebe2ae59310a999fe3da09ce31fc9,b347ff872291f736478395890b14a00cdc412cb720ebe2883a468f28ebb25362	0.37	1
tag-lead-013	7599399810e89d341df561527e29c7eb6cb01100df4d8f74bbe2a6b6412ed3e2,2f0d58030dd28c8dea601fec3323270ac0a32d59b7d123dc443c9c4846256a79,653db45b96ff5cd2d447a647a799b34e0342181a46d2752e9b619eefadc46116,1c7c9f2c7f446a379a058862e9b89ed5ec432176b46d85b4e6dbb073266ccd5e	0.38	1
tag-lead-014	a527c3eeef3ebba88a5879bca6753032699ade46dee246391bc16612545a8c4a,488d98b5d5b1fa4c68844a6b195f2fce9b3d1d4c59731947c991bc9565adeb48,9c2ad3d5ec4bce6a66991ea78017d5c7127d1ba0a30e535092f1302e3fb8f180,c77f90271af3e962d901f396e409f4a352c518be0cf1146fab39b2f109cd2e68	0.422	1
tag-lead-015	1ddb1cb94bbc2a2371df0c521f6d0a8136e2fa2967f491536cfca01597f497e5,96dad50f00594d62e2aa25fc5098346cf1b2562b64b79413a391b6b8fb10814f,312d839ce1ba67df2437cd736e66a8f358afb45875c3e66df80bc71645b0fb21,2e469afb6f24a6a6491b7181eedf8b7f722303b4a64640404f2a9d54d314690d	0.384	1
tag-lead-016	9dd11f6a32ccd9d5df41946ed479ed915aca46906407ddb576aeb1f24ced4db0,054fb4746d6232a8109bdddeebeb4fd30fae998c333d119474f3e8d1dac41e92,95b5a89ba3b635fb272f532dc72c80078edd5ef34f1ea177051d19f5d77b5572,079ce5e0246c2a5236dbc9542162d8fda45aabb0622005e093cf828051dc9c67	0.401	1
tag-lead-018	497849406324b79af820ef648e3957f29e44a6b89016f2064a2f3aa7be04247c,2cb642036351afc83c19be1a99470fb91d162e91ef5ad7453c611093e351c9da,474b7e9bea146bf5bfa9f60e64b05b87a155f986243162c7c98d7559d50c37e4,86a7c5cbca996359a527d04dcd082ad87f2d0dd61aa1188455c90d31fd3fe245	0.434	1
tag-lead-019	b706805d245881df097fc0dc7797d7d6b6637334dfa5ec2ee43e3dc43cb8458d,90bae6c548c1eb6c728f69d8e667e5ea0dcbb54b1d91f4f77b42a49e1769594e,bc656c5f641ef70f0c5b43fed858ec73a50ac0ce05aa526954a5ea81db529d92,bee08bdeac9bf1588baf22f1ec0cfb4bd57a42f379c8f7a3333d2d14ed62e12b	0.38	1
tag-lead-020	4c4f4760264c149ef8f9a06f09dc923bb1f115a140d01cd973ace48fea984d85,e32070d059adde1d340ddbb6c0b98182958992eac281ea2bfc866646d50bf7ef,a03fd325de12e162ac39409ceecc233036261ec80b7e5ccf2c4790e0bc4c5867,5a7575459971a1cff142050d996e247f9a78956c618fcf9b8e145bdf2a9b6595	0.382	1
tag-lead-021	be1aac8d1e5ae2805f84d459bccb91ac5ad43643e06575609edc41d1beb5ebad,bb04e5446a6fa792d4f8fca5e8c8a347aca52f3f40c58dcf72996d005c6eaedc,55708d25d47b0eb2161f4bc6f9211bfdde8f35c31d4144211a84add5e2974a16,38b30a964dd067e05e7e3b18cbe47a333ab754da28fca7d429593401f02ec829	0.37	1
tag-lead-022	25f108dc1935845820ca5e42454740d3d59ba1df4eaddd11fb3e51732924a859,02646c58ebe6ba2b173c375045388bdd6d445b932961e090cc918711467c220e,20849a486fa8184eae6df6f4381750d867c9a81951f0975742b329cdef303aaa,fdcc0a801956d099aec778392a6c15a5f6a551f17475aa67f75565ab217a2942	0.38	1
tag-lead-023	99bf924e92de91db5f89bb589b6492987b0e1c9df927e752a44afe0ac27f172b,570d5358e5f7c359d2ef5e903d96112fe6ddc75331a384776acf3817cfb3fa01,5fa7c12711a8238fedf35206de37a98713be3b957f948ec4b78b0a28eea2068d,db19a4d2662e87f6bd728aaf7aae73d86ac762ffb28d5f5ded1975f19d83a9f9	0.395	1
tag-lead-025	3c8e96b08e1e6e4401d0236323c3d17049064726c464db3f642b49e53645f461,b7fef4e9ddd5388df15cda0bf651a4d7087bbf35ed610574c9d1e2534acb4896,b3db7019c83783c741d1db9da06312522910a813851853d8a4691883fab956f9,594712e96b6b8926278f28e4582c4d27db34fcc2dadaf63b82dc6c507abc8eb7	0.391	1
tag-lead-026	6269e5b9d66cb11ee2a21ce662a129a604c9f4013e284763aad4c9e2164a0af2,b86900667b916cb60ea46d243a016b18a682a9efe7b97fd046a5e18902bd3966,5f4c1994e2b2add00ea1bfaf388c3058d0df7ba7bc53bb4458680b7a80617269,446755a7f42ca86cfb545f2ae22d35e75c77b0ec3ee7ee221c982d03f71b2d90	0.408	1
tag-lead-030	e508ef41a4321430b9bf549096c4b7cd8b491c0627631016557b0e633f17fdcb,0118b7bfc3670336e122d4d2e6af65821b2b78a3a9e8ab5fe1a1d188b2a12bfd,9025a012086b401899334393e0d45f25164065bada64fbc79ccf5d2d0fc96175,05abef2a8166a14553e983aa9f6395db326e63b422d09edb625dd30f8926d6db	0.405	1
tag-lead-031	7f41aca7a7ac0bbb80beb61f9193e541c6a4af57b43a4045cc360a46e006db92,b72a74f4670888396d6a0b3a2a4fbb21625c623fb3783de487c1cbdaea20a527,305576af57d2a9a3ed6a88e071c2922835e8b817b4e266f46c45d55bd30e8ad0,5fc5ca5fd32c80bab39fc4d51c68cbc5ebc0baa1e3c19f8c4b3d85386a21f498	0.514	1
tag-lead-032	f0cb892547ed5b8d6c92198d37760eecd599e8afdf8b1d65bae4d242b999c334,7c1dcd1e14ff7b6e60dc15c15e6ece3b336698959615c1e2a34923556cd401cf,50c69f768c01c40c212e8bf9d8181965ae805477ba2858c722d3fbb8db3c7fda,6aa6df19216d689822c9cb436b4a5863bd52ae020d2018be7ecd9dcb4db8f416	0.516	1
tag-lead-034	6c5fc93dda73a732b227a0e47f7ba2ecf1ed8557b4aa916f1c7f2a78168511c8,72e951570cba8c020fe75ab5f0620d9155db764ccb518606eb8949682560a397,26d63d5b5a13f7a6da948819c139e4198fefffd1a2aacba4b9f446365be14da4,7f72ae3d4bdf62f3682cc4cea789a8245501627db92136442c1acef8b35f7aa3	0.389	1
tag-lead-035	d453537b14e707d64134aaa46814f5942ab679dc270c80c65a017cc74fb724dc,eace802e515f5c932442b8356c782e5966adeb49da3ee2c33c113826463cdd38,c1f16d31784c4e56fda0d9702eb53ccf96c9f587df89e4eb66f5c95b7120712f,e9981f850881fdf1a0745a33268f89518d3172426dcfdf23836ea1a82e5fa086	0.416	1
tag-lead-036	106f49f9cdb4db21bc7ec5acd7ecb9235a7be1203c006661299ab5d26507eba6,90e46c25951b93066ff101484e00f4a4b6d2ec71c00a9cb4648a1e1ad77739c4,7953e289b126aff878fdfa890d332366c020c963bc994de659581960e5e7af5a,fb5367622e0aaadca1ad2259b3ec7d87c09cf97f3ae940b556443790e43acc55	0.393	1
tag-lead-037	c854f89a9a984a4da3f083df3ad2ad660693b5675afb691e185762656fd965af,9a0c70420f201dbba644da255156fe9c3a300caeb69d2f6eb02e60920bf9c930,74a582c149d4754f4e4822c3799fe06082ddae8e26af70d48046d4567e784885,9da3b911f8c8d8bc3669138a63e7726edc843d9c24bd057e88a466202c53c441	0.428	1
tag-lead-038	5a2ff4c4cfee594e87c6e832bd67d693161194cecbc2604cad64dc36b407cb17,27e04cbc6f9a9082a3ae5457fd064ebd5b4b309fa071602dc6097f62927eb6dc,cdff24866c0a38dd7ae65ca3e7daf3c8db03d6c5b2df0685247513fb2ff2a5bc,fc71deb9cbdb178880c470c0b34d3d1501c12472c427173b4a75b97fcf475faf	0.568	1
tag-lead-039	83b36adcdd54c0eb7d7d29e50258be2972ad55635d7fe2a1460916734a6a401f,1d93a0af2f7c6259d287de3c4fece1b56b6944d3e9ca825f917f091f40864978,dd7d097b33686299ef948ce20a308296544afce8fc89d637add61dabecbffe54,0ae8b964b470fe92cbd0333b10932a7dc1ae50ef8fb00d19b30bef4825465ea4	0.517	1
tag-lead-040	2309cbed5d38809cf97c366da19417924de3bf9d05243ba4743b0f27a7bc0ddf,0d3d8c7be9b3c580227687bc88daa9ffd4bf2ac34fdcfb7f5cb258962c212233,9408c0899338ad22d3706319c323130d17df5ba63783071713894b8b175fea65,151b368da22cecf78f6852f2aa3a6b9aac5f0b868dc93f2954ce884502b9dc89	0.694	1
tag-lead-041	70f3075316ee0ec2ca0d01fb0099bcb709c0cca00364161aa161225154a91b16,795d227912a70c29786581ac0730abd80b066adda08a8acab3eed72d7db17b26,be59b2343482502d3bece16e9ad9111fc3c5a429e06416cbc23aff10c58d2c40,dee0a40a3e234d9024a3b39967de211c4fdda9f9e8fce8c4068477a7ac02c60e	0.561	1
tag-lead-042	5cdf9d9743d081c9f119722a0f270640587bed20321b312dac82436e84188078,0e3e1185fde0ebd1326336f93838ff0a68034ba1575b935fb18e9a891e05d9e7,a5fbacd22c1393a8188309a7c433e298f450d8525bcf9bdba7c04de05bc61ed0,9c5c7ec611f302f0696017d42dc896c587eef5b5af87369b1374762eeb32a987	0.417	1
tag-lead-043	207e93f9f25e92f892c0aa34900af4b6cc0d3c9af543c456c5575dc65d016b9f,fc637ba3aa77e7c8c51681251441ef84dee55fcaea2f315e7027f2409a58bbd1,4664718e32628f2949040cd46714e8005f2e11eab9ab3c24b70c046d58f89a29,476a81a887739d94d3f9218e34e0664871ca178a199513456f9d328ba9e66cda	0.479	1
tag-lead-044	7974064e579258af8f2bb93737a97bd6f9dcf42e7e8d9c3e5e152a5f2abbf6ba,ba142c29d30850c4af50d66002af0847f73effc8538dd39615d2cb3f2c7ff6c3,3a9b4921c5762cd613e4650e0aa4fbb1b1810bc9d0a03ca5f5cc4de763528a9c,d4c212623ea33b9b883b4a48eb2fb8d23ef448a8e38128b53b7a3abb0c0eaafe	0.802	1
tag-lead-045	e1a0a667ee93d065ad531a2bbc7c8856020aa2fa9f428c4eadb5cedc5cdf7997,829ae0fc166c95877cda0d6e96f40dd1cbb0797cb219e004c409c3bcb88e845f,0598da0618dde9c52ae5be470fe22a6b0597174cba571d49c10bc00b4d93ea71,ac8b74c808ab32d29e8d3679ed703717875b0212123a684b9cf5496306484cd8	0.723	1
tag-lead-046	3d49523435e0b75bb68af966efe09c8c5a6f85e60d95b6ed7904d01e9b7ac638,76e9d341400e3542e95abedb523b28556d97706712242943cc86c91420f8fb13,1b041152080711498d27fb3b8f9aff2ed4df808bdd249744990c8e89c5ecc88c,47ae1274e7a769603e32a63f9421f4e4d9674a59eed0a6ccfd2dad1fef37954d	0.465	1
tag-lead-047	ce68779382fdb6d3256fae4a7996d7577f5b99ba055a08d75ee2071d81e2891d,88961e8b076673001e873a6ff18c552d131ee1ba24de8864a142a7d9da9ee1b5,5b2b1d0b4666cae2d53b1080c8af38839c52c5c8d0711b28010c136482d172ab,ebb9b37346700d27f5fa3fcdd989099266448d6aa14b93827c5c9c2ac9a90f97	0.55	1
tag-lead-048	ee5d3630da4a61325ad69f75ee1ffe82df05718793865e02325b698ede90a793,7fe41ed085cfc69e5942d7988e8610f51ec738f82a7d091342e9ee6792e25cc5,3fd90b0e4d283a6c12c5ff6145966b0b3e9f9bc97ad0235d9a7b1ec86eebd961,2e6bda92a47fae0fac96bf4b2c9e58beebe6821f89028cc494a1016a9babf357	0.437	1
tag-lead-049	8e36acc5775bbe602b88cb71b7bccb795b4cf5bf84a85fcf945b810294f5f708,217cf3440a798fa01c12649beb4f6b7240113428a335179b57addeba9b85254c,eb876bf6afe9cace86d896f2d515d32a49b137e25a8a608e8e45b151ad165ee9,030da9a02ebc096e4a30426e93d8fa60c2e2bc45e108ae924391f7346857b787	0.493	1
tag-lead-050	dcc64d51491aee1852327cd2e450a26a97bc31b5c145a6ad2723404a467472c3,1c432eed050a3bd2777c688034dcfa60bda589eda86156488503f5d369e8696f,af15cb94d8fe2fd8ccfcf97c936f282e9b1d4e5302a9eedff1fe7f287a362402,4733b067d4674f58d54f049de2ce91a97423d832e5c1b8f1e90648b4d0a41770	0.446	1
tag-lead-051	2a0bca3cd3b9a04223fd08cb2760733e6c8798a798944ab64102e9f5dfae5103,6f025802294550b317568552471fa26f509f35f266a69088ea5ede1ca58f4959,967a57a1841735df05b95eb5a2e1a20242512ef0a29025e790b96b2e6d5f2c2c,103458d72b0952e811f9ef8ac622e23a4cde48aa2df3ae3eabdb9eb7a45c53d0	0.442	1
tag-lead-052	5d9ed54a8337dd81b16132e9929e3c74c196ff0fd32cfb4982149c46a6e2feb9,af58b5926b1e20afa812f79db7d071cfdaaf644e90ab89831ebb10da1e2bf6a8,9aaa2322e68c686a6894f9b8428612d59b76666720e134526813f3f695c8fc43,b266701b5f75f342ecca97fa99f711744130e9afaffdb8e1a8ea446adf284daf	0.386	1
tag-lead-053	42a59c872f43dd98211e0d84beb4f508a66b36a25903e2c1580aef15d6b3312b,c2af31078f38d501d8aa153452138718e119bbcafa92ee1c143c391e85db0023,24ec3972e9eadbe543baa8b17a80e905d7bc44a9429a8828801328b43f6028da,699a6061add45cbdee002ea210b0c1b780007a859f72f9eebf1c0a93d4e3c694	0.389	1
tag-lead-054	e0a8a3e4eb81a1ae79217d5f06a8b813b92bf4d13a6fbcaca49a7b4dec9e8449,4555ae302691cf609ae1042e9324518ef3856f5a1476a52498ec576785fde545,974767784b58990c07c2b12841214b1f0379b06ad61fe96da2e8131348b2731f,c0b3b109d84be040e7ed20f0b2f411e54a52d0bd2b478807b71611b1de6c1403	0.37	1
tag-lead-055	a8d68b012827e215ddc4c63b0b1959472b297097c862f604f7cc1c8f2a401182,d9a0f6acd8de51bfa8d2b83943fcc240314adacfb85e6c99fb66a83c3c5b544a,2a873bf3bc058ca437c3d65dea07ace71440cd32bb7649cc7f641806f1ac4855,b34e597a5183702e91690167f2534655053e7d36e1f9651c95b6e0cde7ff4328	0.373	1
tag-lead-056	f0d0b0206ded388f4d8ea969a8aad036094174908d41ed9d41ce1385cdba1d6e,5c931f4e648685f5c90d384ed580962f68d81607d3759c993ab19e1bdae1a7d2,f2cff4d6be6c2cf74e82c111319fd8cbe39e591b963f138d0e5137f263fbb983,eba8d1447b315a714afc90217fd3072be602dbe761bcf4d93663f0fd28a3c8ac	0.39	1
tag-lead-057	efafe52851be5aacf562b82ad721a658f0c6acc6de8e6bd3f3b2832cf043901a,64253f532bba9b3ee124d4c88771a020fae3a404f430be6c39afc8cf10742583,bca549af70d99c29555e478015bffb20f3fae95df3f00ac56251b8c6acd7241f,bab3144038fb5e49e4442905128a77087f96fe97921ca717e4cdf4cce7089312	0.638	1
tag-lead-058	cac9e219256b6b081a73d36c8f8a813b43166cb7df5d611e2c11527e86050d08,4d06efafaf312d6abc51493bec60752bac475932c6fdcd970196635eef046caa,d3c939aa225b7e3f7d2bf2ebd0550d1852fb71475344ac55effe487bcfe84456,05ce9321665a5daaf525420d00dd4114f815158b16ee98eda4ea23c70e2d5dc7	0.596	1
tag-lead-059	ffd07b35f36e9cfb08f66262edf5c41d6b22b503b1f9658a4dc07514ba2dddee,f4d783f6800683e7471cb072eceea034f7fdea89de81b72330da74bef5cfc375,5e13cd446b5a97cdbb96000e33583dacb9edde5cd898e7892595ff7fe4160023,9fe5e5e3a62d0a8edcaa0ff8a0296c8b55cf1bddc2b7af7c5d90ab7f2ad1fbe1	0.373	1
tag-lead-061	26826171bad9979c445021f08ab0480a180ffc731e82df6300d6e536565ed7ea,8936e03cc8ae20937e0475a8d4dd58e4d0a5d3377597b7671ebb31aac03dcb3e,606ecc5d2749d18f57f940a0ae7d7b92af39276378a9dcd20999f6ffb963d1a7,5ef1fbae9a0a903d7a413d8a50b8e473f77f34145c9aac6e5b2fb8bbb6b65bd7	0.386	1
tag-lead-062	88378381b5361112e3131981b76703b973f0fe7105a57ab1a23edb62ebaf902b,54e4d71f91d4d218b03408528b8500d9fbbf1b6eba98b14f36ac97d78e5c30fd,3e337f21c5a91c458350351d4139ece120cbab0898ee356195cc08b3cb152999,b22e03d27d8e70b5bcfb81632be1e9e7157599f5679be8d86c24ada5416c9d77	0.409	1
tag-lead-063	a78adddb5c9a0405dbcfd74e4697a76e3e3d228ff111294ab1c2b5d3dec65dc8,52c12ae279bf29eb874b483e7bcf90da30c95a5dbc7b617c40d321b04cacc850,a500dcab56a1fe683e5a7339beaff20133e357316b7ce5b2f3aba996814c0acb,a7af65f3d51aca93e0ec8d45328483e3e966d2a1f078c32dc776203af5317e96	0.392	1
tag-lead-064	96985d028b5c847b2987132246c19cc7215e6e8c84ce2db339dec0e0ab7c0e1d,464521b4ec1bcf1a6efdcce1626c25523df0640ce522e4622501d0303fbbef90,e98aa35fc99ae77fae5fe3673e7a55ceac6dd4248c8fdc35b0deebd48ec17f72,1411f013044247e30affac68dff944deea6cba2e092744a7a0e8857ffb857cbe	0.387	1
tag-lead-065	76f85a99b57ebe0ac4b442611ea5d502701e206278c121f889e873544f999352,6bccfd2afbeba639b78f565e6997e1ee848dfe6fb7ef355c75adc42713512e7e,5c669b62126b79db5a3a34db73463c1a0bc2bc0ad10478f67804e0413ca62b3b,8dde819de3fb993d7f4e89250b88e476b4181046732940aaa191765e1382990f	0.387	1
tag-lead-066	a67411080599ae8a12f00e980691bd2fb6762ccb0231356d8aa65f22d10ded2d,4733dcfb984a6eb29f6ca730cb9a057a13b757372af5d6c850772ca390c1a2a7,3d0b37857475df7273e9ffb719eb71404935d8489882c87a6da7ec71b73ae55f,daebfab53936237281bb1722145bf1f8dccc608b1db481e8bef578ae8713ea5f	0.374	1
tag-lead-067	11be6c6b4a5fddb380257d1d9d568dde0b77cd7bc322e176ac49fbe6195f1994,34b61f9356a449025fda87161cc2a244d8ccbcb8896e3b77706db7809f84d6d9,d647fc9e671e3fdfc00d5e7eb5a8dc67a18a9bb2096105bc3ec00e64f01609b4,2bffe3db5e07d1615733ad1fc8200e73c8cda68679af339cbd3268ded852e74d	0.382	1
tag-lead-068	d021a7deb859db970938d0d614effb92ca54104564de1d5a0718a0dae451a573,d6431d997eb25eb05dc9f5cce2a5587e47ac2646b0348add79a5e3da06950a69,c4972d817bd7fdee2f9b4f233a2c100e8eee1e761220d0d284608000d5cacce4,137491c156fc04b4aa40d582e77339565f10b38bbe1ed0ce4cb9812cc7e23dc6	0.391	1
tag-lead-069	5b51a48d7e315a01dbdc15fef969ddd27f7a4b9dabd15e8b0b87782a68cb820f,00d4b0346253a604859f3a46b6721ecaed94292a4540c1f2bc44b6ee73899f91,f51b952cdae48a8e7d48c6b4d55797f574ab334adb67ff180b5cfe8129bada30,add052fd3c6aa3ec05d78d7aaa0ab0091c01c1cc5981032aa449650d8ea8d673	0.427	1
tag-lead-070	bfd7ae3c04f487ebc0c4bcb8082d9f41b467d22e08a7417059dafa10271e71df,387d613fc49cb52ece58af6269e1401f014c764cdbc7cd5a50c629208bf07482,cb5d6a6362b446b2ef74f7a0b7d969486a964c924304f713b4b30337c72cb4d4,f120da402f5cd605345a26e88e1c2a1b49445975fad83a1a1b703dac506e55a8	0.386	1
tag-lead-071	c195dcfbcbe273a2a1175219fc2a7395cd9ad50ab6ab55eb2c203277126a6615,323ee2fa38a7377410b1858d7d84f483f63319f616948a561947ed36632e6141,e7dee5085cada82e371b92f4b1599d950a4ebc166af909aa579d344b393b72e9,a077286ca61fcba6db3280fc241628b30bc479d2fb83de126c9a3aa8af248c82	0.377	1
tag-lead-073	0cd7dedc8b57f9e9a74960b69b92e10bb858a95e4e52820bde971db3600b615f,1244fb3e41dab366f9553a73d04ac0c9d42146877e52f6a02d8961affbb2019c,a467c33e25ca30a9eb0a1043cd34b25a03b8569823b2087e6b8e7b285628efb9,7abde1f093b12ab956e51bdeb3e1066937cfb97054a036bee7861f8dac492246	0.406	1
tag-lead-074	d8f0bd17a10c75d46d79cad23fea77c9fc14a57a6cc5381ca5349f12c8156e0c,57cbdb6bab3f1435510404b7d28dfb42438991af34faa6752f118b2f527a3fcb,285ef41eb0d47e5e972ed034ce963cd7533dd8b431dcf47d690b6388aabf7e62,85a31ee68598d944f79af0d45b920b7f5345345fe1131f31537e7e518e486855	0.38	1
tag-lead-075	f60351a79bcf15348e33e06caeb2a0d86cbd4cdef3153cb8108e7129f2c613ce,e645327496e4add873def22e4488d36a152ce3dcd4c41aae886310a72c22946f,f9bda912a42cfd9611797e10dd0efb2b09f1b34f9e350560cfa3a1a3cdb47341,fa72cd0bb746c56fbd74ccc654d0964e9676bc6bae6042300d577b41f7190d98	0.377	1
tag-lead-076	f2934fe15db48e90dc55a884c4b0a169e93ae4617e5cb3f57f302d089eb2ca18,2d9e611e4a6270b7c26d40442d63736dec703812703090767e8d8d9aecd7ae33,affa1cf1e952ab952fef1709237427c5254b4d0277081e5cd0292a141eec0102,b8e7ec64cee3fbe5f6620210b533b5e39b6b4d391e839747697799cac028f87d	0.442	1
tag-lead-077	3bed655290fd457e49c5a8c307560a3a0f746d3ddeeae77ed5d68cb7e59527db,740aedd954bea942e484f6821e4e542c66a5b7111825a8d52af63bb6ae8f4d05,0d49617b7e4eadd69cf1a9c65b1403f69ba431d8595f78435d5c85c8845e7661,b8f71e4038d784fe50e260a263340b279c7cb7a06be1a9bba5a501bbdc5613e2	0.417	1
tag-lead-078	9a2c6e03aaffc42edb4ca4aa456e14748d338241b149f8e9243863ef5e0f786f,73832ed8ac7c6ee1ab9282a29f5c2f69293fa0a52e386e3656d6453f67ff1aeb,45e7a9bbc838ee0b4d3907a5763b9937b213bf8a3dc426458f5c430d3b9665dc,99e06698f5cab87abd68cdd99c12a8629ea52513eedb738ba4b146aed68792b3	0.38	1
tag-lead-079	f91f0b6ed8a89ab93446cdf5be059fe52f84af5641fd6e8b1741247a6788bed6,42e2e7da26bedfda181a39a80a21fcc673527c8c2ca4264f54e06c7817076952,f1e3f817b2228cb6f9d714e579291d04809451bbbb573b31338cef7618696705,728bb4432d3fad553b4b293206df7063f68884984fa659c40cf8d8ea42ce638a	0.398	1
tag-lead-080	3304c0a762d20afd15ffab43647fb6bfa6efed2105476c1cd8c149079a54fc9c,89677f22070bdf66ecb2b2defb1d4cde0ab2077ac7687e11327cf0ec925ace3f,299624844aee6776649d3c8875926ab49b1da6065e8ca55d580dcb0dafb4318a,a74b8f091006b19064c7b6e1646bd4d8d8d247e224dd77ca0351d7f337c39719	0.374	1
tag-lead-082	1636d3d00a97b228d15768380ffd01e6b8ce64fab7cad7a58b527cc2669c4909,2f6bfbd6d04ee32519d192491ecc9abbc7fdbe7480adda8c478c5e79c4bbf4dc,6933b884410b62b3259de6c63f12916ed4f081a9c21d0b9d05c0c878cbcedaba,597b4f4d35720a8d7d692f87eabea232b94fba97a7f9f5939333de7dff35470f	0.386	1
tag-lead-084	a56cc50911bb11b438b38d4ff8a32e0ef529ba5c633581c8961cd7fccd7ae2fd,2e5fbddd385092893f42b9b59932bdbb88496a15c80258321c532c5a468251cd,ac65a5428c47fe4e08dd550101f0b3e5acf4b5fbc397c806dfd4edbad08d340d,dbf7f95d23e1e6a87b9a174c7d6b81ed179cf6c96fc3c544d7b15d2b168ad122	0.375	1
tag-lead-085	7fe4eb718e0361fa7383d687520e4766aa37027ac6229b08c017a5a547692e4e,bc199791c1ddcf90ba04c3cdc125e7723daca752c406ef07ad9fcc027a57baa5,04f4607c5f09d9499e76c6969d90cb21d34bd7bcf6214297d0dc49b8dae4ba9d,43bf116d9b80d22791ea2f315666caa0611a1c8b34ac0c3caadb0d170a523e40	0.389	1
tag-lead-087	68cd14e2c36fc41e28ab16962d14df1cce679e3dc47a354a48398a3a4ae4b49e,62f46b154038776d3a9be0a0eee832c1a6bc878c510cf2fe6670ed7f116e7254,0f54a686fa121770b905b03b33a7bb774e1b4576ed6675d5bafff0e50329ea8b,5598ef536e0aaee4c8a54d2f644ba2034da3cc778b464232a1b486502ffdba24	0.402	1
tag-lead-088	120359120b18be3c210dc17d0f5f9aed809a1d12c8e301202c73107ee62a089d,4c9fe4a09090a556b17efb962b21c99ba9e3272be63f13e4ee6ebcc5fd7bf603,608b8dd5920adab9c226ff993c1292417c724438cc45972d9939062a577461d1,2e7ed383e4c6b885864f2f7950da6d644b85a3ec3319a4bb85f4e29f94749027	0.425	1
tag-lead-086	43e5705b3ae569b59a39502e9944bad16e4c7708728f3febf9c56263a22f7464,7fbf8686b76199216d553024ff62ef3143c49ff59b09960f92d02d65121543b2,fa1edd507214a090127365e6ad69c81da4d60b533d0c3cc8d14ea490808a050f,70b8715b3d606c7c13d34aa3856f1a78b3434c69c27349aac296ad16564a1296	1.239	1
tag-lead-089	522472a30712c7b2baae691aff93ff4d5432a5fa44aa46a550bf4512e280d61b,e55eb59d0f6ae7ced7c26c1b56dc12ca88a833690f764160873f5d02876c0242,1e079de1ad14b9ed36d3d202106fbecc6b6a523be624cb4c6c2bc5a14ea6fca9,fba767be04e99658f05e95f2feae0cd14604b5f01ea46fc60ee5d348e98f3297	0.387	1
tag-lead-090	23b74da760a4b1c7f0da44b0a92a076f29a144268373e31e9f2024e80d558aad,81f991c7227006c584935e8f82c3323b5335ff387bfa85a50a251c34a15b64b9,e4f6aad50619df11136bc9dcadaca2b50c311fe9a608809edb263f6d35ffe340,e26696e0f644fb0709c1d6a14242cf9b799d6e4340a64d3c41618619ee7a74cd	0.37	1
tag-lead-091	742791e36ceac0747065ac9334838812fca67bb7a0e6b76663e057906305f782,dfbd11d023b879a8eeac435eed74b6d5e07429d505708d1d3ade0cd318935b14,c44f21522373fa40d78a4327289b51b4b5644b25ddc183f1daaed9ceb0a05a45,6b6afdc1d8c9ab1bb85bc69219afbfb5538106b1ee3a21fef0d00f5c27b982e9	0.365	1
tag-lead-092	459a49a61c5cbf62bea5200485933ba63c2873b6a23ac1514556a4aa63c8ccb4,f7456b1642fdc45aba6a1f85ba1e6f8e8f89691b6024062b734296c9d252d5bc,1682c24c410e4fbc5b792ad1aed75f1370161f961068bf1ca8b5e548f89a34d2,459c0f7a08eab5422960c37ed6b87e2b29663f949135a08a9b46f892fc182f3b	0.378	1
tag-lead-093	4c75f55bed87217a970b4f674a13423841e811487fd08a62c377b2f28d5d96f2,356591105720ea2075e716282254ecc28e3e416a0384d85535841b8c2e03ad75,9fa5303a1e97d3904170e9645d3cfede16bef3e8ac98f43bdd0ac4c929c8156f,e83ef0adb94be71297beb80bba856cac9c0a74923ee0b545639259d4c7061b63	0.42	1
tag-lead-094	3571a3d70341431f7e6ac5ec34dc03e48db998855f5dd598d5f7ebc5e7ba5a6a,787526c1e6bf22a511335ebb0316b6373614c1edae2696523b907de98722f1c4,b0081d5c1e495e43f945677d5994cc059a55ed95303e04cd5e58fcddd88dc6a2,bfda7e5edfdae7b90c0bfad984f8f331eb9b71b0afd49a80934ef6fd16fb27f6	0.405	1
tag-lead-095	3f5a69dd90c31bce4771e0c8e1bdc6cabd0604e2a63ab669dbb526b6c5151696,0a3b5bc8756eff8c163de421fb1cffc99550d00442092b8bb609101c774fc954,c4716c9f92f5403e62949a6e119442f995e7b2b08f78d5ea0d09090cd6176c80,5cb3feef3ac6fc27be7f602d53519b7282a5f1b955003344705aad2f55ef54bb	0.384	1
tag-lead-096	0a6e1905348ba958248430556e407d64d9beac825c75b5a4cee60372c6ff7568,21c830853803cdf1d7b4d2871659ce59ea74424423f2cc3cea84b1c2a50cd668,d316bfeb16cfb886d07ba6e7f5905aeb3cb7bd250ae89703dcc228509c85ebaa,8b3a30c43a183ec4ad6592ff5e49213bfee619cefb128379df5df3f63e3dca95	0.377	1
tag-lead-097	aedf173bd7474b42bccf0f060d28f38be5cb5369811f0d7709f1c8802b5bdbf4,224ee0e70d9aaf2fea2bbf5161fa51b835f39461e2f3caf99ea575fe5e2f873f,76982aa01e18148422878cd41fe23695d8edd5667eb7f4467e3cde05b85bc8cb,346205c73b1d59ca28dbcef6461fec6857762d00d4fe395df382ed2bf3425a2c	0.378	1
tag-lead-098	cdce70f8df8f3dc1cd9468aa556dc15c9a42a4d094772d10af5946a8e95facc7,53c78b24bdeb301a056af52a3bb4b6486ea3e83bd60744d5b22e2ba2c98be9c5,c03703b3c4714b9b75e2a8b1ebced32192135e80710c2c9332f86ba9b749fd09,062d4a9efc6bc2a6e51e9aa158b484f7dfa4b09e09df804098cebf256da8e7bd	0.384	1
tag-lead-099	15327e9b4ebc9726eacdf801419752ee15d5ba1ae3cef07579a1c9e9836b0b83,4adbed9db730505c33fd12fa275df7c4c4b02738a8e65e51b18a1b0566827f01,9a57dd4d6514d0e398571039ba2df7408f669d42086f0c923fb1fcc94324eb7b,eb9887308a45738912ef3c4196d8fc1770fe58ca25a4ec86c7f6405fc6fe1dbe	0.378	1
tag-lead-100	775c091baeda794768bf52a5fca9fc5bd7db16798b5d97de31121be7186bdf40,9ab4b4cf2d5fef9f50a12c1ad725e25709e23c18a16e76d645baa87ba74e8eea,636ea857e1644a86c3176c82ac835aca1bb1da62249b2520e0d27d690119e232,2b4a30b7d7c28995f3c4b003ed51905e129366058189e2f5cf92025f49023962	0.391	1
tag-lead-101	d7bf797befc2554984c3bc6198cd1c200144cab37aa0942aa20d76f5165f8290,3fa3d2af9f2e5f2a9cc5aeaac9b7c94ed674f0e1d29ea06138bf1545a879e6ac,5895a68a0b723f94a1e09b607df64921a179c31ba7242502fa3a9151ae40e5e5,779482a10e9b147f63f7d03818f433206e3cbec233c16849a68dff3ac57c66c9	0.389	1
tag-lead-102	dc7c0bd21f212e5f145df2c35d125398633098eae93fe45a475948d167fd45da,251e95c64bc22eefc4262e1a4609aea0a89e6e0ab7c0c9c010bebf230c9f672c,878d906fd6593da103b8758c4d2706e331bee114da1442cdb51d5c9c704b0ebf,505cdbbee683dcc921fa7adfc492d17657c8a2055610427281826fa8f60eabb2	0.413	1
tag-lead-103	4dae0966cadd4f9e968df96ea9ee5b842696ee66758a70d8c6cf6fe59a114a30,8858e041afe1a5a78991f2fbfb7201365c2a55c7aee22ea21b86d01f7a62c3c6,0dc02e7176d1a48caac438a89940ecdd0d87cdd6e95d6bf6f8a7ed58fbca387b,537f5c87a436a7eff31370296473a81bd30f335d6a1abcb089be002840469266	0.397	1
tag-lead-104	f72f8833b2076906aa8eefac1348bb652b9f5a1487c89da067a1908ec5e8c589,8eed0e854410e05f4f24262b80984a7981fd65264276ecd5dc00f386cd4ac15b,b2b68e0d16d52b39d4d0f1032e298ba5ff68f5afc4d84cdb8dcc89579e45ceb1,367953169ee724d58282aef4ecf2bdcafce1eb8fecac0eff4781b41781c3d6a2	0.369	1
tag-lead-106	d75b2511d60536ac63102138b7456a6104b691214c218e7bb34df246cecc043a,cf90f31cda099f0e11da7bf663a26fe772904e5e64405143133b474dbaa3dc73,ade05abc39de50edee555a6659cc975fb1511a82ce5a0c29d0b8292acef6ff0b,89d37343232af655ea02b516e20a1e8aac027e7290ce8c62a28e90e30cccaf30	0.415	1
tag-lead-109	bb72cdcb7acbdc63cc80268c88ed4d102612d93320ab5d48653554ff8516265e,50d834ab884de1ad541195b2601f3d02a42efbd62e007d58490c1129728e9bab,7b47d2b37256c4cd0754ebf8e6ec8cae04eac3180bc236bab37743af4fa08693,f7d402069362787303c4e86971e7200737469a0b49a947fdb31553a83fae8247	0.411	1
tag-lead-110	34c3b0b7c15276f315a550f63e87def76aff56aa78d81fde16974255e93a77b3,193fca95446deca5907c85c101b1828d4bf8bb2b5762c8e5c7a52cba232db92a,1d217ec2d0db3a48c640a045a3d6f2113719ad19bc9c474029da29945faa4606,e737ff01d769c81bbecbcdf82e4bf76c4a1931c51f99085e3e25dc481058d3d7	0.381	1
tag-lead-111	dbc56937c119e844d950746b24a84a7b493e7ec2d712a4f29ce9739a1fa5e92e,08523f1ad9790708bccd79031a261e34dc38520e5eefca201843d0dd83fb6841,58252413be1cffc6c4e6e350507763e9e2b530543eea6a1dd73fb77e4ba2a0e5,4d2e7860a47a289dc86170d3b9f6bb6702723019fd64e0e577046abd7ccdeb1f	0.39	1
tag-lead-112	08e1b1f73d788b401e2308d8086a71dfdab5c1b195d666710e4aaee876ffb61a,82cb3af480d9603f506dfc0e9519593539c0a9f0823f84ca7e1757f9a40eb2a2,c2716d845acdd6d114dbe350b039eb9d7e5bb6dc9ef41fd188503211cdf8bf6f,13de8a15eab3e3ec6fa6e9f8e4adc7696e71069c491e8a29717951c52b367f58	0.508	1
tag-lead-113	9ad15d5669c96ddd39cee02be9fe514e39d36965d98e58fbae375ed039af0911,8b511af3ef3fdb1dec42dd4a565c4a9cbe44890b8a74634f902817b3da03d512,de3220a69f6604b8df2da972c5ca1750def6cd2d89c7692b61e99c3635943375,71ee681cef28a44a6313ce91de8a17b0e5dfa85ab0d4f6360559f6ed448eeda1	0.494	1
tag-lead-114	e14a8a02713e0be9bef5a2ad5b5ae391386907a0ced345c29e1ad6bd8341191f,61d68f7e14c2010244e899b1f7a9c5b6966a6783d3560632a9f6012d2ab7ea32,79a5b2d41cd05eaea21c50d10cf20324e2ac861ad26f2493423102233c812a67,952a3662e802f13e1b82d3bacc0979e13dc1c3e4661ed55fecdafa6374d18bff	0.389	1
tag-lead-115	26ab9313890c6f23a7d254e1535232946e840474142d4da95efff634acdd6cf7,5cd585f53f2c2932c48861d3e831eccadde1d85b39d3d3323f4eb59f6bfc9093,81c395053a3365a556672794ea6e31abb6b8ecd931ced12c301742b640d16e22,a6b715d1d74ef714878fce414ea740819a5ce053eb200f289a8f4b027950342a	0.383	1
tag-lead-116	6645e4534e4fd687f65db3914c33ecbe839cd898cd1b0bfa14e42b5f4943a510,0bbd79e7a7e9da4a14268cfd92b62404ab00d97cc9c8946f3deffda2731bd75f,101ca0f9ceb83363340f77343afdd7e8bcdbbe07b0fa7cac56eb15f829b6ac70,1c61908bf6f596302f1f43524570ced5e194b3c9789980e4d17b11fe4b2d40e3	0.388	1
tag-lead-117	946f0026e2b0a2ca3b6d42def8a3590c9cd401b6ac091c04ba0d46fe4beca93b,4c4e4bc801073e2c94bda31e99a4f806943891834613c0357eb4af26d6133b14,0d6fb7390f3bc21ffe964a096a52f2d7c13a3db6216a7d8d4f4a3f1d12420dea,e0c8c96d136498e8fcd3d32c60763e197e3501c46ae87bf9e990eaea4cafec57	0.393	1
tag-lead-118	4961657d9290beee49904b947177dc4a124846dbb70efc2ffe8b2ee6c353197c,b4551584d2ad7a6dfca30b70a824d198a0fcc78b70c715f157f97a8c7bbe7b7e,6896dbf6a6027bc9a8149a6103c38cacc6445a7f78dcbfe20145444fd2e1d0f2,97ebf51430ef8b797caac4be2d08d2222c17939f975d3e9e4290a2dca88f12b0	0.372	1
tag-lead-119	fd76b957fabbf2b86a7ec89ad68a2581c1d0d81384ded7582471792474f35c5c,86f6d6483aab1474c6e2072d3aff8710322b761a1c135716d017830496385f8e,44b9bdea44c2bfded745bece0748b401738c14540fa960592c9bba2dbb692a9e,852ea60ca49456ad7539f10e032712db50099182a3337ae92352ec9349e38c3b	0.379	1
tag-lead-120	b5a37d5fe308298f283d41fe733b46710ae704eca42a281abd9eb86fbf243780,d252a7cd626240127e83d1875972dd65c8ce823478c062529d04c12fe3a38cd4,83f1fe69254e94106526bc6920463a8d354c6daeeccbc3727cfc53aa3c774222,957a45e8f1fca4bb69b6465da88922ffa22e0c00e748defe6f3c822e77bb2b9b	0.464	1
tag-lead-121	011ef5727cc8ca1996c1ea909a44a5e5d714fda066e129824ece26d0c94e5772,678f569d2c378b569b330ec7880d000d706ff0b3fcde7a988d77ae90adf6d5e7,122686a8219e22e1885080a6a1c20aab54207e9b2e00062ce724e1425c37e4fc,3d80f70135ffa7917a259d25dbd737fd87053478d8768331b7bb556276433275	0.455	1
tag-lead-123	d4dae4d197e1d554b0b302f45f3de3d677c78c2a6086da74bc823f9c288ded53,e53ba376b9c02ba55a444967576002a3704fc4a0835f81b47f4de961da069346,1e8c6169f6b42459b4c718d3f20c12efdfbcdd80396cacda349e906614c38dfb,062788c3ba29d564064f3cc18a53ef837fbc849b2e46b4625e34e06ca191b6fe	0.408	1
tag-lead-124	40c50dd744a942ad1b6522b61ea8dbd5473a7922b3147e9b64c58ab4e8c3f91a,3250e0ac7b97566f937501245754e0ac4dbc39aa1a6630526d035f58d5ad7d01,31b7f2872735f1aebb07ef25fd3f75807904ee809df7541c92be15a6ffbf1fd0,e66ad5dab2cd39ba9e24b42478125e10a2cfd5f185ff88a9c88ac28d8afe3bca	0.413	1
tag-lead-126	dda44cfda097e360e68cef87e1948a18a23af8cc086ef3f988353e79225c1247,505bcfbd9a7b98e32efaf349b6936af690ca0c3ef42d5f6654ff54064bdd5d4a,fa8fe3d06c25053eaf791e63f4c0280e2b29341226a3f1a0c919ae18aafabd27,3207c3a9692904365b7cf06d41914f256c8006164f77d48b0a8861b0c9803393	0.369	1
tag-lead-127	21ba2b72e5747da1db13ff301fbd1aff2099e10587b15a2b406aafee1ef7197c,fc77d4c0f0bc173270113c1846ca41dd50e612fef667c8217d10f5efc79a8a74,b0574c6f9fe3f39eecc0b50189411adcb126ab9da68e376c8e4651b19399471d,ff508e760bd7411da9c9d0b7a2a078a62ff524f15864b934818917b0afcfadbc	0.395	1
tag-lead-129	d11d9dc4294d51782270150b17ede76edc6b69c7d9ed3a4c4a42d5984ee7e1ca,bd6182a6e4d5443eb4967970fdf42b204a90a8209b6d5191f9b9d3be6a58f145,c1044867f46dc6b8e876d0e38a69830dddbac277b055ce386de81e4ce8db4877,bc23e869d5ae5bdf0a317ec1dbffb965ec08effd3c6e2382c7ad0161be8f4a43	0.373	1
tag-lead-131	83f0aabb9e7d571841c83dabc4e5d7bfa1f18407c75efb9882059e217a814dd9,cd5598bb5a977ad379cbe557ebfa4f20d136184a26d4f17789bc855b8810f450,47089b22a497bcc823f7b95ce2145ed38a01a125b66f7e464c964346448a432e,2c3076029878706737c9d0bf696c6a36f9f532cac97b138ea039a89e7749721d	0.387	1
tag-lead-132	10523ba03f69c695de555e59af4f745833ddffac93827e23b353c375abc71996,ada21ea5ab1e25a31fe19d19b94072eb0a10505a7282d9eaf9b0c86c79d77367,13e3925c0408ca1d6458f2a26a3b4c0c3b39ad779bba2cd45f7e29f261bd0a7d,65086c23524201b09f134477ab9295b588236e6e2d74b94f4880e9c97f970900	0.504	1
tag-lead-133	db14f0e1d0081be9c637cb6f6904f6a6dd74531abe68eb21bf8259f71c238eb7,4e9045e90886ef457e45f74807f878e28c597159caf6ac5e4ce97e67e8acd8ef,a1fa0a687ca27b0d7ea2afecea7a5d4f74c62da6d7a11a8f9965f5086eccec01,a407a710d71b1816f4867b074c3b0be9d2fcbf29422593300c03fb5fe5577a84	0.459	1
tag-lead-134	fb5f434ff4f98c5e27d2113cc00f88116b9426cbe1459ca4c2892e2beedd2ccc,6548c2a4e68bf28975f2e5c65ee743fd4f43417a8ffe678e85ef8b60cfa9a0a6,eab6e8bfe722548c83a8ecea229716f036d82486cb7c2c667e0a6f5bcca4e66a,e8323d3757e26c04055e36619b8bf47ccfc3564b405e810968e1101fe1cfd46e	0.432	1
tag-lead-135	c0840c774d944a877b1052641045f662cf1d2cb922ac298641e7c845bbbb08ae,8447d5743ae6d0dc70cd97d371c9b7d3739962beffdd93cd21b450a82f36b227,8e17ce4dec7d79c2338dfdb81e7aeaac29d07fdde2d1079983b3b40e91e63646,a5f43e5ed0b65656f28b937d91bfe98fbeb92900485685581f6bc6604198931c	0.427	1
tag-lead-136	c15032c973f961dcc03874fc4c7d45be5d42a613648a8dbe9a7a841f4aee0e16,a057bdad30347cafb2675b234f8e6e9f24676c16a962678a7ba3fed7a34f2440,8e0dea786c64fd4c410f79d0386d341cdde701deba2c7f35dceb67a0299e8f05,d11b068ad4fc6369c314a3688da658905f7c5a64096c695e8fb820c758fbe20e	0.381	1
tag-lead-137	6f750c8b13f5ffd7ecb9e56621b24655e992fd7bd5df40cef99bf6f4baaa9012,3f8f0318ac60232dba43c01a532d1a083f2df2f1c42703f912ecc0bb9142c93c,b94deac79d98a6dab81f9db1003430a1c5f035c8ec0c22974a922f6792297680,6238d9b86b281f5573572be660c509b161dd4003ad376b5f12c6e9ebd074fdb8	0.387	1
tag-lead-138	bcbb162c28001fe7cb2d1135c55047e461bd97e8fa9c54385e3fe2a1bd89207c,f4b80d3bfcbfee167656f3eff283018042372c983c36159347bd546244d2bb62,7ac2700f43b8e0d0a80257c460ad6a154be2fadfb57350ab82b70483069460ad,1e13015b4e8b64aad40621fd6bc4a72e2bfd048cf7caf547005b39d6cb0f4a31	0.38	1
tag-lead-139	38d1de567bfde3d5cbf1a12fb1ba60e61734cebc70eaef29b328d607a54a89cd,461f7403198297c873cc8070681ade4a63ca84927293d47c6af9cc23c153faeb,bdb83f462026a6ae8cf0cc3e6e063c1d3fbeddbd5acba6eeb88b716ec68426a5,8bc17be941ba01924c70167d20e4b5b200df53a12b8181c7fc03daece6d13c90	0.497	1
tag-lead-142	6a842c2c037764a319284d586982c6b8e22c95351c8de0b301ac3d9c69114dfa,5610d7ce6e526215c9ff81c08df0b290b1cfd6b7d3cccb1462b97a913eb9298f,4171273284cf2f6afd26fec6cb17759286dfb12d208fa7ef4ac22274bdfc5b8a,7f7f77ab651cd6bca90ab3724e2fdf7764298690b5f3598abcda1942133353a0	0.556	1
tag-lead-145	b81b49cb1f33705d81e9782b53ff6965c83fbeb9e9d87bfc58e7714e05d27177,d2f23162a89ee1bdd0e0eae1087b9a90cec5b64d0cca9d7e5ac9038228fd562e,37231d219d6dfcbe366b365fe1a51ed8216f037b00b5be9bce8cc114dd9c83e7,99f0cfb97a86973251e42689cca62a37ece2a9abd93163336cd1a97cd83c7d81	0.531	1
tag-lead-146	ca06d1368cadccabda52c15143508bfc65f1798222489c58468c6eb3b464dee0,ff25b3c82f32067b9e1b3f40815a6c43527ff83c1461c42da19fe9aae2a5d762,3a4f13c54fc38fa4611ac61e5f35b1852117018a514bbc456d67ea94e1b81c60,c2d3b4b77c3b10957baeab26c1981125c0d093b824a8ff531051d5faffe9fdc7	0.39	1
tag-lead-143	c7d8573babc471b2fe232043875e540d1736a299a81312873836d514057c90d7,7ca4abf9c9d8fd20c08fccedba898d7584262ee9c1094001c8ae042584b7de6b,781deeb47df2b46423a0cae9b633be8d9c148b716388e6fdec335badbce5e20c,01e916e4ea2f9e6a988ed710ecb633276fddcbe09388953affd5b54d70228306	1.319	1
tag-lead-148	840499fc4b31780cff4344419b56efe56f2e22a01c73ffd45f05bd696b27f6ec,ad1d774af95e7f0ef1fc720cddf785cd4dede2cb5bb35f9aa4fde78bfc40970e,8a1ce74e0672c4a6f29a39601d369e0643b4eca913d377e13d8d7f4ffe49ed5b,811e40624637c2dc9da19c2c854a7634fe862ef9fd47a6996c94abcf6951d22d	0.371	1
tag-lead-149	763f25e484d9570c5ab68189b502102a796495d4814d1d8fcab0239b523317e5,19e11df6e2404621d14e24a9f501769ad7006971ff78bdded2322bfda785bed5,5ec1bf3f28fa2e76e5a710cc3c459860fe7c3d0886d6dd73a97d801a96b412b1,cb1d4252bf463f1fd38924ccdd7d7ae424d9a7c65376648ccf6c51bd37cde083	0.512	1
tag-lead-151	8df0b5a625b029ef8414d9eb6be68b7f3a45b0013f5e36ff54c547e2d43a4eb6,460a703ccdb43e536d358dc1f0b3867114d724d0df9f6c02754fda95fc66e602,555aaea80056dcfdd7af77fde9201fc42ce99e2742c5e5cacf7db3b5c76dea96,36917bd1b09c6c968b734394b5d6fbae7bfee6d4ef97c701c4b19c40e6879ee1	0.446	1
tag-lead-152	4c18dbff0e822f23151ddc54897d88b6a00e81ce97ad4be2fc6fed6dd31d5c3b,044a2afb8b348e9217ca70fa7e9f7dc5ab2bce52f7c108b9cbb3f791268b281d,b23d0b3234f94f564b2575fb6ca217f511ccce7cc26884c35ce914259552eaa9,6f6fec82bea9912fd37a39b810e584d1e5b0d46254a63c4788a05d1a4618b29b	0.379	1
tag-lead-153	81f5e931ca1fd07742f429b02fbed7536e3306bef9644d2becf6bc0eaaa8b8de,480fd256b4fb6cd3fbd92ab90db295ee672c55a5c7fe321097948b04a5dcf0e7,52003a3f7915a41d1be078dc209e8deb1b8c914ed558aec7852251c8930628dd,2d159397c89ded71ecbd180da797ce32d7129f0bf9f237c8ab5be0fa6fb77b44	0.375	1
tag-lead-154	c7eeead038bd51ad754c8332d7e7ea3889bca15da3166b44758fb4f93d31b075,bf9fb99ac1aa61f84f14ecc3781c0b62810f36735882b0fa8350e29686f5584b,b77bc320846540e5479ccbabbdbfaae3ebd59b6385e97dc68afa4899c23ec3ee,6b48d6a59517201074af1712eb238467069f25f309a591ecacfb99db265f5de6	0.377	1
tag-lead-155	d8696329b224f5eeac1eb351ad4cd37bce3c7239e8768fae5ea3c08b6afaa758,1e29603503f90adf793ac8da462a1cb7b6f404d5f14704306883f039f8050fdd,88a5066ce21ac167df2080aeaa7d889d23771649620ec68dd3bdbcd6500fed04,4cc0dc4856b29edf96bea862cb46c2b443938231d55062b198ae37a105b318c5	0.483	1
tag-lead-156	3bd2db09bac6b69506dc70c512f9d3369637393de7a287427eb0153cbc51630e,8f542b60c94bf3d45c838f841c497b9247eb05ed00c658410843dd79ac9a7280,f051624c8869afaf561c6a3bd850eb21c5024a405959b201187a3b0d4fa17079,07a62c735ae82908cf35338a2a70048ef1b65392c62bf4216053dcf6da79832b	0.524	1
tag-lead-157	30a84c54f6ee5f19f71e3961d1c953cd29542c58812694bea7e1161334349bc4,353e328d407b9c29228263a8ff71ea28f54472254dc533a3ab90c6b1e267b8a2,a70e8b1d3db5e0f70c2ea839503406bc954fb6c1b1fb134ff4882cd7c6f64227,2320b5860dc014a6c571e6795c24d8dda272662fb494bf2e990be2796315c20e	0.403	1
tag-lead-158	e6ec9bba477005b9e591deb99eec78b3b978226d5c29256ebfd19c265a4dbdde,1237588021535c4d8b3ca9c0239776501a29b28c9ed6a394c4a36e2494ca8017,45ea52c29481a979a44fcb6b83cdfe0067fdce47491a1eafc88b5f187261c938,544b54977ad7308584214e88df1422ed0fe4130bf7450d892e36b8ae61485b6d	0.358	1
tag-lead-159	23af7c259ecdf4735d0797ecf465f5d60070dd596730593f35008e9aaaec0d88,32987ff3fda7ef57badcc6b75b4ae76f7de6925da360e804983fd6eddfc98f2e,73a5e58e8f2ec8c0e167df293d4830eacba89e33c6011ad5e7c2f9b5876f4f16,b6b8720373b1eaf07b7a62b9a4535553e51f9fb9a9679ae4472b40558dd2aae4	0.521	1
tag-lead-160	38a2a9825b1d4c63c00eb04f96810ddb5978c3a63837749c888125050977755f,2805460fba52b45ed69475578512808e087e39e8f3cc59c113b59e4922afd517,b986b5a78a2ee9896ed1dfe89f2213d85c61d0fc0500715e390d19fc98011335,033f491801da3da69ab8f56a83fab14ec184c2a7ce6a277de0dea8632ad3493e	0.484	1
tag-lead-161	4888433a7fef64a441ab1cf6d1133ccee6a0148f6b259f868807e285457f9b1d,3609798bb0e9f0c0ceb94c03bd1d5cd51e081a1399ddee115e18d69fb1575257,76fc5caedde98fa0aacfbc1bc563a46e375b85f503fff6790dc5c01c43cdf9fa,9859c949d53fbafe2587ae26b7449fffea59f464aa3a764b5ddfbb3c0815a382	0.374	1
tag-lead-162	831c9c84447b210849c18629808175dcdf57b7c6d4e92cae73039583e21f0b58,de8ef5119afc3a8520e475331c8112a6a8abce2a6cb29667ae999eb8978a60d9,f37d892b879740f9d06a4048058773354d38ade5fb1168c78ac11aef9a54d9d9,4fcbd183a63b845727dffdc8fdf70e0305b7a6d8458823ab8d1c6792f77a962c	0.377	1
tag-lead-163	1d638731bfcc0483beeaea80ef27606c0446362425f5c0836657185052c52c9b,bf44b0d2fe78c874ec69caec41ee969207c40a9552a9387a083e0b7219c4f549,5394daf0166d4be9f9b8922bc6eca04027a82a603035f662227a170daae2f6da,3b6477110183498aea8e42812f5e940c337538c75fe7d20a5e5489bbc3f0ad68	0.381	1
tag-lead-164	04db09c92affe632809c8766600dbfed9b08e141a65e1014517b04616b5acbdb,cb746e7d6197ba80b8b40979298b4c83991f9505c8a915db8f86977452becb9c,9706e10eef26bfd7c22ace525c0800062616677b1de0ae20168a7199ec13f2c4,cb90dfbe1251a67133e3c658afd688c9b8cb9b4b518f8dd362b442fe34dd9b69	0.493	1
tag-lead-165	7158699accb4a5e28c18011e8b5bdf6c2b6a1508e47981bcca195c72aab7a165,a64fc7ebde5d353e13af44becdbb5af4705eb0faf542767751658101c1251621,c0ee36c6167c74281dbb5259565ad34287643dfc6dd6b3da8559def1b26e0cf6,fe338f43c5d8551ced276feaa693ef919993c0b999e2aad27788496deef0512e	0.509	1
tag-lead-166	10137f846c2a2db23a5ba83b299d8a8fb1c8d0376e30a045de60359b8fff7963,b8fd8dbc8fed9393c794f169ef6eacd0f6049a4e2ddb0e32811105562c211f1f,29a83d122b73b21cdb4fd91520d1714f71ea213ffe2ffca7eb5af443450c2333,92b33cc5a432a1f7a53c4181d3e3ae861cbac527d92194363b2f00517b29f6b4	0.434	1
tag-lead-167	82948cb544d1e95065b1bd18cad26537f9bb4032a96de4e341a04d7a5983f7f1,5ee16fc45ad7d3017627e72503193a1170cc7e00ac6fa2caf4c8a5697334b2e0,c21c87e224034a84e41f45929cecb86d53a2b6a237d65cc949b42149c95c2678,6ab8c90027e0c09a98c15b510284a927019c4c13cfa0ba88226400f8b2af456b	0.39	1
tag-lead-168	962ea0973d12a804eb6d4fb61d8b9069643cd0803de4a61faa875a486125b322,974258ebb19514f47608ed0afd291f3be57a0081f852a04d7d1d110672ea2d47,573112317487f771c23639cc43ee5fd986d2171ce894cab7ab6f06a84a3c4fcd,29ebd83f1fa5911876e5981a53b2f1d64fa490a3cdc7d61a6a2d23fa26ee6706	0.522	1
tag-lead-169	80f024cc733218b9e35f4793ed4af5a2dee097611ee4ac2a19f21bd579ae46a3,eca34fe9eaa7e0a694cc961672ad3a010fb9caf8d41c2dd4976cd0a80040ad60,570b98cf8212dcaa5fd8afb6bd285b903a7431dadd24cebcbb29e9ae3edec1e3,b87fb215010ccd7140ffa291907378225424f5dcd29a9f0b4a8e1f8798eb4b30	0.505	1
tag-lead-170	ae52fcbf8602e66ec6bc76db47be98552215754017d5a727c5300aa1515467d5,b91ec9ebff2343dde069c29ba031d81ee39a9c92cf63f1c76ebac145406f4dc1,ee61d0996d681d4d79fa753340ecb92f2ba4a889d9904e6cadf5567b126e088a,5cbb49487cf3db9183efb48cc16c823b14de631829dbdfde4070f46679e2541a	0.368	1
tag-lead-171	02f10e0f5e37d5350f3814f0860da519f9c451109bc7deb296a4a344c45e8765,1ab0f829f25c3bc14e395c67ef973a2a83b93eb91e5bde8b2b90efdebd7dc868,6561bf27ec0ac0e9f62cbba661f157db284a31a04bc855cc6517ebe196de796e,d240cd1c2d687be0f1f2aa26383eb4a6f7239ad966d8539bca3985a5cd72f467	0.391	1
tag-lead-172	7cddf1d7b52231b3d2282c967eb20c986b0df28a1f9c5392046ff4be11e795dc,68c8b569fec9136836691cad765676e714faa5691f20ee27595f9e109d39e2a3,64fddbdae2780b738fc0a19a96603feb14c70fd4265ec573388e7d4091897caa,23b8453475e08f98dc98bff18ac4f8ee0d3540cec3e33392fc6635a2ad328ba5	0.373	1
tag-lead-173	4764f7dcd801a05d660dcbdaf76044a9d0b794d7eace0aa6f278cc723ab01f47,9ee4c39b268a6d542edbb47d43b0633143de7410c9f4a12133ae058e646d27dc,581c3e525a2244a6d984522ffe95bce0a2ae3fb83770415c17fabf891daa611f,5edb5adc21b99750846e985491c736daa933ca5ff1337dd07cad81fcb0a70dd2	0.384	1
tag-lead-174	83c418b4aa77bb1402f6d11ff331f62ddd5f5a41c4914cf63fc2241932d44bbf,2b2b574a703299218c64bef631eb62218bd17d6adce083742bed2040140e16cb,e9fd906671263bd5cde2d2caf80f28073dc57020e6e80db07393228caffdc18e,1b2fbc1899dcae220516e2d4f7c15193f084ba73ce2761215a9ed6b9d67f85a8	0.377	1
tag-lead-175	812583aa4b776fe14b691cfdd0bc277df3e85de885fd796df974f96a7288070d,dcdebadaf4af621713facb4b9a966fa3d3cf00887e706406d2aa5e999817a996,04068561e4c6dfe6756231472cfb5837e340cfbe31c9e6369ca81e2896f469f9,eaf57f5297de7bfe02d4d12469802f3030960bd8a8a28786dd6b193f41b0071f	0.385	1
tag-lead-176	7957a8beeeda424a3a3c97d3843c97eada7c4359e2ffde3ecbe4133bb95eb523,ecd82528ec9fd4dfc176e066823479bdabe8cf19476a2565fc3e4cb04e74606b,c0c5809e35c5c5b18013ebd00ce2244d43ca6abdd74ba156ff9afad717d77d65,35d1e8d4fdbe0baa8a6a2ab7bc7c5d7840ebdc5f109c348c42dcd0e40ae00478	0.381	1
tag-lead-177	9b56c6428b0662ce23b4d89f8a7cc4c488079ed5bd2dbad2c4b7cdac88d7b42f,33197b5cee7f0066870a962ad8d826cc99a0edc8700dd69203badd4d643df239,489b1fa28ceb988d8f4b0edf7fa79a601502e524deb8ee8253bd7c530f0e46ac,230b704782f45084bbcd9dd137b07fc602c8da2c67c3958c8b5108ceb323d65b	0.391	1
tag-lead-179	c226a2a09316026d09a46cdf65013ad0c6d324f2afcfa0dc33e305944d079b05,62d202d2a7e3d9a923f794197e600c8e5ad82a5593fdc7db61d4c6419b9c868c,79d5f9a443d7fd3d252c3213c5f69098ac0f3d5fc274871c86907c301f7de909,3b18642024f4293c665038673c481a951892d93fbab312899677cc21fb6efd72	0.404	1
tag-lead-180	0f90dd9ae0f1ad914d1e9ca38985173098716811a9e7d28d63764c8320c9060b,8d45a78b1be54f0bc4a7fdb55dd52ce7bfc068cd03b5be2ca850194e9da217d7,dca01423cb6fe451ad852bd05a3deeb252ec61a710de2c849f02de052a123c96,2e34b9210c5d9b454bcb1919068a7487d8f9904fe3b0a7ee20ce69bb63a2020d	0.409	1
tag-lead-181	6ec43cbe65e59c99f1660dee2770b20e07421cad2786da4fb28f6c7c086a5dc1,11be688dae8d5542505bba8c1496a46beb4be126a1f50ee4e31cea171b5eec52,ff0e00cbec902cd1c1d102c72896c5fea28490fd7621c07828bf49336959cb6f,8ca9819fcf6f6b26f4228506d0944fde49f67e3d5cdcd0b2f03a18a0cbb3f2e3	0.374	1
tag-lead-182	73a5555498be22380f5e4b55bcb7c9bf2b027278eef59f9d3c38c55b12a4b8f0,127abeeeb54b047a85a3526c3e4f8377fe4f85e290cac78134ea47c455babebf,ba1d02817e32c7b670556c27945f6fe257e09c48b433e6afc2ea2d1f7c05cf34,1ce5effb08965317c3fae4a297d3f1b6ac113623360be1c54d79f77af45845c0	0.415	1
tag-reading-001	4ce7ba26cae453ff3239e3386921f3df8341bfe2bea3c82f17cf9286c1cd81a9,659a1011af8ec967e9ab3f287dd806e1f7298ae65fbb5e8b1df914695ed35ece,9af606d17260cb6ca51c0da191d8938ac074427e34b7e4a07a33dfc5e474caaf,160b8294036aa6c276de7988e95dc720458e6215474559b2d8836d8565376702	0.429	1
tag-reading-002	a6bc47d703b8120d072406eb137dc33a29cb861c12f3e54021fba6d8bb5847e7,753cb9b905dd20a9ace9f3139d9a60ec663800314e584fd035dbccdaca5cfacc,4f755470f14e24ccfcee16bf772bc2d4648c13f4770a5b98db3bb27bbd81461f,d2908a9e716b9169edddfe67dbff1c4a827535770e7545cdb513fc8486aafdab	0.398	1
tag-reading-003	71c5841db1d406ea03943c1c09b8cb082020819e967204a3697e18039a745b2c,657209c96775ad3348c9f6c0660f258cc072617c02763ed820b44bf04e0df9a7,ffb68d4f00f742aa12c6b4d6f8940b7c16f9a1428aa130b1b8ec6c99aefb4ccb,58dac576633fc8909654040240e443b725228848b892171d7ddf462375fcdd79	0.575	1
tag-reading-004	d4661870f7edda0d65a47dbcee82f44c950ea1bbb6471fdb2e1ac95072d9fe42,61a0afa87a7c16bb3d2c6f060f7b91497f4756cc343ef7eb227d03a4a9fffded,e9c6cb7c0cbad7fb22662890d2d092e80e657767d3c74f5987740e7fc09db4ac,54cbfa7ef9b82df7a89e9f6e1a2a201116b031c31edb40e4b8c2f97b55f5aefb	0.389	1
tag-reading-005	3d248818bb1a6e63ee5e0003a2ea56f5f565a6230790fd9f5e20a0c2c5d8e7b9,0f83b2526b244047216a3c76a3f8b94f938cbd739de766d4a7977cabc0fc0790,b9131434e90a2a4145ef680b23eb85cca9e210639154eb1b1061590c9cbf54d9,dd759720c1e7ce7ad450f133e07f5a7e65850a5ae517fb37eda12caf912034b7	0.41	1
tag-reading-006	56cb4a3f6d36be5b521de7110a213e9d26d2872f6213c083033be9484b171ebf,28ec4dfb8160c2519b61b19714a94b7a04415199261a63886e491955965c79dc,539d7076fcc7f0c53988ad6d90971f8eaff5e96a6fc27eb305121604d451033e,d3e6b5c110ba42af3f96e93270fd8f6c18d704cc093d766161dfac8fd7ce7e83	0.486	1
tag-reading-007	96e777f70ab6a5cadde5be735222c180f9bec03abb97a25113593f5340f77980,a2dee160445008226f6341972311c22da2df3b7a5b502d558c7fa5e274702ceb,a54a0878542c0a77c36402ed1aa41025530dcad40f76a1f38bc494c8a9b72bd8,ee3160ed6cc698508be003a83bfb0e0b89e72984ca2af84bd4346ac398ebf30d	0.4	1
tag-reading-008	7ab47205c58c9daf252043b7d6a8415861b5a1cc21585a39b13c9b77fd783c32,57bfc916a0797e199a8a60535c352000c0fb52315ca106a05557c65abe902860,8901bcf191fb96abc1522d5b33af3e5771e355ddef589cbe482e27035877c74d,e6cbb6f35f7b0f0bd15b84369f9a01a9b367d68477bf02ce645925085f8b2ed3	0.435	1
tag-reading-009	13b069b0e6f9cb463223a08663f6e3590f899041ba54542bdaa2f8f6c6cbae11,0887f8a3ede4479e8a9c9c98c111e40aaa7bae6ee38aebc2e98184133a6dd67f,324bb2488181f9d95ada09cbb4625a8bd600f32d57256cafed19393d192e0d02,8234cb23f33bc6b637f7c56d112ab5ac006349b9c2956becb1068b7d9a40b208	0.416	1
tag-reading-010	382640a547078f0f0e9851e60dc257bdfa725bcb4acebef91bba8faa7953a1a7,603386294cd3bfb91c7005e53ae29badff067a5e4dbc6c5017eec7e17fecc447,eab9909909a0fa39f416c075ce5fdf7355bc87269d97f2e4e0e849bfa026a320,e1a69729454c7e812a005517db373fb0ff2e6456f852864d8b297ab35c33e48d	0.438	1
tag-reading-011	aba2330482dfe40711649d04313435c1eb047121c97e57ab0c8a69c5ab41c387,06d95d61024753a5e86fc42f9733a939adda2bfab70cec774debf99d7b3db016,e10eb8c86c4bf0a8cd163727e8b251ba1737062693f545a4b0c463c773f60774,e0bd262f120c1ff7ef59f19547460c00eb0e798801bbd2526a7f9cdb76574467	0.432	1
tag-reading-012	093adfbfc7d85d09d860eaaed69c43f5e229c754c998db54746cd73d8d1fe162,282d9ab98f4d6d93d01c6ac60091c271250a7971cfa59b2f81b17b3f45420428,e8eb34d346577ea239b110349045bd78b4ebe6193f2863f4aeb9ede25a9a012d,1757e6540760924936b05de0032e62d69727be5eafa5ebaa0356cf80f5a28eac	0.421	1
tag-reading-013	00e45c5b68575b9960d23c375c4c83bd638d5c29696e217c741ca70e0a5f1396,1c92b656a3fd18dedd0a05f4b05af40ae366353ee02a7b67faa5e36cadcaa7d6,a5ebfb3b5b3e315df6589104a12bcd3cb53a72b1bd2e250ac7137c0dce40ea79,ba835f61efdad5947157f914c839f01f7922c889f537501030432cb3ff4c6956	0.415	1
tag-reading-014	116a50e0f30a5fb468d6e05bf5a07146dc282fb13bc2937b0b3e3651388385ef,98c83d6f5c0f1e2d7fa54d79f143da3366c61c3a0b6f9ad5bdc1b15a2e9b4b70,06d20cca00181f054beddd1654bfba0ea7104d487819f07745394cf50dc6cdf4,2bf2022f8381ab64821f08ffba869954172be5136ab22bdf8c8f0ad0b36f77b8	0.408	1
tag-reading-016	4342a3b65a4182806973b1635d9dacc372ffa7a1ed7a275d849ae8d24f1a1218,ac3d8fe23244133def32bac14ed222afb3e4055f66504f6dc5fdca4dbc4699c7,564226e02a3fdd7dccccddddf52c667366fff3f9226f7c6e21042abf2bb635c1,611a8c12b0ce8d1b0176510327946c199a1ee661c14a2c0885c09a3c9779be5c	0.495	1
tag-reading-015	03cbcfa6518b2bc58cbc465de7eb529a4812dee72fc4e68e718b69dcfef38806,3c86df326146a007b9bb38f709cf1b878978e959ff62a3c097d38348484b6dc6,0eeeadd901ce13e101111a832f561a997e1583375462869513a29aee7fb7fe05,a07047734f3be45fe7cedb7adf3a643bf439b7cb6804cad191a30ab3c1da4423	0.774	1
tag-reading-017	543d298a65dd47112e770ace8e3fe13c5b0e3d84fb2e6baf3a0d6a37522c0200,e75ff83a305a3679fb76e82aa4aa44636d9dea76ee3da4d9eedecff18f3c7883,41e3438a59c81e74b381eb4e37e45d5fb5863315fdad76f4447fa14df563adf5,aff163c843da3ca6148f5ab4c70a6f51e33c7395d9227036c5407abfac873dc3	0.422	1
tag-reading-018	ea34e5ececf8f14bd1614f26d926f2755aaf96990f1818dfe10154eb993d70b8,f504c1f4093cce965bed3bd2c846b53edbaa5ee30696d1a4c147a08219b38b18,6a2061948749e8a52389394ad05c42a95bcee5d56760527f6ffb46e3be5eb3b4,c2d55e957b30de3fa3c971bbe1b4d9daf4b9e0b03246b4155649abe623654bf9	0.472	1
tag-reading-019	7b7bf3a0083853bca0489c389ef686021312e00a4a301fd3c7940517fa467cad,54209a9e307f5962312cb8b52435d4c93646ab04cb792c3e4ea0006ace929f93,046abb50655cb2d323f20c3a9d198cbb6f054c12417c6867937622b00a3e0ba4,31160264fbb4675667eccbd256f081594ed6c833727820f172119dfebbd86784	0.43	1
tag-reading-020	a17d3d23d062e8cf372e681582d25aed60f093eedd856ebc7679d5f99edbadb1,a5f250ff3227be5ece014e1bde97a8465a411c8f852fb74d6e03b6877dc137e1,95dddc7bd8df3d4566299bb99e3da84dad3e6bbff6a7077cb6f98c465e263125,c48cfff9149944dd1bbead16fe6f4c6e6798baa6116651322e8326a1652d7aea	0.418	1
tag-reading-021	a1ee6254e843f750a4031ca937fd4dd8bb687e7c56d7d3420f685dce795400ea,d669453e6487bbb65da9d71c4f7e54f6ba50610e829c8db4c325b985f96c5af9,c5cdedd6423753f011adea880d63cb0b0b578f0c6efaa75dbd24736f29dbbee5,45b51e3c04cc1d341baad6b98c0323fa84f7a23c525ffa95372d9e8b04c25eca	0.396	1
tag-reading-022	ffbb83ab285fa72c8c8ad68b238a4e701688cafb45809ff087d52ef709afe354,1b697e7fa30c5a9b669269c56960a48ec3e61dc4a78e0d564b2695be74e88ef9,308ec7ac1e080e16080633cdcb24612aed0c25477223c0ad1c021bbfd9e45767,ea79fb320b0cf9d5c4a6f1de31564f3d6e5a9b83009a48f8afef586b969ceef9	0.411	1
tag-reading-023	52f5661571dc240a157d06fc53cf950332bc86a1d879b8f7137c4f16ca90fed2,2d1941b5fa777ad6c73b59913b29b7d02576be62fea03f9cd4d28043c7c7b049,47ba8c0a432548002a76cf3ee2547bb73fdeb3af9ebbf6b9fa99b1516d807a9d,5cc51bb2c4e35b75803d92537e382364384dffd1cae1aeb15c745f840c39dcf3	0.413	1
tag-reading-024	01d5ad939b3ceecb1fa173f6c2373ec49577b3cd849675b878b8527be603bf8a,815f67f207f4b730334d23997298326d3191baf06603dd0a070b283caa4a0bc8,cbd3c8cc82a6baa5b687f66fb821598fd8b914855394fd67b0d14477f1cbf569,8cd400d5ba17ff682220dc462683b5b0928085d5329aa7e839b008b7565a8f97	0.432	1
tag-reading-025	08bb3e53b684becb0ef67e8e05521fa296bbdb04d373c4124915be11b4fc0c2e,f2019a1d44bb2d011134e7304387d9085facdfb350534685e197330610afc345,d72b37593edf79472bae5dc8eb43135fa221d9eba4c60044f019871416388f63,572f9bf17b2c129d4e655ef6ca3f32eb393ab510247ff9b11d1f586ea31353c0	0.418	1
tag-reading-026	72506f2e24025d446548cc912ce2d940c0008858d701c49db8cb666dd28cf521,add9b5c358889578a40b3a55689b962cf7296514f2f4bcb07f951f276557432d,44e2ac71a041e2e7bbfe3ac4dfa7a4202502d7f0a48a9032e6ca1662d4f2f040,2528bb592be7bf97e0e1cb6f419c9f8e7f5bfc69323fa9b35abbcd988309c89b	0.399	1
tag-reading-027	5304fc8ae9bdf15da5d35e8f3561ae34f019f139b298d9fa7627a73ce0980267,386b59019c343db52692d6ab42dabc73cd0940df179764c55da7e05e13166f60,27721274836a6caf34a67dd9490af063a6f87eb6e193e04031a44268ffd49bf3,5a206be4a7cc92e34fb41e7f85271a45ddd9a8f29114df35944db5c5371626f7	0.377	1
tag-reading-028	937cbe7f8016bf4b766fd9306c59e6c4eedac29f7309ffe46d38ff09f9f6c91c,892436dbcd035efb0f03f3abde7f75faa7ded8d752f82ff08e5a052f9ac4a4e3,7d803089b990b5023bf978a31cb0980381755390ebca3d017c46e6f7e64667b5,72bd45d4ba593b4a52936858bbde852037fc9e6b76799ce1cc659ecaf8d92646	0.387	1
tag-reading-029	2111d7970f1196f098ba88183e985478f9f2136dc702dac0f4e9866417818eb7,d38df70daf33e7e64c32d32404f6cd1d29b799e57963671dbae56757cda52c6f,821ffeb5816ef31eef46621661d89f7be9290a1231ba362068318411a7b222fc,771c6e677dcf08faecc35cbc7466c37ce3407d0d0c8560f6e9e4b3fe8f79adab	0.418	1
tag-reading-031	db9d557e1a939a00a66a4e1290fb58efba6800d37e323e9b30b7ea6e0d1710ba,b47ee338ff9b35d14f3807378aef8c1efc913b4e5876b67553cf97dda2aae24a,6cc87a0eaa17c8e0bcccea37b08be7744c6430d3a971244a9e39b20152444097,005ae3402d0ca16bb13388a04878cc8d17d005fe4cea3ccc6480086dd7eb01e1	0.552	1
tag-reading-032	d8bcc83f157e35cca3ee9daf7d6edf3cffd059487c213d94040cea230d685193,2bf3697fe4bb78df74adafa16922c000ae02aa19707038a1f692ffbdd1842f1e,d03e3298044d988f12b2f481b7241a7d36f037814c262dae6f89f71e33bc3363,b60ea9ae65accb167f7b9e3906d5afec207a5dc073a4247a0057c9abf07bc36e	0.43	1
tag-reading-030	806753eade3cf39edbfe7dab6b7713ea9904648449b6b1726af09d0e30791766,3b5e2ab9e06783c8b2d203e4c63b25264aadd065addb8b6a08f84b9c1d09d6ea,12a2d4d08242c7d961ca03bfc11154a4459e552587d106c026b4cdccb5158b98,cc28f36b600d8346779c28d14511e00aa9a82455af07ec1e707a8136e04089f6	1.416	1
tag-reading-034	ff044b63268164b028ae14758cd8d2cc0382561837cb29f933f586d4934c3313,516c7dfa2c8b0fdc80dcd9b060c54637162363ed1118d2bea9d059683fafeb01,cb420f9678a7e41c647945360c77d4d9b5f5b82a1328987e884bea5a4442ac07,a80f24983a547d06c9226855c94e1c0f25ea3952112a25538969a657c555dd6b	0.424	1
tag-reading-035	17dd4da11939d7c5962395be7ca81dd54b6c059bb4470a49b33539d249be05c0,b67be96e1b00ecb8c3917b10d5647d08b6b07f2280da09560da11c2d0f7e983e,61f0c2f19e429d86e22146ef8f6d4bfe7bb310c9304fe2163f8bd547c000f928,8384787cebbe2fa203f23b8ad66245b89d782eca3fdd7627bcf1a3fc78c2015a	0.42	1
tag-reading-033	837fa86563a3d2af99a0ae5baaa4250c1783d3763f1cac4bc00b2738dac8e161,4b35d116af549360452c51c0b959ed1822126d77a6826c6a140a4d5d80aa1917,9b17e42e460ae6184c326bd615a6c7b6b2bc56fced1c6159f0e1a1bd9feeff06,e1bc54c5b7ef18ad86f98d6ec8e2f6b51d16570d9b4d1ffe792e5a8db7caefd3	1.31	1
tag-reading-036	c66c07e2c7adf67446b58ef3d2383546e00307681668d009dc06ba8012f536c2,e3a6052088bfd15a6c3a86f36091d9e0971ccb0337bf0b8dca1796f75c634b37,c81c4b0b556d6ad14224ad8b55d1295b0cfacb03e91c803796a9da53b3e1a122,cb1c03b31d70f4efa169b4a4d2a867034d4f2113a3e55531f2dd341bbbb3cc1a	0.403	1
tag-reading-038	158d8572494ef83ea2537012fbaa12b0877049d4358e142c13bee3b87efb4005,bcf8ed442ea469ea03416c72483d36d61dbe33a678dd31ccd9427a7fc7752fe2,95c2714428226516938b8ac9804688bcd03a6d2fd16d65335ddced7438a63e46,44ba822df4403274a27fedd3218fbe50a8df92a3933919c3901421769d0d3f37	0.428	1
tag-reading-037	fa4e927aa71a58a81d7e375bba9c379fd47a443737b9e88f186690584bd13804,49083ee2a9ceb300372a9df7a4037101cad4cb95a0db48773aa866f944bd9055,09772256fcda311c54b5547ebb74d4797dbe5def96e597c14cc9813ea036eda9,ed888755fee25572b9ce259c8c141cc4d8b8383e05f1557752bfbc15c7ce170e	1.234	1
tag-reading-039	8418d74dc17e912d3df7a768947adcc493c53335b63cd5c1a7bfc4d61712fdd7,814fc8b30eb1b0f0c32acc966842891339e23c7d10eccf76e46fba6daf19c421,4760178aea52f28c7061bb70bc735c14f1290a233d6cc91d1d22a2d3b4749fc8,3ce569bd33382318bcfc93be346b0504c0e54a598a44fa54ea1eae3592523064	1.053	1
tag-reading-040	52ed55ba1282e9735da8db9e1cff7156c85fe1acd366090c53f46186898a9654,4ab000db95fbacd6cc7d9343532bebb97cf1d7495aad2ffd125522f317627b96,317294ea2ad2a659fdeee1ae6a27d0be9137232d201caea06ee620aaec0fe79a,838f0dfe835d89885ceb098c672f18e24e665a5b4ce42e7aa7107c3501285ac6	0.524	1
tag-reading-041	e1b7a76ee0da14f8113b6791292c36238beaafb3b9e4288014d0e9ec94b69d69,8bfd69c9aef3a73bcab0009a88b1c8e63afb0a5329b277b5d90d7c0445ab8d74,4e049081584fa9e2affd8de79b9f9b1660a9a8523556fcfa5161cf92ed55c519,47f35acb995cf23e793b1d4c966f0579233c89d770b444c1ccaf681075921cb1	0.403	1
tag-reading-043	fbb4c5a66e46cfb4fad4732a2990db93f39ad93f2ebeee5505181d7c50e49135,81f2c03bae28c7f56b101cf31d1e94cfc79d67f9b0efe2df4ea5ce6ad8e2f79a,8b0dc3b3513f5f937475e9d767f0643924e913abb735171979e28bc998e5aa0e,b54b2835817fb52cf11a46404e7a7822dcc35a897a7de624283e534f9bf0cf9c	1.907	1
tag-reading-042	258f135624b79189fc03490a1e2f122211878f8e16a24fc080d2c93b974c0ace,2784b9f2f144050b68ffefce62379323936e93a49fa8c82487352030b5740f07,98fe1d5b2e5864d503edc2ad3bfeb5ae88477b3fa6813d6b38c6eaa92b6a06ba,5250c1737488038d5b2e41aa456108ca109e3d555ed15c7e82ceb28b3e4e2827	2.204	1
tag-reading-045	53e16d1586a9acd58fdbefaa798619aede9d70b72c4a0009fd473371e4263a79,bffbc734d9b2b7fe62b0243070c4e47b50e0f5337b5617e32c265c97d7a3aaf1,942be393cce5c04fbadc1e633957219465eec29e5e2374ce36e27402f9ddd56d,29dd2da2f6538828f28075a6790b96ecafd2ad806cd513896f0d1e002fe671e2	0.433	1
tag-reading-046	a7911a4c0e3e615e22fc70cac137ab6f076d9f44b958c8a55fe1d90e1a85bef9,093e76a4b4f7e5bbdf60be05538d8621ea77575af55d0138f37cfbb185fed98a,d69b4f54be8bed4e80a6981f67a6d36160b92410103b179411ce00b137399ccc,0e0ed0a6e0ce7443afada3e969ea22f3320ee5e4327e0e77b0ce6bd583aea724	0.479	1
tag-reading-044	b8029a97246ec02819c09d3e5ef2ceadfff6ce951415233e0fc7223e3b71aee1,6a40fdf3f763926c5071ea7529608e4a6a050244684c3169b9be7d231febe4f7,fee0497d0221b1a1d00d32e3f5f67bd2a7552d7a817231df72f4dde47e70edcf,f3d9a43148cce28ab0cf30c3f57dd3814f7758ace6ac8161c85fb7efb694ffa0	1.043	1
tag-reading-047	d25a8e1f0153a40475f08276aafdd0719d75cadaddf15dde224a6f7cf4b1b7f2,88fe206a913f583595d5552bf57044b174cb4f47ce277e8c3b62d205c277b190,36a46915e24606befedd0261cb64ce6721757882f661ddfb9bc1dfda44338d50,90c7728e1000f2430a3786ab59a1b6097aa2aeb3ac571f78ee29069d265cdc72	0.393	1
tag-reading-049	d041e15ca141b1a1e5579f0dee7ce895fa33e881b9939747adc294f0dc79843d,7139c72392b1d1738d5695bdb1eb60a7d4bf7dd2bfe110506d6cd85859e42d49,cb7339e83efaffdfcd63ce4136490cb96bd6b214f2142b7ad6687b98caee6b79,ff0b9ffe4058f9528fd9980ae69353f48bdd0baf3a87a5cbbc01a85dff0888c5	0.372	1
tag-reading-050	f5a4cb9fee201cd0f5c2748c96d23f8cff846c7721d0353e974f01d899986eca,d5046167b0f4a608d98a13a22d53f0cb0f719df1e90250487001db5e647cc829,5cc7a031115e27576c1f1be106441e874fef3025d9369cfa90ac2d235b283fb7,ef1df93f39919ad09b5c8914505abbdd90ebc6078ab2ab9927bc05cbf7c45965	0.374	1
tag-reading-051	4755d808c50f73e5c2a7029ab72e7b0c163634d75f3a93cfa60d0421f2af5c56,5d18b730cbb0aa26d81d420382a025efebd96f32ccbcf26975a3e7ad6ad07684,46f5e132732e44eab9ae753004a1d0cc8d6b52e17404c64871066c7b5d1972c2,cebf7604a0161a2128c653be24d8ed0a01dfa7790e03ec0bb2daae03a97b3194	0.458	1
tag-reading-048	f46bc1e9caa9279746418a99a1e16a3ca104b03a03b3b71377ac1da67b56e70d,3f65fd84284e886741d70f004d5e07e725841a417cb6b40ccce736cad3f3e83d,24d74ba1b1ee7ba30e575734e344e741ccd1ee26365f3adc1e3231d305f283e4,0b33fc95dc679456731c025ab28ce8f9298f554ec42c46e505729455e065d14b	1.875	1
tag-reading-052	606665b164802e1906f2dc97900a63be953bc57e0458a3829d8aadef9b2d85f7,f77dacb3a2931a95b32f8e418a2ba0edc3b0641a57a4edb62dacbc2f18e18ba4,4932a6f2232d84c8be7a6fdcebf8a2d8afe97ea2d81bbbedd078cf1bbd4febce,f583fcba478816f0c789f6b966bc4e8332a34dca862c8815a30f0d70f1390e1b	0.501	1
tag-reading-053	407166ebfe1437b82dd1cdd3b4c9b203b661623bb8a1784449ad0fd0e7025d1e,d608de96867caf925a94ee2676007986b98fa9f300cac9ec10452836921d6760,dce0c3273a38e47455352c045dbafbb10b7ba04b6511531085d567c57e840236,6bf2db254185003dbe10ec74d1840ee5c26b6c81d94ae801b8a05043e5df35a7	0.465	1
tag-reading-054	4725719e6d4ee17ffb8d6fc9ac06d932cbda3dc31d809db89491a79f77661ae7,645cefda5729b726beeb7cd083c1c6557a7f84e5d87dc3ff8b3505e230cc020a,5c6cc89931b8b7a6487fa1e23c5baeb63605070c499878cb005d254d4427ba94,50fc02d7300d638d488fe6fce2bcf96552958c87d944e4fb8912992c2f5f59c8	0.502	1
tag-reading-055	a69dbf5e54ed118beda99f8fd55e63be54edf33f32e3ea82241d976afaf34d71,a74c2248adf4228d1e265fe9e89a1ce2c7102c0523dac1c0f7cd56a9a704c7f5,41e6dfe89922d4229da48a7bf7d148c68bec8d262d2de0f8a3048494a1bcde23,f671a607ab32800f5b0109e4d7330e63d88d965cf18a67d58563ec46b40dcfb3	0.399	1
tag-reading-056	8a75bcaa3adc89031eebd00cf00daa3894400c0c7f8b18ae1ef240643b7b9bee,dd0bc8862304da50c9fb29aa53d596b186279abc0ddf1a283506511732935cf6,ca7f2d2ab6fc58925a2cff5a625de986f9d40b6bcc0284dd543ffe80878bdf6a,663161db208b4f5380ef81ac8441f80e74e1d04925eb5dd4d2fc2d24e32b4bca	0.481	1
tag-reading-057	a07107989d009ac12a57a9066a0c8fbb5b3d3a5a7d12a716187bc8399668039c,d849416bc19bf826be897f5c5e5e096e219e6daa9f37d0a34bf2b5d322ef2ee2,47980a549125eb17cda84f09df7c07b93a5893db28980cb847a77a81768cfc09,6d5da8b2b08bbccd2e6d0c5b3a89297615ab86abeb9bef2c51393577a71184a4	0.508	1
tag-reading-058	0d892c9adb7125ad42bbcca452424f06af76ca6c0279d4194d6d0917b7713fcc,174e3d10b4197215c3106ae1dd5e883269a698553a917bcdcefe04ff9662488e,6a28592c1b62c3a68f6f2e3b70db3a8baa337d9302f697614cd4d3f768bfaea2,a2214dd1ac4e89ad1d9fc200adc9f7edfee87e85316d38f04cd6ed748541d791	0.437	1
tag-reading-059	42e8dfad924a15f482be40f0dce68f10b233c895c99404a489f18467b18cd86c,3455646250dd86c87801e537e226a1d8041577517e15e373d6d01d23ce2acf25,862513f92a9c3aaee1fce7dbefeaf2b9922bd40d8fd2dd9768c4819ef43674c0,7e4dfe9f9e501d734f1d21e5bbfd790a9afdf7b73180774e3515a45e14c62d4b	0.393	1
tag-reading-060	d5b3a485204e15c94c91a9c74afeffe1e28a940efbbddc090c5c5bb7cab91cd1,8f1e0051fce9b4a8cbc6615dfba9f5eeaf4ae0f81b02e9c367b10750846c8e54,654bd292937e88d8a705b78e54deaf6771d2035d46a3af0c7c461308f1b8f1a1,34a4fdc47f1fd7cd8e407c50b81bfc920f3b4825993b0abdeff79c7c007d5319	0.404	1
tag-reading-061	6f47028aaf7dbd94149ae99f53783fb6a047d6845365a248ffca0bd19da6c881,bdc7e4bec65f386abcb10306a4d2779e25870c18ac3aeb0279d2e3d54e57c75d,d1c7f9355f1670afb01eb909d3e002510fc1fa11d0347f2772f4907ebc4bb988,21fb0974900ca5b489c63cf39a43716213922ef5e11aac6f7cc7e74f30196746	0.474	1
tag-reading-062	e048349b23d6db4e22beddab00a38b4a6e602287436ddc7427116d0f12e656e5,86ac819a6831d787547aa83e334f97c692e86f2731efe673d2f0f336a2d2bceb,9b490c30fd0cbfb72a546764aca63784c8bb98ad9717b256bc35381cc9851147,d4a307deda205e451aac49b08522a6fb1f4d4816ca640963c5814477863d18ce	0.445	1
tag-reading-063	111093777b3f69e75f495c15951b16be43f276e566e0e1ae70da47eef7cb200b,062ae7d13411e2e71fe703ccfe9d0014099494c2b7777c6d46149754736a384d,d5cbfdd1cc27dfd515b7b4292152154f633ec262c41c7d64345fb36677fba76e,e3b7b6cad9a0c0c7152818cd7108ca6953be09b11842c7b37f485a1a584d4542	0.408	1
tag-reading-064	c8e377a49ec9794c673813aa16f04cd711ca152f2f6cc5fa2b6a0fc804024c78,0ca42be64be807744948f2264865ba1fdf67571d638f6e334ec4bba213d00994,8da00e20671cd6eb0ddb06a30ed4081dc92e8fbb402797542b3689675456bf0a,67803fa05941f856db2bb1ebb5f2cbb7649d6e6345d487f6a59231b577d12fb3	0.405	1
tag-reading-065	8968ab4280082111d4c9009c3be02669ad981e4511a3b31d3668be976826a566,8b0bb4f0cfc62e4a709d4e76b3ff3dd3bae6c6757230f15ef146aa764fa3c6e8,c73e11539033851b336d04deff6030ed1184163cac3ad2f2719360d044482e18,2813ec120c287be8bcba1c31544533231fad09dae56b01123e88329896014810	0.43	1
tag-reading-066	5273c9f33473c6ea21eb450cc71dad006d9b2f2529db70929a9b78ba9d16c9d6,612e0f423938a712ce68c663c37cf750c1c151b5b2cc652c40a17e6a77987259,7a8c05fec7197686243f51fd2fe285272499cd45a117e77ece5cd4060a9d831c,44eb4db0797375b111fd89a09157a2433548f4fd65072f84efe7c6dbf32b265f	0.479	1
tag-reading-067	e52d4df4e2f3246baf160d9404be5a4b07092fa151cab96182665d5d904254a6,c220be6af681b5e816f8c111d7a510a59bb46de2b6302bebc2b08468244402ad,8c3c570629ec6f505117275a2042dd020391c959cd9394c7aba69747406362c1,c3836862f01205f737972beb1c65e9fc0bfb4c696204990f8383d0d91abefc91	0.395	1
tag-reading-068	76c04a2681d40e2cd5602bf598f0a4f8abcddb69b63b1ac54e2b44dc68ce4cae,31c51a29dcda92c4af597276a89115ae71ec30c5e8e70ff0de9b967b07702baf,e334493749f012dc9e3f2b28d19bdfb9bd518328253578f24c5d98ff96ae795c,44e329e0ab76c7e176818058177e564b6b34a1d22b6c0ef0985ea6951979bdcb	0.504	1
tag-reading-069	10a9c5a93571b10537f169cceddd1be86d2bf45ade69515696ec50418603ed73,83b5cd1bcf27e57a6bffd9cd1933f5a6ba36d0e3896a61a861a2afbba1ea5f6a,a7127a1be0ea7f4883e50ccb856e930af14dc2d2e7c61697ff1eccb7a512f92e,f9f48d16888ec3e9f6acc0aa8e2092f8cb5c9f336f46c290dadef3b76557ec24	0.483	1
tag-reading-070	8d848e2efe94ab198629ead64a2d8e5fce3bc1de3524d25c9c5795fcc9ce2278,f37324388dfae73db46a9db8d575d0174dfee0fed6d833a16b853ccbeb731f14,5b689914b06bb0a0e41ec8cef2e3f4e964300318e307b6e27c5fafb79eb373b2,4af3c31cbc3ccf72cceaff32134cedb0c0235e58fc5318a34724784d984765fa	0.408	1
tag-reading-071	057ec07f07e51bb8faec33a3b9e7987991ae345bf85bfe12ec3f4806df413c47,323286bfb3ffc1e5b5c94d8745d033470b304d12c1ee849dcb1a10368cb6ccf8,1341d1bc0f9a1dfaeee935e8d9bbb96ad3df0bf3116beed1d62d7a5c35c63dbc,108ccfdc83c285abe70de802377940b9a89ec847bb46fd56b50b6f9aedb0f72f	0.418	1
tag-reading-072	43e6bfad1e66cf674bd16161cee192627e779fb84cb02ceec19b959e02714b76,1bfcd42a37c01d298b46c34e74b2f477370455267de197cf75858c264028078d,9082b2ca41d51481c69c72994d49403dbd243c96ebd577e4237905209f75df2a,cadbaabbf0d8af367fee9d93ccee8a86f1bd37bfadcec4e76f124431f4f4660f	0.422	1
tag-reading-073	cf9cc4275c120e48ba77d3e0e6974b13e680ae4e6053c9f090bc8ea03d6f9469,c2ec51ff6051f5ad30c3f4ff5d0af340f236357573f023f2c0035a7c35c8f577,c15898025baa2b8b0a395bcd41f06292cf8ba757834fe367511c90de20cf1d3d,b35660b9c4673467a9405fa40b3b9d50d2b68fbed726d842b6eaa2714a46be01	0.538	1
tag-reading-074	a64c23c0aa09e2fe42851c29558b1fd49fc633b87eedf489746209a90f6bfe5c,b991f094b5f3d547ee5bad615bb6275afa654a6d3a99101ed1889984d91daa0d,b1d199dbfb1a903b8f08968b90edc9a15c050825bd7720682433886440a10ebe,dbc8bf705c928e340b5d8a4907b76d7dd88949e10682971eb34646bc4d3f0323	0.474	1
tag-reading-075	8027ec7101183373d50d78668ae5949b15096c5e80f2248781861d4325e2b3a4,8abf1bd5b7fe587e1d838efdffd9a4d615c9155b6648c888eb4e36307609b6cd,0c145664d0ed847d1a136078046d08d0121b8d5cdbe4104dd60ac8fe250944c6,5177ca9f93b2d78fa0e42b7c38eb7738b97b3194de84c91ccf7ce962eccd5341	0.403	1
tag-reading-076	a5dfd0ff7a88c4d4c4519f560f8d0d12ac8097d39071bad9948a4462b9cf219b,e21d5c6608d8d4aa338566592c988593be3acd9db99da0cbe81d4737e61815f8,ec6be44922a4b565822c85098c071fe7ec2dd035bde0a6f48fd637a37d3405ab,1fe74e0c4eaf31a890e6292f61604a799998895d46da65bdcf2ed9dafe1e1d2b	0.411	1
tag-reading-077	0f53f54a8c831fb43b6309258a86afa5f753e85a651d0a22f81ec9dde48dd6aa,f4afe1854d7ec3ce53a83b95444ceb6051ad52242d322e688fe0e3320ea502d7,337852913e9e47ebd422acef39f78edfe212d6fe1df35550cbfd06ed536fa795,a716776ec804b3b25d562d9e6ab957f5901ed1193ccafb304584d86f330bbcaa	0.411	1
tag-reading-078	bba368e23dc1749496270f7081e87b1f7480d80109bce60a4a9255b7e099775d,21be550b647611b22a01194561a4502b5b529947e0d6c45a22a0aed3cf2aab2b,65b7174269f3cce66d27b3776bec310e06c813b75d9973f3244b440420b492e0,cd12b5be2427c56a84aca77e2cb13015149b69a78bccd03cd0c90607172c73d4	0.47	1
tag-reading-079	3f2feb9de80934fa7339a8ea8afd8f1ad86c7dab89ca06448e148abd28640d5a,99e129292ed064ed882c8ef1c9b0169d8fb630ef13532a12b34e5adad7aa92bd,96946bfa545487511a6acffbcc7f857197e09b281e06066181835e73e18c0174,92a4b9badf880703e4634cc305f6c8209f4256ed8e28c974be915e5a76c236e3	0.439	1
tag-reading-080	9aa976c7a96ad87afb38643d6c36a3bd151560699b2cda996c59ce2a09d7c134,7a2d6ac85e8a644172625a33038f9b364d8387694fc5e8fb191bca95c19ea488,d78a6f4415875cb962b55d6a8790971334e8b9b5122191684465869b284acdd8,6e269bc8aa4d211a512477f8daa130a06b7b1286838cee1e9df1694bc0841682	0.362	1
tag-reading-081	39ca891019737323984069d410624bb239f76b67ac8132ecc4900ca99cf1bf44,f9e149a37563b96e5a2291bcd9da5da46ca56c86b97f2e975ebf34ab0a0f7ae8,b822cee6909c434501bac9add2780dfe15ab69ed3c3a8268d75faceaef7d6d0d,d4543bc88c3e46cbc1bc30955a522ce15bc3cfd55381a874d3af4acef41dc88e	0.411	1
tag-reading-082	47c00dd7fd8c8620f32f40f32e00f992306e90c7eef27341ca5385ec106e0fcf,b656acb160560870421f853016ca107a73fd8f8671e6ea7acd21e043de5609d9,259653c2d87f323b4ddef7dc2b89892026e3fbbf6b9db42bd676dc73bc347b2c,b069ba3cca8c6a476e9175428ba3824ff94f3e4d0650615a92c61e4da4c8e47f	0.475	1
tag-reading-083	4c379947137c9393f5396cbead48193e76afb6a3d45e01d09da01b2b457ff51d,ae24420da433990779ddb6485948a78002638636a1ddb2be9e620cca50106add,0b60f1613a595537dbbdda58683df46b90e6fae32d8c5e90c53b032753c9e158,6322027cbb03de9e568d35dcbdf611876b201cdc8b59824191109f452b0d5332	0.482	1
tag-reading-084	c7acdc2e932c70be76dc2c6f69567317bd83ecc3fb946baf700c3e58ab318ac1,9d7aef8ac1c649ed6cb7ae6ef1566261555d9bbded4fc6e9eb574390998c0e22,2f18be0f60072b95ef3383e9f63f61a647704ff2ade9790e3dd6db42fec86996,3a46b01911bf9c8ec5b426b626c05c303060795861e9893ddfc109d540aab067	0.416	1
tag-reading-085	5ec2983a565cbb7f547c7e1507576388c9fb3a02151fe6a7f83c2be7a628aef6,3b4a63b8647f5a097f117f7a1afc29b5b111bdcf7fe485f7a871be583dc2635a,6e11b0ae3d3fe552f4b23179368d463767c9cc9b1fcb508492ba0dd36b9ef74f,da3b333a01f21ef6793c2347910f0a4ccdabc09fda57ca73f13b650b1e96da95	0.396	1
tag-reading-086	7168d133c0d55b859815a1026fb492354f10292831a584c2a5b755cdd307f6fa,0e188c28fed7e543b14369a868c94e470bbdeb18fff421863e7527092a0b7e13,bd3d518ca1e0dfa90e5d0ee7d585d32886661499197635ad786b957e1b505a95,be45c6124c2801282206158b45c7818bfb8404f26ad677ce1c0a59bf2c75dfd8	0.397	1
tag-reading-087	4ab47cc21af60318b1ad6de670ca3f5fc1692f82e4884e05124068186e61da22,a94d9f4c59f0e45c9c5cd464cbe629057f30c87e72a93f27c87094e91ad2be70,ff70e5ee2ad465faefb3336aa529af907bc098d215b39e3f2abe11cf031b5641,869dcb3283ca73e061316a896f08e26f8956a649d9378ebbd9d7247f92acbd53	0.366	1
tag-reading-088	61ad2b5479e2a91f6b21720bb2f14c3c6d4a22f4ba201eece64197557a790b94,899ee1ed687dd4196e13614f4345e60dd1184b779fd45fb4da05408a4fd71958,7396034d20ec6f4d92faa12030247fa8e28c96fa5bb512c1954c2a8863c194c5,1325f7d0f5e37a4d0fe35007bae28e87d009b601c43c48ec4b3326174e870160	0.373	1
tag-reading-089	dfef39a21b210b4342e42b50965cb6b7f119f0e137bb22c00e7e586eee170591,02c47551e9d14008dd92f752d3914f29e54586e30871dfc5e0b0829a68cce92a,c5aafd01cbd1922326bd21077b14e2bf377620c3ee0a4c4daa4b97cf6e18e4f3,1f12f2db13cf86d700d50792aa90817183a9ae10b99cb3b5182dc0b1ee91dab2	0.361	1
tag-reading-090	23b9e05fd85fe30b104b35ecbb7b81c931dba86d5f431a08e480415d7ac02faf,2568acb65edcdf110de7dea7d4a7d9fe1f97ff1267f27ba516e047f5a57955a6,214cc9c92e96d4764e2a076f4ca97476ecf5fe8b49dd96e962a7c2d6c23939dd,6e0ab578fa570e40d6b38ecb18e09b461493bd0fb0f62c296cd9700cbc576732	0.44	1
tag-reading-091	a2b77d44ae34f73e71e94bf09e57e72bed3708b0a3579227ad735b374ebda186,a47c9766cd88bc74efc8700466b741ce0728bd286735dc684466d92b2fde969c,ebb006274af5d7cfdd67530d24e74b99216e8daa5eb5dbf01b6e0e708d10444a,5d366602407c1549a664793af6fd3424cb52a89e950d6546ef2560fca3f0b698	0.493	1
tag-reading-092	998f09a88b3e11d98cbb6b64ab02c783585e2c33619d971f294415434458b246,40985db9e796b03da201017e8dfd613de85a9ed1d4bce8f0c3d12e64ec2ed0f9,09f14662c34e29a8a38192ae40725b6cfcf0565ad2baa3ff5a66115e371d5a30,0d8c57e165e84b2b8acc638adc8f4a292ac7d53fad11382d115a70426a06f4ab	0.414	1
tag-reading-093	fc06390f5f10f3c7bacd2accf02d92ef22ebc016722a9eccee95961163eb2699,2a33ea4164d66eb86658451ff91acff1c3360425994e919cbbe70263f50eae44,2e131f86a4e9c0a9ddecd893ca1bab0e304f043da4c32632bacd3003e9ea9945,ea643e8761c46a345b10f47093ee0024d8ca7db090d6fb921b45d7363c55a54a	0.372	1
tag-reading-095	9ff4043302bf631162f4a97ce4edf75fe70b700882e176c9b06cb9c3f3d6fb26,7b7d520f8efabcb8cbe14a7c15f14b438aa0e00c217e1b14eebf3ab4d846ae0d,6ffcc7f82eba5cff5f598d7e706bd0a3cba0f49f7490f83c3c5204dc54d00f4f,431b136cf2d1d87a64041d437b9558d519271364c3a7481edc7f6175c642e8e3	0.445	1
tag-reading-094	54bdf68ed3abc8d8a8b2890811edb39c3a151ffe77deab4e5df0454ad7906537,e72f600ce1b4ed7049a8113880b1e91175c82b196fad18cfc5f5863507e6366b,9079656f1228e6c43bbd7d2d434bc46035cfe30f748ffaa29c9274ced13c83da,0cb7ef8fb222be680989d42710724f87f6b0e493fb1cbab0bf9249347f010f65	0.761	1
tag-reading-096	7822af8e08fcde8f8848afbda684d9fb58343a85ef60eab4f67f66ea12f3a326,8e0d3638e2bc7014d282209db19edbf47f30a694b7396d5fada3d934c2618540,0c027906b4d2d7784259b842efa2889406a28672534afb6472b851bdeaf6c4fc,cbd8e67cd503bf17c4815509c547190e52e7d49d23e0f11412c08b1f3be42e2e	0.368	1
tag-reading-097	1ea77d33d47a7df45ba8c9a0cc479ea5e493f895de52144333c07c98ff4497a2,b589bbeeacc0a44aa33661483158c13034ed29000574bffe8788cda312b24a44,2b71ba51ad5d9e3274964429d102f8785966de738a4bb37da0b2ea9e2f600350,964de149069b4da615179af60a20d6b4ae6730b58c750fe3bd76fcf03497d718	0.435	1
tag-reading-098	6ae7a38f36bad59bd69004fa64193c1542ebe17900e22a5202b9777f300cfac6,e485cbeec0da85afb56b8a1ebe0f3d4eb027dd877d00c3f0a8c54f28f7cda884,737096af2af8e88b5ea6b0d52994b274b2fd5454dd4042dc418f586f7cd8900b,39421b332e8d09c306c0ae401d7f6ab333ea4ca83ddf57cd8a6dc48537c64506	0.433	1
tag-reading-099	f5003cff00ed68d5da49f66b704ae9455c4f53f49ad2c55cbb5981c2c9d706fb,e112b3fad00d209c8391aad5dbff4e678557d6eb7870d2d53eb90621b993f9e4,b142c023a50b9007ebe47b56bfce287b0ba033f393de6676cde445b3823228af,d80d875e82934d16661b2d62d0a8d05ac0f12bbddfe05a5d6ff3dc3ee989c196	0.418	1
tag-reading-100	177a668b6dc19a3c8eff55d4ddf48067081a1229006956a43b6ca709ca537ec6,f31ac7a4f67c7540052f420a46772aa27e5846d51cdb9cd8d788b5a9bc0f0a19,dd3e72927b743d5dc5d8201e5325de8a6648493fd56a8dc9a937bba4759f0ae3,dd01fe830a96ce442a5360e92b6da3bb3993038d8af1649bf0f1682a33a15548	0.393	1
tag-traits-001	22c78ac65a0d8a88c313992f0166945bebf86f1dccc4218c4f1b579ab6f359a4,ba8974d646bdb9ce8104370767c9fd68f48183b5e2da3375a67d58fc645240c8,c822bc060c782191c37c613cefd28616846d2512b018d32fba7d0f1025a3a70c	0.384	1
tag-traits-002	13a9f66ecdb45b438f689e863d0ca56accb2fe2e90fb89f88f841f630ca1babf,083be29f9c848f07090d4a912528b4e94d561367fbab74786b850efde1094d15,bbf5ef6cd24cdd4f4252ff287346e15ca4b3adcfc6a1b3051e74203ff3b501e8	0.429	1
tag-traits-003	a68650bb2572de902f355a23d9518da52b2beee922ada76e1b7f74af72ee25fa,c1364a08eb52b815e61a146f95cf8d5aba0c53a38e3ef808229675f356000342,edb85a809a4716938f50abc85ef5d8feac36bfef519146b87d04968c90c8bf9f	0.456	1
tag-traits-004	76db442d90789f8176c69b65ebb952566ad64117192dac658411b1a09f3a4a23,a38a6154a49c8bc40c2a2d44cc63794ed44f87710e65618159e5a3768993db5a,f975b16fb725e00f23f3d40fa85c4ce04f9682083cc2bfbcba167f553c8c9b6b	0.343	1
tag-traits-005	18587bbd1dcd54b4a129d947bf9584e1bd14caff5f78d299c47ffcc04f403af2,6bff85b0d8ffa01350657ba5d8a498638de6e4b2c874b70ea8c614b84e22f076,58068d299a321490f5390f44cd974c37f44099bf4b3c7b349d620e8e7a8f7ec4	0.443	1
tag-traits-007	2798dbdde9bdcd09f7abbbeaa785d34f248e2e91643487cdb1af1d8dad90031e,091abad6ffa9160167d0af2e49e5f1267aa0c28a862aa4d58d6e63bf3e1270c1,ae536cff264e9ba67ed39aff9d9a30929378860349ce1c725d8a1058ce7533fc	0.446	1
tag-traits-006	4b2bb166fb680e2cdcc8e53bc0da1236279cff30135a8f05cebe06cd30225422,9b1531d7f72b5da302e3842a2b38b099488d4d34a23978bcf0b446a223add45e,a3184a6d20a9f608a7e53d6edad58457743ddf874dcc9c250b740083de0a2df9	0.845	1
tag-traits-008	7647d3f96f8e758e61565972c062be1c819dc9f33dee3f43a885d90624db0452,6e112cda20079777cf0a495290f959e9406bb460d0d180723715e7c089b303e2,8423a3b125919fbb194b9bd516bc6725044a4524ba874ae9e9c7b4995c682aed	0.35	1
tag-traits-009	9cb4afbe2ecc3624227a109a34aa6b1f0b121b692b530f8c518f497ac005292a,16d5da17689953b504132840007144c83c61b2c5f4053ae2d3ba8b35b91521d4,0fcb9d69aef152432c0f24b90fe312f0eb6e32164c5d810bde5abe9047b1815e	0.381	1
tag-traits-010	8d2ac9f9cc22be845c9023e32faef0d3170d5a295da910ec14c2a312ae2a96be,7677a29959ae0dacc0d8a39a9bc03b1f76dd5f5f12c9cbe4ffe43adb52ed8f2e,63355d6dce2d1dbe36564b45ba518c1f1d78df6ec768137f07e34f5aa5ffd6ce	0.357	1
tag-traits-011	5caeb7f9f8a9d6d803f9df6f4d4d14f91feb9f2b0978d732a4e38a938b3040e1,6b43f702b9daec56febce3eb73222038d2020c9a0e9d4a23a5809600c98c265c,0ba7cf2bed52bdf0c6f45ce86b936142f670ce4192419b5c009f8a362d72d506	0.34	1
tag-traits-012	434750b842f2c6aaadcc593a74ae218cb524da3228963c781c7f0e0ba8654a58,3339cce4fd87a94d23cc464498598179c6aa60a1bedf50f8b01970a427479205,2cca85349f3ea37faee1136c0363de8e8de45cd297e4a51628db5b5112002c28	0.424	1
tag-traits-013	8e94e7b252e5ff1b6c0de27330850837bf5aea1e8492c6ec6d57b8541475b35b,c000a405b4150187ebf9745e30ff97a48830bfd4d26364eb11424b8aba3aebb0,b6602b7b2b7acfcc78f233eca1bf9f7824c6f414914ac371db08d35585e1a2c0	0.436	1
tag-traits-014	7ef16f618ff0ec15a19526feb53b053d4e9b31f56b46fbd49a3e99fd95671b77,310013951829cea62432025dfdca03be3a4e6fa2bde8ddacf253f48059b3ac29,3ce0672470e24b0d9eaae808785b7d6641a9d998e448ffecc422c7a2759477ea	0.399	1
tag-traits-015	817e0735c1caaed8622c0036f462eb6e1ca73707bf017989b71f9ae9585d62fc,43bf0e6aa762e7b463e349cfea58650d358a6539682f9aaac8ac28dffc99a49d,bca2db479bffce27004353e9610299b6ac16df7e4844c406367976a1800fd1c5	0.671	1
tag-traits-016	b630a4ffc36e4bf14b135f9e27811dc1f513b4a8047aeb0198e7066c4b609fb2,3d6d011991d3af497e829bec986eb7490d550d6a2e5630733df46ff439a6da40,7aaa8c8cf88d72c4a8712aebe09e75bbf2fc169f93161c16164088937d4ce1a3	0.812	1
tag-traits-017	e508dc7b2b712aaa2d4bc7f179049ec85348c874daf64be5a8a884d7ff58d2cd,83052ac4c6bb2bbfadda7555fc6e16e4ee34d7f59bcbb14bfd01d6c74a2cee4e,c15e8a6f56ff74c828e62686c5eba518c2a5e31750d912c095918e89940065ba	0.532	1
tag-traits-018	722fb3e77d06290892f5df5216d7b8470560ce9a4f7a4304ab5db3d871dbae71,8156f43cb868fffd9aa2b7d93037eb58fca101b8689b7ed140de3d8b4ae44c2a,ea80f695b728ea01d4d5b06843d9729be841f0e2cc5004a3e33ca023ef28d089	0.344	1
tag-traits-019	7e84fe595846cdf00686955ca9faab78403085f9bcc05b6529c9115380f31297,d73c9584e6d7a6b1a445474ab3234a92c67f5d46254e952c94aac156625bf068,33c710ca4cc645c37d103d1849039ed04e71cbe34109dff19e5f5f7d6820b7fb	0.432	1
tag-traits-020	053c698d79028a93e1604bf947cd73bd7ba4bfab5a0fe4855ab635c0cef71288,8abdfd667faac9137d6ff2c5f94ccb0a1a95d975f50056420a5afe6539b7a8f6,9d02ad911a30ca1b2c844af54b3e6c26a015380c31b8dc8120c838f4512ed4a0	0.432	1
tag-traits-021	5beb69f009c44b792a614274c4974640c3617e04e61c9cbb19727e3fb8b65cad,da8fcc871f3b54a3fda7443cd3319743f27dba8f19d6bc2b9c2ca06bb5483a5f,4fc2a8cdd1589aa25f07d1856bfb33e5e5abf45eb1c20edc8b835736bca6b9da	0.358	1
tag-traits-022	6ab8b766f36c0c3c70ffe269068cc80a3ebdad1ca10be5ae48a0d336f8e05d00,403a9852854f6d3b89757c4494e21379f2859062aac57d8ad746d68a0dd1d0f2,bab63f4a18c79d868ff7d5a6539437ad5582a078e91ba69ad66fbc60ecb574df	0.35	1
tag-traits-023	c544e0bbd42eb78b7a1e9a9783eafa0b490bfb796f65a9b0927f72ee94bafbe0,7be502f2ba6ce1be931fd47f42445326869d47d657fb4883d7905a9fd9ae0ce9,5956ccf33afb6e5dedd6146dd6e75dfb60b8e2b00de052200702963805b01dde	0.428	1
tag-traits-024	308f9292a1b370a4b267f189d02d219b7a077ab087e3733424a5656457b8bfc8,14b2f38a1e5aee2f4cd12a667637ec247d9aa287b8f44fbe70b155fafd856bc3,93f571e5aa1b6e43cc731fac4ce4bc0c3898f18aa351b99d0ac7efd63bb16de4	0.346	1
tag-traits-025	f4258b664d052c4b8dbd4eeddf57f556dd0aadd7bcf858ad5446fc1cd61602da,b8076e9cc01371933a900cccf07c0a774f36b20a95a56e39a45c60d8e2db94bf,11ef7d0c06a877cd94bf6fd225a85ca5e65093c1bf29cbbd0726abe0a1d0a442	0.385	1
tag-traits-026	13e840e7a0a5763757368e5413ca44c8ca140a56364dccaf50c87e62be3f6245,b0535ca49d7ecb73bcb4cdbfcb242836fa85492cf563724f96c32571a345c7ac,56dc99a31d23c63823abb1c0f23d173d027314cf22f4bf59426c378c9018bb57	0.403	1
tag-traits-027	195ced5e9182adca203f6825a35e3d901c68b430a414e715623eb0f9c85c3756,586c0311e59ab46be77bc9e10704f01ff086a70af17fdf27fcb70cb280593927,ba6936585282f40e31016e9e7a937113426cd37a8fe0daede89282cdbc0baad4	0.382	1
tag-traits-028	0ff80b3a466c781231c3382515293a966f334cf658a1bbb3769ebe2e421b4f66,39db0a871ed8e0b0a1a13f74c4154df17553c3632f2dba862874db972ae5602f,19a780c9385eb91127a81766d0181fbb356b683ad17b30d1d2b80d52f16ba145	0.621	1
tag-traits-029	685ded82d562ff2655aebc927d96d0e80cc4442f6be382c2ffc4bbb9a1789dc1,2e4b99a63961fbc272fd622d332f539b19b007313cae69dba709bc1eadf05a42,d005b3997dd558bc8a61b435831391924ccfbdae6d35cfb77abd99718cba863e	0.523	1
tag-traits-030	0455d022805c3cf60d5c6558d1535a5643d3e3028e1564b26e2cc4e5d6accbbc,1e065debc6fb05d71122da60f498174bf7cd180e7bbb7d4c47a46a195a943ebb,659366e2b1c88c87a0a709555dda352091338aae826377e2cccd7b4850d616cd	0.379	1
tag-traits-031	b96cbbdcf78575eac63c6e857e5e7b34ae0e690b33dbdd1067cd3eae5d0cf5bf,87d519aecbca5c516cfc18e96f819075e8a2bacc79b845a1da8dcd3aa752da0b,4705e3a3a1c9f78315afa3efa448f2a217297f8192ad9b1d5239543e2114123d	0.58	1
tag-traits-032	b5857ee4af4d48f6510c6cc29268ccad102834845bf945c523fea12e40d01671,9d24690b745bb717ba17384ad5e5ff6a8d300f4566c3ff5d685050f15de1db81,5c7d22b23f0f5711b85bf8fd9b452e197e453efd50c7ee9df8fd9ecdd1411e96	0.7	1
tag-traits-033	d3c8bd94c9dc26b32abc823d0f96abecf83c6c38490060272cc4cb5e6b4c7e6b,2deeaf9e3b9caf01b3e1234c7fb076c840882cf9fb981276388a44aabf5a2792,309475ce06b2ba65591ca17557862ad6b6a37be01a04178dd21f167ab79e4762	0.589	1
tag-traits-034	2bf8040a88a5b26ca461fe68035161b25883dd1d33484b0a6980d885ab466329,6ca04d16beb5f9f37f6d08e5e3782404b3bd1cb10e27f1a0f6f813fc8fe56715,8ad63f8a2d26df81fb0ef8086783d5b7aef3e7ce15894e587f94c6e8cb8b7ef9	0.744	1
tag-traits-035	03d109e14a687937f444dced13c7c338aaf16f7a554e170b6d19c671d46a5957,ebb6c1e0019e612a57eafa6fedfd0691f7bc90279ad2770ed59a611a73624e07,b77dccca2eb7de92bed3678a6d0189f37334e3ae60c1330e9bd9c08388613365	0.54	1
tag-traits-036	aade28bd2d2d6bfa1dcbf219437153967e8fda39a61a18fb88f5229bba34c8dd,c0daefafc92933f8f57a42278c036ceb1842b6085db04f8ebe1064eb3cbe5ef4,6fd19bc13c95c5dc17375cf163c1d35c42a5de1a255116a71c5ed99533a04544	0.402	1
tag-traits-037	b15b4c18ad1fc53c5361f077ac2fd7a8cc3bd0cdd9f9bbb9fc8aee15f27e65e9,0adfa615a8dac4e29db2e16a869c2286b3caa7117881ed58fc490fa59e683b3c,802613faab9a2b8de372b4d71878431aa8f2d800d4ac9230eca7e68b5f12e69b	0.471	1
tag-traits-038	34fd711f2ee02f0ea12413e463d4d3e7d9d7085112ffb2ea8ddfbf00c13ca485,42278f800e68704fde1bb839329f59f5ca728ac9e8af1ce3a03f81a9a8c7e06d,85257b21561dc91319a22203998cf5919d6c81e35596c5b5862e57b240a437cc	0.397	1
tag-traits-039	f71cb61622dde97acc90b378413e14b958d0099c497d784c4c18bfff0df231c7,0d40d4030c1daf541436eee21c00ade3953010d78f722e553a501e084b961a9e,e27d716d233c2469dde75f37bbc18ab1a473dc2a62c623c1493177b0e66624fc	0.487	1
tag-traits-040	7135b69838e526c5bd659e0bdde940e7ae3088c8bab9a138f589116d5a1773b5,45b37312638ace8933fb3d716895632d5e816f11a5ebcf8470cda001390f2995,2ca187b8d07ca574683e85f2cb3d8bd5eec219f48e2b327a9b8e4733663bf6ad	0.524	1
tag-traits-041	259172136ec69095bb5ae7a7f2ec1a523f643785bf134d4d177405b8e8e1d9d3,eb5f58ca8758d0d91052bba25421b23fb8c8c037784e6fc59ccfd8ae699fd8a4,e64c98527795a31ecfb2e74d9cf8324349c6724ff18c89a05e279b7b36d85a3f	0.425	1
tag-traits-042	e355917a54757140cc2c6dfc0200005c287c38834e0c2c093d3afdb90f85265b,5b25f2d098988fbbaf6a765fcd9b3eeba14cc58505c720e7ab2b41d1a8564099,49e99e2064651d0509af5ae8ade375093fb0cd4deee0a286b8c0beaaf6978ace	0.335	1
tag-traits-043	400ead9337d3b270a7c1e8b460ed864292bcc1cf267403582f77ebacaefd93d0,574cc7ee8b89d41f74b50f6f3eb23afc074aa55c6cf9fe874823609e028f5c64,88f22dc0c870c933f3967cdcd5fbb70213de525efc0ca19c1eb3ab9efa626ddb	0.428	1
tag-traits-044	163393c47e654ba94faebbbbbdf8de5def688c36de328b1330984dde78bf5665,6b3ef04a7b170b3a5fc40b64d9f9309051e1eefe8109fb40aa5e13d6d3628a0e,fb9dea2d6f95348d5e0081049d7800e2fb8b7fd2a7006ac4f74d0fac60256005	0.589	1
tag-traits-045	51f58821ac93619b4abe718661c15626349ac86bd6bb0a611dfdc92bd69a84b1,180223255c958c1598cf07955268af0205be5bd26d752ced01cb54becc13f811,c3e314b525521fd454d5ebc3b945a84fa2eb6446dae629214c517f7f7de31271	0.456	1
tag-traits-047	889725d065fc8efa6b0ccfeacbb93f432d6db87df349b7d8aadd73aee2b84510,f5d632e8d95476d2ba113f49f0372f92389434d236bdf98d56957f47d039fe98,dac45124c3b409fdc46cc82fd730fdd0534bb602cfedf29d7cf5e7060d5045c0	0.413	1
tag-traits-046	f83f61f32bf1ce9d0251b636938c6bfbf29130ed440283037b710b770cb69241,e11aa294bff71960ceac71219a1ee79ef9b7160a3b8580da0fe1bbe27a80592c,10a55c09a5568acc2e1bf64617c7b8a7585d6e7c1df73bee1cf833fbc2b2794e	0.543	1
tag-traits-048	26ae69f99f2227eb20e35872f51ed0295ad04608a056ecdb2335c3df5e4d26ff,27f1c3750bd0938f4aca446df91ce200d2e055b8a784ce5370e2f1afe3abd731,5484cb57d0a68c553e756c5137d0f3741929282a35d244a54c36e75d97b8491a	0.349	1
tag-traits-049	78a2825db28bb3f062c186f0eabba96bb81588326e61f14c4e65aeab337c7be0,68e4dc063638280b9ac7ba759813114904cfaa30efb370a10c9793bd677db155,463157a6b7cef4c63a2214aad5bebbfd2ba7e2c6b7c32654bddc062e379926c6	0.407	1
tag-traits-050	69f6c5319371d0e33bebbbaad358ca67d6020cfba5596042bed45e160521d538,48da20d4c01e96c2f9dfd2fc074cb12495ff2f738e47113a6dc23a2853d43447,573b1e2892494b6ad17f1a03e3c9de4f5e86bca29225327ca05a96b301a229b6	0.344	1
tag-traits-051	49db79d41d3a8a15c9139081b0ee36822267f5015da115758a2c79e3d55bd8ba,688132aeb3d3cf79d557e545914807bf0a16720eeca255d88ed1af8830019387,cced05203f10d44be5ecb3357058bd777d471cf7464706de91e976f991729c55	0.365	1
tag-traits-052	7372ca8188bcb874e93e795b9b909858a2d3376cbf78829cdfb8e18a8e3c5040,380ba5d98d7c1300f96b9d8cbe4a966c7edad8df7d7f4efef798e3a8d04ed22e,2ed743b3cab831dbb788bcdb13f9f1f34a6dcc51827307907fd670f6dfb5fe21	0.352	1
tag-traits-053	caaa22efd2cbed763aa491671da7b386e79777e34b1600360674f2566a0e8eae,2dc741b659aa22e98a2d49d73b490428734ccf2c7ed86f744499534eb5707a60,a11487486bfd873f8a05012020f226a86689ad3c7335071e8958a55b291e39bc	0.352	1
tag-traits-054	7eff9e97408bf62dc49af29948063ddf9607dd080eefba7fccb7138cd6173440,1dd25797366ff85f59c0efe3edbe0be71150c5091989b28c3bc629ccd2cb6bfc,c131e4f6fdf270831cc18b6e0ecced9d780add05645d5d0b6647f76bdebb66e1	0.435	1
tag-traits-055	6db7fb51bd475796e611c6d049077768dac262219e049bea624785f65cbe4f36,785e95df89bd469c61f06f508bb63f86c545a9792c51443bcc2134563b9754fe,9215a5fa30136f2d2846e93d19d434113383ad5881f28e6cb9e545d387a196f1	0.42	1
tag-traits-056	31aa364f1536c39b8b45bf927509409a8acff68be4ddc3f2a6dc5ac6a976b582,636b9db3641db2fc91a3beb3bed283673d43b91ee27a24865a5679db7c3be02f,7a83707068edf0eb1f6e6c7f3772b7d3d5e3cb83e21a6d1102b3d1787bf6a5c1	0.346	1
tag-traits-057	38bf7918d9e76068859a9086f357d87a1ee10b73d3968383bb9e8856d48e1f80,00b0a0a3bafda2c777f879d38a2b2c527c1ed0c9c89e93b3478b8524a37ae9fc,88b30ce9fce9607a7485b830211dc77fe293c0d63c66561e239aeef7e71e394f	0.386	1
tag-traits-058	e10425a5fad3557892ec39d209bae1ebba45c167726234fe12cd71c64440b390,1104c6037cb4372e2f4a4010b844365d0781c223d2488f7f623cf4269d2d895e,4eee6fbd82a9971df89f312b2a1d5b55b62ae545334280c8c7b168d762251582	0.364	1
tag-traits-059	797798efb5cdc42975f02eb1e75c3f65537401f6c54d54b1e2a294f2a7820b17,5dbc6ad0ee7ab398f27b8d4de880210e6e11cd14abd81f0061e5a89f0d4660d5,cd708ccd054a84e8d611bc234399184ffa373512f8d6a927a10e289266a2f3bf	0.362	1
tag-traits-060	ade9e4ada8c96e86644ab2562307cc518c152e2266e928fb9489e42f8b0868f6,ed556be3ce711f35aca2c4ebf0a11f9c257f72e6d94694f212dca2f47cf418ae,5c0b12c64c5696bc7576d2f91cb8688d8f675fbc4c1d617a0c92f5390757dd17	0.355	1
tag-traits-061	0dcbce80909229d711ff1e6a98a4e8c754132f967a58f7d285431a29e33f49c5,1412cbb236a12e8c470d66a2e95e902eb7a13f8b9abaecb40b400a60ca2cc6b6,7d41ee53d314220d09de3212c205268a0c32ef541b0bd9d56a865340893667eb	0.373	1
tag-traits-062	4e81d904486d87cc7d39cc688190da1c58c39b9c61dc236b084a607fc183a1c8,4133f50f467244c110eb7123f0d5e48a341d8f51f1140b74caf82ed6cf88995a,b1b5176a5c9f95f46ad79c46b1156dfdac68bc50a9a04fb47c888ff8f644e5b8	0.464	1
tag-traits-063	8a92ec5a25ee77986c5a1c50495b3c9e29deb506b60f8964383c246826767a6f,a41ea59d413bb352fa0953a8a72471e8a9866475b24df0363b3c89b7a69e1979,26694b9f6a3ae4156712381e735bf2ae10a87632d333097c878116b3390f0d70	0.405	1
tag-traits-064	f8f7310237cea74b76b46d88184a4be8df9600d63d5e9354ae13d855e2f0a761,472ee4b819d7d8add98c936417af8c5d732dd76f547d829d822dfb5666e3b5a2,e9665d09bdca01be27be7a7823da69c2d7b830c194ef1cf1f92fd84cc0c93d7c	0.379	1
tag-traits-065	3d7ff5e109975823ea1bfebd2163da2050492599229e891bff0c97827c762e1b,3275017e67cc1b0e509575b4283424f96baca129de02749723505d7a196aaee0,70a6d4aca0dcfa0a0fc29dc165b406f2fc1b8fa0f7d10aec7ca93fe739b9b1ed	0.38	1
tag-traits-066	8d39d2dd4b705ea99843e19a35165c353d023c6aeca2754f205ac824af8aa2f4,6f47164eb9a24608e27ade17c49171a1988a10ed63901c6455956526e854dca9,3398c334bd205920fd6242744992229701f4fab0c9f0a56455d33beb03ea6274	0.353	1
tag-traits-067	93d7578d5dc9b2c10315220dc276e33589a35f1b40f35bf181734e39d606e0e9,fee7376027bad55e3fe7d3b56a0b8c0fbe610cccae7c2c0bb78d924892dcd9e4,6b79111ae580b7c3e6bcda3c20948bda4b06bda5ca7bd9b8952f8519a06b7a0e	0.362	1
tag-traits-068	5641164f181e9e6d6488fe40bc151d01436a8b0aaac2883c6aff9682964c101d,4a26ad80d1ce72a04572e0c773d9f67d47e8501604ec670e065810b98a5e9758,510d4d8fb20f076c340e0a50f3e660ac0e01a6d2a8fc4c2615e97d5f059b7f44	0.357	1
tag-traits-069	2445c4f7c88508996a7548ccc19d80fba0fd695523ca3de45b72a1403a66e7b1,6ba6b50a448cc68f1a5d96267c59e2aaa12ccdd53227be63b084cfcc19880952,1b67b26f3cc168b17ce396e57587d5375bf896edd689a40c80b8d1c7c76b07c1	0.355	1
tag-traits-070	fb271855f9f5d0d27a124f59863e5f7653b8d773d7ae962afb15298e24726440,abf97b4de72e9f0ae238eec633da367d232553cbbdd69c66f91d7a340bbf56b6,aaa3e5e5cfdef77446eb59ff7a13c975ed0fb1181cca6f0392d2c52282807035	0.375	1
tag-traits-071	5482a04afbebde0c9c8546e65394a955e4c608d9b5022340763a9bee178aa37d,dbd3b3306498ef5d8155c4188dac0f98c3f97871f6f4c0706f348880842ff150,90e91c26a8de0f7c7cd54588616c9566e6fca4d0eafb3da90540fc25550a113c	0.376	1
tag-traits-072	b1711b6d28381a6a4a0ee8ea9b7e3e84d2cfd0e5bce30d0a6618f9c4df1940db,3bb481c63caf9f4fa28b6c5f90b8360c1ea0ef1881f22719c7e0fd55fcaf5b38,733eff7c1c3889cff8038a638006eef847c6bdd9079f513a0b66dca9e38e9667	0.382	1
tag-traits-073	4cd1bd51d303317641b4cca9da0b76032d95625dee7b94dd8923b669651e9a1b,a9bb1608f34d248f2123dca4505bc29adab63f79d6f238186db54195757cd72e,aae5cb3ac832b4626b81d1072e5bef3bc1a21201b0d16b98f7330ca5845e9614	0.459	1
tag-traits-074	2ee7ee7902d4e56176eda1ad25e638ccadc80ebbc2bd64313eb464391085d92c,38946e0fd271eed38efbb558aedb1e883a123403a4ad7b0ef75da8b34d6ec66d,3c18c580be96a9b861d60426799afa8de86b826d37aeffaf877f21dad2f00e8a	0.344	1
tag-traits-076	3c1e82bf82d0b1613008f1bf5865392452d93cd9caf8b9b371eee6825c50261a,065293ae2cb49880830fba41c7cfbe00571f2bf5ecfef9847d136dd1cefd46d7,3903516d7df8d142748e4140d679a53225690f40d54ac01befd560c8abf58bea	0.373	1
tag-traits-075	33b8e09e403887293c2f4d362d0effbf326f277bc47411a9238a225fc117570c,67824989d0b451354fcf660b590c021329924d0797847c79a5e554d04dff2e74,fee22ed008d96d8bf9f75529717bf531af55b5690ab221ccd9f6cf1e350309d1	0.684	1
tag-traits-077	af1ec15e0bb37048a00fb6596b6dc04b7c4937f868494f661d1726c367b50ea0,96f1ff2d130863e06a4731df035cd67be350ee2a53810dd81a2763c13528cbd8,ee765bd1b760df26f92608a4d0241679f03c359035717ffd82a5b422c0534c4a	0.369	1
tag-traits-078	d86309ce00d925e925c9b02a77c815f3ac7f0a1b1d20575e499e7fed7dbaf7b3,2eab3753c4a39869b5bf1d499df9f16841dbe555f5b13613bf0ad8f9f6032839,eb4dea7d1bb6924807eb54a1d5055eac057b97b73a3a61a989eccd05464879bb	0.363	1
tag-traits-079	c05b74a304c0144ba2153511e0cbe2b1078e38d337317bbcae364ea3232cdf90,5ca976045e2c4edda385b4a1d5226adf2b5972dd0f1d5dbcf1f956f375b86554,e44dfed3dbbfe0eb7c06046e8cac9d3cdfabfa0ff1c197bc711429a7f5328b17	0.37	1
tag-traits-080	37dd407fb29b1e87af821c0e446eb69d52c428644e2e63a17d80237f8b540c80,608d0dea9af6a79b6ea0e988bf4b12a7e1f842dbfefed75969aa9fc7399640dd,13f9bc1186f15da75c5e5697176db60a21eb63bb087fd752c056b04f41adbcf8	0.344	1
tag-traits-081	eb7d4468e53f40d23254cd0382df8240b3a7fd231f922278622a0b82b1b26b57,a125061984ff7e6913ecc26bba944929097d992474e32738b6627a77311ad8b4,654039c2ea6a1833bbee2c6cb861123cc241f0785256570160347780552e4af4	0.358	1
tag-traits-082	a918de5e4dc6c0a6a253b738542c08fd647d367cb0f99af24409b700fec9f3c7,8432902fd09b8b11a2a2af68d9b91f0e34e0f0697fe9c4ef2a8ac76806236a22,a8ed3629b474e1c5a42b39d778de479a3d3ab870b854d7e68b204245dba82299	0.379	1
tag-traits-083	f11848ccaaf612bcdb7ff5be5e9cc290a434dadc4cefb8737a9bebc32dc124e6,0a4bcf706d107f1ef67fd0c13ab2edf4b87828a6ac3d83eff99bed1fb87037fb,d978ff4ba73bf7cc05be902a27e8c4f173164a492025751334d119af1eb2fbe1	0.377	1
tag-traits-084	682b4132de1de942b88aa34a175abdfb9b3666ddf3d1a97894fa6da321be6025,44a526e5b5f3dda1f9aea97f9f2e2ec6f4a61722640d6631aeb4aa121719dff6,61d1f02ff6918a2df61fdfb70bc2629040ee2f2bef3a3f8b9184634b824c1e10	0.348	1
tag-traits-085	12f1bc52bbb127a00e10bf6c95190991c5a78868f12f5f36569c41af56256f30,50b104fc5326b098ea5f699b483a7be86bcd41ff1c4892091ae5d9911a825988,1762cba6fac9fe6c725b5aff8c648a8b5b2cd01db91364c871c081cf41e24206	0.352	1
tag-traits-086	b1a1198a054c8a69e2590c003cd1cc966c75507121a65d274c7301349dea487d,d61f27ba3e5f01392531029bd0c0040ccf9ac4c6142cc28372012880a8b6cff7,8e6f8eaa210504244be885837598bf28f8b1e7e2c4cb173206b2c86e82c136a7	0.366	1
tag-traits-088	d9ee4c716b46ebee0c12ffc0e1b000b2e3a165be4145a67f82604be2332bd039,c6fe2295ef11a1510d1050d7c2766546c30ab69d9bb7e1a39b637097135277e6,c6eecb62e93a87da561d5124faf1b8e17d30511f3796072a08bf6e0e250f9cf5	0.414	1
tag-traits-087	f02c4b65446612627b6823904e08e553a855dc4cbf0c561e9d335054cab7b338,3747c2e3c336cf2803713ecc70286eaf6287aec931e6ecc7efbd4c4a466aedb2,9d7fb6d1890258a4ff50f6bfaa96215b12c14dd03d1df9998b15abb903965a62	1.319	1
tag-traits-089	1b2b624b97f693242054043b6e72d41bdc966ccc67275b1f5b6588c203bb0e3a,61aca007512211775f5e33b8448326ab32b01b371ec70512831daa1d80fe69f3,be3450fd803ecd852caffecb7bb568308cac92bf591a4b0c50d9086d3504baa4	0.912	1
tag-traits-090	bb9a16ee14baec52b6ff2d7c76da1c3a25b1056e80b84eb137a4f7f86e15e5bc,e020b365081a0bffc195cf9f1f4ddb129e853f1c7eada4d6c224fe61e1514686,6a457098be3f2c418ed16ebfb003e33309b08fe6c049b5ccba66b87d7e292190	0.413	1
tag-traits-091	3faf2adf109febace47364326f9f2ede1833e9a869dac89dd12f1182d22bacf8,ab61bfe3c28524f8d2a45fa939a679c780834b7606052bf16e7ea482e2f5745e,fda83e50898792341822e15f69113bad3da9827a7ac765a00c4df40122077d79	0.389	1
tag-traits-092	fc5aee4f9361bf11b19ad51d26d4105be91ff0063f1b665f2065bcce0017c40c,42a6c134d26bc25a3cbc5d8ee4d9a5ef57b03784c765ccfe76a969d98d6bcb62,bf2694ee69f4506fa94c6e8f1ef7bc25d4f26407b50402c9c1ac42f94f26cf7b	0.399	1
tag-traits-093	b87224d337982d97a0aae4f0eb7473cb4a3b5f21419305636a1af4b2bddd4820,d85e0d3e94be6a422204ca0deb76c6878b70402c450a207f36e0554f23fa3403,25e5c3ef186af750cc91cc561e708acbb89f99045f22106dcf4092032eb0c5a1	0.36	1
tag-traits-094	c8bc4d9b2bcf2abaea86e6ff70c66e4684740bbb97dbbe0e92868eb587d1a54c,438f57bdb9c19385a2e84c58bad00bbb8a20c68059fbe87a1037f4f3d8f9b64c,1ba0805c49cd7ca046798b196ccd4e2b49973dc9079d30c21bf8e72ca720bbe4	0.384	1
tag-traits-095	996c02ddeaeecf5823201a5187f4e3a1f469518a766842d0b96e9c63feb00362,4e04a4d3d1b27c8547e42eca5be0352d3dceb7453645408133131bcf519ef036,4ddc86ce5b7c79d0fe05c995c2ea9a3a22c2044d13d36a50472bdf82b94666d8	0.413	1
tag-traits-096	23da1697d824ba15b8a48804ed695fcd0e5dfb8f6c1afad0e02430428aab82f0,caea93584bec75407bec1026318196e21ccb73a609b067089e3b2d3ffa5f3faf,759b3528060ee71d4663bbc8ae4f2c6f6b66e7178fcc3fe193011b776bf3ae57	0.407	1
tag-traits-097	a1eb19e2c602d1f7bb134d58fd4726143c294c9628867855ca1a6095021836a5,03661e84f76ecf841b2613352fea3549b2a0cbc9cbc7907ded049731aab687db,48bac7d7f6d5488330c71132ca682aa3b90604c8b96bedc693a2be7a3f48ccd2	0.414	1
tag-traits-098	7c50764d1ad7cc158d0c881341ed24ac87d1f20c0d0b2ec1b8c19537bbff0147,2a19a4f0b578b635837ca1994486e38451eb41ec9e94e8c552ce27f1e84fbb17,f710e2f81391275d72a9e812bfa100460efefe2064e7f19ed2f8cd34e4e933f0	0.348	1
tag-traits-099	8ac382608916b436b81af527190ed20cfb87a3e2ba3fe8f249c9199f36f15e16,46d9b7dfe75df991adab5a1119dd3f348b34af11cc9ac9f3d890a3d63eea73e6,046589aa9afed1d94427624937c4e350c03660163b4a2d49413295bf6153ec83	0.355	1
tag-traits-100	b96809409b0c2d2ebfbdbe38c8919e92be1e00ab80be7d91ba6b211622c1fd16,93e6767020dd92ee72ae4ae91f904eb3cf24dc8bf1058baa1372575c2520a32d,08bda6ee29a4659d5588dfd743b57c662150d8ce98438baa4a4d466cb9a23097	0.359	1
tag-traits-101	cf82324fbbea4118e8de5516d38c3b01fcfc7a09a3738e8a29cef04ee4613898,725bef34de5361dc7db65027d2fd2367723c31dec234ef43ee87c8d595d3272f,2cc0de5465b6b740d6599aa51501829346deb80a698686ea9bdd905437b5b63e	0.337	1
tag-traits-102	d412e898b625fa094de2f44adc2f89a1c975aff7d2693f7654ac9019941086e7,b887cbbab75e308f0b6595012281cb7073ef8d400a06e9a20d154f2c36abab7d,3c6be73d30267c4b0d427ea636098d0ac87bf075d45960b387ec3d208c53b73d	0.35	1
tag-traits-103	fbcc2509f8675a86cc536c1f8bf02c8529b936047386d43075f3429d5c5ee775,edd591fe5244f8f738ae4ddcc0591ffc181887122c0c3768fa0d1514b715f709,ad8325aacce17506b836154a82c982b832cc149c7616f74fe442caaae14cfa37	0.349	1
tag-traits-104	29db2584590a11234ef6c04ed18e6e1cce8aa71c84cd20813cfcc4aa0a4ed0e2,6ff79a2729ac235e47a6a10aea1e7d52dc18c13aea1941669cbdb88fcbce3350,d13798f67477c47605a6431d82e966fccc62ee4431fe1f84f0cd162410d974fc	0.345	1
tag-traits-105	86f913d92808894c2a72160da5badd032f4209c0979c2ed034fde31d5e668575,934d7592e2665619336632fe8144e21d88fe8df02c5d9f24b0736db2471c16b9,b4b95fd076da56601fba40b86b22ffaeb60954bbd7327a76f1bbc74e4b8665f4	0.395	1
tag-traits-106	a26399b1accc0be1c9dc11e855ec320274f0fb16933f46ca1fc45db77d7e4022,4b6b26b4ee6c5d7ef7211dfc7c49a45b3087a6e0ec6510965f4eb43b19f8147b,caf3f87cfb93a20589dd71e2a58edec91d662262209e1e1bd0c656699a836fb1	0.34	1
tag-traits-107	75bfa2a434243f1aab8cb60238b3fe296604da3d2db15a77e9a5d4f0f58c941d,49145542f6cb32a5981c299a6702d20a4c95f6f35a5c54ab9d996c6781f94ea3,12b415efda15d9e986b7d81ce876d1ff0405c3de06672a9f2878c8bc436f3da1	0.36	1
tag-traits-108	b5266abc936c615efcfb41c4a24f7f76a8ed3cedc59146fe8aedc49026f2be60,bfae543a71984713901e84114c19b7175705893553606b5205b4f22d9b2a96f5,1a248c3ca14a9a3eed6ca76fc69b02f4e2cbfda04bc81bc7e70bcc8d950886de	0.369	1
tag-traits-109	6d185eb1224e09a061498c73e190f0c5deea376c66a49230543d1f80b48b1386,5442d87a5f405c1405135308660842c4acfefda16cdcc46f612a5109b8af15c4,888fcd4567ab2856a975ccc5b0422479a2e2a79e8f85b49a6d7d83e7f496bade	0.378	1
tag-traits-110	a01deba36cf773623e2d35cb860afe4554840ad48c2b09bc03469e3e269dc0b9,fd9c2fe9075a4df562dac585a25fe17cdd37f0c3a43e1b1e6f0b31ea92414d8a,25ecb1e64691dc616f3bd1a78a81cd7b878a9f1c795e103ef58d6b277dffbd7d	0.356	1
tag-traits-111	863ef7b92b70685bd63461b09f886a0993c1207c7282ae5981e39106d883602a,b238759592adcae3e0a0fa8fba4e863feb7286e2c9b6ae5adf519965939661ef,24703b5d2a6b2034d1bd7c794bb0859c4a69419cf868a30c3dd8db01d6949cba	0.349	1
tag-traits-112	87a265ed0aad020248218675be2d5ce0ae9354b4c587d843331540dcd83995e5,c7f32fe456230bf0c5a6a5e67ad27edc49066625e0faf4acae5e89e8a757f05b,2b297511a4c69edea98618a6c46b07a469481862ce85ab42769e26f6cddacceb	0.418	1
tag-traits-113	52c77840c6146413040b7c949c89f6e4aa09c5af1f15c8a401c23d119d0c5c31,973cb25e4cd064ed8dd7dd436b8fe4f3719df598bca79763b24fa5f45daecb3e,5a82f5728eb24bf4490e00b2a90dbb7af62d4dabd83ac7a14d65ca141549a829	0.347	1
tag-traits-114	1955a42ce289f1986d7be2ca185aa87014d09173f09a95b6d49d4da36e2e9e84,16de7099382c1e11f3620eb1ae9b7a9096783df6420ae3aea31a23e80e9fcb3e,906d816de0880ae3ec3cc66e3e0a86a8e8aa06289a71b60d137e4145d554f095	0.394	1
tag-traits-115	294d4954aa20cc5f26999ca8f2965921b294073a29d413a2a48b9ee8ae2799d6,29b6440101f42c0bdfc391f5e60db30deaa3b2add94501c52ee65a8b9242b935,b109c0fe5e8e891e9d276ecddfcc877a0ba8726b660b88065bb00436fd32400a	0.404	1
tag-traits-116	92bef2f44b0aff3f3b43a2e6f1188e22990d9c851f91b5f0b0413c9dc1d72532,7cb286f7fb89430700d0f03d9e87d623e427b157d1aad2c674936a7d38e5b290,fb274d1eaabe18aab2c0f9deb0667b16e17ea23d7693fcda57b94b84a00d83d0	0.354	1
tag-traits-117	13a92f6eee52c4f5561f9e308609719eb1b033ecb993ea041a0bc9d32e9ea254,3501ba6fbd4eccfab09720a06417f3b31ae6b693f23720b8d6827a2d1768b5ed,711db7bf138ef0b3219c0190cc289cdddc740023aaf25638f179501de397d7da	0.711	1
tag-traits-118	5595cbdf6fc82f6863d9daa270a7c83b78cb9a4f054dc2a98d30ef23644cb661,1314523fecf99fdbaaf582e40f27493296408a371b900a61fa339ea5b2fec3a0,7a648bee4a22f62163f047012039a424d85192c587bc71df046313ae6a7b4898	0.651	1
tag-traits-119	d0de34b57e075ce361bef162baa7829c1f73430c87a6adcdbd1f90835c05c6e0,8ad0945dc5996108a8c52106b6a8c8062a443ec5b32e02ea64119c521d856ba9,72db871a57c726765cc0249c9e14f546c2cb6d9e8d8b2ea70c15d6dec1bf5c58	0.377	1
tag-traits-120	c32222a511fe29616bfe7a4363bde41cf3f475fa14e7570e7a4a0fbe2b0c0fb0,859c9fd8923f67acb0001e95a54735b4ce8d0b6b589272f565ae84560cd4622c,e5e60cb0d85a93ef905f02e087bed484ef153409a447f0be382ff1d5dadcacdc	0.376	1
tag-traits-121	2f18674303a60a2e3da1c9a1566e9f5ba0926e214f31cec9ba781f36a878c4c2,ca06e4a909a968316f7b996bd54b7b4b00bdcea94902e76e6c959366e63b3152,400e0af06d9b98f452795c4b9072d5869f25f7f63c41167ca1be9f501cd0ffa5	0.374	1
tag-traits-122	6fb66d592ee9d97046134f21bdc85398168031abd29dd77199acd0ebd7ccc24c,364b8dc6e55532355ebc280adf23fbda01af7300482aa79d15fed20ad2cacd00,a226fe1b26cc153f4c44a4990edaabcde40a477b897f89a9fa554dfdd5f567af	0.384	1
tag-traits-123	484b6baf2d67dedc6e3a5f34a52c8fa51097112e770da14c12ca1227ca4d3e18,9c3f15e6110f884f0d44d3c051b1ebe34dbfe9350a8eda4aac93ef037c5d271d,2ed1bdfb9da6d28bc25b00e8c0c6f2ef17b5a1c1785b24bc37536dabb8ba90de	0.374	1
tag-traits-124	7b8d55ff5c4e070eb228fb167830dbc0f03df71042b22bffd8d0b2665574de5b,6261d49370838845877e281ebbd82df6337ab04bfca80a8177a522ae3e4af25b,f0c289afb401658aa3a8cac985d0b58c825160bf550dced3db410037a5b0faf5	0.437	1
tag-traits-125	8c0fb39569d8d366fd547293d7d79b888fd40f55b3a1b8dbde91ead2fa1322ac,555d705cf25b998887d3721b0baf18c8de6f340e9c69ef8d453dee3875198473,6fbb2f36f6c49c15f60ae0ac601cb9c993b69eb78cfe0068ebd322bfcfa21c86	0.42	1
tag-traits-126	f88305f13813e0c5109ae67b27029f93bf562548405a26e2a79f751aee399e7e,ceb5a00f4f0cba90df669601ef1c545110d9f0df09841c3b2a3b35d21fcc8c0f,e105a1d8074094a5ebf77d646cfc6cbef19b7a3883875ae3be3e2bcdd75bfbd8	0.371	1
tag-traits-127	82453aa1a3ffc302909505229af63cc52c57de43859ccf8da0df4a7dc3526709,25746096cb55ecf46c2513486924b19adcb495ad551546e0940f635c46a370f4,bce90861f79e67c90969e8f2aa46393929b7598e7023301aa9ee9222cfc42961	0.37	1
tag-traits-128	40511419d5dc59951c810291f8a2db298705614ecab58099b068127ecc5ebc88,eeb84531dc14f2b450a83ed943b7dcfbaeedafc58e96510f9f83e287cc09abe5,14af25fb1c9646b0ef9c91a73b5f3661665576df18d4c98b07ba7ebfdb5ccda9	0.389	1
tag-traits-129	464fc8df1c8119874b640906a2f240f760fe111401dcbc0007349b022e0821e3,41a52e78d5e4234cca56b0f10656b71b9712f7e2d376d0c38c1d7809aa39acb9,c10cd90c62f8be14d8a94571cfe4e263e6c3ae8b3b1b9aa48b60d75a4d158f55	0.367	1
tag-traits-130	27978820150f398286f9eeb05d75ee01e5f8c851f6de75267b2c71390536615c,e5351a12783ddca1b2fd353f6fe0e7b4fbc1c7ffbe269f1fd081f791ab52265c,00ffa07cce926a76292c1dbde0ad6f650a4d86ff15d38ecf0144f004ec330b82	0.369	1
tag-traits-131	32e98602d9eb6fe4ca2fda7f121d18e14a2873b87a7d01f6a46608880a65ac2f,7a8081c948d5275b5fe95f79c39c193f6cef18111ce584aee95d51e4f10bbc0b,17a714baa890ec25479fbea6d85c372f24c10411ba37648c66910f9aa4f2486d	0.343	1
tag-traits-132	c543a5aa38fabf52c3679c5f68faa63d8681ba6a395c3bcf866798d61c8be015,03270803c2a3c2c6c19be4956e67664915d7aacb05b35cc7da9bba0b16354d59,7ff1f9a5c3e66d331ee645a0c727a841e486fc45dcdde30accb4ec1239667d41	0.388	1
tag-traits-133	85b301fb7fae4d2de97e4535f3a6f64d5bac8e83aeb9ee836bf258d9cd6c4554,afa10f91f07b5c3b8fd25d6d3013855ecaa255ac4a56752de4eca5bc1ee0196b,9e942725b445e3d2224115ad87437abe87ca54ab54ce2bad4d35612af59df1cd	0.372	1
tag-traits-134	69780ddbccbe879a2b573977a818c39bb0be706ef0b682f2c0ddf8e7573fe761,89d2862a52b0a55a39ac3e028d6817066fcb7e795692ea700ce3548688845d8c,d14659bdcfc2a7923e6e642ec54a759d0e7cff495700638ac555c12fbfc21b32	0.354	1
tag-traits-135	5a3a764126a8fe50d1dffe25f13f789c84d3ae2df7bed82dc72588e653580e2c,604ceb262e451d3f64c103c65ce86d1e388ebb2d54437c94faacc891ea6fd719,c510a5ef6afd4a25f65fb9b7360865ba84ac9aa1b22b3c7e7cf7b32695b92030	0.354	1
tag-traits-136	e5af736744aa9f65cfd0abe3ebe22193a4570898d99b42de498f25fd2d55a69f,bb09e19a24900c0e06c52f1e030dd2eda8cb57c9c2d484aafe7d6300e5c535e2,9c92ab4d41d7a0f86d2e72875feda9961c90461d4210f8781f8bbe01bbd5d38f	0.409	1
tag-traits-137	a90703e79509d4c92d08d02bccb6cb754c0767316d5a98eab0bd3afeacaa2009,25e24a13dd35d670b2f364ec98962dd397e8fb10ed0eb5183935ba3423a342d1,f9599c4a915413a25a8a6f6092f5fa74b5a3b47f169715c353f8ecc27af33d8f	0.397	1
tag-traits-138	e7c676832a8a5aa86d5dbeb78a4d8f8c18a8dfdbbcac7ad1f9d0945871db8d9e,823e987f908dd63fe255a2a0ec576f7f31d9ec457bc3272aa73bbd291202a958,14bcba8ccd6437eda3c3e0b6f07bd4d8586e3daef23d4c9c2aa40427da72b4a7	0.365	1
tag-traits-139	0fd188cbfb948e3f8cd14bf13d8d1464d7901fa1d19114041918936124c82a26,691efa5a32eff5637e79a2450afdbd7f45cdcd4ca8129121777f889b5c666b53,98995644111c42c8a0588d859480c0e14dff86ca30963862eb5a7070fb1d67ca	0.381	1
tag-traits-140	0fdef5fd5222b366f73d11ad18f35f2469eec8177ddbb41b82a5e505223add7e,93ec9308cdc80b48bed702f2ec6862da2617d184884ccc50c26ff3ab15bbfe7b,c1da2e08a98e646aeba1c2a8e66110be86242b56a6b88994f5dd5328935c0e09	0.377	1
tag-traits-141	5803dedbc50e64f198986ee79520f701ebbb6b2c374bf2e30e6c801fc39f9a6b,b1bb8ce7da381b865298246d8577e41b809ce25d7e881addc4ef023f4c417d78,1eb2213b2b60702011549b576d384f647590bde3ab87bd46a0b49dffa6ba3aa4	0.381	1
tag-traits-142	9a6917d69790a36ad93be05330aa3b91ade7303936e6d04b98af42b43dd8042e,5eb58ed6e474b46557efec396409cc89f74ec982f32889c43d02429d68f43294,24c07711345cdc732b46c8a80b6afdd88232f16a791ca8ece10d67b267190c50	0.364	1
tag-context-001	97c1b2fb25699e8c8a2ac0857785fa8425fec36790de13a9fbd308e1f73b9e99,df23f2b5804e94e3310ea9e975bc21db19d73b0a9f0cf063810c45f1c1de8f15,de46b3e9efddc523568de1d0e68c5b8e4513b84d6eb6830276efe24b6715d535,700bb26057878666240fb14cb48c6a292c590d0c001ea1e4f542c2b523e5ff5f	0.556	1
tag-context-002	4325f9216e69bc0986397b3737b2711c69e24556d91d4aca763f4b686cf841f3,bca92a6d3ac240b9b9120821242ea588c13c5ce5c0a50dc945c4d930578889b4,3bb8a73589157f574b0d833acb25c84b6af62c3c2bee619f6e7d10ebb8a8f0e0,a7c0424b3299aa66dd58bad7cfb6ee5bb405ce7ba9b3ed569dea8c187f8afd2e	0.529	1
tag-context-003	2372eef46a559d616c6f39e5229d0c69378aa27a93ca1de86398f2fa39c98a0b,5faa3cef8341adca4fb84b69d5e32e81762300a525cf1f1b83837d9db45f5c9d,21280dda3313673a11eb08e8389ee6f158045eb1e33f13c291fdb436b18b90af,4de00616fc0b33a7ac9e610a124f15704ca42e8a1e253e90f459be2f826977ee	0.479	1
tag-context-004	9da455425a97c731fb6d1b81639721342824033f527231b35abbdc174d80e299,7b12451a4315fb361264907f9f204165bda38d737328e397486e28dcdc585dd9,e2084bccb66ebd3d1f107faf40fc356ecabd6f93fd56eba12da6d80d2c9aff2b,9a8c1bb73e6078d04b4de5c895e851d8efa4e8195c8a2863c45e3fdf7b6b3dbd	0.502	1
tag-context-005	fae7f6a7a58f2b87217328342a2a3c81cecf33c3aa2d06b15371933b6dd07a0a,b3e79896c1409083d7efb137deb629251e5f6f07c5ba54b8613e6a0ed7ea87a0,f5fd194858fff3f066426b1148cbedf242fcff5daa4ecb16ed40f2487d94e16d,dab20336201d026bf1800875e42954fcda14ee30cd38793fef0f20e4c241dad8	0.497	1
tag-context-006	b79df1b327918ac8dc2243fc9d63c53e6b784519a552ded371962e63b9547c5e,4256de7ff843d376fe0e23ad1ca5dfb827b1ac03d67854628d60eb88d968ab32,5713c48431ebb53013bcc9f09560437bf953eb0f47957877ec7bb3bf4b47dbd7,dad7de5d860cf1f9b4275dfd69434844b68c7107b715a97b88262b41747a6360	0.552	1
tag-context-007	abf42c3afdd5e7c02a7d38682321fc3f18a16994094879ab78eec8fd50a800ee,a43dbb75e1dc5a2f93b783479a7f2e2cddf365d88861eb41ea6c2bf48fae7eca,d332f125dceda37fa55ff08c6c82bf54479231f7c89b5719b045bbd97cead8ac,26d4109c99ecc3382bcf7c70943833573bd3874eb6e2fca26c490468a14b2159	0.666	1
tag-context-008	5859b29955586486c37510f497a78c8063c8bc2289b94ac40ebfa10c15e99942,d72392df19d3a46cb5abe42640043f8a59f8344b8892b3d10930eda5400d9904,438721a140c005a982d7b12b9da0d52cfa7e8fbcae30be43ecc6b002d921f9c6,c1c14e63633e637fbd3d1e394108a95dda406744c47b5afb0bb6299684f91e06	0.6	1
tag-context-009	4ee6a2a5d9f49408748623344b544db1d0c213bf6acabd80b97dc7fc504aafc3,edd9980885f48e77753a4aa5a319ded928a6942b3699fc7310a60d32cdefe7ac,f276f11f7382b7a56cace63eb0d388569c4712deefd84e3ca52e5e7ad72d2884,457926ed345c9098bbbca0b75c450cbe158653f6420b1ef640fd70cda600eb56	0.463	1
tag-context-010	b3a21d79efe3c073fbc5826b1468a505f0b91e88d68c347e63756186e94f5bf2,160d7e05117bb6c8e837a4e80036fa5a438ebc00acf59f5a4a354ebe439729c3,5930f5b4625894fb5dfce3e560e25539548c31c8c8f7a6ba94a21770db3ee437,5d033a727a75d2f45871085ccd93ab065eae94b57a672a91ddc545ca4f1c2dbf	0.477	1
tag-context-011	e78624508e7aed64534608263e2707e31adceb8c78471723c97015fb49d82ebf,ef987fccba2b808617573c2f075865aa87808d43a9e13b1a9a50efbc138108ad,411b9c2151db761caf07e01b698d2113c4f5d7356a3ddc6ada13775830275222,01406bb3add8545dce0f8730514a4022de434217eabe1de0f0a4dc5d1eabcdd5	0.443	1
tag-context-012	90566357ee2873864cfa9cdc7b4094b85e459cabfde80db7b34b23b861af45ab,77ddb3db87a97d9d6d69a46e1de19594bdb44a63d8f460d3da0940934c88790c,51c89383c9ef5406a5929d613d960de5f53a4d71c20d3e268829184c893d81c3,eaecadfa0ae34461c4ae41e279339baf62f92cbfc40e80ed1981640562b74643	0.45	1
tag-context-013	f24871c3022450d00394d9b0ba636199729b9f1c723974563f770f5723ebdf3a,29e2121f9bf40dfc0b0d185c4049ca5ba3dc571f84151523698935057a80c537,ee7d2b819d2a4c869704422b5375aee73c86cca1110362fc95a6d16a2471ff15,25d99ce089ac2d0ceea3cfe97def893873e82b048909ceccde368bc31aa478ad	0.461	1
tag-context-014	6929a7f0cd836a3bec6f3b618055d1a1f5c4f56918c0333a7446d2f771e2c956,22d0dac1717e1cf94babcf130d53d0a24bd590b8113d66dd52e292ffc024c6bb,cf72554a0e49110e47eb6bd0d53a1a138e76f2fd72e625f8a310b9c452054449,02125b22ceffebe4c368d7cbb7ae05b37606cb7b1a6a57c34fe8924d5e71b25b	0.521	1
tag-context-015	3d55ef52e4a8035fe586423cb450a1d65d9908e2ab7fefc6866409c443dcd02d,183501bc3354f7ee0d23718644ab6746fcc108598dad3337be3ec7aec56410dc,85455a92ee666f39ace25621df181acaf4d91d1bfe31fb191f8d3de5c1f30c05,85dddfe372d690784c36ade6cfed795b48b75643f2cf6903690267279531fe59	0.502	1
tag-context-016	7f4168c2c01344871ab36be99af4d8ebe60d784d008016970d360e94aa9f7c69,e9e76b09d66859f1057bb04c5548726b3e270ad1e267abe28198db03284b79e9,474ac5e77b9ef9e6b1392aa772e7feb78748b9f8c5bd03a43c8e72cb1d35c160,24e664f9b6393a4688e8bac6ea5b6f27ab19981c81a31fa7cde0a313983433be	0.503	1
tag-context-017	4e7be7f802dfd04aaa98c4af319bbc4afe19884dcc4c6b12ce453307ca1e89dc,f19f138cdb4cd3fcd22f09561009312364941d798f183ca1bf1d93372a9defa6,9db0d0dd23aefca2c955cb53d0d20c4b08e9c7089ebf5c13b1c90d93ee3945d1,c663fde7de5b2eee80ce000a48be9f60dbaf9904dd77dc9ad656e9af5a24ef0b	0.489	1
tag-context-018	8b2476141b9f8b00104c02d4b8aae604df915076166d5ff46b3f8904acc0dc39,10bea7ffb70d04ab448815d4bbc543e9f49fc04d1ee0319586de6d6a38457283,b289daf12618725c800152fc5fe106241c39380aee1944f93c39d81b0b6e1221,a64846a4f97f7925106d8b75fdec8996b6874b4534775a48d1fa9d4de249e056	0.467	1
tag-context-019	28953fcca183dfd074094e311dc8b6b5aa068674d9298f25752dd92cfef977ed,5313bd0c9974c858a7e8238df0d850814542280448b1b1d656f0d11f84051448,676255bc7a29199c94468fc251e8884bdcbc23ad89e836e015d27d33df839893,c32585c357f4385553a8f015b792d6049ebb69fb2d6c4b44be8140666f5d3e93	0.445	1
tag-context-020	7e7470de34583d1e9988dbddb70e7de1a0e11754e07cc7041ef10b3a9315170a,fea7eeb7c048f8f4384dc77c4f71fcc6dce7b01bd5145163f41341d75f9c94eb,54a3a9ea150a2ff898bb8db2f91973f42d17344232f9edbd06fd2c32f604aaee,b49160a9c1668e889476c5d05f5b8331bca533100774b08cca230e700559c8eb	0.483	1
tag-context-021	7440b4883abebdfc8ce1b113dfde5ec1b200bd3b481eb56b797d94b914190a51,2514badfe1cc6e40f6deb56248df4a0f430429045f196e9291eae8454d90a9fb,1ccba532c630db18ce7f5cb8755adf6fe68cf3bed19f1d575528ee752d0bd957,566d696034c146afbed6d76cff558ba9beed2867d3b3ca31b2eb24a1d0ac50eb	0.539	1
tag-context-022	3977b51f66e68ff07d6c8092ef9c637560122990127168fc423df002a48a2584,5303de105b156603506ce08fdf83db2a8b20a75c59035e8ff1bf71dcb0f2733d,b3314cf9d7209126f34aed64242e32087119ad63ab6d368bc08b1fb9d7a79590,69051574d4f1d3dd8b058a27319b6df62acc48401cee62c10f9bec69861b3cf7	0.574	1
tag-context-023	e44eeb98cc28cbce3215da7297c323d2df628a1c15514e4d156c9b0a5d2ad1c8,7c9a09090ea113b7cb057b704d8adf5af3ca923503b8a4d895b851c2d359ef99,6567ed282778c696daa49992d040da097314b708da8a50bae79c9c2e767e4b4f,6f2718a7b270d508df2152c5d0976aad3824eccdbf85d2f80c3a61b6168fe140	0.561	1
tag-context-024	dac118368d8c8feaef16c501df6facc7fbf81a63de69c3bf5cbbc298fe480243,ac99717a683eeba687fe5825ccc6aacb0d766117821cedf5732b4b4a5d0891ca,c00aa7e087e79759c5c3fc1908714a6681451eedf6868fa8f74b77cca2879eed,637885b5c4e7531de3e4ac40c7aec280d35baef258a4e8dbfbe1e60169ed518e	0.477	1
tag-context-025	a3793e6131ce4bd756de33e2271974ed27de9b298abfb354fb2e8792c5a5210a,90e20cb12fd34dc234c4085652693a957eb61b8d03cb2324c17c7466f5e488d6,2e0f255a5a3ccd7d3476e9bf84743417d4917ccae4bb5eb4609ce24283e58c0b,7eb15d4ecb57af7cc42cd9fd143283844b93e59f57110ef80f62f7a632bd42aa	0.459	1
tag-context-026	6d4f52dc85237778d9ded3b781acc69e5945b77313c30d28fc4606a97f12babe,80dce52af4dc7e9e4293d5f21ccdab62e3d28f39d80eefeeab26b034a56afe0d,8f798346d60b4209f1685d02f18d679121c9514a3881c8060cf4c9d3c0f6d735,598e7f97ae840d7b8f000275a64a05ce9792bac83c42b90377428eb830cf5388	0.459	1
tag-context-027	f4441c4b43015773ec76e784d64d478bd705b0cbed8e9297cdf01cb700574800,650dc0a731cfc60c06689ffca7555da425ce2822d6d31f5964cdcfd3f7045e14,2c1b11fdf610a6bc0bfd1df43e5a52e7811738d220d0836049cc411344b8e1c6,64a8d64d153d06a6b22ceac40eded2609d551057dbf84de7a396c85ee242300c	0.659	1
tag-context-028	9a73a19addb6bd1b404d8fcf4335c4d8d5bf2e8d4ec1e473244d54a424e88bb0,aa7c2f6bda14532687a59d72cc51df18e602c18e73682c494548904e3f5e0d65,579ca7e214730d28ab61772094ac29bfd5c14f15230841a7e3d35e3193b5e476,468e4a9b0acb6e5120387fb7da36434b9e29fed7eb40225bbee1244764c19554	0.489	1
tag-context-029	eb6b3f4805e67d517e4f87e5999a1798b7ccb9e177db04d6d8106fa8bc3e4232,6ceaef05f9d0f0b05191cf24a5a2a31fc58ddb46452e4dcffc673e7d06b9dacd,372235dcb7872336f33d9a2619f13d80dc243d7ac11c8ad2017cef4e270f5ea3,66e6ab9fa954d1e959d98b2abbfa9229acbeee16447fe27fef587ed4eb73718c	0.513	1
tag-context-030	71db211008c731c83662b6582acee0164ab8cb3df2c5b03bf85096140c32bbd6,b73871893e108a1fc809c48197041b960a450a3b4cbfe24e66f3e667414581d5,ac6a514adda06deb20b92df6e84def4d4c8e71ba447693e6b64d2a23318e68e8,1dd1f0c96f7cdcce403d1dbc5fa48552e03056e635cd9eca915fb35ae8dbfd5a	0.643	1
tag-context-031	7679796c4a87a80ce96a91832d9f5ebb43883407034dac6c055318bf6f189d46,b5491d7a60d9d28f98a4c443eb3b572e91d2da9a130229d36741545c79fc339a,19ff4dcc366e4feef66da637019a85bb28af4448741a22ef5a51fe51e51f9ee2,6eac100f5bb693a6a7ece38ca9e9b032d8a09b3924411af906dfd94f67bf4749	0.67	1
tag-context-032	b5bb4c509784746308860e4b34502f02fd6d300eb3162aa80dcfa02656aa04ed,87fb0944a8318c6c7da3a6c53440362ac040c715dfa138fd849c4682f19ae231,1f836ead5a93d8ae5b631aae111843e7c35feac7c2555a60d774fa08fd922ff7,7286b137a6151d22f4dbc8fb9c64c54756faba679deb013387814f97df35d0e4	0.665	1
tag-context-033	6b02140ba3f8754a44cf5e8a863a694fcdc2d727e4e9df7a0b7f8feb5cb78d78,cfa986657e33023ea5d041be5c59852b7d10dd71494cc2c7f04fcab1e8cfa2cb,39dce35d7149de139a8a105c120ff4d6bd6ab42899bffd6f516fa1f3ceaf9136,045aaae3e1b51b37a910368ada6dbb5495d1afd56896f838352349e38ae593bd	0.442	1
tag-context-034	7ba3e5cb58dba93e2711cb8e9715e79419d7e072251c4fab347d3e611193d73e,70e179bd5e15b7ba1f6f4fe41598500ff442d43636f7c6d79b5003bea9da7cc3,00deea39b3d07962ee7b1ee708a058896c4b1edfda8832780bda965fd2d59e60,06209b94f284206239f3613d88dc717de6061bcb2cf2f52e8c63b86cb27db4a5	0.465	1
tag-context-035	56c1b6735954a6ec99e13ad8c28e2e8109e6c9c41c57bf98d625f2cb69bd9cdc,2d53b8e3ff6f60ddce18982fdfb14147be4b7aa635727b99b801e2686c9c764b,235121940e6205ed4973dae2e01966a8586b047555567c841ee4a7b633eb58d4,20290677db29edfc78617b71763d6f918c756a96bda510ee78536cf175d651aa	0.464	1
tag-context-036	509f3732170b256ab52d2f3250348aa34f45aba0253f9df0f4b81086ae865816,42a83650e7a4f0ed9ca163cdf4a3852a0603f2c203c8a6dcce90c9e1d62e9fd9,cd07b705481981ce62ad321403e111283b64f3ef95ef3247314321b96c053d25,64b299549d42e5bbad66bd94b1d05da98787f119a34aa6b58ae4cddfc214437d	0.493	1
tag-context-037	28991b3119ea597b8f11fcbb39953ef443b5c9ec493991dd1500fe7ce182ca42,80292df3c5822cbc05b256e7a213ffda8a841b806168e7ff47ab5486ae74edce,971dbb5419485e8d824571adfaa2f946d53368120df8c843a634019e43b4b57b,a4905da88e9dc952c73ca108f1aa622c8bfea26d66ae81d2a2f4c5d913e7dec3	0.526	1
tag-context-039	a2155b320b5b3b7abf7402ec53e973f5827c8c6538de80c0612ef31b1da7a5c5,43659c0560b8af86b60c9374e408ac5885fca3ab50ea57eeca7422beeaaa2427,7eb9a92bdfa717bdf5f7a227180c41b011c1359f8e18bf1ae358b655b633f7b7,283fe7098c38ebcfeb2f4ed9efb95a1274263de3e292fc3688e33a08175c6b73	0.462	1
tag-context-040	13ff8c55f29256ea699e685066afe3c39e6a48519c3e197fb27635b6d093d91d,a744fa6aee81e566017a0f677a79f091ee2472ca92308d0e804db08b31a31d3f,a2b49d4c200cb5fe6c38965f287056241345e58a0c5e0af8cca7d38eb7eaa94e,ec095e8927c7421d61be5ef5f982fcdcbbb8ff49cdc8827fda8a278e33e418e7	0.458	1
tag-context-038	06b513a8a56ea3f466b9426a28295f1d76cd20513ba40f3cb9794dbdbd9b261c,d24dfb4b95efd21fffedbd14662088c357b74f006078d0407d1d63c63c9b9282,d68841beb3e7e0980dc28ae7ce4ec3ea933e8841144001c778bcd7d32c87a611,71ed201609b9f33358dce2771761107585d6ea8e10dd7d1f518043c94d1b9082	1.687	1
tag-context-041	b320c7dd5f8089c8ad8c7badd4ae3803d9d3c8e9f5e430596f1cb92114c8cd38,3988362b156d2c5e9c9a034dda7f4e93b49585b3c6e42c352b1d8294c6947ba8,c2758303d64fb381c6ef31d1ac24f78291d536597e8042d5db3a3e5a9c69519c,a9754aae943a0d098aabcd7174b88e73352454d1fef751c25fd6b756fe4a131f	0.53	1
tag-context-043	46b024c02911fdd10c63636f3a66f0e06b855624c5482857074d71ead2df4d9a,1b04557b68ad4feafb4b3439ac348887d8b757fdbf919a181d81f546899dff76,9261c4dcb9394d2037c38eb94595b4a02fd4d73cdd92fbd04fa69950f6b2e5b4,0d993f8538fe629dd7c3e29095c0d7d546a38e71f838f3db7ad07f095f0f09f6	0.507	1
tag-context-042	8a7e89d357498c378f4fce1947e4801f9d0c9b1d101f56d8fefd01c3da2cb7ea,388f1318af5dff232d5afd8a20b983e45bfba75466ae83ee164dce15da3c7c0a,bc99455f911e625718cd3dab892505e43894130aaeae4c53fb145e1ffccb6ae0,ffc53ba40bfb80ca0c1c696ff493ce828848ecbdad8d9c6b93442f8fd839548c	0.694	1
tag-context-044	c3674ccc3d0a54f0d0a9347b09090762a483a961d787ec54c70feb019bad2cfa,e2296c9568dafb805a95b41f0c1538b20985549b24b455d85b27e70041b488a5,cf588474c55cfef7922c6f6a850ba1d7f42d523c64fe4996c45c67b600938a01,3eb3d1d76134f79b4c4aabcea7b22c94e08117cb9b1139cea0ee6f8bb5d2d340	0.454	1
tag-context-045	ba615054ee2a88c88bc85156cf805c4053ab52dd7cae976f76c9abf5e6951fc6,c7548e1274e0b58d5d9ba4c4136e4eb7fc0c26500d612a337d295d3eebbee3e2,2e042f4e4346cc27a2ac70f753e49c1f9ed4a1ee7db7b48daf8d955b656bea2a,b28ba738e440897886e108386330fac38c3a856602e794381b594169aeb33bf7	0.561	1
tag-context-046	9fe26a688564872147d00dbb7ef7060a353ccd476482f60141fb4b6940b50a58,2459487aac05c525d1bbc9975bbc1eb1102ad87e0bc6a6cffd8b42bf9159778d,c468f1bb04085de3168d8fa4d976ca6e8979d8f8bd66308194bec1b4e2fe7b5c,55f209bbd8f6c0270eb149692b91d82423d658777334ab134aa32590874b804c	0.486	1
tag-context-047	61cd90925989093682cecba4fe6e58e7f2c3ac1b9aba832b924cea15aff76e21,09d019ad80b45939a5261576d543953cd9b79fbb6adf4c12a8ff552caaf3c040,ee827af54df331891777f169e6e8e34202ad4f5dc40d2e76df535dae348a2e48,6031deac464be2103bc2a715d1358ff3ce1ff70f6b02b6379d8c669be8f809c2	0.443	1
tag-context-048	003c625f747a0d48bbf86b47355d10c81ba4d90a4a9e70c5ac9340171b05824e,118af5814417a3008b99f77f3ca740d21f82d509c5aee1ea99ef02832a95a276,cccce0dadfb7fd503040a7791f91d9578a99b3345b575d49a790dca970f36628,af7fba06402b36e0fd0095e0c83e6de84af8507b58eb1a7ee79ed071f27a0005	0.53	1
tag-context-049	cf140083a245883672ecb7d7c03205d438ae312311e3f53c708cfe0249b8e119,68181044b6eca74db620bfeea12306ed339106a52790175c5a2fc125d1e74fe7,24e75cc763caf719c0ebf3e6715fe760ee3e39062a588e0f0e5a143a8f27381d,95295b33744c11b9e932030ebb2e71d9f616f141e0573db04684e7a5e975c1e0	0.51	1
tag-context-050	c234299eeec5364e83a530ef8cf09c056f6ac266719a2bd9870f136f068cb6c4,25e67f5b589f886bcf3e613ca725b1a8e901b5e10ee63385df2adb1bc2ec1c41,682cd2174101c4379a5d4be2ef68dda2487a9dc569281eab831862e621f912a8,7c3c42c477b0129257e063ba4125dd3418b6c259dc6b3d41aa344547f8346b7f	0.453	1
tag-context-051	343886e4e8533f743e46d14c42158f11e808cd0db79038419dcc70c57785ad48,5ecc045c1662d8798274e0ccf326937ff005c0bc9c0b4fe3f38ba819424df46e,644e68c53ac5714e59056270fb87086572b9e695408a3860f6fd9a1c8a5ed9b8,2bf3218e145adbfe9b8e34ef3c330ad3d5de6f65e6b804179cddb234186d1b11	0.481	1
tag-context-052	e7437025eb0b66e819abb3781841892b1edbd2582266578f9bc87ad705fb6ee0,930b88f077e47a668888a3bf508cc54b689c41751b739676821ee164c7a6a731,b2c769aa68550adac7bf2a3e65685f3c3ea927dffe4cfbfde68fa4b1d2724f9b,6693901bfa02d416134c81fbadaec53c7c049c687207dcaee959f6cd8f26ca96	0.484	1
tag-context-053	845a07d811ddf992c60b88fbeb1c33a1ced173dc407dd00a1508a8009ce61a20,934211d223afa21d39010424293cdbad25151cfda5240a6f3fc9fbaf6ba7340a,76874f85ba06cc1b96e3d69274ffe0452573ccc5892017323560feba2d71d408,e35b62d38666f32c733dd0a283c8cf7bb35baa68359d3b5bb60d62bcb953c307	0.509	1
tag-context-054	fecb6b1c13753e2cedbb39e559b703fe7f1efba14a61c07641e726fd92e174c5,4130e95abb56dd45fd61779b0497a877627dc71b82ae8b7febf50e3c80cfc69f,048003ecae2499977363c903ee37d619fa4637e216fa24a22cd764e0e8ca6b9a,277587c4a36dd43cf0a0a97830a51b0cbca49ad211635bfc6ff3d68fba752e4f	0.518	1
tag-context-055	8b3c8e3b5b671afc45f8429cd40f9fe094b05869f029d218cc4aa056632763f0,0e18b1d4139467de750a8a1db7dcf8f2aea502154eff7980f7e9bc4ff3a8b297,baa13481941631c3f0828ed369ea230f919dc2a9a031153081eee72b031542c8,fd06b20ab1e564796e197ffdc771403e64a74cb516686f583c396a6883184fdc	0.495	1
tag-context-056	c58d08f122f2d887eea8342e6aa84279f210ab1617b8445eece1fcc4d1dfd32d,6925a06003aa2bcab67885d1dccdaa3c9132bff55565fb2b8b81cab68faa2812,a1a303488fe709b0861902582eccd43ca6ddd3069b5cacddcdfb5171130a99f0,0e9d2420c9cf192ed2fd345e7dbcceb4c52313f5dd84dbcb3bac928d9779b037	0.521	1
tag-context-057	04ec4e902de0893c72eb24b2f7f53441ae51c77ce4b53dab79a052a8076faefd,df4d8657f4b6b5a6af53a944fe6229f13c7c9c65dff6f36f9c24c81f3ef8e154,8b64d09127ebb1fd80fc8b12899ea8d080b2758e6ce93365ac5441b4a29eeae3,8efda2db67c08f8ebbd5dcf404808624e80d69d6e7741e38e9a4b3689cce3f97	0.531	1
tag-context-058	92ddc4552a0b0e89de365660e80e604398a2e50fcf0f32abd991a40bc8e26d4e,dcefe12bbcb1c80b93211eddcae801a40accb28ec3d827013825b0f972da6161,a7ef8d5565b07e5b2e0ade6f02578b4e4d7890ed19102c8f77fde708982bbef1,e9455b0e7355e4ac9e13fb41da9c91190c72e674b9d168b972320f35a3ad86f9	0.466	1
tag-context-059	5ba5e153b33593601223c1f7064d65688fdbfa6b8dbd851db7c6dfda574e060d,3b2ea8babeb46c587e03068b372a20c3fa6f747430799fbba7cc79799c255244,ba63689ddc8139fc00616efc5a5c98f44d07fc2229de19fdc35887eaf9c50e5e,8139f5fb36f94498f1d34f733a592c9d9baf7e7be0678a8be3bcce78645b6610	0.532	1
tag-context-060	5688d6c7b4557a7c04ae15f3bc78d352ff45feb43d5f0859df36699bbc5c110f,0c197224696df75a8eba3d2355371cebd74027a5516789b0f8d48502dc50c0ab,84d7340408ea1d95a183a9745fe94f2c9db931f157c54be64cc8fdc0d3e8c5bd,47f4401a68b365b2e6a07a4e9986f4d8e49a013b40f15001606f7fcffa0c7234	0.69	1
tag-context-061	66d64d160d8ac6c0f63d2e262cd85c670b7bef244e1e448a039d8a1ae33b2b0a,6670a1a8e366bca1000a81642db255c98b06f8dce73cadda078504047d03eb31,fac4a58d3d0c2a13fcc1660894b8d1eb264227bece9257e42560b67100ded4e5,ad9af4f23eeba0628e831ff6d2d25f6bd98a4254f55c684ee19bb3d9cdb3ac2d	0.579	1
tag-context-063	6de044e4c3974e82e33d60e7b60d6009fe4fe8c4340deeac137f801468c3810a,ae82cb370bf876c56386bcd81e34c41798befd537ec119d113adefe8b19a12b0,7edb52d4682f7e700fd1d237f89ffe4a9110085f786fba34f7163268bfb18d14,36ac49e103c69635d0e60ce6f0d1bf1920ea6ad9fc512e75eada123af3a6b981	0.463	1
tag-context-064	d39bac0d3467280214d7b0eb931f0e2a482e48df7425929f7c6e8b1e0c823db3,009f9f1e11f4fde0a314ba2d984187ef3cce1b92d07100c21eacb0f0b6885ced,d04b6800d096426c9f12799b1d8b3af30b226b74a2aef1369a8ad27b208df559,6289663781562a250b3dc2848f8e54fc8d55d45da64dfe3e14872256c47bc307	0.535	1
tag-context-062	d5389344a23f3c371cf323cd58f53d895537ce0a540077a2bfd53dda7731fee8,5cceab43459dadaee40fe49acf16795106f975a7539eca8f6cefe7827466c617,6709640b059ee9933073dca5c5caac7c25e00df834e040d0e0a0c2349aeef84e,87eab11b779eec687628f6b9e65592a0e3dd0309f67d368334716401989f2e8d	1.8	1
tag-context-065	76f1ad8adcc1ef9fbf11437ae23ff5fa983658a24f30e74811a6d46a27aaad94,9536f55befaea16c8c30839ad214d272c6f435fc04decd95d42eb2e893ce2cd8,f1d0eac8edd4a9746e57a557b9ab1ad0fffd1c18c9f2bef04d229d7d6222ec19,adfe9a890fa3e8494ebf51b3517046822be8727e906eac1a2fd4339f63aa1b43	0.805	1
tag-context-066	ddb28047d6d80df520009fcbe317b8883f3bbe581b3510c764bd3b8676ee3375,e603a2b7e042ff1beedf69655c874f0be04c8762734e74b4d22381e815f17d7e,ddabd8deb3ed29ff73265a7707e4d1740d837d8e611a87d22cfa118d03caf62c,98b2e12ceaf662e3c735b330db55c97c5deb42da8b0df4216c7cf4ec4c237f1f	0.5	1
tag-context-067	02e687d04714836e85d7cadd4f69cab2b9e676ca8daa1fab5c90433e9ad06722,dd9241d45cc383bf844561f7018e4db5d9edee9597586d7350928e683bd4365a,d2864bb63536a9e9da7b1dabd3fb28a318576a42ec713cf5a9a236f0e7b967ab,876f20692db39bdecd02f784b9a430aa92c018f374389e0a3498168332adca57	0.528	1
tag-context-068	6a45bc44dfc18e0f3fa6558454e0424014243365f39066896ad0fc026d6672a8,11dd714fcb2e091135b91ceb7974e788198916dafdc813a9f32defeedddc0817,8c765f5f04703717cae2d5fe29b1fd5fccf7ae2bf1fad69719ba83b60272c58e,78ac152bcc923dd9aa930088b6b394fbb36ce7084d3d25e873f49a8b3b36d558	0.499	1
tag-context-069	252550ca5953e0b81936222e2f68bff5acc6116a7c268d0608796b21172a192c,5966c08e223d936005d5cc5dc8af32f4b6c71c947b788797cc4c336073c7ee73,3a2cc78db2e7118705b61ab31190e473679aafb2c5069f4edfb61374653674ee,7b512f11c2a79069b972623cc8edd3e42dd73ce9f57d414d330f1b3f996754e4	0.62	1
tag-context-070	137f451c21f9ddcda3c8ff43f927fe7936990488016d949eda5c769af1040175,f1adcdd29c9f305cb53682ef6b5f68e832116a95f130f76bc5d6bb36076a5621,888b69666cb5fccb59a7e3fc85a619eea27d3bbdf433e603deaabd575a75cee7,0d69acddf723ceb9d3f74f365a738a70c0cdeb34ff5aa7f471bfd3b7ef2e879e	0.717	1
tag-context-071	f3042d8d98f8bba36016eb2f4a5869b950d8393865d49dbe63e6d798fee1d7f9,dfd7054914ca547d261c6f9cbd2e015145373af3514794b0e7453dc45f903a8d,16debd01b8dec98cf084be3e5287ac812f99b51ecc50e491f8a03a13a98537d7,025101d53524bcfaa1a2fd45ed8972e6ae1c00e6df699bc952f6012b73a0dd73	0.602	1
tag-context-072	880c4ff7dba64cb1f3aa167f9d4a9ff430e822bd0a1fc1e872ad3a315697a1d6,b9f08b1eacf684f142b60e6222ef6aaa8041be6de4491955da629b631cd286f0,1766d00e391901bbef77c7c7169965588271c7c5481a60d80542f8d13d004b63,53bfd9b4db68f0d403d2756f82a5486089cde06c5ec15378c97341969d2d6a63	0.68	1
tag-context-073	406f86a758ebb5ad9f325ff44af0bb9513e5fb32d7512069c5a161f51018f02c,34c452d1f740256e223c1c0c663f779a506ec90192b8b1d533a4d879c4a92147,1cfefc12c293383a309f163b7a82c959f8b0c45326ab91f15806b28f8607a541,f28f9b6c9d76c995daf55f26448c949fa63373734de9f3b8c1d4a4fae1fbd81b	0.509	1
tag-context-074	c98c74709c600aa950935aa2beaf7ce87ae324d0b5fc185ddb5da0bab11563bb,b00ce6fbd454780a73a50e6703887e34059357b300002c9d1db98e2763d688fc,2d0891c9508ff0d7bdabd50fd43063a218c5237b9e630cce39b0a5e3c71a597a,b1957e38e527528408f538feab5e4b0dd413822e359540ba585e6f3052da4a52	0.49	1
tag-context-075	2a6c02b312fd8863d4959606b341c0eb6a18445b32be1da961c359373147ce3b,e088a6004ff49dec359b61026a2ecd3d5b2906176c459e1bbc74359df0392831,a1f69d0b1b32037770cc40b758f387fead8c4bf0d181bbfedf77effdd88dbe41,289533f73811c93a04eb3d6b8355a585e63a5c83dbaf2d33b70dd0dff921e6ab	0.631	1
tag-context-076	5cb0f8e0041bb6be1d8ae0462121c3397f1921da21b8c929826bc049e8fb064e,03e7a55340173ef34b8f9c84d0d8c77ba4ea89f595a0a72d4a752d3868c0d10b,d721f97d8a7ab72cdd30581726ba7f5702228dad5fdc572f6222ab4bc86fc353,090dd89407182937775d0accae989d43ceb769f91a5979fcc834d037e9aa1ff8	0.457	1
tag-context-077	f31b9c81fbe1023ce011afd9431dff55a5c74040ac96af4de766a9c84447f134,0bb80ba68f427ba9403ac2a706b0756d67027dae09addf58f3e5efa62fe5b8f8,2350cb739478f0a2644f38c934ff8d8a52c364c34434eaad60df2bd54ae50ae2,5ed1171589f0ebdcc7f7a906ec65329239fcfb56534fc1f367d7b8364ba26c53	0.545	1
tag-context-078	95d9d539e5a562a4c07687e9a5a61a7a56f350f3b89974b965cd9fef9dd03cb4,fa33031ceec84bdf49d5475f1db1ba9d0b9713422ae06cecf4f4bb7a0e8db7b7,809aea2b38a4aa82d0f16fc15602a434859cf2583b049ac3ef30260ab18aa288,6776875847c3f9fa23bb30831c216299d5847c153b5da90c5267f8082d7bca84	0.478	1
tag-context-079	05465c83c297ea894ee2374beaa00a5dcba86089aabd21bed6e72eef81d7420b,8217600e5ab5c5f961180a4b260d3d4c75f51575dd824260ded8e34ec9fbf1e9,c0c93bbdeffdb831b0891f67dd345675a6b4139a491156af76a10d0fe88704d3,941cabb8c98c78cd777a7ad1387fe1c0f29824a62806c648970717ee87a5fabe	0.457	1
tag-context-080	a846243e0cd59644ddd3b5e7514491d399d59e38161572db343e15a976c6adcf,4e611f365717cdda7c0f16a30c0e0b0fa2944b022add421b92364f4bb598f117,77250558daa79869e43913891378518ed9907aee7ecf58d63ab51d142efa28c7,00db9c556b0038c090b044f9e90a971d41ff2170c6dc2ec8c78bb188b32fd13f	0.511	1
tag-context-081	a56465a5c8dd3871747067b765eb4d55794f50a8c49abc91ccc67d17701eadf0,3222b7e2b20cea14616464efe87ed5acd797a9a9e8cc5d0c2a1fe0a5d22d36fe,455f1951e0836da6dcff742aa325f8541f78d10057dd564bdffa019f630ddf15,536c19e766149ecdaef1611b1d94f8ab0247599545f64f6886d34d2045e63af4	0.53	1
tag-context-082	839ba42e4bd668a143fb78524ec15d05d39841d3c3da341309407d94fd2d3a0b,44595872ada88763cb657a7edac23f893046184c77b375928e3f1ccc436068f1,dd19632c764e544865b142f28ed0a099c400112c1419f5d71e36377857aa4a3a,70d9435755409fec2c247ca74a7761701241c54710da38546b82fcdf4eb44a5d	0.791	1
tag-context-083	5b3d3cd6777d98647610bc249c04ecc8f643c5366733aea74c561eadb108f94a,c5278435091a95ba878da060287c9061e10c791520bf7176f86d0e8fc3da4bcc,11165603687c7572d84bf307b78d83e3a1e13d3e965130365328ef20d70fff65,099ed3eef9bf0ddd912860f458522e8cbda15d00428670a5b435367f21e509b1	0.711	1
tag-context-084	f4825b837e6886c42a89c31c00ac33cdcc6bc9d6c834528f2e2a3fa8ffa7e4cf,35b0864d49296e53d0772df821009fab18487f485a57908e3a49447ee969d53a,6a4b3e0285dd4c88943737ab2906cf7812161a506727dd150bb5dd5017e9ba00,01d3dcdf70e161fe184504dce35ea18a2d97f293e71a6094d24d62de0fdb78cb	0.481	1
tag-context-085	726d799cdbf900a144fcf8be9e1e4becee92cec47c65641ffc0240bfbc368d36,344753f0e2fab40b7f72ed94cc1fbc2ff930533d34e2c8ebd2cd8d7993bf61ab,bd9bf28396ae90f567c0b8bb3a92556241cd55d61b77004a7276d383b58d5842,85964dc954c3ef2d806e4e93b9b8f783f09027355c82c94710de7ae39f8e1178	0.495	1
tag-context-086	51b96f8a06c04dbc1807758b6a5bfb3b5717d3a4ddc5d88093b814c41943e257,74a4e174e51bb0210b78bb8a1a25806f9d46073974fe6e736ec5dba853def8bf,552e1476f2e74a328df5ad1ac40546ca382de4d9495282eeac62029e2c5921bd,459f171ba7d2e338d63f88936f429f6fde40793be553c48e2b64f6809d7d44f2	0.51	1
tag-context-087	7b25b35eea0ce59de05a0a7047da193e9c57850ee048e5c63a267e6bda6f0b14,500f4567cdfaabf5952911c171411715bd0467a7b624821ddd4a50b527cbc296,30ce3e80fc9c6714d42eff0e43614f08b53303ed8815c7c84574c597375e7840,0b29869228e7de7e1e07dc3a6b113698a53a2d09764eb507405395719c6396a3	0.562	1
tag-context-088	84b858e9000dd79969682d7307833e936a86a0d40b370d329cdf588c93773e3b,e32cb6d678ae0fd3ab6b5da50f5d501a046a9005e14cbfc68350d02119fc5c03,990632f97ab425963e9a2bcef23801be9d6f0e10d44e3ccfaf34950a581115eb,d3f1dfe2ea4f9ad9f19c85063abaaff39f820311d46d4a15b0cb2235c69c9edb	0.485	1
tag-context-089	86c8538a865e89a990a7fe51f1b5620fa3f2261f48bb5ca7997cef6192b01e8a,4860005c3cc0e577c2ec7a7d7497c2462f56bb213bd110710d4aa24a49157543,e28cbd330089f0469029ea74d546215d8e39a72b48273f8c1b63929fc16c05f7,7f15bff1b5e4c28fe23a5b62784a759be0e4857ca8e15a259da030e3545bdf22	0.493	1
tag-context-090	2593533527b2734c8e2e7ac8de5046de5947532c320dd69a8f14f2a6a8d977e2,190832519ec5527eb84b4c11ccfbc03be6fc29f22a2349246c62636c69e47e30,ce36ea6d146aa391d8f27e9499f5989f6293c3dba86723c41c070b5d7438a704,6eea64f68bc29192615b577be3da37687832ebf69c475730a02b40912a0670c5	0.502	1
tag-context-091	b5a33bce419ef2341b3c953f19d6c0d3c11eb7147cbe1091c08996a7379be843,2a641e9559cbcbd1cdeed9912e97f26b22033514ee038d0ef82e1331d5af4521,1d6f5712f1c5b782f2231d84f534e9721df1bb4f8ee7e02964c8337861390629,35dcacb3643b15a4758b78f69c33952acaceb21e4f8f4aba80fb40c1fa0be49b	0.436	1
tag-context-092	dd8e794af90331748cd6027336541ff257e793aef7bad418df8fb869b2606273,5138e822d41e4afaf4a29c1171f6ba13a9cbe21643b33495e742c74ac538c1fd,b54589317dd6a5ffa7c9c48a47f2f8161986209190faaa702c0724291253f348,3fe0f729d33e752f93fe6262fc88740c0f3c0be74e0e907f1e6f9a4acc664141	0.438	1
tag-context-093	1b136d5636c4b3f3a15c1130063f694ebda01261d7d1ecf4f8cb7dbaf320533e,022d8254ad6914ea9b60376f2e5e85e2ccb729af41d12132466d95a728f522e8,feb522686f2da2cca071e9f245a180654f41920630a0cc7eeda943c7a7b4dabc,56c3f54e493cfd9500abef47d9204236983fb403e87975c82d1c29030a3ae152	0.471	1
tag-context-094	8d4ed622bb1c1c938599df0b266d476448262344b20761e2617bbc0190fc54f3,c755bd8a28675c2f6d3c7aa438601cc670f3f08ae789bcfc877bff205779e3bc,84789b908c80cd489a97554d2f57fee0a4ebcc3354ca130c6eed163f943c2d19,86177f60d3564af929b04ea6be04fd308ea706a40c3f0a1767c0ee241e159022	0.515	1
tag-context-095	14836cfb041eccd1b3f4a63de0350d94fb769e72c3f253e100740edc477cd9c9,69b4129124a0075c308e25746594d414fd663dac64cf40bee9db72935c90a2ec,17a98b8fd1833649de1667f2eb78d6674f5d9949f02dfa4b554b8fcef4be3a3a,eb2d2efbca87b78aca98a1ea2caa021bd7e66b2c93acb0dac88ba3b1d0bc3dd6	0.551	1
tag-context-096	a059a5d72bca7aaa922f013224735ff8670a9838d5c253fcad6cb83ba1f2022a,78fc1f458d5c4b7cdfb44f5eed8b40093e793f2e4437475df9dd6d085b19f89c,3f448ab2d50da52b58ad5fde50e212e81e342a1f276828a69015398ba7ce9338,48ebe9d4d909b77749c40948cd3b9df5257eaceb2b5c7234e601b7656875a3f4	0.508	1
tag-context-097	7c4aca09cbaa42961cae6e452e3bfff9066c9930afedba366cb1564548f522e0,ce6fd1d8a2f15860c9676257b22fc2cec5e8b3340e21d91c7af4369f3b0f9206,40f9b8a811e91e1859fc9587b4d2db8c5a634dd24b42fdeb954063f8c49607eb,d8d882ce5db4f43f569e8602a1891c3c90628f073691da44e4d7a575789f672e	0.587	1
tag-context-098	d18ffa37e2c1cb58f89600728ada27d71b390411ff39421e250d04ffe4c04602,8e777ac4198bb0696342c64296fb40b59f125ca6426c7a703952208981ce2ca6,bae19a8d740487e183596c006511cad3d817a8763053037422a93f0ca92616fa,0fb23cb604f03c5e064f2b6b4a055fbd5cb5b48757921bf7c795ff0a1fc83782	0.507	1
tag-context-099	731fa9e9e9ef3fbe10a6bf7e1a35ee307d5984ee60e51be172ed16b4e6ec98f9,0274406442eb334fa8e24cb0d8ff861c70c70e5456340a791950a2d9538c08d1,ca8e0492ffefa992dd844b803ca5a24090e7273e825a9fda5f87da7a1c611c16,03ab7823baf7e34980f74e407e17537c1209af61c2b3d3713e872824c1b72202	0.464	1
tag-context-100	5c0a0840f8552142d47782c06fae4a30bc7a85803dd5a0f7e3cf75b4a183ae0d,da5be821bb79d822f411654d909fea3a6e382e1a2efdd11ee45f3b12e3499b6e,488dbca54498795ca51f76768baae84ecc2104f4f11f3ba724e673a3a92ee61f,5393e1b4308949287613b5df5afd6b822ac52d0f4d1805b943e3d414a820bd0a	0.508	1
tag-context-101	c43f780b341298925693c0558aa28f8eba7070b00c426fcf56e4ff25d39b174c,80ab63fc8fd85529511ce169c4e6f7871d7f86c2075362aec658243619b37927,acfacd4a0fc6065ee960889394d98bb223f233a3cb9db7f2c611cbf3730dbe26,24d7b3c41ebedbd4e5f1137587d50003a7b3f19db841b53f9ad85866234741f4	0.459	1
tag-context-102	1886ba90047a484578264163863434ce9e00ad046ab4cb726743c066eb16bfcb,124de9f2685d2c5be8ca8c73703ee9a0b3c19eca0c6aebbe9a3d7c6f61539ca7,8a1e16017d713fd6bcb3b9e6afc50cc9882b41adfe12154167ca0e5da15d8a94,82a4cb97757acea6b83353fa06acde6e88fd1e41a78543bc4d10cdd76162722f	0.498	1
tag-context-103	06be4173711f4150a86768109476f1c4c55fcf755b0c231e11ccfc4c02deed16,f72611f1351a428accec27ca2d6cace05b7fb1e8dcd85a2a2b8cda1d8341965a,1b3aee0f6475e04d24ada913ecbece8757832b37f575d8f156be98f7c0c2c605,613158bd4912e46189f954cc5e20429c3d7f92bbe72b4d7554befebd8541b96b	0.45	1
tag-context-104	d5347a60c331578b465b9f605fd15c3510c60e1ca1be40792132d303133ce8ac,7ea3fbc1e2c24fac7936a69fec4ee669dd232e4552cbac98d12690d0c0e0fd99,8abdd754cd52b0b5fafe937081aa1d71e55c9ec77e0dd9ee73151d5ebe3057a8,b86d5181eea1f873ca2830cf0be46a97fd9763309a20b59e70833a24bcf14bb4	0.522	1
tag-context-105	6dd18c07d3612250f8eb2dc379cedb66977e73820251b270f35e8cd2c1301490,45300ec3d7749e8ea0a4f89e19d6daad811d83b4b4ff60f8747cab39f1916091,c85658fe072a1e3daa49d016f733cc786b58628237f858b454a1ac476de4c9d1,dc08c88de440d7cd3cd4a1b39e58d359d2ef585ef1aa4483a83ade78a1286cd3	0.572	1
tag-context-106	9dcdfba6d82c8b78aeec21ca6db28e87e4e2330a3e4bbe08a4588c9e0b39f63e,bb74f6c24e9c0219ac82dbc617f67b9e5d47b950ae9e2915cc141408de9f984a,6760c7a6a1b24305669fd10c76d89945eeddf0971710634983f6acb21e3be1e5,e68f13fb0fc1ad414ac1fee47b8ad7638e2e3f907e483af33cb3cde8f2faa7f6	0.464	1
tag-context-107	b8102435366628ea44026cc08be6e37f1f141331c2d5395ccf35922ac4eb92fa,3981344d7170f47f9ec0767108d07e05e2be2f43625735d8760baad8fccb645b,e761ef2e0a7df8c78176789f89de131e2ee3679cf50ab112492541af810ea520,d81340b9de05c6e7d9e0f8a4072a8201b41e00f7491bc28948e0d19962a26fc5	0.462	1
tag-context-108	9828a4b554a8aed2c026931e7428aa5448870cd7b14d18e5ead3fac3961e4c64,58fdb872665db38b5d370e0a238d48ca0ef886361f7f542192bc3bbe563fce17,c60bf995900cccae624711bab2ab8cdb32062adc728336dcc1c852ae8965fb32,b717dfb5c0c74136df3d613e158d1094c6b1c0177a313736bdc6de4d8fee29fa	0.462	1
tag-context-109	b96b73d97ee0adb301e4ad793cce3def3c463d1c5a759a666d1fb8dc07c75fef,e985da79f743e258bb0ddd931714a1b1594a6534b7bb8d108be852555072d58e,4892343bcf3d9009169f3d59b14d13a9c5dea01390c76c811f942f4afff33204,cabcb54f497aabbb2ae22ca48f347941bad884378ff5a47ce34e4e0759b7543c	0.576	1
tag-context-110	d3dd3b1298b53657eb1d0c7ed03c3cce00b7b7d2fdde7c3239bbeb4b20ea1b93,36d46f88260990a3cec0dc9cc0e6051f501579877ef7770e6792e69c590b3a03,f91e5e701965a16906dde0f7b40a765ddd6c00c449175ee66107b86345b1a3d6,1e3f89022ef6929c0ef93bf64243525d6a4bcf14386d6fd7cbcc429271615100	0.598	1
tag-context-111	2bde4e34c058d1828bc0d7a0c94b9fa37340f285bb50969869e28b9e46890304,c37e32ced111954ffb6372310794df5d443c5ec287238b016124ed0ed2c2123c,2c4fbac42762de4c0ef6c18c97b6269f009d8ec0d9ef25824dd10a6a4d6f3e2c,0ccc582732b078e395208421486a397d276c6e825acb53268e3c3ea408b44db9	0.706	1
tag-context-112	d09c601a2ed919eab4d9bd607f82275fbc29ce523e9d790b98a5aff97b746ffd,dd371eb9e5d09628d20d7ab5ae9f099c823aed35b83924e01278f0ed450d4e1a,f56054b7079855b84d11cde4b5c90ecee4ff90d8b0fa74354833f12d046a7627,a0f36bace9236db9a85709129493e4a959e2e76355c6edfd6641b73e83825149	0.824	1
tag-context-113	f0691bed24896ddb6be24fca6b0517666821fc262fdd4da20b3aeb0cb47a194f,f5612955f17ff67da80bddab9c3ac1cfdc87273dcb4cf1ca4c8b3b074b66ceec,003169fb5a5c8d8e76cf09f0f5e2cb15d298d1729d3128aafd9a1b057a79a3c3,b64dd22730f5c30a4b154cc8d81114d24de9707e795fff0fc932e31e9ca92a71	0.549	1
tag-context-114	c78eccb52706a5e21673f65923f52f83b61f61a2cacab95816a4c07933174165,6c690a66e786811c2dab67660f97da7c4fdbde281daf32a69cff122321d82ffa,f8e497b77f55578cab1ae32051eb1a9ea7854a7753b7ea232abdb533752a3f56,47c26a758a9ccc88451d7260ec48d38e7e9a8d6702a4f1c766892402ca4d39e9	0.458	1
tag-context-115	4e70b94ee8f08cac347d2918d241133053c858c654e6f046248c0a345a19607d,7a5665e9b7257c51ac3516f4537f86ce65b77d899f7595c7ace1513c30c713ca,b065ef0de3c93447b4fff93c8d2258d0536e11e4ab5a19efb32e795c71ac8e3a,51540b8d759255510ff68087bc6d99e4c31a36e380a3e473c2061f080436d2c2	0.472	1
tag-context-116	99e0143e20b932443e9dfe0f059da8b5299753f8b4a1d7ecb52bda6f0e66da92,1a20d65b8cee1b62ac7187f2bf60215854b9690bd267a77963db77d6fab227eb,2e1492a2430b329f81dfbb78dde12f8cb14f5eae13f1aad792f49d2fcedad40f,872d6bc1b55f3ed0db3e150f6669f66e6993e11be2e6c18b71a4d6eec3758dfe	0.492	1
tag-context-117	0a78df7d45bf85e88e47f3bcc7f348887b767c41a934450b12f47f17376ecf56,0cf708af07b60cf42ebc8d7d2cedc8154faaf2aa964b4833d8390c199916adea,050781f7001e9552182eaa745c4f8b8f1f38ead14acb28a400e5968478468316,61a0f43d55e7c9bfc929c4cee7eaf4208e041fbe762bac0b74c3b683b588d8a6	0.478	1
tag-context-118	e6be2d10fa9a1589f39c6ea77f9e01570a4f19d8587d7ab4541e4ba2861aa0ea,00bf0d3c15633787ea53ede6f0ea112f8a59b6fbf1b75501b3a74a32c94a97b6,0798b1043863c4e370318c01c06691350f1a0c3617904c38f1a6733d2ccea9cb,0213ca2b9009d8654ca30a979f8f4249815da0d5ad5e8bfa564c58ea802b3da1	0.488	1
tag-context-119	13c6a45e31fba24872a8c7b7351dcd232a776a6b368c01fc9ca6de5347444f89,d68f252c1e08f585f487718584e6073598a180e61f4866cee85e930dd4203d17,70cb68a5474b9abee0bfacd1cd456a1fc7ea6ade22af34d4ca22482ae299fe04,b6192ee98ff9d9a40127fd77cde7311a46d85378db4e5ab5adb0377f307d6b5a	0.517	1
tag-context-120	099334994bb21778f84656bce3da2999781608b2ef17b3d4e67e152924b7d7d3,7b52d03de52fef7e9c65c250ef814f1238da41a4bc91f3a52d707db713ba3c19,b5d39d50d89a84a5d6e6a780135e789787e93e581ca56522124bea243de0b376,9686e0dddec7a5a65174374ac91b29995d4463ef0f544764d62189682dee320d	0.466	1
tag-context-121	471ee5f6b1747fa84cbb67304707638d3fb4d97056ca984ded6916c92bf734bb,eac9544c5b20accb217cfa3a91e539e7da20e622254658639e08ff9da2328ca1,a5f11f5353d1cf8d9b2a932c2f116991203a1fd89d2542477bc937fea490da2e,1475af3b844fbfd36101181e1135e10d0e631663d833b3df05106fe300bcba8a	0.512	1
tag-context-122	64d9a196433f77cb374e05003e78d2f56161ef1f57ee240e190fc2a535496f1c,f277f43a31add9100a8fff44d3790881b8d5c6e7ecae86c7f6733002fcc64bb3,60f1237fc0450b96abe0ff7b8bc734b391907711e5b235b81ef3449280ae83b7,15968e743b810e611be69d259e474590af0c9712ee8f781bdc403d51d02ce9a0	0.507	1
tag-context-123	8cfbbc5a02674dd01c502484b429e87230778d809a84530a37f45256533bfc2e,a04039acd8832a9bd440911a6a093f28f4982fd07b035eb8ca0381f0561a749a,1db5f5996032371c799aff18101af6a304233a7415cc0564fca55e79316a2ec8,7b2e064dc7571f9a87ac81be360712891497c907ffc73a1ffe7e0d829c823e73	0.533	1
tag-context-124	c55abfc3bcf88b3558030bcb6e7723489092037468ecddf28b778578d06e0057,3c0c63d51ac1481346489a4e29e6d463bd95d0894390fbea872feca377285ded,9f93097c5ce89aee77972fa77a310c96d9278456e35d376171a2e489b62c81ac,ec8c248db12644314c9d36d6e66f96b6f301f1447b3aa9e91b843441177f3335	0.555	1
tag-context-125	4e39e625e029be9dfd32d8fd829710802203faf27c373443a03fa37c844661b8,4c8ad0d998cc97c9d69144b3be2f5e0c6e87c94f0f854c78502eb7025fe1d515,a3365d72585318e53adbfee2a876287d7d92ef27556dc88b41331cc0de9b0df1,85163bd2b5a5bf4029d0fad3cf5f8d0ce7eb812cae66b3f92a3a91394665d8aa	0.465	1
tag-context-126	1f523aa582866712dcea7ca3f5ffa196f7ca41734dd914544fa46eadd2ddc967,110d6101727b1f0220cdda1eeaef8166e69e4e47be954b3c2f303ba738155ae9,498ddccd73f37d259a66eaf65fea7c531470ca819a88e1564df5468e4636129a,09816880c28ff7165b005e0ca83afa9d967f00cd6458e159f78c5f6f8b208e64	0.542	1
tag-context-127	42205ad0f3ac01dd77734f7fe2e07af71ad032ad65a83e207aaf9cd536c174ad,870940a43fe68e7b0149927038b72f65389fc6c30577d804cf6974590147ab6a,dbdf5adad406c1f9f0c9039eb51999a3a0f896223495a21bd580dc43d62199e0,185b223b9a468cdad86021bbb17f51feabd0de1c0a93ee12e9ac0e19e470a82f	0.524	1
tag-context-128	fc1ba1c6a52167c61ff11ee06d33571b46e3c816c02f297d929c9426d2053327,36a6dafed68369b6b84576db348eb3f193dd94e2db27cfb18c39c113c63058b0,d0921c438b356e6bd7bbdf9ae93239ee0df93a5137ecbeb0996dd3dcd200d685,9757b88cb7a1fe5079d367383e1d23c5ab7270bfd0f9ef4384b7f53b12441d68	0.487	1
tag-context-129	7989639db99bb9bfe6c882606bd7ef66d52a491ad52a66ee1e8497d1a2b5f526,9e61729312c401f6800cf02e805aa79d6f124d49bcab91fdfb2250fd583bee58,c978cb09954979f31cdfe574bb6742226cd7e83f32f357f5684983e1194732b7,de51d73c53d148b7febb3615f6ceb5d5803af15a7acc3dc595630039a41fcb87	0.491	1
tag-context-130	d4a3a9eef533d55177890adece0dece064480ae4a743ba2361d14d45cbabdae5,7abe9f7ec5473b7536dacca68e3bf7e3f6850ff1136ecc466dabd2f99229bbba,caf54153fc49ea2aaff1c1ddad48dbbee70d48f7ed46755e8ffef18a390d4c25,297238c3f39d8ee08b7721f5c5ae816568ad9047654ba41300f88371d96c9f23	0.514	1
tag-context-131	345d788a6c0217cf159748aff314ad5d7d5470796756fb62a291bd8498a1c1da,379e05f38f90acadacef14a3c52b0d988d046b3064790d80a081e39520c952a5,f702dfcd326d8b018f273bfa9ca7bd312e84d3ca1b5de0b39010544e67073ed1,5594c877cd3a4540f788686ebb02bb08b05ab69b40291df09d2328bed6e28e28	0.516	1
tag-context-132	7f919c4b8214c48aaf30d760a3de53e1e240e452ab787052c7e06ec1696885e1,623675fd61a42210386ac6a299184e1ea69414754c64e2f68cdd450603403944,e98037316737e80486c12eae1e3a9f103165f38b67b4fa13ff055ddcd771c235,3ebf7a5a782023a229343a7754d77c676f9c2fba208ccdb3d72e3c85462ee467	0.558	1
tag-context-133	22034eb079e1f59af45e2edc865f42e3d8820f5ac71ff4748f7f92333b312f3f,d0e8fe4c0e71ab61eaabd8d34668d1ca9a6f4e07d633270618c9a923b605b770,396a61f80adf4cab5bc1cf2ec0b672f15a13b32e6c9078c7859cb2c863f9064b,18241ebbba288f97aeb47ae535ab1794142fc1598c7b9be603d5a047920cdd72	0.709	1
tag-context-134	195930ab30fd21d70d9779452a3efea5e708c0f9978735a85976406af3450aea,eb5dfae52c11a882a16e61fd2720305222f52f4314a3595b7909e7425feb62d9,bfbdc4ca76d846c30b26c7eeb6443b72282310c6280e16e3584d3d8cf1ed4ffb,436950e78a13d08fc641956b1631b6ed124bbc7003332f402f019fb20184f216	0.59	1
tag-context-135	a94797fc2d44947f9e8af1652ff9cfe6b7978b0c5e9ffb93c5f877b4f3833f3b,48666c207d8396e680ff8f47323e5a932f01e78285b716bc1756e6c3437c187a,54549c9ca83c4ad9419cad139f72d07f83be06833376ea403113b939095ba85a,d72a6b7ca86e1c07a8ca0b024b3f39cb6480a39dd6a08229bf944fa22ae504d6	0.519	1
tag-context-136	9fb26e60a7e485d92b3ec23fad56b0eb59e8e47f284c7409d93aef28617ab005,a4cc533d8d13c82d3eac100b4d3957b0e57e0573feb19e2f36c27a956b546b21,7841385bc0b34e2de0bbf27d40c9145f8146e206124c93be3db41ebd7fc3903d,95254337a57c319c0901d7ee213ab01865a00a459c6879284c09a8fd82137448	0.513	1
tag-context-137	7663217e2e94bfe4d2996593fb8bc6aff4f911ad0c1d281a1adbad44c17e09f3,a5831223562b551940344f5f2e1feddb2e078e351f18e2c7be298995d25edd09,a59da98b8453602037c49dd495681d1e9e6fb4393d6c8e22dc5a8d60e31777f8,3db7b047c4bc7422c88c9760ba7578508f4813e2deaac4b531dbd53bac26e6c3	0.621	1
tag-context-138	8d07e09eaeb6beb21f1153bffbb2c0d70374ddbef71ae653976316f30d0890a4,853bde36f8a4446d1e7804a9bc73b3b7e6fd25461eb062221af02aa57d01f7d8,ac69d51ced18049c581f15305fcd40c2601d6b0cd9c4ad8991b92ebfa4116cff,2c900f77f829cdca7c1e6e5f236f6fb46e73957a5d0b978ad1c326745efb7dcd	0.662	1
tag-context-139	89a5010ab8e073aa683b602c31979770c9065408b149ed7d369cf7a92a9db9c6,27609d170745d5a6c1442250b5142143c0555bc632d8e896769b07de3450da09,41bf61cbc6a6faf59e54e7a227bf080b9f4afbc921dd700ae05bb7c62e615337,ed73e77c10a3412317c66ecdb64cfb9d71cbe205402c44056d8da8fa2e0d7bb3	0.466	1
tag-context-140	dbc01ddba9c1c9e40fab209003a1319c5fe6bd9c45a0c65665a10bdaa1fbf479,b426ac4aa1ab121dc970c945e2ae6bfaaee26f3f05f4f111eb4b0c74935ec0cc,eae1267ef001418ff65bc5ea9f391b746da392c43e7befbf68d8f2e2b9334a6c,f63f5f3620cd408b7db207cf81f58bc00ddb0bd392f362863dc30db71f8e0199	0.601	1
tag-context-141	ba2a33ba53af4196cd560d754c284c2453d698e5bdecc85c344a2120ce57e6c0,d3566c396688523e8dc20970e73f3b4667f14cda913e0cb9d65c7e560fa51299,b82ec7258809fb28e865e271b67185807816c842839d2562d6b6ac1a5df153c7,79963d463c35c8e172ea8c0698ae28555f763e7a05f1e93a3627119b4393713c	0.599	1
tag-context-142	eacac3b4cb0749026ffc4d115f06c52aaccc9bd5c1d68c29f5d9686f8e53b632,20762a1624b3ac4eeea372ab567bd5a155fd0b23a2ad911e0f5d575e443d8a98,8f333d18ab7d3334877cfa77024bb3ea2904d9676bdee79dea18d1a1a2b5d04d,70a72ec7faa733d74d0a3315019d6128eddc4722a48b014de9a5304965f1c874	0.589	1
tag-context-143	4515c98f3f7089e609e209c5e8d0e96782ac9e493b997ab6eeb44b5b165fd427,3479d3b4cd2a1c371a540166b1b31b88f6c3aa3d2aca9636e7f74db3257d423f,645ffd280b928f6053467c5347191c8c52e00b4259c58d64249314e4d8580405,c11f4fc1a9ac4036410c9912b1e696aa6808f8db13eadeabd57796cd571cb60c	0.604	1
tag-context-144	89588f762e114b8f17f177d013a9ebf41394d7dd78f1274e4127233e20b23cfb,cf35e87fb0bdb2def7e2d10264d64c7be8d197ff04b3b2acfe7778c1568d545c,506af5c029de4bda5807c14678badba0423c3a523630ee2a0a5d9c0394592639,84ac666885f0be52cccbabde28bd93991c875926eacdbcbaee6aefae6e8c6f5d	0.577	1
tag-context-145	4ea913679d4a0fcc25f25e2a3d954c8a5f3668a4fde7ca9911dda926e6eb2cba,1b430280bb9b851dbea911e505fe26654df3932b6060735497a1d0db2f45f070,7f2a8222c78fef38db981c2e86778f8ec11f394c786dacc0417d6a25fea1187e,ce464b56c6170653ce858102dd4a4d0a030a043479998cb8f7ce7a2ccd31e040	0.579	1
tag-context-146	c26e5b380bd03ece8e5edbd953303e7ff4a773a85902a35fca18dd15bf1fcc17,97f3511182c8ccbbdfb561f343dca5199fd15e1a94216a7523b2f5b2f65d091a,f7243c1cca820a919633179ab5137f5899a90f587cb16235febb48731ad1b77d,6a5b099b1423ec2d7197b1fb28af6d2e5b8989493f1df79153813ed6bd150359	0.5	1
tag-context-147	ec43f882a9c038a63844068fd5b1b53cb1dbabbf51c1ba2f2ec5bbcfe3605fc6,6738dbeab751adbb22d5e6bf0f73098e506895b15e5c75788e98d5db94a2d778,3a32b7e02639e5612fa11e3414c319c98955afef1480fa3a19ea9f5c5b97f9a0,f779b76f778347d4cb341d8647671aebffc9123eccd7a48a2efe3c50d9bee1d1	0.62	1
tag-context-148	6400be93d302f730e97d3e6acc74d981730264d3cf73ed0174ffca6e85dcc5c8,1ad5baffe02aa31bfbf8f728564ff28f562cb60a1f88e02963eb3933e606d550,5ed8fb6881bc9f0764ec290fd5f21e0f8b8c6a8516639fd5d304bcbea4b6e6d8,77576b3678db838809d961670e9fda5a1804b9b42a67654a69cc05f71cc6e59f	0.577	1
tag-context-149	0e4b52a489c0a02a70abd44ae8b6a2dd80c191d06d06cfdab44ac3496cffa781,c5c3b50cbe45ddde98c29ce4de1fd432da7ea25390082a14fd57b2cd0b8d5c87,e529e0caea79ee0fa3233bffd673161ea847a85db8995af301685abbbe788bd9,d5d5dc1c8f09e94d174627364ce2f9fcdf5636e9f9d3c6f6e25f0506987d3f4f	0.477	1
tag-context-150	80a22ab153b1c3cc14d75a0349c53b033dad1626a8b9874659a980a1b369d944,450400120959edf417a4f5fa7359301de9928d78c085d7bcc2fa9ac217d05da1,4332df513cc26981afb7a815dd4d9fb3cfe9f93c06a6d60d270088a3b0a60b9b,de4addf755b6c3975736baaf33d0c29a00cf2cda86358bc79b9bf69f125b4e37	0.498	1
tag-context-151	c6e10e5c7b9f12bc0d44540725c39fb975c2101c0ca1178bb0b1539cabb62a81,520394b7b9f97087ba2d43ba78b8891d336aa1a796ce6821760b5f9be5a699da,060de8d5458dad2823ec38af1e4294261e74521a27dfecc709edb4069dc4d386,12e97bfdf7a243edb458579d04e91deb48a23442afcaff4ecbfe11727fb09f0f	0.47	1
tag-context-152	20dd94e15aaeb7bbc22c99718318cae865c64a3bbd70f0e5327ec22f54e69150,9bf05bd137648af7e4f1dacc6420710da6c12181451b1c5adcb4d83e8de97345,727f9f1cd6c30677145c4c95948f7a5a9cffae3eff6ae8c8ea81ed53a12fc749,b5ddae6dc7d13c9f0d4a54fa1f0e2af54926cfd8cc677ff8dd920714faae31f1	0.467	1
tag-context-153	fc1354e1514b415dd27ab5f74fea87f267a5630c394d1afb4dac8ef2f70f2407,43c399c8d45cd81eca11ee833a22a10c72d2c0541d7bf073e59f40d5f347a3fb,42ed5acce222e8b23100bbd21a82617e5c0f42d13e5e2138e9d8c2469c74137b,d2b7c6191a180f7cf7f9fa19d82eef1b089cc91b8e5b1dabbdddfa9b4483695a	0.486	1
tag-context-154	50c2aa7e83e1877304098c5bbd7dd2107f0027988cc864a0691c7203e91e2583,38ae246949dade458bb04d0462a914421f2a4a9e04e21bc2505f7a71b1c7f4de,50fd98930b61fdc50f96ecc02a631670f919d1a487d43b4a95df89924ddd7416,a2c4049d0e6f7be50e3f777bb9e43038f94a1fbb3d6276da06b04ca60760a4de	0.469	1
tag-context-155	7db1d9d5f918952ad5dc94dae62da0423f9521c8cc4262df11e74707c6801db1,c13edf995d1773cc92517362036009550b71e4abfb5df1ba02adb2bb1473a1ae,7a2ac0daa4ae1d650dbd8f17418bfd51379bf1485f6b51caafc7e70bd2e52e80,976e894b390dea2854f653933c225f84941fe4c709eac056f4ceb3fdd667467d	0.505	1
tag-context-156	6f45a648a0cde7592ab2c06a69e23b6277d41d869570ec97ae903a3bb7dcdc08,f177ede1107bacc0cc9bf4d3610fc5c7f13e182e2796dae6daea4aae5d21d1cf,3f5266debb828b62eb5ff9199e80f5656aebfcf4a0be3d2257fe5e58d1f326dc,91a0900fb7636ae20d4baf6945de9379392f5144a001ccd07d91f2ebb485e6b5	0.476	1
tag-context-157	9787a4f78cde45350fa51ba7e874248b815c0aca8436261a016866ed1dc28e1a,8d3f0987badba27a06d3bb8ce99f44854d1c14d0936045b76f3d577aeefbde31,5fa2356c7fbccf5d09d14e7228faded38eec2c3d1bc1d87c0ffb3a7baf29d8c7,dff509a96f7542332dadc22ed9db463322042235ad6006c8b4de6d32ce943c62	0.519	1
tag-context-158	ae3f5569c6a0e74a9dc7f10d45bee96f10389b6d594090933ef976b4641cb0c9,a3ce47ffa49a1ce58d1602f58da35e243471aac2135258c948cee64640c68d32,5ebd0fd5f444fc800c4f8a0b2c90b04cbd3151d572bf932299a2b8b6b389c8b0,422a43afe4f0194428ec80167b0eecd6a369c5344b7f1dfc0cb2bad59cdbc09c	0.497	1
tag-context-159	888a3c00fae3c6a6f422a29b497237cd3b499512b8f74265749efc646ccfe21c,cba2b7cd979536c44fa1b55e49acfbe163e5b2dc4c5e2ee5cc4505a4224d5f41,eb429047488360ea05ce3b90e69997c12ade6552929624e2d9ee78cf0b785945	0.512	1
tag-context-160	1c6c1005ad7599304296725591d24dd27f0967da9b5290e9e2f8b66f98848ed4,dc54ca68cd5fe00c40cfc489ff35410831a2661d52e04c98301def35972cb448,60e06941cd4a78b58135befce2d37cbc02f56c0f225cf250e29e70252144a394	0.581	1
tag-context-161	de43bad45adb69a9faeda5d48b4de4a60168276402d23119275de6c9b3a35f4f,3596c56f4fe847917d60cb1a8bb58f73eac4f727e501289a0a3b0a97c2d3747d,a9078a5f8386ee781c0e061714b14d772b0a1f9538842c2d5c2a3be4181bee7d	0.448	1
tag-context-162	27b5357a25447cb2d705c1da5c318a9690ff4a1b42d0b51d15b9ecc089e9cb1b,e7e4359c3ca67d565dac5d8ba5faad4abb58f7f854af026208dafaee03430c4a,4495b24fcae3a99e51804369d1a29727a25fcdffe3808eb4dba940879b94f72b	0.476	1
tag-context-163	fb9ef31baa85f6e45c0d61a1d0d3aa2d1eb554e56a94ffe1ff8c19c8aa3a5745,90b789c917105c602f8e1577fd7ed49082f8cd3aedf5891cc397e96df9736037,8e32e9c070606b251e5f32a61a44044e89293378366e4b417d12dec12066dfaa	0.512	1
tag-context-164	1c09dc0c9999874788b328712004621fd918137797bd3346531c07cf1c724622,527ba144ee39edfe3c4c96c57d5a0d22db25f7b59652ca82fe70a9f7aad524a5,2e59ab249b0acc561c287334d0516a3edc0d09ee3377c1ab130e10033e76f5fb	0.446	1
tag-context-165	286cb23295aebe8e954a7810e8bb6f1d3ebfcfc2dc1ee684b609fb8511f413c7,55241106fc1550b0c050c3209df354d9883c47828f7c7709784d348be851d824,95f48eaca826bfd74055f07b29bb98fc4cc53beff9fc549cb4951fce5da18074	0.512	1
tag-context-166	872677746e2139af98294bf7d1546e9723db15d2ecbc098834e94fed777a5d13,56a788177798226caf06e5eb84d1350b27f69dbf6960b8292b011448283e3c63,3a4f094929ec8d54d0a03959cc4b57172f04bf36898ce86c6f77f5974176ee5f	0.575	1
tag-context-167	7fc000d66c27a2840839510f62745766b3573316a84265501723a80ce4cb4616,4614c17588833a919c228c5de381b6a4a09354a1d6c532c4b01db38cd5032a85,1404c6ab26cf7f2e10cf3c902e33fbc51928668785e0fa85b2459c434150901d	0.469	1
tag-context-168	d6e0303c46a5723b73c0044c2f216816d5013fbb5c4b858e408bcd0bf1ab37f1,6745474b461de2a017bfda76239a282217a0654c2a492015b47ee5d99d18417e,afe08d9d8b72fe8bd79506aa643fc95b99948c6c498fb3a6f21b96aef36b0c22	0.577	1
tag-context-169	ef644a36eeaaa4aea5aaa94d4e6e4ca700ed89c74541448e7a8628f345999adf,a7e2c3da0b5b579c2a1c0254dfe6b397158171bca5e2f6d6c96817d75f118c88,9afc1920fa00677731c39074063d6b592cd7930517fe2af65ac5600f582c9695	0.538	1
tag-context-170	6a471ed3306713b8a1129855bebc25399ce3559397c31ee81f594a1b4e7a3361,4b16fc48f09f051a5e8b3d24f7fe452248082f6d7a8409f688bae2e2b1190a84,65a69d3fe12bfead62d96165c376222bcd90529e20e43c71f0a1f459317e26cb	0.593	1
tag-context-171	20c9496dca0db05f4d0ee45eebf87ad3d68b96d291eb48508e9b6bde392b4980,350e7cd055009f52f2df28a44f5280552b5696f8cce8e543007430ba1da1d005,b4322924891f885986698f52c86328555ce926f9599ced951828aef5c1f8c4be	0.661	1
tag-context-172	03fec9a82c35e52f3543de49055fce1c3711b02b78069b95897f8cc4d3a8e470,514464a8d8e46631bf9acb83ad540354477ccd0ff05239194ea30f46da839819,4b619a0890f96a3d7276eb52c51667cc4eb0c1110dc4732bd0678ad4d02387b8	0.471	1
tag-context-173	85c6c8bc4f910df3fafe3346c96957a3cd9786060960d2e81b86099836f55c73,47418163c458c0b4c86234dfb00246f83dc8b044fc4216b6d6cad681d1a7fbe1,8a3d860c7eaca696594414777f90215ce322808edb5a0438d0f21dc27c60553b	0.509	1
tag-context-174	a6018d295266f70f2d4980d1312271a04e5138b55936cac90ff5a7e62a8c73a5,d67572b0c01aad9b33ec8be7c73d684ec24450ef6779b1403388b010027aa2af,b1d6de33d337797c730039b0edf7bd5f753084b795601e84a57d6ecb86f912f5	0.588	1
tag-context-175	bb34c5bfa8880e50c35097d983cae102bdbc74d6f0d06e9339f2cadcad33d528,e9bfbac85150e611fc1c2fcc30bca1812d6b2189e364ffcba134d1f7b8af267f,77d6afad624317829a146d95c1ae3e934e3bec9fbf353722b7ebe072b46d1430	1.015	1
tag-context-176	64c28370ac6e83f3d0bc7e62d25412537efd64709e4f8c3b3d67e5f60777308b,68472d9c9c7551b89f7e6b7962a9b32a76563b11a2d859c7001610b67620c275,954f81b83f8ae13ef33642bbcbdf8add80a6b2fe1070c36d12339dd6c4adeb12	0.892	1
tag-context-177	5c7c94002e9bfc2a45bceb7818ce7eacda53a148afb23ef180f61f4ffba31e02,4dca3a2438b13b20391e26e42778b2044eb4d760e0b387c3f4e0348b15d0bab6,7fad75e040d7e8b068b953106d09c2fdd2891f00125c67e114a33ba938419751	0.49	1
tag-context-178	7cbeed4f8a98599d22765dc99649b915b6223f26da17c9a102cb0b745624a8d8,b838f3904b87b3db378389af2e64dde1c517a2521df09d7093c7438423b748e8,be13b6febad23980006a5198d4bab3ebbf7afbea1773f1c8b310148e68b9b16d	0.512	1
tag-context-180	486a14720f81721a8e2e67bbcd230056d6102693403df424572e5080610f97c2,d87ac3c0891a327ad52e1f32c85cea84bce4eff763f3522b3dec2367214c7f82,bd63412de17871f21d0381c612e952d8fd2094ee2853904edbf8597d88c1f55c	0.467	1
tag-context-179	81f0a850dda0f6e72c76586dc9560d0bb61b2deba0b435d291e8a380f20744e0,a13c1ce5a72d0962e7ffbcd0dd5d873a7f579afeee69c8b986ab81fd857f4b24,a4510b2f563bf953b48bf9333e1394fbc1549ed0f44b892ed9c2d349826d06d0	1.099	1
tag-context-181	f036f3d521e9498bf167fee296f261caaaadb34b22e71aae0f4ae42d4f140491,a86bd3b1d7a8dd65a507c58f6dea9c2fa5845103bb8a7d08232a01ffc8d8f26b,180dafa331101bbd8d34eef4e50951ee3c63afeb9b3ab40c26dbb4b26f26adee	0.442	1
tag-context-182	42628c7e7a2f6602f244ce716a1eb23d0b88a681a383b83f538b12b300912d18,1b580ee164261b8637173443a62397e43aefd5ba3daead682cc0acd1ddfe48e8,117101972259697dab76bff7c1d9ce330714d20157ac191895afd7c32a02ce25	0.627	1
tag-context-183	8321f5112c19d8267d3388e0c44f8ff46e1260424ceb674789ffe9c477769daf,5391de87af7522982ee5b0c19efd7ce6c9d24fe3ae98f60bfa13184f78b3a07a,aa3e35fb94f7c212251b8f8df0ceb9e72f08a2a961fd697082f93da5a67cbfca	0.722	1
tag-context-184	1f2ebeaa001c1092373d76199df4eda32c3336f195b133e4a7b279c1d9c85daf,2b88881803fe3a50aeac6d1033e08cc805b7ee4f7603ac3f1f6d576109da431c,b68877d91568147badf008e460cce7e0b02e3e30ef7c7889299c91e975e888d3	0.48	1
tag-context-185	844555352047cae7e4e0070c386eb3e8283fa21f03ff202b43ab0fc2479d9e4d,e7f026f46802d7e2e88040a9e981cecfd0a31318eb90782b0620a3d642d78927,fc318a6222f2d3e1170366e2ce7a601c5a884d2efe35250dfe90773ca68a178c	0.57	1
tag-context-186	65ca5374f0e5519c0e45b8f2795b97c523e1f3eef1bc3ce933971266f848c74c,3001b4eda775519d576eb772b5a628e1a9ae4da5a1aac7b82b4f9f148ed4220f,0406d04773f50e02db6bdc7454f8d14959b340b80d04fb59635b5bf89c708c43	0.598	1
tag-context-187	b258fdbed6f6f36b773b5c0dba85c1d581ff71632aab0da92d90e0ce541e7b8c,a35c748d2c9b21f651be2d37f40b29557031f5f56c7839de77bcb3c1978f8254,e477c4872122d20632f99605169a76db81616054956476a3fab02e6197981714	0.576	1
tag-context-188	acae4b9caf265227082b876254e398bad3a0f19d0df4c5eee323b1fd0e20e0df,cf7d59d94fd83b62e7cb5cbde4ec2864da52d3ea4e00bbf3d5cd0061dca984ec,1ec8a8dba46757588ef5f4331fdcf10cc2a7cb9e76daaf59949acaf1da45eff2	0.546	1
tag-context-189	197a76b02c6c99de26c0ac19299cb58f70ac6eac67bc529ebf31a081d7a800ef,f1c80b9bc901017d94bd8de0b985ffb17f2240bd682e1c4b5e38306e8323c532,c613e8add14a332222d6ed37305652621a15de9aaf9a18e9542cf3194b5ae0ba	0.581	1
tag-context-190	492b5d6f1d82055c4c438970345339f7d224bb8ca08ecd7a5ae692206efb7755,e5de04393a74ae02302b7f0e5f874563840894a8847084c0935d3983a3146787,9234bd8575720eb53ea59a25c960e11a2b5134cc4b934015e9c4887285221e36	0.42	1
tag-context-191	d8b204b6b4eb8058178c4d96dec094f514e0bf03663eda8588335f3bd307fe62,1e4052f4118d54780a731ccba9070a897230c886d50f4961ecb289203a81e11d,de5ead78668368497d2cf991bbad11344585dc275862ff5936f40f1a85c007a7	0.52	1
tag-context-192	1e2d76f5538aca645995c12b8fd81ca3313ea8f0ddc1397c4d78ffbe83b52577,bdc9713cd51ead72898fe41c128614533721ab33853302e9d7cefa7f45488cce,d8f73d849c2cea3503baf880254ab889998bcea9e892a8803611ce6debd8351d	0.655	1
tag-context-193	cd582fff4803cdca41b007fa5d4bd6afdce06af8c388a8a3a4c517d2263e71ea,374827b607637f0dc2e59fd4c7192b039860596796ee48e38ff13e194935f110,d025cea98ee0167639e4221a16e16e42928f4ecc8aae980f698b233d517d629f	0.538	1
tag-context-194	d43bda1efe6b2d25e73fb867aca05471ea7e2a16e8d921be176b09b0e562e0d9,5dbac6915e08ccd31eb5801ed849f6b54960bea0244ae0717bd46f9450e8f3c8,537d8aea171e4a165910b5e265194be00fcdfbe851a3cfff6418b120da8ad6ec	0.507	1
tag-context-195	ba5c0e131cb6f060f4db1f488ffc14d8a96bca5510b80ee653c3f2be9a7e5e7a,326f62e0fbfa185916d1796a107ea3efd45cc3953441e348f85f7d176575931e,f6de0c0899bcbebe95003a5b66050a3ae37942abb956e94a37ed997607a2e04d	0.52	1
tag-context-196	df533184ea83dd062fbc1aab87e1d5249c33fa7a8be9a21d52f116c6f47dc2c9,beb791add819d0600944f444e6d6e2cef126c5f85e7a09e1c9898b75385595f6,3765cb876f186ee56644bba711ea81f0a9c49f2c7d9b594cabec5d10e778d1ce	0.503	1
tag-context-197	f44e0c65f8a3104b5a374a8aa66d7079b767f7931468753d2e49589f8f12a7f4,75be97db7e3fcc87574e18eab79d303f51fa2f4c4dc5f9bf211ca3c5849276d7,b252e71a89c51b56076b5e725d0eb422b1f55d452420127cb60a32fb0d5e65e8	0.496	1
tag-context-198	f797d79811f095933019327ccdb5f9913218484dc76ca46e256a13bc7c999873,e68a389f90b956ce7c0b21ae7c1156e80bc30ca7fd2558d8dd7f042a214c05c7,161d16cc43a4c715f6c4d0be5a57fc436fa3494d71aea827d4182447d897528b	0.47	1
tag-context-199	990557761001e24c710324bfefe1e9dbfebbdc12b50ecbcaad579c2cbbf4827f,f29d7b62f331099bd8f22e7faf8ecd00db165521dbf734c43d4e34cf2ae85697,8e97c8358129023f9ff2a8bc0230e2d8e1e5b1d6bdbd4464d3a284c386054ae9	0.491	1
tag-context-200	41274bf209b4d5be3d950b8758718dca81929a87cb37ff8de5329a4592e7ea7b,6e785867456a05a7e66d288cec2536bdbc5416233d179315451feb6326b5be9b,f0a39b04a483ce924f2713f5e2995d94ccf312fec8dd4fc466525b59aba6156c	0.488	1
tag-context-201	eac8f2efbad04f8b2ed0fae58496cd480cd673d3f3d559772ed1a5296aef53fc,df32ff1d9b7c01c0a8702ffd234fd865c5a3f87e972aeaa99836f6c3f120f0e8,ab5b5366de3a90b1f79c200361bf12fc7a6338d1a0046c67cda475529066662a	0.567	1
tag-context-202	93ea35c5d52f32fa93fe1bc3f8ec10917215ccdfdf6b3ddb6da5b089c991a522,864af20cc1fe3a27cfaf8761a129ba793187fc809b70d07d96ecc68865897161,4cba7d8637259d222e0148c7ec0d28c89ccffe24b40b132a7b9ff81d74a17ae7	0.561	1
tag-context-203	ce2b6b84527df3de6b5d9e0b8daf8123023f1833d350101f348c1582918ebb9a,93773283d84fc4f798fff77bd6a1a8b4e5543e19924d39875dbc3871fbc56bba,d1d3d5c89252b30c835bbe2c447a93acd1b96d0f8651814405c1b43576ef094f	0.438	1
tag-context-204	19cd24cf557cd4e9fb25ec071b440fc005d5b0a99c7b80bdf615232620759a46,9cfba8891be4339658b71063232cec1e2029a1fee22add857948c4a82fdc6871,d3c2e11b32d86f7a8a451646797062899ec8fcf657ab07e4414acec1ab04c1f3	0.595	1
tag-context-205	299cdfb5347e8ca7ab8bdfc069c0dd8589dca72d1d05f6e62658e3d4b9b4a947,c710f2732d157c88b91c6441916637ee950f3365883d47ccaecbc0828721072d,b176929dc30588405eee835301e8716dd10583b8dd155c53332cda22c9e901b3	0.642	1
tag-context-206	4abf2d12596fbdc01888e485ba47071c94c9c893b1705f821296ac83a60335f9,bacbbd992058e2a9b2aa14263a51ac7bfb063721241902c1bc9367ef74dcfc94,4b3c8493fc85e8a716596b2d636a8fcc2d147db46dc4685b7a705408c092eceb	0.432	1
tag-context-207	68f8d177fed371d6e1ffb78de8db05ece865782dee2304c581988cbd2290b17e,6abecc02432795e878848ae6386af10559a1f9a8b6de54ab03455323f30b4cd0,075e7ca5841a1eb6ea84d0a9af97ab9e2a3bbb57412b70cc54b66fb6eac34fd7	0.49	1
tag-context-208	21f18dc850471382fbce976601a48304d60d3e9d4e7248a209cc5c07dc790548,50c65da323e4b1b00b7937a0a459de6f2a44fc7af756d4bdd9c75f83eae8d9be,3976cd3026b792c78dd31016b19d00484d5a04bf8dd45e7031f57bce4dc32f7f	0.548	1
tag-context-209	ded7d6842f56bcbf7d7c05cc240cf398da1a5050e2b5d58f325677a017ea46f3,ceec4e436ae3ad1b2ca63a7b14a782426e845f93766f5a4adad7e023dd293d48,c8ce885d7ca23f7de97cd3b491699eb57a95ea95620410a31b88868237c37f78	0.629	1
tag-context-210	d6102e1bb191aedf26e792b564016a92c1fb90bf9c9aef534b7ea37d4ca8472b,a3d87b9663e4bce572e93671f22641757bc344178c48c240d294240f3a2f9ac6,982932cce2ec8978d476c3907859d8eb3d43377fc3d8413b4a41256aaf71b039	0.628	1
tag-context-211	d2896214e5d1310b0f4976bcf576ca4bc36f45d3335d102e8f5b44e6f878e819,8dd4c8b803ac5429673b9b02300c7212e151669936f413ad0edf93f8a8b02841,fc6f756807202d53085a9c075fc5f6fa35dd8eca56ea6ef57f3fecefb9264a3f	0.547	1
tag-context-212	0be232259c92f2602ae72b908bcc4d83df83c6338e1034f02c962bf704797611,a214383269341b1de6e74f388fb33c170bcf798ad9f9760846c824f6a4aed712,a0b967968edf77bb42e016a2859e61eaafd9daa6404c36cb3831d6314ffda50d	0.509	1
tag-context-213	7a2c20508370abbfb4dd1255bb33db8e7d05e295d9ee8d60e877376dbd6528d4,631be4cd979330daf76bf9a8d8ee9069e49dcabf4c359126e455c9e325620a0c,df9284a4328f16b99b8e5af6574a76101ef9d845e5e346b5d0bec0b62a74b2d4	0.503	1
tag-context-214	cb76e25c8d874a7d7a43ba65fa3012a9a29d27dec3df710f30d9a48acf122126,4e98f6ebfb4ddabf5e64183d5f8d8301b096ed85aaafb946a839e08f0d3eb41c,31df59f0e200e8ac2e8dac909385521802b67cac458f7db19d79b321c2d61632	0.518	1
tag-context-216	761196acab6981e5c65c36f98cf22669781072036cf31b04cf92270709da8250,c7f533a6569b8176da4c50a08ee30166090f5f95c5b974b90b1a2124c25d1c13,db9a5f28cd0bed3279562c6c1ec735c7e1f63ab48ab841dd5fec91738f8c8a53	0.45	1
tag-context-217	ed7b9dbe708f77d128a06633436686429d8eb92e03d9a7277f25201fefea2bb1,f55bb90dc2f22bb19d3c8130c3c42a335050b1d4982db05bc22a97c974e8d593,8e2ffa136f1010b225db80407581f633b08f4def6c455a299bb347b645d3a897	0.52	1
tag-context-215	74ce4c30e9cc9c4d3c146921900da1402d611fae6633919c485333ea3bc329dc,bae6a07c4a894ecc1bae754a0e8a1463a7b83eee6781127853bc0f94d14bb143,e7a8b079c6096d32fa2f04c9c83e80aa36cb1ba2d2c1940eedb9c4d516bbfcff	1.5	1
tag-context-218	b172965c373eaeff9b2aa25181c978c7d1311818ad4155c66879695a70d6ed00,1ef4aa0ded0f435e4b9bcaf1eb51488005e251358c520c0ac979e8c1896b276a,4c40f322bda36a4515bc60bce00518f3755d9513468177aa107c796cee033273	0.511	1
tag-context-219	6a44c253fe825cf63811624a337876f327a6cb5a2034d13084b1680d74bdf05b,b835029f819fe66fb8bc952c65c36b068643346a2f54cb74f07fbce988bc00b0,e785dbd4e207569c4ba04eea753f6719f3d87989771a6ceedfa8d954452d5048	0.686	1
tag-context-220	ab797bfebc32186376dc6786c1e48000c7af8a0534b469427d89908ef4e96078,8ed0bf3bb0a10e683da7cf43ab2fbea7a4050e5bda1d250e495477687c454bbb,956e082274d71c49a3a3b089e1d629647fd521bb9fa37ed0a235e94bece50218	0.626	1
tag-context-221	dee2d9e8418d5ba29746911daca96a2b0ab63b11563b6579a01452bcd8880aff,d9699f6688e0c5a3e5f6ad5911634c16a4bbda5e59028b4280f59d20f317873d,dbfb9a364c9f448411d87e7f1aa46db4488b994414fab2edcf29bf816cd21f83	0.434	1
tag-context-222	f80326f8976b1b7e8a062f80cffc942caa46c5da819ecfff1404b374bda8801b,bcf3f5c1088e49f6876fbeaba6f996a0e276784d43bb221951844bcd90009caf,8d3f3be74e7a18fd852237c0156ad472e6792583271ee02e9f9f167d978c7f2e	0.522	1
tag-context-223	86b3b4514d99d373bb2834f9426bc1f208c5d368ee6b5959c6f6b34dc5426d03,45df9c555b25734dda7d80a0b73a96212ddc6b23b33e750febab3b5a28ca46ba,99b5330b8308b103566505d1a089afc4f9f38fcb73183e75f184d8e80321c71c	0.464	1
tag-context-224	e53dce73a88d3d488fddbfe9054c31bda806911b62bfccfec4efa08c1e3f53ce,fcef22d41c670e3558a78a524de0a49a1a2192b58560719f249683ca4f67820b,678c36a3fdb094cb1de58cb944a9e42fba7df4cc1b975aad73413976587344c9	0.673	1
tag-context-225	f197905b7a51970a6a5574ebfc63fc8d0442f944cec69f5981e262dbcf66a069,9bef086c0a15f4f1a5a3ce7cbb9d1b09526a1c59dfa14e9dc9839bedb9bf5ae7,33424af8687681fe4fff5ba9977a6f2a4f6dcd5fa6f16dffadf6b6bc2f6c8535	0.665	1
tag-context-226	cdf478f265c27e09f8270d77a68febae82590fb1f3114e87c561a4a70d8566b3,ba2932425131615214fc60d9a4f52052e994f155d2178e840372510423e27714,2ad6b4d081bd02cdefe29188d7fda2999bd10c5e6f752dee9e86562f5597c08a	0.497	1
tag-context-227	3b0e15f26e6d23943c823a4e7c31de61e968252f84be0daeda6534b333fe81a4,9d2fceb7c69b6c4cbb133167d22bf134962c944b09299dbebb74e31c0c080bbb,9b700dbdc05bc49843dc7bff6da81dd9b69ccff082b39ccd2841c5d3dde03da2	0.596	1
tag-context-228	d0f8ab106e127d9cf95d5b261f9fb622d780584ad3facb8f396c8d9b54844ca1,1bf029011deb67c3783bee9729b42753d162da4b24dbbd59adbd2116ca6c084e,cea7212208dd86a49b6af04ee9380b1b968665247fed07c4cc09a82119657c99	0.563	1
tag-context-229	7271144d7e2878621d918b2a7a244d6eec142568b6c2c7c1ddf23e2f5c97863c,36387aba4266b6775f1c6d0934af5636b27925473e9172be5aaa917f61c5cf27,407b5403aa0bf14e31d00fe070816371f17edd86d44a798e40fa6c2c6246051c	0.545	1
tag-context-230	5c51bc3bca827b70e540eb3bf6909e3e1cd2f829edaf9f0ef03afeb52efc7c71,dc92094024899e4e92874be999bcbbfdbbc2c7575ae7eb487ca6f4cbe6e8fc0c,7c197209a9e59a7ff6e2fbc7fc5f5461eb0c1a273c35fd63b741f378cda390ef	0.537	1
tag-context-231	eedb3def722faebbce963e2ca1f0ff053127cb3c7153e47ffbeb410761e3ec71,a26687dcdedb307c000052112cdb61595aaeddf65a7d92f9ee87c7afce5ca2ad,10febaf385876f7756d0160582774740c935b5eb17bb64327ef5cfef81475886	0.548	1
tag-context-232	56eed87a03ba966599377e7a886919009b25744c7f40c107db5cc65762d37772,8dae266dd5001e2ba81e3621b1181cc2363f37acfd5171d40db5f600f60a5b43,344f18f6176e2b7685c5c2a7f0fc984a282add98194ee1bc1c6be7db4a4477d0	0.559	1
tag-context-233	ce8329f24288ffcc67c088babd68e8f9752d247a392150c4df165150ec7700c2,fd09becbe9700f027f0e312fded9fe6f555394b3179fbd4efe4dfaefc02889e1,2c237b4d02112437dfe76f2fb97601a58166bb2cac38042f843a0f16285530ae	0.437	1
tag-context-234	1d708013cd4812d5dc076ae5d99da04884310586c561d9b3c1d13a0b40de9e53,c05e5c138757049cc1604378a6d369e22f5bed90e24313d2f6ab61a801795920,d1dd87eab6abe67a287e45bc739b10e5fec34b7d6a645cd0fbbd124e3f6d5dc6	0.447	1
tag-context-235	e34decb5ed4d16d72e4496ee80c33095d3f029baace319c5337cad295dbdea19,334601a148f671401c9c42519b95d4397938459af37ae72d22ef913af6d46096,30e03f7c7ea1ba1560a4c6a3af8bd0d2f11ee979b351620e0dd540ce918c2d9a	0.513	1
tag-context-236	75af4bb6cff0e3315aa8fec3ee07ed99ea270e3d1213e67a4af3814e71d1911f,c6e3ccae34f118df223975043e1aa2bd30208316ca9f7d68f309e28b14b5e11b,d7c318a32587c696c49baa7ee01d2b18c2643eef1b6b3a986ddb1c2b0e431cb0	0.45	1
tag-context-237	e96d8a5a6a9035076ccc7dcc7611af014fe848c8a5b447d7a9d3b7305e8b0123,543b5dda23ff8e9388d65da507330c9fe463749c6e499ba96be78f2a40186913,b85e00ad1545e0b374767b08f522bf3edf3b81c0f2768f0353485b157d7da329	0.485	1
tag-context-238	cebc1714ca69640bbc93dd2b23326e5de91f237d72d6bf4f29efdbc1d0868101,fb1ca909598689079b38d55cdadb8c784c8ef2b25f862bd3423bec712042a0d3,cda1cc44a9131a0048c6bd2c585de8ff0774841a1069e1eb2b4f97df11bd2017	0.517	1
tag-context-239	59d16aa74c7d2a4ce41486083605495e43e3d1ad45b2ca93219877b7ca074b98,be7850cc648ffebeabfe2bd2bfa459036c779dd8cac3b43734e5c0a06a0dad8a,532e8c0b193095963354eec3cb265c28c57b3cc4233ed1f8c75f70f3426168a5	0.505	1
tag-context-240	f8a3c8d987c861d0c9adecf799d12dbc09a656be12432a05ee0f645660686503,addbe4c3b820d4304f284fd40f47447a0747e1ef62ad95e92125f54f98d31735,723ff3e8b4138c81a69eaa7e408b1c1837bd8cf9547486ec09de1ee92b53a008	0.483	1
tag-context-241	971693a50776a053418312dd3bf6cd11a0bbe2e2ab2c177310ce6c00a32777b3,f5b82defd6ea25a63ffc29847fcbb1575b20b5fb37dced4b76ec12e747a98187,0adf8b07bcf004265622a3c23472e706831aea0258e0b5fc8bddea430dee8ac2	0.487	1
tag-context-242	8d392407da6726ac01e144ccd3e9d41701031f0b45548ca2b8db7e23c5ca2c36,bab24cb463cf3f29a2e9e4caae4c6f83cbac44cef819d226df36080ac851f598,e1c7a8a3e5758628a229e7ba45b894d39d38b712a57e9f0b7a2e84777b1911bc	0.545	1
tag-context-243	61d216883ff1b930b39f075a3739056584209c50d9db7cd505ede8108da26a41,71bcd50f08e9fb92105b2e886910e7ce587a74eeff1c301e9d09f6af62aa889d,bcca3ea747a7d973f25886f63568cbd0187d209075dbd018d3d79a66166913b7	0.496	1
tag-context-244	47dc4c95a2503895a7e76568be43017e2f93543bcdcbc82742afc5ebdf55d19c,0fe271116a3692189b061b50701e3e9472cd6ea16951028e1b4fad97152b8c2b,940a87f7d94c2d51624acb3443312164c6c3963b2d8ddf7ca68cd66356049745	0.477	1
tag-context-245	ac7582daceaeda8be51254a399dd9ae553d2e65e01ca6bbb325adc7de4c29799,78a9e5aa73f45d9ece6f06adc00230c670794d8f96bc6a862241f19d1d814ff7,23e469766cbde461ed7cdbf51781d2f6b15c4f43db6342112e9601f9f7d870f2	0.583	1
tag-context-246	bb7796510314b3ba6c5dff71044987d688221920260ad128dde70d516356141a,38803f1be217544248c42559da9dcb43337a4501a97223a9c866fe7d7fea1e20,9d6a11d8f0a8e89029f2951c23fb194d869faaa5c4d1bfa8999b587c653712ba	0.533	1
tag-context-247	0dfb4c1973b97f8f7cf86aae1fc288d9991bf8b92fe9b52e5f94f07ef3d68606,740ea234f326f798ce1cd779dba750d133e595ec562b44d6bd5ead0b385d4b58,4d41482d604fd45c12e739213840575ecfc6d47172cb3a6e2315cf016e3e14a2	0.519	1
tag-context-248	6dd802cc318b5fb58813d63423cb77ad0c0418370fd8e2661d9398b41b91652b,04b2770c78c4eed598dd54ec20ceaebdee3a1b0dc148d69966ee31da474c0b02,9c8210bfca06ea6982c6d007ee30496da2f1692651f6ca3d6cc946cf16f57756	0.547	1
tag-context-249	416ba06e5bb7fbad9f8af3fb105adf2108deacdd247d99d62b2a1e20ab6c6e10,0b4b0439ecdec81b9448d4f63a5b2046d8b81618560a12be77ef7ae5fe1101f5,88bb4bcd192006e9b7db66c26d9b2e09637f9bca77796cef8d9f90b837ebe278	0.443	1
tag-context-250	0adaf56bf967a73676e0d4acd7acb3487cc45dc5bead3c7ea600fbaf1e99d14c,4b386efe9a7c01b0f9e137c381081a645b01e4012cfc80e87e09bb5a82aa8d99,1d73037f0ce03721253f9410a6f4cc5f0ec8f992dbd944e8f2130aada7591ba1	0.553	1
tag-context-251	99ee235fc0a489551e57a2bccc325b1c8af835e56356cc55b4cc058cb8b8ace1,34655e535f06b95cdf09acb1b41e7edce30074cb6ea61e3af8d9d16c69ad71b5,a755d9e72d1e7b5e8ef7969cbf184349f27055d8e50603e56972426a8d9fbe27	0.515	1
tag-context-252	5371b3e130398de6896954d67d8a19cf4860b136f7b540daee4bce955d8e28d9,fecfc0c89ae23f905e0bdaeea898fa27e616204589fa08f36d603aca541dc8f8,62393e42471a246580517840f85cdee6d2e1b95d8f90432244631ecc1fe1ea08	0.511	1
tag-context-254	e3f80c783971feadbdba719a4935c759bb0eb85c6a2e76a1e6479a409cd11e47,803634d35bb484f24bf3fdc55725c284aee7193fc7187bb89f8cba26359c5297,b6e67ab0ea253d35f15b1d4ba9d97b9b51c3d1675142b7442565da39ce578de2	0.637	1
tag-context-253	aa9bb8e4af89b2b2aaa54074f8dcf4cc2da55aeed48723f0b4179e638024426b,89407f3c21507b92c2f7d35662e53ea60089f1c29bc67e6edb6bbc58fcf68796,edcdf40089d2a74036d3f92f33dfd13e4dd3e24f9d81e93eaebd7ddb01daefee	1.037	1
tag-context-255	594b010c4a06510383b3ab8979b94c563aa1b6bb9e9352f96b756951c92d1520,b3aaaca9b3b0dca42d914b811c5317516d14b01a38b20c2b07791ab364afb085,550d0a022fb55fdb55f24ab0ebf522cebff72c44e12ba432c8e2022b24676e5f	0.621	1
tag-context-256	e0d0da54d16b415713c3e24d8ca7bec63bd800383d2a0f87b7df80353648325a,4d3125be01674f23e87822823f6884edfee6d61f828d1858d6da456ae64299c1,a485f335977e6facce2112335d025e041c70e86a9739d384c318a815f2193190	0.659	1
tag-context-257	7fa2108fcd24ca9241d936947410d4334bd02df9195d0541bda0d62e12dc1bd3,76b097157f1bbdacec7632162ba76e26dea049bcb44fe24330981c3c06c9618f,daf5f113a8c6cb7b0aea1d56949b23da1f8d8fe81527a70840dd804e0424ae22	0.554	1
tag-context-258	9ecd6245e46f902f3a1bb36eda9b40a593b8d8441ea2051f39974a1d5df0a43e,2da5306a11ab162e19ffc5f526ff8ae502a07b89631d9fee0018c1ae4fd010bf,082687a6e572212af150be51659ee0920db12254b5bd38adda1ad417217889ab	0.666	1
tag-context-259	684392a6a246da508ca189548daaca0b9150d32036cdc64b83a9ba555370855e,3e2d9a7a7b49ea56f1901a860104a88fab157f722b3839931b5f5bf141046b72,5a00d33756d07fa97e88cf4dd7d271763144484f08e34897da0b2eec071710c8	0.452	1
tag-context-260	e951909ee58202b9b7520f60c159eb64e3069d75c895f96e5319f1a0cd887deb,a231b2ab0dae41438390de04d57d7e93f2eb855ccdbe443f37902d6923e3602b,cae67c007e3575893a6dc467fa8959f11e12be4f44b62bca976aa5f124b9c512	0.558	1
tag-context-261	ffcfdd35b96735e7c3694e350e7ce6c26e5a28666cce33e4d1f95374b33c2d0f,cdcfc4a7b54ca45c9ff1ffb674cf2d14a92451092366e6a2e8594cccca68eab2,962fab1b83170bb5e3ea209e46268ba72d2e2ca373d3549f10b8293569ed9293	0.519	1
tag-context-262	f84889c87a76ae1ad6e30387fbde7b7a86497c6202322658a7a6b84f09da31e9,7692cabb93cbd8f8e1b493abe81432d7b6c9adfed857866e4b9c5ce088e0f87a,7aaa1dc9ab789ca464726491512f291633dd0533d05af0d258a3acb9c41c9b69	0.558	1
tag-context-263	6ee55249512c384bdb836d7afafbdcea751ac30afe9198d7ab671cabe348b25a,97567410d4f5fb9ef10f5473518ca74300f6c3d11be1894c1a358ba83f53eab5,a3c11f8af5a090123384a30f3aa692fa61be7f09544d08a2dda0f8e87441ecff	0.693	1
tag-context-264	28e15e176ec099149d0d26d66d236afb7085c76f92f342fd8a1b67181e138996,892445920c2a0fe4ba2f90d6b5befc9a8f389bd09428f4f695bca0556f8c8687,f12105f2c37f29ecf33a98c1250afc3e037137dbecdc9e91ab61acc7bd870763	0.565	1
tag-context-265	e827ca82f5eb5888171f5ebc0803c676b6f14dca139bde54a617920c3623b82b,9296b509e87648c6e42b51e3963c5019ffadb2d1546353d6eb5290baef73eb93,d871bf34e7a1fe7d581aa310f8079a1ad38013322a0c9f661c48af1a377bcc4c	0.522	1
tag-context-266	521df4bc8213485c6917d6de48862575d639b183e208b9805b92ed3414bcc955,4a5f99adac1649870644519b93053a9ee6693952b738fae66cc2754ac4bf1b96,f889ef313b0ca221f470dc5e62e03786ca3612c154045627886da934125ca279	0.443	1
tag-context-267	b422a40d5d5380fc1ebc6dde24a3bd232f3602a1745934de241c4335e1a5d80d,2b1207ff331bdde59f62ba22ff79325c6e3118c930ef1062c670f1d7838414a3,f6c5a22268800eb2f7255b25f1449f8542b5be88bde2cf6a1467a84f3e8caa35	0.503	1
tag-context-269	7bf7d44813e958b51d2b829437ea27032a7415e009b4be4d7d8e491de4b15235,c6ffbbb39d07f58ea7607628f1cd2bc1b7ce08e92f41e5fd09775c0f21bd7346,2eaa713c0351a9da6651c512cbccec3b78fb1025d7972f9a5b9545e6bcb22514	0.608	1
tag-context-270	a5c2c39421588425abeed3dfc891679f3d9ee1a001ebe21ae3310dfd5244da93,80ffbe7fc70bc9b44c5d03a9ecd6268503ac7ad33829c34978cd5af2a744ae8a,1bad249c4fd9cbe29a025c67f0f8a25929721c559f6abe9fef87ac2919999ea0	0.43	1
tag-context-271	53811c1a23857e3bc8c5fb16101a9019a6a25f19d75a251ae8021eabd4bd2cc7,8c12f0987faa58c09347f8198b5369687d798cb7ed5c806c0394c4021943feb5,7c906dac8bf3bbfc188d8f5a07bc0b21f85b8b98d7b88e0641c318f1c98f3d4e	0.419	1
tag-context-268	b3280f3b580f2dff6f5cbab40e7072c117ab506f42980f5ae0bfff16aac6c220,50cf787f7e79e12a172f1f6db53f1217ba8c1b50af7add8ab39abae90c3f40af,dc89e14bf9bcb4ff1a14465bdbf9317b920530c6cf4091f13ad5c0e41286a543	1.811	1
tag-context-272	9d8531dcac81860eceb1a7fe4ff82f4f984d42aa6270e6eab1e344953dcfa61c,1b9d641db794fc3270ba6e8bee5d0a30c74d1e35588846cc67e3963a085c1e11,91986747e741d2a17cb0be9b9940522effab48b43f6a758ed0aaeeefc5f4947d	0.483	1
tag-context-273	69f552d5ac1822fea7a1665370122560daa6506f55e807d883dd36e7773c8d66,c2209fbfe09214f0aa64338110de2c78204087421443a20b70cf389f37d22efc,4008aad8577eac804e8d77c80055911d7c613e5141ab70795d86badca04f6a79	0.646	1
tag-context-274	452b148788ceb12dc88b23077785528b1d2516d3b77ee88f85aadbcec1ed71a2,dcf19d1d9d76f0b47829f5d4b8a7c7e7a2993a383830e0deb109164e9176b935,534d78e5312023c0e7a934e4a8bb8084b50edd56cf8b3e9728b3b944f5900eb7	0.462	1
tag-context-275	563c53c3b1a8a6128697e0f832bd630de08d45b50a0c29c7c15db7554c27b101,8d36556ab9cdea4c84e6036b50ac87b0872e1f365c8178c0105b68e16504757e,caa37d5a8126dec14752e77c3f90ffce5bb22cc09d39b32bb15b9cd8ce52f44b	0.547	1
tag-context-276	889a58ee68ae8577d7041b0fd7afc1d94541cd64480e74dc4f0627a78c47354a,8f7bd107906116c72daa574d38a98b51e63d66139e7bb3249bf5f4fc7d367089,1704a11e4abf114c7caa65933f85d8484ef1dcbe1ca6161633c6a9c8f770ac20	0.475	1
tag-context-277	699089aaa2114d47f81557e187c183d341d79be7661dc3e7238683f0cdfaadbf,17d515bc343e3393ac3758afd3a99cb8e5451ffcbaecee37a30ebef157b03543,42c1347466a3fcb9a58bf96b9d651773bc93b12e116c9ad1571fa85964af4b95	0.499	1
tag-context-278	e176b22fbb20092248058ae60fc6e65156550c3d76575103b2e08072574eddf3,78a35612b3adaf3a410ed25449b83b38762e719b5f16592d0188e52afc19928f,30b284023e0cdfad55e392022c17c2e1bb035ac2bed6c828dda0eee7dff5f2dc	0.527	1
tag-context-279	ed5d61dbdb423728a2e62f0388d3c6e76b9417baac4c3fb26b4aa88ba8fd12a9,ed5d024b7b1a09735e052920d167aa8c9d8893be89ea85165ae2c52471af8691,8081ccfd7f953d65de8dc14b0e410f9131893701678c56cfacd37d46eee56c91	0.497	1
tag-context-280	89f138f5bbc9eed5864000623b192750540b9350155983f585499357aa241329,08fc433df5f9c3ceb719051015f8915906567c8b7d79545eb22ededa4efcf408,9f4d877f5ad029847e293533119974d3c81c77886bce31b32cc3aa649476cccb	0.512	1
tag-context-281	ec0981f74e2d543483dedbf53e880f12723e03525e9e4df5fd432c2bc265e6db,69e352e2a9916b5d43497abac6d34c652735a7b6134b7235594e297a3fc40a91,9c892d11e612ff94a6d3b3c357c32c3e3cbb466a91532ae02ed9a202ac40fd63	0.579	1
tag-context-282	38147a0166a745138b8168ffebe447b5863de1f2cc1958c66215cd75d9d05cf9,2b3852da3d213863da3f175bc4ae7e8398c64f00602339962c9b0748913f612e,4032a27833eefe4bfb61268aac003c93bf53372dc7b8e8e06ca54e84761a783c	0.652	1
tag-context-283	ea3d6f4d3c06866e46b803f821ea064dc1cfe4b59c12a0e3742afec4c547f340,e52d724cf85f794650c0d1836d378fdcec562fe8b1344c3bd6b107197fd5a140,6269e04388368e20cda5c6381d91d902304eb4bf650e0b86b0d00212072cecb9	0.571	1
tag-context-284	37ade82b330ad28c6d90d4f9c56b5a9620770f3b56fb0c0e57098a48b3c88a09,5e899ec2a3570044a6d23786bcb197c81e0dc705c2358a384facd6c2beb2ce46,3d40a6f6345f4c55b326ea034a3a5a8c40375215ab21423c260856920fc11a31	0.448	1
tag-context-285	d98276d185e7ff292e6de79aa9cea6cf29a03a93f5430ee62bada8a52edd1ab7,ef682b34e2daf4e43642c8a8622a25dc088e95c3d4b656c647bfb9afef807674,ebf5393bad29b34ecc16495f550a82f3d043e8ae9db235992e476f846b0220a5	0.464	1
tag-context-286	0e16e3a23263d09d5d2ea7ed5f159d662f12a6bbf155d47385079c73301dc284,4ffb1c1dc26abeb2ccc30cf683ca6fe7a691cd9070f93b00399536e7e269d36a,32144c7220e3e6da74d9d3ea5904ddaaaff25ca3c51640e1c2bf08afc07b2d8c	0.566	1
tag-context-287	3f02e0ab810729e71d9fb224f9a488ae105421d3b52d40743a2ded243c54c877,7eb35def6e85c465a8be516c86aff8c2f11a765fa39424152fef870b5ed2baa7,74bdb5ac5389c693ed88ae05f551f3f60bac3c7b160936c81d3251b6eb30e338	0.496	1
tag-context-288	7c014569571483819675229a810ee4d4cf7ec7b598daa15b6ec725d02bfaef7d,21f1a0b2f2a84eade7b847186623ba4b5dcc16db5d1f2a8b6a64a8c5b664c01e,b33e90deb18126b84e041e49b6ae3ab56c975ab62816fb9a89ce84e934e12c39	0.492	1
tag-context-289	f863a37bb6d8f2e6848c532e76319273805f168d25fb4da14c85945dffd75746,08cd6850dc48ae9cee7f498f213c05d8490c1a589b4421086153babdff479e3d,edfdd02917434e844a4eee38c13cb376bbfa94330f69508de260996de5b80474	0.499	1
tag-context-290	379e14456b59df71930a42d71e0cb7c6603a4d7877eaaa12cb712fc861ab9d04,7f7fe3b8d366f83c909ccb110273ca93dbfcca1df1be05d819a4d1d8135fc93c,be2b8d5decb75223b8db21215a798a675c0d5ca4585647adfc122d4534fea4e8	0.454	1
tag-context-291	32fc6b8adbaf56c7d2fc1c157ef5da54e48732a8b795f1b0b62db8fcb1ac4e78,eb350c62299650e0ad1595b88ef0167aac60e070968334167c9f1906029ac34c,15a5c711bfaadf58b6a1455ea239f7ce16501e17cd0b30d5f013df7612d64380	0.505	1
tag-context-292	de5518523156d85347f6a1e88b836019e106be0d9bb9e79fd5ffdcd400770213,2a54ef8f4caac73678c880490f7768541b499d4a6ef838f89ef2a4f3ccbdc2e9,6302e139b658e3490cbfb357906f7281eb81a03769bcdfe4dc6775e44a47623e	0.503	1
tag-context-293	365d3e3e8847b3609d8cde50b99eafb23603a85e0f6093c39a5441a98394dad5,82e479a50bad7927f6ce5e80c23c72fd7e82dca44f9b3bcce6ee94cb97e17a99,c93558c20dbdd8c2a440654dfe3eef4b709b396d1497040de346289daa336d49	0.485	1
tag-context-294	70e513962446558b6b400443c7a20a7e349ea7db6d895a11f0d647f67e728554,955ebf583c5483214c65e89067483c566ffc6dc4ce1930c6473db74c1f552d5b,828370ac1253174dea1e0d37a7f7b60e9e5d73e41940daa275b799cecfb50575	0.509	1
tag-context-295	ea8fa9ba7715febcf2088c216702d667be484174cf3c4d47ec76722317892868,0ce1d195fe581b42106c08408734b2efaed3e446e477f669af1748017a9d7086,9967aac09e48f7bd64e60854629182a96a1acd93cc60134c03c8e5f16e4166be	0.495	1
tag-context-296	91debbc5e468f597475dc13bcc0a3c6afd53031b98c8eefa8508896f4123cd61,c8a99b8d68cf29c14475b6772ceded2ee19ec6d57f6a48afc5b779d98d8df967,4d148d8d5fd71774a424694c9a049028162d4b78012f3505c458c1865d55dc9b	0.487	1
tag-context-297	631319b5cd1e5cba0fa0a15d21512a7f2f5b5a1e901cbba1cffe80e66933d578,46d1382211e7fb4fcc6f938dea1fc2c1839b91f6b32d753cfc419dde5e6109e2,5c009268a3b7bf9796690e90e8fe7e9f1cd4bfd1be4942ce1ed56523d652f23d	0.487	1
tag-context-298	e060228ac7339576fa601a92b138824f0e1d629477750680261b3991499890a3,a0d9a722bb09430867780c16afa32f58c9dd623d589d856bbf3c23012ec808ed,ab463ea603b94d18c37b14cb559ae09e5019c9a881f15dd7bdb5b6b878d5392c	0.522	1
tag-context-299	cd7830c32b1641d8401d6225de273b0fbd6038dd1a6694697a890311227ac745,367aea56d665ec9bec1698d2b16f8808a534086261025db86351f60bbe18abe6,4fb9184685dfe94ddf58e9524907433542b576ff61f392d9e6d71c3a23eca43d	0.467	1
tag-context-300	9aa1f4f0bb835b07fa7c443b39497402bc971b30e9cfcc1485eecb196893b326,5475b51c31b3ce2fd6b88a16bb5692b10d59f2193f7cedea4cc1f516850429e2,2af05bad2eafa07ab54edef615945df6e23580e4e128314a61bb41ef652537a0	0.462	1
score-popularity-001	55d6af685583a6f29746e09b1f707bea8bcb3a24b9e4ae46b70bc12c14135557	0.317	1
score-popularity-002	26273340753748f561a4b99813920d4469308984ebea086ad0d64723167b03f2	0.297	1
score-popularity-003	9d3c44ab8b96ce6d32c3648e0b196a8d22b72e25a4127926908a794e9cb0f256	0.299	1
score-popularity-004	03d029b474f17fde92095eb825318b4029b8c537843b763d23d1842ea67a5af9	0.276	1
score-popularity-005	a76ebe94711cc93430eff6a8771742ddbc16fbf73e4e445830eb2176c48ca88a	0.281	1
score-popularity-006	445de39ce81cded0f12638b8d5f792e0d434db55dbb639d73a2444ebceaf4bdf	0.239	1
score-popularity-007	d487d2d9857e03b32a62a62703ee41aa22566dca68d5f3f7a60a2900a9ff9373	0.251	1
score-popularity-008	a1147770ad289523859e677aef0a5f7e379a46c91810e4f61a911f7aeca9ad5b	0.263	1
score-popularity-009	8a9c8f6eb58034eef85c08be44edee9f1f6b39d529e2d00a3d2fe740b1ebce5a	0.297	1
score-popularity-010	74c590245f390478963350101521892fc30191ef13f434e4d768ed2b0027a92d	0.248	1
score-popularity-011	8406d2b98a84b89bbb09a3ae948ed4fd05e019ebbed390da22a0b92ba9a22925	0.24	1
score-popularity-012	71b049a27b1b1990b3f8bcd9ce5af4562a6d9d6f8012b63d248967b4cbb696c6	0.248	1
score-popularity-013	a513f62b953b33085ec7a9b912fe437af0f9ea752c7ea54e17e0d9cdb14bd9ce	0.246	1
score-popularity-014	31bbb647cd29b5c17cd8a9cc83adb60a2c40732594d06f8757d7e3b94a2431ca	0.259	1
score-popularity-015	df67f05e1f658462a2dcecd2a69b804811b7513e3db580daee269e8430c00636	0.295	1
score-popularity-016	f95188684018b3bd948f4f6fad68e0551202a9465c62afd0faa9c4a9bfbbf0c4	0.246	1
score-popularity-017	147b8f66066a63e4961f3ca41e37309ade2da0395bd54995d940b0a82b50cf15	0.304	1
score-popularity-018	6e610f5a868755aed08321f75835872405e2a2faec33b10ce9f6b57081f82152	0.258	1
score-popularity-019	e4a5287de994f05006f40044a3e4a15d48d41e82e1c813c885940dcd1ad406ed	0.251	1
score-popularity-020	436b1cb522b5fac54c641bc674c6ad1171cb5c6bf8c761420d63f2960e50bb94	0.237	1
score-popularity-021	0ee717bfd52df957a1e608a70d3442120dddcb3d961e8e42df17ce07eefb774e	0.24	1
score-popularity-022	a0861839ce387502af1010defd63c5ad36529028562f8561fbf9e4f83cf18e06	0.386	1
score-popularity-023	a2524749535e6c935a16d6d3ca7ddc3cb56519a387de6135bf5588a358e733c7	0.436	1
score-popularity-024	7e79a696bab9b8bc3f01a0f4ea95d1e4af31a5c1a5066b77170ce2c7e7eb8307	0.288	1
score-popularity-025	1367cc4802d6cb8692df99b6410b81c082a12f2363ab9929a320b276286aa61b	0.295	1
score-popularity-026	b5ad92865068e096ac5a2e185617a6b760be3bc07a27b103a74ede7994408f39	0.247	1
score-popularity-027	4af393139e8b5cbe1e48add3629c3412012ba839efab6ef655bf490eec400a74	0.252	1
score-popularity-028	187c5137b656ba6181c2641c0f81829b6c47162117bc73a3d6bbbc09749e9d1a	0.25	1
score-popularity-029	6cc0640d420d729c6526190bc6f6ff00ef8193d30c8ef339d2f87e29e4576c35	0.227	1
score-popularity-030	649e5e28068b91b7a2b3b55239421d3c0ecae05c5e6deea6c75f1cc937008a5d	0.246	1
score-popularity-031	1d173134b32f9dcfb13a418a10258cee0037c6cdd162befaf36be08441fe0bb2	0.247	1
score-popularity-032	5691a8d333af74cd81b14c4528e825a12bc22f97ccd0fa9cc26ecfe7ce260d5b	0.291	1
score-popularity-033	2f85ae237576e0d05e2415bdf9f88b3910ecaa5fd828740fc22cbfd7e71e3476	0.231	1
score-popularity-034	665d6a2362bb042f035b9b26666e4d19dca45e5092ddd90661975f3411c9eede	0.273	1
score-popularity-035	e42e23a368c1906a40251f70c45d5ff4b87e58230dc3a61fb3c57aece412dcf3	0.324	1
score-popularity-036	c558b377e1337cc7cba8b243d26e1e60f2166514714ea3275ec73f3a138be0e3	0.242	1
score-popularity-037	36dbbfce5eefb64a09bbbfaccea8000b0d9a84742bc5c9945ae759a81362cb6d	0.27	1
score-popularity-038	53572640621a157e702d2fcbd0b4d87a96bbde03f4f5b14771606ac7ee6ae9fb	0.28	1
score-popularity-039	dd177268b74e186f77d53b2974e64ffbee2b87aa6ac1aba30ece0e7a844261d9	0.253	1
score-popularity-040	4a62c5a912484ba9e262e866ae8862f6ae3e3cb0ac8ffc5f852f99a2599e1878	0.272	1
score-popularity-041	dac4afe81d52334cb88ec927cc06d4c3ed0798f401c9f34be2e93b8b1f6ec4ce	0.255	1
score-popularity-042	d73817a769bc2b3edb7fd777d10a0fe2922a0380c386654b337037299776fecd	0.259	1
score-popularity-043	e538e353de6374d71cef88ad84c12ddfaa7abeb2ee89aaa3acf2324e56dd01a6	0.273	1
score-popularity-044	6bc24cb2391dd57bb0133897fc5bf18768f7dd331dbe4640180decd7a2ef6d2d	0.25	1
score-popularity-045	be391a87c260b6244428b63e8f9bbb7dcca7cfb933621117ab3e72b723d81e72	0.25	1
score-popularity-046	c604bb36bb25b76cfd8c56bcb9620507a31f8d4d8e4c7e8b4b7676882bd54af7	0.282	1
score-popularity-047	05dfdb1078a45b8c982539bc03718f991369e0d4e2e7b617a3ff99d60ee0c35b	0.246	1
score-popularity-048	84e4044c0e8979abe98290ad98adb2fb5553b4a6b628159d3a15e124bc230832	0.224	1
score-popularity-049	12ea8fa850d52c6258151aeb7c941895b7efe39732b65c2a7087ab0d7c227929	0.317	1
score-popularity-050	659e74551ff81bdeb3c10e2babd6ff236a6b38b92c5b436d195f963d1774d4b9	0.277	1
score-popularity-051	46cd69258759652e842e50856ac9228ff55e8615190f17a91fbfdf012c4deac1	0.251	1
score-popularity-052	ffcdb30a69103438213a4def157a339e2d460de5bbd4b329b134e6a212e2547b	0.261	1
score-popularity-053	81e7cde91545d70ad7f714157b2c2990dd0c314c4b220578a6f563e3da7dd39b	0.3	1
score-popularity-054	bcb4b97b4903818dd17a722b782695b1199ca5910a8d37fdec6ceb4851ac127d	0.296	1
score-popularity-055	cbe22507efd6ee7f68776b3acd9f1e69f5556e6d7ffeab828b65dd31f227f748	0.239	1
score-popularity-056	cd01b2f8d01ecc2e8a4b80526b597cfab0441fe856b15fbedb505f5d2de324d8	0.264	1
score-popularity-057	0af681dbc7450ecab64e0b955942f2f3102f21cef2d20b70cdc07f554f4e8d64	0.355	1
score-popularity-058	2dd11fea944a74dacac3619f31037ca5a472d3fa6f4210cb5b3e3e2e99f339dd	0.337	1
score-popularity-059	4f51219c275aa3fac79894395ed5e17a279b374a88bee01969db9868e2c0e3af	0.278	1
score-popularity-060	ed34d8116ec00f3fb144d87af010b99346ff13ea0b7e81dd545b321a19949f1d	0.28	1
score-popularity-062	6f15ae738a580ab868499ef236dc26444097368392e24c952f10694c49a590bb	0.23	1
score-popularity-063	9f2e2734480a38500dd55c5a0192544f6e3100963d888f3d24fa10f46bf3e065	0.247	1
score-popularity-064	be535366b578d381fc37d33ab57d3ffba52d187735b900fdabe7dd24a60f32a5	0.256	1
score-popularity-065	3004989cdb4d1becd0f3d058a7396c3171a23070e5ac14d23d011dc200298a30	0.294	1
score-popularity-066	c25461399677aba08675017f7ea05fa194c1062457c39f2d75c0fae54499330e	0.259	1
score-popularity-061	da807a89fb87cfe475c071ee4d7a268e3bdd9d8b83a75bbe261a488c28aeceb8	1.51	1
score-popularity-067	0f81a9ea290f2311a5991715e99278193db12cc8bc68963331db8c52244881bb	0.255	1
score-popularity-068	5005a58bdd399b87578e093f4e0f012f2b11b22779ad31ed4811192436370fd3	0.262	1
score-popularity-069	ca499192be38a94653313c4ecc0e224d1abd3c3158c09fb639896da765dc95b3	0.351	1
score-popularity-070	69e0385885d47813efd3a39055e3df3e3a98cac387d490e61d3a084c4f9485cf	0.252	1
score-popularity-071	6eefe0a0013ee510c8d8769925dbc9b18f39789c8dbd63fd1b952d0ef0968427	0.282	1
score-popularity-072	f2cbe8e5f7be8702f70217f4237eb605cd2aa5301deef62fc45d636c8905148d	0.25	1
score-popularity-073	fba7de42757def6a432ad5d360e602568c14c9fb077ddc8fb9eef54d10618cd4	0.261	1
score-popularity-074	63c50e53ca270d793d68de924a03791f9d38a5808f463818b34c3e7218472887	0.247	1
score-popularity-075	ee0872142a9849e74d4eb34d225e91f7b369c117605f194dc52388e70bc64d6c	0.244	1
score-popularity-076	09fee248e8f8027a74ee837ec7b19c7872651d96df0e56b512fc2dc6081ea234	0.245	1
score-popularity-077	506184186326ad9d5ffada0394247c88e75cbe0716218d1b96b4e76ff2ba2a6f	0.273	1
score-popularity-078	4a9821e04da404ebc80f7516a604a36eab6f40635396325e5c6663c7e5aff6a9	0.268	1
score-popularity-079	0ed0244ec61b2a76817fae293438002290a95bbfb9293f0e4f14c32c933a5a46	0.268	1
score-popularity-080	368a8db4b6781dbda0e16a20e75679f9fd1c518bb88e5b747dfb84a4d5d8e695	0.27	1
score-popularity-081	bc358cf2e4d0a863890f8bf6f7c019a09334b505ddb773ac905b4b260299e4e2	0.262	1
score-popularity-082	63202bddb2d639969248d49e51c6aea580ca57c9da5fb58ce118481b54e1fc56	0.251	1
score-popularity-083	0bc3b09e2b89a0d56c7684cabe252f8b34b3d4e2171b8b97d292d25c5258fe69	0.268	1
score-popularity-084	9c1faf8674fa12f7fadb6cd9de7373b698de7ac59e2af1ef026f991dc0ee8716	0.287	1
score-popularity-085	df13084ce385256b3c0e6e54119f9a5dc0a976e2c8f9992f9ae94ad56ff77fee	0.308	1
score-popularity-086	7c53e06a60edd2276274ae13a26149fcc34156e1010ae1c73d1c180a27ab2822	0.373	1
score-popularity-087	d2b12edc96b2ce6f7cee4c422a07e9bf2f0bdced7664f6b0cb2dc58e895e5269	0.237	1
score-popularity-088	0e31fd7f3f754b433ad80e0c14625cea2f26f01110d1c1281e4a0db5a37078c9	0.245	1
score-popularity-090	93760ede32df2b5b7d5cc5ee27b5bb1df05e86a45da9b72d50281e33a5d7be37	0.242	1
score-popularity-089	b55c24c418c42530bb6563315f3919916f424d6b15cbca71913a008ff3f9e4ac	0.95	1
score-popularity-091	4cfa24ab7ba52853cea1fc5fc374e080b73fc80c359d0c6cd0304f4bb3b3e294	0.609	1
score-popularity-092	6474989d8953d2afd5caf136cb628cf628ea01ed49a2f61601cc0f555103fcec	0.256	1
score-popularity-093	9a8ef24aab4f8a7c62359ab43b8b99df7725dc050c89dbb2dc1d904bdc3bda7b	0.339	1
score-popularity-094	95b188e2280c8d6fafc07b134adaf7c8ba58d61340e45bde8d634f72eabe8541	0.255	1
score-popularity-095	5590684e2e19d43edb8093d068438714cc3d77f44456d673e4936824a35f2bf1	0.245	1
score-popularity-097	e5ffa2160c6b7405a96a76ff58487843a999b49662b66a5c70fcc8f5727dc18b	0.31	1
score-popularity-096	01c38dafd974fa9bca61afe85ca9617196e32c6b52c1b70a14ba0cb3a2786ce3	0.627	1
score-popularity-098	20e6bdd67716ca7dbe030a78b72de1cb3b5833325cb12f3c97503e75a9e6d91a	0.285	1
score-popularity-099	0a3a457fca4e42f18cfc3e7339f6dabc89a5a2a2e562deb830ba7d5ca56ddb84	0.272	1
score-popularity-100	99a8677946701b476e993ae2965ba73e9fdc12e3b96dea9e9174f3e42ad8494a	0.281	1
score-popularity-101	e298420f0f26b3ecd1867a3e13f4f67780fc43d4067a6988461f3cfa7657672f	0.233	1
score-popularity-102	866b4d158042f7cd398a564a7ffa0e6ccf39d17349a59e6595136c21e11a43ee	0.245	1
score-popularity-103	602910ac0835dc1c9c9820514023152845abce75a5469ce4aa15875daa13a070	0.247	1
score-popularity-104	6ec8923a3834c75515ca2d389d8556b0797060a6a9a9a055ad24f0f5cef25ccf	0.265	1
score-popularity-105	4f0b4a163cda7c8dbfff80df6c3c74aee528c8476211db1f8dd7418de3608a5a	0.295	1
score-popularity-106	b1ea4c99f077900ff11f2ecb9ad98e1315662c37bf5714415e3433b4de09395f	0.282	1
score-popularity-107	47331fd7e4f73c4211a214252b7323ce28ba14a794f240a1653762b9f382ab9c	0.259	1
score-popularity-108	495d2b0bfd15d303c59d74f171ea8e04a879b543310d173088e34863f8894fa6	0.282	1
score-popularity-109	4a8ce71c1a7d3d8c711b8078abe6f1dbaa460b763d9957dd2be78434a9586aed	0.253	1
score-popularity-110	a47872e7613fb058efaceb56cb57b24e1a45e9c7c50bf9cb8baf8f4f6db407a4	0.258	1
score-popularity-111	cc0cc4b9131ea646df61836fc61b227125fef44752e80da894e016a9d800ead1	0.257	1
score-popularity-112	ab9f719c55d4eea148a3e266a27ea2ecbddc22cb12d92a1ccf3bffadbd132d89	0.3	1
score-popularity-113	3743fce57f794c83e46f2b5c20ec6c0e920505c1d4bfaced3ad56eeda6c36a20	0.266	1
score-popularity-114	0d7b0e06ab66f2e9e790c8023ec32158c71563c591d7d7c27929a16ee4badc00	0.306	1
score-popularity-115	c531e9aca8e9f4f681485bf55c28bd70e4f0e43f320b1d8fb665478e7b442bf9	0.387	1
score-popularity-116	8acc5b5a0da0bc979e97f710b16c7e3d9df5eec69f267253e7805c8012db9ae9	0.265	1
score-popularity-117	af8af02d51941fe031f575ace5fc140ce463875e65bac2daf42151aded00ab31	0.268	1
score-popularity-118	6a75e67361a3c5c960b170c1c7dfc0a28543e5a4df316a3bcdab47ab82cf3db3	0.294	1
score-popularity-119	8493f7a5a4d91c5dc9e57ebf7917e2263ff0cd642ed9c2302b809a8d08ca22c6	0.288	1
score-popularity-120	fa8d2fdd12796e49ee7b6aa91be7455d659f0c4f28a4929c4065c7087e22aabd	0.247	1
score-popularity-122	8d5da76955b9c70f9772c173dd0ed84d10417f0276e44f11da09efd80b3c308b	0.254	1
score-popularity-121	a13d9c487e206be308c0c01735f9be049b579e97164607dd80f293faf4c75d6f	0.352	1
score-popularity-124	a832f108739a3db514aacb2c3771c8ac800009db4370f1dab4780473c150b857	0.24	1
score-popularity-123	b27aed58ab7cd25e43d89c55f9b92e9c0f5836c5c9845fae3368e2531a27f24b	0.401	1
score-popularity-125	e8540874ca7eaf8a3248563a3ae147927aa990153c623e3aaa6d603305a12387	0.283	1
score-popularity-126	394a38c7c1d64a33a64e4988a609db5ba500e8af9d581e33a0f2475b3a0c5141	0.25	1
score-popularity-127	ea124d3fbf82445fcc2585923d066e0b12e6b6a37cdeca9148b607265862914b	0.237	1
score-popularity-128	e80d8be2f2834e0e1e56ab4f24b55699f6c4b2904349612781456a0f24f7857d	0.268	1
score-popularity-129	27a6ee4b1c3663800fce0a83c3d80b118864ebdcd7f68d617feeb57e84ef0af7	0.242	1
score-popularity-130	21fbf8deb51aaa6c23429c9d28ea2109b2c232713dcbc439a263a5e2814f474f	0.247	1
score-popularity-131	ca44c26cf96b24710521a8218f1bdfb16267918650fdc98917fcecaaa5619ec1	0.282	1
score-popularity-132	cce270ebede596795d6436e91fc71fe87504f96d30b9d11428ceab94b6e325a8	0.27	1
score-popularity-133	ca0ddfa383cd00bc81deaba010c0533b3bfa60a3e2f91e0df513e3adcec6d38d	0.286	1
score-popularity-134	fb7b4683d53f59aa34c54ad47e5bb18dc10d892ecffdf7ea086b335b2732651b	0.291	1
score-popularity-135	8d450901dfde900ddf00e540383a83b21c3bf4ae6c6ead91e3fb0ffff137edae	0.243	1
score-popularity-136	987a651e1e0fcec8e6faf771040fdd38ea39a2db2838eb99e716cc5d5107deae	0.302	1
score-popularity-137	f77413dc36879adc52dd284e091d598dc727f95b3a50c0859f3afdaa7d6a4b24	0.243	1
score-popularity-138	e0b51ac7c17ee5292610c0e2843f1595152b4e9a79d555f2b7ce52f44d930d9f	0.241	1
score-popularity-139	f306fa4ebdadd6029f4acd211cb0edcc37973373ae8640faf67edb80e1a575e0	0.259	1
score-popularity-140	659d557eb036228eb6f87899fcf8c9cb847ff25c21ad2bfe98441c05d41edfb6	0.239	1
score-popularity-141	a8db87eb132837862766e79ebda73e65548b6715f6319deaf5f6487764db6c00	0.288	1
score-popularity-142	c8bf7c9fd7d266b6ea2ccf10e9b5da9401bcce6acdd8343f4c17b447345b1bfc	0.309	1
score-popularity-143	96b8d7bdbd7c4b5481469f4532420c5142422b1934518a2779cb01240b1ec275	0.249	1
score-popularity-144	dc46d58576f3ca907e48058bcfc9622ec07c04d825ee39c5872628440dffc7e9	0.27	1
score-popularity-145	67263667a8335d45ee8a16437c37f4cd067d4c0d9a8b9d2fc76558699097f2c4	0.238	1
score-popularity-146	a700935340311eb77b4f265db6870d48997749ab5828fd217a224a980821e943	0.242	1
score-popularity-147	3f15ccb18d7ea5f80040a37d1b43cefb0e3c4c54d8498e83044792d1346c183c	0.315	1
score-popularity-148	9ebf6f890c8c958e85e68817acf625585a5d5d4989c6d825629e099ded4a91fb	0.269	1
score-popularity-149	075ff1758924d1fb3dc0aa737f425ccef302c9c5547e38d45d4518eb153c25b2	0.286	1
score-popularity-150	df0b0b865dc6762230c1cf8666c88ddaeb609e56038291f3d0d905969ae18474	0.262	1
score-popularity-151	467b863317117c8693d8744e26a8e953d5af7e5ad4428f5ff4e78185159cd34e	0.238	1
score-popularity-152	e9436c735ca058175d069be10793b5b3bd91313f1e34a743d9ecb9774b619c51	0.254	1
score-popularity-153	c3405ca0188b8f0a28cb723f6ba1f2e6fa0fd14d0e0d0a9ec2e9c7d0ab8aa55b	0.275	1
score-popularity-154	3b706f39318692f77ac70e175839d5351c8f87e00113c2668aa1ecc547d2a4c5	0.263	1
score-popularity-155	4e591c16b4b381b4fc9aa04d322805adf7d8f2008d31ab7e570db066b6d50d12	0.267	1
score-popularity-156	dd11a1ba4a4193275441e8c3f4e41e4b979b5538981ab70f8fd139f4ad3e93f6	0.267	1
score-popularity-157	c04662e28bef8728687b6760f5a4d6a09a23ad720f027ec5b41fdaac61fec371	0.267	1
score-popularity-158	300b32821c36ef56c3721b237dd0fc60f085bb28efe003455fc3f2b3454d383b	0.248	1
score-popularity-159	83e594c19be46d385ffb2471823375359a3a8e5059a0153b838a74081c3e4135	0.245	1
score-popularity-160	89e3d80889e3385b24792f2c6c671d95a863cbbc493ec8103f045534757dd7b5	0.319	1
score-popularity-161	8e59dd2fd98fbb6570c529541b8357a31c8d95aeb6aafcbf148b30835ad7ab61	0.319	1
score-popularity-162	67e242107b4f0e380a9dcb4b5040b04a0cb31d8cfca73a9fb483b29590cd473d	0.384	1
score-popularity-163	89918dbe8f40b7f3d5ea5a3b0a3ae9be410b217ce0952f30621726a308fa6945	0.29	1
score-popularity-165	a34e12d0d50be25fdb524722090237058072f3c9484259d51b709e5aa1d01201	0.239	1
score-popularity-164	0d9e13b64107a684813efe95895a3558607f03d438da0af03a2e16c9b5261eb3	0.323	1
score-popularity-166	a893a9712e62adb9ed8e7407a7c33772db41807201991c7d21b8ca3b239f559c	0.254	1
score-popularity-167	cd554e8169718f596127b1c55d1816d51cfe6f7c6c9f30aeae065c073bbaaa18	0.254	1
score-popularity-168	fe36fad9357ff8382f990884ee3504cc417e16e0761119624368ccaa38f5eaa5	0.304	1
score-popularity-169	8ebd186a44df68c49ef4faf3e57570332d95d960a72213ffa44db957d69cc044	0.282	1
score-popularity-171	507ad51e508ca633a8af48e37b42ae31bd2d2ef616903c55a89d700fe7a6c9a0	0.255	1
score-popularity-170	4aa7235520d33f38a42fd60cdad55e01d8674405bb93507fdd82af3fa1a6a76a	0.313	1
score-reading-001	f19038dee3573c124e0893c8c8ce97ff8f9cb3063bd724701cd7c01b5f1edf9e	0.262	1
score-reading-002	b5b06d5ec69b092590223583db1562ced97a498ba7161bfa72f447a940785cc2	0.278	1
score-reading-003	e00a7e8d9f944fe2d9cf77eab027150a3c3331e662f9e419893b56e61d2851b8	0.245	1
score-reading-004	aaca782543777801b19501b4c6cf18aff66bfaabbe9f08b35526a566c98ae851	0.279	1
score-reading-005	bf0963f6a8039a79a5c185bb62b85887b9646b9e79448d6fb5a5227f76c05b67	0.286	1
score-reading-006	06cbd03203a244b518d414ad00a54f3e6e3759d15e24f3e9b5533af6bf2dff6b	0.266	1
score-reading-007	cc6bc622bda2b778c1d76774b03648ab904bf6eae52b84e1301407610a62f070	0.259	1
score-reading-008	6d337e74c3b6ec64dafdc268ca9eb81e660b0818eea81b0ddac5407f94d88cce	0.25	1
score-reading-009	5939e822af337be3716597ad7ba2195be7dc339df6393b82b32ffad484e7b6c9	0.291	1
score-reading-010	bed7d14a72f1e5bd65b83a689139027a57416a8ba33f180896b3afcc50889c88	0.28	1
score-reading-011	f707495ab4b84d8bcfc2e1a0d844803b8a7b9d2342088d6246e53ebf652def1b	0.294	1
score-reading-012	75a9b6b4658b527f1d006202ab6c5b87ae009adf9c2188d9994d2fa416cc1d92	0.375	1
score-reading-013	16a854057222c62559b8de00efbc27d46e23eb8b99ea12f71182cbf485a5124c	0.257	1
score-reading-014	d98e76964637a36642a5ba23005a5a7bd651f55deb185d7f3d2d3290ae7665ab	0.249	1
score-reading-015	8fe876ae6221004ca88ebe5697fc573bb99dbf2b1ed6ee838b7ad94e13a7a083	0.244	1
score-reading-016	3d10e68953c7a6561e880fe42234347d9a10b305e0d420718ed8da8ae9cfdd00	0.249	1
score-reading-017	7d8f0e6170b0f4eb78898373cbcae8b88ca26c124a30eea22d40d1ebd3517d2f	0.251	1
score-reading-018	587ad6b196094119062d53f69cbd849ddcec528591d2ba110c53f390e8d5bf39	0.25	1
score-reading-019	a9185c6308fcf7ca14931460d859319728e62dedbeefa1dc39c77fdb010c8c8c	0.272	1
score-reading-020	18054be3c2ed1433dd080e57e0b14039ec2d47963d6ee15a7a831170819a195b	0.255	1
score-reading-021	4ee53b870824c05aeddc4906dd651a688b4644d046800375d917976de3424f96	0.281	1
score-reading-022	900dfac3453f81836983b7dd2e7d049085dc7c1c431491430770a30213e405f7	0.275	1
score-reading-023	2e10ae54e90571852a9dd2457e9c09566b243911e62802826bfc8844032ca370	0.251	1
score-reading-024	f2c0226d6ddf24249f6e0f096ff4397d20b4c7075f0e7a46e6ad2a2b7c19a3a1	0.29	1
score-reading-025	04056d48016c893020d5264d6c29cd0a5f8e3d06114fc51fdb89fb75af32e3d8	0.245	1
score-reading-026	85ce3278188f0a85873ed21845a130391b47b1dbc0079af242a07b99073a968f	0.32	1
score-reading-027	fcde0a42e8a94b4502b41e69bd1ecbe492eb426adb7af4c781f50d95c53d8057	0.251	1
score-reading-029	00af4d979f919059a080e291eb11c82036c3a68e3e4b2eeb798005fa596d8709	0.279	1
score-reading-028	cf2bdc9ae52e7a659a454700af596d6e4a61032533a4ef4b5b13c16379d9baab	0.367	1
score-reading-030	3f3197b79241c1471db56caa5b25f1f00fb2d911344b15f49fc27a889cc4db34	0.271	1
score-reading-031	811e869895b9eaa1856ada846215b052c11973a4467f1795a12e55f874dfec28	0.261	1
score-reading-032	71ae8f26ffe7b17021299f7e621d3bd921e9eeb7f4364ee85d4036e616a51963	0.292	1
score-reading-033	6e4ed75b28903526707c2db8571b3d454605b1fa8900621dcc6ed1092fd90cda	0.53	1
score-reading-034	15a672ebf7c84cc3b5e83dfdb0734583a4ea4b1c18da8aac6ed2cf95143578f0	0.406	1
score-reading-035	005a1fc327ab32963b1aee6a949271acbfdeaa51c013aa705bc73b6e16c36dec	0.27	1
score-reading-036	68d2e8599d26719a989b61ed4b39254c87995c745c3356642a401886773af868	0.26	1
score-reading-037	95eb45d756588e7e365d92c03b26dde04deecd16edd2f5a56089f00399b0ea8c	0.292	1
score-reading-038	efa9ce61739bf57b8c5e89d9f1e677b821d2d78bf20c89bafc45414617cf9b54	0.252	1
score-reading-039	e9bb666fe544989bd2d045fd55100e58697dbf0f18f6e4445de2bae3be0bb5e1	0.342	1
score-reading-040	a509aa827913a9e542aaa44bd4759ffd7c2a03693be4213627f0b947e59f3002	0.301	1
score-reading-041	63065c6ac6d905f68a8d849de598904ed39138f983e9b23df4629131a51f2058	0.263	1
score-reading-042	183073065f5d2c4c3404f99f245705d072f2079390487c8675c612171419d2c7	0.291	1
score-reading-043	3963ac853a547cd5b39ae23a7a7c76c7786ee9433c427a359ea09ebf02b410bb	0.256	1
score-reading-044	4e1b5568dd52da30016ecd713466fba0e329355454bd6fcbf8f95fc799b6f88c	0.25	1
score-reading-045	f90e4cc50469741cd2f9a0542841f53d06d1936d75a927b0b5cb1f1433e29a1f	0.254	1
score-reading-046	cc31974f66a10e85e45dd1564d4a91caa0f1734ea817814ac8535fc4a3316244	0.269	1
score-reading-047	114d2b950ad7e275c61a8d8cc6c5aa2bab26d214fda6f596dda1cd2439e10d83	0.271	1
score-reading-048	4ac2068b0dd0190ace71a59d3c4873f66a3ad8a2136e2c79b27b89bb57a838cb	0.263	1
score-reading-049	76780fce3a6744d31d410d358031c1321d80efb81e0c26172962873ede4ff6be	0.264	1
score-reading-050	0ad65b44b535afa4e49abdb5c12398054fe53352581033c5596536f18329a7fb	0.267	1
score-reading-051	abecef8ec459e5227f115b037eeb94abac7cd48f2acaeb636813048c71534761	0.259	1
score-reading-052	9dcf1edf75722083e70a07fed0b2245f91bde9919050f13081c527acf365fa88	0.263	1
score-reading-053	965013bdf4bee7bd5e21eae26d382916071c71752140d8dbcab46d36bea705aa	0.231	1
score-reading-054	e478e11136ab1a45152c66a4c8b71abfe5cda06a82702836b64bbe62d5fbf5be	0.27	1
score-reading-055	bb0a91f5410fd8a5b78e6e150da0f831b903fbf55f6e6d4ff357e4829821707b	0.355	1
score-reading-056	dc33865747a904b128489306eec29bc520e53fd2ca1c7745199cb99bdd1d7297	0.286	1
score-reading-057	ca73c3a3c9cfb9ed2869d1d7debe5ce53671a76a645fda3394c166c8111f047f	0.253	1
score-reading-058	5caf2acc65a6a9327ad6af9d8e3c297c4a492f53cd6c588271b3475f0271a95c	0.278	1
score-reading-059	72258c31c0fecb048fda79a1de37b2617bd3f5e19103c216e6db0a51d49d4e72	0.32	1
score-reading-060	fdd2420f2b78d6e18f631fb9212e6e916e5baa9dd2e391db8ef7655621cf93d5	0.443	1
score-reading-061	d48a6ff337ac675b7ceafee1e0b30f0ccf186c3bdabed31e91cb0c8623046193	0.306	1
score-reading-062	5b860293b58676f743dde551e38a803d801070165d6d10fb5efbf9dcc897a28e	0.304	1
score-reading-063	335f1143ce7b196f532c4d6cb8021b72864adb40f9c01f1a36bce46a46e62484	0.258	1
score-reading-064	6732544cb94bc9b71b895e81b5ca1e9a643cb3e836f6237b930eb28ed9537efc	0.224	1
score-reading-065	2489aa47f51223bfbc9b86c2b4ac5073fabf485d10c74dbec20007bf4abbbacb	0.268	1
score-reading-066	987f462d6202753be9ff6cc1da7b9c0e9190d15542c77f5400f01baaca90795d	0.282	1
score-reading-067	6220c843882096537adade813a55e20e3f65f2ded42646064819fab7ea301387	0.252	1
score-reading-068	c9f941f736bb7f53ff68e7887ff945afd38046a6ad5a21f09b94438a6bc88750	0.266	1
score-reading-069	1243cfaa0e0bef9d67983d18f06c9828b04d470ba85e415df04b65f3298bda61	0.242	1
score-reading-070	dadfdee4c11ec940f2804db212ecb461eb3a8385db711e02cff5c88027bbf49c	0.267	1
score-reading-071	bac74e42c99abff052e1a28a878e0987832c64c1285dffce4bcbc5375bccc499	0.245	1
score-reading-072	82d56d54ed2974cd1c6a9cbe9088e99449f4f2ac8587a1f3d7ba06f08c4663c5	0.249	1
score-reading-073	419990d0c65b1ae445dd1163386e3bd522963d60de515031a18d5e35f5090fe8	0.258	1
score-reading-074	9454406abfe4dc0dddebf8570d92a04c580b0f7c97513b7071af1fce03f259df	0.27	1
score-reading-075	44b31f365d96bf3d0ddf8d1df25052ef0b462f5d8397e1fb620cecb013a07281	0.262	1
score-reading-076	0ab0a9f5ea11360c28f2f285c7dd8850c740915524e88dc52097171ba607f674	0.274	1
score-reading-077	eae6423c1259faf33339dbe8ff45a803ef00e83c586e0c6e3d3a0a6d1f155702	0.276	1
score-reading-078	cdcc2116d4efdcfa3b337916b1dfda4ff52e1de32e1277497a12c1135266c4b3	0.253	1
score-reading-079	2e64fc6897c4e5916127111360728737068bc0201b987712b08ef05675eb10c1	0.249	1
score-reading-080	e9eb5bf1086462693abfb6ef82ed7222e132da3f2fc2fab1d37b4b01dfdaa1cb	0.264	1
score-reading-081	2c29eecb1bcc37ddb166729f73f654487408830e2687402bd7af11bfe237a146	0.265	1
score-reading-082	9034c91b113779d0c0a2bf86b559181d46e40e7a44da0ad865bbfcd5f44b42f3	0.253	1
score-reading-083	aa594a3b9bfb2b235d334706a2a03a4736a537831cf9e57db2c92acfd1394fdf	0.246	1
score-reading-084	a408625172be975f822342ac35260391762af0499204490c707401f1885eb492	0.243	1
score-reading-085	c05f30878ac056783bdb5a98c938cae3ac7e555ec0babaf0a3fa5d26e958b6ad	0.248	1
score-reading-086	6084571b1a8d29470ece74db42632bc7b0324962d9db12e7e1c51ce76b99f991	0.262	1
score-reading-087	4f72a13a4e683f9d626128ee0767b991ac13dd496b2901c41a280195b342c609	0.29	1
score-reading-088	edf5a59c12ebc2e89b7bf010dd2973865276439234085a03a775e93eb68c2a2a	0.24	1
score-reading-089	401a7c093cffb8e5553e52070c2d90bf24adc48e64f42833ef47ed80e76e138d	0.238	1
score-reading-090	c0007be80175022b6395277f8a9130acd3e95ef465d5fb1fb07986e3921ed3bd	0.258	1
score-reading-091	d989088116ac8c065b0192144f7ba85dfbbe8543e5dad756f9b33182aef46a75	0.302	1
score-reading-092	53c5f6d7421ce9e57582567e7c47799cf0519f727affe4b1b1c21dd788882f73	0.24	1
score-reading-093	4dbc2cde74b1a794efe4b8e0a284fb0b446f18dcb7b310cf8b210e89965b16fd	0.259	1
score-reading-094	8744f065ed7d82774f4d486e2ca247700c0d586784cd44e2d629688e388a2a78	0.236	1
score-reading-095	306188d92940148daab26f9ae1b49330cd49487d94bd114c7f88947d5a688098	0.257	1
score-reading-096	9a13f4b6bf9363169b89ae5b030dfbbe820572c32c6e07112d59d83fd9054c20	0.27	1
score-reading-097	33495f5c9803d262eac14b7161cb36fd3dec7b58dc573b4b6b2df68503695c1d	0.248	1
score-reading-098	f9294e59d31388bc1e4375d35622aa75e160566286b5bad3070c78d69b666a2f	0.255	1
score-reading-099	89b723720f465d0eb296a43bfb1b65bfee5183a848bd366623c0e032e2318332	0.305	1
score-reading-100	accb6b255c22fb7a0a000aed6faecc42865dba77b70b2c8aca29964e6aeae320	0.283	1
score-length-001	c0cb782283ac4b7232caf8302e29f0572686d93e6274f6e89ec44996a4832bfc	0.254	1
score-length-002	924243edc5c016d892810a64346d07f906c17f00e0ecc79a4ba04e7dbf23d7cd	0.265	1
score-length-003	fc365189b143b580e630cf3a5d3ca4b5e04e6b47ed46427a3241d24520624c2c	0.25	1
score-length-004	fc31e6ec3e3c0c9e9702e8bbfae753a22054190fe63daa69d8f7e27f966b60e0	0.272	1
score-length-005	a2be4c3c104ee6f14d5d71858e7d56a7ea762267f5bc16588ee857110349d4a2	0.243	1
score-length-006	4f86b526f9a4b38efb662552185c2b2bdfd1760e2d7db3f958f6be35686c06a4	0.304	1
score-length-007	96211290cc381fd8080467f38f975998b9b74056e0184f9df5f1aa7eb24c6578	0.304	1
score-length-008	221a97a293f2ad12d6db9a0b77160af47c5590467adbb6289007ca2d3266642a	0.257	1
score-length-009	bd4dde2f0d21af4ef7daf0cbdf6b2ee048cb8ca2246728a02bbaf5acf003fbb0	0.264	1
score-length-010	f967b82c9bbc850c04eb3d3b400a15e26d38ee305920c87c6ad4cc3d24d746a3	0.242	1
score-length-011	407e3414845c8fdd89a200252d4fe444f22855a1ddc7298ed30c6f566d7c1da8	0.233	1
score-length-012	d514c36c527f254cff896b8144cd44223fed40e3bf16e4db44601ac141b5eb90	0.247	1
score-length-013	7594eeced76ce33e8a3f3904f43c5085d9db28355efac5f51b63ea36a90b9a05	0.264	1
score-length-014	719f6d471f27f3a120114fc92963ac6dd95ab2175a9c6183feb85d074cd6b7d3	0.257	1
score-length-015	9c9b8efc65b066447af411bedfcf03c48a056d9bb5cb0cad41fa926f8255864f	0.24	1
score-length-016	a36933b58c3705608f70177755c7173bace80edd10d2be7e22af6b41d7551118	0.245	1
score-length-017	b53a4e1309faa96eb0e70b131f07df01da91f9247a5720d8c3d8d99eda19bc32	0.271	1
score-length-018	3bb9af8c4fa66d4cba877ea27a7c7a9ec20a7e70dc9c9f1705b4449a0495c134	0.288	1
score-length-019	b841379865e0b62d2e07873e794424408d41cbb4b7eb5e5d4a287922d2449481	0.262	1
score-length-020	ea2dcbfaf91e32d4902379531208f94d233e3384aa477a592ff3d8d66cafa55e	0.267	1
score-length-021	d30366e5b700abb2149a8c6271b15aa74847946c9a30ee4220f385c99f34d297	0.247	1
score-length-022	01fe3687344393d916dc947590efefdb1f50a0b5d77ad358b65a328540b94056	0.266	1
score-length-023	9c50192226819cccd54b55fce3c5bb95d3c91bc6a7ebddc34ff773930ce155f5	0.248	1
score-length-024	3256226b78d23b65cbd7d772d9ae55c66e707e0f83853b940096fe4f2befc7a9	0.234	1
score-length-025	5f1deb52439adce1d1c557dbf7f61b4a2de31ae81db615cb19a0560d342d5591	0.262	1
score-length-026	99f8aaf0bc3281726e7f22ed30756911ef7465bd52883e5ff7e8fce3adbba612	0.245	1
score-length-027	34767135ee97f6dadebe41cff0caab74df7aa9b7c102141c891ab57583e37fa8	0.244	1
score-length-028	b895a376f1f24e6ab4d0a7f1ac6c4a9f8a58d070d29fd2edce8de06e43666f9b	0.242	1
score-length-029	d0a65f0dbeafd3a6838e6a2b048f9d2420121bdf94032c1d70c9113ca8870002	0.239	1
score-length-031	3138189c3a1409559637edb49b2edde874015c138603a72a7511e8fbde78cedd	0.267	1
score-length-030	3368973caa860e55d46ef1fdb9702bd2822e4030b665766fad43de1472d17dca	0.372	1
score-length-033	4b614adde6599f965819c95ecdf15b319016915f4dba7b9bd0487b518bcfcd93	0.239	1
score-length-032	d4223cf7ed7e6426aee83415c1de6384806eef3989969a72b881a4d43785d98e	0.309	1
score-length-034	b5de08a053e92810ed188a8e4aeffad271ee2b8278593144e841003c19d2a448	0.389	1
score-length-035	30742fec60e8909035035f37488812c47d76eac9c683999741b9c4d2d4561d8a	0.632	1
score-length-036	b17ecb1bde0ac314cc85b71330fb3d3ee1a64b6390faa692b7d9e7a9465e428b	0.434	1
score-length-037	e735d7fecacc8cd2fdc6deade9f5f8c9e294dc65ae372bd559ddb6c54c41fc14	0.263	1
score-length-038	e650d93292e0c6725879411bdf23b53c23b78a039602e7edfa730d4907ae9ffd	0.253	1
score-length-039	e934a0ea1805c280be87c33dead1330a102d0c9abe6f25359e2b22210c2e138f	0.281	1
score-length-040	0d14b7e932772d10d90d73f11b50730c74c7fa278b2a4e6caa2b83f132cb9858	0.272	1
score-length-041	06f886544dae1d2113af1d567e5a0652555c98749bf9356d0213ac6d955ef385	0.355	1
score-length-042	4ef49a319314fa7ea9e394bec61b62c3b81fc1be8f77e0e3891315d4631d3433	0.341	1
score-length-043	9fcdd0df0ae8a7a47539678267fa2e41b2a259a6fdedbd11e49d3e4fcdc8a606	0.236	1
score-length-044	260bc33fdca7c4a9ed46c444c907da4add93b81b4b6aa6cee86f6c92ca213c00	0.235	1
score-length-045	cb61eb0ee8aed3bef55592a5086b9f11dac6e8fbada3e0e472da92bd0601d437	0.309	1
score-length-046	28eab5309abd1567ac780ee0e042d0228420c6cdd4d5eadae6d0e29fce54b39f	0.245	1
score-length-047	7a10594558687e3bdb830d23b6bfa4a36f89114b38531cfa56fb7cbc84fc5e73	0.255	1
score-length-048	87032556185b81ee2f88dbe2c6ea479e7ee81dca3ad06b9d7e4938891b82c46b	0.26	1
score-length-049	da27567971d4c5514cb1d8e6a814041a8e89cb6ae2d23f12054d1bcdffae9a84	0.258	1
score-length-050	3783503362a5f19569d52bd76777ca009ff25d0395aa467d1d1bf1a4ea9e472b	0.261	1
score-length-051	22065f97ed880deecb8d88e3cb29b01f8c5192fb7fc02338a73f1a2c0a16815a	0.242	1
score-length-052	0964587035cac2b0c5084b63ed4e74a0624fe5ca70b250c9f6482a1023a6c6c1	0.249	1
score-length-053	ecfb7927e969fa0fb362fda1110116a9fd33fe78201c19fbd6a94f1d7d08d3ba	0.274	1
score-length-054	31009af4d7a8d6cae6d82a47da0d2bd3d836c2984c235a8ce05cb89c8249c3ef	0.238	1
score-length-055	815642a2b30ed31ae547b611cedcc96b4a0d98ccf660ca90e094bf63bbaad75f	0.245	1
score-length-056	c1542a2125aaa0432abc134c705a074f9eb23106f63b198306e9cfbad361de21	0.271	1
score-length-058	8b17321edd835ef59b8f3bfc953023a457d2029b576ffcd407623a3d405ce9fc	0.237	1
score-length-059	d84b8173696bfa78bd2f728a62a514fff9a70d0e86bf35e93d9378ffe0cd21fb	0.283	1
score-length-060	704a11b84f649c47fcb6b49d305e10a9885b38398bdde123a829422b8635764e	0.293	1
score-length-061	009b3d57b442dcde6b8e24bb75b92c6d3b6358df42471c1847b97a035a75bcb7	0.305	1
score-length-062	1ed77bd9ff275a924dbfd9480df8ad8a07fd315bf7d35f3fc27c608d7310b4c0	0.275	1
score-length-063	aa7f1756bbb4176a747ee6acad913e42d3c8b59532d43837d680034358b8ff35	0.244	1
score-length-064	392e78b00aaa0a958d6d9897ed1fa9f378d2a330e6d9341fc443e73f4019c01c	0.247	1
score-length-065	bd34745a25cabb043e383aeec14634d2dc508d60d56f15817b960555a783c146	0.448	1
score-length-066	ac5bf2a83d05d803d12b3d1578b95b740bf72b4a80ee865cbcdccdfbec973c17	0.259	1
score-length-067	305f3f0a39a253ebc3fcb68ff7bf24d7dbc6b1649937f55f61d4690101b57eae	0.288	1
score-length-068	fa2679907cd1210ee51689784cd594e72fedfde05a1cc0fbb0ef4728f889d34c	0.262	1
score-length-069	6d79f03e338d25f45162611a8909a04b0dd538f94520a624a78c1631b2db0d10	0.282	1
score-length-070	fb50c9e702e7cca4285b70302d423eca29f67948ec22e71d6efc9bb23792f947	0.261	1
score-length-071	25772eda229b05c4dab06b04c8a78cc1f0c4681508c2a28b1a2cf6f5da23cc9c	0.247	1
score-length-072	dfa7da661af097a18237ac1e400a1b71440498faaa89ddb658f7b5da6bc7f470	0.252	1
score-length-057	ebb54d2fb321b7c1a29d02f9f7d58ce1136ccac5c578156335ac59810fd0d125	4.387	1
score-length-073	4549df6740df5b24b25b41c4b538436bec4ebbc6df7cb4cd8f7d6e6cf55af071	0.264	1
score-length-074	695c66b90214143b427c5df2783483d60b0681fa7f933b149184cbd3cdec5d72	0.239	1
score-length-075	4b1dc71c66731461083a2737350f59c28f14d793419079be1ef141d00834eac5	0.273	1
score-length-076	83df423138c9c66e6b5a5b49dec2f88238f21cd8956e28dc5c400c86416a7bb0	0.302	1
score-length-077	17afbaa13466721efcfdd314ed41806866b5ebe3f10dabaf33efa91600a02bc2	0.274	1
score-length-079	e3f0cffe0c0f327a684e1321d01b0f94867bab70fd87ce3cce6218bf6989dc72	0.254	1
score-length-078	7cbcd8fa2256982c5b8c5584a297badc879f1d14d82d5ff414c16627c94c751d	0.581	1
score-length-080	b62e576e0d7b453b1c0c3ecbbad8476b8c715cc614671ee3c93737579aaaefcf	0.253	1
score-length-081	aa5ceba095279cf7fb6d9de96db1dfede7e8270a9093ccb12a9f338ba4e91444	0.257	1
score-length-082	5debfbb15b0d536ca419969a7bb56637c145750d0c94acc2423de0e59f8cef30	0.234	1
score-length-083	939f8abbe473fdae99ee7ca1300b45e3249e3b98174665a1e2bb5a6b41088995	0.246	1
score-length-084	510f363baccefde23dda0740431a88b4c53d9bcd1ab1d0663c0449ec42a6856b	0.256	1
score-length-085	42167488de6927d43823470f14a9e59771ffabe30ed0c532084c6884540a2e26	0.271	1
score-length-086	4055fbd6fe089da9ec98d9c8668bccf4f073e9cfadcfb86a0a340501ebea3e1d	0.378	1
score-length-087	82637bfc551f56b4c4ef61ca53abf1d590bb6269c730a0fe9f2a4b0615573e04	0.244	1
score-length-088	27c51eba353c8c336d7c92e681f0f2fdf1b17135d03e70edf55da8082c687f7b	0.284	1
score-length-089	75a7c4ede925ecfcaec6f2272654a3a384ab1eaee4d49bbb3db3f40eac3a6267	0.307	1
score-length-091	5513d0c13c97d2a6fba5b41538008b61240f27cf0e5c0d9f7d0f79fbd0ebff37	0.303	1
score-length-092	23e632c0f16f49a5313d9baa573d8f0192462af796dbb53d90b9cfd0fcf78f04	0.269	1
score-length-093	2988272521ede7e78c17136fbdc772b15492099f0ea2ba49a81c84dc1b277d69	0.363	1
score-length-094	8798a37c670269253a9ecc08033bda4775ff8e17009357cebc26f1f437b95a10	0.307	1
score-length-095	c17166da3ba2b4b4fd7898fefb670b886cdb840c0d5ddb81e48b4b32ab45b3ef	0.403	1
score-length-096	51ff8c0e6b8347d7e432590248a2d5bca4e9a6525d07a34bc2918588a6ab1387	0.268	1
score-length-097	3ce8decd3b36a4308e136aa645fda116693e245ad78decbf3eda4990a2186359	0.245	1
score-length-098	2ea67ae4a0813de600e45305e13689b09fb33185c6cf1a152d6650626b53e48d	0.243	1
score-length-099	f45701f77742824cf71da11f7886415d3308a33911b2a52ad092b8e0f209370a	0.263	1
score-length-090	5f28107ce15fa59855aece5994da1692cdcc5d30b796d327a57c447ef02105be	2.923	1
score-length-100	03641307ced79531693df493686e66f0d6100db44e9bab5ae7ebfed9eabf9bf4	0.372	1
score-length-101	8f44d824f46432888f330032b0de77ae4df127af19704e63875ef77431a5b8e8	0.276	1
score-length-102	9caf1373708da4272691655c809a07244ccefb6010ad0b71d4bff87b5068b788	0.253	1
score-length-103	b92a70e29727597fe1fa57b980eee267ddd1ba7828bd7fd21265b8940efc7913	0.301	1
score-length-104	2885dfb3e26b14a37582d54709709b44a45fc897537e1ef3e7db569b40de4eb0	0.309	1
score-length-105	b1bb135ea8cb3633f32eb901fcd4817979b706b15a132a5d96d0621be23f23bd	0.263	1
score-length-106	5b21175686015dead03030cfe6fa659af43b9da90a966016254934f42ff11390	0.244	1
score-length-107	4ae5304689027096369bd9f2844fc5440ccb7241bc950027a506eff56dc172da	0.254	1
score-length-108	b7a1297f20c3af472fc8d5f5ba881d3ef89dae5b468b9e108a7c4abfa636c0bd	0.257	1
score-length-109	227b9c49d449966492030462520a80c13db335c3d10073ee625aafb231152047	0.261	1
score-length-110	3f2de7c19bb62963e4d9de2184ac2b74682e8988ee86f031fa31b4bc4f87b924	0.252	1
score-length-111	1c25f06fd46bd4d191ce9ce9aee1d2752d27e36bceb2c5061d7119f1559fec18	0.305	1
score-length-113	fbbdcc2b586d81a44de5852cb718c5423af77b3a2dae61977f6f4fc657c75d6e	0.308	1
score-length-112	2c66a66ca542f780717586800e8dfe3da43eee4042db4e85789bb88b3d2d0a7a	0.715	1
score-length-114	4202f60c0850d080b2184de419634511f2d1bf302a7ae5c383548af09ea4c81c	0.337	1
score-length-115	2e53fc5221a838526c526503dffffa3d9142db4089faca435c080ae2e00942f7	0.304	1
score-length-117	7dd401d9f9a75328e64d309a815562072fc27feeb56ca9a292b06021288e55c5	0.261	1
score-length-118	45f1841c0c030422d053925be57c88efb5f58ca238ce6d74654bec4579de0636	0.245	1
score-length-116	6f8be03df74b7acc7f2136a03ba6623e9d81c96904b8616faa76f8f72b092cc2	0.878	1
score-length-120	8399279669b60e08a2b8c507344ed50d4a07aa346f91abc70da17a9aa3ce8096	0.316	1
score-length-121	db4ccfb1de96b3184b653e31819951b65e66d922b4205bc20585beffc6d8e45b	0.28	1
score-length-122	a7c26972da6a73fd4eed6ebd90c51a15673217f336d0fefb8e23357daafc8e44	0.257	1
score-length-119	5866d55c2e95035a1d38e45000f24265cbf4e384d7b73db7dd0685a3d605ad21	1.002	1
score-length-123	458d051e057cd40f1ea0917f7dec81513cf5d1afd6ec0f13cd5b9de48d9aa9a9	0.256	1
score-length-125	b181406e81cdf7c9edfa5d886fc30e649010228017c94614e10e652ed374b1f3	0.267	1
score-length-124	188c9da936c2a8ff315886d07a948963f623f7e298a0150f568b8594c22e7c54	1.067	1
score-length-126	c1ab751c6191e3da410b14fcd3dbf9ccf43e10845f2ccf5b050647b7279a5640	0.63	1
score-length-127	a155c799a77c16529966645fe0fab54d13654105551be03b8afcd4f609aeba1d	0.265	1
score-length-128	9b4dee5c369b2153c9e8b1a8ed19d94ab0187cd32b4e10772365b8cf1fdcbb56	0.279	1
score-length-129	8289bb3cfc29f430bd3ce1fa5b89fd6507af4cb596823bd68fc7b4cb887efb46	0.295	1
score-context-001	524a7ecc803432782740d42122f50ffc6238d3cbb071c063915df44c78eb2e37	0.305	1
score-context-003	bb1b55e73a7225d7fae14578519c06ed6ec3da030407c6528a9242d6305dd607	0.278	1
score-context-002	9a6d31da9d285beff35af7cbb6fb0a37cdc52a232c9ed77cd7643ad85d1b3659	0.426	1
score-context-004	6f91192b0852b6c48cad7c28184363b2dc109db538071b7184966e7d58c6fd05	0.32	1
score-context-005	4ceba3c87349bd46606d8f2b1af6086fcf2954247b86b977d23712b432727d5d	0.304	1
score-context-006	c23772cd5d7fdb4efb5bfe5702c86d96e564d683fa3504f9b6590421d9ab495c	0.307	1
score-context-007	4ae991b31511dab9f7bca6e8f65c04cbafed0914432367808ce083dc6400042a	0.367	1
score-context-008	0f96cd23dedc4e469c208d262dbc2cfd7a22acf0ace177806ede3e4c3032a3bc	0.279	1
score-context-009	b1175fabc0a7d64155a2df2d36afb52c86893e59c458cba70cac2d45a2cbdd7c	0.286	1
score-context-010	418b409ef8262e044e00fd7e2231662d6e78d47c32e563c2854255a3ec6dfa87	0.276	1
score-context-011	e4ebb1480b090d894f745f5bdfc51c0808192f44cfa7e08480adb357fd9b396c	0.304	1
score-context-012	ae3f8896837add701af775ba584e704feb9c0bb94522da462a3b0b8cd5cad4e2	0.282	1
score-context-013	34cefa8424fb177f5ccc81b7713c54ba39d2bc39a7be4b15fa5d496ee66d7c4c	0.323	1
score-context-014	88b07071cdc490bd49b48ee3e12356314a866ab5dbf7d0d918dd28a797e17c05	0.343	1
score-context-015	6e9d9a8818eac3cca5e6583fbdedea10405411a67971719f8028bb06d6f8022c	0.276	1
score-context-016	fd7b7fca13029530ee7dd45fed28e232be3152b39544148161612fb466c212ce	0.305	1
score-context-017	a5197f2eec5b7467acf71ab436a7b58ca018d395495ec4ed76aec751bae84cbf	0.297	1
score-context-018	b48eb4fe75af3b55194e1d565bc2e99eabc1d7d963b34e5d7ca306f329da43db	0.342	1
score-context-019	f985bf5026f076c9fa1c5092162b689a32b4ec9783e0db339af8fb711c15bf77	0.291	1
score-context-020	49cea5c19e9f296ba83a972d72d6ec36a85fcfb18a9ccf67fb4fee0fbc9be667	0.317	1
score-context-021	db066892d15a601bd80092044ab092313d62a14aad1b28ea235721d06e7aedfd	0.398	1
score-context-022	aa8be957b3ecbedbe3f90ff7db189fe04511036b6ba87c1e2e380189bb0ed39d	0.291	1
score-context-023	24a9d832e59756a46f19226043289617bbd9dbd558635b3321322801679bce0c	0.399	1
score-context-024	bd3106a9cd43a7367a3da11b5c5b5e91302dc4142c1d32ca7950e834d840f708	0.345	1
score-context-025	2dbb216c8431bf0e112396691a8d1336a5f21f3f97c88880edb1979b06107a84	0.284	1
score-context-026	5ae47ab73685bce5fdc4224633c49ec5fd87bd6a05d31ae23f66b649e195fd12	0.316	1
score-context-027	7e932683a8ec4ceba4ebd86d82d8ab388b2d220b582f504958c7efe9fdd451dc	0.283	1
score-context-028	83fb9c5ce3ad46005fb6917f9b91f8047af511d79b1cac3d83906f1e881899ca	0.367	1
score-context-029	b81ea50b4764741fb765852e124a88df3a06e0b8a79957a170f6459dc98a32f2	0.291	1
score-context-030	eb75746121dd26d44da861b1b62b850c752191ac9e2826db61a5bafddf518f65	0.301	1
score-context-031	72568ad51878757967578d50c1e547b92dc2526417110c512f5f18f13e0b009a	0.283	1
score-context-032	9e9df4aedaf3a2b26c08a7e7b386a7027f469eed14c0ee2f1215e59d5b548ef9	0.49	1
score-context-033	9433088b9bd7e4c1c2b618c0f1677db3a6c15128a05b21767defee0e44b29021	0.432	1
score-context-035	fc9f8e26452ffc1663e7a33663ae84dabd4524ca8cf32c5d82d6a93ce05e47a2	0.325	1
score-context-034	5aad40366538e7473e4ef3a9f946e2ecc7f91e53d6ea650bd484c81866e9e4e2	0.415	1
score-context-036	6ce665e6bd19f0e89201fda2626a23c1344f4a9c270120b4631c8374a89cf62c	0.313	1
score-context-037	bd180b03a6a95dfa4fb5b8b7d430248614bda596c334fa12fa382113bf8a01b4	0.36	1
score-context-039	b9328186b2ffbd5e9b2d6b177c6d4d205fc6b6071e38f321d66394aae7ced83b	0.296	1
score-context-038	c74b1e62753d89fbf56df19e206cfdc9d7365803cf07e849b3f2eb6ae1cce4a9	0.625	1
score-context-040	c73435e2352b40058eb7b3a3c94765705d1ee9a6f114e204788ded7223c17dba	0.318	1
score-context-041	2df36ad173ad43eefd636ddc0f9d4afbdbdd0a2c816273fd125dedca5e7f0174	0.327	1
score-context-042	15cc21e6da84c18e7bbc65ea75b95d31580f690d42d0e2d8733cb4eff473d68a	0.328	1
score-context-043	f1389003e22d884b66237557de5220fd1727cf242fd99bed29442b46a11f007d	0.335	1
score-context-044	456986e87c9c9c68307089c75b7c4a9b187fcfd0cfab4e813973c0f1dfe28e82	0.3	1
score-context-045	1354843df4628e8058cc1e9f5c79a7e282289b3cc7db9842d6633f3d2c03c757	0.276	1
score-context-046	f6e80b75d17a2d94886f754a8d46afc1ef9189936fbb65df52cbc26b552cdc62	0.29	1
score-context-047	4c6e3b7741a90b22e5326e5272799a84616550b10f6126aa550178e6d66448b8	0.299	1
score-context-048	f310ff09aebf4e0ddd09b1612f745b4e377524aa4c642a071cde52a9e5057df6	0.334	1
score-context-050	6b68588c39d7acafcc57f93196ccc904928ab237d73ff6476e49497dc3868e3b	0.306	1
score-context-049	ee3efeec03993c1f80ce05a4d8a9cade34ad0a45a0613feed7ce77c7e16e1403	0.54	1
score-context-051	0155744af9d9675ff7898d9eb3f2703366e1e4bbf5cd113d9ac595a471fb10fd	0.332	1
score-context-052	2b323f61927cc6e94cf4d0c446d5a2a9959a3f4ae26af625018433b5c729ae54	0.398	1
score-context-053	85da56dae43141b6462a5926c5139a828a57c6c85a2d5f6213d17c49967d7588	0.318	1
score-context-054	e643f9c7109776f20a1097a130291616d544cca4667bf6c52f04c907d39f3ce9	0.314	1
score-context-055	915ca0dcdb334811408c3435b4c8e073737d0d12332af307aaf168f59a2876f7	0.295	1
score-context-056	3ee046f8643e89c734b4548aa7b6e1dbcb09fde25e3bcc0aee6ed7d0d7d94f55	0.284	1
score-context-057	abfad01067cb7fb31cbe2bd41b28851d6ebe42d63f4b0e40b1766dadb13c6b81	0.303	1
score-context-058	fca573e1bd6bcfa29e474f6b40cbf57322c3bedb6b9e41907bad6e6d9826284e	0.33	1
score-context-059	dffe7cc808dfa2450191e4dee7a415e7288835de28b05afb488b36b74f1fc933	0.32	1
score-context-060	9aa84364b3ec7c030ff99f73911e2fa9cae127089554f39ee698a9934a0aee2f	0.342	1
score-context-061	d97cee4d69dd681f299afbb2121ff59d260a0c648bfca87c98c0724a5773fde8	0.339	1
score-context-062	1ef0d0023106f1c20f665dcc45dad0305fc5da24a91480fc7603b7ac0e9b46e3	0.307	1
score-context-063	398f4e2172806e7b6e0949ddcb3f14c6e064cadda2e045ff995dd447da733163	0.341	1
score-context-064	7e5d674e6e6f7f838bdffc8b3b7b017db8b2c7a1abf32d0a4f1d13bb0bb385fd	0.357	1
score-context-065	b5f6a1c6536e9357e3b83a2c3652c54655e9950874f6a0d648525ab587baacdc	0.361	1
score-context-066	60589c9e1ce0041132c6bec2a9801a8073a45f0aa3c632048bfbd61ca5b9c51f	0.407	1
score-context-067	729ecd9b373570f08c4d16ef776281497191fabcab205f44901442c3d03e8baa	0.336	1
score-context-068	7339ec7245408a9ad45d3d0adf84578d9bf8da569fb37f8e7c570373f54c4e19	0.356	1
score-context-069	8f0eab56acf67dbf8b3007803b78f924d6483dfb990f8de9b9da345894ea7efe	0.425	1
score-context-070	d77a0444cce5a87c40d365891e899944faf14c2b33f45eaccfb5944fe7a203b8	0.437	1
score-context-071	527278381c268c92d5935b62d35dacfa79d6fd30fdef94726070c1b6f530c951	0.41	1
score-context-073	b1c0796e948b5b4ec170e9bf08af07913bc6b36b96f91b6577d538701e4e4e6e	0.443	1
score-context-072	90fedf04fec932fd1c3ab4d32e21a47c68fd8d4d5c4fe1aa5a78068b7069cb42	0.7	1
score-context-074	89843ca3cc2389972b2bbda7ecea50055554d6b913b7e81272292637294a7246	0.298	1
score-context-075	b8e51c088f421f764edab34b38bb1676c2064c2c105dc7e4ebf320aa7d79918c	0.3	1
score-context-076	aea1fa5233cb3f81b7267a707c1606cfe787813e5f06530a2c6d3cb924669c78	0.334	1
score-context-077	cb4c9be0a98bca4dd3fe48afd576b92cd1e66538b843364f202dbd0343165e3e	0.469	1
score-context-078	92c137e90867a1af3ed7c2f00702d04c3c03978d894939695b9dc91394e9f485	0.34	1
score-context-079	7944860baaee0579919cd35337a44261254c3b345dd33b087b377f45c05fac1a	0.328	1
score-context-080	56cdf7dfb4c3dfeb8bfc01f2ca222a2cf0d4d19808cd218e2c1df7f613e813f9	0.354	1
score-context-081	08dba2bd1e5821d2dcdd186ad22395828b5e954fa1e39ebf2443b459af2196d1	0.422	1
score-context-082	a08eb09c61ea862dce2c18e4dbc632e73aa15b207a64e8f7e70620a317080d05	0.411	1
score-context-083	42d95508e98c1576dbe72fe630393541f2885243f7d60a01f27b3ab52a7e83ba	0.366	1
score-context-084	31ae19fc7e329c0f74b1f5c99cc3ab1283d4f0163cab8b95c138e9faa0f838c3	0.321	1
score-context-086	44b2f4b4dd8da9789da57da1539ccb0503fb90b229a1b5de4c388dbfe67b6061	0.282	1
score-context-085	20de091957dc1c36dce0d8812e23f6c966da2d8471df4e5de65a5d286bac0fae	0.416	1
score-context-087	457f2a87dd94f7074595c7af4e30ffe00b62ef2269f3fd1a7117c134c7c68866	0.405	1
score-context-088	7a981d2a950223deba5469ec3e4592c7774c2904edbe016ee70d11584bfdf4a9	0.568	1
score-context-089	9d5c249f789c981fc171a812cac6964491c0058e6e12048406957ad708c30930	0.418	1
score-context-090	f1b386373357022a5a8bacf9de63bfd7cad17640044a54858d30964b7f57bb1d	0.306	1
score-context-092	c53439ff59d9fe430f91b934786fb52ed44bb8235b32125288f63e49a23080e6	0.559	1
score-context-091	dd7382fd372dd0696c37ba47becf96595fce20934e1ef25debc4f259f3b936d3	0.734	1
score-context-093	44ae4d4ef8b724ecc4e15c6b05ad5d05ea453726bbf842651dfab6ccac1cb42f	0.764	1
score-context-094	bcea31780fe99860f1751939ae5ba4e1b591729c606d9fd958237bc10936f474	0.81	1
score-context-095	a43d2baaf1aee17d2247c6756dab7c632e890e6c0f56ce785717f352ed1cdfe1	0.339	1
score-context-096	13de4469101257ef4cefe267bc39d727e6da269353d39bb384cf061fad21e23c	0.34	1
score-context-097	d4de92cc6f171a8da2d0a1a47a515cb77ec4a85f0a97e953b1b6b0719d0c481e	0.6	1
score-context-098	6c571269a67bb477931286342f06ffe3609c27ea0414243f145be5cdf0741cd3	0.581	1
score-context-099	5bf3e83c0c92846a0b2c9a51b4a7cd6bc3e4a7901a2fb58ac315040e2a9304e9	0.352	1
score-context-100	9a469379a89fa8b1ddf96e8a0afb713a511fc7876a7ccfd204f4f6b9682a0318	0.739	1
score-context-101	945cd4010a03748216dd0dc6e91300f6a4b5ec45540dd3ffe241ca6361544715	0.518	1
score-context-102	464ba14256e699b920565df1d2d8d44c1dd8df62bf82ee79b78349d4a7c8681f	0.402	1
score-context-103	02319af4b16f35fa1b3c88ac89435ff3f8b3c7e7a289df5bf6d4253d9f5e2cf5	0.424	1
score-context-104	c1927f7c247fe428214bcf5391469f30aad5bbff6e7e6d30061658d341008865	0.325	1
score-context-105	20e5f5ac9fd615f9ad8cfd709e7656fc03bf9be7a8af62edfc8197b915d665c4	0.706	1
score-context-106	2049289bb4349074f2cc1e0d5f0adfa0dc88bc181e4033847a983d28b652f2f8	0.539	1
score-context-107	56d7a00f551ee88f0dd8ea58c3e556663c413939599ae537970dc9e7c5798562	0.347	1
score-context-108	bae6830cb1b7b03b93b62fb95457d8b6a38ca52588a3177be9ec4518a7c1716d	0.749	1
score-context-109	01abcb84153453ccce89c7819f5f528644272433fafa445ebf680edd1781b67f	0.561	1
score-context-110	a9f865c23ad889217a6ba6975ede67e9e8a3042f0fd8da7477f64a7a00f435aa	0.832	1
score-context-111	802a3738f0c6463a46cac6b59015afc9027f9da6e75e246f78862d309cf9879c	0.817	1
score-context-112	534d9e8a7103c5aae586a47fc6ccccb09a2baccec581185a9f3754d35133250b	0.295	1
score-context-113	358d626d4d74618f01268e67ca2c6cfe046a54e0c82c674f815fa935596db95b	0.402	1
score-context-114	4cf20901a4bc9bed6b871b3383e65f7df7f73d61b354d54bb79440d1687970f6	0.362	1
score-context-115	5687ad8491c2a167f3d5fbab071f7f84c66a476d1ea2fddd888a8f66df6b4fe1	0.641	1
score-context-116	f0e4e6915851e83e864f8f9bbf6d24e06ae8ebf112beacea789ba4e5a914fb60	0.532	1
score-context-117	6a30aa255b97bf859f5b0ec291d7c04b07edb06d0572c053b0f44d4577a59bdd	0.858	1
score-context-118	589fec2e665ae60dc2fed032262a1ea25cf3a0b837d79ca5074dc9ca50bea2d8	0.86	1
score-context-119	aaba38500ca93fc9bad33c850c7ec42151a9571b10f39a3b6dfc60815df597ca	0.294	1
score-context-120	a443988921b24dc2273d0fb545eac38ecf190535856920f6eeab5a1f304e084a	0.329	1
score-context-121	6abef2dce28517578b1bca11e77f284e2ffc1283a0973300131780858f48879c	0.637	1
score-context-122	77e7172eceb35f3b62fd316112f690efda2a3fd180caf3715e4a3a410fe74fac	0.643	1
score-context-123	2805ba1e4454f2befc2fa7d329d9ef8f05c2f507b2138d89d5eb0c4149066f5c	0.455	1
score-context-124	76c7313e1ee112cab7cc0814080d55df0c2cfe9539223aaaa74deb34bbf33134	0.779	1
score-context-125	de7ee0d5e2e17e91c01f8574b2649f7feff4e6889fba2aedd561e2567f3094a4	0.562	1
score-context-126	873ca9d2117c2b778791ebf254fb3299481d0082cccfd41890e3c63a9863be09	0.33	1
score-context-127	6b4d3c1f09572bb4672cb02d61f37d3326fff18652cfc40a67faf0632a2cb49b	0.743	1
score-context-128	18caa76fafb549aa3fe1ea8e035bac91779fcc76df4c9ef6be76a91cb778d396	0.603	1
score-context-130	092b93c1296c26487233a053a675ac45d105c090699737adb60ccc39c3853308	0.694	1
score-context-129	7e82598fd84b1720fb6974b86c4c1446578067c3dead6865333b73b826193f5f	0.84	1
score-context-131	83346b125eda4eaa93eb278c0aa6fa52d0667010071b18dc4108a73681118d87	0.292	1
score-context-132	71a4813f23d418efead7b1aae42e5df0b9d03bb162969e83e74a98e3e2df26a2	0.365	1
score-context-133	2f30c1f1f1df1c84320c93e50b565820158546812cdcc3ed246596df9bb24a13	0.642	1
score-context-134	958ab2e508a58ac85dc3d28a46bda6ac2a9080c7c20d53f0156886266c0b9c65	0.564	1
score-context-135	79d6964ae5e6938df435d28a65ba1c7d89b36706376413e43cd059aab7f99565	0.304	1
score-context-136	1b5746e12396919c1ab391ceacbc20d233d6a981a1390b8786096e2274c1aa41	0.354	1
score-context-137	4969349906672e8574e573bd343c5cb952302ef6b9c53b92f878e89f3dfc90c5	0.592	1
score-context-138	bff3c3c0d1480faa3146b9042b8808df855ca7c33d70694c7ea2aa1542acbe32	0.549	1
score-context-139	38559f455c97d9c1a27c232744f2818026f2cb3d5a54ac0caf23223d7d18ef5e	0.339	1
score-context-140	f1a2c64223b916ddc4a3edfd78b40e27382e4a8c391d5adc9415dd4a95fe6468	0.375	1
score-context-141	8edfab4949f9510407516df57dbca4077ccb2bafae9bcd15a75961f276b7af66	0.583	1
score-context-142	0cb9bbe19ec1ea990ac6cfd0ca7edd11beda8d46dffbf48120777049fde05188	0.557	1
score-context-143	861982394ac7e891a21b6bbc98f61f55fcd9d17002345a347708170284d591fa	6.451	1
score-context-144	bbaf086b093ae977ee75d41107eb09d9884ea1db9888289985e33172bfb6bdb0	6.408	1
score-context-146	8b69b0f5d9ebb157716b3c3c0dd028039e5c87edae17fcdfec860c2cc9c1b4a8	0.411	1
score-context-145	10ba6d06a5561f55c9dd4d6bc6bb961b802fcbca5575692babcced0cc169b327	0.532	1
score-context-147	60e0d1cbefb379be6163d6d6bdc7b1b6add1ba74df17ba933408fb56d675d43a	0.701	1
score-context-148	92955ae2c88f2c01163b2d187cc9f8113ec965985ee6e3235920f8ba72a914d1	0.691	1
score-context-149	e95d026330d12fcf0b5d118539ad6713ff909fc5151cf266e97d5f53281e2093	0.276	1
score-context-150	fd56c353afdd30fedb22f77589505e0afd684373d9c16701365de01bb36b653d	0.844	1
score-context-151	818ee82bf817393a1d0d169e3107b7fbbbc2d4a3759cc82e53b3f27e28f7dd63	0.721	1
score-context-153	bed1becac00ad2dc2432ae3e9e5086f705836cb92945163e9986035d4652ca76	0.308	1
score-context-154	409ace2b9e754384f425c8395202c55f06ad3bf8197bfd7a64d65db7b853e678	0.521	1
score-context-152	968ff5bf6c4529d41001cfa6776b497dbc2b3f8f21c7720283f41844d91e091a	1.059	1
score-context-155	93563f214cf872ea799d20902437ee903b4d99b205a4e2c6d9eb653cb6f4fab4	0.31	1
score-context-156	298148159ba66270619e76f7ad9d12d50180b7a047b0a50eb1a6c77cfc06baac	0.704	1
score-context-157	0594a5e9359132a536de82a2283e65512539d9657daffceb3535901a5ccb9015	0.671	1
score-context-158	b4dc1c22acc3529311b6495f23567d809bdb930aa0b8986b49c8803ba2629f44	0.77	1
score-context-159	2da95b360dd3709474be62a412dcfe8aaeed6eadc6e7323383ba3264a5e6794f	0.724	1
score-context-160	e77868a77548340ac24f845f80992f6986f50486264365abc6f15ea4baa15dfc	0.317	1
score-context-161	fe160aaa029b96cffe82559b2df8295bcc50416b996ad2e5167ba738b787d875	0.374	1
score-context-162	7cda2f765aa9a6cdecbb82e3bcfb2a0d86a2d71d87463b03408ce8f1c3f9327c	0.641	1
score-context-163	51a9c6f031a7b7f8ec91e2d36ea6890ab33c60e5d42e64afdf13151cae3e2d97	0.583	1
score-context-164	2b5bea51e0318a4a1e7431413d187dd9f7cc1c1b636b4b09ef457a639b62fe40	0.343	1
score-context-165	ff606e7139519250daeabbd49ecb878836fc6ed7bf0b36e8475f61d45800eba9	0.739	1
score-context-166	5f58181baf2ebe0b59010f2b1817764c15c73c3140bcb872b3b226e96ad1fb55	0.55	1
score-context-167	fd1c82c9f3d49757fbb7fd93263ed98c71c1f2c610cf660b0c019545069bacf4	0.35	1
score-context-168	76daabdd8c73a6b9f50b9d84870e65d0a64df65881ed3951ca3aeca62c9c2d03	0.751	1
score-context-169	1508889fd502ce363ec3cf0b5db55c2a13d770fefe5c1f125c2f26e82e110a34	0.548	1
score-context-170	acd509a947242b6416c721f39287305ec650393b576f5fb6ed8546e50a116f89	0.844	1
score-context-171	14629dd549ea7d54b99c74a4a89eb685d55856615247aa409bc6703729ea7f93	0.843	1
score-context-172	5b6a47b6fe068c3a1050b6e2b5f31d840561fb75930589ee47ab3a0a385da2d5	0.276	1
score-context-173	719396cf2a5daac6118fa3beb36fcafdc826a84e10698e3d66d6863336568c96	0.301	1
score-context-175	d48ba89e1fa73ffd8f2d64c5f7072481bbaa1003ae9d1fcf402a3a0172dc2dc1	0.548	1
score-context-174	86ab35bef76bf8b25dd3a4bf0a29c1c273726fca7091fa9ec9c92a61b2b0a881	0.749	1
score-context-176	776eb000b3661020793440fcd6030c7ff737cfcb7c7b78ed7ec442cb86119402	0.305	1
score-context-178	4f5634622fa5a79e9b736760fdbd5fdbffe62df53202d831f28ed11b5557fda7	0.498	1
score-context-177	c056b69d37d95ba63758448ae5af8c9ecea3f55e3255a7ad4b9baf98b71d3838	0.821	1
score-context-179	330f584f403dfaa6057ed678593760d146780ac7b583869e725c8537e5c0c01c	0.322	1
score-context-181	72a33a5179fec7a9cb991da9ba167284642a1f86c20bccf027a247951c5b9403	0.563	1
score-context-182	4ba2ba910eb9b3bb36ed6ffb25a6bce0851963b366bce995090ac25c2e429230	0.29	1
score-context-180	901e6fca1cab196115d83d2b01b8bf596e861b0740452df4a0204ad40163e3b2	1.346	1
score-context-184	eaecd119b0c1211c2932679c28ffa5d271eab616eadca3f72d763b6881135b84	0.627	1
score-context-185	756502630f691364c4a5f5b6dcdc0528c822457083c0520c23f870b9da258b97	1.452	1
score-context-186	14f4c7ec32b0ee6d57f8e56f2586f1512f8d99438e09b88e13d8ea678624c996	0.564	1
score-context-183	0464db1ebd961ba850f19ff61eb022cecbcd231a27da6286698f7f2b868d5e9c	3.14	1
score-context-187	160b874d80288b5fae7455700963716fd2634b2d6957be1347857cc041845cbd	0.342	1
score-context-188	e0d2041c2049416abb90aacdd2c66d0a61d58c8c0e0b6030ef7c8f091acc64a3	0.576	1
score-context-189	b953d887d9fbc4462e57cbef453a13a092ae0273bcde898e2cc4465067905600	0.57	1
score-context-190	0d46f79aefc54033b16caf14a466e0fe9fb4341c4712ef5b5743ebe9b93d0160	0.336	1
score-context-191	41675787a7e546aa97649de0f2ecaf9190d01a35564a3ef88113af0b20a78536	0.773	1
score-context-192	9dfc62ecb7debaa7c6d55ba70a40542e2e111dd17acb6fb29c71636756d5e543	0.59	1
score-context-194	bb3b8f3856b580fc36c40f1f05f7b5a2d838f7148e00bcd7716117e3376903b5	0.289	1
score-context-193	5bf16c7cf4dc2f0c5b180f40e1e4a847ee4cb684b16f4dff04d4e0a4922bc07e	0.398	1
score-context-195	f13c74b352e358448f483f450660b7d6a7ea50e34563541b79993d8764fa568a	0.562	1
score-context-196	71499cff0cdeb313f1dc48cdc40084c9da81f9c5b9f2f06f3f68ab3494014d42	0.531	1
score-context-197	0d6adffba61e51cf25091be19d63c90cf1ce33b50d24cb5abee753b0b8c3068b	0.282	1
score-context-198	beeaec2853ae98da07a639b97be5bbd6afdb77436484980d34e57789312b0032	0.299	1
score-context-199	28db20bdd969e65dd886be269a55fbf81d916148feab45ee8bd676af4f6dac30	0.306	1
score-context-200	446c54bb6a7bc7459a6114f5aea8655cc0b1bac8de6a60d5edb7fb00afb83aa3	0.347	1
score-context-201	9bd7758186bb2c7f2eb9e713c7ba10ef7c46977bf0f2645dccfc5c84f4d7d310	0.73	1
score-context-203	48bf6d03a092926957e30b163029c9fe6eff94379a47ecb09b19675cae42c78d	0.275	1
score-context-204	2cefe9310a8a4dd8e73d165c862df8d4c2c7aeb82db25ec31a3dabc28ea59262	0.3	1
score-context-205	47ae4e886462f8e5c1d9f5afb7debe8a27a48d2357a48e5351b2ed88a512c6f7	0.485	1
score-context-206	d32a49331566f6ac2ec2533b51603afc38c7b982eba3e0594257aaa039a54f37	0.278	1
score-context-202	90ebabc8af4ceaa67276c31e6afb585214ed462f51aa24f291c1db48230c2096	2.438	1
score-context-207	0de74d7496a4472b907026bd773072ec3918866b30971b723520dc89ad7998b8	0.52	1
score-context-208	2ea360799efd4a7811fa8ccc9e64d0493e8cb35ce64488eeb035dc6029665576	0.425	1
score-context-209	01f1281dd3c03274b5f9562ef6911c9a08f0c88dfb5b995e3a1f43870b4e30de	0.397	1
score-context-211	da5981e6f0ec43cef23df47db6d74dc8b0d2d43aa63e2f19846b076883c95ea2	0.56	1
score-context-210	77930adac601bd3d86d6cde2fafea698fa0901be9ee47898e3013c580a5f5962	0.708	1
score-context-212	6584d87c5aef3d1b0bfbc8bba0949b8001727563361e3ac5aaf4e12879168c7a	0.313	1
score-context-213	f84c9cba453dd0e9b7249e1c7c6192f2e2c7c909d7978cc1d2b38c5a6e238b18	0.972	1
score-context-214	0b3b9e50f80be5ab1e7c690f71f440242fdbe308dcae4553b4f50360ea5dfb92	0.868	1
score-context-215	c403d3138a5b2550e146f0fcaef612d374033be8e06343cf0b4ef32c9169d6a8	0.291	1
score-context-216	1fade09994ac3e525a2f395483dcb36be2339d9db08889e8e2ce4a994ebe2145	0.311	1
score-context-217	3d83cc151621e5593a62b6c02559854cb33387c2ff2fba91dc4177392913d4f0	0.684	1
score-context-218	aca568f0459f6f2bc4d40a9152707dabc9c48d2e1a10bb40996918d3f94edfc8	0.652	1
score-context-219	de505da062d14b563fa13c8705649a9f52821f6bf5f72df825a710fb586cb589	0.298	1
score-context-220	1c0f87a6773fd1e51dbe607bc3977b9b10fde035a20ab7071c41f1ccfbe5ae65	0.294	1
score-context-221	e62a4afe231d9e200d586303c40dc16bc4005096284b69abc3ca6ecdbdb14aec	0.266	1
score-context-222	7a132c7c02fa70a73c9e8d4c311373b48642f9198537f21fc6ef3ebd2a9574c9	0.32	1
score-context-223	13aabc38fb927e40753d30db8f403538b912d0f14d0b95d1c32df63549661e77	0.288	1
score-context-224	9afd95543e4f3da7916254fab9962dfb3b9f341abf54e422f8ad606b62c43bb8	0.293	1
score-context-225	dffecb74d2e37b0277db95040abc7731494ea00f46c70f1fe42a82dc80885cc8	0.299	1
score-context-226	d9820394418096650697c99b49ef98b8461034945128d71684ab79545b04e8e8	0.276	1
score-context-227	39047d2998045361f7ca2d7b98f63c53f3a7c38f305116d9645314772646d9b9	0.263	1
score-context-228	db542af0751d9c683d7acf56217a15d04c99bae6247407dcaaa53ce3af89bcb9	0.284	1
score-context-229	64ddd5044159867f645a60c2751245df258bddb9b4780bec95d87f9974a144d5	0.27	1
score-context-230	dbe730bfe96395e5ac63726b86bc8c1220efc004cc18da04d43f65720f6c65fb	0.29	1
score-context-231	3f7fc04c2f744d8626b233aa3d6e36efc97996198233306d5fd20aec9bbdb3d7	0.277	1
score-context-232	b5f571c081e14fa2f3db3499854639671ab5f3870e53e5aae2722c7dcaa8a761	0.28	1
score-context-233	c6ca5c7e383beb8f909b012b4c770a910eeac8baa1202bf414a9432f5dc39959	0.307	1
score-context-234	04d77b68db34a5963e05ea964e9771c905f131a82182f9842991c17877689591	0.28	1
score-context-235	4b4bf5f0c4a7c14b6bc53415c2a2897d2b9798e3ee9508755cbd6c7f31ad0b8c	0.289	1
score-context-236	d0e4aa9a551300e8e250f6ed7f33dc6b0909037885edd924945a4e106c08996e	0.301	1
score-context-237	dc2c661b139eda219d8dc3e046fe9fb72d583b2b81fc992867ba67450bbda9de	0.344	1
score-context-238	b25eceb91f42958e2e95b3961ea64a3197a86dc7dc65e81744b8482b68ca7f04	0.362	1
score-context-239	ce0ea13050c8055db08212def691412315f857d22868eb40a01e284ff08d5cfb	0.319	1
score-context-240	fd836159ddb397670e55e8bfebd08723f470dfba10e3870952068ac7e7f72ad8	0.304	1
score-context-241	ba065c7553caf83c71e0d91fd95f9abdbe7f81e8df4de999c91e7b8d03c2c63d	0.319	1
score-context-242	fc2ec730e9f4b3ec2108d2ececd028278f23dac79070c0f5f0d7c38ec645d8b4	0.298	1
score-context-243	a14082311a73c453f4cfe574a083a8a8483a9e9fe9ae13807396149f2cc607f6	0.369	1
score-context-244	77eb1d43518bf7861ffdee34da6bbdfebf77c4039e03b85758c3d795b6a794fb	0.511	1
score-context-245	6a53435592265c0ffe4cdc6ceb7cdc918cc80b6e4d840222f42b7ab15832606c	0.285	1
score-context-246	d1c25dacd9e3a7becb70b82e1b97f1d6c2214fd27eb6bb599ca1434091fe5fb9	0.285	1
score-context-247	62e2e689558b4bedaf9013d0543dc710ca2cb8bb0c2e8f0b6af0c242566d3b8a	0.333	1
score-context-248	66b229957272858c017d47f1d370bf82b610a39b124ef8888b154a7ac380ab61	0.335	1
score-context-249	c2d3fcaf4bc639284f0d852623acd9fb096662f341c460db9942d5929d9473ce	0.314	1
score-context-250	de28c449ac083469fcd2f5d00e98d2762d51dc6fbd3c3c90babbecda7c783911	0.278	1
score-context-251	54ef96f94e9606954cb89474669394d00b8b22c8114320aa7519da2d70a284dc	0.277	1
score-context-252	60baa36b1a025319acd3861199698f5788b699f49ec1a6140a27c4272f2d4048	0.312	1
score-context-253	ce25d0492efcf1b3ddab82e8b0c995bf0c1c0425eadf6a5e78188d33c415ea6b	0.412	1
score-context-254	ddafba12d631b1c0778e8ea1364b016054ead5c4052a4bcb13fcbf93c916c463	0.297	1
score-context-255	272b51df18535f229de72f565e38774dd2995d533ab2c6fbbd8b3fa855eee730	0.34	1
score-context-256	d1e29f39004674f7bae09f05049f74c0c8ef4da16a0635b9c264ebee1db378df	0.289	1
score-context-257	580815293f84b49e9edbdaa3aff4dccbef49cc7b517c0c1238aa8ae1de1ed524	0.279	1
score-context-258	52eef7ecc36c025fb1083ff02e9d20b9cf8438c090237b63eeee75913ea639f9	0.362	1
score-context-259	1f5070424f5eae043bf635bb2a903b45e32d1554dc5629b1b77469e608a87930	0.301	1
score-context-260	1b4aa7a891b1edd1b0ef3c48a2fbcbd2634f603f53fabcaf448ef7678d0f3529	0.295	1
score-context-261	8a2c3b7aff656bafec9d4a5508f8f810462624a30aa575fd6d36c2218a77fe00	0.343	1
score-context-262	7a75636a4041be9df9f6ef036de0c583398fcf9f224880a607e8f10021e9ad7c	0.294	1
score-context-263	6b5b14805f11be78598713e3325bd346e74640d25fa8ae0d6d51bc185f32e93f	0.275	1
score-context-264	d507a2fa509d121571ca5ffb93c8ee88ce35f7b53f417ad0ff6d05bcb4678a0f	0.287	1
score-context-265	8d465336d66c30287578b791b3dc53a9c49cfd75774a2da118976a0034a81d23	0.259	1
score-context-266	aa0789f6f742cb59b783e2624647dd9139af266463e234d26cc2dcf931f1ac59	0.282	1
score-context-267	69ce992619090e6c178512190ae7ae40cba62e56f2b99107dd24ba1122a96241	0.329	1
score-context-268	ff830abd72d6247a1fd1bfd274c35f7bc4c03c9aa3a964bbb4fe6483699452cb	0.319	1
score-context-269	df7ee132a32670efe8ffdfdf5d52091a6abf13758368d0399643eef266f4ab61	0.287	1
score-context-270	c09afc2cd9a7e1cc19c26c38fa97ddd470c4b4bcc49720e7f59e1c63b3edbcec	0.277	1
score-context-271	2056ea9136a978409e428f47a525135a66f1224ed5dc0975b0118c132b9d1a1b	0.608	1
score-context-272	f1dad3131bb09027c3fd6b0fa6bf5d9fa3e643c3dcefb9736080ecd235a03828	2.101	1
score-context-273	28289ae5818ebb19d4a925ff242a08761ff46d7c98142060832248795a518073	2.23	1
score-context-274	86fa318ce407179c81036b5769287abd7051d367205654dd536df6d0e27967b5	0.692	1
score-context-276	d2a3a3411bf12704d79d7bedc0cbf6b9c987dcd0a368cd0ac3e11ef20d7338a4	1.679	1
score-context-275	b208c5c791b5bafa7bf524563d3a7cfbc6cd3e48ce3bac0ff5debfd63c1cbd3e	2.366	1
score-context-277	6ddecd861d456cf62812c9314f80b38de77f9bdb7b8345865997ad164584a26d	0.635	1
score-context-278	c76a4eae4cb4ec5e2c4465c987e91ce43464f9d780243e0413e736ec4a3377cf	1.723	1
score-context-279	0ffef032960566bb1fe5db6e0b401c19e0a7f5de28723ca3b92bf2e9755aaeab	1.764	1
score-context-280	5e8ed60d34b15c7e3b8bd0199761aebb3ded95c09b741279bec0aa5fecf4cfc0	0.31	1
score-context-281	6c47d2b0793c02e1e11b09660911bf152ea43b7e4a46f3b44fcd40e678314553	0.32	1
score-context-283	7a8eb66e7d8a5d0546975075f13b925c4066da7e4d589e8725e5e83fa0389640	0.669	1
score-context-282	e2cc0d1c1f550158c8c24be923a1a607068a81897cc8cbea353af466d7aa8077	0.76	1
score-context-284	164b3e97f3c7984e5224bcafd217f4b7bb7032ed1d1de943afa5c98d2d7dbca4	1.665	1
score-context-285	72f680d91761928c3dd411226ac9d6f9771f94b500c1da08e7c9c14606922e71	2.117	1
score-context-286	34c6dd0f5b5e73888cdc9630099f7e1d1b10a96384dab9b616ebb2f528c07cae	0.569	1
score-context-287	c912e29f71f6c9ddd783fe12413dbeaba630010e5179bb11eb31614c0c21d183	0.265	1
score-context-288	febd4fe5be440b3ff99f0c7f5eddfcd2ca7925ec061091441b8838b428089a84	1.955	1
score-context-289	86ef73b072dc646d449e40b19fcb3664401db161049ef4641bb40ec8f8523bd9	1.863	1
score-context-291	9e0630b4b1f919893f3b7ac2918c12a2f388bb7d22a589c0b08a8f1e60700a8c	0.626	1
score-context-290	a0da30ef8ff7596e34d866233fc40cf0595ee3b1572cabc570e61894be6994bc	0.761	1
score-context-292	442e7db77f06bc1c9faa3141e3de2a9cc010d32ee1dbbb2f64c34a6389716b8a	2.098	1
score-context-294	288fd1e2f679be05a9aee72daca3c3018925be15d7c8968415779f41811a38ae	0.422	1
score-context-293	4efeea7fa822a7c762b58bad73a37153b2083ad64b478361a19e0391d1eec953	2.83	1
score-context-295	68af36d6eb77ec1cd0a30c75fe2d1450ac56bff2cfd29a8b7821791e4b21ec23	0.487	1
score-context-296	198244e7d94df124b0b2bcce966ec88ebece5d158c35a0ef8c3c50c22c1a162c	0.273	1
score-context-297	7ea7724cb6d8d9c518a9f639a5aabec01934f84f8c97385d1b7fd75ec155b797	0.307	1
score-context-298	6bb9cabb28f67b2a8ab0ae1e55b8bd84f93274ddb4a52c1d57727c7160267f03	2.197	1
score-context-299	da29cd452a79c52cb2ed77e37852a169090bf94b342a9c6b28fdbfc60ff917d5	2.159	1
score-context-300	4467e9a327f1195305dccd345753d3acffb1ba08dd3d51acb40e3def25d928da	0.319	1
filter-singer-1-01	878eb399da57b86c2f5eb82060b54ed6ed973645c471ceb331f2acbbe0c061f1	2.217	1
filter-singer-1-02	44a2be48eebfcbfa403183bffc0282684ccf132f9a1a66b345f835fe4004f27c	2.032	1
filter-singer-1-04	b569e80055fca3cbc85d91bf5397314bbca62beeeb7535a0e662a24d40cf7148	0.603	1
filter-singer-1-03	ff86ead623b73c874f28ef6cd3f6118ca9357dc6437afa1622e98c5b6604fee3	0.668	1
filter-singer-1-05	6cc831642f83129712092e402f61e7c7bbfec9a3ca21bfaf1294bf9015315264	1.754	1
filter-singer-1-06	f9dfb27c55727a72807e296e81a3462f25bad6f65c54934d06001bc1981577b6	1.79	1
filter-singer-1-07	575f7a557a58a8c72045792f6f032a491b85cd9ba3328e3ae27bb59e30a535ac	0.628	1
filter-singer-1-08	5beda45410a8e34d94093c32d7638f71e16f40e773b56dbfb12ac8fb43b831cc	0.592	1
filter-singer-1-09	135b59a20b80f0d61123f050e6d8e5aef08988b2b1dd63387ab33e71270012a5	1.747	1
filter-singer-1-10	9f64308da8c6f5e8f8a8a6470bc91fdfa1fb583ba95a9bd9744eb25ab545f3c0	1.75	1
filter-singer-1-12	d4e1b2dca432cab3dbd6ef7dfc6a974fafb29b43d490af1394ac77986caf43dd	0.675	1
filter-singer-1-11	5b68c48a5d6a1a0882768d2cdfdfd472acf74f51edaba134dcbd34bcf4fc7d6f	1.172	1
filter-singer-1-13	3bf16090f7ae2c3ef2a57d9f3a79b63dc8e535653464ecd15f0aa8eb17c8dc8c	1.672	1
filter-singer-1-14	3ad4a390bcc68e03b84a2403cb652dc4131413c301020c300da76d4820705400	1.384	1
filter-singer-1-15	f53943f667eaa50674eddd8f8b2a25552ca2de0d8c11e114dcef0a07bf357dab	0.61	1
filter-singer-1-16	d08bb60713f2198511667c3147e284fbbe87e722fefd848db9f27a3ad5ebb3cf	0.527	1
filter-singer-1-17	adc7cb06f5b6a64016d5585b64165b1c8161bf2c4fccb83ac227a361c4721c3d	1.782	1
filter-singer-1-18	d7a927809c4e48ac397bfe3c3ed92d0f8152120198d7f0de7f2d1497282e6f14	1.72	1
filter-singer-1-19	a9ae97b5bdfa6e9070f60e0fafee7180080c79812ddc1c2b2fed5fb5bb5037ab	0.528	1
filter-singer-1-20	b4774ad1cd969c1c8c078f81ecef25da82363b6b303b8ed5e601d63c8c411b41	0.541	1
filter-singer-1-22	0d17e314562f7135acb38da632ea0a119d2bdf8d18995688f92f81cc69db277e	1.806	1
filter-singer-1-21	ee3670bc97e852f11de6289886f48a6521e8c083039117abcca5dfa078518b4b	1.879	1
filter-singer-1-24	a43a0aa94d19db0fe61d7b1667ffe77777c1fbc789504d78a7aa7dc81b350de5	0.476	1
filter-singer-1-23	3cc7fc190028c0be433006a2355f25ac7ac0bbe81675f71fac9bd4bb107431e3	0.552	1
filter-singer-1-25	63a7a3bda3e255cb749e56f2c8740410b55e3fc659adec3fae8776b1e3faba9f	0.336	1
filter-singer-1-26	757ecdac4f4f8e7fdff16fddf4ebb45def90851bfda17257e893d9d5f681551f	1.892	1
filter-singer-1-27	fdf4e5a5ea09074887be22e97d3a0bb94282aa9b09c95319f16f7a7a3e7526a9	2.23	1
filter-singer-1-28	2df35c37c35cb821d9d36d99c55f74b78d79a30e500b8b7236046dd088043051	0.701	1
filter-singer-1-29	1b281da8fdb9f042470a2449f1b0451e62c4682730a7c36bdb88ec7f8dfdfc45	1.598	1
filter-singer-1-30	0be6b9e4606b60deca62704514fe34487416b284ce5c9045e620c2c7ea975c1e	1.639	1
filter-singer-2-02	2d310ce33a5079322c1ffcac3b67b575af74426a06eef59ea1792bca8498d585	0.579	1
filter-singer-2-01	adedb9a865f347d90d5584df3cc17973b181b6d4b007c231283c3809ddfb09e6	0.725	1
filter-singer-2-03	91ad3a3c126adf7aa2e8601d1f2965d2c534696961b7248a27b9002897e3970e	1.673	1
filter-singer-2-04	ffd48e5923553b097fefa854fb8260caee1f8acf9b627da76f3bc3823584cfd5	1.721	1
filter-singer-2-05	d114b23187aabbe3109ae2d062ec99cd6e9a05f634da37a852d79a6b56342761	0.673	1
filter-singer-2-06	da9f9ae486a0e9e55bb255b36b9da1d7d8dd1fb63662c091fa96c10ab9ab7af0	0.885	1
filter-singer-2-07	902106daf4b3b494fcb54ad126d135fcf3227f059a7f0b7476eb390b46a125ce	2.677	1
filter-singer-2-09	04d4f958ba32a69ce8f5bac1a24f31a65837b9f9a3787dbbe9a513e8cab86e21	1.514	1
filter-singer-2-08	a86141ebea12f674ff359f0c278a1cedc46213aa8a569916d47eaa764e2fb47a	4.238	1
filter-singer-2-10	33b21e7bba9ad6b800c6311a300ac62dc99a1451341b5d19dfa49ea5d62dea3f	0.586	1
filter-singer-2-11	b88ad578bb7a18382138fe638e56101762e19c25b1ca5a5740e1b82fc477c2db	0.477	1
filter-singer-2-12	6f7b373320b9062e5aa17f07a6c1f7536adb807a803d57de320978dc883c831a	0.292	1
filter-singer-2-13	20cf595a2d550094fdd9a69895f70ea360fbe2421c32f5a6f12db4e33c69743a	1.811	1
filter-singer-2-14	db99edaed1080855f279233bbac5199b6311f4377313177aa5fd95d76842df21	1.836	1
filter-singer-2-15	9ba898a0e626a3484178e2ffd7f0db5bf9e83dd5cd9b6cf942a1abe70d5b31e8	0.615	1
filter-singer-2-16	14a86aa82de530a892bf8a08dd2070547f75d7159ae78eb891a3f60841c6824b	0.582	1
filter-singer-2-17	690181ac220ea8d53e1a63148db7ac1df53334aa4c5f624faf7d13a53b88d004	1.655	1
filter-singer-2-18	4fe2bb29c0f3855aea19d2315661013595fc1588356500a98ebf9827f1dfc709	2.139	1
filter-singer-2-19	fd3fec90474e78c4249744ec67d109df63975cf8ecb7d8550162fdb43ee80c78	0.578	1
filter-singer-2-20	200343a0ec1849c915ccbb125646288c1583140cf33d42fd23db82dc4080c0f9	1.678	1
filter-singer-2-21	f2ec25517baf12c7dfff88f8de77627a5268d6f8f08e7cdf3052f40d53384d9a	1.671	1
filter-singer-2-22	9652d7dfdef7c59c0a2aa030ee0d6f00494c4f76048c4ff0b1bd51cae5f38b31	0.626	1
filter-singer-2-23	a8a749401306f50dc30b0635e6eadf736cee9d351415a28925a11896e7a255d8	0.622	1
filter-singer-2-25	8ded0072cf88b9ffbdba538b0b4d1b4ccc180ed1bbeb775c0071c154cc7ac791	2.111	1
filter-singer-2-24	9a3be8ecca098bbe323ce5f459edce38f03c0477b68dfc0db133d8522d70ec44	2.176	1
filter-singer-2-26	34ad8aa2cdce0f896f7e92d61d448290624574c9ff4f1ba804c56469579d0dcd	1.652	1
filter-singer-2-27	69e9715c0db66cc9331df3d7cd1e9df59aa2d4a47de9c02db79179c5cf08264c	1.749	1
filter-singer-2-28	c034c84f02ca00a07229f5462b4b955f0b58166d23022c8d8198986cf80edd14	0.602	1
filter-singer-2-29	f86020119f923446c600436a7c85e8cae954522dc87afcf40a882116a0715f99	0.54	1
filter-singer-2-30	2dffb69534133d405e400fc32e802f781d8dc6885f236f239506179094ee2ca7	1.732	1
filter-singer-3-01	78a4a5c09f06ba3ae8ae410394d41129dd20344c64178b4347f367f11a6bfc57	1.716	1
filter-singer-3-02	8c45cb97b62a1ce49f9d3c30f3f671a3fff21fd71888f859945015d2bc20fae5	0.594	1
filter-singer-3-03	a3bc9f265ae375ccebedfd5dcdf8c9a4f37c818d7530e6d30233b93d8668d1e5	0.581	1
filter-singer-3-04	9755bad6b61b75ab72f7a7c324b430e197a2cd4dd2541d359b6965906e0f52b6	1.67	1
filter-singer-3-05	581f46cf1246ced3fedc0372aa2f0c9532b3c23e09a0dabdda23313e232ae916	1.67	1
filter-singer-3-06	5f9701ac7e152bca93c7b165719b26076e36a2025a80db243055c73a3561553e	0.648	1
filter-singer-3-07	cd36feebe34c266954df32bc12cd2bf58684fc2fcf4a099129e93b4ac95575aa	0.645	1
filter-singer-3-08	93cc410f54d6686af58f622d795306373d7cbf7cdee028aaf76de5aefd0faa3b	1.719	1
filter-singer-3-09	d9b259e269da840f13205330174d63282dcdf26d858c0444e502ed8e7541a1d3	1.721	1
filter-singer-3-10	b66393490d160f1fbe697ba49aa51214c535e557b1db8dc1b46cf343d2da1ba8	0.714	1
filter-singer-3-11	c74210ef927d995fd6fed8cb108e72d30efb62a517530a5373ace6e9cd6d3f85	0.732	1
filter-singer-3-12	f05b6f95537571c996b280197cb7285bc2af1a394b4163b4d87ec361fa91ab49	1.648	1
filter-singer-3-14	90692de3a147c6a36463ea83a8c886661d0645665b8b15daa2c71e3026f498a8	0.65	1
filter-singer-3-13	c7aaf05c5115faa67c603998a9e17018fe2dd13646570f6a5a8aaf2f5d425791	2.263	1
filter-singer-3-16	3164654b996aac93879bd9cb41cc3b1008358ff0a1c3018f99f164645ce6e45f	1.691	1
filter-singer-3-15	090f5eb40f66850401addfd0ca431727252581b381442b2029798ecef243119b	2.142	1
filter-singer-3-17	8c35cce0463f810a110268c7f8e155fd442f47117c79280a8aedb6ee14ec4f6c	2.227	1
filter-singer-3-18	d1ae90e9d7eaaa6dcbb9848cbb7e797af7d28653664c990a0c93bb982b5a6f1a	1.835	1
filter-singer-3-19	1c74a22b9438e0e5f8650ac5a2c6a3943bb4bded360519eb10a29ac79b218c55	0.665	1
filter-singer-3-20	f6d085c4393b2c130565381da89430fbafb5f9554ceaba3fbf12cfd8817d7a00	0.656	1
filter-singer-3-21	54a1e77062177f76cc0d0a9dad9b1729a8bb150ce1cc80d76be186e55a82d1c0	0.27	1
filter-singer-3-22	d7ea1b3c1371e3a0c55772e032fe98910b86d9365615866a747d685c41a0c825	1.817	1
filter-singer-3-23	bb22262ea7850f6dee609d372299ae91f1820509bed03e32a037944339dc7fce	1.618	1
filter-singer-3-24	3b2461a6579d6be9d0c7213c0d6dec2f28777d761189798d07c79c6f866dcb80	0.609	1
filter-singer-3-25	a0535eff6734c083e6885fde12e139a90b64428c38ee0dce203dcd398e68d63b	0.618	1
filter-singer-3-26	e89bd51f4bac008c51c8534416b41983c142ea00b06b04ff3125097c8f0de6f0	1.831	1
filter-singer-3-27	e21e8b212a24a175e45d179731a0c507b3afcf7bf4f228b9a44e823e897d49f9	1.825	1
filter-singer-3-28	8b0c48d66b5f789bf7ec6efa964d4f3b99243427c4dccdfeff810ebaa83032fb	0.516	1
filter-singer-3-29	06ed3521fafc20bcff807703bd8ecafa2b60a029ce51762b8bc25f43ab52e840	0.516	1
filter-singer-3-30	2f51e711947a75810b895f5ef5ce86e6c00e810196611dd317e78a82ad609662	1.816	1
filter-singer-4-01	088295abf58229e8e13aa60e7a365446615b8629a5988686393c84a5663e8d40	1.817	1
filter-singer-4-02	5d8a0d4a88a710d428f523ad89958df6f4cc4922f0845ec52d7e4c531e3604b8	0.538	1
filter-singer-4-03	cd5397d611a717f3bf91cfe1f76636d5ad5fbc71a4bc9a2d6339a549156c90ef	0.537	1
filter-singer-4-04	ccaad62a854d2bd2bff98823ff170ae9639d6c97f43a2c0549ff45596e6f084e	1.759	1
filter-singer-4-05	8da0ae8c28183b8760b84b19bf7e6bbee58fa663d2abf8d4ad9e3859da007cc7	1.77	1
filter-singer-4-07	0b70eaa5f19c03656e924e5cfca92cce4fc0b3ea291d0da2d92bad004dc1edb8	0.59	1
filter-singer-4-06	2d68b2e14af8c635bf123f4927abd1cf9e053935b2000f70b4c50b3d7d3b3f1e	0.699	1
filter-singer-4-08	259693c833ac704112745378e2ad1812d0969877832bfeb47598c53e218809af	1.637	1
filter-singer-4-09	6157693d7fdd7aafde23530c85167b90d33cd8ad34147b64dd8d4d13d45a12f4	1.613	1
filter-singer-4-10	d9106cfeaad71ac497e8b54f968b890567102e3b50558210f45a566a93c4c906	0.716	1
filter-singer-4-11	95cdc3b3c8e4feede8db8b37c976137d77da56318e490b3c2e67b1aeca47ce54	0.729	1
filter-singer-4-12	8a34077c5ab060e6311bf35ca9338d27914534984d41ce1de0b6dd027b0c5140	1.652	1
filter-singer-4-13	a15f55e4e99eae11b57f8e5de83e95037746f832273ddd15d4bb486c0068560a	2.113	1
filter-singer-4-14	a384b3d706b686398bc932523d4d2f5dba28908cd4ea2ef5f827c52ad4dba7bc	0.565	1
filter-singer-4-15	921686f2408052c1df73d1238dc56d4dc96551a04d0454a85385c38eb098ca17	1.665	1
filter-singer-4-16	61276c856a65b0f740826791e76b8adf48c3bfc15694c57e3a7874146961d10d	2.094	1
filter-singer-4-17	8086952cf6bc0048e1369b850331c8ecc0a171693cd84f35a14f72d148aa5842	0.517	1
filter-singer-4-18	0f1e1c48b2597b9a354cefaff7195a44b580c4cc2901f2db3433be05b1de2147	1.737	1
filter-singer-4-19	4c63a3445dffca24a2bd1b9e7a2c7c012b345122ad37bf0ec71e43b09b1abf3a	1.738	1
filter-singer-4-20	0d109575c64762d805bcd7e80600522e0b9359537d8232d9bea3aa309fef08df	0.276	1
filter-singer-4-21	3c7e01731fffc3d2d0092c87b5b77e6d6036b5affa0cc4bff303ccf89f856959	0.287	1
filter-singer-4-22	e9fad6bd197b05e26d2b639e8f82f31a62bf563f152c80e467fc0a76c5963a37	1.743	1
filter-singer-4-23	250f79901932b01c0612eea6abd8ea8ac0a811fda63e30cba5caac8f6e157721	1.728	1
filter-singer-4-24	715b6331d66bf058742bd2017afa382d67467d4a36e440ec298e626f3182cfec	0.332	1
filter-singer-4-25	001b81ce3078bbbcd31337c3a769f12076ad23f8d38656f3782a03b24c73c540	0.325	1
filter-singer-4-26	6e9236c924319a04c914b3517e1244e5212c63e865a4a656466ae57571947273	0.292	1
filter-singer-4-27	b08e542f6e648d132c406ea9ff41380e2a3a6e02c8065b6a43431dd8a52c1d6c	0.298	1
filter-singer-4-28	7d0bfcf0182979e6eb2bc1e7513ce32085192bfcefa5615ba2865ded7cbd9fcb	1.693	1
filter-singer-4-29	7e1754fddd3f16ada9185202e2441682bd58be794da499a9c86d146e13aadf6f	1.756	1
filter-singer-4-30	2e0c78f17f35011b58ec6e370498749f78fe7bfbcaac05dac21f71b2914633b8	0.269	1
filter-album-1-01	13a0807e21debf906b7ddd7731a0cce8d81619255349033a47e7ade1124dc938	0.283	1
filter-album-1-02	1c88512e2a58dc1485c7aa4550d3c9f5a11ccf4778f01d162e81f658800b3f5f	1.859	1
filter-album-1-03	54ace9cf04208cca75a100fa19576296be8b9fab7f9721a2f40806583d82064b	1.852	1
filter-album-1-04	c31310df7f67cca2516e061862d7e13345b3b3960671d010c84083c72d6fba57	0.269	1
filter-album-1-05	04722e7391ba455c445fd17608ef64b5d9f7ec094bbefa5f1f6624118752446b	0.497	1
filter-album-1-06	d9c2b53fead1c0379807dd003a98f1d9d1e1a9bd7deeae6898565323baae9329	0.407	1
filter-album-1-07	0162b2d5f42b0d7bcad5291280619e444858789e15695801439d2460a11ceef0	1.834	1
filter-album-1-08	622043264c5140cf35ad4c425640d83a498497e301e1e65e19904c1f3352acde	1.832	1
filter-album-1-09	eea7f85ef383fbe2c40c9ebf13e670a8b775641c01b6a5b22a207f39e1b97046	0.235	1
filter-album-1-10	7613c175fae237ea0543ecf3894f69223471cc49e18bd066e61578f03be32b4f	0.273	1
filter-album-1-11	0fe3ab1ef2c334779f6121ab9b0cc58b57c0b92c90637ad8028a5846b79af4f6	0.358	1
filter-album-1-12	92008f3366c1728faae1ea9d15fc9bb59bba744f4d99d7a05f1227fb2bafe6cd	1.973	1
filter-album-1-13	def1ac41f32fd0a1449c3502f875e0825a738b4ca44848f8bbb330175e42dcdf	1.931	1
filter-album-1-14	b50bcddd70c5e6c377957ce5e4b9c09d7099783d230c22849286a6a22d1822f7	0.309	1
filter-album-1-15	bda255e49fb10e3d315bb40169355bfac8b2717041f1a947819dc6e54d7b0ab6	0.243	1
filter-album-1-17	2378e863c4628fdf587ff532776f8680df02c2c4335c04ef1ad41f988b59b574	0.463	1
filter-album-1-18	0b859de642d6a288f0966ec4634b59d6eaec1e7158740f1b9aedd175a53e8c01	0.263	1
filter-album-1-16	8a540168e5fa058d106f741202c2f30498993fd3036227fbd2e92fe3cddf5dca	0.984	1
filter-album-1-19	de158884c4b3d19f8f71e48411f941614fda9291b2cef41586e3cf5e2cd9c0cf	0.273	1
filter-album-1-20	caedd43dc35a6bce27cc69e4bce55e416dd2c8f9fcbfb0e307bcd922d9a97d2e	1.815	1
filter-album-1-21	970c08306373b860341c761f22000f64ff9fc71d006b98776d3b38c1f10894a8	1.697	1
filter-album-1-22	bd033a25d3c0ee1bbb3e9a4ac49dee6150d1029e1acdc99e6bf099fb7b5d7dcc	0.28	1
filter-album-1-23	0fe55f48ce2896d777817f082dbec464fbf8867b8b060fcb50f2e5c70b09d334	0.289	1
filter-album-1-25	dd1a223997995b550079644d2300d4d78776c558befeb2fdbc2390023318dd5d	0.241	1
filter-album-1-26	50890eace1a23769ef6b15cef7c844c07cf7ad6f8ae1e9e559ab7157a39fabc9	0.275	1
filter-album-1-27	6248641e04b033ef1b606be4c173e36ef4cb745e661f4254ed3bb9a4a5b01ec2	0.351	1
filter-album-1-24	5b6648eb861a58f291a49379810053ec6b718582c717e077c967198c7f62b503	0.985	1
filter-album-1-28	740795ed8826ad7da022c7af1aa73b8c1436a0493deba411e712d617d027b02b	0.257	1
filter-album-1-29	cf9ba311bf8519aded5568e9490b0b06264851923f36654557f6f43354a86a5c	0.342	1
filter-album-1-30	a416d83e2899ad7f9621cf837c865aa4e959cc46d0987c1fe274e1e010e153f7	0.24	1
filter-album-2-01	1d591ad1e985546b5ebd5c89c90fa88319c83f154b3d869bd1805679ca832be9	0.297	1
filter-album-2-02	26687ae4cbb71c4e39ec79126d0c29b6305f911c239f938a4d832c4cfb10a1fb	0.359	1
filter-album-2-03	1b8e0d996990b2028424b91130b34008fb9a1d050073b848fdac2f18dc887fd0	0.306	1
filter-album-2-04	68414839fc8bc2425f48fcc33e5e97de70e3c22ee16422e332a0c1ca5f7869cc	0.249	1
filter-album-2-05	835b6823737eae19c5d9df31cc9967651c0446278b97a8db862ce6f94ce6155f	1.821	1
filter-album-2-06	4048944b74009a555ad83551949ab7b21f22a9273c26d1db8be52a7fefdce523	1.773	1
filter-album-2-07	8024c4daaffe4494d1bc63a2ee70f6f50ba2abffbfc3a1b97850663396557e84	0.262	1
filter-album-2-08	7f78fe541d9b0cb37bb7bcd8730b28446dcc866948af9f0caa44b872418f4689	0.277	1
filter-album-2-09	4abe96086a6827244c92bf5dd721ca767d12179e451d8c75d15908d03398948e	1.853	1
filter-album-2-10	d079e0f86b4bb5743a561eaf17ed070a2cb5fe3552887af8ef97367ee8ed8a1d	1.849	1
filter-album-2-12	4fbf335af8412bbb5c09c51ec9948ac8fb928c3dd7c94b2d7e30d8b9cd1e4d17	0.296	1
filter-album-2-11	d9fc79a753a948317a48aa58fffb54b0bb848569a1fff75273c6d4d28b2be5e4	0.369	1
filter-album-2-14	ea7aa99c677c341915c289f6606af2b04dafd387a83bebe6dc3e244051617b33	2.054	1
filter-album-2-13	6ca57b8f190fd9743973ee63771337bdfa5bad82a9f3af9856dad97907dba652	2.113	1
filter-album-2-15	fe0ca4fc851bbcdcac80330758204f3c553a40a872c67ea2d2ac4adf0cc7b167	0.254	1
filter-album-2-16	f92033b1759c1ed2ac372ee56be9bae68f873c24ef6cbd951e59004eb7d02185	0.323	1
filter-album-2-17	6e82be0386ace8d41bbe46bbe9dec9e2b61c4f4c4f9d870054c01b3c84227b83	0.246	1
filter-album-2-18	efc949137004ae2d29627c1756f978fdd39aa81b01df51c6a7d7b9f56c23d7f3	1.897	1
filter-album-2-19	bb73c045bce4ccc460f001f5ce699357743e3f928ba82e95eba622e894da4161	1.831	1
filter-album-2-20	18f88b97ba97c03577cf3301a113de25b775429dae96c4490d7187f84b7e58be	0.326	1
filter-album-2-21	5891342d8618095bcad91c0939e9a615ef0cef0dc33ef08dd3cbdfdca1188953	0.283	1
filter-album-2-22	02c2e1289a725918c0c7a0df0157952b3bed5495b1e8e2fdf82517a46589b74a	1.852	1
filter-album-2-23	76a526ebcb3fea347ba8395627469ecc811fb7f775291eaac8ea0f20caa73521	1.851	1
filter-album-2-24	56ecbadeade6ccfd2e285dc6f9b403313141d949797710172eb188af12c0b280	0.257	1
filter-album-2-25	1ee4522babb3433ce4678026147953c78584083ce88914981a08dfe9bc725fec	0.295	1
filter-album-2-26	4a5fc19f603f4dea1033c113a382d853cd005efb90dc76bcef4eec4c0f3dd16c	0.235	1
filter-album-2-27	0354d8515df7290b6c8ada286b19151448c66112e0bfc08cd420a50526a7c769	0.337	1
filter-album-2-28	4aac7864f1e5acbc657011f8f983e3f326f12f97ab1ba59fe3ccd18d94800883	0.249	1
filter-album-2-29	957799d66d65c71e393f3b9b46d863ffa0bb77536dfbe212b2ff6d1908884c4f	0.301	1
filter-album-2-30	2046a9a963f9318ac9e4a1eeb9ce6e1247af5b5e017c73eb7fcd03012a4a2c2e	0.3	1
filter-album-3-01	bfe173b9c0b0f4286af5b807f4a5d57199452f055ac045ea7e40a3407acf3fda	0.245	1
filter-album-3-02	470457b8b1bd9f5885237fd32645e9a4e3d00e83647a250617b2aa7974a48e85	0.395	1
filter-album-3-03	9da1739bc37473066efd23e02aeddbb62a9b720fc41a6ed80adc8244985cfad0	0.265	1
filter-album-3-04	aebcfb71ffc4af507ef213ad90fa057fcfcf2751b48d8668c1029d15d49cd923	0.231	1
filter-album-3-05	cd36e5739d86a0af8f798c6839bb226e251b19d01fd58c69d61f23b820dfcc18	0.422	1
filter-album-3-06	99d3e02c5621417642f7394d3b458d9dc8deb2e4ca44c40b573742ba26cf1725	0.277	1
filter-album-3-07	49a7e66bf4cbf8f290faab830e117ddca0633f1b3dc7c5655967e6fbc95b0e47	0.379	1
filter-album-3-08	ced8f7d6e3cee7eadeae6ead62c91a831439d848a922d0f6054429e2fe827537	0.379	1
filter-album-3-09	8bf74d3dbea95c92e307c9a8e315bd137ba8034ce727f853307654127293d66f	0.381	1
filter-album-3-10	df07a3aaabcff60e74d4b848aefa49a04b49d0801ed0b1c607f33514ac15832e	0.396	1
filter-album-3-11	2081964d8e8eabbd6adcf48deb197c3d29f99acc6f3c4abaeca905a204be4889	0.378	1
filter-album-3-12	ce32e0557b132640c553ca8e167de0f888b39e2654fcb5201bfb6023ee6d5eb0	0.373	1
filter-album-3-13	3e25a21755a99510a7429755efe4dca014aef557d4c9d3f7d7f8626b60480297	0.242	1
filter-album-3-14	1ab64cc70843d592529e3462b0843274a8388cb76b7e0809a6b7474e5f9ef63c	0.386	1
filter-album-3-15	34af4a567e44b97c91b5f073511492314a9c9faa52d4a6dd2518dc0bffb7f7b5	0.229	1
filter-album-3-16	2a12e34abaa581201582ee7710445c2774b03c1a4c8b5b9e47dc6756b49a71bf	0.227	1
filter-album-3-17	c35bd4c58aeb3a58ddbf5586fe77afde01f80b237d2fcd3c92cbe80d1aef3cfc	0.242	1
filter-album-3-18	6958b9aebd1d11726ca1518c1e7a3ef16e23fc93f4d41cebf5126b7a49664472	0.28	1
filter-album-3-19	ab460280c744f046b861a3a247908d3b1f09c518e1d8bcea3e4855d2cc4a357f	0.326	1
filter-album-3-20	59f3752ad001eaff68c2efd65a4d8a7c139e77a3502a885d9672eca35d7c18ac	0.373	1
filter-album-3-21	2b423863ab6397d51637a75ee38795063fbbf650c4baad81ecc36364f78502c6	0.314	1
filter-album-3-22	930fb9301b3510f3f5c86e05675de6a447e7b2f1122bc0ce502b51f9903c08f2	0.259	1
filter-album-3-23	5a2056a7f740c2542e7d58a1a8797f7ba6ceb10e8082fb443d476b17c4b151a6	0.259	1
filter-album-3-24	ec459b41969eee5dcbbaba48616529d2ba7cadfb58ba06a5c8a4377d368f7741	0.243	1
filter-album-3-25	cab6b9564dbcbda2d74d8794d35707315b7c38e98352a240b446ff6178ddaa16	0.309	1
filter-album-3-26	ccd932cb576e5769ea5c6b25e37ff0fb7b44cf44e97ff29af17d1980ce5c6e87	0.382	1
filter-album-3-27	7c47616606b31a6b202339c41713fae3fb0ef596479c27455ce792ce8e9aca5f	0.313	1
filter-album-3-28	f3f0a140c5ecb77af4da953af5aa911592ea767e5150358a799cd8ca9665f71f	0.259	1
filter-album-3-29	eb5ccae3ccd4ca596c731c1dfa3a016a822b25688ea9ea3ef0c2c09502f2c486	0.402	1
filter-album-3-30	d2874522c99861c3bd38c999133d267ec6d1c6d5991e089d956be5a0bc11f8af	0.27	1
filter-album-4-01	45d156d058653345a7beb3cbdebff3afe969fde16ebf7db91f7ffab24e0ba6c6	0.292	1
filter-album-4-02	5b5120f3c3fefe56c5fce737e1ca268d48bd7c33ba79fb4fff4bc0fadfbc56ef	0.379	1
filter-album-4-03	81573f5ec2b0470a2c1158385bb731307956f0526c974fd4f3ce6dbdb293d3e3	0.249	1
filter-album-4-04	f4147c05157237c806a566816fdeae5d7d2ae1fe4534cceb0e2ce2b296fe8aa7	0.405	1
filter-album-4-05	e34eacd8f5555fe1947248ae3713a801d11edca3ceaa442a2d70902913d28f7d	0.367	1
filter-album-4-06	fc1a25e76be8dc71e1d1efa2dd7ee703e85714b7dc9130be4c79add884eebcee	0.254	1
filter-album-4-07	cbb6f0030f690751d5b7f937d4e6c352dcb5d90ba74210d3f54deb992c5df4da	0.331	1
filter-album-4-09	a98c694f2c62a08c0e0f05f37cb0bf3b8936615b1621950f28b441757c1933f9	0.406	1
filter-album-4-08	1b3d9049c1817cba20950c495023b533d0ab6686e165fc08372d830b1ee80c35	0.538	1
filter-album-4-10	529c1e5e0cdee9138df4800968fb6ba3086064ff4c854e35b90d2a00fb14cfc8	0.249	1
filter-album-4-11	d45c41a3cb498246a063ac7f646f0e7053deaca4fb2cd7aa56974516ed8d4570	0.401	1
filter-album-4-12	8e8095c51a5105b3d9cb1737de18b4081a8a174dfd5d32151eac55dcb4bc7596	0.332	1
filter-album-4-13	5959d1b63a8eca165739b1e75e5ab9453c65ad6ab4ec58df097cbea1668fe97b	0.319	1
filter-album-4-14	338ad0d74616a560ae3c4f7b322e63fd6852d8a15304943b523ff81b44d1cfc8	0.349	1
filter-album-4-15	093ca9fdf3bba8995c0cc0123ad60fa9105deec630885a0df455fbad4f1f13f6	0.281	1
filter-album-4-16	68cc1a59ece4df92b3bcc7cf0220292253e4ecaf7a0bc74e99f5c415dd778b05	0.242	1
filter-album-4-17	364a7bf177c6c7bb6a4cc4b372476e8fec02459d2bcdc444b337275a016d8150	0.332	1
filter-album-4-18	f97c6482029a22a731909653fc7660e501cbc8aba6887a6e6af0cc7c015a283c	0.229	1
filter-album-4-20	74fd0b201fd03b3080540b5351ee29379427d3f7e927734e05aa8ad5b6b4b153	0.316	1
filter-album-4-19	274a628dcf3a118764bffab607295fc543708c2d3b8d52bab4beb66900d6c438	0.451	1
filter-album-4-21	ca4d2dce12c4bcb2f584789a4854436f15cd38b067e5271ef0945d7b94e566df	0.266	1
filter-album-4-22	a5920e0dda2caf9aeb0191d2a48c4d655e41e2aa7fe40e51a7268f7034d449e6	0.304	1
filter-album-4-23	0769018d4a3b549b9e068fc4ae997623cb5b69c36429aa1f06b2b69569277e09	0.339	1
filter-album-4-24	b455af4db75d2a234668b5494f33f7afb97200435a392193880bd51cae49124d	0.512	1
filter-album-4-26	7f5ae4071895632ecf987671b0902f0ef862a7895bedfb92930ed5476be7a6c9	0.241	1
filter-album-4-25	163d3a9d6d97e42abc51102bd4798fdac6ef2299c465821c6347bf21287f73ef	0.724	1
filter-album-4-27	17d598185cf545a8bed02c5d7d1e52c0cf59e9e7776cae3ae429bd78c97fc0d3	0.289	1
filter-album-4-28	ab9441d5409e1521adac48400103729268eb79cdd3bec956e02cc81522eee1d8	0.315	1
filter-album-4-29	2600166476d76579c5c6aaa370391adab577943c4ac2da2f861612f5c90c7e45	0.238	1
filter-album-4-30	ec4930555afd5be45adf8774a0dae8cd708416ad77e9b6d18cc005ac796b2a06	0.25	1
filter-reading-001	81506ea19d472a898e33421a2b2bd129b26c9542ef92c19f6427431396b0e66e	0.294	1
filter-reading-002	c25cf74c2b61d08f5fef5d3397d8ab336d5995bae52d0593d51e807e04d532bb	0.508	1
filter-reading-003	799c07532fff6273d53a059c7bc02418f7d3ffd1944c9de9e118ae3a2f0798df	0.471	1
filter-reading-004	1840391b2ec690fbe40d1dc2a56313a95dbe9fd5d532e4aaeaf744d47547ab2f	0.241	1
filter-reading-005	9a92fb6acfd451a86a6d5626db82634ce57ac8ccdedeb70f8b23e9fd0d3b90a0	0.248	1
filter-reading-006	0d223c159a3e1ebaadb80cc463e6e571b2c866169380d40fc5a28d041ab1a0cb	0.256	1
filter-reading-007	0cf770e8ad6fa16c04f9d6f84d950b1f4ce85b84c5bd73a050ba2c2c59c4a4cd	0.27	1
filter-reading-009	85bed8b33f6e4928a39c4ca1b92ee640ad820bc1a7d336d50f4d7d04bc9eece5	0.251	1
filter-reading-008	4f6fe31e32b29c5a61920e3fa0aef96d6035aba3ee1b029a5828abbefcf861cf	0.357	1
filter-reading-010	b6deb2fc12a243b2568ee9a7ba0df56d32176b3fc8da14720026aa3eb0eae004	0.258	1
filter-reading-011	25c295e01e9203d58ec3a4cc250f397996f20645907b70c83cf21f1903e50070	0.266	1
filter-reading-012	8cf886a15383f721c92f5bd28f2598ada93d8ef932702ead90871f7612bd707c	0.279	1
filter-reading-013	20880c18b980e7eb2ad45cf6841990664d4025fd294d9a3ece4afe06e7eefa16	0.318	1
filter-reading-014	bc691fd30b6fb1094ac771e0a491d125916ad64152f3d19f1f81e52719ed0866	0.245	1
filter-reading-015	3c3d9de888ae1fc35f0b7b93f49cd03cfe3d8155ed572549da77d7ec96254c68	0.263	1
filter-reading-016	0d015bc0cc1f8c0f997c29f01c86ab1ddfee5b97d4cc9fb53c92baba4f9a6126	0.265	1
filter-reading-017	a446344af1bb8a0b253696f76e99be9f960abb12b9f995a3c027cd651db7431d	0.326	1
filter-reading-018	1590226af54564f98662a4e40af1ea12a33f1d96edf0ec139d9c2d88cb4e3e48	0.385	1
filter-reading-019	9627a89ab7413a168d1fc3024334e5551a3ed3b81bb80bfe0bb32f8d17d0d29d	0.252	1
filter-reading-020	ab3d60916c23fec1d452b8f9d373869f42d8261f0b1095054af52fa74947c04e	0.274	1
filter-reading-021	60feb8bee02139ca2ddf50e8838b3d1d0f82a4639b2aade4dabf3101ed76f337	0.28	1
filter-reading-023	0a91afb682d22251d2bd80698e0d4d5f27f39b507d51f5a5a663202f995d38af	0.28	1
filter-reading-022	7713991c8c6b4890657943f267a30e6c2440f431a0113a9effa57a781969085e	0.359	1
filter-reading-024	3bba2de5d604889c5d7eab3be48afa45adc6f2272c5906f5b63e2f80235140ef	0.253	1
filter-reading-025	1da2584f880ee0904a0b538448dff0efed3476abf045a6a2a32cc00955d8f6f2	0.264	1
filter-reading-026	cf7b38a5236e45844a52fa6aa601221f8e4b7912f71832e436200b742f3cd72e	0.253	1
filter-reading-027	60288db0eacdb143e280d297922ef7bfc2dae4d8b60af742afe558b68525dd6b	0.343	1
filter-reading-028	093bca98c199d717bbd79475d05795f4ba789560a11831480596c4fae91316e4	0.246	1
filter-reading-029	4825147fcc8b07eca16d042c53110344ce1a0ab2369c46adf96974637aa58373	0.268	1
filter-reading-030	d198a3c13e344855eda71274387d59537a1dda8db5bb6d0da0ee4dfd0013b6ff	0.307	1
filter-reading-031	7fa5871d5afa74b811998c27b8b5bb615f14f1b86024886cdda71362fc5687df	0.247	1
filter-reading-032	4c1175129cfb2e28f7cfd8a5dfc2a69293336a1a287a262238fb0b8ecd8cd5d0	0.241	1
filter-reading-033	18964492e6d16ba8659b0af9eb1fc4adc95719c982b45283b447c232462a6521	0.304	1
filter-reading-034	4c6c8a63ad4e47fff6acdc216511c5e3793b09e1b53a3d6966f448dbd02aa69f	0.252	1
filter-reading-035	3ffb8cc7b088273ed761dde66bb34d8b4ec23744eb6d65747ce912cfc505ccf9	0.276	1
filter-reading-036	18c13f4aee2c917cc784c3f36fc75ee34a3f2055b41c27930871fc00f4093684	0.353	1
filter-reading-037	10b0620168f391961a487880a040e6e012f392ed3ef7f83c1545e9cc40862719	0.244	1
filter-reading-038	28f5d0ada816a41f6aecf6f50d294ff846891a5f7b8c7ebf03ae303b6d930eea	0.278	1
filter-reading-039	087d5e91c97f05dc5f4326055dad450f59e3c2587d17cd836f1a39ba6b36c115	0.346	1
filter-reading-040	a7078a6d2e2680bb4a3295d34ffbac5f599e611ba80eacbbdca1b5928b97f248	0.277	1
filter-reading-041	bb068fd05235d454426d716383795c5a96ce3a900f70abe193cc8ead16480225	0.267	1
filter-reading-043	55a14d08e38466a232e2c82a8da87a28a6c68bbe62ab342dc0743b12f4e7790a	0.244	1
filter-reading-042	fa56735358c833353ec239313e54a1d8dd8c528fb513889f9a60fc039f2c21ff	0.418	1
filter-reading-044	a85981234e0c1009ebcbfdb5b232b94e38b24759cd83dc80c1e1dd0a50625e5c	0.396	1
filter-reading-045	b7a4fcdb059144a537a95452c03f587329011edad8635d810b403712af99d7dc	0.399	1
filter-reading-046	99ba11efba19946cdda5f65f1146cca379edee72cb39b936713ed9350b9f61f3	0.227	1
filter-reading-047	e9efdb3c1d711fc27594e31f026bdbc679a1af4c94b3b7bfe728a0dc73fce0e9	0.441	1
filter-reading-048	bc9d05be0a3bbb6d49fa0b54eac66bee4d01d8cc83f035b7a01a3ad799787b9c	0.29	1
filter-reading-049	b38a47679d1859ddf608f4f2bea8b6afdea92b239ac0bc703974881748983d17	0.331	1
filter-reading-050	6a7ceec4540e3fb59f3f1de183583d264b48da64dbe4950013b9167c53bf0bd9	0.332	1
filter-reading-051	eef1971cc293f5ba17cd090391ee055fe420ae68ab932486ac860c9b0252c5dd	0.228	1
filter-reading-052	39ade77f5ee6f6095b07d6bb18d567cc9a93871be6b4347f381e74c81b2df8eb	0.353	1
filter-reading-053	1b20efd66b7515ddf7e73e54684c00fd58a05c52c14f78ae05d9a36e1cb000a5	0.254	1
filter-reading-054	3317bd483389d81f0aeba58d2ea0f3a642e15cbcb21a6e9bfa3c99b00193b8f9	0.251	1
filter-reading-055	d67b96f6f5cd15650214ebc366b8be4aab9ca1323840ebadef0b58e2108bc4aa	0.365	1
filter-reading-056	1ef9e783befd9e72ee16ee7902d6e6af5eee1b8d578910e0b8c265de4dad2460	0.322	1
filter-reading-057	298bf3b861fcb50ef40b2648c1034aa24f87b5d863d31d2c8c44d4ea6ad726af	0.227	1
filter-reading-058	20e4cc27bc3efe4e5b75df42edd709edaae13486e9146028c703c0ccd213f578	0.241	1
filter-reading-060	b3e8594d73b4b7fb1146fb0669554454d1835407674e8327dbc1ef60209a1ea0	0.304	1
filter-reading-059	feaa37338ead42f5a5ca3bdc78c743fa1adbe80f59c0194dc556f2d1abaa8c73	0.661	1
filter-reading-061	a80eccc0c04e1dce3eac33feae9ca5e232778c7e9e0bf2d1fe0e291100be2d31	0.264	1
filter-reading-062	57f2c23c523d77420421ca16a7cd580bfdcfebcdfd6c55896420c2a19e66fcc9	0.256	1
filter-reading-064	2abc9e30019ee31b75ea7ac00980b8e68fafe8554c459485dfab1daedab54956	0.256	1
filter-reading-063	20d376729bcf7336b4a6c9662df5a90d6278d9288fd18de72aeec67e0f3ea85c	0.528	1
filter-reading-065	2492b35fe4daa9dbff6b93e9eda36d84ae7cc7f83ef74f483d9fe33ee36591da	0.241	1
filter-reading-067	335cff0f685c7febe75bf38a785ca5867bd02dfbe44f7af7244fdf98c1b68ceb	0.238	1
filter-reading-068	7a865493b4cf25170b7229a47c2df76bf2901abf13bcee9a3f08cd908ee2098b	0.283	1
filter-reading-066	a1971bdce8b90c313e5dbd25ebfaafb227063c7bba274230535c1d185b04efe9	0.91	1
filter-reading-069	5a28cc225121639e68ed61ac392e49000a76855f526d43fd973519ea74551291	0.234	1
filter-reading-070	bde7f80ff3c134c233d118c911de0ebea9cef0af79a1e92aa07ce1307cb20edc	0.468	1
filter-reading-071	4af9f186537f3e1a4c9fc8a3955f09c42fe7c4afa5f98dcc49419dd1266f0d6b	0.471	1
filter-reading-072	4890aa5a5bbb82a64fc38f242c9b7c3c7e16238fce1da858ca2000f54423b783	0.249	1
filter-reading-073	61c8d141afdf48c12eeb21f76bc7bb5993a516b16c7356362ec724d1a8097b55	0.245	1
filter-reading-075	eedc863ea99e1885ea443335f9fbfa10aa738e0bf1547571d701de1ab5f20160	0.243	1
filter-reading-074	927710985062c691c696414cef81d88bd6424e3555ab93ed7e995331e317bc88	0.307	1
filter-reading-076	7308dd2434947195236733cdb778954b658fcdb3444d3c89f3c69c8296f0f6a8	0.336	1
filter-reading-077	9f54203dc6baf729932cb61ac6f480ef8032907660f682eafa972d727867aa52	0.334	1
filter-reading-078	2bba507a6f2135048d8161f4329aa167da2fa0a47313fe101a45c066c9577553	0.261	1
filter-reading-079	732e13c286911bc6202e5c4851a717d823f286c3ad1edd10c85d067d8e6c5c4a	0.269	1
filter-reading-080	d83888e86ab7a59f762562e80ecac4b0e78df5ce288d22e2d65be8889e5eaa7a	0.242	1
filter-reading-081	2a23cea5dd17391c89edcccbd23801818a13f8b0e15a49fb3207e5e97531cbeb	0.249	1
filter-reading-082	791652024493cdc3e472ad515d82438ddc6a982bc026cb23497c80f17b91dcee	0.351	1
filter-reading-083	29d5c851c215f3b99c8567dca9672e0c6b6e18b9520bb4dfef40ed475bc225a8	0.349	1
filter-reading-084	6b993ab2aa292b9e99da91b2a61c4fc7aaa81f0f52d60c114f09323663164fa9	0.231	1
filter-reading-085	9b9017a4a73321c092b70ab7bc94748dde60efc8ebb807acb5b11af94dd7313a	0.229	1
filter-reading-086	21fa2523d893913e87aa1fc13ac4c378ea3d364df51838f7e57f8b825a94036d	0.24	1
filter-reading-087	1ffdeb9b4e2179c90ac5a45aee6bf271337469f58a5ad0ab2397abb4625a799d	0.236	1
filter-reading-088	a91ffad6a1995134aae203ca3f7c05deaf95f812dd00d6633cf5022e3b2d2afc	0.238	1
filter-reading-089	a3477efca5015a9f441951a6ed4e6bd2a20f2f409523374042a24f906aa51715	0.35	1
filter-reading-090	a6d695d5a2af736e9baa9728c4fea84e7b13adde1f38ad65c9af7cd74a5fe147	0.252	1
filter-reading-091	e9e75c146430103627c35def9c33d716ef6811eaded15aa8cee7a0f2a9786c27	0.284	1
filter-reading-092	02f43535f5798e14174fd7bd5361d624d166c5146d74e8af5e2be885e45ebe01	0.336	1
filter-reading-093	27611419e7aa6ae1747d98985c3bc1a0a479345b5d0f04b136a3a6a98843e891	0.231	1
filter-reading-094	1871d6c76d5e17cbeb77b488de50a9af565680163757a74132f83872c2ef11a0	0.238	1
filter-reading-095	2d9916d9ec956ff58a1b03c66af4410dfa99f0786878fbd887c232c169c04169	0.318	1
filter-reading-096	ad889e6cb175f715135d31ddd8df557bbb246e03ee78c1560a8f9aad25adc011	0.243	1
filter-reading-097	aa765ac92deae1194e6212e836bb1069e9adb46d7969f100c632a224fcf8639e	0.397	1
filter-reading-098	04b371dba077146baec1f30c252c3ad4293ebd60120343a578d96616e43a1521	0.344	1
filter-reading-099	db1fff072f11e6876b8ecc304b0001c59a848ab5b5a60fc9e0e2d1b11ad1ead1	0.241	1
filter-reading-100	ce149c779a4fbe2a8b63a4224253b856b1c62523a679b1e77a64b08f2f56feed	0.36	1
filter-more-1-01	9960b63fc4304f42a7e0f5d840377722ed616e1cc05d320233e2936bbf449278	0.254	1
filter-more-1-02	13d83d075c40c5a9e91c15ec5d3f1e23d9670d2a4b06d9e76cf3e69036b09ee8	0.232	1
filter-more-1-03	87f3e84189214dc4921f018085e8cc41b3817541e0c6011a4f6f4dcb150c4e44	0.282	1
filter-more-1-04	6e00dc46d65ef04f074da826be84d293d3a7e52bbab7bc48c05e068c08ed9b1b	0.233	1
filter-more-1-05	4f54160bddeecc896c30eae31ee22df9df18f37f5e20a9324499be15e879791f	0.234	1
filter-more-1-06	1e422de034b934b2f622928abc59c2c61a7915bc75905aeb34b0027ef86e45bd	0.367	1
filter-more-1-07	ba8ffcf9f81863f8da24253aa4876a5f175aa2012b2849a25b160347dbc97823	0.251	1
filter-more-1-08	846c70a4ebb8f642a3a5b30f57129be848168301ecf22449bcf5862665166036	0.262	1
filter-more-1-09	c44fa227396986135e426227d60bb02ff7522160b228c947611ca557a56a9aab	0.258	1
filter-more-1-10	c49116df5162093afe8147bb4e7e536b7ce169105a1aeb05a1360771c5937873	0.272	1
filter-more-1-11	48f424b9f1795925b64b3286162c64bef63dbf49dc96a223360801c98b1f1706	0.255	1
filter-more-1-12	6cd50157ba6c5f6291d1b0eeb405132dfb2034550877192c34a1994105fff479	0.33	1
filter-more-1-13	c52bdd12f21eae62abe61e60614a561429e26bba542302ef7b165fcdfd1fd171	0.376	1
filter-more-1-14	5ab52aba58bdb67dc949fad809cb0e559d899ef501150b563b2c693e46677785	0.359	1
filter-more-1-15	3fd0e2d2831845616204b39775a112235df49c8be9ecc21256d9ea539ff63c00	0.334	1
filter-more-1-16	489a9b188da6190f5f15fc6e595b490c92dd79f496c1513cf7b0920b241f3330	0.229	1
filter-more-1-17	5ecd202b19f47ba9bb88d72b146059d78f801b68bfba877f7ee9ebc21a8cb25e	0.23	1
filter-more-1-18	777091d845ccde291f0703ac01ba7524a6d3c82c005e933ed0415772de90e8a2	0.259	1
filter-more-1-19	fe729b9b48b172a8038b16a38c794f06e3c8b717cd3673be2d5388c87d1a033a	0.256	1
filter-more-1-20	7adb17bd798e29ae8ff89f059d96a7f2dce00427c673368b02e0eac432a357b2	0.256	1
filter-more-1-21	209236d34253688da4ee467cb19acb36f7911968fb97e1a3c110e67be03cd0fa	0.258	1
filter-more-1-22	a1b08a6f5bac5c119a1e354584d23055453e6f97c55b6b0b75a5f3d57f4ab911	0.227	1
filter-more-1-23	2bef2ce68b6650193a525b9b9db838b22a06ce51be999bc45eca83a1e938e48e	0.23	1
filter-more-1-24	e3a112293a7892f0a4de499433508b9fad14f82435b92b57c751aa2ec01152fc	0.326	1
filter-more-1-25	3a87bdcda33bc918e752f4e023d6641d571aed1c93cda5ac512fca871193ce38	0.31	1
filter-more-1-27	ee1c282e9f239a1de95257b0576ace4b18e3fcd04dd4006e14c82fa9605e3141	0.244	1
filter-more-1-26	61c26c50620eda51061dca15a0fa11e31c1902e0676a0e64d791b51e52bad2da	0.298	1
filter-more-1-28	e395dd141d3f8fd6e94bc48ee41368e9307363306c4ac4886a746c0c1abd1c5b	0.239	1
filter-more-1-29	5534aaee9a7070aef5d7f6d67b4ba9f10930f7bf69619691e2feb266bb17170f	0.378	1
filter-more-1-30	ddec9ed953c640c5a1667a4c50e9a673f6a8fc307920c3822928ef98a7d02c05	0.234	1
filter-more-2-01	030231d23625b0fbcdeb662292ecc33bd4fcba1147439bd5bb73494d7a27a317	0.223	1
filter-more-2-02	be6d6263acb89aa7fc37fbceee9103d5109420b7766acd7f384a97258f3d78ac	0.341	1
filter-more-2-03	7dca3089465f50bb045107a455b0d9450c3575241aaf1d718b3ba382b5202a95	0.266	1
filter-more-2-04	18804c18e507fa61e2ef9ad880da1a5601738c709de9196d6f1624361d4c9828	0.278	1
filter-more-2-05	2af626698ff4b26bd254ce2ac474e78e63af9906f8ab1db8c0b60fa54b4bb1cb	0.411	1
filter-more-2-06	1ecfd8d7a154195e8498187e315f5fd8064a1245564ee6312f7d810c3eb98a1f	0.342	1
filter-more-2-07	b5ed90389efdc2a22ff0207a3704fec6eed04170ffa6eead57104eb89565e0bb	0.24	1
filter-more-2-08	51d85d809ecc633c4ca674ac736bf31b238770bd0c883cb9b936e7469e6726f2	0.239	1
filter-more-2-09	e19ace64df8beac71970f584e28501211b57f7cf150df5c72d258ae5c99ce7db	0.273	1
filter-more-2-10	88a285c07b6c4931c40ab0bd02f82d48728f1b0b9095caadc8436db4d349401b	0.248	1
filter-more-2-11	b2a240302dcd145c18350d6f962e0fc15cdf9aa02d8756014bf480f26d4a31df	0.243	1
filter-more-2-12	b5936c718849a3eb188c41623ec2aafd2b3f746402ff12faa7db025a24bf9ab3	0.221	1
filter-more-2-13	02deb441441d8acd36b8d77a2bc3c1b1015c79e7998491f408f96f7c54575f53	0.247	1
filter-more-2-14	096fd2f5eedad7e85377e3e6dc657d753f3813285848547376d6dd8fbcbacef9	0.251	1
filter-more-2-15	077ad2bbf31c17f2af24ae8b13ac019e80de755ed718db598a44338e66cf1ca3	0.273	1
filter-more-2-16	3017d8a13a2136554d0f8b459f00ebc48329fb65d765057a68546c6b3e143e08	0.266	1
filter-more-2-17	e92b4b1fbf0945477694112ae19bcb1c458d922fb37080abc6554c3330e53fce	0.258	1
filter-more-2-18	e94bd7313d81e4e3e4b49f972d744a8432bccd232b5b5c71f65f1fbacbe3c20f	0.235	1
filter-more-2-19	74104caf645e40f41224d27b34429614a716718398e32f228468171494fda3d5	0.263	1
filter-more-2-20	df77314ff69efa405849276e63d981b4a3555e89d92fce93f20d8990f163e657	0.258	1
filter-more-2-21	90b13e873d3c89d55895d4d5a0c61e0752873dfdfea077dbcfc2ab22447953ce	0.284	1
filter-more-2-22	59523aa275597b9216768f5f99c48a6bf33d32cd6fccceda9d552530c32cd65e	0.411	1
filter-more-2-23	bd767d6816f43508d4a7f53547f1c060215dbf3c7274b190907878b88712f262	0.251	1
filter-more-2-24	5f2938687d11b6729c9118a58c826bbc6555d38046535fbb344026347d9abd54	0.251	1
filter-more-2-25	d304b5f08b8c9a3f67585e483e99d0367d8312f54f9bf968b0831653a4f59e8b	0.254	1
filter-more-2-26	3e26f400e0f0bdc511534c66e9c5027e6307c8898fef4513b8fb7c9cb5f04850	0.231	1
filter-more-2-27	5f52d4dee8731ff5b2a6b60b9e865fa3dfccdf623c794e40de39eabc9493a620	0.319	1
filter-more-2-28	df3d140ef3e7d93f343844f645a99249b9ddc60e5577f40ecc485111abb443c4	0.24	1
filter-more-2-30	723efa0c70862227a03fa6e16fb05aebb0c056aad2f8c8f9113aed0b5311c80d	0.353	1
filter-more-2-29	a598ec01f1e2e28307418cdda790175dc47fc57492ce97053b6efac159207bce	0.454	1
filter-context-002	e2a792a5cbdacb7987b9ca2fb16252c7017260e5b872c56d551c3c6326982b7c	0.274	1
filter-context-001	106b139cc0608efec886e78d877bc785b1b494c0087da08b47c39ad6c5976033	0.364	1
filter-context-003	14eeeb9cafdb740dd8f0d32ce403ce02fa8105b1965cdedba58fd21f2758566f	0.471	1
filter-context-004	caf97f5c67006a796f4ad797923fdf885204c4ff4b4dd84272bdbddf9b811358	0.568	1
filter-context-005	b5d6f31aeaf5a1ecdd9fd20960527ad0375ef58b44517f673817133a41563e9c	0.267	1
filter-context-006	61f8aebbfbd448c8bd8515ebc0ce4cd1c57cd80ba80b60e058b9aecf54388330	0.525	1
filter-context-007	99c5799c6800c1753b91e3a268e17c35c96914fc24b2db26af424683aa9e201c	0.479	1
filter-context-009	f8a87c28d5e2b827b23b28d2e5d4a1fcc05ec89e1a6bbb665cef8711dc3f8c6b	0.665	1
filter-context-008	9d841d3f60f91ce2ba7a1dd3a84992ef39cd738a96fdfa6185bbcd54362d8893	0.76	1
filter-context-010	2021253ec4ccbce01131c7afa0680bbda64bea62e1013a27629832e18e04de09	0.29	1
filter-context-011	856400466a110735b4a05e2f85f546c8e879ae7bf38f0226533cb99e69b404be	0.66	1
filter-context-012	c861cfb07ee360c4e47d718371f413f45e5d62192cbcbe603b2cc704f0f8a617	0.457	1
filter-context-013	dd08d2cb04c037d824649865bef940c036d1257cf7725bc3487ac2b237988bc5	0.27	1
filter-context-014	4f7c98a6b73c5bd190319171b3e2759094ffe698a716dff46af3e5afdd8b7c2d	0.576	1
filter-context-015	dfdd2032df2eba2f6a57d01f92ac536cf1555cc7c4cf3df2fb130f923c127fb2	0.418	1
filter-context-016	f88be1897cdd7f3da0590975865bd1d6d7583a2aa5a6dc1914b6c0e89b5d9d4f	0.27	1
filter-context-017	fa6db56c758e75b91f60c6b2cdc8153cd0c8c46181481636bf95b5b723c88ccf	0.307	1
filter-context-018	1ae44f86e4dd61833db90f82ea3ca44a2b72d2b889e434191f92aa2d78b5582a	0.464	1
filter-context-019	44a22787f966d644bedde8b635bf4ac4a64f9ed7b5f24b9a350023648be957af	0.433	1
filter-context-020	f5b9ce95403202ee331720d1521c33e0ef441c0f7e54115cf1202409c2ad3214	0.277	1
filter-context-021	40a6e3636f46fa6cf9bd383e8ad3735d344fe949d932f97aad99361f5a480cd6	0.337	1
filter-context-022	026b9df5b7d0b98d7c38ec6f478923d91923668352f2e38bb83145e67adb1ff5	0.526	1
filter-context-023	74d2f8bf693d2e5634d34ae8d67103f016797f92edb419e82a2736c64ec574e6	0.474	1
filter-context-024	dfd618da0a5828c151596c4ce19665f229a30c735a6831fb723a71f1571b9612	0.321	1
filter-context-025	3b53cc068ea1da80dd244392f8e6e5ad62c0b61e16db4ebf67b78266ac5154cf	0.605	1
filter-context-026	ac03065fe280bfd321c730e9dd9719a231f72e7f0ce0f1faff0916c33520eb36	0.454	1
filter-context-027	0b754413bb618d447349ca19665ada46b390c76be562df93d18e3c58f5e18e43	0.321	1
filter-context-028	a7543f240af86b6ef3d1bb134149f1163cb55d6750f649b272a1e6e40a740368	0.285	1
filter-context-029	ea531f63fa2ce34758ed2dcfdf6c50608658e7a44a29a07aaba8b7fdfde67b5c	0.32	1
filter-context-030	fcca16247bdb3d4d06d48de41a0a624d8ff95083274899ce922ef37e36aa464d	0.306	1
filter-context-031	9b69cd3ed7afaa53b54d91c7aa5acb7ae01d64282bdb3cdc144ebc5a4cc133b5	0.285	1
filter-context-032	5666f1327ebe940a97094e3d4a4c614c05c89a1ed78203995660449957710581	0.589	1
filter-context-033	f5b5bbd5e54f12199c88cc883c7b12863f0ce66b11eebfeb416df87a541791df	0.422	1
filter-context-034	1183c8dff9c9bb59988458cc5e8f516bbb40cacd13cf15e3203672d8337a0127	0.306	1
filter-context-035	91be5d665515619fc406acd369eeb91eefdbe6955bdcfb67e6a5df3c6c8c64cc	0.585	1
filter-context-036	deec653bbd8e4ec55767339522da33350ec87342ba1fc5a74d52633027ffaff4	0.466	1
filter-context-037	4019f9c678ac4524fd2b0064de2234013bcf85a06d50299ef4a9a1d1f7c27a02	0.258	1
filter-context-038	b0b6af29611e70d378b6b8922ed6086c66bb28e814470122cc7210a0ef777aee	0.275	1
filter-context-039	6c12707da37beacd7d724579749fa3b3aa442949614fae40683739d1afa92a7a	0.488	1
filter-context-040	53551d53beafcf6e1f72f29c06a6d2996cf8e5736359a739a7b1d519fbe7d118	0.417	1
filter-context-041	648d6df571b68ee69c6a8267c965ad8afe7bf338b85a158470a1582b48ec1a73	0.291	1
filter-context-042	7bf1e2e8e2e40a44361eea1578b85eacafd0fd29e7b14ad556e045834eff9cf2	0.29	1
filter-context-043	c156188a588ac8a64cbfeeeb33137d587cb4ca9175b546d89c5fc319a1da4302	0.473	1
filter-context-044	a89fadc814c9dd8ba7235da3c0a174d4dfa70aca47d24ba8c9212c707ea412d2	0.476	1
filter-context-045	2b80982e2f7ed7b9de33398ae9f742762794070947d41c9e598002b9d78d2f04	0.297	1
filter-context-046	41ec9cb34739a682c40a0bd305e3a7e4a9bf0105042d8bc1fb5aec5f334a101d	0.332	1
filter-context-047	7caa79bf52149dc38ebd7f699f6392b1f49fd3f8cac1e673e8412078d06c080d	0.535	1
filter-context-048	79ef5eef67949355dd727456c65b20cfc8577b294b03d3b3f166dcdccc912dad	0.496	1
filter-context-049	b8cd9c3b55447242a79a96cc457e9e25a9e191f3db2da1ce4ebbecaa769b6857	0.274	1
filter-context-050	0d8f0a980d02df59ab4c9b3922c056092af81f150b777884709a18e59d0dc1f6	0.367	1
filter-context-051	8ce82372e1a0b620be7c372fa387d310e156abfedb04b4a7582d5e5439097777	0.492	1
filter-context-052	caf245cdc5eb6d20824413adbe84d8acc3ddcd21af93f1eb55ec0c7d9a668b39	0.392	1
filter-context-054	e81de66d8e827a31e9b80b09ba6884e287cb74cabacbfe06ae38984c69175ad3	0.327	1
filter-context-055	b6310fa9dcb25370adfc35f589cec2f93a1d9e9a83389a2cd8e7f1e3492c3c3e	0.406	1
filter-context-053	e0b651961da1fa56432741456abf03bb85dc2ac73a724ef7f91237799913a6aa	0.982	1
filter-context-056	ef40578b153eec39da47d8aededccac316797128d62f61e13f4a27a82e4fd699	0.309	1
filter-context-058	87d8ecd6f503dc11237b66eace728c10b11965586aa497555f3b82007dd8c7a4	0.51	1
filter-context-059	fe30b70a5c44dd835c6ae905f9d2908c5e0101dcc3721e6444238cd42921c2fc	0.283	1
filter-context-060	d06428c7a13dda6bb70798066eeb8a4b4e46fd7b235a80210e09ee7a91368daa	2.515	1
filter-context-057	b5648b5c1276d8d5336cdcd9e08d090d55ce36b55e65a1db36a02fc8975cc8ab	3.51	1
filter-context-061	04d13d9ef786882498299a26afa231b97cda9823383f213611f9a00fcf9130ee	0.505	1
filter-context-062	57c6952ae3655f1d9a92e4b267385f785360388cd393d243bd5b38b5db3480ce	0.512	1
filter-context-063	bdc96dd1438970ff89614190020ccbc82d633df9e22ac7ea009aa6aaf19ddb28	0.347	1
filter-context-064	62f7a6713a67885a098619ee88ac95cedf02a7abf1ab52cd2de8149448a5015e	0.572	1
filter-context-065	26e5694cd946e5439ebe405645437ceaa568122dea10f2c084dcccb0ffebec71	0.383	1
filter-context-066	fc1d09571fd925ab544669c11abdd5ce8d8245e74e8e354b64e41576b79e28bf	0.311	1
filter-context-067	1204184944d79386dab4e9b38a17cc1e53eba54da3eb32ac5eb61551841210c3	0.342	1
filter-context-068	d8aa2295696757403c82cf09e15bec07c37c895c10dece16129967970514cd2e	0.443	1
filter-context-069	2bf720657ea25e309bfb963f833290ba51e6d309c4e23fd411ec15924158bea1	0.42	1
filter-context-070	c233aa6fb049ea1ebb406dc1f35ca74eb7c6570523bb9a082caa05480c8ee5fc	0.267	1
filter-context-071	e04bd74ddc6d40190fbe1643253c1b2da2f634ae19dff718e4eb114379561226	0.327	1
filter-context-072	4df7c71218376de7663d16af06029f6cdf534314e3bc0ecf0328a9fe9283d8e3	0.256	1
filter-context-073	fcb804fff459c1048d086c0677665854b9d4f250b16c301a823a4cd9fae43fd3	0.266	1
filter-context-074	952295157f43aa1bb1dabe2979affaa7b56a67b323a6daa70221c5a8f241435b	0.546	1
filter-context-075	3f5375fe75419c95b5b50934f31c1629e50f0531444f438114da55d8d89044d9	0.466	1
filter-context-076	7cfb219ea9eee7d2544197744ce0456733f0a55b8ff245cc7cec36f67bbeda65	0.289	1
filter-context-077	c83965a77a1ff450dcc15d8e8faec977417608dc489d72a7725c8f77c9c114e3	0.58	1
filter-context-078	8c2ef686c4851c48859b7c606ae9ec760863253927b7717caaf6e3481887f6b8	0.455	1
filter-context-079	9bff61c1b057e485d1f34a2eeae36df751bb358db7056bc60f8cbe050586bf0b	0.31	1
filter-context-080	72756d1f500cd6607a96828fba5bdc3125fffedfa93423fb4af2911d42c21530	0.566	1
filter-context-081	9aed50f2cff463c3e0bbdbd3c601f8d13ed0cd05b0dd37153be0c09529d98c38	0.411	1
filter-context-082	5e60e11216ac1c4d70229e7bc8579ab6529aa441468ef90162e5ee513a393bc6	0.283	1
filter-context-083	e76cf381b3b55b171c22b0cf90798ef105926dad1093a72b7a2431656c77bcb1	0.329	1
filter-context-084	092a27e2d356c200efcade4ce0ff5ce18de08daafb92a5370524b71ed75a5cbb	0.449	1
filter-context-085	c4a56d67c7056644f82fbd805436f694cd4f4db71740d74329eecc3e8f4b054a	0.415	1
filter-context-086	d4aba3c1708d21779637e8a92872e455272b1497c76e41bf9f2cf929c71f351f	0.266	1
filter-context-087	54e8b3e44408889e4c76f2a5eec02cdee8621e7b01fdcca6adf71952362afcd6	0.294	1
filter-context-088	7df18f3da5607763540e21941a42a49551295ea721d5f0b085d1892bae6adccd	0.57	1
filter-context-089	ec0205d5f80182aa4d7edae6f312d327d2eddce2b4b0064d3615ab40a2458651	0.53	1
filter-context-090	e4eccc88d188123304fc83a7dcf5bfc9cfee5d50fd47ab7449705d3aae6f1ad8	0.291	1
filter-context-091	b7b4a01773b88b37dbcc1809c23f9529e0629522e0b976b3852f80b7ae93635f	0.329	1
filter-context-092	6be332bcda01332ac665f54d44a02b2483e12e1d473f76453db651cc46dc4de5	0.464	1
filter-context-093	67a25c75179ea06ae395c84f7e7e0513ce8aa5eb28fbb67f1cce75940d338eda	0.533	1
filter-context-094	c49e279e25951f6a2f57c2018ec48b2f6ad7b9d131b904b7f9ced15360327957	0.271	1
filter-context-095	41c074500161fd5698ecd3093a5508f482be29a72f3b584b737cec01f23aaae8	0.515	1
filter-context-096	64fd8274693189945079bd2929f92c7b457ec237d6c884dab41488228025364a	0.468	1
filter-context-097	2b01af39a414a94342239454727b57ab36da5cf6b24a0f959112fb93e2a08408	0.603	1
filter-context-098	9745bf6a1df079f51438d35792089ca4c12a61292318ba4d07c46c3668be27c1	0.597	1
filter-context-099	678069aebdb0b8e99465f70a400225bd737d5322c26a912e5dd9930985306145	0.297	1
filter-context-100	07e12bba8e64a902c5ba43e4f39b60136399ea712ccbacffe5006b27ebc50038	0.305	1
filter-context-101	a763a85d4c5f51ab46bb9f6626577a63b677692c392695700fb2f64bb93cb3f0	0.261	1
filter-context-102	c4eb8fe2f4b4f27ebd4fc07932fa8bb4638f812fa168a56faf0ddc57786f9bb7	0.284	1
filter-context-103	f8b8cac00f0fca7a6798f7e65b16897dc478d7d5d8b2fccc3ce9add8f840d4ce	0.451	1
filter-context-104	80d822f9c67e9eb9d0d82817ad06678ab06e85d0cdd2324c331b7db7d0d890dd	0.419	1
filter-context-105	50f8ff33d2913d96584a4f8ce5b6f3c82dc6ef460ae6a21c0a7e7c10b308ba4a	0.334	1
filter-context-106	1cb694addd4c75cf211043d647b0444ec406873defe75a214dbf19aa56b11b1e	0.635	1
filter-context-107	7403a2df7fcd6fb7ef4635f4ae013af68b26fe1a20ad54067bfb5f2f65ed4912	0.487	1
filter-context-108	200032034e4979fcfb46a8f1a524d6d8b5704c5b01365ca0b25c9dc4d094b002	0.278	1
filter-context-109	ba2fc79cc9ebf2848841ba4f5af6aa1846a5d3813f3e1c21f096893153de3630	0.507	1
filter-context-110	0639654735f3c004cb62b708673d3c571a4502d6a906fb27db955f81441618d8	0.417	1
filter-context-111	e617281085a4f71f5391897f37efee8478a4d6661bb419f5fd7b6930dbded512	0.29	1
filter-context-112	033017c39ab47b6aac91dd4c4f7ca2656a66ba9d4a819e20cba993d8d4d6521a	0.586	1
filter-context-113	355567792330f2d81adc20027411623837c7f5df7c3fdaa0f71f5136845f3794	0.416	1
filter-context-114	130324b9a15b4cc7fe3fc93df01558bd6dea488f59fc38069068915b621ea3f8	0.297	1
filter-context-115	a97e133f6b795903c09d272869485c463fbd3a037de81449f7b7c0e4e3bf2d1d	0.286	1
filter-context-116	ada9e9ca90f215afad477af999f0d9824466f8d17b20418f803a3baa8ed0c744	0.459	1
filter-context-117	041d093ecc779b5ed365859d0ff4d83cf6f280ff9c1bb8c9f1464dcac618b53a	0.477	1
filter-context-118	29a47ebe90e3e6ee7afadaa9dca32663067c56d48adf67fc09868a62eca74111	0.259	1
filter-context-120	194a647095ffe73315f1051c46c5b0c7f439b7518bebdea5329eda3c1da6c2a1	0.27	1
filter-context-119	c63f2ce4c833a92b590eda87027cc2ab13b4c3a11a50f184f2022b61e65d62bb	0.516	1
filter-context-121	2707b670cae85357205edfb6c1de00911b7b9b70c6750c620d36b0b2a4908b63	0.465	1
filter-context-122	e44d1da29a60e8587fa5747bdf05c89afd397afba2b04eb2c18b5e6cdc4598a5	0.472	1
filter-context-123	2a91a00780f8da47cf6062cd68bf6aa6761a393086171ccc872ccaa774a19532	0.295	1
filter-context-124	f42262c616f5fc465ab17e979d42a28814f8624a59f5959d92b31a3864eb098b	0.364	1
filter-context-125	f1099d2b42d4d0c61ee250d7f63551078bddef6ca31c5a9463f492f5f00b6de7	0.308	1
filter-context-126	a316b2bf5c77543a28ca24b64d97423007513e0740511aa4f70771f2c8264ae8	0.566	1
filter-context-127	41250ae065413b3e4ee7533a1b8cc6333d2c7baceb5a83e83036b03d56f07db4	0.454	1
filter-context-128	7a8730223ca685016dd61fc3de46a536d98cbcc40d939ef4f351fec5ad766605	0.321	1
filter-context-129	3f3f27376aca68df3ffb44da9a265cbc0b14177269b41fd0297a2a89e12d2329	0.296	1
filter-context-131	2cc614bb0cd716533fc12dd175c98df3127d30081b671fd0673d600dc6ea26fe	0.359	1
filter-context-130	0ff175c96c4a856b9ef37fa08ff57d4494a208f49e3bd5171d5b1d6c4d390e67	0.464	1
filter-context-133	3a2332451d34c0b0e6712ef0ae086860d9c182c45b42caa28cf73bc0e996721b	0.261	1
filter-context-132	c9dbf386fce7ce341cb31ca8028b6a8e6e96b43214ce3dbc972782e0035a3136	0.395	1
filter-context-134	0aa56a6c9bc847a6cd40e3811594c5688d6352e29aa3dc7606519ebf1dbdd7ee	0.275	1
filter-context-135	f9e333736e821444191804a140d09e8f600719e3c41b911bf5577114c4a6d5b4	0.271	1
filter-context-136	f44d75d3cd142235a22064bcf1544e6c8f7de2274b29cd8595c576cff8872708	0.252	1
filter-context-137	2c1e9c18372ab5f81231825148fb6b9e2451195b775cc9d20466bd89a69f807e	0.272	1
filter-context-138	fe771a34a13283293fd7a31be766e2f9d0a8f902e2c4e34dd97e47b915a1da44	0.285	1
filter-context-139	9d6ef4c5123bbc8db564c6c86b9c8520d70ad15752e90b648685c52a42e7f589	0.265	1
filter-context-140	262a564f37a749b4cea784da5ce60b0cc16e3d6d2894e9bd8999afdfbd7f3f85	0.266	1
filter-context-141	089ca3c7d6cb7a8e5fe9ccafc4159a9ded59bbbfae69f74a480dda2a68d1be45	0.272	1
filter-context-142	9aabb28802cb74be128cae59553aeb70641889ceee0b663f0484233ad75881d2	0.324	1
filter-context-143	d39d68bb631071c887106cc0703ac8586f0c3d80080383fa492db492777ac688	0.324	1
filter-context-144	55b477c23ba9053509d197e4a75ebfc625b059fb2887e3c1400732b2dddabb1b	0.278	1
filter-context-145	41bb93d38563a1871bd629b6d5d57503966cd04660418a6d8ac640936bd6c25d	0.271	1
filter-context-146	3d8d380db5bfcb93ad0542ceb2b98dacb8e72d9bfcb5fbf998f7c3008049682e	0.276	1
filter-context-147	00c72edacaed7b144883cde47d210977504595f7350348a82fcd20400b89da85	0.276	1
filter-context-148	3ec8fefa8f3f6f0b09a22ec9b704e564cb4952050aca0129927c6ab48d5b9fbd	0.28	1
filter-context-149	1fc52dfb5512acefabb439c13ca8c51f2f2d646274c9679be130da9a58e03fe6	0.281	1
filter-context-150	e1f02f09741f98cc6f979693d7dc566fe3668c4829577bb34b08b2826fcdfee7	0.286	1
filter-context-151	c6dca1b84de36cb70c85dd4a3bc7620e905476e890871000fdc45fac0dbc3809	0.324	1
filter-context-152	9daf2f0325896f703d91293bc931fe4af00597a879cb2452d41c42420bcbc245	0.367	1
filter-context-153	5223fc2bbf600b78564313981b1517e50d4ed23ae97985bdcbe50dde6abce7b8	0.346	1
filter-context-154	94f4a53d086a55c272613a2fda3a373c415244e74859f014de0e01739be3bcec	0.268	1
filter-context-155	a07e537a4ce94e4cd76633dd2585760fff5ab95b8e3d93585d13de52bdec0555	0.505	1
filter-context-156	808a5d26e6bc112ee1fcf2136af5c6ec1d9e751da332d5a0e3ca2ed02012b92d	0.378	1
filter-context-157	42efda8c962dc51e35306322cc93d6a433cd0c2692a30dd1fe93f5a602f21ef8	0.271	1
filter-context-158	42aceffdcf0a96588f3f531556d831b025fc170d332a3c6828d5940356aba939	0.302	1
filter-context-159	1c5dda81faf1c3c118ccc7a867a8eb7d50545c26b7ad4853aad28256745e9897	0.437	1
filter-context-160	b3435ab271cc4ead80b7cb8ea66577fe179e1189c4d168d63eba48f67140b462	0.403	1
filter-context-161	bf81039c39a1585d010f4c597703f962324cb59c093c93902d45d06583676f88	0.293	1
filter-context-162	79480eb9e670694b8183eae5ffee13056695b1cd125a5118589f895c4b1d0232	0.575	1
filter-context-163	51c5d6610167dfb0f01210b3680e02a430b96eba7504431555044812f3204069	0.407	1
filter-context-165	f2a5913ce2161cbfe321ebbe158326d0b51e2f498926193d9cef142f62c20f80	0.262	1
filter-context-164	f0fd4e5a6f998c5833d8a6052f4a9dbcc958c675c286619df844b14d7395ec16	0.41	1
filter-context-166	d2f98e4455f1c98c88a0914b7160ba6e09ea5a757e270db04d10993fb172dcae	0.343	1
filter-context-167	0d76c9f8c992a7a2cdef739ebe69e6d8004d121499a05b9c78a96f435ed80725	0.557	1
filter-context-168	85a66d3b2eb665674f47086251e3f94d1ca6a589caaae3ef20ec10a6d887d239	0.358	1
filter-context-169	5f57757b38937b461b98eefab6cdcf840a33ab8f908164367f9589bc248ee0e3	0.275	1
filter-context-171	fac106dd2f084d289806afa88e0e6f1e7053f6f1db254c79bcee553b06648316	0.397	1
filter-context-170	dcb244068ec7094ac1c404cb88a28b7c9969511b7a6522f7e04bfb08d1ec3b2f	0.67	1
filter-context-172	0e6d17cacd4769561eb1a82298b9ddaddfb0fd2ff0866febcbd42ae4292c5f83	0.283	1
filter-context-173	41bbc204c9cf0849bb3b99cee724f5d1c7c216589b249de64a21321e615b667f	0.337	1
filter-context-174	4808cdb9b411afb14e62eec929efa4bf166892005cb6ba6718c320f1e2e60d0a	0.457	1
filter-context-175	245e18eac1966dc6deb01d71077e7c8e04aea0950adc28071ade8fdfd59c711f	0.403	1
filter-context-176	56aa541fbfc267b92257893dfcc86fa624f1c5dd691a8d5a9aa126fd5d7cf234	0.294	1
filter-context-177	589dbea74a5010b19b4c13b6fec5c42196a606e996e54f1a7e229b3998a8ba7f	0.572	1
filter-context-178	67f761fc0bfd2e6cfdf772d1d032ba40be856a3938c6576971b0cb04cf363890	0.402	1
filter-context-179	2f0dabad0ce38cde435bb83d0d3718b0a351d900b64ed205181589e988fd219d	0.259	1
filter-context-180	9daa0eea1ff304fa06ec29ffde87a2bb948c60765414da272315ab5700d4812c	0.295	1
filter-context-181	c92886d18c4bfa79ad264368eb8923f08745608f77b193d4a4f83eee5bb4d86d	0.442	1
filter-context-182	7c711036a8eab739acb149fbc6c4f44f4131acd76a86442c7d9d8d11d56a7d02	0.399	1
filter-context-183	d76e43fbbfece9411a3780d38a96f2f1486850f28779f9d67ff673fe7c9ca0a2	0.319	1
filter-context-184	571482c42adc1fa47db1134c27c2062b6b9b941cd2230d68efc9181a6aa80b8e	0.602	1
filter-context-185	7798fd9d100c8d85d83e339cb72bf72508baeeb02127ad2ad559732c2df060da	0.422	1
filter-context-187	50981e0c9baaf990bc96929e8898957df35dbe1f95d29b6eb5a7ef96bdba3850	0.519	1
filter-context-186	dfbbc6401212a08c7da4775887a7436c472c7923ed70f45dab442a53295d47d1	0.666	1
filter-context-188	841829405242b6d34d8ccb3d6902dd9f12ba97a360dcbc7fbdf27251d86fc175	0.265	1
filter-context-189	6fe7c6d4de8614de5ea537c6c819a42cb43d93eca1ab7fa3f9250f52ad1ebb5f	0.296	1
filter-context-190	b314e841c7d3754bfb7346aee6ea7ab06b4d2217451b5d1692b03c5f2c3bd107	0.438	1
filter-context-191	15c7d38e97bcffa03527eb470aad93bce0bc26b183afdce2b864a5c7509a1fc7	0.414	1
filter-context-192	aa4302eacd210ed75d6a6f148a169fa2c60d53ce043742dfc81e5514c9d3b60b	0.26	1
filter-context-193	9e65bad2fb665c35e50d17e79b861c61b24fc3c02040fd7a3243743e3065dbcf	0.282	1
filter-context-194	a2688a0e130722f7c66d3105800e155ce2f782105b59f43a5ecad0292768e2fd	0.436	1
filter-context-195	27c4dee63625625e9c0b143d7c5a85cca2b29af7eac0493245fcb3202971307c	0.415	1
filter-context-196	db46b7f22888b62a22b9e1a3a72e4ac94f60842b1968254825676729afb64076	0.28	1
filter-context-197	2f29f7699cfd469e674d75eba5ce29c98b60d28b301e4f483a112fcf9c1bb6fe	0.332	1
filter-context-198	7cb59b80cbeac1671af19e1141a9213f3971ed4a852681a3ab150fba9c15579d	0.445	1
filter-context-199	efa1fb63eacb153fa85fef46b4f9c2f1bcedde168a6a8c5d233c83844b31a599	0.382	1
filter-context-200	ae2c87f19ff06302ec2f208f1ad6ef57fb6ef8897f6d884843e463c4890ed899	0.281	1
filter-context-201	d1dbe3c1c4779940ab29d419bb08537069713cb2640fba780b452f77d7ca249b	0.326	1
filter-context-202	5a6c2aca25a56c715775911cdf359ee6110083ebb71b07fdfc6e352f9441b12b	0.451	1
filter-context-203	dcdf9797b8a772e59e9ff9f782486c75c8021a344181d3f365705f8c339bea13	0.407	1
filter-context-204	2a885d63b8bafc311a5fe9d3faedb9eb590cac9f87f4d0f626b5b2780b04713e	0.271	1
filter-context-205	425df3de526ca369204d514210df2d648d42911a4945709b926c8854c5738d80	0.303	1
filter-context-206	4ab7b3721c1541effc4f2ec1b12452a1cd5eb7c95d29aeaf072886f88833931a	0.431	1
filter-context-207	b3dd464080b0e2e22c12d1e9ea040f09567b7cc849c0d75390c006a29105b6eb	0.402	1
filter-context-208	3e279545854efad9bc86966574cc7d69e51b18994dc573d6a180d498f8b75644	0.249	1
filter-context-209	03ff2d61845be69b3547ed9adf777a288bce8b5f6ce9fa9f6a6501b82bb4f60d	0.305	1
filter-context-210	5b3a6883bbbea39be1034f897ef233822351a8169dd14f5f6848c19c13c4e9c6	0.443	1
filter-context-211	9959294f6353aab71cd5f6b9e3399db711990c10e8e727a3323aa5daa1ce6720	0.394	1
filter-context-212	bd8cf829df9dc1455247efbff23fcb2295d748e0143ceb5a431a09215a98cf77	0.288	1
filter-context-213	fd0e463bb973a054377497d35d2f2594689a2442167562e31510131813170981	0.566	1
filter-context-214	8894a4c967db2790ae2ba3e52cb59a545ab32aca02cf7f1a0ef2fbd24b0d6f0b	0.408	1
filter-context-215	191c1bda81f7760f940ceae4af5566eb6d376974f03838a0927d77128a056f0e	0.264	1
filter-context-216	33365580852572832a89dd21a2eff7ad3ced286e272c14fef768b2cd3bf51e56	0.277	1
filter-context-217	5cabdcee157577de1e0d9c133cc4b83cb0b2720887b5bbb3aa32779bc8055bf7	0.283	1
filter-context-218	7a6422b3ea1dd95b90f41981d6b3493a5a1c1437ce09654d77a40c220df9f72f	0.288	1
filter-context-219	b189ee54a8c20972480373ad6b7cfdce4c7c51da8743089e533a300166f06351	0.511	1
filter-context-220	34127516554ccbe6ab8a60c1f74dc685dfc5fb1f08ff2ea610242b7e4e910a2b	0.499	1
filter-context-221	94e072e0f300d616c86ffe6d076e3f41ed63ddccfd90dc6bb103bf5486927f37	0.311	1
filter-context-222	f2f4f232d8d5baea2550d1f6aefb022f10f9a68b8f6225521e345f73b0dd6652	0.335	1
filter-context-223	5e0ddd46e1d0ec5439a27311468468ada86efd660355d1e2325f584884f4bfcf	0.451	1
filter-context-224	b189bfef751f5cbaf86af674ba7502a0fd0b4124b694d2718d9e9225c3fd8e6e	0.42	1
filter-context-225	a1ea205946276ccc1dc30b4a23433364f51ac838b4b6fb9ac607fca005e2ded1	0.266	1
filter-context-226	87f748d125f166e7beb272dd4dba29c2d805a07a647fbb15fb34a502838b6889	0.301	1
filter-context-227	56a4b800822763405a77a07b40aaa8e976bce6fd719446f4ca2612fd5ea60fc4	0.439	1
filter-context-228	b76308812e2d5be7917f75857e8f711895d08b8541a332fb12ce1ed3413be5c8	0.407	1
filter-context-229	7a81181ef6b56f02e924053a6dd75810c8cdb46254d23e7fbda8ad98e28d75b5	0.288	1
filter-context-230	f22813200fd852759e5e3b8f2a228489243a9b776f071963e7122cc7add79015	0.642	1
filter-context-231	62539eff8e15e1e38ea63ae2bc353c749ddee5af779703c6c0242781f400cbf9	0.477	1
filter-context-232	6f18720833eb9e9347b61ea340e2c780b45e56275732e71d33effe46b3620199	0.303	1
filter-context-233	cb9efffd6cc97fe9a2cb57f1e60a0dffaa0af1e3e20b645feeaf783f8c6ff732	0.586	1
filter-context-234	b0f09424dd68a87a577202a38bb0b3923cded292a8fa51bc9bea9b000afd30a3	0.403	1
filter-context-235	f202fccc6aeeae612de12652b439fb228fdfb13c6aaf88673fe00acd5773dd72	0.273	1
filter-context-236	d32c1244cef2289e5b7cd41a4f39ff85c1d7df0ccd36dc284ec7cb3b7310db35	0.312	1
filter-context-237	e2800cf4c6b184ed3303e3d2e6a4cde435cdb8d61fca9c5464cded3215471f18	0.445	1
filter-context-238	df67f188ed72caece4e29997b10b911bd02ef740a4f48190bcbc6c3bf5fe3073	0.408	1
filter-context-239	2e1f6435cd5d0f103ec4b2c4b53deae9c0c4b3ced61724367c5268d1c0635714	0.289	1
filter-context-240	42d7f9f146c6065f735b6c8d780dc294dfd87ff7fcee8939054b8439151b92d1	0.343	1
filter-context-241	88c7fe92f1a83f113da5d7bfbaa9350850a60e27c63de7c951bab7cf2989e118	0.296	1
filter-context-242	013d95bbffb9f0f1f5aa2d9c6af704ac1202e6ee420ae4ab613ba88d44b0ab0c	0.279	1
filter-context-243	5b55e00d9a4d5c55e57ec4e8a87218870b322042878642b4bd7eeec16678a753	0.446	1
filter-context-244	48ef7c36f6e6e72149fbd1874650d0618eb307d69b79410cd429ea9e03811aa0	0.414	1
filter-context-245	0cc2eb40d8af878fb824cc8238ec46482280faf2de74f730a3ccbebf8b42623a	0.276	1
filter-context-246	c4a63b8e9e3350a3cdf04681d1d2dd60719b7f8d69e47b8b41d7a789d97e9ecf	0.302	1
filter-context-247	f2cc3a60e1369a915d5c6cda172e1690f8c717497837a83c17199b9853eac0e5	0.261	1
filter-context-248	2600d2f9a8419b141de6ff8f98410d64d083e1ea412f6cbdb1fe42987caaa89a	0.299	1
filter-context-249	a695e9b24c2b831dccb8e9fac63a7132dc453d7f40c668ad07909b406bff67fd	0.469	1
filter-context-250	27d02df0a9522c4c5b292a6bbf7f984f3b21b4388bebb7fa86253623c8d2a75b	0.401	1
filter-context-251	640f9d1073e96a5bd46e17bf25f4d88f286e697814861542918b0f21856b62dd	0.324	1
filter-context-252	bbd12665dffd1c58ccfb7d0ba76d90b47f11b6fe436e5f83eb4f315cea9f147d	0.346	1
filter-context-253	bd2713d85f79a33ba4cf8418cf64d9ef117cee049cdf0c7160349cb62040f924	0.44	1
filter-context-254	191052f4eab995cd89e779c8544ecfd82347cd7a47dca91c05cecf4e68a6e306	0.421	1
filter-context-255	32e3188a92514e203c7b8a1c0770b997d1d953a3138d03e7927af3d0438d67b8	0.596	1
filter-context-256	c0d2fa14888f602707ee64c1869bf836a5971475e946d637bdebb36509f9f9a2	0.588	1
filter-context-257	46b6eb981a959b66e88c587cf79d0cccd74ddc4a61facf7faa35c82750c4293c	0.275	1
filter-context-258	71076994871e59505d0dd1ed17767f907865d09a76ff1c3b2b2cadc1dcc778a3	0.317	1
filter-context-259	231dfbea67aa0f9d59e64e220477b4747dc1d930921b0fb4494088e85644bdd3	0.447	1
filter-context-260	0cc87ae82c04e36421c3862fd293386e4eefc2aa4c2f86d4262f4f22bb60102f	0.402	1
filter-context-261	adbe365856565a883f280ce66711fe9d09ac33b804a9243e1de7fcb186aa0e2d	0.329	1
filter-context-262	c84e40d15fdfcbf9b0b0930fe60c19e7c0451187447b2d43f6ed8f2d0bb05072	0.629	1
filter-context-263	46d13f333dbea12809ef4cb1ec6b7ee776ed29ee77b693c809e4a70f4f02a251	0.422	1
filter-context-264	2d4f869b987977e9d96ed8d4acd0b98d987f37a421893b6487401a6d48474927	0.286	1
filter-context-265	b812abddbc705fd437cc937ececbd0d71147da903e2d66a93eaf18657d397ed5	0.567	1
filter-context-266	1fac48c8ea5ee8445dc2916787e4e39cd1b4f7df62f57193e5cfa3140bbc34cf	0.463	1
filter-context-267	2fddc9e895ae89c729b25ce6ae1e156d30992d92ea148a46c1652e89a0029327	0.373	1
filter-context-268	81533f1c405c02c29f876573585fa1c2bc81cacc3b12ec971ced1ee81ed2e762	0.531	1
filter-context-269	6f204d164156a65ad900d4d7df46d745a6d07b5ffa3a021d25a91a5a0c3364e7	0.384	1
filter-context-270	8e0bf40548228d4464a05069ea3640a2ac7bb200d15c61dc9d16fc48bf2baa5d	0.266	1
filter-context-271	502f2330f6a238000967122cdb8a04c7d4361f50a56d5c23bec99a94febcd70c	0.298	1
filter-context-272	80d97465cd75f489dc69afceb1d44262a1dfa499a4f9af0f33c84dee5fc7e503	0.536	1
filter-context-273	f7ffbb76ae8e4239d5f8ca95a83127a7e0a216d13ee314a2b6854a8e07f1f0be	0.448	1
filter-context-274	7473fac2afe387d7b0c6433a1d8af91541a993ba3ff1b3f3f2fe18589d4b99a2	0.619	1
filter-context-275	d3b32c70efac5a46bd965a7af9b88590c56e9d954b1a3f760a050d509f5319b0	0.633	1
filter-context-276	2c6573e9f383ceaf05ec9d38e5d6040052a62dcca357a40a839c2042b01e58bc	0.286	1
filter-context-278	82f05f8f021fcc822c42eafc1d107300b15e7bbdf8abdb2453e4b4a7ce53d5fb	0.459	1
filter-context-279	404c39f97c1bba353cd71f00e0ec20b767d08d3c4275e6c3eca0b378767e08e5	0.535	1
filter-context-277	e8620c194b601c130dec22eab406b6918c944f13bc44476d49680ceef421f98b	1.248	1
filter-context-280	1bfb97fbc88a8974d0a29b437b5c17223f61a6093c307eb5799287a36a936b88	0.311	1
filter-context-281	68fceee51da2f790f075d355b57cf2778eb244b4ef5a69ccc27c27fcef08a2fe	0.37	1
filter-context-283	2d19e25fbd828a1dd9e6c58ad58006bd63111f43933843cb55d1627eaa87e9a6	0.377	1
filter-context-282	d9f9772b118348b9f54c08aaec572883faa5239c2ef15ccd90454e783d21c07f	0.654	1
filter-context-284	7454a3ce56d6bb074810304176fb8ac0c5ca5aa2d38b3ae0370ecb1b83e2321d	0.285	1
filter-context-285	dba8aa0e515c4f054454fef3cf013d269bcd0418ce2fd7856c7c240110f8b62d	0.457	1
filter-context-286	89529977e4ae8f1bb3a82de912b8d17368a9eb62d41a5230c7ef88a537e16454	0.461	1
filter-context-287	4821b8a74892c5b518a05fc3d4c340a182ff050b2d77577c75dde087cd09bbef	0.69	1
filter-context-288	8c6cd7e304b706e062eea7a40b6a0f753921c1ae6660700f33c7e1c836bfdfb6	0.642	1
filter-context-289	6e1c3bf947c6a25607fad57fcadf14e8e061060cda8e5a1e514d96ef5f1ebce5	0.29	1
filter-context-290	7c96875e5755a1e0d784317c0d501a473bea2225ac354bde75623962dd0d4abc	0.577	1
filter-context-291	75a1af96d40a982fb1278e345e42ffad0fe94a27b63b2967b806ed0a6e51494c	0.452	1
filter-context-292	273c46854c0a7c3ffb45a6ed290bd534cf7c7d5edc8692f205189d19b0cf101c	0.323	1
filter-context-293	805f05ff98003800e98cc6e8a3d4710dbc911e8d0fe20ae635e0673fea7171c2	0.288	1
filter-context-294	9b185000cd94285718d11c94fe32a896bcc8fe1f0a97b1b461da3cc007fb019a	0.274	1
filter-context-295	720e77ba03ce5df229ad8d2e91beb1d250ae542f17331af90cd91c746da72b98	0.27	1
filter-context-296	afa3c663b4bd2dc0ab9f08dbc2fd79c887700e5adc2ee8492ec7be2fde1959cc	0.304	1
filter-context-297	e17c40a5495c2f72a2f2751e8b7f454d2e93e59fb81163df5eef7a6779208599	0.304	1
filter-context-298	1e77ac6cece8efc3b95b33092dfe55ccc64846079c0a28daa3ef9138ff7ef1c7	0.302	1
filter-context-299	6f2a3bf4579aa70f7bae79a9bc0f2c15a7c7d306a82295db16106f6b356b0bb7	0.298	1
filter-context-300	85f382211030f540e4eb541a1f00eab77bccf977602178baaf377cd5e65d113e	0.273	1
rank-popularity-001	ddaddfec3b25082d79b8a4393d25705813278d847508a4032f8fccd9091e9f9e	0.286	1
rank-popularity-002	19f33eb073206f4353fc324bf813b15a16792800600e1795f32c7722965c35cc	0.242	1
rank-popularity-003	bb9247726f24b1563f6ef89cd6fdd6090931074a00d352b431d4cdf59fa036ba	0.235	1
rank-popularity-004	f1027851002d7082cd5470a3cb175b5966a7bd940bba41f3f510a4d2de68cb06	0.274	1
rank-popularity-005	cf358190c4439d2b3528ad9c702057a1edc87f633d4abae9d3daedb61d8e61c1	0.255	1
rank-popularity-006	71cba68642099cec34b196d86393e97de6b46b53229b3d8d1e48bca8f1dd510b	0.254	1
rank-popularity-007	788297221e3fbc5794699d4f2ae49c38e1b0d636ce923777e3354bfaad039d5b	0.237	1
rank-popularity-008	a30337c7a1b4ab5d35964a1f661868c314707035e71110e941f46b6e5f2615ad	0.256	1
rank-popularity-009	a812b9488490ca212ebcba688970a0260d0d8e4b6f32a11452ad7f12a8d019c7	0.262	1
rank-popularity-010	62a0ff71ed08623ea407336d5f963e3fc84157bd10c377333afc4aaddb4f80d0	0.268	1
rank-popularity-011	5b47fd261e625d9afd82f52f7376dc6ed620e542c7dfa49b2522ba20d92dcfaf	0.272	1
rank-popularity-013	42276420dbe8fe194bae9b8abdc455a4f2322ae43dc4fff8cf8044b47c37edb2	0.252	1
rank-popularity-012	80e500c128d910d177cca87e64884a443b40d54cf3e8b8f15bf51b8dfbcbae0e	0.326	1
rank-popularity-014	223dc0f49bd8dfad4d60844893c7f10487c9e166487d2ea4c1b5f07bd7fd93b0	0.251	1
rank-popularity-015	49c7ec761b8fb225518dd14138ebaa292fd69bd2ded0eacf56699643257ca4c7	0.251	1
rank-popularity-016	fc3fdfeac975b637576d854ff1cfb6e0cfb3c62428d16f75daa74c4b232cb324	0.249	1
rank-popularity-017	fc78571a9380c1553a62827a8102209b8e0742424914cce9c6ebe907cc213255	0.251	1
rank-popularity-018	9b855a6315710dc29738ec4aaf8af3bc91d151ac5623e4cb40929df1f66c39f5	0.251	1
rank-popularity-019	2f19b6fba3a37d4e4149fd67658114496471ba25f8b64ed61bc9fc2032559e4a	0.301	1
rank-popularity-020	076b361bf26f9d59d99aef6686f4a046bc209c7183b185168cbcaa863e253b6a	0.264	1
rank-popularity-021	5601f14432f03542d3d8d7fd1a5462c7822b6d9d149554bce21b65945d480d60	0.269	1
rank-popularity-022	4f30547a75e595b9eca7ca7f30ed058afd08003d68727f30bdd6336bee9422d6	0.234	1
rank-popularity-023	1bc8d08a9d7ad298d4d485a99445128757480aea62350a87278ab1e769b8a884	0.312	1
rank-popularity-024	132c99c922a7d079e3a26be6804f4db9e45bffbb283722750d1b2883f31bd1cc	0.232	1
rank-popularity-025	be54d0e9b8b4bb4a1da600ee0a080cda3c05b2bc8106aa975a97af26ece0ebd2	0.244	1
rank-popularity-026	f77297c2712e3bd0185e0e074c58b5d0249ceb0bfb986e2f1cc1120f0e5e929d	0.264	1
rank-popularity-027	0d33de0a74be7dbad71b1ad18ec7bdb4cb69330b296e4a61420097e9801ed903	0.248	1
rank-popularity-028	b8ddd0d3d0daa16277cfdbfbc8191ce237cf0c608050e35190879a4cb1321033	0.241	1
rank-popularity-029	af5d0039a0772ba82c122a7273e05c35bc06aa3de19fe0ef86d51c25eebc3aac	0.305	1
rank-popularity-030	856b40763a1c9d06aae7f4223670140a52bf5d1aaa72e046b64af9e103b63292	0.244	1
rank-popularity-031	952ba52070b93c615871a64f88e72f2ef9ab87868de113d5e53f4b8c66e7b142	0.265	1
rank-popularity-032	0ee53cc21dc6b7015e90b2aa4f7309d0edd5299f1818c5bf49ae667b028ef58d	0.394	1
rank-popularity-034	578a8626c3305291331e54e860ab2da099558da73257fee49d1611e57acc2824	0.248	1
rank-popularity-035	7f625c0e447713ff2e774fe1987ef6485e0684063775336193c259065639defc	0.231	1
rank-popularity-036	3f781d900adc71b65a84550236fa1e45d0196b9a69322bc1b028e5f76663aea9	0.25	1
rank-popularity-037	441672bd4e2f835dcb1c8e4df05054103df3f18af962f9ada9492dab65141d2b	0.29	1
rank-popularity-038	a017b36d1f71802fc937609cefaaeb78580fc4389c036b5d765eeda8c5fbdf8d	0.235	1
rank-popularity-039	e5afc2c70084ffbbd1a63d9bb6e441480e3dfc865ab68d72d4b98ea84b9bad7e	0.272	1
rank-popularity-040	5f05b7a1fe2899a195c8ec86eca625d0b0665b63191520f0a30ee6f7347380b3	0.237	1
rank-popularity-041	38e7d70c93af037f58ce39e03301300cb8b2fbf11718b4f911a8f6151ebf3150	0.287	1
rank-popularity-042	37f493804905b628938464d92b01e47c2ee1bb926fcb34b347891c8821725dbf	0.318	1
rank-popularity-033	3a8fdb789f0fb89a992e01a4539313925dc1d1f80bb27206c5be524dc844fc43	2.597	1
rank-popularity-043	c8816d521bb8167a093072ea62964341ede1ecb6e761618e7099e28a575313d0	0.325	1
rank-popularity-045	fd8cd9c37a23387e8b1ebaa09f2d649de1614a192ff44c0794ffadc77f2df75e	0.251	1
rank-popularity-046	69732f2adf686471a7ca3a16cc3beeb0467efc9cfdf4c962257b8d4bd8fe33b6	0.291	1
rank-popularity-047	ccdf3124027980f599f7f9724a1185d76515cc9853de4b76a7486736967c53b1	0.256	1
rank-popularity-044	66bea27d379bd302f1e61e8d8ad3141829a6c0b45b654137349c4692ea48ad11	1.601	1
rank-popularity-049	80bc1eee5350da626d8178f7b7c351be4dce248972f68a9752efb4907fa428a8	0.267	1
rank-popularity-050	2d84c70596a1faabb313f7d487f91fe3cb793dfe59dc2e23592d4e519d50492d	0.264	1
rank-popularity-048	fae783b1b3cb3a98e82b754aad763dbdf05b599ec9d9c9fe2b6aa79c82a162d8	1.376	1
rank-popularity-051	a5bb87097e8d4837d2a7abd6cbb1d2033abe5ff397ed0cff11abdec373aa3d60	0.352	1
rank-popularity-052	17c07749fd39b62732e6d159e946ef4c143fae8cee0921f0bd16a89434648335	0.261	1
rank-popularity-053	ce6952553422ca2cb67c48dc004f3ec9e9527769ed7c0c776ff32ae3ea65c34e	0.254	1
rank-popularity-054	5eefca5cee09404b1c08447671c2a2521441c9edad9eeb0391954a56d6c00442	0.253	1
rank-popularity-055	891f35672dcd6eef79c4af412b6e14a9481f362ef6331458e54eec9cb03d1f5a	0.301	1
rank-popularity-056	86f1370aac12a61ad30b3b94e42dcd9cd28922b235204c9bfbe17b2374828387	0.262	1
rank-popularity-057	9a2aef743505e3758eb04db12cd4b14559e7b07475c7a3aa5fe633aeb2ffffa0	0.255	1
rank-popularity-058	3d531b2acbb7b98a3ef1e8ddbbde21d7a851894ae34574d66552b7bfeb8b7639	0.258	1
rank-popularity-059	9a3772abd894b01e611fa0d1fd6c4e2f68284be82cb8f06c8305c5179062a572	0.257	1
rank-popularity-060	38a561e27b33e90468ad20741229edf1a50afc6c122f2154b1150a72469bcab3	0.28	1
rank-popularity-061	80cd65bbff1fe8fc35a669b3af2a0cd393b9cb3e4b3f2f98a0e0d69d8eee609d	0.406	1
rank-popularity-063	9d82607eccdcf1081f5409884c9ebe579b0a7accd6f0ffaea478347453414c65	0.271	1
rank-popularity-064	487f5d5c153e2393fea6e3ffc8f2470d9304fdebfa1befa5657c1732560cfb87	0.256	1
rank-popularity-065	5d2942aa40f1b0d97036831731e73b76cbed814aba8d6c84fddc403067c2d7a7	0.253	1
rank-popularity-066	0fcd9c1d69ffb094990acf6d73075af721eb4f43434928e1199b30c3fcd38fff	0.256	1
rank-popularity-062	3235ab8a1f4150c14af2e87884f4e036706b165fa439d5695b2d80fac54838d9	1.478	1
rank-popularity-067	9afaca2f3a278e496cb8d193c8ea2d9ba49f70ab468684a572ca2ad1c6e3ef36	0.277	1
rank-popularity-068	8410f01734a073a32ba0ac831c236e5d441787727f44461bb9ccd75571d28d18	0.293	1
rank-popularity-070	957099683f8e9702ed2a4aae362c5407269bc2b3767e37abdb07a554f50b7fdd	0.251	1
rank-popularity-069	b9cfbf2c62ddd143541ef72ec96df391a8b7af4cd208925fc6dc8de11ad9e0ca	0.585	1
rank-popularity-071	68f3ee6defb27cefd7cfc1311e81faf42871bf12220b7d6ef9ec283cd12c92e3	0.261	1
rank-popularity-072	916e34075315b9dd585b6acd115937a7ac26dddb345b23042e6f6b5fbcc3d1f3	0.261	1
rank-popularity-073	e1c4d5c831dda48b646e5e4ad5bb4800b58cbddec15926dd2f69316c494b2f7e	0.267	1
rank-popularity-074	93a013aefdd4daa822229751363b4f32d77cb5a74199ed2f2483b60c93f36a63	0.365	1
rank-popularity-075	c0aca447ea4afb6456d533ec48753845e300cddd0467e34f1033b777cb506a7e	0.266	1
rank-popularity-076	ac94c04c2b8eec9a25725f14956dc22ba48fbb07b32885fd5068c117058cdf62	0.273	1
rank-popularity-077	f1eb40ea61ad3f557e968962bc9d627042046c238f14ed84ce9065e9e65766c8	0.279	1
rank-popularity-078	3e9f281cee2c251e421464ac312e3988257b20b9e3470627b2d962b6dfb57ea0	0.247	1
rank-popularity-079	8e6d82ca2f3b2a65dc7a20d2d4c4d3e1d5e038eb01f959a5367ae9e65fa60134	0.251	1
rank-popularity-080	49dd9e07e3c4f7710f88b39de0f6e2cf052fd3a5f03269cf86e38eea8500daf7	0.24	1
rank-popularity-081	069d3873b241eef392762f4c3b221c2eed5d18984c40bf9752c6fe3708c7cfc5	0.297	1
rank-popularity-082	59880b5f95e0dfc109dc635ec8311658a6de77d2cdb9d1f10e33642826e19dd4	0.237	1
rank-popularity-083	02b00a22ad3b2d8a0c8b2a59c0bb58a0cc5ba543535243e192cb4261d92c6044	0.235	1
rank-popularity-085	b823473b94a859532761916775f47ea95d98b7dfa31d0a4ab6d60be556e86295	0.252	1
rank-popularity-084	bf345645306077ecb86e7015c31d26fd9041fed31d8858a529537764290b9fb2	0.552	1
rank-popularity-086	44c7df3f8e7e7cbabaeb67184a76bcd7cffdffe7518feb40ae581f2deab9761c	0.288	1
rank-popularity-087	d8f82aa3953cdb6c30378cf2141a93ddf5f1c363f08a3e9c8a7e0fa2289f7114	0.251	1
rank-popularity-088	596e722d3e27c65a53fe20b17237cdaa2d094135853d20e994c21aa5100ce785	0.241	1
rank-popularity-089	a04d065309680cda3e7552c282aa332f28504b5137368a06bb009ea8f6f07608	0.275	1
rank-popularity-090	27873078aa07685a24a1301de5e377549caffd81de36f8367ed0f61e0a402804	0.256	1
rank-popularity-091	e507ae1c34091facd39c8db01c86fcba3513c481ee94edc39485418f3530dbf4	0.246	1
rank-popularity-092	1b11babce4cc5fcaf2708af82861527ef5f11008fba1073470b01bb1e74b5002	0.24	1
rank-popularity-093	4ebbad747c559b97d43a3445be4499c679713e23cc8cd45944a7828456029b3a	0.259	1
rank-popularity-094	957488747c063cffc5ad2ef7c59d992fc71823e4b74592e61e83916e31a3a447	0.27	1
rank-popularity-096	0f4c7ff6999bea15cb1bdcc934d45d2405d030a85b8020e766055fc82fc7de48	0.263	1
rank-popularity-095	59fa4af46fadeeb86c69c66acb64865a76baaea81b1cee03f0902febd958dee4	0.44	1
rank-popularity-097	2c318b4f89e9ef41baa05eaacd7ef8c53f512cefd38219c6611d14dc60738ee2	0.26	1
rank-popularity-098	485551c43738bf8852ba3ebb6fd0995dadd07cdd5fd4030c9b3f413b75534d18	0.261	1
rank-popularity-099	796dc5c0bfc29c21cc8a26f0c49ed74ea547067cf2e6886bef2c6b846223a563	0.318	1
rank-popularity-100	65c60f11b0ba303cd074bcea909735ca5a2dc2f3ac028c1da3aedb3586a4e316	0.335	1
rank-popularity-101	16b3b267a0c85c572d0beaf31be968ea51805d4c5da912e8f8e62c6cf2adf66d	0.247	1
rank-popularity-102	d73f9360f425dd8dfdf5dbd587aa2bbc8f7504cc29ad604c63ef16e7cee80ddc	0.274	1
rank-popularity-103	e145027d08ad4dd7f49e96853fb22ed4a95087c91a700a9d2cfb4d2776be2afb	0.304	1
rank-popularity-104	152944631105cef89ed043e054a2812656e65bc62a9c57d574c2fe2eb72c3f10	0.279	1
rank-popularity-105	bd4d3a95173dc950e2d45884bd81f3ef30a6d56cf75791e35a38e5a37b3e0286	0.24	1
rank-popularity-106	1c3115824684e20378b36084cfd35e65fdc785660a03d1f2d301fbfac40ee086	0.266	1
rank-popularity-107	ed4902edc2ee71de3bdfc6c533105874f656bafd3d9255f77ec4f44251f05ec2	0.266	1
rank-popularity-108	2d497de4148da2e9b098fd9311d836ae7ec5c09e150cf452186902fd01c26373	0.252	1
rank-popularity-109	32be287a7949ea7f6d2bc16f6ef4aa199b43bcc40dbae0e18ad6b24e0a12f5e6	0.239	1
rank-popularity-110	eaa5483bb41c5daf4c2da8c74797366a801340d05f2d59d78f604be6217e4f08	0.245	1
rank-popularity-111	81d035d8cf75f64591530ebe6c0f53a1e678364e07fe6cf60f737ab78f058ba9	0.24	1
rank-popularity-112	3db1794bee2c69bf3b69bed37bbe8cf5f4c105721876ab1b44dd3d9eb9e7785b	0.367	1
rank-popularity-113	feaa2640074523814d8b6573b4c8f3dad804812131c07adaf44abc0c25ec9386	0.275	1
rank-popularity-114	50f661d7243c4564055a72972aff81394fb19df6d71c3c3fd1df2c2c81b0bcfb	0.273	1
rank-popularity-115	c4dbac17e56635982d7a54ea5c7f810662e2ea8bc9618fd8156b59a15dfb47b7	0.277	1
rank-popularity-117	7af235d0f638218443798dc1f661ec509fbb875ed5e2a7b39b03d7d6faed4fa2	0.24	1
rank-popularity-116	76af043d2b29011893f6a6467652dcd3234c711080836b0e5455c53a2d81b46e	0.308	1
rank-popularity-118	006f5d9e53fd6364c4a46de4393b1c3375fecc5d9c35d57bf0a57a8b843293f7	0.35	1
rank-popularity-119	d2f15ce6c52ca62d072f15d2513e8a735124330674b5644078443bc517b71a8e	0.376	1
rank-popularity-120	47c6afb101e3a80d843b8f967cf4b5329767d7a825fab4d2ba0b6d1f4382d2e0	0.245	1
rank-popularity-121	d78244f6e07164622b2a5f453477b9923ced8b86c6c713e838bf410c6cabeda7	0.237	1
rank-popularity-122	874650781791ee2feeaff87f8171dec30a314ecfe5303d0e4790d8871368fbee	0.233	1
rank-popularity-123	a217177bfc489c179deb8a4ee1a123179af1278c62d0e7eb1eaccbe0d150bd0c	0.25	1
rank-popularity-124	b6546a2d240af959f85350966a91d962ae1f4afa06aaa5812b732357338127cd	0.367	1
rank-popularity-125	cf69921159c4517b8012e218b1aee8d4e934c877b07f9072ff5a99b67120c298	0.403	1
rank-popularity-126	4602e6ce03f4cac71d43ac7e6802934a229e084a4d421692cea1096b9da77c28	0.268	1
rank-popularity-127	555e22d6b9dd03a1485f4cbcea925d07d19595eb61defd9716172bb028bb261a	0.268	1
rank-popularity-128	4eeb9deaef62487f49980687f28da75b66a5ae5c4aba25916cd2df874ad8179b	0.254	1
rank-popularity-129	28cfeffbe5539c336bcca8070a150a5e987e502ce9f261c1676d560a5a01ea88	0.289	1
rank-popularity-130	a3b37780a0aa5868170569f047fa76537aeaed23f4b7d970f2d09671d6027ee5	0.259	1
rank-popularity-131	9b96138922d195ebfcc8b7db0b05cfe2e0f10656afa4c5e4732d1616fa90c9f1	0.265	1
rank-popularity-132	f3ef198db36195cb458730d56760d828228a9a2b75024082b1651cc35146f0e6	0.346	1
rank-popularity-133	245c1b52b73e934ae4450e10ce4ad0591c710767302ab11aa993b64f4e90d6de	0.235	1
rank-popularity-134	9b718ce1dbc111491a7c36d63f6cc4353db2401cf7ddd9d0e7a968b96f2535fe	0.237	1
rank-popularity-135	e9607948940405dd308aded22ae577f463ef2d0d35d99dfe913f653b51622025	0.259	1
rank-popularity-136	30407a5dc733a7eb69bbbcff7508a3894b58db9063982dc5e44857a589971d9b	0.259	1
rank-popularity-137	4ba8c8345e2abb5394c75840c2a7265668dbb955fd0c80e3119243fcde853918	0.236	1
rank-popularity-138	33fad23fb564565ffa0f5232093e6654e95cc2d7bfedfa117e40736b92dacece	0.296	1
rank-popularity-139	bc208381b25378314bee1fcf074eae917bc6a95975f5417bb4146dd0208f195d	0.37	1
rank-popularity-140	b8bb1b3cfbabe992ffd59c431aafd7845b66b84c698fe17efe0d0178eadd8a14	0.27	1
rank-popularity-141	7b296f6e085d1902388b13d8a3ad01e534f84944fb632cda1636700d1b9cd71b	0.408	1
rank-popularity-142	c8ee17a458ab70e7d62f9c1fbd5613b5aa708f4cb772e7f55fc0f4e1721d13be	0.285	1
rank-popularity-144	7ad81d0e959eb6f62d8558b90b7be7272c2578e55a800c2e5b71afac841fd0ba	0.248	1
rank-popularity-143	0a818fc5b8b295b02d85b311f931331ded2e5afa62395a37e88cf2b438e40eb4	0.319	1
rank-popularity-145	7d282c1930f9f7bc4c7efe09667d1cbfa6e3599f1e4e5d3595f63af419232c4f	0.28	1
rank-popularity-146	dc401d218a21c5f95388a9c62f1b92f8ef311c55bbaf6837a0436e88b6208fbe	0.284	1
rank-popularity-147	f7331dbc136b747eab0bff1d6cd502eb1f57cc948fb588d18d14e573c01cdf46	0.237	1
rank-popularity-148	4ee44290416d183b637f481e915840b12203914ab54fb12be1c60e94a902f0b0	0.253	1
rank-popularity-149	b1fd3a22933561f5074711833dd4910aa7906c8c3e725d96802c55b03153944a	0.251	1
rank-popularity-150	9cf9f9aa96530f9c14c6ce6127147466853895648d83a21484bd06f3ebe36530	0.27	1
rank-popularity-151	a171f48d0393ec880f0a4cd06ad15ce441e240f55c65fd119eabe2e5123cb667	0.262	1
rank-popularity-152	df138a3bc1af9669ed1a86cb4c7fa6e6b43d670acade5a890db7878ed89c3fec	0.252	1
rank-popularity-153	f955c6b4aa06dee39d857bbbd1856f21440b930f2888f75151fd5301e7a9f253	0.353	1
rank-popularity-154	a1c40f26f0db2ebd192434887f2fbf8a28b48f7c7fbf8f652fe3cbfddce25e1e	0.328	1
rank-popularity-155	f52ca8c7c6189af04213c6f69890ffb928969e20625c83d696d39ce2c1348c03	0.264	1
rank-popularity-156	33f3b953c1d71062ca77b088243004f524dba24d0215b7a61df0a008e9d1aedf	0.263	1
rank-popularity-157	4183d7df7e8f4e674ff681e1630d57c2c2883dac7ca04409a7e049626ba4deb4	0.235	1
rank-popularity-158	fefbc2de07378b59f1103c38f2dac32ab10b13a455fd4e16578d2793b2049467	0.244	1
rank-popularity-159	a433dd0eafafd3510418ba0eb9ad7683644e8d4008a1765a98264cb10a5bb19c	0.261	1
rank-popularity-160	84297ac15bef2a6acb4005d8debf371ddfbb1c1feaa19ded93aaec1399ebf67e	0.447	1
rank-popularity-161	3514a62fb007a2f6f29bf3632239899e35ff720c995ead9bca788ec6fe0cecdc	0.342	1
rank-popularity-162	36e96a52c07c9bbe563487c2d68d61d500b8ed1b7e3773a0724348859864d42b	0.29	1
rank-popularity-163	3c1ee7830afdece1577f677d930a2e7626b87cf6a494906a9d5febf6c71de49a	0.3	1
rank-popularity-164	edbac2a03dfb8154fd4f4932acdd390085f9208b7b4adec67f939c04bb310da9	0.288	1
rank-popularity-165	51b87dac16bfe146d5bfa69771201df3f00399aff7667e21a3364dcd33f6a0a8	0.332	1
rank-popularity-166	4acaabe90b6a86bb2c94370cf22d90228dde3ec0995c8582690182d70b1ada32	0.32	1
rank-popularity-167	1489dfa8be6e2ef29da170430b2e1e0bd08c9020b1f1759acd2e27670e18be4f	0.259	1
rank-popularity-168	8ba0f1a59c4bdfd90d590db3ee24cdb268af1491bf4a39bc1e57639452e5a0d3	0.248	1
rank-popularity-169	9248032eebfed129c085f273c3cdb647a59b6f56c548a979d1569586e1f2a10d	0.317	1
rank-popularity-170	9f5d84acfadab2ad8f3ea84a247c7c7e4a88564a8a25d192bd7ce16cd09cc992	0.236	1
rank-popularity-171	f5b31718729ea25542b8c7e3602a3bd12a0b88b87d2094eb8fc004a6f0f429f4	0.243	1
rank-date-001	12cf9d54ed2c0f4026af19350de3a8ed228d7861af5065bf5408f761698ff7c7	0.258	1
rank-date-002	26f0871d6461fae4c9f59dd0059378cd97b5187aa86feb784fcfb7d3cbb9a736	0.263	1
rank-date-003	1d43715efb7c68f0fe9736e6e1876027938934f9894959866079613d45064042	0.31	1
rank-date-004	d1071ca85f3f799b0ff63dbb30b0a466ba00f30c4a77e06d0116428d8569a3c8	0.256	1
rank-date-005	ccf6048cb508615f4bd05e5d1891ad2bd0cca058a5a46ea6964ed62cbb12cb7d	0.332	1
rank-date-006	ad8d3c866985d5beb43d0129601b3536a7554910dcb5e4c51298d3dc7ad113c0	0.275	1
rank-date-007	a2c2dbdeeececb7ce3a7a059a151d8f656b93588b5938c1271fd503d5218bf02	0.251	1
rank-date-008	0813ccbcef3eb7ac4828743b77a8f38e97d61e0b019e223d7b779f01844af037	0.245	1
rank-date-009	1924b1fb299a519c232a0a744cf35af3f278e52f3c0ea0be4b190a518c802166	0.275	1
rank-date-010	a1abb439af28190174341609dffadab251b17766d179affcd13a057b4c7cfc20	0.336	1
rank-date-011	8bd18ec73bfc2cf155d02c512ae0ac5f0b603f2d77ac223cea1dafd4e2d22beb	0.238	1
rank-date-012	5bf1b7996b759b119199647b710d5bc38697b7e6b5c7810a80d245e91b4830e7	0.241	1
rank-date-013	56e058ff71e6544c972e242656039bde19ace8c67e27f571ead0d11a8e874afd	0.316	1
rank-date-014	a1caa82c9ec38fa48146b267dbbf05478009a8cc5e7f4b212118c242ce2bc604	0.253	1
rank-date-015	0f50592f91de53549fda3aff9066b91c16df9c1e2b1ce4d4e57277bd1ba17dc4	0.421	1
rank-date-016	99efea6a3f2a3d9ec84abaa8707c9286ef8cf07f45de7bb12e2dd12ea0ef1b96	0.446	1
rank-date-017	bc2a7a8309863e757ffd937fe8f4cc11d826e7a3d72a7526b30d9848f982171e	1.375	2
rank-date-018	c472b7476d7c6506991c3d23db9af92b88f296a13da9609bb16b153159928957	1.364	2
rank-date-019	233f2d880e3f6aeb7d784c07a036b1651ac981fe3c641e8da26ece0bd763066e	0.25	1
rank-date-020	6fd557825e13626c797b3a599ce249507315fa29e6cc508fe193fa6c6c876827	0.26	1
rank-date-021	1eee3a88c3f209a10ab9c2163ea4fba6d21fafca1940f6376d7f5820b85abae6	0.252	1
rank-date-022	3abb73dbb389e58716fa48ce3c922e04377b239a888e511f27ab34c632c121b2	0.282	1
rank-date-023	e1e073eb75384b47fa0957218e3b8863da74a8109d0e994470ab7e206bfc89c7	0.323	1
rank-date-024	53f6ef9389e5a95aefbc4ae44b3e3cae5fc247f2fb8cc30822135af447893d5c	0.336	1
rank-date-025	87af2e640404ad582e333e21e49178de0854d58eb019020b7ed95d1c59d95700	0.295	1
rank-date-026	e87602fe7ce73240400e9b0177f43674da59762af9108cc54081ab10298089a4	0.261	1
rank-date-027	9564057e7a9c032af53882ca1802a98baf9ae116ab8e1647bc221031175e076d	0.265	1
rank-date-028	8aaffbae4a34285ab859f4df93786dd75e5bf64351b48429feabadb809c5a86a	0.346	1
rank-date-029	773801c7099f230fd387bc6fa16e757fbaa64223cb92e5332ea44d0c0bb156ed	0.267	1
rank-date-030	115ba56b26463a1f07e7dd1e42032a22f9ce222e420c035ef238c235a319fecb	0.392	1
rank-date-031	aa732471412013ab051bc8ca323b8543bb7ab7353397a07a5f334949c0cddb50	0.411	1
rank-date-032	58e0e2080cf38e55fa941a3ccb691bd428ee131854091d3e9942f63f9095dffa	0.398	1
rank-date-033	ed8a9669a727f23ff99fb889f412c70191031a3e31f8333f8adc6af48ea80b98	0.325	1
rank-date-035	f9861558ce89e01c8282eeb30f2005ecdf75b9b5a57e830c30e806ef77032f75	0.242	1
rank-date-034	a4ba013b388045678448a01b339a09b6dd8b351d6a51ab11a6b742077c54819a	0.37	1
rank-date-036	c468e9d9283493639a301e966b18ce4d55352440fa3561ca75122291dcb7c1ee	0.347	1
rank-date-037	98648c297b8abb593dec45b4c2df1b048a3e33558127bc635c3a73225dad927b	0.369	1
rank-date-038	3fd2a1978e43a9b58a458af9f4e06bf11b8917b73d6d961bd2b68ac27a2575af	0.285	1
rank-date-039	4d638420488dacab55aef035afa044e50d6c82c5614404ea2ebef7c6260c40c5	0.264	1
rank-date-041	21408f8c91690019fa329ccfb1f600b6fc341a2b199c9c0f23cc5246c403724b	0.311	1
rank-date-040	c7e0483127bbff62af2ad1cf06faad0c930fefac6ed2ffa9d97015788f3cca1f	0.609	1
rank-date-042	c7e819196a4eb8af547d82ede699f6ef96b2e288507425c73d64a603854255e2	0.338	1
rank-date-043	8616ccda7d3396603cd2280f9d423dead11ed625c444e3778d50399c695a0fea	0.244	1
rank-date-044	93e748e80793e894e2dd4e0f01c138a5f84653a87edc0c6f8f1ab8088cd367ba	0.263	1
rank-date-045	0765789700acf14e4af84e19d4503ef39d8c178c9a72e1eaa6bb6fc768beaf02	0.234	1
rank-date-046	df63d3ea85cad493f7ff6e6cc25706e626fbd01e7d0c3671e54f0a30421491e4	0.246	1
rank-date-047	2304a4f0aedbefe9daa0c1e82d370881e36f5b6db45524687c20d0c59368602a	0.31	1
rank-date-048	28cd73cc48bb80303f092f8d2d01125bb7b203b3c0b9d4e04451a8dd18420582	0.25	1
rank-date-049	8f43149157d16f21509cd4f727a8869342e00620720161340f9d5cd06995c553	0.253	1
rank-date-050	947be94d46712486386d37abe957352990ce0b582b0f92922a2cba02b710686a	0.367	1
rank-date-051	3756b5a8cb9a98070101315ee81d6144553fd2457f00046da7a5ee3d518745ac	0.252	1
rank-date-052	9c4b0fa825b6e792e02d8d9b205d3e642a3beda20cb3abb164e633b7b5405225	0.325	1
rank-date-053	87d982f92c610d2c86266986bd6e33a1fa1406e730bf1c6357c7e56b9851fc56	0.331	1
rank-date-054	46f7d06f3183eb70ed5173ac6c806da64e780671e94624ee592c8380d56fd711	0.232	1
rank-date-055	7c2f3a9154cfc507e24f1b7a1fed91ae18329d78587d76418806ac39992b3450	0.277	1
rank-date-056	df52c4b4309e053c2486eb2edf1860637e09942d5806e02e4c5a20e090ae32ef	0.281	1
rank-date-057	edf8ff7d8b4f1c1e1b553447347e51f753aef851d56343926e0a0dee625eba83	0.29	1
rank-date-059	5a8f89eab0014fce95dd10a2424bc5c44744018ff610b3a91845a100b12142ba	0.259	1
rank-date-058	c51c2b40a924a3045b6867c185856625b5103ac518533c0a646a9774356da158	0.681	1
rank-date-060	35ea50cd5f5e92e35af6246ec9f72667aba9e235bc750ebafbcbf8256910714e	0.337	1
rank-date-061	48f35ea6efe3f67b505590ef5611ae86f3fa7eb0c07b4707f7c326c2614c1e9b	0.283	1
rank-date-062	3038d298e4db913ddf5be7c11390d46abc1e26a2035294ddd0b70148e58c29f4	0.287	1
rank-date-063	fb229e48b90735fb4d4d65cb1c43cfddb880e7770bc44d18202125495e8057d6	0.26	1
rank-date-064	f88a597b6051f5c04a2ad975f5e56ee0e8a7739dcbb95460ec6507ff3a4f90a3	0.237	1
rank-date-065	bec66a23f8056fd9204d7c8b803352fd98c957986041c98012ba2ff293eb7f29	0.335	1
rank-date-066	414bf77501c2c4eccb63a16796493d6869062ef88d9e164701d69fd3b1f09d8c	0.244	1
rank-date-067	2bf749722384a5cce9089b8c2ce4504cc0b03e192612a9f94193ad3416101df0	0.235	1
rank-date-068	b0a02b09afef8501fff9b2d5d9eb3c68b3a816c2f2b5aa38ca6ef220736e763c	0.26	1
rank-date-069	d342d2e8882c9fbaf98c724357e735f5be2579cbb0a248985d657d6cc72775cf	0.249	1
rank-date-070	646caff431554043c0981150808b7d4a0542f068c2d6903f91d433968845349b	0.24	1
rank-date-071	10f64aa5a97fb681f6276b495ba7eefea753d1f5f96e8699df907aec43da739f	0.237	1
rank-date-072	f69375dcf9f3ee4ebc89d75ec1fad47a816b8dc6c3de43c25f8bdd91a1445c50	0.247	1
rank-date-074	ffeebea1b4799692b259b59fb4a1ceda8f8d56b6d950cbadc7d2faf60cb658f7	0.244	1
rank-date-073	0dc37440d869beaaa17204d5d1b45c37c1a2858b50f21f6d75df7c48d4fbf65e	0.43	1
rank-date-075	acdfc8e37d41c8be9f8245ee8239fa11349107f3ad5a8051842843afab2c91ce	0.267	1
rank-date-076	2d9f788cb8fd206ab9cb6eea46341543339eddae4d1b45cf4cc2650d1532b7fc	0.259	1
rank-date-077	cc06b56f7a0f84d34b8a06624c3c08d55789a7a8952a81ca82a52cb70bbeb1f5	0.249	1
rank-date-078	b8604125bd0b532a985611a514fb54744fd359113d677dd70b2c95b3eb0c1857	0.252	1
rank-date-079	f590e1ae583d77aa3327d1933792f57f44c605cad3354b6d0c514cafd6c0d8ff	0.249	1
rank-date-080	17acdbb2938f9aaf9fde9ff990f6e0d2c0f4cf08500e38f2570df407b865e50f	0.25	1
rank-date-081	f0ebb0ae402894efeaedb3c3a6c66253f0c4706f6ae240c4358ff94a89d37d58	0.256	1
rank-date-082	2f22caae58dd6129c86d2acb1327f2df7fb84b5f881567959550a79f4e943158	0.251	1
rank-date-083	1254bdab523f9c3938e753996dbdb2d12465b671594d474ba50fdd991c4e9a6c	0.246	1
rank-date-084	fb52a0056b7990adf7762287b305c12930dba246cd68ebb98cd5fdfe80b7fd3c	0.25	1
rank-date-085	30c0d58a57e34e0c756c43c818ec344d6678bfbd4e08ae0a6403df39303b5852	0.261	1
rank-date-086	a92b1fd1643f73017a4c5526e40878b8de69003064688d3cae36be7db38b6e09	0.233	1
rank-date-087	1f8fcc1bf50aac1c30873eaa5461286fd6ad405e5b96f905c842de2df599e95f	0.233	1
rank-date-088	39c7dcc2be32ca9a66a6c7e86fc963b887fffde6c142d1579c742275c2a3454c	0.258	1
rank-date-089	a776c3a999a010a437957fd09cec068b4c37082bb8715c6496384a136eb7e0f2	0.247	1
rank-date-090	7edf20baea677c5df8410512adff96f75f4324ad7b225f71ec77c0034658799d	0.25	1
rank-date-091	cfa9d4e889d18afc72ea99e21351e9ecb647bea08257d7d8e4f825aeeb0a6d81	0.25	1
rank-date-092	b1447985e872310012a913d770b9276e53ad0db508bf1444347b47c4dd402a70	0.265	1
rank-date-093	ec325d355d679efe55aa585cc487305e4850c70dfa9f72335d71d564fd293be1	0.291	1
rank-date-094	d03c605b527241af57c53ad753a05092db5cfef7dd369e373152a163975d46e5	0.233	1
rank-date-095	d1abcaa3304a004b2d1e57fd43a70638bd6f62dc7dd02eb22fb8cf7de7cde442	0.242	1
rank-date-096	3b3e2c3943e7b6867d2473c9cf10c3bd913bd4df34d44260218296bdd375e900	0.308	1
rank-date-097	2bfafcdedeaa1c04c556ebe5eb4751a245127a731bd49748864016e944883d94	0.239	1
rank-date-098	afd9062679375fa2362a25f612ccbd978e857cdb9eb9fa23bbcf52c6355a21f0	0.251	1
rank-date-099	7e9414a71ecaa844807783080ee99b4bd64daeff73173a085c9a1fafb20feab1	0.272	1
rank-date-100	79f0d4b3c7e2c34e0a7caeffe54d4031adec76768fe68385e9f3765c2df1ebfa	0.255	1
rank-date-101	bbd908c1a3bbd613809ea333d72400a2d397f9f10c7da87690d3490a0710a315	0.244	1
rank-date-102	edd3994dcb7ffc4087a5231a028d7704ff71a2e2463c4e569cae8f797c10b7b5	0.237	1
rank-date-103	6fb31a723b532986ff43bba78b0bad4e35b68c5322366016bf57bfe927f79856	0.267	1
rank-date-104	63defb81eadebc1b1693332dc59a5440c497ab44e7a3067673aadc7c5bc38e4a	0.305	1
rank-date-105	68e27488845720966d168c3a5c92f21748797d2229f9918e404c271a71e49ed1	0.334	1
rank-date-106	23a41638444db1c121e1755477b837be5a45764096146969130279a2a912c54e	0.285	1
rank-date-107	8d4d60670f022fd2261fdb52d5d32ee7098b175e612edabe801578d1cad2cee5	0.235	1
rank-date-108	2aa9dca163f2b3a4e3f27c78227bb70911e4ba178b9ab76ea9511956ec1f54ed	0.303	1
rank-date-109	30d584616dea98fd66a032625630b054d45dea7a4eedd794cb6a3136701defb2	0.269	1
rank-date-110	ed5537b6c5022b58888d3a0e5c79a7873992a47bdcf6757238bd72dfb4b0a4cb	0.36	1
rank-date-111	7c3ce4ca0c4207ee52cc192335f957d6a9323a887d9cc32a12160c00d2dfde93	0.297	1
rank-date-112	c27bd2e39260ceab4117285b7be6540d6b483d678ba0d56b094f3c876f8564e0	0.267	1
rank-date-114	9b967262ff08754583fb13b0324ddfeff9da37f67cd0bb825ce1a864eff85a0f	0.377	1
rank-date-115	4d3eabbf278db831f145352a040db59deff363c83d8b657e0a2d54e0770f6a2b	0.28	1
rank-date-113	ff8390ce896daa289efb8945d2ea862c23e829b9bb9325423ee4c0a3f1ed3457	1.137	1
rank-date-116	46f3dd76f77004fc516876ba275beb27b0a5776a8c1c6e765a69b52fa283a07d	0.278	1
rank-date-117	996fd11a0e07046ed3cf4537dd01fb5a11d913b60dabfb0a6e445a584aaf3b42	0.243	1
rank-date-118	8860bbfa2853b00f3c30f0f4635918a0c6d6cb07df7778b89a8079921bc72ef3	0.244	1
rank-date-119	c7a3f4955f08d4cbafd8e57cdab974d703f5b88ff512ca9092378c0ec33e3c0e	0.223	1
rank-date-120	e2e9a96603e9e87ad9cb2997c1f6b01aa535e1fb2a9c42aaaab009376b727ca1	0.272	1
rank-date-121	8e2b4e01aa8564b2c7ee669caff84ea4a75ab3f44442dc85afce3058a4a96203	0.427	1
rank-date-122	70c3ca949fba9d4c02c3ffa0fc294dfaee08a156e69975e60cb80bb74ba67b6e	0.382	1
rank-date-123	e80d0746cf654e35b7a76f0a39e81a8dcd46d4121a22e89be9fbe910e4b7e5a2	0.316	1
rank-date-124	dc701e6ade48eb9cb0779338113be22036d78dfa4c6294191647d77e022ea9fc	0.305	1
rank-date-126	8f0e35a521bd23b997e911db936d6c7642901fc4600b0a88ae2fef0d06a22a20	0.399	1
rank-date-125	fe28db82580fabbd8ecf625a5c1a2e1ea2e7e4add4fbeda9d4d48f31f9a0c103	0.851	1
rank-date-127	d92f60fe413eb86a0f495fe90199ccae568f3734769ab44785de181d90c5fd90	0.49	1
rank-date-129	a1e445e24a44bafaa33cec7603da2ccf38d202b404863ca4db3482058e4b743e	0.501	1
rank-date-128	0cfd9695015c25e6e1df66bcf96a072bdd112960f4a2f15a517cf6c60881bfcb	0.981	1
rank-date-130	a2c0f6d564de3858c6fbae412b1a7b488f324d6739bc42628133ba77c1921ab0	0.814	1
rank-date-131	861c0e45978fbfd59a1659bd63bd08d52c78aa43220a5d8587b0cb2a907f40e6	0.61	1
rank-date-132	39bd661fd02c39e672338dde3e54f2067357874ddfa7d7ccd06084d1c484c3ee	60.251	1
rank-date-133	55b7f004cdf0181a0579c7f846e950b53b60492ffe2a90e68d0aa6c3c51b14fe	1.074	1
rank-date-134	9a22684b8f28e4f8195cf83da8be0b4569d0bdacfed21ffd54dc89f22826c145	1.573	1
rank-date-135	05c49e60c7bb3ff80042315ce15ea0fa38081d849fddaaaa08928e24f4a10d4c	1.822	1
rank-date-136	0c7fc36c1e29d44bd9137bcd9479b36fc8165bd9d783259950a3d03f689d2fba	1.267	1
rank-date-137	3583074ceb3e24a62f949879e5953fee55625d89c6a7253913cd2bbc6020d3de	1.014	1
rank-date-138	6a7c35ab54bbfa981978c8f488eb9bddd84ca17f4cf6daa94421bf7ab7760e12	1.015	1
rank-date-140	1026e9d11ef54340e1dbcc25248a164f6126f49e529492d7700aad739200348c	0.659	1
rank-date-139	d2584fc5b17bd637f1768e2bf48e451615f44062f61c3fd702aeb8175ce4dc9f	0.727	1
rank-date-141	e2b6e14659f34b6212299747c02d008978b4ae99bb916971be7576c2d4f58f5e	1.366	1
rank-date-142	eb2db90ae2d53e5608e3ae8d335cfe200124aa2c03716915acda90a0b40b3624	1.372	1
rank-date-143	5f0eb5b2b51303fbe28b2e25fbcfebeabc7b4be0747b56503a8c45898a92311e	1.567	1
rank-date-144	43f788de533bd04cfe529a4a38de59a24fc5bf910848fc5c5ade334e57cd1186	1.566	1
rank-date-145	f9416a772ed5a67fc1e2ade3a19c6e9d841e83ea12bb6874a2ff32e96d41c386	0.28	1
rank-date-146	64dea6d73400fea28b5eb79f3c8bf6c9fb4bbd3d948328299045a243f590520d	1.707	1
rank-date-147	faea965ef63a874210bb3734195948231986ec6e7c21f91b006a95df8469ddbf	1.503	1
rank-date-148	d00aa784834feacd3fad8b1b3f60750a9e81083a51885e4d17b96364ec95bd74	1.108	1
rank-date-149	e080584c59975eb794d6bc53808c69338356bc566a6712a6e14a65c94fe7baa9	1.11	1
rank-date-150	51892cc1ed0606e908df728cbc5078c7d2d0b0a37a1be1eaca2703fd9a6202dd	1.529	1
rank-date-151	53e401664644d306d585cbbb8b3431b85cbbf46d3ac1eb354e5ad9baefddc1cf	1.523	1
rank-date-153	1f909b160d5059372c199240925d1c33a3daccd93981cefb35333d4631279284	3.809	1
rank-date-152	0d68db07ff560e5f07014109e0aba050c5e659e60b7b8d5442bd15cce9d1f307	3.892	1
rank-date-154	ababa370c79ac7fb90ca560ea1ff6c2733640816cc25dc9170ae4c8b9a1e2f89	4.082	1
rank-date-155	5974cb59a5c243e8d9254c72144794b31872e96b00d2fc8aa96ec5f274e44087	4.467	1
rank-date-156	c14c59d4526ebcfb3e9c14a7ebddb30fd2e5c1c3f868aa41d325d5a1a4cd7fc4	4.373	1
rank-date-157	5f6ef7fa606218745acc3f6f6dd4fc25efd14945d5039664a593fec975ad0ccc	5.373	1
rank-date-158	63221d3b4aacd6aa8c1cd8095b0644beab1683038e9a3732f7d903b851d4f402	4.415	1
rank-date-159	ac364153dd7b6d0062a64770dfe9f99a7482772d5fd6e1da092fc4cbc6dddbc7	5.04	1
rank-date-160	a84495735994f56208fee1bbf8f5a87461a0488526b6abcdd769c86b28a257e2	6.296	1
rank-date-161	a200a8e0daf852b609b5afb56c46f5458c598499fd9a02bbec7dcb2c4f2965c4	5.234	1
rank-date-162	8053bd42fd20c0c57b75b978dcc152dd7e98b0d0edff8b959f3bf9985d2de849	5.044	1
rank-date-163	251a929dae988def71ddf8f92b9a26aa59a80f89e1872802da166979f2597a3a	4.713	1
rank-date-164	71ae3abd6fdd496247639a79c3609fe04be6595e4bbcf950769719e375772fc5	2.725	1
rank-date-165	1f8d67f7bcff15f3c5349be64eba69ad3cad402e844e072bfdca6fcd40d5bc02	2.151	1
rank-date-166	945b1e56955538127a981d134fe771bc2c8f318f1351094583b46a28caf0cd16	4.977	1
rank-date-167	346bbe3421f55473049bbb034fb061ced0777ba378562effb884f8b044dfd657	4.924	1
rank-date-168	755532dab037907376b33d9a5ee8a0c2c76d5dd72b1cd1198d6ceb0b1bbd16e2	3.456	1
rank-date-169	f7a5614f4a04767c7c7e258a4ab9bfe9602a2a7eb817bb523207db9ec550a42f	3.993	1
rank-date-170	e9dc29535b896d346f97f906920587b333c7535f122e711b239194b9a14a56d6	3.71	1
rank-date-171	1534f3cf33e8edf968f19ba5653940cd488d6d079bc4c3940cbfa1ecc841df98	5.236	1
rank-date-172	7dadf9d4b94639734ec1aeec2e8a6255ec6d00ca47c3866fa99683f62304202c	2.674	1
rank-date-173	17d9bd9b15af0e6f4cfe63f4a40ff17eabb891e5ae5dad6cf0d9c3e8cf8d10aa	2.401	1
rank-date-174	00fa0009e5c3c378946ddf388cb1674495fd50a34f7848006537c3252b18c185	4.998	1
rank-date-175	66b6ee0e2682a113f27bcfa97d5051c8144c1c9b3da1ec12aab3052a084a8ae8	3.487	1
rank-date-176	81d6148fcf845ea2e6dbdaaaf8bbe09be89e1b7b3b1c39ee45d97d0a56a34f29	1.463	1
rank-date-177	e27b19497e3a58d62a150b463fcce4afa6c9c60571db62db7358c1dc1f64ab74	5.208	1
rank-date-178	c756aa6a5e7ad588f1a36b8d1ad12930ecc6900fb618d2be812fc9b46578b98a	5.122	1
rank-date-179	39cd8d84fdae11ea7e771adaa1668fd10158ad1076d422533a41ce5de1a749e7	1.2	1
rank-date-180	81dc5a7947c4669c0b9722d43fa19ec7674ca26d29bae3d5a2813311a6178e65	5.393	1
rank-date-181	396b00637fbba7f57de23bd5519a335db8914eb915372f809d319ce5f995c93f	7.688	1
rank-date-182	4f47d8e2e265cb2bdb1ec5860753372797b55a875be6dd31187d6613fd717002	4.023	1
rank-reading-popularity-001	162294cd2c5049e48fddf74cdce9628e35e0eee843f7a1b9cc1fa96aa594343d	3.812	1
rank-reading-popularity-002	91f5a41cdaa836d07c94d5e4b23b0ec09f5bdc51d7e049fce1e496b3bc1f04c1	3.562	1
rank-reading-popularity-003	898452adcadf9d1fe5d61deafae5b144865c7ff2428be44e902ccd3dae9de7c2	3.374	1
rank-reading-popularity-004	f91fdcd283c5fbe526a4c1fdba8d117b371c27076fff68b92ed3eeaf8618f3c6	2.083	1
rank-reading-popularity-006	674a145c657f0801ce61bfa4de79857db9931e9bc7ebd962e23eab1b57d649d8	54.919	2
rank-reading-popularity-005	3d9841eec165fdc5593acdd56b9fa9cd8b8849043de0b72068db9dea718f447a	71.09	2
rank-reading-popularity-007	rank-reading-popularity-007	5.434	1
rank-reading-popularity-008	rank-reading-popularity-008	5.379	1
rank-reading-popularity-010	rank-reading-popularity-010	5.324	1
rank-reading-popularity-009	rank-reading-popularity-009	6.35	1
rank-reading-popularity-011	rank-reading-popularity-011	5.192	1
rank-reading-popularity-012	rank-reading-popularity-012	5.749	1
rank-reading-popularity-013	rank-reading-popularity-013	5.996	1
rank-reading-popularity-014	rank-reading-popularity-014	5.115	1
rank-reading-popularity-015	rank-reading-popularity-015	6.145	1
rank-reading-popularity-016	rank-reading-popularity-016	6.064	1
rank-reading-popularity-018	rank-reading-popularity-018	4.531	1
rank-reading-popularity-017	rank-reading-popularity-017	6.338	1
rank-reading-popularity-019	rank-reading-popularity-019	6.034	1
rank-reading-popularity-020	rank-reading-popularity-020	5.36	1
rank-reading-popularity-021	rank-reading-popularity-021	7.06	1
rank-reading-popularity-022	rank-reading-popularity-022	6.648	1
rank-reading-popularity-023	rank-reading-popularity-023	5.968	1
rank-reading-popularity-024	rank-reading-popularity-024	6.355	1
rank-reading-popularity-025	rank-reading-popularity-025	5.666	1
rank-reading-popularity-026	rank-reading-popularity-026	6.28	1
rank-reading-popularity-027	rank-reading-popularity-027	5.351	1
rank-reading-popularity-028	rank-reading-popularity-028	6.088	1
rank-reading-popularity-029	rank-reading-popularity-029	5.462	1
rank-reading-popularity-030	rank-reading-popularity-030	4.481	1
rank-reading-popularity-031	rank-reading-popularity-031	6.402	1
rank-reading-popularity-032	rank-reading-popularity-032	5.858	1
rank-reading-popularity-033	rank-reading-popularity-033	4.781	1
rank-reading-popularity-034	rank-reading-popularity-034	5.001	1
rank-reading-popularity-036	rank-reading-popularity-036	5.773	1
rank-reading-popularity-035	rank-reading-popularity-035	6.333	1
rank-reading-popularity-037	rank-reading-popularity-037	5.403	1
rank-reading-popularity-038	rank-reading-popularity-038	6.507	1
rank-reading-popularity-039	rank-reading-popularity-039	5.666	1
rank-reading-popularity-040	rank-reading-popularity-040	5.894	1
rank-reading-popularity-041	rank-reading-popularity-041	5.406	1
rank-reading-popularity-042	rank-reading-popularity-042	6.162	1
rank-reading-popularity-043	rank-reading-popularity-043	6.343	1
rank-reading-popularity-044	rank-reading-popularity-044	6.46	1
rank-reading-popularity-045	rank-reading-popularity-045	6.52	1
rank-reading-popularity-046	rank-reading-popularity-046	5.99	1
rank-reading-popularity-047	rank-reading-popularity-047	5.866	1
rank-reading-popularity-048	rank-reading-popularity-048	5.345	1
rank-reading-popularity-049	rank-reading-popularity-049	5.344	1
rank-reading-popularity-050	rank-reading-popularity-050	5.829	1
rank-reading-popularity-051	rank-reading-popularity-051	6.401	1
rank-reading-popularity-052	rank-reading-popularity-052	5.267	1
rank-reading-popularity-053	rank-reading-popularity-053	4.996	1
rank-reading-popularity-054	rank-reading-popularity-054	5.461	1
rank-reading-popularity-055	rank-reading-popularity-055	6.089	1
rank-reading-popularity-056	rank-reading-popularity-056	5.549	1
rank-reading-popularity-058	rank-reading-popularity-058	4.765	1
rank-reading-popularity-057	rank-reading-popularity-057	5.656	1
rank-reading-popularity-059	rank-reading-popularity-059	5.255	1
rank-reading-popularity-060	rank-reading-popularity-060	5.168	1
rank-reading-popularity-062	rank-reading-popularity-062	5.911	1
rank-reading-popularity-061	rank-reading-popularity-061	7.125	1
rank-reading-popularity-064	b1aadf8bbfd3f96d8b5ab19ba5f786bd8e313c08c8f08c769db5135039ab71ae	2.225	1
rank-reading-popularity-065	006dad98e482ddfec22fb0b4f03f2e4f455885826d4a73e0626992bde7940793	1.688	1
rank-reading-popularity-066	46cb22149c9baeb1f00ba06d27a3d9818eabe31c94edd242bf14263cb3f8bea6	0.661	1
rank-reading-popularity-067	cca55427b061c72b1546bd0b60178fdc21cf18a4933b51d63ba5733f94ac0991	0.265	1
rank-reading-popularity-068	11e4f35c7adf87f55c70eeb838cd50fb1c67dd49431e7ceb5c20b9a3df1ef731	0.315	1
rank-reading-popularity-069	1340ae1340c7ca5a05da1f2f393fab1ed2d1aafc4e6c9cf10ef97a9862a3bb06	0.253	1
rank-reading-popularity-063	4f031b1fb2038afe5b9cc929fa44f84c7f6f86fbfcf26aea5788876f9f720ba7	6.508	4
rank-reading-popularity-070	84c187f327295f2394477b152045fe1f9ec61874fac9f7abe19411b1306bae8e	0.893	1
rank-reading-popularity-071	2c57b76ed06f2c01e89e003878ab8955372e755ff0180640fbc9e9d22627b756	0.701	1
rank-reading-popularity-072	6c263edb38796cb706603f3c99fb867d0676a81fa3a5fc68f52057ac9b8b09a1	0.578	1
rank-reading-popularity-073	d1fd6bbb7ce6245f2967bc79237f2223362a05d5fcae0e98985769025859905d	0.575	1
rank-reading-popularity-075	0bb8644225b99ca51ee03aae526f19dce3abb56304d2e0934ca19c4c3a1ba9f8	0.601	1
rank-reading-popularity-074	cc3ea1d8735e8df296148dcfb6be41779d03cba97f8954bdb03e99e76a4c90ca	0.679	1
rank-reading-popularity-076	e29f6555140756ea8129570cea9911b4237885a4de856f639d7a1a49a4e83174	0.262	1
rank-reading-popularity-077	8386d9790fee56480779c21391af5cccfaf2abfc922a2fbb86a01c780dbaa8e0	0.258	1
rank-reading-popularity-079	1a56ae62ec4f29c3a5146e745ad97f9a78af355941930e760ae419a5a5e553f8	0.494	1
rank-reading-popularity-078	71da3bbd2598f43b6a367f06335a76b0b819daf12ac26f543ec108ac761d068c	0.553	1
rank-reading-popularity-080	001f445e5f35729df3ffef3fddc531c69916c04e8557276f542d10d2a843dc51	0.376	1
rank-reading-popularity-081	2a8113faa307cfab11033783a0a4e8268596207b8958dd4362de3319a1969a7f	0.753	1
rank-reading-popularity-082	bf96549d18b2ba9f1dbdccaf2aa052c997ba739be9feb0eea7760ce3b3499997	0.45	1
rank-reading-popularity-084	98bdb0f01f70cfb45afb8f25621bb42ad934e359c344b5330f50dacea27b1f61	0.277	1
rank-reading-popularity-083	c612ee041264c36a3cf84fd46a6ff5b83a39ea4460aa60b5afa0018ffae19d0f	0.754	1
rank-reading-popularity-085	7cb768b9ea631a747d760b902baf79273b949ab6d9698dadb5231c1548655d5b	0.456	1
rank-reading-popularity-086	50f7838f4681ad28e299f9c53d63ca8477ce335925e7a74d91acce316f6b0fad	0.272	1
rank-reading-popularity-087	f25c1ccb184ed624d6df12b0f68f4cb44701c30643fe578664704cf4fc1c14d3	0.284	1
rank-reading-popularity-088	0bab771f129da7d89ebf7629348f01e00faa11ce36c9735a8a8c111a4aab53db	0.599	1
rank-reading-popularity-089	aa631654ec459d14bf77ad29defc6c2d799d8fd8e2f07b2689c0d2119fb64cb9	0.6	1
rank-reading-popularity-090	f2bacaab4f261a0b0b6c81839c2071c921fdbee22620fe4b5bfc0f9d4f407ce7	0.578	1
rank-reading-popularity-091	f0c7edc1f71dbfde96faffc1cab35cb0b4fd2a96e38056871636edd923b84a4f	0.573	1
rank-reading-popularity-092	6e8463a50567dd61db4b83699306089d10f0497ed518c42976d103e1da57eb56	0.6	1
rank-reading-popularity-093	0825718ea9b2562f4974ef4040ff8a1f86d2e6abbab7f1d92595cb8513c3c1fa	0.675	1
rank-reading-popularity-094	62b0f033bce6bfd407ff25afd914cf0d33832dbc97e02800c03214fc1b312659	0.574	1
rank-reading-popularity-096	5628230ee7d48c95c3d4a0f1d25670cc27be459586c21c4a9f0db4c98151f357	1.089	1
rank-reading-popularity-095	dc6ce07bc318e994d08212187a47a14875598bb7006d1207f127659ebbc05399	1.816	1
rank-reading-popularity-097	d5c25ab360dbc4a4273671c1f702771d8e5bbdb48442bd45a6f3d836ed1c85ae	1.092	1
rank-reading-popularity-098	343eba35a56b70620fc4db62cc77cffd0312d95799423d39b641a44489e3c56b	1.167	1
rank-reading-popularity-099	7bdf4fdab3b8110e6ade0fda4246467213572fa2b1cc9b675a6653c566ddc58c	2.102	1
rank-reading-popularity-100	218b43fb7ad80823ce7a01484117f26a474998a47e26e3f7644a6f9d6580f8f7	1.798	1
rank-reading-date-002	cab6b2f1a3700665534fa339a6cc6b82185628bf8357b75fe8cbe28527e65186	0.671	1
rank-reading-date-001	ff5d217e42d4e44f30f34d31838d2124b3839835095406ba768b5698819ebb7d	1.113	1
rank-reading-date-003	7d3bc653193af3b2ba2a084d45f2f0725b999309a22d923599925c7a80320ca6	0.565	1
rank-reading-date-004	5661e7014b49c6e3d33bf759ea414678878de7545f990ad7302b1f365448a81f	0.382	1
rank-reading-date-005	c00ef42d9fc16703babb0907501f373c4b562c531550801a932b871701665274	0.588	1
rank-reading-date-006	160b2aa5ec005e9015e69ee30fe5a9909e298bf7e14be69c6ed61943dca04889	0.542	1
rank-reading-date-007	aaf26c7cca89a05e2bb1a1fff7d71b3e88297e3df9ff1687ab7aa84d890245f3	0.639	1
rank-reading-date-008	26ac85f49bf68d14e8322527bccd631cd528e23de060559b12b2eea769dfd86e	0.66	1
rank-reading-date-009	edd8f27982051573466b68ec14e5e2e8e38732beaa2c4cc39c768148effdb15e	0.684	1
rank-reading-date-010	faaf8164dea274d089d6c6605be88ca3f19cd64b678006404340ccdac67b16d1	0.998	1
rank-reading-date-011	edce2d513aa7fffe4fb7ea627c0f2af00ea061a6594931ee4cc7946281e86934	1.087	1
rank-reading-date-012	135138daddedd038604ef144ee6d8db4d9e2f7fadc28cbdade637b60533309b8	1.457	1
rank-reading-date-013	38da31453692eee34fb1a027289ed4d7236f72898bbdab73c2ddac6adf9a988a	1.827	1
rank-reading-date-014	de6244a260cfae569f2808734c9ceb83897ce60537f5cbc7add46899876eb3cc	1.188	1
rank-reading-date-015	e9f6f96995ca66fd43f1999d61bb465fc5c01c358ac179593cd7fb50598c47f2	0.586	1
rank-reading-date-016	fda7844a4b7fc3c3e12f41a83d616d0462e8ce0467df0c9edb673b54bdb774ba	1.383	1
rank-reading-date-017	f96e9334779fea34cc1b324a190becdc0ec24436b5a99cbc5b7f1975cdd8ded1	1.081	1
rank-reading-date-018	600693f21e5cecf9c396a7f72962ac1afe921266b108a02948540c6ec878378d	0.923	1
rank-reading-date-019	16a8633789ca755ec1445164bde560cff43a9695d02697c2f29f96a9743a8e4d	1.692	1
rank-reading-date-020	6024b10ecd878231f00caca5d4752a929f2ca0c44c859cc65b333029ebe2a73b	0.857	1
rank-reading-date-021	b0b58cb47cbfad293c4ec5aeae85f05d623ede053d5f9d5459395469943d594d	1.119	1
rank-reading-date-022	758da5a82dd7088f28ab312e2b43079e3be73b87c65a5eecb2bbce1c863279e9	1.097	1
rank-reading-date-024	17b1134dca1c8c2c6aa3d9f6306db14b62c3c14196720ee3f2ee02494e61916c	1.146	1
rank-reading-date-023	d350adb9a4973611839e791b3b422c81deec65aea1e9f9a28f160d9ad64c42d0	1.209	1
rank-reading-date-026	3acd13c3f540d0136bf385d9d20f47cf0c7d65774a40a30d4cc8f9073c4c2c9c	1.053	1
rank-reading-date-025	35b9437c6a8c1012d5e452d3a2a830768c15fdffc8af4af2581c5892f66970c0	1.141	1
rank-reading-date-027	50c593698471ba8f69ba8539270a9ea919fa98aef8f0b7fdd203d5700a5d2943	1.046	1
rank-reading-date-028	007eee24899bb527ad1ec99e82595f4b10e19c7b0e7563a0cde6ea81c2fa3ae5	1.046	1
rank-reading-date-029	526a796bb2ac9e109d6aca5f3930f139e53d0839843c0890edfa95621b94ba0a	0.263	1
rank-reading-date-030	0ecbf0d144caa8cc3daf3bea6bd88fd98bebc15d1a7c6ec5ff014a5c81c24e28	0.619	1
rank-reading-date-031	11d95a4b465bad3fcd668d46727dc17088d8ec30b87a4e9250a9f893bd74bfa6	0.494	1
rank-reading-date-033	77b4145cce53043865480a24b5325bfb2bae10569d30831026c1a4f066de0c6c	0.709	1
rank-reading-date-032	8c3fc00b73cf242bd0e059e99b69b9948631829f1c872da768f9af1cc66a01a0	1.241	1
rank-reading-date-034	d625c4cf2be5aeae0fbd746820453e0debcfd4f8bf8fb14d0c2d2d0720633e39	0.56	1
rank-reading-date-035	e1e76dc4044ad7988e81440956eb9d8506f2624fb4d482e50a020645add62dfa	0.761	1
rank-reading-date-036	36796480791a05ac77b6f8fe6c3a57a44834e7c2ba5be67c5793a0a8258350b2	0.691	1
rank-reading-date-037	e52810739d3ff0bbeab87d3b542fee4e17a719b9f9ccee4b2e9c20a27e1d71f5	0.67	1
rank-reading-date-038	3d2c20ce052ac54ab5c67fb527359b93352556dc4b94e87f47c842e994b19acc	0.684	1
rank-reading-date-039	f74cf6a2a6b1a1f9d38db6d5e937507c5c4a377cf946b22d7aaf121fdc9389cf	0.577	1
rank-reading-date-040	1efe314a755d6819f9fbe69f2b27007d887b74a344d2b4c0b2c03b2f7a2d091e	0.576	1
rank-reading-date-041	0f3fc110c63854c5c8f0521dc0806f5124c002fddd48766786c80d7190434fac	0.28	1
rank-reading-date-042	35cae67d6a996fdc50fdf3b8360e2e360267abf3b6c1a3e2b6317cffae2f44f0	0.626	1
rank-reading-date-043	a6b0303882a9edd4b02f9b35d609dae31c7dcefce25e7b4e5ad9587182bcb412	0.489	1
rank-reading-date-044	735dca4a7af9787c3f77b4f301f106aaec18c410dea8055bb0c14a1ef4ffe941	0.251	1
rank-reading-date-045	e6b78ccd260ad516bddfe90735314eff8b1daddca953b00478c3fb7d75ef42b0	0.402	1
rank-reading-date-046	0c2d2faa2fcb8ff12d8134193c5619cd8213fb57f31946e761e887fe0b8e7463	0.272	1
rank-reading-date-048	d59c0d69ea56448c0e09e82fcd1d82e9b708ccdfe87418023ec2c4bfd7effd10	0.929	1
rank-reading-date-047	60a255caeedba34c0047483b61179ae251aa8eefc5bb4fbe832ac891ff361b92	1.021	1
rank-reading-date-049	48c007d27219bfebfb665cab52c00c620999b1d5a8a8c5ef8a87809662019920	0.604	1
rank-reading-date-050	8eac1a97f1531047743906c2d86495debaa2540b93ca7da25fd7318f921e4c9a	0.697	1
rank-reading-date-051	449219f62f3357f8af534142d5bd7d1fd70f9643ff730f9e73f75c05b0903eee	0.69	1
rank-reading-date-052	291b7c61af4c1119f462a0444b3d2842771da89811fc4a1562ddff063af006cc	0.589	1
rank-reading-date-053	ff142b8adc2dac2bbfdfb0091114c561735652d028654ffa85bf13cbf62f5faa	0.575	1
rank-reading-date-055	0316415e7a8579adabb2c336d8ba511f3cd66e4613d984c43400362ecef342e6	0.789	1
rank-reading-date-054	f239130b66fc65aa1e8a5c07dd87a4b5f78d0cba185681b99ec4cc298f99892c	2.273	1
rank-reading-date-056	6d4a5fb6578b541ba1068c676d66a6f9c24e263a092f6967008ace5d32b8ac8a	1.029	1
rank-reading-date-057	d4ad6e8b1e7d35e536c1a72c98a15a03dd5975f81e648a43a6070ba1ec77545f	2.834	1
rank-reading-date-058	f1326bc8c4f3f5ade7e8391ddd509d767df265e6c2c63575ea6780d324b78f87	2.802	1
rank-reading-date-059	92817d4fb1a9fb692b7605b72f0dbfe9d1373617f78503e4eeb78b4abcf1049c	3.138	1
rank-reading-date-060	9a463039391ef06d3b8097a1c264f6ec28ee60fc1545ea19c7a70d84cf4809cc	3.172	1
rank-reading-date-061	f2903dafdb0cbae4020f1a62372173bb57cd13f61c9a7661ee7220a54d6dab92	5.938	1
rank-reading-date-062	636c7f71b931918cb2d096511f6716275aa5289f2b785e409ab1c48b678d8d25	5.933	1
rank-reading-date-063	d39611637278da1cecc7d5cdddcb019e6fb85b3312f21e3a3705cbf732dcc82d	3.564	1
rank-reading-date-064	07c43431e1a56655e4bb6019f529b93f1622d925dfc212516d3674cb3669bceb	3.536	1
rank-reading-date-066	d5764757f8ac652e8faea75b26e725f198cc9576bc022889809f48eb1d3a9dd5	3.424	1
rank-reading-date-065	f6455c851d3ea3a6c3615ccc77a3e44fb665cb41d89a94c3b7236810e4725029	5.16	1
rank-reading-date-067	7dbc7fdfd0ce243dde101be54dd9b7ef354e3e20652d16d88a96b681f5a52d6f	3.639	1
rank-reading-date-068	f007850294fecbf842b16871745ecd310ace9dd0c6f4db6be4744afdbb13a40e	5.281	1
rank-reading-date-069	cf5394199c584ad2f260a9c80888c27627b214a1d4722df0501941ccd80ce3f9	4.352	1
rank-reading-date-070	6439f10e73d0c7eb2dc8474f8c0bf84c1fc1f99b77d4e44e837cf061f3576933	3.748	1
rank-reading-date-071	17b433d52bec0c422a5affbaa723a5826b4590f863e8a8073e31a58e9cd4b264	4.132	1
rank-reading-date-072	6414502f0161db903c653c928db4844d20aac2032e6f34dc5cdc7a6e9d575675	5.436	1
rank-reading-date-073	e7fb0485f8722eae4f4714efab1d29ef8065429a8c95fb45712f66dca56eba2a	4.112	1
rank-reading-date-074	42355c1c22d31c116a307280adcbace9fe9beac75d1c8b6ea91d8e529a7f2ef1	0.741	1
rank-reading-date-075	9780775b71d0dd1b8645a87307164f33466dbc43073b7f8751535ae694a099c9	0.77	1
rank-reading-date-076	fcb8c7f796ee2882ee516cf0847b4adb258744a1a78774ac4cbbef90578ae2ea	0.34	1
rank-reading-date-078	78fb398795bf4b4604b9848d32836e7eb223b70a36ba0798d6788db87a9b002c	0.644	1
rank-reading-date-079	eaa95473b91c9145e11c1a07fe22fdb33918e947fa6ea82d5888fa14eb0747c4	0.275	1
rank-reading-date-080	bc0b015cd7d4d7eee09d0b4690156e45466617778ce9da9f30bf6740921e0e32	0.66	1
rank-reading-date-081	7a93343968cfcc9847c3b00b600abe1c4efa01a8a310a2277251db0a66beb9f6	0.514	1
rank-reading-date-082	9d4c9c41325c763a09b2450661835c3a1f0eecd871d725d7c41aac751ddbfadf	1.067	1
rank-reading-date-077	04ecf1bfdfbb52a047862da80e678e6f8f4a8d625e2c2fb73355c819b67cbd97	4.353	1
rank-reading-date-083	a03c4c95fb576913e813d248cb53a5227cd748803c0481a74d35510313bb40a4	1.11	1
rank-reading-date-084	b6a849756f3560ebe18679c6bda58ba38ae0b9061474665656ef95b6a6846597	0.307	1
rank-reading-date-085	f54853964b86b5d75246220054f53914dc8472b48d5d3f206c74e11baea92e28	0.591	1
rank-reading-date-086	fc30e4a95e3d2a573c5da83c217d9e38770b3e1f42bcd406cbae82c4b1a2d7a4	0.571	1
rank-reading-date-087	ffadc866015e692002ee37fcd90f0e115cdb1b1a73c6f5abc20cb757f4d35ce2	0.255	1
rank-reading-date-088	967c3a039d14370a607fa5c81949e68b315229516f1175fd40fea6d1520a829c	0.545	1
rank-reading-date-089	848de08dac0ec74b140015b4b6a20093842df6944eb4f6d64d96483858a44097	0.567	1
rank-reading-date-090	e9d4927ba3f2537dbd6cd69c4599a7b02de4ffe0acdc2a86934e582761c9f1ae	0.603	1
rank-reading-date-091	4434a365847839be9134b8644ccdd7ade0ba1bf5bf903a7952a743705e74ca37	0.494	1
rank-reading-date-092	c4a4ea94b3e2ddc8f1fb019c4e7b7ef4751b6472417d537c402d43a1512dc009	0.262	1
rank-reading-date-093	c1252e9c61a3248d739d38536365095cb0e18ecf793da1a3bf1cf4fa9af332b3	0.27	1
rank-reading-date-095	7f41f0df7d51746ed80c424d96d450a83a451ce13db5b186c4f828c6c6f74c4f	0.662	1
rank-reading-date-094	485d71a5bf36e849327053d5ed4f40f1fa53640b8b74f0494b95f6967ae72808	0.852	1
rank-reading-date-097	688a769644bb6e9f733dd8e3971583b34154b3d6e90634f701dd88be54069016	0.604	1
rank-reading-date-096	82a9c947e7579e02493a74c820e271862cb7372483cddb178a9639dfa2298e06	0.796	1
rank-reading-date-099	c54a313ff6a3e56654ea1229833b4f5108b8768afd4d932681d94c4578a6de81	0.752	1
rank-reading-date-098	93f0af7dc429cdfa23d6712fc63ad24605e58f4431a715f95f972b2ccef14fa9	0.829	1
rank-context-001	ad90b1ec78f7c413aa30d95408c1e07bda489a7b192b7d40db0527b27bfd632e	0.581	1
rank-reading-date-100	7cca0bceb0ad27cceeb6b51269f8df0d072435d979856b39232352f4460c0502	0.656	1
rank-context-003	caec4969ff759b8f14632a6addde138498b72942321765a8cc116662b8f765ed	1.167	1
rank-context-002	14019f18086b73764429292b03cc2e967b0fd3c7ad0ee69701e5b7571f077ee9	1.691	1
rank-context-004	081e78ad92ccf0dd4b49ca927e6aeb91fb9db5e5a09584c20aeab74a463d8506	0.783	1
rank-context-005	dbb9b619947b9d489b061427179e4521af7d271ca1bfff41bb145eace6eb277d	0.377	1
rank-context-006	5c4c74aa2b5f83590aaa73001dcd9aad1c321cebe6ec5414b1fd415c8b8157b1	0.366	1
rank-context-007	d718966c40ac902ed44c19df557a6a423f788c73056dcd3790f932eb0761ebe7	0.334	1
rank-context-008	428c27934b6b0a6eaf731ffd15949f24b95b618514bfc5ca2df5d5b3c90e7ffb	0.319	1
rank-context-009	baefa460baffc70ffb503fa99fcb9d7cc0e5017b50ec86c953d85a7384c4947e	4.138	1
rank-context-010	c01db350df179568987fb48f229389013d90f768260331a81e1b4c778091eb5f	4.057	1
rank-context-011	a4adaf2fb8b7200eaad7d8d80a86f6da0b8227f73f726d18ee882dc645bab660	0.652	1
rank-context-012	52c16ab8db28b1efaa0f356cdecb23e18efe3b252795b2ce99ad36961a18e9a0	0.584	1
rank-context-013	73fbf8b4c5acf4958d78be021b06cc82ac734df47dfb174b689cee037420abea	2.288	1
rank-context-014	debec4d93df2c82bd2184b93ea7b8c9573b93c823d8c1f55085743f696609a5c	2.364	1
rank-context-015	e423632b9eceddbde1213bf8eea2cc4aa943936ec6ed00db7f2158a34cfde2e9	3.214	1
rank-context-016	5c189f63440c9c76847e99e32c37d44fd07879b61ee4f9f9a525c727b2e7641d	3.152	1
rank-context-017	7ac910970e40aba719de04a9cb2cbee027905653c01159ee9fd28781acd4fca6	1.265	1
rank-context-018	00253de319225ba07e88bde351aedfbc78a0fd4ca06e019aad700d5603e0f8ff	1.543	1
rank-context-019	3cac06df8a5f3e7870c9edff3aad40511cedb16066fd32e3508bd7a95798cfb5	1.554	1
rank-context-020	f219646f67780312dc86cb932401215b83681cd51916122cb699ead7ec1fb4da	1.216	1
rank-context-022	c2e19b71345d2e4151c1155392ed575d4b83a3d28dc0236fb3eae3ffc1876eee	0.601	1
rank-context-021	7dc5699ad69ad9715f992874f6db20f562d361dc51508e3da003ba79b2eea193	0.745	1
rank-context-023	c394074cd425f389af89039bad004a14464521ad8d796e747b52cd52767c918e	0.316	1
rank-context-024	fca7044f94817700955e6d483aaf4163b44984111ccc8b0f65b013cbc785995b	2.283	1
rank-context-025	4ea011b2858fa97630d21a966de558b9319e0a997ace0f03eed8da2d5c6982ba	2.11	1
rank-context-026	a9cfa20eb302e619e36972ad460e17f12177826b7cd9a064231ce3af708e96c2	0.932	1
rank-context-027	c427f90f1085114f331c51572c283df5d70aed76a646fec65923ed4f46e300f4	0.921	1
rank-context-028	5ee30ef5b204a11bb5428527cf55d7a9a8eb670ae4b49e4473dc88709d248db6	2.722	1
rank-context-029	936a732d0dabf0d5f64dbe90ed99668ab74c1ce606600498d51a38cef5d2e6f8	2.733	1
rank-context-030	0c8ada1c3f6d231e80a5c13711b8fdb996639cdb268691262e5dff93909292bd	0.939	1
rank-context-031	42552463dd65d45fa4649de0e89a2ee60f675eeb9fe864a3325cd8be9a8272e8	2.833	1
rank-context-032	fcbbb5f72a03c8ea11c9a2a7fb61f6ee598df2ec4155958ec766892c71b18f6e	2.892	1
rank-context-033	6379b2642053c1c2af378b7be6e2c7e9c2a09f11f615bbee659c6fefd2a1f180	3.075	1
rank-context-034	caeb1baafa0dca616bcfbccbe3b7891a8c58a6f2b272bdcf1f1dacc101d37547	2.291	1
rank-context-035	70978767b325739ee6e1c337ddb56af7bfa1ec34ac08b0f8591aaf6b2cbcc595	1.472	1
rank-context-036	79df7b3d87e357dae128e41b292dea354971252ae4fde90cb102526822606f59	1.392	1
rank-context-037	6501e74edcced76033990390f2cccff622ac66710e83e7f4b18658b9c7bc96a4	2.835	1
rank-context-038	3f7cd1e6b1051a6b3f4dd6cee2ca1562ca561d7e2c16e1d4c1a7e5d4cfb4f0c9	2.848	1
rank-context-040	8c5a2a5653b1f9908ba103ca10a3462db68aa484456ca17924019cd2e0dde8fd	2.372	1
rank-context-039	f1a8217e286523e231cf456ab12ff1ac206b31f2843eaca1cc177b630b0ca160	2.923	1
rank-context-041	8b6108eb6c888fc7517a9bbb05da44629ea748f2b70495b7711631df9454a6f4	2.271	1
rank-context-042	c210097b3e4b052e247c816075ca2c1e866dbaf12636c0460c80bfb397f48dcd	2.28	1
rank-context-043	2884937784a61faacac96c6f8448ab7f0dc0f73d43fb26e7d13363008749e540	2.136	1
rank-context-044	db33b4c2389497b1272a7f4dfa7babb597954e74db132ba7b59a75e339be8239	3.75	1
rank-context-045	ae26f2af697f402cde6985a70d1ed58b8e7888f7b1a311c55df115f0e86ae810	2.72	1
rank-context-046	7e15ed688b18204a3534c46b956e1e8a8fcf158ff75f46142d78fb3c25e1309b	0.838	1
rank-context-047	f726bef897b1cec13714124c9dfca88110937e3853158795bc437712cb24d93e	0.887	1
rank-context-048	899c9d3583ac20558f8c0760bc09bcc5830e31afd85a88ae75c39291f2647d15	2.666	1
rank-context-049	2b3f72194afe58b6a2a132b640bdc8459c68e59690f83d05a20d79150f5bebd8	2.143	1
rank-context-050	31eb4d4d4e1b0b4df01fe7e3dcd857dc7288743f94c625f59792dfea2cd1f382	0.714	1
rank-context-051	17942ccef25b10700b2cdfc59933d82a227768a4b59d85f839d1237883490253	1.178	1
rank-context-052	559d9aa48c8f9f93ca5448ce43e2044b7d9044fb8b22b5a834b4e8a64494b100	0.705	1
rank-context-054	468e513b79f67b4cc7936330050108ceee076d181f8666f1f9f5f00751986268	2.623	1
rank-context-053	66c9c73dcec3a28c9724e96f7def62aee8785f3fbf0521dd8b1d7bfe3811ab92	2.766	1
rank-context-055	19a43bb061d752a1f708c465a91667e48392cb697e11c0580dcb4725a0ffccf3	0.998	1
rank-context-056	f748eee9d45976580b3c9c7c1662ed3b9b306a9ed639a2ea98e528f732fd0990	3.057	1
rank-context-057	63dd18db1e3187c367c041cb0b8af77dd699fdff5ff570ad293a579d8e714720	2.375	1
rank-context-058	d5912c47aefe7a39059a03f8d89fe8e11a21d0d12674f335f6033cc4dcfe64dc	0.895	1
rank-context-059	bc3ec9095a3bf5d3f4ecb12666cc9e770b7ee4b000781c8dbe0fcd38d135023b	1.251	1
rank-context-060	caaaab38149f7b6dd8c8c0bc7135cc8aabc1c1b5e259bb20dd180385c482a142	2.371	1
rank-context-061	61cb1b14421d6adfd455540f72dd611257fd6768dac4283e0ee251b5ab249139	3.098	1
rank-context-062	cb120bf4801d739ae4e7ebbdeebf715a3e1bc15f92745fdee8dc4b0ca6f9f3e0	1.493	1
rank-context-063	bd4bf37b08332b79a0c1d286014d8f366f39e335fe8542b0ea3893dca1504db9	0.4	1
rank-context-064	7a44c54a0c01778e168052b5d08ea5fc4ae6eb2b95d356b56d4ae4729d2c05fd	2.34	1
rank-context-065	c8fcd588653935053214f86703800c17057a54a9b505ffedb79ea6763e69325a	2.655	1
rank-context-066	e2320c473af617fd25819699661e7aa4a566dfdf1639b9c9f3f0e01e0b60c502	1.381	1
rank-context-067	314a554b0eef96bcf74b107e6fbe428a09bf37845a8e81cf251832a706aa5f10	0.877	1
rank-context-068	285250036196c240a02f781af4059a370cacc183f1582fe913f744e56e68fe94	2.464	1
rank-context-069	268eb95f2e4109ccff909080ab3c9f6a50dbf0cdc5a61789d6f99b0d535aa559	2.423	1
rank-context-070	c105ced464d5ebaf6e12ab9cae1d686ad804f4abe371b782e650bfdf122155a1	1.056	1
rank-context-071	35d3336d27d50340c649ab306910e6a48316b0607c007171d69b363d7efe55a3	1.098	1
rank-context-072	0f173c5d1e4bc864a44e14abf6ccf4e0a4dcb560a3931329b11313c26a545546	2.436	1
rank-context-073	d159b64b2d335fc28eb8d0b76b3ff2ebde6cc3834f466cb82929763cce46dc33	2.437	1
rank-context-074	04ea52e0fe81cfbce4e774008e33bc00ce778da5083bad92989a1764572b70e3	2.958	1
rank-context-075	b1354b0adc9a72bc445b08acddfa9a87da0f7f7368ccb314cb2e0a8088f801a8	2.911	1
rank-context-076	1538517962f3f31c50426aaff51a01c8d60d7112eb8edb1ab98fc5fc90db28f5	1.249	1
rank-context-077	c85a3bc7b55b5ad8e5266b7907f07e1bd4d60aa4881f38f98a34d9eb4696d9cf	1.295	1
rank-context-078	09b0addce29188cc007ab4bfcfa86445284ab44d18f2a1a4a8cb7fe9893f607f	2.361	1
rank-context-079	6a32def57226ed5c5df5898b9e4a5136c89b5359f1662533a687d09e07ca8ce6	2.746	1
rank-context-080	2ea614bcee6d1cf66869e3250e104f3ae170c2f461b834adb57e6b6f31606ac5	0.614	1
rank-context-081	1dc403763480dd56d9043d0f856c5c90904650c24fd9944c3da89e19d8c34852	2.675	1
rank-context-082	7a55d6b21e57b78f5657e13f3fb7957b7ba4d46494af00a695509c8755f6ea30	2.598	1
rank-context-083	9f2001da4f2ca957561145b753d7d548d6b79413bb5f3249abfa7641cc5129d2	2.673	1
rank-context-084	586e3ad0d5a3b09f476592b7b0be007c70d3db47e80e867e87f2192e6b4057dc	2.673	1
rank-context-085	2f3e69d4014aea03aa971937f5773f9f0917a1bc0eb270765a29e0c299ac0ac6	1.438	1
rank-context-086	7b701f953f3f1e68ee8ab2a4329928d36d9ab8ef75926f005556820df808e349	1.435	1
rank-context-087	0e9cc4c19fe6edc950a51f036294a7f131cb04fcc94010a09e0b8c3f23c229e1	2.45	1
rank-context-088	1654984a4e9c03b77c8eb1f1cd96fb63c416ca48ce0b3a30d7dc0e1acd6428b8	2.892	1
rank-context-089	d9305eba218e859ca8b28f973751ff0f2b82294bd07ed46b59d8dba3446eb2f5	0.653	1
rank-context-090	08af630cb2f904d75fb8516c83a1c8f42c9193c005fb7c234fa3a13cf4a7f132	2.612	1
rank-context-091	4964b7abe7b41c64a776155c781f58a4adaf30a8e8e7cec3ee3ca8422d145e7d	2.898	1
rank-context-092	f733ebd413d175b25208b091fea77ec5c9bc6e298715dff6366d9710f7f07a0e	0.596	1
rank-context-093	df942d91c784bcff32e2ab1944369acc4e8e969eb540bf1a546d065fc8236e85	2.204	1
rank-context-094	d342bfdef9c1726145240d4e8ce29b4174a619c79dbc51ac67de0618d0bbd78b	2.525	1
rank-context-095	1886cb7ab6b70e39799b5a5a918fd854d61064d33943ee2d522ac206e6f6d2e5	0.8	1
rank-context-096	5219c56e45ddb4de120bc80163b1193ed0ba26c92e794d46ede39c77ebe3f0a3	0.988	1
rank-context-097	803c230f1f38bd1575b13de7a5e99e98403ed57cfaa76ebcecd6b08a61cb395a	2.314	1
rank-context-098	9bfb25fd030ea11a962ec10e364f95d7d7aa6649c4a988958ce61605b18c6971	2.128	1
rank-context-099	4d901b89d9cd58a5ab66a9b1cf254221802a695aa9808ba266ce88382a406fba	0.731	1
rank-context-100	a688941d1fe812327748d493643329af9cfcf4e36640596224eedf04edae3d89	2.922	1
rank-context-101	8361e93cb2cbb44bbd1dd041818d5493b6111642ac3c6aed3443334c868aa4b9	2.808	1
rank-context-103	0eb2b84c5a3091beebbaa97190d27fff750114a3079ce228bbf4f7103a88ee4c	11.771	1
rank-context-102	41602357d94f10856e1cbace5f0ad314d240a5014344d343d751aeed9f4ce514	14.078	1
rank-context-104	6a5caf0858a7d254a2ed0972266f6997669acebef57239ff7d88940b29720897	7.273	1
rank-context-105	a1a6220aeefda2eec1d4b9d82358cfee793e910a12e9bd8557b0de2549e28efd	8.003	1
rank-context-106	43c4a21e084c52b3d8b08869d1ffb51229c9b325666cc85dca4b3d6e763cacc6	8.677	1
rank-context-107	e3b273f175febe17b31df14ef213d6d02f1346625befb01b4b46ca4265c25568	6.972	1
rank-context-108	4d5c3253594d6f7092edc9830659bc4efee6c654239587fb478c0d75f113c8b1	8.542	1
rank-context-109	13da552af2755fc8d7f7a0f9eb9f8c3adf66141e06572230d5a5a5fa781ef2ac	7.447	1
rank-context-110	3c6affeb94fd409f62d1bae374848f72562d8cd1c43c1790c6b7ded85cad4578	4.834	1
rank-context-111	3a73f504582b2e5b9c5435daf3e355ed694a2b184c62df7ebdb0768c494584c9	5.999	1
rank-context-112	316ba30edd9cfc78757575d0d4ddd52d5e59d0de7d90684016c5d212590a55e6	3.827	1
rank-context-113	dd0ab1f9fee52507fa505f74dd18b8b417360a605aadca297aee355d762cbb1b	4.058	1
rank-context-114	196ac81eef9a74ebd686629652ca340e9c1627d29c1c8d60fbde5b55dbd618e0	3.01	1
rank-context-115	b05410ea934d905c7b981e2e209a9b238d495776af0051cbaf5e3a11cc9cb51b	1.695	1
rank-context-116	c1630efea044f41e167d6b6a272a62b75289e526fe5c6f093a042a104c9a1afd	1.761	1
rank-context-117	87247002c5d85e4e35b7314d820a672fc761a42cddf7841e739a416f97a90cb5	2.88	1
rank-context-118	5e7f84dc3e4a823659a45682b07f7ab2b2b9fc4c170d2e772577d7de6e0dea97	4.1	1
rank-context-119	f85a225da4feba376b08b715947870762f1dff3ad26f31177e97ed50f92327cd	2.917	1
rank-context-120	c9d195b6d8921e09b84f127324f09e2b887842cad90c5146e1b988b04cdf413a	2.976	1
rank-context-121	77551b4836fdbb35718476621fbc6da9ad82fb09b3b2d96ee40d2792cb9749a2	2.957	1
rank-context-123	147b351415cf7353416ce96d050213b6ec860845967bf677b6dbcf58d40f950e	1.668	1
rank-context-122	b94412b8fc115579854f55d7c5ab7d82e55c344ae431ce91513558967c34b811	4.357	1
rank-context-124	e20b8404fcb995c73239c0f37fd84760f02c7d3377931ac33826fa72d5bb2b1b	2.742	1
rank-context-125	e8226a2c3428443fec4a19ed3b8f1e3544ac434c038f744075018d66d2bab92c	1.597	1
rank-context-126	eaae653368c0ecb2811386fff1f3fed7cb87daf9eeb1d98a2a09fa3ef7b9e82f	4.145	1
rank-context-127	b3624dcbc6a3bd448eda170943681df8ce2bccc6eab173128dc673f1e0df1a5e	4.254	1
rank-context-128	2f9aaccb722e6cdfd15c121d64dfdbd7eb568fb603032b6da8b903cd0ae5716f	1.691	1
rank-context-129	d9eec0fef81d2c3e8e8fa6e2e5d7d2b5819a4e752106fba0e85e252d245e9cf9	2.85	1
rank-context-130	17b1bba901487f79daeb0d2da60750aeeadd0eeee21e081fc98b81f0bfc102cd	2.841	1
rank-context-132	8ec650f09bffd1428fd85c5997487c1a278e178d15b878c05e06e367c6523f0c	4.141	1
rank-context-131	3b65159c6484c87713877491a5a249c3ba3b9be9925828d5cb51040affc2604d	4.642	1
rank-context-133	190682282eb41b93b2c64a5a8fd06622f43d4e3ce623b7afc286e69c714eb7fd	2.873	1
rank-context-134	2e92531ea3f04ab189a9107bb97da19a1d4464ae26a0e8da9d8f74a9d9172905	2.579	1
rank-context-135	f43c49f711eeba9975eb49ff18522327a0274b22b6ddcf97ea4a7428f4cce430	4.053	1
rank-context-137	e03c4ce5751bd538cf83d575d1b0e8c8ac6c73f28404a5da027d13269514caa9	1.536	1
rank-context-136	6072911682b0c61b68344648d6bb77c9eb72c21a76857505a7090247a8cc5346	6.059	1
rank-context-138	a20d0e28b35653f8d3af9e3ae649820533e544d9f7e7fa46a9f8b63cf471e56a	2.751	1
rank-context-139	a9733f56dffd5c038e463179e4ac30cb02abb5ff016539399df4dba33ce05d52	2.289	1
rank-context-140	182cc05b88ea5a4aadbca56ee3505002f406b6eef7e5fc91d887f523c185ccce	4.222	1
rank-context-141	42c968d58f54824cc508f8288e732d2bd3c980194b69cfc01562f47815761cca	4.226	1
rank-context-142	72db8583492ae4d11f6f34c42763fe0dcaef067f182d2c101c4843c8400b28bb	1.628	1
rank-context-143	580604600c4e44bc0f272c383fe63407ff26fc64fff4d9a02fed6ed9ba3e61fd	4.208	1
rank-context-144	274b22edc4b1fb4dcb895c61ed078b289896e4b7ebfd5523f7fa9e62084217ef	2.83	1
rank-context-145	d342913d4b631852220bfef8bb861a2be88baca44179f9e269537c12b105d988	1.666	1
rank-context-146	396f8e0b76b07fa430152fc7e89edd4090c93eed1d39d4f5025de1c97489615a	4.087	1
rank-context-147	473226250286dc8f93a6916a40fade6c2c072344a3a01ea2f3548bbc1636319b	2.82	1
rank-context-148	f46bd3595f7061b7142353f1037cdffe3ec6b9a5a27e14892e1eaf8e64397c86	1.598	1
rank-context-149	35951d58458c54838dbcf25b150ee862335b984caef8788546f34a4da64fae06	3.949	1
rank-context-150	560082ebe25ad0a13cf2eefe03c2c2c38631d657a11fcc9394d9a4491a0eb5b7	2.808	1
rank-context-151	23ae1deeaca7bc5fff0bb23c33f786d8d524de1b54d5af3393110258351c86b0	1.694	1
rank-context-152	68627652b77d6aadba24b8bdb4d9995158e16b8f0432f62587a5b0e37adb1378	1.585	1
rank-context-153	6d717c5574881005aba67e0f1334e8916013caa47bd0e616cdab3cb1a1b40099	1.463	1
rank-context-154	884872b727bbc893c093ee192d09af5aee3cfab8ee1808982ce749dd9631f740	2.756	1
rank-context-155	b700d1e9032dfc80c3450f47c93c11db4b1d045ddaffe5753b60388c2dd9eb04	2.754	1
rank-context-156	2658cb7e5d3b3109207ea028c8851245cae0d002fe6713b6e614fd401ea357d4	1.522	1
rank-context-157	ad6c921be7813761830f191c82289ee9832a4d3bebd123f3c6f43e507e072c62	2.414	1
rank-context-158	5ede8eaaa7fa8262e64f22bf47c37f9473e5a748ffb9fb67f6692da1f14c7d71	4.928	1
rank-context-159	a6f09596262a5a2855d2865fc551ee5addb155e73660ac15d9d4081e7dde1355	2.855	1
rank-context-160	15baf74f01d3bd666583735ace0ca4ed189f5b9eded1b061ea226ff5a61f8304	1.793	1
rank-context-161	1871be2281f213ed4d85ffdb7e73d1ce0ad278486cc8f1af830d18a95e5a1c43	1.771	1
rank-context-162	63408a88ef7b49913e5e6db94d127eaeee87c63ab7e7f1367c2cd3976925005e	2.946	1
rank-context-163	3c9e73ed8407ee258620cd177f226c719e0a9e930cb69e7db35ee462ee556b56	4.34	1
rank-context-164	11f91eca522a9a2a085858fb29be1fc8375cf97317c80674281c93878703eda7	1.684	1
rank-context-165	196abba3aae4cde30faf59f3209171c753f795d050924e6f5ffdea8292306d60	2.792	1
rank-context-166	37888518cf0a45bb69770d34a248ae3376fefb2cfb43e312d7e0f6db3cc198f0	4.249	1
rank-context-167	8fbe90ece15208ca5d3316417fd3bd39bf27af8a96a1099d5b92eab056d11bf7	1.791	1
rank-context-169	79ac421926f400d108e023019e07f008ef0c537faa5d706be4ae03c59bf9993e	2.849	1
rank-context-168	c9119656b14bcccc6b423b1e83e6d2ec59930e412e2d4b77fba21877c03b4dd1	4.591	1
rank-context-170	f738d066ceecd654576686ecadd1879bd672bca24ece5d12db0265b82e709227	3.087	1
rank-context-171	c762e816b10215c5b40fb0e0fa4c303379511fb79987e82db3a2688b800f8b15	2.946	1
rank-context-172	63b4666c0cb93f6a11e13717d98d7a2602252061047485fb55862ee092d9f85d	1.704	1
rank-context-173	9b80a3fa4650831e90271295ed98ba47e609965acb4051a8da07d702d4d1e9dc	6.034	1
rank-context-174	880ee3ed6241e76ccd8a5d4bf550256f6f28fb2d3d017861d93c95c303b3b700	5.807	1
rank-context-176	d3756478ee757f1d86681b53d2cef0272a7b16ed977b86f736e9d88693f62880	1.462	1
rank-context-177	3b8fd28d7f35b259580fd8b9ceaf0f2867c6a8fb648baeac051fff3482416e0b	3.014	1
rank-context-175	70c91231be5db5471f64b4855b1fce6e18e092c5e1586d2e0bd76ce629e5a47a	5.232	1
rank-context-178	99dbf50d986c68700a51fe4478d559f6a929953fb9c072fa683d44ffb2a43b7b	1.472	1
rank-context-179	50c75fe1d01adf7455ffbb7208b21a4ad8118dc2d6d3e63417266035cdcc7a8a	2.207	1
rank-context-180	d7132974faeef821ed54ea6f205481b8fcb968263b6cb403ff37cd3f34cd53bb	4.353	1
rank-context-181	da9459076f5f3224edfe68cc304fd5f37e8f5950ed4c9aef3790b22e312c6963	3.041	1
rank-context-182	d35ba17731a1403aca70561c54fc0feb91c2628ba1d087e1585d6a669587418f	2.326	1
rank-context-183	ce6ef3f1dd40978facaa92dbbe4cf6f13a5ce47b65e3ae27848bb436d5015599	2.869	1
rank-context-184	34987f55040ad3b4413750fdac4b4467e30c62f4efc0591006f9eeb7ef28601a	3.629	1
rank-context-185	6e39e10229675417ca8e3fc43f467bc13dc40a7302c9afb02fcaee71d2ffae2c	3.143	1
rank-context-186	bd6b7f1661f55d7270b67b7d0696ab265ea314354e814d890ab99e45dc249363	2.958	1
rank-context-187	ee534627c2c000fddd610f146a6c4020bae4333c36556f506a7ad9a6c5b36de2	4.388	1
rank-context-188	5f29783f718d2cd70ca2eb2a810be44db2f95e19c4e609644539de6370454e31	1.818	1
rank-context-189	f2dbce1d9a48730840be0b1e2d4ce3038fad09f7336fc7f3a9b06b4efd4883c5	2.799	1
rank-context-190	625ceb0b358da376ceb8a72e6cb653cd631a7e5f98f7079add5d3f138003ff31	2.659	1
rank-context-191	cb120bb4101cf03e5e07d889504c5b0717d901a4362cc54ec17b51acd6f9ee9f	1.839	1
rank-context-192	3dd417d759b863909da653cceb30e96ef4ff496c377524eeeb7ae196344f5472	4.442	1
rank-context-193	5d8671c9020692d2d1b1d23757ff57a533399c3c72a759184fd6e2e454c9b173	2.752	1
rank-context-195	8da096beed36dffabaa595edbfd21a98caa546143655cc65fe4a1e91228f11c5	7.242	1
rank-context-194	a2adaab43242908b0bccd4446e2125f271bab93dd05b347e664aa062a0ea0f24	7.389	1
rank-context-196	9a49c43a0ebc10183d71090e9aea627f13e468755bfde69f0d4e9b993e08fcde	1.901	1
rank-context-197	6c96436422f50b74cee5c244cfd5e2f4144c5851d3591e332f917219464b7f75	3.088	1
rank-context-198	decbf75f7533bf0cb86f30884a823f3eeca07eb40510868fcc8c61ebb36662cc	1.413	1
rank-context-199	641b0e7348d70151954e8b7b5013d116c7d352dc20bece55bce3cf31dd17ecc8	3.031	1
rank-context-200	422efdc079075e979c835b0788d920a1aacd6997335e5fd890ffa0e4af6a9bc4	4.229	1
rank-context-201	b242756fb4681c2a29068591c3875e0f54cc386da7e50177ece9f54091734d54	1.515	1
rank-context-202	8582b2a08e9f64a7cf6710b6c14f80fc158cc3a18e35825a213a0405789dd556	3.05	1
rank-context-203	4fb336b4c2842e002ae6ad5a5f8ef057af2b651c530835386a895f6d153969f6	2.996	1
rank-context-204	8abb2db7f6e62d4cb5a0d55576c79569e5481dd108f085f36e1b544bb294fbf5	2.712	1
rank-context-205	a90c096222bf31ece03d953ca15f3ae50500bd9b578e4f4a31dfc906198234c8	2.672	1
rank-context-206	2b49b871e8758a596d2e807010f1170bd266450857a16bcc878fe54a40ab722c	0.313	1
rank-context-208	774d999a7ec4ec19714b901ab31b36243d88f5f52bee9c125b07f7972d56f47e	5.977	1
rank-context-207	838ab53b2ea04dbadcbf5c47f0bf21db684f315124c50d583c59e7a4ad90566a	6.24	1
rank-context-210	a176f8a239174452095bf77c69ccc7e3ac4a6a045875a3c878052b2c30e34d88	2.646	1
rank-context-209	66596cbba08190ee224a353553b9b5530f535340d07d3b49342a435a00105081	2.784	1
rank-context-211	ed6f7e356a1c74ebaaacea89c5260ea3cbbf19c5ef4f574c0d002c075157b749	5.054	1
rank-context-212	7e23caa89e17dbad09fdc18ee384d0220afe925b4ba169ec8ecf7980f308564f	5.048	1
rank-context-213	3915a6f0267763f6ba56d2c13a05ef84aa6971e1649cc95959682f544504139e	2.747	1
rank-context-214	6301f05e58ee12746253cf464b41d099b9ada693c65fadc3e7588d3556668729	2.698	1
rank-context-215	9c21d5c30c3acdd4c51d70507028084c15905ae3d30a17008a062fc4cbccc91f	1.662	1
rank-context-216	ebcdfe55c702a84e288bdb42a7f1d7152e40edb4f97eb7088128001fdc4efd64	1.709	1
rank-context-217	7c8c233c3e76b484a504c0a6aa87f052197990084cc29b50a7152ff13ea10b35	1.522	1
rank-context-218	45beb6b15e87037a79ad1fbea84d08b5ff3ca548d4f04ab819840f5c6adbc395	6.66	1
rank-context-219	c1d92a73818e34ed18570e6721d26631c366b6165d692356052b396a45e0122b	5.343	1
rank-context-220	adf1ce21030ea35d93b627f53a0ee85be45b36cab53edabd362e2a98f2e8a5ca	3.191	1
rank-context-221	5c415a1f23fac183fb46052d217a9dccc23cd191a0132f4875d564e548ecfdfe	3.171	1
rank-context-222	710d8afd33456ec1155d21d91d19e12588592f3097c5677ed034e13cad9c5c57	3.079	1
rank-context-223	aad3b6e14072f91c99d4735fa4b8a7b8021f0cd8c27be84ad64cc72cf6006954	3.087	1
rank-context-224	c9016a0bd3d7366987dba0d4f0709451fbbb9d417333d980bb0301e8116fedb3	1.473	1
rank-context-225	ea8e476d59830f9976b458c29da21253f29bb4c19aa58785a16560cd0be27fc1	1.502	1
rank-context-226	3fdf525bff3288fc2d33b3355dfb051e29dfe19b41af7218c9448de3a0c6b77a	1.816	1
rank-context-227	63e21ade5324748091b81818b90c1ed484c6768fcaf8f7d2ed94b58c19036340	3.071	1
rank-context-228	4c1454f814f67fb5276133971848e23b306f8c30d88c04df5371e67c54d2a6ae	1.481	1
rank-context-230	b15e82e97841ef6322c3fcddfacd7228e6860df99108256f3cbea5d280b487ed	1.577	1
rank-context-229	664f23d3d1f5fd985d3888becb7f4f5a163976d9d1c58f959dedc2150e0e3036	1.713	1
rank-context-232	bb9ac7a059e7161cc973233b5cc4905b9e4f6ad464b758e7a92acebde5f775b6	1.327	1
rank-context-231	f487f920ca4a7f77969d66b0cf54da095929199f0f8b9ec32090966ead132897	2.778	1
rank-context-233	9ab91c69e2222e08dfebae5f93c9764ca29e36e4b4e29ac63a70683926440b97	1.676	1
rank-context-234	07fd5e8b1a5b71b19d5fd60f5a79741386b8164bbb18ded0bfbb86a484351410	1.406	1
rank-context-235	2256568340d0bec7f7ff687491fec7f1423267b8ef1fdbd6ed445a9e1ae32561	1.363	1
rank-context-236	7d9ec652d6cdd112011f0b5289f905e0edba3800d3824ace9a7e81f627dc4516	3.135	1
rank-context-237	84a38884d4ba664f3d719f85d5b4ce342a02a714165ca961b12d5a9b24d54069	3.74	1
rank-context-238	249ef71c991cceeb3cd7388450299c475b60a6a455b64b107a60fc85748baeb6	1.56	1
rank-context-239	5bc71703e15dbf82b150bf0cba6a651078beafbe62839433e75bb76d93d45a19	3.613	1
rank-context-240	7101e5eb09b04637007e051441bb1af4294b00907cc2c57e645a252e1e21eff6	2.984	1
rank-context-241	57397270c94c282110e3bdc5bb48bdb96df99be294c1baa7cac40cb9a42dab0f	1.455	1
rank-context-242	aaa30b1d2efb72b4596879910df34c998fb05eed0b9d4061627a6b240111948e	1.459	1
rank-context-243	9c572a3c9dafd0318ae05afe43ad533478bbfb13d258ae2bab5b20e4c31fdb29	2.943	1
rank-context-244	21f2610b32fdfc6dcdd9216bb6797cefeff0360cff68bbe79a3984063e9cf665	2.889	1
rank-context-245	26d7c732c611ba9a4549913b7e3583b49316aacbe4f2e6e20201a398e756d6cd	1.561	1
rank-context-246	b7b864280179359e52ac6c733f035febfc83d44dbb67b6814b2dca554c6c406e	4.147	1
rank-context-247	4a5870f3d9cfb878f9b35cfa412bb794b71eaf4195a50bca8e1f2ae6b6f9c4e7	2.839	1
rank-context-248	6ccaaaf34b7719cdf93060d4b84219f4d571b01f14c79541c003cc7b1c8606fc	2.86	1
rank-context-249	79c5a08ef1b27caa5ddf20f2b592cee08b8a008674f88cbf0d0a1f33f1ffb3cd	2.752	1
rank-context-250	665e66c3891099c8cc5b1ac6e5a1a3f575d3d33401fab6ea9d6f4a0ed29b76c0	1.668	1
rank-context-251	6f745c1a9cd12b0badb24209ac5a9656eb0b1994d98f370c7d10ad4fb2408867	4.306	1
rank-context-252	99b868deeb190827d5d68a34c2e25328b2e71ce75f50deea99f69ac317ba5fdc	2.822	1
rank-context-253	9f021adfbb4d57edc281592690cddd91991a1f6bc0bafb777f4c0e33f1a41924	3.115	1
rank-context-254	b0123a9c00b11dc52451a16445c9740e7d60a0e74379513422e9ed5cbf9b1616	4.925	1
rank-context-255	e8fc7130ee306c6e3720546e37b7a03b46f70d3ead03f0546051c9ecb827b3f4	2.198	1
rank-context-256	654300f441bfd59f2c2572da68aff41a4532db040ba9dcd53ecbf5bb03a2429e	3.78	1
rank-context-257	c238044802b7b033764bbecd62051b61182ff5a20b3cc1d0aeb80c0d2ba720e2	4.745	1
rank-context-258	9ad06031bcf332eedc7985eda176869a52ab26dd26995db98ce5011bd507a503	2.923	1
rank-context-259	74d894e2b7afb21aacfce802b8e43d9a4ced028235a63b084224cebb11755019	3.006	1
rank-context-260	331e2363db0215103bcd11859617b3110a716dd579c3ec798c79a7e6dc4ef9a9	4.207	1
rank-context-261	ac28a8aafd6ca113ee0cf0528a766b607e8d21aaca1942ec6b6e6329f1af6101	3.013	1
rank-context-262	101155abda25d8f3398980abbc9e3dfcd231388d72e4665486cab38e9307908c	1.499	1
rank-context-263	938f48266d560066ec13d944824145dc46b25300c470b44b11c2bf657718702f	4.238	1
rank-context-264	37de5669d451c26d610aba04684a40124c9ea4a2feda719409eb5255c20af038	2.983	1
rank-context-265	db23170f3163b71775568567e65b32d400b1751c8ae073f6ed90fb349e934273	2.998	1
rank-context-266	4a7ede60958ab3dd9ab21f6f538a08fd6b6bee0deaf74cea2d23698c3fadd3c6	4.206	1
rank-context-267	38b05fce2c6dcc7c3cd4dc4a1597c52973dc8a03a463c74d97be0a49e23e5bed	1.476	1
rank-context-268	ff9360b7de2c0d264d47923e9a9c408862463e99571652baab2a4ab83ef732cf	3.172	1
rank-context-269	06c66f07008730c7e8e5eb6aa95092322c6d6ef8f65807f484f35dadab91d781	4.339	1
rank-context-270	1c7936d1cebc82e17a530240574cda5fd684ac52239094ea8017f56605229d14	1.48	1
rank-context-271	529c4c8757b0837e2912a038334ece640b52a8fa6dd318ed19a74c6836b3a912	5.179	1
rank-context-272	b93504eb4d9dd2e06f4222fc85e229cf37e5f8c56512795035371c1a12166208	5.097	1
rank-context-274	8880adfe891b239e7a67b323719f112079a710b79064ecc5fecef4e7f62c5917	5.352	1
rank-context-273	dbee7b5328c2cffc00071a313ca0db549246aa4fb8e0216286db1115eb18b9ba	7.033	1
rank-context-275	50ed0c2cdbd431b76237c7ba4fa2f83d9f605967d6caae92d364d31a752a5b93	1.746	1
rank-context-276	1027ae1f053882fde355df3b150eb64363b2b56de79db59ea6862c59c533ff9f	5.099	1
rank-context-277	f512abf378a30d9160c657673350c9f56c76e5f6b650373c4b5f3d1f3b1ae06e	5.064	1
rank-context-278	a515e73a28155ac1573180807b5009a95e5950b130a006d04f095161d28cb0ce	3.818	1
rank-context-279	40c19b1d9072a2fcf3c7de83657a11f6457fa9dc63a9706d849020dc72447c29	3.722	1
rank-context-281	1f99cf215235ce3f2b146e333c4971f4d720405cc8c5bba596788bdb543f79b9	4.131	1
rank-context-280	c19f39da676a5bb870c7a6657fdcba2cd74007e2c2c91a8bd972b2f83823f460	4.221	1
rank-context-282	910f3e51146ddea69287ff3744b60b768ccc5da81abc2033d0980f0d94bd1056	3.07	1
rank-context-283	17cd861819bdb7365abf2026c3eb77cdedc9d8ecb1e28d8124c4bd5cf2c8ed7c	3.069	1
rank-context-284	3af9cef8eb0287f7ad363c9e1541981af2352a5558bcba01c9af39fae94305a4	1.708	1
rank-context-285	e3cf2b7c8ed48e209b5fe499612d04ea318157eb0fbc12a13610f5a7d5fddf31	4.627	1
rank-context-286	d7e02eacce9ac8d4b05313472440afc10621d3d3d9c7bee1d8ab3b7f1cc0cb2c	3.102	1
rank-context-288	b71beb4cef1c5e94c5cb6be7665660115e5be7c265e686bfd308b440ea29bd29	1.737	1
rank-context-287	8a57d7ad9b1faa67e951dd172c22387676e0de7b48d29043049a2fd583301b53	1.92	1
rank-context-289	8059a73698ef23f4dc1d6110e32706464bed6deaac42f124627a2eaa1bcc6261	1.831	1
rank-context-290	e040327afc0b803f8267c50496ec9b4d90f32322371f0bae2277a58a2bfcd5cd	1.842	1
rank-context-291	bde41f2f3204437969cac7a34d09a21748d9100981e74f717f11d6b457356cb0	1.485	1
rank-context-292	4b12b63662089124965862349e179ba64afdf003c9947c84ba73f26df7cac56d	6.424	1
rank-context-293	9106c8ed3a037c786189e8b62108f5ee4b9c5461afd213423420832ef0de19a3	5.133	1
rank-context-294	18b986bd5ed13778d79c00547faf45c779b8dcc2ab06ee201125e5b488df5a60	3.031	1
rank-context-295	01f8e5548225e7b78df49f7e53569812ade267897a75a381569344034678b4a9	3.037	1
rank-context-296	c6b6e7da72147eb0f7f94e2686b03404426952af7e36f21d4d41189629fbd06c	3.749	1
rank-context-297	0afe639d377ef8410767e71be608e33a403cf7756950d0d1c93375a669621713	3.707	1
rank-context-298	99d870860497bc7b1817ae94015340446fb5d1c3fae522bcb9823a58ab1b5a95	1.55	1
rank-context-299	990a1988a255dd68f5d7119e16a9773228dad86946d459da80fbcaee36576697	4.344	1
rank-context-300	fa0557639328208d4e3a2d09c48dcc43c0f86094c49df1cb9e2152fcc0dd6917	2.968	1
rank-context-301	347f6f158ac551c8f6a71675d1fcbfb99315f0a19ee767c76bbebf811b22213a	3.111	1
rank-context-302	73c7caead78ce0007f7dbe4a6bad322d53820b0ef3421d18ee716e4725153429	4.371	1
rank-context-303	c4a5b0a90cbb5b77d0c9ab1f359970d261b15952f0b0266cf6a0bb6c3c813b14	1.482	1
rank-context-305	79a2ef4d75fa032307d7e680dff845be8fdd00f26b5bea7f9925855bd380b03b	3.432	1
rank-context-304	c2ac2bccd919597d948165dd973a48c63172f754b2235d95cbc74562a1f37f62	3.637	1
rank-context-306	ad0a15449dcf0d3ac8fec888a8d09e3ea28edd4f85724a9d4b011123236881c9	1.464	1
rank-context-307	01c3be8c39032e7f5da9f1b386cb56c004a52ba0048c7a79250ac16358e66d94	2.938	1
rank-context-308	842afd2825525f02b1d3a4e349bd151258729199531b68a74815f9abb2a1ecb9	3.494	1
rank-context-309	295b5302a9dc077945d268a4de722068be6ee4cb30cb4095aba720886bb4ecd9	4.827	1
rank-context-310	4d11f6efdd57e6f518246cbfa4ddfc0f94a4e6f1d5e5c5513a19adfd60bc7201	2.999	1
rank-context-311	96b1a93e987d0ebe0620f47af463f711b788a3d344e54868dad018dd335c60b0	3.103	1
rank-context-313	8ed26f50869b5638f7bb64073b0447b175ed9d943910e4d48d88b4b791013ddf	1.752	1
rank-context-312	8b60d2f2cb60fbcd65b4b4e169e620a7612039fde05e64551d61563e9fa92d34	5.315	1
rank-context-314	f2152e06fe57804eb4f7e6367500623284e4991ecf2a1c5268d5fc1483fb0b74	1.519	1
rank-context-315	1e632f3a8c5a4e0bf8c7a56c04f5b72255c98b58d0b81ee31472bf33291c5c24	6.328	1
rank-context-316	433f517dbc83417e278a0fba20d79f2fd2111a5aa5dc6ebd44517a1c870d749c	5.499	1
rank-context-317	c7f602d2a35a4fe49512d041ee5064201d989c4796860fdad79117d495b56f8b	1.818	1
rank-context-318	e88a6fc1e6c44d2fa9cbd3c199e6b8d833636c10efb7ab43639e0750ca123bd9	3.195	1
rank-context-319	3ea206f56ebf091a492966c7cc8448e415495afba5f2a6e5ae48795b294746eb	3.066	1
rank-context-320	e2b666b9ebaa65c4959a3a3f12122c6910ccd6e8c0295e92df626b47b7482349	3.106	1
rank-context-321	07acbd7c56385cd9f3afbdd25de3e36dc208191781969c1dc275e595f6d773ec	1.696	1
rank-context-322	b8d69768614bed3000c2bbabdcc26e107639d3d592a3b5259aeb50f90ecef258	3.512	1
rank-context-323	75ec928b3caf256759cce2c5f179bb46bcb2c2411814b9fec8ea7c1d4f923913	3.428	1
rank-context-324	0d673f3f0dc06f39a1c9faf2505337a15768e696825aad1862b3011b4d58596d	1.702	1
rank-context-325	d2edda46bf240f4f3f0f226f9f69c4882a217b3755e1fec764fa7362bd88aa93	4.892	1
rank-context-326	ae55783aa72fe2274feea95f991fc8e83db10ff62dfe287c9cc3743d8f7376c7	3.298	1
rank-context-328	3ca84b9fdb549fb24d2af6988f65fe4c1f3613754f6ff2cbd4ff570a41669977	5.803	1
rank-context-327	b78130b637c7e0ef72ff80c401b73850909254b2dc21fe05b65706e0a8e35eef	5.915	1
rank-context-329	a515b77ea7b4f7c314171787c9ed0cf0a5b5839fe5d080c26726cc448d69cd73	3.495	1
rank-context-330	0253c0cdab4cfc511e20afda1edac545d81e1e1a078b4b837ce18e324d273169	3.494	1
rank-context-331	c989ea079cd2036caf08cb533541e97b07313abba0e837e02f0a8c8ab62b819c	1.628	1
rank-context-332	061d6e0360d8d5cc8c74fd6672404454d6df5d2dd7c2faf4d7901751108ba1c6	5.319	1
rank-context-333	230ffe07b676159a7eeae464c43d027cfab9a36719b5c5cf4c8a9dc6a6d6cf8a	3.88	1
rank-context-334	4167c7cfd6a5bdf7f308656a10e00babc1f38a26d6f99799ee211ccb23dd34fa	2.934	1
rank-context-335	a9a63146658ad7d201c6d90cf359fe29dae84db13ce7152053895943ec2f4e93	2.937	1
rank-context-336	c3577b9c6b2dff9beb1701d889a23f50fade1b47812d6f7333b48dc3b33a8125	1.747	1
rank-context-337	37f82dffd36b4bb41667a714a8ef9fe3f94d2a7af75219c3a5397443031f5440	1.702	1
rank-context-339	5939b372e20ddcf48fdb7c3f74bf7ba1ac648a8b8146a686d69e5be1151441c0	1.746	1
rank-context-338	07da5520af25ab42d9cb1390dd509477d7bb5884f4c2281f2537a60676fe7544	3.38	1
rank-context-340	5ce0041f87c08a46e8e241c06d006b688f3054ea4edb75036c24bdc0a6632898	1.689	1
rank-context-341	7410194feb8e3d47b0e2dbf9bd0ad518a09fa8df6e346650329b30290e712b08	1.947	1
rank-context-342	743f847663a179b9a03172cb09eed0f4a515c1533d8e4a1ebbc2cb5a5a0c72dd	7.715	1
rank-context-343	7f631bbde0dbdf4a64a00d2b16eca59c58a0a28f36e15cfe8cc0b7da2d268c2a	6.02	1
rank-context-344	c4abfdd8de95a852337afa9d5d29c836b0993db544f6d0ce810d42b09fa1c65f	3.511	1
rank-context-345	1fbf5071eb9f8fcf9bb04caf2b7a7af7fb25326cf4f3adc8c11c1058fc2b7700	3.466	1
rank-context-346	662bb0c91c0ddab3ea7dd994f305d70fce6a45cbb2c9171010ceaafafede1512	8.749	1
rank-context-347	db5560b33312dbd666217964500c6ffee0616224e2e60648c4c8c89ff4ab410a	10.212	1
rank-context-348	d2d5246847f996621f28af244f5d9c86284f31389e2485a4945e6dc5359f0601	1.735	1
rank-context-349	bd3d7bc5c8aa16390944fe018f51a907514c19b2d8102d8b5d8072651757f19b	3.56	1
rank-context-350	2a7db8ec387e5381ef895d57857cb2629d93277b4ea022242c1c2e93f641cf5c	3.472	1
rank-context-351	af566e99f8c3626f6db16340d8f16ab86bc2940e50653f7ad535d255e406416f	3.109	1
rank-context-352	7cfec4d0596d7a3dfa82cf012f792cf3a9013382bfaf01bc538fb8e0279ba3a3	3.112	1
rank-context-353	5b19a5041ec479a3cfd4b8e001effc280c5f72b49a0662ebe38bd37d5c26e486	1.717	1
find-album-01-1	694449df4d8aeb75a2559bfa70d168a2e781a6e2885b335e642a9fd572ff4c39	1.816	1
find-album-01-2	87b88d79944ce33f4a72866fbd51bb993294a817bb8eaa0878978f8ca2bbf971	6.178	1
find-album-01-3	b6a29974dd55d69e3a1b47a1fd4f0a26f3fb7feb13e6a91e842149ee0619b91f	6.015	1
find-album-01-4	29abc2579a8cde505eacb9fa3c9f0385ce6355c70b41d808a59b3fe243ecdaa3	1.602	1
find-album-02-1	ee4ac71ef72f84f56428e0572e54ac28f81fc4de0322497e074fd63d66363686	2.485	1
find-album-02-2	8864204ad72e79f53ff5854c081046fc43aee3f06fa4b10fb166443991ab51cb	1.774	1
find-album-02-3	ab08d48cf3aeea7d0616bb0ea053550b560c8f0b71b6cba1047f92fe43a0c36c	3.927	1
find-album-02-4	0bdc479f3f7f7a67fcb512584792f457ddc0d9d9ad7ce9f3bdfad661d7fa4abe	4.18	1
find-album-03-2	608ff841a0cfe279b8dafb023e63a89edd7a86f5786d0c13bd9b93fb05ab1fcf	2.452	1
find-album-03-1	45aa958d91b55cf57ee6d6c1526a131595f636fc9c10406ed503d14b275c24aa	3.581	1
find-album-03-3	c3f3a80e39ea8a6dbd07e7c666ea36f94c39ef43d0764ce815f3f66d0312df8a	1.54	1
find-album-03-4	57211256e063cb88cd7bb0650af2f701a0ca12420d67bdac32fb5989de4ebbe8	1.559	1
find-album-04-1	8872513205b7f3ac494695f88f32fdefd97d9eff610348bce0af5472522ca691	2.989	1
find-album-04-2	a65eb4eddfcc6d115c26eb099480963b2002e97ea9e684e90143cc92c0349817	3.013	1
find-album-04-3	80583b4781789df4536e0dbca6076932b440c6902637eb6d9ae4091eadd51e77	1.698	1
find-album-04-4	8067e237b1f33018afcd3fff7e90611002bb188cee7b8117600c311746d3178a	5.16	1
find-album-05-1	e10e2c7dd46c4a2699edbb69dbd6ee3518b12cd1860f7b3b9329924ac2f9d01e	3.621	1
find-album-05-2	961213a0c689848b25a59fa3d45ded3bd5ad1cb954975c186e9f41d859f4f393	2.999	1
find-album-05-3	2e59f93cd225c03b122fde813d1837f156f39bd8587cdad3c8356334053f5ec8	3.002	1
find-album-05-4	e5d5d89e9fa3ee4a40c52af1b607737296db6f48390e449f231875b8042fd182	3.017	1
find-album-06-1	c51528b1517ccfb3b6b70a33c2540e6e011f0799e09aba14d2cfee47201a3f4a	3.004	1
find-album-06-2	df8e28d25ed94aa768ab8f6224b5579bf4fd398453e886efbcbadc51b681d2ad	3.125	1
find-album-06-3	856df4523db8837152ee5139e9c2abc535d99e5a497d6a790410d743125a6f50	3.132	1
find-album-06-4	e38c22afbfbea02633a42a3535eaa9e867e14fa7c1ec5984695d02c55d4dc546	3.503	1
find-album-07-1	ae724f51e5ac1be23b445b226279110e718aeeac2a3007be6f19390115c216a6	3.455	1
find-album-07-2	48353eb45556abafda45423d16b85807cea7cc8205c0a1d48cd7076f22e5750e	3.103	1
find-album-07-3	0ac4d725079c45bb9083a8d982e37255cda7aeca4dd2ededa57c2bc0eb657092	3.084	1
find-album-07-4	a07b7f8243794cfab922e694dfa9e0013b83283f082f60f465152cf4d805d105	3.703	1
find-album-08-1	27061214291ea06bdbe5e928dc432e47282357aaf842a27a25d2b0ace968a883	3.738	1
find-album-08-2	66a2850ab2c8df14adf37dd9241c23c8c075ec5d3efd2e1d80c36638cff0ab95	3.263	1
find-album-08-3	004ddde86d59ed7963aebfc2eb6ce48c4dcb9429d77a6f62f9f5401cdb068a1a	3.289	1
find-album-08-4	b019ad9e7669834379d60a09cfbfc353764f2be5ff0651e3870f0cc5c72ab1cf	1.899	1
find-album-09-1	d4dafb4fe7e8f60349558abb28d437803ea118f94f4a0a0d3dd15fbaca4e1a39	4.739	1
find-album-09-2	014c5bc28d40ea15da95d15ef786d0a705bb36390e34617b9e048144f9e0c04a	2.932	1
find-album-09-4	a0c73f46937f88ab95935f0284ef9f8001d426c44a523c9758758c192d7a135a	5.878	1
find-album-09-3	c9586e98ae4cb8dbb7007b692c5fe6e3f1b4ef460abf11bf7ab1ed9b56192b69	5.942	1
find-album-10-2	1b82dfe33b8906004fddd38d222a8bc908024da2d31522cca29b6772c5b6933d	2.901	1
find-album-10-1	4804f5842edf80c2bbd72991fe76c74aaa5f4515e087fcdb5614b47fe43c7c9f	3.036	1
find-album-10-3	3e0ff5feaeac70cd36c19e6dfe5d5b1b530bec9c45a95ea86838c74e83bf39aa	1.538	1
find-album-10-4	a9713a0c86de53a3ab41def4baec9e88f9d293e6ca319051402f85f47e7b9bef	7.452	1
find-album-11-1	e7f03a7a1e2f8f07289a43a32ca417484623eb7a124f4831f90f6685e74e6da7	6.086	1
find-album-11-2	5ff1b063110c0bb54c4439ab7313dfeabaac8234b8a71580be95b467e1f8ec35	5.783	1
find-album-11-3	92441e4595caad73b20e1de9dcac6c705d05f520642605d8cc8e648b53a2203e	7.407	1
find-album-11-4	9781959d21fca643de300818dd00e4925ef49bdb5ddc2b427d68b7ea6b6e5c4a	1.843	1
find-album-12-1	1991f4e113aeef0c98014e0ee87222551c45b060dd6e3ca5190aec76dd3e2979	3.188	1
find-album-12-2	3e48c634ba6ea38da9b888e3297bc61c1fefdae710de720232748c8cd5ee0c93	3.102	1
find-album-12-3	3b9950ad603696c41c480bd2767bc8feb623dec76c7afc5d9e85dae0cbe66c6f	1.852	1
find-album-12-4	3546050a611783271bd675da28b9d1c011ac839c2794d3198a9a559b61b4c27c	7.412	1
find-album-13-1	4f6c1137bc7f30a4c615daaa3b09b6f621b151380c87cf9008e6fdf3e0fa5433	5.683	1
find-album-13-2	ba78ffd3a190094fe1eee29c0209528919797685a33a57d99a8990654ca9d363	0.272	1
find-album-13-4	9409338b138b2a66f19e3d09e584da26d547ccfb6301e719158252cd63556cc7	3.673	1
find-album-13-3	e3caa3abd823652bad192aa102fa6a207dcaad02a59aa7c482be3ecffefaa282	3.98	1
find-more-01-5	131e08e8b676ef3583d6a74832ff2169d9b0af4454e92e1a7ceca91a156fd305	1.817	1
find-more-01-6	ee7ba90a698d6fbae7a92392a991d1d252c3a3b6736f2142be17ff8d149c0f66	1.783	1
find-more-01-8	17d0495d5a7a463fa3734b06fe9abaae462143c8501be1f25d704f977149e7d3	3.366	1
find-more-01-7	a563505983cecf156ed3dc24138ee8951de757283586d1ff5c0f337795c7bf84	3.483	1
find-more-01-9	0766f0b3108bca6193368c058858eb34cacdb5b88d8f214c48464edb656725a9	5.079	1
find-more-01-10	b4f18a99b14b15c57b0dfa65aa09d46ec939ea29bf43bfca916212d5e8a9ce06	5.078	1
find-more-01-11	9333a5d2f8b89bfd82e98c5c08fff0a34ddae6630630696fd985936e2574e924	6.324	1
find-more-01-12	5b03e44a255a0c81358285b0397692d9b1ca635fffe7df46eeacac40d4bf76c6	6.354	1
find-more-01-13	743118f0e2d6e980d74aa1d36d77338c433e6711a3d4c5d2023c3539fcbe229d	1.809	1
find-more-02-5	a15708689f934ba7907229943d1231decf1da709aa3cf04fbc7b555d2a01a619	4.894	1
find-more-02-6	1794cc321971efb3438d00583513d075795469b330f3876937ad779d7eefada1	3.301	1
find-more-02-7	14518b182234a1806373880f40033622a1530594854884b98cff6c860955b8fd	0.396	1
find-more-02-8	e2039ae129bc5859de063e5897f0a22b9b165e3706c6fcb5fe3c1776a027d783	6.988	1
find-more-02-9	de46d4b1d8b0d996ddf3134369fd9c941b5036fbbb7ce9f06406916edeab5529	6.815	1
find-more-02-10	f240a578f4065ff4913e01d55fdf378a550d5089e304d286c6f26d1591dd7aa3	0.304	1
find-more-02-11	03479323234cc93797340ce32797d3084d5fc8473a375263d152a476d39c72c5	6.579	1
find-more-02-12	3271639d5f9133ae5667363cc45e7e9c1eb12e46688c4870a0ee8a32d43a8ed1	6.439	1
find-more-02-13	79f2035179b2d6d059bb053f8bf1c2e6fe08286613dd5ed08faa642bf16bfb02	5.858	1
find-more-03-5	8ada29a512783b16d585190d57ac6d4c44f40b6efd4def3f1c9d87c07f26988c	5.807	1
find-more-03-7	75e88357e329e4646d4c9cca394aa6f4fe9d47193a7ec63a913ff7ab500c5d09	3.033	1
find-more-03-6	51325c101c268ec9fe56ad2bd39b523e5bb48779f87adc620b98e85bb45f3598	3.153	1
find-more-03-8	7599201242eec3be590702c8af61ee5c4b884b83bcb12ef90bda80c9fa8b814e	6.214	1
find-more-03-9	47381325d414d2b72fd01ee288d43d06bbca726eaa2187aa39ea5dfeb357930b	6.182	1
find-more-03-11	741faa8ffbccf7fd92be375d79aae84740cc452829784bb9f22f9d652cd134e6	2.925	1
find-more-03-10	f2469a27458c7336b9424588ae2c823c1e3f01d35150561bb1298a0f2479e1e3	3.04	1
find-more-03-12	bd241d1b17930d40f3a29c04baa0aa810a4566e9bbec57779e3f2b9bf0556f96	1.946	1
find-more-04-5	850e66ed6e464cb02a9b039564544f4c23ecda7f1343982e57aa359bce20e2bc	1.968	1
find-more-04-6	7179c618ceabc0793be7a30e4a9c287c9b2cc84a8578fcc9af27196b64f1e559	3.142	1
find-more-04-7	4407d36b3dadee235ffa2caed544b1e6459c3f327483a071241eea1e582124a5	3.092	1
find-more-04-9	af177c9fc0c16615b7390179977e78c1b12a1d7c1b3987ef0736910638f329ba	1.722	1
find-more-04-8	d9a0107aac83f181322e95426d96401416e4106aba9b2b2167a14266f31509d6	4.96	1
find-more-04-10	f745c7ac1f042ba13a6640aabc2bb3d79cd37d53ff991343f4f39c3821a8c062	3.282	1
find-more-04-11	3e781dadd72cda5183d98c59e126e4f379ad7db0d6dcc4f92af5519ebcda5f66	3.232	1
find-more-04-12	1eb3af1251d9aae7fe01973960754d292c4860f61061a0e1f26975286f6e6289	3.235	1
find-more-04-13	7723db3af572ab2bbb41d95087a6d14679bf197d21474a949bcc9c9945330917	3.206	1
find-more-05-5	4f7c7e0063d07e950fc603abd54b96f3de7df0fdd8e36e8b71e1723780de177a	3.17	1
find-more-05-6	5365781afb3fe5c255b5154e7edc39151c081fa09abb91dc91f469b21dc37cdc	6.09	1
find-more-05-7	089340bcf83fd0f136d94abaaa48e9e5431facfd6867400be91fe2b285e2280a	6.085	1
find-more-05-8	9e2327177a287b1488f575926f609cd6037092df21466eff2b1aebe5a93bd680	2.91	1
find-more-05-9	f003d56edef87f80a64cc006e205f6f4283820095f711a4c7334333c703478f0	2.968	1
find-more-05-10	2f949c017d07a9f9722c3ddac07a64b634d6057b58bbcbf86c03a728ac81874c	0.504	1
find-more-05-11	e8106dfa80ec9ea833601729c6d7755fa46d2ac3d1010291b4158825221298df	2.008	1
find-more-05-12	a36c83fb79b5025f0ef0c01f432d0040c19cd1e9da0bcec925015ea33d3ddd66	1.635	1
find-more-05-13	ec84ef459f57a3a8dbb3d697f3527406f0a3e81e4673ef0f3d0fe73fa927cc01	1.549	1
find-more-06-5	a797ca63b34af154ea609cbaf15062a671e8bc5ae2495b5ab9fd0a02bdd16314	1.565	1
find-more-06-6	f62283864b8464c459145b7e3e0e8aea3b8d9f32c8718828d31285f29927b1d7	3.261	1
find-more-06-7	89f8f685a57dc575c0ef74d534af972f9c4ccad358ac61d9cbe5c594c32676f8	3.245	1
find-more-06-8	6f788f5d7f1b58ba2b0783367c71d8fd70d968292cff5ea5cc35a746c16f4fec	0.236	1
find-more-06-9	d3c5892a1e19a0f59173a749eca95468ea1a2c675b1b5b360203e6aae9cca896	0.249	1
find-more-06-10	857241cf5cc42d3b9ecbc44c14c6b9680c556217ef31a8205899811e39045957	4.852	1
find-more-06-11	7f5bf17f7b89237099be2fe027c9e9da33d65f3e0dd9157db680f7688b041231	4.853	1
find-more-06-13	d0b7e5524198ecd83ff7c57a7f4feb034fa04febe80a4e59d804be24c5182402	2.578	1
find-more-06-12	37da51f20a2766c2637e5af3a54c5bf487c4571276c3586434cbaa80c241ed64	2.677	1
find-more-07-5	find-more-07-5	2.353	1
find-more-07-6	find-more-07-6	2.537	1
find-more-07-8	find-more-07-8	1.972	1
find-more-07-7	find-more-07-7	2.724	1
find-more-07-9	find-more-07-9	2.24	1
find-more-07-10	find-more-07-10	2.791	1
find-more-07-11	find-more-07-11	2.356	1
find-more-07-12	find-more-07-12	2.488	1
find-more-07-13	find-more-07-13	2.873	1
find-more-08-5	find-more-08-5	3.147	1
find-more-08-6	find-more-08-6	2.337	1
find-more-08-7	find-more-08-7	2.267	1
find-more-08-8	find-more-08-8	3.011	1
find-more-08-9	find-more-08-9	2.817	1
find-more-08-10	find-more-08-10	2.239	1
find-more-08-11	find-more-08-11	2.544	1
find-more-09-5	find-more-09-5	3.217	1
find-more-09-6	find-more-09-6	2.806	1
find-more-09-8	find-more-09-8	2.855	1
find-more-09-7	find-more-09-7	4.555	1
find-more-09-9	find-more-09-9	2.375	1
find-more-10-5	find-more-10-5	2.125	1
find-more-10-6	find-more-10-6	2.924	1
find-more-10-7	find-more-10-7	2.812	1
find-more-10-9	find-more-10-9	2.535	1
find-more-10-8	find-more-10-8	2.784	1
find-more-10-11	find-more-10-11	2.952	1
find-more-10-10	find-more-10-10	3.23	1
find-more-10-12	find-more-10-12	2.584	1
find-more-10-13	find-more-10-13	2.43	1
find-more-11-6	find-more-11-6	2.762	1
find-more-11-5	find-more-11-5	2.948	1
find-more-11-7	find-more-11-7	2.596	1
find-more-11-8	find-more-11-8	2.586	1
find-more-12-6	find-more-12-6	2.24	1
find-more-12-5	find-more-12-5	2.649	1
find-more-12-7	find-more-12-7	2.702	1
find-more-12-8	find-more-12-8	2.804	1
find-more-12-9	find-more-12-9	2.452	1
find-more-12-10	find-more-12-10	2.963	1
find-more-12-11	find-more-12-11	2.752	1
find-more-12-12	find-more-12-12	2.052	1
find-more-12-13	find-more-12-13	2.528	1
find-more-13-5	find-more-13-5	2.932	1
find-more-13-6	find-more-13-6	2.748	1
find-more-13-7	find-more-13-7	2.288	1
find-more-13-8	find-more-13-8	2.743	1
find-more-13-9	find-more-13-9	3.13	1
find-more-13-10	find-more-13-10	2.606	1
find-more-13-11	find-more-13-11	2.663	1
find-more-13-12	find-more-13-12	2.267	1
find-reading-001	find-reading-001	2.656	1
find-reading-002	find-reading-002	2.928	1
find-reading-003	find-reading-003	3.308	1
find-reading-004	find-reading-004	3.043	1
find-reading-005	find-reading-005	3.052	1
find-reading-006	find-reading-006	3.102	1
find-reading-007	find-reading-007	2.285	1
find-reading-008	find-reading-008	2.387	1
find-reading-009	find-reading-009	2.921	1
find-reading-010	find-reading-010	2.601	1
find-reading-011	find-reading-011	1.971	1
find-reading-012	find-reading-012	2.598	1
find-reading-013	find-reading-013	3.054	1
find-reading-015	find-reading-015	2.208	1
find-reading-014	find-reading-014	3.27	1
find-reading-016	find-reading-016	2.131	1
find-reading-017	find-reading-017	3.117	1
find-reading-018	find-reading-018	2.661	1
find-reading-019	find-reading-019	2.284	1
find-reading-021	find-reading-021	2.21	1
find-reading-020	find-reading-020	3.09	1
find-reading-022	find-reading-022	2.227	1
find-reading-023	find-reading-023	2.451	1
find-reading-024	find-reading-024	2.464	1
find-reading-025	find-reading-025	2.134	1
find-reading-027	find-reading-027	2.534	1
find-reading-026	find-reading-026	3.608	1
find-reading-028	find-reading-028	2.82	1
find-reading-029	find-reading-029	2.756	1
find-reading-030	find-reading-030	2.145	1
find-reading-031	find-reading-031	2.407	1
find-reading-032	find-reading-032	2.927	1
find-reading-033	find-reading-033	2.486	1
find-reading-034	find-reading-034	2.423	1
find-reading-035	find-reading-035	2.746	1
find-reading-036	find-reading-036	2.989	1
find-reading-037	find-reading-037	2.609	1
find-reading-038	find-reading-038	2.256	1
find-reading-039	find-reading-039	2.18	1
find-reading-040	find-reading-040	2.771	1
find-reading-041	find-reading-041	2.47	1
find-reading-042	find-reading-042	2.312	1
find-reading-043	find-reading-043	3.014	1
find-reading-044	find-reading-044	2.358	1
find-reading-045	find-reading-045	2.31	1
find-reading-046	find-reading-046	2.589	1
find-reading-047	find-reading-047	2.139	1
find-reading-049	find-reading-049	2.991	1
find-reading-048	find-reading-048	4.272	1
find-reading-050	find-reading-050	2.284	1
find-reading-051	find-reading-051	2.43	1
find-reading-052	find-reading-052	2.175	1
find-reading-053	find-reading-053	2.643	1
find-reading-054	find-reading-054	2.637	1
find-reading-055	find-reading-055	2.944	1
find-reading-056	find-reading-056	3.039	1
find-reading-058	find-reading-058	2.86	1
find-reading-057	find-reading-057	6.848	1
find-reading-059	find-reading-059	2.722	1
find-reading-060	find-reading-060	2.367	1
find-reading-061	find-reading-061	2.394	1
find-reading-063	find-reading-063	6.588	1
find-reading-062	find-reading-062	7.446	1
find-reading-065	find-reading-065	2.553	1
find-reading-064	find-reading-064	3.696	1
find-reading-067	find-reading-067	2.338	1
find-reading-066	find-reading-066	3.579	1
find-reading-068	find-reading-068	2.821	1
find-reading-069	find-reading-069	2.3	1
find-reading-071	find-reading-071	2.34	1
find-reading-070	find-reading-070	2.905	1
find-reading-072	find-reading-072	2.423	1
find-reading-073	find-reading-073	2.817	1
find-reading-074	find-reading-074	2.723	1
find-reading-075	find-reading-075	2.975	1
find-reading-076	find-reading-076	2.303	1
find-reading-077	find-reading-077	2.738	1
find-reading-078	find-reading-078	3.159	1
find-reading-079	find-reading-079	2.604	1
find-reading-080	find-reading-080	2.916	1
find-reading-081	find-reading-081	2.567	1
find-reading-082	find-reading-082	3.023	1
find-reading-083	find-reading-083	3.037	1
find-reading-084	find-reading-084	2.096	1
find-reading-085	find-reading-085	2.591	1
find-reading-086	find-reading-086	2.594	1
find-reading-087	find-reading-087	2.639	1
find-reading-088	find-reading-088	2.501	1
find-reading-089	find-reading-089	2.313	1
find-reading-090	find-reading-090	2.82	1
find-reading-091	find-reading-091	2.18	1
find-reading-093	find-reading-093	2.655	1
find-reading-092	find-reading-092	3.228	1
find-reading-095	find-reading-095	2.315	1
find-reading-094	find-reading-094	4.244	1
find-reading-096	find-reading-096	2.692	1
find-reading-097	find-reading-097	2.937	1
find-reading-098	find-reading-098	4.462	1
find-reading-099	find-reading-099	3.262	1
find-reading-100	find-reading-100	3.17	1
find-singer-john-01	find-singer-john-01	2.611	1
find-singer-john-02	find-singer-john-02	2.428	1
find-singer-john-03	find-singer-john-03	2.394	1
find-singer-john-05	find-singer-john-05	2.381	1
find-singer-john-04	find-singer-john-04	2.911	1
find-singer-john-06	find-singer-john-06	2.257	1
find-singer-john-07	find-singer-john-07	2.675	1
find-singer-john-08	find-singer-john-08	2.037	1
find-singer-john-09	find-singer-john-09	2.577	1
find-singer-john-10	find-singer-john-10	2.661	1
find-singer-john-11	find-singer-john-11	2.78	1
find-singer-john-12	find-singer-john-12	2.885	1
find-singer-john-13	find-singer-john-13	1.92	1
find-singer-john-14	find-singer-john-14	2.48	1
find-singer-john-15	find-singer-john-15	2.957	1
find-singer-john-16	find-singer-john-16	2.557	1
find-singer-john-17	find-singer-john-17	2.255	1
find-singer-john-18	find-singer-john-18	2.914	1
find-singer-john-19	find-singer-john-19	2.754	1
find-singer-john-20	find-singer-john-20	1.946	1
find-singer-john-21	find-singer-john-21	2.363	1
find-singer-john-22	find-singer-john-22	3.027	1
find-singer-john-23	find-singer-john-23	2.937	1
find-singer-john-24	find-singer-john-24	2.474	1
find-singer-john-25	find-singer-john-25	3.232	1
find-singer-john-26	find-singer-john-26	3.157	1
find-singer-john-27	find-singer-john-27	3.497	1
find-singer-john-28	find-singer-john-28	2.855	1
find-singer-john-29	find-singer-john-29	3.247	1
find-singer-john-30	find-singer-john-30	3.127	1
find-singer-john-31	find-singer-john-31	2.858	1
find-singer-john-32	find-singer-john-32	3.215	1
find-singer-john-33	find-singer-john-33	2.772	1
find-singer-john-34	find-singer-john-34	2.555	1
find-singer-john-35	find-singer-john-35	2.381	1
find-singer-john-36	find-singer-john-36	2.708	1
find-singer-john-37	find-singer-john-37	2.481	1
find-singer-john-38	find-singer-john-38	3.218	1
find-singer-john-39	find-singer-john-39	3.112	1
find-singer-john-40	find-singer-john-40	2.305	1
find-singer-john-41	find-singer-john-41	3.242	1
find-singer-john-42	find-singer-john-42	2.662	1
find-singer-john-43	find-singer-john-43	2.336	1
find-singer-john-44	find-singer-john-44	3.046	1
find-singer-john-45	find-singer-john-45	2.87	1
find-singer-john-46	find-singer-john-46	2.508	1
find-singer-john-47	find-singer-john-47	2.664	1
find-singer-john-48	find-singer-john-48	2.89	1
find-singer-john-49	find-singer-john-49	2.662	1
find-singer-john-50	find-singer-john-50	2.816	1
find-singer-john-51	find-singer-john-51	3.271	1
find-singer-john-52	find-singer-john-52	2.752	1
find-singer-john-53	find-singer-john-53	2.879	1
find-singer-john-54	find-singer-john-54	2.954	1
find-singer-john-55	find-singer-john-55	2.149	1
find-singer-paul-01	find-singer-paul-01	2.836	1
find-singer-paul-02	find-singer-paul-02	2.759	1
find-singer-paul-03	find-singer-paul-03	3.11	1
find-singer-paul-04	find-singer-paul-04	2.775	1
find-singer-paul-05	find-singer-paul-05	2.928	1
find-singer-paul-06	find-singer-paul-06	2.745	1
find-singer-paul-07	find-singer-paul-07	3.09	1
find-singer-paul-08	find-singer-paul-08	2.784	1
find-singer-paul-10	find-singer-paul-10	2.464	1
find-singer-paul-09	find-singer-paul-09	3.068	1
find-singer-paul-11	find-singer-paul-11	2.469	1
find-singer-paul-12	find-singer-paul-12	2.591	1
find-singer-paul-14	find-singer-paul-14	2.214	1
find-singer-paul-13	find-singer-paul-13	2.675	1
find-singer-paul-16	find-singer-paul-16	2.43	1
find-singer-paul-15	find-singer-paul-15	2.76	1
find-singer-paul-18	find-singer-paul-18	2.481	1
find-singer-paul-17	find-singer-paul-17	2.657	1
find-singer-paul-20	find-singer-paul-20	2.368	1
find-singer-paul-19	find-singer-paul-19	2.429	1
find-singer-paul-21	find-singer-paul-21	2.549	1
find-singer-paul-22	find-singer-paul-22	2.656	1
find-singer-paul-24	find-singer-paul-24	2.662	1
find-singer-paul-23	find-singer-paul-23	3.057	1
find-singer-paul-26	find-singer-paul-26	3.086	1
find-singer-paul-25	find-singer-paul-25	3.509	1
find-singer-paul-28	find-singer-paul-28	2.653	1
find-singer-paul-27	find-singer-paul-27	2.852	1
find-singer-paul-29	find-singer-paul-29	2.568	1
find-singer-paul-30	find-singer-paul-30	3.256	1
find-singer-paul-31	find-singer-paul-31	2.404	1
find-singer-paul-32	find-singer-paul-32	4.428	1
find-singer-paul-33	find-singer-paul-33	2.831	1
find-singer-paul-34	find-singer-paul-34	2.705	1
find-singer-paul-35	find-singer-paul-35	2.733	1
find-singer-paul-36	find-singer-paul-36	2.593	1
find-singer-paul-37	find-singer-paul-37	3.007	1
find-singer-paul-38	find-singer-paul-38	2.936	1
find-singer-paul-39	find-singer-paul-39	2.449	1
find-singer-paul-41	find-singer-paul-41	2.128	1
find-singer-paul-40	find-singer-paul-40	2.831	1
find-singer-paul-42	find-singer-paul-42	1.999	1
find-singer-paul-43	find-singer-paul-43	2.523	1
find-singer-paul-44	find-singer-paul-44	2.637	1
find-singer-paul-45	find-singer-paul-45	2.868	1
find-singer-paul-46	find-singer-paul-46	2.85	1
find-singer-paul-47	find-singer-paul-47	2.319	1
find-singer-paul-48	find-singer-paul-48	2.686	1
find-singer-paul-49	find-singer-paul-49	2.099	1
find-singer-paul-51	find-singer-paul-51	2.625	1
find-singer-paul-50	find-singer-paul-50	3.123	1
find-singer-paul-52	find-singer-paul-52	2.321	1
find-singer-paul-53	find-singer-paul-53	2.56	1
find-singer-paul-54	find-singer-paul-54	2.23	1
find-singer-george-01	find-singer-george-01	2.746	1
find-singer-george-02	find-singer-george-02	2.963	1
find-singer-george-03	find-singer-george-03	2.249	1
find-singer-george-04	find-singer-george-04	2.116	1
find-singer-george-05	find-singer-george-05	3.025	1
find-singer-george-06	find-singer-george-06	2.035	1
find-singer-george-07	find-singer-george-07	2.817	1
find-singer-george-08	find-singer-george-08	3.391	1
find-singer-george-09	find-singer-george-09	2.925	1
find-singer-george-10	find-singer-george-10	2.657	1
find-singer-george-11	find-singer-george-11	2.152	1
find-singer-george-12	find-singer-george-12	2.966	1
find-singer-george-13	find-singer-george-13	2.335	1
find-singer-george-15	776992aec047a7fe3fa10d48bcd0667d0631f8f798a4179f1d60bb2a56281440	1.714	1
find-singer-george-14	1609ac6931d50bfd7660b796811ed0ee74eaddaa37ab0913644bf6410e32fbcf	2.398	2
find-singer-george-16	e6e317058ecf9fec54a582edef7977112cbe9973ef50da2c348f4a5a49a51eb2	1.523	1
find-singer-george-17	ae28135979412d3413c36eba651193228934a964ade45d0ba739dc61d4227337	3.632	2
find-singer-george-18	4d5b038c6899e2566394fb115a0b71b58b366db81d6732bf757e4955d0c93c6b	2.546	1
find-singer-george-20	b606987da36929fc7585eb6fe88e93069dd9732146cba062b066ebb034cc2c64	0.423	1
find-singer-george-19	d42b443e4fad40d2829120406c18ce19b7be0797d821236d3e9e0cd039760f72	0.535	1
find-singer-george-21	3d22bae7995e1f5c2e29ffff38ea08a860679afd427febd651fda19ac169fd80	1.398	1
find-singer-george-22	986849bfdc77fbbb52a99ccf8126436a0019772a3c4eaf76e9ad9ff04b634071	1.391	1
find-singer-george-24	88474df69accccb4b2eeef4bf2f0b4c96746acab42e4c6f0d8bf36decabf01e1	0.453	1
find-singer-george-25	88bb0aaeedf2d11751ec5a71a64b71a58bdc0282cced81aaa2aebe95deec8ab9	0.284	1
find-singer-george-23	dd9b4a8dabf00d582db41a440b48884bb210b917d9a5a8f9d261700579ba6003	0.916	1
find-singer-ringo-01	06ee6bf7ccf27559cea10ba862aba49bbdeff015da8069b1fb103b9682595cfe	1.227	1
find-singer-ringo-02	62a9ae69f1387e21af76f328e381d89af1721b1fa935e3ab87c00acc9455ac35	1.145	1
find-singer-ringo-03	0f0ee692db592b8371970cf08ed208e0ffbcaf9510509bbe404612f9ad090233	0.252	1
find-singer-ringo-05	5cac668cb9672341a981536825ec5c9a8af44572e36cd435b5ce80fc4e6ea91b	1.336	1
find-singer-ringo-04	58719fb0a3869be855d809be6402cc86945dcbbde55e51fec7d0ad10cba3875c	1.609	1
find-singer-ringo-07	8a2439a8704f0016e9a403bdb51beb8ceb9f2f5f500992130b20aa1d3c24b486	1.318	1
find-singer-ringo-06	69cd2f1b67a563c9f46882466560a82eb3cf030db117accc6cf0b8cd5e15671c	1.431	1
find-singer-ringo-09	7fd994cc8028561d3b9c5431e941afeb6fdf58185da13377dc85399286c7eb5e	1.205	1
find-singer-ringo-08	e7b9a1b8bc94301440c0e2a8e62a3d4aaea60e027ae87a114ecce988b685be28	1.301	1
find-singer-ringo-10	29acaf853932ab66f4b77905e260bc8a02781026c09914ad9720813fdaab1af0	0.278	1
find-context-001	53606d60947cd7474f85752b63b9f7a21c6ee7343eec583ccd8339ad1569ffb1	1.464	1
find-context-002	d1858c16c2781ebb1858a7cfe93deec99e3074ee97cd68f68b9ca19ae9e2b3ca	1.353	1
find-context-003	21a01e9acacc2584a197dbe8af3a221b7caf47fbe3460d36472a86b74c610d68	0.871	1
find-context-004	b74a46a292e6f828c34d3d3d49e3a7bf2c2110b2da8972266d73ad9f431190af	0.835	1
find-context-005	01ed8274a84826f1e438c111b4467fddf91b31572fbc1f7b5e52cf7cffcde733	1.4	1
find-context-006	a89c9d59ed7872c4971b2d5f23bb25a6e093848af72d185e03fdb75ffda34683	1.405	1
find-context-007	2e96fee52825c8a7d79a1c944fd6bebdcad5a1ab895fd807f9cfb7c1e1d3c0ee	1.474	1
find-context-008	1974037c7aede6d4536d145ed94f3c4788ce4f94c3dfc8cb1973d599ce4c4a24	1.524	1
find-context-009	fd30e8575ed7d614b7ac82a5499b7fcafb19badd9f59dbcc96da8e1c77c62065	1.782	1
find-context-010	f25b5b82e5519265c0faa56ac95482f2e3a35ee0e142d230015d13d008b99edd	1.731	1
find-context-011	1800f7b03c031cdc1b6b3caf708a32dd1598d23f2a9c4d45a17a3ade746084d7	1.33	1
find-context-012	39e2fd59c236fa4750815975bce7a2661ca2aa02865a3c93c19245375a8eeee8	1.316	1
find-context-013	6df97477f8986eb5da7b556cab461a34759008d069d2787bfe8a06f8bbbafc14	0.364	1
find-context-014	b878bdc70dc4463372c9b7b875271241291734aa23880fb0d575883a90bcc7a5	0.375	1
find-context-015	e7eca4e587d7bd41512f682aaf466f3a03520e1ac81e3b974f24b5b3a62ad18a	0.282	1
find-context-016	36b0ee7cb760096d5f94dc55257b5a0905d358fe1fa4eb3587f12d4790ad9753	1.62	1
find-context-017	fe48760d052d9cfc3b7ce826ceceb324f210596bc17eb101d998dcc52f3817ca	1.576	1
find-context-018	ff44f6ed08269f7a07ef0a5bfacfa91e251166ffeadf5f4ae9108f28e6100c25	1.315	1
find-context-019	9f5e00913265f00774f2ad6aae39545e4fb96efd9a5aba9cca15198447b5e02e	1.24	1
find-context-020	9a02afb3d4a4865585be0de6c72d188a4384e79dbfa5abcbde5addf0ae60e1d7	0.334	1
find-context-021	9f613cbc6f59ee9056d4df184600d06f8298988316cae86b01da5d6ada73a1c9	0.343	1
find-context-022	bba5743e15f21854025dc89aa147f8fac6f4a688c076c945b8421e12f63e8ee6	0.486	1
find-context-023	ca44f383ed08b9cc08059c249428315f802baa31a39e44adb9f4d7c86003a0b0	0.539	1
find-context-024	1cbf0b81549d6e2b348cd93fbbe36c0695fdb3773d06cd9f9448846498cb7803	2.489	1
find-context-025	130434ca8f78753c5886aa0ef59955e41575f090430cfad598756574ff967722	2.42	1
find-context-026	0651f1caba367f373c8b8d5626bea1962124b657603de7cfffb0c1e27566875c	1.444	1
find-context-027	6844f0b9bd728d5815d766bce76cd2d5dde35b81155eac6e3992751fc4946a7a	1.45	1
find-context-028	313813f8c49eb171a709fc97a8d0b228299651fe994eae0cd3b4c22a964b8b19	1.499	1
find-context-029	c4cc46c2ff125b9058f78faf05c688af453fae70ff27047cf5b3c2ac203b8d84	1.587	1
find-context-031	b686c22c46b58761ac3a5694fbee654032657116ad707423cedb882173f95773	2.712	1
find-context-030	4a89bb8b883e2c56e84bdc3df176104c3314ba97dff259c9f7ee17fc419b4a3c	5.848	1
find-context-032	73a3d1322bf99fa39cda0c3d470045dc9d97e82bf9d0edff78a003186aa72b7a	8.314	1
find-context-033	1ccce096e1f019db4ead88d7d0e6fa5e11be9bf31225234c119038b6a3abf133	7.621	1
find-context-034	8e388437f4a45eb785fcd86a063678332fbeacd59f75b8eb56ed7af4c42c20c2	3.885	1
find-context-035	2a1ade15d1e0b45d061fc9662e8ebcb88ba2a8a483bab7c16d2b717f0bbbcf9a	4.88	1
find-context-036	5a9966e1f71d106401190b978e45dba10524ec000d84d3d222535a0ebeb66abc	8.773	1
find-context-037	48864d7fecb5f354235c4bb1745f6ffc1b1634388195e8daf0d176bd75080a38	11.775	1
find-context-038	1463674af75e53e4c5537e0f1c75384863c395a2dd7582d5df913bdbf82b2b6b	6.37	1
find-context-039	4ff3e993e3de88524d876271fe669f4ec2c83de8cad2a37bcac6f3ca2a111c8c	10.435	1
find-context-040	7e7affa87858cba4ec10eaa0a870c76e2a70b5cfdc9234af4cebebd10a32f434	10.404	1
find-context-041	4f6d549d7c6dd8e0382f797fe35e256bd3563f104a67d1cca0ec317eabfeaf1e	8.884	1
find-context-042	ed3137690736a38ff0e590f618ade1be98a2c2c4e7b8eb7f7ee1049593c66191	10.357	1
find-context-043	47e5c96e8985218880d07e86a7896d805cc446aa9f2a35017a9e510f6854ddef	1.764	1
find-context-044	7d0f048df9d87e2c7d4a278985037335b329b1d48d1d270d29a60cd26878be84	1.514	1
find-context-045	9f5b3e6627fb85ed2a64c06a819e520490d0ad77248312e7fa07bd28b5953bc1	1.379	1
find-context-046	f6ac4c01d37b7a1113f95aa9fc12d112d233c8e44aac4ef9db3c3d5991cb6f58	0.352	1
find-context-047	d59e74522c1500b68c3f2d8645a9361f21dd749996fdc8c6f78762e17a5a48b2	0.354	1
find-context-048	fead8f9533e0014c5ae2097d955b4f5c1aa41ef5c3ab3eb512be1b302f94eab4	0.304	1
find-context-049	33a3435c7a1121df966deae329e392c779930235f097d48cb91a61dbf26650b8	0.349	1
find-context-050	66565340ec7938f668ea084e65231c809ca16ad69cb0e23ccc5ad485eb0f197f	0.297	1
find-context-051	7f5cfd7821704e1773f612cf59de9b5bf38731ef8dda3a623ab40045b269e520	0.325	1
find-context-052	d042fd6bd16153328f0993c464412e8345ba1caf29ce1d8d0566b2882b6b3b8a	0.332	1
find-context-053	f994ff71477709d3a0032b08c8bf707191e6d3d556deba3bf9350582c9720b7a	0.279	1
find-context-054	5388a6b8982f476e172575506c396677aad88ee9e7219a5bd3b408b0a718f2e8	0.312	1
find-context-055	361f37717bb1699de5a4183776b24b7c0d57ba82331739b5718a9562f6b30e88	0.413	1
find-context-056	0edfa125db425279a606f732fa5509945df61b581ca97ee8e3c45b616ae38595	0.349	1
find-context-057	ba4c5b5f20322dfecddf486e6c7dbed5441d4577cbf9e47ebb3c1a258edc79c7	0.278	1
find-context-058	5093fa0b091df563a185042aa929d4541fb6220c6dfb7b42f9331c0a143ec51e	0.275	1
find-context-059	500d108c82f3746ead73771d95d483fe96505e1a8adc0eaee5e8c198cf881d67	0.358	1
find-context-060	c630e6ed24437562d8eafe8308a97009f772d1cc4f4cf608edae271b3d28efc6	0.316	1
find-context-061	68bf931fa6a7522a291a96ccd05c8b4ca4b33fd01ba4afc68e2022a9c34310ca	0.298	1
find-context-062	a8665be0bedea95ea0b6e8ecd25d55b6c1e42b68f2db497ba4cdda12d13b32d4	0.29	1
find-context-063	0396c406ad15ad4bc9bce77a7d8ba9184ebe8a654ee9f0c769255222269e19bd	0.277	1
find-context-064	aa136c057ecce89e325351cc975dba804c11d23ab40e0a41ab106c471ca53861	0.293	1
find-context-065	3f045dc90b0218104c593f710e46a8134896c453ed09d6297fed2c788eaaa60e	0.299	1
find-context-066	73fe6036d6554dad9844138a857934a64956e5b4aca38ab51c0687bbe831614f	0.288	1
find-context-067	0532cca7d998023ede1f2e38322262b6befa09299df8574f89b0f316b1d2c003	0.284	1
find-context-068	67a6e6d3cfefdacad28d291ef413e51e147727fb48bb3771694ec2d0f52954d6	0.336	1
find-context-069	1f99c82cab66cfc2017eda3d4fdd017a345e20a8e543f256981c485994d46556	0.292	1
find-context-070	7e8f01930ad0a4a6fd389ff1bb7ad4480966227e1bb1786b6e7d88c84af1fdf0	0.302	1
find-context-071	b9973b58591ab4400a87efe1c4671172f46f936174d9a97d05938b5829a90f88	0.293	1
find-context-072	2037ae6244f9cf9549261bcc565c8109d10cbfa693b4fa8ad75e78c69a7771cd	0.285	1
find-context-073	24aa752854b4f6a14a10bf319ad44b8c5806e1d8f795200737fa7d30a6696da6	0.315	1
find-context-074	7030d767e7fde0f3b6f215246939786d86afa43abc348fa0ac561ec200c7c57b	0.287	1
find-context-075	91bb3415b5060fd697a3dcbb778e477caa1c8c8a1604771579a35670812136a8	0.297	1
find-context-076	9a09dfb42fcde572d0c403089f68d96deec63b33b45d6a29d61feba32cf3e15c	0.275	1
find-context-077	be93be255ee440507d8297e5f47a361335509e88f447b742552c75540a4b8e66	0.301	1
find-context-078	76dd8cba76b0ff7a08ff87608d1fa7abf9114d74b87742587d3558019d50ac06	0.283	1
find-context-079	26d69161ba1d4dc0cd4c445efcd66f04d8691b6e0437edabfa01f0c59cfe01c8	0.29	1
find-context-080	2d53d9f49092b4e7da43c0b05d55708daec24157625572fd50f663fb8335eb9a	0.353	1
find-context-081	ef1b90cd1818b9b60ec4177986f6e4750ec08d8cc9881a7e8f3ebc3f9f322d35	0.327	1
find-context-082	6df5a4fe0f5f19577c126bf2873586a9e132e8e36fcdf42a1da279c7bd52df8f	0.284	1
find-context-083	b0a25bc79f285fc78818f34cb309097f3669be7adf0a2ac389bff14701e1bcb2	0.286	1
find-context-084	51bc2066c7dc06cb7ce90dcfbf6d455dd78da92bd3433157401acd183b6474a5	0.279	1
find-context-085	27b94224736daf3e9b22315133c2acecedc40f8f410a2023d8cc0b80eb26b0d2	0.353	1
find-context-086	accd96af74f64b826a8708854feb7b82aa4976564469739ae595d2d4393dea84	0.33	1
find-context-087	7e24918093d494a2b4d7734b488fce4e6cc6d205f907b8ec7e63949f672fd6af	0.279	1
find-context-088	5d8fd53336861bf5b0fa140b1dcdd5a727c8972773643b04c40951e081d1385f	0.328	1
find-context-089	6974d2a2ae32d433d54498386e5e0229d0abc9e2310471ac3faac69920966ae1	0.352	1
find-context-090	081753f65d4607f8736c72f9b9add3871db356b38c65d38bfd1418a9fb6c8801	0.379	1
find-context-091	8270f8d93a1e8697965a1231d56194035b18bcc91ccdb430c6d095f3bf998f69	0.338	1
find-context-092	d8314eaf463281193c811863b15934c859e0fa6c944f3e0eec7acce0bc983b95	0.472	1
find-context-093	5bbe208b90a12a6e9e58d72724f48837686b28d18d2c4a3252f189111d19947f	0.332	1
find-context-094	bf9fc6e4d2af6382006f63fef22474986438f68699f9d907b734d1a503503850	0.335	1
find-context-095	ebcf76372f554ee9c11514e35bfc4b1018e91e973619f20682ed14121c9008e8	0.474	1
find-context-096	ea66f996ca49a7893ceac0282aa223e9bdb8ddaacb58de841e087c8dab86b197	0.286	1
find-context-097	4c451ac9a9580a9fb1184d1f2ab66ee6c3a7d2d420f0c9af21103550d7720b57	0.31	1
find-context-098	7082da8dbcf98ba85c6c00efb718680a8f4954f5f0ae7b4abe1936dc4f5748d6	0.298	1
find-context-099	f1d92ac80596539831ad491f397bc55cf981d65afe5f424c7d58acafb25e832d	0.339	1
find-context-100	751c3f3bcc6d181896ddd2b6d9c8ea504af93e93152c53a90baa281a95f719a3	0.334	1
find-context-101	f78c264801da56d95347fce9939f9c2c68b1e5a81a08266e1928c70bedc6fb3b	0.296	1
find-context-102	0e76334c071ebc1ee85d464690c3c8ab08a556f46e51e365dd3b24e645314fe1	0.297	1
find-context-103	7e1f3001411bc10cc88744767ddbe0d7836e817e730579da7bcee814e2a359dc	0.292	1
find-context-104	91816f6f08f9808dad67a2f192b9dcda08c67b32b132557e5788d9883c089e16	0.302	1
find-context-105	784c3944a8509d2c5982da6ac232e67ce49cc2f3c3da6d57671872107020715b	0.313	1
find-context-106	baf0f3efad4590fe77c10114ffe3a4687d88d97c3f09ec87dee9eb1b6f743c6b	0.306	1
find-context-107	0c46fedf66931b5448d2a64ae8acc95e060e0cd3a0c443a322d114a5ef0697a2	0.289	1
find-context-108	d08ffae96d24ade7e62c248c1c0bd10003eeb388bc4ac52fa66cf2c8344c05b7	0.297	1
find-context-109	3198d3bea6e2c1e7d14185508afb4959f4a403337c766edac381daddc4114d13	0.287	1
find-context-110	668d6852a582b16286b410d3dceb4e00859f38338550aee746002a53b9c3ef10	0.31	1
find-context-111	586ba045340998659223b237bd75ba21d7035bf97c1558418ec98a76bb200488	0.28	1
find-context-112	6360283718565375f46c14ebe8bc600545aa872a619fc55e4e60cc1d2d7a92e7	0.302	1
find-context-113	6d2287b179ef342a91919a17a1f74f5b3c11c59e6e3cfa779291d02321fd01fd	0.326	1
find-context-114	5140c91ba52371d07c2a01b06eb755c46d3fa0d35f0ce88c4cc58d01c1732567	0.325	1
find-context-115	212884ce6815376279ca5eb89985882e2e6bf1c8b38e622bf417db439cbd851a	0.302	1
find-context-116	3202b1248aa17e22ee859d91150a17932f3a55d73c3c13dd4bae81d0bf93f7b3	0.285	1
find-context-117	e35e07d050d7b0ea574f881e9e6126a6eb4d694bde474cfcc8f27e40af62e2be	0.29	1
find-context-118	9fda95ea306139c9230ca3ee698df4e229340e8c5993d413a65aff1b2eacae82	0.282	1
find-context-119	df01ea48a47673099e897ecddab494bf1f1c5fd562a90d95ec9bb433bde87087	0.338	1
find-context-120	8ae39da27bfd901f6332e4131c9aa3bc8fdb175c2f05393823a58ba481fd847d	0.303	1
find-context-121	79380fe773d3eb6f3bf190556c327e2348f62a5cf987e23bee0ff190add1fa4a	0.367	1
find-context-122	a86f82e9f5ce2f3ad916a3150ae2ae22aa33acc91d4345202d4eb79ba6cfe647	0.353	1
find-context-123	5b7fc5127eafb63ee75b73c03fde2626fa4395b6acfebefa41ebe9d5f574d12d	0.274	1
find-context-124	3e2da63bf4950b3930e7f927521328beac59aca191b0458e609db52d2655cbdc	0.292	1
find-context-125	250e5088622a920b2246898d50f20c7dcd9d4281ec433948bbedf9d101dc84e4	0.318	1
find-context-126	212fa67aaedbb89f9d038a3ee4e26802d45924fe0285f0a0a459321f53452058	0.335	1
find-context-127	deb54216f853d6f7e200c5c833bfe67e54467143b16bf4ad62e9fa33eba2a9a3	0.297	1
find-context-128	b0c6108502340b317161e653b237e45a2a83eb12f17246c674ab1677adca527b	0.328	1
find-context-129	a86380c0dc0b7ab47e1950545b8c60fa53b58a185f66b32f542d878b81d0a0c2	0.378	1
find-context-130	5c34c2ab1752a8e7993d50555633ae0dd5f3e982c436580dcfc33162a7662e24	0.32	1
find-context-131	fa4a0834782fda71cfb8793bbdf0fdbca6ee8bd4c269647b4724b8516dd862dd	0.275	1
find-context-132	6e4523c49568f804c67668b56133ca223e52be3b6fd366307da9087500df93e0	0.304	1
find-context-133	917b756f2f4d87556e8957f13b69643dd4f68addf3a3a49f7e4af97a94b2199e	0.303	1
find-context-134	0a8b9242e8efeaa1ca47e91f483af735ef50afc315d15fdec654146a4f59ce4d	0.3	1
find-context-135	b6dca1b8a28deff734748768a8c7b3529eac6f8677f0e6e0849adbdc77382f59	0.279	1
find-context-136	a296949487645b6dacf23970692637b6e733b23a606335d38ad099da495d2876	0.306	1
find-context-137	63ec2bb017ebc419e8eac560e311e5b824dc4d3e85d90c2a76590c7f1d2e5d5b	0.28	1
find-context-138	c11e7069cfe47b5a499ed6cee8f3ceabb79b605b757c3e46a6b045b5b02b2fdb	0.282	1
find-context-139	78ae3e4fbf54c216ad19baeba333982bbfd21341060ffe8413a221e1cda509bf	0.322	1
find-context-141	19463a1094c994935e1f8f86b1856d236d841f2b12e67aa6866ba2be0068b8a9	0.339	1
find-context-140	19c5461d461e7da9ee9631b5d13b74622fed324bafb4ef202502d7db9c306749	0.656	1
find-context-142	13ab1625640fbddd37bf201e82ab183c827f164f5a018b23a5d79df67ed09d9f	0.277	1
find-context-143	dcdde34eaa34e20b4e2380d9f0becd2d83bfd96b7097594b0e06c7a13c5f5e01	0.295	1
find-context-144	9c3de4b48bf9083cfc3449b3c3ddafecd7457e4be4147c7a4a02a4a95e0c38e7	0.29	1
find-context-145	6406d6b1cadf175f308fdd6b2f63f51f645c5b89abeb618ea29829869704708b	0.296	1
find-context-146	17ed04bff5d9986dccfe7c3e5370699b8b3acdf78c616921559dce999922a0b7	0.291	1
find-context-147	4abc0273bbbb40471b8df84a5c35ad897274a3bd4409a897ea748970d0ff2179	0.294	1
find-context-148	1c18fd844688c90b79207f098ced8038c24c2a76eef65e9696a643ba0aa1660a	0.284	1
find-context-149	ab6f4c87d20152e66f6ac6c48c89a71c8929a16d19783af583074415e9c5bde7	0.298	1
find-context-150	8d11fdfb37bec88dd28b90834fb24adcfafed6e480616217f2e9ee92b70e915e	0.286	1
find-context-151	ff3254e09b801950131f2f4e79060b41f3c142ce5703a57eb47fcd54b0832435	0.303	1
find-context-152	0cc17bf1564b82572cfeb3d7f97369eb5ac6f24e629a8122ccf193354aa91764	0.329	1
find-context-153	8785e9803d3ade692576559975bc0f6f65744baef590e00b4dfa3217d2ee3fb2	0.296	1
find-context-154	23a8f69b12d118b682410bd3e9ef095ed8a5b53967f84e19f6907afe62a1acb2	0.363	1
find-context-155	b293af4659b11f10f5e5e0b8d0fbbb470fe57b6062389adfb16f51e15b4638ce	0.299	1
find-context-156	87e9902c6c1fad4ea0540866e42f154aed76cfa46547d9470e61547ebb75edd4	0.276	1
find-context-157	e4bb3e0da1a3072bb7c98d8e418367b45c3f27a481e57de0f4fdfd08002abae3	0.3	1
find-context-158	8b3c21084caa3bf7259687355f04e9c154a7803a4394dbdb296c60a53aac9540	0.271	1
find-context-159	e91f5d10d1d132de1c48138b5d68933b367b9649c4194ee17a4cfa41ef121a76	0.321	1
find-context-160	84216d7580fe5445858c384292aa593358a48ae174c8a8822f9207d7501444ed	0.286	1
find-context-161	a5731ac959aa21c9b9197d8a74949ddf245b693de0bc769646f65dd9ea1c6e0a	0.293	1
find-context-162	67e745dbcf2769f391b3bab667079436e46726ea105073e85f9590cdd21c322e	0.3	1
find-context-163	cded6420fc318099f6bf61d35d3078797f12e60d15d30960fb675bda1bcaf7ce	0.338	1
find-context-164	8093724acbd87f88538b3b81526a3f60902f2bf4f6b5c4c4ff281de99d3a097b	0.295	1
find-context-165	61ba1c676ffd9ae35a4839b0bd1e911c36ea5e25a3c75c409d312f799f7983d9	0.297	1
find-context-166	57d5dbd3c88842e69146eeaae97781e9b930bf41f8d7d1174531b141d5250f43	0.302	1
find-context-167	3988c75481662ace3351c9db867e9294474dbe43e6ec3ce9b23742867f5b64b3	0.29	1
find-context-168	2cdf90e47980933ebf79a5dbc28ef05f24009723f20e9ca2312ab7f549511f5b	0.317	1
find-context-169	20ed1fa5f2c9f310e094fbd1ac1c8b4feaf3953e333066cce01fc44725816f70	0.321	1
find-context-170	a8a8fa2da4a18b4bde388182037f442c59f8ba6138f1c88108d406ad8577ff0c	0.331	1
find-context-171	079a15ea84a26d60b72163041d857bb7b522f8171055c2d322b5f3f7fc5b46d1	0.292	1
find-context-172	7e50264f4122ced8ce5e4aa9ac6ddcf63c9c005599c5eec9af5d6b7301620949	0.275	1
find-context-173	0a411983f149225062b8d5a57365fb52c4a4db7e6ed936144612aa8e6ae46200	0.281	1
find-context-174	ebddce0c923f749a9186fb97031df1b02698d3b81c80aa8ef1d830ead23eb622	0.281	1
find-context-175	108f7c89f66e7788d2337db2cf216107156f37a7593554ece040ae2cc7940d16	0.338	1
find-context-176	9b2f95ef0a98558ef1c424795b44decb43f90ddbd96d0ad15bd5c1f814903bef	0.295	1
find-context-177	538155cd8f7b51e4518090a2a273e19e1235fcbaaf7e6aa80c593f56020b44da	0.295	1
find-context-178	4f466859b29cccf0bd68b7a4d91d8c0d0e14af76bf30ae9d26b9ae39988bea3e	0.34	1
find-context-179	95167e3f731cdb6c261f9a6d3f488455bdeafe9f8cbc8ff05fe5e23b4b5ba3ca	0.355	1
find-context-180	3e1b264947dee7183b717f156e74d22cb6ee8340d7f26feb6ee69904791e73ea	0.319	1
find-context-181	5b925515baa5bd4f905c082dc4cd2b691b91ea27b6fac67914dbd66822be6371	0.28	1
find-context-182	1ebd25f730bbcca446c68da1deb96e9a7704d480ab8087d72b8738938adfe6dd	0.328	1
find-context-183	58e7f4f3cef74b7f2f72d8ac740aa2e5e3a97b1c28f76ae11b451eb518714812	0.315	1
find-context-184	188dfe8a99c12552e9b1a26bf31d8d458ac1209d392f5cafc4835e1feb138efd	0.324	1
find-context-185	8fbc67cc8b91e15a4028933e7a3daf403a5604ec2109baa85d664adfa239624b	0.282	1
find-context-186	814f2c280ca1e5f808e2266ff2712a902520d0b1317aa17b15b2ebcb7c3eef4c	0.295	1
find-context-187	94cdd2d7129a5e67de69c01634dec763cb011a48032c696877d0437591383006	0.294	1
find-context-188	79e84d79153ca79078c3a613ecad4e44dd02b8f0727933fd587f36f9798385e7	0.285	1
find-context-189	d2a8b4a1c92a6df5d494fa40e08b0f27fe8fc68142b9bb63ab455b9d98e048be	0.279	1
find-context-190	d7d83c719e4c7eac726bfcdec9fe63335d898b9a2d8e469605780985493065ee	0.287	1
find-context-191	d770ac5ed745618913ad7e5073e18aedd06b583090d4212610b995de2c2b2796	0.284	1
find-context-192	9729f2c47cce8596c90a1b1b1fc96cb5012573677ca91d3b4f284cad456b21cd	0.279	1
find-context-193	98099b160b1f8f5b54388041193737a7eba2533b47816d4a397e5245b5c08ec5	0.27	1
find-context-194	1d5d31833f47e690cf2f0dddfa926d235a08c9ae8216d612f702cfba51126a90	0.295	1
find-context-195	2be17a3300a128bda5d4402642885a0168af3f4ad7163ff7ef075350627c1680	0.3	1
find-context-196	edde4bceb61c4a4e010a530e905f2c6f85132ccc7c69f71e5a64b687728b75f6	0.292	1
find-context-197	441d27066ade679f273166853013f1ffd454ba80976c3d9b6a63ab18ed5c38eb	0.311	1
find-context-199	16930b25e4e5288304c5166a465894a92ecc76614d81c39b168a5b94d8ab5ccc	0.329	1
find-context-198	d4f0c2e169fec1cbd83004a38ea00b44e1b20ab544ab76d0de63c6db47207478	0.544	1
find-context-200	d33a7a47b491c45f11ffe68ec254f3b7001b27f3c7a07367135626736d06c017	0.331	1
find-context-201	17dd6b0d2d63585c4fb21493095d5b17e2f94bd671842c27c780fb7b9137dbb7	0.337	1
find-context-203	1f957570fafaca1b9194101b14da6127625e7e312fe8594640fbd96b7d98ed35	0.305	1
find-context-202	42b1bf21d2bcb142f034d9dbd829c27d3de1fc9074b22e2462411a1a2fed982b	0.465	1
find-context-204	150725066cfcfdeb419f4365f1451a6bb638e0f9e8c63040dfece25f0fff7238	0.305	1
find-context-205	84b475ebf28bc7d19f84d9329884ece17d4c6d35dfe3024a0e58ca8c45fcc6bd	0.313	1
find-context-206	ab0835b0b00527507affe4e907f973cd816ee2937ae666a2181392730797f6d7	0.322	1
find-context-207	0fc970f702eca95f1c5554610852be6271ca863f90a49806b7a48089ed3e0282	0.355	1
find-context-208	c3b76f097a3d6483613708f4458db4da92d1de111bf793ecc561b52a1517741a	0.3	1
find-context-209	b2daba5632c7fc57bb775447963403421c13b834047846b0f45450e2f9885fb3	0.479	1
find-context-210	e8e0c616961d023d7168810af836cc2bfc0481045d75ae8e646eab97fa60e868	0.375	1
find-context-211	0e453250a26db301efe3f43212b34a1194d1f5819443c9d3a6ac86e272704631	0.301	1
find-context-212	661e0293daf3cdbb070520d2cd6146b8db27766284320c7180f4d57a6e54ec4a	0.319	1
find-context-213	343ce06b1ed0f063d7ba3bd874260bf0be70a80b3c64f837ed00aa66213f4f8b	0.284	1
find-context-214	a5a00bd92579be3688fdc8ca3ee027e4f2aac57d37281c25e5d37ba2c224a690	0.305	1
find-context-215	3aa06210eac35251c09d5bb183a30261aee187bba62d14f6246258093e2e6ef5	0.373	1
find-context-216	76f50675e7c37fa45d5b9d5e49e6ec58c53f0b6dd6ce6116018c5dc88d301017	0.342	1
find-context-217	a74940ff0117305789dd1343933489851cf3c15f6b0eab35357a7d176394b95f	0.297	1
find-context-218	1120ccf33ff3c4575f7a541395de7b61b46effdfc1e0fe4e8dbc76fd7f0e4c3e	0.297	1
find-context-219	da5b00838d47cedea5db36d8bde20bb8935a976cd18e8b65d744179d55305e7b	0.294	1
find-context-220	1c28e23c0f15cf9e7115448043e2033a2c355841cc24d19031e54b563bd212e3	0.304	1
find-context-221	1b794a34ff37fc2d570168b824cbeee277b2fdfd5d00ae652bdebcdb1241f6bf	0.291	1
find-context-222	bbefafed1967f581c47b12757944c602c249bec1923c1c08f0bd9ba39a32842c	0.355	1
find-context-223	b6bb00d87ddb44be83b36228a0534c75f080bb4de9d007f61b2e41cfca2a3357	0.304	1
find-context-224	00c73dfd58c8883d598115ea6e064a70915b94932510a692945e4a4e1322c055	0.296	1
find-context-225	b11230b9cab6b33ab8dce23a2bb48b325d8d5ad629e1ecc16dd97a73e6364dea	0.325	1
find-context-226	dabd7d2b5f629917ee9f6618acab202f6d30ddb3642d8a85e8c50a1836b98541	0.304	1
find-context-227	e72d1e6f59b67f25c7bf7b3b70aed3d2ff3791570095da5763c8ad571be86462	0.336	1
find-context-228	1c95a4270ad9ac91ea463fc41918d48785cb6e2915e2a10d6ddc9825e8fa1929	0.357	1
find-context-229	e853b4c4867cf09b533189e938dd473b4e00475bd23d55ea12454c42ddb6b57a	0.301	1
find-context-230	9b76fbacd99ee7c5c4a91eeeb4bdeb9932efc9aa4b8c54145ecd127a1cfb5411	0.282	1
find-context-231	1664b06ab1b3b29c19d6ea1ae7ca01a9a70ab65e1563774765f0b39b9df9c6f2	0.316	1
find-context-232	a534cc7b53707c6cced3c14aed9ea82c77c95ec07368aa8b84dd1d7fef5fb40a	0.313	1
find-context-233	c6885f8a2f4a82c601ea4a3835d9d7f2f1d58e32acf7d3ff56b690a59429f879	0.312	1
find-context-234	2c4de52950d8c76e58aa79a2a6eedbb150be62b73c64e7ea46aa9b64a263e693	0.287	1
find-context-235	65ff40ec19c4b98b4ae61a3dd349faca3eb429c95796a80a5b0b6bee83dfc5f8	0.304	1
find-context-236	b6fa49ac2f513bd6df4282529c099707ed7ef0631f124950ae81ea259b50096a	0.304	1
find-context-237	399296f1b43f2ef7affca26d88c6dbcb37b696fcf84f7a627a9a22f32e35748f	0.293	1
find-context-238	44f059d11a13c5885031edd38addeb39ef03b0a4bba8b1c399a687ce4b1c2ae6	0.313	1
find-context-239	9eefe13195b2d96d39450d9fa94283d70d4bc982d7b764a23c56b96642959095	0.305	1
find-context-240	d2e26b9b92ca4a9602084ea797036f4104195bb411f2c75bd3827ebfecb1a25c	0.291	1
find-context-241	6886ebcd7889ed74c958fef15f5980646b637d14fcd34016821d59e883499fd5	0.279	1
find-context-242	9363168b1bffc2387dc7cff93822f43220608b745024802bbfe91141d31ff074	0.324	1
find-context-243	1e09d93ba071227b4874a5299dd12bdb08e4c8d4d568ccc6cce7751eb097ca63	0.282	1
find-context-244	6bbe65d146deaa19e997ba470fe57ea351da626942fb719865167e1d94d45892	0.291	1
find-context-245	68fbf10fca3f8f1d4a2d22846d7e4effebdd49f8a1ce505698c705fea4b2f139	0.343	1
find-context-246	0d081a590b0d59ecc5d32d2324bfce61ec5253a79f9173cc71f375312a820856	0.397	1
find-context-247	fbbb549b180543d000be1567b9e1117232251aa46e5e033c102774fc63c70d68	0.344	1
find-context-248	a3075ee556092495b433f58b6ba429ef4fd55295c1c268f1085ab283d1053bf8	0.299	1
find-context-249	8f1a1ef2951e7ed78e7e70b86cf161b968bab264fc187470dc251ea315276d4d	0.277	1
find-context-250	2573e5ca09695c72101a393b8687fb5030a4ca8eb24094208129ce960faf96e7	0.284	1
find-context-251	29771417736366ce81c40b10229d642de47b1ff098d0982a5331730e3a1330b1	0.28	1
find-context-252	f83d7215b881413bb0236a0c5f88d14f93d3d199860f546cfff2d30c91c970dd	0.299	1
find-context-253	686d8a32dd84df98188410da0c6b43d366298be4fa06e44c847a15c5f762bfa8	0.278	1
find-context-254	9394f46f6e0efee3eb88c295554667439bb48a5943a8fe4a88007cceb2ead83b	0.288	1
find-context-255	98013522e0eb7d48c1b91a61b99994f4c8f44dcc9bbdf5ec952f1bb1481e23c9	0.315	1
find-context-256	251516d40accbdae7ca92b89d0c200d9e55d8021b27c49e2a32d6ccf7cc4a7ca	0.296	1
find-context-257	fcffc183b0ddd704f95a7784500742bf4da613c3a84256d1854c954f247f90ef	0.301	1
find-context-258	86980013409131e4ec8c253af2cdf8bfc1180310f25a50a939729f4a3eb12961	0.29	1
find-context-259	a849a5d7de39c5d59cb872719b338b778852821f1206764018615b2b33e2f4c4	0.294	1
find-context-260	2df5843e5d42c95ca565906e27dad8d1428b12e0c53f74fc0bed7d40ac5d8178	0.309	1
find-context-261	27173551fdf5745e41f5e9157f3785f59613f53e14fc901100e296712af2b4c4	0.301	1
find-context-262	b985208858dcda9d4e1b01036e0a9d224f78b1c3e9aa3aeb50f8145fa3a9ca60	0.301	1
find-context-263	04008e8f663353feb103834900b43dcd6c156f4ac6404216e48789ae7a2795e1	0.294	1
find-context-264	5482c9abbd6f59f3e7899562a7d28ca2e37eb2cca852208d33fb1daa5ff30b7b	0.309	1
find-context-265	323deae9017e0712e2d2b46327fc911ff12b9caa2edffd7a739d8f217928d586	0.33	1
find-context-266	86fbe0d4d662636a3d24cbfafe54570b39e755a4adc77a3b57a0b39d5bf00240	0.311	1
find-context-267	2cecab43b39212b766b29ef2efcc465e2c573921834c21a844bbef7f8029f6c9	0.307	1
find-context-268	d26a3e6aa4535a4ba4564155406c94e76eeca65423dad090a293656ced1bf86b	0.283	1
find-context-269	f5108aa6ae126e2ef235aa871a75757df1a587e1039b2559d31a92ad391c2eed	0.278	1
find-context-270	0d529ff73f001e3b8ef07d262657ba7a9be36c2431c405314abdb719c6663a43	0.272	1
find-context-271	67c0f6d6cd77042030dd9476b93d0184e446ab6893f9c9a7aa7bb1b81e365c92	0.34	1
find-context-272	828aaf2a77207ac508a2c2f3ba25661f0796e267615457814c0c59481098d11d	0.299	1
find-context-273	556779df9a5a7a54909fe8ecdd52dde474f133891537a0dff1a264fef7660ca4	0.277	1
find-context-274	465f148a242067f5925eecd9687afb9d5971176def3cb76034bb9c9dcb4c13c5	0.291	1
find-context-275	bc66237e7a96691cd6696ead214f0ee5135ccbb2ef4609a8c7b6c45f80d4264b	0.298	1
find-context-276	6ac4ba4fee4f82174b46e680589a2c4b0489752f2f3b197b9431ad5890910a10	0.291	1
find-context-277	f0024116be343120b97f14c853019e123f95b81c5a016b7078c1a873c44d7ad1	0.281	1
find-context-278	220ac3201261f12365add0a88480fe72fb244f75dafd0b665399e282cffc813a	0.312	1
find-context-279	7bd5b9989203fd1ae099428e30e5242559a63421601a51655f444f539b964373	0.314	1
find-context-280	9041eaf443809797e1c3de103cc0abccbcf17cd931e48a235b7eefb3a3101d8e	0.332	1
find-context-281	4a23e899d84e631f45cb714b53583255780d6735ac158be16e18051eb038bf0f	0.292	1
find-context-282	6a08ca53153a4291b5cc09bf1f8431b800d0159bf311e67aee93af8de49a83b1	0.271	1
find-context-283	0967848f449640b4e8d10e4d8828adcbd369b7155eb0c375223b3718e8f65952	0.283	1
find-context-285	71c9b508aaade6fa12bec4b6210f0ec6f599377b6de0b069aba8f60d6e56c036	0.41	1
find-context-284	927c1061efd7fc2d9501b81c50e60aaed478b3335f06494559d5dfc340d21463	0.696	1
find-context-286	745c0951ec0aa54759ae829fc779d2bb5a4f346121dac55fa8c4f2616a30e2e7	0.311	1
find-context-287	8564eace96c71bdf694e8f94a7977de1d37669a2fb1ba5ddf3224717b4850daf	0.287	1
find-context-288	f76f0a893780c51ea43118a064171c9447978a2fc6a040f2cb76e8eb03ebe287	0.3	1
find-context-289	283e1586e915ae24f161e4f4f903ea7021ab843611ca9c6d765a11d20a6ef6ec	0.299	1
find-context-291	a478a2ee229a33f23badcce32d3c0d0ab23cefcbe688207e1b59e587371d4c7a	0.297	1
find-context-290	39e64155bc152e6e3af83f0c2e918713e226973697116e630115a7720c242774	0.467	1
find-context-292	ada10473a4a995e3667a20b5312a25baa05617001b7ea5db2e59e5eea0d521ef	0.323	1
find-context-293	3b84816ce3ba245d8e69c1abf0be1b8cf138db7affaea3f496c1b1c121b59217	0.36	1
find-context-294	782d0e8d8d23f2d9c5e2537b9f7463032a7714c6f3e89ba803ab7c1893f8ae7d	0.281	1
find-context-295	ab14847aaddc46095b7f20e26dcfd73902b344f88521c467ec5093b6c84e23d0	0.298	1
find-context-296	2f53b9599b063c3f4dc7950ec86fa7ec20ab343b8c2fa919e8ad94d8c3eb250e	0.27	1
find-context-297	54e34dfab22055672990ef0ef420a7d78ad23bce5fbe3989f9c383a435891b9f	0.287	1
find-context-298	5d34a3575cc06b0056304b438f6fc0f497af86f2fc686cfc0e3255755c655eab	0.297	1
find-context-299	6f05c22f88480142ffddb5f4bd5e909f27bbd6361a1cdf3d2e5e236642f6079f	0.277	1
find-context-300	2d6759cad08e03d72d2a38c9c14c23282b14190ec8408d75c80e1cca1afa4235	0.377	1
annotate-card-001	8ac7c1bc0c433c2c2379986312d0e93eb58debda218560991fa248872325d240,37df934bac5da01980cc32b4163648f509ea29ca5516d7dfc41d90686d853365,073754c0b0039f9862a7c5cf8af21fc7a2e99ad48c766580c7ed843c8857200e,f0195a91fedbce94b0cc2d5fd5ae5a845df7a8425c9f40fffbd85d7373febd5d,af12cea5ab0ea0b420e42270e09d710c9c5b98707fa46a1c888e7e197fa7532a,ddb372b2e1999fc0993c5a11c762dfe75473510d91ca668c49c88ca42d3aade3	0.552	1
annotate-card-002	6a9f9f3249dcbab410f2a0db88360f6593d6a967a7c101c148e720d69fdf975e,5a20ec98e84584067aab2318bb993c6801c68d719bcfe4f30509ac6efdec7fa5,a7a0aa7e124e1095e714ca52c47a46931d549c8ea0967f23f7d6f2bc6b4ffc39,54cc9be32ac24b0d8d1b2fc2a3c828331a3d3067979421c2b22af81a5c4c4b8b,ad21447c5d2b8c0fa98323068186f9b959a093fbd98695af65add49b90af45b8,0e5ccd03e057983ebfc213de17eddea2bab44b8f8fc9b2644f1305972b946a0c	0.535	1
annotate-card-003	5c680345464afa0c403b70ffab63a995bea28abe6601a99b133930b14a367750,5536fe7fb7f952f6cbc5cdab6a7045d48f7b95e5b877adb16d7ce48dac34b08b,530338e6e366223f9c07e341c8e83c02650d385f97138d9fe0de250b2ed62ac3,99e04b8f73294c5493c4049e02b444f95749177da32392342fa87ca2ae2a445f,ab937f601503abb5839d889bb39d34000be8febf6acce9578992ee2e2fec3648,6bd3afbea45f9b9298555f2f38e24e82c893cee83580b8f8dc2ae8dd99d9a367	0.495	1
annotate-card-004	4a228e568cc3fefb1d3d56b996da74268b6a71de71aeb5bd4abe40fb43f8d711,f40591c38230443d78d88a391acce61c2620ffad3bf651ce4f9107094684df2b,d6fa496200a6d9e5d3300097932a4fe3519932dea002e999821ff2e7396bfc60,2878920e1a758c3b651aae977649d03795636c027674cb1d2718b350996a6d00,40e1f4539b77a517d0b32c3101936feaf2b1e3a02b8e800e1c7cdba5ba2db885,135a2469365a35803cda65fa40521074e21f61432832c269e36b4564af775333	0.527	1
annotate-card-005	209a4e9b01975b0b88f7ba3709ce0a892badabfeaa0fbaeb82ddbac2d0166647,d6b6825bcd02b83d3419e8107c04ce1d30b8eabcdd61fd08d313236b7c5bc906,b539f40eba8075aa433c9fa3a095860117af8271d2148cdb7658777bf1900105,48b666c08475f79f1a4249d4e0e1ab78ffe5f55dc889bccf0023ed70801c3a5e,a31cef41b37a9f13265a391da62b28a70a7467463d047a3c02cee996032c98b6,1a7e5741bfc01a372825b22a02f2926535fcf476295600077a2bccfabf324730	0.527	1
annotate-card-006	69ec230f2aa27839efdf5ad550e2efa0535038c9e6c4baa7ca4cb5cc7364dadd,47d5be8b31fa18541e334042f40ef954100879c7de7139e9c40c8b7201040ce6,e05ae10a0ea9a6563b3080fb704b40e7a9fd1c9ae3c3e0969dff7f8f6f6c1ce9,7891e4603df5546854ed6e349cd444f5afd712faede4cd89f5896d34323b1d21,639123e75a19d56db9d6bec5db4be669db6d2bef3cb1e52311791d98495efcc0,e40a847c8d3f696155e69fca1c24d74baf7a679f8613bc2e6135d183dc25ef80	0.531	1
annotate-card-007	5cd2068426f827e74e9e6755dfbc5beaf9d6e2885a05d02c9675a038c9264039,c7383aeeab31a18c5d6419c6f013d39b52f976263ceec074ce688e5681db157b,3163901d323f01e9eb7334f3542f256192b1685931affd56bccb3d4e2e0a8e6e,843cc3c85ba369a34c44bb1bd4dc5df1f47607921964db333ab37fb5ebab9a24,b6462308090744a16b6a5a9879394ae6222dc8b613b69a5311c86502ca0a8b45,a71d4f8127341b27fe27bf593cb8348c96d920a328cef6707a654cf635f5b692	0.58	1
annotate-card-008	a0ec4be6f939724c8861753084118512646ed64c8148564959159750bcdae4b1,4aed6198cdafc2ebbd950e49cff30687efcb721def3c51027291fb1874e3511c,03dece425b57dfc594c91f54dbb91033fca066184733d19469973c8bff71b96a,eacc1f0d62a297ecefd6a2ff2e0f84d8044bdbd22c2e79c2925b0e1c486714d2,2ed085b97413b200a4c73a34109dc7d77c9ceb0bb508851e0fb943aa8588de80,ab87c1b54e460c0824de6ef534f28ca69f841bf639fecdff5fb08864c7ef3018	0.535	1
annotate-card-009	8c8d03f69dbf61aa7a3ed467e1ccd8bfcd75b3a86aca0a923cf3229e2d7dc785,3a894290ca614c603910397795b26b44fa6b18e3ee79f9eebff7302fa7ff5c90,c7edd0c60e4c76a8d28e2572113452ef7930f3356864985e9d7741fc5be5ec75,c01bf05f423ab6586215665f9106b1bc927ac3daa4d6399632da39c67862bd49,02725aafd2d61f67e98e0439decd43e8e2f08bf14a171fbb1aa307c1ff7ea05f,2b317744eb612cdb2caa754dffb93108120b8e14379b9d1087a7ba1c93fbc2ef	0.498	1
annotate-card-010	62c3ed596c989f29ec1b3d834c5d271be7f9ff9b1ecd60a3fc5526ab0095b65e,afda6cfb05ce0cfc2bd2738d15a531dc5a2b899d2d57cdee1da055eb5de8b7c3,3763abc57aecb2d5423456507b543aa39afb650606484a60cf8791ec697ad331,aac4de89a3f40e31df0060d51c85fd4531eb4b4456c899c092c75cade68d2f86,2b0307e970b42b77d984264c8ba485b13c73d6fadead7825b86a2fb85287262e,deebedae695188f3f11f5544b4efa1c641e3e849b0a2a0b84cd9dbdbb1a92ca6	0.503	1
annotate-card-012	cdc1ede8f3842580cb0116fa734d0d6dc10a0995cc5a84d318514df2cd247520,6bf92fa0c3bd01861acebaa9c5eaccaab93fd0cd108304696127d4697c1e068a,faa16033b47808d2df8823ff3ad278efa99e1196d7ccf7e4125a6662940b4d0b,7090c536a730113d02b12089a6b73c4d73e159e7f1ed08e4862abba67b0784a3,107b0faed67f96e428bae71f079ef20fbe088e9079632617a931a3a14279d13f,c5ed6cabf372a238ce2592e20a36819437bcdf1efd92819660276978e751415d	0.467	1
annotate-card-013	fd5da7417792500aaa35c8ad05e0341cc6de9e289bfcf4ceafbce8545653d955,27d5a32e64a4ff5aa5b1e1f2e26abe4dfc1733abf96101178c133deae1f6b4c4,94339cb2751e42db3198354fca00b6ccf33e132b552ddb38c4edd58322bb6d46,24a6db221c9a895e26977fd287e925bde7aeb1d278f4a779fa38d1015eeadce5,28c623ff81340c09e70c66ebd4204a40e7fe3b85bcc3131d6609f64079efb4d0,583edf09cd95c029af89979d2d161fb2b7753219477e08617cb6c6ca99d7b304	0.497	1
annotate-card-014	118a3640ff96c96c68977dbefa1f4df00d3d7e30fe37633d862422d84562ccb4,43c77d6f0a7461a0428a8433560ee1a4a6d15f9587d804d441a7de0cba465c05,7fa4f6bdbac9c51f593775dfd8ec15ec55a460e284b78604668453bc5f811e45,e2b12c54fb14686537755673a247299366a83f2e5f6fefc29a8665cb6b8dd03e,379fa53b3b457000207fb08ce890b8550e360b95e67d81594aaefac3f4264c9c,2a9b0f1d8a74f5e0de23b0ee9ed874c08ec84b930b5e3cd271d42c4b0c421a05	0.516	1
annotate-card-015	1e58377e0627b536834e41c643b8083857e53622342e819fd1b794bbccf2d7df,eb344f94c5096b8a7ab130b980387e4aceab680517070c4f03993ef822fed0d7,e8859dfd175146a5180b672d695e70c3cf77f8bd4868868ed13a381b5f035d79,ba1135e37de30fa8423cc11aab450a4702b4fdcf8bc9776eab442ae938e4d5ab,f450038cfe2a63c90c5b8e3b41f84d416cc750f1d3c346bcd51d7492baf331d1,b7bb7e9eef57400364c9a2f8044f65dd5e60a5fa2173023cfccb1eeb5531d3cb	0.456	1
annotate-card-016	f7cc2831868638618e720d8f8b94ba74e85b2fc2d6439488bcc75ee4cedd7050,809880c5075ebb5ece3c58cdee046d6c9614f8a3479448d446de7c5324f90514,7805113fcb51f369b437a8d3d8367f7d9cdca5c55868e152613da56483425e4b,d8021ce5927cadff801ddb4196d8058b103ec64ae4f0999cdd3efdf8ce93374c,cad41ff134eebdfe3a2769794b72c245ec4347b90e71073e8952f4244c405a84,4caf849352dee4be0492ca11c94af44acb0bf8b2020113b621d72efff91daa7b	0.463	1
annotate-card-011	d6684ad904618133cc28b1892af77e48dd87af4aaf588c036eee24bfbd750a14,f733d90465eab5e117f5600bfabe9f55eb9a8ec9c86b18c75f986681dc135215,dc690fcb7f5dac8c01b8760e033f7be0f2433015177164b6ac3d131a06687c30,cc842a9eebdb190d0cce36ff2213e5694fcfb343c0d982ffbe656125c5cdf2b9,1955fb90fa8dfe1f4eef6b953e3b08f5e247a77d1d45135f0942f332ee2a250b,d9e41f3e6f0ec05ba6bc20230e7370b4d1b7ae2fb6840c3d54b9e6070f3af41b	3.022	1
annotate-card-017	b236824c6f2ed0a44b9bfbe939d9e8757720680f086fc9176703a36746b1c87c,0c71ee3b1e641f8d9dbbfc9cfc910cf41673117f52cd084517a9beb22323e610,91bff6c4b1e8608ad117f3277df77c3dd1d036bebfb8d5ee349c7f8c42cb2e87,8ef4f43535ed17d2463e994d65b1190c29cae00341d30190392d6706fa3c6bac,e389ab2e800ebc0a3b9e5679cae4a7892b83ae5a7a56cf68d280f22ce536553e,89bf333756184ce17bc71c329e59cad46b227686386293eba8bfe164bf8951ad	0.527	1
annotate-card-018	a6fdfa43f6b4c4480f84df45567dfa49df56100c830fb818c793bd2ff7ada9cc,8f59a7351ae01a49980e5536c1f2bec26d78e4aa82ceee45fd90cc2cea2ff4fa,5c3821b5d936a20a24ea560a215f22b09e9b47443709753580c0d99a40eb6e8b,cb61d593ed305a4618d4a30e8a8dc39f37ccfcaeac6f37419fffb66359df63d8,46b12195b3529f3a5cabb505a7b85b6e56dca1bfcc2683262eb857985ffc6a95,6b04ce7603f91316df2808b657348a9360b609c022fb05cbcb287e7631bc8635	0.477	1
annotate-card-019	1496da1ec5d4c515a719470e01ac3367ec1ecdc2b2555b54ded99bf08b084806,a0eb51123a6b029bff506043c225710c5ea4a5f337f39db47f28e132143b5597,07c0618fb160fa8cc8aa8be24f46074d48370048e69ef84118e9221f8035dfa5,c11e7109d637db72a4d7ae88e661842dfefefd37b01e2b9afe8cec4e1ae2a1ee,a3c269eb6046c3ce2041303922160fce1dbb65049856d3b97093f1a053726082,1dc282e75d7a3bbbd643c6f679cf9f09d77adf3036c65063587e70f4db954870	0.541	1
annotate-card-020	40318e473660ebcea81fe1ff07b1f4e4f47d508c6529b5e3b3cc25076788b985,956a95663da3c773a74e331b6ab07271dddc0b41be858c23c7ca425593d1944d,f5a1cab2771dd8cf1357587c8a2055a75deb25df7b9148c390f670963e56b27f,a9f92cb705ba7c4b9e934923ca950950988c2ead39776ecfa93f5ce9bda45395,a80b2ee9e30376be9f51f7d19840c82a5876f382f83f40a1ff361de8cb44d5b1,702104479ae469a8fce48b17ce74d484f2a178a2351c879fb86cb552e2cf47a9	0.482	1
annotate-card-021	7e2ca4f3450c95fb48ea8104d62a1aef6b1aad58afd287157c9043d8d45b4a1f,4c7d43abc193edec168117843d9000ba85f9a58e79e2c4c0598877f478ab78e7,f543f1b186b7b29f9b50d229d256bf80ce8841d3a2eeaafc43c4263bf84e9a14,20aab628722ee373b792b2b8646db0e202c0ecb67cdd4be0e7410a01f79aa353,64f0445615261e6ed6ce110564b540a7087eeb1160d59ee3e3312835346cc488,9c7d01f5dee4fa5321f2f275ecbbfc40fb962ef25d82208ccadced707ac225ce	0.489	1
annotate-card-022	1747985fd757a1d18dbac8defb82b603e7e2a61cea9664d02543e7b16dad0ad4,18c02e1d83c9e94f92c84f628e5c23ec50bffb0b3edb27ab05885e146bfb94e0,f38fa9e7bf2520ebcd1aa65d615d22c2d1085544f4ce054730b59d0e5baa5350,b36229cee31321e50cd5393780a4291b361f45071271a73f750caac034b92f46,2910e3c5163a32964dc297652b3a604beb2188f9385af886d47f3e6a33e6fa8a,bf11f2d0109dd2df92a1cebcbef3a0fc6777da7209c8e7616ae34ff8e977fce6	0.519	1
annotate-card-023	1ba742a0f1a6ac95cca601d29f510cef08ccc695ee2a59b082e90bdae160c562,953507137837f70e754b564913e487fc360190dcf882c4202835dc49fd308efc,38fd5d2cada9e834a6fcd8236624481833fc5618f06909c4c263e165133ff02c,a6098d53bf3cc9a60a21d9609f835c22f2f03d65d38fc62bdec073b69490fcbe,340a24f53bd50564342b2cc4725df6a2cc94578601f45acc23fe49b094fb8d72,4a13f20583ebd870ebf39d159960d7a27e21dd7f4b1d56ab2f61d9b8bbe48c47	0.576	1
annotate-card-024	0cddde1b5e409cc20681ab08bd7331590f1c2eee64a6816bf50d7f3af8fbe5e3,77af5adf7845c524bc95a5ec36f930eb8ab0fac398916d848250e8a18e178b10,6330bf45699ae9de8de3042f4c2e22ef1ad5c9e0aea58563864eaca170b9e677,369c1139dad067186a732de673278cd70be647ccc4b6c18d956b727eb7c9054e,898339934ec5f8e552453b44c4dd811a8e42bc41cfc7bcb9e94063d438f0c1b8,27f37c8ddfe4cdcced78584890282817af9d44344a2b752e57cf1e4830e440f1	0.554	1
annotate-card-026	fcd79d8d5604e58032558273029047314dc20e7ecbee5262b46fff6030aa4dbb,d9766b15eb91489829a717eb388997fce721936cf5932443a0d71d90ce41551a,9589dc3af34ea562fc4233dbb85887f81a23800b5c1fc8626e970bf6f3eb7b3c,35e499a1ed6510cbfa1f98a113bd6c75c23582d0f94ebed4d057e4f58e5d3ab8,97b5ca005fb6c28b1e83a67254b10877ba82bd75c402160f9a5ff2f1da960fce,1f673da8803fb5eb32ff990ba5be5f3e395b2cfac0b94bd69fba134ea5bba0ff	0.5	1
annotate-card-027	8a93f82542fe2714012285c6d727666485a7882942c9eb031adb517a3c62f8ed,5720f17b44b963d87d91fbb2e33255b8ddc392733c3ddbc1bb8099a69b611497,8125e679cf8d4b4972c20fa0644f10a44160a2fe32fa96d2208ecc70391da3e2,883b50d7d54616d01d95a6f64a8ed2ddc933b90ace0198888c435df82e0936f0,47a8008fd1356878a0c498fb4fe248cc4fb60c4cd8b6dff2e187d3a1c05da4a8,269c7c787a0880d1f48e19673230c2afa67189408fbf46b6c1490841353fe63a	0.472	1
annotate-card-028	f8c2311cdbd564820eed0070b271b1f1edfb87a48c8b6c5818d1ef1aee027e4a,4379ac60551c588de5743494fa6559024e235b24a45bd174209cf5ecee7536fa,94be0fde104911ca32c0c9e444fa33234f54b2f8a93b0f9918553e180c534226,740de8d764d9026c9c5d1d063b6eafcf036d7935d2271d75d301634019a1ab0a,66be7701b51283dbec658172bf166eb105cb6138510a7a85baba276648e18fac,7450fd9b8b4eb6b542f27c1d4c72eb0406405280c116ed9765941ae5ad2c6d59	0.477	1
annotate-card-029	c800472c7e509f1021266cfad819e5eebbcc8ce20fbdb4eab1588dfb675be2ac,9ecf9a31bde8ae6e29a4fc0578af20023d362ae6805344f461d854482c1ae2a1,e5ee9593b0ea1b388bcf48f54787f5d21babde33f5c065f066cea668bce6b89c,a3bfcdf9f67212006951e5cb4c4cfe2f75d2ce7205f4979eae88240e9a65620d,bb375f1669eea667270c11e30d9f3632b90e12604e73a7e9167d8f53ea00f68a,bf4c34d22873cedf4c340717f392294fd788e8d97a60b69d4907e8742e7aadba	0.728	1
annotate-card-030	48f5de8aad3d55f7919031265ae8db5a2032e002c1da2f7bbece1109e161480a,a06de2599f7161b9e7657ac06f220440a58fbd2c65fe795c075c5eea47ae5bce,d3ae255897f7168a6e8b6237c3cf140837132741313d324de4c55237ba78da7c,2e3bf9b653ddc10d9dc5b89db656994e7c716b16bd993a75ed2e9ebefd0836a4,39382d50129c53e66a53f304d3f6a5654356a6f209cd4b5824fc8d8c9db4f9cd,b8136c14155abfebd6440c58e990e8993cfa347003b403130376e729bfe1aa77	0.5	1
annotate-card-031	21dc1acecef5bbef19a07bf0aca829031a30ed0037bcb2101e9568cc740b1a69,599f8610d880c4c25d85a09121e3631e2088f354e0e22deecb3f00e806f21f56,dbb3de65499e5d5c6ae3a43379ed3b1e7e728055fd9cebea2b8e218bda1c9747,08618a28a5eff1230ebbd669173673e5bb482db342d82613e5c8ce8cebc7da4c,9ac41c1bef7d67adbfd2abd92d63ee174eb2af7bf0268fe51aa056393eeb0ff9,55c5adaaabb7610f62132628ce44750e464ad2f903dad7987373fbc7e0e6c163	0.553	1
annotate-card-032	e9cc8d76308ebad7e01280d6dc3c9523af800cb2de7c9ae3722f32037a9bd000,ea1b0695701c7f6986209caf646a8b616e9e04da6c18b4e14c363835464b6252,27ce06908fb0d73b72a33ae744fc915d431108d1715fd5d60dd425cbbf96876a,9322d201140c122f072c86c097451ea69da7714b779e71d850730d0fe8f3b5ec,b0f1efca06cb5c4deacb81b90c1b18a135f1c570149da5fadfc9ff322beb77f1,be814ed1dac60bb18d2aadb70a8e92011beda30cfefd85efa7f841ee44e8a772	0.497	1
annotate-card-033	97e44600a917e9fb20785b2a08197f08b4c4c1ded86c31d4e08a62ca5f4a247c,f7d137305442c3c88e9575d9d73b5ed394e6d5db4185a6c919db4a811aa9ea4c,b2d7d6574a901263a571fe06bae646fd34110778d534e09996f48e5df5850920,70cd23a6d00fa43eb85f9fde9841ad8e89961d8e12ec2153437b43c76ad8035a,fd3d966b17613ef79b7e7028af4c7989677018c71bb4fe28ab34aa82647c5cf3,18798474b52d5894b9e6328628472fc321234c77c92067770ac14c4326f79f52	0.596	1
annotate-card-034	1e09725ca90664f5167db6ace730cdd644ebad10f7925326a674538428a610f6,b7155ba20cece428c4b4609d2001e0bd4bc05bea33d26d9d6c7376fd3ad51fa1,263508f7e7c4f514cd1812257554d2da3fafd7a6cfdf7e9d1ef856b2f08641fb,10adecd7a1f887c874bc44005c81c60c282b516e66c592d923a31ff5c9b61b93,968b36b39c63263cf005acb03426cf313d5e22ee3966b6dae8582058094a0e85,8887040b005b98f0eee4928739154daf3577afdb613ae14eacc7c24f43ce11f8	0.536	1
annotate-card-035	cde64782482d544c76deac998dd095dc8e827541dc90aa77d1de562c6cb519ea,ee95340eae98f51969e2a3978073ad284b2bc65aefe112cc824aa5129542e3c5,a7d997824becaba8f1f1c226fe080a4a84d1b77bf59e6bdce92a49e8b77f67a8,c35cfd842ba2fb42abcf1f98ca091581b641c9dc78a87bc4434f87288523c527,bce6235b16adaab5e6ab2b1c9f1864edda58fe1ab478b68797038ab77067b14b,6ebd101ab879a5622de1b7434eb4e3aa853008ad80d953f6e42f02766f2a04b3	0.579	1
annotate-card-036	6411d9bcbe189769a63283502ff02544a07431c94d80040a5b9a231c2dce1504,a87d614f9b5d549e7a5fcdc7ad08bd66514f76a7064f55395d50402892603e50,e833f5a1fb9c72c6aa042370f9a52c540b2b2232bc9e064cebfc102c98fc8cc7,d7aa435ed8a14cfc5a974c6ed0f1e3494350ca95787f1f2cd8c14fd4dc662513,1d274ff60bb10ad4cbad97429a45c0c9719936fbb40116e5ecea4747a6b9fab6,5b470f4c2a1a71adedadb70136b1c2eb289cc706bafb5c55d62b8bd3d022ab04	0.458	1
annotate-card-037	7cc7e0ca6d5d245b800adb513c47a170b0e09381541a86c30cd4bd2dcf904520,9d421c77cde4dacf6d3044755571413b018106594bfeed2e99b714372cf05a24,8913cc79146a1dc21d80cae4f4b7de1cc8341f22e1423efe17d0061d258ea0e4,4a4181be81e0f724eac11f16f27536177fff19af072f6f2d87423edf4c2cc155,2c079c9bba264384386d18af0923d22e216b4a2ce6a848cd8bc2c7fe28cc9878,0cf24d198707ae998b37736107025194a12d1cde2d63281f9dd2cf442fe35cda	0.55	1
annotate-card-038	8b66106bf532d3ccd167c04d8333c6b3af6ccf5e56cd0ffa8b83f12d72d016e2,4be32dbd9d9ea1f858423b251259df663f3071d248c8d5e78e6817a39fbee021,9d17c857ee3d6dd078044a4da435c3d725755ffed549c29b68b2e66d60cfea4d,709a39a7b856ea7a54c98afd1f33c80097da305e3a214eec66ab06bc0730ce30,3c40687baa7081ff4a8a0fa051679f77fc026a8b6f0f168c7d5515a2c25b39ab,f4d7c13d2b29aafeb7b63ddef7b26abda38237442238ac70b0b21e4e4b5050ba	0.906	1
annotate-card-039	011f32a1f4c907288daa22fe741b5452d638030d6e237b636abe7ac9e5d3dc58,0335133094f74cac6b7823b8af65677f0ddd3be61d35a66e27ec2635d8bea18d,1e59f1f763e29e4ee6de2dbf9a1739998e388124dada01b08e2614877612fb6e,bd8cb07ab9e086295cbca12a9acf44130385404bb3e0e15a6fc482d9cb3251fe,93931391fdd81e522e995aa793f0b579dc438b6b54b8c2b65c35619682a15822,c66ad773d6fc4373c978b38e4baad6f2862abac1d9656e276196fb00c493ffab	0.562	1
annotate-card-040	70d731ac977620018a490dc45f8a1bde08a0ef52ac26673444fb6c0858891bef,7084c696fc547227a663bdaf5f1200fa5471c3dd8eba275d537cab64e9fefe18,618163b2e4c750f4bd3d903f720ce36bd291520d3730627df805fa181429a1bd,edd2492fbb3040df865b629f842d046a9e5437afe666341d96a386d9a1b6f6e9,0d18be1580d4f9b5610fc3df07ef51b8b0c985bec64961c0ea66ca5b829c6f04,f41dc67e1941a6c116c37e1db5dca5d5f8a4b952a172295954fef4293a2e5593	0.467	1
annotate-card-041	806bd0991ed8063c4e25a1717ab6601ad675164638c2feaa55569e891df18bbc,4e89fcbac6c8ace2afaaa695ddc7977fbad02d73e3325f40c25a55fa8f60541a,3384f4d8aa63efafb3fb460deab00325637c465f86e6eeea2c92368ba4880099,73ef67820fd7649e6d9c51b8c106477b2eb136ca9e1e3a619954d485e091c0ed,5c4cb57ebd74dab6eedb7df0923aafe8a193e73c715f672dd3e08d12a4754f3e,fc3769372dd74c5ef312cb1a860d96a6993e9c402f93a11b7387af2b603a23ca	0.571	1
annotate-card-042	bd0a54b038c850eb6e09c2d2215e90a65debbc8796d292298a38107ff72d624f,eff39e35479ce45f7d03a1455fe0cf7f6d080d08b8fe2d8d500fc5cfa93ff4c0,a13912d461120c659ac87bfe5f55341148ecb8bf50a0ed0adb2e7b42df1e45ee,4d86e3eaa1a952e5f7712dbcc8d4df3b1b0c6be1cf2b58b5f4eaaf237f2170b9,dcc12459dcfb62c83264bac2a29c98ab5ec219373e3a0cee1fe6af79bb037735,c6f96f096ddca516fe50ee03e3ba360f0139a94e8ee9f6ee6b40bb59fa6a5b55	0.485	1
annotate-card-043	d915b67923b7ec8b3631d95e626872677ba97f06534903d1e5011d5b67ca074d,2bee82de8673dad69b05fdc051a74e438d37fba022365344ecaee62b3f5b6357,d4223f14dc4c94f172192cc4901133b9988b4b0fd22f79bc2c48d7fa56dc73ef,dbb1e188b855e3892f2c3da980f21c40c76a54e723e141d061e923e09c1d5b6f,bfb021945edd7f57ff8d278f31f4283bdca957598724c40a6a4387170ade25a9,d0af341da8702a65c4a423c0086797aba2ab229ad2d202a70759997ffee20780	0.693	1
annotate-card-044	beb8ed33538142c0e049103e45f2ff2353aa75f789d02fe094f593f7074e7aae,7b0a869341941d82d77979034fd537fb5af0e10105f3c267a85f40ea41dde234,8bd38395143af318f05d7c21506645d5a0f4ab43b5ab0e42b805e8b7ada6eae1,8a188461ca80c848656d7d5cbb37cb4618da2662ad0ec7c644381f55fa7a3f8d,18e2d26bbbfe093e818bb08b85b8007dba5631c056e445f9533707b862109924,562f07788d1ffafe52450ab29fab90c11b4cad8f522cedd75cd0d03d17746908	0.478	1
annotate-card-045	82760d4b34a15acd437fd2fb01d40c785af9c4f32e3ca656074fa066771297f5,aa86048a1512b6882a8f3b66f701f977bd39c7266ea7544ae33282cf5e1333ab,898e907fe675aeaeaf178f6607c1e171edd1e1fa12a341824f4cd2e8c107a2c3,70ad4116c59411a2184ccae5c89e9a228501b75d986b755cc9d3fad76f57b7db,544612a083737cace217d17082e6fccd5fceee91e208e090d03da2b360f19bf1,7744ab0574cee36ef1d32922e2f1cd675ec47ca9f3e300b349703ffa877c3999	0.584	1
annotate-card-046	72994f8fe684304fa07775abd2f1b7bdeca45d5448d97fc1dff60dee82bbe887,5815d5a40dd53652bd82287d3953a808abe338e8e702221752b0514e382cd4b8,4ba4ab3e9d739e8224bac269101b74ca51bf01459693295740e044bb7cd124f6,1c6d5dc79f03b826083c56b5e1591a41483ab866037b0c12759a58daf1598eb9,64e14b904558059626e86f57e566178acb0254799d2bf522ef6850452a81e709,00953499e21d3f6271370bf2347f8b5493e00be84cdcb04838a20b6cfcbb0a4b	0.587	1
annotate-card-047	a60940901bcf0b05ae18ecc74ee886b5eb7fdfe10171c8c3f942b2255e920fbc,87365104c9ac4ca3cd23b50ef625c5bd959a710e8c7eb2c41f0c9216e94c961f,88f441c57a89271dade01d922ae15fb81d7954d13e8e61bb579ce8645a4c10ce,d43488b8448c45c911936a062ba224862265e0541ae90438f9377520f9e33874,46db7b3e4887da02cb4dde8a14e5fdcdd75c6368738cc27ec5cdc0496af4487a,9bfb76308f733a53651cf0c37ce46c22cdfd2b975e622f64bb164a86b44d11b9	0.466	1
annotate-card-048	9b9f339d5104efc7a55cbdaeb0dee31e04dccf5fe43a62623d2cb933965592bc,ab98589b53634bb4f5a97eb0d0ecb9264724ea922de3833dbe914a91b4bab562,23f36b818f0973da21e875f7c771e983323735e7f8937499578dcbb884e8e5b2,f435a58d14d54da05257ad05492da367a28eff0ba62fe3ce871fb502f78aa316,534bfd228a69e62a5c87dba67df559603eab2bb1c20951c1b6d8cac774658f4a,64bb79cd8d3903d1b9195b322ac25a743ed872b8f6995955436046adacd00c43	0.509	1
annotate-card-049	bc46824fbc2dc5e1a3bba5e5a5640def9f6effc041021420c14d6983291a6253,283bca851de4c09457604b367ed21d3d65823b52931ddac25911eb3eae7b804a,f4b28c42977402fd833d4d12f17cc598e32cab3861022b35dd370801cc1ffe13,25f66c89b865c39de7389f78c3bc3c94d9ffea1bc2694b3b6a51d886ab82e238,b788a17195372fdd53d489d38eddf0e51978db3437191de5a079c72b24f07b10,78e426e89108857bd25b71ab7d5288808c15b87a27f8b6cad71ed8ea733f70c0	0.66	1
annotate-card-050	9b7221a0998952b53fe2f869f25ab7259f3076aac1dd0f762d7acaf8afb902d1,d21b562900feea7b9113127f85efd9b70c4e92a1d767f82a1beb88728579495b,c3452b9627f9bd88738e0db254156d4b3dc35542945b7e335d7df3dc94706214,1125bf1b417fb607533ed273938e106398c78d622cf7c78fd939760fde9ffc9e,a82abf94288c91790fcc1676b7f98666443456c0cb44c60d162f9764b2184f5c,cd5d6d74c9b60cf9983cbad1c16e897d613abdf180ced6ce7170d27834ebbc14	0.471	1
annotate-card-051	33157260cbbc582ccdeb0a23e7177f3b02cb8b7952814d0506f4a67b2a26f161,2909d33118200c258cc1287323e27ea75f4c9f3de269d8e8cabe6ff12008e608,fe02879741211905d3192f9e81455340bc79ad3715baf171b9e8417379ea3023,708ab10d3f4112d32c1f5443df4026dc671baae3c4f7bdd883e4f0b6fc81b023,da728c54a7a7585b3de21d420100e0c0b4176a0022b5462bfcdeace6633c976c,2d954ef0d97a39a2a252792c076824b14a9a2c44445c7f80a1377ca710a9fa01	0.63	1
annotate-card-052	a6180057d66d1c6612b6e939a82b25a2aed6225404c0a9643b1ef1a889322f77,78f5854d5f7c08b224f00c708c81833f915c6eded07b99fe473457739c9ef303,45ab83a35758f2a9c3a1f24eca8e2bb578371cacfdf3796351b614e019215b3f,30871b933caffaf97eb686b68ba01d9495c2822d9e53bd553d7499913f9a3892,8f006488e20d47dcd3edd568eee5da7d5463330670fa6784a6abc92087535ecf,33a5c31190962dd945dc3e9267fc71759119bc8f590b8fc76cea964a8b480880	0.484	1
annotate-card-053	2e9d68f7fc04a53ab9e6868b6db4cde29488c89a43e9bda4dcce6a1167535fa3,dd925cd3a4f7c24057470fe862344b6a6454bf16953524bdd37a187444f9d984,be64829e81b7ef86907685644ef4e449009c650209f806f1cc566d4c40b59780,305e1528097d15359d0b13ce49d79110a709c60a106585e50583c02b088271ed,7a99f8d25758b72e348e0d53290bf899975d84d140dd84f7098854a7591acc31,fd82abff738e29cb3e0849cdc043f5658a83292b5cd57a041639daf90dd70614	0.556	1
annotate-card-054	454cd010435e4195eddedf553c30e09d1b1ab198547156d74865131ac28991c4,8ead31b737c178af099d3c8dbf7c8bd3d7d092af29ea4952024002c118f660d1,fa4b7d0187664efcf0ea02ae745d062cfa807427b9efe009fff60a96e57fb29f,75c44cc8eafc624977a6a5158015f24d8967cfd6c033389e05bf696af948d4e9,03d50cd35dde74f992caae7517eda0edabe85b41bb15e910e3646f7198743580,2fe6a15ac2f6858558013a6ec39b2ad24bbbacad85fc1c1f90938b5d2af24160	0.623	1
annotate-card-055	c9b683a87afbef02df51fe14134f69982c6eb54fc4a27353a8d24cbe01ba55cf,51236cb4b44ef03de973aa33c004c1ddae92cf838ee37e3de541df1a4bca9ee1,08d27195f9ce1a307bbefe88f1e89b2f1cf58c172aaa4c6fc0d77aa377b71994,b65e592764b31af3d2aba3f8ae5418dcb884ff0211ff592978c355e2e0b3a329,54d6ef716ee834f042d975af345493cd72477d7bb520742621c9a6475c4482fd,4ec0fc12c9e4c1020fc935cb1cf2b930c76d4301a879c2b514853437c9877d69	0.577	1
annotate-card-056	834152bd8b23cf1b3fe503cf5a46c753d9c682da5027f0f6bab519efe7b79000,e1abad1ceba68c242e36fa167f74064d0d8a387ce01bcdfe1d736fb88b03330c,39b9b84a77266f3577085499ee75432b4ebe91dcbdc858d32fc1880c5b0169b2,ce7b5e4a63f30ebc8fe8ccde69af055cca6d95b415d6cc7c4b352ff921ebc749,c2c81be094cfdc80bfa692a8382a177e389d816f8af3b5f31a5ceba32a1d7819,22c3027a8616489e79ddd2e77a84c4c257c9feb91c7fec3e5a4398c1c7951c40	0.515	1
annotate-card-057	c8c97bb497b67f2f1255998d51dc4638f22c9399983d2667c294d1cfada1465c,ab4de8b352251cedc872db490508355074be744756e98d7060ca417e8c52fdba,1df24a61a7e4417a4dc01a809ad6195fad97c59cd0dc8049df30811638177383,b44b7cfb903b6b62423ef93e1b438639dc37531310f5ef02de2fa9cf5ea73a83,d02317126b0b77f5725b61147df0bce48eec3ce7e545e9918e403295cdb5b81b,b937e3916f596515fd2bdc40aeca08cc34c41ec6d1a4f2a7c67e58e408d1f9f2	0.48	1
annotate-card-058	1d5767cf2a0243f27b7997e875803936e91be2b57a71f4ac2b68a52a2f28e300,dd23e68145fa7b04a7f98790b1dd9f16b7fe96e550f43b948a1707f9aba48e8b,a0867db97ef0dde482bcd0927ea54bb600207b8812f7b1178b84572522f0754a,18db776299650583d0fe9dbfc376e5260dea9abbd493eaf6a6b421285cd46e8a,30e936961f71a7d2e299335cdf315672e2ba0d93189e6fe88501df903d60e165,847ed04f9acfd8cf4573f44eaa83459e1dfe135711cbb8700732c7f74692a990	0.531	1
annotate-card-059	7f2259ad4ab747a77a80d8e1b0d9b8f72cf082a6e10100b88eead9885a364af7,2dccff914c2d662dffb4cc7497fd68407992c9410bc8807fb56fba274a763bd1,9d295e5744a0dd92a6af29562d7057f94476b4e8f556f50ceaf136b89ba3ab54,b9c5b3e8e2550a417b2cb3c40c2f6a0faf30ab8160b28d0860bfd0208e475b70,20151cc74eca638057125e468b54a39e393947069218fba654de57bc41fefbb6,e31fac77a147f869d1f093680d6518c12080430d9eb36197edd35c3e900dcc33	0.502	1
annotate-card-060	f0b3b1857aa5de685521aaaa0ee6aaa49125fd63a4f73596ff2009bde41e99a0,2043bd39a73a4202c9105d18dbba872da2c61da576bbc066ccfa7c27ecf93f7d,50bce500499b9c441966c493d9059ea75e4f37c262ac50faaa5af4ad0f1057b2,80c66b28de5e5583910ce375d857a46f45b3e444533c6d82c4cb51358884750c,aa6183ae9e9ed821b4e1d679fdb737b5d7f009636cb76e18ae2b70399fbe40e2,8d16089f66b0c8a4e9a03264b21f3c4f00e002ff9517d86ef760782644ce915c	0.492	1
annotate-card-061	c11a37edd5b65548b28e4c2c1089294092d2d1fce09c607ce32ba981611de0c1,7241b2da0fb5f67a90d9f2f85dc550f4cd501c2c8e957ba5e3b5513b4488ebd6,2c177b8445a131e3e64c8e3831296dd8c8ef4a12d9097923f741dbdcb70a9d5c,99ddb44d1743cee09bb1905df6f22e660b6001cfb32ed9da6f5c75af1fe4cb03,e8b3bd44cec17b91af3341b66c4bab1b13afa95dc6d62963df118c895b7cd0d9,cf9674837846008f2618c37ad5d034cc529ad7a7f1bbbf7ca78d88c0e0312122	0.674	1
annotate-card-062	feddd9fa147d8d279eea3ac0aba2ed740ff7e38d11c18b00f3ba507b05be872e,4dffa198638560d385c2321ef22bbcd5b2ae6e5d65e9ce7288d249c6f8cc0e32,569aa0a37881a7fc4029883010235b9ef608fdd692b201a902002d0219ca9929,b9a1310db67ee4782b84f1279924fd38cd01ef5e5dc690abfbf9abf20cfffccc,875c59c5338b903f4c019c94e6e12e9a67fda13f595ec5f8cafacedfe52ad345,57a03e64581687c2881c032da37e0488170fd93ba12874c262c5448cff458724	0.592	1
annotate-card-063	fa35d5ada2fd84bf8abd6fc8f0bbf9c5db95a0b4d905c23a9f3aa9936b8e2175,cefe4495ad6d0df8dbb1260351515d8379423d157fc470e59a98d802e0cc4b68,5ce7130165532ecb5316c32c2e607ec1694da4071a76c511bbc337b9bbb1a836,631a05ba6e98377ce0185555a7214f7e043265d4b63eede36a47836b54c6cbec,1d717daf23a50e8a9df9f638468494e558066ae745b0ad9bf56cafee42455b95,18c6b55e609b547bfbd53d055f0488d3c28d437e2cabe4f2c754e63ae872eb60	0.584	1
annotate-card-064	ecf2071c60db83e6e1290bda18b9e320117a0c81277d8a3f4462ac6a26ce403d,4019b93a9b69ee24302541c94aea0f41f09e8a2fa0a2655e682356a230b680fc,3328a5eacb9905e74c5d88ca8c4296da98eb26783bc86776c2748c64bfb72604,ed69905661a8587d50805ab08c2987308c62db16c22fd702844a0b4b536003a2,42f07aa12379d71c46edc3affc486bb100f51d3021cfef238d059c74fd557cae,9b1b6ecb457a5980eefc838de029a7d4d9969f86f2b952c4bae8f154c763cf04	0.739	1
annotate-card-065	db340c14f5b853d63854b4c770877eef191471a6211736b5684e3266c64ed652,60826098e4659e1ac658803a6ec586711cadd1f7703bba80b956b4490ed51b8a,a31b1f99547879a984768723b30c818d75341247e11c7b1ca67e5145c625e55b,585ba1664026d5a51cc66ab9139ddaacdecaebbb5f8c5d2b9b713971d3486987,9b08ed74f50ffd547c59b3d47e4763cc28f182edbad3c54a15fda67f186d4e64,aef8bea4d0ed17e5f155275ba885d5d7aa970fad8ec04b33c506fc81298665e4	0.504	1
annotate-card-066	ebcaf459ae90075c01837a3faaca4df0821b5f05f94ad5e109873497d0a790cc,23175508ffeb7ebc232138b699f407edb0fa215aa457675bc03728434a42a173,82c9c2f50d46e343529529b8bc74961b4b7c31d99d25848792fc7a8cd019cb96,f78fbcf7f5784c537ca671679fe6aa4f681a28e9d9d60a8204893476efd6d1b2,9a04538fdeda330e30c6faa36a757e2c490d111a1b292233b1fbe7f6d5fa29fb,723670c5dff7d7580fcab007bf4cf36db7721ee53a275c6716d76de5ec99a06c	0.466	1
annotate-card-067	555f8e93ec548cc139359de6b2522afd37e657a0dc15450d5ca3f1eeee38a13b,b13e30a9db5abc778b099e7c0ae7b12ced7042501b86a3ad2f305b45f597fd41,b990c04618e7011d133a8a7a0f78ea5c6e30a385984d80bd863a1d570f822dd7,3d5d068db54f023022214afade0fe4f076b744cb50ad95da277ba3866c91af2f,3d1a125120eb36b8d271c4c5941286ac2c8091c9f09c27f27bf80a7a29208ffa,c5612cdc8c241ed21588feb77243337d87ed17db41571f3ed9c1e019d65fef1c	0.493	1
annotate-card-068	51b2e8149b806a861b7bbcd685df1ab31c92091867c1804ab3045ddf45eed8a2,29832307c8cbd3b7343f3cad229cf0a36b98e928786931db9a8f52584ecd1038,30da0522fea0354bc30c3350c7717e5d1f92dd1a4d2dae6945a6589af16463db,ada2d8cc9d7271999963d42f0e65dea1e4d24d0ef0134b675921ea0d34c824a8,7de10d6efc6150db050fdcdd150ec0dfc400245fa15cf5901bb349209191edbd,d4818951ee99ca27c5d777734300f24807d43f9c1c377ece5b24b20f68539fd6	0.473	1
annotate-card-069	f418d3adf23548bac1a6490ed0030b6648a07e6b28edab79118b2ba327d91661,b3fdedeaf45ef63aeac5fbbe669ce011153e8786b019d631eb4c15ceb7ab2b9a,30e04e55ade955ba0bd644cbfd5cef0f5b168193c8f6a0da0ebde0bc346c7f5d,790fd386f61b4a5812b69669111cb657f80448340dba49eaa0991d141ce1ed19,08dbca559cbd32a2e6a572a46ea3a8f8c3446b5143751ea165534291849be087,8a58362957fc8f1c21e599a227ed4d0a4419bce6d62a8bceef9868bb64690fbc	0.679	1
annotate-card-070	bdc79718d2a16c4f47b2d790b6e8281344a0e64917b5fb5486e4f9b0f8e4ca10,ff263a1c9935eeb7d8a74ec9621f5e51d3383a15fcb64e416109cef732802b5f,7b32c4edab9a8dc8119d3e9079fc1f70e00b2bee3eda3646d4c2ff773f9c9b09,409d0f9c7a29ba94adc917188d34fd1610361423fdcaa41dd8a020544cb17bde,787014ee460aeac3c980125672212489a14698a70ebc0d415333ecb4f9dbc1d1,38a45b08a0e8cb5966eadb06b105324964e5b44bf270f9f1ce8b0aef066ba459	0.465	1
annotate-card-071	a5244c8fafc4099368687ba2b371c4cc2c142763de7406c4ecbdf93a1b300766,5463fdb4a0fde38aa9336352617ce8a64ceac37131919e6848caa2ae83f00954,4e4dbf9ba2b4e367544aeb0904829bbe2a9d8d3895b103917cead0ba1291558e,9e951c43a310109a65841d35dd15c200718dedb1c2867c500770f51cba04f3e7,e4a61b4674524ee617a38d84b5541be24d563a4a62ab061d4b30401974601df0,3139af0ff58936605d65ec1c246494f17836764b56e7c82a59e325d91d91760f	0.732	1
annotate-card-072	a2a17b5713404c457f1970b4cb5acb8d9c0970bf36e0991e49812b5b2f98172b,f1874ee8b7cef876c39fafa973a0a679af8382bd42cf47f1e8eca3db8ee5fe4d,1a7bf0f7fd10e1b5826d88d267448ef34acc31475f5a69785cc10e228110d829,eee856053fbd420089d03ec259ab3fcf399221e43cffa0f22679602f515aa282,dfea8e56b44f17439f1f49b4519e431c5c68f8a0116a9ded60ca9dfd39d8af57,c50d63744ed47757fc146fdf052282f4d74a67c7492103ac81acffc175fd79be	0.585	1
annotate-card-073	45d62624b8cdd57e2a89032c2993c644ce6b1af06fa337b9e5e2ab9ac0a7db49,914f67a48b8453d0c765292bee47b4d902893b5114662b59bd03a139ab35701e,6235ec405d7296186c8260d333de5f63a24e11a3ee1ed0b8644c293ff105cc2d,05b9afd5e0dc7ed135a689af674339b294bbf4b4fb46924bd470e0068da865be,906535cc3851152b380ae32aecefdfaca2d18acaeaff7c2215a329dbfa8b467a,2146d658e6d6138b80bb3cf09cb599daee035d22f3c48a0be4529a1786d7d570	0.456	1
annotate-card-074	9e996ca816350ca081561eb2c540129f15693b304593619373d70b9f6dbb6bb0,72196e6752986ba59514e52effeb81be32ab0d2ba1e749c1aa26abe1279aae7a,1b1269ca0b22acbd55544d77643a8feb9a9fcd6dc183c3ad34477873c615e95e,1f81bf51d8826dfeb466652cf0bbf69430473bb46693ca2195fd885c148e427e,732f758489533cddb3688940271c0931fe2fc18d15ee9c436b526b87c8e880da,75637eace5ada088af7d207295c9f41aadefcf6fff211bf466e412f0dc13291c	0.617	1
annotate-card-075	8064026816a352594f758d0cf26e8c21f12cd49cf600cbd469bf19fc6a1ccd26,dee772fbe46482fa3495903632d44441f508a988d93d0c081ef2337ca230a956,41f79218907825c4b8fe5de0bb14cea57f4a629b6de246c441f83b673424c6e6,24123a813340f8f68ffd3812355d40325669459524eb478091f89c8cae6869f9,e84a8f823f27c15f4aa3de186b799c9ab8f3e813c8de11401ada350592cc84f3,26cd8b18cf917053107ad1abc159fff4cb232f4fa54d1ad8e8caf38a952a4fa8	0.491	1
annotate-card-076	923f4a4b186d820eb00a797073e4afaec13a9e28a628143d5f9af4e7300a5986,52ce7848ba5c11fdd36054736e260cffdd000b095d9789d5ea72e956485c1b2b,44c4cc1be2e3d5e8b973585bdb51de0ab149833853318ff5a6245a96e1e2cf82,38ec42411ec8a530f102d6a68040f75ce997a6d038148c2b41eb1464ba071e64,fe89b853bc8116bf7d34d9df51e62ce5f1ceacea5967a67483485b06eaf70ee6,6a278fe735b448c1e796518584e4f43614b9c59bc7325e7bdea9098e18dca63a	0.549	1
annotate-card-077	266627e80bf086baa20fa61860be924c24b244571b604d9a9d069713f2b93fc0,be3d8263e38c19540c25fccafc9e3ddb26b3450807807c7e6380b027d946909c,db80f7f90cbe795d7073ad87d9709199a2821068d43fc67b4cbc84cc8de28eb0,cfdbc537fae6505df433998d52314f2229617b0b416dba25a419ef936bc31cd3,f0a5adc3ad0f707f5ab921d74171540897af10352a3cd6de43c814f5d5d2f8d3,6cea5744198477a7dcecceb6659e7486cc89c54cc1ab4b00c3e27535b625256f	2.039	1
annotate-card-025	annotate-card-025	6.839	1
annotate-card-078	annotate-card-078	7.828	1
annotate-card-079	annotate-card-079	6.895	1
annotate-card-080	annotate-card-080	5.666	1
annotate-card-082	annotate-card-082	4.708	1
annotate-card-081	annotate-card-081	5.922	1
annotate-card-083	annotate-card-083	4.927	1
annotate-card-084	annotate-card-084	5.689	1
annotate-card-086	annotate-card-086	4.729	1
annotate-card-085	annotate-card-085	6.637	1
annotate-card-087	annotate-card-087	6.595	1
annotate-card-088	annotate-card-088	5.959	1
annotate-card-090	annotate-card-090	4.581	1
annotate-card-089	annotate-card-089	6.618	1
annotate-card-091	annotate-card-091	5.784	1
annotate-card-092	annotate-card-092	5.22	1
annotate-card-093	annotate-card-093	5.124	1
annotate-card-094	annotate-card-094	6.112	1
annotate-card-095	annotate-card-095	5.778	1
annotate-card-096	annotate-card-096	7.001	1
annotate-card-097	annotate-card-097	6.375	1
annotate-card-098	annotate-card-098	5.659	1
annotate-card-099	annotate-card-099	5.673	1
annotate-card-100	annotate-card-100	5.112	1
annotate-card-101	annotate-card-101	6.09	1
annotate-card-102	annotate-card-102	4.576	1
annotate-card-104	annotate-card-104	6.037	1
annotate-card-103	annotate-card-103	6.858	1
annotate-card-105	annotate-card-105	4.576	1
annotate-card-106	annotate-card-106	6.226	1
annotate-card-107	annotate-card-107	5.801	1
annotate-card-108	annotate-card-108	5.528	1
annotate-card-109	annotate-card-109	5.573	1
annotate-card-110	annotate-card-110	6.873	1
annotate-card-111	annotate-card-111	4.99	1
annotate-card-112	annotate-card-112	5.704	1
annotate-card-113	annotate-card-113	4.628	1
annotate-card-114	annotate-card-114	4.908	1
annotate-card-115	annotate-card-115	4.902	1
annotate-card-116	annotate-card-116	5.29	1
annotate-card-117	annotate-card-117	4.826	1
annotate-card-119	annotate-card-119	6.647	1
annotate-card-118	annotate-card-118	8.465	1
annotate-card-121	annotate-card-121	4.37	1
annotate-card-120	annotate-card-120	5.43	1
annotate-card-122	annotate-card-122	5.262	1
annotate-card-123	annotate-card-123	6.235	1
annotate-card-124	annotate-card-124	7.158	1
annotate-card-125	annotate-card-125	6.183	1
annotate-card-126	annotate-card-126	5.568	1
annotate-card-127	annotate-card-127	5.786	1
annotate-card-129	annotate-card-129	6.914	1
annotate-card-128	annotate-card-128	7.736	1
annotate-card-130	annotate-card-130	4.96	1
annotate-card-131	annotate-card-131	6.47	1
annotate-card-132	annotate-card-132	5.743	1
annotate-card-133	annotate-card-133	5.628	1
annotate-card-134	annotate-card-134	6.496	1
annotate-card-135	annotate-card-135	5.848	1
annotate-card-136	annotate-card-136	6.001	1
annotate-card-137	annotate-card-137	5.066	1
annotate-card-138	annotate-card-138	6.142	1
annotate-card-139	annotate-card-139	6.557	1
annotate-card-140	annotate-card-140	6.777	1
annotate-card-141	annotate-card-141	6.349	1
annotate-card-142	annotate-card-142	7.306	1
annotate-card-143	annotate-card-143	7.642	1
annotate-card-144	annotate-card-144	5.73	1
annotate-card-145	annotate-card-145	6.144	1
annotate-card-146	annotate-card-146	6.311	1
annotate-card-147	annotate-card-147	5.549	1
annotate-card-148	annotate-card-148	5.263	1
annotate-card-149	annotate-card-149	4.927	1
annotate-card-150	annotate-card-150	6.773	1
annotate-card-151	annotate-card-151	6.841	1
annotate-card-153	annotate-card-153	4.763	1
annotate-card-152	annotate-card-152	6.367	1
annotate-card-155	annotate-card-155	4.735	1
annotate-card-154	annotate-card-154	7.147	1
annotate-card-156	annotate-card-156	4.582	1
annotate-card-157	annotate-card-157	5.319	1
annotate-card-158	annotate-card-158	6.25	1
annotate-card-159	annotate-card-159	6.72	1
annotate-card-160	annotate-card-160	5.243	1
annotate-card-161	annotate-card-161	5.401	1
annotate-card-162	06fd6059be4b60897021baeae5f38bb25c07c317fb5ffd507848168a867a73db,c40df52d03db91f7af6fecdeda37fd3df6814a2fc877ffc79b8d335dea05b52b,17147ff6d6b8f272912788a167439a79b39ae443af27530ce184af3e3fad8b80,beb76444802accde8ce25ed563b62f12d27fd04dddf3d9a9d855c77962a12e77,7144690481ffee5d9a05e74f2a405322f32fc515b0763718c18b449ca5deaab1,e438bcbabb168352c5329e898abb2cdc364a4f4e7263bd6be0d49a0ba22accff	7.041	4
annotate-card-164	c1e8b503b587203e997d59018fe1f8f13564f301ab5ddbfaa4749e1f0e51bee9,4ec48d20b0d466837ce380c56a154afa6d8e979b1eb89b475d81b5ad2ff061d3,59af7825619909981918e34b459bcd74a3b7b2797da615b2f65c48c5b0f11f26,afb0adfaa1e34a4eb794cdfb65a7c073be3e824abc29c04b221d497ae3b7d472,1d28c932328012245f8554130efa2ebe38d9d2ba6f5d26ccad3deb230b20a9ee,b1af89e398460d70edfacd58000d7807e4f1131c41a2e8f64988ae4480542e51	1.437	1
annotate-card-165	1dc2e368ae01412fef29826c6892ac54815fd51592a8043003984d8ad54bcc10,3bf31b08f85c4371ae5199b20efed3ac712b03eeba80d996f29869be7948b85b,4b69407fcb6bf985d11964ac289ef62afcbf383b7046ce5fc722b93b7400bc0d,418f2790d5c109f4fdb490e2c3a6c77aa83507c24b53fd52f0f9736094556f88,b6c27eb1b92ef759739c20c0bb0f9ef158dc9a1268d19bd43c6d215743e576d8,1196dcce4ec3ba65c1fbf3b27fdb0f624bce954d261c06427dfd1cb8f25af1ee	2.777	1
annotate-card-163	e3c6c82f913ceea791a100a650922af2ecf5d4bd9ee4d523e9603ac039d37132,12b169f454dded5d5eb9c238f42aa953e20975fc2fe77eff55fe3ca82387f2d2,7c9b9b299b8947f29feacb2282835bc7fb7031e3a4ceb07eb47527c21d44657a,c4abf9983b0e751a9db4a5d1798715c7a33c6995185d7d906f9c3f74cfa6ec2d,82182887037f8ac9dfc13eeac669f0f860c14e393bafad18778ce2918f8babdc,954db797889bf33ee453229d12a24a2ff7a961b0eb95f63c324f4d66941cf899	9.866	4
annotate-card-166	3ba97ec460d0eb6fdd92f8482c129b2282a6ee596ea90660c0e4263ad4e5b1b9,fee0620caee6e672d7bd004b123d6c3482cdc904b41191ffedd3b505c1dc4254,ec06ad606c2f7816bed4ee24cc59ed30982c87eaec0d88c15815315a44eed309,db07fa37fdcabdcf1927705410cc3c87530445d3bbb6af61fd05e226ee0c5d62,b3d430509e278df9296a79c71da26801a78caaa2f25840aeecbc5dfc45401f68,270c64d1196c73b3a2a08d3980857045ae82449c8e8866f2fde2d1295e3d4a1c	4.558	1
annotate-card-167	fe7c1fae95a07b65dcaf4173e66a1bdddbb8f4f865a583757651a6776e6a6afc,d53cbcc32267c2608bb3d5861553745bd4fbe6da756718d211928a2bdc1de302,6a5ef9db0f613251c3e9567397bce5394321c2f2385f982c8c4846ac41e043bb,bb69d12dbb6159cb0df6e05a42048f5a9eafad94e3661d6a8fbf845c8abc79d6,88986e35fc7f3b231f5ba447af46828ca4c30eaa5c2a00ae194dc4393dad18e0,00b3fbaeed77b5a2401ca302e018f9fe462be881b23eb5a3eabe8b4fc3ba2dcf	4.951	1
annotate-card-168	73f197465b37fb79248a61cf76f4b1fb1a602bf43378b6fc6b8f7601b9718935,72f5cf5687ccc4e11f28c0b58d315d660d01db8e11eff34954415aa7cee005fc,ba441ab1370f7fe619007f947ef67abd326bf0435e0e6a732b2ef47462bd64d3,a6fc6a9077bff808489c250cfe9877b0be407b5eb9a0cf02e20bfd385b907c27,6cb9af2bdb2fdbe9a5e61f7531444651d52a128388406890209a80c7dab7d5f4,8b3a1bf54d3e82986645be1726f9b96dc79815a593dc0879135aaa663d515bb3	11.623	1
annotate-card-169	f4557a8b56e45b69ceb15fc7db23125f8642b9bab551970969a76a92afa8d871,5ef76c575e1e8f06200ab8fd0e9a8449fb5cc7364316bcb9b760aceec0c842c2,cbce3f9d4ea186267f56207a4af2d1a67d924427913c69e5e654a939630d0a1a,edd87471f3b4c3f4bae94ffe4f59da8254c4fa9dd8e769693e650a4a752c7086,8b04d70b6079bf77c3cd63f2f9fd0217079713007b975621c8845b61053e445b,221e23f737048dd4a0e0f910bab2d2e54d8ef7ae19d38c29cc3c79776fc8d4d1	12.454	1
annotate-card-170	b25b4000bd518e1eb24a117d36dee1e320fa4e40df02ee689f822afaa45ff329,07563cd437fb54038c6270483296225a9d1070ff1fdc77e3449613fe2388883a,2d58b08363f4d7d1ccffd5f723684bf3b11b139e8e8e648bed3cec4bf5acaa91,bc596bce50218108a6cd6cab34d54cfe782bae4be5f430d89776d6eb5e4360f2,7f6e7fbf5fb677a9018a0b78523604d1366e03b31bb998edb327d18ea6d68a18,7096af8fb83e602792b850917493d02ddf348a5e1b55aa494befee566875a599	13.51	1
annotate-card-171	2b089e0354a94178e61c44608446e872a6acdaaeadeb05c3adf7b214c70416fc,14b1cc12a8c6ce0fcc19b080dc9558d1833a837b4669f3d009d334babe5dd3cb,66d906a6fab9bea2327f820b85f3c689fb081ef6ad3f9b800aba7e65d077939d,68ad7d85cb6983d0b9cb736b56aac73636d9a0143ce164da69b45f9ae0851d53,cd2acbcb806eb5aad5bfff07128f53d47b489dc58a1c33e060e127275d2ecefb,851d28f68659780027ea986597f80617b5e27c5dd5f0610fce36315dfff97181	14.404	1
annotate-card-173	f0d3390c7ad960eff74395bcf370ea7d873d1e160adf56a45bcfc97c891a8a2a,a630b243a4deafd1dbae304a7995f35887d7ece76f4f7fe9646f619ce33ab95f,b17bbf5cc0713246a9decd32dcd0eb6acd47ef335516ce15536ea67e68b5e09d,47ef8551578f94a7c8358befcf561677142d5ffb0458ec28fe4b45944774aab2,1d8aa80fd4c9db7f107bce6e91a056f8b94cbcf29efcbe00f2f33086cbdf230b,cdd83cc39c0864d2ae5fff4f751dcdce19920ce60886c930b097175e773e0790	145.578	2
annotate-card-172	1544c24e3750dcaa01990f691bef0eba908b66ecab8439fd176df7ad42869845,05fc3ba570714b93409e0b2a58639caf8ffa423ff7ffa602bec583e89acf7174,3fc72eaa1c9debe8deb5f6a51bacfcf3524969f1d2e8c59071de926cf04bf030,a28a0242a0a4b2ae5584b9e18a11ec81d5f9ea5371a55f21d1af495dafaeae84,ea9cb2e9aad2789595346b9bf973a405a60b1a7b8250dd862ab78b202a570f0c,6454a1d8284b9b32b4c06787be8951defa42536443cc4fb0a0827cda85d8399b	148.835	2
annotate-card-174	cecd82d6cb72c7e6f62c07dfb09e7abac86d0175356d91f8d4f9b0c37aa29c51,f94024571843b8b23029831a0d4a27c03b5fdb94f70bd8901eec8b2318721d90,a1977f3f9f55dde4cab8167b484f960ed6affb8bcad241062aea4f8b6be81b53,03b90064a47aafe9bcdfe3be81cb282d46bdb7f306efdb24b3a0bff9f93a1c23,212527b2927dc1d271e5346d2cc17238fc5aecd9105f36afeeecd1554dc8244a,57276e4af0135cd2106cd6a94933ea50c759bf2aca086e03ac1c46375cc839e6	24.791	1
annotate-card-175	40bce53d659ee2b8a6333973c8b19aaed0696a2c132e09ffbb3b1d2fbdabc83b,42c0051b5de4d5001372fdcdc6773e229384b5babccd4c0921eece1f3157633e,0090f7d9eed34b642457748545b190115bf011304a04394f974d903e79de3a23,1fff7ca35d459f792e41c42710d8dfd82b8f262413e8b7fe0aae31819185ad74,88d410b7927c6995ab80833d79b45bc7eb21edf6779ac5d202bc7bb6c147a100,d982f28cc215ac74c6975087cda837a2bddf5918e6cd63f959904b41f92cef14	24.752	1
annotate-card-177	annotate-card-177	6.631	1
annotate-card-176	annotate-card-176	7.189	1
annotate-card-178	annotate-card-178	6.58	1
annotate-card-179	annotate-card-179	7.06	1
annotate-card-180	annotate-card-180	5.435	1
annotate-card-181	annotate-card-181	5.617	1
annotate-card-182	annotate-card-182	5.203	1
annotate-reading-001	annotate-reading-001	5.267	1
annotate-reading-002	annotate-reading-002	5.364	1
annotate-reading-003	annotate-reading-003	5.032	1
annotate-reading-004	annotate-reading-004	6.27	1
annotate-reading-005	annotate-reading-005	9.465	1
annotate-reading-006	annotate-reading-006	4.851	1
annotate-reading-008	annotate-reading-008	5.693	1
annotate-reading-007	annotate-reading-007	6.526	1
annotate-reading-009	annotate-reading-009	4.285	1
annotate-reading-010	annotate-reading-010	4.792	1
annotate-reading-011	annotate-reading-011	6.127	1
annotate-reading-012	annotate-reading-012	6.931	1
annotate-reading-013	annotate-reading-013	6.138	1
annotate-reading-014	annotate-reading-014	6.271	1
annotate-reading-015	annotate-reading-015	5.898	1
annotate-reading-016	annotate-reading-016	6.899	1
annotate-reading-017	annotate-reading-017	6.196	1
annotate-reading-018	annotate-reading-018	5.163	1
annotate-reading-019	annotate-reading-019	4.631	1
annotate-reading-020	annotate-reading-020	6.319	1
annotate-reading-021	annotate-reading-021	6.088	1
annotate-reading-022	annotate-reading-022	5.82	1
annotate-reading-023	annotate-reading-023	6.432	1
annotate-reading-024	annotate-reading-024	5.225	1
annotate-reading-025	annotate-reading-025	6.145	1
annotate-reading-027	annotate-reading-027	5.034	1
annotate-reading-026	annotate-reading-026	9.455	1
annotate-reading-028	annotate-reading-028	4.521	1
annotate-reading-029	annotate-reading-029	5.402	1
annotate-reading-030	annotate-reading-030	4.327	1
annotate-reading-031	annotate-reading-031	4.761	1
annotate-reading-032	annotate-reading-032	6.352	1
annotate-reading-033	annotate-reading-033	6.775	1
annotate-reading-034	annotate-reading-034	6.907	1
annotate-reading-035	annotate-reading-035	5.822	1
annotate-reading-036	annotate-reading-036	5.064	1
annotate-reading-037	annotate-reading-037	5.648	1
annotate-reading-038	annotate-reading-038	4.936	1
annotate-reading-039	annotate-reading-039	5.786	1
annotate-reading-040	annotate-reading-040	5.311	1
annotate-reading-041	annotate-reading-041	6.813	1
annotate-reading-042	annotate-reading-042	6.173	1
annotate-reading-043	annotate-reading-043	5.447	1
annotate-reading-044	annotate-reading-044	4.559	1
annotate-reading-045	annotate-reading-045	5.764	1
annotate-reading-046	annotate-reading-046	6.914	1
annotate-reading-047	annotate-reading-047	6.646	1
annotate-reading-048	annotate-reading-048	6.793	1
annotate-reading-049	annotate-reading-049	5.844	1
annotate-reading-050	annotate-reading-050	4.727	1
annotate-reading-051	annotate-reading-051	5.558	1
annotate-reading-052	annotate-reading-052	6.052	1
annotate-reading-053	annotate-reading-053	5.727	1
annotate-reading-054	annotate-reading-054	4.897	1
annotate-reading-055	annotate-reading-055	5.821	1
annotate-reading-056	annotate-reading-056	6.63	1
annotate-reading-057	annotate-reading-057	6.575	1
annotate-reading-058	annotate-reading-058	6.038	1
annotate-reading-059	annotate-reading-059	6.347	1
annotate-reading-060	annotate-reading-060	5.842	1
annotate-reading-061	annotate-reading-061	5.1	1
annotate-reading-062	annotate-reading-062	6.698	1
annotate-reading-063	annotate-reading-063	5.827	1
annotate-reading-064	annotate-reading-064	5.299	1
annotate-reading-065	annotate-reading-065	7.02	1
annotate-reading-066	annotate-reading-066	5.228	1
annotate-reading-067	annotate-reading-067	5.321	1
annotate-reading-068	annotate-reading-068	5.987	1
annotate-reading-069	annotate-reading-069	6.325	1
annotate-reading-070	annotate-reading-070	6.376	1
annotate-reading-071	annotate-reading-071	6.463	1
annotate-reading-072	annotate-reading-072	6.033	1
annotate-reading-074	annotate-reading-074	6.263	1
annotate-reading-073	annotate-reading-073	7.168	1
annotate-reading-075	annotate-reading-075	5.545	1
annotate-reading-076	annotate-reading-076	5.628	1
annotate-reading-077	annotate-reading-077	4.396	1
annotate-reading-078	annotate-reading-078	5.745	1
annotate-reading-079	annotate-reading-079	5.478	1
annotate-reading-080	annotate-reading-080	4.797	1
annotate-reading-081	annotate-reading-081	6.003	1
annotate-reading-082	annotate-reading-082	6.895	1
annotate-reading-083	annotate-reading-083	5.608	1
annotate-reading-084	annotate-reading-084	6.055	1
annotate-reading-085	annotate-reading-085	6.171	1
annotate-reading-086	annotate-reading-086	8.975	1
annotate-reading-087	annotate-reading-087	7.143	1
annotate-reading-088	72e8ec6b6f6564a239d46db418cc80b49fe548c78312db1db30386fc46604c39,99843df2dd6bc1897740724247d9b06ac0b1ccc880f5ef34331e89cc71785dc0,bfed4df53628018355db0116273de5e4818468ec7bd109953d295a8ac9bd8fcf,50c5f9e0cca683f8e8210826fdf4734fc86b0225b505dc9985524e50625d4ba4,c42203f5997eff706dcd5c5979882fb04ba5a352152042c42fc193088df55cd1,266328812e4c3fd7f0d974d8445049d19faa03d02c0d1f603eb1a131701154be	6.685	4
annotate-reading-090	273c451d61e5f0512163c3131b5b78c6dd5674481ca0a57ec95b81d411555680,15848c517e9afcb4a0566ffc5b77f206cde02487206e75c96363df7a34e6d2e4,074910362801066b43b3c76b5a223e9eb08b95b0ff60305168dafd532df75c37,6324d7a7c5d33f2e1edf3d8a834e59bbbe35e937b4c00c1375c16337e2b9316f,94d897e99e58d2de5eca8f989df9c8e77d572dd3b6e89c16df9f844bc8f4d66e,ac99089c9b0d3c20715d94cbcbfb3ca2cf3a01d6cb5e1ed892988a697892ecdd	0.607	1
annotate-reading-089	annotate-reading-089	5.27	1
annotate-reading-091	8816ab3bf3e31f6072f4d0a3f086455449e6504e953ab166a61e81caef39c12f,4686f1b91f8bb66c7a3d2bc2666e0987018ffae88059c66c8be39105b9f13a24,0d342c43566ebd0e4e569324c2c98a73107dc2f4004aed1a5f60372774ff9650,ae5ac818ba4cd073499f9e1cd793c59faf8d92c027774cef5565d7e086fd5ffc,24f64c1500211be3baa80232d8c652c6e53625d86a603f0113c3863d3f15d503,d4b4695978580c4db989bea9998ef5504071e697f81d92a48204c7e4f066d91f	1.691	2
annotate-reading-092	0f8c3ae808f46584073d8bf516ced834f4485690a24e02424218f6f7aa0a8ac3,5a7a3b427352d5ae8fe64904dd69c014ecf80397f28bb1eb60ffb60c5ce5d701,51b7511f7f71106281b6307e799b1bd84190f7549f1bcafcfc49ed8a772186fb,12d0d6b20048100aebd38f47dc6d525ecea00e3a59cc1c827859b0ddf51377ae,f4580bd01b3d9b3e6ff8c2f99138ebf48ecbedc31c434413eebbddb24a68ade5,f77cfec2ef6b0f0fa95a039989719c63cbb09608b676fd6a07c316d5f9a8ec9d	2.205	2
annotate-reading-094	49230b9430ca466bff1c08bf7d90ccbe45f2ffee74e79c6eaa3d6fe1c1f0b2ff,0cc6d9af0741efcfb93347ce601b5cabc6d30707431aaa20651981ea3f9315bd,0bcc87471f84d159fc3148101057f3cca884344df9cd2f4154e6a97945517e38,7897e27dcd368f2ddf06e4f58890237685e3060f61d226b2afde761e3acc75f3,7fc920a7830248c5f914c5faf6af86b90e6ec9b8e30c0ab72ade0a3d95ee43b5,6d8114ac7f711c77e48c39d3c1480d3624b2e86cdf96268f01f259d2d29dd060	1.079	1
annotate-reading-093	4a6463810f122f74e4a38aa439315840543caaa61ad197a0148605ae70bd2390,08b49432fa65d19a3c8b03649dc2297cfa3ce3506362a9d761488ac58b05c888,3c5ded02c4416dd71b51f05fb05809020ba67829e2f6d2825eaaa6183355a6f9,b10cfc1b4d310145d28a445f36dba09bbf503186c6a214fd6c69170c65c6ed55,b2441f395b9d3db0b5ef04746bbf275694f76ead15f1b05195a4bf6e96a0c094,e492fdbfc9ef3fdaf99453416c745e6c271adca324ad2019ebc3fedac36761a5	2.0	2
annotate-reading-096	4f6e30097486e4f81e123929dd92fc3aa826106c7d3a986b5e25f4a318bdd80f,853676073cdfbe97c4202dcf69e846b6e28ab14d2bca3eb0d3d5f8b6c87a8280,ab51d3da95b7f917f510e39b923494163cccfab7b04d5664e648918792bc3890,714ad847c6f77b364165bf5eec0ad696897927adf4b08536482e98f535cb8cfe,8ca0f71fe8a57c4bdc3091552ecbe6796c3fcbf197f67beb0e229bb845fd087f,9b9d335f6e9d2ad8808943ac7c7185ed7eeaaa4d18dfe1480599ef4ac0927f5f	1.2	1
annotate-reading-095	cdc002eae824ec6d142c2ef21429d17d7541fd575b1d1678329cfe8ab4912e1b,1701dcd2c7552a2a78cee4f7bbb6979f975abf37798428550e0e8af57fb305a1,06dff701493c715ad85e072ea518e274711acff7fb2db821ca65cc3a015542c0,23a651470d5ab3d8de983b9092edaa718fcb63958ad0c9eced49e3a21671ad9a,bb9640baaa2f57af909b3cd9537ff4bd0a493032f19cf68b585b71be9d7acd08,3f08f2594fb71deca125450be08b02adfeea3bad5dfa3979fd37c0083b3e6a93	1.631	1
annotate-reading-098	9862529ba4c60bba826eb2d4fb9b9be9ca65b6e92ec56f932e1d7cbe4c08b5cd,0c42ab0ff8b804d673e9ff8701b6102424b489f3be8a6f8ffb6aaae545dab261,2325296c75b31ef269168862378d65d4f89ecfe11e22cee94158bd173552570b,b02a46c445bb1359652ddcebe5c84515c573d7cbc711c8814c3083e955705d7b,740a432e55adb41912a197d6b1c7408474137f437ef2f8fb786626a07b1e9466,6ad96ac2be86ab3242c8eee24fe4aefa3bcf1307441b4c47d3c8aa233faa25b7	5.897	1
annotate-reading-097	040b4a9ab6baf6fe76939211940cb3012c124c7a26626e3120b012462f12d205,b723e4bb2b355638abcd166812933f1a8225fc6182638e481105e10b1679b6dd,8a3e94adca3e0410fabf118379caab472e738dede05896b8961652a7526635fb,765f58c312008e691f6f6dab0bbfbdf98256862d57b5d06d61af2cdc28035804,efa77abae9664133703f1515a3043162fed427e97c9a7e65562a895611a25fb6,e943d0bdccb5b6ea83d39f052e2a587678576a66eebd987b4ce7c00781cf0a29	6.411	1
annotate-reading-099	26df26c39fe5f7ad9bff1cc63d34a875caa54fe32228700ef1cf183d206abbcf,5e4657cdbd6c8baa73780d534539ac3f71c1fd3e3fd4776b8c5c38b1808dfdc2,1170780be2579aefa9041294412624ae473267894a48e5c6155c86cbea8664c7,c11274d1c886e4c1ed89bdbfc111c5421ebf73560f38273617921ec38df96fe0,b4334da3fcac0a2f9f2b72b42997539d6d0489eb53ff4b890409711e778161ac,ac4134ffc0b523c52f15a443b00cf117d88fbc686b946c3467d71d2703a1b3eb	5.981	1
annotate-reading-100	f4f093905953f5cf85d19e795e3e60da6f8750964a734d9d36b38f3082206a98,0652d515506c0ef71e801627892dc87f32b7117c2e17e9b42350cf357d393248,43ed62178f8a2a563e9b322cd32685ab51c52b3b7b1dfd5a28728178a7cbc160,fafde9336b21992f75562615a5f16312df81fd561fe605e0f179f330b89829d4,6113b6f68bab8ca759774528b74bd08018c4f0e742066b3536c0f4592c972f97,b0e7034e0f677ac5c4289c1fddf676301757337617e6ecc15341f6dadfd25f19	9.269	1
annotate-details-001	2cc6ec3e83297e14a4245bdce35360a53e3d005a4c81b2105145dd2c94423d89,400850f6822248314a1a4dcb6236b5545895e59332e746491c40aca161443a0d,95c3609b61fda455b3e032907ec5632116d002170e069ae3acf767e9d2232d0b	12.859	1
annotate-details-002	b72f4f45ba33998be3f92e0c48b7236a59b31e386a56ba0997e1087410602577,fc656279491f84b31ae4914ea0e1eb254172f4bcc0a86cec79f6594dcffe1bd2,b9d3f57b3fdb1681d257fbcaa7a8265c0bb64a520db16067acf9c7a65b5cddb5	11.302	1
annotate-details-003	488be13f8e7e1eb9c3da22faedd7cf02c33f1afed5525e1fbe6dd6d63d89380c,cc47e8a3aa218a09c4ac39b715a21da0cffafcb722dfef5068730de6e28105aa,3cd4347478a937197f7e26f32d729d991550214fd3ee85ed165c60118b4685a5	7.857	1
annotate-details-004	57f354f433373ca2a6b9a4f1b1f678d8ae555e4de251ea6092810f5a24d5827b,b589738203b859ea9ed76a783af5bd4f400cb711a6a3b7eaeddd1a4137856279,1563acb9507b8e37b0659efd2cdd27571bac1a7e59194cbb878ffcbe0e118058	10.584	1
annotate-details-005	d57b4a012bf8a15a74dd74eb61d4117d12370d90c1f7c0ae10dc4863eae9b398,2b264560470262c022af93717c047f549373a5c3b93114e2ce34978275f72939,06d68ac532859a7c05676d47197c2c5f1d52dd19410fb4a8fe92624bd5275ad1	11.615	1
annotate-details-006	9d3f25a921291671a9d2e5daf1ede44f57cfe5aa21d919ca32035286b7387b95,b1fef9b3e1f96ac5205bb493580c0f939217951974e02320c1f6328da936e5a0,0ead0770081fc64d39784c12992d0dc6270e25198c5c1314a9c2574bbf9df267	15.414	1
annotate-details-007	4189138bb8ec94631cbe01f0f90c6fffab8373850ed941bb99c8c4c990544670,6bb8396c02398d51d5ddb92108a30b28338d47ec1fdcc4db78293da32d37e630,fcd44e66ace3b5f55bee2c5300b0b706110b3412d49306d9357956a381a04349	14.298	1
annotate-details-008	0a718ef0fd04804e2f416de8efff55b32ae9338b664a2b29da87cfad073d7a48,43405904006a6a07385e284af30522a62e2717a12805303a41e0e5b6ecf27d6d,8d1f1f980e5599faec6e9a39d7d7f71e699da61cdb07d3c8ab6ded16198188a1	13.738	1
annotate-details-009	f4c7ff43ee93846a9c53d7d03d7717201452bdadf5d713bbba551ed4af366072,c137638596ee248541fee09794bb7086e0771c5fed6b0d2793e6e1b936a46cec,71c321a758cbaae8d0220a7a7da5be6e1d31b58028f5ff4697acde04304b0dec	12.31	1
annotate-details-010	9ef99719dfdd16fedbf9f3482827020b30b68a7699650312aa0e4cd8ed9d60d0,4916d9f84b564ab09876249f07446561b1eaa26614503340e071f41f2fb35034,69439f6716b8b38a5ccbf46eaa095d2ba8a1b796fc7c77ccd67cd704bbbe1531	13.063	1
annotate-details-011	72f47a3ab51789310094e3a3d8566190abae197911f55e71bb54aab46b8c8c25,6cc426a222264c130355dffc4970fc83fde9c3d2aef966903bd4adadf8c9b111,dbb683f75e69147b1464f655720819125615f566676a9df935379fedf8735622	15.471	1
annotate-details-012	8138c3b1708e15c72e7ca5a3b99832fd255bf24b1e25af329a87e5da210d1faf,a493f558d2f638b22872eb288aaf7949aa16c0378392a83e89839b2f61497eba,51e5c2e39f3fb39ea933c279bacb2ddcacbb067c493ee54533ff6ce7ad5b8947	15.705	1
annotate-details-013	4dca77059d7a70f466ff7a9ec046a2c46f731640b14f590bd53f923c07d81349,9fc35f86422054dba814922807b5ee41d75dbfc50c2354c47058e25accf9bfef,f2a8d03163b90cfa867355737a28bfeb006408646ef70c248a7087a6e9f1c900	16.663	1
annotate-details-014	9903a8e44f054e4842d996ee11f43fb5a54a6c089b21a3c396dc968d9acaef52,f22fbb2916451de5d056b5b54349bb18eaaa3f6ceb0acbabddf51408ebf021f2,38c7ebe5bfb9dc55a49b84b685d3cacde0433a5a3a0267398bc5ea092df3092c	67.052	1
annotate-details-016	301aeb080ad54ffe03084ea2453fab4497d15ab2756018bdcd7d70638acec900,7890ecd81eb05b7d13cbefbb852fabfd4c1da84b60f317de4af3f9b658dc6246,bb97bf5a7055a3bc9ef6b3f2ece3aa55e9a28a9a7967f5e6ee44caa62a153aeb	15.043	2
annotate-details-017	b082f445fa3a4c4ebafc9ae3ead39ddfd980db6ec5264c8cbb25bf9775924c8b,805bdc946724446d3757c1d64e5768848270cd220a30a308fc46799bc8ce4ce0,6b3b107f936c11d1acdd40bffbb5a1c6673d7d54546d18986448697dbd0b1601	0.379	1
annotate-details-018	6232133fc5e3fc8936e5f34f74bb9ac734767521677738fd8a3428ec25fdfb00,a685fe4c7c079958187fdb1e1c91253b911e96b43db0ecaa11f27f9d62267f0e,dcfb6a85ed7d0c7b2e537e1e5f660520c26bced662c7e16b7c8652507b04fed6	0.347	1
annotate-details-019	63d358b755e439756f4f4824bf30be36265f7fdc08330463788275339c527976,ebf9471e73cbec9cccb3e27c301da83d8700798e27be0e48a341d601b856d6f8,8831511cc173f3be611d68030c45c296405a7c6b62598861c348f4a0ce206f7c	0.674	1
annotate-details-020	43c31ef5abcd6431915ec1b8267970aa35cee5bd4ea2cdaee158b1ae5f871841,5fcfaecb87d1edd895e6db013c30df85a63f39a3199f1a2faaa0ff416a648c40,6e3a52dd7c8dc40c0664be9f5e050a6430c39bb184014bfd0864bb776278a739	0.46	1
annotate-details-021	ebb1610c2cbbbcd0f0ab7e589d4b5434acbaf78492bfc37b320948b424f506ea,69a13af5cabff9ca0ddfe1a8455ea3563b93ab9fb1352be8ac54ff5c1f26ebf4,514add9decfd355869013f9a0369d20971d5482ab97ad4496e1a05ab356e060f	0.699	1
annotate-details-022	fb8fb9428322b06ee673031041ef5c284de7c368ee4a453f04e759892c9ab374,d5f603049f1dffe2de45dcf25a95561ef76ba4cb171e272414693255dbda7833,b21cb4220ed773347b15e5e2c0c615d79c181ebc8637d7a8b16713d3a14c8e9b	0.659	1
annotate-details-023	4c7a3a8cf3c16d1aca319f2815b92d1bcaa7636f23707346a3c422a762e3f6ca,d23b015ab95897446c14eda545ca7f20c01b351243013adea57ace00f1bb0b65,a0ce41aa36d7ae26ca48b81dd70e00552c0505c2d7c4c4377f844c85a09fdf9f	0.366	1
annotate-details-024	9f5eeeadfc93bfbd1bcf74394f89119786c13ab7d11f934feb48e5c3151b2100,e9d7f3a221b3208d4be69a6b1c42ddadd477edf594c5edae3986619bba66fdfd,dbf97600dd678263b14f7206be611338c69f6406ec1ba2943390c7e7ce878fc0	0.349	1
annotate-details-025	3c10b32345aef1d67f624a7e1b825f9281c22a348cf4bc850fb17d0ee9dac04a,45092413d7678e6293b30430896da8623702b98e18c2b776fb6832c5993f7d16,72f4a793573095c91b332d6914ebd241fa369ee37532b8823a75edf3645143c0	0.393	1
annotate-details-026	b6cf3f4e9a61d5fd8ad2e6f09cafcc6715543aec9577e07b10bddf0a5e996aff,742665a5cff16dc047d3c7fe1dc9af888828781cdb92cde506f771d9c7e0f1bd,99ba48eab2c91998ad7cfd5fa82329ca07b52e7852500ef4aaf2aa0fe3605ffd	0.36	1
annotate-details-027	c50430ba842ae40a0ab71dc7fed02894824684c62f48880c14d5d8cd5a968b2c,b89203d86bf58716dea1baf8cae620bdd27bc59576f54664be70afca8d964e3c,2ffde478fce03e013726c5002bea13a7dd069c4cf8412a156107bbb2cdf6c6d2	0.363	1
annotate-details-015	f1d113ad2c150820db5aaa32134270c5b527158838ecc984b6068f14db8684cd,35412f8c31393407b428cc12a1bc2457b970291a3fbea95d4e6ca4bb045559fc,9171c2a829d0ade63705e84617da6e8ca6a72d3dae5ca6d92bd6d2f4f7489bc1	13.729	1
annotate-details-028	56994b821bb9b1b772452f0db00af24d22aef6bd0406b4f526ed40612ecef23a,ab29cdb9952529f3846f7c4a5c5ebdf07a59c8e0e95236dcbbf25c0aa8b911c6,9851e96385469ccffa3844f84338cae76f1f8c56911047a2a444fa246cb17708	13.656	1
annotate-details-029	079ebc6d03967e5e22408888e3e7041f6fef5d05f68ba66114aa5f490cd783d0,c6e09e4f0fbe33f64fde834c539af7512ff4aa65c28880390f09bd9c5503b552,3ff6614e7ce4a3ec8fbe200400657b840cbd1bdd895a38dbacc30b93852b24a8	16.402	1
annotate-details-030	c4a7e9e9a079c0bff7dde4d61c76834a590ea169c08858b2e271e244206ba81d,37bc5e0c07cdea30ed72f7d41c53d85bb77f6585a6871b4b1cc8f90686734b01,3e41c843f99d5f60b7a86e0f8b966c15a41eab958130f838d267b6be82afbb70	17.875	1
annotate-details-031	4420f58de50c6f1455385a6128a694f4fe4f7697487bfa79ea8f0274a9274f0d,7a5ffb2dfdf89e54010f7d1779d6dc048f00daf6585e3d5c0b34b53d589cb46f,1f81e83510c68211cbd3e4649e05f84c4895da2d1ceeb84b97abc046fb6d0456	12.53	1
annotate-details-032	b20e0883dc646d3d838d0d55bcab547f35141064527687b1208b95dc4530cbb5,de0de4bb0b3eef986149e7ef673a81e54a25f0dc0e481a1f22fb459e5e1f29c2,523f5e7253ef82204c064e5d4139f36e94b0188b8e4509574197b33e823f6cd5	13.032	1
annotate-details-033	e5bddfc9042f24c2488eacff27436cc8454927688dc86c2e530332f9296626d9,a2aab5d8ff0e1cb488d799a045015b97747de4226a5949c5149a7edcda9b9eca,bb9812c6243a825cd7833b9377eff68811dd9493830a4e95704c4ead98350df4	18.862	1
annotate-details-034	cd02cc38131bbfa35d8c4eb62480c0dc1bd3bc7b43621f342e2d4f27c16a7a78,b5ba7dce4fa961c7c5db052f0f01e185133974465f8df07403ccd2049250c6e8,98d419d901a1135e127043e12867b88d8a953d486082614b457b50d60494646c	16.881	1
annotate-details-035	f1ba605aa6aca7cc015ae4985495b12969786973c0654e76f40e432717224261,8cf6d9fc45aae0db14aa0a085b7d661ed200715926e83e9cc5c38920f4c56b80,fd0efa73f0ffb682de25e54f37bb3a4a02057678b9549e8c6c4fd546b9a55bd1	16.495	1
annotate-details-036	94d93be1cfb441ae14f79e2e21ee3e18b8a103a3b926ad659e22375f99455fc8,9ca9d1a2ad488f8048ceb683c0eedbb7832f53d540d6cd4774442016b237c600,738167988af142008bcd3e6f2e1455de3404d938ec13ec897d49d6ed76e3166c	17.932	1
annotate-details-037	46341230830a06a574e2d78a8d789a54d78bbdb312cbbbb874eb1d110e24817d,6d26d4ee2bcd592c08d1b217a75d3162d60548182e2ddb7e47abda84ab3e958a,09c7604f056d3c5a9ca99cd64ff67607c5821de0f184f5301744df860f87a3d9	19.028	1
annotate-details-038	c51c8f55d859de27607743716460b837b33e5d2fe7e56cc9218c23d9aa8aefe1,0b8b45ff0d0d382ad42d72476dcae166b8fd729bae7cecbd764cd75596add321,7ddff5c3a78bcae27d0bbf1da9697b1d41f5df012479069dedc6ab49df9051ee	17.653	1
annotate-details-039	e0b5aad330c9630cf7b4849246a554585e1e70119117f757b79cd583f102ee21,4b6df99cee8d5008ab5c0986479ddd5bef37ded1f5a69951dfb9a0ac644aaea5,dae08fc45043d46b3aec2c18fb92f8163f5cebcdedf7eec4ad6bfe2cf2ffc37d	20.611	1
annotate-details-040	405f3caeb1dfab900e9c3106bc77bff1527fbec322c0426fd83845ff1490cc88,32ff8619925c83cfe9bc6588f7a53e828183eef0156d5820536b610be7380f37,9d5947ab39287cec8ea38987cefe0512ae10c1b3a8b2f205c7f5b912cb4291ad	22.572	1
annotate-details-041	2fdf45d1d0947fa5e97ec5d604540895dee6545621a6fcc5df5904eb4bfc7b16,930002c564f9e4657ad46d66c5bae7f82b6c18bb50eb0264138103db62747b85,30adc891db69f0c8c12bfdaeeb3b6c2c675d555e73f3d9c6a3408900f8641f2b	17.287	1
annotate-details-042	58c6f805f1684a876a094d9e5bb259f4fe1f3d6440e328bce94d4a2af038be23,fb2ce629167024b781587514747f34c3173e39a2d1623c188ca61924947cfd16,c3c379b3fae3414a1525d5c4e9f81c2482dfb596c15e1182f2525a48515c274f	15.383	1
annotate-details-043	7591416f6867cfd73f01c74d72ece9e37cc19e1d9bf8e67abff177297d40c8b3,6d6eba227db6bd09ee0abcf533b2530223588879f249628d338c155b952b3350,ab7d492dd46ef93e1c8057076f40c078e91e82aecefb0d25e90fce67fc48eb5b	18.699	1
annotate-details-044	15fabbd95548bf3db9cbcab44a6d84de0263fb59f38c6f888cfb76697229a767,819ac1b61e81663322206322b3f91bcea64aa1751369640192b740810d2cf1a7,65bafcb0cd2fbd20484ef651ddfd1f23143cf5c873b4bb9793fd2f5d597aea73	18.582	1
annotate-details-046	2bdb551d2e0132ba8f02229a819f66d543ee1c52a38c33d7581cd52b5f9685de,1f26a528bb9f8877bbed5a991f1b676dd23534493a9193976ccc494d7ac11ab8,71c4ddcaa807b5e375e2139e153388778d2bbd5ea1b9a4ab18f18f425a634ca4	18.345	1
annotate-details-045	1b3339f24b18af6963b8af04315c9c4bf5244aa51caf02773392e7712a3017a0,05fd59095c2257efc970fbdfc6be28d6a0d6d8de079e404100d3e64b1f1edc85,96f180a546912da251d821f42f4123c5b49b4c5207b90a8d4b0008f120b1abcc	18.543	1
annotate-details-047	a335c6d225e346bca1acdde7fbfa57e5e47a43d56e905079c94527fe60ee4bc6,0801c85e43332d3c9e2c2099ef61822caea261aaadbd60ea35c90bdfb2887733,8eba0ae64427a675f153174e424a5e43d508de114cf17220e9d9b081ff5357c1	24.386	1
annotate-details-048	777c1245993d482139387ec183ce1dadae93a5eba5876e0d20e9b4a9aeacac3c,830dcd05013cda07a422a6e00f36b5add529635a944e67c4f70daa30c0ab6b77,acdee57eba4ce45bb3ea4cf8dee0babeedd447a7c13dd4f1d61f96a5326b22d5	24.381	1
annotate-details-049	c54f08d0d08a24028be6e71912766678c45a91d676da8aa7fbfe3a767ecc249b,89156b8ff2eae1da04ae70e2ebbf5b465564548fef6d48903f66cdd6b7820b64,c286eddd82626158a39cd97174b914e45bcb46f4da6575e732536c8de6713ac1	41.15	1
annotate-details-050	5c9dcc846793996062dffdae115b90f12d356a26c1fffd612ed97da86ab6737b,ee5874a68c19f509662db1d924cab928b3101eac27a1ffd3086459ed38a81f95,bd032c6fa9aff2f31f1874bc287ce54bc6b72d6e579aefedaacca42828e385ea	42.747	1
annotate-details-051	e8782a2d7af24f5ac2177613490c1990f7b5a47e38af10a049191d907aa7a727,63f4e24fef788a0205a0b4b29462bc62e4bfd5b3eeef207f720d578f270553c3,6fd8766aa2bb54bf52c806854c689d244d1536c68e1194a82e1a7dc582bb1ea8	40.654	1
annotate-details-052	3c71b30c89b4ef3e5f5f5681597cc3b592b9aad2bc291e5d936565ccd29cb07d,d2901e2daee4bbe5dc1cc8a6b50493e7b7c017c9e8ef7e5b762b97e5df2e520d,94cf376cadf70b1ca63746a8e67d3f0b9eb54f4f83a21bfdd6ce11bf9a77bd33	40.596	1
annotate-details-053	d56b059420ad8beee8072496c199cc25dd22789653635500a275f4a7d52b88c1,9d4718effbdbb34c35b11cf376a100fe5c47ac04cf0921dd3939963fe1bbe99a,6f318a754008f70133c0e821b9c4f86f58cc1561569f92bd82cfceb325aee891	50.063	1
annotate-details-054	fea861687f738d7ee7e976d58e22934bbbb156c6d834b6fa87fdb14087b27517,d31dd8fa6999260d9000ef6bedd2a6860bdf10d9a891381f2ab1ffe35a035374,39529a5dedf8daa748da773fc117a0eede7d04871d48afd2daf3a501c283eecc	48.821	1
annotate-details-055	1b7a41661b43c481db3a4e8e13db3ffd129f952d510b8244ff45a4c229338789,8df86a6e35d150d2aed1cda335af5807567ac648dd36e9b6b996383663927fbc,acf73759a268acc9247c0aa76f2c558be6de8cb91e459b212fb80c0d69429441	70.871	1
annotate-details-056	774c804f62914c5140ba64fe172090d5b4e8416b2c0f36b3669bc07dc4e9fca4,904ee4e636ea34c359da6773f524aef99e95b61b4e439430e589f9ce5baeac9a,751b2da1e7cc0a851088c170d966a20c10f8224a1e7a7b646ddfc5064b793ec4	78.151	1
annotate-details-058	7886465f360a43bef77f8f1b399b4020a7c95095a8640d06310a75f76c71ab1c,564088000e7a34370639484f333931529d16c76b5c2a1dfe4c1df41c8c737725,8df3fa27f540b583eb26965a017c6d6d29585df17911d7056a6352463efc1e31	94.375	1
annotate-details-059	76cce4ce8d0cb89f5950b58c4ee2446f5dcb905b8f42ab0c9078c9e653cd71c2,849454f319f623196ac0cdc6f48a04a5446440c0ecfc9da0f386ff07e4ac2117,44021a6082c42c1da9c552315af9508ee920f28f9643b17ff86756956004c822	50.625	1
annotate-details-060	3bd0a81ba6c4e0aa6d42f65d95a9d202e259ff68f6d0538bdab08455b2967262,373eb9bf2086b174eb082aeeb2a22b40df0ad4db749664972e146f32c4a2f2e0,6e5b6a07b2be2654d55dbf5ab0db45d193fe17fcfaf6d33bbd387048364a7e3f	46.516	1
annotate-details-061	4a4b772067ebcd60f7c7d9ed096d62bb762eece6aea98d78ec3388fde3c4b091,da72015818a9cdfbc03f52ed9c4ad88e5666292937bf960a6fecf24ac819dfef,cddd60e9e3d73598deb2f3a7d79ed1583d5167a99d130ea147c60a64091b6ca1	48.268	1
annotate-details-062	45d73d906cf469a9e891a096ebabf38a6ad6610bdd9f3fce9eebfc428842d9c4,755137f13c7a131e133fdd01a952aaa4baac3a72deab57dee77bfa42634fb442,5cbf5d2d75973bdfc7e630225f98de9d707371e44800131aa1c726e0ce45588a	46.009	1
annotate-details-063	8c9c3326340c41a5f819a93cecdec77c18b07e3c30f655e6d1ac4cf8ab381508,dabbdadac760375d7e25a360abab7e01eed9405c13f986478d184f21c9241ab1,4ffd840543ca1c1d8a444af63a2c9eb4f61192353e37c0a20fcea843699d1ecd	56.501	1
annotate-details-064	9add23e14a13dcd0b9f330f391efee6d42a01c5894afcf991391152d13552664,93cdbb3ad23cc89e2d0e5ce3415480c9670661e69c5125ed6c42976eee6a1b49,47368fc1347793cd7663c2c8805d941394c73d732609ec768c424afc7ea74fa0	59.774	1
annotate-details-065	afeb125e3b3bf3aa995ca34cc772203ba0782393a987464c9dc1451d8d2287ca,af7dcb346535996270d1abe8474d1d26ca9f6216f8af5e65c80676b59d340037,db7b3d3def057257d256dcfc890c706001ccd7cc2be77f18f9bf9a9c6fb32d97	49.008	1
annotate-details-066	933ffe24d3ea0062f6eda449ad234f02a87eda0eb4979baed14c0840b983028e,1a958825f18f9e8fdc4632d779f5b15d8c698923137cdbc37b6c4d879856b1fd,10f623277172cfbffc02ce91fecf957c1e00a3dc76295821f6963d579ba6f801	52.246	1
annotate-details-067	7cd68e82b3590cab9da7ce5b0b7bfc62b6459dbcdf4de446fd7204c4755110d3,3070709b6263a7398e955fd8e03572d4685c320c2096823fa1a1abdca531e459,58cc6bb6af0b3e71e2170a54f4574249314fd34fb1c2688edfdf9b397ae4b668	35.464	1
annotate-details-068	29391075e6f366a85e0793e05d15b497609eb6a4dcf29392cb382b3f509c6d93,8032b427ce2c04d5b31305019b09f5844d8393ae8ebe8ec551e34e65069099aa,61faf5f8d91f7a2881582c9c1db151d48c8fc955570c37958039de4dcec91ae0	32.012	1
annotate-details-069	f87c77d541b3bb6ab9c4695066642017bbb1e7a12da1055ac093af3e441285b7,37cdb36920c767257749a759b804e5ca46aed1c40311ace59d0b7b3b437c8e6a,6fc22b15e869eb586cbe833d98941365ff49c35a372b0059c1cad74c4b8d725b	40.056	1
annotate-details-070	8b170f1c79deec77d51e75520d840eed812fe4330fd2886528ccf4d4ec5916e3,0158be5b55199905f89fba763bf0f8013ff59bd8b51ff776937c8fb381c35549,eea07ba73612d8eeec1029e51b85664b3d0b5eebbf719ac9f6c6b1e842500b30	27.17	1
annotate-details-071	f00777a591d628d7ca1b89eef1a3c496a0095562daa8734c34c1e6f8929c249f,8be1207af3100c09546a13a7f821f7c41ded38bed5e2d3537bdd0d07262e5c65,00b0a0447572bd7ab1dca7892cebbd892f1f30716e2b0fdbbb360c32bde9e9dd	28.304	1
annotate-details-072	25b80cc2c83de304493d5b746f607d700bb2158696b59832dff4654e2863eca7,672792b2ec5fd0f4bc6513c2dbe69ba5e1c50521bca9c8580a01b2270bb43d8c,84dd5d42a713f711d5db4453f8b841502c6c935aa7b1b148d4f507617a0b91df	28.46	1
annotate-details-073	ba9e2c996fafe9dea8f4f86c904201cad5759c81416d04909e9d4b5a3f0187bb,e5523f098ca72779bfc5fe12e71ad3e7de66ad7e8d8a4b7b789289c71d50880c,0b8fd4dda1863f9350f969324a3d92cfb101cb9f4a9b759e49c2bf083394f550	43.345	1
annotate-details-074	3db70325596e9a0fa6c4e8353888634b98fefe5f51bfe573b2ef90482944c205,fa6de38bc134dab7f124033245b751ef4ceee28173b0b6605d5459f5870a43dd,152a67ab030dbbb629720ac82442e17812304667e86e41272a84068991d07c5c	45.635	1
annotate-details-075	e7446ee936f709fb4096c2bdfdb33e55860daacd8056167ca2ea9ef0f7468fd7,88914c7c306f3e5551d290b1dd1a4da9af01828774c669aec00e198b0c237e08,e911580b741a6040cdc04f589f1d46e59c655e503c8addf4116c9d7e47eba6a1	47.569	1
annotate-details-076	85239d4355deec51bb2f2b1196d01ac6bc32925de83199453302de935e47d2b8,4e28a7436634eedc43eda43f50c9bc608bdfd74e494c993d2adcf0f441eaeda7,a850b8a724c6661e730915c072c42900615c9c773ee94a86c17b92b763003294	53.829	1
annotate-details-077	6db33e8f0dd3834f5d44b24baaf3d603fe760d0a72938531a565cdcc1b627e0b,a531269ed72deb653ba71ca5a09506395dbb027424b4f0757e7894f0b59a174b,037b2bbc966f796906c756aa7f2d22d2efdea66cef36575d68cb8b319a4ca9a8	43.393	1
annotate-details-078	c45056f6427ae961177a8aa8d91e372db25c16c20136cf5a262af4a78c28c425,ca780d6112f5cabccae52a5509ecb8555f5af054c560da58d341c8382277adc0,199473a3a565e88d55c69e595adf9ab1f44ca8e9a313bb6cb6a7b75213376c7e	38.877	1
annotate-details-079	b2e52a143e06b4116a768937c78c49a3a8a34ece3efcc9276d128d67bf07815d,5afe9ac8a710ba761a98c9fe7b5edd86df6c6ebb4f310ce25f8fc2b464a4b217,0f15532d8a965728e20f9344c48240d41c54aa36db05d12b133c40cd893aa021	33.022	1
annotate-details-080	2fd93d9a13c6b2216db7fdf177aba784f80688dcd88bd16802746ba51d1b98b6,dfe355f02f26266679d26f1c313e98bafb90d9694587ef0ba0e6008d7673ae0a,0e7ed3493e48e39e851064c5c07afe55fcde0e6b78ee108c75aba5c1adf5fbfb	32.567	1
annotate-details-081	ec66d95f57d3a43bcb220a67bfd8a7f95e6dbb294c4ed58b5d1dc7dd92d535b7,80c3e44db01ec7b5d57486ad87a735fe5e809045e79ff52642a73ba7f9551414,1dad73d43fae3641f1cc580a0bf7feae2bd8ec3d369c46d39422859b8697d951	34.877	1
annotate-details-082	77af43026e8d84f03868804ff534ae79a5b2e9527ebbc317b643397f0a22cb04,b1d2f86d05521fad54fcfa995b74c93a753f4f3d5044922901a1565c53423c9c,0617358757604cb3166bfd9df4998a31a1303d4ad9564d1127d609502e52ec61	33.493	1
annotate-details-083	94a5be87678a5f71f87ae83beff2478db902448344263f63be1329163c21c193,835a914b33a4e22b0686efcaafd40295433194b2a7cae5bcb722f4a12d1c8dea,aaf1eb28e97416947b53b4a932f1f189502b33596a0017438f7212928e623796	49.63	1
annotate-details-084	f485cb64c209f439b35b8aefc445edc6b805a5ddf4aad2e6e742cbe2c9769c5c,e2cdeb53062cb9363de87e130c1a349b121d9fa0e3b5b1ec0bc6b73f6322ab56,d5104b4356478c406e77ba36444cec1652d504be3351134c1b1396b86906ccb1	34.14	1
annotate-details-085	707ddda08c6fe956ba48131c67310c0ef0e1a26e705f155f6e3b1f7a2e038d7d,b04e38739f3823ab7649301a9ac39fcd55fb29d923a99cfc0c8abe26d34574dd,c37f749425f660c7e92bb3be33c735e7ffc3d13f4016da779372717e29076580	41.419	1
annotate-details-086	c2784e0ee0f6986190a41eeb842114b8484c77e1c2856dd9c639e872768ee169,7b2f9e310d50c5327c7276a626ac333bdd8b2257767e2f044d9635169227cc95,582fd6c764e319dffc3e250f7aab09aae6f5e5080e1c31ec0fbc2c4b198dcc58	44.607	1
annotate-details-087	726ac9c08aaa3f592ffcdeb05015e7e0f90fe88dc3040bbd43f8942ffaa619a3,0f5bc310e03281e234e158e9c43ebd6dde73ced444b800f1706858c46390c852,3b6680c871a55f4176ab7d43d80ee3dbbcf8b47992c91ca8366f5db03bcfac2d	44.146	1
annotate-details-088	aec7f519efb58bb470793eaa161c3148c75d7bf107360a35fa003b1d778a0c99,60c234921c08479e8b0446a899e00a664b46c72e98b8ea42a2e252637f6eb99e,88f63c8437a891aa63161112365d8b0bfc61e8539656532c34fd2110575b8c08	40.677	1
annotate-details-089	405520741b7278b5d6d548fb24d1a97aeca4a1fed5b2d0b2fab66a5c0658f14c,47887ccbcf9bdb1757b08d72e08bf901a051236ac0e82720713ae99bfe19c3aa,0d42df74fdcacecc93404a7021f5d7fe69df0bdcafaf90fd46a2e5f6b0f6930b	59.082	1
annotate-details-090	a0295a3aca82f1db40fcd063a35866f8d5caddbdebe6aeb6d47152c1a0397fa2,e72d1a701c6c4a1614f4ab3c9ab877fa77fdf2e934088584e194e466b5957b95,90d12c84a8bb29ed7913cf1c20540f4b589d9e5744561ad660f4a417f524cb52	27.688	1
annotate-details-091	142e0d25902d993e99938debc2175a8c8d2725f491dbcf94dd2f0fe179ab2ba2,86623393399a3edb9fdfdc6527e92acbf77bd0a454b8a6842130fceef9102fab,ea4e00420c56a6f541a768252a563b20f7f4559b3229bea17e25c5de52e14cc3	45.515	1
annotate-details-092	e1e248e45c71d4babe4f05ea6676f587541ead872fe59edc49a83a35d3f5de4f,b474244768b8bc35cc37584f974ae6f0f6f9c55f6a281b85ef122b517772e6ae,8b4d7c949ed0fe2d01a7f143c0077d873537192e03319c7d2543dca7fa4b52a0	27.884	1
annotate-details-093	8940a3ab3a54b3d3bdfc17a7d60f99628932f564799be7af7116f0db2b0544cd,5d449be1c2e97b73da23b0e1fecd2f55e4e8b21444bdd1765f399b439d2643e8,b8a2eaaa10ed78c5ad089a273067256d71fe29adce844e8a538612824356e3e5	32.751	1
annotate-details-094	f80048eac38fa39f465a206b1031f33a06d3aeb3cf0ee2d13485aab84374cc88,52b2d314ccb3832283d78584d64bd89737faab9e5551d8ec9805ad73b996a833,6fb5dc71b38d4ec1fec537a5821537360e32f53a87d0c9f7d82ce22338a98c38	35.427	1
annotate-details-095	aa9c1f6943ffb642587dcc8b4c5edf2d8da80348c6b6995bd89cac802b0f815b,a5ab91420e7978aeb53d080f94d96e9d19d4105f215ea72cee11efe77e410261,93a7f47e6ad35158d7909d051c3cf0c030b0b3f332979a3462c8a27d09f745d2	38.459	1
annotate-details-096	c0f3e282549befb9bd80133189f630e4800018b7bbbfc88369f78d541e3981a1,b03a0336253c228b6b8a92d8384061b1d9f947acb4bf1c79d00fdfb2844e09fb,76e2cfb3dae4b8e5f9e557385afbc343e47557bb2aca1045dc8e73edb6a79bd0	34.91	1
annotate-details-097	0c7e25ab165cedd2a9de8eb2aa97fb67db1a852bd27093e37d71480e3d479c61,df8fdf1af28bb62709a9776d7f4e7944119db69e739cdfca04cf300327ef6a83,38b216fb8f05871c64125fd0f7c70d666e8e45c29e4021fa7aea9b41b23c65bf	30.312	1
annotate-details-098	4f834a0e13f97b4e17ec0a3aff7251a9e9b3519da42da6db932595dbdd4f59da,6fbfaed7e1ee0ede2d27ef74710341afe2f3578e45dc007cece09e5e212c99a5,80647fbd9decb1f10afff04aa1a4c825985c0a4b2a6b066c648a371acf9a19bf	76.223	1
annotate-details-099	d998ca499d36bd0a4aa5bed0e6bf95193dad95b5993ba0c0bf54246648a86a1f,d270994f098f1bde7b34b499ea45a8d2948d8c4d03878d71b8a76b473dada63d,5815a02728fff8992b780167266f445f8f28e6be8233b3a2446f441954d58313	13.534	1
annotate-details-100	ab63c0130915a45936748fdc8f5e35c5e06eeac4e52603ece46e4731e8a5b7aa,642752b73dec43ba2e885258eac6ccff10a0c4c9b20aed0d7cd0f92d1150081d,8fa9e27efacc1d8e5f60245cc6c0f7b7e44d86daf026a7171f722c538338371e	10.091	1
annotate-details-101	69b5f2641dcc1ef18b148ec3877d50662c98e169865dd50aba7f3b9cee5e1c90,4550f4c7c63fb2b985c980d1f447805a9f8d8c1d0e8155487ed98c3a2cbdb297,606bb23668b4b412fa3e249cff3c379d81f0baf2830e7e21aa82b796a248f00a	7.562	1
annotate-details-102	24c3ce9dcc32a09fb9950f993b5a65901fe0b04c379ea541988d3a7a5ea8b6c0,817333f81608d1185d0ec794b925608376c79695d42aaeb84d59d288126a016f,7c8a5a0f2b5f5e68acd6f8d2539f016344f064bcb8bb956000891f17eb2bb3a1	11.084	1
annotate-details-103	53b184e29d3e7bc5844a0f988d42c077d7865627c1f6dfa311ce164ccfd8b9f4,cb91a3203ba4185c4e730ded7124c48152384da7d2971643de92c0973f98c0b5,6a2e22c17c1da29c7cac2aaa523e73596edaf21d542deb5f23c1d812d4e57cb8	9.364	1
annotate-details-104	c8535a1d65a52b0940d5fd3a2ed652778a8e15b3c73a3f7bf13484e25b2f9cd6,8d44dfa2e00522f47c1003a5615763d2797b253d539c3b1386efe1fd10f282f5,9893481e17e45b0d6b62b22a6bbdf4485ecf3576a8eda9a2049d8be0caf166f8	10.576	1
annotate-details-105	06fc54e9a3742c005b4ef0cd583d237839f3da99fa23c1047a3d753be0440373,c814f65173c0daaed3e7bbdda9ae7122fb3d5b237ebc1a3df58ca40b94bddd08,c7c770ad19551758ec543a12e2ddfdb4cfbd847bfa8dc92c95250ef770dcf535	1.749	1
annotate-details-106	annotate-details-106	127.281	1
annotate-details-107	4b7cbdf81cd9b76db90acc4319adc54430d8a0cc96ec5735fa261ae447955c71,3d6984f556445e674139e0d35e0dcef7754fe2186c3406204e8bc4d049b52ff5,44a835f4d640cdd3fec3e547f569af3a2d4a6dc86c6ed1aaf395a8445ab54364	130.074	9
annotate-details-108	ef7700849f93d8aaf424ccc5f512e6a1e835748f93784411fbc9863f285e3392,f14092e7eb7f9bb9406e5a79648057c9491315898434404e72491ad14eb70716,fc40b2561623139357910183a14d7160147ddacb791b4a506bec9fa714c88604	0.586	1
annotate-details-109	0f16330d11250171d8b09193c56e1a8ac0a6f96110a65ec184743d34a1d9c55a,3e128a6f85fad007c12c590f89095ade6d85704d7d4eba07b35d787dff33ebda,c53acf5d36df675d421d38476a53b3d300f1d41bcb0ed8a774c3da2b9495066a	0.595	1
annotate-details-110	f074342f25d00f758407ab2e0b8992bb7622bf31f47e88ae9fb0007c511f0936,bccfac4f147a92d63a545e8b4597b9ee606cba46d84479ba48c319bffc4b776c,5965ab86a9affb7fd024447087d52e991e1bac539bd09bc56da131a3bb519367	0.376	1
annotate-details-111	5a27bc1d5d29e9a58fb7e834be27dbae019f31feef42eb2c69e3e27f1a21a1ed,ab475e0abe1d01e46cc6465b986200f0e31d3c8b323bedcf2a964b04e6835bba,d78982e33304c7f1c1a16b0454d8b2eff6445a62a2736a3a50f757da1347981a	0.445	1
annotate-details-112	6d86599d05ecc1a3d1e6e274252822391770c35bca8ccdcb67cb21f515ec70a0,765761c568db02b2db79d4706e0aab06800cc503d8e5df98189ff1791c096e68,d3d677c9b3ad339cf9c24969683f68f67f724567d9cfb98c32157994480f8027	0.364	1
annotate-details-113	fa9e76659ef8f1ca887af271ae23d197cf2c8261e0bbe15187ac415ee568fc0c,cef7e35fe8747a5ae91ae44e2e8ce3f775db132b07a56a7d5a8987dba8bf24e2,376e722620f940c4793db6acee05f4282ac0ca6dcf1fa203085da79cd85220b2	0.47	1
annotate-details-114	131ba00040de6be81b5ebbda29d4485733c7967163e48cb90a970fb02d5e1e06,446fbdcd47d40e4477b208ce319b0e828f12a33d9a94f86200c48c1e885305ca,466624e74d416aa0535617d802b2bacf1739e87ee314b0a9e0718dc7d2de3f07	0.418	1
annotate-details-115	25459a4766d718dca63b89583355b09f0001261f2a921c87154b61565faad329,0f01e8b0f467bdc5ce28f9d81b7c192eadbb5845a0aa2668695915207f6c34ea,4e12923240531e9418e6d9aafed09d0e99e62a62fe957a1897b0b78d207edf13	0.365	1
annotate-details-116	70386b33707c649bae3f309b6d57b8c20d8d0d5d5a973cecd0ffac25f7e749fe,fcfd1d7773cbfa548e3f2999359eca975ec5f973025a15592a009e2d41b842ed,b4ca32809ce36864f00d409d8921d3236a6a259f4a8d093d7d73cb27e5fce847	0.365	1
annotate-details-117	f7b8a186bc7da7d276eb40c6a550b9bae26b0a5b2297ef13ce63fc642b21903c,2858782bea27495f0edbbccef17160437b0f41b3521bd9f18681be9b490e4fa3,c0fccaf3e3ce7024d8e5cf2064ea71544348ed35f0808a19a19ed1cd41f874e0	0.515	1
annotate-details-118	d8d7a4545b55c530a0ff9d24b43e1f6d19bf008833ca1caf059156d4f7a3bcb0,2e4cb5f517685b1d55e3d50069bf08dd8f612959766978c04120d6abf3a6d428,3871d3d6baa4d9cc6d5440354aa7e16cb7fa5a4d85756149290302b6c37a209b	0.664	1
annotate-context-001	72858e9b1b6c72144e43c952d4a45ddadfe35d1b6c80d072df05df606574287b,11c1e700d8021a5bb88fe49754ab134782f6e6d7529fed74a687ac9452118d21,b161237ae911354f474c98cf8d73e8d9d0add8f54795584adaadf3b4c9f7c73b,7af85546fadf20bcb06e4c1bf7969fdcb72355d172458700fe9f05fb3a91ee8b,ded721aa508982c96e0795ad287ed006ff9df73775b7f454e9c66df308115ff1,91ccb53398f26fb3c82056fff4bde82d61e878d73eeaa89e9f22a82bee6a8e11	0.64	1
annotate-context-002	0d4f259bd7031b6530c2393f48c21f52baa051d84234340c7df074568b4c7264,89bf02bf0b3f54f93409beebfed39314d39b072b14faf3bbd0043bfc2a9f30e5,023e1e726f6ebc9b42d0e4055d57939b5099b8ef2a52c17932e9db80b6846518,572d30911dedb0d6ac748ac62d2340dd69dffb749285043cc0706ee28af9eed2,ff1e53900214fd7d5a450c4e694cd5f4150ef64841732e4a3c6fd871d276b54c,f95a17227121b00d9457d4587ca5d3f27a6caa2b89e862c45701062be828995f	0.875	1
annotate-context-003	f1a8855fd3666161820d4cba487ef7b84905244b0f988e58625001fa7c9921b7,7792570624198756a09ea6afc0ac62b2b607eb254b53e425b5e19f05029a619e,f9773418d3d7576b7ee27b6884f41f338c1655aeb86eb254dc0addb7f0b1aa2a,2d53b9b1583791636887604dcaf0a90bacc5f43646444a218f29cf5d68d31883,5aaa1e306716e81b7924a90e926faff48c11eaa5247c67a71ab99d945b98732e,c2c56f6b3045bcff458dbaecc1bcdac2e0f35525ac4340c242719ea19b46b004	0.979	1
annotate-context-004	b61bd47787f12550ffc74fbc41334c6af930c80a6490dabbd4ea8323f8d07437,d5ce29d882cd4470af147cc8baf1c61f87eb7bbc082ef8bcedf61c1a2d7deb1c,be39cbc8ad197b5455ba7421937874a87921a9e67a6aab026e6c8a3f5cf629b3,66cb279176b7dd8066998259dedb05e194f40c7b2ae0962e6064089df1a77544,e5f987c313ac533026b7ec942994cc664401cc0482852919b7bac16c85e4b7a8,ff1e22ad28a2d50a33561fbff236371e62a73a300ae0fc07bd6f08fa7eee1598	0.665	1
annotate-context-005	895ab5bba506244ed7c92d103f8566613efedffaa42d9b3e0a5d4ac212085bb2,540655b5f6daef64b649417a65b5999fc3e6cab452af58f6c740c10f5f04f952,48197bb1822ade58cc454b675e14b258a9f73da1989949581634a82249348df4,06732e638e41e221455a67a9f453e11e627e2d3895e5b115ca0e985c5e5a8990,4206866c486b73995eef7666623eda8f1a0422d8e3fc0ca414f819ba0ec521d1,b55361d00751c115371c58358c2fb76eaea73bd96f9ff95e7839c0f6d312e802	0.614	1
annotate-context-006	206f89f3812b872205c603c7946646fdc2770ba2fe2dc21250ed02f9c0010763,4c1e98bc661138977d07ae22d77fb8227bb5ebf36361e9367018605de271ac8f,d7c2a9cd8b0dc3506c59ca9806b3670f936da34588042bcb1d1e80e681b588ad,52ee48a5dc2fbb71df3c4fc17db32983c4f2940654beaaa88f12bb72f2879f18,429e28eb2762ac054ab5ce02f66383c669e09962ca9802dbbae884a100130fd9,75376a94733b809882af016df9568c7e710ac27c34ef9cf117aff3f212a0938b	0.59	1
annotate-context-007	6600c5c49abdc365d2ca5747d442b80be2925a8d87657a3c632596c5eaa84053,b3b507e31645531c8471dc94ecc835e7e78da38e657ff82dcc124e292c2ad340,4718f573245649556b3692479b6977f764227c07ef6eb043ea474d67c41f420f,ea5029a65dcbaba6a914f689c7a113e324b894873fd9fdf3a173514c9125d6d3,7db860fba7617e06cfbf8a04de7537649ec7817bb9e8a8e3f5274ca3ea2779cf,88e7687ed42c9e6a148dce2cbb25ce6d43ca4e9f2cca731c82626e8e233b1f5d	0.583	1
annotate-context-008	121050512d188bd58de94e1f824ecb9b062f85eca5f7620e4879deb8a032002b,97560d1c31f984fb1de05a91c1bd5d8fdf0e677d3831e89c3f0ddd907359168c,456965452e3d1f2c865f78784df44933d317ae6d3b21454db8569f2931a269d2,9f6ba72824941ec7353f2898e7f1300e20658812241d258841f25e4bda5d37de,677c34f38d3587e216968b56cd1d8a8803602579861a4165e326b75486072a24,1c07488572866fcf7725cc199fc833e4f0722da9acc077b76ce26b81e7db2a45	0.693	1
annotate-context-009	65334e4ef82599f820eced6738c07dd4c0c0c71b969ef682fa78b522d1d133b9,12e92f212694ec95dc179664b75d99048c5cf81256d3cdfc90c890b286d1f791,e39f13ddb9e53375735671b9b4b4baad93eef114d6b4beb764850372e7cb09ae,44669965771f392e7889276a2146f3413e473656be120b82ce94ae3b81270a55,7d22386a7e3e795a181e7467d32f2a9849704709f8b99d01984559460042341f,94912de5f592b6c84e08339b50978d2c0c566d82167379cc8522fa70fe7021b7	0.728	1
annotate-context-010	b68802e6cbd6b84b2c30e1c1b9de79a2362bfeafd86dc492dda15b116057f471,0e2d1150d6d6a5b90dcbdd0511a136f3bc390b3f7ab4a45230182f1da43ae8e0,9daa17d6bea53b23866b1425fec180e5b639cf28c10b70319d54d50c95d02e4e,ed5be25a31b0e24466403255bb48b2079014f229f5e31bb0735c45e72fdd476d,69f2e9e192cd90e772d425b77efa295e9f3ba965963a9c14c5c8d82283fb6f92,4f3c5fecc8e64ad47de9c0829a3dd52d5e558600215f35eb8629e7c9c8251c7a	0.591	1
annotate-context-011	69982b5f662da19a3ad90c959d9b0046dc1e9af14a40e64dc4d0e8f3f35b97f4,d48df1f30dde489222699b9c1698ca1838a36ab0fc5b685d81ed0b8ef3657127,630d0826ac8a3e3d3db43c574323ed5deea98600d94eba2a12214b7e05ed9e1b,3bc99f8dab38bd624dd1d214dbd9dd6c03f8a29c79e462c96917c9e0595f6f46,97c0f3fc87a5aa25883c339a4f264d5e2c86fb5cff9afc30de8f8ce3eef1c171,c03e036fc9df45713ba3240b4a9a09090e40188b2620e308d9c3e29bcbf77a8e	1.262	1
annotate-context-012	eba18e823c37e4898ecec46c0d81b858954caa51b299bf961f0afaf2e4f83c69,6bbfb961dc74d9f2a4b625d6bdf60abac6fe773d12e4f3e6f468a5a2f33ea4cc,bb35cf05cbc4d3503120ab3232caaa80e0ba8136fae3350a9d9444ae231725bc,89969966e047328cd539d6921d255623e582954cf6f739d9225e500f609c0d2d,e72d3857e46fefdf08516b082242405c375faa2187ead24ab954bb66f76792e4,d6a9653bacdfd54c582e6cd464e43791c46af18ec87da183840b185cfa9700e1	0.617	1
annotate-context-013	6ab278bb844ab09d4662979fc85395f659c7e9dc87801c4b8fdf392c70198c41,27022d645af84dd25d772737a745d0e7e257aa43827fc8887bf4b264f7107fd9,a5eb6e18318285d64f5bbeb45fbda6391d401dc8f89a30bd44d87396458f0f2a,f34dffcc0f224f0f2adfdf91fcbba03bdfa0ab2b4dc510d137a37699912f1265,b34ef0a57795f8ddefb0fb766ce792b842a25e940a89a0e4a8e826570745cfd0,3a7789a1e5e8e84f32e3d0e4ccd7a2cb6711df83cbba13d2e2196449cbff96be	0.681	1
annotate-context-014	7481a0ed51fa9d00cb4c1451e60e011df7e991e08653511d91374c67c685480d,97fd4515fca665bf633fb4ded47f3b049161f71bc63e5f9ab389390ece77a40b,6848c5d9696a2a386aeeb47abe28cdf8f6755e7913fbbb5261c2a0af6b96387c,4884b1408f6391d8833acfe09bc142cd5bcffa5efbd0485002a0f4e33bfed51c,197c1afddd6a852dc4f69c3f8baa8ff46850f88ba2bf75e22277c7bc445eaa69,786b5c2933b2ffa90e100abe275b7e08903633326e4f9ad6490e40a808c63960	0.805	1
annotate-context-015	b64ed2fbe9e66cf33942f98a5022183285802b13a0ba42a6496799019faeffc1,f21875a8b8a3998f75baf3683e67db696ec8dcf25b97f3db804d02fdb50fb149,951e557d7e6ea4c0f37d9160ab03828c77f4729f867e2886e4471d58380ce978,a51f42abe052cbb041de17a5bc8b678ccd13736f23c2e8ae89aa4d076b708714,cc9a01d16ffbe8a19a2d0fc4dcec2689824c1c285dc81f7068149662ee82fbb7,a4cc75e979172a32d064bb5b1484805b1719bc36b7786bcbc51f4605c0e43a94	0.644	1
annotate-context-016	20222e8aaa4e3dd2f23a8665847c56fab6fb85640ffc584af2b98742e525895c,dd717bdf194bd98aad97b78755b5a2ebadf1cdc3011d47357c447706e8cfe539,bbfff69c17709ae8ae1ad818c24bded12ec38e6674f8222ecf6e89322d25fc8b,c4e2755218f4e187c561448cd3c2dc2c50eaf3b8636f79c6d5b2cc56e6669f43,2bdea0f5bcc45294a83b9224f16c3a6214af407830583ce2912a38a220543c79,decefdb7c3b758e93f3fcb6f2d3f69eaa98413024e77041f66fa40265af4b3ba	0.634	1
annotate-context-017	cc930ed1e164076efa2812271f36afb5ed0cd0d1bd034b1a65746398625ef71f,cd6ec571d0e31bf3bdc2e60911064c99ce6712fef4554126efdbbba9002afc95,66ddac057afc089c935a9e6dcf956912fba67cd1ddb7fd098384f036f68c9ee5,eb53671e0f6e7b67623c5d0232418b4dfcec56669f1013be9feacc4e12bb768e,20fa842ed77ddc0c7da02e16464918332c6a79612910fe7bb47fa85f5dae36f3,f5f98fc9fdda8252cbfb5badd21f6a3be39fc830d8980a6ea27aa739ed247f6a	0.598	1
annotate-context-018	1cb390b4a37b2bed1b8c0aca8ccca370dafa9e65a2b3b3a6c1cae1b7fb7826f0,78a86e04ced41c97facdb4c97017c06e594790bf4da6161dc4b9321aec18b690,fe3b46c24cc5cf78b0b53d5f40433b29bcb76d200348c6380ee36d2e78d4d8d8,e53f56c18c0e462dc190ca2c4dede7cb93c5a36eff063b255ded3a700a587326,341f3b93ce3ea589bbc625acb1f42d912b7e4ba3a00b59b3ff0b3eb40085aa6c,785b2eaa3588cd80ca7065e8e33fda10c963c8ebc75aab4a858bde938955d21e	0.675	1
annotate-context-019	d5812e93d59fd1ea88e809af379597b674a364cf395fc00624f5eda4ddf3326e,a7c4712592fd4b21dcce9ddb9f7945151165f6c7d02bd54ecadd5951ee24433f,8e35d8735e1af430f05528d48684b5ebc39a796ead46ac501228017fd7c3b8cd,34012a773c23b4df049645194c153d4add3bce8000dd04c0315a1f44460419e2,d9b7317ceafe5b3217673792a17395877cf083209e3a0661b82f6ccec35f5911,fbd1205ff5cacb424b0ea68fddb4b15f70c137bfe1bc7e13ccfadb5ecada1098	0.64	1
annotate-context-020	00e065ab6c057587e4cb13631cad422aafe6b2091f02198b8ade4dfe1c9e264a,8847fa30fb9ceedef540d0e848971505a51e752a26e74a59382c7a62705d10f7,960ed79adb980e7a84659ae3d8c8fa09dc311ba809548d4f85ee9557564dcbc7,dc9b1f12277c4c2edcafffc11a10d7055d6f53f879adf4a9a836303a835a4d2d,46a263a5bfab17ff773bf68a5232735953d62c98050f52d47b5dd8805276cb75,d1c8688290f829b8ccf6327466be74d3ed516d72af1ed9dd2975b71010c9158a	0.582	1
annotate-context-021	076724c4064c1d829a652e0f04499ba1f2ffe00f82a9df6369d6854e5dc54138,8d4b877e53e7f0de42cf4f56935ebde7d7a9b18918812771a9b281c9cefe95d4,bfb94699df937c2aead879bb3cc6ec47940d5c636db6c1493efaf960ec2dbbb9,e801ca6527167572b5fcfefbc1fc7e8201f5602d1a6e036e92d5d9ad3573d1eb,138b08299bbe6ec9763d9cf6315ada019e93607314a546bd4766db5a397f3fd5,ef04c57efd5bec07d3ced1f4a9e547c762716faff71f39f457c875c1c972d12f	1.248	1
annotate-context-022	02507185c0f1006f6bdb7457bcec18952f63d91146bbfc5ce58ee2936354cb86,499ed3c965ef44e43a502c5cc3d642fc94b89c3f13e37819e850e66f6900a79c,78460f18d1f14278bdfe58dbc13ac3a58244e8709348abc68da1ffb269a1f4d0,211134d42ac9ce4cf6e2439dfa0aa3fad1827e9a12ef7a03dbc8b87ddd79e9e0,3fff39182952385a3e38309a20fca77d750c107d20704e59141e6dbb320255b0,3d04a88592555c7be3ca1ca0475b27c8003060dc6a7ac532ccd30f7ae46fc995	0.558	1
annotate-context-023	941f4d36079376e220a0d6b1f54818bd2c90bc9c65b7704b8f91afe881a8e12e,de946a006ed93da82cebd3b2666651711e276ee99e622d9de1fe183eb495a711,2af7e6dc1a83636d8daf71209813164ce417f3c0d830b70c36b608be734761ac,a867302e3e0f5ecad9b7024990453938c0052879d1ffc093edadb54a475508ca,00cf9b02ae0f064791c5cc6be97029ed638ca13f0fcc5882f08345af60974d45,e9ea953634ec0e885a6f19401a64a01bf3fbf5a3eb27616943c210dcf0fa0d07	0.659	1
annotate-context-024	25f7542de320c43d96f758a8e2f8d51c168eec58ffedc66371680e9f975b0c67,de0a27be6ad6d2997e17d517419d98850df6d48a4c1f76363fa8e69b51c1ecd6,061470fc0e698046a773b2279b106c6fc8bc2e1f113d03571efb8e6beaafabf3,2a24e97f4420e29bd780005ddb15510a444bb0ddcb47eb2d391dae11e30a6c81,789af5fcfda283231673cd805aab4686763184421959714690cda812a9cabece,9e779a319edbdee6513b7d62eb23bf24e16f1dc5ab9ee0a7d6eb09f800d3ab78	1.066	1
annotate-context-025	35d6b4fff62e12b4fa49deef95d3884ed4a5efe36047ff01badfcfe4cd1255d3,3c662a03f45a51fe57179fb159ccf756eec79f4e605e0ed480d9eb7c4776b003,ac3a07ac7fed693a4f2691a44054907b8adc8bfd4ea2538691324b7824377d40,32ac0bdefb1fd7c0d0f6d2da3baca4d7736450b1f3a22236365b16e438234825,aad5f0b701b9784fc081bb0c1b8ef65a1d86bb25a33b981e5127aa306735ebb4,fa153d5336848a57c661ca4678c2455139b44b6fee4cec3224e4853d7dfcb221	1.197	1
annotate-context-026	9a49330763018953749bd043a8bd177cea57fa4951526bc0e23534ae397d938d,32778bbaed419a15af21919a9d1d85ec445192d4b3cbfd289e7aeb553e2a8dd7,29601964c8432bc31e809461d4522b710c184fa19cfaab22b39a6fcbfbf1ec99,1f00e8d26b915eded65788579c064a8d8a320b689211000a506c2d3cbab33c92,4b05b951f1d7d8e4e5c12a17b7774c6d35fa8eb73dec77027facbc81f241a868,9f2475c29c912dcf014d9a3f395775e3325c258e41be96090d218be7a061cfc5	0.64	1
annotate-context-027	4f409b329db8fc7b9bdd3ed34c39efa0677ea923199904c59b536cf7dae2a289,f0043cf5eeb4f1eb3a4fd2f3114ab8a8d925e1d2a0da21dd3a1a7af318a86ae4,53bbb239ea63bcf2efa6322e6d0c0cc35baf8c6c832f2bb067401d18826193b6,2dc741c78615fd0ea44087f620a2f5a410638fc6f64e863d8c817e1298689e12,325a35035a3fd40594a1ff01d19f0f2d0eaadf10a6ab89f68930c5844cab6cd3,2f1395b7951e670d9aec9a502e15b83a27ed3b7509f6efc3f11779748dd4fcbf	0.59	1
annotate-context-028	7f7cd11e5281a1b4cac3534764ee043b0b86f11d8e822696128e6d34785d6768,5c8d710866005c382951675a95fbd03b1eb47e9cbad83e3ba5dff3f7f4ca1160,d6df39f880f153cd0034a6fd030c09c1eb16e48e08e0912346633149150c1729,215565ab0b89895bfd4ecc8bc0c6c22ececa0e132e71358259384dd879fa553e,4f05ecea39a884572a331962210c7dad5d096a40ae6628971ea0d97b583fbfff,e4fb08216afaf106aa2b66645e8b7fb363f06557023db4330ef90b76f868792f	0.691	1
annotate-context-029	a31e2d06941dde9b9c48141b676da256321ca982a7734ae0573a15a8c2dca80b,9fad5d2a28c201d56fd3e0ef6218f65804a2eb9f1fc78f467990f1efff9fed21,b4215fffbf35bba3fed3d1839fbf1b27dd9e17ed03a8adc5c44d566eeb1a7a85,d5ede7dc0f9c5cebbf0710ab4bc9df4129cfe2753e19b306ca5574d5f728287f,545473570cc383887a937233d503733b28984a8f8360793571d1567a919fed94,c7189f1399b1d0461b990ff6ca4f752a8d0d051b2d910a1343b074c82004a13f	0.662	1
annotate-context-030	22e57e5e0e4f7b712c94bea125f05c1a08a3916ab29ef1444ffe54902045d92b,8a5526711cbe4ca0fb6838b9de886b3f300c44c19de1e0eb9bf801d48c6c113b,253206c3926952a03f6602ba8349713c41be8d66bbb3c6baf5d58587181a8fea,179185fae0cbf92b894831fc92aa3eb428082eda95c20a2da24af6c3da7f6a7a,aa801ebba75561b2c835ac1c3621e5c8952ed11f7e9a7fd9316f7a72e5a4b6ad,925dcf51bf8a0762d0287e4cac4f9eadda544391e7c9f45c4a7311bb0027398d	0.709	1
annotate-context-031	fcdcaadb315ef09baf04ecfbedc3c7a168ab8ec55dcd1f6c7dc4a8aec23ac043,9af5d6904c8f83e9348ec1a615000adac317181aea8865912964e868111882b2,400cc0011233cd913f6e11f7e7debc4b5e7fc47adab691805e8ad42f4cf0dcdf,e48eaa0083d03663b15f93ce48a61a685fe994002fa61458968aab3a596f9ab9,6cc2940139f664d777141d3d1c58e2536d49dc588d5d55b467b026019d4b86a0,afe4cf6e50f3ea43b196a5cbece307738c3e7bfa3fef703125014fb49b6a3be8	0.819	1
annotate-context-032	ddaf04da9aae5d49f73a6fd9d31e3e84576b82e78c1c79fe0530422f1f513ee8,d2be721b7bb13a710a8e486330d22ba6362477285048942c1cdb2e7580231f64,9e49e41e3321abb36678ec579d90dc19ac3a19ae76e1444776dde7e54a7bb0ee,08138a20e49fc00aa021035a697742ac785da6d2ce6c9980a7d3bd3321b80b34,149a8342674ae8c1c1bbc23e939aecde150d33c8e8b13ca678329c8ae97afc97,1ed1470b25466a0fbc85f774fa78c537d175f9a7cad6d067fdce8c4a67ff0915	0.622	1
annotate-context-033	a0bc33b630bcc3d18e8fa8b0b4155a928f842c288aaabc9582b0e034d7924fdc,ed4d0b5cac84951d35b1bf0be785826ddb007443c6308093e8fceb6d37f725d3,d2de58f33fe8419ba88d1636bdae067c6714970356092d91592983146ffce520,88c0afdf16e19c7d57c516d4d70c6be1ecbc8f8f77bfea6cf3a5dbe12cfd7e19,cb7a618eadbd369ebb8ceabad07c7f7dd35a3389b46e236c714ea690572a9d80,81914001717cb58f6633d1c1608024cb7a5759169819c917f13a712d30fdbbbf	0.665	1
annotate-context-034	6b39e672243a3d49ebfdc0c9595a43fc07fbef94addb8f21a3dc7bd11c85a57f,b428411a04625f513af8ab39ae0391c9e0b0ccaffaba84bb0c7194f4e3b77590,e3782cd19a2005726b878891c90d8e358fe72593d5d1137b3d2086c96c3767ad,9b05c4ac9f79c9b95544cb24e3453e5b41ba1b159e461e4276313f694beec24f,04302b4316de84f039c9b588483e7399ae63e78c42f7790b6c6bb5375b30ee4a,a19a1119e335aa2fcfed0a21abff3d9c864ff8fd95f7ffaa97142a82959d5ddb	1.268	1
annotate-context-035	d513a69b40a10822acf478bc6c717c2f1e82df5328246b48fc8f2f207a2867b2,f1796c1b5250b0e3029450758cd24316953d4bd7f5cbdfc00862b81a58908d3c,92d13dc2e3f1ed86554993254251f0297429ea520c088eec640aa914b9e8a1d5,38b907b5ce1e7560f19309af556deda2259cd3182cd9045f6d1069881129b94b,66e6c92240b5a7289959655d2f15b8084a8b601352d63b57ebed86a77d9c31d7,12ec9d9153f1124dd195518c67044d087a3116910c0d8a79a8142b5891819abf	0.839	1
annotate-context-036	e8e98858e8c77a3f5f6085e77ceb679da74a6ed7e148b066683cc48dc54c7874,b5073360bd23c579ec122640811304848188095ff37a974a9adf5490eafc6908,6f5dd185d74e7269bea494797f095a75661fe576a06c7b31a9c79def3f4874b6,fa7ed9fc6e22f6d170488b81ecaec839350133e67a191ff115329ec0b75559bb,69d37f5a88e847a496b30fb4d10dd76f3fec644621d17edc5c4c472acdc9f5e4,109ad1946831626f8162a7fea0e123010bc61d8fd6e3abc3b4e5bacff6f57265	1.122	1
annotate-context-037	d2e4acb81b84085d980b2bd8a411c813421b0638b091fee8c06aa59f04a3192e,2f343619431588b2967ad57401735d1cc0c52fa4386e4b287588d9ae74decac9,d037f50aa3b4742f7bfe0bb1983a9a159dc47295a616f4b91e074ce0ef2561fb,4f1fa41d2c84828b9aa0a81716df3f7a930d452e656f76b890df643f3362a412,c32c7ef79046b6aa38e0a65245662c2e2e820fa7f18dc9a641e34de0c1be84a7,8a87c8e99b0b6d60c2880670ded1107375604233b97f7ee4ebead690ae2b26a4	0.697	1
annotate-context-038	d8fd77dfbbad9c913762e308c05d106046ff82cce8774dcc6eaf04e9ad0c19a8,fb4ec931798506e4c929053e501e97ae5ea4b4847f1fcc80cfe8d14c3b0495c1,6212308f02ef575bb5c7b1b84496b422bf4ae474a9c786f9ee505c75c6ad5787,0a2376fbb080ebbf081c9711f581c59c6337f6b223724b15ff346b72b3db7260,753b78ed633c31b4769c6c1184576da5fc6a85172593a6d89589b1e28ff84489,8ba2fab2c824e9085c1d64fc4e49a4cacd763d5499753774112f849f5d4d25e6	0.665	1
annotate-context-039	3d446b805463771a75be7ce75e0e303b1963747093a034916b52473fcce17226,aaac11384068156d65e80a4e96dada66a42972f117c4e04cd0c336cf87e12f40,19e6298b3408fa051ae819bfca20f321a4407029e5cd2c386f00028fb5a97382,f51e956760c7db592e195690f5aa1cf6e13f93fe8e996298e5a78e3554071339,fb80e78ecbb773c5933ccdd4a9cf7e7aba33806ef34276d98a9222731c9c937d,b5ed8576e1e3265597a689807a812db82ceadc89394bb161b65376dcacaa7287	0.681	1
annotate-context-040	37e026f9a5c7dc637592dac202058cfc59e445c33a5aa045d3b49942bd17b30a,19b53bb6788b1b19a2975ed189d5182e0c47d4ad764932b1b43194150c61c7f1,4aad7dba92aa39d964848c8bab287e1a9d3afe71ab3b2885c0db46777bbed194,71de41a24c09f3dea45c7af95dee01ccde0f1cb155dab96f6979be7c22282088,478312525079541b3586441e9de71236dc784a3b5edc6851a0124ea2a6a3de53,001de27814584a469c670ee42b904d3d9672c6bdf24cc39d0b427e71c3311170	0.727	1
annotate-context-041	2ca8a770022534ac0a12a3fd729059134bfe7e65afd0950af844f281a1da358c,f89b862b3763f33d7b586f9da49b9be725cd9919a8460f7978c1a34405d137f8,1f6a119af4b56e73deadddfff928f1cb2b271198d76e723ef180fad3cdf3291c,17c77b6356f2da2b872fbc901b9ac02374d590dfe028bef5714886d68830a536,a5b6acfb3e66b75118345cfc5f8057c1a855d65e74215564ac0adf6dbb361c91,dd3d84ffb7d39f497f0cd02c4bbe0487b7ad0ef6b8002cb5d1db0340da543695	0.957	1
annotate-context-042	f32f5b02a74cd211eb55c8ff054ba3359f638d742b1948e5c355f9c8cb225191,0cb5f86e523ccd52cc9a594f1c65a255691392c88a61ffb83dc1e1f6d5840112,f3a0058072417ceb513dae0d1d163fc20770bb7b17d309bbaddc6bf5d1c14928,f5e211520194f4807104861d14b56d70a710c115dc86cc6cc69b93000d7a7bf4,9f422754c171b73d290adb669948776190aa6d6652049d261f4bdc450900edea,ce521fb1f94cf280526f7491b4b189b841ed97ebc8a4880c05bb1ebc3d7c962c	0.706	1
annotate-context-043	7209664667e2c3c55d11a04585447b2388b7f326207a42d2e69242a83644887e,3d0ae983d36232e2ed9b2083883dc6a89061b0aa28e62bf7cc6020882e779d23,edaa253e00a40bc93beb90aafd3b2facf8046726b25bd3b9dff28f3506e6d26d,7af3fd769e72e709c601d921a84fc87e3aeb81f151703799e7cd678d7f57278a,2bca8fa61efef368f8f65461444c6d374563cd3e1f012762ff91d5d2b345e2e4,f5d60f595511f19cc61ea1acabcd512a2b7c413c73ca8e282a33c01c55262159	0.665	1
annotate-context-044	d282c97e4dbec965b7d7005640f23262287e63da17944a677578bb5fcf00a196,78e25f686948866afd760d98dd789b5a5adf05a73e97fed46736ce6020a5e7b7,d532643e919e5f687450fa8ead28e2573513c1eb657eb5b5a3da09f59884ca68,24865b8c52730f8d4d8430896d6bede7e9f139c15561d1e9b9c85ac56b8fb38a,162b389f7d3ed255319924d95cecdadbf555ace9526ab8f8501ee36d8200f6d3,81e9a6609d381d5b22596438489c922a253b48b7149d0a26c0d7628a162075f0	0.662	1
annotate-context-045	9d18de2be60406704fec3f1b53ebbc458b10ea3c657d4c0e6a68e4ba5a11cb3e,e2270229fb0ddc257b40d79b0495b7a4c189e09fcb5700f1bdbcce6d4c549094,72d58a0ad6cf00720be70a40bb4d2f3e1b7d2708d1699bae43a1cf09e474bd37,d6958272f7b6375e376f22ecf2dddfb5a7529b6dc0d713ac704ab0d38e6c0f5f,a98967b2bbf6ade15f0526baa645cef51f4cd530298f63863a692c3418d9a723,9688931ef9b4d89195c5eff987b8fb29b3a9c01cf6c1d4e19f709d5b2f51f930	0.615	1
annotate-context-046	4ff9764ff7b556a462609f4b39d78c2d091d21c33da0875255c4f49acecb3b8b,3330135806c6d197f8ba81ef4349e12b3047497e15780ebb6e420633f34ca3b9,e494827098417dc8feb2402c6fb825f5e0b8161a08ff9dc382e45d65189c70d9,70571f3310e1e778d39e4bb98026cb1e2dcb883c2e05a30c9ec5986341b9591b,76eca3e9857940e4f7f74bbbf56aa1380c977df4e3eac64de66d8ea147af2449,222b378422012fe5a696f8d9a66a8707f05726745c5ca563a8a80c85f220be89	0.739	1
annotate-context-047	585108eddfe4f89aa22884765189a2a07fcb764f8aed93e53deffb0e7fe6cc94,8d6b99e470b6466bd9bd3e0ccf924f1cef91c5a19ccb0e76fe17f8f134a430c6,2b10b9c54248b741b8d41389bad76399af06e0eea893ed1dd92f14ea37e97205,3f13abdf1231a9218ecc2b3b730c2f760bb96373652fab9ab63e92a3e0b10265,64b3114e2f54191a8ff7641b08cf2ed5cdbcb8a6b17c5c79dcf9f3f1b6e5f944,8bc5362a5361a9c8cdfc0699566b26e22fb4a6e1ebafd799f208f0624c704153	0.651	1
annotate-context-048	ce116c10809208d9193e37fa9592509bc27571502d3cac48244576b444636f03,1314d04780919abc14c41c49b12069efecbab869c6a35c9ff9ca984ec27be404,0787065424f8f74d6639345f76386b9640094b6d77a67c6b8f56d71c202c5ab3,f58810275230d2f460baf31308490ba35678c2f04c5c669a841f891f8dc5a3f0,35bbc8cebf23fc75c4d8383bed1f636b8704c731bfa755865180b2ca44d03496,65a25881a1c658931ca3fa656e26a4d92d8d774467b88b97865fbb42d5c295d6	0.592	1
annotate-context-049	7526a93e10570004bb9abc032a9e8d27a14be9d001b8504c626a95a30cf8ca69,0778df80dcb09371124b1f0341a02244f0dbfcd4b8e40c155be9a894c7f62807,a1ecc4022d2534361c60f66db459406582ad014afff865b109805940d940c4b4,9858ee963783aa33d563234373fa58a4249bff4e4f1aba174689400f6164966d,b0ad31bd0366a55eecf5ad3c6621fea2acae5131338efff83bbdfc1c3fb4f63a,6bccfb01f2bf907d1a5f942fe57d37e3cf7d55fff7fd06e34a32fc096484bd24	0.623	1
annotate-context-050	1ca854e8c00c99364c00c14962168f1a9cd019f6fba5a59e2c05810e0995858e,e53890134900cd76f3c0a24485cbf9c27e56c05f5856c7451a2547c9fc90fa4b,13bcb0ecf28916b51c46030a226a3e8a43b25175af8bdfdcd44dbe7ebcc33271,e4ecb5eff08caed36d8d2a57df44f41ce090ce6f5707eb93b5b5523b8a812866,b96cdc1f686ed5e74ad664a5d1ca5290b8e02c86595ba68bd57d2ad66d8bf277,4da18ca9135dc419d05a647e5c64eae49c6cd1542c4fae82529e175303a11552	0.594	1
annotate-context-051	2713c77668182339de52b1d7dc0e4b35b56b98d8cff603b2e2d079c558866e8b,7b4350711b3093f3724250e088f0c34086a884213a38c29d8804029f49753b39,076b7874ec69eacad0d9f2b84db878f921f2ec7ae700a0f64961bf4dab59c49e,a2d58a7125d231cba7635ba5186a0493119394d8ee5415bf3bc6d701a013cb42,8679d6f44db78e6b17b7a0cb02c223e744f31dd23f1bf68a750f933a0e6d673e,912bd2d01e4a8cf31529540c87c1d706eb6a14e0da33b3208a307c715dbb7868	0.64	1
annotate-context-052	9fa833bd63c621893c2485d246271f64bdac668e442423be0b1f21ba381a2ee1,e5c7aac6face8b56803fb53ae41a49ee3b1515011231b250ad7982b03457bc7b,1f72f8f4383212e3a5661bc13b495247a9c0f74f7f3c019c064fe34d13619a53,df319de395f7b027e04c61b6e35a4bfe8a2decacc310256b99ca23a4deeccc5e,31a055b0337365c0c880fc7ed6d506bf3dbd78b12caab120bf4cfe7726729718,bcd246c08f04064ef61036fa995ad18863badf05f1146428afdd8898ad8b52ee	0.621	1
annotate-context-053	cfa787ad4053be2f04ca6fe044f2c4145247d77cbd06ae0f0d55dae230eb2d44,4e6a5d12d53335ef6b0a12b1464d7bc10e3f054b11a42278a45e1b2e2263e7a0,f852187dde886b76fdd0479de932b1c0eabc414e7f363c768c9f577e25966d1a,e5da134b471dd4431331dd62124ff8491ac2d4e71afeda5c24fe77dbcf423a48,ddce6ed12259366be9d88b57b76f9b5ecacd3c19847f50c11b46b21e4fa3a817,8aa0bec77170bff32501231c476ce566b81937cc96f02c180023312fe94c1124	0.654	1
annotate-context-054	bbb5b9fb1ad7e420a9f915c7af6d40b891f99c9fd6fff05c7d887fe39c5fec7e,22c7a0f3db5207cc9c0b6edb70f005dcd049f461ebd801419ec4e2db5a826d9d,9de403b789bc1923392569cb0633d838a9d79606647f064c2d5bad045c09fbd4,6269c2738a1e5dbe894d32034f70231bb457071f34c21aea7a01876d0b79eeb6,2f8b6037407ebf7417cbe45bcea7f13e143dc06a5d240c11f4092c89fc471765,74189f5539b36f81c001c806726ca60fe888304e7110827f896a86dceaa7888a	0.649	1
annotate-context-055	9f9a6727861f98d43c32e636f3161ea6a4507fe03a3e12b1b7a2a1f950814298,10d6b7c55508b2fa40fa65d3564c9d40265c7f12d2a35af33243267b9ecfda72,a8c75017136caf52a3f31efd0c75e71a8bbfd747176e9da5a8f2a7e2213a7caa,022702b17f3533db29f0932d141995c49ebbd20ae3359ce50878c6569fff3c29,de2497984166aa1d63efe97c92b59e707cdb8f3a29e938e60651292ef0b5b864,94dbd40543e3b0240b1b3b0e69bf309c4069069269300443981bdbf597170f91	0.668	1
annotate-context-056	03984911999b0b0495d7b4dd52ffabc6bcf0e8c9b6f1d2c4189d8da4f722ed03,f6dcef659e5e2e4ada55712fe19f8cf8e44368bdf99aff6e908847783ffea4dc,9e97254f2e0371dcfc372e65bed1f1d299be03a65b5cf6fd536527d1a8e9c1c5,7fcd4a3dc4a06482bc760bec1432d5c172fd1762435ecc1c9b6fc9411033feba,1661d879618b81dcbd62879f6ef43f429e0aa61dbdbe6f54f6dae402ce7b3d76,c0e28d912d0d473258fd891188c461d746695eaef22debcd468b85aa406ad8d9	0.66	1
annotate-context-057	36df0e7d79eda9953359ad5e29ecc58ab71f34268c212ef3b9e1cf5a4344db37,1d29eb9f1673b49e9f3d84684af2608658c6bdf26f999da8bc350390d533a324,62c64115a4c5cf466378138adbfcef64c371f3c424c6f629c4eedeb25487b278,434e4de28819fc9453d50d923fcf08c6de6a7730b70a301688fb79775bef9201,7908b684db630bb9619514bddcbf18e226d4476808ec42518ef62b9d8e1f8009,f398416de5583aeb5d05a209752ed5ed80de67be052bcdc2d647f92eff5fae2a	0.758	1
annotate-context-058	b31426d03451e775b0804076e95a8c288190bf15d3ef10067e19aebf6fc4e23d,de7a0264b8042aac3af3b9be339fb071beef7a1dad47d67679079bd6e3caa99a,964efeb6c2936948d981f50ad1dad26fccbd96b9d89e7c69f7e076bd13e9ad55,762d58e95cd1432832f18aad695aff430d1f6d654f1cc32d0370376547418aed,22bd431d9b73e4369965c03768a91d86a26ec3ead47812a12462a57c1638640d,74fb7a5a48cde92cf8be6d8abfeb86e975661f5523e52910ce1c5cffbc64b6c9	0.573	1
annotate-context-059	bf017d03d1e13e8326cd6209e3ee08c40ad310c986df53325bdf5d26dc3420f7,3f2b2dcf6dfefde7086eb21ac57e63b047603cc8243920b30c761b9f3a19cf42,37b7a8ad8119cace26863d23ec841cbeeb3961051a4c68e5e70ef605d8ba74e3,7e6687187b9a6394d642329acffe31a17e96ad3a6a4e05d04072ec199787fe38,802267063d87f6af6b9b5c8562a25b8c7f23406fa7af8d3bbdce13c433fb10bf,8329c3b7e3fe98b2dba412aa54f95bbbf248fabb26208a84e7690857e5d3e3b3	1.543	1
annotate-context-060	17afbd015a838b2056b1d66c0af048766ec5e6594bea01d0c2626106258538d2,c6f47228bd7aa4cc49e114f6e2ff2bcb081687f18d7e36dc7837d36ecebb4bb1,403bd5a1c357f51755815f764fca8e7f6bcdf7cb10f1693a2d7218a821c7620e,31957c116e32334989dbf11091b2dbd298a4d78816d5b79340bd153ef2a8296b,426659eccb696b81453b593d42165ea5ac6fb1339da8c3fba0c43431837cc9f8,27a6ef6e6fff012cf26e0aa8ff2843d12b83791151ecfed2e7fd47baed704c05	1.262	1
annotate-context-061	fce965bdb679da09ea4855f058812331f6cca05a50d12b74a330b362ae87c29d,0829eff05c0d0daf42fa5a5972cbba098f5baf767846fae6f785e0c45f3ac881,d391bb56f98ac8f6042d37d003881090fc2cb417d4e1b3f95dcec19508c606c6,56388e1aca8cc4856c80af17af1c107cc2eb1820d0150da12de343bea5e26926,fc4510b577b3200db93b6b0665af5e586a086c7ade3c23d089ed532f5a1e1727,4bd1a67d6f1dd5531c24b2dea207c0e4fc259dab160f0bda90be63f8ba37a969	0.681	1
annotate-context-062	401f3a353d9a40b15cdfa9d6ea95f083dd7f52b67f8b3a068d34f42a2599274a,6750ec717de0b199adf9ed47d9b4c905d6902f43fdee9c47053d04bc2a510bf8,f112f80a376351028483bde74b0829d4d09a801e3f49863cc87967cdd9d48a9f,9558cb38e91c32ed0324e4dda4710e5399e552675413a26e67cad153924b394b,0d9fb9472224ba5343bfcb9dd2bc1553ba1c39565a497a769f0b17dbf6c27cad,fe0287c36adae0a7c630890c94621f4fdbdf998b0d4496fa9d268b5d967ab795	0.782	1
annotate-context-063	6bab339ebcac81970ab67ebbfe1b2bcf13a7e348388aee1372976af27975095d,f663e8423eb99b0a312a86c9152645a65b67dfcf9f0bfa991f5691adf1141930,e67beec71317fd915e799de24b40d8d1d1cdf22a2eabb14555bf030e655a82ee,d30db08744c4044f2ea03ff94a5ab5d709331804c1428531716ad85939227056,6d6ce99d9ae318e25d606614797cca9d64fa1e2f326783b62ce1b78c05ba6321,84d4f87ccccf3c73cef2595d81f9e01464bda83fceb9fd211438ba83648c5454	2.746	1
annotate-context-064	26aff0cdc47879bf3a386f8ad0f18963455726658cb205d6388dacdcc6640c0b,cba82d4e9d6da396c3cb153331366c0b4859d1d7c4c73ff9cda0c9d4a53a517c,28c237ba2e8e251fa822c863f5b9a2b17c08f17711ec2ffc64d4ca31b5934789,347c202cfe40e381366512be864527c7c7ee1bae329aed02a7f356fd057400bb,8e2f7eba1d2811cfea1b39ce26a43fbdd37309ccbcbb164ea48f643aae23c23b,f8755d0091da5bb7998a2e98ab128bf7ba57d7a0ddfadfdef8e6d9323e7bb94a	2.065	1
annotate-context-065	3d196922accac89395421220568fe13d2a3b1bf13faa76c6c79f8e83dfb5c23a,19e21dc563d45c05943193d3868f8f25edfe68abcd7562e46bc8152e029b696d,5327e4e6012b4146f3c9cd689e8a932abf69214d2748cc0bd73806c2bac31794,d189a85720ef55f406923ca71b38ef6593834b5553ace5fc32e2698c3bcc46ab,0843434d1ed606d3538cfa9e953667abaf4353fb815aff728b75311fd90a3978,652d3dfc3c0b5a1a1705de83c8342acdbdb9f324bc2a6bc9ce45f51ad0f7b54a	0.911	1
annotate-context-066	e039f5a725814304a3dd98b1cde121457d2b7bd3622f33b462f03f6fea7604d1,ade574db057543779caaec490a38afdf53042c1a1ab468b758c7d6d7972919b7,3de1c3ffc598ec2c6365736af2ae7866b3264f761e7863bd2a7fc76bc6dba059,1199e8b296a986f2cb827b9546d82d25175af1a195db9bfe0239b424acff7fe5,9e4566ded1f78128e852796a252154d121b7223634b65b53d2ff33d8c74c0c04,8857ea20447c97036204bf20beafdadb269e119534c868027f11703dfdaa9161	0.847	1
annotate-context-067	dcdfdcefa881b2e69d49e1d109721818bb0b0570246176b954a1a701a3556280,89398af9d1cccd78cb3558c314e43892cff27068074b50cedd991b4525a18bcf,8f1f5e92a2d3933d0f61ec1c7a750655914d7c1b8e5521a65e3dad7a52a437e0,dac0e218e6d3ea218fd62e139431708396558b4e15981c164034596ee9903fe4,448bbb2271c9db49e41190bbfed57e8715e048a0c224daed5bcf5f59354ad396,05bca093b83db28f0dd11bb50fa4d32f0fa8bea9e9f54e4c0a921a2f3057705f	1.957	1
annotate-context-068	e6585abcd802720eb10726bc9857817dab4333c91b2d77ba4d8120aa33b06a6e,d0d1b4f57489092494f641f45ef29209a69b96c49569cc602ae54ddb05347e04,941c9577deeebebeaa7d7f8ee61b7d68def257aef2e94f91ea3cbcc3427ce655,aea15335fda25dcc298c8ebfeacf8f253eb5d1c33ac5e8293b3ecfe60ec6ebb8,98493d64757784d224f4f7fd8234895af798a2821b941852a4100648c5550856,4e98cf9900f7f9b6df8cc0c5f778530722dd9bb99cbdcfbf80d897468786262c	2.323	1
annotate-context-069	288ceb539005a5a1cafea6850ce58d0e220bfd9662b9f82dd3585fcd769b71e9,88353a554ce15a8f71f5ddb2c17cd1c966beba8750057a94100e2f1c09f1e156,0c7a4bc0540fb9464a6e8d3277226c60ac053af41d3e99a26b0ce6b8d8d49df4,1000fab4a0c85dc514405f9c9b29eeb388cc0c54f719126408d17afa680769d4,02e4b3e40da20f138f25fd6691d4ece9b7ddec19c88a2bedbb3934bc1ea56f4b,fbce11b19ca4a183185903e5d020c721cd261ef1fb6b27c00337830f0d6d83f1	3.117	1
annotate-context-070	f8f3e3c179efb026c6c6c698b36ab5732e1f169db4af9af6287f5141639639b9,79e55c8bc95b5e170b22f76068f07011506676daaef99f079e77799736208e48,9069e3e140081aeb030cf29260f3017ef9d7c4e7239c02eb9d90e86a06660308,804a281638cea92e42bb898fb26ad4e2d912d4cef97deb1a8d0d41e8a06ff21f,0cc542cb3eb54d27d8b9dca05697445ce0f59f8d9603a879f20c78ff84ad72ef,859d227e1d5e4fb9439c22f1dcef726c137818345c40250e391a90bfd6772e8b	0.889	1
annotate-context-071	904473fc840257b7027ccb3fafa3177999f0089636727ca5b21842910e1c443b,4ee94cf3d706dc92a32e9b8877359341108e145a97fe3026fb1d0b2bfc5ea58f,e07efd7ef52ab3f72dcd8f3d509fc5104594bcd29d6df569b09ae780397793d1,a76b85111936a34c5875ebfe8b9f0140f35257419cbbffb4d35cce321320f219,b308a8333e1156213f0a03762fd855e249e2a01fa275dbf7b82d1bcdbdcd0e96,793de72292aef1a10a4a2a6ec836ac0073dac410243c1e386b26f56b424936da	3.21	1
annotate-context-072	0f92b3d14f3bac3801806ac5c1ddfdd427f4503011bf831d9a57a918a953ed46,779dca1c6b992b8f6f5922cee16ffb85dc7696b4ea1884db4a208ef55fdfd759,cc4f47394932ab897394c839fed01722e61173bf0c3288ae0e45ec36ef8a53b7,86ef0949f82332c8c1512c15a2771442d375af9843bd9a0ee01f5bfd946f6919,0a44141f0c65bbe88b701b1f1205eb88212b012536209413703522e3d088ce9c,bd9457792f89c76f96a773cd27efa0051128eb9b158eed75d8a1d5934a8b7b34	1.159	1
annotate-context-073	8a98409b7a0bf271ef7209efdc69474facbb53bb51a3c03aa2ce284ef3142898,7864adc0b45276d907e204b7761ab8fa00fa56b75e911810af4dbf8d89451bdc,2a22d83754d59775b0bf9036ef350e4430cde2efc0abba47c2e552bb8d7d5af8,ea2b4685047bb65dac1ad30996ccc55a129bdf35a8a7fbeda2fc89a636b45f54,7f236eaa7c3ea2b714f56c24bc87552380b326b7bce0d614c2b532c1a4d12ce5,49489d8c6fca2d43b91da5d2d1af9a67f84d529bfa322ca520a2461e5f79677e	1.78	1
annotate-context-074	7bf262daa2409c8e7bd9109921c3de239643791aa38e156572a2ca84703274f4,69c134fb4213d7f819cd5422da211a3b7a43a3a212781dd78f65fdb399e5116d,ae4c47b26c6bd3588aaeede41946ba31ec104f0ed7bf2b0f217414c4b89c64a1,26e325a4121ce4a5b3f00c8484cd6b62e443f3489efeaa4e7ad65a1a29b49fcd,ce0a161db3aa8f9d2a865a07593897854eac907744f8620a229e2e1cea353b91,40d8a47d7a7f8989a3503b5698ace6fc0398cf70e47383aeb863cc88ce7cb575	1.721	1
annotate-context-075	c2c6aca9e337d03ae0e1ed74b19bea80a464a3a3a8b87d990a037ff4b9d3f261,89ee02d178c1c7ed99ccf0f1113fe94e740307a00b1c6e974c72d8b96a15468f,90946c61dca67126559057c00214b9cba0b47fb4e41f7b1eb58b936ee2cc9f38,c8bc5a11e129a6b39b2d093d61cd91a30996110c1d175430a1cfcfebbbfdb59f,ddee05255b25f16124aadf90e07f0792bee016b81aaf89380978c075e12d389b,123ea4fcb1653e0ee545f58dafd066c9bbc9cf5eaba6db6ded7dca63f6017aba	5.256	1
annotate-context-076	4acff4b919d0207c8965229b450aa418e27e12c799544710067245ae45527424,f3cba624ce7d8655cfd5c9509c2c8e1b567ed133a240abbc56b06b027ddd3efd,dd6c16bb40f99a5e0eaf3147479d7ebf17bcbde789205b132aba4813816f4fd0,7c6cda779a00d5ced2cd3a7a8fc769e720823be4c3df31384ec051f7dc9b8223,283ec6ac5acfffc5e3488ec43c51c9147edcd88a652b3456e2c1e7074f18a482,3db1ebac674fb620b6b10c5cab94ffe5d42a08debef47f10373d726fc65911e8	3.891	1
annotate-context-077	e69ac95099a13f4de77acc580ea5663a7af892d7921e2cd2987bace474921656,3054e50d9264d50c64285f7436d380b1cae88c58b82ac737ebed3e8fc2513dcc,456baf817c5189401f423b23d730bdaa1fd8af09f516585ba5f261d7d2fa617d,286c45fd4ae371cdd6ec24be39a4ec8266864ec1a34e3c271a4bdc38bd788193,975cb19a1ec8ba66e787707eaa0c5aaab4bc3adc9695e27ec90101a9cef8fd07,7500895b5773013e5f8eda0f11853bb80fc88040f6a38bb4fd03b6219f4042b2	2.571	1
annotate-context-078	205b1e35ad8ef20db53d879f14334912a3712a4ba698f617d5791990cf2ec069,0788c024af21adc3f7067cf8cc00909d2c4775880df131b9cd99454d41fdd00b,37e9ff62877c8d7e50ef1332d3dd96f10a54089ea0a83c7d95c5396c84ec5d33,7fdde9b2a6adc735573a60d8b1993645acfee2d30b0b314042e51447b2610d71,ccb0b3bfcec9d40e4d20d78b0bb6c0d2780981e20fba61eefad58b7a0542a5d9,e2f4a1fc907ef86a7d796d38a17cb8c2cee79ae5c73b2d6737e5b967ce7713b6	0.757	1
annotate-context-079	3d3e8c1b430b0564cbd88286547dc1307688ac532196c9bbcebb58efffc5e9cd,8dc1ae11b28c593f24c5d5f104c81e413af00e2ebdc32da5ba4e5a2489af31b4,dc90eaaa1eab91ebb64a3b925f332868f20c057b14dc32a3af3ae106a967ee6f,40b1af7acffe6d4fc6a46d71932a7cfb8ea978d72b76c27530200cc377dff68a,8ca5c231007ed44e40e7e0cf1f9e651f4e7137a94d0170bb3a5157004ed81e7a,2dbfa067f102eb541bed2ee8e15e22825ad6a02d97e31459eb32018ac4581697	0.594	1
annotate-context-080	6642fbc650b14f9c38e21cf01a6cbcf090a907b178ec156c69a4e32e79672fec,4e814c65b1e76d7966c3b04b2ae7bb97dce64b444a038c022843b833d70ffe5e,8773f7b5aac32fc7cc805e31d38b57dad9b5e04f45f0f08c3d471e7cff8b2ffa,3ce258813fe0dcb8353e87089bc092b5f5f4c1fae6784e6218f860812d3470e1,c58d676b9c6e60192369adec3afb6cc5d6475b44d8712bdcc4a4c3c6cfcd4c8a,c468d0600d2a1c9953ba6ca59ebcabd7a0bae78ef424f1b911ba230e1f1c570a	0.862	1
annotate-context-081	b0e9ef78eb05a71f7e948afa09287447eead75952ec9de7b8a71554092680174,cfc6aaae327d3ced4c94d252c1b4bb59b6449c4700a41d117c9ac7841359bc8e,4aaa37ad7be729a79bae6a7b3cdd4f9cf9c1d976c85ffb6d3d903d6528f9c3d0,9915dfe7ac9c83ab6d308c3b9b8fbcd4096e65f5c4ca13151ae99960bfd113df,b07accea50cf813587db2426e150b7efd0403973000f667d74b459083ffb0876,2b7f785fb7abbcefc031119a5dafac9d222cb14f73a47d0969b9290bce5dc5d6	0.801	1
annotate-context-082	8a3772896eba4e23ba45556b63b221dc3ddac45fa6fa17cd22b952bada7b5710,97b0198507e366a69e54fe4108210beaf6a658df37a7fff457d4de6a82135978,39eb47e4d3b8168ce356be2a86d7a75a3ffc1d3a9aa87d9a26f855ebbda2218e,0222a41b6e54851992d3a4419b7ea58b0da4fcdaac133af2233f71e4da5f9f51,31e38c2a00fed58d553961d08e71aa770cb7dcbffd0674a217ab7da74f866fd8,32a29dfec0158c6a3ab1b0ce90bc9b4dde62b9c48a32edd94efd860eeb683cc4	0.885	1
annotate-context-083	14d849bd024f88d5b377170042dbf9a7055af8d0434a2d7f42971acba93d471e,ce6943b778ad4226f32c1af2a36617663bcf2960b3f664f38ec2745657f95119,972eeb568893b79bfb5544da6b463cc1d1e80ca6092e14b10b197140e1974126,34526fbdb7de6d3f76e2e964f37e2babb10cde6cc6a05a7ba786d2367de6cdaf,5f91473984f3e3c4f4d7709a2d2dd1de2e99011f13189c4b5e7d35e4cc8aab4d,575395cbb2ff965d638b30c14177cc6466ee58b081d040d140ca7f363d9a6576	0.727	1
annotate-context-084	8bc60cd9ebe4eabbe44a59650b2c055a9e75e853399a5aba7ae51af05b1ed0fa,7f23d752d4e6ba07bff06c120ade0b30d5f54e2f0ae8e3d44773e0b95d3d5c9e,264fe0409a90cc904158beed48e32e5c13dbe30005bf59fa9e64a2891dd7ea8e,5dc89b31f644452406449ab6e7d788e03e453004caf8884958357b21dc092fd2,cec6bbaf9a0735c69026f529910fe5e1d677d87a25bbe698cc8186b57472dac2,87190e4b109a5f53b9ecae22d9eaccdf91df75bad133acae88a728774111f251	0.638	1
annotate-context-085	d5d12d49d1070fc9d2caeb00f99c4ef1ec6576ee3cab30501fc2e249c241683c,76b880f5c559f1e3b2e75734cc034147c94eb00dcd573387a1df54a2e07acefd,ed51564e6384ef9564e30c359d565ce691c283d752e4ca63e690e1bab52c1b79,afcad19e4cc4296bc123f78051338370dad78273a6372ca502aa04815c2f8982,a30e4fda936bc325dc748e70cefc0906be562aa4c3724488dd12b8e23206c982,1e9e05f3fdbd28af209c3a328f40839129600b3a97de9b7a13c4f1e6fd1e0923	0.932	1
annotate-context-086	cf547cc9dbb77bb943886b9aa4d5a90ab327db7160d0f59ceed1bf2eb0270321,7e4f1da1bd3e431d33bd9268c6b60921db0cfd7e884669b3bc569617a670d332,a407d1777378c939982da870a2d93e8a51d25aef981ffc9cf552443a783cf660,82781a891f72b7432a0a98f83b3ee4643f360fb8488055a649ee7a4a8aa09772,0e398cf73206db3c2a82f414f1303aae536ea01eabd31d7aa12d54aa69ff5146,7fef31a6a35f29ff601c52ff48e841540094b586d66d2e6175681e2ebddc53c2	0.603	1
annotate-context-087	32b64e04e1e06183ea39c8c353704941a6dde20eb08b88d5f798a23a34ab04bd,48301f2af2c140fbfb47eaf65e2322af6e81d0c4201d72e5a5272b3611f7762b,b58cc6eee2b517d90c017cea85fda00e875b7c4ca7798433a871c40cc6d50403,da0c1dda3aec8d10a490de3d03c315b699ca474e70bd86824f3c096f2448d6b7,acf99fbdb2e23245cc97ee786f47aebff3dbd7f12c82bd9d3ce403f6f3191a97,7c6e06278109fa56d95048346881c52f280a09aabd5baa698ab394a532fda019	0.722	1
annotate-context-088	a49fe6067f3636925d0f0e5b653b8811732cdae1a4a1347c8313da56b4986b37,9e8b5f87cdff5c043e5b5dcf21e1756bc4586851856986f5ffeaf0cf4d343f9e,9ef7fc7a04acfb40b55d9e4c43eeedd5eef134033258be8b8965871a2d678aee,f20e106104aeba7a1640bf35869aab72f2682b6db22333af9bb219408caf077f,c36a18eeda482d79389cca5855b662ba68bc79011e146e7bdc23adcc1dc74a2f,ce0f3f3072bcdf59b5b93c7f9b14c55096ee4faba6548c1a6c8219adaa9eae28	0.594	1
annotate-context-089	f9a0f21e9db3d36e604da7ba127b07740d47abe9b8337f3f8218598b7c344223,5645706d3124e5b0bf43167cc5e1fdbc51779345022bd8acec4ec71ea10cfe92,4215b21ffc7697df0ebc7e597ac2ea331ad8f981f13d74fd572008d49d3c70ca,165b99422fab386bf30f0dcd18ec5dbf9ba7557d8027523b9b36cb365b5672ef,e41999fd90a59d3cf15a34f11fea54760ef306f6dc27b1298e31bb8a1a1ffa64,43fd2604f5f156899dd776abaabcd0fa9d833b2e523b7b88d11b09d2c0e850a5	0.712	1
annotate-context-090	025a5ed4724f8c1ecff06f9c7937795a4d3381804a94cda6cf7217ba5b40ae6a,5e5fcba7de8c3d37e00163fd7dda3051ebf068dcea8a9ab6feee9f0a38d8ac90,72674b6feb04b90bfeee24e080ab24669378424f0aa8c2bae523e2c7cac1d0e6,228b0d1ea17f74b922bb75e077993f2c5e7cbc424c11951e30323160c04fae02,401f5a1743a692b4f4b5c0f461982e4db41f00859b33f131f21440eacd63d7d4,7ba468eb621906531c8f7cdddde8fe95ea96f68f8a3a825eab8652443ebefc7d	0.803	1
annotate-context-091	54c9dde6dbf5773e9f1397e6de0bcd96f3b39ba82786aeac5b32dfa1daadd166,b28bfc5d89ff90f5ce650fc36d60c7d76eb9d2827d897d483ff904b358c789cd,d3c74041ea241c6c92d72c40d30e4543c4d90af8b5f7edd789b0af5e8825d753,60a26291509cfe5e9aa988c0ce5607c587d1e2b62dbb34b25adc7bcb898c921c,a7990bc89499840fcd13f40c55430f2d63511cb6ee94d437a061c98d742357d3,a78007ef44677d3486103036565fa319bc22aeea3014a983cd57eaff46e2a966	0.657	1
annotate-context-092	88f8af477132b2b06b3ca76e4f4c2f30154d1e7d2ece6b35f73317567a492f10,53e002a57768c6faca2362605330046170f24ab84cd8fe407089b54479e29765,ff1557384933a606bfba600ffa2cdb1139ac32dd32191ebb81d68fdd0ec3b1a2,5272007fa0c0a835a231387d1b47d025baa7e0873fac8bb52a773940aab5e504,9a605a3445fde6c5b0c809ef0ae471e6326a05e5aab6c82fe41a26d1f98c6bc2,aadfe1288df8954ff84d7c36a368be1e5068a881ceb8bed43a73e686db8b7131	0.616	1
annotate-context-093	780f179618e1ca645dad1d6b0af206d67db18801f5a9c99511d917c5685dd9ff,f3285101dc2676cee482cf7241b1d163b01d85af0fc5ba4c4c1c543229cd94f6,2b43579fad793b833a706cfea638901ae26bd3dbad0e9b94b42ca28595e505d7,34534a5879815ad109f9da674febf3324a2611e02e636d4ce74abdba6ec5ca6b,21db510ebb789be873b01c85e058243ba510903bd9cd7718037e2dcefa091ca2,4d64012182e0cf60a9d0abe83181e141df4a30c496e29cab0d0ffda9eec72b2f	0.747	1
annotate-context-094	37819653df3039885754c1c3a35d8a17c98de0019f80ba2e04a57a103bcbdbfb,9bdfa93fe2eecf7f2ec31582edc038afd85ef0b32f73f95aab0a5b84a8ba3fe2,49ad5a7ca1458ee91f4648f1438eb7555afa2098fc9d3d969a99e4ba060caac9,eb2006621681d864ccac1f261e6e6e41f786bd6ef8cc9d6bfdca926eeb8352cd,939fb67f6fa77eae5ceb1072136c90d3ae5054b8d6fffd700d489a6c5e9de444,a95a96415b8abf462534d38192282b7fb4a58a9bf0a3c5a28a28489f3918e175	0.682	1
annotate-context-095	a9c288e34bfb517f77fa8aa62a9e0ef32d2a433724334d9d69935d1825e4fbed,1554b6d7228429a7b4d79556dbc100f0bf96963e4622bc1cefc838ff0917dc8d,2b1bcb4c0047e96d802a73d43bcf242fc33ac0a63c9ec27a5d41d94592adf18d,fb47e9e9f2ed0f3e96f88829595bfd6b494b11d3dd0c347ff28898044df2c30f,008c008735bfff518e8dbf42a9d28eb2d44e4a92f66322e6434608990b2deab6,1328e35723b258242ad6ffeb406b38e36547f1041fc5944a767a86414404d509	0.721	1
annotate-context-096	ea5c543e493a6164a4fe0de0e60805bcae0fd73dd7f5594a9fe1231b450a78a4,2e5c70484e9c54e5efbed670bb1a803b271b77155af4f0fab6c6f0a364ab1117,34777cea5a0a7c4342da01fd97663c649a6e5f86b2f009e0735f96db1ea0a1c6,062591f95d50fbb1ba149a727ccf0c5a4bd158932db87ca70d6ab175df3af635,f31875074c579fc8415aa69172f00411bc4f2b15bcead00aca6c6f82a34c4bff,8aec434f60bc121807a6ab97ec0e890948bf06f032950509978d492f7ce0b9d3	0.626	1
annotate-context-097	99b09e9ca801f252a01623d0ab52c4f3a40fc35313d8639df9aaeb2ff1ebc3c6,327a5a4695f30819541da612fd4e151e5695f8f31ea9abb1d8946edb732d29ce,fcbbbdb09085d7a85a17dc8d32c9e9316c845e5e5c70b56ec5c247f0d645cc70,c0b2e0f20181c744126c3d1f2d884eeabc2f3642d17892d08c27e53a86b1b8b8,9b52642ccc7dee005c3d1958ed6a0d7f7da9eaaec1226ac29980fa35544f3082,ddead68b01407c05adf47f7328826287832fd8c63877efb431bdc9195a661a1b	0.688	1
annotate-context-098	12106f72a1273db9e27e4ec91720bdf92ac67ad61d1c999d8ceba78922fc2588,86df689dbdb8ce36db6c43bc0161060e9d7e9b50623f5056936b668b8528a5c9,205049ca67a87ac17cfaaf13bc41c315568a38dfc220411f0ad7ce9577b723fe,89fb5560f296ae94b447d4b2b89ffda4f21b599f9ba3141f6f8caa6299a00b01,40c0afd573e4f800b7389084b5d80c4028741f90adac59704c4b51e1d6f20a52,68b0dbf6d3907cc6444840f146a693f83690dc4de907b8ce0722cce8ef024d60	0.952	1
annotate-context-099	2c53a9159eb9056b16d143f4a2ed02d8bd8f7d3dd8e55b7331d3b8e835d9dc95,3970c14a0b11bdfc461356e2dd5a560c6f8af378be1e76894dd8f6cd22fe160e,98da811cf86f31e8ba1d213e5c0ed91ec3f77727a5ceba7db89048fe779cbc97,c5bc63e1076eff0098cf29c85d92da407de6cca16f767f6f1c3c0ded11cac1d1,3af08d19b9ded5f74c279a587d12abdd630a5b039d44e441a83a4e448170aa25,27e8d0f69b0c219e268d481b9626faac6faf80a61f5c53e6f26ed7a050943d15	0.716	1
annotate-context-100	2a69855e7c3e7383ba55b19d51b7a0244cac5d144316cc0914fc23c50d80d017,421761c6076ed118e96f588fccfbe4ee518507ff7d55d2277f7ec72f3c5e4ef6,74e68280d643f035e94187c296b4b9dedb3746a4ad0310c702edce9386d40b50,d83b2d4c06af03fae70ffd14df79ab15308b3dc3a3661d896d861e33747f8d16,e49c09c46ff899374367f237e7f4f1bf892492267b06939fc8a41b5e1c6f6227,fa83d0a5f249b312c74a2c77f19c735db6b8a2de08bfdbfe564b2c228be0b5b1	0.639	1
annotate-context-101	a0355a369470300ee8d2ab780dd7a7c1d0c383f93d3c7729d0ae60ff2453e42c,7ad9d6281c49b5090241f8414543b9c58fb39b7e3f63cb864ffef696707de5c1,f66b9b068272f56b6d6e0dd586632cd800ae361513e61c496edcb63b26ed50e3,ec2ce228ba269f29710f6e0f899db9dc3e77f85224899c8f1d744023724662c1,e813c4efeeae54f86628b484c98dd4bd716fe538a0e06b73b13e69d5a4b1d031,637ab59adafd61b446797a32c5cbc6d1cf37bd7dd19196d7049a45c8a991c45b	0.918	1
annotate-context-102	1883846f28134d74b630864aaf4794b904add1b2674c0fb9354df40929d16927,0e12ee943a1316299ea2aea3f5ef99ed1b606e724b3bca86f4e42ad0e90f0753,69200415ecce18b16a911b060cdb9f3d5ce544a4f6f2594581169d4aa6b2852e,885d459d7630823fc666344c77adc019c5e06a80c456be36e1d1609241d7cafc,6aff863433f0e3308069906031f44abfa493784e7a0088fb240dc38e8c1ed54b,b97ed398bf1466da7c36a2597e076f64edb410ff1d7a94b93423c3ea36a5c518	0.704	1
annotate-context-103	b7531db8075ed014513718eeb2c9222ac6637c58599952442d4b388861f39984,e068952411194c600a7c4ee1f93448a663de34f254523beb5d7ba35460dd6cf5,e49ce1649643ddae22319a40e573a1a25141d49af45d7615adac5190a4e74271,37c7eb74b6c77f24aa43ec4c4fc565fdedfab3155fbb88ed116e25d5820f1eed,902198dd7954a07cc5817477c831087850999015902b9b088af3cfa6bf01474f,ff8fca24e1ba0cf95c4824e8cecf37643d7cbeaf88c96dcbdd787be0e30c24e0	1.48	1
annotate-context-104	ae6a7fa443626f695728d5baaff71484d1ebe6b28e232e8c78ef13d882376a99,0fe449f6a0ea2d4a65a9aa53a2d73425a8111baf8492d3031f9630949bcc5f09,d6f2d1bb6fec822f2608bcc35390a2541be3eaafe0191cf9502ceb50db7e0f84,7b748bc09299ecbdc0fa1ad9be405740dd1b71509c7957b5e88b19ff0351cdd6,8dc85bd34cc804fa42fef1a24f0b693ebd5de5128d5267316179754bac059322,92792186626df6e804e498080075f6947a934d75d6278f6167f8c061c2ca65b6	0.976	1
annotate-context-105	7f033373cfcd4268e958a8d2ea543ef2fc510de338b853d41732380d2777d47b,dcd9695c7a833a17834aafeaf02458238f61cb1a28f40324c53007bf456f5b71,ce819960da575bf1a3c6deac4421615dd89b94a70c740ae66832d82807e1380c,e6f3437139fa7014623492427f012ed273c326f68976f9d9cfbf7c7ce873e591,8e585e721c2ff504a36ab36464f37b66a07769e15bd590c86a9e018b77551180,ecb29ca6a95733a9fcf04193c88f0ba61c3ff851e6134057995d6a2320e2bed8	0.699	1
annotate-context-106	1a072d347d829e9764005a60ea0184e9fd31a22fc0283763930dfe0f8f9ab499,834cd59e97d2421eab6aecf05af219fa7df42b88b70337183b3099d4a0314361,fac8aa50a495f2c0c23d2a371932f206d9ce364db756d7e6a2fe6adbb245526d,7a6559bc2785dba46677eb92bcb4174d93468f395d3d51fb90e94c559c22312f,c03385f7163f36d1451631b46c757e30f208a4effc6d843f8e73c4578624d9a7,732af533501c8982f0c6141360adc8d0805a8eab6b4663a13b6da5770dad56fb	0.599	1
annotate-context-107	9be98b523dbcb261ca65333b60a2a50be6bd7d5b07b66c7ed5ab68a6422a8220,318d4fe67f71285428b7c9b86bcb1584e1e50d77b3dc70fc50e53897830d5e66,b49279dbf5c5980c7ca54c6dab3f639bd8fd5cdf2070934be0f7362b94a294f3,720786b8fb47f35e1280aa9c923b983a853ad50813d6c1680d228112b9a6b573,1ffc543246cd965b4c2155d9a5817f2349435aff4aaf2acdb60cf0dfa7af3561,0848b0e63652634b27bb83d64f885108104747636fcd0dbddc68baccc3385827	0.587	1
annotate-context-108	8f093be6266c6f0352d71e0ac30b29ac285858498071a844c500ece8f229bfc5,7bd77eaabeaac81d0faee0649450e9f33568d9e82eb5823b31aab0e44d42d48e,869ccb10e9c775508d717d59cc1fb3da4089edce6cbd6c715a2cceed108ae1ef,6e9d1c212794aa80b1c7e3ed5da167213a8bee1eb778225a8d7b86dccf188384,b25276eebcc51f3df150cf72ee7409818022fb9455f3d3ae7f789c417d1005c4,aceb64860d38a1b2b81b3e97025548375d7c5089986a6f9654af2207bee6be56	0.663	1
annotate-context-109	a77085a024c236e20a27e7a6bbffad11a6e2029ec5098bbbace69d99e2aa3b66,76a6ed62e2dff66e4b8e92910db96e2a0f20e173e0a6de94e0b8eb60c7281541,28cb42a673184af10ce99fc32de912a7b656f2be08704c968d258119ef964732,be1f4f7541bd97084378ec47f93ec8ca21f38c78c21ed8a243e837c815dc25bb,cba94614bd774b28b7f4914bae84f9367325a2b90352e4bdcdd64898d3a25cab,b2dc66c7a061b5767fb7829e72b5932f96c80cb713296c0f2407de146a9f3d29	1.107	1
annotate-context-110	17a84e2c58ffe5d0449a9d794fe1f0fa9f8d18f33a79dfd62a1eb680788b60c2,e6f776e0f741412fd564196ae718c280a5ab5635c81c224b8d8518d08aa35e4d,e9f22e1870c5eca3fce527cb71ae7ddbc1159892c551f933b5d07fbec37bfbb1,0f33bb88ee341aa9f37d296a272175175b5f241a4c453798756c763c5f3ec057,48ccde61e2c709266fff69c6e5c9fdfc997100df7a9a2c50e00b4f68bf130707,ca5e2a5499ec92081165818b34125de7f8b30fa311606c447495dbd699118d9f	0.681	1
annotate-context-111	5d765b99aa04d6bf0cdc76024198bffb47cbd0d9b15b3dd116959488b45de0a6,a59c0ffc58b1dc97ef1d3ae750b66ee342970e22ff53297d8fddb542e73cdbc9,a9b9d6887abbfc0a286b88a3ffd59eb5f2660373642343d79d74394fcedb260b,2331d26580e744165a45afa089ffbab699107c4eab229b25e80ea7a4df97eb5f,10ae8a6f399308158a92aa9099933f5dbc9d535f8dc748caef295eda005811d5,d2faee02f4ae5292ca2656c3a6bc36885248f19c556ce85b434ce3e855753f1f	0.675	1
annotate-context-112	8e84bad4f842a3b98963f0a57195a8a4c68b7d66dde8899e893aeaf7c93365b4,22d51efb37f79d2e7b31226d9fe7b9b4ef4c0ec67ec790cc516058a0f614b58a,bde04a8af082b34e442ab9b47f6b0d177da0110697a35042598ccc32aa026df4,20d1806d086b56f4b73dfd9f4ae96e5e2ecb3bbfaa744feb672a1aeec24ef458,60ea6df2567794defbf66c9f99638e56847a9c6facc17a35e716d5b2c46d040c,51cf6b5ff3137b9e48b80a0dd5c43d35cfe1608e0851cbaf3ed822c63ceb987e	0.617	1
annotate-context-113	168d0d7bbdf648564b5ee9f5d968ef4ec8f9052857d4030304664ce49a3f114c,79490bbf62c4357dc09cc517ba7c45c3902638806049c09a01909363ece89a87,39e9268eb54c30cdcfa348867bbad660497cd3a3ead58c65ea61ce82dcef7d1f,f73c8fc93ca70c3dfc68f1f8cab09903a64c6d88c27d3b65c1390b2c18033000,0d5e1ba6e0e4a7ddcabc4df491f43c361492d5e8b9f9a5bcbc4bf06495abe4e6,7908e70b613e2ec445043fa4c6e4cd8ca47e5c171c3693ddc9c24e61549becf4	0.75	1
annotate-context-114	44f8c44b38e9b93c311b398b1ea18b4598f19d2bcaa6fbff378d811f7d425c8f,33a9e725803c98ea2fad9eeaa9259c6e9371d79eefa7c57a274747e3992a9748,33144121e479e48e34264d35fb52e6ab526afd5c85f48d4edfc7738545a9bc93,2839262f071a7052ce763351839b62342f8c90a09288fad6920449aa6ad01037,cd30f5a1b14449b6f918ab6770d24d9f7eb59f8eebe8440d475edded0b6bcdd5,86a6a4cbff388dcee3a98c0647ac92b02558d8895825bc6d247f257ee77e3310	0.593	1
annotate-context-115	5e8762b5a61a7ec4cc174be1e54a8d8295bb22df9bbd6cd6703eb2fa1e5685fb,3bdb63f7b528a8115a980bca8a330111a1b57c152e7ef7b58959f5cedce59795,6eafe8f18f08787a67e0dc989c3d6b83c5526a882d3511dd6084b3844b95be49,ebc75e54fcd1d4bbaf480af4a79a701d453be4fcce87a021428680655bfa59e1,4592e061b20476907815b2d05f2b4660114e2a83439c74336d0a827d91a774c1,810b320d66fc2062d9e0147bcc67fdefe04bb6634a6687921bd2fca4d0fd88d3	0.637	1
annotate-context-116	3a0d71f67341a6be2d9d56d222856107674794270bffb872e4de84c96e404b2f,76ba2ebe1a817f9b2a8c478b01ead71cae865dd792aced9ea497f06d8e208019,29e6109a87d822e09697cc0e092124227b1076580ad53160931dc32d4c3eaa68,724f5ecdc7d0369232d99ab6d81c9fd9a69a06dbb4c6650c2d0975a7523c8374,005618a28ec2fea182acce7b808ec9ae56310f3500c050e757a8be10045f8708,458398af4ab1c5a3231df92a222edd970d80ad1b1b72458253542593f597b589	0.676	1
annotate-context-117	895d542d136c8b63d37a9e7af2bcfeebf4222abc774ec609fdfdc0d411e40414,15fcf0ab3ef0c82c4f9eb10501057c98267f15e615b06b961de7662dd32d74a8,ac4d3010fc01abafe190f30b79f13cfb59f64fcc622a81d54cf09d62e49238f6,0ac49d25927d682e878646dc3ce5d8326aafd720588d87f53beacdc5b3cf49eb,6aa82c9afd14d437d0edbb1e6412dc9eede299fe29e296ffa43b0b269f6ac629,ebe47e21aefc8235e707d100021a6a89c96420c25b00a1547037791a6788cb16	0.686	1
annotate-context-118	8574a92645af58a43e8b1ca3b999d15cad58925f4c450b3b05b60965a7d5f30f,4d8e4e37b5e138520b3c1b1f6ef85c41281573f1340fda8ab64d008c6f25e66b,abe86ff446adac75506ae782d3fc001dd1afda08079b52aee08fbe8d5616df5d,80b8958e52fc29209e2fcf9aba8b2307897115b164ae0a45c591d26682cbebeb,d46517881fe6562dbf293c6c5d132f6a1db43167163873c38a16d32d327befcd,185bc59f5dab8a76bc36b5b19d3986c7ca0fc139cbfb02cf39f83a76074ec2e2	0.766	1
annotate-context-119	71f81be8094d57902a47186e24488565a5d0c20632e23359c57e7a1b36b70c3b,7d719e1727df060b29295ec9e68726e4a6c6d6b8abbf74c268a38187a692c342,5bd99f2f480b32df8906605804e6cf8fb2db2b95dc09a1d0053e00e052324d90,cb74c565582ba27da20c18a7f511111d7f6971dabcce083ba79371d55c2aef14,3f99d0489b5455befdcf572bf7a49c2ea07d00c411eaf914974e4b5e70795d27,ce7f9b5fff6cd365fe3e31b81872c16efef670bb206229106de8bd760dbb22a6	0.584	1
annotate-context-120	bea866683c344f2af51108fa7d1ceeeb0d8c04424728a0f0f11928180f4b185d,4cb29088352585bd7e24edcabf34bb66c9108491c1b94a3ef778877f6c522118,fbb3a19c0bd47828710d1aa8ec4055ed10793568f99c205c07b11dba5ff01306,9ff2c8b624016e00be4f676db879bd5740217e6ce29fab1319de006e6499b306,9ec133cc24fff8af63acb2cc71392b80199524975be60ccc9701519a47e27d53,c226d9cb09745a8f021c12efb926c4cb78f446a7dd3bd20e640ae705f30453d1	0.585	1
annotate-context-121	4e5657a0df0219050bd86753e867f4d1ce37159728adc97bb31ea71f01b2a3ab,0d698dbb413e091349d9fb490f027199c8a8ffcec3fa9c171555dd377c00e640,ef422c1c1dcad3d25c649f7462af158735333e71107fdc3c45bd53ee0e74a1c3,924f776181fd8975ea52d75d2f3119140a6fb869ef030bc6bdf844e28dca678a,d631131bbaf6062475ed19e3a06e6704955f65da88835fa348b51248dbf47cd6,cfe802333305c0344596bcb7a5180e01009f1c95e049c6113b04c13292f3ca4d	0.726	1
annotate-context-122	83e267f2cea800ebb6fbddf07a12a19da0a65557c7c0cbc78687bb412e56cf53,6bbe52bb497b277a966860d7fb3f4601114cbad6e1ae5eabca4bd9d01cb0f43b,bdf132f25994b3c66fbeeb30951a8b74bb860ba8607f8699de235fd5c98d326f,6e8f270815f85f82e24d211c51cd54ae5341e76c71693e6ea00860cd46c63006,ed67e29c926f858c5f6c0b7c02e98b15c5bb7dba51f55b0a7515a856e14416d4,8f92c4a5c7daabb03aa6429a7bef22eee9b5ed9e625fb02ea1219eeeb599e398	0.595	1
annotate-context-123	c5bc51f4ab8cf7728501377b8a2af8c6e2449cb49c77597fc9926681ce40a398,eaf405a524d4089305d82583c03373e802b12edf0c0fee5b8526684228233ac8,f6ffb1cafbcf5d2d5e64d7c3b26709af1b716301b1fab06f06f06c865d42dc55,58abe21ec9fb8394681f9fb893579be2f59b063cf07d7336e18b1f70973cad8b,2443b1c095c317dcd1714ba01476ccd05f45c8ed1759cc43828d97426c171a95,028288ca7c30d0d1eb1125daa385d972259a271059bfa54caebf59c2b5cc42a9	0.616	1
annotate-context-124	0b2a6e5e04d8828f0f381e9ab590a188a73033fab40324bd25e0dc84692ff34a,40ca0c7f4a5c3ae7daceb2ed0d6f2ff17d66c76413019233e3a611e0cc686ace,36d5fde85d8f39e110d910c0643abdd3eea1a3b64804aecf7e0a3da16d67c8aa,7e16c43007b486044df2b094dd29d9df0dd66dd5fe479ede28f9e971a89c0d43,97237acee91cbec86ebce0b2b03a929878339181a9e9af3250c9dab080ff3a45,3590420091135d44f56c8b083967e675be7d9673aced81892c167f667d5eb56c	2.092	1
annotate-context-126	e57b9e81db313bdd36f83a6949dac38c687e50d85d05faf573f89471af2918b5,7a7b29de990adbbce90c3bdb0b200539deaacae13747bee1ce4a9c31b267d65e,f4a61b0c8e3f922c4389f62b605710740acfa1ab7adf3f0a9be13d1110a9ea5a,56841391af30e7845f39c3ed5da65637a9340452c4d66c20520cb8fe1e631943,b0194b0797973b1934809aa7c5cd1b0b607d564bdc8968271290a68a52d648dc,7030313e386c07bea668534a3048668071540e759beac5afc2746dc7362c5a0f	1.218	1
annotate-context-125	d126b2700e51e9ced3fcbbec18f147a632643a2ff88585d25efc17e7c8fae099,25c7a8b4989b2d8e7051ac63d100642377d1293a62c611271c40c649cdd53169,627d5fd413938e28b29e0922fceed8e1d7e8baf93c09d8574968ba67554f855d,c08c8d6cde9e6261a2482cb88f6d150e5ee7763fde3a1b4a5b27db05b930d946,01ce30cb9e72d464b3a907bc2c482725c96f03778886a3ec47416f1a388b27c4,f219f4366aaebf8e4f5c22c25262b32d8305864fd40a5fab679de0f4f7e1c418	29.903	3
annotate-context-127	abd9dea24be976b4126a61248f79f6fbe5166c169518731885452553d6415570,c1b4a0cd5c46a4fa6cb7b6907677efc70ab625ea11f1ba7b6a73d92438480104,959a87f2104e32947de56850e96289ba59407f764b8a969912f9b9f7ed44f126,330b784e26da26b99af752f6eb0c17560020376ba2684d12e1f57645f53b8a77,d9731223be6160339098f1dd936ca8e030ae5872ad9c0ef7518f551b29b45fd1,ba574d7180792fa131b459284c8f112866243c1ac987fce1d2b3c299514ceed2	4.441	1
annotate-context-128	862831767129f34f0b33747ba221bc8ec7718da4403c707009ca98f62439cb18,8fa0e94aa9a9f3fb9f8d5ef2fc967732ebdfb9c9653b4e97d2c3e9118bcbca2e,13e213c4a7b5ac5bdd4b9d71eb21ec3d07c03ff6b28d8cf30f091dd2fc543da2,6f327c5cf738e38c5cf9de44c7c22d5db38e87033f6240c43359c5f22567b74b,1dbaddd86a29188555195f0558d31967f550e04f798a18e61b7c5345a1f73949,4b6e1374d1bd73900e56f37701b777f7f9b19e1d601b772b46f75ca7a826cbdf	6.107	1
annotate-context-129	fe23993a45fe656a049a240b88084b968d3fce1fe62ac7d82c9256479b1e1d53,a8372c1630e389509ba74b61e90af0c2f486eacb24bd97f1cc4f251907042073,5ef852f9eda7a1e3e18d4c31c5c68cf90cbd9ce5bd0a93aaac20bcdd31bcdaed,2ca98bf1f2718e3fd19ef0d2c2359bbb20aebe1498a054cd4a8f4fd3b4741283,9f3bdb2377e4f211d82331b59f266d72073b7da795a5bed7e421e89b4f95edd1,04d0765b6893ce88de8e27aeb7f67b5188ded4c59396ef3b08b661052e9eeee1	8.533	1
annotate-context-130	8ea491ad14ea6524e07d616ff1404f53c0970e9696d474862204cb46fd851ea9,53c97aa4b84f678cbc301ad5e0653b446c967571719d0d25eded02c1fb112729,cf6116b3debc039507e1a8b423432f177f67d9126b87c26d69e56c9d7dc023d4,c87a9151e3a43e43060c25587b91b880ef560544006357894c3378d551cb100f,4b37812ab4610960cb4de3a1a39aa86aa4afa5d27a8a34131c1eb82920b199f8,761327fe55501d3cfdaf60d00a884396f0899e6aefa55880ad9480ecaee95fa0	9.022	1
annotate-context-131	cbaf725c3db35a6ae873a12eed7909494dc4aaf68ee4b4d490b3c00be3403b1d,18b15786ef9fe90d3018cee35be8ddbca202ac50c982c05c79d8a1b0e35ded73,333d82e45f3f4f297d5435275401d28d7f865c07394a43fcdc824382a0947e9d,41ad5a0f202ddaba951d8415e1f854469535ababd3906b4b604bb7d78b09ae74,5a0dc267de8f7a045ec37390a22d7c186b226b0e4716e13f3f4f3659da4a10dc,d5495c2dd40e7923f314984a48846425ef962312d2b7a6ab54120f5caf374dd6	7.309	1
annotate-context-132	36dcb0900a2af29ef4968b71532307859ed9b7acb8403cf012eb73d01f81ecf5,1ae0291ea0bcd9d9517e7d45245593f8b9b866606baf96949de532229f3d5ea1,a89515b8680eba0562a9e4948a70db495ce238b3de2eea51b10ac73b25803e01,742fcaabc0db3adcaa3c9186ddd202cbbb1556a664cb480a3540023cf0027dee,2bea65fd87c1cc8ebeb5d6e2b72b2e1cf185a1a927a1f3dac8c1ad188e7a8489,fdb5703ba960dac3c5a3d302abe6919bc83e37e37fc241e9049bd194d7437081	8.354	1
annotate-context-133	c675e77d7665c35c6e333b2701daea557b8193ae8c8130e5ba808b75ca1acff4,f59a6141482e56cbd5429151e54f76bb805dc9242bf2e557fe960de183aa39d9,b05218a6dffdf99105f91f671f156e389e175f04c6f1ce391720d11cb8a0ff85,e203a81246f8f098fb91c9729d24a67325d793fe2624479f88a88f30408574f9,86ec74ced78fb4d9e37bc0466a9d5dbc55f18f4ece8fdc9f4a0b53179d581259,2b5013b04d2ad76f583c953b0c0d472bdf9207c2ea3183c5132e6a578039ea90	5.243	1
annotate-context-134	31e9c7342da5436309e773f66e53bc666bc6bfeae98c7441793f1bec5efbaf31,dbfb9178ef7d41393a751d32569fb04f5491524cb5639abe594d30ca100c700d,96b23d4b236b8684c5c2e90757a6769e9f5c44d46b08b801961073b9bd739646,72aacc772eded4a734135c89e795744862f286c1507d5caf8a46dea536ed023e,11f1a10660f32178c70147f14edfe6e4a1b740ec07f90410690a8f61c1133e16,2650d3748e39ca548abe92a4403afed6a8e24eaddae35f6369d80f349d5f6a99	6.502	1
annotate-context-135	2830c2cecc32751ba33d116cc1b5ff792608c9e8b863d89a8fbd9ac83c648a05,9fd85da43616c2d74fbd3c2efbec29920e153f61c639e8754bc6fdefdd73ac8e,576988cef62a0d4942d767047be4a38c2b1df927b8e70831a897e946c8d889fb,00c26e00f1ceef04522b092ff3d8ea5042dcf04d417df6e654f7fe49f2d9f499,8998710926bd4de7c14ebfd3540e42b1bb1d70c40193fe69fc933525ce821b00,41c7648cd884f920fe23d372a30d6788356226c0b4bda6d808d5a71fad5ed7cb	8.662	1
annotate-context-136	cd7753cfedb3f52604e7581c4a8874e2a96702d0563e6e9e66b6b4712bfa5bb9,d6a1945377a0277094642bb3eb6e47b74a91f6a92abf3dd5691fef670c903c53,26eceb7377750bcfaa64cc620e06d0745004d299ab01e444ac3e2fa0e8b685ab,4dfda12fc9cc02f4f81dd3ee0c51bfc8c7d969dfc5628cb15f8365e62ded90f1,29c9a4ecbe02790ebd284fb2f32c57bea8b5cc40ff3ad3d770cac9ba03303dc9,f3109fea8f693b2bf71810c6a1050a38b239c52ed92fc7238164feb4a76c70d6	19.832	1
annotate-context-137	4670cc4e19735f2f959bd4c51a732907b76cf7be704cd51f1943a6237648a8e1,1b86377934db27dc1a9f35b3ff8b9038b074ba820714df2c7b9a596c97fd4f74,d986efb02f376fd24f74af18d71f274a3d78befdfc1d481b65f6cdb8dd7dea9b,b1962b611c05df1766445281490a3d102c41ef009fa36068f1f3f091d872d32e,bc04eb911dbba39b2f282c7ada5d69ec76b56d457e07f804d97ee7f3bf12a6c2,0af62501715ea404b79908ebcd36741b30c79ee2b9cfe0b31fb66af77f047e77	6.799	1
annotate-context-138	c8d5710c2689e6a826a936c813dec46f7d1798340101abbf9825ad8b5bc35bd2,8039423fcf76b159dab6c4dd35ca84d4ffadef645d633769658753d93c8b94e7,010823bcfa3a49731eae25333d5f21722f5eeb0572ddb825c86de2c3b36948c4,6ce7a03adc0f2f612342f2d19f9bc7e0ae5d9a218200f00c5a169067d21e61de,4d83f4e89559bd1dc0404e9f8b1a489b20b753e5633a8f4b5892e45dde86c4c8,70b68262897627bb476cb8c6cd71e47f4c87154002c8ffae38e33db79908a65f	5.873	1
annotate-context-139	158d13b168b500c1c9a2c1755bb075b52075985e5fae4c10f26a4f1394d976fc,202f8c3f057fddb68f3f2af366b6fd288c0fa540da69180e9170d13db068d74c,b22e7cfda93bfe78a7afff3d11b054330886a18a28ded55b83faa4c538267f51,9392faf8021dc03a7debb1b415e6c7cdcda2e1f9e4b203074e78804bc779a18e,2e5a48cdd519be84d1e6ad072bda67a97bf99883baeeea81341b5102b31537fc,086779486851f3296983f17be1f0c238d50a4bf1a989170246819e7650809849	7.167	1
annotate-context-140	17a8ee5da3c89bdc6b43c95dccf12a22c9f9c3b586b399ff0ed0777cd667c65d,d4756095620df518aea0616ee44a7cdfc147aa01008ac1f796b919c9b6373f3a,94822ad883a6ec728a7037035a7af2992bc17bbef3b1aed3905ed45aeed19d29,b906ad33d2ab3312710e6d5456b20721506996ce6895be85e92131bbfa07eb86,0415a210ab3f14f38d10a64fbf7e2da07b714756aa5fdaeb0922b36438b36a03,288b0fa6d51f2a6c0775cff20727eef8a828c7db365f72ea8e9a311a7d355485	7.893	1
annotate-context-141	048b27785ca0b2ff8c414ce13d1629ee262e1d4aa857ef26bef7649e916aec4a,a76839ee475ec80b2341419dd9b561b4dfa7e172a09ca7fd279fdbb2a096b7b4,2602b28e9b0e059b6fbda6cbcc5ed1fe2c15a175f992f59ac56b5bd5fa30334a,8320293449b9eaf9bcea97a3db033fa5120fca82670fcbf82d44ee984866e21b,f5247df0c84a349a62154e39846091e3818aba006955120953f170717e0b4641,92c2e504a716c0189dfdf108343d0002eda37460d24a009787553340374f6376	7.734	1
annotate-context-142	5658386478a4151d074ab78341d8e4037363818c807ebfcbfbfabe072e41308d,2838c9018b0da2b6ea6bb2d4c1151c957a241dc5163e57aa83d4143172108297,d78542395c99d90689f1bf1e8c5249b22d0e6118299c52131552220d14f3835d,c3f162d519946cf4f9ae146627bb02b626f5f352d1ff00086253c9a4e9370555,cabe33114d36ae14918f0914b351efb5994fb9df06c1d3f5547a6e51b61a985b,43437c694e57e580f2d22d6de1b7574e5dd6a8aa74d591d2526332d69fb72311	7.906	1
annotate-context-143	451f15130ed1f811712a1ce2387eeeb4a23d0f19bbbb3324f4e568d6f16e6164,60684840deee4ee0e285a53ee9d9820229a0edb23c5e28c3179f102c94b93bd8,d930efc9cb70edbcd7d96212b3a290406a2844dc3a0c3b5eced30b10655b9f99,abb8e9c9add50756bab5d2a1c7653314ff41c057a29ec20bd79a61ff5c05906f,1ca338f04ba9f8305505d62e51fd0a2996d93398588d57b61750990a11399782,3551b1de45e9f04c0b5f7985e9f82f7750e1e3874540abd6379091ca88f2602c	8.176	1
annotate-context-144	c4552eab48d0ae991a669ff2b2d1b52cf92988b60a0b492a90ee1ffaf9aa2fa8,fed5bd09bade5dbbfd0365facf3a661894c34fd4f070fc7b5d0a9ed04233b852,4c0e8ca9f8781998664d4f8b57c6eebf1bfa9bd3fc7eaa794630345f747d4df4,1617de4a6198ed5c5a512ee8b3d29b27cdfcdd005ec351d6c267e0c011e9ad38,a35e97962f8f3efc20120854e29852ff3cdd96257bbbb47f63e548a1e2852002,335fdbc86ef22d93c5a62fd327ee2dbc3f3f34b84e7cf3ccdc27c8818861679c	7.295	1
annotate-context-145	07c76796a49ece9d9759b46a935f8f8059e51aff92bbb9928d568c48bc22150a,9025cf407a81f1369f70e5c5ba6ac95a111f8c84114e5c6d29cd73601cb83aeb,7ee66798b6afcee5cf29990512bc0c8b54db44312fc1099beffeffa3d38077d2,c8887a7db968c84d2ff0cb6c13e215c6d9835aae6c21bd4ef9c69a34a8aa2d15,42b692b527f8f89f8eed41ecc1700b3da0f636ec0ad44a115d5d7f5f0eaf240e,86b9ed817206c0b0d7c96d5d5694c0752c019ff366190d3a9f0bc2cc0f88e7aa	8.281	1
annotate-context-146	b67dbff31a567c38a4b25919bf059ef7c6b14c063d7b578b028cd2557a481de5,6ecaea45b9d8f4a66bac0838b8d3c2f4956fb4b02f991894047aa42a47af324a,794340b44743187547689dc1bd739ad85873fa90d394ca84aba4bc0494fe9732,ebb10ef1b68505631b03cc93d325a392767db264792e03675dd32d96d2e66e1c,b020b38b437e5cddecc6fe35a9a5ba6b82494dbeb53c10c182ab52d971bd1fd1,68ca29220e490f32d5009ae27a3688e40278e3b091fc7b1fa028978eb458affa	7.71	1
annotate-context-147	142427073416273972fa4cc46e10780b2429afba95b6b76f2ae5ef859dff5838,be6ea38e49164ba48969e1b3eb57e82a821597d5a1d9d1ef79f159a857035d65,5558be3634a9627a1cc88d62825fd30b04128f99150b213b8e6375f76742f66c,d81922133eb4f05da1420e297e03a53bdb3665f275f14bceafdfbeeeb8ba66ab,8f62f377aeb1119ae7ffd5e2196d834328a0bd055c126207f7798fc9c4d7627d,1ba18ad7ce81ed636085066fb07e425634809749b9f64dc149c9b44a26e36462	11.364	1
annotate-context-148	258ffc9d02e76d425792f2c10878b08943d7fe9ed8438b14249fe4caedd4642b,3d6a8d43ab4c71015d6bfddf2ebbb259311d3b2cff8fff8c8e8584d3c2077301,9b356a14e1d5e7f1ee9ef3e4a2558cf4899060c4f57473e005b0484fb2fdfa37,6854158fcc31bdc5622100fa6644250e01af6779dfed53249152fb1cf8b5ac38,49757e67b2cf83e27aaf0590ac60c7cfa35c11f865152c801951aff9badbb43d,aa0f97aa330c19af682f80d84706177a24091744ff7c75f0a3d557c3d57a1137	8.354	1
annotate-context-149	cc5762a5c946f72cf784bbaf03d76f986014061a6954f84f8463ebb527d2b9b9,cab08d8e64d9a897fa0690e24d43c3b3ee6a8c6cf1d337d00301a38cb312793d,e2d264546f9158aa129893e4fd165af371eedfcec18451e3b8c7c4f3de7b3f0d,66aafbae6a5ace4106c2ffa520d24f812d66957acf12cba3ec368286218327b4,670fd7c0624ffe5003bbce768cba938fc406162c4fcfbeba90134de0a2ce971c,e2d7fbc7f28f7b1b309c76124c20824b0fadf2f232b3825ec1a604f7f79c4efc	8.875	1
annotate-context-150	0000fc47c2059aa6c2377d08990fbc98fc429ec685865900918d7227644a4a34,b3a2529e8b3b9395ca91f0c29428c276902bb656eb5aad7905071503d3b0c9d1,b1f3fc6e58c3e39c63586479654d366be9f0e6c042aff25718e17385f7eea1a4,57877d7e08fb8588ccbb6baa49f8f7fd6873a986116e1ccad86d88fbcd539940,bf96a00ac755ce36b96cc054448c7bbdd90b8df7b4b776d775864ca975b97751,d12e1417a6c1497fab46b66248f28302efb874500eab1d4bc8fb1fccb3822ac6	9.012	1
annotate-context-151	cd69cfeac5fac6bdcd1a0c4b00136dc4becf8f100df5f81722fb115e143d5639,f42c56b399ce25f56ca423b4e18f3d2d5bdd2a2f10266f39adc672fa27eb2ed3,b817801f0f567b2dc5680f39af3368481e5d3c5c0a47d1ec90a8d5f81bd78f14,fb3ec1c8ce5ed61ac738f8c4d05dc702214716880d1b427147a770d699d93f28,5ae8b7ebf98a260eeffc0dde6208a37b092be4ece397c224526b0b9f095564ee,6ab05223b2bc8eb39066d5e6f7ad66eac06224c07dfbd7aa6bf875a52c90ce0a	11.732	1
annotate-context-152	3bdcca165991367dba505812147b93e462d628484cb4b7afbb0b45813e7b8239,c039d403ccc7a669bc9f69962f2f5b6f1fb48b6d33dfd6e8c6b4c431a9660237,4b66f115b3e350413b5fd73552095b909bdc1a6ef371429f3fb04dab9fdecd3f,467d39ffee140f525ae1e1a1619ca371aedce4829156d0f987cfb20f94e0949e,2aecda42fb0b4613cb7799b5449657ca087748cf98b854f64b14f92a6fad94cd,f01c4b8035ee41e3a035e21bf4ce46075df08e6f240a5e8c76030f09f6206f10	17.329	1
annotate-context-153	49d679ecd9ae03dfa37fb426c4952cfc8349c0ed2a36ac2a0890ddd18329eaef,f23a2186d4a3cb3f0e9ab7cec99cd2a700f711ba4a685fca2baeecdcbff107a9,a746fc6b2194cb4b3eb20769a18654818ac8ea0c5b9ee7caa453f8568d071660,f1cd4acdc023ad2633bd341302ccbd15c322d37a43cbe86153649f8dbfce380e,0bb806fb8f43da21c1979cbb5ae7e737f5a7e43e20d826c2208d12c0a8f114a4,ba8624739c7133f713307c3dc19a727772e3bd9c8271a3f3c3747d6e6119e0eb	22.165	1
annotate-context-154	fe5c47611ac33f782a89f7846bbeb28e3916498eaca291084e48406966865697,0f625d1c8822ce58428c113fc68dba724862e0fa50d6611b62ae3cee542dc555,5fc8c4b30e1c269dd649cf71bab588116608f84e0f19b73c2489f99b76d1c721,be1ba1cae5e7269eec9200c481452c280bc12df0ce03d1967c4126cce9768c61,16654928a9946f15c0a8046da127333ebeff5c3dc22267eae371a6316db158ce,4633cd30c098f6f2ebdabaab0ad0f2444fa22f234ab1d6e19d5a3fd7d6e40d70	62.032	1
annotate-context-155	662b38f262bff2b5cd4e699e43ab7cc7c164a56566914b1e9ee6390e9022c4f8,5e8e6f98897a792063e4db206fbfdd9f1600ecbf39f0955db60ff1f03cc975b8,2c29cc61cf0898e7b007547a537b0e1e8505c408818d94cc2c509bc2a127f25f,08cbd3a2dde1f2fb9db3868e83abc13b044af11740aa651ec6b32631c690e31f,0efe09f909f02a934c370b1f53b1229d0f44c3d267d87412b4fde24ab7c260ef,22927ca6c53561c3c35a3220e31f8833ec657d93bce4afd87a4174204ca53a59	69.771	1
annotate-context-156	706571adbf7483d048f55349c7d441499af2a40580e96ecb315a9eb5e1ba30eb,7fb42c0e1ed5a07e87de158a546c14b669459b61362bed471f3817b65bbd18ec,eac6e26c7eeb5c920cc660331e5007cc38206929a064b30ac8fb397d943e4275,5386367cd8843e3529b42f381ff24d0e85a848c27bd3ae16c82f90f0e11fbbfe,8c904fcd198f7827a62717d144a969916d04bf2bf3267a30245af7f201d52ecd,0e51db7b440daaa2f75253349acaa431544f378f314b585b80b6dfa43c61b689	1.042	1
annotate-context-157	97d1115f1d0cc7dfe7835069c94b7f7310eb817986a19865b004855d1140d542,2e6eae474e6187ef5ee484c8ef404048bfe170708307baeead7401ba31eab1ea,ad5d3652c157eba1f9a1bb5c957e6c5500c5349d634ce41d12dce434bd74becd,286888688086f55352387df34b0bcba4c3368a1826890521f423dcda47f9432a,761eaf03b3107aab6eeb88e2458b5c26a21effb4e8f312507173fc371920f05f,798088299285fa64a59c96e2c703d26dd5619b9fdde463927b7a04a770e51cb4	1.237	1
annotate-context-158	2377329e674a3595d55abe873a565e60183cfdb64082d10a114d2fbf59e3e5dd,6af26fe027b7a6fa80d4891a2933d22da7b9301041404c5d247dc62da727d89e,b8806fe65bed99c3512192e44a31da4891c76257b5800bc0bcfbfc087d16b069,b71aaec96dc9e76122b50f756f630b6507589bca9555139887e6bdc80899a0fd,22676c70a2f94ee065709263e06c67325be538814b70fbac43ee0c923e16f514,42c2cf95a0a0d26455c834c2cdbbf88e248963865bde7a32c9cb4681dd396f19	0.713	1
annotate-context-159	9a00c7a516b55bbc9a62cfcb7504de22ec9f41d2dcde48db17f3d8346cc0f880,4c46d0c7db4ad596236b7e0e54585b818c8e9fc59a37d846786e188248647e69,072f958f2a0b1d85d7647ae4da62d1146306f1beac3b2e9b87e0085ebb3ead1e,d8f63aa62bd34252b1151165bb2f43fc2cbaf6e19124f39ef5882bca352e969a,588b6c4a8c610a27f725e3d6099c8fe13c66413390e75045013cb5e7c0589e15,ae6503066b515a8ce035e760e213ae8a0f050e3d3664cfea9e47179d2bb670fa	0.699	1
annotate-context-160	c37ec695904f190a6bec9b3269ffefc000142ee2a6264dff70304757282d7642,117a439b5faacf5cd59b580ce0c3bbe648ae49ac795a71c39f3f29057671396c,2062ae053a5d8fac6fd927745951f477162177d2cfd0d52b9a4ad1b70e5b50da,65b9f47d395e8a8b840f66205dcb0eb65cb2bf1578ac8af88c00c4b5369c9de9,94e11d118b56fa8fc75e5d6db123893439b2392d531b4dde5287cb7245d2b020,9e7d8626ad8284035e6c261a74cba868b9fd3bd4e7e84b6f83d454091e85dab9	0.67	1
annotate-context-161	e21b6a10e9d2b7010086206a0b4031a83ca70dd94fecc2ee082ee15e680d50fc,d8ea2de484d8643e51449ca47d4ab82a4082f3f4850937a8a67c5d356afcc243,687520875110ac2d1d166187c58c92239e8366ebdd79e572947aab4b7e6b29be,4f76bd36224f2b0e67a6bd85056b444b4cc4a32c78389e00864181878e5c76de,e55b74caaab287a8be4aaa7bd494bb0933f207e064d28333940de69abfab5855,4754579431a0dea8a0f285f21340d361cd4ee69be04b9990d6741e41925be1cb	0.604	1
annotate-context-162	b91f8756eec0a661c73dfb4186df1d64c67ea2ad0ff0c2d40b8689a58ef25a1b,c355094cd265e81720d0bc033b0674b630d5d7e355c565ae9339cb10c795ff84,331cca39d5cc671aa950d80d55ea944901c98573c8212e91623150bfeedf5eae,9ef40fe4aa4cc518113aa273f98ae3b5cd5a628b8b5e59c6c2d54184aa8abd4e,b4057f9e3e5b77265fc57bd576526f86adfaceae3fb0215fd1c7362c81783b34,8e81fd855be94cb74ed8e7c9cbd5cb97f01e70101e289397ae1aba3f1186c50b	0.615	1
annotate-context-163	b6624f88c35d091cdbd3504226ec0950417d0d6444b8466a737a06de496eac59,00c316836fdbed1ca5675f1d8cc50eb89a7222e947482ae043a8775d74cb142a,ee8a0055d021e6edc9b4487b932691a41daa00dc4c4c55f76fc2b5dc00af62ef,8f34a3f00d9f98ca98b2c27a6a6e64e8bd4ea3561970eb240509045f9e5a471d,b2d65124c38b52d8228cf83dc2e5b88fb19dc8fdf55e6fd2934e5d8cb86aeb46,99828826c8aa7a845bb797b94c807fc08f925d73d4a78b38e14960b8a81c40b4	0.782	1
annotate-context-164	bdc0dc58267f5e063a8d45dbbdee5f051f7df27615897ba37eb85c344abe697e,3dcb4d71716ceaac5663a36a9a43577d55560474f5d09f82665fa9561cccf563,542723c7426c2f9c0922dd48a1f59c3d808b859e62ab7dc731e7959ed0092c83,02b4b61767103bf47aee42a23219f1a05af13a6a9102911037d53f66f94d0244,6cc10c13c8b29122f7157e0f98c813058311699c0b1def02d65753bf5b4e8414,35174baa68747a9358935a5ba25750c99e4409842a1ca78b021988d4fde79928	1.644	1
annotate-context-165	2ae4c83b6913dbda15e1dd523b446b74eafbe39be0db6d3ded0d6b90bb7d365f,5abffdc51863249cc0815961ed6f7a3201d2423de02377c574df35caba22c4ed,4d08c17d1486a065df2816f574fbad8b77c4bb49d395a436b56d809100855e8c,244c9da9cb5f5d427f3c7f9a01e9d788497b2637c2f1844d39a34b9b193c9a73,6018b90e6979f6ca16a76a7bc192e043f6b0fa1afd6c4397cb0958dbe2c45e42,5a0fefeb69747b7f66e0791d5e029238baa0dbf161091ce553bfc8c2ec948b0b	2.043	1
annotate-context-166	1416f2aefd522f3588cb0f2e16496cfb50d21b880b8fe75f612d59c210842caf,956262eef664eecb799454326e81a1817966a77a5f95d4ed1975a578b27c404f,f28ab798c446f08249f81332cfcc5987521fad20cc655927a5bb44f6344eafb7,9dbbe7ba33c47a9be17c096272355029bc486f30d64ace72a653fee807bfaa0a,4f2febf690ce186ca84416e6a85545413d56672a5a4a0abb1ab9ba69d0ec07be,2c2f3ddedf516bc98a49770d46e5d39c223f8f9d3bdf98dde90dd34bd47c9302	0.601	1
annotate-context-167	bea3269e9a98416a86c3d6e282fa75ec921f6e94737ffbd4302cc51ba5f7e8d1,665e95b6d8f5a3b419151e98795d454eedc52e998696dd9750a3d2cc13b49185,1fc69ef344bab757eb3ac31030614177892120063f63f8dbad1f9a7c6f830e45,7f93dba09d723fe82fe06811e28969db83f46522c4b3edfbd0840d0104dc1386,f7f4399b410a2077a30b6182058f9d22166f188a021c9051fc0b028275f963c4,63efa97e6c1b56dfa7c2162ca6e5bb4a0155fc53035a914b8bc6775ec244a827	0.951	1
annotate-context-168	49216ddfd56e47454330a3813c5143bc8ed41cef7f97fac3e3d2219d38d3e310,665a0002b00e1a8d1749088959c613fcad7df65f361722fcbef6bb4c1ad762e0,ea862e10c15c03d171ddd19ba60ca14d8cce73e00787ed05ae9bc3d27ff3332c,7406c09623cebe32d91bab86c59d4c5e5d99961b857b9d8c7452d144a91ab4b2,ee00f1f5a3470179529cb0ef50eed26632722a7bf163aee099c5e26659be5979,9493637741660d2008dbf2ca33e8286676577f9c3277e1eaf8a5aa1b483cb1f3	0.715	1
annotate-context-169	001a0b011011910f2f7e4a99f00f45ec5be073609ce5990745cfbbbf2a708d21,1b2d6b47ad99bd66e37c06030e7d36aae4ea2f0c04865729709202f30914e256,f7087a8a6d1797f7c067a93d819768dbad5cef634f5095428dc8f5507051e4ab,0ac97f2261539c13f8678e67334ecfa33d46db3f311920c6ec6ada277abb810d,8d7232a62f4f25b2ced81ab996294a070af3d3e28fb534be769dcd5239cd6fb4,b2890b08ca3cd20e3f0fc59ad56768a6541d53f78fef27e5d334073827a818f7	0.593	1
annotate-context-170	bc442a9fe5b59f47561ca543a548d54b7292809f869b51fe904e646b3554b484,b00ec2322980153fdf54606e21d06f14ed09a48a6f7b819c2c0b786b1600df36,3dc791ecfec0c91bf7aea402fdda6ec66d16d207e368d35b72d44036334fe99f,693a6d86195b9b09ae9a5cb8e99cf33d787d0f15e3e3394f2e18623a2f529d13,a62a84b673bfd49128c8bae6c4fa14b85f8becaea60fe216b86e0f7957ff1a78,f820d74507712670c857a18a9a7e5b4be6f66369d2e967154c7ef54c077d1687	0.844	1
annotate-context-171	7b63e9a7d77d2c82a2344520a7244fa34098d4795a45b5ab13e590ef903c12ed,8a6ece3d4c4712880a155b473084663943e4f72019821c46e265e0e3f8d57509,53e15dcf0986ef135348f06826a18e6fb65151cc2d8c48b7be70e66b5e212d18,cf62be11134f590eabf582b88153f7f612186424056ef883306c1725723258fa,27fcf5d291931b953759a98316b3cc780bd5fd17e4706ec1d80f6cd18b74aee4,d1d87760499db8df96b10b34fbea5978c2e610bdb63244e3db38606c74bb3795	0.607	1
annotate-context-172	7f2da392e5e66b569aafbc340d4bbb5e9652a6250120ec94c20f6f6699ee7cb8,7d9eb14817662ff2811f9d73e20e384d97e34e72523b33ea619a081713664ea4,2211f9e47ccef2f6c6b11582de02c419cee38d223ac744c5bb65a48a9bb58667,fcfb19df90f69cbc0b47e0118e2c14305c74dbea22ee9f2bdf2d4c3d8fcf1d1c,f1ff8e3664518b0accfa42522d81f723b705e41afd40ac787f755fe154ba830c,461d30cac6f26792c1a47a982075e27f44a22d832892802fbbbb5d30e4706dc7	0.88	1
annotate-context-173	b2451fd13da1983821bc146cf1d2b9c88c9f53fc3391ecfabb8879f37949ec05,1bfed686fa92b6cb3adcb8c4f2fd4521c6e67c7f344285d95ddedbe2afbdc443,3d98343a09d8901c19a76aed4af5c4208dff100eae0a0f0a5048399abf456044,5fe5822129c3b2d23422e5301cdd18e1d7d2ca4e67d0ba84df3d8d0c454a673f,6eae679e7df3fad2382c233e7fd917b39cc041f50580667b43c14b3309ee68e1,7b1d671c64a89992c8d41553410c282d87d4b6eb0e89de051e321636873ddb41	0.578	1
annotate-context-174	0f123d3ff3d6364d16f9ba757ff881c4514199125181d52050302a378cd4842a,c16e4028a6ffab08dbfa3b4f3d2f4811e1a161ab988d3cc24a96cdbd657f88c3,9ce9f0b86c3c4ccc8470e6a829aafa84c8a0aa513fe2e129791556ae2d3766df,e7b55d2d56bd81fee9d49282b13dfe2f2a880db5602dba39f0e8b883af8f8a3e,ff2eafc51b73a8fc100168a49b4da49428769eeb76edd13c160d87788a8c1848,51ad283eedd5000bf85454e94d7c602ba74f99c83835aa81f4377dc947eee9c9	0.683	1
annotate-context-175	0d46fdff1ff94b7069f253837a475baa37707cfa2a5711a09ad89861a5047c19,4a3a0326d468a0c0b2ccd724d5a5476176725678bc37810537f73667bb7cd668,228ecbe97fcdf0da16d8445022dcbf2460fcc27282e29b79eea427d6d3866243,7505b9e2fb088d34f63dedb8ea62933fd8d2c2ca55a1f8bdb6b210297587104d,ff54c639203f00c1c60785813f6fb9870bfd73bf243447145c50f8069b6e9bca,8442ab9e79be92def8acc90884bec9c6cf2e80cd0b7bf4fc151023ecd163c5ed	4.572	1
annotate-context-176	753a568af39cd40d6c9c515c61b318544224ce8220ae5a2aee836752f5519cdc,96f1e5f2610b0465c2ea74ed75ba978d2ea2bdbfd520a3207f375d309cfe0c50,db3052f6afd16cf1be058774c6eb33f094bcec23c949021df52c4a59bd69d9c8,efc69a484143203e8a1b014067d376f3ed4f2f3ad70143a20e72fe4ecfc6537f,72f0a694b49dac2abe1d2793d61b561e4069b53bad8acd74ab95204ead74c4f6,04f682c14622972a87afb0ffea6e130511440a24b0732a91d5dabf61eecfd4f3	0.684	1
annotate-context-177	839bb06e299e16ab7a74591f122c9947904c13d9377be501eef5c93c003b257c,d2db87ccea04bc049b5c75e410318466c9bbe02858fdc3c49313458042b06076,472d59e45e5c7687180f80cc2e14c738ae9cfd1d835b4da9e4b918d2b6bfefa3,be13c38c26fda22def83fce3fe2064ae32271b06cb6757cf230667e079a61654,33761beec119ab5fb12c87e57c11448afafb0cf90be0f635f8a39f77419276d2,08186bac13fee838621df9a65339919c656887ef9949a0f20662f9037fb078f2	0.638	1
annotate-context-178	07c67d247b767de20052fa3d0051f079fa010a6fb2eb965dc9ef29573cd32512,beccff96ac56b8f01b1add2e9cb570d67b76cbf7de0e0f94b6b4b95499e82c92,c3aec2cdcbacbf33d17f5e553557a78bbcb3bd54627a8e6a2a9ef57edcff0eeb,b9d2679e08f852ff1ae366b59f02a2526354305f3ef72ea223f8598e41edb46a,38aa48ec9e6645e67b387475ccaf3283b6854fd715ac861fc70132f970a46f14,cb936a718fb064d088e7148ca362bdf607ceeb2e5f8e2fab1dea185a074ea03d	0.672	1
annotate-context-179	40349d31412b7d62658215f8491c3268750a2889aa257b325989c5e0a44d62b2,4f23114d07b550a4db1304090a68a012a60040464b70bcebeac99bb97cc2cdaa,75f188bb101b6f854756391ee1f0fdfc5ae9cc2407701654820de96f7baca46c,e54a57e9e9652973214d1d50a6265b4df1a0df2a1f0e7722168349fc5f8ec3ce,4d3c32e941a9e5b8fb7b3e1bcad921864d657a50be1343c562aff99d014e6a69,960f56816812e0f39830f59d69991fcf257b2b50f59063a81450a3f7f63a20c6	0.571	1
annotate-context-180	619c328ec0fac9349d05d50131c62fa9cc573508fd2461056e16405dea591a7c,ee717ccd857de300a41ad50ed2f39737de2a4ef82e434c5d93b98d60e75c8e4e,628c9fa8b6be61cfca894acc2db8e2b4209ecf9422656c0f2f795091a1e3edb3,eb3c36e946e8b072e65588199a7c0e2a3c0a0b44b845d3fd025dc3bf48803688,fc7367a7d0f6c848bb3f5cbbc36ffbc918bd57ec8994fa4bb25c198c9490ca26,e486db743c788ca19912b93aa72f9693277136dda6c0869b1fa1e4e74a327294	0.625	1
annotate-context-181	5461c901cbbed1fbe406999af50366a24c5659bc17ab84984a41fe10e8354dbf,0fe03a1a0ee0e9a3490f1690451721461022143d4494ecf4634152738b6c76ea,a6119229394cc50754b7dbb95eaf6b12ae4da2e757ae105a72c3ebe540a9e90f,f03b73939dc15428746df33a9868cfa5c367f1be16a7deceeb742a73a0b0f6dc,33a608554b094febed0ca13899d4e954dc7b4345d04acdb54664be9dede9c39e,e90846caae64bae38428fa706b560aedf6d2ff1e055acb2ac529ba9f1cd76052	0.767	1
annotate-context-182	fc12e07edf24876d524f9abd645b672a2156756fddd5961f5e7e073ae84e50d0,558a7d368c8156059dcb47774ebfce276b911f315f3313e5a826be7f9f01c387,70650e12ec7cc0e6ce26a21ee710b97f43a07abef3c59690b3519e52e85a644d,b327933becc283fa9f7790fe3a5d4d89be081e1354a5d8277d04044f7fcaccf0,654e5cb7f94440d8f25ae0cd89a3c196cddcba44ecb10cd88c4126f56f26dac3,172f7997cf1643616df510d5361c9d99028bd54fc95136bbee9d927a048c3024	0.61	1
annotate-context-183	b0fcb7b764768468823e32b4dbca6f96fc615701677d56fbb3ab243a0f74d2af,bd03a50b1bf4617b2ed46980e94915cf57942e68596733b587cfd67f6791262b,ddabd69137b296e56904d801a492e58121e5ae6823cb8a6ef74c774c5514ccf6	0.797	1
annotate-context-184	8c596a40fe75f9a32498193fe80b8012d6f6a5a3bbc14e88165993f3f2a77572,76fe0d0da73be6bd155bd6f95ebaf752550554ef1f85f02161702593fb08be05,04202c299ae3c21ae29fc509d0b255ee89f403f2e4e9d0f67f96ceeab03bcd0e	0.922	1
annotate-context-185	df1200a3e50790d69939e2cbd30d9d9c9437988541e31cc7177eef8954684e8d,ab713e6bf999bd2c9fb858df5f55cc95591b3a8defbe3b682e4952c0cccdc272,6498c6ec1c3122967aede37e4e699e5b902d64b268e89c560955fc3b920a09c6	0.598	1
annotate-context-186	7d92c0ebd473767d06415f5f27b0d01184968c90ddcd1123d33b855d311a1445,794a8a36a799bd229f4272a65a326326dcfcb6f5df1d849c4c8715978df69a30,90a4e4056eb39a04046f0c736286a502a4a9e59bc1787aba465fa938dd9691d9	0.729	1
annotate-context-187	b3a6133f6af7ae100aca3a055b21417c01fcd0e53c72523ac5b94a22d22e3c4d,e9d4456181728e6e19855dcaa89430a3c01f2bf9717e47908359827d93bb3b68,0a5ceb593697ffada7a3579dadeafe828645853c485330201de44b89541a609e	0.783	1
annotate-context-188	4064a43f7080080165f4f33ef8dd090e20a9e29fcb073c8bafe31870737f0dc3,25a4738400d2f39dca9491da036d06c95858fc2ebcfc0540461539a970c5a936,7076e03f101f3fc461ac9eeda19344eebd7dc3cb65b7945f1ef2f30a155230b8	0.62	1
annotate-context-189	ed0ea348f0218e972b3a67c0390447074d1b978408ebc787552c07e49d267496,f0e12435e1b9cf21006345a9f40390862c29b251b832ac0a0d8895cc37500a6a,50c3ef42fde097aebf82742f297c802da6e5df304bade77c2dbf7acb6e3174ff	0.49	1
annotate-context-190	24c8fafcfecb5c602da308c0c4fe4ac750d4a40fcf56df896e76a83b36e09e14,9f49accafc73fd7e8d64d00199de60eec22a033d44070944230b11be72a88224,37f60569c77e7a163268207da34b8272316e93a3c71a1b91cf4846dbd767820e	0.471	1
annotate-context-191	8f5c3f6056999a5aa72cbef744e1b12c0b8ec4429d6c0128e56b9dc77b2f52c5,c32e56ce0ba2276e2cf18e7c9aec90d3182950c6889c820d52eefc13b0a7fe22,05049450f0ab21562ee749a3fa45a638651a91decb2faa43e678abb922105c32	0.492	1
annotate-context-192	5a164c497aa7285fd6913690a4519a67357c07234b4bc53c5fff7b90220e27f8,a29244721e354fc528aa4b76599f33bccc01f07629ffb69d451b2aaf312476c0,81276c61c2db32c848ec12c83fe93c30585d7cc4b4aaab2629cf37522dc6b806	1.496	1
annotate-context-193	a116e30d9a397870c4f040873df5fe606b2869757f04c5e43795ba37ee9ffff3,e3fa40050072319bff1a0de7e814827b6361fbec296586c7b0a3d4a223ec33f2,dc56b47906ceab86423220d307cf3c4e62ede547f665bd7b0bf5da17551566a8	0.539	1
annotate-context-194	5de3c123addde43a6bb2abeda6fd3512ee758018455e5538604c573e3a82f3a1,fbd83fda3c31025702a0d559024a42f4cef3152153038cd5adc421bc272e2f5a,b726ddd3f13ef41298a36fd0750a6740df83ce8b4a5e716a63a00d37e13efcd6	0.566	1
annotate-context-195	1c74ff8abe5d258e24b8a32bc9c6be75a3e3457905c59e48e4e03dbd868c47d6,41a11be6cb13d861907cf1c0078db150d387cb7af25a5d8a024a446c814dabf4,8f3a7e301362ee9fd613d929e1902c9be81d5f5e12ba5ec7fdc0511d16bd6acf	0.471	1
annotate-context-196	543a8aebbaf3be262a23ba6edf59df4a950769226161de210bb3171dc0e59dc4,835fc7f31290df3449d30cde9202f2dc05ec7760224d6d4a31574d22872dfd68,3aa7dfc8c135f2fb7b53a164927dfee2c37fb687db208aa6007920a62373f5d8	0.826	1
annotate-context-197	1925131b91a3f69c83675b53d03b6fdcc216754eae03be2c6e495e4d027d9094,43c8dcf3c47e235829179910597a0d5c6b108b7a61f89a8d96451add19b53dd4,6ccb2cb97459d568b0831320f330410c3e8774d708d8f091129e0e8239260a35	0.692	1
annotate-context-198	fe9950e2833c4f88e83d79363bac3d7d565e7b0f8b9209c3ad39ead9ff2ab283,104ea9856508de01acf937420fb478ab09d9ff530a75c9a8dc5b68b1096bbad3,2c6935a6b875ebf7291ba0dc22050449fc00f7c5d9675e12f2acd8bb8a6117f8	0.483	1
annotate-context-199	4ffc42dd6e9291463634f5216775d75b63a3e452e6864dc1a945da5f8a976b81,d5015abe960eab8932c1115f412681ac78b77b6424e7cc6a80d8450aff72cda4,a01528945b17d04ea6f6294f34091e1fd2943be12e0ae1d0afca43aabd390f97	1.345	1
annotate-context-200	bbc4f25043ee960e3c8fe2a2701bc6807601a1fd63ae01139f50d37f45d7f62a,f620497c4d7e0a293535348d229ce8feb3dd8d68c940c0b15c2fbb7e30f6bbb0,eea187aa38e81034030bebc442bab8b42952bec7729892a220206f149a2bd66f	1.293	1
annotate-context-201	6f332e2240af919ec90705dd79efabd526ae0716be1d439904d38df40ef81dbc,8143a2423a900c9e3c64653417ac8e89a5f0e3a340c1c5d8c9ea759ee625e20e,7c828fc9ce7469e3c4db3c73cfc9c222a40af72c563cfc8051667f71626de68e	0.614	1
annotate-context-202	42648e92cd7c987a2ad0785669d1e0677571214fae90fadb8c383520eb9e19d4,2a8dba5a474913879adcbcd2d618331355c955087a007c3b6a899952999a0d72,99dec7ba14fb83b03f4f7c91bd863de172669d50de92327eaaa9035849c760ef	0.532	1
annotate-context-203	a7c8e401357d8dc38d191263b0fdf4d03121a4a9fb2fc7a4eb08c279335e957e,4e16f498633585bed1d1f68cb31c38014ee5d1c6286d16667de5e992c56be290,17bb18025564fb19b85d83bf2192f037856def997139f12425356953af8ed15a	0.58	1
annotate-context-204	2c969c341b25932453e823390e1e3164bc01157b4b2934b0b492ac80649f6723,df64691d73ae272c59763a840e24f7f9f18d0e5e4aab3ff97f2b7c696781caad,15640633a91f566eaca2f555a3dbaba520dd2e55c35649bcf01da34f0519048a	0.502	1
annotate-context-205	db963435a0c8e7a6d142836df45d2adb489f8f61ad8364e344546f146bffe07a,a90186b9fbf12cf2025bc9e4931767cacde917a316c298a0f7ee5118ac7066e8,92fbdf68c14c4fc719ff1d45647421ada66e10c310544d9344410f05f82ea5b1	0.535	1
annotate-context-206	1162b7a96cffae025a085ec43a994e6aab1927edb2e174d04eff4d9b7339652d,86d626414ab42a63b334fbec958b916b96a29bfd341300bc1772aa721e4545d4,b4d2c1b29dbe4f44e921c4f38c4f50918102e5cb9524a1f0256adea53c5b3593	0.425	1
annotate-context-207	306890905e7430086cf2f80cac22fcd4dac34b0f6a0c82c006d150a6f38c176d,9077192dc08a3b3958be0674612745f4bb8e852fa745249bd857a46229f54d6c,58848a10c106cd55fcb67493ee11228bd455712f7b144065a0eeb6a34bf9c061	0.563	1
annotate-context-208	e271d13a137ad7a59fb81f34f6eb686dee03b840a21fceb5c89a16d475812bb2,b13fe7db6f672d5c1e7a5d89e7a4cad4d321d5fe127d79cd2c95fb3136d3b377,bbe4e3de33cb85e6930b894c72e0e0c3689772193a00540d10b29f7522890a07	0.53	1
annotate-context-209	472ecc801007c8caea199e66a27f1908e35edec45c8d188c749cf9359b446817,7556423bfc5170a98cb959d67a171e794c6c7711cec1ee5deeddb1883df5feef,e96be5ef17b8734100ef1588fa5eabe670122074bb6a1e8cad716050498f8b1b	0.48	1
annotate-context-210	2cba293a25d59c3e58c8e6b80d24e99e289d89160547b68f1b78e093648b5d6d,b78e6759cc66b1213202ee73cd7d63df1ca923bec88efede0d626ba9f5da327f,e4ca909891d4b2cc05c2724ffb9fecd1a182f859b7d674c737334bcbe883459f	0.741	1
annotate-context-211	f6cb4b1b33a3fc121deca11e4db749b9159c631dca1797128104a893ce3c8f66,f5bfbb4ed9a2917666f9f964b480312303e1a150528f642f85f0017c7cdb9ad2,1486e58217fe6b8dbaf7ca40fa563c660d0dbb885080f5851164d97e6890f6b1	0.543	1
annotate-context-212	8b2e8f2e4317fffcd62a3b76791f6a75e1b1810026055fb97bdcd8d241db1fe1,7f89a2b72e4936063eafe32254aed809bdf6a21b5a60d050a68d177c14816d44,746cce33c0a438f7e8e91829288e7c52edcff6e418881ac5b57fa90f11e7f958	0.471	1
annotate-context-213	556f07c1b7eea5086d0484ac24ae8a102236d314f04719dffebb2979ba06554f,0e98aa0c19a5d15fbc63e6d55b5854096037c1b1d4cf9cbfa5ba606a53011ce0,9a91f200c30cce9256375d7fbf248ea2712413b2992ac528ee40fe240b807f0f	0.562	1
annotate-context-214	90b99c8b5f755ef8db64278068b62c5bd58fc9c5e96b107df5d6066aaeb3f664,5a919e106d8d50c3149bc5f42b9c8a807cd2084019b52a25aebfb81c38a8866b,8aa2419f8eaf0bf35e332ff4ddf255315dd8497a076f85321cbf3eeff9786379	0.929	1
annotate-context-215	2fc51a171aaa4e857bc497358c6a955095eb3e8309d85488b6f212eb8495ef01,c4be5f4ff2069ea75c288c1dd07bbd0056f1aad395c5b7c3c7e9152a85dec0f8,402a5d24d747cc45f0e47734ea7ca2ff8c160edb375fac77969243241be4c8d7	0.601	1
annotate-context-216	1abd9ac4788f39a977648faefe2cd6ebba77c3581d33f50e773cd28864f4a2ee,4cb9d46d7173587a6314d47eb22d0b9f183165c1e9d584aacf164c3d1ffdb1e0,e2d5b0511d49d7fec2eb020a9e2a4ba30f2de380cd4cf4d2dd4e377950242fa4	2.527	1
annotate-context-217	b8f3fefc88b955500d15d7336590b500eec6da2655b1581c5ba198d846f787d5,e37278d2f8cc4edc6dadd93bbc0d95c3a06184dbcd22143cda8e40fb7348088e,46494f2202823eaa66284c0c36bb5ebfa811165878fc9beac19972dc6b4a0033	0.653	1
annotate-context-218	399f5af9803f60aa08319dbb38e8993c8c20813f123618dac50cb0a1c4af23f7,15c221ed00cd3dadaa51005b92f58eb37128cd9d3f61a706d6241633f96ea539,19a7be8bcaede19b0483920eb165d94513f0c9cbf6d56b7a7eaca8297c1c6658	0.629	1
annotate-context-219	3f24fa4659ebed87cfcc100fe658fc28ac3c535f43dc1ba57a40204b64a840d7,6b5a53155859e1a9e07cfb9f0f3a078ebf1b841039725cbc6714335e81d3b94f,05d08b08a3d1fbdfb8bc5d824e54dfa49b7bf38f8dcd4e5d36f8b57a5b549bc6	0.645	1
annotate-context-220	24ac0f482c893c42cedafca3743d20e3e100b70a12f23345f110b65fb3bd1b4c,7e7ff663a205f33c9228e16ead43eee27d006552d6f7b8b9d4eec3a9cf04ff37,9273a1b020843376e6b4fa4e405a9620e3c9c58c0a3b8a2617213ee23f613f38	0.791	1
annotate-context-221	977e7f4c4310dfb1279653761303aa75449d690138b670ec251ab68d47efade0,4141f1f51005d0e4368c35e494757939908a0331ad352b8da25f26c5356fea5a,f6ca9396654fa0adb12af83ae2a99aa88db3ff650c7b138d29c6ada859e3fd4c	0.504	1
annotate-context-222	f2ca1ad43a03a058352480cb17ffed9c8e6c06bd2bc37cd673efa32a708ef516,5a3101a73779f797c07d73cac7f6b34d890b1d50cc70f9aac1e310708063f123,667661dbf68935de732548a77f443737468f11adab1110ed221fc2e0ae1cc6d1	0.598	1
annotate-context-223	9291b90382b3aa84a83adec33139522671ab974c07eae3aea823f912511a6927,dd38c10b4e6e356b1158dec308e1f69ea3dfe63a5cb9d33ba35d73c26390609d,6e6277a380ef35512524f429a355cebabbf9b10468e02e4030e8624c0155cb46	0.502	1
annotate-context-224	ae2c78ff9b50a2e379363ba5c076c92a9dd4a8b9820676cdbfeed211e9183848,b4af4fd9b61ff1603bfae31617905980455146b83fa81e2260719cb4c55391ba,be834447df5c340ac4411f83b29f759fce5c083d9e14aeeced43587361cc2b7d	0.793	1
annotate-context-225	8fdca4c6ddbda025636cf2e137419460fbd5795806fe0c87a951b106b08ec903,f02a3c0c9174a4c6276f54ca590c3f57654110fa65f8c3803335008a465f83f8,a60cfdf9203c3a01f9cdc6482939159dcd9ae78bf7e091363208741ec1ad0ee2	0.502	1
annotate-context-226	f7141290b2e0290c938c6b2ef8bdd74e379a388f11e2d116f0300ab275dd0c58,040d5558bc40a5abb2440c3e3bf29aadb93582aceb9e914005d8312562856aec,1529773d375c4304c6c61a3a8eabe96771acaf9311abef7e87f0ee40194566a8	0.625	1
annotate-context-227	46fa7e9011d8f0ba2f01da7d0ef34a71972124f71d159bcea38210d575e0b2cc,d6a879225fbc80b6c37732e8f692674939bb0be9875830a4e3cf87ca05bc4dad,7951a4d95a2533091892df774d328123674b84468f4cdffa95fc70c37d5c4e17	0.473	1
annotate-context-228	a14dca2255b95c98adf07617d8d915fed522253ebba458b12f7c715f70c10a0a,4bd61535534c0131f641e5c260b67a69fb106dd2105342271cd3839d5db2a210,1b79aa47ae9464eef808f700e62cceb41a3db549013b5f5f81cb7f2ae67fbb82	0.892	1
annotate-context-229	0ed778c45ed5e202c0c19eb9012087f780b15313eb9c464488d646932b4e86b7,4a356677e4d6cecbb906be32eaa439a88dbbcf23a63a0cc0efd5b2f041fb7bf6,a3c77d7d5fbbf5017161843e81394cf0ccad031da333290dd89ce2e7ac6ecbc7	0.469	1
annotate-context-230	c76546dbccef0adaacde91736dd8b296c52903185d1526689424529cc1a4a54b,1a3da02075dfc7cf74612bd66a3a65bc72fb7dca0b18b906addc56297d53640a,84cc42536054cb6df5ad6b42e5bc7a027019ab3797b13e7986f8cfc8a3d934ae	0.548	1
annotate-context-231	1acd41bf5b33e0d58033cb7732491dd71173da506c47fdac27c017424bd677aa,280d0f024442ef05d3a12a3b338519eea3ff0fcc3273725c11828ea8982e76f2,4800a206324810924e0a320a07b0181b58403e81fd3d8d4f5a7ddce4fd72329a	0.506	1
annotate-context-232	dccb1e7195ec844f074c7a180d4e73946cdf40daba5c3c9b3ae8dfdecd53620d,55eed174c80b99978a0fc1897e8076c99b5eaf413253c752a3f37a4751fbd5a2,5d42438aa8db07f1bff6eb9833ae88e940d2dc1cd6dba04569c1968ec1afbe7c	0.962	1
annotate-context-233	552f4271ae57a4459cf066ffa7b7b787d0ad1bb7580cedcb10cb7ea5cb538267,036a113dd80b9275d69c919c361f61f363a8fe129a35286be23082a4b5b660e6,315f04b77feb0cdf59849e53c6dff2ff4361e6b39f9b816d7c11dd269c3e3aa1	0.516	1
annotate-context-234	13faa439331d69223be1b83e7d1a1106075b44f2f3b1c793ec98344884347a1f,7c9dabf182794a9eec58f3c6b9deb5de9457573537a8af0fa2d1a31afd0ec03e,47744f87a63b3692c7e388f8fb97a631560606582e10faa8e4642a20f30f4b52	0.665	1
annotate-context-235	c053e87aba3d6dd89c4e93e57689c55b59b8175d167d9884085c76719b950028,c26f12715c21dca9490770a139d76a6dc7f8ca77dc7ec97561ced4d9717d044f,036b439eb1be328e970cd4bed24401de4c7e6cfb5feeaf6a6203a92facdd3b89	0.559	1
annotate-context-236	5a449f45aa8f2e899134c5c9d2786443f21e2dd6dc71aca71f5f5772016890c0,f3ef9a1c738165e8b7caa4f44345549b6e3c824541374f252965d82af60d6eb2,20f79a1b743550a2ba2b047ef5f465753cf7d50e1f8a2508cdf2846d372eab01	0.565	1
annotate-context-237	8996331e012669b2aeb252b7470f0a453751ba70ee79b7ac4a522b3974ab79bc,0d4e300a147ff7778069f48ca91b1a1d20802b2aee76daba5ba30c6833570e81,ff78f4e1042727dd84d6e7102139bcd25c51135fbb2bc00dd8682992861ed4cd	0.575	1
annotate-context-238	298626e0d91ea3f3e048ebcb4e578a73719dfc8c95f22f79f9a45d3cc88304e0,996736c6b163a38096ed350f3763041b453048d7835d890722f2eebea84ad51e,7bb3100db2280a8df8fd8eea9a90a02c3e1c3d2124be3479b1810cd0e4aa54ed	0.492	1
annotate-context-239	69b31d534fa0e31916dee478b97a0069211288dfa8889d23c09b667fb7b333fb,3748cc1752c56ef175c071e9e2b34e00c5893b5cbb959fdcd62fc26e3f6a7b73,3a1bae2931530e3ad775cdd7e5271225edf19f06a9b7672243345d3206f0a475	0.512	1
annotate-context-240	02443ca1e234351d1c51230c1073e0e02391599830c33beffac9952d662b2e8d,605e55ad98431132f5e17d653a7eae289066d2f6843dd4ed3e3e6837a336cedb,17280441238bc49208c14392f50ade2e3e0f3f38147f91b40b53b60a85e6548d	0.484	1
annotate-context-241	e288d007bec3e22a1b0c45ccd538d5caf26aa5c2cbacd762d3c3ec9a56e1b2b8,04076433643ad8b0891a5ec0830c8f86e42736efb386d44fd2a04c2478b980cb,09f4dffe87dae950529b195b399fe4d1e77346e61ed2d2e3637ffcefe7f1a548	0.9	1
annotate-context-242	611ce50f7591e8350c3bdec5bec851248a98ae9e7fd4d3d1508d66a0e596f733,2a5ac486b346c2e7ee5a93fd7523aad313e325c4ff53eaeb4c1ca23816bbf41f,5d70f7b0b16914034df865ee15a74922c229fd9dca5664a77f1e0eeda7ecef72	0.576	1
annotate-context-243	e4129953885bbc0eb70066138426ca189986920eb7991017e3df89e69fb47ae6,5c63537bd25307f71ed70984f59f2586b230d323d9848915a992cd216d540ac5,aba314d51a650000eae4c4110e95770d8f5f4f5739741f4fa5259919a606714c	0.502	1
annotate-context-244	882653dde24eb1fa284ba81f7ed1b922838a221a72e68175108ec7fe527bad5a,7349fe6f8c6a68ad69a889b4eca979cf50b5522d543fb602f678365479e04c2b,32bd4f6f1c935e31b95c8f8807114c48bc164aa101aeb9ec6e1f6ad6381f72e1	1.371	1
annotate-context-245	db22f7b106727aa39d34c1b3a72c8230a79d89288eadea27ac031477ac34ca22,5b229a76ec07947dd7ea507bd0c8db0ee76f0a013f0d17bb8ff7056798c29db4,d6e695c6b69498f75b2f454d0d24a965a26704e5fdfeaadbb84ae5505d645fdd	0.518	1
annotate-context-246	9bc07f2e9228abfda226765bb7c428e69a604f2057a2183fc312c9fc1b869c9b,10cb213bd3f960d8207adc6255c3add3aac7afcb0cab4a3396401b80672a23e5,a11d2206e0a8fd3b2aeb34d7ff6e45cb9654c5179776f3acbfa00ef72a81d7c3	0.719	1
annotate-context-247	8d39a8bae683e8dfbe2fa0aa603af9b3add0163ef4b6a81a655067b9000e44cd,f58ddbc98d8436a17d848d505e2a0a74d177292a5b631a3a4b291c66c59b283f,25fd36d2c3d7c087d2ac2c721c30408314fa3907e8afb17a549a1709fe28d569	0.512	1
annotate-context-248	f5fdeeff8e0d35f069e63869338c428797c5412b9d854249d8b7bef3e5366914,134e26a7b0118b004dff7b11a713baf4f6632c9fb05ff36b9d006c09fb5fc473,0f5875241d82081c133c767da72b9e165a2985ed461b1871a9d8d906e554841d	0.547	1
annotate-context-249	ef966690a705c34497c3c7a23c7c6b7af8b29690151d03a2491a796008789114,6d12d8dc382a4cb44ab08b45f177bffde48ada750e622593217ecc00afe405fd,c37a4c18f3f247754a1f692f5ed1be133bee2f7568ea31817b30dde187d4471d	0.512	1
annotate-context-250	b2f7647a3decd6b438d277ca95c68220b351e338f36e3c47f9a829f73f9620a2,33cdfd8e5d344a08908727feb6eef9e1a747aadee3fa1fa2730aabcf2b7a0886,d31fe65ba256e9cff9dd1382ba0cb0cd405c772c342e3151f7a9ee556afdd4a4	0.713	1
annotate-context-251	46ed12d1bf02b5c2b389a0ed5eb8588b4fd349bfcaf43e600baa9d006a192ee6,e8c016caa03684642f50d178fddc88b1b194dc11c096499deb9203081f0314ba,92532c2699552cfab79be1e41c020651f089aa6fb4e0ce304d48c51366da8c18	0.53	1
annotate-context-252	e344df90b0cc3f501f4eb682aac4efadf982d7c8495b29f69472eb7c494aa677,78902284abcfe6db3844628f284dad737a4b67bfba391e6b23c2b9a651c48fd2,f15ef3277272cc997a239d85e9c3213474a98c93f94791608fec07b45ab8ac3e	0.676	1
annotate-context-253	7879cc78fe34c3929662a5689240b0c8de0112b21f82b4d93587466ed001bf28,4fd01dfbe4496d8b04918c4832855627d4b39fe036bcaaba758aa742c1b77477,4acfbf8e03820d156586b2db15e84390f3f615058186fce73d943260ffba5e60	0.627	1
annotate-context-254	68b1d47b6aa539272314f0132df5d707e12110fe759862c75f95cd367651b7d6,3e5d2bc599f5c7e4e4530e9285f94d2b88c7e331d6a9b477d3ba406c6967565a,14b9e380399e81f4569670eb1c30e6c51ccff26760ea78bea880425e3a75d0b3	0.65	1
annotate-context-255	36b7a78f40cdd7f8ec850ecbd60d139b870a2ac305876552f0fce50e980762a3,ce85f324f283250ea86eaedd0e8bee89845a99c6c71b93e8df145bc293d2ec1f,01dd3214e6317be7a30c644b98b49819236cadc5dc09157fdd7efbd10e109762	1.286	1
annotate-context-256	23018500786ace2d3ec821836d27c71227c025398c25134f4df9d89a04a127be,e0c9ddf50800f8e26ca50b8176d254220514af1c2e22ac180ae6568b84b96d60,61f72a5747efd098a1e8ae9b416b55986fe89026815fec62df72826fef7bf10e	0.537	1
annotate-context-257	c9ac0824ed45a776ba9a04e443a3911c51d56b98d09c8d9581a4026d058ad1ac,1c27740afca7d3c570bb333ab79ecfcc314b51ee1a88d3594deb21edd2f44457,f198f966240e628c5724580d82a6418b9557ca3aa615d09dbfc2ea53ede7eb88	0.675	1
annotate-context-258	352f4962ef44c72b8e4afd83c1b026bd19e3434f6df746c935a2d489f66b939f,1a49a44c8455375065b7586ee1133d83b426bc54a378e5ddd8761573acb5e3c8,a552a56fd4bdc88460cb6494a9439ed81314564d38537b4b94ef45436c076f25	2.427	1
annotate-context-259	8e79c8932a9a2eb224d6f44b7d3712e4ff1b8194fdb21c451ba7c47e848f2691,074236ff946f4a090c2b3a838971fb5346ae2853e55de0634400b4258a166743,d7e998229d5bc083980753001511884796aa7c89c3e47cb210fe0f685b8aab72	0.531	1
annotate-context-260	e39cc0a16fe61edf0aea0df59949213f5f0057d61e95f112f52b7681ee202254,99f632e18f36bb188871e9341fe7965ad7abc36785aaf11bcce2c9a2f0bcbf13,8cd070f3d83b645b5badf3fc46793b2fb994cbd444f4e2968cfb6034d58b36ff	0.575	1
annotate-context-261	b2da36e2796b7fddb595190f520b037974314cdd1bba6719fbab95fcbd94722d,33ccc6dadc9aad53509915c0f530822617c9bfd6f714d4e6fb318ffa430cf4e5,d23405c83510720d2f2f74201b3d9c038e348005e41367b026fabd64d99f15c0	0.522	1
annotate-context-262	dc29f41906ecf4fc69cd0093c9ce91e65fe12f6f0aff6d3b50a252bc28362302,e425d7d1d8ee4e647d4e3dd913a566fd8b5d9773f81eab679e94fd856be4e87b,f481442930009aab03de1e7fca472f68233ea155cd4e683c536e2b5dff59db88	2.919	1
annotate-context-263	5b0ae4674c7da8be4ffd3eae82128a2a21518812a13a5b4634342d8439db86b7,db9a1122bf24fe177f219c6efab59ad5f40053f5d5fc3686fb99e44d24beb779,3e15789c06d30194298f8db2ca55afbf6173743f214e772df6239883d2161433	0.841	1
annotate-context-264	cfd7b0a9ffa50358c58b2cbad05953d5a16cfc5f13a15fa8e6ab96dd4fb84377,22309ddce84520b44ad4aba095ced2390be1833ca27e45a043276b6d1e19301a,072be2f07970bc121161efea7fad345f4e7dc644212ba7b75792705a40f312b4	0.642	1
annotate-context-265	a1a7334edd341583460a0b9cf5d9d804d84d46ac171d6a5945b72ceccb679daa,4d655eb6ad86843f29c5982738c22f02bd45291958c4ab6557da6fe3036eec47,41a5b135640369ef92ecd924b6bcfe032a4e3280036ced6c47b356af5d0c56c4	1.176	1
annotate-context-266	731ee84d941d39e9bd1536000abaada170c01a7a70951afe4baa2a79902949aa,ada0641350e95530ea3177fe46596c48cefaa0faaf9b03bf566d71a0c778afb2,5dde60b7460cfac7b7cb311770b1b5d647e187f2fbd40140491c09f459e22f7c	0.997	1
annotate-context-267	de85334238fee022fd73f6f1667826a2aa2f7c928e9ebbcaec3741d55c01a6af,61cfdaf4ff4b59347bec0b1205db31d3206fe9b9bbf6a8750154d92515ac74ad,3d3906fc6c430f9c8a8aabe1e55d425480a0dda638e35977b19f44c2bcd37216	0.93	1
annotate-context-268	755c9221adb4d662103f098a15597df0af6c58c02e390eda7ec08128e1abe00b,eef065764a3bcfa739197856e188cbabcf2e6c464ee3a1613bab583247a42370,e5b972cf49014cce302427ede985aea43feeec50a88c87e750defffbf53d54c0	0.512	1
annotate-context-269	35fb9cbb41e2b9aad7082383717b277dcaed57076cdd82099cf4e4c66a592803,e78cb3e13d2c6a135764de6e1ec0173218093882f82dcd88e7ecad0f6aa95e84,6a0d24134fee3dedfd1da2bd0a832c2419b9b2261e997f8bd24c88562458057c	0.581	1
annotate-context-270	16672d804aa3d43c995676293142d54651b7edc0fbec59484576f43b5665d212,bec93583119070ffb530b4de8ec79ba2ff1271bfc7e79009f1f72c12499dc460,a0702e5cc8996a9e979b7a2362e793bbe2e23050fd2c9050c3e3a2867eb9c884	0.86	1
annotate-context-271	55385347942fa9d31fcef44f053e3e56dcf2dfcd2df1c0767cd17d9ca3b378a6,35efd5b39d9d281c2b13acf843d7c2d9deaf25f01633bc4f9c61180d20a7c0ac,5d7eddad471fbc477d73894cfb1efad7c738d14f3eb2ed6b8bfdcff84710c56b	0.48	1
annotate-context-272	5c7fd1c57fa100367cc189e832f00364a077fae4b1b92cc0273dfba96a93c51e,6b001eac49557cbb7be74b343d241ca19dc6f35e2d44b88860a070fac509c0c3,4ce5f5a2fe3422a7a8239bd4aefd51882989be2c4b10ac2203af9f88a117242b	0.535	1
annotate-context-273	8301f7ee88654b378e69d681bcc36ed2115c212e7ef9656b66e9c8cefabecb45,e820b2111a830674b27baac38d38d2dfd45f331a43039728f023cf22cbb33ff8,7470fad66cc96d8f98b963a4780d2c637b56703c36b35d313e5856b2fd03b2ce	0.523	1
annotate-context-274	b11211352208a218de369bf9e731ac7c313e11d9cbb92457f7f0d8f1255f817c,1a57729f3bee163492efb84b46d71b5c3ab4e1dc1329c4c9a82b6e1f3e6fe121,4f37830dc9a00b09997b264d491f036b0a30818b5d00a29cdf74f38fdddd32bf	0.514	1
annotate-context-275	17682f6662420f61112af77a7df04693b4c2dd7ee8ab54689f11956666cab8c1,bb9892e663b4124d0b8402028104b72e436adc3188ef9f2c3b6726e2149f02f0,2e1f075316841ad957fa583b7945663f4553bfaef264560891311ab72fd8b82f	0.497	1
annotate-context-276	db5bb94908b2ce84fee4976457dd2fb45adc61e40075e9c7641b88d1c58c84ba,25818922eca498eb0ed7878686de344f9e98ccabc9e749da5831b2bcce8233a8,1a80b40576f241da66797dd00df264f4602b3faa3c5a5186562726cbc936694b	0.631	1
annotate-context-277	0a3296e48b52747890501d9ddca06089b4f87c26b55c29f9ade0c2e7e6c1a023,bc72a38e201ba19a232542bcfdd4180e1c84675260f9760df53a1c52a75064f4,bddbbba852b84930cd6aed02ec61a6232a1a0dfe56a8f34af56e39049896e6eb	0.565	1
annotate-context-278	8d7222c62a6811607a4dbb9878a6755f25761dd0b9dc13ad50e49ebc3909664c,5a4c917ab282cad48bd5e3c55c443c41ed3c06261620239d589d101028c7fd17,bf62dadc5b7de12de400564150405f6e880de27164a907ee792193fe65c1cdc5	0.562	1
annotate-context-279	71345a7f195fd4fbb9dda59fb873c95784dcca1eca84b7dfcd56476d5a55159e,33a113de3359638ab97672e7af0643bc9a743121f805944b78d778f0d4175f0f,b48058a9671d06b43bd0fb61274cbe55f420d5dfb9afe0aa228710e8f13e7376	0.485	1
annotate-context-280	cad70b76249914e2f71a797d28000efe93776ecef0e95fd8cdd446eff8722aa3,5ecc9b1c47a5c82e3ee6e6f0cfa6cb17f48e41922d926f2d5f2f4cf30d55205b,acdb29aad77db9c6320b8e92427f3ee49e8c774a4436d1b7885a6825120bdac4	0.474	1
annotate-context-281	96c6f5d9a2f565a017bb5162d18f8b825dc200a350ca22ede20ee1ab812360cf,3aafd6cdc96d01509be2095a891c33a6e8bd210877890395eaa2971e1eb49421,37d53ffee360f88189140ba6572f24fad2572e9a34a9b7add043d3c0f5e6bbc1	0.891	1
annotate-context-282	a304146840e3124d61002246e097820400782d47ad5f35e1f57a9feb571b906b,a03141118a1c68fc0f6e243a6ed737ac392f22ffb3d282fbd3442bfbeb73f3d9,313afb1bd0a1b2f1b35b2655d7aff226d4f83120715003b7280a5d4174b45ecd	1.786	1
annotate-context-283	8424a3c9be83c091f44754aaad807bcd1ae5244ad6aef5edf58ec6896d765a9b,60abe4d74583ea166eb2f685cb997a96cc557ab9a598811aa3800dd44a270486,5c6a7f80d7d852c18974f6bca4d87c2a3ca59f76b5c40aafba3db0a6e876d0de	0.542	1
annotate-context-284	7288cbaf2b0395c48af8442e4a46a38bba787c1bb8bfae486ff742be235388c0,42492a6b66d6f33262a93cc884d0dee90efafaacec06d01ed7e8007874356059,66bd9b039ad6b54c57b0a09d9ffc3fa1bcc2b25fbb9da2a1a1c2f8f325f45fb5	0.509	1
annotate-context-285	ef98b0df47160a5dcefcbe716e3df798ca0ef523657015506828901729098839,bccd64ee32db01174e0e6f46474e0e7e28906bb236e6abebdcb6ccbec13dfd0b,cc12c366d4b0af90861783c2e9c74211c0c75b5c20674ffb3b409f525bd86892	0.583	1
annotate-context-286	c92c769a06ebf66b35d83dad46e32c05ccdec728c6a130fd3507818fb13e7a22,2cd0623ec0a1f0407cd41e929283323aa55caca426ccfa57b2f802b076af61e5,7ea0f1c915ceb14c8a3f4627025da8763d7b8bf7ec8f7fdf42418ce5da9aff0d	0.566	1
annotate-context-287	fbfdf08d7bc67c5be722d9b3166de273f9ef8d4870d929d2a0645b20938d7428,f90aecd5f4e1035bd531eb3886c3a7de643b21f0beb8994da7e58aab1031b8d0,fc7a31c92f05a95826ffc2552cb86620410e8b0323af6deea55d19274862213c	0.832	1
annotate-context-288	58e16995cda76882dcacf09a8200ebe7b737a4953d43cf170e231a80772e19a6,767486590378e645d19fba2e62389fb9503ed3676fc544e2f1a8093cb7280574,03cc4104c60f8d9a9d3621273be00bf77f888bf4aca9ef52ff8efc8604c98e28	0.465	1
annotate-context-289	a7bd3cc18a60f780f89a229c3e6035302b01aecdd495b70de3a48e803a44916b,c34b6c4d7081eae0de1aecb7ce9f8bc3f51f5f67bbee837e689df477e15f8f01,dc53f798d050ebbc9ecbc01bdc613ef7f484475cd608f2518f20240dffe387b2	0.546	1
annotate-context-290	a29e24b14c77efd079146e00fa25d478f781d27d1df44315e7f5dec26fa68474,0187df1d52fbb6301699b4480e6fbfa67679c972e0d5391370102a06a1e914aa,540b155ea59561f45083afdf21eb9fd957338db81473461fd822acb76cd2fdf6	0.575	1
annotate-context-291	e545fe5b1ea77aa9d3c52431c30022a9a3e6283fd73dd83f087400d0041c6b72,e507b4dd906d8fff85a84d1052d3edc6da88b9ad72f855406875cfcc59c0fa5c,65e815d126025577d6ca9ae43efdafdf8c69594cf39501ad8d675996fb24d78c	0.663	1
annotate-context-292	b250c859cc07c97324e02a4cafe70873f8cfaeb904f3695ef90d446d37071e2a,dbcbb4350d9b213882452ff7ff6c9b93d81fc076a23aabc417841377989ea4c3,8e42a1fb280052a2a06429ec531c1ecf5ca80ea7d992b44438027a31032c6c87	1.677	1
annotate-context-293	21edfc47ed41e7669275ce8830455d13508b04aafa4a9cf6058f4306db5bc38a,44b1ce1e3e32f93d3bb1ea8c9a23ca3d2d4f22558887362adca029c2a57992f1,b7f0699060ac75b5a47656b2489ab661dfacddecd78395dfc13b576429fb5767	0.545	1
annotate-context-294	085048dfaf31ecb0519b47bc82536da798a35a4b9f8e621a7021710be9a2e03f,e436af21702125077e85c089ff880937305bbf55a8793110989c85723a3f3ca4,809e017aa45d6efe850c5d856d7440f5edd9c72bd915b5fecfa076430d68cfc8	0.925	1
annotate-context-295	b3b9c9986a2b72506d2335deff8f365f6d314d643d4aea24e35d8c302c7a8086,a986cd0c9b8d3904bfd06ccf68a2fd7f4b11bae9363e5b8cb7b7d7381467f2cd,89d15c1b5101600157c216005c89caf2f264551fe400efa62958ff726e529f2c	1.276	1
annotate-context-296	850ee1c57120b82865a81b00d5fce1d0b80f62fd83872f6a018d58582c86531a,1fded8e44a521886825718bae31fb2f7f2ec8aaa6cedbd11a756446f62c15044,f0558b6c6b800d317a0b2ffa8863eaa26d637cc1ec40528e7305adfb37db707e	0.969	1
annotate-context-297	b7d1404669959241131b66db3d79b5d07fac06c5c7e2fbce41a2d66e71793e15,215204cb58b8e4c9f193fea26f93e91efe98f99d260453f6b88e0faf23a6fa2c,3963cfd004bce956cb7bc43a2787822dad4e4c675ec076e96c77dec5932b04fa	0.527	1
annotate-context-298	e08c99d515714bdf8f412d042b1af7041cdbe612f8b258dd0844b75f8f9b582b,ac887f136966841efffea1842fc1256e97b9616db35eabaea311556072d23186,ce2eb332a3c46dd4a04267cc0773b7b69cd2eb225472a18a8e2bf4c65fb4b541	0.593	1
annotate-context-299	51fcef9420c8b2a6b10fba51aacbf78231192b8f3298fa5a3dd3a0b64109a2ad,a13029df58e17ebd4dbf42f3598bbdc8bef82e17f483ebdcba46062525485eb8,a54b7b8094b33c9da02bd9048f7b8b8e41527ebe1e72d7db25954f3c93161e90	0.508	1
annotate-context-300	f03996c347f58f8756799b5bead2ed05f16f66b2ad0d8ecc0559e5f7bc399b2b,b967750661e38820ddd83152146ee073cd766a49d4adc14e92c7d9725ea1c43e,0dd65b56b6ab7af3d94febaccd6e82f62e54a8f3fbeba5bfc76bc7687f473a82	0.54	1
recognize-01	612aba61d4b5c277a41436d55308294874552e2759a6c26fc06eb12b3fb9833a,096d9c2d5e981685eb84b9e48f739859db4e8ce67efa942eb8b1b21606f605ba	1.786	2
recognize-02	72f02c8dc6169e5e26c3e42fe74c37cdb5724f7c0a13d8c94cef5d85883d9209,c72ce49658a93d49bf1e90321614f7f2e14f70e6c25e39cf3c47953d2cb599fe	1.462	2
recognize-03	63896bc268f550fbbb9424333eff61bac81e097b37bb50dc438b9a5187f33ea9,627a9df2b0adcea7df57a76950cd248bc2f1aa11d02bb213ddc3b326519c7991	2.208	2
recognize-04	0525f877190b3de45a1965a6a1aae4e659e459f0ade82ed03eafbf5f73cc86cc,8074793d625fe3991c294a7ef0bc563ab179fbfe2cf0c37a4884e43f9fe258c8	2.803	2
recognize-05	6b747c6ea2327990a7cf0999eed274f899a69028c192c0d04741109960f21578,ff7aed5b499e5d34cd1ba55cd3ef82ec7821cc72d7c3ce6a41e6bd7f03e52ba0	1.491	2
recognize-06	82dc8735b3c7b9712ac9dbccea69192adeed6a8710d4158758812a10a8cc917a,23b3452c9ff241b7caf6d2abda976fc2fb70ee87b40e7c34834e2c6229dc2869	1.422	2
recognize-07	df1e3e2f84db754486f37b9e7a3420980f47dd28f0caa2e1e90e944574de6631,6a557ea1d2db86a7714faf5bd81243875fcccd40fa6a2abff67288af4e2894f8	2.238	2
recognize-08	181656457d12a879880cf5e7aa66713a905730c4d7280d9fbfbb31c96c3ed5e4,d15ee7a074621d049554e773a8f64e7a8b4a0abce3e66eb7788db4ae80234cd9	2.517	3
recognize-09	e3d6cbdf3b81b3fccdb5116055f60948408c6587034ebc8816cfb9e649aa3112,bd11698118d5e2952b2127c77a1d09c64f384a611731207fcf3043fea82b58e8	1.281	2
recognize-10	4143b4a45add96069b87da0092e569c0ee6391f54ad1e7be398cd1ff5aaa0e0b,6601b32684623eda16c75e35b0db09062c71c048ac4b02fb636987d3fb9475f2	2.032	2
recognize-11	0af57a062f9e4553ac233aa41a58403d705ef01885493257bf9f1c779673bdb8,1ff0b28478a65ef083987859e2ba75a6b044b6a61269bb509a52933cbb6c2c80	1.687	2
recognize-12	fb59342337e29d1279036904972748960b920af493953a51042b18a35932cf72,152baf3afdc489d067a8bcd6b5f068724c7181a914ab679f0d40a92941dc09f8	1.909	2
recognize-13	c4ec82423c5060e74be23695e94669192c076de9f7c6cc5cb6cfcc3ae1b26556,a1704f05685b510afcce1cff96b3d19f7fddd545f48a88eac9147568d8cb1859	1.688	2
recognize-14	e0dec44eee09fee6deaccf587213389e450ffa56ebb016725738c32ae44d1dcd,78d3d189b57cf1f50feadb318d44e238fc03318893b0e890635ba1152f9c7995	2.056	2
recognize-15	c0b05fb8dc0e7e5e820cf4752ac543bc27de9eff2ab59f5b7b54d5cabec625ac,a9f8661d14469d44ae9e5d38f23de6063c8efe2f2067e5125d9b8b2cf5c13fc2	1.573	2
recognize-16	f559c81e62dfad0f514fb307e2b6db0098ce03d572697777a7b2810c806e8d1e,6407d3e731351429cef585bbc1a5bf11827207f9865333395e0d1e63e92cbab1	1.979	2
recognize-17	31d7e73daf5fe66a9bbb29fff6ff7ded522ad584ab7ccd05ec3c08a5d353e2db,3e3abc73ddf6671235a34d01804868a3e19fb6f9e3ca9d48cc944cf601545a92	1.402	2
recognize-18	9647747dc9fa6ea40868d1ae94535dac7a186e439affa893997365e81d632a02,855cb8ee8f75cb9745ca9812ab78e7d75ffc192fd7f63be548a8302c2b5c59cc	1.462	2
recognize-19	178859f83f7f4a7f3c837060c55681df4a993300b57cc76c280505f1215bc5f9,681eda7ef44e82d6307ad0072bcba73d7714f401ba739c112c4ac2212ad16f90	1.52	2
recognize-20	853b2ebb4b106cd4a724827ff7fdbbed5055685daf5573baea578ccfca278f83,d34913bef855e061b9179a1d890a3f149cc7947d159b7eca040d3336108039d5	1.537	2
recognize-21	68e028037f5170c0959450573355389ee7c9b68bfb9db6c3ef25e6716cffc3e3,63b3d6a3b780c0a3c7f789a9cfb04c57c427f4303aed473ffa178c6baed36f72	1.916	2
recognize-22	4c5aa8b8a9c411a66071f100bc527f53d2e5f4e98b51d4ad1534d3a173afd1c0,a5105ec905305502ff82ac6959a0385e9fe002a0e5f331725675d46db8252d91	1.574	2
recognize-23	1a6c5980440ec180a7ae250b84e9ba83a7b024f821470b0700676664405495d4,129dd355ffcb6b7d596fbee0ff049a2e7af2b21b3dffed312879995d700a0bef	1.671	2
recognize-24	ec719ebd166ccafc62ab890dc3715fc426b7eeb693b2e324fa7df8331a2619e0,7996cdfc3982389dc1e2d3296e1ad794ba257be0d44b7fe497bcf7d71c5c486c	1.549	2
recognize-25	a9e539847aca94a74381ae6b2e925195f14a445036cad5743d075afb4be43aa3,4093daa0e61fde2fe17c917d2fc78a335af15c3eca6cfd84db682c9305b4082c	1.495	2
recognize-26	477f3701d6c016287f87caf3c7242790c00bc496c401c8d33b6885a391c30978,f5de7a689d64f454d6055473992b12817fb9ddb8487e8664970273e5026b082d	2.076	2
recognize-27	0af9404779f3e7529ad11f4dcfe5544cc40501ed76ed1ad0f4c0bd1fcb478789,d4319d4ae7e0ae6b06288e7aa787ab19fa7bb20516627dd08744aa0e49bf6999	1.4	2
recognize-28	65443dcb3629dfae467da434957e5b410423e4060965ada97f9c3e5f807dab7e,a4d9a1b323fc1f7a63664ff8560a668184b954c612420a1a0c7b96c04640dbff	1.382	2
recognize-29	157b4c2088d0acb7afd6e2ae7745a04ab6fc7c32e6ac11f6bb4db1bd8e89151e,e0145d9a9dd0bd279533d9d2cfd85402441342e2338b6e9647864b85e44f3350	1.725	2
recognize-30	af3487412739521037add5a4c84a9bc99d4dc4d6fcfaed8efe718b177389820d,b30bd5bad10716ff6aa642123ac60fe7f6ad88ce00ec634c2b7616dc841de96c	1.539	2
recognize-31	2dbbeb4bd14619f727ed26540b56ffad482f40d8b34ab6439dda44fdfe9fd7ae,b666df4c9f6d49bc91502900764dd758e9d2ebbd5eda2a6e7c34650f9f02c75c	1.764	2
recognize-32	816d155908321f216a979d1d2cc3021da0708118a13b9039c083a998b9840f2a,e25f7bbd1829adad2d42aded89ab0416b5377dc2078c8cf2922b6adda9c40bb6	1.563	2
recognize-33	e25712d1d13273bea9de720032f287d0067993d1e65cc311b74308aa9cbbc219,fa6c8a1b412c511e448d0eab83abb4e24e56e51e1f9c7ac2b79777a7fff72eef	3.91	2
recognize-34	6f0fc84a8cf9aaf457c7eaed0528be5550ccbc3caf3ba6c2bd78f6bb763e5396,081c3c4a6d12e549c131e8602fb883b6c0d562b312444ce91d3ebe06832c80a6	1.601	2
recognize-35	750179d0d1444129a12e94b3ec0e1ae1b5b9b3687fb94a2cecdcbd71d54409e0,ed9b9bb34129c53ffd927259d41bb26c1f3c4a8cded770aeb4e64e52d8a30050	1.794	2
recognize-36	df5a1c2144dea07ee76df430aa33e1180f44f0a748ff47f02df70110e2e59a2a,ffa8f5dd1396a17a492295255908ec0e50e835b90568861f18609bf291908151	1.428	2
recognize-37	a3e76024499fe96bf1057900a86f49cf4ea6d1027c50ec55e06ed73b0e12d612,6f7738d980ffe3d65bddefa49e2861b7de9f987f7aeacc15b731e1402917c136	2.134	2
recognize-38	5ed710053f5080ca91177c8465b97a9b7224de580cad9bd7fb0780eb9760a783,02db148984a926d58e8d551c0884fd7a3fe4b4c66bcb61b253f7379b4b47113a	4.432	2
recognize-39	60aef6564f05943370592832d33503f78c9e6a5acfbdcababcce671a684a5132,2cae333658ab14d229d96dd2a083ac7da415b6c6920df446145cc3e94dc13792	1.766	2
recognize-40	13764f734050563d738dc3fbee5e27881cdb1fcade4441775dcb7beac3639482,8f81ea94e0655d964499f0222ef51e3269b0d40d8fb2aaf9e25dc08bba435288	1.529	2
recognize-41	d797196ae5e449a23aaf01f1cfe5bddd811dbf89ef6d2ee25792d74e0a9d647a,1b3b441035460f221e1becefbf00ed9f61bcf1d65be63301fda561e2970a4e00	1.184	2
recognize-42	d4723d04fb768fb95fd20aa420255500490008a4ce77e43cef877cde0ade57a3,5e98c25c5dbc46ebb7eb4a3d3441e5263b35f1e25fcfe656375c312deba221e5	1.618	2
recognize-43	d8cd113728ab995a56d547773f72d0b72d1f209e9dc3cbe88eb25c7ba34a9050,c917383f832309d9cd1557552f3aac4df96cea1465e41cc69e15b8f0bfe456c4	1.513	2
recognize-44	95b467e19f3ea7f9e9f5263b49a542befa5ef3f9401c2ae79f972b74c1e9c611,39725adc75a1ce9b8f6eec18436ad57e5da632ad9b45f89882eca02417eefbe2	1.765	2
recognize-45	e87c9b5f32b194f0de6d38dfd4a5bc00ab31a70f6cb20f016f721b4e9047d47c,2dedf98f230b0c49feef4ab7ec1e27872b97bd7fbfde8478609ce0490b56f833	2.404	2
recognize-46	452148a2371cd10df3de8fe7b8da10d6d28d752f7dbeb125211c702b17ac33a5,17012c9aa2e047df2515bce14cb72061d8547afbb0b105fa79bdd0ca342d54d8	1.481	2
recognize-47	aa80a37f3f44202ccab0ce1c9182a4460c82fc7c9e5ef20a9a2ec4771c96ff7a,5d96b22b612d322bcd16e5761778dbf4e79268e92f7e32d113c36ad87aff8744	2.079	2
recognize-48	1fbaff5b88f3b271a66e6d8cbb97b8a43c9d6e47b225f6c9316131d47cf7cb31,88407f58ba0c23842d8270ffed8914f68f109ff299ebd43b7a53706d4ab8b6e9	1.826	2
recognize-varied-01	a80d2572f15ce0b07e5107f25c446d9e6838f046b72a60a612ea7ca425ecac42,c3c4452d639b46f41e213d7807072dc8c08374e7244a801c0a69c2e3e7f13420	3.015	2
recognize-varied-02	4ae7632677d1c81f7f2e4f33556115ac8a991a145118d71f3616af18b491412d,d52ff420cb05abd3f4350d102d33b680eed451ae126b2deb366eba455bf68a98	1.388	2
recognize-varied-03	7151c17bd3bb585b110c03ec1c8065916c7cf2b59eee8c0b444177e11949e78a,63c69c29ea269d33ded5ceabfc4be457ef9c66dfb93a0f6c36e011520f68c45a	2.486	2
recognize-varied-04	9e4ea462f177682b9669776ff22f1f852afa659fe3bce215e8329635aa59fb42,cf0828d6ab6e30a0ccd0883f1294629ce82e8b63f5f12916a0a6f59226080a58	2.028	2
recognize-varied-05	e09d1a43361b18569ac4b1188dd981aca89774bc222c636dd483152c465d5cd5,5bb83a9605c2aa08a02a27fcbca157dc30684a332449aa1e4ac80ae183a33875	1.502	2
recognize-varied-06	3e2ba1f2cd4b450ca6a022cbc3e741e8bce7712a00893f797182991fa50e6023,fd5020b6d5bb16310dca000b783a6ad3b9c3146b67730d3cd18e791506b0e9f0	1.422	2
recognize-varied-07	e637c6f3857a457b92cb36c15b223a336924887a5c823400e7112dd24ed9cf44,ff2a92d2f918fec7656f179d67f862d73782cffcc5a44ee928d974e34f92a037	1.248	2
recognize-varied-08	c70d4fbd40743160a589649c3ac169f38acaf6056abdf8432ef6b5b1dfba812a,60fa96969d3ea3e1dee7a8fd82de410a6e03ff557b8b2d99f0a4463abe0e2d25	1.291	2
recognize-varied-10	58445d0484699558f6e5ad49508e1a50db9e574b5cc324268e5e18a4612d44a5,3b1e259c271dfdb3b2cc5d5a282925268357e2b37fe9080f9061161b96d8f5e1	2.082	2
recognize-varied-09	97fda82f89edb4b5e35f0fea750671d65801e1f46f3c750c137d471cc079d5d0,aa5f35f644e786a7eed5a7be82177f7f28d7bd50f60dcc57e5542615897c2802	1.618	2
recognize-varied-11	26abb16169c253f9aa910f0d0478cf51d6dfae801cca7ef594c6b1e4caba154e,de736a6726df45c71e873453ace6b60c12032391fe1785dc3008ce9a1255b954	1.216	2
recognize-varied-12	ba6509d2d1b04883e0885e3a8c38cf1a3b0e40fe0a072939c19994b5b627b269,09ee482092d001bc18bbef668a3817c6c4f792d3f8ec874ddcd19bd654dd00b5	1.229	2
recognize-varied-13	70a390beb5186677835b1285a01b3f992886c0af716849b7dc2d20fc59819d71,879f52fd59e08963b79990617709baa59f66be482592df4fc916d745204e668b	1.962	2
recognize-varied-14	b46b228ac4b4a3d53a98a0000808cb5451db7c694558d715a919d783ec126ca5,f5b805a63930254f9a097f9a68a2b64015cc0d9373e690b4004c2ef0b416c1a9	1.881	2
recognize-varied-15	1c4f211970dff2063daca2306412159e610d1ea445421aace97af61e10a36f1d,123171e08a6b25e303791f96aba28b38cd07f5c9927172e4ae36ae018359be4f	1.514	2
recognize-varied-16	e4360ee9f209adeb906277d304b8dcba7f6a71b0283644b406cb1633a6753ee5,1bd1704757e5074f13388009104dcc480b6079565a1a0705ea228165ed59ddb9	1.626	2
recognize-varied-17	72c39de61a03ab58d6b132e62266dcb8d59409b610a05987befca8bc5352acaf,8d8e22ba4565a3e2c911d6a7532beffd4e0411e646ede7d40f41da42fc7f9b79	1.783	2
recognize-varied-18	ee780e6b2afd579b944307ef32b6138a8f9e7f6f376d2e5c6308dca5e8ea87de,95e688045200c663108252a012f891a8273d3ad84c8d416ada278c984ccb1d21	1.707	2
recognize-varied-19	a8443de6684a21cbd8f57c994ea3c399b5f9949467b1a8aba76e315f2c420805,aad6bdc0e005dda8e30cc2854c63be5a5961261a656265f7ff95a711ddd3dea2	1.141	2
recognize-varied-20	a8d69e9cd2ecc070e919cb40d295f54ef8758c1cfb844c0c82c3ceb516ae70c0,5bf48190665055c238204dac61e6761ee7a12d3c5787d2ead88ea2595f7712ef	1.409	2
recognize-varied-21	844b3526a90c97fc0a9b78718543c437f00edf301f532c2bccc3e5dca1f957f1,bc1f84f6a6bce0f1b7017f5619d678249a6597d65885debcceb0857b5a929052	1.394	2
recognize-varied-22	2900f538568774b8bc2050f93ccbcba7c8bb3d63b027b40aed24a3f41d449ab2,0c6ef3bf559be5f729386fbacc1b1d8ed7797fcd7a5ed4fb201094bcba69734b	1.36	2
recognize-varied-23	17fa21d20710ac9e85d97830003b73465e254130637783aa1c90538a2b6ef337,ffd0f1ca06a4c52087b1938dc7633ee18b1b936c39c744847ea96f1881148ae3	1.34	2
recognize-varied-24	373faf2f20cccbdc85a95954ca02bdb201f162cdf7fa76cc7e49677a9b9e7ca2,0da0e8d5542de49dfc13f01aef9df09f35d586603992a7c1defe4edba45ba6db	1.632	2
recognize-varied-25	3a742d6519d85f5bd8b4e81aad2a26bfda11fbffcabe2711517fc3447e613a76,df0c6a906bc4d8b0927699e17b1fe61a91c7fceecc8d45133fff730058dc44b3	1.987	2
recognize-varied-26	9269786f6100517b5d355839adaeec6bd60bb58041b2acfce57f7db8b2f16a3b,67dfab107d37122dff3a0dc05c5f9d15193317036000cdf475444fd7d4e8c034	2.196	2
recognize-varied-27	15776548aba329193689e04fb33810927b4926cccc9568badadb128d0b25589b,4c85cc58ad827bc6ea9dcd29a61f5e33061b913fe3c282e456d1ccedc3f4bf5b	1.125	2
recognize-varied-28	d872727c44f380a0c192758095fc966eb48683aa0f5496f206c36a39a78fd060,ae461773028af63ddcc1ad14f3a5810e0c2f5eaf129abcab27a25b4d4ad91624	1.651	2
recognize-varied-29	74ca30b3b4bbb9bf69c57cb6215507fd17dc2c0297b211e4c216c2f4038e942a,621dd5dae5d7ba8adfc03fe38a7b21beefbb2829b276ec00dbe28e914247d8fa	1.572	2
recognize-varied-30	95820368578a6157ccc0f0bd27dfe0c2ced32a772555c48a55c0cdae32608543,e63364351a2a36aefb70601b293eac0addedb8fdec8c24ae16f3ac86a79e639b	1.781	2
recognize-varied-31	1282f4e588868e07bc42847a2d0034703cf23b26d2fc0cfc1a4ac549707ed7dc,bd207cb9bd3d1e0da340c862902a07b7bdd49d7550728aa5578d6934c1888164	2.074	2
recognize-varied-32	0bbc1b97083f98a073f14c4e7682bc917569d4a9fec732bf9d05faebfdb4754f,d5a97d38238b373be828f96d641b30649d0be9fe553c97773e9fd48acf637ffa	1.61	2
recognize-varied-33	5f9e47516eb6d1b4a22f5372662c1626677ee0eae6a17edf61e5d3ad0203ca30,179ab70821de4f23d728ecaf12340dd365d56ce8f67c181a342859bab4d5a241	1.583	2
recognize-varied-34	23cb8bc64918ee61e7d46aaf2db4cb97b0b27c15e810a5ee89ed0372d18ef0f0,1b30355b9fb810529141494337d6d96bf7bfdcbb3ee3dd849cc4d10b39c7c5ff	1.52	2
recognize-varied-35	bdc5ad61df03df3d8d8be02d0151295715c0ef6477457ade13c4a07455539bd6,dd14d0d12235200a70ef62d5e9141ff5bf28f209e4f3ff47e23b605d0e3ff5d4	1.404	2
recognize-varied-36	d34e55062c03fa1e8481b4a19f06de2cf1195d9e1fea1042d6067b3158a566be,26587cbe20cc9cdd6e84e0570f0408d1f42a296dfe9128b0d934940cfd331fe7	1.392	2
recognize-song-or-album-01	f1576887187afe8fc20d41315dc8cae850c08816e48627b9a6b04335f0804b6b,4bdac9263cdc5ae4b0c17bc25024a13330ed82d46588275db193e76f72233471	0.963	2
recognize-song-or-album-02	5184dab34560936fb81a34778e7a67ea92a671630c104413247bebb2c71a0412,371ffa1017ffe60e5a03007a2ba21052aa34fa55a322d7937f18f9fdda010488	1.669	2
recognize-song-or-album-03	eaee77ca92c4cf16be4a019480c4ff20b2ef60b7a2b12892f73b4f2c7fc51915,9c1ac5582d20238ef9d841bc9381cf1ac759b8973e2600a032bd41ed7da86d8d	0.983	2
recognize-song-or-album-04	823fd913331f48c85afa75dcbca8a2ef46ec485f6a2b487ae5a80d4ef2725c22,d2a6a2b57a2e9243830162fa374985174d7e9e15ad780cf2430f3e453bfdae78	1.289	2
recognize-song-or-album-05	b35518384c6b3d29da09ad099b9d9759638c52f79d52796f2fadb196426e6036,1ea0cc7286adbb9b48e1d233ae9203495118b23a5bc5bea2ab9ecaaa565c0905	1.458	2
recognize-song-or-album-06	ac101fab76f55a586a34bb3d000d00e305deb227a50ee574c4107266e4f8d84d,142fd55719e5a162a24ef106382185af43dd8e8469e50092cc4579bb18cd2d79	0.992	2
recognize-song-or-album-07	057dd5782c109d129d0753c20a47f191c996febd0bb494d19233754945567c1c,608ff0c7f0b83d8f9358f4f923e49ae4aa110257e5870c65940ef1908218f7eb	1.984	2
recognize-song-or-album-08	381574b1c0917a546c7469eafe7c39c92031e7f21fa6d31bf744009395e41466,df6d3d28dfd466b0b94aea4316685fbe38cb2dedba530ceee462587b2792c507	1.865	2
recognize-song-or-album-09	3103b927656a3473d5eb64dde10327bd5b089d71a1637b3ca54e0d84bad180e7,4a84c30b637de86e5fd09b7fb1f5f1ffcaffed3655e2217eea280e3d34a8bc6b	0.974	2
recognize-song-or-album-10	7ae63a8eac7b71a8a578550a9410a09d25be262d7244b4636038a6d988f7c076,4c15223aaeb04c7880b505fcabb6a063d1b427b19b697f9b455f9027e12d1cdd	1.2	2
recognize-song-or-album-11	da6744c089a0b810441ccef0a6e6356405485cca7ee26b157d6098f8a6943fb9,06cb995cc880b4c0b84303132a8991ed2725ce4f9188934f0c5fe44449d36e0c	1.666	2
recognize-song-or-album-12	db889a4f8eed8f7b8123b6a20c465ed36ddf9c83e51edc31a909a128215778a5,6c562f75b4c37d708506d643f2d55d99f69c83c539ad24b3abcc1a9f5c2a6555	1.109	2
recognize-song-or-album-13	4832a64f938fe20ef92d7513284f094749eeb84ef11e4a69201ec64a7b7dc9f2,52898e7d480717aeb954cd233f6100960073d7577af137be669162d51527e0ef	1.283	2
recognize-song-or-album-14	bf74c6c81263bf02396150f125c3991efba951bedbaf83c0a34e0767610ab10d,e30d04185e6d35d07d2b764a4ad93b839c41875971e66623a9d6c4802efbce46	1.061	2
recognize-short-names-01	c019d364839b3c2e548a04957262929b8ffa62c4e450e378fe2bb0549b90cd4f,da862c489606dafebe13c19df3fe961f2268b1f45698664c466424e25c100abc	0.962	2
recognize-short-names-02	69be8f531c73ee832f5d34912d2358d4678c207d85627dc9c71031cee12fc0aa,0c7ef79bee9bf35c7f77776f65c3ce956d4d558575968032b413a6ebd7ea691d	1.336	2
recognize-short-names-03	776d6898bae6ea52a46b63b78745285c536204c5604d6a84997f9c327a836357,a8a6d14c1157a5a9da2dd01eb0f7ec32ccaaf88beb7d1b97b770480ae59d87f8	1.403	2
recognize-short-names-04	c267eb38bf95bf2b3ac5b31c98461328f1685576cc34136149fa2c3dcfdcbf13,a53683d122b399b4dad5717aef5365dc727fa408a9eac990d67b93cd77c6fae3	1.122	2
recognize-short-names-05	d61a54ca83a0ed315019e3af50933ce9f2eb1f90c2a2327198f07f42f5b49cfa,391b4b4db9e487999d6bd74965827ffc3fa268a5cc2f0e855325c9e3dcaad312	1.163	2
recognize-short-names-06	6eab07f034381de3d5c89bb94262c6df375d531b56823355c5fe56b6c70c73bf,4da56c484c1cc6bc96776825de5f4098990023bfd0df7219556bc1110d22c845	1.146	2
recognize-short-names-07	754fd8ac26ccf0877665817d0d15268dacd569384c8ca38048a082a9afbd4fbd,245bfed4337fb1b05fe71470b1fa1e0ba814d3ee95e50c20201a2d6d200e0a95	3.153	2
recognize-short-names-08	9404480cc6b164d457efdc7bb96fd2cbb116a0645c18bdedca1f650960644aba,708b90dd2045013f15cd24bf86baffb011097c7f35f57c469646cd2fe0f0ce4a	1.164	2
recognize-short-names-09	8f602b837993d0ff8961ce419e8fa0408ae6cc564aaabf695f971dffa08ce3ac,2e23f3101376c847f8ee0c36fa02a9236f437cd33e18e9b1a2779abb21bea9b7	0.996	2
recognize-short-names-10	f093045af1e39526bb5d2ae5ddb6a1bf1a54bfe3d46ba46079a173e4702a1a38,f6606c8cfc63850039965532a0bc46b1a3e876c007ba1d3d27cbce649308c54a	1.107	2
recognize-short-names-11	31ac64340bba2888e6816a0999c153ed949daaba7c3689d3aabf152c75b6082f,03a6ada5b41a9e2c73ac19cd2a0db4d9f9b3f33c9d3658d52df7a1970fc6c21e	1.228	2
recognize-short-names-12	77c02474fbfea4811c50667da7faf6ea065e99a3692852f7ba7f06a6870f83f2,d831040d9f85b8b97152e775cd22cde6255fa3914b591eb50587ac66003fc133	1.104	2
recognize-short-names-13	724722d2b92d0fe367b7307d9b37d4fcedfae018f48f2063dacd2ee251214c1f,4a5262c01c75eeea45dc98474ec2fa0cc536cd222a5df9baacf348a9e04d37a4	0.963	2
recognize-short-names-14	dcf56f85b98d43b600f47857ee856a12fff710126e0fa664bec7d64f111286d1,ac155002f7bae3f932ce5c5d371c2aee52c1645f4a92c866be35824073a250f2	1.336	2
recognize-short-names-15	7f6a998bf752df6089e35a4b04aab4ac2df3a6cdf962aaa3bef3b4df8b6803f1,261c20d038060b1444f46b679a6180c40153f8c0eb36c3088d04047e0be5c607	1.353	2
recognize-short-names-16	b21b8b9e0c3fe1cfa75810f7e7ed3f86f934e263fa8cbfdd90ba2619e0f36a04,cd43e5913170643f6bbce8d3b140997363ccce7f68a6cd7ca00f30ad5ab842ee	1.887	2
recognize-case-01	f3e3f5bc7b42094af5b657387bdbcb506c12d3978c66a2d04049849045dad4a5,f53409b52a4e9b8e08f3e423a4ebd7c7a6fde84a436ad791fe9482c5c61e7fc8	1.479	2
recognize-case-02	992f5ba5db21df34fa24dcb7f0435372c086453a26e662004f757e7eb7dc941b,91d310cdc75805001d5a1c24e6dcc87007c356fcdd7c0dfca01482b2fab99a5a	1.453	2
recognize-case-03	9c08abc5b1d82caed1fce8753a2fd3e3958ed6e20b696d3eefe17f9bf5c76e17,974227bf88288e973549611031812f09c5a3a70fbf571361e4ddb5d75cbf4c89	1.29	2
recognize-case-04	c945201c8dc57044ef9e2c74d92dc2a63663bb37993587a63441e927d30414f4,177b0d2ed167cfd5fe6d88b8db0d902f0d38e26df42f2271736d2bdf94204584	1.333	2
recognize-case-05	19e80ed8a162b154fa286475360fb6f0d427929f6fe495b43f1870f9579396d7,d40654017778eb22e2d6c263b55da9268d6ec2ee4c357b6fae4bfaea0a5e73a1	1.444	2
recognize-case-06	a83d91f24b8c9e633f3f112fd675f353df3081e48e68a96fddcb97a217bc6af0,1b899b9c289553d9d8c705acf538fabea7b602344ee5ebb21cb570ef8a8e6648	1.402	2
recognize-case-07	0371d4e6b9ca68294737789646811141083da4876413eb015945b91060580e64,6bb2d79b286a0b5554098186f4ac02e5bc078e24f478cdd65619f4699ecde17b	1.509	2
recognize-case-08	445409082c3ec2b891fea4170f0a0d6818821de81e3c8edba2c1af4bf4f99629,b36af2ba6995f2971951b7a5db368673d9c05396a2d9accb78bcd2a97e053237	1.988	2
recognize-case-09	71b548f85b870c867f7547717f73880aaf72156a2060478a3c45a662014d06f4,2c2187c64d70cb9c2f36fadc8e4e1133dd85a9e21ae73161a2d60e158ea71142	1.417	2
recognize-case-10	b2d50562183f2fb45b82e86a49a957ec62bb084815d136b152b884dae037a1ad,9f4d9d83bfdd23d30e1f4cabc48aafbc1c5beeb3d82eb31ee5559e4239c2fe5f	1.412	2
recognize-case-11	4299cd2391aaffed526f998e8d0c9f51c416fe0db8c878a65a1f46dc375f9dd6,b8a7c74a5a8d6035edda8a2f7611be699599dfe70ac37bb278f3241e38556c7a	1.543	2
recognize-case-12	27908c06faeacd94c8f46dc22defa39f3dbcb2185976ad50482695971e45c515,b7e42507a1e99d914482fe5a45473ec052e0ea0cf4401efb514a0617ad6ff7dc	1.705	2
recognize-no-names-01	10f9958e56b441d77782558a55be20a5c7cedf02cd7899e73304ced023f53a2c,53dfb6634674f25336222922abff323e20ed9a14183edd8253f72831b567ce42	0.981	2
recognize-no-names-02	352735deb5bc35971d5b06887414e43a971b32d9327f695bca7f34e490c7f0a4	0.728	1
recognize-no-names-03	19eac9abf1fc89aa29f5bc1b85ded26a9320ed084b5cfa8b6e0b2b43146bb40f,be622685f9c49026fcb66169c55a04bdd381ed4b6cb595c6077297cddf8bc483	0.997	2
recognize-no-names-04	7761457c782d18ff1c5c6c1605d156e7b3f6d5d2743b2c8499dc61a86c6d7dd0,646a54436fd4cde35d02180d6fa4d5419d4988ad655aa4d4f42b418a548d70bb	0.909	2
recognize-no-names-05	0a0e5bccbc1bbb5a7ec6ed8ea9110519d1989d2c1e23cda0a7ff0c83b508a767	0.672	1
recognize-no-names-06	776107384d8885688bf4f368f81128b40c1f9fb6af93a362919a07658c3b2813	0.655	1
recognize-no-names-07	e71d0bf28f47cc49b8af6cdf25696f00d7cc5cf565f7cf21b69f10813220032d,80bc82dad12b26611689a0756fdf793f9e1ad5bee10b19bd69d86a80286ab84e	1.9	3
recognize-no-names-08	4a208ddbedb11d2828719566c1d8cebadb8cb625242f8a37fa0f02c5b3d6b502	1.041	1
recognize-no-names-09	007320353835c4504d34cea6aaa1ab0ab1656a9dc5a682e8f7829319bb3f703e	0.733	1
recognize-no-names-10	22d9ac9741c366940ccab9caf8d77b6311e9aef0439826816895fbf4e15615c3	0.634	1
recognize-paragraphs-01	13e0936a170ba08c8abbe0971e49d36e63e0c4f2b825f4fc8bfbae811e1da609,f255311ed3f18bd4bc7da3a39fdd32a25f29264a834c810f09f088f1216e468a,bff461f7eb12f80d42aef4b8756ee8097959751758b7877815fd92d9b1ef2c3f,72b737050cad4903cd0d59c82c0fd817e061dc355ebd01045055baf1af473c08	3.759	4
recognize-paragraphs-02	678a008df5b91461f68f47d9f1dea2e9a98c8eb6d4278c4bbde96551d529d04c,1c41b2d1dbbb556b3c8f31a845280cd918e0d048d64f29a29cae1d11ac7b075f,a99a4ae4f51d7b6b6b12430c93a889ff4e3482f80f049b1f25819ae881e93d8e,511e466435c430340bc35d1457f70185ed2da51718e56e39d71bc9b54e307a57	4.76	4
recognize-paragraphs-03	fe238010dfaaad68b360ca3af0ad0708b054735f96af44bcedade082468560b9,fd7058765e79bb27bc0813e22cb92c9cb335e469a3d379e34a469859db3378db,893583ec71888aa51abfd340df9790c4ae6b66537c894959148d47c8e7f7d30b,1cf4259ec545bb9a8370492f9b53719016aabdf92fd16a6edbd98afd146c9075	3.581	4
recognize-paragraphs-04	5876cb2a47f7980ba5898f9faa80a62d9606bffa8cd6277dc4923bef78c48533,4cda9212ddcc465571ccc901b52fb01b9d510622c55c1c19a9018c87a2e7a4dc,ef52a713f571da99c8eabfa8c77cbd769177f0d8dfd57005f8d95fe42361142f,b2c175fa4348c8556fcddb922637ec331129a1a03c5d63c335c98e70dc2a0723	5.292	4
recognize-paragraphs-05	5514bebbcfa70db738ffbb9f8d4288392c566581815907dc3af4fdaca7be33bc,76097baf810458e0d2c6b41206363c3d374309c9d0c19d0106041e5f4b94f799,b8593a84eaf19c23d8d588b0120a8873cae6ee2ef18605d11e10de03bd78f707,b52f515cd302db876543698f8a2e035ceeb2451ccd565511e5aba38674053e66	4.536	4
recognize-paragraphs-06	5c8f223d9264d4a5a535212aac4533972d7b6ecd91a157c78ff5ef385408ac45,515d8005c9332a9d2960cb74fd4463b3195d2b316726dbe716219115897da3a0,6b92bde2d86fc9427f4ba2f64ff0748f72d0d94d4f44fc9fc2325b1b04d2939a,ed1e8e4c1fe407d088468f156335ea46e2e3b60173962b6599613fa61427c614	4.245	4
recognize-paragraphs-07	da0ff3ed12abca2c08fbac3d78edb009938db684e655d03ca02401899eb0ee76,adaf3439e63f5e0feb59784429fc045d27a9f937ac3bf9d857a575b4c32008d6,9c6c055747acf3a67cb8134b0a97b0784ade0d477b34b2a29426759bcc75f8de,a6896362f85a37bd1ff8302fcd94f97eb482b6c5c1a5004070fc9b140664d80e	3.575	4
recognize-paragraphs-08	f836b5660564a01fbc6e0b8f7c5925851c4a245f722caebc4831bf7f396b51b5,d3af882781bd8715fc89f1a24f311dac1126631ae2c54fd1e16cdd2cdc31eac0,4cc9450a79503ed46aef1e7e3086bddc230baa516c4dcb4d2b25600322cc3911,538b981485df9221293e06e148c5f6fde33c049133dd5fd2ed4bfb839700a660	4.023	4
recognize-paragraphs-09	6d3efa7796613f24445680569b12b762613d635fd1dd28cc5fa29310a765f9ac,3d4afc0fa434803d675cc085ca6fe97cad7520ba2e41ca3a2772f4a28956c7bf,674d8dd12827aa7a1c43ec40981ad68b741279f8676409aebd92a96a982aff04,20c3a0df333b0918854c378d1c33c74059321fa1bf2a54bbeafa9792307d952c	3.627	4
recognize-paragraphs-10	f861cd24195c0125d05b8a79d7503ac3b6c067028487d46bcfe954c632768f47,51959242ed3db422d7b339c52dcd62fb73e7c431000d4b8503dc353397058328,e9aabde750970833c5b77902805d967cb7cbed8afc5726bff6b88f86be339521,dfd10fee7e147bff386fc3b0fc66b43d864798e5c9dd83e671f12f123dbbbd7a	5.177	4
recognize-punctuation-01	6c03b56e0db7b6ef5fcfdb8f83507b01feca01c315f2ac1c132993594844cd72,c1c8c3717c121585ff35580d6be9f1c1bde6b0c8fcdc409ae10db2533da021b6	1.787	2
recognize-punctuation-02	e336a855b951a38fae0b3046692c190780dfabaf6f0816313ad82e6bdc9e3a10,5738579ff8690be8a246e987e8d3753639924736c1f7e64ebf75193386a4d109	1.764	2
recognize-punctuation-03	4e6a5329abe165830591e82369516f8515097e3143fa6d045358841c3f65225c,31f37f149168ec7e9b48a77c42eb8d2c100de3fdfc019c4f7e7469a972fedae7	2.229	2
recognize-punctuation-04	12e5bdce26ccf4cb8ffa13e6b122fa2e2fb913237ac43b1cd71f84be3de6a57c,fbd743faab07a20622a05e7869185892c9e42fd5d62a5d803ea59db89d509a74	1.015	2
recognize-punctuation-05	2a30fa0fb76c91513473d9be515488233226be9ef1890b728cc7b6f8c0236409,573dea6847ce937d63ea661e1add07e50bbc861b7bfa781621837c35c883d739	1.877	2
recognize-punctuation-06	542c25ed945aa84b309aae0875d0d2f14c6265f3ae66e708fd5c385d29982c5a,9f6e7de0e6467099c1627280c50186f897492916b7186b49328fb408f5dd051c	2.323	2
recognize-punctuation-07	48a162f8cba09b7e6451a30cf33fa4ef7e660bed69e2fa00716e742cd95d4d83,70a90a495bf81f8d87c31d88a045dce16b68be3fc97afafb835050aea778df9f	1.308	2
recognize-punctuation-08	f5685cea4afea890c67df5daf859bca84f930151a77f827a9222567763c9fc91,6809c1e4a7b54eb868e2b4f52b66774636cf24931576d72bd0600ce8a10834d9	1.799	2
recognize-punctuation-09	a9718fb60260795eae6ae19a9fb784f354257ee922725e97d5bf03791581af14,51747891cb99c22559328f130fe2d9ea19fb4cdce19503d54d391a449901942d	1.689	2
recognize-punctuation-10	61324c90d37016248c6183708d2086f77f272942cce9d58607958c4dd0c7adf5,8840ee416985701535e4c0ffdd20c21dab50b1a1da84b3e10be3a3c8d6e824e5	1.977	2
recognize-punctuation-11	e986d71b788d84d64e970b78e5c7e5aea64a9b192cfcfc2cf6d80976e65422cc,19835ccb7d328d487907a63c8cc80c1c887e0221d9fb2241346595992a5119fc	4.076	2
recognize-punctuation-12	c88c0e5561fd13d29c1f72ab5cc69573bc51bf17526c2a00823db2b7f9a92abc,1e87f842c73154f07010b9afd05da1b5012ff99444f813178553cb2446fac014	15.617	2
recognize-punctuation-13	d533200ced300e2aa2345bec2714a8e0da70921576042e331e6457cb90fcaf24,c639e5b277dda82784770fc8535cf6ae28251898a26f0f82698cdaea4dd6a9a0	1.281	2
recognize-punctuation-14	2a417f2bb6aadada655e03bb4dfda5c8398ff17525efeb449f878fe5316614e1,712cd6b64cd0289e03049de07a5601121329ebbc35cf53c3acfaef14f1253398	1.514	2
recognize-relations-01	683bae26014275c398f26b00c0d97cfd335da345b5616f4d5d442fbe2956c3d1,a2b01f2b48b6833d84af23a57fc599668c86f33740c3b4fdc632b698f7165280,ad43c4696aeecd700317e22a2be62aaa0dc7c4385e7c76029cdaaafef6054625	1.598	3
recognize-relations-02	a4c2c67fba773c282ca5146b5a1c401fa43b5d3caf845124b1e90ca0aecd1ebd,be2e70fe30516b5e7e021b93a44afd755a2a88ff1fe624c5adfeaa2e4f26d985,63df35c2cbf9f5cfcfd3eb274daa1f49b8f3acea4fe70aff38a6de16b5edec96	1.179	3
recognize-relations-03	fc35b4e2b242594e3e12c99f03a2087c5d61363ef89df93f27a395a1b428a3a5,32497781adb1b456eb2c2b72927a722d1ff32ac0fb4997fa1fcdf0a7d012c187,0296ccb4c67712629e8d95477caa65c1ab2cc2f3d8a841d67016ab33060b4910	4.238	3
recognize-relations-04	22a30354fb756aa52b0bf017fa2f59574673333e5cea147653f4d9370b699272,0d4bd3cbafd3380c3cc7d0284dc95591e426cdfbf0a0d306f0baf08043f71577,ed45e665f3bd0a91fe31d060acfd951d7415cdd244d969607be96c801b78f027	3.231	3
recognize-relations-05	742e5ee11608964b5fbb96a2d6ed7da5b2c09aa35384759e2ea4568a78eebf09,0b78b4489ce2b3b21a2ce38a054b85846c0ba624a96eaabd434e10a3b0a31002,2cc0016251e41a76ea285dbebffdb8ac7028371744d0c9b26e793e7b491705c1	14.416	3
recognize-relations-06	16f3aff3f041170e672b491aef5fa835cfb55598e5c6db4a3f671eae04346313,1027a73c5d5a44b10a04e3107279328d186319d206e646242ae2b05419165222,0c98584bc7893b9d659f13e3fe5a7a1717d6de5a6371e4ebe350f8a390b5f9bf	3.481	3
recognize-relations-07	4ca3119870deff4d3c7961037c8ab54295b7d3b5fae26b2bfa5d2a7406139fd6,d88567ce4d8f4f66b44e7650d2966210e27756220961ee2a94ffb04f0320886d,919573c750ce8b4f3099533c859fbe12eaa803e0a8cf17c473e2fc887ce2ad93	3.184	3
recognize-relations-08	0c6bb863086bc15c48c90d765613b079917d2c5bb2d881fae75bff110adc934e,211f27d1b57b1c31e6cb9e6c3ee87c792b60e4ca3fec89de15dd5e5495f7bc33,6bf53d3be677d3d8d02fc70d1e99f2d397936320d4c8de91ddbababe897b4729	4.777	3
recognize-relations-09	535ae26084109fcb2f67ad7ba9caadd8d478732d6d5ce4f3a7f78792c91d3fa0,ac39be032563229edd6b8f5c661eaad4bc4fde92e0d6b0da8cf5e78150dd9b0b,27fd0e535e33caaa51e4c72e0e3cc6095f1085d37af7f5670d18a2e6350bff70	3.76	3
recognize-relations-10	585c6a1fafc6ef89a1968d4d5111fd26cbaf594f5ca5c9b12cf1d5dbf51eb9f5,1cb1bc0cb090e89bc5bf66cfae315f37a066016638ec1299b890e009a93b1869,6edcb427baaa0c42edc4e2f1f6f7f01ddc869ae3683f906ad5453c87bde65f36	3.4	3
recognize-relations-11	5a7323d9641946c65b944f23afd2337a90c5195017295bc70cb79cc9da71fbc1,4be1806db6c98c2bfbc9a43b47f32b2a286cd667e649586b903359daa0ea229e,86ac21e6db9075b3ea6f5e2f4331dbe4f4d4795a713e81736aa2ec6e0aaa4b50	6.605	3
recognize-relations-12	46c4b02789d7b95b4c2d38db20e80e21714a1bbe241b346ebf6a6d377a8004a7,510d9d318861b8f363a7dab64597a0d21682cf305ec7f81f654917788eb54f45,3ad59621f7291b40739bf0ff0a2dafdbdd9a8791ad61b349303a69a3b43dd655	4.939	3
recognize-relations-13	eab54442afdfe8be70d55fdeb4d6154bcd6265f522466ad15c78642af211eacd,b8501f6e356bd50597024e25f06e14deb318a719de4fcdca803bca51b31c6c42,16659d4feeafa8cff37e615c9f752a6b656b95f5c9860d863f099ab95a26def7	5.854	3
recognize-relations-14	36818b8ccd8d45b3c6d1dc9847c0e1ac8226bc2669d3d979c6567993b0276fa6,56b0fb2c53061eae750793e398bbaac810d3c530356747817cf1ce1c77359a21	3.901	2
recognize-relations-15	edaffde91905115dcc6e00f0f220b108f5f4c82f6b2d824d3a2558184c5c605c,53fc6a4db6127ebe98a8bce388a3c17e2fabe265c63f478714e216fe58e10f7c,6dbad5d2d86dad6d27ceeb6f08e8e064748cc811b2633e223912a72d244ec590	7.087	3
recognize-relations-16	4c1b2188f9c335d9d3bc79fcadc68985728bfa47cc21aa89ec467c6094c4bcc9,ae3506449e41b8a9edcb2d31061339da0b709109bc349a8d85d6f11f934e377d,e8cd7a0ad17a3ce14862996a0c0e1588119bb2c40c3bf60ccac111dde206f7b5	6.08	3
recognize-relations-17	8751b2c063eabcb5f5f0829599148e28b6ea421b951e113c289147850538574d,1e1efe0ea3460c3f0c2274bf421b1444c3e7ba5fd530346a100876ed424fbfde,9fe06b3b01a60a2d98391e66c343df8c0205c9d42273ce45639a1fefada191bb	19.455	3
recognize-relations-18	778e9a72c88f8ea30b9e257d9cc81837ed135bdcb389afaf2fb3d312b7744eda,791cbabd122d193fccb684364946758eb4efb356f8b23f3748465ead8ef1a83b,71fc0a4ac56fd336dac1d0dac5d91ca072360137e5a8cf4a0ea60b8512baaffd	7.99	3
recognize-relations-19	6ccee913f9545f86a0ed1f237fb8b29d44b63d1fbda98407a3ebb7185e8fb5f9,9c7043e8be59c51fc4868c38bddbfd082a1cf1bfd857c4467f2ff42e8bc361c2,759bdd4ab0170b6a8c77057aa9c50f55d8910a74c0579e89c5a54de9fb9d9911	6.753	3
recognize-relations-20	1c97657785e38c7380efc5472dc73af62d467b63dc51ed092892480a3f847f8f,356c1073c19f5a3f8bcae0744e6b6178af0b342653d3380db586ce7f6eca94f8,4b38db1e725a61800368f31d7779082fb3e5b2d7d3b2d8eac210f5e8a7de4730	16.482	3
recognize-relations-21	96e55d8b531fd5f67176f590ca9d2dd412d1139d2dfa94b95e19b96d7ad9abd0,56c3e9fd92e739d9a83bc5e364ec14127ec0ef4c4f1338e09eeb01da10a7ea04,4d2e8b46fcbff3610f5cc6d34c75a3c3aa0853742769d4accf95a3485cfcc9a9	6.219	3
recognize-relations-22	03a3804b98a567b21cc50850dcdb107303a6bec6d6c764caa3e4d3da8c4fa077,8b87a55ab8392f95980a278b7fdfe98868e8f4a5c2fa8430971f897957b48072,d272a94409fa8a5d72d78f8b4a293a2fab304029b3f0e7dbe2b799eea5abfffd	5.392	3
recognize-relations-23	55fd08c84dc75c7f8adb8864ec347f553f4839ab9a9e0a26817f173815801052,2a451d7cdb1d0e382a7f767f555f0c58ed0933f74d218858f9fbfc764f5f56dd,e401c1cdeefde5730f716e36fef7fed52eda310cb936be4f28f7cd0f30fb7c9b	20.491	3
recognize-relations-24	e612b5e8205f376f40477e207d30104870c31c1265e4be5f29dffa70b9b531b6,61988aa17f5868505eccaf3c3e968a4f38e7db9c2693ff0acb82014753a42c3e,ed4d4665ddb6e65aec520c4b3da1b7173981d884d30a8018343654ee2e71a4d8	11.164	4
recognize-relations-25	544c586da957c0df83f4a67b9c68493d33ea674dddd2ca2b53d37270ebecb9b4,734a74add92b13e23c0ed39eee907850e39481cec796df0b6948f184edf3e8c2,522a20c6b1b4ff2a25d626695287c45f635cd5e8a74143bc996e487158cb0468	5.837	3
recognize-relations-26	1f42e4931d4522d6ab97335758285ad40ce7bd0688ce034bc5d978125cc68f8b,0133751f05cd76ed166d8fe8079527aa0f414e5621b1de999ac19261748daf4d,87e8c8b231e33226c5d970d34b09c27b61fa5863436733761dfefa8cca99d599	4.535	3
recognize-relations-27	6fa6e0610a40bdbf4660097977a202505d0fed7b9677f0bed552262ec6b11642,1cb3e514e9b2d826e2116da44a82179b94ed681777608f490f448a84892181cf,d5b38d6ad38e5451cc2ae9e05677ada20c7a4a989c2a1871662c1b455dfc8482	6.579	3
recognize-relations-28	cc9c8d83890118e838de3a1e6afc0c324a3ffd6830b64698fcd36651da9cc8cd,b2282f90642ded100ed812b3d7ee439d36a2799e939290723bc60c84bca34b02,cbc3ba42930f242fe628140b01ed48a8c7d8d7d6135341039c848fa224ed69d6	2.925	3
recognize-relations-29	d91d84d6a52241b426b647744e3d1606d770222bd3c01d7e975db93f8d5f0721,6d590d683a6cc5b1784b694279ebba1e3c8192bd4edfdb6418088a87695ff043,c218cbb952b6ef400ae6a1ba00fa75c5bc9451dfcadf6b9d505168f12b4b906f	4.461	3
recognize-relations-30	7aedaa06b9f97e120a43e4d4415c166bb90e71e90874ff3792a1ff359141417a,7e64f07c16a43fec16f040b5b7ba933be15bddfd0a681b1ca6eeccfe9599aab1,21c528c72e5a336b905edab8862aeea6e262508b6b6994af1e0c7aae3a88e5ff	3.093	3
recognize-relations-31	bd68dd2ccefd1472c76707f1b5165f435ee3a46b06f10a86833e8cccaebcc062,33a3b317632c90c66ec0a525ef53ee96d9ab7d3583b76bbefa2db90fc98eeda1,615f1548ae3e3a4fb327669b5dcc15786f80c485ef0d4bd2806815600ba56ee0	3.793	3
recognize-relations-32	57c9b97871c282c45a005c505cabc05b4869674477342bbab2af63354d198a6b,0d414ab48005f145debfbe5dec8c71eae96fe2f9dd185ebb196851810cbb84a0,e7461dc213d7a780ff3f69c2d70fb4971bb35248cd4fe5019116b71286bfe76a	4.277	3
recognize-relations-33	fb563ec75e64a20ccab69e4753778606a23dca2740f4228e52afaef5befb1305,6b826d9e19f3f11ae6bb182eeae9d9d2b37098aaca74619f2838f6579d451a02,4ac24d4004b56610510d59b07527c7ea8a4580cbabc544843524cb5fe9e37727	3.254	3
recognize-relations-34	86b579c6c020530fda48d0aa3a6ca9a8cb1e4310ad36324bdedb3222c48a270c,3b8a94c6131ced6baed54622ec7b0b619f44e3419e77dc42685b8fd55b62be77,8701c955264a6a65e9ceab131a8620d8744bc6f1c778baa4c4b3d6439a4f5a43	3.563	3
recognize-relations-35	9cf5a6a7db6c9f63b1e98e57eb702c24004e277314b81a70ab1b2e1bb0309d29,b0929877f97e89802c23fca288f39b5555f57deecea533eeb720ea95917e1f3b,0b8a019b32e675e7fecb46a4c15dba5198f21003534d676cc27b77558486b7a0	3.762	3
recognize-relations-36	b971da7e37b4c35fe6e95b69fa8eb5a7335d678ef61cd3c098b866d780111eab,1b9deca37089173ea94d25882c72eee1efe8338089149d8656cca9e5a8f0b21f,63ebe8a728f37b40ef3d0791605723af3192da45fd1a1f1150dfa26673bc2dc2	4.247	3
recognize-relations-37	091c1d5dd8dd325194eca0e6f1a841ec51d0b2dcf08e83a46b7e5cf26728a045,8d271dab10ea35166bf5c9b1029a858b42d569601362d1fc9d3344fafaadadc2,8c891e9f75a8c5ba8c87c40294b5e85319aac660485110008842eff9d2472a67	4.314	3
recognize-relations-38	38ad40e4c8535900baa9ac7ada61463f434052ff6157402de7a44abe4e94f3b9,bcdefc8524f7a193c84ac8063ecf751b7d63bc2431564f84f72782e6511be32d,dbbc63b8bd8c112698aab5a8e368f3ecb7c6fba472eb970592f7375ba65bd2a3	1.715	3
recognize-relations-39	c81584126be00b4fee930a38c549685c042055949ccf1814d0656054bd8ed8cb,1ce65b8c0b37ab3c836558e5431565bfa0fd23ba2dbad10aa97701278ec3aec9,a771d489aeb27b98425366a4a2699716d41d559e54524d8b0f229ff844db5fec	1.801	3
recognize-relations-40	9daf36399dea261cfad0583f4976028014846e45d781346a59558c5acfc565e7,95b0257d49fc11d6ebf59f674ada4b6be00f4bd161bc770334d4589bb54357ef,8108c39905ed0011a4e261856b263d15d1016c51a91a34d7c5268a20c4a6a650	2.019	3
recognize-more-varied-01	97fb79bbb5c2a8656eab50eed6e16924936ada5aaf0721de4ac134100787d4f1,0317038230494f1c39c361173b64ecaf541e5ed6a79ff39ab2375cb801b9d48a	2.342	2
recognize-more-varied-02	02d30b5910aa59be1f5e66dcb5796d4b5199230d842eb1242a794c8af3b9b65e,f1b65251dad7ac38b74668d48da3965ce8254af33a246c2c2ce6bcdfe85f41c6	1.439	2
recognize-more-varied-03	63d63657bdd84ebbc0feb70c78494295cacf0c24db5d4dbd9dee2c225580a5e5,86f56efead0e0a3de7c374d25bd5bd079d000f4eb2159fa5b045cf9208f85bb6	1.468	2
recognize-more-varied-04	e1b2fc343087224a0959d493c3821f7a80f223213fb59edc91905a4cb1b2939e,7586709e933ec8c21ec69c252aec5a6dd19fb78beda02bf08848a10a8bf8d248	1.997	2
recognize-more-varied-05	80e6cf06fa1fb4bd30e1d108592f8e456aeb804fe572ddf7005d0569508343be,d9b907412ecafff3e58b98b1396188721c206320e14e4ac194ca082dcf642f57	1.668	2
recognize-more-varied-06	31f3f6c80e670117a86b0609517c1d4367b95a27e2bd145b477da1344c5f6207,a0095ba6b58993cad011a3ccd37e9a22de576e20936b40381199b76d56db16a6	1.394	2
recognize-more-varied-08	57bcf5ca936b69abb2ce19c3e61bdc742cac1689ed05a60c76778bea6c9e2b33,c088d18cb736892d0ccf5af2a47da8ba262645f6e65b554850832109ed266124	2.319	2
recognize-more-varied-09	35ffe9aabd74d3ab83c8ed235fb9f423bf9e19776908dc4576dfc5db45165582,30b1139a76e5367b7710fb17341e719003b06b9349bf6e499ad6b9e4461c0e21	1.153	2
recognize-more-varied-10	1cb3da9ffde442b5b5aa18f722f2d8d8d298ba2c91b2b6f539e0aae721dfc238,156e4707f97f6762a2e30020747b86e433564805654a414661dd48b755bdb8f3	1.692	2
recognize-more-varied-11	99fb96f4852f47f06edd7c9ffc5abcc5c095a9f922ffc947828ccd1a114d2dc9,3740ac5ded4abfeab74733a9175ba9b60fcaf52d5242cc90de648b8caafa77bc	1.539	2
recognize-more-varied-13	8e05dc50059fd0bef12b6fdca45760ea1d16140b333f1f2a936cd19b7ef772ed,21c3adc420cd80760c0e703672d33be5e93b92b8c245148a61bd8fa31d82eb0f	1.844	2
recognize-more-varied-14	7ed9e40f614f704b317862db9b0c86dac264ba0f7e1edc9dc3fce7bac1de8739,e28d22b46ad84cfc7489b69a78fd3585617ea457642261a24ae274aac478b50f	1.33	2
recognize-more-varied-15	2d96757b5d6c3e3ab5ddb5f9bf031c513c1548ebe7a776b650ac98caa41a5998,7440b607d3848ac4a961d7a2ba9845694d5378b81858ac0877a601897557c896	1.606	2
recognize-more-varied-16	998c322cfd9c9104cd4085305bd64a1ce9b984328b5174b22de5f5baaa124ebe,9121618a4812095f98a8d68bb63192033e3d534cb63335081b0e5f176148c8c8	2.817	2
recognize-more-varied-17	b9f4432c7f8aff80ce033edd03bf6f2f1f39cccf6aea4e3a8825638ed88780d2,b43cfb977db4912d5e8ad24c80fe007543c59931324e2652ecd181bc107a6023	1.809	2
recognize-more-varied-18	bd013b4dc385906b4f649a2924a8765e75872083645dba408cc4a811f2c7a88a,1261657c848bb0a1536d7788a5639524fbae58cbb0e85591e2eebd2a7cb28f1f	1.602	2
recognize-more-varied-19	f45d6a769fd20bbe6cbc9b9893c753be33cab9f30f1cf3d4bcc1b26aaf735e15,2083ba7852bbcf327e33946ea7ee436a2c0ea4eaf323aac4f79666e6374747d1	1.261	2
recognize-more-varied-20	c3e027575f04303a48ee37a8c19452893b11443e7e298ad6003ac1f03b9e6ba6,464aba3831f1b5fed2de4eed296a92fc8da7601d9ffead80497a18905ac699c3	1.611	2
recognize-more-varied-21	47c22c4053e3c3380039a0610297962eccee29e3f9ac04f2bf4fc0dc28bb7e44,ccab05715018f6368e727b794e9163f231f281c246e4e04f5cb3c16dbd3b038a	2.046	2
recognize-more-varied-22	25b76e823db0ed470849d942473a9202539c6b3c92a2ef8941a14f4bf948902e,9d8db13b39cc74ed44e8bd0d318b8bf77f9b7882cab266e5fe395a16a0585ffa	1.835	2
recognize-more-varied-23	1dfc33de11a8ff3e722a08d8af615a736da90b7883e00928d574482040c2d77f,5b76958881dbd234f0124ff408c55cc207c0f4a2989b56acf9933b3709db4558	1.295	2
recognize-more-varied-24	8a30557a54c8a714f7deefb3e7e6c5343d43edbd25dfe1d1a62337bb7ce2b306,00d1cf6334ddb9d878191931c7439042c7d0996de6a5bcf4b28693c4e9af73d9	1.279	2
recognize-more-varied-25	3602edec705ce22b88efde3b8c690ffe8f31c8d42bbc78ac16a97a4f0ef4da8e,19de0da892d6d1dd42e92e229d058adffda5da1c48b9fab472601e1fd9e8fcbb	1.777	2
recognize-more-varied-26	6104a1f1ed04f820eb5ed8ba8e3cfa8252bf9ae79e8dcb71ae17a69e2874f463,bf83478e44ad4627ce6655348e9e772e8b74a7494063b6c13ce4a0b82f56cb44	1.723	2
recognize-more-varied-27	c6a415547add53ea7b0a5b613e426e70d2832ee4e86edd4793bc1f4db2a9c3b0,8e92ba95ddc2cfa6443f6e75d92e7588d13262158f8bdc82006a5a419abbb414	1.484	2
recognize-more-varied-28	19eeff9eb8454f0ddc8a831c7db619c72857316954201399b23bc467ef2a2767,7a4afb95ddc61fd7f6bb10fb5d06bacc94921148907d0dc38b6eeade0ce287ab	1.663	2
recognize-more-varied-29	d8f72d78c0295299e7be09ef63dda866086c670fef22406863d5838445222baa,686cadda7f02e0b21541fe6e187fe1821f6e31623d6244f0a896928b8087b08f	1.249	2
recognize-more-varied-30	19b6fc4a67a04523521df647285efd882dbdf1956a2ace8dcf0544aa65a117aa,f8836d843779507f126ed8257c8a9d7b4601d2fe0053281585588311185e37ce	1.594	2
recognize-more-varied-31	4495fa289708a8644dc6a3b3ff0ea22515f80de0c08c971ac22f4da7ae0050ad,4ea72fa3a263d5f63011570f4abb0330de7fdba25eaf0312bda85a78c6e4716d	1.514	2
recognize-more-varied-32	bf6eb2f2aca9ace337fad8362ab8709d27a5219947a24257259b2ff4e0e4457b,a383c2c5d0ab65ef633c3c3844148a30115a2cebeff767c428b82f7ab3f30728	1.431	2
recognize-more-varied-33	d1cbcf795e21a0ee724515d762031ed93f0e05506b1cbfafb86c70a8844b462a,2943e39006990791c12e9b8501ad01394498b7f82b833e8ce337f1d307c726ee	1.582	2
recognize-more-varied-34	08a4f05bbac3d1bdbf05249ea42280021b8becd10d78fbb78a9fa047e07f6ce2,8f6d8d232a6c2299cb71e0085fa6c9b66ee28882874892e4ffc1ae758df3ced2	5.505	2
recognize-more-varied-35	2d719a3ed6dd968b1459c1fd3975d9fa97d657bc99a93d3bdc37c7c0e49c6405,c1f96e6949c499e5609b8baa8880ab95e1563e449268673af746b610fc90e471	1.547	2
recognize-more-varied-36	ff15ef7bb48fbd62295665f3bca92c00805b9eacc7192fe28fb55a253f7928f4,7826327529981377c35aedbe62297068c5851471785915be21dc1b1d3bf19159	1.434	2
recognize-more-varied-37	640cfc6f47ac151f47524cfc700b6452b5012d1e9efd32da17e95af1d48e2f13,763249e1013f6d764def7072eb11cac838caeeb6af9e4acaa2e5bfcfde51d47e	1.443	2
recognize-more-varied-38	dbbd0469d3ecd2a96df218c7b2c9938a24b31b9cb3c1876a6632426935065cdb,048fb18b54bb7f7342bd03dcee7c5c484d182a5e753a2180e55a6d54d3b92e93	1.454	2
recognize-more-varied-39	a7895f1f4da8f447cbb1f746b8f457738fec7bdf4635625c615e3820f7bf79bc,45032f607a5bd2b48379c289ce92b9438e89c900ad4233aea227f6bc5086568e	2.338	2
recognize-more-varied-40	1ef02d47a95833e29b860a3ecc787b881428ad0430e9232d948aa7d912222b3d,31f0e3e420ccc043d5fe7202f19f703d8f1fa0666138be07221860080703a9aa	1.32	2
recognize-more-varied-41	b3006e38d1bd2056e655f9407afb6bac4f57e84f923df9a1adb82b878fb9d0c4,1eb563765665a5d950403df017f743c30e2ec3eea7e5db5ee8275476e28a9fe3	4.095	2
recognize-more-varied-42	ad9f81119380d32f68227b3e5b71722f939c6e4301817c1c9622e3ce78dd8999,263d967317d216de6d91bf017e7e2b38edde67329f9cde979504112c1ccc7980	1.927	2
recognize-more-varied-44	7abeb45cbef6c7a5c4792e389debca87f25a5ca0879715c0093f83a01b384d59,c8b4e02606c48b80221631c18afba4b52c22fed6f2c68264c5c11904f58e4f2d	1.604	2
recognize-more-varied-45	4ab45a2ed964fd2fa33ce10bcc68284fc1261805660609bb3a8fb4d0782fed71,61d866239338d248909009ba748376763dfdeb7aadb81d15f6450a7af0c9fee1	1.437	2
recognize-more-varied-46	23c8ff9e51d6d9fc2ebe983f3ca4ac336f6c664baee71b703d24c1464cc89d70,7846588423ad0071a2c8539eb672bfa82b8547c8b8b7f7a787738808ca2d635a	1.548	2
recognize-more-varied-47	08c0ce8058c5c43847d8ced4bb9496786df8092f92fcd2a20724bf7da7fc61d8,d6b94e741cbea170a1eac319f70a0fbfa04527531bfa6743e9ba1536dfa317cc	2.835	2
recognize-more-varied-48	8abfdca30c637b044f7fe0c324a4caec30a50740b9c6c1b31d7cdf8ad18a1082,c247021e777958aa3f8c52c9a4f72c39517681c32c79ec40e7d56a153c313e9b	1.592	2
recognize-more-varied-49	dc29633cf284c3515acc15b440da02e2a6524492dd71cc1b268cd00dcadc033f,99286e1e03d9486fe581641b6f2525afbf4ef159c2d4cf845a974d1e8a8c5afd	2.575	2
recognize-more-varied-50	01169455a5468a52cc150904c776d237437755dcd37cd77ad6ce3a6e60a27f80,1ebb7841ccfc18b63f70eabbefd2ec4279e2dcac90d644a917440139979497f3	1.745	2
recognize-more-varied-51	640000e77da0260994f7edf7ccf137e4a97b7b4b0ecf0db4c65edce07320d419,43ef7fc40bec4fe4867218a263c48716c6a6ac21feaf0decc1e3936c1d915898	1.651	2
recognize-more-varied-52	a0d6978eb079590e5e4280e60a6871295c66007c388919a6659c65df4040f023,9a8a53920f4121fcb7188cb2e72c32074249a50c57e8965452d0be2d6e0a8f7d	1.284	2
recognize-more-varied-53	c5809e65faf47b32ef2a4b1e5ce3006033086140a076f2919e5d5c5f93b928e5,c7b22ef5cb8e8aa87a623d6cb6ed6db5518ce9e56277fe3acad405f09f47ad51	1.589	2
recognize-more-varied-54	3cc7428f01bc0b339a8d2fd3254aa7c2485b0719407a432edd7fe528b79342c7,eda01f7e2c5fa8ae059a77c565fcbad98c76f7d117ea4a34859dd507d7a0a338	1.687	2
recognize-more-varied-55	64d722932781c54e5e5463e6707003fb209aa86ae8819a59607f12d18edf8e9a,a99e56fd5cee6f17063f99a5e9f04b1bfe110d20d334375f6afb4f0581a111a9	1.327	2
recognize-more-varied-56	d70cc992c5c3ebb01fd9a55805ed729e17d36f31d87ecd55ffb1d929d4223613,02f82128b32dba52fca8e4c3d90e2c81e679e299b7e6a33f98304ab67e7d03ff	1.304	2
recognize-more-varied-57	fe3fb334172a7fe2961886a6df89593bcf943ef633b72b802be08f2cea3ee1fe,4840b8720d78a553ad2d84f942b46fc30c94c39af7a35bea6a5ae01344ecf770	1.257	2
recognize-more-varied-58	a902935f97ece6320b6b3a4a6b310087b5c876efc5f44e585dd1b8625325f278,9dc5dd0760a8eec3cf1fb168d86b7580e73726b6770f0d7173d22c69512ab5ae	2.569	2
recognize-more-varied-59	720fecc0911dc039c748697fba712d66c77e545967692519c96989409e6daf34,bdfd111a42cad0b8795687aa0b89f1a44a542d76e6e2350efac626575295f3d4	1.576	2
recognize-more-varied-60	4cca67971f3555dc4fca6dcca7ad6d15ee1e769e0322da2897e76710977bb2a0,4a3cc0cac9518da58c31537b891ed5e8b6bba8c5e7473f5489e5eac7258b7f60	1.209	2
recognize-more-paragraphs-01	f45e53449eb63ab9747bdd8580a6c743ea93f6191845335ed60fb2825eb9f966,a8a3d3ded335085d7bd31e2316c5ff6aca6bb2f43bcdd1caa1dfe5582b120a87,bff6a816dc69392dee9363ec4130870c738b9eced5a1410e799ed5551f1b2aa2,c98981d5c5d2aff8fa385d446f0f9d5bb3d574561f81e50eddfb91ad4c1c4fdf	3.417	4
recognize-more-paragraphs-02	23658ef4d68d4c5164a97b3650561c582cf1906edf375cdd7d6d3ac0bfd5553a,75ade534d97734180fc6cc2b1581dc57ae8a2998a863e7a45a5b5b24a55119f4,5bfaa22fe52aba2182c70f0e5f66ea983cecd3df849789258c78844c58c58118,3bdd559cee80fe2534736bae81923572ffebcc4447cdb03f563381a63669ba66	3.96	4
recognize-more-paragraphs-03	832a63ebd1fdd92b7c6bf57cb15856cdf55c39f275b9eec26b0452412fd6fc34,76bcbad751a7115bb80b64c92836226a3c4f30b823e0ecc1fce7e6f7a271bc90,8104bbaf17ac79347e0573b6005631843eb8cbb72de21c88bcf58fbb802f4eeb,628fa5ad4074a4e34c8121c790e8200373b8fd7aec899ec0b593c108a2661a6e	3.702	4
recognize-more-paragraphs-04	cbfe5c87f27ff6455ffe5b8fe1bb1112556c65b508284430e6a27416b403e3cf,24b464c4cae5d76f9e4f8060210d6a9088ce524ec7677b8065767ab1342c1c4a,d1d689e3ea997c1fd9c3797ed84f2d0b9b2d8dc3650062e156e43a793b1c4739,d6f4d3611ca7cd3dc64b2bd9db1673c2d267d8e90aec14e6a8e7b9715e0e75ad	4.902	4
recognize-more-paragraphs-05	79f7e05dd5c8b42296cbe0d8af386844ac23f8b26deb84e1d445e1f982829e78,b82aa230fe04138292304c7c69e910e24d5419e0cd3409f45fca3e7f27775df4,c04fe08b8e79737c31688db4aec05f0cef27a972e4af107be9c336367e261789,251cbafe3bf294f5e38622551242f2204a3f55f9e5843072d144c653e3797f5a	3.991	4
recognize-more-paragraphs-06	e90dbe61e80d2681d191fd615c0f1b4858ff34308d1c711f7eb5b031b8ccb3fd,e7a98a21810a905d56b53d79d6740ac4869886769a0225c01d4b1ddc50ba56b0,c6e01f86fa9d468ac7b39f6f7d8013afa200ca28e8d9444bac2dbd7aa7486ca8,0cb61a5dfecc8422b98ee508219a318ffab202b0d5210d1fbf9c72752a3d3e20	3.56	4
recognize-more-paragraphs-07	b27b66ffd601b86dbaa10d1b210b1c56dca2075ff98a472c21a9caec4e17223d,5c654d7e811a7e7f4f125cd28910ac04a7b8d3a478b8517fd073623991434c00,dd38a3d7622e7e34d950eebdcd62c48e75bfcaf92fcd6350d24cb9c0ead02003,820e7f72637f2211d9692b1be9563a86bc12249ced14d83110dafd6a4bf40176	5.278	4
recognize-more-paragraphs-08	b5509e6f54bddca872b88fe683f53012463fec78bb46f02032c0251dc7a134c9,7f92b8598fce3d1afc53966f3a3c73380f2c98b138bd7af31dc4b5c77aff5f13,05930e1cac13e2b4be4902eefd3ce7e8fc81952112832a5d881fac575002f0a0,432a89c90b3d64d22e6cb0d95b507c1d9f016500b1e50e78c573476f39b88338	3.223	4
recognize-more-paragraphs-09	31a5e53eecdd4ec7ac37aae6eb69d75883626aa17821ad19754b22a5713284bb,e2e256e8d6b0e38a011ee0c457029dea4a339ed3e5190c89099fc2add6a4c90e,176178ebdf76be5e022297cb842fd0cee2199ee5cf8128669d5149c1a1b110fd,20f5c4636cfe78a338c254d517d33aa1abb8893c2952f5b96ed4c4627849ad2c	3.457	4
recognize-more-paragraphs-10	98714b744268fb55beee6500d01b1ed77ec6d6c16913232838280d32b711ffe8,2759102fd3152be2b2474990fac9440ec2761045efdf90dbdb1ecf43ec8d652a,6a27228197614b5c83ef26cf9dfc15353794778f23c7d9ada20919477cca45f4,4facdffdde34718ea50cb44d6fecff515a3aeaac662e837007f42ee6ede6c07d	3.862	4
recognize-more-paragraphs-11	ccb18320816cc5fcd0f20f925121e5e85b09624b0bb1115f87681b6e0d717c93,ac9758fb5715a103a3783862cc0e074912fc7715683b83f4c601542e05fb06e2,267fcac4107a07bceec5fbf9386d15f477c43ada7c45585fa56364fe787ffcfc,1beae4240ee138dd9cffd74665ae5e608770fb49b55c812ca4ef21e00f8ed7fa	3.818	4
recognize-more-paragraphs-12	f8365c857b397a33d2eca93621a008365f76ecdd012b6a2d4aacbf95a252360e,242580e461a589827536e7029095eea5c4757daf190646c92d6371c6e563313a,51d8c5ba4add006dfd6533b3186f015271685b6e26d3001dfda8d973eb0c6f2a,3e22bea0dbd5da8827aff5966f40de099283df095ad2840402c80764e22ed63f	3.649	4
recognize-more-paragraphs-13	24a49cdf81f0c029f7f4f241121a302d1223c52b071b2649715c5ca210fe9ade,6dd1102f690bf8e7a6d716f96713dbfe50c90a79a706b26530389ec58f3d94e0,db0f2c8639d01aca0fb5f2826effc95ee3be8b120bad8bfecd26822a6a7f327e,2cacef5d2cbd53afca82b1cc6da5f9375600fb12ddbf5cc73e2e5f776f4ef12b	4.021	4
recognize-more-paragraphs-14	e40e01ec476d8ec9c7a39e62682f3c828e35ae4e1320b793f5cfd5ff8293dc86,d23889f6928facde081e80af274b097dcef1ce87e4150f629fc3f4bc4b8b9435,770c12da4b391450dcac550535ed7fd7b942cc1a6a2f271fb51b5a8b09aa41dd,74e4db318730c6302e1fa571366bd562660b5737e0ec9fcb1f4fc7f4eba22b70	3.626	4
recognize-more-paragraphs-15	96d285fa5d9d0952edf1095bd65901226922a916e587116af63df129813091f6,2ab6d866edb0f9ac91e84f3af12f15152589f9761ce3a914de79f6a68aa2ca77,799a07fae51467f57952517e2aa1253bb4e2a7df86ca66361ca499f9cc33b75c,990b20d469d421de87df6a7e4295f5ed5586825773fb684a9be77c3305f623d5	4.033	4
recognize-more-paragraphs-16	b90c746bf09e08ea9c4b610b6ff4faae829071385fdd02ba22b41107ae467e4e,07e725a521206e4c9f11a63dc9b1e4444d30e4a03d7829eeca294f39fa357363,d67f6113c8ba75adc6af8b7c7daf5cdbe9afb42d3a676cde6a59afc1a71ddbbc,e423bf3bf0a4c690bcd01107fa151da574dbc53499bc9f4c1a874e6a518ee3af	5.588	4
recognize-more-paragraphs-17	2c10253dc91ac3245e31b5ff3e04994d0d8bfc30f357ebb44a1ffd90269c57be,e2a8447e30710a1c9586efde591cd3496228d4ecda4245d9e9ddfbb9c497e04e,68be081f95f66f50213556f155c468f69c405256fe41265d2b8c963d2eb959b4,6fdf0868b7b909d41c546969a174c000321c61c3b82756973b8a7d9dbaaeaa8a	3.724	4
recognize-more-paragraphs-18	cd8d49c77b7114458586a4d1243293063d484d8d8c8e6fe7fd62fc79f8345fb3,d2c75d8a42649e071067a92d3239cdbaa6210b80c43dc9c8b1922a8d82355fc0,f49ba056162b4ace474aaecfe474dcfbf1f5eb46da4d432e6833261eff2a4671,fe0b22270241923647523d2d77b2443c987d0094f246177d773c8438b5611cc7	5.124	4
recognize-more-paragraphs-19	9127c9e46c85bb707e6fff720336e413a49ef91d4c5058a11586e6564364ceea,89f61838d839a4da3ddbde27c96c46447eaf8b1987370d5f7e91c241c6a0526f,3a55bc9b74d5d47b42a50b2774efc60b815a9edfa12dbe455b55f45320f0e87a,f9346533756a33ea33dfc66e36b4f4bfd121999213782b132a56d38f70f538e7	3.264	4
recognize-more-paragraphs-20	4c6e9d8da1490042e02a2e895db94aefe9d8dd241cdf4f3e0232fff79678b8c6,c671cf34859641e766b448a92747ce4fcde5ba5f153429125c0d121b627d01c7,7cb2e9272b4324d149c844193f20d2bdf51c4a69a5295928689eb95408085652,b05afb25bc53981a7ecf7a38820e6ae989e298b0430b380485cb66ebb7271e1a	3.864	4
recognize-more-paragraphs-21	589be6ef42bef4e8e1ec9d5b079ce3845f015321f6bcd157bf19c2a945db6fbf,f9f114681b6b5f46b20d12558a2bbd66ae1c5bf3c033e4ba27a4ffcca191e101,db348a49203e79519508ffa1ad4b045a4e98c51cf4f8cd7c8dc8467691893a14,156de7108ea1f543654404b3d5849cd5e3cb5c0bed7412792e56f10ecc9e1708	3.782	4
recognize-more-paragraphs-22	51fa8db92271ecf8ce2fcf1b0194392ba4a0a810dff6b007f33f5dd41aa2d61c,23d64f39786c912e635f18b8a3d8508ad9c701fc8a56d26ebe87acd74e8fd6e5,a72ae9ed18c61dbfe683d894f88b6489a04b2e25ef5f36190235fd5f1615c5f4,c78fad448a2ea01f24b13603ecbfe548baa84c6da72d4eef3c02e4e2bf4c9470	3.294	4
recognize-more-paragraphs-23	08c2b0a54b0cf98151a77a7149001ef2de14efa5b3fcc3ae745492af9ef13fa3,245c1b6f23b1076215cc76d582d6100a5036caad28ff7c88a5325a1e5195f7dd,867d0b11433141fd5a10b22f6774d170cded7ef5b55e6583756fcd394f935a72,fa4557a83dd497148ab6ac5607e961aa02356fabfd7471d30f977845964383e6	3.978	4
recognize-more-paragraphs-24	152d25a1c9cff01c26e0838770a31120963bdbb08a217bcb51c3f4818bfcd354,e6e89cde7aec04015c362119f72361ad12bc07c1ca774f8adfe3c340390548bf,8682280b9fd7a60e15465eb215eb90e43bcc9b5da6fb90e2f7a514be1fdfd465,2785562a7e216cb1b22bbb07d36c03a43a9a48cd9ae0c5bb9fe9fbf9fc23dc81	4.556	4
recognize-more-short-names-01	db87b5a0255d86b3ea7dda99d2351e3762907b2408bed15bd1df774c10a018aa,0b09cb89a1baf69cd0af43facf6e11d07622476dda0eb6770cfb7999d6e66b51	1.269	2
recognize-more-short-names-02	eb9c2f70ae20f48621d213e18fd8f39e2919398e0469d1c151623f99b13df49b,7ea3c0390a37826e87f2c7c1400d84bf84b40562cd75ebf171e796a1090e28e1	1.407	2
recognize-more-short-names-03	b387a55e2c6077e670d2b95b57991735771e40e35dfc3145051885c19aca4f29,dba3ff7b9a3e4fa7a6db7597525be3c3cfe1d786ab5d123de2efbf81d3e17d46	0.935	2
recognize-more-short-names-04	c6139f37f5f4603fb32369f9cde7824d6cdfc400d7cce621d3c7139d290b75af,03da729f393ba0c5d549022099e2197d1a9705828bcdb7cb15d1a53eef921764	1.631	2
recognize-more-short-names-05	448190e8207c2c1b5400395bf0cde4853c983dfafb182d9d100e451a1614e546,ef7709d000a5ee0cff8be3c5b9e39b3c7365b179c1bf2ab16a123691894d1a97	0.938	2
recognize-more-short-names-06	d0f04eefc270a5397472b6b700ec92bc3d61ab4b2fc6831aeddab64ec07925e8,379b170116f46cb70a1ff377c28b7a9d162ba0e53b2d5fc9a98590376d867fe9	0.902	2
recognize-more-short-names-09	4a78bc8632ca59050d55281d22e3125b2e0e6f729a66498286ed2bef257102a8,5676b4479e40c436724ac504f12460211bce7f8b2c0959d40909ee11ae83dc86	4.021	2
recognize-more-short-names-10	a507edec05cb3b210cbc0db3b8a21290812ec38b6cd208ee9eee8fcb7184f5a8,21f53c923830213e0cacb4fdad2219ae476b678a7cddf249850d2f346699dd06	1.325	2
recognize-more-short-names-11	03ecb3c3aa6c0bb752d83d0925509e62a5d65e3c21e0ba9a0c78398bd0869ba7,12bd8f0adb1cbffa62e3979e01336fc696b38885acedc947844a12205c1a7ac3	1.184	2
recognize-more-short-names-12	960bac8a09c44200beb8507b4b2e33f252cc13fac8df9bb9f530fe95dd23c246,0bfa0c470028018aa83880f0f06626701e170cadedc5ef05dc3b12b8c1bfbbd6	1.617	2
recognize-more-short-names-13	e7127910d5bd7c72f0f2c57b38eebf5062db66fb4752cfb034749055962bd766,90962276933b71ca12444ae9c3135f4779ab445bc7c7fbc25bcfee9963025d26	0.96	2
recognize-more-short-names-14	c14c860de56694c0d53edb14942044b2d604e9ff6ec72dc97a26b3b32cdf5e66,f5c509317735c0b957584758c7fb09e3bf23a28b88c407b47a09bc86eaaab0bb	1.539	2
recognize-more-short-names-15	2d2db450d951af3ecb3fa7150fea353fa7a4aaf06604c9a5c5c46e1619c7822f,4aa916f40077ffe23ebb235171cb2b1bd6f2b6e68100fda0934cc3ac3034abcc	0.99	2
recognize-more-short-names-16	6de3ee8799467a2eb3fae32a55b74292e39bd17ecc6049a48c9a1a84bd750bde,a368b2f13cc8f4dc2429b4001878587d8f6090ff56f19a10e4fcd75d174aba61	1.094	2
recognize-more-short-names-17	db595b5a644ae5e21bef6bafc9e58917fef55bfed5459681cdcd5bf888ffd1c5,d6b9bd26d4b5446b1bf97c9efc947ed92cc1a7d2797b0f7d4108d82adf813518	1.039	2
recognize-more-short-names-18	8fb4117586a1c0d0d99898b66a158461b3866658f833ac5cfa47176549890bc3,b1d6d3558e9b023696a88761b7f1ce5a7c4370d2da241700b1b75c66b0d4200d	0.879	2
recognize-more-short-names-19	eb62fc39214f4b31fdd28731136e944f7a6030c23efa58cbd6c012da827cac0d,02c8d6d320e78ee76c049c0d7a96e8cf214b6ad73e4ce4a26fceaa1f69f09b26	1.552	2
recognize-more-short-names-20	31dd3cbf5a0df46125156924cfb89f8827bbea1445bea418396401325cab54e4,f10071de1b2a60a22aa7c829bb1bc4f3ee6b7641e4ddc7d00a12efc8ee56cc73	0.824	2
recognize-more-short-names-21	7641ddccc61f09d63d039a1f80e6b7ea9da6d58d486f35cb81269ead66024c12,1387a1e3dc3596d8ee7ec8de407dbff1d4fc743062d229d440539c478d8e54a0	1.211	2
recognize-more-short-names-22	da873ea3257d9f67d638817c4677ffbb454d6f1a2731140b12246157e7da8b06,e79c5e12a298eace68981007fca4cdf9a3b1f0a437447fdc7cf4886c24f5be47	0.921	2
recognize-more-short-names-23	e2c78c6e5630f838d6bd5dc1bbab6c68c62ad909675a765e1ba0db8a61940a9c,d799a028c011f0df2ebca94b74113e65f3fe5d3c079392630bc34b58677b4eb2	1.355	2
recognize-more-short-names-24	d6aa8458884951e3bb697ad51989d7694aa0c00c5b46c1ce94c0664668f3a93a,d02bd9940cf41fcc6ddbce26abcc07000a0e75472fee6d265e8da465143fa231	1.003	2
recognize-more-case-01	3f18ec2814910fc0b04fdd1461d2ae1b20436193628fe4bb66a135c835ae1d9e,765f67661e7b957b5286b55fa30263e324d6835cceb792ac4898d5f44f363670	1.704	2
recognize-more-case-02	4e179dd3551d80c0ed2312e0a9ffa946e1d9abc02e81f2be12cd5d21ca1dc0ae,b9278905c367fe12c740a13fc5f75b1702d30caeba615ba39be095dac2090093	1.163	2
recognize-more-case-03	4a9e1aac8ed898485de4aa74180069e28ed2b985dafbe4e8f1d1046a9262e2b1,234318d2f8fa9fe57d36419efaf74eb54f07656512554f06f32433eac4b66d08	1.242	2
recognize-more-case-04	d32daa3cbd1caadd73cc7985a437030d365bab2cffa55b9de86fc18807ba5889,1392b1a5ae32c142e8c710dfef68ffb7ee0d8cb62f80e6144fe3807076b5e2a9	1.457	2
recognize-more-case-05	d9b674fb6b04e21a007a28d26a83ded4f08b75ded5aa0cb8e84873b998fed796,07c28ad941eae204455dfbfa92eec65b001bbaaf5ddd0db9a483f171e1e88483	2.377	2
recognize-more-case-06	f8cdeb224a9438f13f1f54c7b4ae5f1cd7cc1e096950a1e28f60a0c29cad161b,17ff47e9e0173e226980b0e076776e578933fd903e403eea10ed4a1ff677f5c9	1.456	2
recognize-more-case-07	fb38ed52d728fc7f2287a57bab31c901f5f0c90ef52fa7f62b98f50d53991280,0d05b62425d94a6d73e76582427b84598f43836a8bfae9be41b8f188c3921a4e	2.522	2
recognize-more-case-08	a620e75ed7ee8fb7863c3fc4b39c52a468660c7b50ee10c205c814527af18db0,a442d78db3556fb94c4f1e5a30bb85f7adca892cfb0826a4dbd58ff8cb467e74	1.214	2
recognize-more-case-09	7f1bed0cc7d1b625d437e01fe5c5639fcf43dfb7cb5958d06c931a1ff2fc6702,58ed5d4e7b6026128c036323d020cdf089a3f7a0435cb384a4f8ea5385d3e8e2	1.648	2
recognize-more-case-10	48c04a600f0f0bea5a03b7244753265c75be790bfa29e24b195f180a07a64504,c78552699ddc81e5ff51468640522fe3873c89bdde8ac3ccdfd9f5dddc4f2e9c	1.092	2
recognize-more-case-11	ca8eb1d78c87a8466bcf93f6617af1f602aa67b8df9b8454ebd9d5cef0fb844f,f716480750e98e9c1d915dd0f1c40bd389a139a304118c7e75e9700cad3acc23	2.631	2
recognize-more-case-12	ec4391314b7ef0805bdd2bb0b0bddf1104a5032af553a0d99289927e2af6010a,2d88c5370e8e1c314bac6b8cd4ed6ea9e5514fe352b25b63228e3b7cc52eff06	1.284	2
recognize-more-punctuation-01	08da3d3892e6e70700d53340a024ade47727ded811ec5067c3618b9b84e24a8f,e8551ab9a5d2aed31b9bbb04495d1a017e6102b2e2c7e5f994fad109a7afb4bf	1.828	2
recognize-more-punctuation-02	5f4bd62190b28bb15632921f4752108dc6f44bf8f61ff1b9493285de833e85b9,68bc9b3d5560871d54fbc207082b9a9b90b6fd8dafb9adcfffd163112548d91c	2.225	2
recognize-more-punctuation-03	cf6f7c813d2117bd0b178f2045612837275212b2c8950c8d8aba3c315eb5d243,459e82b9cce3c3339e490eff1849ef8d7856ed9e823353b85605a2250ec13b8d	1.49	2
recognize-more-punctuation-04	3f6e4cbcb2fdbf81e6d61e5e40c3c96fe0afc49e8d6f53480b8360a4087fffe7,34d23491e826b9e161477f0653a2ae67cb005b056fbbddd97611b25493330ec1	1.947	2
recognize-more-punctuation-05	8a108eeb40476de4799cc36b72b45da175bedc514cc690b64eca68142a6ca136,4a7fdfc60a3b4cfa511fc75bf922987012001773d094f5f6d6186accbad1d649	1.592	2
recognize-more-punctuation-06	209ac137711a699c58b2a17f67ba9a78ff679cbe2dce85737eca918e3c35c832,b13287b5ec171c29326a43ab29de00e856f5ba8533b15ecdeec17939c6a06bd9	0.958	2
recognize-more-punctuation-07	e12dae79478b944b45d22cac31dd0f823216c687e78b1c109eb197d6c7c66cbe,835854ac5ed5512893174ceaf0378acffdb719345312567a54a4b2c842542d66	1.901	2
recognize-more-punctuation-08	5161a501c77b0b98ef5d391fe738c939fc15711130a0e83750decc783c7ced67,c9bb165cf8961617e47e5d9fdc02ad621125bbccac01e2eaca3af737c41f74fa	1.91	2
recognize-more-punctuation-10	ad08bfe606e18bbd8cab1a1943a1a40347a4653f55279d3d3571f6794d8c171c,0817b5913e763c7ba8796965b57ad17a4d85df53b5193666429b4907a22f447b	1.457	2
recognize-more-punctuation-11	f3315793b889224f3f440beb1b2913b91c7d18ea5a1dba6f23ba1829742b6dc0,e7d835cf0b7dc36e4b11598f928832c574fb3bab9060a08a9b62de39e2d7d340	1.271	2
recognize-more-punctuation-12	0e372cc5aad1a0db531f2f78ab57fb9e5ec40445c32ebd45ff8d253037e6760f,d3cd54d5b861a38a27dc844154f43eb69306508c87bce2d9b331d4abb3057e6c	1.694	2
recognize-more-punctuation-13	82a19cc419d83094eb0a7772c4693cef1a0302d5b6ea9984e020405c1f3ede07,57d73aabd44274187f0748d8a90ce658f7be061ae16368c7d481e4257b7c4416	2.603	2
recognize-more-punctuation-14	5ac076dd99666386f54540f1e2602a1c3a7bdc32ead5a34860d06b2b1175380b,32f6706089379b9c703635eca9538bde6f70063c3ed431fd23f14c72a57444a0	1.489	2
recognize-more-punctuation-15	73dc4a0d372541f4bafc41f3939c40a02f6fe065061ea29e163f3b8a4c541dea,9ef84b217fb72532b2b2413cb0ac48cad681857f87567c081b2099893dfc0060	2.029	2
recognize-more-punctuation-16	f6e4b376c444260f0a52317c8f4846d52baa036d1b1e519c04d86644759c5319,a9b0fc3be0b06bc825fc6b9fe4dcc30431e26b8519e4b10b84a46cc6c7f29431	1.065	2
recognize-more-punctuation-18	8f79880f8de4ece99ad8a43c3935201d0cd30b2e70d1312ad736b032e3d8c2d9,e25fc9a3e3fce38e44f89780a429db89c7b79020e0d2c4fa51634c218fe3e5f2	1.355	2
recognize-more-punctuation-19	2ba82b6665e3af3c07b9f4a3b7a3a96831e0ccc4349fccbe20de24c21a01e3ca,c128c51500249197dc63757b372beb7f4829c58b3c8289fc311ad1c916e02ee4	1.637	2
recognize-more-relations-01	d855f9d5068f7d0682ca17a1ea5f78e35e8b696eaadb846831b790e6b94a0f73,89f34ae0aa2be799aea1d926301677677df2a7d270ef3c4d8fc5882bbe440fad,50030365b46cc45a72b5a3a634ea5204b5364a7920facb21cde4b2f68a2e3aed	1.31	3
recognize-more-relations-02	7e41ddd5f72852cbc8b79af19522f21f35f5b319113344fccc3d49c3e8dc6045,c912de0647017465ebbd02a22a8b3df365f504c1104f4904efeed647e0127f73,28e671128f3aef51279f5b35462b813e2488d7163c41a3138a79c0969c750e2e	1.349	3
recognize-more-relations-03	340b877c80e58f6402bf2038b5db5808e7ac2336eeacdbb84468ab2ec10a9bd5,69658ca6e9c1c43aa47c88326d4b0ebcf0cdbb03022fd350dde7ef26f549749a,7f5136848a576ef90c6d8b085543a0fcf436debea8fb4e5fc1166db4c66882da	1.427	3
recognize-more-relations-04	e3d0753ca2aa40f9b0a0242cde42d47f2e2f8db2104c735c000e6beff8374b91,b213d08a448a48a2b2f213cb3cfe2c051a899cbc58239175af72b419f222f4e8,8d4da7356bb6954db9e4f34ff94b32c214beebdfd4777408fc8c5efe052f9ac5	1.089	3
recognize-more-relations-05	11796775baa12ccc175129a641aa18c865d0de0f42d901f8b643f8a7aa731b25,f0838a179021278644015301f4a6a305c15ed258dd78031f4656a057280b0e0a,4d244ea91dc9a93b6d55ce29fcf83a777049d2589ee8d40e9524657a9a18c05a	2.092	3
recognize-more-relations-06	840a8b36ce633d1940238fc4647bde2e62a683c3c12fa9af95a1ee2f636b548d,d9a01a0443ba5c6375258ad4046183ed24bbb538af2fdd66275ebb346b5d240b,0a19728edbadd74dce6c4610d12ca6146e1027c951f955c351764d905d699d9c	1.216	3
recognize-more-relations-07	51a14b4bc26b4a09ecd5a32e1f086c8815e550f383ab4d7d2262b78c60bc06bc,b2dcd21963e4b5f2a7b2e791898e801a0721eaa70a92957a03ddf986a4076891,715efd3c04f266ab9b40851a3298ff33b456c91a7c9a4c0524580c1b51ad0fed	1.049	3
recognize-more-relations-08	daa026c835658dacc2213e7eab937d8a556380c0ff535423bd4cd143d8c5a371,a2e7eaaeb3334a94992feece6c1dde3c626a5fec50ce94448caa0cf524f16921,4d870f5bab21ccf9d7df145e340f8039b32f53f12359e056bd7a8aab234f28ca	1.352	3
recognize-more-relations-09	297ba6b74cb1c1c946e926f2d0874f00bcbe8ade0fe42e423804ba1e2698a4f9,e879b50d930736af3ddec1e4c9b654838573a7a3529d3961ee3af09cebbd2c1d	0.864	2
recognize-more-relations-10	a804e008d4af9148eae62d68b6ae7e0aea401630d7053952a599102c7194acf6,4afee0205f483349352d7093b3da4a8e639ba515e5de333302efec82c8428eaf,3fcdc3756d87cfc77c4a5c24b894949b89a43bc72da45e595a9aac824784b2f9	1.6	3
recognize-more-relations-11	353d273f9b60bc4b40435609bfd7766a87b171dc724a1122e37eb128fe92cc91,0e660ced7f9675541fa0df256c0674b55808e0528995d5bdc6814e0d29e977ae,8efc225e3a71b7c6f09bbbe02eb0ebbf771f92fee38116594e1fd0df11cd69c5	1.134	3
recognize-more-relations-12	8d17dd163ccf452a188b0e3b32f106d552f6066f6e7d2bc1c1b9221828aea0e9,bb70d73b31568ecb8ca5801146d58592e071593b45e2a0d309c621253baa7163,0adbacb70384a9fdcf43ec107fbe8e289722f47198d717b3977c285c82fb4408	1.249	3
recognize-more-relations-13	17c421b769c9347f27ca19383b077e4b9ff5f564570e90f7b1e68d3ec622a42a,8a9a88edefeca963bc39430c5418c08d20005ed1145c467084ef49c96ffd073e,1c22e71068eaab18df1409335fdfe90530b3f5b399b5f3440d3306a1aad1333e	3.005	3
recognize-more-relations-14	691c6953b722638bc2449b7c0536d78f729a43e867f5980352d9239dcf2447c0,5e509192c41db8b7447a5ffdee47ccba7211b6a1cf1a66014e59b22abdad0aec	1.141	2
recognize-more-relations-15	07772256d3c349a2de03d7c034b4c336cb1ea934b95ba29e0b24b25e0977db31,83e2f3a4fcfd82eb0b27bb181420c9557768035a023b73a807c127c3b432add4,d8c4f3f2483ccf7b687e7612ad09b2b4fbec62653458c0e9cb145fd5100beb56	1.217	3
recognize-more-relations-16	cd91e6d902c17e7d4b7cfe590fe37e7afe11b0cd0468bb4616db6c30d4794896,f0d1fb8bc931bc3a8557577d501bebf3aebc96c94ec76ab8eae1fbfd78845573,3b50d19fdd72405319ba3712eacdfc5c61e2aea7404235467cbc8467175f1165	3.641	3
recognize-more-relations-17	5d83e1c25ca55b905f630f23fb89ea331878c211ed1944f7085d7897c6018c30,7c3dafc9d86b0e5d8bc0c2c3e77703d0852cb053d7ec600106d1f01dfae04020,b6181f933ad7b87301e38e2f4fc4fe6660b4a8bb69676ea9dde761c985d0a5aa	1.234	3
recognize-more-relations-18	44f0a5bd3ff707ce99edb9790bd7db564cdace69ed267d444793b20b2d2a0662,cdf2364ee74d12fbfc1e21f5ca1609720c98bd886ffa278b206213103afb4915,be2cd99175284bb2b8b3af8c20f7319ea552010c4e583df1f2304b4ee0c94e8c	1.163	3
recognize-more-relations-19	43e59308c2889523b95a25e7cf7cd8176585bbf645a7ba1dbe5dbe545344b70b,300744d36bdb98e08b07969da399607fa3d615e4be4cd1e2de5c4ccbf0509076,44f4bcf2e92c41d905cfe6e635bc73929e2b0274946f7c2b632ca1947c441735	1.354	3
recognize-more-relations-20	93558f07ad936fde4225283186a339792ed529c588a1cf34ec90b9eb68ae14e5,27ad5859f8503136b427a356f1dbd4fea29e8006061567b397243b55cf9856fa,1b0a986b0298df00641e86a47668944a0b832b1b4fab9fadcc4b9a7dbf280f11	1.315	3
recognize-more-relations-21	dda68c29e5856fdab6999de03219e10775d79cb8ec24e5ba62ef52cb10e6cbb2,b54e27203b145efac15b7ef480f1c51246c7d55e30bef92a6066f6a9c8314f95,6c5d5cc87d830aa7e82b1b6264d4ef2cd20299a929545f7863e59068d40480f7	1.328	3
recognize-more-relations-22	eac5b0fcbdb80d153dbcbfeead2eea4e2f66bcef983f70b3011802abaa50f710,fd4715d3cd1e52ddf2da63d25e3ee19653c84e45b6138ee2c4e42f0b9a6c7c5e,8c1c279a8dfc590aded2bbff5afb300259938838fe5164398543d78dd7589792	1.324	3
recognize-more-relations-23	61146500621d5d730a7cb367b8f5747e455c291684546324986fc803c8dd38b4,a34b58a20b26c8d48d9bd3b15015d50f4010a5a7c326362abc896754b3b5266e,28e1db730db53e4b923e79624ec7d5d6ead132e4355d038226a87817088c1999	1.54	3
recognize-more-relations-24	c1fee27e31ca7532223bc5e94fe1e42e312f9c8758e0f21c5d16b5b355935c56,1d1b3427fbc0dd95d007cae2461f5cb3645299c80c801c5f11541da15434c3c4,3ddbd9486ac5d592af4c555da01c339b4ae83358ac379cadea826f34ac9fa515	1.375	3
recognize-more-relations-25	4cc7ef5e7e37f3ee78edd6e0b7b452c4aa13a28b5aab2efc3b70314973f02e71,3fa5d83c1067b29317cf20d222b41a32d265da556e5a9ec66aa97bf6a9be1667,99af00a839bb44ed24e8ee264409ec4d6f9027301f215ac6950500ff266461dd	2.123	3
recognize-more-relations-26	5e760bdf66f86b285e0c9e970cbb9b67e112e571721ba217c58fa3e644da23d9,30b8022875c9150ec3db4a5faea0623da62bc9954ce6241b9866b403997da1d0,8e5590bc0be298de6e58a13c52e27560c16a7da2bb63711ca01d94365b169699	3.247	3
recognize-more-relations-27	edeb36eacb64cd3998e4c81f588b6eb1142c724c6d3507ba3f6ee596f93320c4,9182d80f2a3f4e821efb3847cb0b9fcc6827146cf9d0ad0397ccaf80b6429db9	1.332	2
recognize-more-relations-28	9bf3afe5f9b067f7bea349d95051ebd6acb273bd7cbbfd6edb45052491faa5ed,b97fd4bea512c3ae15d3747e17ebd89e74fb606a443f59afe53f5c19e0913368,44f3028ddbbd1838895cba6e55dfa13b814a83b5e5c4de311e85a5e22d0805a3	1.935	3
recognize-more-relations-30	063a3d76e83875f1c35cd4237b1de479573a424dc91e264114f2430b92f87b40,0a6f3b3d24b26e596061d45f01aca161a15814b3bf46e3c040fea3185c32b91a,f1ce016b4aaac3c2fdaf8c695d0c905f781b1f4af5c8e885b36ffda9f35f5f98	1.84	3
recognize-more-relations-31	4b291314c02c9d55299cdc7b464e849480a62bc24e1629a11755dcddf3a3f43a,3bb54c55ddc77d44c6024e11c125b5ef34b59edb555a8bbc1f0651d48a441cca,06dd25e9dc532d94471fe05a29e1cfcb0eb835a9baa8e75a349613489b7ede33	2.145	3
recognize-more-relations-32	f1417304a3bbd8161a54f57614f69e9357129e83f2e1ce7fe597212b480290cd,7f52c8c37e8eb6d7d2ca0506db99f246d4c83fee5f9fdb0631573e5e54429888,f3b7f3afa1caf7e53e853aa5eacb88cbf6222ac42eae3c04ce519ff58bd07c21	1.512	3
recognize-more-relations-33	f43e9f9db2d09ebc0a2076611889cc19295e6aee09f206a027f62b21620630c2,9d569ba4807884022f8fdc34bf057b9c1d7ac9cefc6fe37e9abd25816cdecfcb,ef92a2b1052d3cf8da56b6d68a79e4e15a6604320154171639d5d011616ac175	1.61	3
recognize-more-relations-34	6cc2190f89faa777ef6701013ac5488f5e6e0449cb74c58be32bb4db7ff50a4f,19775feec46d5eeb1808b2665d6648e49042a7026f5bf60f7688d9c64f6d71d4,aecc0909103388436cd89eaa2149f465eeddef87b7ca09802058e785468db419	1.597	3
recognize-more-relations-35	02b2e19ebffcbab4caf9a2218bd8a718c65b39326077bddd8327291d246c5bcd,0c452a0cbd6d6d02ef2a7268e6185ad4759a981350276f451edda6df403d7c2e,61e5ee7cde4ac052f434f73f833ce64c04bd8d050fac046498ed384302ade462	2.011	3
recognize-more-relations-36	a0d2d1004620e6caf88fd39c188abf11384befdfe96742c51ea8a4909d708d34,976506faf960852bfee47523a547ff35145180aabde81c1f1512912c186db1f8,b58bfe3a039ff2806b15c6418645240e81ab3e9c181b5b230db971120b6c8b5a	1.347	3
recognize-more-relations-37	6728dab3b126ec5d67cbe808a8e9656b6b233e9da13343f80eb4591d4bea1e22,020392d48c33ea92dd601caee4e88ac826cfb571c3557a0e0d5d390defd5f111,e7dec7cc21d7f03a0fd1d0aeee046d9239835d2b93dd9cf3d035ad7eb234db69	2.219	3
recognize-more-relations-38	0e84eb97f133b8a3171b6aa2142b0d518de661f11f5442604e39eb3f19f061b4,4983be148ed7a6f3766b308c3f3619ce2391c0873988c7a3230fb610abe7946b,4de1269e2cc020724e749e2302563ed64d009835d75273bc9fa0b7090357b598	1.57	3
recognize-more-relations-39	e1384229a2423d503d01125becc2b67a908dad8ef459552472d0bbce099dc5f3,f9f5bcb8cf713f63764109aaf8b93085a415f43e7072041c5637f0541500de5d,95dd2ae3e3eaada01479e4b20469c5976cd16649dd9883ebe06ff9c4fc117aca	1.804	3
recognize-more-relations-40	d66684ba97182bb6e2f0e24ae13f80371ed49dac5aea1794013cfbdce13cf36d,5f87b94211696c873f291d53175b1d4420035a66bdfeff225ffd704a83494a6f,d0e87e17ad3346da5ca84944eef99b88f4a48b8cc404c883be1dabdbfed01208	1.69	3
recognize-more-relations-41	e25b320882178164e08fbb0b91caa4d9acd3e8ab00a760c1da5d0cfea0170611,14863f8f1839fd67ab8adb28b4d05c6ebd65c5f131c1ed830a63b5d90a1b0675,54943c9e0c640569831bd4c9985d164fcabe536fda7f4f08c834ed02a74bcba8	1.558	3
recognize-more-relations-42	301e7ae5640ab3d0041831aa6c9610fe4990540275ca82453ef2ea391de4405d,f15d2bb36ea196b4eb339ccfc636099e6c71baf2b332b285c14fb8bee40ce3d3,f2929b029bcf3510c10771ff1cce23fbd06f3044a9c4e954e278ab5f1c65951b	2.377	3
recognize-more-relations-43	8be161b24be80bf203cbefdea5bca3195b4e9e7724b4309a69448dbb64180807,fe785c3fe3f21cba30a60ab5995579c52ff94c5f666588e9c6713cda942ccf20,47b0ff7d883daf4866f3c261a723fde9330698f68aee12a50a79c531ab7e8169	2.062	3
recognize-more-relations-44	25bc01bfb32b3d0b048b714a6ba1d5904e88ae24c64607aa14691fb98f127be7,f4cc22fd7506714eaa5ca95479c45e746c71611dacd166edbe6bc877f79dd14c,766e08538767ba01439f1fd4df4ba540e7e33474f78189a0971721a524d7b62b	1.334	3
recognize-more-relations-47	a70b459913827135659a88a7d2482220ea67331d755d55fafcef976d56f093e5,1f302bfde0117b53de8fe822918a081ea34f6acdafb8e9419b101dbab0213354,b7351bc0e8b427e1bf2a5699ed255f886ca85090c44c388d04d0ea0a11bba263	1.385	3
recognize-more-relations-48	90401c5a9bcff60e85ef34ef057b775af0699cd78080f56f66f65e1a39d2147e,0433614ae085a9327ec979a2b907d415656fab98186d3640362ed3d62edd5ac1,1c1234959d5027a61f0d43cd3c83e89d798acf507c83f3ad9726d7dddd7bd505	1.385	3
recognize-more-relations-50	103dd90423fae8b0f29953a184009188e1afb831c4b7d4dcb052770d83908110,8f9c2f534b8626d3a62bd0883eaea029b92aa28c418825f7376fd4d867814d59,d633fd17f60109934a3cef97b6b2202a3c92f0926720a10c27c96296d7c93c0f	2.351	3
recognize-more-relations-51	a55af63da0daff7d75f8d22b0de5574ada0b3a4459af010d1fd6b826c4086e4f,541bfd0054fe537e18da4d174248f3ae66119f35fc783c4a21ed4534ad496c91,5fdce600d83c3be689d4c96ee3145239a4e92ccf07c9eb48c4c2e9ca8e1c4dee	3.454	3
recognize-more-relations-53	1e306c4a040373ea27afebe014f6183467d5e44494343f77394b17b0e8e83f6c,97ed4fd76ca44638307500adf9fe1249fcb7c7ae0d3f63de1011173c740cb1f3,9346ee946f26afc1994229a3446441b6028d8cadfb02f1510d1819b5b3fc4c36	1.739	3
recognize-more-relations-56	1a83cec8662d865f715191f62e9e9032d1a9a6c21730cb0252e521f2760e5ed2,72bb53450db1eb20dd212fe2dcdd399ddb9f067a3aaf26252f6e79cb2f1b40ed,0f74dafda6043451f21b9e8a4b8770c4546dc013fdde913cc651cef42bd23474	1.542	3
recognize-more-relations-57	1680c807f602610431f5604fce6147c3fe945fc9a548031873f57f9c766c2874,5496998b00dcfc3193edec5966044151a5e33c3df95c4afb7f15d19a30e280ff	1.336	2
recognize-more-relations-58	a5823b05bb0f7fb853528c8980b3978f94c3822b66334f16ab515e350a595779,24413bcbea72632969349b79c666a084f9749057a4a314f919b9a1120f53c059,922adc73e48c0b62a48c6c1204f3ebdbf8bd7674984b8e31ebf7dc83655c3111	1.399	3
recognize-more-relations-59	a107dde6ff00673ae1cfe3886585c9ca6f9d8c81f3df91d989bb9113002ddb47,90295cfeeaa81b9c3a5b1ad68db53548167e699b7d1155385021231acc996376,29c75f37f46d2556bc652208a1d4cd68b48800a696deb5bc35b14f389b56a867	1.751	3
recognize-more-relations-60	edf399e780ec4a9f24ca1c2d4a079ea18a4a6c2e1a53574f660ffbe20410854a,4afaf00876359a0ba7404524b887f43b15796b86fe2a6cafa4f591b0daf6c802,745ad47be65f42e765cf81878ced7bca774c437aae1e703158f664a9e5513f36	1.443	3
relate-songs	relate-songs	1.369	1
relate-solo-01	304cb7ca6dee44f3ec56c6ff01d862b28cf980625b48adba88d5f1da672b841c	0.973	1
relate-solo-02	ad04aaf1a6bac941ecdeb14eb20f2a5e2b9e387f19fbbc8aa4939b410d38d0a7	1.041	1
relate-solo-03	375aa0866fec13afd62bd4727dda4097be798ba643171f3d44474b8e25eaaf84	0.496	1
relate-solo-04	4f10d36481f4b27d080cb3541123b327e5f94957f5bf477d5a2c0204b1ac320f	0.746	1
relate-solo-05	e8b5a16ab4d2c87fd0689eef332989f00bc0293738619488c535246898c38db2	1.047	1
relate-solo-06	5ab91ce935467cfdcf5a201f6ca2220279767884e982ceff2383fbf8a773b2a9	0.97	1
relate-solo-07	bc11f02ac2689b25c1321790317f4b41812e7c21470ab46df1669185429d7940	0.778	1
relate-solo-08	0c952f3ecb0b5d0304cde69d6920042cfb9a190e4b890cb5ac1802f2559c9caa	0.541	1
relate-solo-09	be63230a75747566c6ba7140bb27bf00bc0ea204c6ad428ca31c014966da6f29	0.557	1
relate-solo-10	f1408a7382d4cd58f44ef17448233e5baaf340ad6d564964a8c34896fbbdaee9	0.715	1
relate-solo-11	d5c74537edba88b9a2c203dbcf8aaece0574807230ac782ad79b7c204a84abde	0.464	1
relate-solo-12	b5a5312c2e6a006a32fe53db728cc493f677c681435de84af1418a763f49f0d6	0.836	1
relate-solo-13	991230e6848895e540e8df7481f8c345eb2a8b1794ff101b1d12103e6631728c	0.509	1
relate-solo-14	469704329778d6e865940f6cba0df8bd0f0828517e773c8e685424bedbf7530b	0.919	1
relate-solo-15	732a483b1908d4dfbce6477f440b5c935d78bbfd67b43d7e11b0c5d4a4fa0bb5	1.111	1
relate-solo-16	9b967d83f388b1f3ca3e31591db80b5cce378b9f74c6b614ef9059d3cce5d1fa	0.918	1
relate-duet-01	42106098a664f7e6ff4c84aa0b4062f50a932d31534a554d53335bc5895efc28	1.269	1
relate-duet-02	10339018d16a94680d37156a0ed5ab1eaa0bddc067de3013da3fc02154fc6c18	0.479	1
relate-duet-03	867391b57d496e963d8b34b7d0e705823b89d936ca8805f9d82f852b6305757b	1.244	1
relate-duet-04	65351e72a5ed448c629d07fbbc900ce1bce0ab81afd1929d714910bfd09d57ce	2.152	1
relate-duet-05	98054be2b5a4fbf9c8952f79083a7f3a6ef2bd97cf135e73743a02848793b9f4	0.566	1
relate-duet-06	a5df02c75b7cbcfba663cc13c892a9281439b59429739be4088667bb87c89cc8	0.827	1
relate-wrong-album-only-01	18e4f4b3dc1cec39adb0bbfb94b21272fb31dc983869a5ea5529b00277b7c843	0.503	1
relate-wrong-album-only-02	103b463bbc8b821cb320d853e4ca9b37cf52bd934486337a68592f9f1b12a12c	0.785	1
relate-wrong-album-only-03	0647fdbccb62968f975c3d35f81fbf4bb4001379c99aa2ecd17747c10e214577	0.933	1
relate-wrong-album-only-04	d121fe0919fca56e1b6a645d34366a4dd0dad5723096512463b5416ea7de7129	0.478	1
relate-wrong-album-only-05	60997c55415dd338a7a00d6d5b49767bfd18cbdebb78950267b2945f6510b5fc	0.764	1
relate-wrong-album-only-06	e809d57c75aa68ef5c8e8a668ded2c136c54ad6ccf0201c3556e43c2500d5e2b	1.082	1
relate-wrong-album-only-07	f0dfb02a9804329d9398647c0b432d1d4623f271c76eff7daa86865ef4ec195e	0.497	1
relate-wrong-album-only-08	ca5e68400711317baf83e771ee66190e077fe8eaca494c59fa54ca7ea0f8e9cf	1.254	1
relate-wrong-album-only-09	a4305ae2ddcd8394fcd96514e3608bba02ca6d6362cdc10fd8ce4079b2de6c42	1.626	1
relate-wrong-album-only-10	b1a52a4bca73bda28afc944da61e3dfd1a60bd05ed81799e5b2010d40a0108d0	1.478	1
relate-wrong-album-only-11	5ab0ee5b714e720f773c1296fa79fb6fc68369b25100f78c0b26896d8cd994cc	0.852	1
relate-wrong-album-only-12	5eb2a7804687487ad022165695ec1acf38b96f8ffe9ba2f007a9eff7e655ec66	1.023	1
relate-wrong-album-only-13	dc9a091d6f29d68153ec988a84e95e77fb37cc20193e5edf6f36a72d11ed406e	0.512	1
relate-wrong-album-only-14	2369aed538408b5a895fd49aeb1955b24bd370081283a81a23fabf6081dc05c6	0.857	1
relate-wrong-album-only-15	147468759cc3f95c81e6175c4550aff942f65bc3f0d597c742c4fe804cd604de	1.012	1
relate-wrong-album-only-16	6d4ce6f48f2d34550b04b414b5a4bdd5ed25b773eb647eded9a20ea6ec246af2	0.543	1
relate-links-01	relate-links-01	0.154	1
relate-links-02	relate-links-02	0.242	1
relate-links-03	relate-links-03	0.171	1
relate-links-04	relate-links-04	0.16	1
relate-links-05	relate-links-05	0.153	1
relate-links-06	relate-links-06	0.156	1
relate-links-07	relate-links-07	0.155	1
relate-links-08	relate-links-08	0.149	1
relate-more-solo-01	fb50d924373e6e05244b6f769ff431cab3a85f7476890656275aadf36d1ef4e4	0.777	1
relate-more-solo-02	665cbf254f8bb08b2c1c35fbd8a2c186a4dfc3cfea46b3131614ed4eaf34cbc2	0.791	1
relate-more-solo-03	319d8b5c0fbc8ad207affbd150c9f832530711972f1b75031df4c68a49683158	0.52	1
relate-more-solo-04	ca74868325bee18c4bccc6a2b1fed0ed4598c0c34c99ec5bb0dba1373c73b3d2	1.089	1
relate-more-solo-05	ba3fe039a648693a844aab9f6aa8b7a6f3a343b6034c5866b7adb25d65fa126f	0.482	1
relate-more-solo-06	590a065b1da62eec8ead320b6afe42aa6c8b1f136f255c54606dfdd7a0808135	0.873	1
relate-more-solo-07	d39ca5a920831add743b4e22d760e3e283ae6c80451d16a610ed7c15ec6f56a5	0.951	1
relate-more-solo-08	fc288ed3c1aa0b3f2746c4a185802ed199b2117e753d89f904ae9a6aaf60dfaf	0.473	1
relate-more-solo-09	458735af7369dd8165d867fbdc1eb5b143a2e1441700500478251b53b4780f7e	1.001	1
relate-more-solo-10	24ab19741a1363e59e9d17e956082975db66222e5a74825b6421b2d530d91dee	0.79	1
relate-more-solo-11	d679d97c61bde31a6b72b4d4011a797d017804b794ca1d3a0db51e081e8b66e7	0.574	1
relate-more-solo-12	ef6a9cb4d11f90a165e197e3f744383a42272d4f475e18871c29b1343445a075	0.971	1
relate-more-solo-13	f8b834ce877478622c0fd7c29fa5447f197f937c8cb4031a4723f22fdc951ea4	0.866	1
relate-more-solo-14	47039ce1f2282bd4aec5cc2b1954b927da4b6e60ee453ed00aaf31dea05c4b7c	66.647	1
relate-more-solo-15	0b229e78d86497900f71806f4becf4c96bfbb416ce69ce97bcf33d075c3704ad	1.546	1
relate-more-solo-16	33955d6cb9592a33dafe616c19c24eaaf447dc0bbd0a85d27eeb4d95eb6d751a	1.068	1
relate-more-solo-17	6e25dae99bd03384a397723a9425cb90d87039c92cc0a38aa1975658ce85e6ed	1.164	1
relate-more-solo-18	75be0b58444a463e10ece5db1ac41202268488b9ff705bb679f3904226f60ee3	0.737	1
relate-more-solo-19	d2e179ac02a62de7e60a78abd5ab37332fdc2eb5d67de4114c45b059398739b2	1.452	1
relate-more-solo-20	ff143315067fece55dfedea07244786e038b20a4734a53a0e946d88408f576c9	1.125	1
relate-more-duet-01	f3e6bb8650e148edd66e0a6e4fe2e48360409ddb62967ced90b8c14a029f780a	1.152	1
relate-more-duet-02	86fe95604d40fff03054ef8b695c6c9214d0f0be82c28caa23bdfe7a7b49e32c	1.07	1
relate-more-duet-03	db9f07aa462fdb83cfbcd26443b9557863527d211dd26160c0616cb74266f543	1.571	1
relate-more-duet-04	3d438b74c04cf1c8f03a1e0c8f0b68c2aa8ead06460d909ee2236d9b72240877	1.004	1
relate-more-duet-05	cf2ad82af4fff2e36e4ec1be37bad2af558b77ff05e6ed97076f6207a5568b0b	1.374	1
relate-more-duet-06	1a4d1348a3aa31599e71cbbae7123d0abff64806acafc29ec3a9ac8761956b6d	1.347	1
relate-more-duet-07	d4e5c38fe02876071c8b20912f8181d56b6bcfef233f034505b4672a065a4955	1.235	1
relate-more-wrong-album-only-01	038ccf91d3c1dc420eef2368d15743c4742e28b8988d0bdd885a8f0ed886789e	0.882	1
relate-more-wrong-album-only-02	1e85ad1824dc6e603835627cc6fee2fcfaadc9ad1ff55028f3b9a2d08c24e14c	1.091	1
relate-more-wrong-album-only-03	a29322984be3a927f5bb2fac18c7f27fdb362b4fd880fe1894e799f4472a468d	1.38	1
relate-more-wrong-album-only-04	f933e7d75a238afe9322190946aa6fe321b8fd9725a5cadc3e3711ebd83d9710	0.842	1
relate-more-wrong-album-only-05	484f9a666b47ce43bed9bf420a33bb231d553ee7309770960c5f7d84eb50428f	1.264	1
relate-more-wrong-album-only-06	6dbe8182c05cb7381d09e79909e207144cdbfcdce0a63c5a6e4c9e4e1aa84f5a	1.439	1
relate-more-wrong-album-only-07	bf380c6ab663a1e885fc4f3611c1c08c13f486a1944a9ee5e2ef3c0bf8e0fe46	0.843	1
relate-more-wrong-album-only-08	71fa66a57dde36ca7a2484bd4af9f5f7d2b0a701a7130aced076f7f881404900	1.181	1
relate-more-wrong-album-only-09	0b0818761918e850623d7ca494ebcc631c42b06752aa72b032435a2cbd8cfc4a	2.442	1
relate-more-wrong-album-only-10	7a78324013247df58b9ef6743261a2bb8fffe675e63e40f3adc005b60c34a14f	0.714	1
relate-more-wrong-album-only-11	901db7d70b22cc199bf84b10a2e1e8849a83103c433ad8dd54f22f872f99b352	1.333	1
relate-more-wrong-album-only-12	a407d571e2d9d1870abfd7a878dd46cbfd4ce29238c37d11695f86593af6920d	1.005	1
relate-more-wrong-album-only-13	fbe1f35afb538c5747b6ae9d55850bf8fbad93821c5ebc98f15bb94a1b213579	1.12	1
relate-more-wrong-album-only-14	e43c9cdac7d60511b24b1235e171d45c7263cc5aa37f329021b9391709224757	1.058	1
relate-more-wrong-album-only-15	03b9793c627d9806df8d014f40a5e3465ba24a0ead318f71af1567809e6cd65e	1.849	1
relate-more-wrong-album-only-16	eabaca94e0abcf0b97cc386c3b41126f9867063bbc7e77b918114fb7a596c584	0.552	1
relate-more-links-01	relate-more-links-01	0.181	1
relate-more-links-02	relate-more-links-02	0.459	1
relate-more-links-03	relate-more-links-03	0.423	1
relate-more-links-04	relate-more-links-04	0.146	1
relate-more-links-05	relate-more-links-05	0.154	1
relate-more-links-06	relate-more-links-06	0.141	1
relate-more-links-07	relate-more-links-07	0.154	1
relate-more-links-08	relate-more-links-08	0.152	1
relate-more-links-09	relate-more-links-09	0.159	1
relate-more-links-10	59e9d69da3f6610a657bd4d05bf78331999a7028dba7d267521932c12a52e5c0	2.645	1
comparison-longer-001	dd43df35a7516a2ce6d25a970c867a0866dd8860b57e0c73bea72e87b49038a3	0.614	1
comparison-longer-002	7944fcbdff4214c0c6d4e5d5cc3711ae5c48eb8e4334b0ce92a05cc919949824	0.843	1
comparison-longer-003	66333aea64481fead3df65496dff9ef8ec43ab4ac47bd846f725280be55464c6	0.278	1
comparison-longer-004	67ec92d891e14278501df6ac2331753e258001cddd483a023ea6eecb4459a1a5	0.52	1
comparison-longer-005	069443d8f69cf63b47e30228b6ba9e2f8a233d5560a9c42b4a8495133d32e40f	0.479	1
comparison-longer-006	d527c962876da46abca2148d3e329afb60ccc09a7b722a14efb061686e31df04	0.518	1
comparison-longer-007	7bcf83001193ec9316f2d80ca5d92ed801d875b4da9f5d3fefc1ed155fe46e79	0.798	1
comparison-longer-008	f1afdb867bcb1f8f599e3314a784acd87acb646143770de30a247c2f464d0ce0	0.827	1
comparison-longer-009	4e6a3e7c9cf3db23d7953a6a921c9c60007389b0afc130a2680882b23a553904	0.334	1
comparison-longer-010	a9dc8a8619fc615f43bb288554548e89e2039ea78192b3a382876593ac0dd206	0.441	1
comparison-longer-011	7f7fca44612b2f038b2bc5915f4743a232bb547e9224114579cb4d1a720943b2	0.338	1
comparison-longer-012	c678b8c6a82e23bb71c41a3bd3788f5ff77d40b71d8a8acaf5be4f1c58eb51ae	0.46	1
comparison-longer-013	ef25ed1dbd6efbe4e6098f1fdf3bb9fc49b18c7994c3a710716dd4adb2cf362f	0.343	1
comparison-longer-014	4ee8f5c2be76d5811d046a488decf55f6ae4a0f4f071cc96371ac3cb1e2601be	0.298	1
comparison-longer-015	82522c4cbc3f6190723257ff523d90caed6a38c94d9ffb32a5efa4c9165df7b3	0.487	1
comparison-longer-016	f165bc15cce55e5ce09cd749e5a4467afb1e0248d40cf1a7809713c803907419	0.322	1
comparison-longer-017	066d121b5ca362144393642def11b5dadbce1e87b4f83043a7243f2f86b6f50a	0.668	1
comparison-longer-018	c5cc4fa67bec2af3011b7231710996cae8bdc511349d1ccf03a0e2527ee99f53	0.358	1
comparison-longer-019	d122bcedf938608bdefffb58edb7e289ac34ab67a752b3dff23f032797377f6e	0.337	1
comparison-longer-020	3142dced9cce8fe8f2b8f151843a0315c7ed88050dd5033e7b1a2be2ce2baca0	1.077	1
comparison-longer-021	fc5bf8fa08b4ea2e152600875140a3862f392965c2f754b3211e92d2743641a5	0.774	1
comparison-longer-022	9c32b8ca921b83bf4c86006ab0bad03538c901d7e6a2b00a4dfc2f2d26eb126f	0.271	1
comparison-longer-023	8aa4e048863458a492f9abfd481cdf405fdc3261fd54181faaec86fde61337bd	0.327	1
comparison-longer-024	48dd3b35fca684f822fa3355d20ea24a2364922c4fae75305f1868493eeac95c	0.278	1
comparison-longer-025	2c1cfa4c9ec66ff42c9c97db344d5a8208fee55077dc10e40dee534d6302864b	0.267	1
comparison-longer-026	6b40060b88a7b72608a47b5ff665e8ade8ce6035bfbc557de1d55da8d42f618d	0.295	1
comparison-longer-027	08394399c411b3907c90ea87795c01983ce65699fe1ba3ab07dff198b3e00fc3	0.276	1
comparison-longer-028	64caf1cc3b6286a7ec04bd73b4a7ee9fa418208c03e6e46ba77951164ce916fe	0.363	1
comparison-longer-029	7f8e005a56dde63196233fa0e9f17040dbc527b73821b380d584d3f9f9a832d9	0.273	1
comparison-longer-030	aa62c78603a39b3ad6ef827420e77328d9bdd44310a31aa3789a0abe845b2297	0.296	1
comparison-longer-031	d09b78edd309c7144ec15027e9f2b02e17e0ea3f4517c8f0df1b3d5d94074a21	0.284	1
comparison-longer-032	8eb058e4ae860fe95c3cf3fb028e86c20e24a9e58cbe8d6bdbc102c2eddae10d	0.291	1
comparison-longer-033	fddd12449151da3685f7d66f53e5ef93eac6d41d3833b9de9cc84cf890b4fd8b	0.319	1
comparison-longer-034	4d878a833b92bf6450cd65d299bd31c043a05558e00576a4b1cef66c0719cbe1	0.254	1
comparison-longer-035	bd36eae022424727539dd07548b69037ad064485e28ccd5bdcb977f7e39d5d74	0.28	1
comparison-longer-036	df9a356d75308eafe9bccdbc51c57b828b3d19c5693e6db1e55006a29769cb7c	0.295	1
comparison-longer-037	6ea55324da36247f9353ce31ce0100d1dc439552c66a4ddcdca25e79a7d413ad	0.739	1
comparison-longer-038	0bbe97e8a8156b296ed0d09bf560e6db5688d39cdc1c4684c6d95c668fb7eb6c	0.289	1
comparison-longer-039	9b0662cac0dfc0c0e0dccfc129d61ef763f645d1fb499ff952b0b19e4c0f7bce	0.236	1
comparison-longer-040	9fefd98c43d97d37d88fc2f3ceabc5361b7e6318c5d61063c3ef0d821da17c25	0.328	1
comparison-longer-041	0efef25066ab9abe3e52182e7a0cc9b44536db60c877bc8c0f210f384df4a18b	0.27	1
comparison-longer-042	90378b8e297ec745ce6757d461a85ef793ad9e814bf012720b9bd3877ff4c7ec	0.284	1
comparison-longer-043	a8b25dc54d58c31a2e36d3182645dc96ad3bdcce77302cff0c84f4135240f130	0.238	1
comparison-longer-044	d0af391dcf1d75ffcc4e4c2041176e42164a474945c2ff3f84466fac4f85d21e	0.275	1
comparison-longer-045	5de6149baebb4035085ee651196a572bd3410e2e57260f899339351f4fe15eca	0.252	1
comparison-longer-046	5d4dbea0a4886f3a1371d396272e6b5734d77b52954ffced1ffeda550433bce0	0.274	1
comparison-longer-047	fad1d3c2bb68274e0941d081cfd1e6e4f239a0dd268b566877289fc7af35720e	0.247	1
comparison-longer-048	3f724a79029bc85bd1339f65e24aa876fae0fe08d7f96bc75716a93b6375e6e3	0.322	1
comparison-longer-049	b33e3397f32f36ee8e412a2cde2e3788abbd96e9ebacaefaf696f72ceee092c4	0.26	1
comparison-longer-050	0e51b5cc9128d4fc909b8fa95a5eb4b506953efb237e7365e4423d76f2c0fd38	0.247	1
comparison-longer-051	ea8ca6aa81a06dd664ca88ba1aafcb76875203e07956c3e1fcdd01be32109769	0.274	1
comparison-longer-052	323bf24011e684a6154f9931165148d0efdc469fa983aa96cd953e589d055609	0.571	1
comparison-longer-053	45f6ff1a30c85e420e0f1875f80f6c0e06d64730e3a37c36d859df762245f441	0.305	1
comparison-longer-054	a027db99138020d17947b2e7718ad2035162c02bcc623bdb0aa5e3d43b938225	1.08	1
comparison-longer-055	677ae611ef2a356e50cd6f3ccac9af7d96983dcde4468887e9e179b720c0ef1c	0.484	1
comparison-longer-056	8c83d11f46b93d031e9b74bfc27ff8e14053cfcd93d9a8c43c249e46c5c56c84	0.259	1
comparison-longer-057	6f038ed1fd4ea3fc1a6d2ecac44d4d77a3790aedd15abf46cbc4eb5d4537d7d8	0.306	1
comparison-longer-058	ad77bba62460577726554734229fa7967382f6e7b14bd1980c755e7a4d95af02	0.259	1
comparison-longer-059	c70f7efeba87116071e7818d181a0adda22588ed8421347c7c9a02111ae43cae	0.247	1
comparison-longer-060	7fbf2b421ccb491a31ef86798ac02cb168b49e1e2922b29daa730f66e639453b	0.358	1
forward-singer-001	f0596d2aa690611926388ccc76c6e41baa417ec85c8746dfb57a5893bdc8a220	0.658	1
forward-singer-002	52341415d4172b6c7829a0011f1386dbfa6ef4f4a1252b57d2217b2305319dce	0.386	1
forward-singer-003	cfcb77b500fe6ce0a631dda65b8392ae2e23f32520dc90849100bb336abddc09	0.261	1
forward-singer-004	420ad4fa357c881c5c4f67ff0b1ce2ff9beff53ae8356a7a9289af59b57f74c1	0.278	1
forward-singer-005	fbaee01c828dbfc255a864e5c5f3403eddcc9fdc7ae45180855d7392570bb5f8	0.362	1
forward-singer-006	afbe6b79a35d722514303bab688dfe6e93eabdb4adb994cf7dd7efc8ace6d658	0.441	1
forward-singer-007	67db7beed81e1f01f7777eb60a529a56e2f7534091a16d646196b86482c00a09	0.309	1
forward-singer-008	452faabaa9d619b3535e733fcb0fcb6c12442dda4e1f9f755a24ae6111df1d81	0.245	1
forward-singer-009	c31f8c3a8c3138cf763ac8a697c648c4c00f515c314b0ad0dc780baee1efa485	0.248	1
forward-singer-010	3299a1b7afb7c9ad67e65e57b69b9d2b1a7f9aae65049aa6e56d93c017f76ba0	0.254	1
forward-singer-011	9c3d5104d6bf0e1434b164383d18d3c05e1697a4d789ecb3d723103b0d116dd3	0.301	1
forward-singer-012	4eef011adc60b66a4bc8036e9dd51edeffce2dd97f0dd6f5919d52143d0eef1c	0.256	1
forward-singer-013	e6dfddc1ae4f7181f2247b1d622a67607159d2638f193f555b6c16cfa514cb73	0.26	1
forward-singer-014	2e43382b62a1383247982a249d3bf30755f040dcc4216f5a7524ae4d5554246a	0.327	1
forward-singer-015	60a6ced1d4d3d1bb9c1fb59a78b3cb18049cb600dddf67240aca056ddf32c5fd	0.255	1
forward-singer-016	9f8d33ee9659cb08e9cbb0e9f0235f7c2357c2ebde4dc145531e185f43db9218	0.302	1
forward-singer-017	a9d4a77e8a10ead608688c14ab22fce46cea8c50e7af016a5ac3b81f3347c37e	0.26	1
forward-singer-018	15e57e08f36401a94621ae350ee36a9eff526760d039760df7379f2c2623c227	0.247	1
forward-singer-019	bbbe642ca5a6253316aa6feb6c0838f50c7a4974b863e1919111a8070a1e5c89	0.29	1
forward-singer-020	393d8d34908541837b1092cb0e03997535bbff3f63aa25736ca9d55d9bbead95	0.247	1
forward-singer-021	a04cd9c83d5fc7c93b1400ca63180b31531087f272691e8193c760538b1c0223	0.243	1
forward-singer-022	665dc1693efbd209d5de848e91fffd3c28904db153ad8b3d9aef03678ffec343	0.244	1
forward-singer-023	774519c52a2a319e933626665961d1cef46fdddf0e788087daacda507eaecbcf	0.254	1
forward-singer-024	e956bbf680ad9fbad856a908bdadc5b3f4564747452387065417bec59afcb59c	0.257	1
forward-singer-025	b48b2905415d4712868455da3d128ca7b1d72d0523098d27bc51f417eee1cd7f	0.324	1
forward-singer-026	9f0fafa4e03aa779bb85343269e88708a9ae692a8e2d93e07f7bd6be50f15865	0.285	1
forward-singer-027	a26eb90cc9931ad49a5daacc9d1d3e7a5eceb8c5d94763cb3a29f1c96c5bc345	0.288	1
forward-singer-028	ff157b62990e6524d5b95266dc11090438045704ea5560233f41b6d8ab38cf3d	0.284	1
forward-singer-029	17bdc6eb11f4bff03cde85eace31a60f449f9f7be6b668469f842c53c018dc2a	0.283	1
forward-singer-030	83845a19782b2cd1890128f7b1a970cb5433ae180922f60dc093255fd178a86b	0.365	1
forward-singer-031	3406226202337710e7fbf4fd166307566a883aa4c3bd732afe5559451e550e0e	0.273	1
forward-singer-032	2800ca1149746f7096067bb6fecc866fcad45d6dce4aeebf7047941427ea74b1	0.257	1
forward-singer-033	011196bf1310eab8cf1b7c621d220b08289676c1e07d96a4d01c73b4184030c3	0.301	1
forward-singer-034	ffd7696f8a3faccc1b5ac693438e5e8342d231d2a7679f0818323593df86053d	0.261	1
forward-singer-035	161f6552f252158cf6e020519d79b0428ff80ca1d010e1edd4ed74ca64e6638b	0.286	1
forward-singer-036	fc564506b733c3529947fa53b13d06a1bd3efd7b14b00c87d5b225fe3ad09473	0.507	1
forward-singer-037	98fc48edbf6c5c92a07999ebb464a5cfc33f1a1bacacb580f8e54eb3305cad7a	1.308	1
forward-singer-038	3f7aac8483377b4667343a4ad4df2828093e1bf477e54060caeca7f56674c370	0.275	1
forward-singer-039	0f9fa0178473d0b2e392e36b95ae859861079e1b230d30e71fcf33d3bd8133de	0.272	1
forward-singer-040	f6f585c4151ef59f02cc34cd0031cd8956dda1bee49db4fd7b64643ce69ba524	0.258	1
forward-singer-041	ba945ece5ac0e547ef26d2723991fa32819d0b0996d7eb3fc1b465402e22bbcf	0.288	1
forward-singer-042	3d939f9c4e489a4390fba62e65560e13ded87204437b4ab29193028fc7150261	0.247	1
forward-singer-043	f79efa0dc46fb6c70230148425a4d0dc4d2f0e032268897d3284e15ebf196b70	0.268	1
forward-singer-044	eb7acf6189d31c1427b5117f32084444ff31e13771292b27a12dac5b98471c54	0.416	1
forward-singer-045	83c33d5eed108bed7fedfbfaf1b372b04b978f84c69ea644d82ba47505d50bbf	0.269	1
forward-singer-046	d98bf1ed736abf0cf37bd573a3b5f5e52fe2c510d18bc1791c39a87efcfc8c41	0.243	1
forward-singer-047	8931fca4ced0e814eec136d074cb84f5c119d9907b9946372986e6f8abfc5900	0.29	1
forward-singer-048	a33c52fbcd6edba628d48a994085b9a01489f83e53b867c2a41e73d121e38b8c	0.252	1
forward-singer-049	cbc1af24dd7ebe16cf576c714df8ec3fa256ea7b1bee4df963cfa9ce10f18020	0.293	1
forward-singer-050	24893fb845ad1cf1713cdccb54bd137df7be4c7d782970cae485275f8fec020e	0.294	1
forward-singer-051	31732d6d0249d71c1dd08599595f74ea5201572d4d1e2fab22d6585e35a233a3	0.263	1
forward-singer-052	13e35d3262c1546d000298652f729b158c416fbeda31df29b486ac208c33b950	0.242	1
forward-singer-053	4fcda4a1f6b3f6b9f624846a2691d7fc37c490e92e416fbd12281f32107787aa	0.249	1
forward-singer-054	85330c6f0609bce4bce914e02a12ec687828be25ba20952130dbdd5d5abcdff9	0.356	1
forward-singer-055	82e008e577469d8845ed495013948c5b0ce54ce0b80c6b1997aea61212c73a24	0.276	1
forward-singer-056	a5c9002c55197bf79b0c0b26b67965bbb22b94f1695e61476ba00b9b839250da	0.274	1
forward-singer-057	422a928fb9d80050da653c6c95a85b0239fd93438888db1fb53e8d608566f732	0.285	1
forward-album-001	d4984d494c8bb565bf5649c87de01925d0551cfc6f8b3e195b66ac3cb2f22127	0.263	1
forward-album-002	eb7a5b00fc38a7d1c77988264200264bbe74a9fe671fb8e06d9103fce1d0c036	0.327	1
forward-album-003	f195ba6cce8820b68fddfa9fdb3a0957ab0a8502f7daf0a027c7a2c6e98bfc68	0.245	1
forward-album-004	2481f64a0f267bd861a9c35945e6d9592cec350af5dcb1ecad6db621365013fb	0.254	1
forward-album-005	5404684dcf24457b0f97d8845ffc91f8b9f012a82668a3132c90f5a61c0f8883	0.653	1
forward-album-006	0cac21ca037a83d295695ff6cbf5da903e9c937d41c74ee38686200139703f17	0.352	1
forward-album-007	28e2ef73f4e729036aa02bb70e03a7731c2ef28fb599675c8f07223faf01a684	0.257	1
forward-album-008	0bfa9c94d72fc9dcff563a5bcc35872d918d76ef147a93a75fef8c86781d93b7	0.243	1
forward-album-009	3860e9fdc8c76755826b479fb00b61d0168f6aa0ffcec3adeca6387e45545e06	1.216	1
forward-album-010	68dba825c3839a7ccffb38d309236c8bae2c38686d5b049502790d665cf27803	0.497	1
forward-album-011	9de0bc41c8db52247266cdd14673e1cfc2ad73e162eb9b1693ea37d2ae9c1fdb	0.31	1
forward-album-012	1189bbb288a163728ada6b9f9394b72d311e96ca9dc5fe5309a2f1647c2a3476	0.826	1
forward-album-013	9357af14e63bc9eaa82fb9283126f4ffe01745531df585e7c1f1e8badde5bda0	0.297	1
forward-album-014	4877d2ccdf97c1c214076177293b09d64595af3ce063d9162196e7ef36749f9f	0.318	1
forward-album-015	370f2502282c93d096ee26d6e6790956134812b1c43e5a8ee9ede53afafd5681	0.272	1
forward-album-016	ab132c61f941f9bc1328f30fba7bcd8fe0fe06656c1076c8445aa0b4d04c0709	0.24	1
forward-album-017	a9338d93093f8f95b107c9495aeca19fa88d00408a9797393581d1609e257249	0.255	1
forward-album-018	3a09180be28f5fc4030264f2b2eb276966eafa45084595afb19d81d1140bc943	0.305	1
forward-album-019	a2baf7c1fcac63b4af3b377acb975f833f16a92f7a6bec62ecc2669d9bb12f7b	0.289	1
forward-album-020	c32bb30a2716b771c34bc46abd6b3d6e18af2328208ef1dcb65bf02ff7d07739	0.267	1
forward-album-021	8a5a73d48b10bbb603f778a4d0d07de541a0269a0e0902b835e9a7d4357380b4	0.268	1
forward-album-022	605216f83456bcd3e8753d9cc58bf0ad66c2ed7e373730059598b9838a171835	0.232	1
forward-album-023	8d90c8b24809eda5751025ba3254c5033a324d3f92efbe5cf7f3417bb8abe8fd	0.258	1
forward-album-024	f31decdf22fabbda30ae3b3d8d9d1f1cbb6583aadb7a1e0ed7afe89eea643948	0.264	1
forward-album-025	eba97186941a773b58c4bffac3bf9a99ecce01a4b3ada276d3e103b5c1b4cfe4	0.293	1
forward-album-026	9c0a8c52d4d5a245fe4f162ee75defc50c18938a44bcb48d6127a7a4069dbd8f	0.39	1
forward-album-027	4f54f9b56cfdeaca88b7cc74e02cb9502864426d0fd5fddff61cd53dd5509eef	0.273	1
forward-album-028	3dbb76ae7796e41c5945006916c0cded91e952f000d762e47dc5fa9396cc3c25	0.274	1
forward-album-029	afced923b0038ba5875d73f3a9ed81614cf76de71eb94a6c1ce6ce914727e2cf	0.255	1
forward-album-030	a79c0f52343eb358c1c13906aac4d9f0e6c0a95774c4b0de03a8d48a8cf90f8f	0.272	1
forward-album-031	8ad1818a39bc135f2662ea51703b70993e55c71816dcf21e74cf6baff8ee914f	0.24	1
forward-album-032	e16bd31aec4540a1e848ced88f82e6323288a44e75db670aa9ab2f5ad37d4114	0.367	1
forward-album-033	f301b0f16c4a36e0584ca92ef04ef21f6525d7de9793d56377411de61a7e1aa6	0.255	1
forward-album-034	7143dd8960be1b37ea7dfeaa637eed41b7abdfc991af2716571487cf397f0f20	0.277	1
forward-album-035	d1af39f0e4ada820937d9abc0973dd43c257d2d580c07468dd9e661c3bb09f07	0.241	1
forward-album-036	c1d2f0cbb702b840bff9686a8634b5400c7211fcf5d8d70c1f85fb19828ae482	0.261	1
forward-album-037	afbde1ec556a5ec356f936bffa840c06d54ba94f99da8f98c62531e256e444f7	0.279	1
forward-album-038	713e6712cd83392c2ceb36259f358c22a4cbbb96e0bfda9882cad703e012294a	0.264	1
forward-album-039	c3e146abff47a3a804528967dea715d5d916f5ff06927e6c548bd2f0b33f6bce	0.252	1
forward-album-040	b1f908426369f9a76cc302dabebbd0f9cbb31b9c4e23d4c7e8cf714910679792	0.764	1
forward-album-041	6bbf4394770bcd2e7f774f97ab2ea658b7101a698dc19252a25ad92f84d22e95	0.304	1
forward-album-042	0001507d1830f4a5091eeda7f300191baa8ca068f1410f7f4b1a69c0c44b5eb1	0.237	1
forward-album-043	aa49860ad2cf47e4287f75ab49b03f48188379c113bb207cbae7c7bf384311bb	0.406	1
forward-album-044	72e220129f9e1654a96639a572f7bfe9543522104244d520c34558ebbb3d9040	0.407	1
forward-album-045	3760ea168dd5154b8e6cad4633a380765c0f51abeffc657cabac9b9df5f0441d	0.24	1
forward-album-046	8da3452b4b3cc692633d21fb8984efa08fbfe349e5e0fdfeb10aaca8fc8bc97a	0.312	1
forward-album-047	9785014c6d8542803c4a1b4b838bcc355be0994b0dbb6c751a659bfafb206ada	0.261	1
forward-album-048	feaec846f21bfb782f59da19c25bf16f774da2e5d00eee391197d15d9bccd545	0.343	1
forward-album-049	c9a9436a7245a301e6c1b28ed6dfa537cf789035671b300c262f100cbcf70f41	0.447	1
forward-album-050	ee7de989895c1db5648523f83fc6113ac7a07a7b7b4f7cd46e271671cfc8abb2	0.275	1
forward-album-051	e2e193eea4edde3a876844fe34bf68f6288902db4f620267bcd7d462ffe39d2c	0.369	1
forward-album-052	4a7a1270c0ee4c0a99689b928e0b3d51840f2205f3ff1987cf47ec4d73992db1	0.237	1
forward-album-053	e856ebfb8d1041c0de4f970acb261b28c78f561bcd06cc483ff27254e4d2a35c	0.289	1
forward-album-054	5451171964cfc8b4849b3ccab4493fe8437f0ca2a4308c57fabf73b225616079	0.273	1
forward-album-055	8166ac2ee65a51bef4f3f525eec17a0d38acc377a1a029ea719cc6ef4c9c6da0	0.241	1
forward-album-056	894bd759d90d955982a58b97d9af60c6350939dc129c7115ba80af05ba5c2c97	0.233	1
forward-album-057	0b32928e86f260e386e0af0e98ed0c347959bf6068191017d9c227b96914d22a	0.242	1
forward-album-058	89f4445804da3b1b795ee86cb6e8dbaad94ebc36bc98c4716e1aedf565d097ef	0.252	1
forward-album-059	528db692c914c95fc5570b7f23e146b88cdc2030f8318524c616253971a0fa02	0.258	1
forward-album-060	faed2a37288b680c411532e6d4524266bbe210cac0454550fb112e961d00f2cf	0.338	1
forward-songwriter-001	42e650ee94d75059a7af1015ce676047cb21ab3c360caa4b9c683c90b3d666c1	0.237	1
forward-songwriter-002	4dd4d012ed2f7a0b656dd89496c36a8f6fd299c7f5327428dbd8343f6c89df66	0.295	1
forward-songwriter-003	bfe83c67493a4997810c3cf8a578296176ca45db9d4026d731a7f3e28abcd93b	0.267	1
forward-songwriter-004	90affe526091fb8e9d921af69fe9c9e9c1014578b0109387c8bed3e864319397	0.247	1
forward-songwriter-005	9262b5ee58629232f4f202c5a414ac01600956b8d2c68840cef73147b2ea896d	0.25	1
forward-songwriter-006	5901b2f48b1796b605a9848c972008a37870d95f55ee69eb3b5aca3659b932bb	0.244	1
forward-songwriter-007	9968cd164428310ba4e4c0b1ba6f1fedc1cf2727523b24f0ffa8b1f692d81892	0.328	1
forward-songwriter-008	03a7f5e55784a50845f8b8a318d6115449135809393ac4c3bcd2d986885662fd	0.234	1
forward-songwriter-009	d402341ed2f839f923b82508fe1218cd2f3ac87f140e9dd2cf399cdb2a2546d8	0.422	1
forward-songwriter-010	42e90e1470670225006f77b881369c0dba88726fef45073730f24296e776e65b	0.255	1
forward-songwriter-011	975c105baf0d20653c2e9d7296d2efb857a55263b211a410c2d74922448cdc1f	0.274	1
forward-songwriter-012	e233d241482dfefa1e29a06d51ffc05e02a64b2b2ae6e68b8a301e62492b31b3	0.518	1
forward-songwriter-013	727983a279157fdc9b2588e2df9b8abf77b4c074b953d86318960c9388606bb3	0.486	1
forward-songwriter-014	9c4b818266d4d0a62f9df2f18b80049198c67dc268e1e7705f568f8ec517a1fb	0.255	1
forward-songwriter-015	ecd18758d4a35da3a5ab3ba9c98de46c74ca96a168f2f5208d73bcacfb1fc69c	0.528	1
forward-songwriter-016	a4057b3e736efba86945e41688be6f675a66ac602e9040b58fb28d803823d888	0.282	1
forward-songwriter-017	fa676584fba1781988cf0fd544d68553069b380167076dad43d46713551fb3fe	0.261	1
forward-songwriter-018	5e19dd402bbd2f549e5967533f5cfdffe3491e51d31308a47247db503de25d61	0.251	1
forward-songwriter-019	1417a2a004a89e139048a9f9b9ae7f1ad65001ed267d8c056c8dea877fcc69fb	0.243	1
forward-songwriter-020	60dc67c52245ed8991a7d6c0fd8d6bbf580a2671450145fff56dd242e6dbe9f3	0.291	1
forward-songwriter-021	a67e09fb6b8b17bb318d3372c3c41564ed2f5a031884a2b649590bf6da385088	0.256	1
forward-songwriter-022	e4497df26a03b05b913c1ad3c411e1beb357a8518cc376f098d95b5f220271bc	0.257	1
forward-songwriter-023	91f0968700f7a8049df4734a92c976a61363cba8a4950acf7ff09ea656ac55cc	0.313	1
forward-songwriter-024	205ce4e5221080d2bff467acd6fa5a509a694430f3ca6c621155197a5afa08d8	0.285	1
forward-songwriter-025	82a4a8bb496d2d5d1ea69c5d3711490c4f07c3dea78435fdaf661c9e93e8433b	0.237	1
forward-songwriter-026	3c1899db79c0258ea124f7d83440218124840340a0a28c199e7d22361a1a2bac	0.232	1
forward-songwriter-027	e9f6591cfe46cf5e79b940c83c0d6def0503ac407edb7e2dee002d6b5ab22c38	0.265	1
forward-songwriter-028	7b4bdbceb55601d9f5d5792a0dd7ffe12dea29b1ed3a895815e60b9a82908a05	0.248	1
forward-songwriter-029	2c8ea02445cd0cb29cd5fb985ca092e954f8ba714198c82739fa65e40c24cb7e	0.262	1
forward-songwriter-030	d4071f0fa65efb4a9ae3224aa75dd63741689477f733606b8e288c8cd75d076f	0.413	1
forward-songwriter-031	cf89196f9b523b96c19bbcf03b84c2f3ab104c5883d8e3dc30f5d27bd5c96c04	0.259	1
forward-songwriter-032	c59274c6dd94155e126eea26de4c72420fefa48b1a4a8d83f066c1068769e3c0	0.354	1
forward-songwriter-033	9ce20c6344c29276881cb0f1d065ff6496f69a1f2e6271ea75d8534f14e1bb38	0.261	1
forward-songwriter-034	7d9884aa7c032da1ec094ba4a50fc7c1d52376864820f247e82297b2b50170eb	0.271	1
forward-songwriter-035	54db614b01a1039f96fe1db254f43baf0608ca72ede7220948834265d1dc2b42	0.26	1
forward-songwriter-036	960b24207977a0232c1771c13b73cbdd96bb78923fc6f9b66bd052a9f43de9ed	0.452	1
forward-songwriter-037	af5c38edaed94119132174c9c615139746534dbba0994499512d4d262c1e6668	0.36	1
forward-songwriter-038	5aa35c202109762d4d4a1797bccbbb54ca51b1b0b2df905e9364afeacf744548	0.271	1
forward-songwriter-039	8251217669690ec465ee5fa648120d5f2162a679e5beb0a074b3275b012eaf67	0.248	1
forward-songwriter-040	3e05972abe69695baace8b7c1b433ede67e569a3cfb2cb2605af3a9b2aae0fda	0.302	1
forward-songwriter-041	2561c04c82b85b5bd5a7dfb6326db919197024dd1cfe7e522b0766cdec78be86	0.289	1
forward-songwriter-042	7421da67712b7fdf92d3477d385b37a1f52291521e2ccaa21c71346782fbf5f3	0.244	1
forward-songwriter-043	52c821660d837e04ead0463579f9a44459fd7eea4430ad3ecf4505100265f589	0.548	1
forward-songwriter-044	c6cb33cf2a6aec165bf564820c8c5a59d79db59f50d5137321490eb027a76452	0.271	1
forward-songwriter-045	5f5406ecce75f3133a44f6642f48417a37c1f07a913cb1dbe0ad12ff2883f438	0.253	1
forward-songwriter-046	1ef5b4fae45adc0666915bfd64f045b4c2bfa0383ba6159b81bd9bcf7ea6454e	0.26	1
forward-songwriter-047	25655e48962ae00e5b09ed6a5f0f853ea5a1c1159aa3838993fb3fdf2572d93b	0.246	1
forward-year-001	959dc7b295281a657d5bf415ce6e783cb25b90fdbbdcfe97cdb2ea0df17d2339	0.261	1
forward-year-002	1c2bc25857f7e6c212d2da82e39364d40ab846826acf7d25058005d274e56ae3	0.296	1
forward-year-003	516df4966859d2ae4925123d48ab5dc91935906a4bb126d501fb88849c818489	0.504	1
forward-year-004	b27a160fe71ebc92e186d53ab4193f931741cb4acb1fdf92399e6e401d2eb7b3	0.264	1
forward-year-005	5829fe0a5be28eae9e50d8c4555632b05e3afbe56220daef170953f907662578	0.274	1
forward-year-006	85679e63dc9f20335b995c749189c55b9fa668142a86f61589f4cba84a6cba2a	0.3	1
forward-year-007	a6407691a5e98cb5509c24763fa4c07d7169c195f71a0218005183c218245593	0.258	1
forward-year-008	be926749d5689c36b45493f88e2576dc2b73a75c7f726cd826224856618b3b89	0.345	1
forward-year-009	1942990092ff024cd065e485a32f7fa3af4bb388eb87b9327e10a542b4035c67	0.252	1
forward-year-010	2cbe4736f568aa4b1c73bdffe182cbb39eb4738f42b542732c2deadf5bc0da3a	3.099	1
forward-year-011	c4577ad959f1dc2f6960ad450cf599483469273a3b3a89f1f6a27838d1ccade3	0.26	1
forward-year-012	376622278493d6a3b66602068ad85ab45a0da62d273a1e9ce68512f0aa9af8dd	0.44	1
forward-year-013	471024feb1a042e1c9636ffe7a975f15d104decf20e72f8cc37ec13bace8a796	0.345	1
forward-year-014	3bd6da67849e5520c80da5a092d9c39c48bc45cb89f0de6fd4046ee78112fff0	0.246	1
forward-year-015	09552385ca83b341f5ab0f9044b3b6ff72450540f0ae3debaad5a59eca3f1d92	0.271	1
forward-year-016	28485e395a4dd0a47ece80611c963ebdfd6972215cdaddf0f59abb69352fc18b	0.278	1
forward-year-017	3a111ec3dd1caab13589e637d23292e812274fd391633526f55a8c6995d1bbb7	0.244	1
forward-year-018	4bd18851c1f7834f427a4d9534bb2f08730cec9adf86a653800614e81a11cfda	0.27	1
forward-year-019	123f3d5ad11e1b01dff393c171f5947d0d66dc7f3e327d66422025284a8eea56	0.358	1
forward-year-020	a692ce8ac2da0ecc1fad0436c5608b401ef46c2d5b02b513501ef2f0fa55b4c1	0.268	1
forward-year-021	ed532d201f1dd50b4b94c35f4f8737ef6fb6b7a7ffba88ec7b4c2cdd2851e10e	0.242	1
forward-year-022	4d9c4076082844f5bccd410769e0ce5b63d89b5a9fd5f126c8d4cfe1b17f6cd5	0.254	1
forward-year-023	bb4d295f3e5ccaf0494657cf2e74d4411b5f5d0204afa79c593a4428b7f2cbff	0.351	1
forward-year-025	22fce2b748d45fd1fea0c5ae0d2420949f03f28ef7b00d89c0e6da2ca3ab1ea8	0.338	1
forward-year-024	92827e448d64858262142b0d50950ea69f809873905c9da1980402bac4de7914	60.873	1
forward-year-026	08b21c40174a3a40dd945335af327364937ecaad56072569183fd2237c18941a	4.242	1
forward-year-027	96398b8917c381955542a91e0dc97b87fdb6fafd9ba326cb9d17245106c4ed21	1.139	1
forward-year-028	365c82a6b273653295d204ff0353be8fbe856996f7f19fb752410d4befbb2461	0.689	1
forward-year-029	e0543e7dc08d713613f6be2bdacf23d422e4566459e4be9aae3b183fed7b9af0	0.319	1
forward-year-030	b0cfaa36c2d83731f2d0432a2ae5d90fc5a287794c4c08e01e3cd018f0ef1b33	0.476	1
forward-year-031	aaf5916b36ee4221f8a83e228336893c9be6d608b50d8d96eadd3e1b7eda494b	0.86	1
forward-year-032	ad3fc6c96d078a05f3e63af8c5d2f84b482cd711834085d583d361c8d27cb0a2	0.285	1
forward-year-033	7c90df5d25f371c55b7211561a0894a60b08834af6c64f9a62ddd7733e60c1b3	0.345	1
forward-year-034	b1da8e02ab89edf30904aaf326195aaeae7d281ea13fdf68605f8d427585e97a	0.564	1
forward-year-035	4e67700191bbf4a2eb5160acbf1d34526afcb296b8937b01bad2240fd3c39755	0.288	1
forward-year-036	281467b42ec78a2e31f8cb03e4001f6c76b76f2f057391aa797063715551b59c	0.548	1
forward-year-037	465bf9a5210a013da56bb5d75781e6feef960b8ac6451ede50b2c013502fef58	0.544	1
forward-year-038	2bdf5bf4ce0e161d42a4795614fb938379835bef0b1eaca44ba075c2c7ab1c43	0.557	1
forward-year-039	6a482eeab55c57b978c13795c1b1acd971e0c251eb01269392b3e8d385ed79a8	0.649	1
forward-year-040	ff43b63ae190ba6e9eea3955815091b73277ed6c450004b9d0ea98d752a42b16	0.388	1
forward-year-041	8cb437416e2aa6a4cd7ac2ce89e4dc2abf6a3a15fcbec75217254ca4ca767bbd	0.29	1
forward-year-042	b7dbafccb6f7f57388c5e103b4bb091791a15957ad7b06542ff0dea9d4a89025	0.438	1
forward-year-043	c2c2443fe738d8dafd28aa7118714fe24c2c402395d7f4d7bbd26ba30d634598	0.444	1
forward-year-044	5a9ab2e744a2c2d8c1f44edb49470d7d2a15c4f3c6cb89a6c5333cb3aca69bd2	0.298	1
forward-year-045	1aafc483c6724d8458aec68adc6beb24b86ba0766cbf90d02f790d02f0f9b22a	3.11	1
forward-year-046	ca9c5bbaaae67db451461929692ed4dfda43b8057d4654415d9a0522768ce09d	0.439	1
forward-year-047	b65046c35c4a509e5d0a62b74d2cef00d81842d6dbaa615d0554f5faaa860cb4	0.795	1
forward-year-048	285c078de7d262d564ffac22d6ea81aede7db8ff87211913004ba3cbb83d165f	0.718	1
forward-year-049	0703b8dfe45d755fd2ae7b268b4a3f67e0c482d4d7e743a25779156bb2534b1c	0.287	1
forward-year-050	48d48263d13cd954fe7f2463d77bcacae4f08655d6f3fb74e89580b12461e17c	0.309	1
forward-year-051	11bd9de82e3e921d70bfd09a8aa46a41282f7e6355ade2ece6bde7e9c2f1f75f	0.593	1
forward-year-052	6328da6f1a6754e812769ef6bc53b97234f6ecda1965f22584c9c139632d782e	0.854	1
forward-year-053	46fdd2233dca9a2c0d606817cb4cb49e087b784dca86ff7e1ec06a047cae7334	1.513	1
forward-year-054	8da6086828cd55961d2a8c8fb1680fc3783625e07105d87fd8a64f015a9ba259	0.478	1
forward-year-055	bba1f5ea6ac1c23f4be3e397c264aa32923eacdab8add820167aa1286aba98b0	0.472	1
forward-year-056	ae5d70affd9b78fd986a48b3dae9a8dd60c426f4efbdd24253c589b2b1bf0c29	0.356	1
forward-year-057	dbe5a209a2c946b1052fd8065cf60a81033747e83e7500829c5d7368b94232fb	0.457	1
forward-year-058	481a80a674d820adcbe72a77352c433b0f496c9356bdaaa8cb0738d7a3d14b62	0.288	1
forward-year-059	e5545f62e4fbbfec0edf6e488afd7d2b1cf461921cff064817645ec30cc49cbf	0.291	1
forward-year-060	ec48b2b7a34777010f3c940e9ef39851d3abb44541813948e13948d59aa9fc76	0.73	1
lead-set-john-001	b40a95200726b2a67c2c0e06eb426bf7c11ac1f227e5aafb3af290e7d2507be3	0.962	1
lead-set-paul-001	e17e2f6bbd89d2fdc5adbc5ba59ad331101463cc8a616df64615040de6010a2f	0.316	1
lead-set-george-001	51cb1de2eee82dec8c0c509db957599710eafe726695de159cd9d4c85e492843	0.546	1
lead-set-ringo-001	b57c59cdf01bf79618ef0ac7a97b9258c97490e8642541a649a88314f207051f	0.281	1
lead-set-john-002	956a173f6fc25240b6747236151139352e5fcf9340403dd481952417a9093a23	0.501	1
lead-set-paul-002	216d811cd52fac85a4440ff885bdc277849f61cd7049c4ebaf8cfb0b8cfe6ae9	0.265	1
lead-set-george-002	9e33fb6edf129d081d24eaab58359e480d6bf575b42be6e9fba63e2aec9d8e0a	0.303	1
lead-set-ringo-002	6c02aa0750fa4ce37ce3acc047d7746b5a8677c8a4d18e17b940a2cc4a4096ec	0.599	1
lead-set-john-003	e369eb772b473e6a3eb4f354eb3b45353cbfbfa1bf16204cf43f3e6167a345dc	0.308	1
lead-set-paul-003	ebbae08accbda42d2df3d31fea8ff735a67d095f6ab2687b1499a804ddf18eb1	0.491	1
lead-set-george-003	cb47bd9940d4625ffd32974d73ef8a893c0ac0200f9ab3d4ee0c40c18056abcc	0.304	1
lead-set-ringo-003	59d72cc1aec1c15facd5711083fcd0d2bbfa8494f768c10d1c6bcc44baf0fdec	0.487	1
lead-set-john-004	6dc4c9f8ebdecf6acb16b405b88e75293305589d229a0504d228308c41dbb43e	1.091	1
lead-set-paul-004	304edd523a1832f81bbe13bd30be69b099c76964f4c3ddf7b6b6bf31b0551e8e	0.706	1
lead-set-george-004	1cbf7f417f8afa64b1f69b96ce9cf6245a2bb90e3cf0da9d679ad741e9ad9c99	0.279	1
lead-set-ringo-004	a49bff75a98c9bf4da6b3fef9d3a113a6d0b05e26f0137e9145f5b52c6d052f5	0.304	1
lead-set-john-005	da8da47fd1c0da1c3da7152518f12ba6c90c4b33a52d7ab2f03c9245760480a9	0.545	1
lead-set-paul-005	597d942e684fbfdaab19112b71423b8cda3f8a3e5a6a5767c63d1b6c55baebe9	0.324	1
lead-set-george-005	974a349de9433c537b2767ec3647784b3f5e9d7112cc214d97e4956c41340dd3	0.55	1
lead-set-ringo-005	96c56782c549eb4e2820ff912b148574d9a2b15100d0b95e029d9f720d9a2a98	0.617	1
lead-set-john-006	b683b33eab35ee34224c286f5f4fed67ca9de4936703145e054f0f95895ecc3e	0.288	1
lead-set-paul-006	b464283b10656fc24318b35a689e4ef0b97273c89984054a873e6fdedfdcc81b	0.262	1
lead-set-george-006	b5318162a938938beb066d3def739a50dbcf775c6835c2fb6c7ae8d49798c7b8	0.643	1
lead-set-ringo-006	bdcf18f4335c6c26571b00e1d2d395b965b0063c0aaf635264afda6690e14701	0.984	1
lead-set-john-007	c4cca0641ffcd342805dea21b7fd4af0db9c1d763f3abdb82866b0f2c23b6b0c	0.328	1
lead-set-paul-007	2d512ab6efe8c1054aa5916c3b9788e4e92f1f94878d03d254dfb209bf38574a	0.566	1
lead-set-george-007	29ef7d5b751c3f9958d030f4a9d9dd857e7c5fa7300be19d4e88b9ae523be70b	0.412	1
lead-set-ringo-007	0b56f87c923a0108bff5ba49c81681924ad3a785cffdd747b13b31a052330aea	0.5	1
lead-set-john-008	8ddad3f9bafe944bd99aa9dcded684c6bef8964ac23e4d674120fb4e2ef215c1	0.269	1
lead-set-paul-008	d56aaa1d21037ae573dbd06933d50d1aaa26d1a0bbd2b5df9cf28ab5fb0790cd	0.817	1
lead-set-george-008	02890131def334d4f3055e79347b369c533e78280095a1db86ccd7d6cd80cf4f	0.327	1
lead-set-ringo-008	529a7007e95e61eeecf184f8efaf3b5d58e940f1f880e7ed495558c07d721f28	1.154	1
lead-set-john-009	1356e54ca69b5d1c995e9f43c64bae73dca29140c83aca43bc3e1646b62648bf	0.896	1
lead-set-paul-009	30207d8031cc151766fa3dced27238f5de6e5ff3066595561b38f2f6e5e9a1b3	0.274	1
lead-set-george-009	ba06a5df8bc1356f4c826b286daf312b61735ff0b0ee1eea6590a5f4727afc8e	0.524	1
lead-set-ringo-009	ca65ad88897f0b91703362dd31b3a220e317acd3bbab22574dda7bb5a09772c8	1.093	1
lead-set-john-010	3298469291c21fba246e15738c9cbe3d61c6800c66129207ac8ee97a67e04944	0.85	1
lead-set-paul-010	840b83486f874d9fcae35c0cfc3a6949f6dd577ba40bef61380f5858231d33d2	0.282	1
lead-set-george-010	f24921f10197e68602092a07b069ac6be185be1dedfee95b62f5662cae2a09bd	0.281	1
lead-set-ringo-010	05072da5a2aff5839ed900f9fa7d9a5698dc238309f2fb420e4acdbca068170e	0.598	1
lead-set-john-011	a0ad5e4efc81a9159045d8f653f8a4c6fbc81173b4795201d6f8c917ded1aa1e	0.343	1
lead-set-paul-011	b19a42e2ffdcc1c54cbd8b054470ffbeed9c0976207df80957ce421f50380a2b	0.437	1
lead-set-george-011	ac3b94b6a1cc3a2a837675011c87dcbfe1aee38dd1a30b5f8129ec61427afa41	0.285	1
lead-set-ringo-011	8fbf49f37d866797b47dc7fdb8d4f73a6570d461662dab8c8ea52733ca68507e	0.637	1
lead-set-john-012	ab22e863b1ed86b32e1e8644680ae099a29cc0d17af157b7768f9b9469a99dad	0.307	1
lead-set-paul-012	76fa1bf1d7d7eb5261c57de787af1b6db4c0c3893069dabec114d40ebbdce9b6	0.547	1
lead-set-george-012	31e020112f09424941ec9e620d9534c8bce2b447e7bd072417e0dc47f95a9612	0.38	1
lead-set-ringo-012	e9b3f78778573364a2ec13acb5af78524a5b27d8309e76a93a05b007673b161f	0.466	1
lead-set-john-013	7f06be98a8147ca1ec6ed2b9380bfe8f8b5380bef3d3fafe69638f2a8ad75283	0.286	1
lead-set-paul-013	2694627766d642350b24b41145c1eb6854a522f83de578b493960280638dd90d	0.298	1
lead-set-george-013	3eb44dcc376807b36ad89988b2b72972ba86dc60ad6462058d450e9b2347470a	0.582	1
lead-set-ringo-013	cd0403f7834da154a1806a57adc3f0db58fca4f01b0d54bbbd79ede4298e60c4	0.344	1
lead-set-john-014	7f79770c255be8b22f66cb35d0f73ff04a72a600ede1b2e88a44eca72cce441c	0.258	1
lead-set-paul-014	9b04493b4e3363d70253eaadcbc406c53b28346dc779c91e6f58072bc1b72458	0.239	1
lead-set-george-014	0c52734290921e4f8b7b93e34daa7079fdc4eff6da3246604517a5cf0e10f9ae	0.522	1
lead-set-ringo-014	ee6db9de5f4247e4de4d18f85d2e5503106f37f73dcd028bca3c7ee404459b1e	0.604	1
lead-set-john-015	89213d8153548420d3ffef3d357fc3597ca51a5d95e92af05be37de7cb3694f1	0.234	1
lead-set-paul-015	fdfe859b0c2a38372b51aa09071c35cf042bd99e23bb9594a2fabac8a9342edd	0.234	1
lead-set-george-015	171d62bbb2797a002fd3e649139e1b20685188305f467d4e3601467de52a3aa0	0.258	1
lead-set-ringo-015	c8c5ed7ca199debe38ce7d900c1083d2192a330d64d8995350b00f8a4f392582	0.366	1
lead-set-john-016	70f973c44ea43318853a5f7e03ae8029cf364f8445f9ba1e855169f6e352c066	0.637	1
lead-set-paul-016	113c6a2dc0f53df96ebc3b7065437307e1074e8506cbf2e61df76892bd0c226d	0.314	1
lead-set-george-016	7dc24205ab9758c153c3d1b32aaa742a1a91027789f3da405a3494da8bab6e34	0.453	1
lead-set-ringo-016	ca633bc485000c755121154c6b69e927c862929fae1bbedaee02a5a49267060e	0.236	1
lead-set-john-017	615c6ba962b0dde4d04ea8fd93822bedfdcd34500fa7af7103ec3ec7774b9e3f	0.266	1
lead-set-paul-017	08d91819b177811294a71ccf2a9e96292bff59ef6f0d06f067188062a9f9bce1	0.275	1
lead-set-george-017	bbf19cdedc54b41637cf17bf35901e5904c3e0f0de443d7096edb28e474a75f6	0.25	1
lead-set-ringo-017	da5217ac99dd28b72f914a33960da44c1b407a1c2894d6794125e997953db88c	0.42	1
lead-set-john-018	54ae3d387758487d3c8b9342c92dae49284f524f5fe63c4853b8830c14533811	0.25	1
lead-set-paul-018	371f519e8b0e1615846ad0a682bf3a43c2c72d79371b99a68ad8410917426f17	0.45	1
lead-set-george-018	190fa3432f0df2c9f5aaf53533c3c019bfaf6ca4e471ee26a5d8712181cc9a75	0.234	1
lead-set-ringo-018	401c9892ac9af3b312aae6a8e54980d85183a33800f9a900a1529998e9b12a51	0.224	1
lead-set-john-019	7872683f5d962abfa483209cc0d58fe6d7c4df73af1a740e4f4baabf61295a66	0.253	1
lead-set-paul-019	9dedca139a129178111f9707a2eae7de0c812573435cc2c214ca71a384b7aec5	0.219	1
lead-set-george-019	d77bd68e289cb6ffdd75405baaeff93ddffa801956103bd3c7cb8ba5d9f97d4c	0.303	1
lead-set-ringo-019	acdd35997355812edf776ad78450b39c7cb1c65c4168dcb34c07c5f2a9da730f	0.251	1
lead-set-john-020	58e9986cb4fa0bf913d1f1ed64272eec064397d386704a228cacd994dd9896ce	0.245	1
lead-set-paul-020	29a121daa6cfad61eba0034a4de55b96f019a8feb0cc70707b081ffc25af024c	0.231	1
lead-set-george-020	64ae1c885fc93a2bfe947e3aea95e03183cffabaf4af995fba6c3e0300a143df	1.548	1
lead-set-ringo-020	ca5b81a82048d4648efb4a1cca308e3a7feed1325ef9960592d28723052db5e4	0.248	1
lead-set-john-021	e6320dcee6ab8508464807fe17579457490758f9d7861f0fc3c99fe6d0ef3258	0.265	1
lead-set-paul-021	bedf02ad5c1b7da949e927374eb8c4c7e918b8dd24d1e3b436d2bfd2b1d027ca	0.295	1
lead-set-george-021	b788fccfac119ac463612e56024d3f68184796b2bb0ead144f112e0f8a86dd76	1.84	1
lead-set-ringo-021	4d1f421f5621255f970f73f16a13d3bfe3fe8949f8bdb6607c19d07b6a6db4f9	3.081	1
lead-set-john-022	8b56f3a621ca3be187dd5f0f8b84e8be4606f1ad05b2b301fb7095f064334cf3	5.874	1
lead-set-paul-022	0ebff66423aa8fb44415dc53a0f0a3158894e3c1d4a62b5cfc874494f5358752	0.438	1
lead-set-george-022	b9106bcff0342bfa53e55c755319aeea96e899d0cc6d249fa901000da21802d0	0.656	1
lead-set-ringo-022	480787db996891cf6eedeec0695d3e10021ee68dc08290192a2cf09b63bf89b4	0.507	1
lead-set-john-023	d0112b4ec8bddee2720cab97029031f396a8299e9999098295041d4c4d90f3b3	1.583	1
lead-set-paul-023	8ef7a10e9825f44be301de8f8bf0c1f70cd0c1e4cf0ec589a6869d5adcf3da11	0.244	1
lead-set-george-023	3622b51ec634479f36ed8070650593a0aeca8c753084c45dc965da16cc58a2bd	0.243	1
lead-set-ringo-023	3ada1c110f74147cb7cc9b430b53118a15c972f7762e507c82f2b3980448b207	0.296	1
lead-set-john-024	4a37ee7674c9cb4ceee57711a208b6319971ad3e6bcc1ec0b770158c051248ee	1.382	1
lead-set-paul-024	a5411a62fa7df57677080acab90afcd1d752946ffcb399436e38771ebabb9c4f	0.245	1
lead-set-george-024	a4f52c1213569bce516c2c3cba10f58bb728166531d4343110d2b4c232913060	0.379	1
lead-set-ringo-024	ef394e5b4bc39ffdbfe9148464cf7007a25e70972b0314712029a272bfbc346e	0.308	1
lead-set-john-025	1152a13d34a4928b79735e11d0200def7618fc85de762a6fdb53329a16e44831	0.267	1
lead-set-paul-025	ac3a2f382d9253cfff948f8590d63313bb0eca334cd6a329beca5f4b0e8fb0f7	0.292	1
lead-set-george-025	ca3ab97495d8b9e78aac033ad8fc9325fb1a6e7605db3c896ef38bd4a639545d	0.231	1
lead-set-ringo-025	aea262033189afac49be8fd2ca8474e42ef9443a2fb32c362cd220bace681a49	0.359	1
lead-set-john-026	693306f34755f754c650640131b2a8cb4098d89fb393500cda1fbfa5fe8f5d09	0.324	1
lead-set-paul-026	287861e7c73377a55800c3c9e6d07452b0dc5bcdceb0c601bfbbc5256967eadc	0.269	1
lead-set-george-026	16f5ffec48039e2db5b887fc2989246472a23af826f9c4e65be6217ffda08578	0.847	1
lead-set-ringo-026	7415497a778522f9f375712d321f212619a21e3fd992befedfbd9703884bae54	0.296	1
lexical-trap-control-album-to-song-001	e8d0049219003272daef06b9bf8bc39bb56ca4bd7914cb35a5d9a1c98e28ca17	0.261	1
lexical-trap-control-event-to-song-001	37e2243d1bc1a66601bffac8b469167b3cfc87bf14db2e63e9ff4583daa750d0	0.793	1
lexical-trap-control-album-to-song-002	c0a0e4f61765bba6a122a6f745c519f403f2decc176e9d6aada7c15fd684752e	0.258	1
lexical-trap-control-event-to-song-002	7cab8396b388972fbc42949b7f340be681a69d85c61150ee2d1fec28c7fbc03c	1.598	1
lexical-trap-control-event-to-song-003	6535e13546bf2b9ec1bb954040cd12e360c1a98d493c0a86d27d703d9ab83ebc	0.316	1
lexical-trap-control-album-to-song-003	7e4fad96bf680e2380f6830e79e0647a16f689f77b56ca73239fe0744eb229be	0.313	1
lexical-trap-control-song-to-album-001	944c5aa5f79412554b1398b9acaa197074db3053d76c13424d288712afb2b44a	0.233	1
lexical-trap-control-album-to-song-004	a4b15b40be4b8b7b713c688486b56b9071071937c2227fd4570e71cfb848314c	0.25	1
lexical-trap-control-event-to-song-004	794dc8cb14e8f7c4b969589720b919eb4947910b91e30c67b061243532981d76	0.901	1
lexical-trap-control-album-to-song-005	7f83d183464494d4f83430aced5b79e79458918f6f9d5e95a331c1c97d92cb7a	0.288	1
lexical-trap-control-album-to-song-006	31e193d09dfa1117031f38cf9c0bbdfe6ba6b618ce52d1056c359f0f73c85501	0.29	1
lexical-trap-control-album-to-song-007	d5a9f31077fe98eb8ad2337540c3ad6d2c47daaf7b8d4cd5d8b931d4e3499cbb	0.268	1
lexical-trap-control-album-to-song-008	aa30e2271cc7705e1647c79b7b0a790c4951cf5ae3221a4b92533c4f2abbba19	0.253	1
lexical-trap-control-album-to-song-009	19f0933412f445b6405afd7c97f13bd6e1608ecf3db97d332508436bdc758968	0.252	1
lexical-trap-control-song-to-album-002	cfa1235a59adf78dcc6451fea0fd0195edca707ad97aaef27a4c987c74a92c10	0.247	1
lexical-trap-control-event-to-song-005	609326add1cd24d2c4d43edd1e2141b1b83c502ebc0375a0a58688e449cef337	0.306	1
lexical-trap-control-album-to-song-010	bcbf6f450081b566c0e293c345d1c86e33e93653817eaf7768b718090a695201	0.334	1
lexical-trap-control-song-to-album-003	6bbc9d445433af5580d7d26b6d25d4d5e18a39fa70690ee23b0de1e0bcb86242	0.259	1
lexical-trap-control-album-to-song-011	35af364a4147aeb67ff8837cf20be03c5a3bcd691fdb7a4b4c5b223b8fa7de43	0.229	1
lexical-trap-control-event-to-song-006	c1dcf55e0186af310c86acd9e5791c386106058eaf13119609c798abe28b2b1c	0.251	1
lexical-trap-control-album-to-song-012	6e979109ad190cfc913f14dab34c77d92f92b857c52c9db374f4496a809913f8	0.256	1
lexical-trap-control-album-to-song-013	72b6a4a787cb0ac45c812258fb77f5b2d4aa82435242ad25b078c58efc30c516	0.241	1
lexical-trap-control-album-to-song-014	de367a35751f6f9bb46cf0058ba1be849b683905fd2ed87c7890b0aa3cfe909c	0.251	1
lexical-trap-control-album-to-song-015	cc6a012c6c8e7d9eb5febc71e480fd2ffe44f7af4e1a9bf694ba21de2a649462	0.257	1
lexical-trap-control-album-to-song-016	8349cb6cee2645f85ffcf63bde9da288c1940b0b2c7e9ebed582d87ccc9d4a17	0.278	1
lexical-trap-control-album-to-song-017	a7f34f12581b518f1a4c9591fbd464fdee04e77ebdb448e7a52351d1f8c8d356	0.226	1
lexical-trap-control-album-to-song-018	d625cb09d86c1d30424ec8eecea33a7e38853ab046d5d99e55c12c785586b810	0.247	1
lexical-trap-control-album-to-song-019	b7febf49b71563ce5d01cc5f6e1b3ca20d02585cdf1e4fe75124a81f10f1a46a	0.286	1
lexical-trap-control-event-to-song-007	1949b9fef9d64f385e9edc8d4664d9adea34dc6a17bbb3a618aa5a3f7f03182f	0.289	1
lexical-trap-control-album-to-song-020	71665ce4b127d90e210063c666fd9b9c2d8522a0de826554a3dd5af649b0254d	0.251	1
lexical-trap-control-album-to-song-021	58bdb1887c3668a966f0632a120944a4853a6f33d2c0105c02c6375c3c371c40	0.235	1
lexical-trap-control-song-to-album-004	e658b689ef90806f093b09110cde9a72354ce34b0976a22d1a0a83bd6f80153f	0.334	1
lexical-trap-control-album-to-song-022	f7673d864ee9467295d95f4f02635bbd625de4b77e3f413785044d55b1559836	0.222	1
lexical-trap-control-album-to-song-023	41c57050d094a8e713abc90574e25d1cc9aac82e3e9fb2bfef17b111fb6187f6	0.256	1
lexical-trap-control-album-to-song-024	f50c5356e28870925b081aecf2dbade75d8627a4afbaebf63a60e697fa5a4a97	0.258	1
lexical-trap-control-album-to-song-025	4ff58302aae767e89986ef322214515a56fe4027fa03690c7569260279f0d6a3	0.341	1
lexical-trap-control-album-to-song-026	3e6b10df522e2dc5e47f4e9333d6bc166a78f9616c341e0d9085413af80de435	0.242	1
lexical-trap-control-album-to-song-027	f344b9b14b2dc0564fb1ebe05e466d09fc5a406671f2fef5310fd92f487ed3c8	0.251	1
lexical-trap-control-song-to-album-005	a46739d05599925bb97119b3c797707a3047b036e30ff933a5a1d81b2d1409bd	0.304	1
lexical-trap-control-album-to-song-028	a78f14835269faf0a32702c01408c02141b80127153e941ea8841c2ae9e9dceb	0.251	1
lexical-trap-control-album-to-song-029	2e3d0fbe88155214ec50c73d67ee8e2a966956305bacdfabb7073886ac591844	0.228	1
lexical-trap-control-album-to-song-030	1eb7181293312efc8d784421f484e0811d1f3552a0342a178db2783ce3df9942	0.283	1
lexical-trap-control-song-to-album-006	bde4c3229beaeda4acb193a2ff40c6291edb7ccd882cac6fcf5de01e227bdcf4	0.27	1
lexical-trap-control-song-to-album-007	ef489c1bf02c4dabd35e0f19e2d7e0204ad5145984bbeb50e3eb67f2b8481fba	0.265	1
lexical-trap-control-song-to-album-008	34b3e75d9259733a019079b6d0afcd50339964236c3869896ad06d4f5842adb2	0.263	1
lexical-trap-control-song-to-album-009	cd1c3a5aa8ec428bab2ed6d6d85ba9c03f3dc132c02d7672e66a615155ebc2d9	0.286	1
lexical-trap-control-event-to-song-008	eb97a0f41acb4ef47e58e3b0325c15a6354fbca815b728d21ba38830ef427ce8	0.299	1
lexical-trap-control-event-to-song-009	5ab09467dde0243446bb64884f9184b65c12745945d65388f525217a5107bbcf	0.299	1
lexical-trap-control-album-to-song-031	a51c8539ecf72a31fbca1d46983deb47a6a058a23807cae361de126ae4c56789	0.279	1
lexical-trap-control-album-to-song-032	37935cc8e13b2a442366f22552ba139f59ab1ca41d29afbc3ac750a6e0b068f1	0.354	1
lexical-trap-control-song-to-album-010	f773206015851f4ce56a5c5a37a7a53b6e5c96f21b99d726baa9c6c7e6e878c6	0.282	1
lexical-trap-control-song-to-album-011	01589534eeb010febf8ff42db0b2cbd0d5b976541d1b9e0a405ad3c50f3ebf6b	0.365	1
lexical-trap-control-album-to-song-033	5d68e1de969aa4bc2fdf8bf8af7896c3052a12fb8d84ee3fb4e25726035b017b	0.546	1
lexical-trap-control-album-to-song-034	ad329b705ba84c0daa469b21a96439ce7c7e9f59e642ce2a0184d03383073ccf	0.478	1
lexical-trap-album-to-song-001	48dfee6bdb1d07625e20592b4554d9e2f90416cc5ceee5277560bb33c61c83fa	0.267	1
lexical-trap-event-to-song-001	10d066caf251dcc6b56940e0e82b8ffb6881e4ff24c2a688b322025c7a6ab1da	0.515	1
lexical-trap-album-to-song-002	5ffb0d34f79a2106714658618277c2f36160d4319fc9d10f71f5efde3fc9b1f3	0.239	1
lexical-trap-event-to-song-002	2fbc4591833f5abcd5963592ba55fccdf3961ff95942dcc117e45bbfb90eefc4	2.281	1
lexical-trap-event-to-song-003	f803adbb12ea148105f0a5e914b653f7a4223a900ea1e1aa811403dee670687e	0.615	1
lexical-trap-album-to-song-003	063a7d3ef74938b503400a338d7e7ab65119dbd320ce6d5e731713a618daaf00	0.277	1
lexical-trap-song-to-album-001	b6eaf98fb86095eaeba2eb05a0e7c8bed104da2ff6ada4db38f1fb53677d8c7b	0.239	1
lexical-trap-album-to-song-004	7c810fac4546fdeeaa99a70dbe5f2a48406c86c8cd26ad025a63442fd05a4cb0	0.584	1
lexical-trap-event-to-song-004	84f23078c164161705db4e909167009871a66149d28d5a093c558541bb78c1d6	0.363	1
lexical-trap-album-to-song-005	31bdeb8a433cd84691e1276e458e095549198b14baec0978ff9194060e625491	0.28	1
lexical-trap-album-to-song-006	d8f533d10e0105d4bac544a2002ee96abefa3449b32c93c08ba76e04dcd707d7	0.27	1
lexical-trap-album-to-song-007	8b46af031a386bf5aa35bc5d05a927a50b566f9cea798ca082a3a2663bc794a8	0.292	1
lexical-trap-album-to-song-008	b6f25d011793f6c5f4b7a493e78839ebaccfa9d6c967ec7b0c8fec9b2f1b9b45	0.226	1
lexical-trap-album-to-song-009	0fade2c8b691e5f1c91126b654ac034d6342243552cd5e60b8d9f8d6efc7472e	0.351	1
lexical-trap-song-to-album-002	c913f987f548862800d6e8174dd483ed8de4f7d0f9f14aa3f7a6fdfd37e3e5be	0.258	1
lexical-trap-event-to-song-005	c46b851384b054d0acf71fc803a4d5da2e7a96540c5eba7704d07bd3ee4ba1b2	0.262	1
lexical-trap-album-to-song-010	5ddf42877c08c4b544443e41a170de44f7d239f048c68b32dd397093404e9c74	0.238	1
lexical-trap-song-to-album-003	551feb9def081dc5be66c96c0e6b9db9e6d01cb7417ea559dfc58438d4c3d0d9	0.232	1
lexical-trap-album-to-song-011	54eef52a065d4fe8b524d2f268706cea3ec42179a7aed6a80474f53882104a2b	0.267	1
lexical-trap-event-to-song-006	3a72c436815425922b7fbfe4c06ba85eded34c05176d13cedd081a70754c173f	0.64	1
lexical-trap-album-to-song-012	7e8780ea0a6b82167cb98b805cb006af350aa3c51f56059af39bad755fae0ca9	0.232	1
lexical-trap-album-to-song-013	7f6739f7de015b590e7ff3f62ace096ef733cbabccee8b4d2fd9e56abbdd97ad	0.269	1
lexical-trap-album-to-song-014	3c1772ccaa7432c1a94fc3f6f5b95688760c56ace1ba0d6848477673cad3919d	0.516	1
lexical-trap-album-to-song-015	30fb38d85ac1080b685611046ce191efa7b504ce476801f15c4e362d4bef3ef9	0.247	1
lexical-trap-album-to-song-016	742dba1c367b542a3a1b7d0c57f7832efbe82043278ac1b3d8436c5db90378a3	0.226	1
lexical-trap-album-to-song-017	dceadb3fcb4dbc1c77f19ce8d69028125dd8992d9f5f5b26b4745bd4429f8cb9	0.253	1
lexical-trap-album-to-song-018	36fa0ad3438e353d0f8f83fafbd19c876247e343566f2b626b6ae854d9e6725c	0.227	1
lexical-trap-album-to-song-019	8f45588852a6ef1cc203ae835bb10b0acb1927e4946e1992adb27f8aaa8fd8b6	0.333	1
lexical-trap-event-to-song-007	a8af47fb689b22d95db83ccb50f27d9948462a8d995cd0ee18b04775f159a606	0.259	1
lexical-trap-album-to-song-020	72d14e30a77dc8d18db368721658972a9baa807223d343df78a0b1fc5f2ab87f	0.235	1
lexical-trap-album-to-song-021	5932cc3cc8bd3abca2e0152cfccc87881bca29e9a3f5db16451bd88a7e27d94f	1.115	1
lexical-trap-song-to-album-004	85d69aaeed94a301279bd217cb65c551872fc63d787d54885f0bcef94a6153ff	0.273	1
lexical-trap-album-to-song-022	111d17475f82616900b4bce89dc1b25538947d092a3d3fb237e7bfe24c77c8fa	0.263	1
lexical-trap-album-to-song-023	feb047790197a44fb7e070cb4e2a4004d5927c15bed3274105bec4bceffc5abb	0.233	1
lexical-trap-album-to-song-024	6d5c655427bc730cf561762723f8e068d52848b0d8abf3cdb29bc8f829c6e416	0.26	1
lexical-trap-album-to-song-025	9510f951cce2c0f15dfb3e651c7dfd2051e55b7c35aff2e303cf44743f5812b6	0.275	1
lexical-trap-album-to-song-026	63bf2c7186124df47ee2ea3b7721d4c3de464fe045b518f773dcebd881e2b060	0.266	1
lexical-trap-album-to-song-027	6a464c196ae8c438ec16b24437da8ef9c95fb2c9369e5facef51df3fe6da54a7	0.235	1
lexical-trap-song-to-album-005	c20074ea32e5dac802dc018b3eaaea5e8097da8c465629461f8feaee2ce526c0	0.248	1
lexical-trap-album-to-song-028	5d168a428e967f3419d74de59dc1b51fc13636d4d37d613ec119ea2116fa655e	0.242	1
lexical-trap-album-to-song-029	3bde565409c2db5f9e15a161ca9f7a63b19242b01d93e745532ce394800777e7	0.295	1
lexical-trap-album-to-song-030	1166e7c0202934391a80bcf66d10b91997bd0234020cee6402d07eb23e7ca381	0.301	1
lexical-trap-song-to-album-006	bf3d88f937ad7953c5eb6160b796964596e8885f06e699de379e314665439db6	0.326	1
lexical-trap-song-to-album-007	ba9150c8943d8f10ded0d6b3586a181c940aded4abf37a886491260905814d04	0.275	1
lexical-trap-song-to-album-008	52b6d7750a120b545ab852a1cdef261b652ab52a5d4d53cfb25e829169e07672	0.55	1
lexical-trap-song-to-album-009	8594ccb8fd975b9d0de9958b4b173f08d7c09e2a784b904240fb2a1568113ff2	0.494	1
lexical-trap-event-to-song-008	2c9e262db6c99a20a478cc9ee026566208f69ff000601d89c49a16870228a946	0.429	1
lexical-trap-event-to-song-009	52e93e442a9a0f2f07926766d898fa504887f6169467c419623a08292e96e04b	0.312	1
lexical-trap-album-to-song-031	273e87e3064e1b1df7aad552e2173d64e1e238db6acdf3ba54e0fb847472b781	0.327	1
lexical-trap-album-to-song-032	30708391dad62e3593c3c73f6f55a7f08693676af0d7b7401bca2f388df8deb2	0.246	1
lexical-trap-song-to-album-010	341d1d552642bb5ff48e28c335339ba7d3c9ae0febd4350f4de3c1413c922d63	0.54	1
lexical-trap-song-to-album-011	827ff03f6350857f84f52176d52af6fcd87039752df9a7d6f8e26b2adfacbf46	0.377	1
lexical-trap-album-to-song-033	8829c817c87917a7586d84c20c77bbc350c66fc3dbda2bcc8ee2effe82e2b90d	0.328	1
lexical-trap-album-to-song-034	4ea264b92c014a43fa5b6908f4e4ca8d0f495d798a5f71c1655cbd6c07e9d65e	0.343	1
multi-hop-album-year-001	c5533a8b6d6826b52345ac3765e77bd4937e361011e6d42663117b110a44c5ba	0.293	1
multi-hop-album-year-002	5aa78f73329d4e588d53e0b47d09fec4bbb889879e59077aac38bd76a3eef6b0	0.279	1
multi-hop-album-year-003	3243aeb371bdac362b9cae1a3ad8d828a4c2caa6163a69ab0e1aa859ff260300	0.277	1
multi-hop-album-year-004	21e396b5e3ab449651eee46052fb508220ccc9fc086d1ca6db353dd7cec17233	2.352	1
multi-hop-album-year-005	6d1de6892fffbb6277d578141d95ff3712aeef7480e6ab774145d18108af31b2	0.28	1
multi-hop-album-year-006	35efb4c84b8a18e66507f1637432e86ef5c4d98b0a71badc8095c31a815315d9	0.329	1
multi-hop-album-year-007	263751ba7aaf69ebcf1af1f4d46d9ea06d10fffa368cbd487cf4d922f990f216	0.277	1
multi-hop-album-year-008	c0635176a9287bfa35fb9980b0e96e818d7f8b5924dde8f4346012074b02bcbc	0.314	1
multi-hop-album-year-009	d7e8ac3a9dd68acb7b291aee16d3cb0451bde4f7d14563133adbc49e2a4f5086	0.246	1
multi-hop-album-year-010	929e8f97dfb948a190531ff822a7c699d7fa967b625e3a29753f289b0ea46a7b	0.245	1
multi-hop-album-year-011	3fa13d3096504de5b7fe4a11bf42083592c77016a468710a880d3cb83374b1d5	0.272	1
multi-hop-album-year-012	87360a06486dbaf34d26561094fa753e3878c8a8ce36cdc69795fb187c0afa0e	0.285	1
multi-hop-album-year-013	438ee681122bb5cb13321732ca09e4e7b4bcf6a8825e98ccb159d83c211c4548	0.357	1
multi-hop-album-year-014	cd5180e913e77f951599de33d4d011f281153ade7422ca47fe3a183adec10aa9	1.451	1
multi-hop-album-year-015	125048915d671bdb543027c94ae7cc0ff40dafe3c5baa9034a52a1bc71160ba4	0.287	1
multi-hop-album-year-016	f338ba22b42df6d81e667103dc3510e592e48a008e96e4d034b34ce3c53c5b55	1.631	1
multi-hop-album-year-017	e952c83a8188f83ca035c6fc88835516f4779b6c06c448ac861db42af1b2b72d	1.846	1
multi-hop-album-year-018	3906b3e2f05006482568e337c3e4bd7f27ae4df82904250490e2585ef90bb279	1.547	1
multi-hop-album-year-019	a0943fa7c3ac0c5526b036fa2724ef8b620530b85457bac58f5d87066bfe6def	0.304	1
multi-hop-album-year-020	c4d20e1a06fbef6fd98df414cc4aca349aeb50633bd6f249bdd4e191ee5a69bb	0.339	1
multi-hop-album-year-021	4d560cacdf158c8aef524b6393da3055d1ae17ab3f3987f9c78d790951b03f1f	0.335	1
multi-hop-album-year-022	5af5fe83754b3d843445d51a3b4620ebe70f1454bf75eb36fd3fcffeab272a59	0.707	1
multi-hop-album-year-023	163b4d92e7e24827d9f59fcf9e578032ba0cbad73ad98f7534cd7b47f76e8d13	0.277	1
multi-hop-album-year-024	44bd6f5e08e3cf727ea126855d6352fb646f40f932b3868b1d2afa66d8f4acea	0.281	1
multi-hop-album-year-025	cbcdc9e30f77fa593ca10e609e79e061e92dec18a7f74d9f9a8ae38fed82ef5d	0.27	1
multi-hop-album-year-026	b291048411d1790e6fd5505d2979ca829e64ccf923516e3235a430b6383b061a	0.319	1
multi-hop-album-year-027	171d8a1988834b36a0b5471b4abcf47611c4900234fd5411d7c9ba002ba9af71	0.493	1
multi-hop-album-year-028	eece510fc53f22a6cc0e372deb09490e085bedfdd601b25c29f44d7c55ec3cd5	0.276	1
multi-hop-album-year-029	9eea2c8f8cfeb268bfab020bad27f554d565b64bdddaab5ad9c921a08c0aa46b	0.265	1
multi-hop-album-year-030	3266ca6850e5a4cc0df66499aaffbd756530c7559fa23845aca18b4bdf294f07	0.269	1
multi-hop-album-year-031	0a5d8bf590c1591d7b0a1c7b94099bc7c35825d6c637ec213bb7a27cb33d0b7b	0.428	1
multi-hop-album-year-032	adc2e9b5d67fe199a77d4f53c09bf4e5ccbb87d4c2484988d7f3e13021da4317	1.171	1
multi-hop-album-year-033	916d9c9088317ef682d0280581a564dab438b51b4375263f47164a64cfad824d	0.305	1
multi-hop-album-year-034	00e851dad8ded39678aeadc764b0aa46800dda2097b980e29f496a101f24e810	0.31	1
multi-hop-album-year-035	d0b955ff76e5dc1c8726df996465b3bfdead709de1e1e4b88b628eb3ae08d18a	0.253	1
multi-hop-album-year-036	6199605271ef337eb198a9d05cec5dbf4f8816082880ed36bb4c4e833a98e02d	0.304	1
multi-hop-album-year-037	f099a950882099beea7d515b7ba2431919eda52676c7d3ee22751a5075f6b5fb	0.239	1
multi-hop-album-year-038	bc129ad004493a6a78c239f69ba1379bad0a2c312dddc65ab58756738480cd36	0.277	1
multi-hop-album-year-039	d485a769562ea0bfebabca6dbaa830920dbfde778b574ea85f983e34a0928599	0.274	1
multi-hop-album-year-040	07049ca1cdc65e138a8ad62fb27867b3ba7e33ce2f69e4077983ce0ce7d3224b	0.289	1
multi-hop-album-year-041	fd02a0fca52d3ae56ebfed9078c95f8fd3c923d8eab37a8e24341e1b12448190	0.237	1
multi-hop-album-year-042	c1c9c55c0eecde160ec9d4d99e78600115bc3d2b5b4903591b63525e9aa51c16	0.508	1
multi-hop-album-year-043	90636a9dad0b26ffdd4768d80bc966a7d6b762ab5b521ae94b880f681df6261e	0.242	1
multi-hop-album-year-044	ef744fbc8ac1f64fbeeb204c7086450ccce7c2a8905920db820f996f24891f02	0.252	1
multi-hop-album-year-045	0583e611676bc9b5c719ca8f3f509438156cf693c0755c2dad3a63ea7fc0e58b	0.305	1
multi-hop-album-year-046	00e7bad17741d436d28dcde4aca687c33c9b4f12a4c179c63f0e40a800d18494	0.334	1
multi-hop-album-year-047	f1138f794f388fb5e795528707f55a341530a5c07b32f24fff03d30cbc9e8de3	0.251	1
multi-hop-album-year-048	63ef02e397cf2dca75e9dd4b8111f7ce2077c26e0f12276ea7ac8ae26249529f	0.359	1
multi-hop-album-year-049	212072cf9dbe094cd38ccfeaaf0f3f2eedcced56535dfad72eb5daa08288b585	0.258	1
multi-hop-album-year-050	736286e55be8c897c9e3c286eb083c3b908f9a93304fd593e7615647f20e09bd	0.248	1
multi-hop-album-year-051	9d663c0c8b5c236f44cb82af186f707f4705744bce13809dedf25b36043ee61f	0.237	1
multi-hop-album-year-052	b4047a002622669a82d8c48204c0c9cbe8d1c277e785a97e737a0630cfb43e5d	0.286	1
multi-hop-album-year-053	2b3f10ad4d474ab4ffd4465db295905f38d5aa7eb6fb958fc4e2d8a53b349646	0.261	1
multi-hop-album-year-054	e9a8f8551810a988659240bc08fb101f797aa79f8c8b8df28bcdc773571549c2	0.257	1
multi-hop-album-year-055	583a9a308d2aef3bb4047617c34d83f9cc1a631416ae2b455fb0c7e07dc6a5c7	0.283	1
multi-hop-album-year-056	741edc7bf9ff6e51414dd00415813244e1cec1a47e4b2d7d113d5de3f9bd871a	0.266	1
multi-hop-album-year-057	142f84350690b581d870ad177419dfe4fc1118c9f13580ebc5ae76a0557e5ab7	0.277	1
multi-hop-album-year-058	44203d323c35b4f79ba4f7c1a766222b9a40125fb972d3f2925edbe71ae28c16	0.244	1
multi-hop-album-year-059	e7dc54d8f63c8b39a34fbfcc4e662615ceb8d6f73a0daf2d09a9b1cd600268a7	0.251	1
multi-hop-album-year-060	f9d3235829168779e269d25634f7dc143a42260ae547f761a39a50721da2276d	0.293	1
multi-hop-before-after-001	07a7183cc2a758f52d061054063b28fbb7d113ed37165dfa3c428b15f4c7a6ca	0.242	1
multi-hop-before-after-002	71f51de991b7f6f96dcbeffd2dfed0c2e23e8debf727adf079de50183d19123d	0.244	1
multi-hop-before-after-003	94bfcb82f579cb044c53bea554bfd2392a6caf9b3f19a8b85dc808b798eaf3f7	0.227	1
multi-hop-before-after-004	83a495e6427a27a46e347fc640df59bdb30337ca27263197fa448d7d75be669f	0.267	1
multi-hop-before-after-005	70d9efd55b0ef6479428288a332b2df7aba599e4b220c4e29cf29e3c786de81d	0.275	1
multi-hop-before-after-006	ec4be7b787427cad55ee161bb1d0dc25e8a4aff44496807fc1f0c30fabc62942	0.313	1
multi-hop-before-after-007	6aa0f7f52478e339e55f1d7aa37b7e82cbfe799d5a3f09a6ddc84003b57ea127	0.245	1
multi-hop-before-after-008	4d142fddf6e879452a0fc3fe9ae353cae23ba3f46fa08dccc5ad29b4ae169a40	0.26	1
multi-hop-before-after-009	ecb89cd5eaeb2df001df2b14942b7907b093cf07fc4e7d4ce61e8a8d7ecfe761	0.247	1
multi-hop-before-after-010	f1bc5906fc5d5d682d063dd1b3bdec66cbd8aa297ffa3781dc805b7dc9c45a6a	0.258	1
multi-hop-before-after-011	aeef917d5acdc3dd6a590b45523cd4707c51f579eb3c240634b38aa5763c9f13	0.245	1
multi-hop-before-after-012	a6add468b1c6b23f921bca9bc5826887338ed13b81964d1e546d01207b6fee38	0.348	1
multi-hop-before-after-013	75f51c2645f6e6b4547b570a75291724c139819a6258feca21b1339adeec6df3	0.302	1
multi-hop-before-after-014	5134bf993ef9c8bedb04cbd5c38fd9097f7ee54236ec31777f782ec3c59eeaab	0.277	1
multi-hop-before-after-015	80ae0784a04fd45e666219ef07726ab0932884a0e93df8a5382983738ec915c0	0.665	1
multi-hop-before-after-016	6d6f0eac09682ea36711a86e237173ebcb84cf35f23b42178dcd74d182937699	0.244	1
multi-hop-before-after-017	a5b85bd1de4c8ccc48237ba9296440b08990eb319a601f2af0794a80caa266f7	0.285	1
multi-hop-before-after-018	ed198c540860040561d88f02cf886257f3efa270860e41d3e0a00549a3bf1927	0.289	1
multi-hop-before-after-019	a36a97a52fba0c66dbf30d02d0d79345ee30dff9563558a42ee060e87704d528	0.729	1
multi-hop-before-after-020	881c384791ce08035f82828a5945b0d4c72b8bf99bed1bdffd6d8b5cb9804d74	0.275	1
multi-hop-before-after-021	a09eb89cfe63cb746d10c15690c7ea959000f05c5f0b3edbb950be64708a117d	0.269	1
multi-hop-before-after-022	2300fa0fd7c456753f3fc4be79c3faf902565ea85aae71429ebc41f20de53a87	0.262	1
multi-hop-before-after-023	32f0a39ff487a68f8a983289753ef2e8ca49d0900d9eeb3a0a3b3dc958504afe	0.249	1
multi-hop-before-after-024	01cc6c2da66ffb6d96b80b8da23e9d2f4c96ec8529bd13afa5ac0464f04128c6	0.26	1
multi-hop-before-after-025	d3ba3247d8249286bb607e5941b1583ab0800ccf5aaff4ce2d330aa220a06842	0.276	1
multi-hop-before-after-026	9f1ab00a48232fe2c7f5df294c6d42d0a43ecee5748a9fbae18f26ab52486835	0.248	1
multi-hop-before-after-027	7732d53d9cd05fdc43cfa97ce41967d1ae273a8bad7e31956f77c5dc890403c1	0.257	1
multi-hop-before-after-028	5f2ed337a0e623759a26e13c33e4e2516abf8bb2bc9c2c4c70a8ed69ff58df01	0.233	1
multi-hop-before-after-029	2d89422b532fb30a9e1028ef0ca7a2cd61ebcab21776b4d9d4747a6101f46d56	0.414	1
multi-hop-before-after-030	7151d1506b46422e41df777ed9c99a6d6dc9d6c255eaffdaf2c4b53e647cdc74	0.236	1
multi-hop-before-after-031	1249508f3111f05ac65cd453421a590e227bb6da64326523920457f7eee2c16e	0.232	1
multi-hop-before-after-032	e4f698aa0c91548655e352c8b3aa097e0be7d972bd99f0118d16525210b14cce	0.234	1
multi-hop-before-after-033	57f2d16eb82b5c7233c441e8b145b4c5713805b4f20dd7431dba42543feaa96f	0.237	1
multi-hop-before-after-034	2a5f1b9675aaddea9fa6b93db702fc3575f0569bf3ff521e515329e4d59fa09c	0.301	1
multi-hop-before-after-035	3ff062d26cd685757d16ff4b8ce72b441b2560baa7b46f6613804fb600de9ca2	0.306	1
multi-hop-before-after-036	181aa35349ed9bfc74cf28bf7a81531f92d6b070af3d3fd9a2566a0f32f385da	1.287	1
multi-hop-before-after-037	c241e26ab66f9bab38ec8082955d5a576faaeb1ac0b7a90c5f27d57487ac7ad8	0.261	1
multi-hop-before-after-038	282d4d76d4d6a61824487c2e1ac0847b583a43f4548f1c555af7f917062e4e65	0.338	1
multi-hop-before-after-039	575f926c2f121f80e61d47751169dc6489c082e578318a0b47e2e75b7f7870c1	0.341	1
multi-hop-before-after-040	6699d8ca22a54d91079c98b3e555aa5479808cae5cf87657e4b64d86499a21d6	0.251	1
multi-hop-before-after-041	b0475a62ffedf61f4921c25a9f4a8e1c5c70f3686dca0c420f13434dda682226	0.274	1
multi-hop-before-after-042	3aee1809f6c796d29407c0c4ad52bcd9b4ab533a7e538736f42e8db15b6846be	0.592	1
multi-hop-before-after-043	0dd9f4375a4fc60a62e9f1739ef7f41e92a658fd672643fb6336ea58d585bc59	7.229	1
multi-hop-before-after-044	e5ee2d1d07c387f0574e041fa0ea546c58a90c447fc1e6fceacf5852b75a846a	6.069	1
multi-hop-before-after-045	8b3ebe89f892b965a9756856186d5b65b1dbd8beaad3b7569bf125b19c1612ab	7.534	1
multi-hop-before-after-046	33768b4ece233d7818c9c2b46cab48f747190d0a1b16769c50a631418479a177	0.343	1
multi-hop-before-after-047	b72131b483c7e900b443052a9999a08993351314c254038b127400870efa9e5b	0.296	1
multi-hop-before-after-048	5b82147328d9092d3b2fafd8d1a8ee63ecf9b3e64ff7197ba8488c43a436980c	0.286	1
multi-hop-before-after-049	6b029f72fae168fe57b8292dfec1c39f1758e6b83af55b1213e1cf25e056561c	0.559	1
multi-hop-before-after-050	3ee1c35f26d4767d70099e01c27747b6066a058e882bc361fad3228141ce8446	0.3	1
multi-hop-before-after-051	30fa99257d1a82a6c5050beca5e2c3e3874665e155dbeb42eaf2a3adf491503d	0.273	1
multi-hop-before-after-052	0e70af4c19227601f9782abf19a864f0037e92734bd77a9a00f60a97732bf599	0.599	1
multi-hop-before-after-053	e2aa38139d35602c68cfed08c0aca50ae3f5b3f5ea91222dbf4f38d3f29388c2	0.319	1
multi-hop-before-after-054	c72b5835d6f070142701730e013762133d7478ece12211060123481c6985a909	0.269	1
multi-hop-before-after-055	d1eb0a3e593f7197d57921246867b6c0219e39218080a0246f90933b9efa8db4	0.265	1
multi-hop-before-after-056	f9d3bbb381d7b9ac5b3ea65ea8a857aa1a8da526463182c989fc4a4d353a9456	0.248	1
multi-hop-before-after-057	68e90d85135b7b5140cc8445619ae63ec85c1e7ab972523efaae4935bc7db8fb	0.398	1
multi-hop-before-after-058	00b14902fdb83895ff00c0cab68f9e341639dac5d3cac3a6ab2adc77d18ced7f	0.249	1
multi-hop-before-after-059	b8c3b8d17a2b52422337d76ce9577ba99a49c4be231b947ee0e7e564c4a6a272	0.31	1
multi-hop-before-after-060	0ca6831d520148ec48bec9c2230051c4f53ed66123bd3a3058b42acb3ab7f5a6	0.282	1
multi-hop-same-month-001	e17c9893514182a3190a363852f660447dbe88190befd57e1fd572aef3876ff2	0.266	1
multi-hop-same-month-002	63e4af7a69285b1b33826d66b100962f9079aae26f1a0c9da3c443589e15aaed	0.598	1
multi-hop-same-month-003	0fdb33d7704381d1d102b49bb299c7813e2779585052be5ffd24a8cfd4caa207	0.321	1
multi-hop-same-month-004	b7eafafbc473cacc0c7c993d7f8fd25cef9c92c2d295a7cd1422c35799eca438	0.261	1
multi-hop-same-month-005	d7e6768fac0ff0bd0ead576ba01c539d135e05be939c17ee1508590893de56e4	0.246	1
multi-hop-same-month-006	8da246be6892f8ce2f6008d72d3da2fa6dcd1125ecd8f5a6302df103111f49db	0.586	1
multi-hop-same-month-007	23230dcd0f8bd5fa46c555525d238c9c6af4877cb7496c3ce18d18954455fad5	0.264	1
multi-hop-same-month-008	974f9555ee746cb03736f9ba1f3ca444af675346e1a09f6525f2b264763e2079	0.236	1
multi-hop-same-month-009	7e5731d7c82ff08f4097e98fa99d7edbc5513fc05c4064a41296cee6a4821071	0.296	1
multi-hop-same-month-010	f0c75055a0a07227418fb6474b9b39d4092dbcedc234949898fa7a1625f9cb74	0.276	1
multi-hop-same-month-011	839ebf294e57befdd65affbc544123995b31d4d3a21e093de24a352f09d176a0	0.248	1
multi-hop-same-month-012	6d03c677a0ea9d2c93e47bba2de54dfcf00926428bc22434cf0db8050af31ef8	0.306	1
multi-hop-same-month-013	08352e999285cb82a68371341bbbcf02712679e3ff6cde493fa29ca9cd8e35e2	0.251	1
multi-hop-same-month-014	ced77d1a46aef19b0eb6bbfc5b8acf92ba60770fe0bdbf480f527cfc543709fe	0.254	1
multi-hop-same-month-015	5530bf33f750c16663bbd75350d7993237e9df7f19ed0fc61ed55d0f29f08e26	0.261	1
multi-hop-same-month-016	35da59d9ba6cac2c911d4537c63d5f839ec92fc2fb5d77228086bf59cd30f545	0.257	1
multi-hop-same-month-017	ef577a886b71bf1cd39ff3575fa83a2ae4934ec2d6bfdf04c7f13e46a57e664b	0.259	1
multi-hop-same-month-018	a9e52ef424a8ccb71634596519fe241b3a27a4df17c6ae284d7c083c53cc682c	0.468	1
multi-hop-same-month-019	ee85e4eaf0cbe40267f22e1fcf594b869824b2b246fca2d951090e440a058d29	0.415	1
multi-hop-same-month-020	bf0495c642629ba6e7691951351fa8d8d04621bffbb69612eb46d0a3cab0baa5	0.273	1
multi-hop-same-month-021	9f1b6db75285bdf3153c7cfb03d9961d01203ecd9c1d0bfcfcdb1a0f6c590a09	0.236	1
multi-hop-same-month-022	574ddb110b1fa756b4b4b978585f4a614f81cf444a3d462feac41ebf46ae1829	0.356	1
multi-hop-same-month-023	2803fc36f11c39f516383cfd5c6c5dde40f570e9dbb9bfb4840e7faf8cedf376	0.236	1
multi-hop-same-month-024	1d75e63623463a7bdf7ef790edc70e5639e514671ac6398a3f78c7303af4fe90	0.294	1
multi-hop-same-month-025	ce61bea194771841d7b313bf5b93e1072110c03db7ef83fccdfcec824393ac2c	0.247	1
multi-hop-same-month-026	e150c8bbf11bd85839577adbb54719095b43cb8bae47f7eaa58a558ad282695e	0.227	1
multi-hop-same-month-027	73b03175838707a880ceb5c2bb3ef9b83e987345de2dd5a5d29be0ff3aec1e76	0.254	1
multi-hop-same-month-028	a1d2ecfd2df444b59b2a752a50569c73567f738c6fe6ec5aa53f3630bfa6f647	0.254	1
multi-hop-same-month-029	62c7095b12e20d039c8f1453cd66ea8c5b19f960883286b0ea8dbc7c3cc224f7	0.281	1
multi-hop-same-month-030	e595a32e356b6d5b9470f53c833667882448f7b4087f9d22d83f495693cecf0c	0.423	1
multi-hop-same-month-031	0895b0eb4a88fecd654d0d3983fcceb7bab33797e04c186084ebfde0ba88e3b2	1.958	1
multi-hop-same-month-032	e67fbb5cfdae14851165215ff6bfbe6783de177bdafbe44d1023aca9e92fff0d	0.32	1
multi-hop-same-month-033	d22f6b8cc14cc50941ccde38ca2c71727c91254c417b947c81a4370259702000	0.309	1
multi-hop-same-month-034	31e03eca4757e75bc857767bf706885b25a247dfc10be73c2c78333988541e95	0.268	1
multi-hop-same-month-035	a4d48be59f2c329f1346a82d2e541c41054c3f980be5620b5301b1c31e508f55	0.274	1
multi-hop-same-month-036	34da4e757ef8242d9a74434fcf21ac5d666f4bdf00b746f97b32aba7c6441138	0.391	1
multi-hop-same-month-037	a36af01674b50d921c9c4c5f3047499dfdcedda0fbd3895ad6923698e17d04cc	0.289	1
multi-hop-same-month-038	aea0d4d27182077729a2a405575a1b68d922f001022478ac595b3154dc24d57e	0.268	1
multi-hop-same-month-039	8fafbfa7066dfc557078f952f796ceed06b5d07768766dbab1156f1ac57bfe60	0.251	1
multi-hop-same-month-040	0fcb3b9e555897d7ad2e04b70c1a39f001e8cae4369da1cae114a529330c2605	0.237	1
multi-hop-same-month-041	307c6bb03968d273d04c666344933ab904971aaf04fe15623b133926ade79548	0.244	1
multi-hop-same-month-042	bdbcb74dc2fc49d9125d1fa90b3b294ff4a904aafb884edb092596e171d88be0	0.277	1
multi-hop-same-month-043	13e427412c933e5d89f1e51e537170f6ba2ea4616928def4aba138f7b799ff54	0.24	1
multi-hop-same-month-044	e8d69a977c67b68768d64ba165f878b7e3c040d7c6e51e47af637a0760de9f74	0.32	1
multi-hop-same-month-045	87d7ce719a37e54a8c44b4f043b1db8e0854d987df5fbe33082f793938ab771c	0.268	1
multi-hop-same-month-046	7dc518f373e93ae3a6724824393effc1d663c708d40f188825b160c21706d8b6	0.245	1
multi-hop-same-month-047	40d93426380e218434ff5149f909b320119e237db60b2deaa96c63a3f06aaf35	0.582	1
multi-hop-same-month-048	3d5061bc5dd7b697688927aed7e33b89c8c8186c900c7ebe41b5b04805faa563	0.364	1
multi-hop-same-month-049	53f5aa48498750927d375bbb5e8f15132f6f5acd4ef3e194bb930e8e7826c01c	0.276	1
multi-hop-same-month-050	acb671decd4e8df9cac7d548bd6a3d2ec5d8dd7daf12cb40ffdc9e0e4e09c932	0.259	1
multi-hop-same-month-051	d58806ff6f598a070f9edd4ce8668bd39cbdf78eacd14141891dbb2997bb1bfc	0.36	1
multi-hop-same-month-052	fac349d93fe2522aa7ae28a739207d6f1d23689d22fb6efe11718618fd8ca60c	0.287	1
multi-hop-same-month-053	8573086308b8edf99653ae478f16871e954f9144c18de36ecddb5f32a7dbd8de	0.242	1
multi-hop-same-month-054	6a953bb61b837c7a903342277a21e784720f7b7f9decfb448821638555954020	0.26	1
multi-hop-same-month-055	0092642e587f34aca5cddb4a25c6d808d6ce07b329aaa50cf611bfc24a6fa182	0.245	1
multi-hop-same-month-056	6d8a14d70b853705f7675c5938b6fc6c7790d6340a1159d73134d98a71ee8c28	0.25	1
multi-hop-same-month-057	ada066b38a018a84de74e3115032c23ca0e4a4a8d4073d5183b4d510c3ef0b30	0.264	1
multi-hop-same-month-058	dbe9d5f5c19c133c19c7fabf17d9fe31a9de721c03fadc21ca06fde3985905bc	0.273	1
multi-hop-same-month-059	61208b1c62fbc05e34acf86c778c200fc99b0c01f68b6b62227772736a3a4809	0.294	1
multi-hop-same-month-060	374cdf1aa0baba29dce05cd54ad503e65eaa0ca846106311705d7198b1a882f1	0.299	1
near-neighbor-control-album-001	a674de42f53b658762be78691c1b1c15f0a2f075154bf3f78616afa1b145641d	0.254	1
near-neighbor-control-album-002	d2ee60b15adbaf3396ec8889c6a5f1cd326bbc2728e315841bbbdae03d533a84	0.393	1
near-neighbor-control-album-003	57671d153a1b5f847717f9fa0669d761d0af6d85f9ef7d9eb203f6632783c0b3	0.248	1
near-neighbor-control-album-004	e6a783f3ce034b1de0ef3a3c91c24980f5f425afdafaa2ecf4deb29bb329859c	0.265	1
near-neighbor-control-album-005	14529039477ad9aa7463b64a29259f558dc3b7f17901a1e552433b1ad95b7756	0.275	1
near-neighbor-control-album-006	5080afb4c841064a982bc4d6d545a710554cdf318d858951cb8c635f1bae5125	0.298	1
near-neighbor-control-album-007	24d69043813e38039e95440ea36d35547c5eaa666cab17111eb91dad731d4c3e	0.283	1
near-neighbor-control-album-008	fa97e2f2c71609ff8b611e4bfc2a3690f5d1a653fe30bda3be577bc341ca80c4	0.269	1
near-neighbor-control-album-009	855f88eaf8f5afe53a8dad6734c48841a5c37810980f3e1d1d80019c4fe7eeab	0.281	1
near-neighbor-control-album-010	2b7bcf47c8970d173a37df50b99f77edbcab8abd519c16042bbf1808138dbafd	0.278	1
near-neighbor-control-album-011	2d72bd8a588d8df9492e8a5eb865aa988ab70f8fb1050de1e603855d173fae05	0.352	1
near-neighbor-control-album-012	e7ce3531094748bcd00ee19203f7a4b83e4566c44de5e10cf0355906d75f7e58	0.404	1
near-neighbor-control-album-013	5eb72eaafcef3688e9283d06f94e52074da883356fa282c8c81709537a47c115	0.324	1
near-neighbor-control-album-014	7442f43abc5fecf9f975cded5539376e67d89d65f4912de5ca6adde235c4caa2	0.263	1
near-neighbor-control-album-015	1ea95770d41029559ac14ce23964adac62b6940195e06df102dbbc5fa84e7d2f	0.262	1
near-neighbor-control-album-016	1f1c42abc3cfaa7fc9e31c5eebf09d010e415edf3f720383eaa26797844fef41	0.273	1
near-neighbor-control-album-017	a29366647f092d3ad6157e5759a5b4bf9e8e5d76eb75e21ba0b3aec433d47497	0.268	1
near-neighbor-control-album-018	6369c984ad638c216a83aa47c13e7290ed7b2a0bf4a530d186dc189daa23f501	0.685	1
near-neighbor-control-album-019	3d7bde44516014a8ea445dc16f732f5292653951d156adf46c852f8a27e956d3	0.476	1
near-neighbor-control-album-020	7711c3246ec0615a64ccdc77d55addf2098ff3bf53689d980f213eb419a9e412	0.456	1
near-neighbor-control-album-021	a102ce387bbf854baf7c04c6200cbf8086a792d1d89b258f3a599caf34f7b16e	0.484	1
near-neighbor-control-album-022	aa60c878caa48aa9c2775b1a86430ba90942ebc9986110a1efc9735fe7121541	0.305	1
near-neighbor-control-album-023	9cf1288762a5531ac3661da9abf8e3f56ccf3045bacc5796ffdf72e7cd3a4361	0.44	1
near-neighbor-control-album-024	85fda533273624bb098b54ba2d2b45f57949fb24c2992f5b94bf9a9067acf930	0.287	1
near-neighbor-control-album-025	1a3dad35fdb405c9c49d77dec645e004672ba2f1771be570a291ecff239c1e67	0.275	1
near-neighbor-control-album-026	3af88385768de77858693bb6de5f15cfca1da2dbb3738b6913aff43713dc93f0	0.333	1
near-neighbor-control-album-027	d03b6d3818d4e5f53f0ace8726306ec27e1072643e1df52db59c8fa105bb91ff	0.276	1
near-neighbor-control-album-028	66ccc628a9c1a121fd6ef70e7d252bdc082242aecbdc385f721df734fe30721f	0.261	1
near-neighbor-control-album-029	d40356fb523cc603ac2aab5b4957ca43b47e6192d6a8a8c6a26956fa7a0965f5	0.3	1
near-neighbor-control-album-030	288817c11105369b199973470f0e63af4c971d159161e86e6072ca38b2517e8b	0.395	1
near-neighbor-control-album-031	cf0a028ead549c12c070be6a0d0dd7ada7998ea651f1b9b764b0d5efc0c3a046	0.27	1
near-neighbor-control-album-032	ea25aa2c43afd782633ec443d883832e5970c8c030540de1a9fbc56ce73d3db2	0.288	1
near-neighbor-control-album-033	856ff180aad309c976c76c614bc1088add486a35bb7e8f6393f735e9a9d0f193	0.708	1
near-neighbor-control-album-034	36e35dd8df56cd7784bf5760c93cba0564bb2bffb4b2682ebe05ffad1b813a19	0.259	1
near-neighbor-control-album-035	7fd3cec3ce72e32ffb4a22096853c4d163bafb81852e0e038b8eb87943dccca3	0.256	1
near-neighbor-control-album-036	154e7ef72e346e0738a38d6c92deb2f1c595260b332ee317f5a03f227932e74d	0.297	1
near-neighbor-control-album-037	8bbe09ac8bb54cbda4571ff1e8e5d4c43a4082360ff412cc0c4700746707c101	0.316	1
near-neighbor-control-album-038	6363d5d32e79ead45510eee45c4c7a9082937eb8e733bc466ccda8cca3a2b17f	0.325	1
near-neighbor-control-album-039	52671201a2678602b0ad4ab48adc6ec55c3b4544783f28fc44527c8edc17add7	0.26	1
near-neighbor-control-album-040	806aa783d0874e3acbd74d09269a71f81452366636c3cfa12a45bdf15f538f47	0.251	1
near-neighbor-control-album-041	b443b206751e71e585c69c27f920d47d3b9a1e812b676c3ba69946c036fa6e08	0.336	1
near-neighbor-control-album-042	1396442c3f1a4c1fac8d9516c6754ec62f1446d3a4c17814cae175bd543f0d57	0.363	1
near-neighbor-control-album-043	97e92c1e2caea36822c977a76ed1243e6466bd7f4e12a7864013f8132af46d24	0.242	1
near-neighbor-control-album-044	f34db8273dd4d112e1901f342e8cb3837a2143bc9eca42ceef64ec6789597503	0.271	1
near-neighbor-control-album-045	a432973f3696a1d96d15e836056e8402ca2c0f56f4a34ae5a721821c33900d6d	0.709	1
near-neighbor-control-album-046	54ce72269916d211441596f06d9f613e941d0e88fbf2809016268ba8da46a983	0.258	1
near-neighbor-control-album-047	c7e6a46e4b87678f624b43724903baf4d9726b7c2d3b1cc0c9c5afdee7293be3	0.229	1
near-neighbor-control-album-048	6d49b0daa30b034ba07ff3e15102e5c7e54d0a9cdddb9ca551b2674eaa4fbabb	1.019	1
near-neighbor-control-album-049	6b39e8a68db6d6a49f0c923d87a1e8e475173ff2a78a137753c326e26369a201	0.453	1
near-neighbor-control-album-050	33f5da6a9c8d4f259898cda6ea62cb17d8549316f50e12d6fae95c558bdc74d7	0.237	1
near-neighbor-control-album-051	222f5cae67f6dc382ef221ebb09b663dc4690805ad47746fef4713f61887afd0	0.246	1
near-neighbor-control-album-052	e357d2b2eb199905c85e901fe5df9f1bcb298a2e4efe2b79d3854bf94276852f	0.262	1
near-neighbor-control-album-053	3e52296ee150975f3bdea296d99da545674baab6d3a6644155768032e290fc3d	0.291	1
near-neighbor-control-album-054	ff6ec669cfbf1f9a0bd4948e13c38aa7719ff0c66b1bbd61d5ed969689a9760f	0.25	1
near-neighbor-control-album-055	5a90f7d6944f220f077f2a5ec8b3bc094c586c23a286ef23a700b7e39279d1f7	0.236	1
near-neighbor-control-album-056	6d23154d840c3b0a66eeeda369db99636b189c473371b0be69edbd316213235c	0.244	1
near-neighbor-control-album-057	15c7ff2f2c5b2a0a643e0191b46df3d7149571752d2223db83f47d245b367c3b	0.39	1
near-neighbor-control-album-058	d5d0c8597b18152a64635d288365dc59923f20529d07f7c1a1273bcc0b531407	0.256	1
near-neighbor-control-album-059	5f90c1ab02060ba08ec90c4e4551e6920f9c4e77ed095e0f49c548bbac8f0e32	0.255	1
near-neighbor-control-album-060	c60613a72648d462e745a5f94084d7f8be5aa302da32dcfe8d96197d1bfb91f2	0.243	1
near-neighbor-album-001	5862d9b69168a9ccd4824b073f0ce2f083aa8f58b5d96fb10bb699b468bb6d65	0.261	1
near-neighbor-album-002	01683e3332699d4d19b99ea97909c232a7cc5290ab58a51436efb2af8a0984e3	0.273	1
near-neighbor-album-003	529993930f1f96cc599d77a6f9e210738885269e10d4dd6c631e261d8597b422	0.242	1
near-neighbor-album-004	a33b50a636e9521500aa3b7675995124f4e1a70854e4a0ba992104fbd0818725	0.272	1
near-neighbor-album-005	cea246968d4dc8646f2a0d9e67d1879076007a8844a61facf0427a12f563d90f	0.272	1
near-neighbor-album-006	209bf3ab3d1067ca4c672f6c52ee75ee3c9cd00f42648f7f0ddf3a8c0d829269	0.244	1
near-neighbor-album-007	ef9cfe39e686fac73fe7e9d4cba922594633b1b2cfc7af97dd230130eba9924f	0.237	1
near-neighbor-album-008	6ded03511ff43c6747fdab0243ce7ea5684688c2fa88648ba6cc3b6ff3ee0441	0.272	1
near-neighbor-album-009	7700ca86ac61e2840e138059fe1439fcfde08ede6682dc339eee93ef5be9288f	0.232	1
near-neighbor-album-010	ee3c6e660750b2aa2fa87e52a71c93b78cda2c3acbc6d272abc3489d0a27e039	0.399	1
near-neighbor-album-011	f37b91c07ed8ef7c11112a35024a556b8065d9d61d6dbda46aea99463959a81c	0.24	1
near-neighbor-album-012	c60e11e1b919691c441f9922852611a76f4afb53ecff446e406e2c4613ac59e5	0.224	1
near-neighbor-album-013	e9c39d4c7c2644a38d3486ecae3f9d0e46c6b22ae0839368a5a0035739eac3ca	0.308	1
near-neighbor-album-014	5ba3eab9dcc25d12e01a49c766ba08de23d2894d0a094ebe5bb8f30917748338	0.249	1
near-neighbor-album-015	6dad1450c9078c480033de10a2789c315bd08978e84142da3534009ece96abba	0.243	1
near-neighbor-album-016	deca263fd55e2e1592d24e62f13f831f274b5771531868a36feff4f3f5041e31	0.224	1
near-neighbor-album-017	fa83800a04b0f7f93084958c45a0c49c881140f215670c2c02e9341713e0bde4	0.254	1
near-neighbor-album-018	1f2cf5ff0b2b495623686ba5794f1094078fce81115eddf2c451be020ef8de23	0.249	1
near-neighbor-album-019	ff6a8ee227ad2fb6d5ef4a6d6ff2a69a2a332ea107c02685def6c8a230ecfce6	0.23	1
near-neighbor-album-020	7a359c5fca56e57a312be7c4d1c71a252cbfc8a3bf0c86735e6e29354e6f46cc	0.273	1
near-neighbor-album-021	8008c63e270faa804d4c074e2bcde073c02550dcc5fb1cfd395936cc86cbe4b8	0.257	1
near-neighbor-album-022	5fe45902244651158629f62a22ffaec62490bd2777cb68653a2a69db519527e0	0.519	1
near-neighbor-album-023	fe07edd4a269ed25ed64cb799e181f20d2f36a2156ac47c90eda9e461f4d2f3b	0.62	1
near-neighbor-album-024	b1e124f9cd367d5c777defd454d8eb03347dbc424ecdc71eab9f736656bfc910	0.526	1
near-neighbor-album-025	a6bfd7a4b5dedf99fed986c1bc137a23136bbc51d578550525cc1f09bb8bb501	0.316	1
near-neighbor-album-026	100fc052aa90fe0d790e85d973682ed9d4ff8403331c0f3c48485fca1c2a96ee	0.245	1
near-neighbor-album-027	3de0445f28f1a6fb5585c86549d23a21017d4a43fb3e9061099fc903b14017a8	0.254	1
near-neighbor-album-028	8463cea215b33ebea9efa08a7a7ba3586cc372fc1ba360910ce2ea1fc50ea4f3	0.225	1
near-neighbor-album-029	adfc4f9b978baf26235ebf3ba7d87a342a36af488391b7b4b8b1eff7ad7b4126	0.383	1
near-neighbor-album-030	2d22151175701d4db3ada8dab2e1b6e36ffe5c5265f48f3af2dec74c1b0a9626	0.273	1
near-neighbor-album-031	551b45b768e42f79716b74af10730314ec6aef34378721449f9b1b37f9fd153d	0.277	1
near-neighbor-album-032	37799c2c080de1f69870b6cb721fe1a670709118ec7b6b0a16ea986709c436ae	0.241	1
near-neighbor-album-033	04ca1803c51222b5cf4f3f3405d0b14fab14356bae290fbf1943f678b491664c	0.348	1
near-neighbor-album-034	e58fd5f0173f7ca22e949ad960722a4b7be4b3bb94b48eb14c0338d016e7be0a	0.241	1
near-neighbor-album-035	751bc24dc250b88bf004ca101dacc33c4a8e2e2ea9f23ad9a0248f3c5cdddcde	0.243	1
near-neighbor-album-036	a1dd26f60d6baac9c3708945c4f85e12ebe2f97f6167ad1625ddb3c97fc2e17e	0.233	1
near-neighbor-album-037	d009fbccd0809b59962f29402af417c9f7e75d8dd6d9b9713fd8fe7b463ad96f	0.236	1
near-neighbor-album-038	8b2d29acb67dce115b3846d4f729bb5e294ab5186d7f9eb8995cd04fc5ba6d50	0.277	1
near-neighbor-album-039	bb50b9b71f0a8f5c88c7a10f6b80464820fc44a68109071d59a83447086e8a70	0.239	1
near-neighbor-album-040	e4ea5b3be706ef7fae70e6de54b7e2862e1e25108067f4e23cbcb553f7917086	0.28	1
near-neighbor-album-041	678b56d9ee1f9b06e03080e15a99ab8cb613fc67b2aaa604c70e16812b9d20f2	0.25	1
near-neighbor-album-042	fa3d2c94787734294c87edf14ba9cd968d17ed449f378c3c4bd198c3b36318fb	0.239	1
near-neighbor-album-043	907be388507a75ccd2fb38c637e2749c49d501101cfb05bd8c565f0ab347b4e3	0.23	1
near-neighbor-album-044	e18492bd927c46626f0b1d107c7eeff29cedaf5e9874c1270975ebb02379aa5e	0.306	1
near-neighbor-album-045	f187eff4268705da29ef04db7472663edd35dd3d1530620650e894ebe0cebc4a	0.246	1
near-neighbor-album-046	6fc4261e4b5efc63444399d43216cd13dcf01386dea3387db73f7a07f1906735	0.251	1
near-neighbor-album-047	6c5fed73b062b61a71663fd7e3976db11e7622f0937526f49da7d0eda2b79801	0.488	1
near-neighbor-album-048	e28fd90d4aa73efd8f494b8bb06125347e61030a7c71c1553335592efc8cf696	0.251	1
near-neighbor-album-049	dc46a83720779028e9ca33a07daa9c48af61d666e119721b07249811037ba6ff	0.282	1
near-neighbor-album-050	07f2e0854ae5b0644fe758625d6ee55458784a33812916548dc8fa0d54c21ca9	0.389	1
near-neighbor-album-051	e6998f69814a1eac40bd48770c1df5b4051a37065cefb61a8bb75438e1a904d5	0.233	1
near-neighbor-album-052	6b6a2a379af7eea03ae6be1d40568ede09a94cc7b06c815c6e0c04b4698c6587	0.352	1
near-neighbor-album-053	07248337cddb9844ce399c498f77b924aa4c3066092217a3d8f5bfffe7df936b	0.243	1
near-neighbor-album-054	be506ef678ca1e655c1da97caa06b3a04539be2cd5d6377a5bfaedaf22a1ee84	0.242	1
near-neighbor-album-055	e9d27237bbb0a026dce11d4ec3979ab312cca719f3ac5a4a119780b409c51abc	0.25	1
near-neighbor-album-056	18b5ee86dd86c3b1e3bbb165778ec6f19e5005e4a3da8c2f3d00e4dd3cce6b9a	0.244	1
near-neighbor-album-057	f6e016c12bcb28631957ccb7be6c5911628f730ce18577f20e76956535e9a893	0.264	1
near-neighbor-album-058	d52bcbca76381e9be849fcdae8325ebca0fc1a611759667723ae43e8bfb1f780	0.245	1
near-neighbor-album-059	ea94d7df97088382cef671ad2142a494288a92b4eff1fb70cbdfdcd3795e4a7c	0.236	1
near-neighbor-album-060	7d5a9ce7de7bbc7a43d1c77967c1ecdfc00ccc04ac94e1fa6e905b4ee1ee2955	0.25	1
none-of-these-absent-001	425a7d402a44c4387a63195439d867fa77acac4c9f954e46b2f506006e0dfbfa	0.251	1
none-of-these-present-001	2516d7f92c22bdc47ec0605a4fd099e367a98a000cf10cfd6b87fa0591e3c545	0.275	1
none-of-these-absent-002	6d10d5221a6aaaf96540524e321aa046e396425080d1699e087d244b5c252c8c	0.25	1
none-of-these-present-002	7dc66a8ffb412096a0adfdd0181731a02ae6f54d97642d367ac89757f288fd08	0.269	1
none-of-these-absent-003	2d72a37a40cd0b3f774bf9824733f399188801800427018d20516eaeaeb2688e	0.248	1
none-of-these-present-003	08691fe7ac03e5aa08ab9408d70258658ba00e87bcf5ea121702ab107b4e6534	0.289	1
none-of-these-absent-004	32da78015b56e5aa74b8a4822d36c796e6893e2295b7cc455bb9d6c88eb0b24f	0.266	1
none-of-these-present-004	343a0e29f6d5db9e4599d02d3ac301fadca8a1466c6311c43c5673252b8f15ae	0.234	1
none-of-these-absent-005	9d81185f167df5f49665d5fbf967e1c35dececedc85c0e1011ec722570d78675	0.267	1
none-of-these-present-005	2e970e0cddf15b9622dae688667bdf9036d99f8f1d75a9def4253a113be04471	0.25	1
none-of-these-absent-006	6027d14bf556fdd8407315b250c32f1db8bc5d1e9832690765d50f7e4e45bcef	0.256	1
none-of-these-present-006	78ce962338f31c19f51b8559706332b72f8de35ec0466966a96f1d5d5fb75486	0.303	1
none-of-these-absent-007	43f7c874b218a25cfe6ef71565fe430a3388e9c23c875ea815dae4fbfd1572d5	0.263	1
none-of-these-present-007	5236bcba9b9d1311a5d19ece9bceff4a01e8f96b889589b36d11865e16e7a899	0.264	1
none-of-these-absent-008	09c768c629ce214e9c560dd6053bfea880eb8aecbe5e7e9128e6365c306ce0c0	0.256	1
none-of-these-present-008	4ed5a06e8409e44e94abb786605710ea141edf2c36b0273b0b1461060e70236f	0.445	1
none-of-these-absent-009	888b982388bbab487b92b7a48ef0e1f85de68bee5fb6768f3c44c665b1c28b44	0.244	1
none-of-these-present-009	05744c9f6efa8b34c773d70148af36aefc7b68cf5d68114c315937488c49957a	0.286	1
none-of-these-absent-010	cda35719909be8c7c53c4aebd6ffd0f2cb7df9d49f7ef71b4b675307a88271e0	0.251	1
none-of-these-present-010	f5b043c115c8ce4aa3f11163556c2d98b5fe4adfd444cdd9259ad2063d0751d4	0.301	1
none-of-these-absent-011	14e2ec3a29d914124f5d2e77a9bd3cdb0b7aa2805292361412f595f6b18995e1	0.301	1
none-of-these-present-011	3fe90e0a7b3be89051e75e46927f71a38e2c6d80384d07612800c6bb17c9e767	0.25	1
none-of-these-absent-012	322239a7fb89624a79a65c856a907e54ae509c77469cd25172aaa4661609e40c	0.25	1
none-of-these-present-012	22b86beaff93d4881a18510774682039eefe509150b45526d5da4fd77de74d3b	0.332	1
none-of-these-absent-013	73e045b7f6a76d0ef16ed6268883855858a767afdefabb3a8b95f3b478ebe614	0.275	1
none-of-these-present-013	7ad1ee26b0eb96b8ca2dcd31d5f77bd97cc58360b084e3fd08d8a62064f35801	0.247	1
none-of-these-absent-014	b80b32a6a1e8169d3339b412c82de2fa3d1602b56265a2176dad2f84e6498fed	0.329	1
none-of-these-present-014	f5a41a691afec52aeb1cbe5db8f97237cee30680d480f26e893b6a3ac5234787	0.236	1
none-of-these-absent-015	9e6ff836a7dc3e9b52a30c901b9f726ddd74a972cdcb9decb779d57a5a259430	0.244	1
none-of-these-present-015	65fd52224e010720f27ec399f71b8b89bf16a3f58047ac21c1fbdd9891e72506	0.245	1
none-of-these-absent-016	8c40a55db3b73a9ffff6a64c9f98032ca377556fd015af7b8260ddf3cad3a952	2.312	1
none-of-these-present-016	none-of-these-present-016	134.311	1
none-of-these-absent-017	56676c56a780cae0cbb652140912b875cb04ec900426ae8e32f2a61d4d9fe4d9	22.132	6
none-of-these-present-017	63ac66dcdff007533343fb89924b863c8c647ef82827bba12f41b230f2c3adcc	0.354	1
none-of-these-absent-018	82831c62f63e3ab4056717247fded0611f2d114976f6f3c09033ba214a035092	0.338	1
none-of-these-present-018	672526772949b24ccbb52d0fa413f9d147887fd98aecf4aa91d1d32a5a0e6d65	0.901	1
none-of-these-absent-019	aa4e1ead219c5ff0b91bdfd50cd89eca4d23da6fe7767a4d77f47831ec8b5f8b	1.206	1
none-of-these-present-019	b39ba009998431e8f8e3518634ade722ca397e571b120efa2e4204b031ed4e1d	0.315	1
none-of-these-absent-020	7f9aa46f517b4a24cc8d7968571ab3b335e3f8dbea56ef43031de33d19fc30fc	0.239	1
none-of-these-present-020	ee198f2279a5f3608416b59ca54868a03e8588369193ca80e320307cbb7b7487	0.814	1
none-of-these-absent-021	5a4b8667e2ec3e6d3aa54db6f67bee6562025b123da1549dbe4fd884be3e70a3	0.687	1
none-of-these-present-021	9972e53ea075fbfdb04df9ec4bef158f6b9b5d3a0c78d73481986638d06c56cb	0.736	1
none-of-these-absent-022	9a16d67197301d4cf6f609608249066f0c0cf28565dc33448b5ef9b695c9c75a	0.308	1
none-of-these-present-022	caa24774c16f52ed43d38824d2affd28bc054e6dc4637731b7451a67a462eb75	0.626	1
none-of-these-absent-023	3a2cdd11406b24101418b2b1af484c491916c582d01303b5dc93a8ca292b55b1	0.383	1
none-of-these-present-023	5b34c85436d22155e02747bf226f82081368df97e10cfe4cf59d3d1979014049	0.686	1
none-of-these-absent-024	56e2999c4dbc0197347226c32b6b7a19bd336a6e9497d70d796849d06fb88e80	0.801	1
none-of-these-present-024	bbe80d4a694b5ed35e2518ec6c804c9b0bae85d75710c88f062e0ea1dd3a03f2	0.283	1
none-of-these-absent-025	dd30305384f57aaf6c2ddbdf38ad7a28e95f58ceacdd78797ad0cac90f656cca	0.713	1
none-of-these-present-025	7dc5126fee7913645f5cd8dc1d7bc6c3694b38a7b88b34a6d8f310f6061a83fd	0.804	1
none-of-these-absent-026	e0290ec998fbeb00b9417cbc22f1abaa0530e3a41d6de3c01a103f739ee1b8f7	0.288	1
none-of-these-present-026	fb8de0c700f84d774496688249a87500da5a6c74f84a4c3dd17574197be0adad	0.634	1
none-of-these-absent-027	f65ca0b34b12f20625bdbcbb271c82a8880eea5b39c9203bfaceb7ea791a1b18	0.674	1
none-of-these-present-027	2054e7e955e2a234fe89c3ea086996c90def7ddf1de92dac89cb1703c9136f90	0.837	1
none-of-these-absent-028	58b6116d44e02830bc49214d551aacf69ec5b0e693aa0724f6c7513d4921f0e7	0.641	1
none-of-these-present-028	d2c0434716fda0c0e365af52f7af402a731f8292e00bcadcf5a7d69eacf7b3c0	0.294	1
none-of-these-absent-029	39fd7b03ab6c81fc8968db294913c28e56b2da02810a35817b0c0abccd5805a1	0.824	1
none-of-these-present-029	720ea41e8fdc610500adc85d8e6ac433e574e0f6700ef6be4a3eb5f9f254feb9	0.568	1
none-of-these-absent-030	569a425115a35390ab7345d23fbf532a4b15a04e29e5702be05e84e5d112ae5e	0.265	1
none-of-these-present-030	c3692c9b8417b2d0d6921d308221cb98f2a3a87ac64b927d5104216078c72705	1.829	1
reversal-general-shared-name-forward-001	41fe96fd65860b873d6218f78f41082ed9233ca71b80ecac256c0c9c8a219eaa	0.249	1
reversal-general-shared-name-reverse-001	92829d2c43afc0d8c1749daca55537f9953ca628f8de6b396ae2b3662f4df1ad	0.851	1
reversal-general-shared-name-forward-002	367ed56ba8b321e9d12cd8bc9f2fc5f8f5a02339f10d77b5fc894bbac9e0ebbe	0.733	1
reversal-general-shared-name-reverse-002	43eb07fb939a2bfbfaf72d4fda7e90f2e1116a95d833658f5873c5abab2e3875	0.992	1
reversal-general-shared-name-forward-003	38e45255e166c38e99b60885317de30dc2ef1cd0c12731f3999d076d01e310c9	0.765	1
reversal-general-shared-name-reverse-003	9644f31a0961eda05494f2dfaaaef4c44dfc35bc4137365e92a5b5f11ca6fb5a	0.368	1
reversal-general-shared-name-forward-004	7aaaec00d6456144d79e9a1d8f02c376bc83129a181546a8cd3e15d4e948f466	0.804	1
reversal-general-shared-name-reverse-004	00d678c60cda165329aa7bd393c478b5c44f2988a271bc3d763dd88eebd00daa	0.377	1
reversal-general-shared-name-forward-005	62d3a4ccbd6560d0921ab2a24f4c614186bbd9bb883cd22e3a07c540bd9e58f2	0.76	1
reversal-general-shared-name-reverse-005	0b8573f6abb0310257e0a85ffec98935d15140dd6583d458fa87a4cb153ea84b	0.77	1
reversal-general-shared-name-forward-006	78845cacdf68f94eba7ec5603246fdfa9b2422c8c77725633d52e2ebb0874693	0.589	1
reversal-general-shared-name-reverse-006	6b41431fb8147e0752708bcad21736bc748444e163d08451b28b1ca1b23cbd7f	0.893	1
reversal-general-shared-name-forward-007	e55a87aa5ee178b5927ccde5989727627b00d45d3a4954aceff4baa2e6257f94	0.944	1
reversal-general-shared-name-reverse-007	274adb8e3d7ab437a181b88bbcc5eb57728380e67616277849c15ceccd75a730	1.019	1
reversal-general-shared-name-forward-008	4f6531cc202b53ec89ee2bcf7bf13d484f2ad68f3c2ec657de4d372b4084c8b2	0.871	1
reversal-general-shared-name-reverse-008	c367f823f3b5d1d03b2372b9ddf4187e2b525aa0735cdd98b1ddca6cfd972193	0.789	1
reversal-general-shared-name-forward-009	60f6d9520ee6d447fc8a0a9a68385d2f374fcc2090348e647c76f4d43d94a256	1.571	1
reversal-general-shared-name-reverse-009	3f3b1a3f592f4fc04ed3d193ef801ee5443ed2d6b434e1f4b573969c96b8b71d	127.753	2
reversal-general-shared-name-forward-010	0dc22a7a0271148c45eaf82d360a657a6c621286c0fc624a9e433a5eba753d73	0.334	1
reversal-general-shared-name-reverse-010	b4f21069aad9da0deb233a9a2d790ac824d46cb696938948029decf308414923	0.349	1
reversal-general-shared-name-forward-011	278b9f67128d0cb057c995fdf7d91a153299482528ea39dfa8c9690490d11a83	0.695	1
reversal-general-shared-name-reverse-011	e576373676a48449c373d105fa94f30833d7bf8f99e1f58b80b72f70dec80ae4	0.489	1
reversal-general-shared-name-forward-012	1d67fa92c756711e5bd26d5d14f9d52bf64797696faecb1c51813566b1fa35f7	0.256	1
reversal-general-shared-name-reverse-012	24d8aedd2f532ea34fc7abe8358fa93d6d0670e98a018e9be9daefb8efed80c4	0.305	1
reversal-general-shared-name-forward-013	7612c99f7135db22c87091d39178fd3c509c2d863bb41648300116fa5a85ef50	0.313	1
reversal-general-shared-name-reverse-013	8aafbdb8a78fad335099afea1abe1a3873a9301577ea7922692d7a352aa713a3	0.323	1
reversal-general-shared-name-forward-014	a24fa23159a08086e78945f6eca74d5b83243e492d0370a57d70ed5e573c066b	0.473	1
reversal-general-shared-name-reverse-014	2e3e3f9d5af88773830671516fc1d2540c8a2e764d444d411f1e3ee32add3ddb	0.299	1
reversal-general-shared-name-forward-015	f7422918e7b125e82d31aca07bedd150d8dab8fe9b10ca4af85454fbfd2f0120	0.356	1
reversal-general-shared-name-reverse-015	c3a59815d1cda60525058946ab66b77febf3d5acbc1bc2fe75909f65eb79c9c1	0.307	1
reversal-general-shared-name-forward-016	47d8004678d489e378ca3d8ad0757d304cde5830bf2d4a5004556674f922d747	0.254	1
reversal-general-shared-name-reverse-016	12a88019e1d0c3ae42cd2e2d26033c228d59cfaa45e36c182d7dd2f46450e41d	0.268	1
reversal-general-shared-name-forward-017	d1688dee75548057ee4e53065f4496849440d6e2395c2d6e154cdea55050c9a1	0.279	1
reversal-general-shared-name-reverse-017	26fa125a7a432649c527a49f9fdd1e3e27082271ff887ffda0813031dd5f1204	0.32	1
reversal-general-shared-name-forward-018	cdbf61c5ddd8932f89dac447866f4dd0d399320217057ad8758dec6c0cf42c93	0.262	1
reversal-general-shared-name-reverse-018	810dbc7ddb69185a51f5e1b5df5c2f95bb7c7cb2f3e846f1640db5d677cb6ce1	0.273	1
reversal-general-shared-name-forward-019	dd0c8b5d16ec01132b3dd9aea9a3d7e0a7a2bb1109a04bfc2b234dfb8869017e	0.275	1
reversal-general-shared-name-reverse-019	56dc054079107e69d49be625dd491582039f2e8c906424a7bc472a9e59ef18b3	0.323	1
reversal-general-shared-name-forward-020	83a724053ad24b959c4def81bb7c8d8afd55d4d1ca96d8080f344c46ef4832d5	0.344	1
reversal-general-shared-name-reverse-020	b3e5af3d5c1bb09e23cd400bb3afeee9e83ce5d063d2f5a7a213d61fbd06fc4b	0.305	1
reversal-general-shared-name-forward-021	2298ddc5fbf101f740999a2c50c6f924e733955884ff3fd4a943ae653a55ac36	0.248	1
reversal-general-shared-name-reverse-021	d3c2be3516fec96dad66eb0eec1819076c51782fa1315e7e65683c815aaec68c	0.314	1
reversal-general-forward-001	86a85410150c56242298c32bbfbbf9ed4ca286cb1bcb2df13e9e783d1e1008f6	0.264	1
reversal-general-reverse-001	90f152e8896a7c32672cc154f0ef38046d4de0b023dfc4ae2acbe69117ac7590	0.36	1
reversal-general-forward-002	d6c7461863bea36b81d053a63634b66edafa9497cac665c1793471de356fbe6a	0.297	1
reversal-general-reverse-002	f4bbcef4f262faf866ad6d9b04687e743ee3a3cac0af252c620ac9fe0ceb6936	0.355	1
reversal-general-forward-003	cc4398e9efe15439066f8e67e7b73d292864554d741118f656d65a92e8efe0dc	0.324	1
reversal-general-reverse-003	aa027cb7af01107b7ff4c02df01c8bdb44d5371c5c7a89945736c989b9f13b7b	0.439	1
reversal-general-forward-004	3004506f2338ddd206a9b2ac524a28641aeaec54a50ef38e27b0f7625c007b79	0.331	1
reversal-general-reverse-004	48b647a47aa5cd9c70d575d8929d0eca8013802e5c65e7ec45c19f91a1412ccf	0.405	1
reversal-general-forward-005	bd99e436bf64a711510c2ebee71663b379b52d1883d6bfe4e1b4effd4e31a736	0.931	1
reversal-general-reverse-005	33aa92b5183a45aef1d98ed032b12ec7f1a9b2b3d75ceddba2ac354b8a2469ad	0.701	1
reversal-general-forward-006	1e115e95a5e5a59c25d8216012023ad739c47a04316d564db42917da806cde88	0.342	1
reversal-general-reverse-006	faa34f672614995a4a6624927b11b48bbe442d15cac9cdcf0715a2df51269b0c	0.703	1
reversal-general-forward-007	a64d2023d1290b7a602a31efd8ca612a74a98a68275dde19522c5df91ab34840	0.391	1
reversal-general-reverse-007	077b8d6479499b3ffa96dce63eb30b6425fa66a41a3e52c50446c520b70b45e7	0.46	1
reversal-general-forward-008	c87b3b654b81136f3aa48281cbda4ba3bc3e7eea97fd8d4c25451bf96ee35bbd	0.292	1
reversal-general-reverse-008	2d2add0d5dbe601a8414f72688ca51455a2ee86c9dc35c1039094a8ac7bd3202	0.373	1
reversal-general-forward-009	18bed7611aaca71c233f4f5f71e97c9b04b939b7e1ca956c7f63712fbcf7f861	0.408	1
reversal-general-reverse-009	e6c8622377da84e2477e1afddd9fc0580cf1ba22e0afd001d23a42d651bfd6b9	0.497	1
reversal-general-forward-010	2c42ebb0322bd5116beefdec47b4ccf1be1bf35f644c094241e8ca5ac00b8ba1	0.306	1
reversal-general-reverse-010	0b32d891db61ef875af511b1137a6d0410bdade09a60adf18c71099633713d65	0.47	1
reversal-general-forward-011	5178061f85cad1ef61fe17a52198f5972625cccc14f8b5783c7ee4771673da3d	0.288	1
reversal-general-reverse-011	f2f7c3c8a29e9a77d3898237ce224e4a46da603f4451363720b8f78e7043c45e	0.273	1
reversal-general-forward-012	d8b8ce2cf25383468a38f79e434e2794e17ae18c11416ea573532f7dadd6d300	0.286	1
reversal-general-reverse-012	15f5b3e7832d148bdfd0e7ecbabfa78dce2e3cd70a520c0dee03be203b60279f	0.465	1
reversal-general-forward-013	f6fc4d97c6ea790a976eaaa11f598be9187d9f56de612033c31d213a2e93cd5b	0.29	1
reversal-general-reverse-013	2efee137114f33016da2d1ef16af5802a28dd25ad4ca8d716bbe2863bbe757a0	0.252	1
reversal-general-forward-014	c53912c119e3f9f9468ef7baef5c1ec722fed76b5dcb1e3a7db6b57eb0ddde80	0.253	1
reversal-general-reverse-014	65190597b6b0acf313f5680609e1707f2483f8ef785a26e38253e4a6156e6b33	0.266	1
reversal-general-forward-015	42039682e4d783ceffde5914f787753889533c5c0a4a7a50b94eec8a31802add	0.275	1
reversal-general-reverse-015	d88923667d0cf394f4269eb32839dad5619c833ed7fb4fadc562ead5d272d58e	0.366	1
reversal-general-forward-016	3b2f22c67275339fbde304934584faa922fcce6a8f7b26e51da4505984259140	0.275	1
reversal-general-reverse-016	c92bfb6cdc5d9d79ff8f28ed67d6cb65c9b07366480315ecbc5fcdde2c48854c	0.492	1
reversal-general-forward-017	e1135bebfd7355945b560504d1f7fc83283790b5a5178d0c9ef4f49654688579	0.292	1
reversal-general-reverse-017	242dc30f6cbe6bf040f0d8a84fa5c57385b057d769bdf678abb6ce136ae4da78	0.321	1
reversal-general-forward-018	cc29dc25b4d7a9710b4a2d40206b50181e47031073919acd11e8c8f784ff6aff	0.262	1
reversal-general-reverse-018	9c2425298d7c4e4241311c8b0955b6c65e3aacf225ef4c5be98d2d3d9a5057ae	2.966	1
reversal-general-forward-019	05ddf96fc3caf5f943d75cd2083f2c381603919fd184070274bc6b0535ce7f96	0.371	1
reversal-general-reverse-019	6099fc81a67705159818af86acb2edbee29fdc3cbc26d57326fb1432a8a3383c	0.875	1
reversal-general-forward-020	55a9578e6f76310e7dc70986aba8a202d8ffab3a49925057500ddf1b2086e1be	0.372	1
reversal-general-reverse-020	8e3f0e4a02aa4597b8596d555f560f84034b2759d6a003cd0f951567a91054e6	0.313	1
reversal-general-forward-021	a8d35e7a9e5a7356b4a2b99832a45ea0066ec02b5ac98c64d1ca4d6e65f1ac93	0.497	1
reversal-general-reverse-021	8c34879222b8a71cb5677bdf680de58d7c49d69a06b3e2e53990ef91ab18999d	0.416	1
reversal-general-forward-022	5994ff69c45b8fec739cb7cca2a549b951afa90767da08f06a984d927456ab3d	0.256	1
reversal-general-reverse-022	a988c36d50cad9f75f41a1ed1d1cdfaae6d8e3a59ec83fc9764826247667290c	0.25	1
reversal-general-forward-023	49305a6ee3a93fd386cae70c258e5ee1074ebe6e1807fb792ecc30e10cc6355b	0.283	1
reversal-general-reverse-023	d9dee9eddefa43c459bfbe4935b79fadfd6e3e76b157fd41d912578c56bebc74	0.347	1
reversal-general-forward-024	c0e9c7eb1c4c0aedd08297eda562169c820c9a9755a1951414b0a949312762e0	0.304	1
reversal-general-reverse-024	8023e868fe734b8880cd61784f15a2d694429e4d9812fbc564e92d2db321ceaa	0.301	1
reversal-general-forward-025	353dc08d4047a7a5a60917b0065d9ee3c6cc9103725865838cfdd866dd8f354f	0.298	1
reversal-general-reverse-025	42ca84ee36063bff12ce7c8a1b11c32c0c7da9d6be2d6cc32497bb2cdbc22191	0.338	1
reversal-general-forward-026	063152a709d505de8e9de9d6d7fe662216744ee0e3a0a86f947643f961b4af68	0.486	1
reversal-general-reverse-026	36ca93c4737b8c85baacaa33259c96f3c94753e310b540b18c4758ba184b4625	0.323	1
reversal-general-forward-027	0695661e115364befae098ed8953be7da679becf26faed4f27c886fbfb5424ce	0.259	1
reversal-general-reverse-027	fd0f250f9ccee71812c0236e7415e74a978abc9d9ef97b8e0294e5e1ef692b7c	0.28	1
reversal-general-forward-028	c3ffd7fcd9ebd9b1f412f63ce678ed32be2d64a850c8840a45dae17661752c26	0.447	1
reversal-general-reverse-028	782234cf3c9bc4ffadee30ac18a4fcdbb58158258c95e77d45f8e8b28b1a063d	0.25	1
reversal-general-forward-029	ce5790b8a7335f578a740e9c482859a8ff58a806be3181fc4bb16e24b01f3415	0.305	1
reversal-general-reverse-029	e4c836813a63e13b3497256e74c2c0313e0fa44d2cb9800766cfbd5bc5f8fe10	0.293	1
reversal-general-forward-030	2d434af71a3f5a56e0e7fb15d0a3725477ecdce61670a10861dcec61bb120f71	0.277	1
reversal-general-reverse-030	3583f776645baf6743b1daa9c209c8d99c4507d3e1ad75442ac2fb2c6c3f7a8e	0.274	1
reversal-general-forward-031	46e51e32c8a790f6c9c8dea368561cfd05d8434f687102962be39ef66d90bfae	0.311	1
reversal-general-reverse-031	cafbb18e5b2e8f10807a5e8615083e19e9952bc7a21db3bd97e49b06b3fc4d58	0.24	1
reversal-general-forward-032	3c355cb4abb2e9448e88bea9a2a52d4666197d91cf0a85754c3fb5ba04e1d3c6	0.246	1
reversal-general-reverse-032	c212e8cc2aa90b18c623d3cdf1102c3faa6dca57936e46cf73106be108499295	0.326	1
reversal-general-forward-033	c6dbd08ad47da259c702263305307aa4e1572fbb7e226d250c67f008cb9c03c2	0.301	1
reversal-general-reverse-033	0c0291ae58bcd174c54a1908f1ad401c13fe196d97dacc6f80317fad392b67fb	0.3	1
reversal-general-forward-034	151ba9c323a5e634e48b79944807153ea0257819a169995ba0b18d22bd5a1cad	0.248	1
reversal-general-reverse-034	3d3a07a56932d731b1a8a9b101843d1c3b359ebc3a726d987597921ee9bcf84e	0.51	1
reversal-general-forward-035	d3758221c6c4f3b53a775e3dd590dfef81f0411f3acc2525492f0694ffa2fc05	0.297	1
reversal-general-reverse-035	a81e458c8f52369b43ff5767dc369fa23629478d0e92d7dd519a19580fb8c2f8	0.324	1
reversal-general-forward-036	c21738458c094c369b13294ecaa435ea595ca068c9e0fcf3424509465ebf12af	0.392	1
reversal-general-reverse-036	c851c1130a4d6a8eff64c1a78249cc4e02f26ae11e7ea13d4ad4fe36436294b1	0.753	1
reversal-general-forward-037	ff6cb55ed12bb3780426f0d414e5de2e9d5139afbe9bd78b9d00e0149c257d86	0.847	1
reversal-general-reverse-037	03c2bab8f6dae9a6d52fa1ca37abd1856afa547fd56e6c8f3829beea041ecddb	0.29	1
reversal-general-forward-038	8ee068987f87ae5cef38366b59fb43cac3539a7e25017cfcd46e1514d931d6d3	0.26	1
reversal-general-reverse-038	c8da0f7ade666eeff63bb8f90c9ed119ed1d608f5b6d92c616869d0a9eb37a79	0.373	1
reversal-general-forward-039	7c8f9c2e3e6d26403648c9d150cd53348396833c13c273729b2733187513b68c	0.281	1
reversal-general-reverse-039	33a2462e83a29e5450660e9aee41582cb844f09bd426bbce6e5b5222ba69057f	0.292	1
reversal-general-forward-040	9aab12758f0d6f96868f69ac144877e1ebd675b6e069c1991add72835d3d8acc	0.404	1
reversal-general-reverse-040	af5f86b1aa8c15fcea9827fe16dbe2f09cbddf9c808132a9978d55fdf8d0c1de	0.299	1
reversal-general-forward-041	971f31abc686859b0e9ad9660392f7e060d173dc1ee7b823ee69f88e1dc726a0	0.305	1
reversal-general-reverse-041	ffb84b5bd4e4027227122a087f344fd4345ec78745fa92e90bcb7a857cf421c2	0.264	1
reversal-general-forward-042	e38dd7023bf5f304d5e8634c297611ba2b641a7de67126b9e4319f0e371f4584	0.311	1
reversal-general-reverse-042	70b2a537d09efa5018af0d4f376e91510b171f2f3a45e9da3dfd9cef3f145fd0	0.294	1
reversal-general-forward-043	cedd4d052e5582b33620d57c6b1c1716fc3f15296527354853a9daccf075c971	0.407	1
reversal-general-reverse-043	6df2b2e15b689b88125fae3ca47d48c227c24a7226f89cccef4fc2e746df66f9	0.312	1
reversal-general-forward-044	44f376951b49a14b8505d30edb9b41acc7dfe360a1c076a2cfec55539afb7577	0.439	1
reversal-general-reverse-044	34c3c8af0e0ae7b09ee9cd770e530f979811d457d61c5f0af45856b545626db1	0.454	1
reversal-general-forward-045	aa112efacca751ae57a94f8a8771e27a884049581d709ee852b0278801dfe6a5	0.999	1
reversal-general-reverse-045	238d54c38c141ebfd32d83c0dbe4ed8a2317d1ecb111f78475265dbc40a64cef	0.392	1
reversal-general-forward-046	506c37c4304c931011e99710909d0f5b161b38f134f2d293a546164da63916a1	0.422	1
reversal-general-reverse-046	3dc2e226bc9f30189fcebaf6230b0119ab5de8cf8a6b6af6fb5146be3b2b37c2	4.713	1
reversal-general-forward-047	a27088d383998cc46874d2964c7f8eff90b0361e9f18e82d45fab7df264e3d46	0.441	1
reversal-general-reverse-047	26fc2ff3bea98f22a62bfaa8d59efe790b7329618f32c701d3974e50fb4e1207	0.411	1
reversal-general-forward-048	ead00205f279da863dd2c9a3afc9d1596234c7c76415617c924e3c3757ceda76	0.387	1
reversal-general-reverse-048	2ec3d3434e5be15940e6b5bfb098978e0a091bb6831e8cd97f5157f61ac33947	0.269	1
reversal-general-forward-049	dbf76c5264d0a7a78850a3d05276d34ceb8e328ab8f472bb1f18f8b662eabd6b	0.309	1
reversal-general-reverse-049	cf4898d67c199019736bc7aa267aebfa854c0339db26e792cebd82ec1f36f8b4	0.344	1
reversal-general-forward-050	b459a2fbf9afc39476463b920f1fe0fe63235fae0be90aeb8906c0ab601d6505	0.336	1
reversal-general-reverse-050	84e48ae9c057dead1133868ef2ffc0fed8026358516b439df316fc544dc40399	0.352	1
reversal-general-forward-051	9ef422bb37883dd467f6b9972e17a9081ff07ff38c27f8e101b72fa561a34497	0.35	1
reversal-general-reverse-051	c5478f2452aa18bc5b4d1b5eaeb21927772d9c97dd6b367b82214183416ca1e5	0.727	1
reversal-general-forward-052	f976fd2178c2d29b5c539f4f6dbe638c8cd9bef35930ce4352af933076f7a681	0.448	1
reversal-general-reverse-052	2e4762f0de9e7db6857c9a6d2b4ff234c98dfe60dbcdd06bbc6eb7b50971240b	0.325	1
reversal-general-forward-053	d8276cb861f39ee76f84a9892460036456f3d902f53e9e77d63414d198d37832	1.348	1
reversal-general-reverse-053	81a014e5e689c602e77d5852b40c91539ff1632d58f103356f08e54db134c122	0.288	1
reversal-general-forward-054	55bd9b7cab8820743238e944079805fd4c153a9d45efee735b738be9c9bbdeee	0.274	1
reversal-general-reverse-054	47e9cdc227ce2e29e1dfe2e3cde0540c5a07e7a5d96bc9f43200a57dd732e01e	0.423	1
reversal-general-forward-055	22bbe58a1273611c065da22445682dd6524f38052643dccc220c7712dbfeacc7	0.32	1
reversal-general-reverse-055	739aac5282b02c8a1e2b67a3bbf278eb3e03c67e0c0b7dfd8b792fdc02efbf23	0.261	1
reversal-general-forward-056	f30b83d48521bdcbfa4abd7a9ffef5ef387a5cd1cc25011b2d4b318820e9ef27	0.433	1
reversal-general-reverse-056	eafe0caf8adb546f3f2860d500b6b90f0c9b2b527a8ae9ed3aaeb1d6cf0735bf	0.258	1
reversal-general-forward-057	5c18efd3dd5c18cbbe34ad95e5e924bc1e53c872c5019dcebb95f79d324e7191	0.302	1
reversal-general-reverse-057	ea30184ccb7f1d672a5eb392f6077e460d76b4cfdb41f566ebe86714e3a85af4	0.233	1
reversal-general-forward-058	f4100fa8da8e7e829d00e44945d0834b83317d4f6d8851372408e7a5ab0b6f94	0.348	1
reversal-general-reverse-058	44a06652f45b1d6490f832da1d65426fd300842004c12136302d6559af7c7aa6	0.258	1
reversal-general-forward-059	f462952e639de26c02aae3fc3a1901d38f16fab8ee322fe0311936abd8c50e6a	0.257	1
reversal-general-reverse-059	cf82aa4c7ec46e3977a4a2dc7ec2aef42bf2f084c4534c984a2b447e65dd7869	0.262	1
reversal-general-forward-060	44be4b10516fb153d8fdcdf91b68b9c6e39efc9893e4e105887385b8860d8622	0.266	1
reversal-general-reverse-060	d02e3f286d6162bd62b611ee2bf815016bd5041a403885814c92f5801f63df07	0.784	1
reversal-general-forward-061	85698020173f052ae5e9a364df0a0ca81bc256a91602ec01714462cb572f8c61	0.352	1
reversal-general-reverse-061	9c979909690a37348f6e1a5a893309f66bc43863caecd4839fcdc40b2dd2ccfe	0.263	1
reversal-general-forward-062	4d9c5aab56a2527ab9b791584c15de0fe56ce254d4ba1067ddb2e1db0f948787	0.311	1
reversal-general-reverse-062	98cf12ec771d814ec45c43d5168cb0bcb0d1883e6756300ff1104483b2903912	0.292	1
reversal-general-forward-063	d2f14a8cf04debc492a4adefa455ab36ed06ac7163853429616240c355598f10	0.686	1
reversal-general-reverse-063	352f7247f6a1148b7dc9e6d6112f6b1aeea37d7317592ec1be7c6a79ade7e6a3	0.315	1
reversal-general-forward-064	f04d59d39ffe7f9de18473200f5138b378d3e9cad437b970acfcca43b71c73b9	0.329	1
reversal-general-reverse-064	0003e34f7da5aea72d518b80064120a056f9b59cac156b990575ff18efe754be	0.317	1
reversal-general-forward-065	e599ac776b0601aaa69e2ec8c8b4d8095533f8c57559cac6de3638710f97dd47	0.314	1
reversal-general-reverse-065	372f4cdcf5b11cb1246d2d0bce018c3ee8dc8e9834bc65ddcdff952bd571aab3	0.26	1
reversal-general-forward-066	aefe85d6ebd814ccece4112da7f0c5604bd79d324b67ace54e7e3d054249af72	0.327	1
reversal-general-reverse-066	6480cb2605d49f62bbe162185e6eb77f53703da3e73e8831cc28a8e2a2bb9a05	0.251	1
reversal-general-forward-067	2714d5cfd9ed6415eb8d1df1eb2945ec5d66af6876ec7fbf09f87a0563bcd030	0.706	1
reversal-general-reverse-067	51d5bbd567988b9636f3dec3f86efbbb8792e61da050ff0d6341b6bf7118d2ab	0.279	1
reversal-general-forward-068	9632254bfc8e1f54250f6ce9eb38b35067cb065cb03d100775f1696c2ad8159d	0.298	1
reversal-general-reverse-068	4b25bd48c6f57fe5d6b57bb4ff1324ecc9d1668ac55e3304bf4cd72bda5271fa	0.301	1
reversal-general-forward-069	83fa4d5160ae697bb216ab0b216c708522aa6b8009095fb937deb37470ea08ad	0.256	1
reversal-general-reverse-069	3a76f553ba57209afb09cf4222a512565d64ca6170577692f4deefc8779c848a	0.267	1
reversal-general-forward-070	56865b7597e07cdaa51393e0ef3c433a90e2f2449cccde6db31c2b4963b62214	0.304	1
reversal-general-reverse-070	30cb715a5cb94ac3d706f7e06a5501415da4f460f055f08fb29c93ff2dc08fa2	0.524	1
reversal-general-forward-071	50fef0257e9b7e6e093ebad343e13d1c768616586752c5f1783dfb5e6fa998c0	0.496	1
reversal-general-reverse-071	c4cdf0614925efd67dab02504e1157cea030a9c586612f78f4409436d29f585a	0.36	1
reversal-general-forward-072	1ae00eb056e9e9026184f6601674a648c43d9457ada49939844fae2be3a891a4	0.499	1
reversal-general-reverse-072	5e8c893387a06f4f761068119f330f7328634c3742aff2ecbb0e187f2ea04ed7	0.694	1
reversal-general-forward-073	e710776a5afc808fdf6fb96b80377df79447b1c31412d4bf3754dd97abf9a5cb	0.679	1
reversal-general-reverse-073	d4d2560d962d8de75622f68ae970694bf183318722a7252cb6cd44a0660b70d6	0.775	1
reversal-forward-001	341dd93206449d4d65f167cfbe6fa9b5b490250ab505a8b5e1039159775a0ff7	0.684	1
reversal-reverse-001	dfa44d866c56f88fb55e3bd2662e5e1f71f614271f7f29a571c781398675b67c	0.496	1
reversal-forward-002	c5da4d17e72736fab3cab6a12afba174cc3f436c14e9defc64c0f6f27c716fb5	0.688	1
reversal-reverse-002	6626a12c29ecdedc9f78e53a266481299a39d1707c67e5c9b7e41bb3faa27817	0.671	1
reversal-forward-003	89e5ee7e85738003f4d7f1f619a60e4468ba26f073056a9f1748e04113ce6e6e	0.526	1
reversal-forward-004	f09f5ee1f575e1335014e35f3b17d3f9cc990be952295284dd8dea008fedfc0b	1.088	1
reversal-reverse-003	c99e933d63c47374dbf55a3acbce669588924ccc2038c8e0535075204bcece1d	0.723	1
reversal-forward-005	059982fcf5e3ae5743925631b72232828d90a047d3ae8f5d65074dbf4467d05f	0.552	1
reversal-forward-006	1c04c0b9963360e9899008bc509682ac19ba767cb7fe1211e347a94d7ac6ae7c	0.803	1
reversal-forward-007	d7d46f086bd3f5af7230a1bac2d92ed751728ef4506674c8b0800cae52c8ef37	0.693	1
reversal-forward-008	7194715fe3604904f778eb3276624c1798bad7d79ea6e6f98d6c175936116bc9	0.604	1
reversal-reverse-004	f257d15868a4a50e91f9ae89ce32b43d4818c1ecda5b080481d10048893a7ee1	1.918	1
reversal-forward-009	35e6185228888c0db204b865f74c5895eedd5c912aa49756f23a387c6e7514d1	0.496	1
reversal-reverse-005	263f4fddd33d1777d0c451f2a3800626d9d37a291c004c35f6f2f9feb5d54656	0.546	1
reversal-forward-010	d19c256b1cf0d16584ae27bfb299ef9a630cfe318b6612806737b5dfba21938b	0.458	1
reversal-reverse-006	e615a2bb66f99e55f33cdc8467e3931ff3f8c804882f09df726b19aac26384b7	0.319	1
reversal-forward-011	88f9180ebd1257404f917bacd2923f3f7d3750afa1ceb6a6607e9b0f1943cfae	0.299	1
reversal-reverse-007	8cc0c2f4684ca3cd61f5c2da3585d853e790095100ceb13192892c34f0226aba	0.612	1
reversal-forward-012	115620e3ec9f688b095b9460961553cb6f7bc6163843e390453e275d65dd5a15	0.277	1
reversal-reverse-008	daea7481b887d75ab2a29de84645e20df75887efa6ed338e256d45e035bcaa4d	0.465	1
reversal-forward-013	e979f118de2e1bf37059ebd69e7c96c7f5099c94089a3f93f56c279f153e6024	0.294	1
reversal-reverse-009	6cb49388faad7025c7fbe4afb385d5616c623f0af7d67b05f382579eecc30cc2	0.319	1
reversal-forward-014	76ea9c3dcd3780dbea897ead7012a748cfc6ca837495bc7d3303c2c3f339dc81	0.425	1
reversal-reverse-010	b7b3cf2a4ff1152c43c17b5562543c640bfb670c58be8b211a864d60b3c6e86b	0.371	1
reversal-forward-015	6b86a769ba7033cd935d3b001b07f7fdc99f36437081230dfa45837cb76e199f	0.444	1
reversal-reverse-011	d95ca784ddcade9a836f6950725b7b30d9cd3d84b47e195f839282e0de2ce243	0.272	1
reversal-forward-016	67a61d7f60757ee14b6647c4af1663c348ed82c2b8884cd5d13ec3e58f70dcc9	0.545	1
reversal-reverse-012	6a5e6abf6c826414f6c400e3b801903f3535257aee52307dcf73e04e88d65bcd	0.302	1
reversal-forward-017	c12b351fd60cac02cc0574e68474852708b6b6f9d13fc5f26767dba314bb1449	0.359	1
reversal-forward-018	57fef6dca54124e1b6a65580206b417df851fef4eb322a482e5b7726f08797a0	0.394	1
reversal-reverse-013	461fbbc3d7148f7b8f424291daca31f644d6a8097f86f96583994fbe10347fb5	0.373	1
reversal-forward-019	aabd895200b29747b06c57fac0c05c46b9d4da689c9e447914abec33250ddafb	0.322	1
reversal-forward-020	1791940284e84b9320c2aa3a2670e5d2e69a8b4dd4b2ea88f2828e0cd9d41964	0.28	1
reversal-reverse-014	e37cbc4d963572a7b49d962cf6775e73d2cfef101a887480f2396adbe490abba	0.3	1
reversal-forward-021	531ded270c953f44534cfd822de05b8ee44d25b9459738c81681e006b95b9cb5	0.338	1
reversal-forward-022	e86b2daeab757b0f3bf47ec3cf78ca98a98ca6cd31eb519666f304ffa8acbd7a	0.333	1
reversal-reverse-015	cda78024d3115a39266c6f9ae4711ebd0ca0d3855a36113d797314947af2724d	0.485	1
reversal-forward-023	4cedc26040fe871ae72643ea0abf6ba09f731292a7d309079f072e6a077c18c4	0.257	1
reversal-forward-024	d5876dfe6409ea1f13875ef8ca7021ae68b74dd147459f366ecae44c47f7a5ee	0.259	1
reversal-reverse-016	5745a618484d89e946cc9cffd8c0579542ad63be012efb62569b15833ac4caaf	0.354	1
reversal-forward-025	be084b794e5d0f0d2594c0e7c45f1e485e0039d426afe2560e563f26aff79903	0.318	1
reversal-forward-026	775486c88910fd407749be2b829acf75abb873132d62061ab277b742a858aa4c	0.317	1
reversal-reverse-017	264ac80aecf5345eb5501846250b5f6dae0feb596558feced8c556d10cc3e833	0.485	1
reversal-forward-027	c5e94f3aa0ecde1ab0f5837656b53acb8cd54fa82c3eb5b81a80fd16c9593fb1	0.485	1
reversal-reverse-018	0b78c7da1e133830e359c6f20bee25a3a71b9f7d1bf05b8075d01e4d3cb99b23	0.49	1
reversal-forward-028	9fe406a9e920a6ccf64b350e1886b11570136f7d24cb58ecccb8cb0f534c2b96	0.59	1
reversal-reverse-019	9f4be8e1025a78c2cf73d50e9345aa4734dc5409c0202dd1264e0e16cc2c93e8	0.525	1
reversal-forward-029	be19acf072065302bbc1a2f87cf7e4d65fa39f36fc63980f38a35368e9392a0a	0.549	1
reversal-reverse-020	0978c3845a82637dedbab370600a2609bf9f4715280bb3d508912e1efdef93f3	0.29	1
reversal-forward-030	d3235184a37cf3a9c87389228e8dc64aa3b6fa761bee2cfa2064c9e90903090d	0.443	1
reversal-reverse-021	5da4a8445a17e1e00e4de4472f11ea89232b9480c4aa7b792e39667cafb437c3	0.258	1
reversal-forward-031	bcae15e4c5c8129f39f653e3cfd20425f423ff088d02ad06a0ae55e1e1b48992	0.286	1
reversal-reverse-022	ae9c1a2e616a0c77220e71a494fb76615485a35d8026923b907cdd3e801de032	0.289	1
reversal-forward-032	d5d2c74a19c1a37b06c7bf8c57df96ad36da3a62fedde8916cecf9b0c954f866	0.252	1
reversal-reverse-023	f45998277e92dae766592ff5bc531fa19dc4478775cb530f4c25cbd1f152b25b	0.379	1
reversal-forward-033	4b5879179bbe2863d67c65fa3b573d7f8c4c68616435ab83af26bea0309cb12f	0.357	1
reversal-reverse-024	f64ff718769eff836a916b770544ac817823c48ae39a105947e3a2e621b88dd1	0.266	1
reversal-forward-034	8253ac24015515705d6cd90dcccd5139a548c6c86c59095d8662205bb755bb06	0.458	1
reversal-reverse-025	9a45d95003d589c1cb407ee3fd1bfd5d0ab82c72d3666ef981f487fa2355091c	0.249	1
reversal-forward-035	1a715e796b1a62990755393f048fd24950dcfbc0549eb66f53488f74d1ffe2ea	0.302	1
reversal-reverse-026	3bfd14a52880fba6e0a782ac84eaf8ba2970e4654e91a495a2c1306a7718a742	0.319	1
reversal-forward-036	8d608e042721f24a8ccb9e2eaa9bb11561ae705b48473582fa325478f410bfa9	0.261	1
reversal-reverse-027	c04f2452487368bb68247fcc76c2b029876f890325ae9b737e54b6b2a659f67b	0.248	1
reversal-forward-037	7aab5b59ccfff876d980bf07099ede420447ec8a0bc8215097803afe6252c884	0.242	1
reversal-reverse-028	c49636262d884db50ffa0a6586c8c4511298b633a8a550416b01dbae1f72a7b7	0.361	1
reverse-singer-to-song-001	3b60e0fab6a2da4c4f3795df5ff01b6bf03bee50fea60ad8af51113eb94abab2	0.593	1
reverse-singer-to-song-002	cd6eee76464e97ee508ad080ce14a98e2361f1eb393b914e71d01a29c65c519b	0.237	1
reverse-singer-to-song-003	2aaeebc6b010bb547fc1b87e770c7413db715d05b1aa589a9f39e9c393659612	0.233	1
reverse-singer-to-song-004	264370a19d50869a86c868610cdedecf92afed3c5b12cd7fa41d9a009a1b0a70	0.303	1
reverse-singer-to-song-005	bb0946ccfde9776703a7e467f10b3e3bae5ad89d4ac9d44e545ce128bc862b70	0.238	1
reverse-singer-to-song-006	07f7beffda9997f4df9b8ebe5ddd9e7ba5bce2b12283d48224efebc064765f4b	0.254	1
reverse-singer-to-song-007	47935fe6599a802a8a4baa18113ee901d7f02c144f0773c3e36d458ccc9c29ec	0.236	1
reverse-singer-to-song-008	8355992b9d179c98f279bfe349e7896a84b222fbad67ca2e5d29a88594197cb1	0.294	1
reverse-singer-to-song-009	a399eef91506be9805fe679ba72604ddba8f2f9a2117089c4d3442241ed88d9a	0.245	1
reverse-singer-to-song-010	66e59773da7c769c514d95bb11ca31057ff43042eda2a25770cce0f27320ed77	0.277	1
reverse-singer-to-song-011	f78d19a67dabc61eaa99a819a2fbc2e8c89e16d832624bf920ebc6d007dd2e9c	0.262	1
reverse-singer-to-song-012	bf14551e68acc381c22ae1a5113da487f8465e14eaa1409aee683c41fe397cfd	0.549	1
reverse-singer-to-song-013	bff22c57b9ea41e10d8a3eddca99ad67197708f23004ac8c60df587178e5916b	0.293	1
reverse-singer-to-song-014	dc6714a2da56b545f4fa3af9ae4e38b7f382716a22f1d67f35724e4ec4734390	0.308	1
reverse-singer-to-song-015	91bfccd664e0e16cdecc2e4e0f7d3e82c3ae565bf41528eb7e85e0ffb344e104	0.235	1
reverse-singer-to-song-016	11b54295c7e4dbffd7ca603d5ef8e23a0b22aad897d7bec0501fbfee3938336b	0.311	1
reverse-singer-to-song-017	f68f072e12b79af149bb2d7800a74f926811dd239c1256fe3bcf2e2acb9be3f1	0.247	1
reverse-singer-to-song-018	d68d443fb9a54ac3e4633dec01025363006323329c95fedade0770df95aafe93	0.244	1
reverse-singer-to-song-019	f2cc61c07478991c7c4d19664b9d9e4b55597f6915ab78aea8d13446353043f0	0.258	1
reverse-singer-to-song-020	e437f18b7e9c31157a49a2e6b1b44e1a23ec780cd3eb6ffebd61ba4a90f6457e	0.268	1
reverse-singer-to-song-021	66aab70b3ba2f26d5094bd1d0a117b407275fe48967ba37f5795b9d093bad050	0.267	1
reverse-singer-to-song-022	f5fdeefd02b3551e4b1c3c5915f91dffdeeadc02ea5e14d45734168f6ad31d2b	0.293	1
reverse-singer-to-song-023	372c924c0156c32fa56b171ff57249cfbae58d97129a46d575021ea182fc3203	0.359	1
reverse-singer-to-song-024	90ce9bae385563618de6ee1f4287282dd1ba0176e7d409ddbb1df744915a0b31	0.454	1
reverse-singer-to-song-025	564b821b8c135ba91adf2a2d1d88a299551d6a501a980446addb4090ef563745	4.054	1
reverse-singer-to-song-026	d626cda99d716a5d7d8f63c38c953fc5354637821e7d60ceaa9b303f50037810	0.265	1
reverse-singer-to-song-027	e1ad41713aae14094f7ab1c11a060a3e3543e6352bafd0fee51e2e7b2b078598	0.573	1
reverse-singer-to-song-028	4fee33c59b6f999d9a5b3ebdad7b2ee5dda64ea1c898673fec2e1009d2a75e54	0.439	1
reverse-singer-to-song-029	3c4d8df226920934cd44525f15c723e3a7bedbb2797f0cdf9ca1d38df3e1127c	0.276	1
reverse-singer-to-song-030	52e4ea6dec10917d15efa5f661d716afc7ef947ad5400bf728a6854b3d0dba19	1.025	1
reverse-singer-to-song-031	95113c5a3dd6ea06a109ef06376a62f2458724851fb7e456cb263a8d8148c15d	0.342	1
reverse-singer-to-song-032	c67f629496501b14fc7059d3270aac7a9bdf124947b85fc7e6168bd44745ffaf	0.251	1
reverse-singer-to-song-033	5b1bf3a724bda953e9c9705da52467b313b0d7f174a2b57b09bb626bf6d9f774	0.312	1
reverse-singer-to-song-034	0563243cc665f5ffba9c994582dbe20076733866892f92098f0247460524b99f	0.243	1
reverse-singer-to-song-035	1cd0b8ecfff807ff88884e60c0a5fafee03b2352b9f771d1765b18a22ea3496d	0.233	1
reverse-singer-to-song-036	ff3551b9615af6c2d45da4e344c62a3ab1384438cb5810e84b592ef98e0b95fc	0.25	1
reverse-singer-to-song-037	cb9f6fd41eebbc4a2f0e953f3be6370e69d9dd68a8392aac677f17c0d3360af3	0.624	1
reverse-singer-to-song-038	bec463920bdd3fe118de61a1ee6f54a13b4d457374a292f93bd6644a8716e44c	0.247	1
reverse-singer-to-song-039	b87031a7c43c82d12f843f7153d056da772c6335b548dfb383dcb419a40d5b7e	0.358	1
reverse-singer-to-song-040	790cd0eb8bc66f7510b086dad5e7c46536ea9493df7555b949b7e710f2e85484	0.503	1
reverse-album-to-song-001	79c5f0b988925c205c91470dc17196d1ffcfdd68943449b7928b8ccb7d99dd5d	0.249	1
reverse-album-to-song-002	785519bda49fb14858cd29bf491cbfffda6b3131af0118ddb1d90277793485db	0.291	1
reverse-album-to-song-003	c13a23645188ac6905b78320d2d31404f64d0f489dec3948432f307d19fb1bd2	0.253	1
reverse-album-to-song-004	a1f9361e375c6d2bf8f2e9732c225b77995f264b998784a171cf48138f0fa6ee	0.409	1
reverse-album-to-song-005	02d669ab5d9ca8fa796cc686d34f9f60b9a97ccd126df9367e26fc3c920978d5	0.284	1
reverse-album-to-song-006	38bc1079ef19da218b94d11b97bff0ee83e297a4de7306d2c36367f8c69cc5dd	0.259	1
reverse-album-to-song-007	66fbf05de223c1c24d378d65a22d7e4ac4bb84670db8e97df8c9e61f9c85423d	0.239	1
reverse-album-to-song-008	f7833b40da04e4be1f13bb33bd4036322bbd3c48ce4af41f2cf3d16038959f70	0.263	1
reverse-album-to-song-010	reverse-album-to-song-010	143.046	1
reverse-album-to-song-009	reverse-album-to-song-009	144.712	1
reverse-album-to-song-011	da8d82c2909e33179082690cdf6c5575d72ea9dac66dc35e427582a58cfdda51	26.492	6
reverse-album-to-song-012	25aaaf84631c2c9e725788fccb49e83e4c4404b53757cb074899dd2f5715034c	0.326	1
reverse-album-to-song-013	a32e15da340f40d8f892cbc925e715c2815f69ca062f9c7d42f91e08c545756a	0.919	1
reverse-album-to-song-014	626b86c88e0558a842857d8639dd8f5281de9d9aef3f8bccbc803d9387029198	3.119	1
reverse-album-to-song-015	48b4fb3cd0fc929e3fdb87ce54907b328f2ac5781c749ccd44b291f980d81c11	0.397	1
reverse-album-to-song-016	553b9d046111c83976dc185a93d117b3f3a6c3f2e4f019f5f01f6250cd6da553	0.317	1
reverse-album-to-song-017	caeb9f0e88e0b3f10b80f2773ac72d607a90ef610cce213c2806065314dfbb2b	0.444	1
reverse-album-to-song-018	e833516441e6e5151bfd15dd5abe2ecaa546c4acf37edc8ad94d64b56a29224e	0.272	1
reverse-album-to-song-019	32a979fb3e72f5fe012a1fee29707c5a18e72dfeafe836c18d56e6f1e8d79e2d	0.289	1
reverse-album-to-song-020	ec60d5f24dcb0a6e64514cc14012f7ac73bdc0012666e7a868c859ac4650c39f	0.281	1
reverse-album-to-song-021	2007af4b6e604d58881f977cfadb162cc729b70edbfec3c07d684ab3da9a17b3	0.304	1
reverse-album-to-song-022	a1f887f95c259153084814a4b901c4c2be9939fe3ab296b88b887403c9e76480	0.331	1
reverse-album-to-song-023	a2f479cdb72b032924ce0ba25512d03566272b0bd1b0c7eff252ad50ffea665b	0.337	1
reverse-album-to-song-024	88620ef88aa1a7e32d0945190e6fea467547808bcd01c7e0dd10dc65f7f65263	0.364	1
reverse-album-to-song-025	53954080a886a88194f2cdfa358a70ca89bb94fe18fb6da8517756ed87d1abe6	0.237	1
reverse-album-to-song-026	c3873eccb5b95a5dd70e167e5a06e635b7a1dd9cef54f8df9cd1287168bdee43	0.747	1
reverse-album-to-song-027	8859af772e67088fa3dccba331452081d9bd0e085b6b1fb6db9c61f1eee4a321	0.319	1
reverse-album-to-song-028	188403f8909bf0fc51cfa7ff2e72b1c89df192dd698650eea4432d6bd30c2f64	0.272	1
reverse-album-to-song-029	99f29af013c158045f9d5f823f42397766c610d2b9e908151cfe30f6be906c02	0.408	1
reverse-album-to-song-030	cd61986748128dc1b153be4d8c45a961873465aadfbcd136acfbe75787c2a1b5	0.316	1
reverse-album-to-song-031	4696aa74f50c74e218e4977cdbdaa0829ef4b0c9ccbd6a341ef691a71fd3e820	0.289	1
reverse-album-to-song-032	6479b5a57a3d624a8fe5a82849d98ba7e17c28c12153c3e17e48054e6623ae87	0.288	1
reverse-album-to-song-033	57ee845d5218b4039d6754dde5474b3e65e40cb8cd7a3c57fcd64e3e65c79c77	0.233	1
reverse-album-to-song-034	299385f151e25103e53a8c03988906181f9fd5898da32ff381471a74b0e3b92b	0.308	1
reverse-album-to-song-035	309a72a324eb194d63d69da642cac6115835c94598927ad5fdf6a6eadbbd0a6d	0.347	1
reverse-album-to-song-036	5f62e5691199e6c601328f63dddcfc953b904ed0be4d70e1089d17d1a14aa982	0.422	1
reverse-album-to-song-037	287629b9736c8345ba8f9a46a3e741259ea53f2f25490350ca1580a0412a109b	4.468	1
reverse-album-to-song-038	c64ca3b2c280c6d15b87f0d61c391ddf9b59c4e7f2d2b57f4792e4718d08b211	1.619	2
reverse-album-to-song-039	4e4b2448987c5b45cce41f094c2135c515ca2007f09daf8fbdbfa109b48c8335	0.656	1
reverse-album-to-song-040	f33d6cc92a08c23d4350e1443af7ca45db2590f8153845d4563b213a0db51064	0.338	1
reverse-singer-yes-no-001	bb657f908800da0b854512ddaf9ecb4a948e5a82d6ccb9680a24ac9ea74338d8	0.334	1
reverse-singer-yes-no-002	0666d7631fe5d59922aec62e66368e3c2d53848e20d06b7f39d1a668f0f8c9a0	0.298	1
reverse-singer-yes-no-003	7d14ba15e844dc788a881893989d4dce3b086599828601888cfe09fc5bb64974	0.286	1
reverse-singer-yes-no-004	e6d8e7cc3f80f0ca3f9737511282e090a7aa6f1ecae7cfd79ec768578fd96833	0.239	1
reverse-singer-yes-no-005	54c38e46fed6752e431919a64d173b7fc7e4d7c10a474fd152d09becf238e4ac	0.346	1
reverse-singer-yes-no-006	5845e65cfe4fa15d40e0d295a92276971cffe2a515889488e6c4a6c2f82682c9	0.368	1
reverse-singer-yes-no-007	80bc701b94dc3ba4422efaa078d3d3bb292e7bb3b73a04a2d496e33498389181	0.294	1
reverse-singer-yes-no-008	94f5ed6ce9470086f9a996eddf3b9e64416e5b345ef6e70ec0cafcb431f0a21b	0.405	1
reverse-singer-yes-no-009	c81ca97d5946a50ad8cdb9be6e3ab8b231d66877ea592876df38fbbac5e70a02	0.5	1
reverse-singer-yes-no-010	0a9badd53b5d3103b1866859ccb278a423605f873d116f1bc9bb5d33c11149a8	1.63	2
reverse-singer-yes-no-011	9794d22cf17fde610e1815f22fb53c259f30dfb51837b8749fbadae618f41f83	0.631	1
reverse-singer-yes-no-012	a4f57660ffa179691052c5f588b57b0e502e0e7fb4953c0ea50eb4a31f5708e4	0.326	1
reverse-singer-yes-no-013	9c984e4a6799725564cafe6422feb5bd0c89f8b35a700e59e8800e2ad92524d1	0.864	1
reverse-singer-yes-no-014	662d3816e0c7284a38faa084b2f351fb206422ac63336ea2dbeb2534eed70148	0.68	1
reverse-singer-yes-no-015	ccc1194644433a25893b726e36e83c3c8abc1ffe8f7b6579d5ad9a5cec734e9d	1.61	2
reverse-singer-yes-no-016	a0ea1d843eb50f88d1d7f1d993cfe0993c72be960e241a2682beef365b7469dd	0.461	1
reverse-singer-yes-no-017	21362d2e72d5fb15287c02160cdbea45cf9e388aded92e0cf77edf2a12a0cf8e	0.461	1
reverse-singer-yes-no-018	c0bda7a16d9358de0919feae8452fc182e3b45261fc2b312cad489e707f39006	1.474	2
reverse-singer-yes-no-019	ff62ab1c68d491b25d86611f6a47f98215c84183fdfa096892d2ec02f29c96da	1.139	1
reverse-singer-yes-no-020	e46ae070f638540bfc7ae1adac2358713d4d34d06e1084fd1fb47ec89bad40f7	0.774	1
reverse-singer-yes-no-021	6d516a0f01ba64ba8568943ef94965bbfdb829d5ccb9e3ca42bcc50c075c8e1a	0.49	1
reverse-singer-yes-no-022	1d55f63a8ac818709e8c314946e0d179d76bb2ea06a02b4df2883abc74aab814	1.007	1
reverse-singer-yes-no-023	bbec4474c01c71036fdd5fdd411e5908ee1c5da0c77bf700750881acc31b6be8	0.679	1
reverse-singer-yes-no-024	4172a6a748d4e98174e9b2f4ac526ff352f3882258fcea09f17632cc66ea7f99	0.754	1
reverse-singer-yes-no-025	17d4d2eba356dd626eaa29e389571837c3f9e79c329bbf549bbf8e0bbacace06	1.981	1
reverse-singer-yes-no-026	326be6e7791e419b7203048a6697977bb70472abc2303f04f18247c2ee6fd6d3	0.802	1
reverse-singer-yes-no-027	e86dbfcb404640b9e5727e24df1e24a1fadc7b9f26d4008b4ca6b72a35ec096a	1.177	1
reverse-singer-yes-no-028	a2c902c28d33bb6fbdbf2f31de1ecb29a25a38bafbf9c9ef7e5bcac124ea22bc	1.115	1
reverse-singer-yes-no-029	c03c08a21f7616643ac568a67948e7daeaef538c35d3a0740d300e6a8963c24e	0.284	1
reverse-singer-yes-no-030	7d79188dccd20499e14aa7edd8caef4bc9f2be45d70b924ab489d5006d48b565	0.712	1
reverse-singer-yes-no-031	9064fb2f6fc3313de4b57f2d48987406765f4c16d5b10e19692f0331253ea603	0.408	1
reverse-singer-yes-no-032	289f20c726530e0358e48a5b45a4987b83e2c62388db642cec6a0e523cbb03e4	1.902	2
shared-lead-shared-lead-001	ffda6140eecb80340f4aeffa2cb7e80c218549b7ede1dbc3969de274f910cfa7	0.319	1
shared-lead-shared-lead-002	d1093361704e719bb6e996845be54c287f06fad1ff0c26042bbd808a118bdd4d	0.549	1
shared-lead-shared-lead-003	bb41ceed18105143f79c95282faddfdf31dbe33c4e52c454fd28ad785e4763a3	0.822	1
shared-lead-shared-lead-004	ac238f97327f762ced0632910db095d2224dcf7855d74e059ce33ce6e1482d5c	1.027	1
shared-lead-shared-lead-005	6e0af5a88d414945a3a0143157881aa30590f2bf08fbb81e1358a37854053724	0.848	1
shared-lead-shared-lead-006	d331f9e9808ea3ba2a5b2b4b1553c07588f72d176b275d5772895570db820a8d	0.845	1
shared-lead-shared-lead-007	684449f15ccbb97275ba9d28a60ab7c2d4f3a664a8d263bd39dcd05fe94f9ed0	0.431	1
shared-lead-shared-lead-008	68acb17feea1e9cb279e590d7ce652ea08c0ff0d6949fc6fef5188e7d83b1921	3.759	2
shared-lead-shared-lead-009	8c76949d0725deb063e8d1e9c18a33060db2b152260c974ad336915c5253cf70	1.949	2
shared-lead-shared-lead-010	d1e94ce45e2f8e7eee797d25271fcb1ae24bab7c45b2fa25f99dcc7f9f13816a	0.884	1
shared-lead-shared-lead-011	20d520138efc7f70cfe543574f148c9ae9343fc6089e08964d2a5597b895d078	1.485	1
shared-lead-shared-lead-012	b2bbbb4f60f6cb9695a6490dc2dc79a60de50f5d2a83545a7e05f707a5308498	0.985	1
shared-lead-shared-lead-013	522a31ed74acf5e0c475096348be65074e72dde39a2b43ffccd27f9861ebde8d	3.342	1
shared-lead-shared-lead-014	81fc193a5b2f6108f011c81cf2cbc01edef64a67fe8c6cb62141586e8bf51c58	0.764	1
shared-lead-shared-lead-015	8d1d770cd099d7eab21cdc66ba8c9d4cee226d10be81547362738dc1111e2e4d	0.525	1
shared-lead-shared-lead-016	a612c026aa6725af9c4931024f255127fe0397e0db65fb5b767c8f8bf38ca42f	0.474	1
shared-lead-shared-lead-017	f870f26c25e11447d246d71fb92273c1c1ed1e18636f6169e5b1c6a08b0553fc	0.469	1
shared-lead-shared-lead-018	7a86d6a2d6313148ba735804e8195d5187e438507af9de2898afcabec423f3b6	7.621	2
shared-lead-shared-lead-019	d0eb2a75788fef6f649c7d083daf28a860a4c6ac3e04ba7b11a2c87ca2fc138f	0.62	1
shared-lead-shared-lead-020	7ba864af9c46907db843e46b2d7e0569797a35e06c2f39c14c155015fb9934ad	0.447	1
shared-lead-shared-lead-021	d4daec4640c7922828313011740f04ab33016576bc79eb8487bd4b20e95022f6	0.642	1
shared-lead-shared-lead-022	8e1ce9ef522901e357eed8aaa1b0e7fa78a222b083dbe50aef742cf04ae3e771	0.573	1
shared-lead-shared-lead-023	2211ac4e824da52cad23a78fe9a3d3fa37bdff0615cb9f89ecab63e26f67cbf1	0.657	1
shared-lead-shared-lead-024	e985dafc29583d2fad070653084198d1d748945c0bb2454be4202f69ee8da8d5	0.605	1
shared-lead-shared-lead-025	a0c3d191d1c9f8c89c5279edf4c9a81e170afcf5db280cd560ec9a7af775e112	0.792	1
shared-lead-shared-lead-026	45e029fc3e3874e6750fb0f77f02389645ab07dff6db619e0c03114553052fe7	0.3	1
shared-lead-shared-lead-027	849758778a2064397f0880372bdf3568619a0b92da0d79ece43804ca668d67da	0.705	1
shared-lead-shared-lead-028	49206a71821f30cb2c5fcd32f349cd825c5966a122f51e80c5b1a8fc3fa94136	1.157	1
shared-lead-shared-lead-029	9a748688303a268e32484af4d4efc26bf89e3dbc9175b58aa8a8b6d2f5b96600	0.546	1
shared-lead-shared-lead-030	c920dc66f341b0e3bf2edd0eda63bedef1438f2e3582abdb85e26fd25bd9abd8	0.621	1
shared-lead-shared-lead-031	fd688e5bc2bdb4a0a8ca5005491581724f1d8f3b35bc3efdb06ad1273b2fe2e2	0.853	1
shared-lead-shared-lead-032	704f87dbe999f611c745283bd01e1c905628a85119860593fcd782a29c77b24a	1.363	1
single-hop-song-album-001	0e782feb3c5d26e2b3bf7714048e94df4741c2abf0992e265cd51ad8855baa70	0.427	1
single-hop-album-year-001	7e990f9fe0a3d925bc00e5ed8a4956930885b6034001552f1f55f19bd6b7e74a	0.75	1
single-hop-song-album-002	c03e5397df2e6997864c7b8cd0b73569b01549238743b45cd8c88b906c612460	0.693	1
single-hop-album-year-002	a4f2d65779eb14fba587ba83394b8acf3275ec6b0d6b272a7ea392c7e7e0ed93	1.642	2
single-hop-song-album-003	dc2b2c9fe89e10cc4326e884a42263927c4a6189f921539626e71654c35c901c	3.405	1
single-hop-album-year-003	5090454503d06d5f5f28c54dfdcaea414fd833523c5cea46e212031980676554	0.533	1
single-hop-song-album-004	5c0c503a55a748c4038cd8c73fabf6ffd1c01cde8cacbb415c059c0379523bdc	0.309	1
single-hop-album-year-004	75e83bcfd1ce7a3b9a3a9cdb7f78cc74db0ff3b3138b0731586a8556c37eac9e	1.82	2
single-hop-song-album-005	9bed57e6d4a1b66c6ab59fe55d2e087b60fb4a2609bb21fc6892eca44e3f67b0	0.575	1
single-hop-album-year-005	a5fcd061429a1967ba669a43a913bec16465dd1801b35862de7149246a418f40	0.733	1
single-hop-song-album-006	233c5655d40a6ea914d04357e5da2f7ab62da0c94995839d9cb7833c5d1a44ca	0.304	1
single-hop-song-album-007	4307db63547ef1aacecba21385fb1e604e9c528ee5ed4f51b7afb1f0b186b92e	0.657	1
single-hop-song-album-008	d1a77c2301dab1fd937f7a3566f45d17d5f5f65840b43c1ae1d366265bb5dd55	0.518	1
single-hop-song-album-009	2a531a3185e97952c668855632b1e186362e4dfa064bb5f58d14ca9167d3553a	0.361	1
single-hop-album-year-006	bd0cb6a6b9a8c28170c8f877b56f47aeb357c36363faeca4f4913529dcff0dd9	0.286	1
single-hop-song-album-010	04a93e0f076e689773793b2079861fc072f233eb6f9ae4ea10b05f90df5ed132	0.339	1
single-hop-album-year-007	b8c907684c1eee0f0c33fdc4ac22662cd632ccd42f20a388422574797cb822a7	0.376	1
single-hop-song-album-011	d58484efd5b4120fec4c864cca59f53c533ff3ea8811ea2a64ee443c665b242b	0.325	1
single-hop-album-year-008	67ee2bd4de8b9b0a8fb3bc857dbe0b9755a24fea49fcaf5e5fd5a4b9c3344f09	4.403	1
single-hop-song-album-012	6f561e2e57b5340e8020ff2b0de5871a33c8d3b8a2ee3bb45340e2a7edfa75c6	0.851	1
single-hop-song-album-013	dd921a91f6413c1cee332b22ad2869a902465f2684237c078cb655e2f2b3c752	1.217	1
single-hop-album-year-009	35ff492100fa93e58c71e992e22b330d54d9fe2541718705cced72b802341f33	0.399	1
single-hop-song-album-014	c49eb2db3e0e2255cb2345caefe41b2364decde829dcea94ebc6be7cb925939a	0.539	1
single-hop-album-year-010	dc305d3f261346aa59268b60573160a0f81a6bfd92357a28370fb138a170923d	0.295	1
single-hop-song-album-015	61c225ba3812195900f49fcee13e9fa3248950f2808f1e037197a5be3e58dfcd	0.347	1
single-hop-song-album-016	d7a53c1dd897f1e79a6842ef498fc0c6a7fa72b40d16cde796b3c0959f8f72e5	0.389	1
single-hop-song-album-017	926649f792e510a19d6da424ab27b4fb5ecfe27e3316f4b1a8abde07d1304cb3	0.351	1
single-hop-song-album-018	d00979cbecb74e370c6f805ff4658d7bfd7a883e1508709c6c52db89a17d576a	0.725	1
single-hop-song-album-019	5ade1fc40b90ba6063d9d7d993917840bc0c60106759fd8f457572644bdde448	0.529	1
single-hop-song-album-020	00e0261c72beacf54bed100c0fa02638ad94f4739fe73724ef525828a97554d0	1.619	1
single-hop-song-album-021	6db1b0e943929028d241b4d0abacf88365bd15436c56fff9a8103dcd1d989b15	0.42	1
single-hop-album-year-011	a8229cef2ef79ca495c11da2c19c61104e568c106bcf55f0c4ccd2bd97eac6dd	0.371	1
single-hop-song-album-022	2475551736593dc275f7fc7256112c7e78b36b243c66667cff877e0cd221093c	0.487	1
single-hop-song-album-023	d7731ca8129baa96ce8cdea1e9ee965c06058426196c28c304f1396eee448e79	0.271	1
single-hop-album-year-012	8e72c48bfba094e2dea6f515be54762c2cf0a6653b891367f09d695e6fc71a31	0.296	1
single-hop-song-album-024	7b3fa0c558a431b9e60c42c7261ce10ed69ff13cf85c7eac6bf2e6641a2c22c1	0.316	1
single-hop-song-album-025	fb4b4433700517aabe23d55d6200cbd4cb7d8790258e6751ba0784b227067015	0.629	1
single-hop-album-year-013	061719ab3d63c47d92509544ab5f5f461d8503d22be1a5c57e63491bb48187cf	0.433	1
single-hop-song-album-026	eed65c99f10dacc3fde421fa5ea4499f911eddb56fe8b7353c3d117827535792	0.359	1
single-hop-song-album-027	a6fb2a23b62ee15c8dc0645ddab7a9dfda9fe5a57817b988a66514ae478c8363	0.429	1
single-hop-song-album-028	380ba5fc66f7bb8e12d73c84c4e969b79af735e0590c01f7da01b120445676bf	0.415	1
single-hop-song-album-029	52d79ebe46ed57b2f661f5d246653d94719abda8800d4ab407521f140504a7e5	0.6	1
single-hop-song-album-030	463931a5ea14ad3f182e3b4854db46540351b329a4a66e9832d2d58f8bf24012	0.621	1
single-hop-song-album-031	eab3296c00fb36a2885d6b629b1799dd8c48b46d2046a78f9065b7259a9b6409	0.393	1
single-hop-song-album-032	985182b42981ee8da625e3bdb3fc97b1370373f62de452a9dbdfb8670c5d60f6	0.708	1
single-hop-song-album-033	7bef6ec3ac0b712e9436b6a64c67cb962f17b18bb4eb5b573be24e1d6b0d5dd4	0.39	1
single-hop-song-album-034	4a094154447881ed47f10e17bc0176b364b1f06278c9a36bce57b74478d62790	0.376	1
single-hop-song-album-035	9453b9802de45b3d5e2734d35ca08ea682c25df08957a83dde47193ec51d8665	0.38	1
single-hop-song-album-036	75392f0ffba1f218de57f40925933f32da622b92662ef900e1a33e7bf17d4614	0.382	1
single-hop-song-album-037	0882606153af403c89ac1aa61c70ce44feb5b578182b55003a0354bf22588f95	0.556	1
single-hop-song-album-038	56cc8f2b8795063494c2180dfef4f48d329755e696989e66c30a3eee23d62b97	0.554	1
single-hop-song-album-039	e479ab87346c131e5e4c414f426116b402bdbd9524fc95f33774e15594eb65fa	0.334	1
single-hop-song-album-040	0511505d8fef4f5050ff644ac917ecfa354d7f1530eb33db3888d83a59f872db	0.691	1
single-hop-song-album-041	96c10981ba1856e37049585a06bb5cc6cc45f054a98679905d09c063e8c346c7	0.425	1
single-hop-song-album-042	bb4fc73c254f6a0c07062f02a437abc57d8a7a2ff9263ff146da04372ab38404	2.071	2
single-hop-song-album-043	165b53dc655407973710881188542dc57eb6759d9c49c410be07754da5b08bb5	0.485	1
single-hop-song-album-044	3cebac824f5712d48d21c2c20d1a909b0ddd3b9700cf0793a2542089668850f1	0.485	1
single-hop-song-album-045	1caee6adc6a7137298e354ac3180a093c7faeac492d2b26be4bc63717f9e372b	0.586	1
single-hop-song-album-046	eddd1cc114a05ad3775878f94d857f47869809b26f150fd2e9e5b4b735c0b092	0.534	1
single-hop-song-album-047	b65024b6d5286893785db9bbf6e726b87f6918a36266fb1b20b50f33a2150499	0.424	1
single-hop-song-album-048	733028dff1e57f0352313097e9e1756f5e74c113e639647be6a17de40bb96a85	0.625	1
single-hop-song-album-049	2b8c9c85401cd1cf4e75d3486018cc782ff05813348a438a05d166f880421e28	0.598	1
single-hop-song-album-050	65859bb33c268fea53a848af3bd638577cf0dffbe82829bd617a70398a29b9d4	0.349	1
single-hop-song-album-051	b565aacff6678def0edd52c9d063658c4a2ebe3e28f0fa91333f85f3fb3ce3c4	0.404	1
single-hop-song-album-052	35a534e230682ad0a2488961c81fd677c62631fdc9445bc854fe204303efc25f	0.578	1
single-hop-song-album-053	d3c178f229f4f05be67a3f8462d91ec7167e79bd72f8e9d4d05864a2b1fd7a60	0.425	1
single-hop-song-album-054	95d46b5159d057bdad92b57f5fbe440f81c54510b4e461a4d71ab7a1e946c95e	0.439	1
single-hop-song-album-055	90cb85f40090f861afa8d7335d38ef9cff9af08d7c62791cfe261f4051bbdf6b	0.452	1
single-hop-song-album-056	2f58185c1d16bd370368deacaa72e019a89b7552af81f623eed4168ec3d57a50	0.298	1
single-hop-song-album-057	109af1b63712c04b9ac3daf28dccae7986f6b9acfeb3f774e3a2ebe70a99fd76	5.912	1
single-hop-song-album-058	332b93261441b6257988f3582f15e7aa68ace5e682688c1af9240bae6b98f292	0.455	1
single-hop-song-album-059	a5f4fb75c5a9a318ffa18f2b94e6b9777572abb9830f5eacd847bd195382f889	0.449	1
single-hop-song-album-060	a80c1cf53a42f62d38d4bccebef5158527c33cc2b6b183d01449fbfc29951c1f	0.47	1
single-hop-song-month-001	3a9890246bb10100f7def93cac37d56f61345a5e5b94111d2dbd4df0b114b2ca	0.514	1
single-hop-event-month-001	7a02105d5df2008e73866605572c1b35c788755a7b5e79656078cbd5bee8d0c3	0.404	1
single-hop-song-month-002	b72ee6f12284d8eb8e36bc5e94533bd4fc4bfe4223c3739c6f27ceedf37622df	0.531	1
single-hop-event-month-002	e372bf131faa7781f8e8d2cdb17ce2a417ea9dcab908f9bb3592614f5ae39e87	0.35	1
single-hop-song-month-003	2256969ab68ab6f3881f741911fed3704b782bd1a7e72aa05f173dfbc8af3d46	0.515	1
single-hop-event-month-003	f0674525b79e050a9a8a015715c97016eca4f7cc9c6e88e10d68bfb47e2fc186	0.697	1
single-hop-song-month-004	6fe0df22709af99636736c6898913bddc6a3157229ef4248a03c01342aa036b4	1.129	1
single-hop-event-month-004	ccffd22860d9618f8b84b897b4a7934d98e7c5f22f3aac2712acc275e15f8dba	0.281	1
single-hop-song-month-005	72e032013501a3031dd9b5aa3d4ed525b85882f66157bca9d46af533079c5d30	0.331	1
single-hop-event-month-005	ece3bd9729b2cb8d17f3ad1b9f41764ee9a8431d5e188e106e3f09be91208fe8	0.28	1
single-hop-song-month-006	ef02526316e68b88f6e62800f2a20f85083f460a9ec34569394b6528cbda3184	3.038	1
single-hop-event-month-006	53c2485fc97c634da6e20cf70be166560666d5fcb70404329331ad3539ca8df5	0.66	1
single-hop-song-month-007	f0b171b84cd673596b2fc33dfe95bb6ee5dc2bd0444808eb4956df438aae42f2	0.317	1
single-hop-event-month-007	dfa61ff07f51dfef2322326f26c6da2ba65d758d9b7cb32a70130125a28e9c24	0.597	1
single-hop-song-month-008	9ee3c68ecd6731f14b4a8475065069236b97ca24d0b8f23905fd90fc5ece10d5	0.365	1
single-hop-event-month-008	9436506bd712c8eafcb80f871aad1178b7a02b9a5b15d5adb04ea09d47bb33ec	0.333	1
single-hop-song-month-009	89f518c02f5f0708dc0309c185ae78fee97bf5d23ccd9540897a2049b59693b0	0.323	1
single-hop-event-month-009	5068bd48da42fab3117b5c8ed1da5819a12acf5a480eb64b1d4f52f9deced575	0.364	1
single-hop-song-month-010	2ae8ca80eb73f5928656e393569db8df9019eae0470be9217f677ef616509faf	0.321	1
single-hop-event-month-010	0897b0c69b605f391c23c33918d9c4f39907dd5439ffdeb822859da8b56d3325	0.308	1
single-hop-song-month-011	77c272adbb0425ff76919431bb915eec0285c346489e1e3f497d6468a95121a0	0.366	1
single-hop-event-month-011	ed3dbd818fccc83742242d58a355ea54a80eecd5b6011fbae0e59d8a9a776fbd	0.392	1
single-hop-song-month-012	a05e0717abf5bc1f307387364cb29bcf804abfb099ad1821174d4a0f233f15bc	0.488	1
single-hop-event-month-012	6714243fdfa9b3664ce05dab6a336f413e4982b1367e6871b368fe0956b4ab8f	0.353	1
single-hop-song-month-013	427d44b6762cfc88af4e7306a7042f466bc296be4c9099ddbab0a4b4c289848d	0.718	1
single-hop-event-month-013	fc411bfe24efe016667ba4d443a6ee49ac5e647ed88f2ae6699f2f1bdb1ff24c	0.391	1
single-hop-song-month-014	945cd3914fa05675ac73bbe8d6cb2131b187b29eb578d85b8f6199d9c7cf6eae	0.429	1
single-hop-event-month-014	af99bf87c17b92bad6eb866a59c97ecf3940ead64c46e65ce87cb54d7e5fc8a3	0.338	1
single-hop-song-month-015	fc8b5d65a64967f22f6cbd257693146dd4169de515e3e67219c877608a63fd7c	0.738	1
single-hop-song-month-016	7687138247df274521ea5cb9c2f5079b64237656d9bf22d05181cb5dbc6dca29	0.649	1
single-hop-event-month-015	7946ee3f9b0006b1db720f63b2b2f71fb85da6f6f6a5e3e2bf86d33a8dd60872	0.253	1
single-hop-song-month-017	886c57b1c23f48ff0adcb275fb3f91f9cd58643a884f38a53c3ed79bef6ebb3e	1.655	2
single-hop-event-month-016	c64f4f3169cc1e03ca86e36a9fea98669a7548723987d8d2c1cfb659c6935a27	0.472	1
single-hop-song-month-018	ba9252a26df48dab0aa870db487f578e6fce20304f9be756b624f0ad7e949644	0.389	1
single-hop-event-month-017	cac8ed0f9bbf0fe3e6d6b2dda85093dbbcd5d7e1dc6147d79a075df7cbdf0029	0.507	1
single-hop-song-month-019	4ddb9cbf8d62fee8178ea2c643740053c7b85d296edc403c5bad1f68f3d72721	0.336	1
single-hop-event-month-018	aad7b9ff2de42fae21a35767ad73f066f70f4af729430f1e1344aeb678a0ae1e	0.306	1
single-hop-song-month-020	7943d17f70e6cc3a7d1cfd83d5667b05e65dbe1298cd2c23005941257eb6a917	0.368	1
single-hop-event-month-019	9f890fa9c59555138d0947310f0341dfa3cdaa127f177a69dc445cad93bbd0de	0.392	1
single-hop-song-month-021	7122417fe4ceec0a19e679ac3fb1c90038ad88d222e90de7e7b7388dcf7e2f3d	0.71	1
single-hop-event-month-020	f0e7d5fd2d91952ad885ed0ed5cbe157138da9a198e2593f578b68bdfce2fcb2	0.364	1
single-hop-song-month-022	859be5867f98e0cf5f1ab4df8f445097a6f667d83d23ec51a23e5108e51aa7f4	0.544	1
single-hop-event-month-021	c3219c171c4d0f0ed84fde494f1a2e445c2e1a4187fbaa20b8364db8993540ea	0.389	1
single-hop-song-month-023	8af761ec9ed2c2a7a7c3d1a56ad9fe2741abde7412de9a043475d4845695f55b	0.58	1
single-hop-event-month-022	2fe82c142948593ed96defc144671a6163b3dd25cc1f0e219eb4f1af3d759e22	0.386	1
single-hop-song-month-024	6b9aabb8d51a00d85cfc7a0b5c28da9b442c3bea61d4d064f53e60973c83bdee	0.292	1
single-hop-event-month-023	39aab876f2f230c2b3953d30849ed81cbb6431cef974e29cfc54cada903a370f	0.687	1
single-hop-song-month-025	0bc0d60b4151e378fcfe8f4cd6e8d6414e1e273605958688fdab8bbd15853231	0.3	1
single-hop-event-month-024	42e07a06ced986aeae9878b6357934eb4229ea9607c6d7df366ba03371ccb60f	0.317	1
single-hop-song-month-026	daf1c85cb4c50feff682218f314879a5585b926c2baaddb3db6cc3ae13753236	0.404	1
single-hop-song-month-027	97db84fe90bf22220c7bee1b5b34c2a0dbf7fd686006200386bbbb3b138730c4	0.318	1
single-hop-song-month-028	7750e805875c046a518d60cb3d501705ad98072f926fd9065ec60f9391177a88	0.271	1
single-hop-event-month-025	1dcf89c8c842b3c034cfb8f61d3a9398af251992b758c86ee529175df3d065aa	2.327	1
single-hop-song-month-029	1b22a88aeb1cda52449486394b8627a03c6deec523f1ca5c49a1269f5ce4834b	0.254	1
single-hop-event-month-026	a6b706bddac2a11b04191c4ad623bb0251ca6759f95a813902606adbd07d5d3c	0.297	1
single-hop-song-month-030	7e18fb29b408f866c12a568cd4e42b3ee605823a4dd0054eac842c5a7708674d	0.411	1
single-hop-event-month-027	876996843e6c76c4edd5bb961f41eea85cab82bf23ceedff14d19f5169080fc2	0.31	1
single-hop-song-month-031	ca6b4c579bd2cf781e1cc5e894a3621ea04bcf83410f995794c7aeb47cd64933	0.278	1
single-hop-event-month-028	47932202fc92545e5ba16693a5df53b7ef0f09cc70bb299eb666fabbe15bf2d2	0.435	1
single-hop-song-month-032	2596d1f4caf875dfbf5095a1f0f9a06f6b4e266f6b25a2795b3639668d3a5317	0.396	1
single-hop-event-month-029	9e042a001b8e4579a2d0d13881faa2ef4273654c52f89e2b403790d1253e40e5	0.288	1
single-hop-song-month-033	1808a1ec7502ddb9ddd40c144720ecf5ee4734299bb322395f13e46f52b90085	0.287	1
single-hop-event-month-030	9d8df77bf64fdd4d410e87f07c0f192e029b97c14450600e7d3fc6bd7fa84b11	0.281	1
single-hop-song-month-034	09d66cc56dc04c6f6a3fa6fc1adeb90dafd978bc295ca5c4a23cc1d8a2b7751a	0.453	1
single-hop-event-month-031	f173bb142d142656bf1a00a327f1f39738c44d9983117db1c828a3e06e998466	0.288	1
single-hop-song-month-035	cbde22c8c88bc770b8e3d9b43671448588de4f650c8801206b349b2ceb61d5a8	0.295	1
single-hop-event-month-032	9a7cf1443457597d6165bea1c40f412afb86887a76e92dbd193d4528cd3e5893	1.643	2
single-hop-song-month-036	8c5c733ebcf41388af512973cd8fc5f8864f8fb76df3632ff21cd92e7c0899ac	0.532	1
single-hop-event-month-033	0f534a7b801e6a43b6519d19ea732ada30e0882c7431f58aee969bc750487696	0.265	1
single-hop-song-month-037	73cd0d9ae2044c3e1f7bad7584bfc8c3f3bebe7b2733392baf79958260dd3b54	0.263	1
single-hop-event-month-034	b9bf61bfd27fb9855555406531e6f302f257bdbcaa4e89659f3c8c819736f00e	0.262	1
single-hop-song-month-038	6831683cc63635ce81c44c02bf77b5819a847c40ced8cb1b0c449b5593c61613	0.27	1
single-hop-event-month-035	901550163da26886d82df384e10c71033bb249b85ad4cf9b35e98a871c550b74	0.308	1
single-hop-song-month-039	799ea15519be7cbe1f2c7622da64789968e7a3612056939abef0b847bd7fb557	1.407	2
single-hop-event-month-036	9d184c9bfc73d1ddf98630417409a896e862a7fe01df7aebb9738b603e5e570a	0.4	1
single-hop-song-month-040	bc07b39fda2f9c52b2191fbe69babc8d43e78966a057d512e3fe1891928e0265	0.407	1
single-hop-event-month-037	df62fd5a9ac9ba46bfddc16f915be7667187e2a1c850acfa82409562a8cfcaf7	1.494	2
single-hop-song-month-041	535e1049f2b14778ad5828a9b8f1530f6463ed69249997a8271a54e962b1c25e	0.331	1
single-hop-song-month-042	da983569029fb04802340e5ea9a1aecb877eed38a3d594627fb1aa34e9947a37	0.25	1
single-hop-event-month-038	4c361841c1db4c5ef1b6f328d02e0c248a7ee3fb2feabaea9294a7f9e085f5f4	0.335	1
single-hop-song-month-043	f86bc608055a9b7972324687920d28567fc23e7eaaf6648d7643799507fb79fd	1.509	2
single-hop-event-month-039	349bf97b1ae87467a699dbfcabb644b7e28cb8af45bb4192a30e3c260db21fdb	0.625	1
single-hop-song-month-044	5b0a8ab07f6b0abb1cf2a80866569467127732da39d64298e7da4ed216a91c22	0.335	1
single-hop-event-month-040	bede6cb4b0c2cd2ca5276e8a86ac86565d408892341692089edfeb4135b65804	1.535	2
single-hop-song-month-045	f0a50bfb88d0e482ac4e1b04d95665c6157693061e8a472f1c007762a40d6776	0.287	1
single-hop-event-month-041	b0b9a2249b5bd0a0bed9f589f38a8a1151d60a21bd6084e6353ccedc4b741c20	2.542	3
single-hop-song-month-046	e4ba52c2237ea037f35404e39b31833ea902ba4bccfcbf51fb697b1b64469ac8	0.742	1
single-hop-event-month-042	766879ef6df58440d1467dd3e0ecf8fe45126b2a128033a1b250fab64ddfe07e	0.398	1
single-hop-song-month-047	cc30aae26fe82bfbf80a7d0fb760a0375909eeae863d0409e8e261c2b967f71f	0.38	1
single-hop-event-month-043	1b458f21db0b87a7b04b1e762ff3197e7cb7d304327dfc5361edbe246c68cdca	1.647	2
single-hop-song-month-048	99ca05fabd89d090dc6b04b5f93631f66c73ded134dd5bd028c1f2c901df3e62	1.42	2
single-hop-event-month-044	ac5e2ad617cc792a0c81644eafab130a8cf08189a97f2720041840f8f4036357	0.357	1
single-hop-event-month-045	64c955bcbc90852247500dae45d50d2d765b927e03a2881e1b586e9b442f85e2	1.54	2
single-hop-event-month-046	09281bff434a7f3b5b3c064d81b2c3879cd9d31499ef706b177f5e90307ba1b1	1.505	2
single-hop-event-month-047	0e8422ace0f09983e6fe700e89d070ed418d254a301b7162123b0d34a34b3b0e	1.458	2
single-hop-song-month-049	061c1dc043edb5e526fa564b41f5bf4c22e2af4a384745537039003126262690	0.346	1
single-hop-event-month-048	28491127f3360d230d29d3cd9a3817de02cc27f7df60917fcec8e5654454276f	0.405	1
single-hop-song-month-050	589f8dd2d39e75e5b76eec1179511dcf4f44852502bf1cee65dd2c66670acc12	0.291	1
single-hop-event-month-049	e4c96e94d8512146f39e3838ea94e5568e28ddf38893891326a72ee8fe61cd55	1.608	2
single-hop-song-month-051	a69c177c30b43c4c458d5ceed90f8a06b0b37ebf5d2d173fddbf9cd4635fd2ec	0.483	1
single-hop-event-month-050	e3e2e98eeffe00316ec187c5cd8f6889ce382aec9333489262613aed3577449c	0.363	1
single-hop-song-month-052	13834bbe056712f2c3cfb5932abff23dd094ef724c36ad5d4ebfbc2b3742447a	0.423	1
single-hop-event-month-051	654ad08adc73a822bda91e1ab4d7ce1b1c7a639e2a7f839c2c03bc4bfce9d26c	0.235	1
single-hop-song-month-053	128280b1eb5f150037f6f0ea023adcf36eeaf2ea5cf77de02e4858563bf228de	0.536	1
single-hop-event-month-052	5bc90946c81efdc22e523940c825db1563d8cea6004f4589b38fc4a1e4554792	0.288	1
single-hop-song-month-054	c1391a9958dd3c3c37953f1c3999111ec48addddd175fa5328a8ddf2f1d05138	0.337	1
single-hop-event-month-053	a5659a8727e3b4967c288920e170fb14de4744ea8754f36cced9282c51ed75ad	0.405	1
single-hop-song-month-055	0bc7dccfbffb6cf9710d15c2ed6f762a334b2839e9d241478572774d18adb666	0.323	1
single-hop-song-month-056	e9eda41890d0a89938fb7e6e80f3b94d2fad469fe63a6913e6d82cede3df5bd4	0.403	1
single-hop-song-month-057	0d4869f85ecf212327df18bf1491143499e20c6d5e46cec65b799837f9652dee	0.329	1
single-hop-event-month-054	800e491adb88f8ddb79517339d5dffd880f642255abffdb189c6229293ad777a	0.274	1
single-hop-song-month-058	e94a95de1f860d038239b28bc0a20f249479f82ee2497b75c6bbc399437a58c3	0.371	1
single-hop-song-month-059	25572d22e946e74c69d1267064eb389b269dd17c628261ef306ee3de9c283fd7	0.388	1
single-hop-event-month-055	99429e1e90110d044a9d867a2517691204d4436dd3fcefe995f289720cc50318	0.347	1
single-hop-song-month-060	e0f4d5158cd8d2e8cb7f837ca24f796809ecc4820566d7c7f1363ec4e35addde	1.531	2
single-hop-event-month-056	9ee08a6a7426de558f6ec2f971c1d1f4e2d2f4fab9d39088dffe52012e8aa823	0.282	1
single-hop-song-month-061	4a92b05106021ef062d7a61515d89167fb651985f9eedcc545deec30c837306a	0.342	1
single-hop-song-month-062	7d35352bef8b9087c38b05b1c735674269b84898548b307056da8fc6345d3067	0.301	1
single-hop-song-month-063	122a8bddc9db15c7eb3e30c345ed10d9ed11e78abdd41a9feacc52fef9be9e00	0.448	1
single-hop-event-month-057	56d5d360bd61b9b0ce8e13611bd260762ca52675950fa99fdea61b66a4761f61	0.302	1
single-hop-song-month-064	2f5c7cc7e11b116a34ca18bdc9612da1692a4c0b3710398162e579c9e19818d5	0.374	1
single-hop-song-month-065	d77e33bc4394b82f99e1d5b8746677422dce63cdbcd10b686073756a4b811d66	0.292	1
single-hop-event-month-058	63588b18f6cc49c6fed64527cf9c631b1b9bc66e078c11583a72ad9ee9cd4450	0.261	1
single-hop-event-month-059	7c8873e2afc34ed7929c066089011ca891a533fc125916cb46b7ad4f7de8de0f	0.278	1
single-hop-song-month-066	c78ebfd5989f4df40a1778bd75c5f033d371c39a3cba2cbd1bed832f51d85f18	0.272	1
single-hop-event-month-060	e2cf499aeb5455b8e67b4ce74b1cf58544533292cb48ecc7080e8de1be2f2df3	0.328	1
single-hop-song-month-067	cf38a886cbcb0932268b8cf6ea963c77c88d64d7c230641ded5179a7d240f395	0.416	1
single-hop-event-month-061	82c90dd5009f115173fb3f142830992f5fa2a75c1b8c15050c1cb6261e23d66f	0.311	1
single-hop-song-month-068	c5a5ce889c34025e1686f6ba63008b8c6e74093c2efdd4b0ef5250d2b97ac72e	0.333	1
single-hop-song-month-069	dd72732976f030dce3f20476d5d9be695ed386a0334bc95dc6cb0e4b86fbbd19	0.458	1
single-hop-event-month-062	1e172448a1174383fffc94da2bfd46aaa8034997aa8c94c3319bf2e5cb993b9a	0.284	1
single-hop-song-month-070	898bb35b04dd29f33216b8c2667985cde6a8c01fdfe3be695c559ea70d19955b	0.295	1
single-hop-event-month-063	a9bb4bf761e2e7eadbc4d19be1021734fec32531a4caa928a13053ecb44de4e2	0.286	1
single-hop-song-month-071	2baf7da6993abb76237c47331435d1a20ebaeda2fdab6f488c87fd458fdf3ec6	0.271	1
single-hop-song-month-072	626320981bf550f7775fbb713e6f140415c833433031c6dcab9fad048dd519a2	1.609	2
single-hop-song-month-073	8916d2bf82a8783804f1ee0ce79e2a545f357e68d1a9b9a086558f858dce5f88	0.323	1
single-hop-event-month-064	98d0f36496ccc835f4d35807b09607a6bcfa44ab52479d6ac363b75592e54e9b	0.4	1
single-hop-song-month-074	4f401e91881ab34761e275792b4c91b21e8d912804ecc79d8880406e3b22bd72	1.706	2
single-hop-event-month-065	4770f53828c47fe86a8b9e3a9ee3b02b8d6d774d69312936c202d049614e8c35	0.298	1
single-hop-song-month-075	896260a278e0aca24f8f4b13457cbde48637930a7d9b8a0e64b1a47d2626beab	0.392	1
single-hop-song-month-076	b5ff735b6306a498a9215c33310449d3ebefc34431334c5fee340f841493cb6e	0.305	1
single-hop-song-month-077	5de866dce1c56cf09876ccd360f42525a9030c3412dd92aeaa78d79fab53bbbe	0.439	1
single-hop-song-month-078	5559dcde79acab8f3e62ca87e50a602ec96dbccfb2f3978bb88999da0a5d44e8	1.399	2
single-hop-event-month-066	ec7eb63776ea269cc964fe9d5a655d3ef34d6ed2330ffc26a4639b0f54e41dbe	0.343	1
single-hop-song-month-079	99e8c9636167ed502208192b9be1ad3fafa3981e188d8c845d673f289dcc70c4	1.514	2
single-hop-event-month-067	131790a4d700981c702e76451050015b50b4599a84d10de1597e060e592bbfcf	0.251	1
single-hop-song-month-080	68fb5fb21f213da5806686d190cb10d6337dd9e0df7655012358ae46593aa0d5	0.313	1
single-hop-song-month-081	466e97380e2b99ea27220e138ef8a5d7fbc61872be20e5ac9a5772ec1aaa040b	0.259	1
single-hop-event-month-068	580b0050744e30f72f9359bb1213756227cb0d4e0a1600c89d99477ed6cd2c26	1.625	2
single-hop-song-month-082	573a037188733fe7132aebaf3438bb0f16a2017e1d644ef23157d50cda6d0c97	0.387	1
single-hop-event-month-069	2c0f1dc16c0cac4a5653553392d80cf01534c4edbc991c2f0adf08b92852ece9	0.362	1
single-hop-song-month-083	8de422df81e608ab2e9699b1b53a12e6631d0507f9439569b5fe026cc1aa60d8	0.29	1
single-hop-event-month-070	349084e4d2e432d2b22d3abb092b82b09e2a5951b45b6394ac7df7bb3d0da5d3	0.442	1
single-hop-song-month-084	543e4d66a3b62150c3260b1c31af3260917dff99239f31eca9d504ade79d2992	0.3	1
single-hop-event-month-071	6e01e654b23ce63875c10390b22ed98d84cba86d1a4747366c66d858cf542b97	0.335	1
single-hop-song-month-085	22f215cdbefe773ef9ea7679a2d0ca12a93e07f4e1b3e48e5f6b7b8a961012f3	0.333	1
single-hop-song-month-086	9cfa57a30c01b9c16d0aea7d3123b0e133b599ccaaa629ff6807c2597dd0c95e	0.395	1
single-hop-event-month-072	1c05b28b9074ae803c3c463cc26c194581a2693e12a9c691e7ec79db62ed5250	0.283	1
single-hop-song-month-087	025af4816cd1656e09ac2b054ea81f8854f6398cc7b3e7e256f1b596ff306140	0.28	1
single-hop-song-month-088	9590107460116b0edd8b49ae66dffe44dd20385e32bbfe95b742460a40acdd73	1.412	2
single-hop-song-month-089	c4383167fa6465a981fa5e60eb2a5f31bffbf211724d88b11822dd8c8922e51b	0.23	1
single-hop-song-month-090	0de2e43f60a5e945698f207552772150bd2aaebf9acf51d9caebc5fb43898f9a	1.767	2
single-hop-song-month-091	6c6ea71ead7a7d1138e6fadc4610ef5856c6abdae7b8ba4648dbe1a6ea23c520	0.277	1
single-hop-song-month-092	c49995d880f3ebc86b14f1a6229fd06b1f363299ec8ea993bcc35197f408ca3d	1.186	1
single-hop-song-month-093	4cc6d20a55ff74440f8b3041f7fcd39d661dd34dddd1e1dbffca95f131daa3e8	2.483	3
single-hop-song-month-094	1a6b7d108b225cc22b117bb865255b3b211fecd284b2a8a32025a21cba0cca36	0.274	1
single-hop-event-month-073	582f503b25df64dae2579c440b420bd11d127053f53786dfc3447bfe9f5e07fd	1.461	2
single-hop-song-month-095	718df126a95cd536744410d79347ee4c791c2418f544759c973a322a7b371d95	0.374	1
single-hop-event-month-074	fbbb8bba258181909c4005d1c583a58698556d797d09aa1261fe06ccdec0e3ba	0.266	1
single-hop-song-month-096	e4c552b05c158b9e76441f3ae049ccc55352ff2067b042e8e168e0728cbd4027	0.237	1
single-hop-song-month-097	57fb99683bb5e554e5bad4ce9d81f8290535e6a7f72c886411b0eac5998ce2de	0.26	1
single-hop-event-month-075	c71e9c4af87e1ac3bc8a13a38c76fa6c0336a2e9877dcf5501ed0d7287c400e3	0.282	1
single-hop-song-month-098	81426a2367fadbce19f9e4bbe1fde1de4d8996b04ba590211e9ef84ea74647dc	0.233	1
single-hop-song-month-099	7b927fec8b4a6d6817bd35ecb1bf18a5c367cafac5990177bf77d451fdd6d3f2	0.421	1
single-hop-event-month-076	6b057de032ec864a7ff424b3d82212bcf2ae597595a75924cb3806d73155cd82	0.335	1
