link	target
(You're So Square) Baby I Don't Care	(You're So Square) Baby I Don't Care
101st Airborne Division	101st Airborne Division
12-Bar Original	12-Bar Original
16th Street Baptist Church bombing	16th Street Baptist Church bombing
173rd Airborne	173rd Airborne Brigade
1961–62 European Cup	1961–62 European Cup
1962	1962
1962 Algerian independence referendum	1962 Algerian independence referendum
1962 Asian Games	1962 Asian Games
1962 Bavarian state election	1962 Bavarian state election
1962 FIFA World Cup	1962 FIFA World Cup
1962 NHRA Winternationals	1962 NHRA Winternationals
1962–63 European Cup	1962–63 European Cup
1962–63 New York City newspaper strike	1962–1963 New York City newspaper strike
1963	1963
1963 24 Hours of Le Mans	1963 24 Hours of Le Mans
1963 Australian federal election	1963 Australian federal election
1963 Camden PA-24 crash	1963 Camden PA-24 crash
1963 Honduran coup d'état	1963 Honduran coup d'état
1963 Indiana State Fairgrounds Coliseum gas explosion	1963 Indiana State Fairgrounds Coliseum gas explosion
1963 Italian general election	1963 Italian general election
1963 Marj earthquake	1963 Marj earthquake
1963 Skopje earthquake	1963 Skopje earthquake
1963 South Vietnamese coup	1963 South Vietnamese coup d'état
1963 Togolese coup d'état	1963 Togolese coup d'état
1964	1964
1964 24 Hours of Le Mans	1964 24 Hours of Le Mans
1964 Alaska earthquake	1964 Alaska earthquake
1964 Brinks Hotel bombing	1964 Brinks Hotel bombing
1964 Gabon coup d'état	1964 Gabonese coup d'état
1964 Lima football riot	Estadio Nacional disaster
1964 Moscow protest	1964 Moscow protest
1964 New York World's Fair	1964 New York World's Fair
1964 Summer Olympics	1964 Summer Olympics
1964 UEFA European Football Championship	1964 European Nations' Cup
1964 United Kingdom general election	1964 United Kingdom general election
1964 United States presidential election	1964 United States presidential election
1964 Winter Olympics	1964 Winter Olympics
1964 race riots in Singapore	1964 race riots in Singapore
1964–65 European Cup	1964–65 European Cup
1965	1965
1965 Dhanbad coal mine disaster	1965 Dhanbad coal mine disaster
1965 Durban rail accident	1965 Durban rail accident
1965 French presidential election	1965 French presidential election
1965 Kakanj mine disaster	1965 Kakanj mine disaster
1965 Palm Sunday tornado outbreak	1965 Palm Sunday tornado outbreak
1965 Valparaíso earthquake and El Cobre dam failure	1965 La Ligua earthquake
1965 Yerevan demonstrations	1965 Yerevan demonstrations
1966	1966
1966 24 Hours of Le Mans	1966 24 Hours of Le Mans
1966 Australian census	1966 Australian census
1966 Australian federal election	1966 Australian federal election
1966 FIFA World Cup	1966 FIFA World Cup
1966 Iloilo City fire	1966 Iloilo City fire
1966 Jackson, Mississippi tornado	1966 Jackson, Mississippi tornado
1966 Kingston upon Hull North by-election	1966 Kingston upon Hull North by-election
1966 Liberal Party of Australia leadership election	1966 Liberal Party of Australia leadership election
1966 Nigerian counter-coup	1966 Nigerian counter-coup
1966 Nigerian coup d'état	1966 Nigerian coup d'état
1966 Palomares B-52 crash	1966 Palomares accident
1966 Syrian coup d'état	1966 Syrian coup d'état
1966 Tashkent earthquake	1966 Tashkent earthquake
1966 Topeka tornado	Tornado outbreak sequence of June 1966
1966 United Kingdom general election	1966 United Kingdom general election
1966 Upper Voltan coup d'état	1966 Upper Voltan coup d'état
1966 Varto earthquake	1966 Varto earthquake
1966 Venice flood	1966 Venice flood
1966 Xingtai earthquakes	1966 Xingtai earthquakes
1966 flood of the Arno	1966 flood of the Arno
1967	1967
1967 Australian Labor Party leadership election	1967 Australian Labor Party leadership election
1967 Australian Senate election	1967 Australian Senate election
1967 Australian referendum (Aboriginals)	1967 Australian referendum (Aboriginals)
1967 Buffalo riot	1967 Buffalo riot
1967 Caracas earthquake	1967 Caracas earthquake
1967 Chicago blizzard	1967 Chicago blizzard
1967 Detroit riot	1967 Detroit riot
1967 Gibraltar sovereignty referendum	1967 Gibraltar sovereignty referendum
1967 Milwaukee riot	1967 Milwaukee riot
1967 Newark riots	1967 Newark riots
1967 Plainfield riots	1967 Plainfield riots
1967–68 FIBA European Cup Winners' Cup	1967–68 FIBA European Cup Winners' Cup
1967–68 Football League First Division	1967–68 Football League First Division
1968	1968
1968 Belice earthquake	1968 Belice earthquake
1968 Casiguran earthquake	1968 Casiguran earthquake
1968 Democratic National Convention	1968 Democratic National Convention
1968 Democratic National Convention protests	1968 Democratic National Convention protests
1968 Democratic Party presidential primaries	1968 Democratic Party presidential primaries
1968 Higgins by-election	1968 Higgins by-election
1968 Israeli raid on Lebanon	1968 Israeli raid on Beirut Airport
1968 Italian general election	1968 Italian general election
1968 Liberal Party of Australia leadership election	1968 Liberal Party of Australia leadership election
1968 Olympics Black Power salute	1968 Olympics Black Power salute
1968 Polish political crisis	1968 Polish political crisis
1968 Summer Olympics	1968 Summer Olympics
1968 Thule Air Base B-52 crash	1968 Thule Air Base B-52 crash
1968 United States presidential election	1968 United States presidential election
1968 Winter Olympics	1968 Winter Olympics
1968 World Series	1968 World Series
1968 movement in Pakistan	1968–69 Pakistan revolution
1968 student demonstrations in Yugoslavia	1968 student demonstrations in Yugoslavia
1968–69 Japanese university protests	1968–1969 Japanese university protests
1969	1969
1969 Aswan Ilyushin Il-18 crash	1969 Aswan Ilyushin Il-18 crash
1969 Australian federal election	1969 Australian federal election
1969 Baghdad hangings	1969 Baghdad hangings
1969 Baltimore Orioles season	1969 Baltimore Orioles season
1969 Curaçao uprising	1969 Curaçao uprising
1969 French constitutional referendum	1969 French constitutional referendum
1969 International Meeting of Communist and Workers Parties	1969 International Meeting of Communist and Workers Parties
1969 Japanese general election	1969 Japanese general election
1969 Libyan coup d'état	1969 Libyan revolution
1969 NCAA University Division basketball tournament	1969 NCAA University Division basketball tournament
1969 New York Mets season	1969 New York Mets season
1969 Northern Ireland riots	1969 Northern Ireland riots
1969 Portugal earthquake	1969 Portugal earthquake
1969 Pulitzer Prize	1969 Pulitzer Prize
1969 Rhodesian constitutional referendum	1969 Rhodesian constitutional referendum
1969 Santa Barbara oil spill	1969 Santa Barbara oil spill
1969 Tour de France	1969 Tour de France
1969 West German federal election	1969 West German federal election
1969 World Series	1969 World Series
1969 Yangjiang earthquake	1969 Yangjiang earthquake
1970	1970
1970 Ancash earthquake	1970 Ancash earthquake
1970 Australian Senate election	1970 Australian Senate election
1970 Bhola cyclone	1970 Bhola cyclone
1970 Chilean presidential election	1970 Chilean presidential election
1970 FIFA World Cup	1970 FIFA World Cup
1970 Omani coup d'état	1970 Omani coup d'état
1970 Pakistani general election	1970 Pakistani general election
1970 Tonghai earthquake	1970 Tonghai earthquake
1971 Indian general election	1971 Indian general election
1994	1994
1994 Mindoro earthquake	1994 Mindoro earthquake
1994 Nepalese general election	1994 Nepalese general election
1994 Norwegian European Union membership referendum	1994 Norwegian European Union membership referendum
1994 Swedish European Union membership referendum	1994 Swedish European Union membership referendum
1994 United States elections	1994 United States elections
1995	1995
1995 Gulf of Aqaba earthquake	1995 Gulf of Aqaba earthquake
1996	1996
1996 Australian federal election	1996 Australian federal election
1996 Cricket World Cup Final	1996 Cricket World Cup final
2 June Movement	2 June Movement
2013	2013
2013 Glasgow helicopter crash	2013 Glasgow helicopter crash
2013 Washington, Illinois, tornado	2013 Washington, Illinois tornado
2020 Beirut explosion	2020 Beirut explosion
20th century	20th century
23rd Congress of the Communist Party of the Soviet Union	23rd Congress of the Communist Party of the Soviet Union
24 Hours of Daytona	24 Hours of Daytona
25 de Abril Bridge	25 de Abril Bridge
2nd Air Division	2nd Air Division
2nd Infantry Division (United States)	2nd Infantry Division (United States)
30 September Movement	30 September Movement
300 million yen robbery	300 million yen robbery
34th Academy Awards	34th Academy Awards
35th Academy Awards	35th Academy Awards
36th Academy Awards	36th Academy Awards
37th Academy Awards	37th Academy Awards
38th Academy Awards	38th Academy Awards
39th Academy Awards	39th Academy Awards
54th Grey Cup	54th Grey Cup
58th Grey Cup	58th Grey Cup
596 (nuclear test)	Project 596
68th Academy Awards	68th Academy Awards
A Charlie Brown Christmas	A Charlie Brown Christmas
A Day in the Life	A Day in the Life
A Hard Day's Night (album)	A Hard Day's Night (album)
A Hard Day's Night (song)	A Hard Day's Night (song)
A Hard Rain's a-Gonna Fall	A Hard Rain's a-Gonna Fall
A Man for All Seasons (1966 film)	A Man for All Seasons (1966 film)
A Shot of Rhythm and Blues	A Shot of Rhythm and Blues
A Taste of Honey (song)	A Taste of Honey (song)
A.C. Milan	AC Milan
AC Cobra	AC Cobra
AEK Athens B.C.	AEK B.C.
AI-5	Institutional Act Number Five
ARPANET	ARPANET
ASCII	ASCII
AT&T Corporation	AT&T Corporation
Abbey Road	Abbey Road
Abbie Hoffman	Abbie Hoffman
Abdirashid Ali Shermarke	Abdirashid Shermarke
Aberfan disaster	Aberfan disaster
Abington School District v. Schempp	Abington School District v. Schempp
Abortion Act 1967	Abortion Act 1967
Abubakar Tafawa Balewa	Abubakar Tafawa Balewa
Academy Award	Academy Awards
Academy Award for Best Actor	Academy Award for Best Actor
Academy Award for Best Actress	Academy Award for Best Actress
Academy Award for Best Original Song	Academy Award for Best Original Song
Academy Award for Best Picture	Academy Award for Best Picture
Acapulco	Acapulco
Accra	Accra
Across the Universe	Across the Universe
Act Naturally	Act Naturally
Act of Free Choice	Act of Free Choice
Addis Ababa	Addis Ababa
Aden	Aden
Adolf Hitler	Adolf Hitler
Aegean Sea	Aegean Sea
Aer Lingus Flight 712	Aer Lingus Flight 712
Aeroperú Flight 603	Aeroperú Flight 603
Aerospace manufacturer	Aerospace manufacturer
Africa	Africa
African American	African Americans
African Americans	African Americans
African Development Bank	African Development Bank
African National Congress	African National Congress
African and Malagasy Union	African and Malagasy Union
Afrikaner	Afrikaners
Afrocentrism	Afrocentrism
Agena Target Vehicle	Agena target vehicle
Agena target vehicle	Agena target vehicle
Agence de Coopération Culturelle et Technique	Agence de coopération culturelle et technique
Ahmad Toukan	Ahmad Toukan
Ahmed Ben Bella	Ahmed Ben Bella
Ahmed Sékou Touré	Ahmed Sékou Touré
Aichach	Aichach
Ain't She Sweet	Ain't She Sweet
Air Canada Flight 621	Air Canada Flight 621
Air France	Air France
Air France Flight 007	Air France Flight 007
Air France Flight 117	Air France Flight 117
Air France Flight 1611	Air France Flight 1611
Air France Flight 212 (1968)	Air France Flight 212 (1968)
Air France Flight 212 (1969)	Air France Flight 212 (1969)
Air India Flight 101	Air India Flight 101
Aircraft	Aircraft
Aircraft carrier	Aircraft carrier
Aircraft hijacking	Aircraft hijacking
Aksai Chin	Aksai Chin
Al-Aqsa Mosque	Al-Aqsa Mosque
Alan Bean	Alan Bean
Alaska	Alaska
Albania	Albania
Albert Speer	Albert Speer
Alcatraz Island	Alcatraz Island
Aldo Moro	Aldo Moro
Alec Douglas-Home	Alec Douglas-Home
Alec Guinness	Alec Guinness
Alec Rose	Alec Rose
Alexander Bustamante	Alexander Bustamante
Alexander Dubček	Alexander Dubček
Alexander Island	Alexander Island
Alexei Kosygin	Alexei Kosygin
Alexei Leonov	Alexei Leonov
Alfredo Ovando Candía	Alfredo Ovando
Algeria	Algeria
Algerian War	Algerian War
Algiers	Algiers
All I've Got to Do	All I've Got to Do
All Kinds of Everything	All Kinds of Everything
All My Loving	All My Loving
All Nippon Airways Flight 60	All Nippon Airways Flight 60
All Things Must Pass (song)	All Things Must Pass (song)
All Together Now (Beatles song)	All Together Now (Beatles song)
All You Need Is Love	All You Need Is Love
Allegheny Airlines Flight 853	Allegheny Airlines Flight 853
Allen Ginsberg	Allen Ginsberg
Allende meteorite	Allende meteorite
Alouette 1	Alouette 1
Alouette 2	Alouette 2
Altamont Free Concert	Altamont Free Concert
Alzheimer's disease	Alzheimer's disease
Ambassador Hotel (Los Angeles)	Ambassador Hotel (Los Angeles)
Ambroise Noumazalaye	Ambroise Noumazalaye
Amchitka Island	Amchitka Island
American Airlines Flight 1 (1962)	American Airlines Flight 1 (1962)
American Independent Party	American Independent Party
American Museum of Natural History	American Museum of Natural History
American Samoa	American Samoa
American civil rights movement	Civil rights movement
American football	American football
American occupation of the Dominican Republic (1965–66)	Dominican Civil War
Amin al-Hafiz	Amin al-Hafiz
Amman	Amman
Ammonium nitrate	Ammonium nitrate
Amsterdam	Amsterdam
An Unearthly Child	An Unearthly Child
Anastasio Somoza Debayle	Anastasio Somoza Debayle
Anchorage, Alaska	Anchorage, Alaska
And I Love Her	And I Love Her
And Your Bird Can Sing	And Your Bird Can Sing
Andean Pact	Andean Community
Andhra Pradesh	Andhra Pradesh
Andreas Baader	Andreas Baader
Andreas Papandreou	Andreas Papandreou
Andrei Gromyko	Andrei Gromyko
Andrew Lloyd Webber	Andrew Lloyd Webber
Androscoggin Bank Colisée	The Colisée
Andy Warhol	Andy Warhol
Andøya Space Center	Andøya Space
Angola	Angola
Anna (Go to Him)	Anna (Go to Him)
Anne Frank	Anne Frank
Another Girl	Another Girl
Anthology 1	Anthology 1
Anthology 2	Anthology 2
Anthology 3	Anthology 3
Anthology 4	Anthology 4
Anthony Quinn	Anthony Quinn
Antiaircraft missile	Surface-to-air missile
Antigua and Barbuda	Antigua and Barbuda
Antonio Segni	Antonio Segni
Antony Hewish	Antony Hewish
Antony and Cleopatra (1966 opera)	Antony and Cleopatra (Barber)
António de Oliveira Salazar	António de Oliveira Salazar
Anwar Sadat	Anwar Sadat
Any Time at All	Any Time at All
Apartheid	Apartheid
Apollo 1	Apollo 1
Apollo 10	Apollo 10
Apollo 11	Apollo 11
Apollo 12	Apollo 12
Apollo 13	Apollo 13
Apollo 4	Apollo 4
Apollo 6	Apollo 6
Apollo 7	Apollo 7
Apollo 8	Apollo 8
Apollo 8 Genesis reading	Apollo 8 Genesis reading
Apollo 9	Apollo 9
Apollo Lunar Module	Apollo Lunar Module
Apollo program	Apollo program
Aquanaut	Aquanaut
Arab	Arabs
Arab League	Arab League
Archbishop of Canterbury	Archbishop of Canterbury
Arecibo Observatory	Arecibo Observatory
Arenal Volcano	Arenal Volcano
Argentina	Argentina
Argentine Revolution	Argentine Revolution
Ariana Afghan Airlines Flight 701	Ariana Afghan Airlines Flight 701
Arif Abd ar-Razzaq	Arif Abdul Razzaq
Arizona	Arizona
Arkansas	Arkansas
Arlington National Cemetery	Arlington National Cemetery
Armenian genocide	Armenian genocide
Armistice	Armistice
Arms Crisis	Arms Crisis
Army of the Republic of Vietnam	Army of the Republic of Vietnam
Army of the Republic of Vietnam Special Forces	Army of the Republic of Vietnam Special Forces
Army–Navy Game	Army–Navy Game
Arnulfo Arias	Arnulfo Arias
Arrest and assassination of Ngo Dinh Diem	Arrest and assassination of Ngo Dinh Diem
Arson	Arson
Artemis II	Artemis II
Arthur Bottomley	Arthur Bottomley
Arthur Calwell	Arthur Calwell
Artificial heart	Artificial heart
Artur da Costa e Silva	Artur da Costa e Silva
Arturo Umberto Illia	Arturo Umberto Illia
Ash Wednesday Storm	Ash Wednesday Storm of 1962
Asian Development Bank	Asian Development Bank
Ask Me Why	Ask Me Why
Assassination of John F. Kennedy	Assassination of John F. Kennedy
Assassination of Malcolm X	Assassination of Malcolm X
Assassination of Martin Luther King Jr.	Assassination of Martin Luther King Jr.
Assassination of Pedro Eugenio Aramburu	Assassination of Pedro Eugenio Aramburu
Assassination of Robert F. Kennedy	Assassination of Robert F. Kennedy
Assassination of Yitzhak Rabin	Assassination of Yitzhak Rabin
Association football	Association football
Association of Southeast Asian Nations	ASEAN
Astronaut	Astronaut
Astérix (satellite)	Astérix (satellite)
Aswan Dam	Aswan High Dam
Athens	Athens
Atlanta	Atlanta
Atlantic City	Atlantic City, New Jersey
Atlantic Coast Line Railroad	Atlantic Coast Line Railroad
Atlantic College	UWC Atlantic
Atlantic Ocean	Atlantic Ocean
Atomic bomb	Nuclear weapon
Attack helicopter	Attack helicopter
Attack on USNS Card	Attack on USNS Card
Attempted assassination of Leonid Brezhnev	Attempted assassination of Leonid Brezhnev
Audubon Ballroom	Audubon Ballroom
August	August
Aurora (province)	Aurora (province)
Aurora 7	Mercury-Atlas 7
Ausserparlamentarische Opposition	Außerparlamentarische Opposition
Austin Currie	Austin Currie
Australia	Australia
Australia Day	Australia Day
Australian House of Representatives	Australian House of Representatives
Australian Labor Party	Australian Labor Party
Australian Senate	Australian Senate
Australian Senate election, 1964	1964 Australian Senate election
Australian dollar	Australian dollar
Austria	Austria
Auto racing	Auto racing
Avalanche	Avalanche
Aviation accidents and incidents	Aviation accidents and incidents
Axel Springer AG	Axel Springer SE
Ayub Khan	Ayub Khan
Ayub Khan (President of Pakistan)	Ayub Khan
Azores	Azores
B-52 Stratofortress	Boeing B-52 Stratofortress
B-57 Canberra	Martin B-57 Canberra
B. J. Vorster	John Vorster
BAC One-Eleven	BAC One-Eleven
BASIC programming language	BASIC
BBC	BBC
BBC Home Service	BBC Home Service
BBC One	BBC One
BBC Proms	BBC Proms
BBC Radio	BBC Radio
BBC Radio 1	BBC Radio 1
BBC Radio 2	BBC Radio 2
BBC Radio 3	BBC Radio 3
BBC Radio 4	BBC Radio 4
BBC Television	BBC Television
BBC Two	BBC Two
BBC-3 (TV series)	BBC-3 (TV series)
BOAC Flight 911	BOAC Flight 911
Ba'ath Party	Ba'ath Party
Ba'athist Iraq	Ba'athist Iraq
Baby It's You	Baby It's You
Baby's in Black	Baby's in Black
Baby, You're a Rich Man	Baby, You're a Rich Man
Back in the U.S.S.R.	Back in the U.S.S.R.
Bad Boy (Larry Williams song)	Bad Boy (Larry Williams song)
Bad to Me	Bad to Me
Baden-Baden	Baden-Baden
Baggeridge Colliery	Baggeridge Colliery
Baghdad	Baghdad
Bahamas	The Bahamas
Bahr el-Baqar massacre	Bahr El-Baqar primary school bombing
Baháʼí Faith	Baháʼí Faith
Baháʼí World Centre	Baháʼí World Centre
Baikonur	Baikonur
Baikonur Cosmodrome	Baikonur Cosmodrome
Baldur von Schirach	Baldur von Schirach
Bali	Bali
Ballistic missile submarine	Ballistic missile submarine
Baltimore, Maryland	Baltimore
Bangkok	Bangkok
Bangladesh	Bangladesh
Bangor Daily News	Bangor Daily News
Bankruptcy	Bankruptcy
Barbados	Barbados
Barbados Independence Act 1966	Barbados Independence Act 1966
Barcelona	Barcelona
Barclays Bank	Barclays
Barents Sea	Barents Sea
Barroterán coal mine disaster	Barroterán coal mine disaster
Barry Goldwater	Barry Goldwater
Basil D'Oliveira	Basil D'Oliveira
Basketball	Basketball
Basque Country (autonomous community)	Basque Country (autonomous community)
Basque nationalism	Basque nationalism
Basque people	Basques
Basques	Basques
Basutoland	Basutoland
Battle of Ammunition Hill	Battle of Ammunition Hill
Battle of Ap Bac	Battle of Ap Bac
Battle of Chawinda	Battle of Chawinda
Battle of Dak To	Battle of Dak To
Battle of Dong Xoai	Battle of Đồng Xoài
Battle of Dong-Yin	Battle of Dong-Yin
Battle of Hamburger Hill	Battle of Hamburger Hill
Battle of Ia Drang	Battle of Ia Drang
Battle of Khe Sanh	Battle of Khe Sanh
Battle of Kursk	Battle of Kursk
Battle of Lima Site 85	Battle of Lima Site 85
Battle of Long Tan	Battle of Long Tan
Battle of Mengo Hill	Mengo Crisis
Battle of Ong Thanh	Battle of Ong Thanh
Bavaria	Bavaria
Bay of Pigs Invasion	Bay of Pigs Invasion
Bazooka	Bazooka
Beatlemania	Beatlemania
Beatles	The Beatles
Beatles for Sale	Beatles for Sale
Beatrix of the Netherlands	Beatrix of the Netherlands
Beautiful Dreamer	Beautiful Dreamer
Because (Beatles song)	Because (Beatles song)
Bechuanaland Protectorate	Bechuanaland Protectorate
Bed-in	Bed-in
Beijing Subway	Beijing Subway
Being for the Benefit of Mr. Kite!	Being for the Benefit of Mr. Kite!
Beirut	Beirut
Beirut, Lebanon	Beirut
Belgrade	Belgrade
Bell Laboratories	Bell Labs
Belvidere, Illinois	Belvidere, Illinois
Benavídez rail disaster	Benavídez rail disaster
Benjamin Britten	Benjamin Britten
Benjamin Spock	Benjamin Spock
Benno Ohnesorg	Killing of Benno Ohnesorg
Berkeley Free Speech Movement	Free Speech Movement
Berlin	Berlin
Berlin Wall	Berlin Wall
Bernardo Provenzano	Bernardo Provenzano
Berry L. Cannon	Berry L. Cannon
Best Actor in a Leading Role	Academy Award for Best Actor
Biafra	Biafra
Biblioteca Nacional de España	Biblioteca Nacional de España
Biederitz	Biederitz
Bien Hoa Air Base	Bien Hoa Air Base
Bigfoot	Bigfoot
Binh Tai Massacre	Bình Tai massacre
Bird strike	Bird strike
Birmingham, Alabama	Birmingham, Alabama
Birth control	Birth control
Birthday (Beatles song)	Birthday (Beatles song)
Biscay	Biscay
Biscay (Congress of Deputies constituency)	Biscay (Congress of Deputies constituency)
Bishop of Urgel	Diocese of Urgell
Black Country	Black Country
Black Panther Party	Black Panther Party
Black Panthers	Black Panther Party
Black Power	Black power
Black September	Black September
Black Studies	Black studies
Black Tot Day	Rum ration
Black and White Ball	Black and White Ball
Blackbird (Beatles song)	Blackbird (Beatles song)
Blowout (well drilling)	Blowout (well drilling)
Blue Flame	Blue Flame
Blue Jay Way	Blue Jay Way
Blue Moon (1934 song)	Blue Moon (1934 song)
Bob Beamon	Bob Beamon
Bob Dylan	Bob Dylan
Bob Hope	Bob Hope
Bobby Hutton	Bobby Hutton
Bobby Seale	Bobby Seale
Bobby Unser	Bobby Unser
Boeing 707	Boeing 707
Boeing 737	Boeing 737
Boeing 747	Boeing 747
Boeing C-135 Stratolifter	Boeing C-135 Stratolifter
Bogle–Chandler case	Bogle–Chandler case
Bokassa	Jean-Bédel Bokassa
Bolivia	Bolivia
Bond v. Floyd	Bond v. Floyd
Bonin Islands	Bonin Islands
Bonneville Salt Flats	Bonneville Salt Flats
Boris Karloff	Boris Karloff
Boris Spassky	Boris Spassky
Bosnian War	Bosnian War
Botswana	Botswana
Boys (Shirelles song)	Boys (The Shirelles song)
Braniff Flight 352	Braniff International Airways Flight 352
Braniff International Airways Flight 250	Braniff International Airways Flight 250
Bratislava	Bratislava
Braunlage	Braunlage
Braveheart	Braveheart
Brazil	Brazil
Brazil national football team	Brazil national football team
Brazilian military coup of 1964	1964 Brazilian coup d'état
Brazilian military dictatorship	Military dictatorship in Brazil
Brazilian military government	Military dictatorship in Brazil
Brazilian military regime	Military dictatorship in Brazil
Brazzaville	Brazzaville
Bražuolė bridge bombing	Bražuolė bridge bombing
Break-up of the Beatles	Break-up of the Beatles
Brentwood, Los Angeles	Brentwood, Los Angeles
Bristol Britannia	Bristol Britannia
Britannia Airways Flight 105	Britannia Airways Flight 105
British Antarctic Survey	British Antarctic Survey
British Commonwealth	Commonwealth of Nations
British Empire	British Empire
British European Airways	British European Airways
British Guiana	British Guiana
British Midland International	British Midland International
British Rail	British Rail
Broadway theatre	Broadway theatre
Bronze Age	Bronze Age
Brookfield, Wisconsin	Brookfield, Wisconsin
Brooklyn Navy Yard	Brooklyn Navy Yard
Brunei	Brunei
Brussels	Brussels
Brøndby IF	Brøndby IF
Buckinghamshire	Buckinghamshire
Budapest	Budapest
Buddhist Uprising	Buddhist Uprising
Buddhist crisis	Buddhist crisis
Buddhist flag	Buddhist flag
Buddhist monk	Bhikkhu
Buddy Rogers (wrestler)	Buddy Rogers (wrestler)
Buenos Aires	Buenos Aires
Buford Ellington	Buford Ellington
Bukavu	Bukavu
Bundesliga	Bundesliga
Bundeswehr	Bundeswehr
Bureau of Enquiry and Analysis for Civil Aviation Safety	Bureau of Enquiry and Analysis for Civil Aviation Safety
Burgess Ice Rise	Burgess Ice Rise
Burgos	Burgos
Burma	Myanmar
Burundi	Burundi
Bushfires in Australia	Bushfires in Australia
Buzz Aldrin	Buzz Aldrin
Bésame Mucho	Bésame Mucho
Bình Hòa massacre	Bình Hòa massacre
CARIFTA	Caribbean Free Trade Association
CBS	CBS
CIA	Central Intelligence Agency
CSX Transportation	CSX Transportation
Cabinet (government)	Cabinet (government)
Cable 243	Cable 243
Caesars Palace	Caesars Palace
Cairo	Cairo
Caledon, County Tyrone	Caledon, County Tyrone
Calgary Stampeders	Calgary Stampeders
California	California
California National Guard	California National Guard
California State University, Long Beach	California State University, Long Beach
Cambodia	Cambodia
Cambodian Civil War	Cambodian Civil War
Cambodian campaign	Cambodian campaign
Cameron Highlands	Cameron Highlands
Campaign for Nuclear Disarmament	Campaign for Nuclear Disarmament
Campeonato Brasileiro Série A	Campeonato Brasileiro Série A
Can't Buy Me Love	Can't Buy Me Love
Canadian Army	Canadian Army
Canadian Centennial	Canadian Centennial
Canadian Confederation	Canadian Confederation
Canadian Football League	Canadian Football League
Canadian Pacific Air Lines Flight 402	Canadian Pacific Air Lines Flight 402
Canadian Red Ensign	Canadian Red Ensign
Candlestick Park	Candlestick Park
Canopus (nuclear test)	Canopus (nuclear test)
Cantata	Cantata
Cape Cod	Cape Cod
Cape Coloured	Cape Coloureds
Cape Kennedy	Cape Canaveral
Cape Town	Cape Town
Caracas	Caracas
Carbon dioxide poisoning	Hypercapnia
Carbon monoxide poisoning	Carbon monoxide poisoning
Cargo ship	Cargo ship
Caribbean	Caribbean
Caribbean Free Trade Association	Caribbean Free Trade Association
Carl B. Stokes	Carl Stokes
Carl Brashear	Carl Brashear
Carlisle railway station	Carlisle railway station
Carmarthen (UK Parliament constituency)	Caerfyrddin (constituency)
Carnegie Hall	Carnegie Hall
Carol (Chuck Berry song)	Carol (Chuck Berry song)
Carol Cox	Carol Cox
Carry That Weight	Carry That Weight
Carswell Air Force Base	Carswell Air Force Base
Cassius Clay	Muhammad Ali
Catherine of Siena	Catherine of Siena
Catholic Church	Catholic Church
Catholic Worker Movement	Catholic Worker Movement
Catonsville Nine	Catonsville Nine
Catonsville, Maryland	Catonsville, Maryland
Cayenne (instrumental)	Cayenne (instrumental)
Celtic F.C.	Celtic F.C.
Central African Republic	Central African Republic
Central America	Central America
Central Highlands (Vietnam)	Central Highlands (Vietnam)
Central Time Zone	Central Time Zone
Centre for International Intellectual Property Studies	Centre for International Intellectual Property Studies
Century 21 Exposition	Century 21 Exposition
Cessna 310	Cessna 310
Cevdet Sunay	Cevdet Sunay
Chad	Chad
Chains (Cookies song)	Chains (Cookies song)
Chamber of Deputies (Italy)	Chamber of Deputies (Italy)
Chancellor of Germany (Federal Republic)	Chancellor of Germany
Channel Tunnel	Channel Tunnel
Chappaquiddick Island	Chappaquiddick Island
Chappaquiddick incident	Chappaquiddick incident
Character encoding	Character encoding
Charge-coupled device	Charge-coupled device
Charles Eddie Moore	Mississippi Cold Case
Charles Haughey	Charles Haughey
Charles Manson	Charles Manson
Charles Whitman	Charles Whitman
Charles de Gaulle	Charles de Gaulle
Charleston, South Carolina	Charleston, South Carolina
Charlie the Lonesome Cougar	Charlie, the Lonesome Cougar
Che Guevara	Che Guevara
Chechnya	Chechnya
Cheshire	Cheshire
Chester Crown Court	Chester Crown Court
Cheviot Beach	Cheviot Beach
Chicago	Chicago
Chicago Eight	Chicago Seven
Child of Nature	Jealous Guy
Chile	Chile
Chim Chim Cher-ee	Chim Chim Cher-ee
Chimurenga	Chimurenga
China	China
China Radio International	China Radio International
Chinese Communist Party	Chinese Communist Party
Chinese government	Politics of China
Chloroacetone	Chloroacetone
Cholera	Cholera
Christiaan Barnard	Christiaan Barnard
Christian Democratic Party (Chile)	Christian Democratic Party (Chile)
Christmas	Christmas
Christmas Time (Is Here Again)	Christmas Time (Is Here Again)
Christmas flood of 1964	Christmas flood of 1964
Christophe Soglo	Christophe Soglo
Christopher Mayhew	Christopher Mayhew
Chu Lai	Chu Lai
Chuck Yeager	Chuck Yeager
Circles (George Harrison song)	Circles (George Harrison song)
Citizenship	Citizenship
Citroën	Citroën
Citroën SM	Citroën SM
Civil Rights Act of 1964	Civil Rights Act of 1964
Civil rights	Civil and political rights
Civil rights movement	Civil rights movement
Clarabella (song)	Clarabella (song)
Classical planets	Classical planet
Claus von Amsberg	Prince Claus of the Netherlands
Clear-air turbulence	Clear-air turbulence
Clement of Ohrid	Clement of Ohrid
Cleveland	Cleveland
Cleveland, Ohio	Cleveland
Cliff Richard	Cliff Richard
Club Cinq-Sept fire	Club Cinq-Sept fire
Co-Prince of Andorra	Co-princes of Andorra
Coal mining	Coal mining
Coalition (Australia)	Liberal–National Coalition
Coalition government	Coalition government
Codex Madrid (Leonardo)	Codex Madrid (Leonardo)
Cold War	Cold War
College football	College football
Cologne	Cologne
Cologne school massacre	Cologne school massacre
Colombia	Colombia
Colombian conflict	Colombian conflict
Colonial Office	Colonial Office
Colorado	Colorado
Colour television	Color television
Columbia University	Columbia University
Columbia University protests of 1968	1968 Columbia University protests
Columbia, Maryland	Columbia, Maryland
Come Together	Come Together
Come and Get It (Badfinger song)	Come and Get It (Badfinger song)
Comet Ikeya–Seki	Comet Ikeya–Seki
Commencement address	Commencement speech
Commonwealth Heads of Government	List of Commonwealth heads of government
Commonwealth Immigrants Act 1962	Commonwealth Immigrants Act 1962
Commonwealth Immigrants Act 1968	Commonwealth Immigrants Act 1968
Commonwealth Office	Secretary of State for Commonwealth Affairs
Commonwealth Relations Office	Secretary of State for Commonwealth Relations
Commonwealth Scientific and Industrial Research Organisation	CSIRO
Commonwealth of Nations	Commonwealth of Nations
Communications satellite	Communications satellite
Communism	Communism
Communist	Communism
Communist Party of Czechoslovakia	Communist Party of Czechoslovakia
Communist Party of Indonesia	Communist Party of Indonesia
Communist Party of Nepal (Unified Marxist–Leninist)	Communist Party of Nepal (Unified Marxist–Leninist)
Communist Party of Nicaragua	Communist Party of Nicaragua
Communist state	Communist state
Compulsory military service	Conscription
Computer	Computer
Computer mouse	Computer mouse
Conakry	Conakry
Concorde	Concorde
Confolens	Confolens
Congratulations (Cliff Richard song)	Congratulations (Cliff Richard song)
Congress of Colombia	Congress of Colombia
Congress of Racial Equality	Congress of Racial Equality
Congress of the United States	United States Congress
Conscription	Conscription
Conservative Party (UK)	Conservative Party (UK)
Constantine II of Greece	Constantine II of Greece
Constitution	Constitution
Constitution of Monaco	Constitution of Monaco
Continental Airlines Flight 11	Continental Airlines Flight 11
Conversations with Stalin	Conversations with Stalin
Copenhagen	Copenhagen
Cordobazo	Cordobazo
Coretta Scott King	Coretta Scott King
Cork Airport	Cork Airport
Cornwall	Cornwall
Coronation of Mohammad Reza Pahlavi	Coronation of Mohammad Reza Pahlavi
Corporation for Public Broadcasting	Corporation for Public Broadcasting
Corrective Revolution (Syria)	1970 Syrian coup d'etat
Corsica	Corsica
Cosmonaut	Astronaut
Costa Rica	Costa Rica
Coup	Coup d'état
Coup d'état	Coup d'état
Coventry Cathedral	Coventry Cathedral
Cowboy Copas	Cowboy Copas
Craig Breedlove	Craig Breedlove
Crete	Crete
Criticality accident	Criticality accident
Crown Prince	Crown prince
Crown colony	Crown colony
Cry Baby Cry	Cry Baby Cry
Cry for a Shadow	Cry for a Shadow
Crying, Waiting, Hoping	Crying, Waiting, Hoping
Cryoprecipitate	Cryoprecipitate
Cryptid	List of cryptids
Cuba	Cuba
Cuban Adjustment Act	Cuban Adjustment Act
Cuban Missile Crisis	Cuban Missile Crisis
Cuban exile	Cuban exile
Cubans	Cubans
Cultural Revolution	Cultural Revolution
Curaçao	Curaçao
Curfew	Curfew
Cuxhaven	Cuxhaven
Cyprus	Cyprus
Cyprus Emergency	Cyprus Emergency
Czechoslovakia	Czechoslovakia
Czechoslovakia national football team	Czechoslovakia national football team
Córdoba, Argentina	Córdoba, Argentina
D'Oliveira affair	D'Oliveira affair
DC-9	McDonnell Douglas DC-9
DZKB-TV	DZKB-TV
Da Nang	Da Nang
Dagen H	Dagen H
Daily Herald (UK newspaper)	Daily Herald (United Kingdom)
Dallas	Dallas
Dam	Dam
Dan-Air Flight 1903	Dan-Air Flight 1903
Dana Rosemary Scallon	Dana Rosemary Scallon
Danish Cup	Danish Cup
Danish Superliga	Danish Superliga
Davao Oriental	Davao Oriental
Davao del Norte	Davao del Norte
Davao del Sur	Davao del Sur
David Ben-Gurion	David Ben-Gurion
David Dacko	David Dacko
David Fairbairn (politician)	David Fairbairn (politician)
David Frost	David Frost
David Halberstam	David Halberstam
David Lean	David Lean
David Scott	David Scott
Dawson's Field hijackings	Dawson's Field hijackings
Dawson, Texas	Dawson, Texas
Day Tripper	Day Tripper
Daylight saving time	Daylight saving time
Days of Rage	Days of Rage
Dayton Agreement	Dayton Agreement
Dayton, Ohio	Dayton, Ohio
Daytona Beach, Florida	Daytona Beach, Florida
De Havilland Comet	De Havilland Comet
De-satellization of Romania	De-satellization of the Socialist Republic of Romania
Dean Rusk	Dean Rusk
Dear Prudence	Dear Prudence
Death and state funeral of Winston Churchill	Death and state funeral of Winston Churchill
Death of Hsu Tsu-tsai	Death of Hsu Tsu-tsai
Death of Jimi Hendrix	Death of Jimi Hendrix
Death of Marilyn Monroe	Death of Marilyn Monroe
Deception Island	Deception Island
Decimal Day	Decimal Day
Decimalisation	Decimalisation
Declaration of Honolulu, 1966	Declaration of Honolulu, 1966
Decomposition	Decomposition
Democratic Labor Party (Australia, 1955)	Democratic Labor Party (Australia, 1955)
Democratic National Convention	Democratic National Convention
Democratic Party (United States)	Democratic Party (United States)
Democratic Republic of Congo	Democratic Republic of the Congo
Democratic Republic of Vietnam	North Vietnam
Democratic Republic of the Congo	Democratic Republic of the Congo
Denis Michael Rohan	Denis Michael Rohan
Denton Cooley	Denton Cooley
Deputy Prime Minister of Malaysia	Deputy Prime Minister of Malaysia
Der Spiegel	Der Spiegel
Derek Forster	Derek Forster
Desert Storm	Gulf War
Detroit	Detroit
Detroit Red Wings	Detroit Red Wings
Detroit Tigers	Detroit Tigers
Deutsche Mark	Deutsche Mark
Devil in Her Heart	Devil in His Heart
Dhanbad	Dhanbad
Dhanushkodi	Dhanushkodi
Diabolik	Diabolik
Diamant A	Diamant
Dig It (Beatles song)	Dig It (Beatles song)
Dig a Pony	Dig a Pony
Dimitri Tsafendas	Dimitri Tsafendas
Diplomatic relations	Diplomacy
Direct effect	Direct effect of European Union law
Direct election	Direct election
Disappearance of Harold Holt	Disappearance of Harold Holt
Disappearance of the Beaumont children	Disappearance of the Beaumont children
Disfranchisement	Disfranchisement
Disneyland	Disneyland
Ditched	Water landing
Division Street riots	Division Street riots
Dizzy, Miss Lizzy	Dizzy, Miss Lizzy
Djibouti	Djibouti
Do You Want to Know a Secret	Do You Want to Know a Secret
Doctor Robert	Doctor Robert
Doctor Who	Doctor Who
Doctor of the Church	Doctor of the Church
Dominican Republic	Dominican Republic
Don't Bother Me	Don't Bother Me
Don't Ever Change (song)	Don't Ever Change (song)
Don't Let Me Down (Beatles song)	Don't Let Me Down (Beatles song)
Don't Pass Me By	Don't Pass Me By
Donald Sangster	Donald Sangster
Dong Fang Hong 1	Dong Fang Hong 1
Donn Eisele	Donn F. Eisele
Donn F. Eisele	Donn F. Eisele
Dorothy Chandler Pavilion	Dorothy Chandler Pavilion
Dorval International Airport	Montréal–Trudeau International Airport
Double Seven Day scuffle	Double Seven Day scuffle
Double agent	Double agent
Douglas Aircraft Company	Douglas Aircraft Company
Douglas DC-8	Douglas DC-8
Douglas DC-9	McDonnell Douglas DC-9
Douglas Engelbart	Douglas Engelbart
Dow Chemical	Dow Chemical Company
Down to the Countryside Movement	Down to the Countryside Movement
Dr. E. Lee Spence	E. Lee Spence
Draft lottery (1969)	Vietnam War draft
Draft-card burning	Draft-card burning
Drive My Car (song)	Drive My Car (song)
Dublin	Dublin
Dugway Proving Ground	Dugway Proving Ground
Dulles International Airport	Dulles International Airport
Dulwich Picture Gallery	Dulwich Picture Gallery
Dunblane massacre	Dunblane massacre
Dunblane school massacre	Dunblane massacre
Durban	Durban
Dutch royal family	Monarchy of the Netherlands
Duy Tan University	Duy Tan University
Dwight D. Eisenhower	Dwight D. Eisenhower
Dương Văn Minh	Dương Văn Minh
EC-121 shootdown incident	1969 EC-121 shootdown incident
EPCOT (concept)	EPCOT (concept)
ESRO	European Space Research Organisation
ETA (separatist group)	ETA (separatist group)
Early life and military career of John McCain	Early life and military career of John McCain
Earth	Earth
Earth Day	Earth Day
Earth's atmosphere	Atmosphere of Earth
Earthrise	Earthrise
Easington, East Riding of Yorkshire	Easington, East Riding of Yorkshire
East German	East Germany
East Germany	East Germany
East Jerusalem	East Jerusalem
East Pakistan	East Pakistan
Easter Rising	Easter Rising
Ecliptic	Ecliptic
Economic aid	Aid
Ecumenical council	Ecumenical council
Ed White (astronaut)	Ed White (astronaut)
Eddie Adams (photographer)	Eddie Adams (photographer)
Eddy Merckx	Eddy Merckx
Edmond Jouhaud	Edmond Jouhaud
Edmund Muskie	Edmund Muskie
Edson Luís de Lima Souto	Edson Luís de Lima Souto
Edward Heath	Edward Heath
Edward Villella	Edward Villella
Egypt	Egypt
Egyptian Air Force	Egyptian Air Force
Egypt–United States relations	Egypt–United States relations
Eight Days a Week	Eight Days a Week
Eilat	Eilat
Eisaku Satō	Eisaku Satō
El Salvador	El Salvador
Eleanor Rigby	Eleanor Rigby
Elektron (satellite program)	Elektron (satellite program)
Elizabeth II	Elizabeth II
Elkton, Maryland	Elkton, Maryland
Elvis Presley	Elvis Presley
Embassy of the United States, Saigon	Embassy of the United States, Saigon
Emmanuel Bodjollé	Emmanuel Bodjollé
Emperor of Japan	Emperor of Japan
Empire Stadium (Vancouver)	Empire Stadium (Vancouver)
Encyclical	Encyclical
Enfield Town	Enfield, London
Engel v. Vitale	Engel v. Vitale
England national football team	England national football team
English Canada	English Canada
English Channel	English Channel
Enoch Powell	Enoch Powell
Enragés	Enragés
Enrico Fermi Nuclear Generating Station	Enrico Fermi Nuclear Generating Station
Entebbe	Entebbe
Equal pay	Equal pay for equal work
Equatorial Guinea	Equatorial Guinea
Erfurt	Erfurt
Eric Edgar Cooke	Eric Edgar Cooke
Erich Priebke	Erich Priebke
Eritrean Liberation Front	Eritrean Liberation Front
Estadio Azteca	Estadio Azteca
Ethiopia	Ethiopia
Eugene McCarthy	Eugene McCarthy
Euromaidan	Euromaidan
Europe	Europe
European Champion Clubs' Cup	European Champion Clubs' Cup
European Coal and Steel Community	European Coal and Steel Community
European Common Market	European Economic Community
European Communities	European Communities
European Community	European Economic Community
European Court of Justice	European Court of Justice
European Economic Community	European Economic Community
European Political Cooperation	European Political Co-operation
European Space Agency	European Space Agency
European Union	European Union
European Union law	Law of the European Union
Eurostar	Eurostar
Eurovision Song Contest 1962	Eurovision Song Contest 1962
Eurovision Song Contest 1963	Eurovision Song Contest 1963
Eurovision Song Contest 1964	Eurovision Song Contest 1964
Eurovision Song Contest 1965	Eurovision Song Contest 1965
Eurovision Song Contest 1966	Eurovision Song Contest 1966
Eurovision Song Contest 1967	Eurovision Song Contest 1967
Eurovision Song Contest 1968	Eurovision Song Contest 1968
Eurovision Song Contest 1969	Eurovision Song Contest 1969
Eurovision Song Contest 1970	Eurovision Song Contest 1970
Eva Braun	Eva Braun
Evangelical Covenant Church	Evangelical Covenant Church
Evel Knievel	Evel Knievel
Events of March 23, 1965	1965 Moroccan riots
Everett, Washington	Everett, Washington
Everglades	Everglades
Every Little Thing (Beatles song)	Every Little Thing (Beatles song)
Everybody's Got Something to Hide Except Me and My Monkey	Everybody's Got Something to Hide Except Me and My Monkey
Everybody's Trying to Be My Baby	Everybody's Trying to Be My Baby
Excommunication	Excommunication
Execution by firing squad	Execution by firing squad
Execution of Nguyễn Văn Lém	Saigon Execution
Executive Order 11110	Executive Order 11110
Executive power	Executive (government)
Explorer 1	Explorer 1
Explorer 32	Explorer 32
Explorer program	Explorers Program
Expo '70	Expo '70
Expo 67	Expo 67
Extra time	Overtime (sports)
Extravehicular activity	Extravehicular activity
F-104 Starfighter	Lockheed F-104 Starfighter
F-4 Phantom II	McDonnell Douglas F-4 Phantom II
FBI	Federal Bureau of Investigation
FIFA World Cup Trophy	FIFA World Cup Trophy
FLQ	Front de libération du Québec
FRELIMO	FRELIMO
Fairland, Indiana	Fairland, Indiana
Faisal of Saudi Arabia	Faisal of Saudi Arabia
Falangists	Falange Española de las JONS (1976)
Falls City, Nebraska	Falls City, Nebraska
Fangataufa	Fangataufa
Far side (Moon)	Far side of the Moon
Farmington Mine disaster	Farmington Mine disaster
Federal government of the United States	Federal government of the United States
Federation of Malaya	Federation of Malaya
Federation of Rhodesia and Nyasaland	Federation of Rhodesia and Nyasaland
Felipe González	Felipe González
Ferdinand Marcos	Ferdinand Marcos
Fermi 1	Fermi 1
Feyenoord	Feyenoord
Fianna Fáil	Fianna Fáil
Fiat	Fiat
Fidel Castro	Fidel Castro
Fifteen Guinea Special	Fifteen Guinea Special
Fiji	Fiji
Finnair	Finnair
First Amendment to the United States Constitution	First Amendment to the United States Constitution
First Battle of Saigon	Battle of Saigon (1968)
First Lady of the United States	First Lady of the United States
First Nigerian Republic	First Nigerian Republic
Firth of Forth	Firth of Forth
Fitchville, Ohio	Fitchville, Ohio
Fixing a Hole	Fixing a Hole
Flag of Canada	Flag of Canada
Flamethrower	Flamethrower
Flash flood	Flash flood
Fleet Air Arm	Fleet Air Arm
Flemington Racecourse	Flemington Racecourse
Flight attendant	Flight attendant
Flood	Flood
Florence	Florence
Fluminense	Fluminense FC
Flying (Beatles instrumental)	Flying (Beatles instrumental)
Flying Tiger Line Flight 739	Flying Tiger Line Flight 739
Flying Tiger Line Flight 923	Flying Tiger Line Flight 923
Flying Wallendas	The Flying Wallendas
Fokker	Fokker
Football League	English Football League
Football League Cup	EFL Cup
Football War	Football War
For No One	For No One
For You Blue	For You Blue
Ford Dagenham	Ford Dagenham
Ford GT40	Ford GT40
Ford sewing machinists strike of 1968	Ford sewing machinists strike of 1968
Foreign Secretary (United Kingdom)	Foreign Secretary (United Kingdom)
Forest fire	Wildfire
Formula 2	Formula Two
Formula One	Formula One
Fort Jay	Fort Jay
Forth Road Bridge	Forth Road Bridge
Fourteenth Amendment to the United States Constitution	Fourteenth Amendment to the United States Constitution
France	France
France Gall	France Gall
Francis Bacon (artist)	Francis Bacon (artist)
Francis Gary Powers	Francis Gary Powers
Francisco Franco	Francisco Franco
Frank Borman	Frank Borman
Frankfurt	Frankfurt
Frankfurt Auschwitz Trials	Frankfurt Auschwitz trials
Frankfurt Auschwitz trials	Frankfurt Auschwitz trials
Frankfurt-am-Main	Frankfurt
Franz Josef Strauß	Franz Josef Strauss
Franz Stangl	Franz Stangl
Fred Haise	Fred Haise
Free Democratic Party (Germany)	Free Democratic Party
Free Presbyterian Church of Ulster	Free Presbyterian Church of Ulster
Free and fair election	Free and fair election
Free as a Bird	Free as a Bird
Freedom Summer	Freedom Summer
Freetown	Freetown
French Algeria	French Algeria
French Alps	French Alps
French Forces in Germany	French Forces in Germany
French Foreign Legion	French Foreign Legion
French National Assembly	National Assembly (France)
French Polynesia	French Polynesia
French Somaliland	French Somaliland
French submarine Eurydice (S644)	French submarine Eurydice (S644)
French submarine Minerve (S647)	French submarine Minerve (S647)
French submarine Redoutable (S611)	French submarine Redoutable (S611)
Friendship 7	Mercury-Atlas 6
From Me to You	From Me to You
Front de libération du Québec	Front de libération du Québec
Fuck	Fuck
Fuel cell	Fuel cell
Fuji Television	Fuji Television
Fujita scale	Fujita scale
Fukuoka	Fukuoka
Fulbert Youlou	Fulbert Youlou
Futures contract	Futures contract
GK Međimurje	GK Međimurje
GO Transit	GO Transit
Gamal Abdal Nasser	Gamal Abdel Nasser
Gamal Abdel Nasser	Gamal Abdel Nasser
Gambia	The Gambia
Ganges Delta	Ganges Delta
Gary Gabelich	Gary Gabelich
Gatwick Airport	Gatwick Airport
Gautama Buddha	The Buddha
Gay rights movement	LGBTQ movements
Gaylord Nelson	Gaylord Nelson
Gemini 1	Gemini 1
Gemini 10	Gemini 10
Gemini 11	Gemini 11
Gemini 12	Gemini 12
Gemini 3	Gemini 3
Gemini 4	Gemini 4
Gemini 5	Gemini 5
Gemini 6	Gemini 6A
Gemini 7	Gemini 7
Gemini 8	Gemini 8
Gemini 9A	Gemini 9A
Gemstone	Gemstone
Gene Cernan	Gene Cernan
General Dynamics F-111	General Dynamics F-111 Aardvark
General strike	General strike
Geneva	Geneva
Geneva Auto Salon	Geneva International Motor Show
Geneva interim agreement on the Iranian nuclear program	Joint Plan of Action
Genocide	Genocide
Geocentric orbit	Geocentric orbit
George Brown (British Labour politician)	George Brown, Baron George-Brown
George Foreman	George Foreman
George W. Bush	George W. Bush
George Wallace	George Wallace
Georges Pompidou	Georges Pompidou
Georgia (U.S. state)	Georgia (U.S. state)
Georgia House of Representatives	Georgia House of Representatives
Georgios Grivas	Georgios Grivas
Georgios Papadopoulos	Georgios Papadopoulos
Georgios Papandreou	Georgios Papandreou
Georgy Malenkov	Georgy Malenkov
Geostationary orbit	Geostationary orbit
Geosynchronous orbit	Geosynchronous orbit
Gerald Brooke	Gerald Brooke
Gerhard Zucker	Gerhard Zucker
German Democratic Republic	East Germany
German reunification	German reunification
Germany national football team	Germany national football team
Get Back	Get Back
Getting Better	Getting Better
Ghana	Ghana
Gheorghe Pintilie	Gheorghe Pintilie
Gibraltar	Gibraltar
Gibraltar–Spain border	Gibraltar–Spain border
Gigliola Cinquetti	Gigliola Cinquetti
Gimme Some Truth	Gimme Some Truth
Girl (Beatles song)	Girl (Beatles song)
Giuseppe Saragat	Giuseppe Saragat
Give Peace a Chance	Give Peace a Chance
Glad All Over (Carl Perkins song)	Glad All Over (Carl Perkins song)
Glasgow	Glasgow
Glasnost Meeting	Glasnost meeting
Glass Onion (song)	Glass Onion (song)
Glassboro Summit Conference	Glassboro Summit Conference
Glassboro, New Jersey	Glassboro, New Jersey
Glenelg, South Australia	Glenelg, South Australia
Glenville Shootout	Glenville shootout
God Save the Queen	God Save the King
Godzilla (franchise)	Godzilla (franchise)
Goebbels children	Goebbels children
Gold reserve	Gold reserve
Gold standard	Gold standard
Golda Meir	Golda Meir
Golden Age Nursing Home fire	Golden Age Nursing Home fire
Golden Slumbers	Golden Slumbers
Good Day Sunshine	Good Day Sunshine
Good Friday	Good Friday
Good Morning Good Morning	Good Morning Good Morning
Good Night (Beatles song)	Good Night (Beatles song)
Goodbye (Mary Hopkin song)	Goodbye (Mary Hopkin song)
Gordon Cooper	Gordon Cooper
Gordon Lonsdale	Konon Molody
Gorton government	Gorton government
Got to Get You into My Life	Got to Get You into My Life
Gough Whitlam	Gough Whitlam
Governor of California	Governor of California
Governor of Puerto Rico	Governor of Puerto Rico
Governor of Texas	Governor of Texas
Gran Canaria	Gran Canaria
Grand conjunction	Great conjunction
Great October Socialist Revolution	October Revolution
Great Train Robbery (1963)	Great Train Robbery (1963)
Greek Cypriot National Guard	Cypriot National Guard
Greek Cypriots	Greek Cypriots
Greek junta	Greek junta
Greek military junta of 1967–1974	Greek junta
Grenelle agreements	Grenelle agreements
Grenoble	Grenoble
Greville Wynne	Greville Wynne
Groote Schuur Hospital	Groote Schuur Hospital
Grosvenor Square	Grosvenor Square
Grozny	Grozny
Grumman F-14 Tomcat	Grumman F-14 Tomcat
Guadeloupe	Guadeloupe
Guam	Guam
Gudrun Ensslin	Gudrun Ensslin
Guerrero	Guerrero
Guerrilla warfare	Guerrilla warfare
Guess Who's Coming to Dinner	Guess Who's Coming to Dinner
Guided missile cruiser	Cruiser
Guinea	Guinea
Gulf War	Gulf War
Gulf of Tonkin	Gulf of Tonkin
Gulf of Tonkin Resolution	Gulf of Tonkin Resolution
Gus Grissom	Gus Grissom
Gustavo Díaz Ordaz	Gustavo Díaz Ordaz
Guyana	Guyana
Gwynfor Evans	Gwynfor Evans
Gwynne Owen Evans	Murder of John Alan West
Göran Persson	Göran Persson
H. L. Hunley (submarine)	H. L. Hunley
HIV/AIDS	HIV/AIDS
HMAS Melbourne (R21)	HMAS Melbourne (R21)
HMAS Sydney (R17)	HMAS Sydney (R17)
HMS Renown (S26)	HMS Renown (S26)
HMS Zealous (R39)	HMS Zealous (R39)
Hafez al-Assad	Hafez al-Assad
Haifa	Haifa
Haight-Ashbury	Haight-Ashbury
Haile Selassie	Haile Selassie
Haiphong	Haiphong
Haiti	Haiti
Hallelujah I Love Her So	Hallelujah I Love Her So
Hamburg	Hamburg
Hammaguir	Hammaguir
Hammer DeRoburt	Hammer DeRoburt
Haneda Airport	Haneda Airport
Hanoi	Hanoi
Happiness Is a Warm Gun	Happiness Is a Warm Gun
Happy Birthday to You	Happy Birthday to You
Harald Szeemann	Harald Szeemann
Harald V of Norway	Harald V
Harare Declaration	Harare Declaration
Hard labor	Penal labour
Harlem	Harlem
Harlem riot of 1964	Harlem riot of 1964
Harmelen train disaster	Harmelen train disaster
Harold Holt	Harold Holt
Harold Macmillan	Harold Macmillan
Harold Wilson	Harold Wilson
Harry Belafonte	Harry Belafonte
Hassan II of Morocco	Hassan II
Hassanal Bolkiah	Hassanal Bolkiah
Hattersley	Hattersley
Hattiesburg, Mississippi	Hattiesburg, Mississippi
Havana	Havana
Hawaii	Hawaii
Hawkshaw Hawkins	Hawkshaw Hawkins
Head of Government	Head of government
Headquarters of the United Nations	Headquarters of the United Nations
Heart of Atlanta Motel v. United States	Heart of Atlanta Motel, Inc. v. United States
Heidi (1968 film)	Heidi (1968 film)
Heidi Game	Heidi Game
Hello Little Girl	Hello Little Girl
Hello, Goodbye	Hello, Goodbye
Hells Angels	Hells Angels
Help!	Help!
Help! (song)	Help! (song)
Helsinki	Helsinki
Helter Skelter (song)	Helter Skelter (song)
Hemophilia	Haemophilia
Hendersonville, North Carolina	Hendersonville, North Carolina
Hendrik Verwoerd	Hendrik Verwoerd
Henri de Laborde de Monpezat	Prince Henrik of Denmark
Henry Hezekiah Dee	Mississippi Cold Case
Henry Kissinger	Henry Kissinger
Her Majesty (song)	Her Majesty (song)
Here Comes the Sun	Here Comes the Sun
Here, There and Everywhere	Here, There and Everywhere
Hey Bulldog	Hey Bulldog
Hey Jude	Hey Jude
Hida River	Hida River
High-speed rail	High-speed rail
Hippie	Hippie
Hispaniola	Hispaniola
History of Milton Keynes	History of Milton Keynes
Ho Chi Minh	Ho Chi Minh
Ho Chi Minh City	Ho Chi Minh City
Ho Chi Minh trail	Ho Chi Minh trail
Hockenheimring	Hockenheimring
Hold Me Tight	Hold Me Tight
Holiday on Ice	Holiday on Ice
Hollywood Beach, Florida	Hollywood, Florida
Holt government	Holt government
Holy See	Holy See
Homi J. Bhabha	Homi J. Bhabha
Homosexuality	Homosexuality
Honduras	Honduras
Honey Don't	Honey Don't
Honey Pie	Honey Pie
Honeymoon (1959 film)	Honeymoon (1959 film)
Hong Kong 1967 riots	1967 Hong Kong riots
Honolulu, Hawaii	Honolulu
Hoop rolling	Hoop rolling
Hostage	Hostage
Hot Wheels	Hot Wheels
Houari Boumediene	Houari Boumédiène
House of Lords	House of Lords
Housing estate	Housing estate
Houston, Texas	Houston
Hovercraft	Hovercraft
How Do You Do It?	How Do You Do It?
How the Grinch Stole Christmas (television special)	How the Grinch Stole Christmas! (TV special)
Howard University	Howard University
Howick, KwaZulu-Natal	Howick, South Africa
Hubert Humphrey	Hubert Humphrey
Huey P. Newton	Huey P. Newton
Humanae vitae	Humanae vitae
Humberto Delgado	Humberto Delgado
Humberto de Alencar Castelo Branco	Humberto de Alencar Castelo Branco
Hungary	Hungary
Hungry generation	Hungry generation
Hurricane Camille	Hurricane Camille
Hurricane Creek mine disaster	Hurricane Creek mine disaster
Hurricane Flora	Hurricane Flora
Hurricane Gordon (1994)	Hurricane Gordon
Hurricane Inez	Hurricane Inez
Hussein of Jordan	Hussein of Jordan
Huế	Huế
Huế Phật Đản shootings	Huế Phật Đản shootings
Huế chemical attacks	Huế chemical attacks
Hyde, Greater Manchester	Hyde, Greater Manchester
Hyden, Kentucky	Hyden, Kentucky
Hydrogen bomb	Thermonuclear weapon
Hypertext	Hypertext
Hyundai Motor Company	Hyundai Motor Company
Hà My massacre	Hà My massacre
I Am the Walrus	I Am the Walrus
I Call Your Name	I Call Your Name
I Don't Want to Spoil the Party	I Don't Want to Spoil the Party
I Feel Fine	I Feel Fine
I Forgot to Remember to Forget	I Forgot to Remember to Forget
I Got a Woman	I Got a Woman
I Got to Find My Baby	I Got to Find My Baby
I Have a Dream	I Have a Dream
I Just Don't Understand	I Just Don't Understand
I Me Mine	I Me Mine
I Need You (Beatles song)	I Need You (Beatles song)
I Saw Her Standing There	I Saw Her Standing There
I Should Have Known Better	I Should Have Known Better
I Wanna Be Your Man	I Wanna Be Your Man
I Want You (She's So Heavy)	I Want You (She's So Heavy)
I Want to Hold Your Hand	I Want to Hold Your Hand
I Want to Tell You	I Want to Tell You
I Will	I Will
I'll Be Back (song)	I'll Be Back (song)
I'll Be on My Way	I'll Be on My Way
I'll Cry Instead	I'll Cry Instead
I'll Follow the Sun	I'll Follow the Sun
I'll Get You	I'll Get You
I'm Down	I'm Down
I'm Gonna Sit Right Down and Cry (Over You)	I'm Gonna Sit Right Down and Cry (over You)
I'm Happy Just to Dance with You	I'm Happy Just to Dance with You
I'm Looking Through You	I'm Looking Through You
I'm Only Sleeping	I'm Only Sleeping
I'm So Tired	I'm So Tired
I'm Talking About You	New Juke Box Hits
I'm a Loser	I'm a Loser
I'm in Love (Lennon–McCartney song)	I'm in Love (Lennon–McCartney song)
I've Got a Feeling	I've Got a Feeling
I've Just Seen a Face	I've Just Seen a Face
ITV (TV network)	ITV (TV network)
Ia Drang Valley	Ia Drang River
Ian Brady	Moors murders
Ian Paisley	Ian Paisley
Ian Smith	Ian Smith
Iceland	Iceland
Ich bin ein Berliner	Ich bin ein Berliner
Ichirō Ozawa	Ichirō Ozawa
Idris I of Libya	Idris of Libya
If I Fell	If I Fell
If I Needed Someone	If I Needed Someone
If You've Got Trouble	If You've Got Trouble
Ifni	Ifni
Illinois	Illinois
Illinois National Guard	Illinois National Guard
Iloilo City Proper	Iloilo City Proper
Ilse Koch	Ilse Koch
Immigration	Immigration
In Ekker series, French nuclear tests	In Ekker series, French nuclear tests
In My Life	In My Life
In Spite of All the Danger	In Spite of All the Danger
Independence	Independence
Index Librorum Prohibitorum	Index Librorum Prohibitorum
India	India
Indian Atomic Energy Commission	Atomic Energy Commission of India
Indiana State Fairgrounds Coliseum	Corteva Coliseum
Indianapolis	Indianapolis
Indianapolis 500	Indianapolis 500
Indigenous Australians	Indigenous Australians
Indigenous rights	Indigenous rights
Indira Gandhi	Indira Gandhi
Indo-Pakistani War of 1965	India–Pakistan war of 1965
Indo-Pakistani war of 1965	India–Pakistan war of 1965
Indonesia	Indonesia
Indonesian Confrontation	Konfrontasi
Indonesian mass killings of 1965–1966	Indonesian mass killings of 1965–66
Infantry	Infantry
Injunction	Injunction
Innsbruck	Innsbruck
Instant replay	Instant replay
Institute of Mental Health (Belgrade)	Institute of Mental Health (Belgrade)
Intel	Intel
Intellectual property	Intellectual property
Intelsat	Intelsat
Intelsat I	Intelsat I
Inter Milan	Inter Milan
Internal resistance to South African apartheid	Internal resistance to apartheid
International Agreement on the Neutrality of Laos	International Agreement on the Neutrality of Laos
International Association of Classification Societies	International Association of Classification Societies
International Boxing Federation	International Boxing Federation
International Civil Aviation Organization	International Civil Aviation Organization
International Convention on the Elimination of All Forms of Racial Discrimination	International Convention on the Elimination of All Forms of Racial Discrimination
International Council of Organizations of Folklore Festivals and Folk Arts	International Council of Organizations of Folklore Festivals and Folk Arts
International Court of Justice	International Court of Justice
International Covenant on Civil and Political Rights	International Covenant on Civil and Political Rights
International Covenant on Economic, Social and Cultural Rights	International Covenant on Economic, Social and Cultural Rights
International Hydrographic Organization	International Hydrographic Organization
International Monetary Fund	International Monetary Fund
International Olympic Committee	International Olympic Committee
International law	International law
Internet	Internet
Interracial marriage	Interracial marriage
Intra Bank	Intra Bank
Iota Phi Theta	Iota Phi Theta
Iran	Iran
Iraq	Iraq
Iraq disarmament crisis	Iraq disarmament crisis
Irbidi	Irbid
Irish Government	Government of Ireland
Irish Republican Army (1922–69)	Irish Republican Army (1922–1969)
Irish bank strikes (1966–76)	Irish bank strikes (1966–1976)
Iron Triangle (Vietnam)	Iron Triangle (Vietnam)
Isabelle Aubret	Isabelle Aubret
Islamabad	Islamabad
Israel	Israel
Israel Broadcasting Authority	Israel Broadcasting Authority
Israel Defense Forces	Israel Defense Forces
Israelis	Israelis
Istanbul	Istanbul
It Won't Be Long	It Won't Be Long
It's All Too Much	It's All Too Much
It's Only Love	It's Only Love
It's a Mad, Mad, Mad, Mad World	It's a Mad, Mad, Mad, Mad World
It's a Small World	It's a Small World
Italian cruiser Vittorio Veneto (550)	Italian cruiser Vittorio Veneto
Italy	Italy
Italy national football team	Italy national football team
Izki	Izki
Izvestia	Izvestia
JFK International Airport	John F. Kennedy International Airport
Jack Hawkins	Jack Hawkins
Jack Lynch	Jack Lynch
Jack Renshaw	Jack Renshaw
Jack Swigert	Jack Swigert
Jackson State University	Jackson State University
Jackson State killings	Jackson State killings
Jackson, Mississippi	Jackson, Mississippi
Jacksonville, Florida	Jacksonville, Florida
Jacqueline Kennedy	Jacqueline Kennedy Onassis
Jakarta	Jakarta
Jamaica	Jamaica
James A. Lovell	Jim Lovell
James Bevel	James Bevel
James Cross	James Cross
James E. Webb	James E. Webb
James Earl Ray	James Earl Ray
James J. Reeb	James Reeb
James McDivitt	James McDivitt
James Meredith	James Meredith
Jamhuri Day	Jamhuri Day
Jamshid bin Abdullah of Zanzibar	Jamshid bin Abdullah
Janis Joplin	Janis Joplin
January 1963 lunar eclipse	January 1963 lunar eclipse
January 1964 South Vietnamese coup	January 1964 South Vietnamese coup
Japan	Japan
Japan Air Lines Flight 2	Japan Air Lines Flight 2
Japan Airlines Flight 351	Japan Air Lines Flight 351
Japan Self-Defense Forces	Japan Self-Defense Forces
Japanese Red Army	Japanese Red Army
Jawaharlal Nehru	Jawaharlal Nehru
Jay, Florida	Jay, Florida
Jean Bastien-Thiry	Jean Bastien-Thiry
Jean Schramme	Jean Schramme
Jean Shrimpton	Jean Shrimpton
Jean-Bédel Bokassa	Jean-Bédel Bokassa
Jean-Hilaire Aubame	Jean-Hilaire Aubame
Jeff Astle	Jeff Astle
Jerrie Mock	Jerrie Mock
Jerry Rubin	Jerry Rubin
Jerusalem	Jerusalem
Jesus	Jesus
Jewish deicide	Jewish deicide
Jews	Jews
Jim Clark	Jim Clark
Jim Lovell	Jim Lovell
Jim Morrison	Jim Morrison
Jim Thompson (designer)	Jim Thompson (designer)
Jimi Hendrix	Jimi Hendrix
Joan Baez	Joan Baez
Joan Manuel Serrat	Joan Manuel Serrat
Joaquín Balaguer	Joaquín Balaguer
Jocelyn Bell	Jocelyn Bell Burnell
Jocelyn Bell Burnell	Jocelyn Bell Burnell
Jochen Rindt	Jochen Rindt
Johan Heyns	Johan Heyns
Johannesburg	Johannesburg
John Carlos	John Carlos
John Connally	John Connally
John Eliot Gardiner	John Eliot Gardiner
John F. Kennedy	John F. Kennedy
John F. Kennedy International Airport	John F. Kennedy International Airport
John Fairfax (rower)	John Fairfax (rower)
John George Kemeny	John G. Kemeny
John Glenn	John Glenn
John Gorton	John Gorton
John Howard	John Howard
John Lennon	John Lennon
John Mauchly	John Mauchly
John McEwen	John McEwen
John Vassall	John Vassall
John Young (astronaut)	John Young (astronaut)
Johnny B. Goode	Johnny B. Goode
Johnson Aguiyi-Ironsi	Johnson Aguiyi-Ironsi
Jomo Kenyatta	Jomo Kenyatta
Jordan	Jordan
Jordan River	Jordan River
Jordanian Armed Forces	Jordanian Armed Forces
Jordanian campaign (1967)	Jordanian campaign (1967)
Jorge Alessandri	Jorge Alessandri
Jorge Pacheco Areco	Jorge Pacheco Areco
Jorge Sampaio	Jorge Sampaio
Jornal Nacional	Jornal Nacional
Jornal do Brasil	Jornal do Brasil
Josef Bachmann	Josef Bachmann
Joseph A. Walker	Joseph A. Walker
Joseph Goebbels	Joseph Goebbels
Joseph Kasavubu	Joseph Kasa-Vubu
Joseph Stalin	Joseph Stalin
Joseph and the Amazing Technicolor Dreamcoat	Joseph and the Amazing Technicolor Dreamcoat
Josip Broz Tito	Josip Broz Tito
José María Aznar	José María Aznar
João Goulart	João Goulart
Juan Bosch (politician)	Juan Bosch (politician)
Juan Carlos	Juan Carlos I
Juan Carlos Onganía	Juan Carlos Onganía
Juan Carlos of Spain	Juan Carlos I
Juan José Torres	Juan José Torres
Juan Velasco Alvarado	Juan Velasco Alvarado
Judith Graham Pool	Judith Graham Pool
Jules Rimet Trophy	FIFA World Cup Trophy
Julia (Beatles song)	Julia (Beatles song)
Julian Bond	Julian Bond
Julie Andrews	Julie Andrews
Julius Nyerere	Julius Nyerere
June	June
June 1962 Alcatraz escape attempt	June 1962 Alcatraz escape
Junk (song)	Junk (song)
Justice Party (Turkey)	Justice Party (Turkey)
Jørgen Nash	Jørgen Nash
KC-135 Stratotanker	Boeing KC-135 Stratotanker
KGB	KGB
KO	Knockout
Kakanj	Kakanj
Kalimantan	Kalimantan
Kampong Thom city	Kampong Thom city
Kansas City (Leiber and Stoller song)	Kansas City (Leiber and Stoller song)
Kansas City, Missouri	Kansas City, Missouri
Karachi	Karachi
Kashmir	Kashmir
Katanga Province	Katanga Province
Kayseri	Kayseri
Kazakhstan	Kazakhstan
Keating government	Keating government
Keep Your Hands off My Baby	Keep Your Hands off My Baby
Kennedy administration	Presidency of John F. Kennedy
Kenneth Kaunda	Kenneth Kaunda
Kenneth Tynan	Kenneth Tynan
Kent State University	Kent State University
Kent State shootings	Kent State shootings
Kenya	Kenya
Kenya People's Union	Kenya People's Union
Khartoum	Khartoum
Khmer Republic	Khmer Republic
Khmer Rouge	Khmer Rouge
Khmer–Chinese Friendship Association	Khmer–Chinese Friendship Association
Killing of Meredith Hunter	Killing of Meredith Hunter
Kiloton	TNT equivalent
Kim Philby	Kim Philby
King Fahd University of Petroleum and Minerals	King Fahd University of Petroleum and Minerals
King Kong (franchise)	King Kong (franchise)
King Kong vs. Godzilla	King Kong vs. Godzilla
King-assassination riots	King assassination riots
Kingdom of Cambodia	Cambodia
Kingston upon Hull North (UK Parliament constituency)	Kingston upon Hull North
Kingston, Jamaica	Kingston, Jamaica
Kirov Ballet	Mariinsky Ballet
Kisangani	Kisangani
Kitakyūshū	Kitakyushu
Kobe	Kobe
Kohl's	Kohl's
Komm, gib mir deine Hand	Komm, gib mir deine Hand / Sie liebt dich
Konfrontasi	Konfrontasi
Konrad Adenauer	Konrad Adenauer
Korea Strait	Korea Strait
Korean Demilitarized Zone	Korean Demilitarized Zone
Kostas Georgakis	Kostas Georgakis
Kouprasith Abhay	Kouprasith Abhay
Ku Klux Klan	Ku Klux Klan
Kuala Lumpur	Kuala Lumpur
Kunsthalle Bern	Kunsthalle Bern
Kure, Hiroshima	Kure, Hiroshima
Kurt Georg Kiesinger	Kurt Georg Kiesinger
Kuwait	Kuwait
KwaZulu-Natal	KwaZulu-Natal
Kwame Nkrumah	Kwame Nkrumah
Kwanzaa	Kwanzaa
Kyūshū	Kyushu
LSD	LSD
La La La (Massiel song)	La La La (Massiel song)
La Noche de los Bastones Largos	La Noche de los Bastones Largos
Labour Party (UK)	Labour Party (UK)
Lady Madonna	Lady Madonna
Lahore	Lahore
Lake Huron	Lake Huron
Lal Bahadur Shastri	Lal Bahadur Shastri
Lambda-4	Lambda (rocket family)
Lamborghini	Lamborghini
Land speed record	List of land speed records
Land's End	Land's End
Landslide	Landslide
Lane Cove River	Lane Cove River
Langenweddingen level crossing disaster	Langenweddingen level crossing disaster
Language legislation in Belgium	Language legislation in Belgium
Laos	Laos
Laotian Civil War	Laotian Civil War
Largest protests in American history	List of protests and demonstrations in the United States by size
Las Vegas	Las Vegas
Las Vegas Strip	Las Vegas Strip
Lawrence of Arabia (film)	Lawrence of Arabia (film)
Lazar Kaganovich	Lazar Kaganovich
Le Van Kim	Lê Văn Kim
League of Nations	League of Nations
Leaning Tower of Pisa	Leaning Tower of Pisa
Leave My Kitten Alone	Leave My Kitten Alone
Lebanon	Lebanon
Led Zeppelin	Led Zeppelin
Lee Harvey Oswald	Lee Harvey Oswald
Lee Kuan Yew	Lee Kuan Yew
Lee Teng-hui	Lee Teng-hui
Lend Me Your Comb	Lend Me Your Comb
Lengede	Lengede
Lennon–McCartney	Lennon–McCartney
Leno and Rosemary LaBianca	Tate–LaBianca murders
Leonardo da Vinci	Leonardo da Vinci
Leonid Brezhnev	Leonid Brezhnev
Leonids	Leonids
Lesotho	Lesotho
Lester B. Pearson	Lester B. Pearson
Lester Bowles Pearson	Lester B. Pearson
Let It Be (album)	Let It Be (album)
Let It Be (song)	Let It Be (song)
Letter from Birmingham Jail	Letter from Birmingham Jail
Level crossing	Level crossing
Levi Eshkol	Levi Eshkol
Lewis Blaine Hershey	Lewis Blaine Hershey
Lewiston, Maine	Lewiston, Maine
Leyland Motors	Leyland Motors
Liaoning Province	Liaoning
Liberal Democratic Party (Japan)	Liberal Democratic Party (Japan)
Liberal Party of Australia	Liberal Party of Australia
Liberal Party of Australia leadership spill, 1969	1969 Liberal Party of Australia leadership spill
Liberia	Liberia
Libya	Libya
Libyan Revolutionary Command Council	Libyan Revolutionary Command Council
Lieutenant general	Lieutenant general
Life imprisonment in South Africa	Life imprisonment in South Africa
Life sentence	Life imprisonment
Lifeboat (rescue)	Lifeboat (rescue)
Light My Fire	Light My Fire
Light Programme	BBC Light Programme
Like Dreamers Do	Like Dreamers Do
Lilies of the Field (1963 film)	Lilies of the Field (1963 film)
Liliesleaf Farm	Liliesleaf Farm
Lima	Lima
Limassol	Limassol
Lincoln Center	Lincoln Center
Lincoln Memorial	Lincoln Memorial
Lisbon	Lisbon
List of Formula One World Drivers' Champions	List of Formula One World Drivers' Champions
List of Presidents of Uruguay	List of presidents of Uruguay
List of UK caving fatalities	List of UK caving fatalities
List of heavyweight boxing champions	List of world heavyweight boxing champions
List of rulers of Oman	List of rulers of Oman
List of songs recorded by the Beatles	List of songs recorded by the Beatles
Literacy test	Literacy test
Lithuania	Lithuania
Little Child	Little Child
Little Feller I	Little Feller (nuclear tests)
Little Girl	Little Girl
Live at the BBC (Beatles album)	Live at the BBC (Beatles album)
Liverpool Lime Street railway station	Liverpool Lime Street railway station
Ljubljana	Ljubljana
Lockheed Constellation	Lockheed Constellation
Lockheed L-1011 TriStar	Lockheed L-1011 TriStar
Lockheed L-1049H Super Constellation	Lockheed L-1049 Super Constellation
Lockheed SR-71 Blackbird	Lockheed SR-71 Blackbird
Lockheed U-2	Lockheed U-2
Lon Nol	Lon Nol
Lona Cohen	Lona Cohen
London	London
London Bridge	London Bridge
London Bridge (Lake Havasu City)	London Bridge (Lake Havasu City)
London Evening Standard	The Standard (London newspaper)
London Gold Pool	London Gold Pool
Lonesome Tears in My Eyes	Lonesome Tears in My Eyes
Long John Baldry	Long John Baldry
Long March (rocket family)	Long March (rocket family)
Long Tall Sally	Long Tall Sally
Long, Long, Long	Long, Long, Long
Longhope, Orkney	Longhope, Orkney
Lop Nor	Lop Nur
Lorraine Motel	National Civil Rights Museum
Los Angeles	Los Angeles
Loss of MV Darlwyne	Loss of MV Darlwyne
Louie Louie	Louie Louie
Louis Leakey	Louis Leakey
Louvre	Louvre
Love Me Do	Love Me Do
Love Pageant Rally	Love Pageant Rally
Love You To	Love You To
Lovely Rita	Lovely Rita
Loving v. Virginia	Loving v. Virginia
Low Earth orbit	Low Earth orbit
Lubbock tornado	Lubbock tornado
Lubbock, Texas	Lubbock, Texas
Lucian Freud	Lucian Freud
Lucille (Little Richard song)	Lucille (Little Richard song)
Lucio Cabañas	Lucio Cabañas
Lucy in the Sky with Diamonds	Lucy in the Sky with Diamonds
Ludwig Erhard	Ludwig Erhard
Luis A. Ferré	Luis A. Ferré
Luis Echeverría	Luis Echeverría
Luis Negrón López	Luis Negrón López
Luisenthal Mine Disaster	Luisenthal Mine
Lumen gentium	Lumen gentium
Luna 10	Luna 10
Luna 16	Luna 16
Luna 17	Luna 17
Luna 9	Luna 9
Luna programme	Luna programme
Lunar Module Eagle	Lunar Module Eagle
Lunar Orbiter 1	Lunar Orbiter 1
Lunar Orbiter 2	Lunar Orbiter 2
Lunar Orbiter 3	Lunar Orbiter 3
Lunar Orbiter 4	Lunar Orbiter 4
Lunar Saros 111	Lunar Saros 111
Lunar Saros 114	Lunar Saros 114
Lunar module	Lunar module
Lunokhod 1	Lunokhod 1
Lusaka Protocol	Lusaka Protocol
Luther Terry	Luther Terry
Luxembourg	Luxembourg
Luzon	Luzon
Lyndon B. Johnson	Lyndon B. Johnson
Lysenkoism	Lysenkoism
Léon M'ba	Léon M'ba
MANual Enterprises v. Day	Manual Enterprises, Inc. v. Day
MCAS El Toro	Marine Corps Air Station El Toro
MI6	MI6
MIG-21	Mikoyan-Gurevich MiG-21
Macau	Macau
Madame Ngo Dinh Nhu	Madame Nhu
Madeira	Madeira
Madhya Pradesh	Madhya Pradesh
Magda Goebbels	Magda Goebbels
Magdeburg	Magdeburg
Maggie Mae / Fancy My Chances with You	
Maggie May (folk song)	Maggie May (folk song)
Magical Mystery Tour	Magical Mystery Tour
Magical Mystery Tour (album)	Magical Mystery Tour
Magical Mystery Tour (film)	Magical Mystery Tour (film)
Magical Mystery Tour (song)	Magical Mystery Tour (song)
Maharashtra	Maharashtra
Mahmoud Fawzi	Mahmoud Fawzi
Mailman, Bring Me No More Blues	Buddy Holly discography
Major League Baseball	Major League Baseball
Malagasy Republic	Malagasy Republic
Malawi	Malawi
Malay Roy Choudhury	Malay Roy Choudhury
Malayan Communist Party	Malayan Communist Party
Malayang Pagkakaisa ng Kabataan Pilipino	Malayang Pagkakaisa ng Kabataang Pilipino
Malaysia	Malaysia
Malcolm X	Malcolm X
Maldives	Maldives
Mali	Mali
Malta	Malta
Manchester City F.C.	Manchester City F.C.
Manchester United F.C.	Manchester United F.C.
Manila	Manila
Mao Zedong	Mao Zedong
Maple leaf	Maple leaf
Maracaibo	Maracaibo
Marcelo Caetano	Marcello Caetano
March Against Fear	March Against Fear
March of the One Hundred Thousand	March of the One Hundred Thousand
March on Washington for Jobs and Freedom	March on Washington
Marcopper mining disaster	Marcopper mining disaster
Mare Imbrium	Mare Imbrium
Margrethe II of Denmark	Margrethe II
Mariehamn Airport	Mariehamn Airport
Marilyn Monroe	Marilyn Monroe
Marinduque	Marinduque
Marine, &c., Broadcasting (Offences) Act 1967	Marine, &c., Broadcasting (Offences) Act 1967
Mariner 1	Mariner 1
Mariner 2	Mariner 2
Mariner 3	Mariner 3
Mariner 4	Mariner 4
Mariner 5	Mariner 5
Mariner 6	Mariner 6 and 7
Mariner 7	Mariner 6 and 7
Mariner program	Mariner program
Mario Panzeri	Mario Panzeri
Marquee Club	Marquee Club
Mars	Mars
Mars Orbiter Mission	Mars Orbiter Mission
Marshall University	Marshall University
Martha My Dear	Martha My Dear
Martial law	Martial law
Martin Luther King Jr.	Martin Luther King Jr.
Martin Luther King, Jr.	Martin Luther King Jr.
Martyrs' Day (Panama)	Martyrs' Day (Panama)
Mary Jo Kopechne	Mary Jo Kopechne
Mary Poppins (film)	Mary Poppins (film)
Marylebone Cricket Club	Marylebone Cricket Club
Mass in the Catholic Church	Mass in the Catholic Church
Mass of Paul VI	Mass of Paul VI
Massachusetts	Massachusetts
Massacre of Braybrook Street	Shepherd's Bush murders
Massiel	Massiel
Matchbox (song)	Matchbox (song)
Matricide	Matricide
Mattel	Mattel
Matterhorn	Matterhorn
Maulana Karenga	Maulana Karenga
Maureen Cleave	Maureen Cleave
Maurice Yaméogo	Maurice Yaméogo
Mauritius	Mauritius
Maximum Security Prison, Robben Island	Robben Island (prison)
Maxwell Taylor	Maxwell D. Taylor
Maxwell's Silver Hammer	Maxwell's Silver Hammer
May 13 Incident	13 May incident
May 16 Notification	16 May Notification
May 1966 lunar eclipse	May 1966 lunar eclipse
Mayor of Cleveland	Mayor of Cleveland
McCartney (album)	McCartney (album)
McDonnell Aircraft	McDonnell Aircraft Corporation
McDonnell Douglas	McDonnell Douglas
McDonnell Douglas F-4 Phantom II	McDonnell Douglas F-4 Phantom II
Meadville, Mississippi	Meadville, Mississippi
Mean Mr. Mustard	Mean Mr. Mustard
Medicaid	Medicaid
Medicare (United States)	Medicare (United States)
Mediterranean	Mediterranean Sea
Mediterranean Sea	Mediterranean Sea
Medvedev–Sponheuer–Karnik scale	Medvedev–Sponheuer–Karnik scale
Mekong Delta	Mekong Delta
Melbourne	Melbourne
Melbourne–Evans collision	Melbourne–Evans collision
Melbourne–Voyager collision	Melbourne–Voyager collision
Members of the United Nations	Member states of the United Nations
Memphis, Tennessee	Memphis, Tennessee
Memphis, Tennessee (song)	Memphis, Tennessee (song)
Menzies Government (1949-66)	Menzies government (1949–1966)
Merauke	Merauke
Mercalli intensity scale	Modified Mercalli intensity scale
Mercenary	Mercenary
Merci, Chérie	Merci, Chérie
Mercury-Atlas 10	Mercury-Atlas 10
Mercury-Atlas 8	Mercury-Atlas 8
Mercury-Atlas 9	Mercury-Atlas 9
Mergers and acquisitions	Mergers and acquisitions
Message to the Grass Roots	Message to the Grass Roots
Mesut Yılmaz	Mesut Yılmaz
Methane leak	Methane leak
Metropolitan Opera House (Lincoln Center)	Metropolitan Opera House (Lincoln Center)
Mexico	Mexico
Mexico City	Mexico City
Miami	Miami
Miami Beach, Florida	Miami Beach, Florida
Michael Collins (astronaut)	Michael Collins (astronaut)
Michael J. Adams	Michael J. Adams
Michael Moorer	Michael Moorer
Michael Ramsey	Michael Ramsey
Michel Micombero	Michel Micombero
Michelle (song)	Michelle (song)
Midway Atoll	Midway Atoll
Mies Bouwman	Mies Bouwman
Miike coal mine	Miike coal mine
Mikawashima train crash	Mikawashima train crash
Mike Mansfield	Mike Mansfield
Mikhail Kazakov	Mikhail Kazakov
Mikoyan-Gurevich MiG-19	Mikoyan-Gurevich MiG-19
Milan	Milan
Military Air Transport Service	Military Air Transport Service
Military aid	Military aid
Military coup	Coup d'état
Military dictatorship	Military dictatorship
Military tribunal	Military justice
Millbrook Commonwealth Action Programme	Millbrook Commonwealth Action Programme
Milovan Đilas	Milovan Djilas
Milton Keynes	Milton Keynes
Mindoro	Mindoro
Minister for Education and Training	Minister for Education (Australia)
Minister for Industry and Science	Minister for Industry and Innovation
Ministry of Internal Affairs (Romania)	Ministry of Internal Affairs (Romania)
Minneapolis Aquatennial	Minneapolis Aquatennial
Minnesota	Minnesota
Miranda v. Arizona	Miranda v. Arizona
Mirzapur Cadet College	Mirzapur Cadet College
Misery (Beatles song)	Misery (Beatles song)
Miss Universe 1962	Miss Universe 1962
Miss World 1970	Miss World 1970
Missile launch facility	Missile launch facility
Mississippi	Mississippi
Mister Rogers' Neighborhood	Mister Rogers' Neighborhood
Mobutu	Mobutu Sese Seko
Mobutu Sese Seko	Mobutu Sese Seko
Modibo Keïta	Modibo Keïta
Mohammad Reza Pahlavi	Mohammad Reza Pahlavi
Mohammad Reza Pahlavi of Iran	Mohammad Reza Pahlavi
Moise Tshombe	Moïse Tshombe
Moldova	Moldova
Moment magnitude scale	Moment magnitude scale
Mona Lisa	Mona Lisa
Money (That's What I Want)	Money (That's What I Want)
Monsoon	Monsoon
Mont Blanc	Mont Blanc
Mont Blanc Tunnel	Mont Blanc Tunnel
Monteverdi Choir	Monteverdi Choir
Montgomery, Alabama	Montgomery, Alabama
Montoneros	Montoneros
Montreal	Montreal
Montreal Alouettes	Montreal Alouettes
Montreal Canadiens	Montreal Canadiens
Montreal Exchange	Montreal Exchange
Montreal Expos	Montreal Expos
Montreal Metro	Montreal Metro
Montreal Stock Exchange bombing	Montreal Stock Exchange bombing
Moon	Moon
Moon landing	Moon landing
Moonlight Bay	Moonlight Bay
Moors murders	Moors murders
Moratorium to End the War in Vietnam	Moratorium to End the War in Vietnam
More popular than Jesus	More popular than Jesus
Morelos	Morelos
Morgan State College	Morgan State University
Morocco	Morocco
Morris Cohen (spy)	Morris Cohen (spy)
Moscow	Moscow
Moscow–Washington hotline	Moscow–Washington hotline
Mossdale Caverns	Mossdale Caverns
Mother Nature's Son	Mother Nature's Son
Motherland Party (Turkey)	Motherland Party (Turkey)
Motu proprio	Motu proprio
Mount Agung	Mount Agung
Mount Carmel	Mount Carmel
Mount Fuji	Mount Fuji
Moussa Traoré	Moussa Traoré
Mozambican War of Independence	Mozambican War of Independence
Mr. Moonlight (song)	Mr. Moonlight (song)
Muammar Gaddafi	Muammar Gaddafi
Muhammad Ali	Muhammad Ali
Muhammad Ali vs. Sonny Liston II	Muhammad Ali vs. Sonny Liston
Munich	Munich
Murder of Sylvia Likens	Murder of Sylvia Likens
Murders of Chaney, Goodman, and Schwerner	Murders of Chaney, Goodman, and Schwerner
Mururoa Atoll	Moruroa
Mutesa II of Buganda	Mutesa II of Buganda
Mwambutsa IV Bangiriceng of Burundi	Mwambutsa IV of Burundi
My Bonnie Lies over the Ocean	My Bonnie Lies over the Ocean
My Fair Lady (film)	My Fair Lady (film)
My Lai	My Lai massacre
My Lai Massacre	My Lai massacre
My Lai massacre	My Lai massacre
Myra Hindley	Moors murders
Mysterii Paschalis	Mysterii Paschalis
Māori people	Māori people
NASA	NASA
NATO	NATO
NBC	NBC
NHL Entry Draft	NHL entry draft
NLS (computer system)	NLS (computer system)
Naked-eye planet	Classical planet
Napalm	Napalm
Nassau, Bahamas	Nassau, Bahamas
Nasserist Unionist People's Organisation	Nasserist Unionist People's Organisation
Natalia Makarova	Natalia Makarova
Nation Party (Turkey, 1948)	Nation Party (Turkey, 1948)
National Congress of Chile	National Congress of Chile
National Council of Government (Uruguay)	National Council of Government (Uruguay)
National Democratic Front for the Liberation of Oman and the Arabian Gulf	National Democratic Front for the Liberation of Oman and the Arabian Gulf
National Educational Television	National Educational Television
National Football League	National Football League
National Hockey League	National Hockey League
National Hot Rod Association	National Hot Rod Association
National Liberation Council	National Liberation Council
National Liberation Front (Algeria)	National Liberation Front (Algeria)
National Mobilization Committee to End the War in Vietnam	National Mobilization Committee to End the War in Vietnam
National Movement of the Revolution	National Movement of the Revolution
National Oceanic and Atmospheric Administration	National Oceanic and Atmospheric Administration
National Organization for Women	National Organization for Women
National Party of Australia	National Party of Australia
National Union of Seamen	National Union of Seamen
National Weather Service	National Weather Service
Nauru	Nauru
Nautical mile	Nautical mile
Naxalite	Naxalism
Nazi Germany	Nazi Germany
Nazism	Nazism
Ne Win	Ne Win
Neil Armstrong	Neil Armstrong
Neil Blaney	Neil Blaney
Nelson Mandela	Nelson Mandela
Nelson's Pillar	Nelson's Pillar
Nerve gas	Nerve agent
Netherlands	Netherlands
Nevada Test Site	Nevada Test Site
New English Bible	New English Bible
New Hampshire Democratic primary	New Hampshire presidential primary
New Haven, Connecticut	New Haven, Connecticut
New Moore / South Talpatti	New Moor
New Progressive Party (Puerto Rico)	New Progressive Party (Puerto Rico)
New South Wales	New South Wales
New York Agreement	New York Agreement
New York Bay	New York Bay
New York Central Railroad	New York Central Railroad
New York City	New York City
New York Giants	New York Giants
New York Jets	New York Jets
New Zealand	New Zealand
New Zealand dollar	New Zealand dollar
New Zealand pound	New Zealand pound
New moon	New moon
New towns in the United Kingdom	New towns in the United Kingdom
Newark, New Jersey	Newark, New Jersey
Newt Gingrich	Newt Gingrich
Nguyen Cao Ky	Nguyễn Cao Kỳ
Nguyen Huu Co	Nguyễn Hữu Có
Nguyen Khanh	Nguyễn Khánh
Nguyễn Cao Kỳ	Nguyễn Cao Kỳ
Nguyễn Khánh	Nguyễn Khánh
Nguyễn Ngọc Loan	Nguyễn Ngọc Loan
Nguyễn Văn Thiệu	Nguyễn Văn Thiệu
Ngô Đình Diệm	Ngo Dinh Diem
Ngô Đình Nhu	Ngô Đình Nhu
Ngô Đình Thục	Ngô Đình Thục
Nicaragua	Nicaragua
Nicaraguan Socialist Party	Nicaraguan Socialist Party
Nice	Nice
Nicola Salerno	Nicola Salerno
Nicolae Ceaușescu	Nicolae Ceaușescu
Nicosia	Nicosia
Nieuwe Kerk (Delft)	Nieuwe Kerk (Delft)
Nigeria	Nigeria
Nigerian Civil War	Nigerian Civil War
Night of the Long Knives (1962)	Night of the Long Knives (1962)
Nikita Khrushchev	Nikita Khrushchev
Nile	Nile
Nizwa	Nizwa
No Reply (song)	No Reply (song)
No. 9 Squadron RAAF	No. 9 Squadron RAAF
Nobel Peace Prize	Nobel Peace Prize
Nobody's Child (Hank Snow song)	Nobody's Child (Hank Snow song)
Nordic Council	Nordic Council
Norma Nolan	Norma Nolan
Norodom Sihanouk	Norodom Sihanouk
North America	North America
North American XB-70 Valkyrie	North American XB-70 Valkyrie
North Borneo	North Borneo
North Charlotte	Old North Charlotte (Charlotte neighborhood)
North Korea	North Korea
North Macedonia	North Macedonia
North Sea	North Sea
North Sea flood of 1962	North Sea flood of 1962
North Sea gas	North Sea oil
North Vietnam	North Vietnam
North Yemen Civil War	North Yemen civil war
Northern Ireland	Northern Ireland
Northern Rhodesia	Northern Rhodesia
Northwest Orient Airlines Flight 705	Northwest Orient Airlines Flight 705
Norway	Norway
Norwegian Wood (This Bird Has Flown)	Norwegian Wood (This Bird Has Flown)
Norwich City F.C.	Norwich City F.C.
Nostra aetate	Nostra aetate
Not Guilty (song)	Not Guilty (song)
Not a Second Time	Not a Second Time
Nothin' Shakin'	Nothin' Shakin'
Now and Then (Beatles song)	Now and Then (Beatles song)
Nowhere Man (song)	Nowhere Man (song)
Ntare V	Ntare V of Burundi
Nuclear Non-Proliferation Treaty	Treaty on the Non-Proliferation of Nuclear Weapons
Nuclear bomb	Nuclear weapon
Nuclear program of Iran	Nuclear program of Iran
Nuclear testing	Nuclear weapons testing
Nuclear warfare	Nuclear warfare
Nuclear weapon	Nuclear weapon
Nuclear weapons testing	Nuclear weapons testing
Ny-Ålesund	Ny-Ålesund
Nyasaland	Nyasaland
O'Connell Street	O'Connell Street
ODECA	Central American Integration System
Oak Lawn, Illinois	Oak Lawn, Illinois
Oakland Raiders	Oakland Raiders
Oakland, California	Oakland, California
Ob-La-Di, Ob-La-Da	Ob-La-Di, Ob-La-Da
Occupational Safety and Health Act (United States)	Occupational Safety and Health Act (United States)
Oceanus Procellarum	Oceanus Procellarum
October 1967 lunar eclipse	October 1967 lunar eclipse
October Crisis	October Crisis
Octopus's Garden	Octopus's Garden
Odisha	Odisha
Official Secrets Act	Official Secrets Act
Oginga Odinga	Jaramogi Oginga Odinga
Oh! Darling	Oh! Darling
Ohio	Ohio
Ohio National Guard	Ohio National Guard
Ohio River	Ohio River
Ohsumi (satellite)	Ohsumi (satellite)
Oil	Oil
Oil spill	Oil spill
Oil tanker	Oil tanker
Okinawa Island	Okinawa Island
Okinawa Prefecture	Okinawa Prefecture
Old Brown Shoe	Old Brown Shoe
Oliver! (film)	Oliver! (film)
Olof Palme	Olof Palme
Olympic Stadium (Amsterdam)	Olympic Stadium (Amsterdam)
Oman	Oman
Omar Ali Saifuddin III	Omar Ali Saifuddien III
Omar Sharif	Omar Sharif
Omar Torrijos	Omar Torrijos
On Air – Live at the BBC Volume 2	On Air – Live at the BBC Volume 2
One After 909	One After 909
One-party state	One-party state
Ongulumbashe	Omugulugwombashe
Only a Northern Song	Only a Northern Song
Ontario	Ontario
Ooh! My Soul	Ooh! My Soul
Open Het Dorp	Open Het Dorp
Operation Banner	Operation Banner
Operation Cedar Falls	Operation Cedar Falls
Operation Commando Hunt	Operation Commando Hunt
Operation Crosstie	Operation Crosstie
Operation Deckhouse Five	Operation Deckhouse Five
Operation Dwarka	Operation Dwarka
Operation Focus	Operation Focus
Operation Green Sea	Operation Green Sea
Operation Hump	Operation Hump
Operation Ivory Coast	Operation Ivory Coast
Operation Jefferson Glenn	Operation Jefferson Glenn
Operation Mandrel	Operation Mandrel
Operation Pierce Arrow	Operation Pierce Arrow
Operation Rolling Thunder	Operation Rolling Thunder
Operation Sealords	Operation Sealords
Operation Starlite	Operation Starlite
Operation Swift	Operation Swift
Opposition to United States involvement in the Vietnam War	Opposition to United States involvement in the Vietnam War
Oran	Oran
Orange County, California	Orange County, California
Orangeburg Massacre	Orangeburg Massacre
Orbit	Orbit
Order in Council	Order in Council
Organisation armée secrète	Organisation armée secrète
Organisation of African Unity	Organisation of African Unity
Organisation of Islamic Cooperation	Organisation of Islamic Cooperation
Organization of African Unity	Organisation of African Unity
Organization of American States	Organization of American States
Original Six	Original Six
Orkney	Orkney
Orlon	Acrylic fiber
Orly Airport	Orly Airport
Osaka	Osaka
Oscar Gestido	Óscar Diego Gestido
Oslo	Oslo
Ostankino Tower	Ostankino Tower
Ostpolitik	Ostpolitik
Oswaldo López Arellano	Oswaldo López Arellano
Ottawa Rough Riders	Ottawa Rough Riders
Our World (TV special)	Our World (1967 TV program)
Outer Space Treaty	Outer Space Treaty
Outer space	Outer space
Owerri	Owerri
Oxford, Ohio	Oxford, Ohio
Ozone Disco Club fire	Ozone Disco fire
P.S. I Love You (Beatles song)	P.S. I Love You (Beatles song)
PAP–UMNO relations	PAP–UMNO relations
PARC (company)	PARC (company)
PSR B1919+21	PSR B1919+21
Pablo Neruda	Pablo Neruda
Pacem in terris	Pacem in terris
Pacific Air Lines Flight 773	Pacific Air Lines Flight 773
Pacific Ocean	Pacific Ocean
Pakistan	Pakistan
Pakistan Muslim League	Pakistan Muslim League
Pakistan People's Party	Pakistan People's Party
Palestine Liberation Organization	Palestine Liberation Organization
Palestinian National Authority	Palestinian Authority
Palestinian National Congress	Palestinian National Council
Palestinian fedayeen	Palestinian fedayeen
Palestinian insurgency in South Lebanon	Palestinian insurgency in South Lebanon
Palk Strait	Palk Strait
Palle Sørensen	Palle Sørensen
Palmdale, California	Palmdale, California
Palmyra Atoll	Palmyra Atoll
Palo Alto, California	Palo Alto, California
Palomares, Almería	Palomares, Almería
Pan Am	Pan Am
Pan Am Flight 214	Pan Am Flight 214
Pan Am Flight 281	Pan Am Flight 281
Panama	Panama
Panama Canal Zone	Panama Canal Zone
Panhandle (San Francisco)	Panhandle (San Francisco)
Papal visits to the United States	List of papal visits to the United States
Paperback Writer	Paperback Writer
Papyrus	Papyrus
Paraná (state)	Paraná (state)
Paris	Paris
Paris Nanterre University	Paris Nanterre University
Park Chung Hee	Park Chung Hee
Parliament of Northern Ireland	Parliament of Northern Ireland
Parliament of the United Kingdom	Parliament of the United Kingdom
Partial Nuclear Test Ban Treaty	Partial Nuclear Test Ban Treaty
Past Masters	Past Masters
Patent Cooperation Treaty	Patent Cooperation Treaty
Patent application	Patent application
Patriarch Athenagoras I of Constantinople	Athenagoras I of Constantinople
Patsy Cline	Patsy Cline
Patterson–Gimlin film	Patterson–Gimlin film
Paul Carlson	Paul Carlson
Paul Keating	Paul Keating
Paul McCartney	Paul McCartney
Paul of Greece	Paul of Greece
Peanuts	Peanuts
Pelé	Pelé
Penn Central	Penn Central Transportation Company
Pennine Way	Pennine Way
Pennsylvania Railroad	Pennsylvania Railroad
Penny Lane	Penny Lane
Pentland Firth	Pentland Firth
People's Liberation Army of Namibia	People's Liberation Army of Namibia
People's Party (Puerto Rico)	People's Party (Puerto Rico)
People's Party (Spain)	People's Party (Spain)
People's Republic of China	China
People's Socialist Republic of Albania	People's Socialist Republic of Albania
Per Borten	Per Borten
Permanent residency	Permanent residency
Persona non grata	Persona non grata
Personal computer	Personal computer
Perth	Perth
Peru	Peru
Pet Sounds	Pet Sounds
Pete Conrad	Pete Conrad
Peter Arnett	Peter Arnett
Peter Fechter	Killing of Peter Fechter
Peter Norman	Peter Norman
Peter O'Toole	Peter O'Toole
Petit-Clamart attack	Petit-Clamart attack
Philadelphia 1964 race riot	1964 Philadelphia race riot
Philip Effiong	Philip Effiong
Philippines	Philippines
Phillips Petroleum	Phillips Petroleum Company
Phnom Penh	Phnom Penh
Phong Nhị and Phong Nhất massacre	Phong Nhị and Phong Nhất massacre
Piazza Fontana bombing	Piazza Fontana bombing
Pickles (dog)	Pickles (dog)
Piedmont	Piedmont
Piedmont Airlines Flight 22	Piedmont Airlines Flight 22
Pierre Elliott Trudeau	Pierre Trudeau
Pierre Laporte	Pierre Laporte
Pieter van Vollenhoven	Pieter van Vollenhoven
Piggies	Piggies
Pioneer 11	Pioneer 11
Piper PA-28	Piper PA-28 Cherokee
Pirate radio	Pirate radio
Pittsburgh	Pittsburgh
Pittsburgh Pirates	Pittsburgh Pirates
Pittsburgh Steelers	Pittsburgh Steelers
Plaid Cymru	Plaid Cymru
Planet	Planet
Planned community	Planned community
Please Mr. Postman	Please Mr. Postman
Please Please Me	Please Please Me
Please Please Me (song)	Please Please Me (song)
Plebiscite	Referendum
Point Pleasant, West Virginia	Point Pleasant, West Virginia
Polaris missile	UGM-27 Polaris
Policarpa Salavarrieta	Policarpa Salavarrieta
Politburo	Politburo
Political party	Political party
Political prisoner	Political prisoner
Politics of Italy	Politics of Italy
Poll tax (United States)	Poll taxes in the United States
Polythene Pam	Polythene Pam
Pope	Pope
Pope John Paul II	Pope John Paul II
Pope John XXIII	Pope John XXIII
Pope Paul VI	Pope Paul VI
Popular Democratic Party (Puerto Rico)	Popular Democratic Party (Puerto Rico)
Popular Front for the Liberation of Palestine	Popular Front for the Liberation of Palestine
Populorum progressio	Populorum progressio
Port Columbus International Airport	John Glenn Columbus International Airport
Port Harcourt	Port Harcourt
Port Huron Statement	Port Huron Statement
Portland, Oregon	Portland, Oregon
Portsmouth	Portsmouth
Portugal	Portugal
Pound sterling	Pound sterling
Poupée de cire, poupée de son	Poupée de cire, poupée de son
Practice Statement	Practice Statement
Prague Spring	Prague Spring
Precedent	Precedent
Premier of the Soviet Union	Premier of the Soviet Union
President de Gaulle	Charles de Gaulle
President for Life	President for life
President of Bolivia	President of Bolivia
President of Botswana	President of Botswana
President of Brazil	President of Brazil
President of Chile	President of Chile
President of Egypt	President of Egypt
President of France	President of France
President of Kenya	President of Kenya
President of Mexico	President of Mexico
President of Uruguay	President of Uruguay
President of the Italian Republic	President of Italy
President of the Philippines	President of the Philippines
Presidential Commission on the Status of Women	Presidential Commission on the Status of Women
Presidio Heights	List of neighborhoods in San Francisco
Prima ballerina	Principal dancer
Prime Minister	Prime minister
Prime Minister of Australia	Prime Minister of Australia
Prime Minister of Canada	Prime Minister of Canada
Prime Minister of India	Prime Minister of India
Prime Minister of Malaysia	Prime Minister of Malaysia
Prime Minister of South Africa	Prime Minister of South Africa
Prime Minister of Spain	Prime Minister of Spain
Prime Minister of Sweden	Prime Minister of Sweden
Prime Minister of the United Kingdom	Prime Minister of the United Kingdom
Prime minister	Prime minister
Prince Philip, Duke of Edinburgh	Prince Philip, Duke of Edinburgh
Princess Anne-Marie of Denmark	Queen Anne-Marie of Greece
Princess Margriet of the Netherlands	Princess Margriet of the Netherlands
Principality	Principality
Principality of Hutt River	Principality of Hutt River
Priscilla Beaulieu	Priscilla Presley
Prisoners of war	Prisoner of war
Proclamation of Singapore	Proclamation of Singapore
Proconsul nyanzae	Ekembo nyanzae
Programming language	Programming language
Project 639	Project 639
Project Mercury	Project Mercury
Promulgation (Catholic canon law)	Promulgation (Catholic canon law)
Proton	Proton
Provinces of the Philippines	Provinces of the Philippines
Provisional Irish Republican Army	Provisional Irish Republican Army
Provisional government	Provisional government
Public Broadcasting Act of 1967	Public Broadcasting Act of 1967
Pudasjärvi	Pudasjärvi
Puerto Rican Independence Party	Puerto Rican Independence Party
Puerto Rico	Puerto Rico
Pulsar	Pulsar
Puppet on a String (Sandie Shaw song)	Puppet on a String (Sandie Shaw song)
Qaboos bin Said al Said	Qaboos bin Said
Quark	Quark
Quebec	Quebec
Quebec Liberation Front	Front de libération du Québec
Quebec independence	Quebec sovereignty movement
Queen Elizabeth 2	Queen Elizabeth 2
Queen Elizabeth Hotel	Queen Elizabeth Hotel
Queen Sofía of Spain	Queen Sofía of Spain
Queens Park Rangers F.C.	Queens Park Rangers F.C.
Quezon City	Quezon City
Quảng Nam Province	Quảng Nam province
Quảng Ngãi Province	Quảng Ngãi province
Quảng Tín Province	Quảng Tín province
R-9 Desna	R-9 Desna
R. Walter Cunningham	Walter Cunningham
RMS Queen Mary	RMS Queen Mary
ROTC	Reserve Officers' Training Corps
Ra II	Thor Heyerdahl
Rabat	Rabat
Race Relations Act 1965	Race Relations Act 1965
Race riot	List of ethnic riots
Racial segregation in the United States	Racial segregation in the United States
Racism	Racism
Radfan	Radfan
Radical feminist	Radical feminism
Radio Caroline	Radio Caroline
Radio Peking	China Radio International
Radio telescope	Radio telescope
Radomiro Tomic	Radomiro Tomic
Radovan Karadžić	Radovan Karadžić
Rafael Filiberto Bonnelly	Rafael Filiberto Bonnelly
Rain (Beatles song)	Rain (Beatles song)
Rainier III, Prince of Monaco	Rainier III of Monaco
Ramón Villeda Morales	Ramón Villeda Morales
Ranger 3	Ranger 3
Ranger 4	Ranger 4
Ranger 6	Ranger 6
Ranger 7	Ranger 7
Ranger 8	Ranger 8
Ranger program	Ranger program
Raoul Salan	Raoul Salan
Ras Sedr massacre	Ras Sedr massacre
Rashid Karami	Rashid Karami
Rastafari movement	Rastafari
Ratko Mladić	Ratko Mladić
Real Love (Beatles song)	Real Love (Beatles song)
Real Madrid CF	Real Madrid CF
Red Army Faction	Red Army Faction
Red Cross and Red Crescent	International Red Cross and Red Crescent Movement
Red Sea	Red Sea
Rede Globo	TV Globo
Reef	Reef
Referendum	Referendum
Reg Turnbull	Reg Turnbull
René Barrientos	René Barrientos
René Cogny	René Cogny
René Lévesque	René Lévesque
René Riesel	
René Schneider	René Schneider
Republic	Republic
Republic of Congo	Republic of the Congo
Republic of Dahomey	Republic of Dahomey
Republic of Ireland	Republic of Ireland
Republic of Upper Volta	Republic of Upper Volta
Republic of Vietnam	South Vietnam
Republic of Vietnam Air Force	South Vietnam Air Force
Republic of the Congo	Republic of the Congo
Republic of the Congo (Léopoldville)	First Congolese Republic
Republican National Convention	Republican National Convention
Republican Party (United States)	Republican Party (United States)
Republican People's Party	Republican People's Party
Republican Revolution	Republican Revolution
Request for comments	Request for Comments
Rescue Agreement	Rescue Agreement
Revolution (Beatles song)	Revolution (Beatles song)
Revolution 1	Revolution (Beatles song)
Revolution 9	Revolution 9
Revolver (Beatles album)	Revolver (Beatles album)
Rex Harrison	Rex Harrison
Rhodesia	Rhodesia
Rhodesia's Unilateral Declaration of Independence	Rhodesia's Unilateral Declaration of Independence
Rice University	Rice University
Richard Attenborough	Richard Attenborough
Richard F. Gordon Jr	Richard F. Gordon Jr.
Richard F. Gordon, Jr.	Richard F. Gordon Jr.
Richard Helms	Richard Helms
Richard Nixon	Richard Nixon
Richard Oakes (activist)	Richard Oakes (activist)
Richard Speck	Richard Speck
Richmond, Indiana	Richmond, Indiana
Richmond, Indiana explosion	Richmond, Indiana explosion
Right of asylum	Right of asylum
Right-wing politics	Right-wing politics
Rio de Janeiro	Rio de Janeiro
Rip It Up (Little Richard song)	Rip It Up (Little Richard song)
Rivers of Blood speech	Rivers of Blood speech
Rivonia Trial	Rivonia Trial
Robert Askin	Robert Askin
Robert F. Kennedy	Robert F. Kennedy
Robert J. Flynn	Robert J. Flynn
Robert McNamara	Robert McNamara
Robert Menzies	Robert Menzies
Robert Mugabe	Robert Mugabe
Robert P. McCulloch	Robert P. McCulloch
Robert R.	Robert Rayford
Roberto M. Levingston	Roberto Marcelo Levingston
Roberto Sánchez Vilella	Roberto Sánchez Vilella
Robin Knox-Johnston	Robin Knox-Johnston
Rochdale F.C.	Rochdale A.F.C.
Rock and Roll Music (song)	Rock and Roll Music (song)
Rocket mail	Rocket mail
Rockville, Maryland	Rockville, Maryland
Rocky Raccoon	Rocky Raccoon
Rodney Riots	Rodney riots
Rogelio Miranda	Rogelio Miranda
Roger Chaffee	Roger B. Chaffee
Rogers Pass (British Columbia)	Rogers Pass (British Columbia)
Roll Over Beethoven	Roll Over Beethoven
Rolling Stones	The Rolling Stones
Roman Catholic Church	Catholic Church
Roman Polanski	Roman Polanski
Roman calendar of saints	General Roman Calendar
Romania	Romania
Romanian Communist Party	Romanian Communist Party
Rome sit-ins	Rome sit-ins
Ron Lancaster	Ron Lancaster
Ronald Reagan	Ronald Reagan
Ronald Ryan	Ronald Ryan
Ronan Point	Ronan Point
Rosariazo	Rosariazo
Rosario	Rosario
Rosemary's Baby (film)	Rosemary's Baby (film)
Roseville, Minnesota	Roseville, Minnesota
Rotaract	Rotaract
Royal Air Force	Royal Air Force
Royal Albert Hall	Royal Albert Hall
Royal Australian Navy	Royal Australian Navy
Royal Australian Regiment	Royal Australian Regiment
Royal Navy	Royal Navy
Royal Ulster Constabulary	Royal Ulster Constabulary
Rubber Soul	Rubber Soul
Ruben Jaramillo	Rubén Jaramillo
Rudi Dutschke	Rudi Dutschke
Rudolf Abel	Rudolf Abel
Run for Your Life (Beatles song)	Run for Your Life (Beatles song)
Rural area	Rural area
Russia	Russia
Russian Academy of Sciences	Russian Academy of Sciences
Russian language	Russian language
Rusty Schweickart	Rusty Schweickart
Rwanda	Rwanda
Régis Debray	Régis Debray
S&P 500	S&P 500
S-75 Dvina	S-75 Dvina
S-IVB	S-IVB
S.L. Benfica	S.L. Benfica
S:Zodiac Killer letter, August 4th 1969	
SALT I	Strategic Arms Limitation Talks
SEACOM (Asian cable system)	SEACOM (Asian cable system)
SEALAB	SEALAB
SNAP-10A	SNAP-10A
SRI International	SRI International
SS	Schutzstaffel
SS United States	SS United States
Saarland	Saarland
Saas-Fee	Saas-Fee
Sabah	Sabah
Saddam Hussein	Saddam Hussein
Saeb Salam	Saeb Salam
Sahara Desert	Sahara
Said bin Taimur	Said bin Taimur
Saigon	Ho Chi Minh City
Saint Louis Blues (song)	Saint Louis Blues (song)
Saint-Laurent-du-Pont	Saint-Laurent-du-Pont
Salah Jadid	Salah Jadid
Salt Lake City International Airport	Salt Lake City International Airport
Salvador Allende	Salvador Allende
Samoa	Samoa
Samuel Barber	Samuel Barber
San Clemente Island, California	San Clemente Island
San Francisco	San Francisco
San Francisco Bay	San Francisco Bay
San Francisco International Airport	San Francisco International Airport
San Ramon, California	San Ramon, California
San Sebastián	San Sebastián
San Siro	San Siro
Sanatorium	Sanatorium
Santa Barbara County	Santa Barbara County, California
Santa Barbara, California	Santa Barbara, California
Santa Monica, California	Santa Monica, California
Sarawak	Sarawak
Saskatchewan Roughriders	Saskatchewan Roughriders
Sasquatch	Bigfoot
Satellite	Satellite
Satellite state	Satellite state
Saturn V	Saturn V
Saud of Saudi Arabia	Saud of Saudi Arabia
Saudi Arabia	Saudi Arabia
Save the Last Dance for Me	Save the Last Dance for Me
Savoy Truffle	Savoy Truffle
Sazae-san	Sazae-san
Scheveningen	Scheveningen
School prayer in the United States	School prayer in the United States
Scilly Isles	Isles of Scilly
Scooby-Doo	Scooby-Doo
Scooby-Doo, Where Are You!	Scooby-Doo, Where Are You!
Scopes Trial	Scopes trial
Scott Carpenter	Scott Carpenter
Sea of Galilee	Sea of Galilee
Sea of Japan	Sea of Japan
Seaboard Air Line Railroad	Seaboard Air Line Railroad
Seaboard Coast Line Railroad	Seaboard Coast Line Railroad
Seakeeping	Seakeeping
Searchin'	Searchin'
Seattle	Seattle
Second Malayan Emergency	Communist insurgency in Malaysia (1968–1989)
Second Vatican Council	Second Vatican Council
Second inauguration of Lyndon B. Johnson	Second inauguration of Lyndon B. Johnson
Secretary of the Treasury	United States Secretary of the Treasury
Secretary-General of the United Nations	Secretary-General of the United Nations
Selective Service	Selective Service System
Selective Service System	Selective Service System
Self-immolation	Self-immolation
Seliger Forschungs- und Entwicklungsgesellschaft mbH	Seliger Forschungs- und Entwicklungsgesellschaft mbH
Selma to Montgomery marches	Selma to Montgomery marches
Selma, Alabama	Selma, Alabama
Semipalatinsk Test Site	Semipalatinsk Test Site
Senate of Chile	Senate of Chile
Senegal	Senegal
Seoul	Seoul
Seppuku	Seppuku
Seretse Khama	Seretse Khama
Serge Gainsbourg	Serge Gainsbourg
Sesame Street	Sesame Street
Sexy Sadie	Sexy Sadie
Seán Lemass	Seán Lemass
Sgt. Pepper's Lonely Hearts Club Band	Sgt. Pepper's Lonely Hearts Club Band
Sgt. Pepper's Lonely Hearts Club Band (Reprise)	Sgt. Pepper's Lonely Hearts Club Band (song)
Sgt. Pepper's Lonely Hearts Club Band (song)	Sgt. Pepper's Lonely Hearts Club Band (song)
Sharon Tate	Sharon Tate
She Came In Through the Bathroom Window	She Came In Through the Bathroom Window
She Loves You	She Loves You
She Said She Said	She Said She Said
She's Leaving Home	She's Leaving Home
She's a Woman	She's a Woman
Sherman Brothers	Sherman Brothers
Shinkansen	Shinkansen
Ship registration	Ship registration
Shout (Isley Brothers song)	Shout (Isley Brothers song)
Siad Barre	Siad Barre
Sialkot	Sialkot
Sicilian Mafia	Sicilian Mafia
Sicily	Sicily
Sidney Poitier	Sidney Poitier
Sie liebt dich	Komm, gib mir deine Hand / Sie liebt dich
Sierra Leone	Sierra Leone
Silicon Valley	Silicon Valley
Silver Bridge	Silver Bridge
Silver certificate (United States)	Silver certificate (United States)
Sinai Peninsula	Sinai Peninsula
Singapore	Singapore
Sino-Indian War	Sino-Indian War
Sino-Soviet border conflict	Sino-Soviet border conflict
Sino-Soviet split	Sino-Soviet split
Sirhan Bishara Sirhan	Sirhan Sirhan
Sirhan Sirhan	Sirhan Sirhan
Sisowath Kossamak	Sisowath Kossamak
Sit-in	Sit-in
Six-Day War	Six-Day War
Skopje	Skopje
Skull Valley (Utah)	Skull Valley (Utah)
Slavery in Oman	Slavery in Oman
Slow Down (Larry Williams song)	Slow Down (Larry Williams song)
Smallpox	Smallpox
Smog	Smog
So How Come (No One Loves Me)	A Date with the Everly Brothers
Sobibór extermination camp	Sobibor extermination camp
Soccer	Association football
Social Democratic Party of Germany	Social Democratic Party of Germany
Social Security Act of 1965	Social Security Amendments of 1965
Socialist Federal Republic of Yugoslavia	Socialist Federal Republic of Yugoslavia
Socialist Party of Chile	Socialist Party of Chile
Socialist Republic of Bosnia and Herzegovina	Socialist Republic of Bosnia and Herzegovina
Socialist Republic of Romania	Socialist Republic of Romania
Socialist state	Socialist state
Solar Saros 129	Solar Saros 129
Solar Saros 130	Solar Saros 130
Solar Saros 134	Solar Saros 134
Solar Saros 135	Solar Saros 135
Solar Saros 140	Solar Saros 140
Solar Saros 142	Solar Saros 142
Solar Saros 144	Solar Saros 144
Solar eclipse	Solar eclipse
Solar eclipse of August 31, 1970	Solar eclipse of August 31, 1970
Solar eclipse of February 5, 1962	Solar eclipse of February 5, 1962
Solar eclipse of January 25, 1963	Solar eclipse of January 25, 1963
Solar eclipse of July 31, 1962	Solar eclipse of July 31, 1962
Solar eclipse of March 18, 1969	Solar eclipse of March 18, 1969
Solar eclipse of May 9, 1967	Solar eclipse of May 9, 1967
Solar eclipse of November 2, 1967	Solar eclipse of November 2, 1967
Solar eclipse of September 11, 1969	Solar eclipse of September 11, 1969
Soldier Field	Soldier Field
Soldier of Love (Lay Down Your Arms)	Soldier of Love (Lay Down Your Arms)
Somalia	Somalia
Some Other Guy	Some Other Guy
Something (Beatles song)	Something (Beatles song)
Sonja Haraldsen	Queen Sonja of Norway
Sonny Liston	Sonny Liston
Sonny Liston vs. Cassius Clay	Sonny Liston vs. Cassius Clay
Sounding rocket	Sounding rocket
Sour Milk Sea	Sour Milk Sea
South Africa	South Africa
South African Airways Flight 228	South African Airways Flight 228
South African Border War	South African Border War
South African Police	South African Police
South Carolina	South Carolina
South Rhodesia	Southern Rhodesia
South Vietnam	South Vietnam
South Wales	South Wales
South West Africa	South West Africa
South West Africa People's Organization	SWAPO
South Yemen	South Yemen
Southampton	Southampton
Southcentral Alaska	Southcentral Alaska
Southeast Asia	Southeast Asia
Southeastern United States	Southeastern United States
Southern Airways Flight 932	Southern Airways Flight 932
Southern California	Southern California
Souvanna Phouma	Souvanna Phouma
Sovereignty	Sovereignty
Soviet Central Asia	Soviet Central Asia
Soviet Union	Soviet Union
Soviet submarine B-59	Soviet submarine B-59
Soviet submarine K-129 (1960)	Soviet submarine K-129 (1960)
Soviet submarine K-19	Soviet submarine K-19
Soviet submarine K-33	Soviet submarine K-33
Soyuz 1	Soyuz 1
Soyuz 4	Soyuz 4
Soyuz 5	Soyuz 5
Soyuz 9	Soyuz 9
Space capsule	Space capsule
Space probe	Space probe
Space rendezvous	Space rendezvous
Space suit	Space suit
Space walk	Extravehicular activity
Spacecraft	Spacecraft
Spaceflight	Spaceflight
Spain	Spain
Spain in the Eurovision Song Contest	Spain in the Eurovision Song Contest
Spain men's national football team	Spain national football team
Spandau Prison	Spandau Prison
Spanish Civil War	Spanish Civil War
Special Olympics	Special Olympics
Speed of sound	Speed of sound
Spiegel affair	Spiegel affair
Spirit of Columbus	Spirit of Columbus
Spiro Agnew	Spiro Agnew
Splashdown	Splashdown
Spying	Espionage
Sri Lanka	Sri Lanka
Sriharikota	Sriharikota
St. John's, Newfoundland	St. John's, Newfoundland and Labrador
St. Louis, Missouri	St. Louis
Stanley Cup	Stanley Cup
Star of India (gem)	Star of India (gem)
State funeral of John F. Kennedy	State funeral of John F. Kennedy
State of Katanga	State of Katanga
State of Palestine	Palestine
State of emergency	State of emergency
State reform in Belgium	State reform in Belgium
Statute of limitations	Statute of limitations
Steam locomotive	Steam locomotive
Step Inside Love	Step Inside Love
Stephanos Stephanopoulos	Stefanos Stefanopoulos
Steve McQueen	Steve McQueen
Stig Wennerström (spy)	Stig Wennerström (colonel)
Stockholm	Stockholm
Stockport	Stockport
Stockport air disaster	Stockport air disaster
Stonewall riots	Stonewall riots
Straits of Tiran	Straits of Tiran
Strategic bombing	Strategic bombing
Strawberry Fields Forever	Strawberry Fields Forever
Strike action	Strike action
Student demonstration	Student activism
Students for a Democratic Society	Students for a Democratic Society
Suat Hayri Ürgüplü	Suat Hayri Ürgüplü
Submarine	Submarine
Substitute (association football)	Substitute (association football)
Subway (rail)	Rapid transit
Sud Aviation Caravelle	Sud Aviation Caravelle
Sudan	Sudan
Suez Canal	Suez Canal
Suharto	Suharto
Sukarno	Sukarno
Summary execution	Summary execution
Summer of Love	Summer of Love
Sun King (song)	Sun King (song)
Supersemar	Supersemar
Supersonic airliner	Supersonic transport
Supreme Court of Argentina	Supreme Court of Argentina
Supreme Court of the United States	Supreme Court of the United States
Supreme Headquarters Allied Powers Europe	Supreme Headquarters Allied Powers Europe
Sure to Fall (in Love with You)	Sure to Fall (in Love with You)
Surface-to-air missile	Surface-to-air missile
Surface-to-surface missile	Surface-to-surface missile
Surrey University	University of Surrey
Surtsey	Surtsey
Surveyor 1	Surveyor 1
Surveyor 3	Surveyor 3
Surveyor program	Surveyor program
Suspect	Suspect
Suspension bridge	Suspension bridge
Svetlana Alliluyeva	Svetlana Alliluyeva
Swaziland	Eswatini
Sweden	Sweden
Sweet Georgia Brown	Sweet Georgia Brown
Sweet Little Sixteen	Sweet Little Sixteen
Swissair	Swissair
Switzerland	Switzerland
Syncom	Syncom
Syria	Syria
São Caetano do Sul	São Caetano do Sul
São Paulo	São Paulo
Süleyman Demirel	Süleyman Demirel
Sơn Tây (Hanoi)	Sơn Tây, Hanoi
TABSO Flight 101	TABSO Flight 101
TAM Transportes Aéreos Regionais Flight 402	TAM Transportes Aéreos Regionais Flight 402
TNT equivalent	TNT equivalent
TSMS Lakonia	TSMS Lakonia
TVB	TVB
TVRI	TVRI
TWA	Trans World Airlines
TWA Flight 840 hijacking	TWA Flight 840 (1969)
Ta'izz	Taiz
Taal Volcano	Taal Volcano
Tab (soft drink)	Tab (drink)
Tage Erlander	Tage Erlander
Taiwan	Taiwan
Take Out Some Insurance on Me, Baby	Take Out Some Insurance
Tampere	Tampere
Tampere Ice Stadium	Tampere Ice Stadium
Tanganyika (1961–1964)	Tanganyika (1961–1964)
Tank	Tank
Tanzania	Tanzania
Taoiseach	Taoiseach
Target Corporation	Target Corporation
Tashkent	Tashkent
Tashkent Declaration	Tashkent Declaration
Tasmania	Tasmania
Tatarstan Airlines Flight 363	Tatarstan Airlines Flight 363
Tatenokai	Tatenokai
Taxman	Taxman
Ted Kennedy	Ted Kennedy
Teddy Boy (song)	Teddy Boy (song)
Telegraph Agency of the Soviet Union	TASS
Teleprinter	Teleprinter
Telescope	Telescope
Television	Television
Television station	Television station
Tell Me What You See	Tell Me What You See
Tell Me Why (Beatles song)	Tell Me Why (Beatles song)
Telstar	Telstar
Tennessee	Tennessee
Teresa of Ávila	Teresa of Ávila
Terminal Island	Terminal Island
Terrorism	Terrorism
Tet Offensive	Tet Offensive
Texas	Texas
Thailand	Thailand
Thalidomide	Thalidomide
Thalidomide scandal	Thalidomide scandal
Thank You Girl	Thank You Girl
That Means a Lot	That Means a Lot
That Was the Week That Was	That Was the Week That Was
That'll Be the Day	That'll Be the Day
That's All Right (Mama)	That's All Right
The Angry Brigade	The Angry Brigade
The Bahamas	The Bahamas
The Ballad of John and Yoko	The Ballad of John and Yoko
The Beach Boys	The Beach Boys
The Beatles	The Beatles
The Beatles (album)	The Beatles (album)
The Beatles on The Ed Sullivan Show	The Beatles on The Ed Sullivan Show
The Beatles' 1966 US tour	The Beatles' 1966 US tour
The Boeing Company	Boeing
The British Invasion	British Invasion
The Championships, Wimbledon	Wimbledon Championships
The Coca-Cola Company	The Coca-Cola Company
The Continuing Story of Bungalow Bill	The Continuing Story of Bungalow Bill
The Doors	The Doors
The Ed Sullivan Show	The Ed Sullivan Show
The End (Beatles song)	The End (Beatles song)
The Factory	The Factory
The Fool on the Hill	The Fool on the Hill
The Gambia	The Gambia
The Great Escape (film)	The Great Escape (film)
The Hippy Hippy Shake	Hippy Hippy Shake
The Inner Light (song)	The Inner Light (song)
The Jungle Book (1967 film)	The Jungle Book (1967 film)
The Kingsmen	The Kingsmen
The Kinks Are the Village Green Preservation Society	The Kinks Are the Village Green Preservation Society
The Little Mermaid (statue)	The Little Mermaid (statue)
The Long and Winding Road	The Long and Winding Road
The Mother of All Demos	The Mother of All Demos
The New York Times	The New York Times
The Night Before (song)	The Night Before (song)
The Nutcracker	The Nutcracker
The Pentagon	The Pentagon
The Plain Dealer	The Plain Dealer
The Rolling Stones	The Rolling Stones
The Saturday Evening Post	The Saturday Evening Post
The Sheik of Araby	The Sheik of Araby
The Sound of Music (film)	The Sound of Music (film)
The Sun (United Kingdom)	The Sun (United Kingdom)
The Tragedy of Gate 12	The Tragedy of Gate 12
The Troubles	The Troubles
The Vigilant	The Vigilant
The Walk (Jimmy McCracklin song)	The Walk (Jimmy McCracklin song)
The Word (song)	The Word (song)
Their Satanic Majesties Request	Their Satanic Majesties Request
Theologian	Theology
There's a Place	There's a Place
Things We Said Today	Things We Said Today
Think for Yourself	Think for Yourself
Third Programme	BBC Third Programme
Third Taiwan Strait Crisis	Third Taiwan Strait Crisis
This Boy	This Boy
Thomas Eugene Kurtz	Thomas E. Kurtz
Thomas Patten Stafford	Thomas P. Stafford
Thor Heyerdahl	Thor Heyerdahl
Three Cool Cats	Three Cool Cats
Three Rivers Stadium	Three Rivers Stadium
Three Studies of Lucian Freud	Three Studies of Lucian Freud
Thunderbirds (TV series)	Thunderbirds (TV series)
Thurgood Marshall	Thurgood Marshall
Thích Quảng Đức	Thích Quảng Đức
Thích Trí Quang	Thích Trí Quang
Ticket to Ride (song)	Ticket to Ride (song)
Tigran Petrosian	Tigran Petrosian
Till There Was You	Till There Was You
Tim Rice	Tim Rice
Times Square	Times Square
Tlatelolco (Mexico City)	Tlatelolco, Mexico City
Tlatelolco massacre	Tlatelolco massacre
To Know Her Is to Love Her	To Know Him Is to Love Him
Togo	Togo
Tokyo Haneda Airport	Haneda Airport
Tom Hayden	Tom Hayden
Tommie Smith	Tommie Smith
Tomorrow Never Knows	Tomorrow Never Knows
Tonga	Tonga
Tonghai County	Tonghai County
Tony Verna	Tony Verna
Too Much Monkey Business	Too Much Monkey Business
Topeka, Kansas	Topeka, Kansas
Tornado outbreak of November 17, 2013	Tornado outbreak of November 17, 2013
Toronto	Toronto
Toronto Maple Leafs	Toronto Maple Leafs
Toronto Pearson International Airport	Toronto Pearson International Airport
Torrey Canyon oil spill	Torrey Canyon oil spill
Toulouse	Toulouse
Trade embargo	Economic sanctions
Tran Van Don	Trần Văn Đôn
Trans World Airlines	Trans World Airlines
Trans-Canada Air Lines Flight 831	Trans-Canada Air Lines Flight 831
Trans-Canada Highway	Trans-Canada Highway
Transatlantic crossing	Transatlantic crossing
Transition to the New Order	Transition to the New Order
Treaty on Basic Relations between Japan and the Republic of Korea	Treaty on Basic Relations Between Japan and the Republic of Korea
Treblinka extermination camp	Treblinka extermination camp
Trial in absentia	Trial in absentia
Trinidad and Tobago	Trinidad and Tobago
Trofim Lysenko	Trofim Lysenko
Trois Glorieuses (1963)	Trois Glorieuses (1963)
Trolleybus	Trolleybus
Tropical cyclone	Tropical cyclone
Truman Capote	Truman Capote
Trương Đình Dzu	Trương Đình Dzu
Tsurumi rail accident	Tsurumi rail accident
Tsutomu Hata	Tsutomu Hata
Tuberculosis	Tuberculosis
Tun Abdul Razak	Abdul Razak Hussein
Tunisia	Tunisia
Tunku Abdul Rahman	Tunku Abdul Rahman
Tupolev Tu-144	Tupolev Tu-144
Turkey	Turkey
Turkish Cypriot	Turkish Cypriots
Turkish Cypriots	Turkish Cypriots
Tuskar Rock, Ireland	Tuskar Rock, Ireland
Twenty-fifth Amendment to the United States Constitution	Twenty-fifth Amendment to the United States Constitution
Twenty-fourth Amendment to the United States Constitution	Twenty-fourth Amendment to the United States Constitution
Twist and Shout	Twist and Shout
Two of Us (Beatles song)	Two of Us (Beatles song)
Typhoon Angela	Typhoon Angela
Typhoon Carmen (1965)	Typhoon Carmen (1965)
Typhoon Haiyan	Typhoon Haiyan
Typhoon Wanda (1962)	Typhoon Wanda (1962)
Tysons Corner Center	Tysons Corner Center
U Thant	U Thant
U.S. and World Population Clock	United States Census Bureau
U.S. state	U.S. state
UAC TurboTrain	UAC TurboTrain
UEFA Champions League	UEFA Champions League
UEFA Euro 1968	UEFA Euro 1968
UFOs of Pudasjärvi	UFOs of Pudasjärvi
UGM-27 Polaris	UGM-27 Polaris
UN Emergency Force	United Nations Emergency Force
UN General Assembly	United Nations General Assembly
UN Security Council	United Nations Security Council
UN Security Council Resolution 242	United Nations Security Council Resolution 242
UNESCO	UNESCO
UNITA	UNITA
UNSCOM	United Nations Special Commission
USAF	United States Air Force
USK Praha	USK Praha
USS Card	USS Card
USS Constellation (CV-64)	USS Constellation (CV-64)
USS Enterprise (CVN-65)	USS Enterprise (CVN-65)
USS Enterprise fire	1969 USS Enterprise fire
USS Frank E. Evans (DD-754)	USS Frank E. Evans
USS Gato (SSN-615)	USS Gato (SSN-615)
USS Liberty incident	USS Liberty incident
USS Maddox (DD-731)	USS Maddox (DD-731)
USS Scorpion (SSN-589)	USS Scorpion (SSN-589)
USS Thresher (SSN-593)	USS Thresher (SSN-593)
USS Ticonderoga (CV-14)	USS Ticonderoga (CV-14)
USSR national football team	Soviet Union national football team
Udo Jürgens	Udo Jürgens
Uganda	Uganda
Ulrike Meinhof	Ulrike Meinhof
Umuahia	Umuahia
Underground nuclear testing	Underground nuclear weapons testing
Underwater archaeologist	Underwater archaeology
Uniform Time Act	Uniform Time Act
Unilateral Declaration of Independence	Unilateral declaration of independence
Union Minière du Haut Katanga	Union Minière du Haut-Katanga
Union Oil	Unocal Corporation
Union for the Mediterranean	Union for the Mediterranean
Unionville, Missouri	Unionville, Missouri
Unitarian Universalist	Unitarian Universalism
United Air Lines Flight 297	United Air Lines Flight 297
United Airlines Flight 227	United Air Lines Flight 227
United Arab Republic	United Arab Republic
United Farm Workers	United Farm Workers
United Kingdom	United Kingdom
United Kingdom in the Eurovision Song Contest	United Kingdom in the Eurovision Song Contest
United Methodist Church	United Methodist Church
United Nations	United Nations
United Nations Conference on Trade and Development	UN Trade and Development
United Nations Convention on the Law of the Sea	United Nations Convention on the Law of the Sea
United Nations Development Programme	United Nations Development Programme
United Nations General Assembly	United Nations General Assembly
United Nations Industrial Development Organization	United Nations Industrial Development Organization
United Nations Secretary-General	Secretary-General of the United Nations
United Nations Security Council	United Nations Security Council
United Nations Security Council Resolution 216	United Nations Security Council Resolution 216
United Nations Security Council Resolution 217	United Nations Security Council Resolution 217
United Nations Security Council Resolution 230	United Nations Security Council Resolution 230
United Nations Security Council Resolution 47	United Nations Security Council Resolution 47
United States	United States
United States Air Force	United States Air Force
United States Army	United States Army
United States Capitol	United States Capitol
United States Census Bureau	United States Census Bureau
United States Congress	United States Congress
United States Department of Defense	United States Department of Defense
United States Embassy in London	Embassy of the United States, London
United States Embassy, Saigon	Embassy of the United States, Saigon
United States Environmental Protection Agency	United States Environmental Protection Agency
United States House of Representatives	United States House of Representatives
United States Lines	United States Lines
United States Marine Corps	United States Marine Corps
United States Marines	United States Marine Corps
United States National Guard	National Guard (United States)
United States National Security Council	United States National Security Council
United States Navy	United States Navy
United States Postal Service	United States Postal Service
United States Republican Party	Republican Party (United States)
United States Senate	United States Senate
United States Supreme Court	Supreme Court of the United States
United States Surgeon General	Surgeon General of the United States
United States dollar	United States dollar
United States embargo against Cuba	United States embargo against Cuba
United States of America	United States
Universal House of Justice	Universal House of Justice
Universidade Municipal de São Caetano do Sul	Municipal University of São Caetano do Sul
University of California, Berkeley	University of California, Berkeley
University of California, Irvine	University of California, Irvine
University of California, Los Angeles	University of California, Los Angeles
University of North Carolina at Chapel Hill	University of North Carolina at Chapel Hill
University of Paris	University of Paris
University of Texas at Austin	University of Texas at Austin
University of Texas tower shooting	University of Texas tower shooting
University of Tokyo	University of Tokyo
University of Wisconsin–Madison	University of Wisconsin–Madison
Unmanned space missions	Uncrewed spacecraft
Ural Mountains	Ural Mountains
Urho Kekkonen	Urho Kekkonen
Ussuri River	Ussuri
Utah State University	Utah State University
Uxoricide	Uxoricide
V. V. Giri	V. V. Giri
Vajont Dam	Vajont Dam
Val-d'Isère	Val-d'Isère
Valentina Tereshkova	Valentina Tereshkova
Valentine's Day	Valentine's Day
Valerie Solanas	Valerie Solanas
Valery Tarsis	Valery Tarsis
Vallejo, California	Vallejo, California
Van Gend en Loos v Nederlandse Administratie der Belastingen	Van Gend en Loos v Nederlandse Administratie der Belastingen
Vancouver	Vancouver
Vandenberg Air Force Base	Vandenberg Space Force Base
Vasily Arkhipov	Vasily Arkhipov
Vatican City	Vatican City
Vatican flag	Flag of Vatican City
Vela Uniform	Vela Uniform
Venera	Venera program
Venera 3	Venera 3
Venera 4	Venera 4
Venera 5	Venera 5
Venera 6	Venera 6
Venera 7	Venera 7
Venera program	Venera program
Venezuela	Venezuela
Venice	Venice
Venus	Venus
Verrazano–Narrows Bridge	Verrazzano–Narrows Bridge
Vesak	Vesak
Vespro della Beata Vergine	Vespro della Beata Vergine
Viasa Flight 742	Viasa Flight 742
Victoria Derby	Victoria Derby
Victoria, British Columbia	Victoria, British Columbia
Victory Day (Pakistan)	Victory Day
Videotape	Videotape
Vienna Convention on Road Signs and Signals	Vienna Convention on Road Signs and Signals
Viet Cong	Viet Cong
Vietnam	Vietnam
Vietnam Air Force	Vietnam Air Defence - Air Force
Vietnam Television	Vietnam Television
Vietnam War	Vietnam War
Viktor Yanukovych	Viktor Yanukovych
Vive le Québec libre	Vive le Québec libre
Vladimir Horowitz	Vladimir Horowitz
Vladimir Komarov	Vladimir Komarov
Volcano	Volcano
Voskhod 1	Voskhod 1
Voskhod 2	Voskhod 2
Vostok 6	Vostok 6
Voter registration	Voter registration
Voting Rights Act of 1965	Voting Rights Act of 1965
Vulpecula	Vulpecula
Vyacheslav Molotov	Vyacheslav Molotov
Víctor Paz Estenssoro	Víctor Paz Estenssoro
W47	W47
WWE Championship	WWE Championship
WXYC	WXYC
Wait (Beatles song)	Wait (Beatles song)
Waiting period (Six-Day War)	Waiting period (Six-Day War)
Wake Up Little Susie	Wake Up Little Susie
Wales	Wales
Wally Schirra	Wally Schirra
Walt Disney	Walt Disney
Walter Cunningham	Walter Cunningham
Walter Reed Army Medical Center	Walter Reed Army Medical Center
Walter Rodney	Walter Rodney
Walter Scheel	Walter Scheel
Walter Schirra	Wally Schirra
Walter Ulbricht	Walter Ulbricht
War	War
War Requiem	War Requiem
War crime	War crime
War on Poverty	War on Poverty
Warren Commission	Warren Commission
Warsaw Ghetto	Warsaw Ghetto
Warsaw Pact	Warsaw Pact
Warsaw Pact invasion of Czechoslovakia	Warsaw Pact invasion of Czechoslovakia
Warschauer Kniefall	Kniefall von Warschau
Wartha (Eisenach)	Wartha (Eisenach)
Wasfi al-Tal	Wasfi Tal
Washburn University	Washburn University
Washington Monument	Washington Monument
Washington Redskins	Washington Commanders
Washington metropolitan area	Washington metropolitan area
Watts riots	Watts riots
Watts, Los Angeles	Watts, Los Angeles
Wayne County, West Virginia	Wayne County, West Virginia
We Can Work It Out	We Can Work It Out
We choose to go to the Moon	We choose to go to the Moon
Weapons of mass destruction	Weapon of mass destruction
Weatherman (organization)	Weather Underground
Webcast	Webcast
Wellington Harbour	Wellington Harbour
Wembley Stadium (1923)	Wembley Stadium (1923)
Wemme, Oregon	Wemme, Oregon
West Bank	West Bank
West Berlin	West Berlin
West Bromwich Albion	West Bromwich Albion F.C.
West Bromwich Albion F.C.	West Bromwich Albion F.C.
West Coast Airlines Flight 956	West Coast Airlines Flight 956
West Gate Bridge	West Gate Bridge
West Germany	West Germany
West Indies Federation	West Indies Federation
West Irian	Western New Guinea
West Side Story (1961 film)	West Side Story (1961 film)
Western College for Women	Western College for Women
Western New Guinea	Western New Guinea
What Goes On (Beatles song)	What Goes On (Beatles song)
What You're Doing	What You're Doing
What's the New Mary Jane	What's the New Mary Jane
When I Get Home	When I Get Home
When I'm Sixty-Four	When I'm Sixty-Four
When the Saints Go Marching In	When the Saints Go Marching In
While My Guitar Gently Weeps	While My Guitar Gently Weeps
White House	White House
White Lake, Sullivan County, New York	White Lake, Sullivan County, New York
White shift dress of Jean Shrimpton	White shift dress of Jean Shrimpton
White supremacist	White supremacy
Whoopi Goldberg	Whoopi Goldberg
Why (Tony Sheridan song)	Why (Tony Sheridan song)
Why Don't We Do It in the Road?	Why Don't We Do It in the Road?
Wichita State University	Wichita State University
Wichita State University football team plane crash	Wichita State University football team plane crash
Wild Honey Pie	Wild Honey Pie
Wilhelm Harster	Wilhelm Harster
Wilhelmina of the Netherlands	Wilhelmina of the Netherlands
Willi Stoph	Willi Stoph
William Anders	William Anders
William Calley	William Calley
William J. Knight	William J. Knight
William McMahon	William McMahon
William Raborn	William Raborn
William Westmoreland	William Westmoreland
Willy Brandt	Willy Brandt
Winston Churchill	Winston Churchill
Wisconsin	Wisconsin
With a Little Help from My Friends	With a Little Help from My Friends
With the Beatles	With the Beatles
Within You Without You	Within You Without You
Without a Song	Without a Song
Wonderful Radio London	Wonderful Radio London
Wood River Junction, Rhode Island	Wood River Junction, Rhode Island
Woodstock	Woodstock
Woodstock, New York	Woodstock, New York
Words of Love	Words of Love
World Bank	World Bank Group
World Boxing Association	World Boxing Association
World Food Programme	World Food Programme
World Intellectual Property Organization	World Intellectual Property Organization
World War II	World War II
World's Fair	World's fair
Wright-Patterson Air Force Base	Wright-Patterson Air Force Base
Wunder von Lengede	Wunder von Lengede
X-15	North American X-15
Xingtai	Xingtai
Xinjiang	Xinjiang
Xuan Thuy	Xuân Thủy
Xá Lợi Pagoda raids	Xá Lợi Pagoda raids
Yahya Ayyash Units	Al-Qassam Brigades
Yahya Khan	Yahya Khan
Yakubu Gowon	Yakubu Gowon
Yale University	Yale University
Yangjiang	Yangjiang
Yankee Stadium (1923)	Yankee Stadium (1923)
Yasser Arafat	Yasser Arafat
Yellow Submarine (album)	Yellow Submarine (album)
Yellow Submarine (song)	Yellow Submarine (song)
Yemen	Yemen
Yer Blues	Yer Blues
Yes It Is	Yes It Is
Yesterday (song)	Yesterday (song)
Yitzhak Rabin	Yitzhak Rabin
Yoko Ono	Yoko Ono
Yokohama	Yokohama
Yoshirō Mori	Yoshirō Mori
You Can't Do That	You Can't Do That
You Know My Name (Look Up the Number)	You Know My Name (Look Up the Number)
You Know What to Do	You Know What to Do
You Like Me Too Much	You Like Me Too Much
You Never Give Me Your Money	You Never Give Me Your Money
You Really Got a Hold on Me	You've Really Got a Hold on Me
You Won't See Me	You Won't See Me
You'll Be Mine (Beatles song)	You'll Be Mine (Beatles song)
You're Going to Lose That Girl	You're Going to Lose That Girl
You've Got to Hide Your Love Away	You've Got to Hide Your Love Away
Young Blood (The Coasters song)	Young Blood (The Coasters song)
Your Mother Should Know	Your Mother Should Know
Youth International Party	Youth International Party
Yugoslav Wars	Yugoslav Wars
Yugoslavia national football team	Yugoslavia national football team
Yukio Mishima	Yukio Mishima
Yungay, Peru	Yungay, Peru
Yunnan	Yunnan
Yuri Andropov	Yuri Andropov
Yves Saint Laurent (designer)	Yves Saint Laurent (designer)
Yves Saint Laurent (fashion house)	Yves Saint Laurent (fashion house)
ZANLA	Zimbabwe African National Liberation Army
ZANU	Zimbabwe African National Union
ZIP code	ZIP Code
Zakir Husain	Zakir Husain
Zambia	Zambia
Zanzibar	Zanzibar
Zimbabwe	Zimbabwe
Zodiac Killer	Zodiac Killer
Zond 5	Zond 5
Zond 8	Zond 8
Zulfikar Ali Bhutto	Zulfikar Ali Bhutto
Zurich	Zurich
Åland	Åland
Éamon de Valera	Éamon de Valera
Élysée Treaty	Élysée Treaty
Étienne Eyadema	Gnassingbé Eyadéma
Évariste Kimba	Évariste Kimba
Évian Accords	Évian Accords
Évian-les-Bains	Évian-les-Bains
Óscar Diego Gestido	Óscar Diego Gestido
Čakovec	Čakovec
Đắk Tô	Đăk Tô
Đồng Xoài	Đồng Xoài
İsmet İnönü	İsmet İnönü
