article	occurrence	description	months
101st Airborne Division	no	active United States Army formation	
13 May incident	yes	Sino-Malay sectarian violence in Kuala Lumpur	
16 May Notification	no	document of the Cultural Revolution	
16th Street Baptist Church bombing	yes	Ku Klux Klan bombing in 1963	1963-09
173rd Airborne Brigade	no	The "first" combat unit to arrive in Viet Nam	
1961–62 European Cup	yes	7th season of the UEFA club football tournament	1961-08
1962 Algerian independence referendum	yes	independence referendum	1962-07
1962 Asian Games	yes	multi-sport event in Indonesia	1962-08
1962 Bavarian state election	yes	state election in Bavaria, Germany	1962-11
1962 FIFA World Cup	yes	7th FIFA World Cup, held in Chile	1962-05
1962 NHRA Winternationals	yes	National Hot Rod Association (NHRA) drag racing event, held at Auto Club Raceway, Pomona, California	1962-02
1962–1963 New York City newspaper strike	yes	1962-63 strike within the newspaper industry of New York City	
1962–63 European Cup	yes	8th season of the UEFA club football tournament	1962-09
1963 24 Hours of Le Mans	yes	motor race	
1963 Australian federal election	yes	Australian federal election	1963-11
1963 Camden PA-24 crash	yes	aviation crash in 1963	1963-03
1963 Honduran coup d'état	yes	military takeover of the Honduran government on 3 October 1963	1963-10
1963 Indiana State Fairgrounds Coliseum gas explosion	yes	mass casualty event	1963-10
1963 Italian general election	yes		1963-04
1963 Marj earthquake	yes	Earthquake affecting Libya	1963-02
1963 Skopje earthquake	yes	July 1963 Earthquake in SR Macedonia, Yugoslavia	1963-07
1963 South Vietnamese coup d'état	yes	1963 military coup in South Vietnam	1963-11
1963 Togolese coup d'état	yes	1963 coup in Togo	1963-01
1964 24 Hours of Le Mans	yes	24-hours race	
1964 Alaska earthquake	yes	second most powerful earthquake to hit a region in recorded history	1964-03
1964 Australian Senate election	yes	Australian federal election	1964-12
1964 Brazilian coup d'état	yes	March-April 1964 military regime in Brazil	1964-04
1964 Brinks Hotel bombing	yes	Viet Cong bombing in Saigon	1964-12
1964 European Nations' Cup	yes	2nd European association football championship	1964-06
1964 Gabonese coup d'état	yes	1964 overthrow of Gabonese President Léon M'ba by the military	1964-02
1964 Moscow protest	yes		1964-03
1964 New York World's Fair	yes	showcase of mid-20th-century American culture and technology fair	1964-04
1964 Philadelphia race riot	yes	civil unrest in the African-American community	1964-08
1964 Summer Olympics	yes	Games of the XVIII Olympiad, in Tokyo, Japan	1964-10
1964 United Kingdom general election	yes	general election held on 15 October 1964	1964-10
1964 United States presidential election	yes	45th quadrennial U.S. presidential election	1964-11
1964 Winter Olympics	yes	9th edition of Winter Olympics, Innsbruck, Austria	1964-01
1964 race riots in Singapore	yes	domestic conflict	1964-07
1964–65 European Cup	yes	10th season of the UEFA club football tournament	1964-09
1965 Dhanbad coal mine disaster	yes	explosion in a coal mine near Dhanbad, India	
1965 Durban rail accident	yes	1965 South African train disaster	1965-10
1965 French presidential election	yes	First direct presidential election of the French Fifth Republic	1965-12
1965 Kakanj mine disaster	yes	methane gas explosion at coal mine in Kakanj, Yugoslavia	
1965 La Ligua earthquake	yes	m7.4 earthquake and mining disaster in Chile	1965-03
1965 Moroccan riots	yes	1965 riots in Morocco	1965-03
1965 Palm Sunday tornado outbreak	yes	natural disaster	
1965 Yerevan demonstrations	yes	Yerevan protests	1965-04
1966 24 Hours of Le Mans	yes	34th Grand Prix of Endurance	
1966 Australian census	yes	7th census of the population of Australia	1966-06
1966 Australian federal election	yes	Australian federal election	1966-11
1966 FIFA World Cup	yes	8th FIFA World Cup, held in England	1966-07
1966 Iloilo City fire	no	fire in Iloilo City, Philippines	
1966 Jackson, Mississippi tornado	yes	U.S. natural disaster	1966-03
1966 Kingston upon Hull North by-election	yes	UK by-election	1966-01
1966 Liberal Party of Australia leadership election	yes		1966-01
1966 Nigerian counter-coup	yes	2nd Nigeria coup in 1966	1966-07
1966 Nigerian coup d'état	yes	violent overthrow of Nigerian government	1966-01
1966 Palomares accident	yes	aviation accident	1966-01
1966 Syrian coup d'état	yes	21–23 February overthrow of government	1966-02
1966 Tashkent earthquake	yes	1966 earthquake centered in Tashkent, Uzbek SSR	1966-04
1966 United Kingdom general election	yes	general election held in the United Kingdom	1966-03
1966 Upper Voltan coup d'état	yes	1966 coup in Burkina Faso	1966-01
1966 Varto earthquake	yes	earthquake in eastern Turkey	1966-08
1966 Venice flood	yes	natural disaster in Venice, Italy	1966-11
1966 Xingtai earthquakes	yes	series of earthquakes affecting Hebei, China	1966-03
1966 flood of the Arno	yes	November 1966 flood of the Arno River	1966-11
1967 Australian Labor Party leadership election	yes		1967-02
1967 Australian Senate election	yes	Australian federal election	1967-11
1967 Australian referendum (Aboriginals)	yes	Successful proposal to give the Commonwealth power to make special laws for Aboriginal people and to count them for the purposes of the Constitution	1967-05
1967 Buffalo riot	yes	one of the many race riots that swept cities in the U.S. during the "Long Hot Summer of 1967"	1967-07
1967 Caracas earthquake	yes	earthquake	1967-07
1967 Chicago blizzard	yes	snowstorm in the Midwest U.S	1967-01
1967 Detroit riot	yes	the bloodiest episode in the race riots erupted in the USA during the summer 1967, a series of confrontations between black residents and the Detroit Police Department, begun in the early morning hours of Sunday July 23, 1967, in Detroit, Michigan	1967-07
1967 Gibraltar sovereignty referendum	yes	referendum of Gibraltarian citizens to determine if they wished to pass under Spanish sovereignty	1967-09
1967 Hong Kong riots	yes	riot	1967-05
1967 Milwaukee riot	yes	one of the many race riots that swept cities in the U.S. during the "Long Hot Summer of 1967"	
1967 Newark riots	yes	one of the many race riots that swept cities in the U.S. during the "Long Hot Summer of 1967"	1967-07
1967 Plainfield riots	yes	one of the many race riots that swept cities in the U.S. during the "Long Hot Summer of 1967"	1967-07
1967–68 FIBA European Cup Winners' Cup	yes	sports season	1967-11
1967–68 Football League First Division	yes	1967–68 season of Football League First Division	1967-08
1968 Belice earthquake	yes	Successive earthquakes occurred in Sicily between January 14 and 15, 1968.	1968-01
1968 Casiguran earthquake	yes	1968 earthquake and tsunami in Aurora Province, Philippines	1968-08
1968 Columbia University protests	yes	1968 student demonstrations against racism and the Vietnam War	1968-04
1968 Democratic National Convention	yes	selection of the Democratic Party nominee for President of the United States in 1968	1968-08
1968 Democratic National Convention protests	yes	1968 anti-Vietnam War protests and resulting police brutality in Chicago	1968-08
1968 Democratic Party presidential primaries	yes	selection of the Democratic Party nominee for President of the United States in 1968	1968-08
1968 Higgins by-election	yes	Australian federal by-election	1968-02
1968 Israeli raid on Beirut Airport	yes	1968 Israeli Special Forces raid at Beirut Airport	1968-12
1968 Italian general election	yes		1968-05
1968 Liberal Party of Australia leadership election	yes		1968-01
1968 Olympics Black Power salute	yes	protest during 1968 Olympic Games	1968-10
1968 Polish political crisis	yes	dissident political mobilization, state repression, and anti-Jewish campaign	1968-03
1968 Summer Olympics	yes	Games of the XIX Olympiad, in Mexico City, Mexico	1968-10
1968 Thule Air Base B-52 crash	yes	aviation accident	1968-01
1968 United States presidential election	yes	46th quadrennial U.S. presidential election	1968-11
1968 Winter Olympics	yes	10th edition of Winter Olympics, in Grenoble, France	1968-02
1968 World Series	yes	65th edition of Major League Baseball's championship series	
1968 student demonstrations in Yugoslavia	yes	student protests	
1968–1969 Japanese university protests	yes	protests in Japan by students belonging to the Japanese New Left	
1968–69 Pakistan revolution	no	mass uprising in Pakistan	
1969 Aswan Ilyushin Il-18 crash	yes	aviation accident	1969-03
1969 Australian federal election	yes	election	1969-10
1969 Baghdad hangings	no	public hangings of 14 alleged Israeli spies in Iraq	1969-01
1969 Baltimore Orioles season	yes	Major League Baseball season	
1969 Curaçao uprising	yes	series of riots and protests	
1969 EC-121 shootdown incident	yes		1969-04
1969 French constitutional referendum	yes	Failed constitutional referendum on decentralization	1969-04
1969 International Meeting of Communist and Workers Parties	no	1969 meeting of the Communist Party of the Workers Parties	
1969 Japanese general election	yes	general election in Japan held in 1969	1969-12
1969 Liberal Party of Australia leadership spill	yes		1969-11
1969 Libyan revolution	yes	also known as the 'al-Fateh Revolution' or the '1 September Revolution'	1969-09
1969 NCAA University Division basketball tournament	yes	edition of USA college basketball tournament	1969-03
1969 New York Mets season	yes	Major League Baseball season	
1969 Northern Ireland riots	yes	series of political and sectarian riots, August 1969	
1969 Portugal earthquake	yes	earthquake in Portugal and Morocco	1969-02
1969 Pulitzer Prize	yes	Awards for journalism and related fields	
1969 Rhodesian constitutional referendum	yes	referendum over a new constitution for Rhodesia	1969-06
1969 Santa Barbara oil spill	yes	oil spill in the Santa Barbara Channel	1969-01
1969 Tour de France	yes	cycling race	1969-06
1969 USS Enterprise fire	yes	1969 fire on a US aircraft carrier	1969-01
1969 West German federal election	yes	election	1969-09
1969 World Series	yes	66th edition of Major League Baseball's championship series	1969-10
1969 Yangjiang earthquake	yes	Earthquake in Guangdong, China	1969-07
1970 Ancash earthquake	yes	earthquake in Peru	1970-05
1970 Australian Senate election	yes	1970 parliamentary election for the Senate in Australia	1970-11
1970 Bhola cyclone	yes	North Indian cyclone in 1970	1970-11
1970 Chilean presidential election	yes		1970-09
1970 FIFA World Cup	yes	9th FIFA World Cup, held in Mexico	1970-05
1970 Omani coup d'état	yes	1970 coup in Oman which led to the bloodless overthrow of the erstwhile ruler by his son	1970-07
1970 Pakistani general election	yes	elections for members of National Assembly of Pakistan	1970-12
1970 Syrian coup d'etat	yes	coup and political movement led by Hafez al-Assad in 1970	1970-11
1970 Tonghai earthquake	yes	Earthquake 1970 occurred at 01am on January 5 with a moment magnitude of 7.1 and a Mercalli intensity of X (Extreme)	1970-01
1971 Indian general election	yes	general election in India	1971-03
2 June Movement	no	West German anarchist militant organization	
20th century	no	time period between January 1, 1901, and December 31, 2000	1901-01
23rd Congress of the Communist Party of the Soviet Union	yes	1966 meeting of Soviet delegates	1966-03
24 Hours of Daytona	yes	sports car endurance race held in Daytona, FL, US	
25 de Abril Bridge	no	suspension bridge in Portugal	
2nd Air Division	no	1943-1987 United States Air Force unit	
2nd Infantry Division (United States)	no	active United States Army formation	
30 September Movement	yes	1965 Indonesian military faction that attempted a coup	1965-09;1965-10
300 million yen robbery	yes	1968 bank robbery in Japan	1968-12
34th Academy Awards	yes	award ceremony presented by the Academy of Motion Picture Arts & Sciences for achievement in filmmaking in 1961	1962-04
35th Academy Awards	yes	award ceremony presented by the Academy of Motion Picture Arts & Sciences for achievement in filmmaking in 1962	1963-04
36th Academy Awards	yes	award ceremony presented by the Academy of Motion Picture Arts & Sciences for achievement in filmmaking in 1963	1964-04
37th Academy Awards	yes	award ceremony presented by the Academy of Motion Picture Arts & Sciences for achievement in filmmaking in 1964	1965-04
38th Academy Awards	yes	award ceremony presented by the Academy of Motion Picture Arts & Sciences for achievement in filmmaking in 1965	1966-04
39th Academy Awards	yes	award ceremony presented by the Academy of Motion Picture Arts & Sciences for achievement in filmmaking in 1966	1967-04
54th Grey Cup	yes	1966 Canadian Football championship game	1966-11
58th Grey Cup	yes	1970 Canadian Football championship game	1970-11
A Charlie Brown Christmas	no	1965 musical television special directed by Bill Melendez	
A Hard Rain's a-Gonna Fall	no	original song written and composed by Bob Dylan	
A Man for All Seasons (1966 film)	no	1966 film by Fred Zinnemann	
AC Cobra	no	sports car	
AC Milan	no	football club in Milan, Italy	
AEK B.C.	no	professional basketball team based in Athens, Greece	
ARPANET	no	early packet switching network (1969–1990)	
ASCII	no	American character encoding standard	
ASEAN	no	international organisation of Southeast Asian countries	
AT&T Corporation	no	subsidiary of AT&T that provides voice, video, data, and Internet telecommunications	
Abbey Road	no	1969 studio album by the Beatles	
Abbie Hoffman	no	American activist (1936–1989)	
Abdirashid Shermarke	no	President of Somalia (1919–1969)	
Abdul Razak Hussein	no	former 2nd Prime Minister of Malaysia (1922-1976)	
Aberfan disaster	yes	October 1966 mining disaster in Wales, UK	1966-10
Abington School District v. Schempp	yes	1963 U.S. Supreme Court case ending required prayer and Bible reading in public schools	
Abortion Act 1967	yes	Public General Act of Parliament of the United Kingdom	
Abubakar Tafawa Balewa	no	Nigerian politician (1912-1966)	
Academy Award for Best Actor	yes	award presented annually by the Academy of Motion Picture Arts and Sciences	
Academy Award for Best Actress	yes	award presented annually by the Academy of Motion Picture Arts and Sciences	
Academy Award for Best Original Song	yes	motion picture award for music	
Academy Award for Best Picture	no	annual award from the Academy of Motion Picture Arts and Sciences	
Academy Awards	no	annual awards for cinematic achievements	
Acapulco	no	municipal seat of Acapulco, State of Guerrero, Mexico	
Accra	no	capital city of Ghana	
Acrylic fiber	no	synthetic polymer fiber	
Act of Free Choice	yes	1969 referendum in Western New Guinea	1969-08
Addis Ababa	no	capital city of Ethiopia	
Aden	no	port city and temporary capital of Yemen	
Adolf Hitler	no	Dictator of Germany from 1933 to 1945 (1889–1945)	
Aegean Sea	no	part of the Mediterranean Sea, between the Greek mainland, the Turkish mainland, Crete, and Rhodes	
Aer Lingus Flight 712	yes	flight which crashed en route from Cork to London on 24 March 1968	1968-03
Aerospace manufacturer	no	company involved in manufacturing aircraft, aircraft parts, missiles, rockets, and/or spacecraft	
Africa	no	continent	
African Americans	no	Americans with sub-Saharan African ancestry	
African Development Bank	no	multilateral development finance institution	
African National Congress	no	left-wing nationalist political party in South Africa	
African and Malagasy Union	no	organization	
Afrocentrism	no	worldview centered on the history of African civilization	
Agena target vehicle	no	modified Agena-D rocket used as a test and training target in Project Gemini missions	
Agence de coopération culturelle et technique	no	organization	
Ahmad Toukan	no	Prime Minister of Jordan (1903-1981)	
Ahmed Ben Bella	no	President of Algeria from 1963 to 1965	
Ahmed Sékou Touré	no	President of Guinea (1922-1984)	
Aichach	no	municipality of Germany	
Aid	no	voluntary transfer of resources from one country to another	
Air Canada Flight 621	yes	1970 plane crash in Brampton, Ontario, Canada	1970-07
Air France	no	flag-carrier and largest airline in France	
Air France Flight 007	yes	1962 aviation accident	1962-06
Air France Flight 117	yes	1962 aviation accident	1962-06
Air France Flight 1611	yes	1968 airliner crash in the Mediterranean off Nice	1968-09
Air France Flight 212 (1968)	yes	1968 aviation accident	1968-03
Air France Flight 212 (1969)	yes	1969 aviation accident	1969-12
Air India Flight 101	yes	1966 plane crash of an Air India Boeing 707 into Mont Blanc, France	1966-01
Aircraft carrier	no	warship primarily designed to carry, support, launch, and recover naval aircraft at sea	
Aircraft hijacking	no	incident involving unlawful seizure of an aircraft in operation	
Aksai Chin	no	disputed territory administered by China	
Al-Aqsa Mosque	no	the main prayer hall of the Al-Aqsa mosque compound in Jerusalem	
Alan Bean	no	American astronaut and painter (1932-2018)	
Alaska	no	state of the United States of America	
Albania	no	country in southeastern Europe	
Albert Speer	no	German Nazi architect, Government Minister of Armaments and War Production for Nazi Germany and convicted Nazi War Criminal (1905–1981)	
Alcatraz Island	no	island in San Francisco, California, United States of America	
Aldo Moro	no	Italian politician (1916-1978)	
Alec Douglas-Home	no	Prime Minister of the United Kingdom from 1963 to 1964	
Alec Guinness	no	British actor (1914–2000)	
Alec Rose	no	British sailor (1908–1991)	
Alexander Bustamante	no	Jamaican politician and labour leader (1884–1977)	
Alexander Dubček	no	first Secretary of the Czechoslovak Communist Party (1921-1992)	
Alexander Island	no	island in the Bellingshausen Sea off Antarctica	
Alexei Kosygin	no	Soviet statesman, public officer, cabinet officer	
Alexei Leonov	no	Soviet pilot and cosmonaut, first human to conduct a spacewalk (1934-2019)	
Alfredo Ovando	no	President of Bolivia (1918-1982)	
Algeria	no	country in North Africa	
Algerian War	yes	war between France and the Algerian independence movement from 1954 to 1962	1954-11
Algiers	no	capital city of Algeria	
All Kinds of Everything	no	song written and composed by Derry Lindsay and Jackie Smith, originally performed by Dana Rosemary Scallon at the 1970 Eurovision Song Contest	
All Nippon Airways Flight 60	yes	1966 aviation accident	1966-02
All You Need Is Love	no	original song written and composed by Lennon-McCartney; first recording by The Beatles	
Allegheny Airlines Flight 853	yes	aviation accident on September 9, 1969 near Fairland, Indiana	1969-09
Allen Ginsberg	no	American poet and writer (1926–1997)	
Allende meteorite	no	CV3 carbonaceous chondrite meteorite	
Alouette 1	yes	former Canadian research satellite	1962-09
Alouette 2	yes	defunct Canadian research satellite	1965-11
Altamont Free Concert	yes	1969 musical festival by the Rolling Stones	1969-12
Ambassador Hotel (Los Angeles)	no	defunct hotel in Los Angeles, California, United States	
Ambroise Noumazalaye	no	Prime Minister of the Republic of the Congo (1933-2007)	
Amchitka Island	no	island in Aleutians West Census Area, Alaska, United States	
American Airlines Flight 1 (1962)	yes	1962 aviation accident	1962-03
American Independent Party	no	far-right political party in the United States	
American Museum of Natural History	no	natural history museum in Manhattan, New York	
American Samoa	no	unincorporated territory of the United States of America, located in the Pacific Ocean	
American football	yes	form of team game played with an oval ball on a field marked out as a gridiron	
Amin al-Hafiz	no	3rd President of the Syrian Arab Republic (1921–2009)	
Amman	no	capital of Jordan	
Amsterdam	no	capital and most populous city of the Netherlands	
An Unearthly Child	no	series of Doctor Who episodes	
Anastasio Somoza Debayle	no	Dictador of Nicaragua (1967–72, 1974–79)	
Anchorage, Alaska	no	consolidated city-borough and largest city in the U.S. state of Alaska	
Andean Community	no	Integration organization of the Andean region of South America, formed by Bolivia, Colombia, Ecuador and Peru	
Andhra Pradesh	no	state in South India, India	
Andreas Baader	no	German far-left militant leader (1943–1977)	
Andreas Papandreou	no	Greek economist and politician (1919–1996)	
Andrei Gromyko	no	Soviet diplomat	
Andrew Lloyd Webber	no	British theatre composer (born 1948)	
Andy Warhol	no	American artist, film director, and producer (1928–1987)	
Andøya Space	no	Norwegian space company	
Anne Frank	no	German-born Dutch Jewish diarist and Holocaust victim (1929–1945)	
Anthony Quinn	no	Mexican and American actor (1915–2001)	
Antigua and Barbuda	no	island sovereign state in the Caribbean Sea	
Antonio Segni	no	4th President of Italy (1891-1972)	
Antony Hewish	no	English physicist and radio astronomer (1924–2021)	
Antony and Cleopatra (Barber)	yes	English-language opera by Samuel Barber	
António de Oliveira Salazar	no	Prime Minister of Portugal (1889-1970)	
Anwar Sadat	no	President of Egypt from 1970 to 1981	
Apartheid	yes	system of racial segregation in South Africa	
Apollo 1	yes	failed crewed test flight of the United States Apollo program	1967-01
Apollo 10	yes	fourth crewed flight of the United States Apollo program	1969-05
Apollo 11	yes	first Moon landing and fifth crewed flight of the United States Apollo program	1969-07
Apollo 12	yes	second crewed Moon landing	1969-11
Apollo 13	yes	failed Moon landing and seventh crewed flight of the United States Apollo program	1970-04
Apollo 4	yes	uncrewed test flight of the United States Apollo program	1967-11
Apollo 6	yes	final uncrewed test flight of the United States Apollo program	1968-04
Apollo 7	yes	first crewed flight of the United States Apollo program	1968-10
Apollo 8	yes	second crewed flight of the United States Apollo program	1968-12
Apollo 8 Genesis reading	yes	reading of the Book of Genesis by Apollo 8 crewmembers	1968-12
Apollo 9	yes	third crewed flight of the United States Apollo program	1969-03
Apollo Lunar Module	no	lander used in the Apollo program	
Apollo program	yes	1961–1972 American human spaceflight program	
Aquanaut	no	submersible`s crew member	
Arab League	no	organization of Arab states	
Arabs	no	Arabic-speaking ethnic and national groups, originally from the Arabian Peninsula	
Archbishop of Canterbury	yes	senior bishop of the Church of England	
Arecibo Observatory	no	observatory located in the municipality of Arecibo, Puerto Rico	
Arenal Volcano	no	Active stratovolcano in Alajuela Province, Costa Rica	
Argentina	no	country in South America	
Argentine Revolution	yes	period of military dictatorship in Argentina between 1966 and 1973	1966-06
Ariana Afghan Airlines Flight 701	yes	1969 aviation accident	1969-01
Arif Abdul Razzaq	no	Iraqi politician (1921 – 2007)	
Arizona	no	state of the United States of America	
Arkansas	no	state of the United States of America	
Arlington National Cemetery	no	national cemetery in Virginia, United States	
Armenian genocide	yes	systematic destruction of the Armenian people and identity in the Ottoman Empire during World War I implemented by the Ottoman authorities through mass murder	1915-04
Armistice	no	formal agreement between belligerents to stop fighting, short of definitively ending the war	
Arms Crisis	yes	political scandal in the Republic of Ireland	
Army of the Republic of Vietnam	no	Ground Forces branch of the Republic of Vietnam’s military Forces	
Army of the Republic of Vietnam Special Forces	no	elite military units of the South Vietnamese army	
Army–Navy Game	yes	annual American football game in the USA between the US Military Academy and the US Naval Academy	1890-11
Arnulfo Arias	no	President of Panama (1901-1988)	
Arrest and assassination of Ngo Dinh Diem	yes	event that culminated the 1963 South Vietnam coup d'état	1963-11
Arson	no	crime of willfully and maliciously setting fire to property	
Artemis II	yes	NASA's first crewed mission aboard the Orion spacecraft using the Space Launch System	2026-02;2026-04
Arthur Bottomley	no	British politician (1907-1995)	
Arthur Calwell	no	Australian politician (1896–1973)	
Artificial heart	no	implanted medical device that pumps blood	
Artur da Costa e Silva	no	Military and President of Brazil (1899–1985) during the dictator ship	
Arturo Umberto Illia	no	President of Argentina (1900-1983)	
Ash Wednesday Storm of 1962	yes	1962 Nor'easter	1962-03
Asian Development Bank	no	regional development bank	
Assassination of John F. Kennedy	yes	1963 murder in Dallas, Texas, U.S	1963-11
Assassination of Malcolm X	yes	killing on February 21, 1965	1965-02
Assassination of Martin Luther King Jr.	yes	April 1968 murder in Memphis, Tennessee, U.S	1968-04
Assassination of Pedro Eugenio Aramburu	yes	1970 killing in Argentina	1970-06
Assassination of Robert F. Kennedy	yes	1968 murder in Los Angeles, California, US	1968-06
Association football	yes	sport that is practiced between two teams of eleven players	
Astronaut	no	person who commands, pilots, or serves as a crew member of a spacecraft	
Astérix (satellite)	no	French satellite	1965-11
Aswan High Dam	no	dam in Aswan, Egypt	
Athenagoras I of Constantinople	no	ecumenical Patriarch of Constantinople (1886–1972)	
Athens	no	capital and largest city of Greece	
Atlanta	no	capital city of the U.S. state of Georgia and seat of Fulton County, also located in DeKalb County	
Atlantic City, New Jersey	no	city in Atlantic County, New Jersey, United States	1854-05
Atlantic Coast Line Railroad	no	defunct American Class I railroad	
Atlantic Ocean	no	ocean between Europe, Africa and the Americas	
Atmosphere of Earth	no	gas layer surrounding Earth	
Atomic Energy Commission of India	no	governing body of India's Department of Atomic Energy	
Attack helicopter	no	aircraft class designed to attack ground targets with lift provided by a powered rotor	
Attack on USNS Card	no	Battle of the Vietnam War	1964-05
Attempted assassination of Leonid Brezhnev	yes	assassination attempt made upon Leonid Brezhnev	1969-01
Audubon Ballroom	no	former theater and ballroom in Washington Heights, New York City, USA	
August	yes	eighth month in the Julian and Gregorian calendars	
Aurora (province)	no	province of the Philippines	
Austin Currie	no	former politician in the parliaments of Northern Ireland and the Republic of Ireland	
Australia	no	country in Oceania	
Australia Day	yes	national holiday of Australia on 26 January	
Australian House of Representatives	no	lower house of the Parliament of Australia	
Australian Labor Party	no	federal political party in Australia	
Australian Senate	no	Upper house of the Parliament of Australia	
Australian dollar	yes	official currency of Australia; also officially used in Kiribati, Nauru, and Tuvalu	1966-02
Austria	no	country in Central Europe	
Auto racing	yes	motorsport involving the racing of cars for competition	
Außerparlamentarische Opposition	yes	political protest movement in West Germany	
Avalanche	no	sudden, drastic flow of snow down a steep slope	
Aviation accidents and incidents	yes	aviation occurrence that affects or could affect the safety of operation	
Axel Springer SE	no	large multimedia company in Europe	
Ayub Khan	no	President of Pakistan from 1958 to 1969	
Azores	no	Atlantic Ocean archipelago and autonomous region of Portugal	
BAC One-Eleven	no	1963 airliner family by British Aircraft Corporation	
BASIC	no	programming language for beginners, mainly using familiar English words or abbreviations of them	
BBC	no	British public service broadcaster	
BBC Home Service	no	British radio broadcasting service from 1939 to 1967	
BBC Light Programme	no	former British national radio station (1945–1967)	
BBC One	no	flagship television channel of the BBC	
BBC Proms	yes	eight-week summer season of daily orchestral classical music concerts	
BBC Radio	no	division and service of the British Broadcasting Corporation	
BBC Radio 1	yes	Britain national radio station	
BBC Radio 2	no	British national radio station	
BBC Radio 3	no	British national radio station	
BBC Radio 4	no	British national radio station	
BBC Television	no	company	
BBC Third Programme	no	British national radio service	
BBC Two	no	television channel operated by the BBC	1964-04
BBC-3 (TV series)	no	BBC television programme	
BOAC Flight 911	yes	aviation accident	1966-03
Ba'ath Party	no	former pan-Arab nationalist party	
Baby, You're a Rich Man	no	original song written and composed by Lennon-McCartney, first recorded by The Beatles	
Baden-Baden	no	town in Baden-Württemberg, Germany	
Baggeridge Colliery	no	colliery in Sedgley, West Midlands, England	
Baghdad	no	capital city of Iraq	
Bahr El-Baqar primary school bombing	yes	aerial attack by Israel on Egypt during the War of Attrition	1970-04
Baháʼí Faith	no	monotheistic religion revealed by Bahāʾullāh	
Baháʼí World Centre	no	spiritual and administrative centre of the Bahá'í Faith, in and around Haifa, Israel	
Baikonur	no	city in Kazakhstan, administered by Russia	
Baikonur Cosmodrome	no	cosmodrome in Kazakhstan, used by Russia	
Baldur von Schirach	no	German Nazi politician and convicted war criminal (1907–1974)	
Bali	no	province of Indonesia	
Ballistic missile submarine	no	submarine able to launch ballistic missiles	
Baltimore	no	city in Maryland, United States	
Bangkok	no	capital of Thailand	
Bangladesh	no	country in South Asia	
Bangor Daily News	no	newspaper in Bangor, Maine	
Bankruptcy	no	legal process through which people or other entities who cannot repay debts to creditors may seek relief from some or all of their debts	
Barbados	no	island nation in the Caribbean	
Barbados Independence Act 1966	yes	Public General Act of Parliament of the United Kingdom	
Barcelona	no	city in Catalonia, Spain	
Barclays	no	British bank	
Barents Sea	no	marginal sea of the Arctic Ocean, located off the northern coasts of Norway and Russia	
Barroterán coal mine disaster	yes	Coal mining disaster in Mexico	
Barry Goldwater	no	American politician and military officer (1909–1998)	
Basil D'Oliveira	no	Cricket player of England. (1931-2011)	
Basketball	yes	team sport played on a court with baskets on either end	
Basque Country (autonomous community)	no	autonomous community of Spain	
Basque nationalism	no	nationalist movement	
Basques	no	ethnic group	
Basutoland	no	Basutoland was a British Crown colony that existed from 1884 to 1966 in present-day Lesotho, bordered with the Cape Colony, Natal Colony and Orange River Colony until 1910 and completely surrounded by South Africa from 1910	
Battle of Ammunition Hill	yes	1967 battle of the Six-Day War	1967-06
Battle of Ap Bac	yes	1963 battle of the Vietnam War	1963-01
Battle of Chawinda	yes	major battle in the Indo-Pakistani War of 1965	1965-09
Battle of Dak To	yes	1967 battle of the Vietnam War	1967-11
Battle of Dong-Yin	yes	1965 naval battle in the Taiwan Strait	1965-05
Battle of Hamburger Hill	yes	symbolic Vietnam War battle, May 1969	1969-05
Battle of Ia Drang	yes	1965 battle of the Vietnam War	1965-11
Battle of Khe Sanh	yes	battle in Vietnam War in 1968	1968-01
Battle of Kursk	yes	World War II battle that took place in 1943	1943-07
Battle of Lima Site 85	yes	1968 battle waged during the Vietnam War and Laotian Civil War by the North Vietnamese People's Army of Vietnam	1968-03
Battle of Long Tan	yes	1966 battle of the Vietnam War	1966-08
Battle of Ong Thanh	yes	1967 Part of the Vietnam War	1967-10
Battle of Saigon (1968)	yes	1968 battle in Vietnam	1968-01
Battle of Đồng Xoài	yes	battle of the Vietnam War in 1965	1965-06
Bavaria	no	federated state in the south of Germany	
Bay of Pigs Invasion	yes	failed landing operation of Cuba in 1961	1961-04
Bazooka	no	man-portable recoilless rocket antitank weapon	
Beatlemania	no	intense fan frenzy for the British pop group The Beatles	
Beatrix of the Netherlands	no	Queen of the Netherlands from 1980 to 2013 (born 1938)	
Bechuanaland Protectorate	no	British protectorate in southern Africa, became Botswana in 1966	
Bed-in	yes	anti-war demonstration by John Lennon and Yoko Ono	1969-03
Beijing Subway	yes	rapid transit system for Beijing Municipality	
Beirut	no	capital and largest city of Lebanon	
Belgrade	no	capital and largest city of Serbia	
Bell Labs	no	research and scientific development company	
Belvidere, Illinois	no	city in Illinois, United States	
Benavídez rail disaster	yes	Train wreck in Argentina in 1970	1970-02
Benjamin Britten	no	English composer, conductor, and pianist (1913-1976)	
Benjamin Spock	no	American pediatrician and author of Baby and Child Care (1903-1998)	
Berlin	no	federated state, capital and largest city of Germany	
Berlin Wall	no	barrier constructed by the German Democratic Republic, enclosing West Berlin (1961–1989)	
Bernardo Provenzano	no	Italian mob boss	
Berry L. Cannon	no	American electronics engineer, aquanaut (1935–1969)	
Bhikkhu	no	fully ordained male Buddhist monastic	
Biafra	no	secessionist state in Nigeria	
Biblioteca Nacional de España	no	library in Spain	
Biederitz	no	municipality of Jerichower Land, Germany	
Bien Hoa Air Base	no	military airfield in Vietnam	
Bigfoot	no	large and hairy ape-like mythical creature purported to inhabit forests in North America	
Bird strike	no	collision between an airborne animal (usually a bird or bat) and a human-made vehicle (usually an aircraft)	
Birmingham, Alabama	no	city in and county seat of Jefferson County, Alabama, United States	
Birth control	no	method of preventing human pregnancy or birth	
Biscay	no	province of Basque Country, Spain	
Biscay (Congress of Deputies constituency)	no	Congress of Deputies constituency	
Black Country	no	area of the West Midlands in England	
Black Panther Party	yes	US black power organization (1966–1982)	
Black September	yes	civil war (1970–1971) in Jordan between King Hussein’s forces and the Palestine Liberation Organisation	1970-09
Black and White Ball	yes	1966 held by Truman Capote for Katherine Graham	1966-11
Black power	yes	political and social movement and ideology	
Black studies	no	academic field focusing on peoples of the African diaspora and Africa	
Blowout (well drilling)	no	uncontrolled release of crude oil and/or natural gas from a well	
Blue Flame	no	rocket-powered land speed racing vehicle	
Bob Beamon	no	American track and field athlete	
Bob Dylan	no	American singer-songwriter (born 1941)	
Bob Hope	no	American entertainer (1903–2003)	
Bobby Hutton	no	American activist and member of the Black Panther Party (1950-1968)	
Bobby Seale	no	co-founder of the Black Panther Party (born 1936)	
Bobby Unser	no	American racecar driver (1934-2021)	
Boeing	no	American global aerospace and defense corporation	
Boeing 707	no	1957 airliner family	
Boeing 737	no	1967 twin-engine jet-powered airliner family	
Boeing 747	no	widebody airliner family (1968–2023)	
Boeing B-52 Stratofortress	no	bomber aircraft family	
Boeing C-135 Stratolifter	no	military airlifter family	
Boeing KC-135 Stratotanker	no	tanker aircraft family by Boeing	
Bogle–Chandler case	yes	Significant Australian murder case	1963-01
Bolivia	no	sovereign state in South America	
Bond v. Floyd	yes	1966 United States Supreme Court case	
Bonin Islands	no	North Pacific island group belonging to Japan	
Bonneville Salt Flats	no	densely packed salt pan in northwestern Tooele County, Utah, United States	
Boris Karloff	no	British actor (1887–1969)	
Boris Spassky	no	Russian chess player (1937–2025)	
Botswana	no	sovereign state in Southern Africa	
Braniff International Airways Flight 250	yes	aviation accident	1966-08
Braniff International Airways Flight 352	yes	1968 aviation accident	1968-05
Bratislava	no	capital city of Slovakia	
Braunlage	no	city in Lower Saxony, Germany	
Brazil	no	country in South America	
Brazil national football team	no	men's national association football team representing Brazil	
Brazzaville	no	capital of the Republic of the Congo	
Break-up of the Beatles	yes	account of the factors leading to The Beatles' dissolution	
Brentwood, Los Angeles	no	affluent neighborhood in the Westside of Los Angeles, California, United States	
Bristol Britannia	no	British four-engined turboprop airliner, 1952	
Britannia Airways Flight 105	yes	aviation accident	1966-09
British Antarctic Survey	no	United Kingdom's national Antarctic operation	
British Empire	no	overseas possessions of England and later the United Kingdom (1607–1997)	
British European Airways	no	UK public-sector airline company (1946-1974)	
British Guiana	no	British possession in the Guianas region between 1814–1966	
British Invasion	yes	cultural phenomenon of the mid-1960s, when rock and pop music acts from the United Kingdom and other aspects of British culture became popular in the United States	
British Midland International	no	former British airline; absorbed into British Airways	
British Rail	yes	British state-owned rail transport operator (1948–1997)	
Broadway theatre	no	a type of theater in Manhattan, New York, United States of America	
Bronze Age	no	prehistoric period and age studied in archaeology, part of the Holocene Epoch	
Brookfield, Wisconsin	no	city in Waukesha County, Wisconsin, United States	1954-08
Brooklyn Navy Yard	yes	shipyard located in Brooklyn, New York	
Brunei	no	sovereign country and sultanate on the island of Borneo in south-east Asia, member of the Commonwealth of Nations	
Brussels	no	federal region of Belgium including the City of Brussels	
Brøndby IF	no	Danish football club based in Copenhagen	
Buckinghamshire	no	ceremonial county in England, UK (use Q21694636 for administrative unitary authority)	
Budapest	no	capital and largest city of Hungary	
Buddhist Uprising	yes	1966 unrest in South Vietnam	1966-03;1966-06
Buddhist crisis	yes	1963 political and religious tension in South Vietnam	1963-05
Buddhist flag	no	international religious flag	
Buddy Rogers (wrestler)	no	American professional wrestler (1921-1992)	
Buenos Aires	no	capital and largest city of Argentina	
Buford Ellington	no	American politician (1907-1972)	
Bukavu	no	provincial capital and city in South Kivu, DR Congo	
Bundesliga	yes	German men's association football top league	
Bundeswehr	no	federal defence forces of Germany, and their civil administration and procurement authorities since 1955	
Bureau of Enquiry and Analysis for Civil Aviation Safety	no	French civil aviation accident investigation agency	
Burgess Ice Rise	no	small ice rise	
Burgos	no	municipality in Castile and Leon, Spain	
Burundi	no	sovereign state in Africa	
Bushfires in Australia	no	seasonal wild fire events in Australia	
Buzz Aldrin	no	American astronaut (born 1930)	
Bình Hòa massacre	yes	conducted by the South Korean forces in Bình Hòa, Bình Sơn, Quảng Ngãi during the Vietnam war	1966-12
Bình Tai massacre	yes		1966-10
CBS	no	American broadcast television and radio network	
CSIRO	no	federal government agency for scientific research in Australia	
CSX Transportation	no	railway system in the United States of America	
Cabinet (government)	no	group of high ranking officials, usually representing the executive branch of government	
Cable 243	no	1963 US coup authorization in South Vietnam	
Caerfyrddin (constituency)	no	Parliamentary constituency in the United Kingdom, 2024 onwards	
Caesars Palace	no	casino hotel in Paradise, Nevada	
Cairo	no	capital city of Egypt	
Caledon, County Tyrone	no	village in County Tyrone, Northern Ireland, UK	
Calgary Stampeders	no	Canadian football team	
California	no	state of the United States of America	
California National Guard	no	component of the U.S. National Guard of the state of California	
California State University, Long Beach	no	public university in Long Beach, California, United States	
Cambodia	no	country in Southeast Asia	
Cambodian Civil War	yes	civil war in Cambodia between 1967 and 1975	1967-03
Cambodian campaign	yes	1970 incursion into eastern Cambodia by US and South Vietnamese forces	1970-04
Cameron Highlands	no	district in Malaysia	
Campaign for Nuclear Disarmament	yes	British organisation advocating unilateral nuclear disarmament	
Campeonato Brasileiro Série A	yes	association football league in Brazil	
Canadian Army	no	land component of the Canadian Armed Forces	
Canadian Centennial	yes	100th anniversary of the Canadian Confederation in 1967	
Canadian Confederation	yes	process by which the British colonies of Canada, Nova Scotia, and New Brunswick were united into one Dominion of Canada on July 1, 1867	
Canadian Football League	yes	professional Canadian football league	
Canadian Pacific Air Lines Flight 402	yes	aviation accident	1966-03
Canadian Red Ensign	no	flag	
Candlestick Park	no	former stadium in San Francisco, California	
Canopus (nuclear test)	yes	French nuclear test, #30	1968-08
Cantata	no	vocal composition with an instrumental accompaniment	
Cape Canaveral	no	cape on the Atlantic coast of Florida in the United States	
Cape Cod	no	peninsula in Massachusetts, United States	
Cape Coloureds	no	ethnic group in South Africa	
Cape Town	no	city in the Western Cape, South Africa	
Caracas	no	capital and largest city of Venezuela	
Carbon monoxide poisoning	no	toxicity due to exposure to carbon monoxide	
Caribbean	no	region to the center-east of America composed of many islands / coastal regions surrounding the Caribbean Sea	
Caribbean Free Trade Association	no	English speaking economic trade organization	
Carl Brashear	no	U.S. Navy diver (1931–2006)	
Carl Stokes	no	first African-American mayor of Cleveland	
Carlisle railway station	no	railway station in Carlisle, Cumbria, England, UK	
Carnegie Hall	no	performing arts building in New York City	
Carol Cox	no	American drag racer	
Carswell Air Force Base	no	airbase	
Catherine of Siena	no	Italian Dominican saint (1347-1380)	
Catholic Church	no	largest Christian Church, made up of 24 autonomous Churches in communion with the Pope, part of the Latin Church aka Latin Christianity a.k.a. western Christianity	
Catholic Worker Movement	yes	autonomous communities of Catholics and their associates	
Catonsville Nine	yes	civil disobedience	
Catonsville, Maryland	no	census-designated place in Baltimore County, Maryland, United States	
Celtic F.C.	no	association football club in Glasgow, Scotland	
Central African Republic	no	country in Central Africa	
Central American Integration System	no	economic and political organization of Central American states	
Central Highlands (Vietnam)	no	Former mountainous region of Vietnam	
Central Intelligence Agency	no	national foreign intelligence agency of the United States	
Central Time Zone	no	time zone observing UTC−06:00 during standard time and UTC−05:00 during daylight saving time	
Centre for International Intellectual Property Studies	no	international Centre, Intellectual Property Studies, (1963)	
Century 21 Exposition	yes	world's fair held in Seattle, Washington, USA in 1962	
Cessna 310	no	touring aircraft family	
Cevdet Sunay	no	5th President of the Republic of Turkey (1899–1982)	
Chad	no	sovereign state in central Africa	
Chamber of Deputies (Italy)	no	lower house of the Italian Parliament	
Chancellor of Germany	no	offices held over time by the head of government of Germany	
Chappaquiddick Island	no	island of Martha's Vineyard in Dukes County, Massachusetts, United States	
Chappaquiddick incident	yes	car accident in 1969 on Chappaquiddick Island	1969-07
Character encoding	no	system using a prescribed set of digital values to represent textual characters	
Charge-coupled device	no	device for the movement of electrical charge	
Charles Haughey	no	7th Taoiseach from 1979 to 1981; 1982; 1987 to 1992	
Charles Manson	no	American criminal and cult leader (1934–2017)	
Charles Whitman	no	American mass murderer and spree killer; perpetrator of the University of Texas Tower shooting (1941–1966)	
Charles de Gaulle	no	French general and statesman (1890–1970)	
Charleston, South Carolina	no	largest city in the U.S. state of South Carolina	
Charlie, the Lonesome Cougar	no	1967 film by Winston Hibler, Rex Allen	
Che Guevara	no	Argentine Marxist revolutionary (1928–1967)	
Cheshire	no	ceremonial county in England, United Kingdom	
Chester Crown Court	no	Grade I listed building in Chester, United Kingdom	
Cheviot Beach	no	beach in Victoria, Australia	
Chicago	no	city and county seat of Cook County, and largest city in State of Illinois, United States of America	
Chicago Seven	no	protestors opposed to the Vietnam War	
Chile	no	country in South America and Oceania, with a claim in Antarctica	
Chim Chim Cher-ee	no	song from the 1964 Mary Poppins musical motion picture	
Chimurenga	yes	MATABELE WAR	
China	no	country in East Asia	
China Radio International	yes	international service of China	
Chinese Communist Party	no	founding and ruling party of the People's Republic of China	
Chloroacetone	no	chemical compound	
Cholera	no	bacterial infection of the small intestine	
Christiaan Barnard	no	South African cardiac surgeon	
Christian Democratic Party (Chile)	no	political party in Chile	
Christmas	yes	holiday originating in Christianity, usually December 25	
Christmas flood of 1964	yes	Major flood in the United States	
Christophe Soglo	no	Beninese politician (1909-1983)	
Christopher Mayhew	no	British politician (1915-1997)	
Chu Lai	no	economic zone in Vietnam	
Chuck Yeager	no	American World War II flying ace and test pilot; first pilot to fly faster than sound (1923–2020)	
Citizenship	no	enjoyment by a citizen of civil and political rights of a polity, as well as incurring of duties	
Citroën	no	French automotive manufacturer	
Citroën SM	no	high-performance coupé produced by Citroën	
Civil Rights Act of 1964	yes	landmark U.S. civil rights and labor law	1964-07
Civil and political rights	no	rights preventing the infringement of personal freedom by other social actors	
Civil rights movement	yes	1954–1968 U.S. nonviolent social movement	
Classical planet	no	seven non-fixed astronomical objects in the sky visible to the naked eye: Mars, Jupiter, Venus, Saturn, Mercury, the Sun, and the Moon	
Clear-air turbulence	yes	turbulence without visual cues	
Clement of Ohrid	no	medieval Bulgarian scholar	
Cleveland	no	city in and county seat of Cuyahoga County, Ohio, United States	
Cliff Richard	no	British singer (born 1940)	
Club Cinq-Sept fire	yes	deadly fire in night club	1970-11
Co-princes of Andorra	no	joint heads of state of the Principality of Andorra	
Coal mining	no	process of getting coal out of the ground	
Coalition government	no	government consisting of two or more parties	
Codex Madrid (Leonardo)	no	manuscript book by Leonardo da Vinci	
Cold War	yes	1947–1991 tension between the Soviet Union and the United States and their respective allies	
College football	no	college version of American/Canadian gridiron football	
Cologne	no	most populous city in North Rhine-Westphalia, Germany	
Cologne school massacre	yes	June 1964 school massacre in Cologne, North Rhine-Westphalia, West Germany	1964-06
Colombia	no	country in South America	
Colombian conflict	yes	low-intensity asymmetric war, beginning in 1960,	1964-05
Colonial Office	no	UK former government ministry	
Color television	no	television transmission technology	
Colorado	no	state of the United States of America	
Columbia University	no	private university in New York City, New York, US	
Columbia, Maryland	no	planned community in Howard County, Maryland, United States	
Comet Ikeya–Seki	no	sungrazing comet first observed in 1965	
Commencement speech	no	speech given to graduating students	
Commonwealth Immigrants Act 1962	yes	Public General Act of Parliament of the United Kingdom	
Commonwealth Immigrants Act 1968	yes	Public General Act of Parliament of the United Kingdom	
Commonwealth of Nations	no	political association of mostly former British Empire territories	
Communications satellite	no	artificial satellite designed for telecommunications	
Communism	no	political and socioeconomic ideology	
Communist Party of Czechoslovakia	no	political party in former Czechoslovakia	
Communist Party of Indonesia	no	former Indonesian political party	
Communist Party of Nicaragua	no	political party	
Communist insurgency in Malaysia (1968–1989)	yes	armed conflict in Malaysia from 1968 to 1989	1989-12
Communist state	no	state that is administered and governed by a single communist party	
Computer	no	general-purpose device for performing arithmetic or logical operations	
Computer mouse	no	hand-held device used to move a pointer on a computer display	
Conakry	no	capital of Guinea	
Concorde	no	British-French supersonic airliner (1969–2003)	
Confolens	no	commune in Département Charente, France	
Congratulations (Cliff Richard song)	no	song written by Bill Martin and Phil Coulter, originally performed by Cliff Richard at the 1968 Eurovision Song Contest	
Congress of Colombia	no	parliament	
Congress of Racial Equality	no	United States civil rights organization	
Conscription	yes	compulsory enlistment into national or military service	
Conservative Party (UK)	no	centre-right to right-wing political party in the United Kingdom	
Constantine II of Greece	no	King of Greece from 1964 to 1973 (1940–2023)	
Constitution	no	set of fundamental principles or established precedents according to which a state or other organization is governed	
Constitution of Monaco	yes	Constitution of the Principality of Monaco	
Continental Airlines Flight 11	yes	1962 airliner bombing	1962-05
Conversations with Stalin	no	memoir by Milovan Djilas	
Copenhagen	no	capital and largest city of Denmark	
Cordobazo	yes	1969 civil uprising in the city of Cordoba against the military dictatorship of General Juan Carlos Ongania	1969-05
Coretta Scott King	no	American author, activist, and civil rights leader; wife of Martin Luther King, Jr.	
Cork Airport	no	international airport serving Cork City, Ireland	
Cornwall	no	historic county of England and Celtic nation	
Coronation of Mohammad Reza Pahlavi	yes	1967 coronation of the Shah and queen of Iran	1967-10
Corporation for Public Broadcasting	no	non-profit corporation created by an act of the United States Congress and funded by the United States federal government to promote public broadcasting	
Corsica	no	French single territorial collectivity and island in the Mediterranean Sea	
Corteva Coliseum	no	indoor arena in Indianapolis, Indiana, U.S.	
Costa Rica	no	country in Central America	
Coup d'état	no	act in which a segment of the military or government elites uses force to illegally and overtly overthrow an incumbent government in an attempt to seize state power	
Coventry Cathedral	no	cathedral in Coventry, England, UK	
Cowboy Copas	no	American musician (1913–1963)	
Craig Breedlove	no	American racing driver (1937–2023)	
Crete	no	island of Greece	
Criticality accident	no	uncontrolled nuclear fission chain reaction	
Crown colony	no	colonies controlled by the British Empire	
Crown prince	no	male heir apparent to a throne	
Cruiser	no	type of large warship	
Cryoprecipitate	no	blood product prepared from blood plasma	
Cuba	no	sovereign state situated on an island in the Caribbean Sea	
Cuban Adjustment Act	yes	1966 American law	
Cuban Missile Crisis	yes	October 1962 confrontation between the Soviet Union, Cuba and the United States	1962-10
Cuban exile	no	person who emigrated from Cuba in the Cuban exodus	
Cubans	no	citizens or residents of Cuba	
Cultural Revolution	yes	1966–1976 Maoist sociopolitical movement in China	1966-05
Curaçao	no	island state in the Caribbean, part of the Kingdom of the Netherlands	
Curfew	no	ban on entering public areas such as streets or squares at certain times	
Cuxhaven	no	district town of the Lower Saxony district of Cuxhaven, Germany	
Cypriot National Guard	no	armed forces and government department of Cyprus	
Cyprus	no	country in the Mediterranean Sea	
Cyprus Emergency	yes	1955-1959 military conflict in British Cyprus	1955-04
Czechoslovakia	no	country in Central Europe (1918–1992)	
Czechoslovakia national football team	no	former men's national association football team representing Czechoslovakia	
Córdoba, Argentina	no	city in Argentina, capital of its province	
D'Oliveira affair	yes	1968–1969 cricketing controversy	
DZKB-TV	no	television station in Metro Manila, Philippines	
Da Nang	no	Municipality of Vietnam	
Dagen H	yes	Day in Sweden when the change from left-hand traffic to right-hand traffic occurred	1967-09
Daily Herald (United Kingdom)	no	British daily newspaper	
Dallas	no	city in the state of Texas, United States	
Dam	no	barrier that impounds water or underground streams	
Dan-Air Flight 1903	yes	1970 aviation accident	1970-07
Dana Rosemary Scallon	no	Northern Irish singer and politician	
Danish Cup	yes	Danish national association football cup	
Danish Superliga	yes	Danish association football top league	
Davao Oriental	no	province of the Philippines	
Davao del Norte	no	Province of the Philippines	
Davao del Sur	no	province of the Philippines	
David Ben-Gurion	no	Israeli politician, Zionist leader, prime minister of Israel (1948–1953, 1955–1963) - (born1886–1973)	
David Dacko	no	former President of the Central African Republic (1960–1966) and (1979-1981), lived (1930–2003)	
David Fairbairn (politician)	no	Australian politician	
David Frost	no	British television host, journalist, comedian and writer (1939–2013)	
David Halberstam	no	American writer, journalist, historian (1934–2007)	
David Lean	no	British filmmaker and editor (1908–1991)	
David Scott	no	American engineer, retired U.S. Air Force officer, former test pilot, and former NASA astronaut (born 1932)	
Dawson's Field hijackings	yes	aircraft hijackings	1970-09
Dawson, Texas	no	town in Navarro County, Texas, United States	
Daylight saving time	no	seasonal adjustment of clocks	
Days of Rage	yes	series of demonstrations	
Daytona Beach, Florida	no	city in Volusia County, Florida, United States	
De Havilland Comet	no	1949 airliner family	
De-satellization of the Socialist Republic of Romania	yes	release of Romania from its Soviet satellite status	
Dean Rusk	no	United States Secretary of State (1909-1994)	
Death and state funeral of Winston Churchill	yes	1965 State Funeral of British Prime Minister	1965-01
Death of Hsu Tsu-tsai	yes	death of a defecting Chinese engineer which caused an international incident	1966-07
Death of Jimi Hendrix	yes	1970 death of American musician	
Death of Marilyn Monroe	yes	death of American actress	1962-08
Deception Island	no	Antarctic island	
Decimal Day	yes	day in 1971 when the United Kingdom and Ireland decimalized their currencies	1971-02
Decimalisation	no	process of converting a currency from a non-decimal denominations to a decimal system	
Declaration of Honolulu, 1966	yes		1966-02
Decomposition	no	breaking down of living matter	
Democratic Labor Party (Australia, 1955)	no	former political party in Australia (1955-1978)	
Democratic National Convention	yes	series of presidential nominating conventions held every four years since 1832 by the United States Democratic Party	
Democratic Party (United States)	no	American political party	
Democratic Republic of the Congo	no	country in Central Africa	
Denis Michael Rohan	no	Australian criminal	
Denton Cooley	no	American heart surgeon (1920–2016)	
Deputy Prime Minister of Malaysia	no	second highest political office in Malaysia	
Der Spiegel	no	German weekly news magazine based in Hamburg	1947-01
Derek Forster	no	English footballer (1949-2024)	
Detroit	no	city in and county seat of Wayne County, and largest city in State of Michigan, United States	
Detroit Red Wings	no	hockey team of the National Hockey League	
Detroit Tigers	no	baseball team and Major League Baseball franchise in Detroit, Michigan, United States of America	
Deutsche Mark	yes	currency in Germany from 1948 to 2002	1948-06
Dhanbad	no	City of Jharkhand, India	
Dhanushkodi	no	abandoned town in Tamil Nadu, India	
Diabolik	no	fictional character	
Diamant	no	French expendable satellite launcher	
Dimitri Tsafendas	no	Assassin of South African Prime Minister Hendrik Verwoerd (1918–1999)	
Diocese of Urgell	no	diocese of the Catholic Church in Spain and Andorra	
Diplomacy	no	art and practice of conducting negotiations between representatives of groups or states	
Direct effect of European Union law	no	principle in European Union law	
Direct election	no	election in which people vote directly for the person that they want elected to a political position	
Disappearance of Harold Holt	yes	disappearance of Australian Prime Minister Harold Holt off the coast of Portsea, Victoria	1967-12
Disappearance of the Beaumont children	yes	Disappearance of three children in 1966	1966-01
Disfranchisement	no	revocation of the right of suffrage	
Disneyland	no	American theme park in California owned by The Walt Disney Company	
Division Street riots	yes	June 12–14, Chicago, IL	1966-06
Djibouti	no	sovereign state in Africa	
Doctor Who	no	British science fiction television series	1963-11
Doctor of the Church	no	title given by the Catholic Church	
Dominican Civil War	yes	1965 civil war in the Dominican Republic	1965-04
Dominican Republic	no	island sovereign state in the Caribbean Sea	
Donald Sangster	no	Jamaican politician (1911-1967)	
Dong Fang Hong 1	no	first satellite launched by China	1970-04
Donn F. Eisele	no	American astronaut (1930–1987)	
Double Seven Day scuffle	yes	1963 altercation between police and journalists in Saigon, South Vietnam	1963-07
Double agent	no	type of special intelligence service	
Douglas Aircraft Company	no	1921-1967 aerospace manufacturer in the United States	
Douglas DC-8	no	airliner family	
Douglas Engelbart	no	American engineer and inventor (1925–2013)	
Dow Chemical Company	no	American chemical company	
Down to the Countryside Movement	yes	exile of Chinese urban youth to the countryside during the Cultural Revolution	
Draft-card burning	yes	protest	
Dublin	no	capital and largest city of Ireland	
Dugway Proving Ground	no	US Army facility in Tooele County, Utah, United States	
Dulles International Airport	no	airport in Dulles, Virginia serving the Washington Metropolitan Area in the United States	
Dulwich Picture Gallery	no	art gallery in Dulwich, South London, United Kingdom	
Durban	no	city in KwaZulu-Natal, South Africa	
Dwight D. Eisenhower	no	president of the United States from 1953 to 1961 (1890–1969)	
Dương Văn Minh	no	South Vietnamese commander (1916-2001)	
E. Lee Spence	no	German anthropologist, photographer, archaeologist, historian, photojournalist and academic	
EFL Cup	yes	English association football competition	
EPCOT (concept)	no	unrealized utopian city concept by Walt Disney that was used as a basis for the Epcot theme park	
ETA (separatist group)	no	former armed Basque terrorist and separatist group (1959–2018)	
Early life and military career of John McCain	yes	Events in the life of McCain, 1936–1981	
Earth	no	third planet from the Sun in the Solar System	
Earth Day	yes	annual event on April 22	
Earthrise	no	photograph of the Earth taken by astronaut Bill Anders during the Apollo 8 mission	
Easington, East Riding of Yorkshire	no	village and civil parish in East Riding of Yorkshire, England, UK	
East Germany	no	1949–1990 country in central Europe, unified into modern Germany	
East Jerusalem	no	Eastern part of Jerusalem, in dispute between Israel and the Palestinian Arabs since 1967	
East Pakistan	no	former non-contiguous province of Pakistan	
Easter Rising	yes	armed insurrection in Ireland during Easter Week, 1916	1916-04
Ecliptic	yes	apparent path of the Sun on the celestial sphere	
Economic sanctions	no	financial penalty applied by nations to persons, nations or companies to affect political change	
Ecumenical council	yes	conference of ecclesiastical dignitaries and theological experts convened to discuss and settle matters of Church doctrine and practice	
Ed White (astronaut)	no	American astronaut (1930-1967)	
Eddie Adams (photographer)	no	American photographer (1933–2004)	
Eddy Merckx	no	Belgian cyclist (born 1945)	
Edmond Jouhaud	no	French general (1905-1995)	
Edmund Muskie	no	American politician (1914–1996)	
Edson Luís de Lima Souto	no	Brazilian student (1950-1968)	
Edward Heath	no	Prime Minister of the United Kingdom from 1970 to 1974 (1916–2005)	
Edward Villella	no	American ballet dancer (born 1936)	
Egypt	no	country in Northeast Africa and Southwest Asia	
Egyptian Air Force	no	aerial warfare branch of Egypt's armed forces	
Egypt–United States relations	yes	diplomatic relations between the Arab Republic of Egypt and the United States of America	
Eilat	no	city in Israel	
Eisaku Satō	no	Prime Minister of Japan from 1964 to 1972	
Ekembo nyanzae	no	extinct species of primates	
El Salvador	no	sovereign state in Central America	
Elektron (satellite program)	no	satellite	1964-01
Elizabeth II	no	Queen of the United Kingdom from 1952 to 2022 (1926–2022)	
Elkton, Maryland	no	town in and seat of Cecil County, Maryland, United States	
Elvis Presley	no	American singer and actor (1935–1977)	
Embassy of the United States, London	no	diplomatic mission of the United States of America in the United Kingdom	
Embassy of the United States, Saigon	no		
Emmanuel Bodjollé	no	Togolese politician	
Emperor of Japan	no	head of state of Japan	
Empire Stadium (Vancouver)	no	former stadium in Vancouver, British Columbia, Canada	
Encyclical	no	circular letter sent to all the churches of a particular area	
Enfield, London	no	town and historic centre of the London Borough of Enfield, England	
Engel v. Vitale	yes	1962 United States Supreme Court case	
England national football team	no	men's national association football team representing England	
English Canada	no	English-speaking population, territory, culture, or society within Canada	
English Channel	no	arm of the Atlantic Ocean that separates southern England from northern France	
English Football League	yes	league competition featuring professional association football clubs from England and Wales	
Enoch Powell	no	British politician (1912–1998)	
Enragés	no	political faction during the French revolution	
Enrico Fermi Nuclear Generating Station	no	Nuclear power plant in Monroe County, Michigan	
Entebbe	no	city in Uganda	
Equal pay for equal work	no	concept of labor rights that individuals in the same workplace be given equal pay	
Equatorial Guinea	no	sovereign state in Central Africa	
Erfurt	no	capital city of the German federal state of Thuringia	
Eric Edgar Cooke	no	Australian serial killer (1931–1964)	
Eritrean Liberation Front	no	independence movement in Eritrea during the 1960s and 1970s	
Espionage	no	clandestine acquisition of confidential information	
Estadio Azteca	no	football stadium in Mexico City, Mexico	
Estadio Nacional disaster	yes	May 1964 disaster in Lima, Peru	1964-05
Eswatini	no	sovereign state in southern Africa	
Ethiopia	no	country in the Horn of Africa	
Eugene McCarthy	no	American politician (1916–2005)	
Europe	no	terrestrial continent located in north-western Eurasia	
European Champion Clubs' Cup	no	trophy awarded for winning the UEFA Champions League	
European Coal and Steel Community	no	international organisation serving to unify European countries peacefully after World War II	
European Communities	no	international organizations governed by the same set of institutions	
European Court of Justice	no	supreme court in the European Union, one of two constituent courts of the Court of Justice of the European Union	
European Economic Community	no	1958–2009 organisation for economic integration, under the EU from 1993	
European Political Co-operation	no	former intergovernmental body	
European Space Agency	no	European organisation dedicated to space exploration	
European Space Research Organisation	no	international organization predecessor of the current European Space Agency (ESA)	
Eurovision Song Contest 1962	yes	7th edition of the Eurovision Song Contest	1962-03
Eurovision Song Contest 1963	yes	8th edition of the Eurovision Song Contest	1963-03
Eurovision Song Contest 1964	yes	9th edition of the Eurovision Song Contest	1964-03
Eurovision Song Contest 1965	yes	10th edition of the Eurovision Song Contest	1965-03
Eurovision Song Contest 1966	yes	11th edition of the Eurovision Song Contest	1966-03
Eurovision Song Contest 1967	yes	12th edition of the Eurovision Song Contest	1967-04
Eurovision Song Contest 1968	yes	13th edition of the Eurovision Song Contest	1968-04
Eurovision Song Contest 1969	yes	14th edition of the Eurovision Song Contest	1969-03
Eurovision Song Contest 1970	yes	15th edition of the Eurovision Song Contest	
Eva Braun	no	photographer, longtime companion and later wife of Adolf Hitler (1912–1945)	
Evangelical Covenant Church	no	North American Christian denomination	
Evel Knievel	no	American stunt performer and artist (1938–2007)	
Everett, Washington	no	city in and county seat of Snohomish County, Washington, United States of America	
Everglades	no	flooded grassland in southern Florida, United States	
Excommunication	yes	censure used to deprive, suspend, or limit participation in a faith community	
Execution by firing squad	no	method of execution by multiple shooters firing rifles simultaneously on command	
Executive (government)	no	branch of the government that has sole authority and responsibility for the administration of the state	
Executive Order 11110	yes	Amendment of Executive Order No. 10289 of September 19, 1951, as Amended, Relating to the Performance of Certain Functions Affecting the Department of the Treasury	
Explorer 1	no	first satellite of the United States	1958-02
Explorer 32	no	former NASA research satellite	1966-05
Explorers Program	yes	United States space exploration program that provides flight opportunities for various investigations from space	
Expo '70	yes	1970 World's fair held in Osaka, Japan	1970-03
Expo 67	yes	International and Universal Exposition from April 27 to October 29, 1967, in Montreal, Quebec, Canada	
Extravehicular activity	no	activity done by an astronaut outside a spacecraft	
FIFA World Cup Trophy	no	award for victors for the FIFA World Cup	
FRELIMO	no	ruling party of Mozambique since 1977	
Fairland, Indiana	no	town in Shelby County, Indiana, United States	
Faisal of Saudi Arabia	no	King of Saudi Arabia from 1964 to 1975	
Falange Española de las JONS (1976)	no	Spanish political party founded in 1976	
Falls City, Nebraska	no	city in and county seat of Richardson County, Nebraska, United States	
Fangataufa	no	island in French Polynesia	
Far side of the Moon	no	hemisphere of the Moon that always faces away from Earth	
Farmington Mine disaster	yes	1968 coal mine explosion in West Virginia, US	1968-11
Federal Bureau of Investigation	no	U.S. federal law enforcement agency	
Federal government of the United States	no	national government of the United States	
Federation of Malaya	no	country that existed during British rule of Malaya and after independence, from 1948-1963	
Federation of Rhodesia and Nyasaland	no	colonial federation in southern Africa (1953–1963) comprising Southern Rhodesia, Northern Rhodesia, and Nyasaland; dissolved in 1963, leading to the independence of Malawi, Zambia and the continuation of Southern Rhodesia	
Ferdinand Marcos	no	President of the Philippines from 1965 to 1986	
Fermi 1	no	American breeder reactor	
Feyenoord	no	Dutch football club based in Rotterdam	
Fianna Fáil	no	Irish political party	
Fiat	no	Italian automotive company	
Fidel Castro	no	Cuban politician, author and revolutionary (1926–2016)	
Fifteen Guinea Special	yes	last British steam-hauled main-line passenger train	
Fiji	no	island sovereign state in Oceania	
Finnair	no	flag-carrier and largest airline of Finland	
First Amendment to the United States Constitution	yes	1805 amendment limiting government restriction of civil rights	
First Congolese Republic	no	former country (1960–1971) in Africa, predecessor of Zaire	
First Lady of the United States	no	wife of the President of the United States	
First Nigerian Republic	no	Governance in Nigeria	
Firth of Forth	no	estuary of Scotland's River Forth	
Fitchville, Ohio	no	human settlement in Ohio, United States of America	
Flag of Canada	no	national flag of Canada	
Flag of Vatican City	no	national flag of the Vatican City State and flag representing the Holy See	
Flamethrower	no	mechanical incendiary device designed to project a long controllable stream of fire	
Flash flood	no	rapid flooding of low-lying areas	
Fleet Air Arm	no	aviation and aerial warfare component of the Royal Navy, part of the British Armed Forces	
Flemington Racecourse	no	horse racing venue in Flemington, Melbourne, Victoria, Australia	
Flight attendant	no	position in an aircrew	
Flood	no	overflow of water that submerges land that is usually dry	
Florence	no	Italian city and commune, located in Tuscany	
Fluminense FC	no	sports club in Rio de Janeiro, Brazil best known for its professional association football team	
Flying Tiger Line Flight 739	yes	1962 aircraft disappearance	1962-03
Flying Tiger Line Flight 923	yes	1962 aviation accident	1962-09
Football War	yes	brief war between El Salvador and Honduras in 1969	1969-07
Ford Dagenham	no	Automotive factory	
Ford GT40	no	high-performance endurance racing car	
Ford sewing machinists strike of 1968	yes	Labor dispute in the United Kingdom	
Foreign Secretary (United Kingdom)	no	United Kingdom government cabinet minister heading the Foreign and Commonwealth Office	
Formula One	yes	motorsport championship held worldwide	
Formula Two	yes	race car class	
Fort Jay	no	coastal star fort in New York City	
Forth Road Bridge	no	bridge in east central Scotland	
Fourteenth Amendment to the United States Constitution	yes	1868 amendment addressing citizenship rights, civil and political liberties	
France	no	country in Western Europe and other continents (through its overseas territories in America, Africa and Oceania)	
France Gall	no	French singer	
Francis Gary Powers	no	American pilot shot down flying a U-2 spy plane over the Soviet Union (1929-1977)	
Francisco Franco	no	Spanish general and dictator (1892-1975)	
Frank Borman	no	American astronaut (1928–2023)	
Frankfurt	no	most populated city of Hesse, Germany	
Frankfurt Auschwitz trials	yes	war crimes trial	
Franz Josef Strauss	no	German politician (1915–1988)	
Franz Stangl	no	Austrian-born SS officer, commandant at first Sobibór extermination camp and then Treblinka extermination camp (1908-1971)	
Fred Haise	no	American astronaut	
Free Democratic Party	no	German political party	
Free Presbyterian Church of Ulster	no	Calvinist denomination founded by Ian Paisley in 1951	
Free Speech Movement	yes	1964–65 acts of civil disobedience by students of UC Berkeley, California	
Free and fair election	no	election which is free of coercion and fraud	
Freedom Summer	yes	1964 volunteer campaign in the Mississippi	1964-06
French Algeria	no	French colony in Northern Africa from 1830 to 1962	
French Alps	no	part of the Alps mountain range in France	
French Forces in Germany	no	French occupation troops in Germany during the XXth century	
French Foreign Legion	no	Corps of the French Army, which is partly made up of foreign nationals	1831-03
French Polynesia	no	French overseas country in the southern Pacific Ocean	
French Somaliland	no	former French colony in the Horn of Africa	
French submarine Eurydice (S644)	no	French submarine	
French submarine Minerve (S647)	no	1962 Daphné-class submarine	
French submarine Redoutable (S611)	no	1967 Redoutable-class submarine	
Front de libération du Québec	no	separatist militant organization active in Quebec from 1963 to 1971	
Fuck	yes	English-language profanity	
Fuel cell	no	electrochemical cell that converts chemical energy into electricity by oxidizing a fuel	
Fuji Television	no	Japanese television station in Tokyo	
Fujita scale	yes	scale for rating tornado intensity	
Fukuoka	no	capital city of Fukuoka prefecture, Japan	
Fulbert Youlou	no	President of the Republic of the Congo (1917-1972)	
Futures contract	yes	standardized legal agreement to buy or sell something (usually a commodity or financial instrument) at a predetermined price (“forward price”) at a specified time (“delivery date”) in the future	
GK Međimurje	no		
GO Transit	yes	Ontario regional public transport agency	
Gamal Abdel Nasser	no	President of Egypt from 1956 to 1970	
Ganges Delta	no	river delta	
Gary Gabelich	no	American racing driver (1940–1984)	
Gatwick Airport	no	international airport in West Sussex, England	
Gaylord Nelson	no	American politician (1916–2005)	
Gemini 1	yes	first uncrewed test flight of the Gemini spacecraft in NASA's Gemini program	1964-04
Gemini 10	yes	1966 crewed spaceflight in NASA's Gemini program	1966-07
Gemini 11	yes	ninth crewed spaceflight mission of NASA's Project Gemini	1966-09
Gemini 12	yes	1966 crewed spaceflight in NASA's Project Gemini	1966-11
Gemini 3	yes	1965 American crewed space mission	1965-03
Gemini 4	yes	second crewed space flight in NASA's Project Gemini	1965-06
Gemini 5	yes	human spaceflight	1965-08
Gemini 6A	yes	1965 crewed United States spaceflight in NASA's Gemini program	1965-12
Gemini 7	yes	1965 crewed spaceflight in NASA's Gemini program	1965-12
Gemini 8	yes	sixth crewed spaceflight in NASA's Gemini program	1966-03
Gemini 9A	yes	crewed spaceflight in NASA's Gemini program	1966-06
Gemstone	no	piece of mineral used to make jewelry	
Gene Cernan	no	NASA astronaut, Naval aviator, aeronautical engineer, electrical engineer, fighter pilot, eleventh human to walk on the Moon (Apollo 10 and Apollo 17)	
General Dynamics F-111 Aardvark	no	attack aircraft family	
General Roman Calendar	yes	Liturgical calendar of Saints' Days for the ordinary form of the Roman Rite (Roman Catholic Church)	
General strike	no	strike action in which a substantial proportion of the total labour force in a city, region, or country participates	
Geneva	no	capital of the canton of Geneva, Switzerland	
Geneva International Motor Show	yes	annual Swiss auto show	
Geocentric orbit	no	orbit around Earth	
George Brown, Baron George-Brown	no	British politician (1914-1985)	
George Wallace	no	45th Governor of Alabama (1919–1998)	
Georges Pompidou	no	President of France from 1969 to 1974	
Georgia House of Representatives	no	lower house of the Georgia General Assembly	
Georgios Grivas	no	Cypriot general (1897–1974)	
Georgios Papadopoulos	no	dictator of Greece from 1967 to 1973 (1919–1999)	
Georgios Papandreou	no	Prime minister of Greece (1888–1968)	
Georgy Malenkov	no	Soviet politician (1902–1988)	
Geostationary orbit	no	geosynchronous orbit with zero eccentricity at a fixed longitude and a nominally fixed latitude; common orbit for communications satellites	
Geosynchronous orbit	no	orbit with a period matching Earth's orbit at a fixed longitude but not necessarily a fixed latitude	
Gerald Brooke	no	British teacher	
Gerhard Zucker	no	German businessman and rocket engineer (1908–1985)	
German reunification	yes	process in 1990 in which the German Democratic Republic became part of the Federal Republic of Germany	1989-11;1991-03
Germany national football team	no	German men's national association football team	
Ghana	no	country in West Africa	
Gheorghe Pintilie	no	Russian-born Romanian communist activist and intelligence officer	
Gibraltar	no	British overseas territory on the southern end of the Iberian Peninsula	
Gibraltar–Spain border	no	international border	
Gigliola Cinquetti	no	Italian singer (1947-)	
Giuseppe Saragat	no	5th President of Italy (1898-1988)	
Give Peace a Chance	no	song written and composed by John Lennon and Paul McCartney, originally recorded by Plastic Ono Band and released in 1969	
Glasgow	no	city in Scotland, United Kingdom	
Glasnost meeting	yes	1965 Soviet civil rights protest	1965-12
Glassboro Summit Conference	no		
Glassboro, New Jersey	no	borough in Gloucester County, New Jersey, United States	
Glenelg, South Australia	no	suburb of Adelaide, South Australia	
Glenville shootout	yes	Gunfight in Cleveland, Ohio	
Gnassingbé Eyadéma	no	President of Togo from 1967 to 2005	
Godzilla (franchise)	no	multi-media franchise featuring the monster Godzilla	
Goebbels children	no	children of Nazi official Joseph Goebbels and his wife Magda	
Gold reserve	no	financial concept	
Gold standard	no	monetary system based on the value of gold	
Golda Meir	no	Prime Minister of Israel from 1969 to 1974	
Golden Age Nursing Home fire	yes		
Good Friday	yes	Christian holiday	
Gordon Cooper	no	American astronaut (1927–2004)	
Gorton government	no	government of Australian prime minister John Gorton	
Gough Whitlam	no	Australian politician, 21st Prime Minister of Australia (1916–2014)	
Government of Ireland	no	cabinet that exercises executive authority in Ireland	
Governor of California	no	head of the state and government of California	
Governor of Puerto Rico	no	head of government of the U.S. commonwealth of Puerto Rico	
Governor of Texas	no	head of state and of government of the U.S. state of Texas	
Gran Canaria	no	One of the main islands of the Canary archipelago	
Great Train Robbery (1963)	yes	robbery of a Royal Mail train heading between Glasgow and London	1963-08
Great conjunction	no	conjunction of planets Jupiter and Saturn	
Greek Cypriots	no	ethnic Greek population of Cyprus	
Greek junta	yes	military rulers of Greece (1967–1974)	1967-04
Grenelle agreements	yes	1968 French government Labor agreement	1968-05
Grenoble	no	commune in Isère, France	
Greville Wynne	no	British spy (1919–1990)	
Groote Schuur Hospital	no	hospital in Cape Town, South Africa	
Grosvenor Square	no	square in the Mayfair district of London, England, UK	
Grumman F-14 Tomcat	no	fighter aircraft family by the Grumman Corporation	
Guadeloupe	no	overseas region and department of France, and archipelago in the Caribbean	
Guam	no	unincorporated territory of the United States of America	
Gudrun Ensslin	no	German far-left militant (1940–1977)	
Guerrero	no	state in Mexico	
Guerrilla warfare	no	form of irregular warfare	
Guess Who's Coming to Dinner	no	1967 film by Stanley Kramer	
Guinea	no	sovereign state in West Africa	
Gulf of Tonkin	no	body of water located off the coast of northern Vietnam and southern China, northern arm of the South China Sea	
Gulf of Tonkin Resolution	yes	foundation of the Vietnam War	1964-08
Gus Grissom	no	American astronaut (1926–1967)	
Gustavo Díaz Ordaz	no	56th President of Mexico	
Guyana	no	country in South America	
Gwynfor Evans	no	Welsh politician (1912-2005)	
H. L. Hunley	no	submarine of the Confederate States of America (1863/1864)	
HIV/AIDS	yes	spectrum of conditions caused by HIV infection	
HMAS Melbourne (R21)	no	1945 Majestic-class aircraft carrier	
HMAS Sydney (R17)	no	1944 Majestic-class aircraft carrier	
HMS Renown (S26)	no	1967 Resolution-class ballistic missile submarine	
HMS Zealous (R39)	no	1944 W and Z-class destroyer	
Haemophilia	yes	human genetic disease that impairs the body's ability to make blood clots, a process needed to stop bleeding	
Hafez al-Assad	no	President of Syria from 1971 to 2000	
Haifa	no	third-largest city in Israel	
Haight-Ashbury	no	district of San Francisco, California, named for the intersection of Haight and Ashbury streets	
Haile Selassie	no	Emperor of Ethiopia from 1930 to 1974	
Haiphong	no	Centrally-governed city in Vietnam	
Haiti	no	country in the Caribbean Sea	
Hamburg	no	city and state in the North of Germany	
Hammaguir	no	Algerian village and French rocket launch site during 1950-1960	
Hammer DeRoburt	no	President of Nauru (1922-1992)	
Haneda Airport	no	international airport serving Tokyo, Japan	
Hanoi	no	capital of Vietnam	
Harald Szeemann	no	Swiss artist, curator and art historian (1933–2005)	
Harald V	no	King of Norway from 1991 to 2026 (1937–2026)	
Harlem	no	neighborhood in Manhattan, New York City, New York, United States	
Harlem riot of 1964	yes	1964 riot in Harlem, New York, in response to a police shooting	1964-07
Harmelen train disaster	yes	train wreck	1962-01
Harold Holt	no	Australian politician, 17th Prime Minister of Australia (1908-1967)	
Harold Macmillan	no	Prime Minister of the United Kingdom from 1957 to 1963	
Harold Wilson	no	Prime Minister of the United Kingdom from 1964-1970 and 1974-1976 (1916–1995)	
Harry Belafonte	no	American singer, actor and civil rights activist (1927–2023)	
Hassan II	no	King of Morocco from 1961 to 1999	
Hassanal Bolkiah	no	Sultan of Brunei since 1967	
Hattersley	no	village and housing estate in Greater Manchester, England, UK	
Hattiesburg, Mississippi	no	city in Lamar County and Forrest County, Mississippi, United States; county seat of Forrest County, Mississippi	
Havana	no	capital and largest city of Cuba	
Hawaii	no	state of the United States of America	
Hawkshaw Hawkins	no	American musician (1921-1963)	
Head of government	no	chief officer of the executive branch of a government	
Headquarters of the United Nations	no	group of buildings in New York City	
Heart of Atlanta Motel, Inc. v. United States	yes	United States Supreme Court case	
Heidi (1968 film)	no	1968 film directed by Delbert Mann	1968-11
Heidi Game	yes	1968 American Football League game played between Oakland Raiders and New York Jets	1968-11
Hello, Goodbye	no	original song written and composed by Lennon-McCartney; first recorded by The Beatles	
Hells Angels	no	outlaw motorcycle club	
Helsinki	no	capital and most populous city of Finland	
Hendersonville, North Carolina	no	county seat of Henderson County, North Carolina, United States	
Hendrik Verwoerd	no	Prime Minister of South Africa from 1958 until his assassination in 1966	
Henry Kissinger	no	American diplomat and geopolitical advisor, served as U.S. Secretary of State from 1973 to 1977 (1923–2023)	
Hida River	no	river in Japan	
High-speed rail	no	type of rail network utilizing trains that run significantly faster than those of traditional rail	
Hippie	no	person associated with 1960s counterculture	
Hispaniola	no	island in the Caribbean	
History of Milton Keynes	no	aspect of history	
Ho Chi Minh	no	Vietnamese communist leader, founder of North Vietnam (1890–1969)	
Ho Chi Minh City	no	largest city in Vietnam	
Ho Chi Minh trail	no	logistical network of roads and trails in Vietnam	
Hockenheimring	no	German motor racing circuit	
Holiday on Ice	yes	ice show	
Hollywood, Florida	no	city in southern Broward County, Florida, United States	
Holt government	no	Government of Australia, 1966–67	
Holy See	no	jurisdiction of the Bishop of Rome and the sovereign entity presiding over Vatican City	
Homi J. Bhabha	no	Indian nuclear physicist (1909–1966)	
Homosexuality	no	romantic or sexual attraction or behavior between members of the same sex	
Honduras	no	sovereign state in Central America	
Honolulu	no	capital city of the U.S. state of Hawaii and seat of Honolulu County	
Hoop rolling	yes	sport and a child's game	
Hostage	no	person/entity held by a belligerent party to another or seized for carrying out agreement	
Hot Wheels	no	brand of scale model cars	
Houari Boumédiène	no	Head of State of Algeria from 1965 to 1978	
House of Lords	no	upper house in the Parliament of the United Kingdom	
Housing estate	no	group of homes and other buildings built together as a single development	
Houston	no	seat of Harris County, and largest city in State of Texas, United States	
Hovercraft	no	vehicle capable of movement within ground effect at speed or stationary over all surfaces without contact	
How the Grinch Stole Christmas! (TV special)	no	1966 American animated television special based on the book by Dr. Seuss directed by Chuck Jones and Ben Washam	
Howard University	no	university in Washington D.C.	
Howick, South Africa	no	town in KwaZulu-Natal, South Africa	
Hubert Humphrey	no	vice president of the United States from 1965 to 1969	
Huey P. Newton	no	Co-founder of the Black Panther Party (1942-1989)	
Humanae vitae	yes	encyclical	
Humberto Delgado	no	Portuguese politician (1906-1965)	
Humberto de Alencar Castelo Branco	no	Brazilian military leader and politician; former President of Brazil (1900-1967)	
Hungary	no	country in Central Europe	
Hungry generation	yes	1960s literary movement in the Bengali language	
Hurricane Camille	yes	Category 5 Atlantic hurricane in 1969	1969-08
Hurricane Creek mine disaster	yes	1970 mining accident in Hyden, Kentucky	
Hurricane Flora	yes	Category 4 Atlantic hurricane in 1963	1963-09
Hurricane Inez	yes	Category 4 Atlantic hurricane in 1966	1966-09
Hussein of Jordan	no	King of Jordan from 1952 to 1999	
Huế	no	municipality of Vietnam	
Huế Phật Đản shootings	no	1963 shootings of Buddhist civilians in South Vietnam	1963-05
Huế chemical attacks	yes	1963 tear gas attack in Vietnam	1963-06
Hyde, Greater Manchester	no	town in the Metropolitan Borough of Tameside, Greater Manchester, England	
Hyden, Kentucky	no	human settlement in Leslie County, Kentucky, United States of America	
Hypercapnia	no	abnormally high tissue carbon dioxide levels	
Hypertext	no	text displayed on a computer display or other electronic devices with references (hyperlinks) to other text which the reader can immediately access	
Hyundai Motor Company	no	South Korean multinational automaker	
Hà My massacre	yes	massacre of Vietnamese citizens of Ha My village, in 1968	1968-02
I Have a Dream	yes	1963 speech delivered by Martin Luther King Jr. in Washington D.C. to 250.000 people of the civil rights movement, regarded as one of the most important speeches in US history	1963-08
ITV (TV network)	no	TV network in the United Kingdom	
Ia Drang River	no	river in Vietnam	
Ian Paisley	no	politician and former church minister (1926-2014)	
Ian Smith	no	Prime Minister of Rhodesia (1919–2007)	
Iceland	no	Nordic island country in the North Atlantic Ocean	
Ich bin ein Berliner	yes	speech given by John F. Kennedy in West Berlin in June 1963	1963-06
Ichirō Ozawa	no	Japanese politician (born 1942)	
Idris of Libya	no	King of Libya from 1951 to 1969	
Ifni	no	former Spanish colonial province in Morocco	
Illinois National Guard	no	component of the US National Guard of the state of Illinois	
Iloilo City Proper	no	district of Iloilo City, Philippines	
Ilse Koch	no	German war criminal, wife of camp commandant Karl-Otto Koch (1906–1967)	
Immigration	yes	movement of people into another country or region to which they are not native	
In Ekker series, French nuclear tests	no	Wikimedia list article	
Independence	no	condition of a nation, country, or state which exercises self-government, and usually sovereignty, over the territory	
Index Librorum Prohibitorum	no	list of publications prohibited by the Catholic Church from 1559 to 14 June 1966	
India	no	country in South Asia	
Indianapolis	no	capital city of the U.S. state of Indiana and seat of Marion County	
Indianapolis 500	yes	auto race held in Speedway, Indiana, US	
India–Pakistan war of 1965	yes	1965 war over Kashmir	1965-08
Indigenous Australians	no	First Nations people of Australia and its islands	
Indigenous rights	no	legal, social, or ethical principles that pertain to indigenous peoples	
Indira Gandhi	no	Prime Minister of India (1966-1977; 1980-1984)	
Indonesia	no	island country in Southeast Asia and Oceania	
Indonesian mass killings of 1965–66	yes	large scale political, state-sponsored killings in Indonesia between 30th September 1965, into 1966	1965-10
Infantry	no	military service branch concerned with combat by individuals on foot	
Injunction	no	legal order to stop doing something	
Innsbruck	no	capital of the state of Tyrol, Austria	
Instant replay	no	video reproduction of an earlier live occurrence during an event	
Institute of Mental Health (Belgrade)	no	hospital in Belgrade, Serbia	
Institutional Act Number Five	yes	1968 legislation by the Brazilian military government	
Intel	no	American multinational technology company	
Intellectual property	no	intangible asset consisting of ownership of ideas and processes	
Intelsat	no	Luxembourgish communications satellite services provider	
Intelsat I	no	the first commercial communications satellite	1965-04
Inter Milan	no	association football club based in Milan, Lombardy, Italy	
Internal resistance to apartheid	yes	social and political movement that set and achieved the goal of destroying the racist system of oppression of non-white people in South Africa	1950-12
International Agreement on the Neutrality of Laos	yes	1962 agreement of Laotian neutrality	
International Association of Classification Societies	no	Non-governmental organization	
International Civil Aviation Organization	no	specialized agency of the United Nations, coordinates the international civil aviation regulations and policy	
International Convention on the Elimination of All Forms of Racial Discrimination	yes	United Nations convention and human rights instrument	1969-01
International Council of Organizations of Folklore Festivals and Folk Arts	no	international nongovernmental organization in Official Partnership with UNESCO	
International Court of Justice	no	primary judicial organ of the United Nations	
International Covenant on Civil and Political Rights	yes	treaty adopted by United Nations General Assembly in 1966	1966-12
International Covenant on Economic, Social and Cultural Rights	yes	covenant adopted in 1966 by United Nations General Assembly resolution	
International Hydrographic Organization	no	intergovernmental organization	
International Olympic Committee	no	non-governmental sports organisation (founded 1894)	
International Red Cross and Red Crescent Movement	no	international humanitarian movement	
International law	no	regulations governing international relations	
Internet	no	global system of connected computer networks based on IP addressing and routing protocols	
Interracial marriage	no	marriage between individuals of different racial backgrounds	
Intra Bank	no	Investments	
Iota Phi Theta	no	historically Black fraternity	
Iraq	no	sovereign state in Western Asia	
Irbid	no	city in Jordan	
Irish Republican Army (1922–1969)	no	1922-1969	
Irish bank strikes (1966–1976)	no	labor disputes in Ireland	
Iron Triangle (Vietnam)	no	the name U.S. forces in the Vietnam War gave to the Communist stronghold region northwest of Saigon	
Isabelle Aubret	no	French singer	
Isles of Scilly	no	archipelago and local government district off the south-westernmost point of mainland Britain	
Israel	no	country in West Asia	
Israel Broadcasting Authority	no	former national broadcasting authority of Israel	
Israel Defense Forces	no	combined military forces of Israel	
Israelis	no	citizens and nationals of Israel	
Istanbul	no	largest city in Turkey	
It's a Mad, Mad, Mad, Mad World	no	1963 film by Stanley Kramer	
It's a Small World	no	amusement ride at Disney theme parks	
Italian cruiser Vittorio Veneto	no	Italian helicopter cruiser	
Italy	no	country in southern Europe	
Italy national football team	no	men's national association football team representing Italy	
Izki	no	town in Ad Dakhiliyah Region, Oman	
Izvestia	no	Soviet and Russian socially political and business daily newspaper	1917-03
Jack Hawkins	no	British film and stage actor (1910-1973)	
Jack Lynch	no	Taoiseach of Ireland; from 1966 to 1973 and 1977 to 1979	
Jack Renshaw	no	Australian politician and Premier of New South Wales (1909-1987)	
Jack Swigert	no	NASA Astronaut, Pilot (1931-1982)	
Jackson State University	no	university in Mississippi, United States	
Jackson State killings	yes	Incident during racial tensions between residents of Jackson, Mississippi and Jackson State students	1970-05
Jackson, Mississippi	no	capital city of the U.S. state of Mississippi and seat of Hinds County, also located in Madison and Rankin counties	
Jacksonville, Florida	no	city in Duval County, and largest city in State of Florida, United States	
Jacqueline Kennedy Onassis	no	First Lady of the United States from 1961 to 1963	
Jakarta	no	capital and largest city of Indonesia	
Jamaica	no	island state in the Caribbean Sea	
James Bevel	no	1960s civil rights movement strategist (1936–2008)	
James Cross	no	British diplomat (1921-2021)	
James E. Webb	no	administrator of NASA in 1961–1968 (1906–1992)	
James Earl Ray	no	American criminal, convicted for the murder of civil rights activist and Nobel peace prize laureate Martin Luther King Jr. in 1968	
James McDivitt	no	American astronaut and test pilot (1929-2022)	
James Meredith	no	American political activist & writer (1933-)	
James Reeb	no	American activist and minister (1927–1965)	
Jamhuri Day	yes	public holiday in Kenya commemorating the establishment of the Republic	
Jamshid bin Abdullah	no	Sultan of Zanzibar (1929–2024)	
Janis Joplin	no	American singer (1943–1970)	
January 1963 lunar eclipse	yes	Penumbral lunar eclipse January 9, 1963	1963-01
January 1964 South Vietnamese coup	yes		1964-01
Japan	no	island country in East Asia	
Japan Air Lines Flight 2	yes	aviation accident	1968-11
Japan Air Lines Flight 351	yes	1970 aircraft hijacking	1970-03
Japan Self-Defense Forces	no	unified military forces of Japan	
Japanese Red Army	yes	communist militant group founded by Fusako Shigenobu early in 1971 in Lebanon	
Jaramogi Oginga Odinga	no	Kenyan politician (1911-1994)	
Jawaharlal Nehru	no	Prime Minister of India from 1947 to 1964	
Jay, Florida	no	town in Florida, United States	
Jean Bastien-Thiry	no	French engineer and air force officer (1927–1963)	
Jean Schramme	no	Belgian mercenary (1929-1988)	
Jean Shrimpton	no	British model and actress	
Jean-Bédel Bokassa	no	2nd president (1966–76) and emperor (r. 1976–79) of the Central African Republic	
Jean-Hilaire Aubame	no	Gabonese politician (1912-1989)	
Jeff Astle	no	English footballer (1942-2002)	
Jerrie Mock	no	.American aviation pioneer (1925–2014)	
Jerry Rubin	no	American activist (1938–1994)	
Jerusalem	no	city in the Middle East, holy to the three Abrahamic religions	
Jesus	no	central figure of Christianity (c. 6 or 4 BC – AD 30 or 33)	
Jewish deicide	yes	antisemitic theological view that all Jews are responsible for the Crucifixion of Jesus	
Jews	no	ethnoreligious group and nation from the Levant	
Jim Clark	no	British racecar driver (1936–1968)	
Jim Lovell	no	American astronaut (1928–2025)	
Jim Morrison	no	American singer and poet; lead vocalist of The Doors (1943–1971)	
Jim Thompson (designer)	no	American fashion designer	
Jimi Hendrix	no	American guitarist (1942–1970)	
Joan Baez	no	American contemporary folk musician (born 1941)	
Joan Manuel Serrat	no	Spanish musician	
Joaquín Balaguer	no	President of the Dominican Republic (1906-2002)	
Jocelyn Bell Burnell	no	British astrophysicist (born 1943)	
Jochen Rindt	no	German racing driver (1942–1970)	
Johannesburg	no	largest city in South Africa	
John Carlos	no	American track and field athlete	
John Connally	no	American politician (1917–1993)	
John Eliot Gardiner	no	English conductor	
John F. Kennedy	no	president of the United States from 1961 to 1963 (1917–1963)	
John F. Kennedy International Airport	no	international airport in New York, United States	
John Fairfax (rower)	no	British ocean rower (1937-2012)	
John G. Kemeny	no	Jewish-Hungarian American mathematician, computer scientist, educator, and President of Dartmouth College	
John Glenn	no	American astronaut and politician (1921–2016)	
John Glenn Columbus International Airport	no	airport in Columbus, Ohio, United States	
John Gorton	no	Australian politician, 19th Prime Minister of Australia (1911–2002)	
John Lennon	no	British musician (1940–1980)	
John Mauchly	no	American physicist (1907-1980)	
John McEwen	no	Australian politician, 18th Prime Minister of Australia (1900-1980)	
John Vassall	no	British civil servant who spied for the Soviet Union (1924–1996)	
John Vorster	no	Prime Minister of South Africa from 1966 to 1978	
John Young (astronaut)	no	American astronaut, naval officer, test pilot and aeronautical engineer (1930–2018)	
Johnson Aguiyi-Ironsi	no	Nigerian Military Leader (1924-1966)	
Jomo Kenyatta	no	first Prime Minister (1963 to 1964) and President (1964 to 1978) of self-governing Kenya	
Jordan	no	country in West Asia	
Jordan River	no	river in West Asia which flows to the Dead Sea	
Jordanian Armed Forces	no	combined military forces of Eastern Palestine	
Jordanian campaign (1967)	yes	Israeli victory in the Six-Day War	1967-06
Jorge Alessandri	no	Chilean politician and President (1896–1986)	
Jorge Pacheco Areco	no	Uruguayan politician (1920-1998)	
Jornal Nacional	yes	Brazilian newscast	1969-09
Jornal do Brasil	no	Brazilian newspaper	
Josef Bachmann	no	German criminal	
Joseph A. Walker	no	American test pilot (1921–1966)	
Joseph Goebbels	no	Nazi politician and Propaganda Minister (1897–1945)	
Joseph Kasa-Vubu	no	Congolese politician	
Joseph Stalin	no	politician and leader of the Union of Soviet Socialist Republics from 1924 to 1953	
Joseph and the Amazing Technicolor Dreamcoat	yes	musical by Tim Rice and Andrew Lloyd Webber	
Josip Broz Tito	no	Yugoslav revolutionary and statesman (1892−1980)	
João Goulart	no	President of Brazil from 1961 to 1964	
Juan Bosch (politician)	no	First democratically elected President of the Dominican Republic (1909-2001)	
Juan Carlos I	no	King of Spain from 1975 to 2014	
Juan Carlos Onganía	no	President of Argentina from 1966 to 1970	
Juan José Torres	no	61th Bolivian president (1920-1976)	
Juan Velasco Alvarado	no	50th President of Peru (1910-1977)	
Judith Graham Pool	no	Doctor that discovered cryoprecipitation	
Julian Bond	no	American social activist (1940–2015)	
Julie Andrews	no	British actress, singer and author (born 1935)	
Julius Nyerere	no	Tanzanian politician and writer, first Prime Minister and President of Tanzania (1922–1999)	
June	yes	sixth month of the year in the Julian and Gregorian calendars	
June 1962 Alcatraz escape	yes	attempt by John and Clarence Angelin, Allen West, and Frank Morris to escape Alcatraz	1962-06
Justice Party (Turkey)	no	Turkish political party (1961–81)	
Jørgen Nash	no	Danish artist (1920-2004)	
KGB	no	main Soviet security agency from 1954 to 1991	
Kakanj	no	town in Bosnia and Hercegovina	
Kalimantan	no	geographical unit comprising Indonesian part of Borneo and other islands	
Kampong Thom city	no	Capital of the same named Cambodian province	
Kansas City, Missouri	no	city in Missouri, United States, that is one of two county seats of Jackson County and the largest city in Missouri	
Karachi	no	provincial capital of Sindh, Pakistan	
Kashmir	no	disputed territory between China, India and Pakistan	
Katanga Province	no	former province of the Democratic Republic of the Congo	
Kayseri	no	city in Turkey	
Kazakhstan	no	sovereign state in Eastern Europe and Central Asia	
Kenneth Kaunda	no	First president of Zambia (1924–2021)	
Kenneth Tynan	no	English theatre critic and writer (1927-1980)	
Kent State University	no	public research university in Kent, Ohio, United States	
Kent State shootings	yes	1970 shootings in Kent, Ohio, US during student-led protest of Vietnam War	1970-05
Kenya	no	country in Eastern Africa	
Kenya People's Union	no	political party in Kenya	
Khartoum	no	capital city of Sudan	
Khmer Republic	no	former country of Asia	
Khmer Rouge	no	followers of the Communist Party, Maoists of Kampuchea in Cambodia (until 1998)	
Khmer–Chinese Friendship Association	no	organization	
Killing of Benno Ohnesorg	no	West German university student killed on 2 June 1967 (1940–1967)	
Killing of Meredith Hunter	yes	murder in Altamont, California, on December 6, 1969	
Killing of Peter Fechter	yes		1962-08
Kim Philby	no	KGB mole for the Soviet Union (1912–1988)	
King Fahd University of Petroleum and Minerals	no	Saudi university	
King Kong (franchise)	no	adventure film franchise based on the story of King Kong	
King Kong vs. Godzilla	no	1962 film directed by Ishirō Honda	
King assassination riots	yes	riots following the assassination of Martin Luther King Jr.	1968-04
Kingston upon Hull North	no	Parliamentary constituency in the United Kingdom, 1983-2024	
Kingston, Jamaica	no	capital of Jamaica	
Kisangani	no	city in the Democratic Republic of Congo	
Kitakyushu	no	city in Fukuoka Prefecture, Japan	
Kniefall von Warschau	no	gesture by Willy Brandt	1970-12
Kobe	no	capital city of Hyogo Prefecture, Japan	
Kohl's	no	American department store chain	
Konfrontasi	yes	military conflict (1963–1966)	1963-01
Konon Molody	no	KGB officer (1922-1970)	
Konrad Adenauer	no	German politician, Chancellor of West Germany (1949–1963), Zentrum and CDU	
Korea Strait	no	sea passage between Japan and South Korea	
Korean Demilitarized Zone	no	demilitarized zone in Korea	
Kostas Georgakis	no	Greek activist and anti-dictatorship martyr (1948-1970)	
Kouprasith Abhay	no	Vietnam War commander, politician	
Ku Klux Klan	no	American white supremacist hate group	
Kuala Lumpur	no	federal territory and capital city of Malaysia	
Kunsthalle Bern	no	museum in the city of Bern, Switzerland	
Kure, Hiroshima	no	city in Hiroshima Prefecture, Japan	
Kurt Georg Kiesinger	no	Chancellor of West Germany (1966–1969)	
Kuwait	no	sovereign state in Western Asia	
KwaZulu-Natal	no	province of South Africa	
Kwame Nkrumah	no	Ghanaian politician (1909–1972)	
Kwanzaa	yes	African-American holiday	
Kyushu	no	third largest island of Japan	
LGBTQ movements	yes	social identity movements	
LSD	no	chemical compound	
La La La (Massiel song)	no	1968 Song by Massiel	
La Noche de los Bastones Largos	yes	1966 state violence Buenos Aires	1966-07
Labour Party (UK)	no	centrist social democratic political party in the United Kingdom	
Lahore	no	capital of the Punjab province, Pakistan	
Lake Huron	no	one of the Great Lakes of North America	
Lal Bahadur Shastri	no	Prime Minister of India from 1964 to 1966	
Lambda (rocket family)	no	series of Japanese rockets	
Lamborghini	no	Italian car manufacturer	
Land's End	no	cape in Cornwall, England, UK	
Landslide	no	type of natural disasters involving ground movements, often caused by slope instability triggered by specific event	
Lane Cove River	no	river in Australia	
Langenweddingen level crossing disaster	yes	train wreck	1967-07
Language legislation in Belgium	no	Belgian legislation	
Laos	no	country in Southeast Asia	
Laotian Civil War	yes	1959–1975 civil war in Laos	1959-05
Las Vegas	no	seat of Clark County, and largest city in state of Nevada, United States	
Las Vegas Strip	no	approximately 4 mile stretch of Las Vegas Boulevard in Paradise, Winchester, and Las Vegas in Nevada, United States, with many resorts, shows, and casinos	
Law of the European Union	no	rules operating within EU member states	
Lawrence of Arabia (film)	no	1962 film directed by David Lean	
Lazar Kaganovich	no	Soviet politician (1893–1991)	
League of Nations	no	20th-century international organisation, predecessor to the United Nations	
Leaning Tower of Pisa	no	cathedral bell tower in Pisa, Italy	
Lebanon	no	country in West Asia	
Led Zeppelin	no	English rock band (1968–1980)	
Lee Harvey Oswald	no	American former marine who assassinated John F. Kennedy (1939–1963)	
Lee Kuan Yew	no	1st Prime Minister of the Republic of Singapore (1923–2015)	
Lengede	no	municipality in Landkreis Peine, Germany	
Leonardo da Vinci	no	Italian Renaissance polymath (1452−1519)	
Leonid Brezhnev	no	General Secretary of the Communist Party of the Soviet Union (1906–1982)	
Leonids	no	meteor shower associated with the comet Tempel–Tuttle	
Lesotho	no	sovereign state in southern Africa	
Lester B. Pearson	no	14th Prime Minister of Canada, from 1963 to 1968 (1897–1972)	
Letter from Birmingham Jail	yes	open letter written by Martin Luther King, Jr	
Level crossing	no	place where a road crosses a railway at the same level	
Levi Eshkol	no	Israeli politician, a founder of the Israeli Labor Party and Prime Minister (1895-1969)	
Lewis Blaine Hershey	no	United States Army general and director of the Selective Service System 1941–1970	
Lewiston, Maine	no	city in Androscoggin County, Maine, United States	
Leyland Motors	no	British vehicle manufacturing company	
Liberal Democratic Party (Japan)	no	Japanese political party	
Liberal Party of Australia	no	Australian political party	
Liberal–National Coalition	no	an alliance of centre-right to right-wing political parties in Australia	
Liberia	no	sovereign state in West Africa	
Libya	no	sovereign state in North Africa	
Libyan Revolutionary Command Council	no	twelve-people body that governed Libya after the 1969 Revolution	
Lieutenant general	no	military rank used in many countries	
Life imprisonment	no	imprisonment intended to last for life	
Life imprisonment in South Africa	no	overview of life imprisonment in South Africa	
Lifeboat (rescue)	no	rescue craft designed to attend a vessel in distress	
Light My Fire	no	original song written and composed by John Densmore, Robby Krieger, Ray Manzarek, Jim Morrison	
Lilies of the Field (1963 film)	no	1963 film directed by Ralph Nelson	
Liliesleaf Farm	no	The ANC "Safe House" that was raided in 1963	
Lima	no	capital and largest city of Peru	
Limassol	no	city in the Limassol District, Cyprus	
Lincoln Center	no	performing arts venue in New York City	
Lincoln Memorial	no	memorial in Washington, D.C., United States	
Lisbon	no	municipality and capital city of Portugal	
List of Formula One World Drivers' Champions	no	Wikimedia list article	
List of UK caving fatalities	no	Wikimedia list article	
List of cryptids	no	Wikimedia list article	
List of ethnic riots	no	Wikimedia list article	
List of land speed records	no	Wikimedia list article	
List of neighborhoods in San Francisco	no	Wikimedia list article	
List of papal visits to the United States	no		
List of presidents of Uruguay	no	Wikimedia list article	
List of protests and demonstrations in the United States by size	no	Wikimedia list article	
List of rulers of Oman	no	Wikimedia list article	
Literacy test	no	test to assess literacy skills; historically used for voter disenfranchisement	
Little Feller (nuclear tests)	yes	1962 nuclear test series	
Liverpool Lime Street railway station	no	terminus railway station for the city of Liverpool on the West Coast Mainline	
Ljubljana	no	capital city of Slovenia	
Lockheed Constellation	no	1943 airliner family	
Lockheed F-104 Starfighter	no	1954 fighter aircraft family by Lockheed	
Lockheed L-1011 TriStar	no	airliner family	
Lockheed L-1049 Super Constellation	no	US airliner with 4 piston engines, 1951	
Lockheed SR-71 Blackbird	no	1964 reconnaissance aircraft family by Lockheed	
Lockheed U-2	no	1955 reconnaissance aircraft family by Lockheed	
Lon Nol	no	Cambodian Field Marshal (1913-1985)	
Lona Cohen	no	American spy for the Soviet Union (1913–1992)	
London	no	capital and largest city of England and the United Kingdom	
London Bridge	no	road bridge across River Thames in London, opened in 1973	
London Bridge (Lake Havasu City)	no	Old London bridge that was moved to Lake Havasu City, Arizona, United States	
London Gold Pool	no	pooling of gold reserves	
Long John Baldry	no	British musician (1941–2005)	
Long March (rocket family)	no	Chinese rocket family	
Longhope, Orkney	no	village in the Orkney Islands, Scotland, UK	
Lop Nur	no	former salt lake in Bayingolin Prefecture, Xinjiang, China	
Los Angeles	no	seat of Los Angeles County, and largest city in California, United States	
Loss of MV Darlwyne	yes	pleasure cruiser sinking off the Cornish coast in 1966	
Louie Louie	no	original song written, composed, and performed by Richard Berry	
Louis Leakey	no	kenyan-British archaeologist and naturalist	
Louvre	no	art and archeology museum in Paris, France	
Love Pageant Rally	no		
Loving v. Virginia	yes	1967 U.S. Supreme Court case abolishing restrictions on interracial marriage	1967-06
Low Earth orbit	no	orbit around Earth with an altitude between 160 kilometers and 2,000 kilometers	
Lubbock tornado	yes	1970 F5 tornado in Lubbock, Texas	1970-05
Lubbock, Texas	no	city in and county seat of Lubbock County, Texas, United States	
Lucio Cabañas	no	Mexican rural teacher, student leader and commander of Partido de los Pobres Armed Wing (1938-2022)	
Ludwig Erhard	no	Chancellor of West Germany (1963–1966)	
Luis A. Ferré	no	Puerto Rican politician (1904-2003)	
Luis Echeverría	no	57th President of Mexico	
Luis Negrón López	no	American politician	
Luisenthal Mine	no	former coal mine in near Völklingen, Germany	
Lumen gentium	yes	Catholic ecclesiologial text of the Second Vatican Council	
Luna 10	no	spacecraft in the Soviet Union's Luna programme	1966-03
Luna 16	yes	space probe	1970-09
Luna 17	no	space probe	1970-11
Luna 9	no	lander in the Soviet Union's Luna programme	1966-01
Luna programme	no	moon exploration programme by the Soviet Union	
Lunar Module Eagle	no	lunar module used during Apollo 11; first crewed spacecraft on the Moon	1969-07
Lunar Orbiter 1	no	first American robotic spacecraft to orbit the Moon	1966-08
Lunar Orbiter 2	no	space probe	1966-11
Lunar Orbiter 3	no	American lunar orbiter	1967-02
Lunar Orbiter 4	no	space probe	1967-05
Lunar Saros 111	no	series of lunar eclipses	
Lunar Saros 114	no	series of lunar eclipses	
Lunar module	no	lunar lander designed for human spaceflight	
Lunokhod 1	no	Soviet lunar rover; first rover to operate on the Moon	1970-11
Luther Terry	no	Surgeon General of the United States (1911–1985)	
Luxembourg	no	country in Western Europe	
Luzon	no	largest island of the Philippines	
Lyndon B. Johnson	no	president of the United States from 1963 to 1969 (1908–1973)	
Lysenkoism	yes	pseudoscientific biological theory in the U.S.S.R.	
Léon M'ba	no	Prime Minister (1959–61) and President (1961–67) of Gabon	
Lê Văn Kim	no	South Vietnamese army general	
MI6	no	British foreign intelligence agency	
Macau	no	city and special administrative region of China	
Madame Nhu	no	First lady of South Vietnam (1924-2011)	
Madeira	no	Autonomous Region of Portugal in the archipelago of Madeira	
Madhya Pradesh	no	state in central India	
Magda Goebbels	no	German politician (1901–1945)	
Magdeburg	no	capital city of the German state of Saxony-Anhalt	
Magical Mystery Tour	no	1967 studio album by The Beatles; US Edition	
Magical Mystery Tour (film)	no	1967 television film starring The Beatles, directed by The Beatles and Bernard Knowles	1967-12
Maharashtra	no	state in the western and central peninsular region of India	
Mahmoud Fawzi	no	Egyptian politician and diplomat; prime minister (1970-1972)	
Major League Baseball	yes	North American professional baseball league	
Malagasy Republic	no	Regime 1958-1975	
Malawi	no	sovereign state in Africa	
Malay Roy Choudhury	no	Indian Bengali writer and poet (1939–2023)	
Malayan Communist Party	no	far-left political party within Malaya and guerilla-based militarist force	
Malayang Pagkakaisa ng Kabataang Pilipino	no	1967–1972 Philippine communist youth organization	
Malaysia	no	country in Southeast Asia	
Malcolm X	no	American Black rights activist (1925–1965)	
Maldives	no	sovereign state in South Asia, situated on an archipelago in the Arabian Sea	
Mali	no	country in West Africa	
Malta	no	country in Southern Europe situated on an archipelago in the Mediterranean Sea	
Manchester City F.C.	no	association football club in Manchester, England	
Manchester United F.C.	no	association football club in Manchester, England	
Manila	no	capital city of the Philippines	
Manual Enterprises, Inc. v. Day	yes	United States Supreme Court case	
Mao Zedong	no	1st chairman of the Chinese Communist Party and founder of the People's Republic of China (1893–1976)	
Maple leaf	no	shape of the leaves of maple trees, often used as an emblem	
Maracaibo	no	capital city of the Zulia state, Venezuela	
Marcello Caetano	no	Portuguese politician (1906-1980)	
March Against Fear	yes	1966 demonstration in the US Civil Rights Movement	1966-06
March of the One Hundred Thousand	yes		
March on Washington	yes	1963 demonstration of the civil rights movement	1963-08
Mare Imbrium	no	vast lunar mare filling a basin on Earth's Moon	
Margrethe II	no	Queen of Denmark from 1972 to 2024 (born 1940)	
Mariehamn Airport	no	airport in Jomala, Åland, Finland	
Mariinsky Ballet	no	ballet company in Saint-Petersburg	
Marilyn Monroe	no	American actress and model (1926–1962)	
Marine Corps Air Station El Toro	no	former US air base	
Marine, &c., Broadcasting (Offences) Act 1967	yes	Public General Act of Parliament of the United Kingdom	
Mariner 1	no	First US attempt to fly by Venus	1962-07
Mariner 2	no	1962 space probe to Venus	1962-08
Mariner 3	yes	robotic deep-space probe to Mars	1964-11
Mariner 4	no	robotic spacecraft sent by NASA to Mars	1964-11
Mariner 5	no	uncrewed probe sent by NASA as part of Mariner program in 1967	1967-06
Mariner 6 and 7	no	uncrewed probes sent by NASA as part of Mariner program in 1969	
Mariner program	yes	NASA space program	
Mario Panzeri	no	Italian lyricist and composer (1911–1991)	
Marquee Club	no	former music club in London, England	
Mars	no	fourth planet from the Solar System, tellurian and orange-red due to iron oxide	
Marshall University	no	public research university in Huntington, West Virginia, United States	
Martial law	no	imposition of direct military control of a government	
Martin B-57 Canberra	no	1953 American-built version of the English Electric Canberra bomber	
Martin Luther King Jr.	no	American Baptist minister and civil rights leader (1929–1968)	
Martyrs' Day (Panama)	yes	public holiday in Panama commemorating people who died during the riots over sovereignty in the Canal Zone in 1964	
Mary Jo Kopechne	no	teacher, secretary, and campaign specialist	
Mary Poppins (film)	no	1964 film directed by Robert Stevenson	
Marylebone Cricket Club	no	English cricket club and former governing body	
Mass in the Catholic Church	yes	central and main rite of worship to God in the Catholic Church	
Mass of Paul VI	no	form of the Roman rite of the Roman Catholic Church	
Massachusetts	no	state of the United States of America	
Massiel	no	Spanish singer	
Matricide	yes	act of killing one's mother	
Mattel	no	American multinational toy and entertainment company	
Matterhorn	no	mountain in the Pennine Alps on the border between Switzerland and Italy	
Maulana Karenga	no	American political activist (born 1941)	
Maureen Cleave	no	British journalist (1934–2021)	
Maurice Yaméogo	no	Burkina Faso President (1921-1993)	
Mauritius	no	island sovereign state off of East Africa in the Indian Ocean	
Maxwell D. Taylor	no	American military officer and diplomat (1901-1987)	
May 1966 lunar eclipse	yes	Penumbral lunar eclipse May 4, 1966	1966-05
Mayor of Cleveland	no	political office in the United States	
McCartney (album)	no	1970 debut solo studio album by Paul McCartney	
McDonnell Aircraft Corporation	no	aerospace manufacturer and defense contractor	
McDonnell Douglas	no	1967-1997 aerospace manufacturer and defense contractor	
McDonnell Douglas DC-9	no	1963 airliner family	
McDonnell Douglas F-4 Phantom II	no	1958 fighter aircraft family	
Meadville, Mississippi	no	town and county seat of Franklin County, Mississippi, United States	
Medicaid	yes	United States social health care program for families and individuals with limited resources	
Medicare (United States)	yes	US federal health insurance	
Mediterranean Sea	no	sea between Europe, Africa and Asia	
Medvedev–Sponheuer–Karnik scale	no	earthquake intensity scale	
Mekong Delta	no	region in southwestern Vietnam	
Melbourne	no	capital city of Victoria, Australia	
Melbourne–Evans collision	yes	1969 ship collision	
Melbourne–Voyager collision	yes	1964 ship collision	
Member states of the United Nations	no	sovereign states that are members of the United Nations (UN) and have equal representation in the UN General Assembly	
Memphis, Tennessee	no	city in and county seat of Shelby County, Tennessee, United States	
Mengo Crisis	yes	1966 Ugandan political crisis	
Menzies government (1949–1966)	no	Australian federal executive government	
Merauke	no	district in Merauke Regency, South Papua Province, Indonesia	
Mercenary	no	soldier who fights for hire	
Merci, Chérie	no	song written and composed by Udo Jürgens and Thomas Hörbiger, originally performed by Udo Jürgens at the 1966 Eurovision Song Contest	
Mercury-Atlas 10	yes	cancelled spaceflight of Project Mercury	
Mercury-Atlas 6	yes	first American orbital spaceflight	1962-02
Mercury-Atlas 7	yes	crewed spacecraft	1962-05
Mercury-Atlas 8	yes	crewed spacecraft	1962-10
Mercury-Atlas 9	yes	crewed spacecraft	1963-05
Mergers and acquisitions	no	transactions in which the ownership of companies, other business organizations or their operating units are transferred or combined	
Message to the Grass Roots	no	public speech	
Methane leak	no	release of methane associated with industrial facility or pipeline	
Metropolitan Opera House (Lincoln Center)	no	opera house in Manhattan, New York	
Mexico	no	country in North America	
Mexico City	no	capital and largest city of Mexico	
Miami	no	city in Miami-Dade County, Florida, United States	
Miami Beach, Florida	no	city in Miami-Dade County, Florida, United States	
Michael Collins (astronaut)	no	American astronaut (1930–2021)	
Michael J. Adams	no	aviator, engineer and astronaut (1930–1967)	
Michael Ramsey	no	Archbishop of Canterbury (1904-1988)	
Michel Micombero	no	President of Burundi (1940-1983)	
Midway Atoll	no	atoll of the United States Minor Outlying Islands	
Mies Bouwman	no	Dutch television presenter (1929–2018)	
Miike coal mine	no	coal mine in Fukuoka, Japan	
Mikawashima train crash	yes	train wreck	1962-05
Mike Mansfield	no	American politician and diplomat (1903–2001)	
Mikhail Kazakov	no	Soviet military commander (1901-1979)	
Mikoyan-Gurevich MiG-19	no	1952 fighter aircraft	
Mikoyan-Gurevich MiG-21	no	Soviet fighter aircraft	
Milan	no	Italian commune and capital city of Lombardy	
Military Air Transport Service	no	1948-1966 United States Armed Forces unified command	
Military aid	no	military aid for the armed forces of a country.	
Military dictatorship	no	form of dictatorial military rule	
Military dictatorship in Brazil	no	1964-1985 military regime in Brazil	1964-04
Military justice	no	body of laws and procedures governing members of the armed forces	
Milovan Djilas	no	Yugoslav politician, theorist and author (1911-1995)	
Milton Keynes	yes	city in Buckinghamshire, England, United Kingdom	
Minister for Education (Australia)	no	position in the Australian Government	
Minister for Industry and Innovation	no	portfolio in the Government of Australia	
Ministry of Internal Affairs (Romania)	no	government ministry in Romania	
Minneapolis Aquatennial	yes	annual outdoor event in Minneapolis, USA	
Minnesota	no	state of the United States of America	
Miranda v. Arizona	yes	1966 U.S. Supreme Court case establishing the use of the Miranda warning	
Mirzapur Cadet College	no	Military high school in Bangladesh	
Miss Universe 1962	yes	11th Miss Universe pageant	1962-07
Miss World 1970	yes	beauty pageant edition	
Missile launch facility	no	underground structure for the storage and launching of ballistic missiles	
Mississippi	no	state of the United States of America	
Mississippi Cold Case	no	2007 documentary film directed by David Ridgen	
Mister Rogers' Neighborhood	no	American preschool education television series	1968-02
Mobutu Sese Seko	no	Congolese politician and military officer, the first and only president of Zaire from 1971 to 1997 (1930 – 1997)	
Modibo Keïta	no	Malian politician and President of Mali (1915-1977)	
Modified Mercalli intensity scale	no	12-level seismic scale used to measure the intensity and effects of an earthquake	
Mohammad Reza Pahlavi	no	Shah of Iran from 1941 to 1979	
Moment magnitude scale	no	measure of earthquake size, in terms of the energy released	
Mona Lisa	no	oil painting by Leonardo da Vinci in the Louvre, Paris	
Monarchy of the Netherlands	no	constitutional and hereditary monarchy of the Kingdom of the Netherlands since 1815	
Monsoon	no	seasonal changes in atmospheric circulation and precipitation associated with the asymmetric heating of land and sea	
Mont Blanc	no	highest mountain in the Alps	
Mont Blanc Tunnel	no	road tunnel connecting France and Italy	
Monteverdi Choir	no	choir founded in 1964 by John Eliot Gardiner	
Montgomery, Alabama	no	capital city of the U.S. state of Alabama and seat of Montgomery County	
Montoneros	yes	Argentine left-wing peronist guerrilla organization of terrorism	
Montreal	no	largest city in Quebec, Canada	
Montreal Alouettes	no	Canadian Football League team	
Montreal Canadiens	no	National Hockey League team in Montreal, Quebec	
Montreal Exchange	no	derivatives exchange located in Montreal, Canada	
Montreal Expos	no	former baseball team in Montreal, Canada, predecessor of the current Washington Nationals	
Montreal Metro	yes	rubber-tired metro system in Montreal, Quebec	
Montreal Stock Exchange bombing	yes	bombing in Montreal, Canada	1969-02
Montréal–Trudeau International Airport	no	international airport serving Montreal, Canada	
Moon	no	Earth's only natural satellite	
Moon landing	yes	arrival of a spacecraft on the surface of the Moon	
Moors murders	yes	killings in Greater Manchester, England	1963-07
Moratorium to End the War in Vietnam	yes	massive demonstration and teach-in across the United States against the United States involvement in the Vietnam War	1969-10
More popular than Jesus	no	remark by John Lennon	
Morelos	no	state of Mexico	
Morgan State University	no	university in Baltimore, Maryland, United States	
Morocco	no	sovereign state in North Africa	
Morris Cohen (spy)	no	American spy (1910-1995)	
Moruroa	no	island in French Polynesia	
Moscow	no	capital and most populous city of Russia	
Moscow–Washington hotline	no	system that allows direct communication between the leaders of the United States and Russia	
Mossdale Caverns	no	cave system in the Yorkshire Dales, England	
Motu proprio	no	decision taken on their own initiative by those who have the power or faculty	
Mount Agung	no	Active volcano in Bali, Indonesia	
Mount Carmel	no	mountain in Israel	
Mount Fuji	no	volcano in Yamanashi and Shizuoka Prefectures, Japan	
Moussa Traoré	no	Malian former dictator (1936-2020)	
Mozambican War of Independence	yes	armed conflict (1964–1974)	1964-09
Moïse Tshombe	no	Congolese politician and secessionist leader (1919–1969)	
Muammar Gaddafi	no	Military officer and former Brotherly Leader and Guide of the Revolution of Libya (1969-2011)	
Muhammad Ali	no	American boxer (1942–2016)	
Muhammad Ali vs. Sonny Liston	yes	Boxing match	1965-05
Munich	no	capital and most populous city of Bavaria, Germany	
Municipal University of São Caetano do Sul	no	university in São Caetano do Sul, Brazil	
Murder of John Alan West	yes	1964 robbery/murder, resulting in last use of death penalty in Britain	
Murder of Sylvia Likens	yes	child murder case in Indianapolis	1965-10
Murders of Chaney, Goodman, and Schwerner	yes	June 1964 murders of three civil rights workers in Mississippi, U.S.	1964-06
Mutesa II of Buganda	no	Kabaka of the Kingdom of Buganda from 1939 to 1969 and the first President of Uganda in 1962	
Mwambutsa IV of Burundi	no	King of Burundi (1912-1977)	
My Fair Lady (film)	no	1964 film by George Cukor	
My Lai massacre	yes	1968 U.S. war crime during the Vietnam War	1968-03
Myanmar	no	country in Southeast Asia	
Mysterii Paschalis	no	apostolic letter issued by Pope Paul VI in 1969	
NASA	no	American space and aeronautics agency	
NATO	no	intergovernmental military alliance between 32 member states	
NBC	no	American television and radio network	
NHL entry draft	yes	sport event	
NLS (computer system)	no	1960s computer collaboration system	
Napalm	no	gelling agent for use in incendiary devices	
Nassau, Bahamas	no	capital and largest city of the Bahamas	
Nasserist Unionist People's Organisation	no	political party in Yemen	
Natalia Makarova	no	Soviet and American ballet dancer	
Nation Party (Turkey, 1948)	no	defunct nationalist political party in Turkey	
National Assembly (France)	no	lower house of the French Parliament under the Fifth Republic	
National Civil Rights Museum	no	hotel that was site of the assassination of Martin Luther King Jr., now a museum	
National Congress of Chile	no	legislative branch of the government of the Republic of Chile	
National Council of Government (Uruguay)	no	organization	
National Democratic Front for the Liberation of Oman and the Arabian Gulf	no	political party in Oman	
National Educational Television	no	television network	
National Football League	yes	professional American football league	
National Guard (United States)	no	reserve force of the United States Army and Air Force	
National Hockey League	yes	North American professional ice hockey league	
National Hot Rod Association	no	auto racing organization of the United States	
National Liberation Council	no	government in Ghana from 1966 to 1969	
National Liberation Front (Algeria)	no	political party in Algeria	
National Mobilization Committee to End the War in Vietnam	yes	coalition of anti-Vietnam War activist groups in the US (1966-69)	
National Movement of the Revolution	no	political party in the Republic of the Congo, 1964-1969	
National Oceanic and Atmospheric Administration	no	agency in the United States Federal Government	
National Organization for Women	no	American feminist organization	
National Party of Australia	no	Australian Conservative political party	
National Union of Seamen	no	trade union of merchant seafarers in the United Kingdom	
National Weather Service	no	U.S. forecasting agency of the National Oceanic and Atmospheric Administration	
Nauru	no	country in Oceania	
Nautical mile	no	unit of distance (1852 m)	
Naxalism	no	left wing political party in India	
Nazi Germany	no	Germany from 1933 to 1945 while under control of the Nazi Party	
Nazism	no	ideology of the German Völkisch movement in the 20th century	
Ne Win	no	Military leader and head of state of Burma from 1962 to 1988	
Neil Armstrong	no	American astronaut and lunar explorer (1930–2012)	
Neil Blaney	no	Irish politician (1922-1995)	
Nelson Mandela	no	President of South Africa and anti-apartheid activist (1918–2013)	
Nelson's Pillar	no	former column and statue in Dublin, Ireland	
Nerve agent	no	class of organophosphates; classified as weapons of mass destruction	
Netherlands	no	one of the four autonomous countries of the Kingdom of the Netherlands; with territories in the Caribbean	
Nevada Test Site	no	United States Department of Energy reservation located in southeastern Nye County, Nevada	
New English Bible	no	translation of the Bible into modern English directly from the original Greek, Hebrew, and Aramaic texts	
New Hampshire presidential primary	no	first in a process for deciding the general election candidates for each political party	
New Haven, Connecticut	no	city in Connecticut, United States	
New Moor	no	island claim by both Bangladesh & India	
New Progressive Party (Puerto Rico)	no	major political party in Puerto Rico	
New South Wales	no	state of Australia	
New York Agreement	yes	accord to decolonize Netherlands New Guinea	1962-08
New York Bay	no	bays in New York, USA	
New York Central Railroad	no	American Class I railroad (1914-1968)	
New York City	no	most populous city in the United States	
New York Giants	no	professional American football team	
New York Jets	no	National Football League franchise in East Rutherford, New Jersey, USA	
New Zealand	no	island country in the southwest Pacific Ocean	
New Zealand dollar	yes	currency of New Zealand	1967-07
New Zealand pound	yes	currency of New Zealand from 1840 until 1967	
New moon	no	phase of the Moon	
New towns in the United Kingdom	no	proposed town in the United Kingdom following the Second World War	
Newark, New Jersey	no	city in Essex County, and largest city in New Jersey, United States	
Ngo Dinh Diem	no	South Vietnamese politician; President of South Vietnam from 1955 to 1963	
Nguyễn Cao Kỳ	no	Vietnamese politician and general (1930-2011)	
Nguyễn Hữu Có	no	Brigadier General, Army of the Republic of Vietnam (1925-2012)	
Nguyễn Khánh	no	South Vietnamese general and politician (1927-2013)	
Nguyễn Ngọc Loan	no	Vietnamese police chief (1930–1998)	
Nguyễn Văn Thiệu	no	president of South Vietnam from 1965–75	
Ngô Đình Nhu	no	Vietnamese archivist and politician (1910–1963)	
Ngô Đình Thục	no	Vietnamese Roman Catholic priest, archbishop of Huế (1897–1984)	
Nicaragua	no	sovereign state in Central America	
Nicaraguan Socialist Party	no	political party in Nicaragua	
Nice	no	city and commune in Alpes-Maritimes, Provence-Alpes-Côte d'Azur, France	
Nicola Salerno	no	Italian lyricist, illustrator (1910–1969)	
Nicolae Ceaușescu	no	dictator of Romania from 1965 to 1989	
Nicosia	no	capital of Cyprus	
Nieuwe Kerk (Delft)	no	church building in Delft, Netherlands	
Nigeria	no	sovereign state in West Africa	
Nigerian Civil War	yes	violent conflict within Nigeria	1967-07
Night of the Long Knives (1962)	yes	UK political crisis in 1962	
Nikita Khrushchev	no	leader of the Soviet Union from 1953 to 1964	
Nile	no	major river in northeastern Africa	
Nizwa	no	city in Ad Dakhiliyah governorate, Oman	
No. 9 Squadron RAAF	no	Royal Australian Air Force squadron	
Nobel Peace Prize	no	one of five Nobel Prizes	1901-12
Nordic Council	no	geo-political inter-parliamentary forum for co-operation between the Nordic countries	
Norma Nolan	no	Argentine model (1938–2025)	
Norodom Sihanouk	no	Cambodian monarch and politician (1922–2012)	
North America	no	continent in the Americas	
North American X-15	no	1959 experimental aircraft model by North American Aviation and NASA	
North American XB-70 Valkyrie	no	strategic bomber	
North Borneo	no	former British protectorate, nowadays transformed as Sabah	
North Korea	no	sovereign state in East Asia	
North Macedonia	no	country in southeastern Europe	
North Sea	no	marginal sea of the Atlantic Ocean	
North Sea flood of 1962	yes	natural disaster	1962-02
North Sea oil	no	hydrocarbons from the North Sea	
North Vietnam	no	former country in Southeast Asia that existed from 1945 to 1976	
North Yemen civil war	yes	1962–1970 civil war in North Yemen	1962-09
Northern Ireland	no	part of the United Kingdom situated on the island of Ireland	
Northern Rhodesia	no	British protectorate in Southern Africa (1911–1964), formed from two earlier protectorates; administered first by the British South Africa Company, then by the British Government from 1924; gained independence as Zambia on 1964	
Northwest Orient Airlines Flight 705	yes	aviation accident	1963-02
Norway	no	country in Northern Europe	
Norwich City F.C.	no	association football club in Norwich, England	
Nostra aetate	no	Catholic Declaration on the Relation of the Church with Non-Christian Religions	
Ntare V of Burundi	no	King of Burundi (1947-1972)	
Nuclear warfare	yes	conflict or strategy in which nuclear weaponry is used to inflict damage on an opponent	
Nuclear weapon	no	explosive device that gets its destructive force from nuclear reactions	
Nuclear weapons testing	no	experiment carried out to determine the effectiveness, yield, and explosive capability of nuclear weapons	
Ny-Ålesund	no	research town in Oscar II Land on the island of Spitsbergen in Svalbard, Norway	
Nyasaland	no	a British protectorate in Africa that was established in 1907 when the former British Central Africa Protectorate changed its name	
O'Connell Street	no	road in Dublin, Ireland	
Oak Lawn, Illinois	no	village in Cook County, Illinois, United States of America	
Oakland Raiders	no	American football team (1960-1981, 1995-2019)	
Oakland, California	no	city in and county seat of Alameda County, California, United States	
Occupational Safety and Health Act (United States)	yes	United States law	
Oceanus Procellarum	no	vast lunar mare on the western edge of the near side of Earth's Moon	
October 1967 lunar eclipse	yes	Total lunar eclipse October 18, 1967	1967-10
October Crisis	yes	1970 series of events in Quebec, Canada	1970-10
October Revolution	yes	second of two 1917 revolutions in Russia	1917-11
Odisha	no	state in Eastern India	
Official Secrets Act	yes	legislation	
Ohio	no	state of the United States of America	
Ohio National Guard	no	comprises the Ohio Army National Guard and the Ohio Air National Guard	
Ohio River	no	river in the midwestern United States	
Ohsumi (satellite)	no	first Japanese satellite put into orbit	1970-02
Oil	no	viscous water-insoluble liquid	
Oil spill	no	release of a liquid petroleum hydrocarbon into the environment, especially marine areas, due to human activity	
Oil tanker	no	tanker designed for the transport of petroleum	
Okinawa Island	no	smallest of the five main islands of Japan	
Okinawa Prefecture	no	prefecture of Japan	
Old North Charlotte (Charlotte neighborhood)	no	neighborhood in Charlotte, North Carolina, United States	
Oliver! (film)	no	1968 film directed by Carol Reed	
Olof Palme	no	Swedish Prime Minister (1969–76, 1982–86)	
Olympic Stadium (Amsterdam)	no	Olympic stadium in Amsterdam, Netherlands	
Oman	no	sovereign state in western Asia	
Omar Ali Saifuddien III	no	Sultan of Brunei (1914-1986)	
Omar Sharif	no	Egyptian actor (1932–2015)	
Omar Torrijos	no	Panamanian military leader and de facto ruler (1929–1981)	
Omugulugwombashe	no	settlement in Namibia	
One-party state	no	political system with only one party permanently in control	
Ontario	no	province of Canada	
Open Het Dorp	no	fundraising TV show in the Netherlands	
Operation Banner	yes	British Armed Forces' operation in Northern Ireland from August 1969 to July 2007	1969-08
Operation Cedar Falls	yes	1967 military operation	1967-01
Operation Commando Hunt	yes	part of the Vietnam War (1968–1972)	1968-11
Operation Crosstie	yes	Series of 1960s US nuclear tests	
Operation Deckhouse Five	yes	1967 military operation	1967-01
Operation Dwarka	yes	1965 naval operation by the Pakistan Navy	1965-09
Operation Focus	yes	airstrike by Israel at the start of the Six-Day War in 1967	1967-06
Operation Green Sea	yes	1970 military operation	1970-11
Operation Hump	yes	part of the Vietnam War (1965)	1965-11
Operation Ivory Coast	yes	1970 military operation	1970-11
Operation Jefferson Glenn	yes	1970-71 joint US-South Vietnam military operation	1970-09
Operation Mandrel	yes	series of 53 American nuclear tests in 1969 and 1970	
Operation Pierce Arrow	yes	1964 U.S. aerial bombing campaign during the Vietnam War	1964-08
Operation Rolling Thunder	yes	US aerial bombing campaign against North Vietnam (1965–68)	1965-03
Operation Sealords	yes	military operation during the Vietnam War	
Operation Starlite	yes	1965 first major offensive action conducted by a U.S. military unit during the Vietnam War	
Operation Swift	yes	1967 military operation in the Vietnam War	1967-09
Opposition to United States involvement in the Vietnam War	yes	anti-war movement	
Oran	no	coastal city in Oran Province, Algeria	
Orange County, California	no	county in California, United States	
Orangeburg Massacre	yes	incident on February 8, 1968	1968-02
Orbit	no	curved path of an object around a point	
Order in Council	no	legislative order in many countries, particularly of Commonwealth realms	
Organisation armée secrète	yes	French dissident far-right paramilitary organization	
Organisation of African Unity	no	organization	
Organisation of Islamic Cooperation	no	international organization	
Organization of American States	no	international organization of states in the Americas	
Original Six	no	Group of National Hockey League teams	
Orkney	no	archipelago, county and council area in northern Scotland	
Orly Airport	no	international airport serving Paris, France	
Osaka	no	designated city in Osaka Prefecture, Japan	
Oslo	no	capital city of Norway	
Ostankino Tower	no	television and radio tower in Moscow, Russia	
Ostpolitik	no	normalization of relations between West Germany and Eastern Europe	
Oswaldo López Arellano	no	President of Honduras	
Ottawa Rough Riders	no	former Canadian Football League franchise	
Our World (1967 TV program)	no	1967 international television special	1967-06
Outer Space Treaty	yes	treaty that forms the basis of international space law	1967-01
Outer space	no	void between celestial bodies	
Overtime (sports)	no	additional period of play to bring a game to a decision	
Owerri	no	city in Nigeria	
Oxford, Ohio	no	city in Oxford Township, Butler County, Ohio, United States	
PAP–UMNO relations	yes	bilateral relation between political parties	
PARC (company)	no	American business (1970-)	
PSR B1919+21	no	pulsar in the constellation Vulpecula	
Pablo Neruda	no	Chilean poet and politician (1904-1973)	
Pacem in terris	yes	encyclical of Pope John XXIII	
Pacific Air Lines Flight 773	yes	aviation accident caused by hijacking	1964-05
Pacific Ocean	no	ocean between Asia, Australia and the Americas	
Pakistan	no	sovereign state in South Asia	
Pakistan Muslim League	no	right-wing political parties in Pakistan	
Pakistan People's Party	no	social-democratic political party in Pakistan	
Palestine	no	political entity that enjoys incomplete recognition as a state, located in West Asia	
Palestine Liberation Organization	no	Palestinian militant and political organization	
Palestinian National Council	no	legislative body of the Palestine Liberation Organization (PLO)	
Palestinian fedayeen	no	militants or guerrillas of a nationalist orientation from among Palestinians which are symbols of the Palestinian national movement	
Palestinian insurgency in South Lebanon	yes	1968–1982 conflict initiated by Palestinian militants against Israel and Christian Lebanese factions in Lebanon	
Palk Strait	no	strait between India and Sri Lanka	
Palle Sørensen	no	Danish murderer (1927–2018)	
Palmdale, California	no	city in Los Angeles County, California, United States	
Palmyra Atoll	no	uninhabited Pacific atoll and unorganized incorporated U.S. territory	
Palo Alto, California	no	city in Santa Clara County, California, United States	
Palomares, Almería	no	human settlement in Almería Province, Spain	
Pan Am	no	1927–2025 airline in the United States, former primary international carrier	
Pan Am Flight 214	yes	aviation accident	1963-12
Pan Am Flight 281	yes	aircraft hijacking	1968-11
Panama	no	sovereign state in Central America	
Panama Canal Zone	no	American concession in Panama between 1903 and 1979	1903-12
Panhandle (San Francisco)	no	park in San Francisco, California	
Papyrus	no	writing and painting material	
Paraná (state)	no	state in the South Region of Brazil	
Paris	no	capital and most populous city in France	
Paris Nanterre University	no	French university in the Academy of Versailles	
Park Chung Hee	no	3rd President of the Republic of Korea	
Parliament of Northern Ireland	no	legislature of Northern Ireland 1921–1972	
Parliament of the United Kingdom	no	supreme legislative body of the United Kingdom	
Partial Nuclear Test Ban Treaty	yes	1963 limited test ban treaty	1963-08
Patent Cooperation Treaty	yes	treaty	1970-06
Patent application	no	application filed at a patent office	
Patsy Cline	no	American country singer (1932–1963)	
Patterson–Gimlin film	no	alleged 1967 film of Bigfoot, shot by Bob Gimlin and Roger Patterson	
Paul Carlson	no	American physician (1928-1964)	
Paul McCartney	no	English musician and member of the Beatles (born 1942)	
Paul of Greece	no	King of Greece from 1947 to 1964	
Peanuts	no	comic strip by Charles M. Schulz	1950-10
Pelé	no	Brazilian footballer (1940–2022)	
Penal labour	no	work that prisoners are required to perform	
Penn Central Transportation Company	no	American Class I railroad (1968–1976)	
Pennine Way	no	long distance footpath in England	
Pennsylvania Railroad	no	American Class I railroad (1846-1968)	
Penny Lane	no	original song written and composed by Lennon-McCartney, first recorded by The Beatles	
Pentland Firth	no	sound between the Orkney Islands and Highland, Scotland, UK	
People's Liberation Army of Namibia	no	defunct militant organisation (1962-1990) in apartheid South West Africa	
People's Party (Puerto Rico)	no	former political party in Puerto Rico	
People's Socialist Republic of Albania	no	Marxist-Leninist government of Albania (1946–1992)	
Per Borten	no	25th Prime Minister of Norway (1913–2005)	
Permanent residency	no	status of a person in a country	
Persona non grata	no	foreign person whose entering or remaining in a particular country is prohibited by that country's government	
Personal computer	no	computer intended for use by an individual person	
Perth	no	capital city of Western Australia, Australia	
Peru	no	sovereign state in South America	
Pet Sounds	no	1966 studio album by the Beach Boys	
Pete Conrad	no	American astronaut and lunar explorer (1930–1999)	
Peter Arnett	no	American journalist (1934–2025)	
Peter Norman	no	Australian sprinter (1942-2006)	
Peter O'Toole	no	British-Irish actor (1932–2013)	
Petit-Clamart attack	yes	1962 attempt on De Gaulle’s life	1962-08
Philip Effiong	no	Nigerian politician (1925-2003)	
Philippines	no	archipelagic country in Southeast Asia	
Phillips Petroleum Company	no	defunct American oil company, predecessor of ConocoPhillips	
Phnom Penh	no	capital of Cambodia	
Phong Nhị and Phong Nhất massacre	yes	1968 killing of Vietnamese villagers reportedly by South Korean marines	1968-02
Piazza Fontana bombing	yes	terrorist attack carried out in Milan in 1969	1969-12
Pickles (dog)	no	dog	
Piedmont Airlines Flight 22	yes	mid-air collision	1967-07
Pierre Laporte	no	Canadian journalist, lawyer and politician (1921-1970)	
Pierre Trudeau	no	Prime Minister of Canada from 1968 to 1979 and 1980 to 1984 (1919–2000)	
Pieter van Vollenhoven	no	Dutch professor and royal (born 1939)	
Piper PA-28 Cherokee	no	1961 touring aircraft family by Piper	
Pirate radio	no	illegal or unregulated radio transmission	
Pittsburgh	no	city and county seat in Allegheny County, Pennsylvania, United States	
Pittsburgh Pirates	no	baseball team and Major League Baseball franchise in Pittsburgh, Pennsylvania, United States	
Pittsburgh Steelers	no	professional American football team based in Pittsburgh, Pennsylvania	
Plaid Cymru	no	left-wing nationalist political party in Wales	
Planet	no	celestial body directly orbiting a star or stellar remnant	
Planned community	no	detailed developed land	
Please Please Me	no	1963 debut studio album by The Beatles	
Point Pleasant, West Virginia	no	city and the county seat of Mason County, West Virginia, United States	
Policarpa Salavarrieta	no	heroine of the Colombian Independence Movement (1795–1817)	
Politburo	no	executive committee of a communist party	
Political party	no	organization that seeks to influence government policy and actions and be elected to directly take part on government or legislation	
Political prisoner	no	someone imprisoned because they have opposed or criticized the government responsible for their imprisonment	
Politics of Italy	no	political system in Italy	
Poll taxes in the United States	no	tax once levied in certain states of the United States as a precondition to voting	
Pope	yes	bishop of Rome and head of the Roman Catholic church	
Pope John Paul II	no	pope, cardinal, bishop, priest, author	
Pope John XXIII	no	priest, bishop, cardinal, pope	
Pope Paul VI	no	pope of the Catholic Church from 1963 to 1978 (1897–1978)	
Popular Democratic Party (Puerto Rico)	no	political party in Puerto Rico	
Popular Front for the Liberation of Palestine	no	Palestinian Marxist–Leninist organization	
Populorum progressio	yes	encyclical	
Port Harcourt	no	capital of Rivers State, Nigeria	
Port Huron Statement	yes	1962 political manifesto written by the Students for a Democratic Society (SDS)	
Portland, Oregon	no	seat of Multnomah County, and largest city in state of Oregon, United States	
Portsmouth	no	city in Hampshire, England, United Kingdom	
Portugal	no	country in Southwestern Europe	
Pound sterling	yes	official currency of the United Kingdom and other territories	1694-07
Poupée de cire, poupée de son	no	1965 song by France Gall	
Practice Statement	no	1966 statement made in the House of Lords	
Prague Spring	yes	period of liberalisation in Czechoslovakia from 5 January to 21 August 1968	
Precedent	no	principle or rule established in a previous legal case that is either binding on or persuasive for a court	
Premier of the Soviet Union	no	head of government of the Union of Soviet Socialist Republics	
Presidency of John F. Kennedy	no	35th presidential administration and cabinet of the USA (1961-1963)	
President for life	yes	presidential or dictatorial office without term limits	
President of Bolivia	no	public elective office; head of state and head of government of Bolivia	
President of Botswana	no	head of state and government of Botswana	
President of Brazil	no	head of state and head of government of Brazil	1889-11
President of Chile	no	head of state and government of Chile	
President of Egypt	no	head of state and government of Egypt	
President of France	no	head of state of France	
President of Italy	no	head of state of Italy	
President of Kenya	no	head of state and head of government of Kenya	
President of Mexico	no	head of state of the country of Mexico	
President of Uruguay	no	Uruguayan head of state and head of government	
President of the Philippines	no	head of state and head of government of the Philippines	
Presidential Commission on the Status of Women	no	JFK-era advisory body to the U.S. president	
Prime Minister of Australia	no	Head of Government of Australia	
Prime Minister of Canada	no	head of government of Canada	
Prime Minister of India	no	Head of the Government of India	
Prime Minister of Malaysia	no	head of government of Malaysia	
Prime Minister of South Africa	no	position	
Prime Minister of Sweden	no	head of government of Sweden	
Prime Minister of the United Kingdom	no	head of government of the United Kingdom	
Prime minister	no	most senior minister of cabinet in the executive branch of government in a parliamentary system	
Prince Claus of the Netherlands	no	Consort of the Netherlands (1980 - 2002)	
Prince Henrik of Denmark	no	Prince consort of Denmark from 1972 to 2018	
Prince Philip, Duke of Edinburgh	no	consort of Elizabeth II from 1952 to 2021 (1921-2021)	
Princess Margriet of the Netherlands	no	Dutch princess; third daughter of Juliana of the Netherlands and Prince Bernhard (born 1943)	
Principal dancer	no	dancer at the highest rank within a professional dance company	
Principality	no	monarchical feudatory or a sovereign state, ruled or reigned over by a monarch with the title of prince	
Principality of Hutt River	no	It was a micronation in Australia (C.E.1970–Now)	
Priscilla Presley	no	American actress and businesswoman	
Prisoner of war	no	person who is held in custody by a belligerent power during or immediately after an armed conflict	
Proclamation of Singapore	yes	document declaring the independence of Singapore from Malaysia	
Programming language	no	language for communicating instructions to a machine	
Project 596	yes	1964 nuclear test in China	1964-10
Project 639	yes	sixth Chinese nuclear test, 1967	1967-06
Project Mercury	yes	first human spaceflight program of the United States	
Promulgation (Catholic canon law)	no	publication of a Catholic canon law	
Proton	no	subatomic particle with positive charge	
Provinces of the Philippines	no	administrative division of the Philippines	
Provisional Irish Republican Army	no	Irish republican paramilitary group, 1969–2005	
Provisional government	no	temporary or emergency government body/authority created when none exists	
Public Broadcasting Act of 1967	yes	Statute in US law	
Pudasjärvi	no	town in the region of Northern Ostrobothnia in Finland	
Puerto Rican Independence Party	no	political party of Puerto Rico	
Puerto Rico	no	unincorporated territory of the United States of America	
Pulsar	no	highly magnetized, rapidly rotating neutron star or white dwarf	
Puppet on a String (Sandie Shaw song)	no	song written and composed by Bill Martin and Phil Coulter, originally performed by Sandie Shaw at the 1967 Eurovision Song Contest	
Qaboos bin Said	no	sultan of Oman from 1970 to 2020 (1940–2020)	
Quark	no	elementary particles that make up hadrons in the Standard Model of particle physics	
Quebec	no	province of Canada	
Quebec sovereignty movement	yes	movement for Québécois independence	
Queen Anne-Marie of Greece	no	Queen consort of Greece from 1964 to 1973	
Queen Elizabeth 2	no	former ocean liner and cruise ship from the United Kingdom	
Queen Elizabeth Hotel	no	building in Montreal, Quebec, Canada	
Queen Sofía of Spain	no	queen consort of Spain from 1975 to 2014	
Queen Sonja of Norway	no	Queen Consort of Norway (1991–2026)	
Queens Park Rangers F.C.	no	association football club in London, England	
Quảng Nam province	no	former province in central Vietnam	
Quảng Ngãi province	no	province of Vietnam	
Quảng Tín province	no	a historic province of South Vietnam	
R-9 Desna	no	1964 intercontinental ballistic missile of the Soviet Strategic Rocket Forces	
RMS Queen Mary	no	retired British ocean liner	
Rabat	no	capital city of Morocco	
Race Relations Act 1965	yes	Public General Act of Parliament of the United Kingdom	
Racial segregation in the United States	yes	race based restrictions in American society	
Racism	yes	race or ethnic-based discrimination	
Radfan	no	region of the Republic of Yemen	
Radical feminism	yes	radical perspective within feminism	
Radio Caroline	no	UK radio station launched in 1964 with pirate radio ship in international waters	
Radio telescope	no	form of directional radio antenna used in radio astronomy	
Radomiro Tomic	no	Chilean politician (1914–1992)	
Rafael Filiberto Bonnelly	no	President of the Dominican Republic (1904-1979)	
Rainier III of Monaco	no	Prince of Monaco from 1949 to 2005 (1923-2005)	
Ramón Villeda Morales	no	President of Honduras	
Ranger 3	no	US spaceprobe to the Moon	1962-01
Ranger 4	no	US unmanned spaceprobe	1962-04
Ranger 6	no	space probe	1964-01
Ranger 7	no	space probe	1964-07
Ranger 8	no	space probe	1965-02
Ranger program	yes	series of uncrewed space missions by the United States in the 1960s	
Raoul Salan	no	French general (1899–1984)	
Rapid transit	no	high-capacity public transport generally used in urban areas	
Ras Sedr massacre	yes	mass murder of dozens of Egyptian prisoners of war	1967-06
Rashid Karami	no	Lebanese politician (1921-1987)	
Rastafari	yes	monotheistic Abrahamic religion	
Real Madrid CF	no	association football club in Madrid, Spain	
Red Army Faction	yes	West German far-left militant organisation (1970–1998)	
Red Sea	no	seawater inlet of the Indian Ocean	
Reef	no	feature lying beneath the surface of the water	
Referendum	no	direct and universal vote in which an entire electorate is invited to vote on a particular proposal	
Reg Turnbull	no	medical practitioner and politician in Tasmania, Australia (1908–2006)	
René Barrientos	no	President of Bolivia (1919–1969)	
René Cogny	no	French general (1904–1968)	
René Lévesque	no	Québécois politician and journalist (1922–1987)	
René Schneider	no	Chilean general (1913–1970)	
Republic	no	form of government where the head of state is elected	
Republic of Dahomey	no	former country	
Republic of Ireland	no	country in Northwestern Europe	
Republic of Upper Volta	no	former country (1958–1984) in West Africa	
Republic of the Congo	no	country in Central Africa, capital Brazzaville	
Republican National Convention	yes	series of presidential nominating conventions held every four years since 1856 by the United States Republican Party	
Republican Party (United States)	no	American political party	
Republican People's Party	no	social-democratic political party in Turkey	
Request for Comments	no	publication of the development and standards for the Internet	
Rescue Agreement	yes	treaty setting forth rights and obligations of states concerning the rescue of persons in space	
Reserve Officers' Training Corps	no	military officer training program for the United States armed forces	
Revolver (Beatles album)	no	1966 studio album by the Beatles	
Rex Harrison	no	British actor (1908–1990)	
Rhodesia	no	unrecognised state in Southern Africa (1965–1979)	
Rhodesia's Unilateral Declaration of Independence	yes	Declaration of independence from the United Kingdom	1965-11
Rice University	no	private university in Houston, Texas, USA	
Richard Attenborough	no	British actor (1923–2014)	
Richard F. Gordon Jr.	no	American astronaut (1929–2017)	
Richard Helms	no	Director of the Central Intelligence Agency (1913–2002)	
Richard Nixon	no	president of the United States from 1969 to 1974 (1913–1994)	
Richard Oakes (activist)	no	Mohawk Native American activist (1942–1972)	
Richard Speck	no	American mass murderer (1941–1991)	
Richmond, Indiana	no	city in Indiana, United States	
Richmond, Indiana explosion	yes	explosion in Richmond, Indiana, United States of America (1958)	1968-04
Right of asylum	no	juridical notion	
Right-wing politics	yes	political alignment favoring social hierarchy	
Rio de Janeiro	no	city of Rio de Janeiro state, Brazil	
Rivers of Blood speech	yes	1968 speech by British politician Enoch Powell	1968-04
Rivonia Trial	yes	South Africa trial which imprisoned Nelson Mandela	
Robben Island (prison)	no	Maximum Security Prison at Robben Island, Cape Town	
Robert Askin	no	Australian politician and Premier of New South Wales (1907–1981)	
Robert F. Kennedy	no	American politician and lawyer (1925–1968)	
Robert J. Flynn	no	US Navy flight officer (1937-2014)	
Robert McNamara	no	American businessman and Secretary of Defense (1916-2009)	
Robert Menzies	no	Australian politician, 12th Prime Minister of Australia (1894-1978)	
Robert P. McCulloch	no	American entrepreneur and city founder (1911–1977)	
Robert Rayford	no	American teenager who died in 1969, thought to be the first death from AIDS in North America	
Roberto Marcelo Levingston	no	President of Argentina (1920-2015)	
Roberto Sánchez Vilella	no	Puerto Rican politician (1913-1997)	
Robin Knox-Johnston	no	English yacht racer	
Rochdale A.F.C.	no	association football club in Rochdale, England	
Rocket mail	no	mail delivery by rockets or missiles	
Rockville, Maryland	no	city in and seat of Montgomery County, Maryland, United States; suburb of Washington, D.C.	
Rodney riots	yes	riots and civil disturbances in Kingston, Jamaica in October 1968	1968-10
Rogelio Miranda	no	Bolivian general and diplomat	
Roger B. Chaffee	no	United States Navy commander, NASA astronaut (1935–1967)	
Rogers Pass (British Columbia)	no	mountain pass in British Columbia, Canada	
Roman Polanski	no	French-Polish filmmaker (born 1933)	
Romania	no	country in Southeast Europe	
Romanian Communist Party	no	communist party in Romania (1921–1989)	
Rome sit-ins	no	American civil rights protest in Rome, Georgia (1963)	
Ron Lancaster	no	Canadian football player and coach (1938-2008)	
Ronald Reagan	no	president of the United States from 1981 to 1989 and actor (1911–2004)	
Ronald Ryan	no	Australian murderer (1925–1967)	
Ronan Point	no	22-storey tower block in Canning Town in the London Borough of Newham, which partly collapsed on 16 May 1968	1968-05
Rosariazo	yes	1969 anti-government protest movement in Rosario, Santa Fe, Argentina	1969-05
Rosario	no	city in Argentina	
Rosemary's Baby (film)	no	1968 film directed by Roman Polanski	
Roseville, Minnesota	no	city in Ramsey County, Minnesota, United States	
Rotaract	no	youth organisation of Rotary International	
Royal Air Force	no	aerial warfare service branch of the British Armed Forces	
Royal Albert Hall	no	concert hall in South Kensington, London, England, United Kingdom	
Royal Australian Navy	no	naval warfare branch of the Australian Defence Force	
Royal Australian Regiment	no	administrative regiment for regular infantry battalions of the Australian Army	
Royal Navy	no	maritime service branch of the British Armed Forces	
Royal Ulster Constabulary	no	former police force in Northern Ireland	
Rubén Jaramillo	no	folla burros	
Rudi Dutschke	no	German student activist (1940–1979)	
Rudolf Abel	no	Soviet intelligence officer (1903–1971)	
Rum ration	no	daily amount of rum given to sailors on Royal Navy ships	
Rural area	no	geographic area that is located outside towns and cities	
Russian Academy of Sciences	no	academy of sciences	
Russian language	no	East Slavic language	
Rusty Schweickart	no	American astronaut	
Rwanda	no	country in East Africa	
Régis Debray	no	intellectual, journalist, official, professor	
S&P 500	no	American stock market index	
S-75 Dvina	no	surface-to-air missile system	
S-IVB	no	second stage of the Saturn IB rocket and third stage of the Saturn V rocket	
S.L. Benfica	no	professional association football club based in Lisbon, Portugal	
SEACOM (Asian cable system)	no	telephone cable linking Hong Kong with Malaysia	
SEALAB	no	experimental underwater habitats developed by the United States Navy	1964-07
SNAP-10A	no	experimental nuclear reactor launched into space in 1965	1965-04
SRI International	no	American scientific research institute (founded 1946)	
SS United States	no	American ocean liner	
SWAPO	no	political party in Namibia, formerly organization	
Saarland	no	state of the Federal Republic of Germany	
Saas-Fee	no	municipality in the canton of Valais, Switzerland	
Sabah	no	state of Malaysia	
Saddam Hussein	no	Iraqi politician and revolutionary, president of Iraq from 1979 to 2003	
Saeb Salam	no	Prime Minister of Lebanon (1905–2000)	
Sahara	no	desert on the African continent	
Said bin Taimur	no	Sultan of Muscat and Oman (1910-1972)	
Saigon Execution	no	1968 photograph by Eddie Adams	
Saint-Laurent-du-Pont	no	commune in Isère, France	
Salah Jadid	no	Syrian major general	
Salt Lake City International Airport	no	international airport in Salt Lake City, Utah, United States	
Salvador Allende	no	28th president of Chile (1908–1973	
Samoa	no	sovereign state made up of six islands in the Pacific Ocean	
Samuel Barber	no	American composer (1910-1981)	
San Clemente Island	no	island in Los Angeles County, California, United States, southernmost of the Channel Islands of California	
San Francisco	no	city and county in California, US	
San Francisco Bay	no	bay of the Pacific Ocean on the California coast of the United States	
San Francisco International Airport	no	international airport near San Francisco, California, U.S.	
San Ramon, California	no	city in Contra Costa County, California, United States	
San Sebastián	no	municipality in Basque Country, Spain	
San Siro	no	multisports venue in Milan, Italy	
Sanatorium	no	residential facility providing health care for patients convalescing from long-term illnesses like tuberculosis	
Santa Barbara County, California	no	county in southern California, United States	
Santa Barbara, California	no	city in and county seat of Santa Barbara County, California, United States	
Santa Monica, California	no	beachfront city in Los Angeles County, California, United States	
Sarawak	no	state of Malaysia	
Saskatchewan Roughriders	no	professional Canadian football team based in Regina, Saskatchewan	
Satellite	no	human-made object put into an orbit	
Satellite state	no		
Saturn V	no	American human-rated launch vehicle	
Saud of Saudi Arabia	no	King of Saudi Arabia from 1953 to 1964	
Saudi Arabia	no	country in West Asia	
Sazae-san	no	Japanese manga series	1946-04
Scheveningen	no	district of The Hague	
School prayer in the United States	no		
Schutzstaffel	no	Nazi paramilitary organization (1925–45) with the Waffen-SS as a military branch; conducted the mass murder of the European Jews (holocaust)	
Scooby-Doo	no	American media franchise	
Scooby-Doo, Where Are You!	no	animated television series	1969-09
Scopes trial	yes	1925 legal case in Tennessee, USA	
Scott Carpenter	no	American test pilot, astronaut and aquanaut (1925–2013)	
Sea of Galilee	no	largest freshwater lake in Israel	
Sea of Japan	no	marginal sea between Japan, Russia, and Korea	
Seaboard Air Line Railroad	no	former American railroad (1900-1967)	
Seaboard Coast Line Railroad	no	transport company	
Seattle	no	city in and county seat of King County, State of Washington, United States	
Second Vatican Council	yes	Roman Catholic council, met 1962 to 1965	1962-10
Second inauguration of Lyndon B. Johnson	yes	45th United States presidential inauguration	1965-01
Secretary of State for Commonwealth Affairs	no	United Kingdom government cabinet minister; 1966–1968	
Secretary of State for Commonwealth Relations	no	United Kingdom government cabinet minister; 1947–1966	
Secretary-General of the United Nations	no	chief administrative officer and head of the United Nations	
Selective Service System	no	US federal government agency that maintains information on those potentially subject to military conscription	
Self-immolation	no	ritualistic and political suicide method	
Seliger Forschungs- und Entwicklungsgesellschaft mbH	no	organization	
Selma to Montgomery marches	yes	1965 march for African-American citizens to exercise their constitutional right to vote	1965-03
Selma, Alabama	no	city in and county seat of Dallas County, Alabama, United States	
Semipalatinsk Test Site	no	nuclear test site in Kazakhstan	
Senate of Chile	no	Upper house of Chile's National Congress	
Senegal	no	country on the coast of West Africa	
Seoul	no	capital and largest city of South Korea	
Seppuku	no	Japanese ritual suicide by disembowelment	
Seretse Khama	no	First President of Botswana (1921–1980)	
Serge Gainsbourg	no	French singer, songwriter, composer, writer, actor and director (1928–1991)	
Sesame Street	no	American children's television program	1969-11
Seán Lemass	no	Irish politician (1899-1971)	
Sgt. Pepper's Lonely Hearts Club Band	no	1967 studio album by The Beatles	
Sharon Tate	no	American actress and model (1943–1969)	
Shepherd's Bush murders	yes	1966 murder	1966-08
Sherman Brothers	no	American songwriting duo	
Shinkansen	no	Japanese high-speed rail system	
Siad Barre	no	Head of State of Somalia (1919–1995)	
Sialkot	no	city in Punjab, Pakistan	
Sicilian Mafia	no	organized crimes syndicate originating in Sicily, Italy	
Sicily	no	island in the Mediterranean, region of Italy	
Sidney Poitier	no	Bahamian and American actor and diplomat (1927–2022)	
Sierra Leone	no	sovereign state in West Africa	
Silicon Valley	no	region of Northern California in the United States	
Silver Bridge	no	bridge between West Virginia and Ohio	
Silver certificate (United States)	yes	type of United States paper currency used between 1878 and 1964	
Sinai Peninsula	no	peninsula in the Red Sea	
Singapore	no	sovereign island country and city-state in maritime Southeast Asia	
Sino-Indian War	yes	1962 war between India and China	1962-10
Sino-Soviet border conflict	yes	1969 undeclared conflict between USSR and People's Republic of China	1969-03
Sino-Soviet split	yes	the breaking of political relations between the People's Republic of China (PRC) and the Union of Soviet Socialist Republics (USSR)	
Sirhan Sirhan	no	assassin of U.S. Senator Robert F. Kennedy (born 1944)	
Sisowath Kossamak	no	Queen consort of Cambodia	
Sit-in	no	form of direct action that involves one or more people occupying an area for a protest	
Six-Day War	yes	1967 war between Israel and Egypt, Jordan, and Syria	1967-06
Skopje	no	capital city of North Macedonia	
Skull Valley (Utah)	no	valley in Tooele County, Utah, United States of America	
Slavery in Oman	no		
Smallpox	no	eradicated human disease	
Smog	yes	severe air pollution	
Sobibor extermination camp	no	Nazi extermination camp in south-eastern Poland	
Social Democratic Party of Germany	no	centre-left political party in Germany	
Social Security Amendments of 1965	yes	act of Congress in the United States	
Socialist Federal Republic of Yugoslavia	no	Central and Southeast European socialist state (1945–1992)	
Socialist Party of Chile	no	political party in Chile	
Socialist Republic of Bosnia and Herzegovina	no	federated state of Bosnia and Herzegovina within Yugoslavia from 1943 to 1992	
Socialist Republic of Romania	no	1965–1989 republic in Southeastern Europe	
Socialist state	no	sovereign state constitutionally dedicated to the establishment of socialism	
Solar Saros 129	no	Saros cycle series 129 for solar eclipses	1103-10
Solar Saros 130	no	Saros cycle series 130 for solar eclipses	1096-08
Solar Saros 134	no	Saros cycle series 134 for solar eclipses	1248-06
Solar Saros 135	no	series of solar eclipses	1331-07
Solar Saros 140	no	Saros cycle series 140 for solar eclipses	1512-04
Solar Saros 142	no	Solar saros series	1624-04
Solar Saros 144	no	series of solar eclipses	1736-04
Solar eclipse	no	natural phenomenon wherein the Sun is obscured by the Moon	
Solar eclipse of August 31, 1970	yes	20th-century annular solar eclipse	1970-08
Solar eclipse of February 5, 1962	yes	20th-century total solar eclipse	1962-02
Solar eclipse of January 25, 1963	yes	annular solar eclipse	1963-01
Solar eclipse of July 31, 1962	yes	20th-century annular solar eclipse	1962-07
Solar eclipse of March 18, 1969	yes	20th-century annular solar eclipse	1969-03
Solar eclipse of May 9, 1967	yes	20th-century partial solar eclipse	1967-05
Solar eclipse of November 2, 1967	yes	20th-century total solar eclipse	1967-11
Solar eclipse of September 11, 1969	yes	20th-century annular solar eclipse	1969-09
Soldier Field	no	Football stadium in Chicago, Illinois, United States	
Somalia	no	sovereign state in Africa	
Sonny Liston	no	American boxer (c. 1930–1970)	
Sonny Liston vs. Cassius Clay	yes	Boxing match	1964-02
Sounding rocket	no	sub-orbital rocket carrying scientific instruments	
South Africa	no	country in southern Africa	
South African Airways Flight 228	yes	aviation accident	1968-04
South African Border War	yes	war on the border of South West Africa/Namibia and Angola	1966-08
South African Police	no	law enforcement agency from 1913 to 1994	
South Carolina	no	state of the United States of America	
South Vietnam	no	former state in Southeast Asia	
South Vietnam Air Force	no	former aerial branch of the Republic of Vietnam military Forces	
South Wales	no	geographical region of Wales	
South West Africa	yes	former country, a mandate of South Africa	
South Yemen	no	1967–1990 state in Western Asia	
Southampton	no	city and major port in Hampshire, South-East England, United Kingdom	
Southcentral Alaska	no	region of the U.S. state of Alaska	
Southeast Asia	no	south-eastern region of Asia	
Southern Airways Flight 932	yes	aviation accident	1970-11
Southern California	no	geographic and cultural region	
Southern Rhodesia	no	a landlocked self-governing colony of the British Empire in present-day Zimbabwe (1923–1980); initially administered by the British South Africa Company, with politics dominated by the white settler minority through racially discriminatory laws	
Souvanna Phouma	no	Prime Minister of Laos (1901–1984)	
Sovereignty	no	supreme authority within a territory, as well as external autonomy from other states	
Soviet Central Asia	no	region in the Soviet Union	
Soviet Union	no	former country in Eurasia (1922–1991)	
Soviet Union national football team	no	former men's national association football team representing the Soviet Union	
Soviet submarine B-59	no	submarine whose onboard situation could have started World War III	
Soviet submarine K-129 (1960)	no	1959 Golf-class submarine	
Soviet submarine K-19	no	1959 Hotel-class submarine	
Soviet submarine K-33	no	1960 Hotel-class submarine	
Soyuz 1	yes	first crewed flight of the Soyuz programme	1967-04
Soyuz 4	yes	crewed flight of the Soyuz programme	1969-01
Soyuz 5	yes	spaceship	1969-01
Soyuz 9	yes	crewed flight of the Soyuz programme	1970-06
Space capsule	no	type of modular spacecraft which uses a reentry capsule to enter an atmosphere intact	
Space probe	no	unmanned robotic spacecraft that doesn't orbit the Earth, but, instead, explores further into outer space	
Space rendezvous	yes	orbital maneuver	
Space suit	no	gas-tight protective suit for astronauts who are in the vacuum of space	
Spacecraft	no	vehicle or machine designed to fly in space	
Spaceflight	no	travel or transportation into or through space	
Spain	no	country in southwestern Europe with territories in Africa	
Spain in the Eurovision Song Contest	no	overview about Spain in the Eurovision Song Contest	
Spain national football team	no	men's national association football team representing Spain	
Spandau Prison	no	former prison building in Spandau, Berlin	
Spanish Civil War	yes	war between the Republicans and the Nationalists in Spain from 1936 to 1939	1936-07
Special Olympics	no	sports organization for people with intellectual disabilities	
Speed of sound	no	distance travelled during a unit of time by a sound wave propagating through an elastic medium	
Spiegel affair	yes	major political scandal in West Germany	
Spirit of Columbus	no	Cessna 180 Skywagon that was flown around the world	
Spiro Agnew	no	vice president of the United States from 1969 to 1973	
Splashdown	yes	method of landing a spacecraft, usually by parachute, in a body of water	
St. John's, Newfoundland and Labrador	no	capital and largest city of the province of Newfoundland and Labrador, Canada	
St. Louis	no	independent city in Missouri, United States	
Stanley Cup	yes	championship trophy awarded annually in the National Hockey League	
Star of India (gem)	no	one of the largest star sapphires in the world	
State funeral of John F. Kennedy	yes	state funeral	1963-11
State of Katanga	no	unrecognised historical state in Africa	
State of emergency	yes	legal declaration or de facto acts by a government allowing assumption of extraordinary powers	
State reform in Belgium	no	Revision of Constitution of Belgium to create a federal state	
Statute of limitations	no	enactment in a common-law legal system	
Steam locomotive	no	railway locomotive which generates its tractive power from a steam engine	
Stefanos Stefanopoulos	no	Prime Minister of Greece (1898-1982)	
Steve McQueen	no	American actor (1930-1980)	
Stig Wennerström (colonel)	no	Swedish spy (1906–2006)	
Stockholm	no	capital and largest city of Sweden	
Stockport	no	town in Greater Manchester, England	
Stockport air disaster	yes	aviation accident	1967-06
Stonewall riots	yes	1969 LGBT rights demonstrations in New York City, United States	1969-06;1969-07
Straits of Tiran	no	straits between Sinai peninsula in Egypt and the Saudi Arabian island of Tiran	
Strategic Arms Limitation Talks	yes	two rounds of bilateral conferences and corresponding international treaties involving the United States and the Soviet Union	1979-06
Strategic bombing	no	military attacks by air aimed at destroying a country's ability to make war and will to fight	
Strawberry Fields Forever	no	original song written and composed by Lennon-McCartney, first recorded by The Beatles	
Strike action	yes	work stoppage caused by the mass refusal of employees to work	
Student activism	no	work by students to cause political, environmental, economic, social change	
Students for a Democratic Society	no	student activist movement, defunct	
Suat Hayri Ürgüplü	no	Prime Minister of Turkey (1903–1981)	
Submarine	no	watercraft capable of independent operation underwater	
Substitute (association football)	no	replacement player in association football (soccer)	
Sud Aviation Caravelle	no	French twin-jet narrow-body airliner produced 1958–1972	
Sudan	no	country in Northeast Africa	
Suez Canal	no	artificial sea-level waterway in Egypt	
Suharto	no	2nd President of Indonesia (1968—1998) and Acting President of Indonesia (1967—1968)	
Sukarno	no	1st President of Indonesia (1901—1970)	
Summary execution	no	execution immediately after being accused of a crime, without a fair trial; usually understood to mean capture, accusation, and execution all conducted during a very short span of time	
Summer of Love	no	mid 1967 social and political phenomenon in San Francisco, California, USA	1967-06
Supersemar	no	Security and order letter mandated by President Soekarno to Army Commander Soeharto	
Supersonic transport	no	commercial airliner able to fly faster than the speed of sound	
Supreme Court of the United States	no	highest court of jurisdiction in the United States of America	
Supreme Headquarters Allied Powers Europe	no	NATO headquarters in Belgium	
Surface-to-air missile	no	ground-launched missile designed to attack aerial targets	
Surgeon General of the United States	no	head of the U.S. Public Health Service Commissioned Corps	
Surtsey	no	volcanic island located in the Vestmannaeyjar archipelago off the southern coast of Iceland	
Surveyor 1	no	US unmanned lunar lander	1966-05
Surveyor 3	no	third lander of the American uncrewed Surveyor program sent to explore the surface of the Moon	1967-04
Surveyor program	yes	1960s NASA program that sent robotic probes to the Moon	
Suspect	yes	known person suspected of committing a crime	
Suspension bridge	no	type of bridge	
Svetlana Alliluyeva	no	Joseph Stalin's daughter (1926–2011)	
Sweden	no	country in Northern Europe	
Swissair	no	defunct national airline of Switzerland	
Switzerland	no	country in Central Europe	
Syncom	no	American geostationary communication satellites	
Syria	no	country in West Asia	
São Caetano do Sul	no	municipality of São Paulo state, Brazil	
São Paulo	no	largest city of Brazil, and capital of the State of São Paulo	
Süleyman Demirel	no	9th President of the Republic of Turkey (1924-2015)	
Sơn Tây, Hanoi	no	ward of Hanoi, Vietnam	
TABSO Flight 101	yes	crash in 1966, near Bratislava in Slovakia	1966-11
TASS	no	Russian state-owned news agency	
TNT equivalent	no	class of units of measurement for explosive energy	
TSMS Lakonia	no	Dutch-built ocean liner that caught fire and sank in 1963	
TV Globo	no	Brazilian commercial television network	
TVB	no	television broadcasting company based in Hong Kong	
TVRI	no	Indonesian public television network	
TWA Flight 840 (1969)	yes	Hijacked flight on 29 August 1969 by the PFLP	1969-08
Taal Volcano	no	active volcano in the Philippines	
Tab (drink)	no	soft drink	
Tage Erlander	no	Swedish 20th century prime minister (1901-1985)	
Taiwan	no	country in East Asia	1912-01
Taiz	no	city in the Yemeni Highlands	
Tampere	no	city in the region of Pirkanmaa in Finland	
Tampere Ice Stadium	no	ice hall in Tampere, Finland	
Tanganyika (1961–1964)	no	country in East Africa from 1961 to 1964	
Tank	no	armored fighting vehicle intended as a primary offensive weapon in front-line ground combat	
Tanzania	no	country in East Africa	
Taoiseach	no	head of government and prime minister of Ireland	
Target Corporation	no	American retailer and supermarket chain	
Tashkent	no	capital of Uzbekistan	
Tashkent Declaration	yes	peace agreement between India and Pakistan advocated by USSR	1966-01
Tasmania	no	state of Australia	
Tatenokai	no	private militia in Japan (1968-70)	
Tate–LaBianca murders	yes	1969 homicides by the Manson Family in Los Angeles	1969-08
Ted Kennedy	no	United States Senator from Massachusetts from 1962 to 2009	
Teleprinter	no	device for transmitting messages in written form by electrical signals	
Telescope	no	instrument that aids in the observation of remote objects	
Television	no	telecommunication medium for transmitting and receiving moving images	
Television station	no	organization that transmits content on television	
Telstar	no	The name of various communications satellites	
Tennessee	no	state of the United States of America	
Teresa of Ávila	no	Roman Catholic saint (1515-1582)	
Terminal Island	no	island in Los Angeles County, California, United States	
Terrorism	yes	use of violence as a form of political, economic or religious coercion	
Tet Offensive	yes	1968 military campaign during the Vietnam War	1968-01
Texas	no	state of the United States of America	
Thailand	no	country in Southeast Asia	
Thalidomide	no	immunomodulatory drug known for its ability to cause birth defects	
Thalidomide scandal	yes	medical condition	
That Was the Week That Was	no	television series	1962-11
The Angry Brigade	yes	British urban guerilla group (1970–1972)	
The Bahamas	no	island sovereign state in the West Indies	
The Beach Boys	no	American rock band	
The Beatles	no	English pop rock band (1960–1970)	
The Beatles (album)	no	1968 studio album by the Beatles	
The Beatles on The Ed Sullivan Show	no	appearances of The Beatles on The Ed Sullivan Show	
The Beatles' 1966 US tour	yes	1966 concert tour by The Beatles	1966-08
The Buddha	no	Indian philosopher and the founder of Buddhism (623 or 563 BCE – 543 or 483 BCE)	
The Coca-Cola Company	no	American multinational beverage corporation	
The Colisée	no	stadium in Lewiston, Maine, U.S	
The Doors	no	American rock band	
The Ed Sullivan Show	no	American television series	1948-06
The Factory	no	Andy Warhol's New York City studio	
The Flying Wallendas	no	acrobatic performers	
The Gambia	no	sovereign state in West Africa	
The Great Escape (film)	no	1963 American film by John Sturges	
The Jungle Book (1967 film)	no	1967 animated film directed by Wolfgang Reitherman	
The Kingsmen	no	American rock band	
The Kinks Are the Village Green Preservation Society	no	album by The Kinks	
The Little Mermaid (statue)	no	1913 bronze statue by Edvard Eriksen in Copenhagen, Denmark	
The Mother of All Demos	yes	1968 computer demonstration by Douglas Engelbart	1968-12
The New York Times	no	American daily newspaper (founded 1851)	
The Nutcracker	yes	Tchaikovsky ballet	
The Pentagon	no	headquarters of the United States Department of Defense; named after the shape of the building, a polygon with five (greek: penta) sides	
The Plain Dealer	no	major daily newspaper of Cleveland, Ohio, U.S.	
The Rolling Stones	no	British rock band	
The Saturday Evening Post	no	American magazine	
The Sound of Music (film)	no	1965 film by Robert Wise	
The Standard (London newspaper)	no	daily tabloid newspaper in London	
The Sun (United Kingdom)	no	British tabloid newspaper	
The Tragedy of Gate 12	yes	stampede at River Plate Stadium in Buenos Aires, Argentina	1968-06
The Troubles	yes	1960s–1990s conflict in Northern Ireland	
The Vigilant	no	defunct newspaper in Sudan	
Their Satanic Majesties Request	no	1967 studio album by the Rolling Stones	
Thermonuclear weapon	no	2-stage nuclear fission/fusion weapon	
Thomas E. Kurtz	no	American computer scientist and educator (1928–2024)	
Thomas P. Stafford	no	American astronaut (1930–2024)	
Thor Heyerdahl	no	Norwegian anthropologist and adventurer (1914-2002)	
Three Rivers Stadium	no	stadium in Pittsburgh, Pennsylvania, US	
Thunderbirds (TV series)	no	TV series (1965–1966)	1965-09
Thurgood Marshall	no	Associate Justice of the Supreme Court of the United States from 1967 to 1991 (1908–1993)	
Thích Quảng Đức	no	Vietnamese monk who self-immolated in 1963	
Thích Trí Quang	no	Vietnamese Buddhist monk (1924–2019)	
Tigran Petrosian	no	Soviet Armenian Grandmaster and World Chess Champion	
Tim Rice	no	British lyricist and author	
Times Square	no	neighborhood and square in Manhattan, New York City, United States	
Tlatelolco massacre	yes	Social movement of Mexico	1968-10
Tlatelolco, Mexico City	no	area in the Cuauhtémoc borough of Mexico City	
Togo	no	country in West Africa	
Tom Hayden	no	American activist (1939–2016)	
Tommie Smith	no	American track and field athlete	
Tonga	no	sovereign state in Oceania, situated on an archipelago	
Tonghai County	no	Yunan, Yuxi city county	
Tony Verna	no	American television director (1933-2015)	
Topeka, Kansas	no	capital city of the U.S. state of Kansas and seat of Shawnee County	
Tornado outbreak sequence of June 1966	yes	weather event in the United States	
Toronto	no	capital and largest city of the province of Ontario, Canada	
Toronto Maple Leafs	no	National Hockey League franchise in Toronto, Ontario, Canada	
Toronto Pearson International Airport	no	international airport in Toronto, Canada	
Torrey Canyon oil spill	yes	1967 oil spill off the coast of the UK	
Toulouse	no	French commune and city in Haute-Garonne, Occitania	
Trans World Airlines	no	defunct airline in the United States (1930–2001)	
Trans-Canada Air Lines Flight 831	yes	plane crash	1963-11
Trans-Canada Highway	no	highway and highway system in Canada	
Transatlantic crossing	no	passages of passengers and cargo across the Atlantic Ocean	
Transition to the New Order	no	Period of Indonesian history	
Treaty on Basic Relations Between Japan and the Republic of Korea	yes	treaty signed on June 22, 1965, establishing basic diplomatic relations between Japan and South Korea	1965-06
Treaty on the Non-Proliferation of Nuclear Weapons	yes	international treaty limiting the spread of nuclear weapons	1968-07
Treblinka extermination camp	no	Nazi extermination camp in eastern occupied Poland	
Trial in absentia	no	criminal proceeding in which the defendant is not physically present	
Trinidad and Tobago	no	island sovereign state in the Caribbean	
Trofim Lysenko	no	Soviet agronomist and biologist (1898-1976)	
Trois Glorieuses (1963)	yes	1963 uprising in Congo-Brazzaville	1963-08
Trolleybus	no	electric bus that draws power from dual overhead wires	
Tropical cyclone	no	rapidly rotating storm system that forms in the tropics	
Truman Capote	no	American writer (1924-1984)	
Trương Đình Dzu	no	South Vietnamese politician	
Trần Văn Đôn	no	South Vietnamese commander	
Tsurumi rail accident	yes	train accident in Japan	1963-11
Tsutomu Hata	no	80th Prime Minister of Japan (1935-2017)	
Tuberculosis	no	infectious disease caused by the bacterium Mycobacterium tuberculosis	
Tunisia	no	country in North Africa	
Tunku Abdul Rahman	no	first Prime Minister of Malaysia (1903-1990)	
Tupolev Tu-144	no	Soviet supersonic airliner	
Turkey	no	country in West Asia and Southeast Europe	
Turkish Cypriots	no	ethnic group; Cypriots of Turkish ancestry	
Tuskar Rock, Ireland	no	island in Ireland	
Twenty-fifth Amendment to the United States Constitution	yes	1967 amendment enumerating presidential succession	
Twenty-fourth Amendment to the United States Constitution	yes	1964 amendment prohibiting poll taxes	
Typhoon Carmen (1965)	yes	Pacific typhoon in 1965	1965-10
Typhoon Wanda (1962)	yes	Pacific typhoon in 1962	1962-08
Tysons Corner Center	no	shopping mall in Virginia, United States	
U Thant	no	UN Secretary-General from 1961 to 1971	
U.S. state	no	constituent political entity of the United States of America	
UAC TurboTrain	no	early high-speed, gas turbine train	
UEFA Champions League	yes	European association football tournament	
UEFA Euro 1968	yes	3rd European association football championship	1968-06
UFOs of Pudasjärvi	yes	Finnish UFO sightings between 1960s and 1970s	1967-11
UGM-27 Polaris	no	two-stage solid-fuel nuclear-armed submarine-launched ballistic missile	
UN Trade and Development	no	organization	
UNESCO	no	specialised agency of the United Nations for education, sciences, and culture	
USK Praha	no	Czech sports club	
USS Card	no	1942 Bogue-class escort carrier	
USS Constellation (CV-64)	no	1960 Kitty Hawk-class aircraft carrier	
USS Enterprise (CVN-65)	no	former Enterprise-class aircraft carrier launched in 1960 and decommissioned in 2017	
USS Frank E. Evans	no	1944 Allen M. Sumner-class destroyer	
USS Gato (SSN-615)	no	1964 Permit-class submarine	
USS Liberty incident	yes	1967 Israeli attack on American navy ship	1967-06
USS Maddox (DD-731)	no	1944 Allen M. Sumner-class destroyer	
USS Scorpion (SSN-589)	no	1959 Skipjack-class submarine that sunk on May 22, 1968 without conclusive explanation	
USS Thresher (SSN-593)	no	1960 Permit-class submarine	
USS Ticonderoga (CV-14)	no	1944 Essex-class aircraft carrier	
UWC Atlantic	no	independent (private) residential Sixth Form College in the United Kingdom	
Udo Jürgens	no	Austrian singer and composer (1934–2014)	
Uganda	no	country in East Africa	
Ulrike Meinhof	no	German left-wing militant, journalist and author (1934–1976)	
Umuahia	no	City in the Eastern land, Nigeria	
Uncrewed spacecraft	no	spacecraft without people on board, used for robotic spaceflight	
Underground nuclear weapons testing	no	test detonation of nuclear weapons that is performed underground	
Underwater archaeology	no	archaeology of underwater sites and artifacts	
Uniform Time Act	yes	United States timekeeping and daylight saving time law	
Unilateral declaration of independence	no	assertion of the independence of an aspiring state or states	
Union Minière du Haut-Katanga	no	company	
Unionville, Missouri	no	city in and county seat of Putnam County, Missouri, United States	
Unitarian Universalism	no	liberal religion formed in 1961 by the merger of the Unitarians and the Universalists	
United Air Lines Flight 227	yes	1965 aviation accident	1965-11
United Air Lines Flight 297	yes	1962 aviation accident	1962-11
United Arab Republic	no	Middle Eastern state between 1958 and 1961 in the present territories of Egypt and Syria	
United Farm Workers	no	American labor organization	
United Kingdom	no	island country in north-west Europe	
United Kingdom in the Eurovision Song Contest	no		
United Methodist Church	no	Methodist Mainline Protestant denomination based in the United States	
United Nations	no	global international and intergovernmental organization	
United Nations Development Programme	no	global network for development of United Nations	
United Nations Emergency Force	yes	UN peacekeeping efforts in Egypt-Israel	
United Nations General Assembly	no	principal organ of the United Nations	
United Nations Industrial Development Organization	no	United Nations specialized agency	
United Nations Security Council	no	one of the six principal organs of the UN, charged with the maintenance of international peace and security	
United Nations Security Council Resolution 216	yes	United Nations Security Council resolution	
United Nations Security Council Resolution 217	yes	United Nations Security Council resolution	
United Nations Security Council Resolution 230	yes	United Nations Security Council resolution	
United Nations Security Council Resolution 242	yes	1967 resolution on withdrawal of Israel and recognition of boundaries	
United Nations Security Council Resolution 47	yes	United Nations Security Council resolution	
United States	no	country located primarily in North America	
United States Air Force	no	air service branch of the United States Armed Forces	
United States Army	no	land service branch of the United States Armed Forces	
United States Capitol	no	meeting place of the United States Congress	
United States Census Bureau	no	U.S. agency responsible for the census and related statistics	
United States Congress	no	bicameral legislature of the United States	
United States Department of Defense	no	executive department of the United States federal government	
United States Environmental Protection Agency	no	U.S. federal government agency	
United States Lines	no	transport company	
United States Marine Corps	no	maritime land force service branch of the United States Armed Forces	
United States National Security Council	no	U.S. federal executive national security and intelligence forum	
United States Navy	no	maritime branch of the United States military	
United States Postal Service	no	independent agency of the U.S. federal government responsible for providing postal service	
United States Secretary of the Treasury	no	head of the United States Department of the Treasury	
United States Senate	no	upper house of the United States Congress	
United States dollar	yes	official currency of the United States	
United States embargo against Cuba	yes	economic sanctions imposed by the United States on Cuba in 1958 and again in 1960	
Universal House of Justice	no	Elected institution governing the worldwide Bahá'í community	
University of California, Berkeley	no	public university in Berkeley, California, USA	
University of California, Irvine	no	public research university in Irvine, California, United States	
University of California, Los Angeles	no	public university in Los Angeles, California, USA	
University of Paris	no	French university (c. 1150–1970)	
University of Surrey	no	public research university located within the county town of Guildford, Surrey	
University of Texas at Austin	no	public university in Austin, Texas, USA	
University of Texas tower shooting	yes	mass shooting	1966-07;1966-08
University of Tokyo	no	national university in Tokyo, Japan	
University of Wisconsin–Madison	no	public research university in Madison, Wisconsin, USA	
Unocal Corporation	no	petroleum company	
Ural Mountains	no	mountain range in Eurasia	
Urho Kekkonen	no	eighth President of Finland (1900–1986)	
Ussuri	no	river in Russia and China	
Utah State University	no	public university in Logan, Utah, United States	
Uxoricide	yes	killing of one's wife	
V. V. Giri	no	Indian politician and 4th president of India (1894-1980)	
Vajont Dam	no	disused dam	
Val-d'Isère	no	commune in Savoie, France	
Valentina Tereshkova	no	Russian cosmonaut and pilot, first woman to have flown in space (born 1937)	
Valentine's Day	yes	holiday observed on February 14 to celebrate love and friendship	
Valerie Solanas	no	American radical feminist and author (1936-1988)	
Valery Tarsis	no	writer (1906-1983)	
Vallejo, California	no	city in Solano County, California, United States	
Van Gend en Loos v Nederlandse Administratie der Belastingen	yes	legal case	
Vancouver	no	largest city in the province of British Columbia, Canada	
Vandenberg Space Force Base	no	United States Space Force Base located in Santa Barbara County, California	
Vasily Arkhipov	no	Soviet submarine officer who averted nuclear war (1926–1998)	
Vatican City	no	Holy See's independent state, an enclave within Rome, Italy	
Vela Uniform	yes	element of Project Vela	
Venera 3	no	Soviet space probe	1965-11
Venera 4	no	Soviet Venus space probe	1967-06
Venera 5	no	Soviet Venus space probe	1969-01
Venera 6	no	Soviet Venus space probe	1969-01
Venera 7	no	space probe of the Soviet Union which landed on the planet Venus	1970-08
Venera program	yes	space programme of the Soviet Union	
Venezuela	no	country in South America	
Venice	no	capital city of Veneto, Italy	
Venus	no	second planet from the Solar System, tellurian and very similar to Earth	
Verrazzano–Narrows Bridge	no	bridge in New York City	
Vesak	yes	Buddhist festival marking the birth of the Buddha	
Vespro della Beata Vergine	no	musical composition by Claudio Monteverdi	
Viasa Flight 742	yes	1969 aviation accident	1969-03
Victoria Derby	yes	horse race held annually in Melbourne, Victoria, Australia	
Victoria, British Columbia	no	capital city of the province of British Columbia, Canada	
Victory Day	no	Wikimedia disambiguation page	
Videotape	no	magnetic tape used for storing video and sound	
Vienna Convention on Road Signs and Signals	yes	1968 international treaty	1968-11
Viet Cong	yes	revolutionary organization active in South Vietnam and Cambodia from 1960 to 1977	
Vietnam	no	country in Southeast Asia	
Vietnam Air Defence - Air Force	no	a military branch of Vietnam People's Army	
Vietnam Television	no	National television broadcaster of Vietnam	
Vietnam War	yes	armed conflict in Vietnam, Laos, and Cambodia between North Vietnam and South Vietnam, from 1955 to 1975	1955-11;1975-04
Vietnam War draft	yes	system used in military draft selection by the United States for the Vietnam War	
Vive le Québec libre	yes	phrase spoken by Charles de Gaulle on July 24, 1967, from the balcony of Montreal City Hall	1967-07
Vladimir Horowitz	no	Russian/Ukrainian and American pianist (1903-1989)	
Vladimir Komarov	no	Soviet cosmonaut (1927–1967)	
Volcano	no	natural, surface vent or fissure usually in a mountainous form	
Voskhod 1	yes	Soviet crewed spacecraft	1964-10
Voskhod 2	yes	Soviet crewed spacecraft	1965-03
Vostok 6	yes	Soviet space mission of 1963, the first human spaceflight to carry a woman (Valentina Tereshkova) into space	1963-06
Voter registration	no	requirement that a person register before they will be permitted to vote, or the process of registering to vote	
Voting Rights Act of 1965	yes	piece of federal legislation in the United States that prohibits racial discrimination in voting	
Vulpecula	no	constellation in the northern celestial hemisphere	
Vyacheslav Molotov	no	Soviet politician, statesman and diplomat (1890–1986)	
Víctor Paz Estenssoro	no	45th President of Bolivia	
W47	no	American thermonuclear warhead design	
WWE Championship	yes	world heavyweight championship created and promoted by the American professional wrestling promotion WWE	
Waiting period (Six-Day War)	no	period (15 May–5 June 1967) between the Egyptian crossing of the Suez Canal into the Sinai Peninsula and the outbreak of the Six-Day War	1967-05
Wales	no	constituent nation of the sovereign country of the United Kingdom, in north-west Europe	
Wally Schirra	no	American astronaut (1923–2007)	
Walt Disney	no	American animator, producer, director, screenwriter, voice actor and entrepreneur, founder of The Walt Disney Company (1901–1966)	
Walter Cunningham	no	American astronaut (1932–2023)	
Walter Reed Army Medical Center	no	U.S. Army flagship medical center in Washington D.C. (1909–2011)	
Walter Rodney	no	Guyanese Marxist, Pan-Afrianist, and historian (1942-1980)	
Walter Scheel	no	President of West Germany (1974-1979)	
Walter Ulbricht	no	German communist politician and dictator (1893–1973)	
War	no	organized and prolonged violent conflict between different nations, states, or different groups within a nation or state	
War Requiem	no	composition by Benjamin Britten	
War crime	yes	individual act constituting a serious violation of the laws of war	
War on Poverty	no	unofficial name for legislation first introduced by U.S. president Lyndon B. Johnson during his State of the Union address on January 8, 1964	
Warren Commission	no	U.S. presidential commission on the Assassination of J. F. Kennedy	
Warsaw Ghetto	no	Nazi ghetto in occupied Poland (1940–1943)	1940-10
Warsaw Pact	no	European Eastern Military Alliance (1954 – 1991)	
Warsaw Pact invasion of Czechoslovakia	yes	August 1968 unrest in Czechoslovakia	1968-08
Wartha (Eisenach)	no	Ortsteil in Eisenach, Germany	
Wasfi Tal	no	Prime Minister of Jordan (1919-1971)	
Washburn University	no	public university in Topeka, Kansas	
Washington Commanders	no	American football team in the National Football League	
Washington Monument	no	obelisk on the National Mall in Washington, D.C.	
Washington metropolitan area	no	metropolitan area centered on Washington, D.C., United States of America	
Water landing	no	landing of an aerospace vehicle on water, either by design or in an emergency	
Watts riots	yes	1965 riots in Los Angeles, United States	1965-08
Watts, Los Angeles	no	neighborhood of Los Angeles, California, United States	
Wayne County, West Virginia	no	county in West Virginia, United States	
We choose to go to the Moon	yes	September 1962 speech by John F. Kennedy	1962-09
Weapon of mass destruction	no	weapon with the capacity to indiscriminately kill a very large number of people and cause great physical, economic and environmental damage	
Weather Underground	no	American far-left militant organization, 1969–77	
Wellington Harbour	no	harbour of Wellington, New Zealand	
Wembley Stadium (1923)	no	former stadium in Wembley Park, London	
Wemme, Oregon	no	unincorporated community in Oregon	
West Bank	no	Palestinian territory on the western bank of the Jordan River, occupied by Israel	
West Berlin	no	the Western sectors of Berlin between 1945 and 1990	
West Bromwich Albion F.C.	no	association football club in West Bromwich, England	
West Coast Airlines Flight 956	yes	aviation accident on October 1, 1966 near Wemme, Oregon	1966-10
West Gate Bridge	no	bridge over the Yarra River in Melbourne, Australia	
West Germany	no	Federal Republic of Germany in the period between its formation on 23 May 1949 and German reunification on 3 October 1990	
West Indies Federation	no	federation of British colonies (1958–1962)	
West Side Story (1961 film)	no	1961 film by Robert Wise, Jerome Robbins	
Western College for Women	no	women's college	
Western New Guinea	no	geographical unit comprising Indonesian part of New Guinea and other islands	
White House	no	official residence and office of the President of the United States	
White Lake, Sullivan County, New York	no	hamlet in the town of Bethel, Sullivan County, New York	
White shift dress of Jean Shrimpton	no	minidress worn by Jean Shrimpton in 1965	1965-10
White supremacy	yes	racist belief that white people are superior to people of other racial backgrounds	
Wichita State University	no	public university in Wichita, Kansas, U.S.	
Wichita State University football team plane crash	yes	1970 aviation accident in Colorado	1970-10
Wildfire	no	uncontrolled fire in forests or open spaces	
Wilhelm Harster	no	German general (1904-1991)	
Wilhelmina of the Netherlands	no	Queen of the Netherlands from 1890 to 1948 (1880-1962)	
Willi Stoph	no	German politician (1914–1999)	
William Anders	no	American astronaut and lunar explorer (1933–2024)	
William Calley	no	US Army officer convicted for massacre at My Lai, Vietnam (1943–2024)	
William J. Knight	no	American aviator, astronaut, and politician (1929–2004)	
William McMahon	no	Australian politician, 20th Prime Minister of Australia (1908–1988)	
William Raborn	no	United States admiral (1905-1990)	
William Westmoreland	no	United States Army general (1914-2005)	
Willy Brandt	no	German politician (SPD), chancellor of West Germany (1969–1974) and Nobel Peace Prize laureate	
Wimbledon Championships	yes	tennis tournament held in London	
Winston Churchill	no	British statesman, soldier and writer (1874–1965)	
Wisconsin	no	state of the United States of America	
Wonderful Radio London	no	offshore pirate-radio station	
Wood River Junction, Rhode Island	no	village in Rhode Island, United States	
Woodstock	yes	1969 music festival in New York, United States	1969-08
Woodstock, New York	no	town in Ulster County, New York, United States	
World Bank Group	no	group of five international organizations that make leveraged loans to developing countries	
World Food Programme	no	United Nations branch related to food-assistance	
World Intellectual Property Organization	no	specialized UN agency focused on intellectual property protection	
World War II	yes	1939–1945 global conflict	1939-09
World's fair	no	series of international exhibitions initiated in 1851	
Wunder von Lengede	yes	mining accident	1963-10
Xingtai	no	prefecture-level city in Hebei, China	
Xinjiang	no	autonomous region in China	
Xuân Thủy	no	Vice president of Vietnam (1912-1985)	
Xá Lợi Pagoda raids	yes	series of attacks on Buddhist pagodas in South Vietnam on 21 August 1963 by the Army of the Republic of Vietnam Special Forces and combat police, ordered by Ngô Đình Nhu	1963-08
Yahya Khan	no	former Pakistani president (1917–1980)	
Yakubu Gowon	no	Nigerian politician and Military general	
Yale University	no	private university in New Haven, Connecticut	
Yangjiang	no	prefecture-level city in Guangdong, China	
Yankee Stadium (1923)	no	now-demolished baseball stadium in the Bronx, New York	
Yasser Arafat	no	Palestinian political leader (1929-2004) and Former President of the Palestinian National Authority (1994-2004)	
Yemen	no	country in West Asia	
Yoko Ono	no	Japanese artist and activist based in the United States (born 1933)	
Yokohama	no	designated city in Kanagawa Prefecture, Japan	
Yoshirō Mori	no	Prime Minister of Japan from 2000 to 2001	
Youth International Party	no	1960s American youth-oriented counter-cultural political party	
Yugoslavia national football team	no	former men's national association football team representing Yugoslavia	
Yukio Mishima	no	Japanese author (1925–1970)	
Yungay, Peru	no	capital city of Yungay, Ancash, Peru	
Yunnan	no	province of China	
Yuri Andropov	no	General Secretary of the Communist Party of the Soviet Union (1914–1984)	
Yves Saint Laurent (designer)	no	French fashion designer (1936–2008)	
Yves Saint Laurent (fashion house)	no	French luxury fashion house	
ZIP Code	no	numeric postal code used in the United States and its territories	
Zakir Husain	no	3rd President of India (1897-1969)	
Zambia	no	country at the crossroads of Central and Southern Africa	
Zanzibar	no	semi-autonomous part of Tanzania	
Zimbabwe	no	sovereign state in southern Africa	
Zimbabwe African National Liberation Army	yes	armed wing of ZANU active in the Rhodesian Bush War	
Zimbabwe African National Union	yes	militant organisation that fought against militant British minority rule in Rhodesia	
Zodiac Killer	no	serial killer in California	
Zond 5	no	Soviet spacecraft	1968-09
Zond 8	no	uncrewed version of Soyuz 7K-L1	1970-10
Zulfikar Ali Bhutto	no	4th President and 9th Prime Minister of Pakistan (1928–1979)	
Zurich	no	most populous city in Switzerland and capital of the canton of Zurich	
Åland	no	autonomous region of Finland	
Éamon de Valera	no	Irish statesman (1882–1975)	
Élysée Treaty	yes	treaty	1963-01
Évariste Kimba	no	Congolese politician (1926-1966)	
Évian Accords	yes	treaty signed by France and the Provisional Government of the Algerian Republic to end the Algerian War	1962-03
Évian-les-Bains	no	commune in Haute-Savoie, France	
Óscar Diego Gestido	no	Uruguayan politician (1901-1967)	
Čakovec	no	city and settlement in Međimurje County, Croatia	
Đăk Tô	no	commune in Quang Ngai Province	
Đồng Xoài	no	capital city of Binh Phuoc, Vietnam	
İsmet İnönü	no	2nd President of the Republic of Turkey (1884–1973)	
