comparison-longer-010	Singles	With the Beatles (1963-11-22)	Magical Mystery Tour (1967-11-27)	Rubber Soul (1965-12-03)	Sgt. Pepper's Lonely Hearts Club Band (1967-05-26)	Help! (1965-08-06)	Beatles for Sale (1964-12-04)	Revolver (1966-08-05)	A Hard Day's Night (1964-07-10)	Please Please Me (1963-03-22)	The Beatles (White Album) (1968-11-22)	1967–1970	Past Masters (1988-03-07)	Yellow Submarine (1969-01-13)	Abbey Road (1969-09-26)	Let It Be (1970-05-08)	Anthology 2 (1996-03-18)	On Air – Live at the BBC Volume 2 (2013-11-11)	The Beatles' First	The Beatles Bootleg Recordings 1963	Live at the BBC (1994-11-30)	Anthology 1 (1995-11-20)	Anthology 3 (1996-10-28)	My Bonnie	Ya Ya	Let It Be: Special Edition	The Beatles: Get Back – The Rooftop Performance	Rubber Soul: Super Deluxe Edition
comparison-longer-016	Help! (1965-08-06)	Rubber Soul (1965-12-03)	Singles	A Hard Day's Night (1964-07-10)	Beatles for Sale (1964-12-04)	With the Beatles (1963-11-22)	Please Please Me (1963-03-22)	Revolver (1966-08-05)	Magical Mystery Tour (1967-11-27)	The Beatles' First	Sgt. Pepper's Lonely Hearts Club Band (1967-05-26)	The Beatles (White Album) (1968-11-22)	Yellow Submarine (1969-01-13)	Abbey Road (1969-09-26)	Let It Be (1970-05-08)	Past Masters (1988-03-07)	Live at the BBC (1994-11-30)	Anthology 1 (1995-11-20)	Anthology 2 (1996-03-18)	Anthology 3 (1996-10-28)	On Air – Live at the BBC Volume 2 (2013-11-11)	My Bonnie	Ya Ya	The Beatles Bootleg Recordings 1963	Let It Be: Special Edition	The Beatles: Get Back – The Rooftop Performance	1967–1970	Rubber Soul: Super Deluxe Edition
comparison-longer-017	The Beatles (White Album) (1968-11-22)	Sgt. Pepper's Lonely Hearts Club Band (1967-05-26)	Abbey Road (1969-09-26)	Rubber Soul (1965-12-03)	Revolver (1966-08-05)	Let It Be (1970-05-08)	Magical Mystery Tour (1967-11-27)	1967–1970	A Hard Day's Night (1964-07-10)	Beatles for Sale (1964-12-04)	Help! (1965-08-06)	Yellow Submarine (1969-01-13)	Live at the BBC (1994-11-30)	Anthology 1 (1995-11-20)	Anthology 2 (1996-03-18)	Anthology 3 (1996-10-28)	On Air – Live at the BBC Volume 2 (2013-11-11)	The Beatles Bootleg Recordings 1963	Let It Be: Special Edition	The Beatles: Get Back – The Rooftop Performance	Singles	Please Please Me (1963-03-22)	With the Beatles (1963-11-22)	Past Masters (1988-03-07)	My Bonnie	Ya Ya	The Beatles' First	Rubber Soul: Super Deluxe Edition
comparison-longer-023	Singles	Abbey Road (1969-09-26)	Rubber Soul (1965-12-03)	1967–1970	Help! (1965-08-06)	Magical Mystery Tour (1967-11-27)	The Beatles (White Album) (1968-11-22)	Past Masters (1988-03-07)	A Hard Day's Night (1964-07-10)	Revolver (1966-08-05)	Sgt. Pepper's Lonely Hearts Club Band (1967-05-26)	Let It Be (1970-05-08)	Please Please Me (1963-03-22)	With the Beatles (1963-11-22)	Beatles for Sale (1964-12-04)	Yellow Submarine (1969-01-13)	Live at the BBC (1994-11-30)	Anthology 1 (1995-11-20)	Anthology 2 (1996-03-18)	Anthology 3 (1996-10-28)	On Air – Live at the BBC Volume 2 (2013-11-11)	My Bonnie	Ya Ya	The Beatles' First	The Beatles Bootleg Recordings 1963	Let It Be: Special Edition	The Beatles: Get Back – The Rooftop Performance	Rubber Soul: Super Deluxe Edition
comparison-longer-028	The Beatles (White Album) (1968-11-22)	Let It Be (1970-05-08)	1967–1970	Abbey Road (1969-09-26)	Revolver (1966-08-05)	Sgt. Pepper's Lonely Hearts Club Band (1967-05-26)	Let It Be: Special Edition	Please Please Me (1963-03-22)	With the Beatles (1963-11-22)	A Hard Day's Night (1964-07-10)	Beatles for Sale (1964-12-04)	Help! (1965-08-06)	Rubber Soul (1965-12-03)	Magical Mystery Tour (1967-11-27)	Yellow Submarine (1969-01-13)	Past Masters (1988-03-07)	Live at the BBC (1994-11-30)	Anthology 1 (1995-11-20)	Anthology 2 (1996-03-18)	Anthology 3 (1996-10-28)	On Air – Live at the BBC Volume 2 (2013-11-11)	My Bonnie	Ya Ya	The Beatles' First	The Beatles Bootleg Recordings 1963	The Beatles: Get Back – The Rooftop Performance	Rubber Soul: Super Deluxe Edition	Singles
comparison-longer-039	Abbey Road (1969-09-26)	Sgt. Pepper's Lonely Hearts Club Band (1967-05-26)	The Beatles (White Album) (1968-11-22)	Magical Mystery Tour (1967-11-27)	1967–1970	Revolver (1966-08-05)	Yellow Submarine (1969-01-13)	Singles	Rubber Soul (1965-12-03)	Let It Be (1970-05-08)	Past Masters (1988-03-07)	Please Please Me (1963-03-22)	With the Beatles (1963-11-22)	A Hard Day's Night (1964-07-10)	Beatles for Sale (1964-12-04)	Help! (1965-08-06)	Live at the BBC (1994-11-30)	Anthology 1 (1995-11-20)	Anthology 2 (1996-03-18)	Anthology 3 (1996-10-28)	On Air – Live at the BBC Volume 2 (2013-11-11)	My Bonnie	Ya Ya	The Beatles' First	The Beatles Bootleg Recordings 1963	Let It Be: Special Edition	The Beatles: Get Back – The Rooftop Performance	Rubber Soul: Super Deluxe Edition
comparison-longer-056	The Beatles (White Album) (1968-11-22)	Abbey Road (1969-09-26)	Rubber Soul (1965-12-03)	Let It Be (1970-05-08)	Help! (1965-08-06)	With the Beatles (1963-11-22)	A Hard Day's Night (1964-07-10)	Beatles for Sale (1964-12-04)	Revolver (1966-08-05)	Sgt. Pepper's Lonely Hearts Club Band (1967-05-26)	Magical Mystery Tour (1967-11-27)	1967–1970	Singles	Please Please Me (1963-03-22)	Yellow Submarine (1969-01-13)	Past Masters (1988-03-07)	Live at the BBC (1994-11-30)	Anthology 1 (1995-11-20)	Anthology 2 (1996-03-18)	Anthology 3 (1996-10-28)	On Air – Live at the BBC Volume 2 (2013-11-11)	My Bonnie	Ya Ya	The Beatles' First	The Beatles Bootleg Recordings 1963	Let It Be: Special Edition	The Beatles: Get Back – The Rooftop Performance	Rubber Soul: Super Deluxe Edition
comparison-longer-060	Revolver (1966-08-05)	The Beatles (White Album) (1968-11-22)	Singles	1967–1970	Abbey Road (1969-09-26)	Let It Be (1970-05-08)	Past Masters (1988-03-07)	Magical Mystery Tour (1967-11-27)	Rubber Soul (1965-12-03)	Sgt. Pepper's Lonely Hearts Club Band (1967-05-26)	A Hard Day's Night (1964-07-10)	Help! (1965-08-06)	Yellow Submarine (1969-01-13)	The Beatles' First	Please Please Me (1963-03-22)	With the Beatles (1963-11-22)	Beatles for Sale (1964-12-04)	Live at the BBC (1994-11-30)	Anthology 1 (1995-11-20)	Anthology 2 (1996-03-18)	Anthology 3 (1996-10-28)	On Air – Live at the BBC Volume 2 (2013-11-11)	My Bonnie	Ya Ya	The Beatles Bootleg Recordings 1963	Let It Be: Special Edition	The Beatles: Get Back – The Rooftop Performance	Rubber Soul: Super Deluxe Edition
forward-singer-005	My Bonnie	Singles	Anthology 3 (1996-10-28)	The Beatles (White Album) (1968-11-22)	Ya Ya	Rubber Soul (1965-12-03)	On Air – Live at the BBC Volume 2 (2013-11-11)	With the Beatles (1963-11-22)	Magical Mystery Tour (1967-11-27)	Abbey Road (1969-09-26)	Let It Be (1970-05-08)	Anthology 1 (1995-11-20)	Anthology 2 (1996-03-18)	The Beatles' First	The Beatles Bootleg Recordings 1963	Please Please Me (1963-03-22)	Beatles for Sale (1964-12-04)	Help! (1965-08-06)	Sgt. Pepper's Lonely Hearts Club Band (1967-05-26)	Past Masters (1988-03-07)	Live at the BBC (1994-11-30)	1967–1970	A Hard Day's Night (1964-07-10)	Revolver (1966-08-05)	Yellow Submarine (1969-01-13)	Let It Be: Special Edition	Rubber Soul: Super Deluxe Edition	The Beatles: Get Back – The Rooftop Performance
forward-singer-034	With the Beatles (1963-11-22)	Please Please Me (1963-03-22)	Ya Ya	My Bonnie	The Beatles' First	Beatles for Sale (1964-12-04)	The Beatles Bootleg Recordings 1963	Past Masters (1988-03-07)	On Air – Live at the BBC Volume 2 (2013-11-11)	A Hard Day's Night (1964-07-10)	Help! (1965-08-06)	Rubber Soul (1965-12-03)	Revolver (1966-08-05)	Sgt. Pepper's Lonely Hearts Club Band (1967-05-26)	Magical Mystery Tour (1967-11-27)	The Beatles (White Album) (1968-11-22)	Yellow Submarine (1969-01-13)	Abbey Road (1969-09-26)	Let It Be (1970-05-08)	Live at the BBC (1994-11-30)	Anthology 1 (1995-11-20)	Anthology 2 (1996-03-18)	Anthology 3 (1996-10-28)	Let It Be: Special Edition	The Beatles: Get Back – The Rooftop Performance	1967–1970	Rubber Soul: Super Deluxe Edition	Singles
forward-singer-037	With the Beatles (1963-11-22)	My Bonnie	Ya Ya	Singles	Beatles for Sale (1964-12-04)	Please Please Me (1963-03-22)	On Air – Live at the BBC Volume 2 (2013-11-11)	The Beatles' First	Live at the BBC (1994-11-30)	The Beatles Bootleg Recordings 1963	A Hard Day's Night (1964-07-10)	Help! (1965-08-06)	Past Masters (1988-03-07)	Anthology 1 (1995-11-20)	Rubber Soul (1965-12-03)	Magical Mystery Tour (1967-11-27)	The Beatles (White Album) (1968-11-22)	Anthology 3 (1996-10-28)	Revolver (1966-08-05)	Sgt. Pepper's Lonely Hearts Club Band (1967-05-26)	Yellow Submarine (1969-01-13)	Abbey Road (1969-09-26)	Let It Be (1970-05-08)	Anthology 2 (1996-03-18)	Let It Be: Special Edition	The Beatles: Get Back – The Rooftop Performance	1967–1970	Rubber Soul: Super Deluxe Edition
forward-singer-044	My Bonnie	Ya Ya	On Air – Live at the BBC Volume 2 (2013-11-11)	The Beatles Bootleg Recordings 1963	Singles	With the Beatles (1963-11-22)	The Beatles (White Album) (1968-11-22)	Please Please Me (1963-03-22)	Live at the BBC (1994-11-30)	The Beatles' First	Help! (1965-08-06)	Anthology 1 (1995-11-20)	Anthology 3 (1996-10-28)	Beatles for Sale (1964-12-04)	Rubber Soul (1965-12-03)	Magical Mystery Tour (1967-11-27)	Past Masters (1988-03-07)	A Hard Day's Night (1964-07-10)	Revolver (1966-08-05)	Sgt. Pepper's Lonely Hearts Club Band (1967-05-26)	Yellow Submarine (1969-01-13)	Abbey Road (1969-09-26)	Let It Be (1970-05-08)	Anthology 2 (1996-03-18)	Let It Be: Special Edition	1967–1970	Rubber Soul: Super Deluxe Edition	The Beatles: Get Back – The Rooftop Performance
forward-singer-045	The Beatles (White Album) (1968-11-22)	Rubber Soul (1965-12-03)	Anthology 3 (1996-10-28)	With the Beatles (1963-11-22)	Beatles for Sale (1964-12-04)	Anthology 1 (1995-11-20)	On Air – Live at the BBC Volume 2 (2013-11-11)	Magical Mystery Tour (1967-11-27)	The Beatles Bootleg Recordings 1963	Help! (1965-08-06)	Anthology 2 (1996-03-18)	A Hard Day's Night (1964-07-10)	Live at the BBC (1994-11-30)	Ya Ya	Singles	Please Please Me (1963-03-22)	Revolver (1966-08-05)	Sgt. Pepper's Lonely Hearts Club Band (1967-05-26)	Yellow Submarine (1969-01-13)	Abbey Road (1969-09-26)	Let It Be (1970-05-08)	My Bonnie	The Beatles' First	Past Masters (1988-03-07)	Let It Be: Special Edition	1967–1970	Rubber Soul: Super Deluxe Edition	The Beatles: Get Back – The Rooftop Performance
forward-singer-050	With the Beatles (1963-11-22)	Please Please Me (1963-03-22)	The Beatles (White Album) (1968-11-22)	A Hard Day's Night (1964-07-10)	Beatles for Sale (1964-12-04)	Help! (1965-08-06)	Rubber Soul (1965-12-03)	Revolver (1966-08-05)	Ya Ya	The Beatles' First	Singles	Sgt. Pepper's Lonely Hearts Club Band (1967-05-26)	Magical Mystery Tour (1967-11-27)	Abbey Road (1969-09-26)	Let It Be (1970-05-08)	Past Masters (1988-03-07)	My Bonnie	Yellow Submarine (1969-01-13)	Live at the BBC (1994-11-30)	Anthology 1 (1995-11-20)	Anthology 2 (1996-03-18)	Anthology 3 (1996-10-28)	On Air – Live at the BBC Volume 2 (2013-11-11)	The Beatles Bootleg Recordings 1963	Let It Be: Special Edition	The Beatles: Get Back – The Rooftop Performance	1967–1970	Rubber Soul: Super Deluxe Edition
forward-singer-057	With the Beatles (1963-11-22)	Beatles for Sale (1964-12-04)	Please Please Me (1963-03-22)	A Hard Day's Night (1964-07-10)	Help! (1965-08-06)	Singles	Ya Ya	Rubber Soul (1965-12-03)	The Beatles (White Album) (1968-11-22)	Past Masters (1988-03-07)	Live at the BBC (1994-11-30)	Anthology 1 (1995-11-20)	On Air – Live at the BBC Volume 2 (2013-11-11)	My Bonnie	The Beatles' First	Revolver (1966-08-05)	Sgt. Pepper's Lonely Hearts Club Band (1967-05-26)	Magical Mystery Tour (1967-11-27)	Yellow Submarine (1969-01-13)	Abbey Road (1969-09-26)	Let It Be (1970-05-08)	Anthology 2 (1996-03-18)	Anthology 3 (1996-10-28)	The Beatles Bootleg Recordings 1963	Let It Be: Special Edition	The Beatles: Get Back – The Rooftop Performance	1967–1970	Rubber Soul: Super Deluxe Edition
forward-album-010	Revolver (1966-08-05)	Sgt. Pepper's Lonely Hearts Club Band (1967-05-26)	Rubber Soul (1965-12-03)	Magical Mystery Tour (1967-11-27)	Singles	Help! (1965-08-06)	Please Please Me (1963-03-22)	With the Beatles (1963-11-22)	A Hard Day's Night (1964-07-10)	Beatles for Sale (1964-12-04)	The Beatles (White Album) (1968-11-22)	Yellow Submarine (1969-01-13)	Abbey Road (1969-09-26)	Let It Be (1970-05-08)	Past Masters (1988-03-07)	Live at the BBC (1994-11-30)	Anthology 1 (1995-11-20)	Anthology 2 (1996-03-18)	Anthology 3 (1996-10-28)	On Air – Live at the BBC Volume 2 (2013-11-11)	My Bonnie	Ya Ya	The Beatles' First	The Beatles Bootleg Recordings 1963	Let It Be: Special Edition	The Beatles: Get Back – The Rooftop Performance	1967–1970	Rubber Soul: Super Deluxe Edition
forward-album-012	Let It Be (1970-05-08)	The Beatles (White Album) (1968-11-22)	Abbey Road (1969-09-26)	Rubber Soul (1965-12-03)	Sgt. Pepper's Lonely Hearts Club Band (1967-05-26)	Beatles for Sale (1964-12-04)	Revolver (1966-08-05)	Magical Mystery Tour (1967-11-27)	Yellow Submarine (1969-01-13)	Let It Be: Special Edition	1967–1970	Please Please Me (1963-03-22)	With the Beatles (1963-11-22)	A Hard Day's Night (1964-07-10)	Help! (1965-08-06)	Past Masters (1988-03-07)	Live at the BBC (1994-11-30)	Anthology 1 (1995-11-20)	Anthology 2 (1996-03-18)	Anthology 3 (1996-10-28)	On Air – Live at the BBC Volume 2 (2013-11-11)	My Bonnie	Ya Ya	The Beatles' First	The Beatles Bootleg Recordings 1963	The Beatles: Get Back – The Rooftop Performance	Rubber Soul: Super Deluxe Edition	Singles
forward-album-018	Please Please Me (1963-03-22)	With the Beatles (1963-11-22)	The Beatles' First	A Hard Day's Night (1964-07-10)	Beatles for Sale (1964-12-04)	Magical Mystery Tour (1967-11-27)	Singles	Help! (1965-08-06)	Rubber Soul (1965-12-03)	Past Masters (1988-03-07)	On Air – Live at the BBC Volume 2 (2013-11-11)	Ya Ya	Revolver (1966-08-05)	Sgt. Pepper's Lonely Hearts Club Band (1967-05-26)	The Beatles (White Album) (1968-11-22)	Yellow Submarine (1969-01-13)	Abbey Road (1969-09-26)	Let It Be (1970-05-08)	Live at the BBC (1994-11-30)	Anthology 1 (1995-11-20)	Anthology 2 (1996-03-18)	Anthology 3 (1996-10-28)	My Bonnie	The Beatles Bootleg Recordings 1963	Let It Be: Special Edition	The Beatles: Get Back – The Rooftop Performance	1967–1970	Rubber Soul: Super Deluxe Edition
forward-album-027	The Beatles (White Album) (1968-11-22)	Abbey Road (1969-09-26)	Please Please Me (1963-03-22)	With the Beatles (1963-11-22)	A Hard Day's Night (1964-07-10)	Beatles for Sale (1964-12-04)	Help! (1965-08-06)	Rubber Soul (1965-12-03)	Revolver (1966-08-05)	Sgt. Pepper's Lonely Hearts Club Band (1967-05-26)	Magical Mystery Tour (1967-11-27)	Yellow Submarine (1969-01-13)	Let It Be (1970-05-08)	Past Masters (1988-03-07)	Live at the BBC (1994-11-30)	Anthology 1 (1995-11-20)	Anthology 2 (1996-03-18)	Anthology 3 (1996-10-28)	On Air – Live at the BBC Volume 2 (2013-11-11)	My Bonnie	Ya Ya	The Beatles' First	The Beatles Bootleg Recordings 1963	Let It Be: Special Edition	The Beatles: Get Back – The Rooftop Performance	1967–1970	Rubber Soul: Super Deluxe Edition	Singles
forward-album-034	Rubber Soul (1965-12-03)	Help! (1965-08-06)	Revolver (1966-08-05)	A Hard Day's Night (1964-07-10)	Sgt. Pepper's Lonely Hearts Club Band (1967-05-26)	The Beatles (White Album) (1968-11-22)	Let It Be (1970-05-08)	Magical Mystery Tour (1967-11-27)	Beatles for Sale (1964-12-04)	Abbey Road (1969-09-26)	1967–1970	Please Please Me (1963-03-22)	With the Beatles (1963-11-22)	Yellow Submarine (1969-01-13)	Past Masters (1988-03-07)	Live at the BBC (1994-11-30)	Anthology 1 (1995-11-20)	Anthology 2 (1996-03-18)	Anthology 3 (1996-10-28)	On Air – Live at the BBC Volume 2 (2013-11-11)	My Bonnie	Ya Ya	The Beatles' First	The Beatles Bootleg Recordings 1963	Let It Be: Special Edition	The Beatles: Get Back – The Rooftop Performance	Rubber Soul: Super Deluxe Edition	Singles
forward-album-041	Beatles for Sale (1964-12-04)	Help! (1965-08-06)	Rubber Soul (1965-12-03)	A Hard Day's Night (1964-07-10)	Revolver (1966-08-05)	Magical Mystery Tour (1967-11-27)	The Beatles (White Album) (1968-11-22)	The Beatles' First	Singles	Please Please Me (1963-03-22)	With the Beatles (1963-11-22)	Sgt. Pepper's Lonely Hearts Club Band (1967-05-26)	Yellow Submarine (1969-01-13)	Abbey Road (1969-09-26)	Let It Be (1970-05-08)	Past Masters (1988-03-07)	Live at the BBC (1994-11-30)	Anthology 1 (1995-11-20)	Anthology 2 (1996-03-18)	Anthology 3 (1996-10-28)	On Air – Live at the BBC Volume 2 (2013-11-11)	My Bonnie	Ya Ya	The Beatles Bootleg Recordings 1963	Let It Be: Special Edition	The Beatles: Get Back – The Rooftop Performance	1967–1970	Rubber Soul: Super Deluxe Edition
forward-album-044	A Hard Day's Night (1964-07-10)	Rubber Soul (1965-12-03)	Help! (1965-08-06)	With the Beatles (1963-11-22)	Beatles for Sale (1964-12-04)	Please Please Me (1963-03-22)	Magical Mystery Tour (1967-11-27)	Revolver (1966-08-05)	Sgt. Pepper's Lonely Hearts Club Band (1967-05-26)	The Beatles (White Album) (1968-11-22)	Yellow Submarine (1969-01-13)	Abbey Road (1969-09-26)	Let It Be (1970-05-08)	Past Masters (1988-03-07)	Live at the BBC (1994-11-30)	Anthology 1 (1995-11-20)	Anthology 2 (1996-03-18)	Anthology 3 (1996-10-28)	On Air – Live at the BBC Volume 2 (2013-11-11)	My Bonnie	Ya Ya	The Beatles' First	The Beatles Bootleg Recordings 1963	Let It Be: Special Edition	The Beatles: Get Back – The Rooftop Performance	1967–1970	Rubber Soul: Super Deluxe Edition	Singles
forward-album-049	The Beatles (White Album) (1968-11-22)	Magical Mystery Tour (1967-11-27)	Sgt. Pepper's Lonely Hearts Club Band (1967-05-26)	Let It Be (1970-05-08)	1967–1970	Please Please Me (1963-03-22)	With the Beatles (1963-11-22)	A Hard Day's Night (1964-07-10)	Beatles for Sale (1964-12-04)	Help! (1965-08-06)	Rubber Soul (1965-12-03)	Revolver (1966-08-05)	Yellow Submarine (1969-01-13)	Abbey Road (1969-09-26)	Past Masters (1988-03-07)	Live at the BBC (1994-11-30)	Anthology 1 (1995-11-20)	Anthology 2 (1996-03-18)	Anthology 3 (1996-10-28)	On Air – Live at the BBC Volume 2 (2013-11-11)	My Bonnie	Ya Ya	The Beatles' First	The Beatles Bootleg Recordings 1963	Let It Be: Special Edition	The Beatles: Get Back – The Rooftop Performance	Rubber Soul: Super Deluxe Edition	Singles
forward-album-051	Please Please Me (1963-03-22)	With the Beatles (1963-11-22)	A Hard Day's Night (1964-07-10)	Beatles for Sale (1964-12-04)	Rubber Soul (1965-12-03)	The Beatles' First	Help! (1965-08-06)	Revolver (1966-08-05)	Sgt. Pepper's Lonely Hearts Club Band (1967-05-26)	Magical Mystery Tour (1967-11-27)	The Beatles (White Album) (1968-11-22)	Yellow Submarine (1969-01-13)	Abbey Road (1969-09-26)	Let It Be (1970-05-08)	Past Masters (1988-03-07)	Live at the BBC (1994-11-30)	Anthology 1 (1995-11-20)	Anthology 2 (1996-03-18)	Anthology 3 (1996-10-28)	On Air – Live at the BBC Volume 2 (2013-11-11)	My Bonnie	Ya Ya	The Beatles Bootleg Recordings 1963	Let It Be: Special Edition	The Beatles: Get Back – The Rooftop Performance	1967–1970	Rubber Soul: Super Deluxe Edition	Singles
forward-songwriter-001	Abbey Road (1969-09-26)	The Beatles (White Album) (1968-11-22)	Sgt. Pepper's Lonely Hearts Club Band (1967-05-26)	Revolver (1966-08-05)	Let It Be (1970-05-08)	1967–1970	Please Please Me (1963-03-22)	With the Beatles (1963-11-22)	A Hard Day's Night (1964-07-10)	Beatles for Sale (1964-12-04)	Help! (1965-08-06)	Rubber Soul (1965-12-03)	Magical Mystery Tour (1967-11-27)	Yellow Submarine (1969-01-13)	Past Masters (1988-03-07)	Live at the BBC (1994-11-30)	Anthology 1 (1995-11-20)	Anthology 2 (1996-03-18)	Anthology 3 (1996-10-28)	On Air – Live at the BBC Volume 2 (2013-11-11)	My Bonnie	Ya Ya	The Beatles' First	The Beatles Bootleg Recordings 1963	Let It Be: Special Edition	The Beatles: Get Back – The Rooftop Performance	Rubber Soul: Super Deluxe Edition	Singles
forward-songwriter-007	Singles	Revolver (1966-08-05)	Past Masters (1988-03-07)	Magical Mystery Tour (1967-11-27)	Sgt. Pepper's Lonely Hearts Club Band (1967-05-26)	Rubber Soul (1965-12-03)	Help! (1965-08-06)	Abbey Road (1969-09-26)	Anthology 2 (1996-03-18)	1967–1970	Please Please Me (1963-03-22)	With the Beatles (1963-11-22)	A Hard Day's Night (1964-07-10)	Beatles for Sale (1964-12-04)	The Beatles (White Album) (1968-11-22)	Yellow Submarine (1969-01-13)	Let It Be (1970-05-08)	Live at the BBC (1994-11-30)	Anthology 1 (1995-11-20)	Anthology 3 (1996-10-28)	On Air – Live at the BBC Volume 2 (2013-11-11)	My Bonnie	Ya Ya	The Beatles' First	The Beatles Bootleg Recordings 1963	Let It Be: Special Edition	The Beatles: Get Back – The Rooftop Performance	Rubber Soul: Super Deluxe Edition
forward-songwriter-016	The Beatles (White Album) (1968-11-22)	Sgt. Pepper's Lonely Hearts Club Band (1967-05-26)	Abbey Road (1969-09-26)	Rubber Soul (1965-12-03)	Revolver (1966-08-05)	Please Please Me (1963-03-22)	With the Beatles (1963-11-22)	A Hard Day's Night (1964-07-10)	Beatles for Sale (1964-12-04)	Help! (1965-08-06)	Magical Mystery Tour (1967-11-27)	Yellow Submarine (1969-01-13)	Let It Be (1970-05-08)	Past Masters (1988-03-07)	Live at the BBC (1994-11-30)	Anthology 1 (1995-11-20)	Anthology 2 (1996-03-18)	Anthology 3 (1996-10-28)	On Air – Live at the BBC Volume 2 (2013-11-11)	My Bonnie	Ya Ya	The Beatles' First	The Beatles Bootleg Recordings 1963	Let It Be: Special Edition	The Beatles: Get Back – The Rooftop Performance	1967–1970	Rubber Soul: Super Deluxe Edition	Singles
forward-songwriter-017	The Beatles (White Album) (1968-11-22)	Yellow Submarine (1969-01-13)	1967–1970	Magical Mystery Tour (1967-11-27)	Sgt. Pepper's Lonely Hearts Club Band (1967-05-26)	Beatles for Sale (1964-12-04)	Help! (1965-08-06)	Rubber Soul (1965-12-03)	Revolver (1966-08-05)	A Hard Day's Night (1964-07-10)	Abbey Road (1969-09-26)	Let It Be (1970-05-08)	Past Masters (1988-03-07)	Anthology 2 (1996-03-18)	Anthology 3 (1996-10-28)	On Air – Live at the BBC Volume 2 (2013-11-11)	The Beatles Bootleg Recordings 1963	Singles	Please Please Me (1963-03-22)	With the Beatles (1963-11-22)	Live at the BBC (1994-11-30)	Anthology 1 (1995-11-20)	My Bonnie	Ya Ya	The Beatles' First	Let It Be: Special Edition	The Beatles: Get Back – The Rooftop Performance	Rubber Soul: Super Deluxe Edition
forward-songwriter-018	Revolver (1966-08-05)	Rubber Soul (1965-12-03)	Sgt. Pepper's Lonely Hearts Club Band (1967-05-26)	The Beatles (White Album) (1968-11-22)	Help! (1965-08-06)	Please Please Me (1963-03-22)	With the Beatles (1963-11-22)	A Hard Day's Night (1964-07-10)	Beatles for Sale (1964-12-04)	Magical Mystery Tour (1967-11-27)	Yellow Submarine (1969-01-13)	Abbey Road (1969-09-26)	Let It Be (1970-05-08)	Past Masters (1988-03-07)	Live at the BBC (1994-11-30)	Anthology 1 (1995-11-20)	Anthology 2 (1996-03-18)	Anthology 3 (1996-10-28)	On Air – Live at the BBC Volume 2 (2013-11-11)	My Bonnie	Ya Ya	The Beatles' First	The Beatles Bootleg Recordings 1963	Let It Be: Special Edition	The Beatles: Get Back – The Rooftop Performance	1967–1970	Rubber Soul: Super Deluxe Edition	Singles
forward-songwriter-020	The Beatles (White Album) (1968-11-22)	Abbey Road (1969-09-26)	Let It Be (1970-05-08)	Rubber Soul (1965-12-03)	1967–1970	Please Please Me (1963-03-22)	With the Beatles (1963-11-22)	A Hard Day's Night (1964-07-10)	Beatles for Sale (1964-12-04)	Help! (1965-08-06)	Revolver (1966-08-05)	Sgt. Pepper's Lonely Hearts Club Band (1967-05-26)	Magical Mystery Tour (1967-11-27)	Yellow Submarine (1969-01-13)	Past Masters (1988-03-07)	Live at the BBC (1994-11-30)	Anthology 1 (1995-11-20)	Anthology 2 (1996-03-18)	Anthology 3 (1996-10-28)	On Air – Live at the BBC Volume 2 (2013-11-11)	My Bonnie	Ya Ya	The Beatles' First	The Beatles Bootleg Recordings 1963	Let It Be: Special Edition	The Beatles: Get Back – The Rooftop Performance	Rubber Soul: Super Deluxe Edition	Singles
forward-songwriter-025	Revolver (1966-08-05)	Rubber Soul (1965-12-03)	Abbey Road (1969-09-26)	Sgt. Pepper's Lonely Hearts Club Band (1967-05-26)	Beatles for Sale (1964-12-04)	Help! (1965-08-06)	The Beatles (White Album) (1968-11-22)	Please Please Me (1963-03-22)	With the Beatles (1963-11-22)	A Hard Day's Night (1964-07-10)	Magical Mystery Tour (1967-11-27)	Yellow Submarine (1969-01-13)	Let It Be (1970-05-08)	Past Masters (1988-03-07)	Live at the BBC (1994-11-30)	Anthology 1 (1995-11-20)	Anthology 2 (1996-03-18)	Anthology 3 (1996-10-28)	On Air – Live at the BBC Volume 2 (2013-11-11)	My Bonnie	Ya Ya	The Beatles' First	The Beatles Bootleg Recordings 1963	Let It Be: Special Edition	The Beatles: Get Back – The Rooftop Performance	1967–1970	Rubber Soul: Super Deluxe Edition	Singles
forward-songwriter-035	With the Beatles (1963-11-22)	My Bonnie	Ya Ya	Please Please Me (1963-03-22)	Beatles for Sale (1964-12-04)	The Beatles (White Album) (1968-11-22)	On Air – Live at the BBC Volume 2 (2013-11-11)	Singles	Live at the BBC (1994-11-30)	Help! (1965-08-06)	Rubber Soul (1965-12-03)	Past Masters (1988-03-07)	The Beatles' First	A Hard Day's Night (1964-07-10)	Magical Mystery Tour (1967-11-27)	Yellow Submarine (1969-01-13)	Let It Be (1970-05-08)	Anthology 1 (1995-11-20)	Anthology 3 (1996-10-28)	The Beatles Bootleg Recordings 1963	Let It Be: Special Edition	Revolver (1966-08-05)	Sgt. Pepper's Lonely Hearts Club Band (1967-05-26)	Abbey Road (1969-09-26)	Anthology 2 (1996-03-18)	The Beatles: Get Back – The Rooftop Performance	1967–1970	Rubber Soul: Super Deluxe Edition
forward-songwriter-046	With the Beatles (1963-11-22)	Beatles for Sale (1964-12-04)	Rubber Soul (1965-12-03)	Please Please Me (1963-03-22)	Singles	Ya Ya	The Beatles' First	Help! (1965-08-06)	My Bonnie	A Hard Day's Night (1964-07-10)	Magical Mystery Tour (1967-11-27)	Revolver (1966-08-05)	Sgt. Pepper's Lonely Hearts Club Band (1967-05-26)	The Beatles (White Album) (1968-11-22)	Yellow Submarine (1969-01-13)	Abbey Road (1969-09-26)	Let It Be (1970-05-08)	Past Masters (1988-03-07)	Live at the BBC (1994-11-30)	Anthology 1 (1995-11-20)	Anthology 2 (1996-03-18)	Anthology 3 (1996-10-28)	On Air – Live at the BBC Volume 2 (2013-11-11)	The Beatles Bootleg Recordings 1963	Let It Be: Special Edition	The Beatles: Get Back – The Rooftop Performance	1967–1970	Rubber Soul: Super Deluxe Edition
forward-songwriter-047	Ya Ya	With the Beatles (1963-11-22)	On Air – Live at the BBC Volume 2 (2013-11-11)	Please Please Me (1963-03-22)	Beatles for Sale (1964-12-04)	Live at the BBC (1994-11-30)	My Bonnie	A Hard Day's Night (1964-07-10)	Help! (1965-08-06)	The Beatles (White Album) (1968-11-22)	Rubber Soul (1965-12-03)	The Beatles' First	Past Masters (1988-03-07)	The Beatles Bootleg Recordings 1963	Revolver (1966-08-05)	Sgt. Pepper's Lonely Hearts Club Band (1967-05-26)	Magical Mystery Tour (1967-11-27)	Yellow Submarine (1969-01-13)	Abbey Road (1969-09-26)	Let It Be (1970-05-08)	Anthology 1 (1995-11-20)	Anthology 2 (1996-03-18)	Anthology 3 (1996-10-28)	Singles	Let It Be: Special Edition	The Beatles: Get Back – The Rooftop Performance	1967–1970	Rubber Soul: Super Deluxe Edition
forward-year-004	The Beatles (White Album) (1968-11-22)	Sgt. Pepper's Lonely Hearts Club Band (1967-05-26)	Abbey Road (1969-09-26)	Revolver (1966-08-05)	Rubber Soul (1965-12-03)	1967–1970	Magical Mystery Tour (1967-11-27)	Let It Be (1970-05-08)	Please Please Me (1963-03-22)	With the Beatles (1963-11-22)	A Hard Day's Night (1964-07-10)	Beatles for Sale (1964-12-04)	Help! (1965-08-06)	Yellow Submarine (1969-01-13)	Past Masters (1988-03-07)	Live at the BBC (1994-11-30)	Anthology 1 (1995-11-20)	Anthology 2 (1996-03-18)	Anthology 3 (1996-10-28)	On Air – Live at the BBC Volume 2 (2013-11-11)	My Bonnie	Ya Ya	The Beatles' First	The Beatles Bootleg Recordings 1963	Let It Be: Special Edition	The Beatles: Get Back – The Rooftop Performance	Rubber Soul: Super Deluxe Edition	Singles
forward-year-014	Magical Mystery Tour (1967-11-27)	The Beatles (White Album) (1968-11-22)	1967–1970	Yellow Submarine (1969-01-13)	Sgt. Pepper's Lonely Hearts Club Band (1967-05-26)	Beatles for Sale (1964-12-04)	Rubber Soul (1965-12-03)	Help! (1965-08-06)	Revolver (1966-08-05)	Singles	A Hard Day's Night (1964-07-10)	Abbey Road (1969-09-26)	Let It Be (1970-05-08)	Past Masters (1988-03-07)	Anthology 2 (1996-03-18)	On Air – Live at the BBC Volume 2 (2013-11-11)	The Beatles' First	Please Please Me (1963-03-22)	With the Beatles (1963-11-22)	Live at the BBC (1994-11-30)	Anthology 1 (1995-11-20)	Anthology 3 (1996-10-28)	My Bonnie	Ya Ya	The Beatles Bootleg Recordings 1963	Let It Be: Special Edition	The Beatles: Get Back – The Rooftop Performance	Rubber Soul: Super Deluxe Edition
forward-year-017	Rubber Soul (1965-12-03)	The Beatles (White Album) (1968-11-22)	Revolver (1966-08-05)	Sgt. Pepper's Lonely Hearts Club Band (1967-05-26)	Magical Mystery Tour (1967-11-27)	Singles	Please Please Me (1963-03-22)	With the Beatles (1963-11-22)	A Hard Day's Night (1964-07-10)	Beatles for Sale (1964-12-04)	Help! (1965-08-06)	Yellow Submarine (1969-01-13)	Abbey Road (1969-09-26)	Let It Be (1970-05-08)	Past Masters (1988-03-07)	Live at the BBC (1994-11-30)	Anthology 1 (1995-11-20)	Anthology 2 (1996-03-18)	Anthology 3 (1996-10-28)	On Air – Live at the BBC Volume 2 (2013-11-11)	My Bonnie	Ya Ya	The Beatles' First	The Beatles Bootleg Recordings 1963	Let It Be: Special Edition	The Beatles: Get Back – The Rooftop Performance	1967–1970	Rubber Soul: Super Deluxe Edition
forward-year-019	Revolver (1966-08-05)	Sgt. Pepper's Lonely Hearts Club Band (1967-05-26)	Magical Mystery Tour (1967-11-27)	1967–1970	Please Please Me (1963-03-22)	With the Beatles (1963-11-22)	A Hard Day's Night (1964-07-10)	Beatles for Sale (1964-12-04)	Help! (1965-08-06)	Rubber Soul (1965-12-03)	The Beatles (White Album) (1968-11-22)	Yellow Submarine (1969-01-13)	Abbey Road (1969-09-26)	Let It Be (1970-05-08)	Past Masters (1988-03-07)	Live at the BBC (1994-11-30)	Anthology 1 (1995-11-20)	Anthology 2 (1996-03-18)	Anthology 3 (1996-10-28)	On Air – Live at the BBC Volume 2 (2013-11-11)	My Bonnie	Ya Ya	The Beatles' First	The Beatles Bootleg Recordings 1963	Let It Be: Special Edition	The Beatles: Get Back – The Rooftop Performance	Rubber Soul: Super Deluxe Edition	Singles
forward-year-022	Rubber Soul (1965-12-03)	Help! (1965-08-06)	Singles	Magical Mystery Tour (1967-11-27)	A Hard Day's Night (1964-07-10)	Beatles for Sale (1964-12-04)	The Beatles (White Album) (1968-11-22)	Please Please Me (1963-03-22)	With the Beatles (1963-11-22)	Revolver (1966-08-05)	Sgt. Pepper's Lonely Hearts Club Band (1967-05-26)	Yellow Submarine (1969-01-13)	Abbey Road (1969-09-26)	Let It Be (1970-05-08)	Past Masters (1988-03-07)	Live at the BBC (1994-11-30)	Anthology 1 (1995-11-20)	Anthology 2 (1996-03-18)	Anthology 3 (1996-10-28)	On Air – Live at the BBC Volume 2 (2013-11-11)	My Bonnie	Ya Ya	The Beatles' First	The Beatles Bootleg Recordings 1963	Let It Be: Special Edition	The Beatles: Get Back – The Rooftop Performance	1967–1970	Rubber Soul: Super Deluxe Edition
forward-year-030	The Beatles (White Album) (1968-11-22)	Yellow Submarine (1969-01-13)	Revolver (1966-08-05)	Abbey Road (1969-09-26)	Sgt. Pepper's Lonely Hearts Club Band (1967-05-26)	Magical Mystery Tour (1967-11-27)	1967–1970	Please Please Me (1963-03-22)	With the Beatles (1963-11-22)	A Hard Day's Night (1964-07-10)	Beatles for Sale (1964-12-04)	Help! (1965-08-06)	Rubber Soul (1965-12-03)	Let It Be (1970-05-08)	Past Masters (1988-03-07)	Live at the BBC (1994-11-30)	Anthology 1 (1995-11-20)	Anthology 2 (1996-03-18)	Anthology 3 (1996-10-28)	On Air – Live at the BBC Volume 2 (2013-11-11)	My Bonnie	Ya Ya	The Beatles' First	The Beatles Bootleg Recordings 1963	Let It Be: Special Edition	The Beatles: Get Back – The Rooftop Performance	Rubber Soul: Super Deluxe Edition	Singles
forward-year-032	The Beatles (White Album) (1968-11-22)	Abbey Road (1969-09-26)	Please Please Me (1963-03-22)	With the Beatles (1963-11-22)	A Hard Day's Night (1964-07-10)	Beatles for Sale (1964-12-04)	Help! (1965-08-06)	Rubber Soul (1965-12-03)	Revolver (1966-08-05)	Sgt. Pepper's Lonely Hearts Club Band (1967-05-26)	Magical Mystery Tour (1967-11-27)	Yellow Submarine (1969-01-13)	Let It Be (1970-05-08)	Past Masters (1988-03-07)	Live at the BBC (1994-11-30)	Anthology 1 (1995-11-20)	Anthology 2 (1996-03-18)	Anthology 3 (1996-10-28)	On Air – Live at the BBC Volume 2 (2013-11-11)	My Bonnie	Ya Ya	The Beatles' First	The Beatles Bootleg Recordings 1963	Let It Be: Special Edition	The Beatles: Get Back – The Rooftop Performance	1967–1970	Rubber Soul: Super Deluxe Edition	Singles
forward-year-039	Singles	Help! (1965-08-06)	A Hard Day's Night (1964-07-10)	Beatles for Sale (1964-12-04)	Rubber Soul (1965-12-03)	Magical Mystery Tour (1967-11-27)	With the Beatles (1963-11-22)	Revolver (1966-08-05)	Past Masters (1988-03-07)	The Beatles' First	Please Please Me (1963-03-22)	Sgt. Pepper's Lonely Hearts Club Band (1967-05-26)	The Beatles (White Album) (1968-11-22)	Yellow Submarine (1969-01-13)	Abbey Road (1969-09-26)	Let It Be (1970-05-08)	Live at the BBC (1994-11-30)	Anthology 1 (1995-11-20)	Anthology 2 (1996-03-18)	Anthology 3 (1996-10-28)	On Air – Live at the BBC Volume 2 (2013-11-11)	My Bonnie	Ya Ya	The Beatles Bootleg Recordings 1963	Let It Be: Special Edition	The Beatles: Get Back – The Rooftop Performance	1967–1970	Rubber Soul: Super Deluxe Edition
forward-year-058	The Beatles (White Album) (1968-11-22)	Rubber Soul (1965-12-03)	1967–1970	Please Please Me (1963-03-22)	With the Beatles (1963-11-22)	A Hard Day's Night (1964-07-10)	Beatles for Sale (1964-12-04)	Help! (1965-08-06)	Revolver (1966-08-05)	Sgt. Pepper's Lonely Hearts Club Band (1967-05-26)	Magical Mystery Tour (1967-11-27)	Yellow Submarine (1969-01-13)	Abbey Road (1969-09-26)	Let It Be (1970-05-08)	Past Masters (1988-03-07)	Live at the BBC (1994-11-30)	Anthology 1 (1995-11-20)	Anthology 2 (1996-03-18)	Anthology 3 (1996-10-28)	On Air – Live at the BBC Volume 2 (2013-11-11)	My Bonnie	Ya Ya	The Beatles' First	The Beatles Bootleg Recordings 1963	Let It Be: Special Edition	The Beatles: Get Back – The Rooftop Performance	Rubber Soul: Super Deluxe Edition	Singles
forward-year-059	Beatles for Sale (1964-12-04)	Help! (1965-08-06)	With the Beatles (1963-11-22)	A Hard Day's Night (1964-07-10)	Rubber Soul (1965-12-03)	Singles	Ya Ya	Please Please Me (1963-03-22)	The Beatles' First	Magical Mystery Tour (1967-11-27)	Past Masters (1988-03-07)	My Bonnie	Revolver (1966-08-05)	Sgt. Pepper's Lonely Hearts Club Band (1967-05-26)	The Beatles (White Album) (1968-11-22)	Abbey Road (1969-09-26)	Let It Be (1970-05-08)	Live at the BBC (1994-11-30)	On Air – Live at the BBC Volume 2 (2013-11-11)	The Beatles Bootleg Recordings 1963	1967–1970	Yellow Submarine (1969-01-13)	Anthology 1 (1995-11-20)	Anthology 2 (1996-03-18)	Anthology 3 (1996-10-28)	Let It Be: Special Edition	The Beatles: Get Back – The Rooftop Performance	Rubber Soul: Super Deluxe Edition
lead-set-ringo-004	Beatles for Sale (1964-12-04)	Rubber Soul (1965-12-03)	Help! (1965-08-06)	With the Beatles (1963-11-22)	A Hard Day's Night (1964-07-10)	Singles	Revolver (1966-08-05)	Magical Mystery Tour (1967-11-27)	Sgt. Pepper's Lonely Hearts Club Band (1967-05-26)	The Beatles (White Album) (1968-11-22)	The Beatles' First	Please Please Me (1963-03-22)	Yellow Submarine (1969-01-13)	Abbey Road (1969-09-26)	Let It Be (1970-05-08)	Past Masters (1988-03-07)	Live at the BBC (1994-11-30)	Anthology 1 (1995-11-20)	Anthology 2 (1996-03-18)	Anthology 3 (1996-10-28)	On Air – Live at the BBC Volume 2 (2013-11-11)	My Bonnie	Ya Ya	The Beatles Bootleg Recordings 1963	Let It Be: Special Edition	The Beatles: Get Back – The Rooftop Performance	1967–1970	Rubber Soul: Super Deluxe Edition
lead-set-george-006	Beatles for Sale (1964-12-04)	With the Beatles (1963-11-22)	Help! (1965-08-06)	A Hard Day's Night (1964-07-10)	Rubber Soul (1965-12-03)	Ya Ya	Please Please Me (1963-03-22)	The Beatles (White Album) (1968-11-22)	The Beatles' First	Singles	Revolver (1966-08-05)	Sgt. Pepper's Lonely Hearts Club Band (1967-05-26)	Magical Mystery Tour (1967-11-27)	Yellow Submarine (1969-01-13)	Abbey Road (1969-09-26)	Let It Be (1970-05-08)	Past Masters (1988-03-07)	Live at the BBC (1994-11-30)	Anthology 1 (1995-11-20)	Anthology 2 (1996-03-18)	Anthology 3 (1996-10-28)	On Air – Live at the BBC Volume 2 (2013-11-11)	My Bonnie	The Beatles Bootleg Recordings 1963	Let It Be: Special Edition	The Beatles: Get Back – The Rooftop Performance	1967–1970	Rubber Soul: Super Deluxe Edition
lead-set-ringo-006	Beatles for Sale (1964-12-04)	With the Beatles (1963-11-22)	Help! (1965-08-06)	A Hard Day's Night (1964-07-10)	Rubber Soul (1965-12-03)	Ya Ya	Please Please Me (1963-03-22)	The Beatles (White Album) (1968-11-22)	The Beatles' First	Singles	Revolver (1966-08-05)	Sgt. Pepper's Lonely Hearts Club Band (1967-05-26)	Magical Mystery Tour (1967-11-27)	Yellow Submarine (1969-01-13)	Abbey Road (1969-09-26)	Let It Be (1970-05-08)	Past Masters (1988-03-07)	Live at the BBC (1994-11-30)	Anthology 1 (1995-11-20)	Anthology 2 (1996-03-18)	Anthology 3 (1996-10-28)	On Air – Live at the BBC Volume 2 (2013-11-11)	My Bonnie	The Beatles Bootleg Recordings 1963	Let It Be: Special Edition	The Beatles: Get Back – The Rooftop Performance	1967–1970	Rubber Soul: Super Deluxe Edition
lead-set-john-007	Revolver (1966-08-05)	Rubber Soul (1965-12-03)	Sgt. Pepper's Lonely Hearts Club Band (1967-05-26)	Abbey Road (1969-09-26)	The Beatles (White Album) (1968-11-22)	Let It Be (1970-05-08)	1967–1970	Please Please Me (1963-03-22)	With the Beatles (1963-11-22)	A Hard Day's Night (1964-07-10)	Beatles for Sale (1964-12-04)	Help! (1965-08-06)	Magical Mystery Tour (1967-11-27)	Yellow Submarine (1969-01-13)	Past Masters (1988-03-07)	Live at the BBC (1994-11-30)	Anthology 1 (1995-11-20)	Anthology 2 (1996-03-18)	Anthology 3 (1996-10-28)	On Air – Live at the BBC Volume 2 (2013-11-11)	My Bonnie	Ya Ya	The Beatles' First	The Beatles Bootleg Recordings 1963	Let It Be: Special Edition	The Beatles: Get Back – The Rooftop Performance	Rubber Soul: Super Deluxe Edition	Singles
lead-set-george-007	Revolver (1966-08-05)	Sgt. Pepper's Lonely Hearts Club Band (1967-05-26)	Rubber Soul (1965-12-03)	Abbey Road (1969-09-26)	The Beatles (White Album) (1968-11-22)	Let It Be (1970-05-08)	1967–1970	Please Please Me (1963-03-22)	With the Beatles (1963-11-22)	A Hard Day's Night (1964-07-10)	Beatles for Sale (1964-12-04)	Help! (1965-08-06)	Magical Mystery Tour (1967-11-27)	Yellow Submarine (1969-01-13)	Past Masters (1988-03-07)	Live at the BBC (1994-11-30)	Anthology 1 (1995-11-20)	Anthology 2 (1996-03-18)	Anthology 3 (1996-10-28)	On Air – Live at the BBC Volume 2 (2013-11-11)	My Bonnie	Ya Ya	The Beatles' First	The Beatles Bootleg Recordings 1963	Let It Be: Special Edition	The Beatles: Get Back – The Rooftop Performance	Rubber Soul: Super Deluxe Edition	Singles
lead-set-john-008	With the Beatles (1963-11-22)	The Beatles (White Album) (1968-11-22)	Please Please Me (1963-03-22)	Rubber Soul (1965-12-03)	Beatles for Sale (1964-12-04)	Ya Ya	A Hard Day's Night (1964-07-10)	Help! (1965-08-06)	Magical Mystery Tour (1967-11-27)	Live at the BBC (1994-11-30)	Anthology 1 (1995-11-20)	On Air – Live at the BBC Volume 2 (2013-11-11)	The Beatles Bootleg Recordings 1963	Revolver (1966-08-05)	My Bonnie	The Beatles' First	Singles	Sgt. Pepper's Lonely Hearts Club Band (1967-05-26)	Yellow Submarine (1969-01-13)	Abbey Road (1969-09-26)	Let It Be (1970-05-08)	Past Masters (1988-03-07)	Anthology 2 (1996-03-18)	Anthology 3 (1996-10-28)	Let It Be: Special Edition	1967–1970	The Beatles: Get Back – The Rooftop Performance	Rubber Soul: Super Deluxe Edition
lead-set-paul-009	Rubber Soul (1965-12-03)	Magical Mystery Tour (1967-11-27)	Revolver (1966-08-05)	Singles	Help! (1965-08-06)	Past Masters (1988-03-07)	Beatles for Sale (1964-12-04)	Sgt. Pepper's Lonely Hearts Club Band (1967-05-26)	1967–1970	A Hard Day's Night (1964-07-10)	The Beatles (White Album) (1968-11-22)	Abbey Road (1969-09-26)	Please Please Me (1963-03-22)	With the Beatles (1963-11-22)	Yellow Submarine (1969-01-13)	Let It Be (1970-05-08)	Live at the BBC (1994-11-30)	Anthology 1 (1995-11-20)	Anthology 2 (1996-03-18)	Anthology 3 (1996-10-28)	On Air – Live at the BBC Volume 2 (2013-11-11)	My Bonnie	Ya Ya	The Beatles' First	The Beatles Bootleg Recordings 1963	Let It Be: Special Edition	The Beatles: Get Back – The Rooftop Performance	Rubber Soul: Super Deluxe Edition
lead-set-paul-011	The Beatles (White Album) (1968-11-22)	Let It Be (1970-05-08)	The Beatles: Get Back – The Rooftop Performance	Abbey Road (1969-09-26)	Let It Be: Special Edition	Please Please Me (1963-03-22)	With the Beatles (1963-11-22)	A Hard Day's Night (1964-07-10)	Beatles for Sale (1964-12-04)	Help! (1965-08-06)	Rubber Soul (1965-12-03)	Revolver (1966-08-05)	Sgt. Pepper's Lonely Hearts Club Band (1967-05-26)	Magical Mystery Tour (1967-11-27)	Yellow Submarine (1969-01-13)	Past Masters (1988-03-07)	Live at the BBC (1994-11-30)	Anthology 1 (1995-11-20)	Anthology 2 (1996-03-18)	Anthology 3 (1996-10-28)	On Air – Live at the BBC Volume 2 (2013-11-11)	My Bonnie	Ya Ya	The Beatles' First	The Beatles Bootleg Recordings 1963	1967–1970	Rubber Soul: Super Deluxe Edition	Singles
lead-set-ringo-018	The Beatles (White Album) (1968-11-22)	Abbey Road (1969-09-26)	Let It Be (1970-05-08)	Rubber Soul (1965-12-03)	Please Please Me (1963-03-22)	With the Beatles (1963-11-22)	A Hard Day's Night (1964-07-10)	Beatles for Sale (1964-12-04)	Help! (1965-08-06)	Revolver (1966-08-05)	Sgt. Pepper's Lonely Hearts Club Band (1967-05-26)	Magical Mystery Tour (1967-11-27)	Yellow Submarine (1969-01-13)	Past Masters (1988-03-07)	Live at the BBC (1994-11-30)	Anthology 1 (1995-11-20)	Anthology 2 (1996-03-18)	Anthology 3 (1996-10-28)	On Air – Live at the BBC Volume 2 (2013-11-11)	My Bonnie	Ya Ya	The Beatles' First	The Beatles Bootleg Recordings 1963	Let It Be: Special Edition	The Beatles: Get Back – The Rooftop Performance	1967–1970	Rubber Soul: Super Deluxe Edition	Singles
lead-set-paul-019	Magical Mystery Tour (1967-11-27)	Sgt. Pepper's Lonely Hearts Club Band (1967-05-26)	Yellow Submarine (1969-01-13)	The Beatles (White Album) (1968-11-22)	1967–1970	Revolver (1966-08-05)	Abbey Road (1969-09-26)	Please Please Me (1963-03-22)	With the Beatles (1963-11-22)	A Hard Day's Night (1964-07-10)	Beatles for Sale (1964-12-04)	Help! (1965-08-06)	Rubber Soul (1965-12-03)	Let It Be (1970-05-08)	Past Masters (1988-03-07)	Live at the BBC (1994-11-30)	Anthology 1 (1995-11-20)	Anthology 2 (1996-03-18)	Anthology 3 (1996-10-28)	On Air – Live at the BBC Volume 2 (2013-11-11)	My Bonnie	Ya Ya	The Beatles' First	The Beatles Bootleg Recordings 1963	Let It Be: Special Edition	The Beatles: Get Back – The Rooftop Performance	Rubber Soul: Super Deluxe Edition	Singles
lead-set-john-020	With the Beatles (1963-11-22)	Please Please Me (1963-03-22)	Beatles for Sale (1964-12-04)	Rubber Soul (1965-12-03)	The Beatles (White Album) (1968-11-22)	Singles	A Hard Day's Night (1964-07-10)	Help! (1965-08-06)	Magical Mystery Tour (1967-11-27)	My Bonnie	Ya Ya	Sgt. Pepper's Lonely Hearts Club Band (1967-05-26)	On Air – Live at the BBC Volume 2 (2013-11-11)	The Beatles' First	The Beatles Bootleg Recordings 1963	Revolver (1966-08-05)	Yellow Submarine (1969-01-13)	Abbey Road (1969-09-26)	Let It Be (1970-05-08)	Past Masters (1988-03-07)	Live at the BBC (1994-11-30)	Anthology 1 (1995-11-20)	Anthology 2 (1996-03-18)	Anthology 3 (1996-10-28)	Let It Be: Special Edition	The Beatles: Get Back – The Rooftop Performance	1967–1970	Rubber Soul: Super Deluxe Edition
lead-set-john-021	Help! (1965-08-06)	Beatles for Sale (1964-12-04)	With the Beatles (1963-11-22)	A Hard Day's Night (1964-07-10)	Rubber Soul (1965-12-03)	Ya Ya	Past Masters (1988-03-07)	Singles	Please Please Me (1963-03-22)	Live at the BBC (1994-11-30)	On Air – Live at the BBC Volume 2 (2013-11-11)	Revolver (1966-08-05)	Magical Mystery Tour (1967-11-27)	My Bonnie	The Beatles' First	Sgt. Pepper's Lonely Hearts Club Band (1967-05-26)	The Beatles (White Album) (1968-11-22)	Abbey Road (1969-09-26)	Let It Be (1970-05-08)	The Beatles Bootleg Recordings 1963	Yellow Submarine (1969-01-13)	Anthology 1 (1995-11-20)	Anthology 2 (1996-03-18)	Anthology 3 (1996-10-28)	Let It Be: Special Edition	The Beatles: Get Back – The Rooftop Performance	1967–1970	Rubber Soul: Super Deluxe Edition
lead-set-paul-022	Singles	With the Beatles (1963-11-22)	Past Masters (1988-03-07)	Please Please Me (1963-03-22)	A Hard Day's Night (1964-07-10)	Beatles for Sale (1964-12-04)	Help! (1965-08-06)	The Beatles' First	Rubber Soul (1965-12-03)	Revolver (1966-08-05)	Sgt. Pepper's Lonely Hearts Club Band (1967-05-26)	Magical Mystery Tour (1967-11-27)	The Beatles (White Album) (1968-11-22)	Yellow Submarine (1969-01-13)	Abbey Road (1969-09-26)	Let It Be (1970-05-08)	Live at the BBC (1994-11-30)	Anthology 1 (1995-11-20)	Anthology 2 (1996-03-18)	Anthology 3 (1996-10-28)	On Air – Live at the BBC Volume 2 (2013-11-11)	My Bonnie	Ya Ya	The Beatles Bootleg Recordings 1963	Let It Be: Special Edition	The Beatles: Get Back – The Rooftop Performance	1967–1970	Rubber Soul: Super Deluxe Edition
lead-set-john-023	Rubber Soul (1965-12-03)	Help! (1965-08-06)	A Hard Day's Night (1964-07-10)	Beatles for Sale (1964-12-04)	The Beatles (White Album) (1968-11-22)	Abbey Road (1969-09-26)	With the Beatles (1963-11-22)	Revolver (1966-08-05)	Magical Mystery Tour (1967-11-27)	Singles	Sgt. Pepper's Lonely Hearts Club Band (1967-05-26)	Let It Be (1970-05-08)	Please Please Me (1963-03-22)	Yellow Submarine (1969-01-13)	Past Masters (1988-03-07)	The Beatles' First	1967–1970	Live at the BBC (1994-11-30)	Anthology 1 (1995-11-20)	Anthology 2 (1996-03-18)	Anthology 3 (1996-10-28)	On Air – Live at the BBC Volume 2 (2013-11-11)	My Bonnie	Ya Ya	The Beatles Bootleg Recordings 1963	Let It Be: Special Edition	The Beatles: Get Back – The Rooftop Performance	Rubber Soul: Super Deluxe Edition
lead-set-ringo-023	Rubber Soul (1965-12-03)	Help! (1965-08-06)	A Hard Day's Night (1964-07-10)	Beatles for Sale (1964-12-04)	Singles	With the Beatles (1963-11-22)	Magical Mystery Tour (1967-11-27)	Revolver (1966-08-05)	The Beatles (White Album) (1968-11-22)	Abbey Road (1969-09-26)	Sgt. Pepper's Lonely Hearts Club Band (1967-05-26)	Please Please Me (1963-03-22)	Let It Be (1970-05-08)	Yellow Submarine (1969-01-13)	Past Masters (1988-03-07)	The Beatles' First	1967–1970	Live at the BBC (1994-11-30)	Anthology 1 (1995-11-20)	Anthology 2 (1996-03-18)	Anthology 3 (1996-10-28)	On Air – Live at the BBC Volume 2 (2013-11-11)	My Bonnie	Ya Ya	The Beatles Bootleg Recordings 1963	Let It Be: Special Edition	The Beatles: Get Back – The Rooftop Performance	Rubber Soul: Super Deluxe Edition
lead-set-john-025	The Beatles (White Album) (1968-11-22)	Sgt. Pepper's Lonely Hearts Club Band (1967-05-26)	Rubber Soul (1965-12-03)	Magical Mystery Tour (1967-11-27)	Abbey Road (1969-09-26)	Please Please Me (1963-03-22)	With the Beatles (1963-11-22)	A Hard Day's Night (1964-07-10)	Beatles for Sale (1964-12-04)	Help! (1965-08-06)	Revolver (1966-08-05)	Yellow Submarine (1969-01-13)	Let It Be (1970-05-08)	Past Masters (1988-03-07)	Live at the BBC (1994-11-30)	Anthology 1 (1995-11-20)	Anthology 2 (1996-03-18)	Anthology 3 (1996-10-28)	On Air – Live at the BBC Volume 2 (2013-11-11)	My Bonnie	Ya Ya	The Beatles' First	The Beatles Bootleg Recordings 1963	Let It Be: Special Edition	The Beatles: Get Back – The Rooftop Performance	1967–1970	Rubber Soul: Super Deluxe Edition	Singles
lead-set-ringo-026	With the Beatles (1963-11-22)	Rubber Soul (1965-12-03)	A Hard Day's Night (1964-07-10)	Beatles for Sale (1964-12-04)	Help! (1965-08-06)	Please Please Me (1963-03-22)	Singles	Revolver (1966-08-05)	Sgt. Pepper's Lonely Hearts Club Band (1967-05-26)	Magical Mystery Tour (1967-11-27)	The Beatles (White Album) (1968-11-22)	Abbey Road (1969-09-26)	Let It Be (1970-05-08)	Past Masters (1988-03-07)	The Beatles' First	Yellow Submarine (1969-01-13)	Live at the BBC (1994-11-30)	Anthology 1 (1995-11-20)	Anthology 2 (1996-03-18)	Anthology 3 (1996-10-28)	On Air – Live at the BBC Volume 2 (2013-11-11)	My Bonnie	Ya Ya	The Beatles Bootleg Recordings 1963	Let It Be: Special Edition	The Beatles: Get Back – The Rooftop Performance	1967–1970	Rubber Soul: Super Deluxe Edition
lexical-trap-control-album-to-song-004	Abbey Road (1969-09-26)	Singles	Let It Be (1970-05-08)	Please Please Me (1963-03-22)	With the Beatles (1963-11-22)	A Hard Day's Night (1964-07-10)	Beatles for Sale (1964-12-04)	Help! (1965-08-06)	Rubber Soul (1965-12-03)	Revolver (1966-08-05)	Sgt. Pepper's Lonely Hearts Club Band (1967-05-26)	Magical Mystery Tour (1967-11-27)	The Beatles (White Album) (1968-11-22)	Yellow Submarine (1969-01-13)	Past Masters (1988-03-07)	Live at the BBC (1994-11-30)	Anthology 1 (1995-11-20)	Anthology 2 (1996-03-18)	Anthology 3 (1996-10-28)	On Air – Live at the BBC Volume 2 (2013-11-11)	My Bonnie	Ya Ya	The Beatles' First	The Beatles Bootleg Recordings 1963	Let It Be: Special Edition	The Beatles: Get Back – The Rooftop Performance	1967–1970	Rubber Soul: Super Deluxe Edition
lexical-trap-control-album-to-song-006	Abbey Road (1969-09-26)	Singles	Let It Be (1970-05-08)	Please Please Me (1963-03-22)	With the Beatles (1963-11-22)	A Hard Day's Night (1964-07-10)	Beatles for Sale (1964-12-04)	Help! (1965-08-06)	Rubber Soul (1965-12-03)	Revolver (1966-08-05)	Sgt. Pepper's Lonely Hearts Club Band (1967-05-26)	Magical Mystery Tour (1967-11-27)	The Beatles (White Album) (1968-11-22)	Yellow Submarine (1969-01-13)	Past Masters (1988-03-07)	Live at the BBC (1994-11-30)	Anthology 1 (1995-11-20)	Anthology 2 (1996-03-18)	Anthology 3 (1996-10-28)	On Air – Live at the BBC Volume 2 (2013-11-11)	My Bonnie	Ya Ya	The Beatles' First	The Beatles Bootleg Recordings 1963	Let It Be: Special Edition	The Beatles: Get Back – The Rooftop Performance	1967–1970	Rubber Soul: Super Deluxe Edition
lexical-trap-control-album-to-song-010	Please Please Me (1963-03-22)	With the Beatles (1963-11-22)	The Beatles' First	Singles	A Hard Day's Night (1964-07-10)	Beatles for Sale (1964-12-04)	Help! (1965-08-06)	Rubber Soul (1965-12-03)	Revolver (1966-08-05)	Sgt. Pepper's Lonely Hearts Club Band (1967-05-26)	Magical Mystery Tour (1967-11-27)	The Beatles (White Album) (1968-11-22)	Yellow Submarine (1969-01-13)	Abbey Road (1969-09-26)	Let It Be (1970-05-08)	Past Masters (1988-03-07)	Live at the BBC (1994-11-30)	Anthology 1 (1995-11-20)	Anthology 2 (1996-03-18)	Anthology 3 (1996-10-28)	On Air – Live at the BBC Volume 2 (2013-11-11)	My Bonnie	Ya Ya	The Beatles Bootleg Recordings 1963	Let It Be: Special Edition	The Beatles: Get Back – The Rooftop Performance	1967–1970	Rubber Soul: Super Deluxe Edition
lexical-trap-control-album-to-song-018	Help! (1965-08-06)	Singles	Please Please Me (1963-03-22)	With the Beatles (1963-11-22)	A Hard Day's Night (1964-07-10)	Beatles for Sale (1964-12-04)	Rubber Soul (1965-12-03)	Revolver (1966-08-05)	Sgt. Pepper's Lonely Hearts Club Band (1967-05-26)	Magical Mystery Tour (1967-11-27)	The Beatles (White Album) (1968-11-22)	Yellow Submarine (1969-01-13)	Abbey Road (1969-09-26)	Let It Be (1970-05-08)	Past Masters (1988-03-07)	Live at the BBC (1994-11-30)	Anthology 1 (1995-11-20)	Anthology 2 (1996-03-18)	Anthology 3 (1996-10-28)	On Air – Live at the BBC Volume 2 (2013-11-11)	My Bonnie	Ya Ya	The Beatles' First	The Beatles Bootleg Recordings 1963	Let It Be: Special Edition	The Beatles: Get Back – The Rooftop Performance	1967–1970	Rubber Soul: Super Deluxe Edition
lexical-trap-control-album-to-song-021	A Hard Day's Night (1964-07-10)	Please Please Me (1963-03-22)	The Beatles' First	Singles	With the Beatles (1963-11-22)	Beatles for Sale (1964-12-04)	Help! (1965-08-06)	Rubber Soul (1965-12-03)	Revolver (1966-08-05)	Sgt. Pepper's Lonely Hearts Club Band (1967-05-26)	Magical Mystery Tour (1967-11-27)	The Beatles (White Album) (1968-11-22)	Yellow Submarine (1969-01-13)	Abbey Road (1969-09-26)	Let It Be (1970-05-08)	Past Masters (1988-03-07)	Live at the BBC (1994-11-30)	Anthology 1 (1995-11-20)	Anthology 2 (1996-03-18)	Anthology 3 (1996-10-28)	On Air – Live at the BBC Volume 2 (2013-11-11)	My Bonnie	Ya Ya	The Beatles Bootleg Recordings 1963	Let It Be: Special Edition	The Beatles: Get Back – The Rooftop Performance	1967–1970	Rubber Soul: Super Deluxe Edition
lexical-trap-control-song-to-album-007	The Beatles (White Album) (1968-11-22)	Rubber Soul (1965-12-03)	Sgt. Pepper's Lonely Hearts Club Band (1967-05-26)	Magical Mystery Tour (1967-11-27)	Abbey Road (1969-09-26)	Please Please Me (1963-03-22)	With the Beatles (1963-11-22)	A Hard Day's Night (1964-07-10)	Beatles for Sale (1964-12-04)	Help! (1965-08-06)	Revolver (1966-08-05)	Yellow Submarine (1969-01-13)	Let It Be (1970-05-08)	Past Masters (1988-03-07)	Live at the BBC (1994-11-30)	Anthology 1 (1995-11-20)	Anthology 2 (1996-03-18)	Anthology 3 (1996-10-28)	On Air – Live at the BBC Volume 2 (2013-11-11)	My Bonnie	Ya Ya	The Beatles' First	The Beatles Bootleg Recordings 1963	Let It Be: Special Edition	The Beatles: Get Back – The Rooftop Performance	1967–1970	Rubber Soul: Super Deluxe Edition	Singles
lexical-trap-album-to-song-006	Abbey Road (1969-09-26)	Singles	Let It Be (1970-05-08)	Please Please Me (1963-03-22)	With the Beatles (1963-11-22)	A Hard Day's Night (1964-07-10)	Beatles for Sale (1964-12-04)	Help! (1965-08-06)	Rubber Soul (1965-12-03)	Revolver (1966-08-05)	Sgt. Pepper's Lonely Hearts Club Band (1967-05-26)	Magical Mystery Tour (1967-11-27)	The Beatles (White Album) (1968-11-22)	Yellow Submarine (1969-01-13)	Past Masters (1988-03-07)	Live at the BBC (1994-11-30)	Anthology 1 (1995-11-20)	Anthology 2 (1996-03-18)	Anthology 3 (1996-10-28)	On Air – Live at the BBC Volume 2 (2013-11-11)	My Bonnie	Ya Ya	The Beatles' First	The Beatles Bootleg Recordings 1963	Let It Be: Special Edition	The Beatles: Get Back – The Rooftop Performance	1967–1970	Rubber Soul: Super Deluxe Edition
lexical-trap-album-to-song-008	A Hard Day's Night (1964-07-10)	Please Please Me (1963-03-22)	The Beatles' First	Singles	With the Beatles (1963-11-22)	Beatles for Sale (1964-12-04)	Help! (1965-08-06)	Rubber Soul (1965-12-03)	Revolver (1966-08-05)	Sgt. Pepper's Lonely Hearts Club Band (1967-05-26)	Magical Mystery Tour (1967-11-27)	The Beatles (White Album) (1968-11-22)	Yellow Submarine (1969-01-13)	Abbey Road (1969-09-26)	Let It Be (1970-05-08)	Past Masters (1988-03-07)	Live at the BBC (1994-11-30)	Anthology 1 (1995-11-20)	Anthology 2 (1996-03-18)	Anthology 3 (1996-10-28)	On Air – Live at the BBC Volume 2 (2013-11-11)	My Bonnie	Ya Ya	The Beatles Bootleg Recordings 1963	Let It Be: Special Edition	The Beatles: Get Back – The Rooftop Performance	1967–1970	Rubber Soul: Super Deluxe Edition
lexical-trap-song-to-album-003	Please Please Me (1963-03-22)	With the Beatles (1963-11-22)	The Beatles' First	A Hard Day's Night (1964-07-10)	Beatles for Sale (1964-12-04)	Magical Mystery Tour (1967-11-27)	Singles	Help! (1965-08-06)	Rubber Soul (1965-12-03)	Past Masters (1988-03-07)	On Air – Live at the BBC Volume 2 (2013-11-11)	Ya Ya	Revolver (1966-08-05)	Sgt. Pepper's Lonely Hearts Club Band (1967-05-26)	The Beatles (White Album) (1968-11-22)	Yellow Submarine (1969-01-13)	Abbey Road (1969-09-26)	Let It Be (1970-05-08)	Live at the BBC (1994-11-30)	Anthology 1 (1995-11-20)	Anthology 2 (1996-03-18)	Anthology 3 (1996-10-28)	My Bonnie	The Beatles Bootleg Recordings 1963	Let It Be: Special Edition	The Beatles: Get Back – The Rooftop Performance	1967–1970	Rubber Soul: Super Deluxe Edition
lexical-trap-album-to-song-011	Abbey Road (1969-09-26)	Singles	Let It Be (1970-05-08)	Please Please Me (1963-03-22)	With the Beatles (1963-11-22)	A Hard Day's Night (1964-07-10)	Beatles for Sale (1964-12-04)	Help! (1965-08-06)	Rubber Soul (1965-12-03)	Revolver (1966-08-05)	Sgt. Pepper's Lonely Hearts Club Band (1967-05-26)	Magical Mystery Tour (1967-11-27)	The Beatles (White Album) (1968-11-22)	Yellow Submarine (1969-01-13)	Past Masters (1988-03-07)	Live at the BBC (1994-11-30)	Anthology 1 (1995-11-20)	Anthology 2 (1996-03-18)	Anthology 3 (1996-10-28)	On Air – Live at the BBC Volume 2 (2013-11-11)	My Bonnie	Ya Ya	The Beatles' First	The Beatles Bootleg Recordings 1963	Let It Be: Special Edition	The Beatles: Get Back – The Rooftop Performance	1967–1970	Rubber Soul: Super Deluxe Edition
lexical-trap-album-to-song-012	Yellow Submarine (1969-01-13)	Sgt. Pepper's Lonely Hearts Club Band (1967-05-26)	Magical Mystery Tour (1967-11-27)	Revolver (1966-08-05)	Help! (1965-08-06)	1967–1970	Singles	Please Please Me (1963-03-22)	With the Beatles (1963-11-22)	A Hard Day's Night (1964-07-10)	Beatles for Sale (1964-12-04)	Rubber Soul (1965-12-03)	The Beatles (White Album) (1968-11-22)	Abbey Road (1969-09-26)	Let It Be (1970-05-08)	Past Masters (1988-03-07)	Live at the BBC (1994-11-30)	Anthology 1 (1995-11-20)	Anthology 2 (1996-03-18)	Anthology 3 (1996-10-28)	On Air – Live at the BBC Volume 2 (2013-11-11)	My Bonnie	Ya Ya	The Beatles' First	The Beatles Bootleg Recordings 1963	Let It Be: Special Edition	The Beatles: Get Back – The Rooftop Performance	Rubber Soul: Super Deluxe Edition
lexical-trap-album-to-song-017	Please Please Me (1963-03-22)	With the Beatles (1963-11-22)	The Beatles' First	Singles	A Hard Day's Night (1964-07-10)	Beatles for Sale (1964-12-04)	Help! (1965-08-06)	Rubber Soul (1965-12-03)	Revolver (1966-08-05)	Sgt. Pepper's Lonely Hearts Club Band (1967-05-26)	Magical Mystery Tour (1967-11-27)	The Beatles (White Album) (1968-11-22)	Yellow Submarine (1969-01-13)	Abbey Road (1969-09-26)	Let It Be (1970-05-08)	Past Masters (1988-03-07)	Live at the BBC (1994-11-30)	Anthology 1 (1995-11-20)	Anthology 2 (1996-03-18)	Anthology 3 (1996-10-28)	On Air – Live at the BBC Volume 2 (2013-11-11)	My Bonnie	Ya Ya	The Beatles Bootleg Recordings 1963	Let It Be: Special Edition	The Beatles: Get Back – The Rooftop Performance	1967–1970	Rubber Soul: Super Deluxe Edition
lexical-trap-album-to-song-018	Help! (1965-08-06)	Singles	Please Please Me (1963-03-22)	With the Beatles (1963-11-22)	A Hard Day's Night (1964-07-10)	Beatles for Sale (1964-12-04)	Rubber Soul (1965-12-03)	Revolver (1966-08-05)	Sgt. Pepper's Lonely Hearts Club Band (1967-05-26)	Magical Mystery Tour (1967-11-27)	The Beatles (White Album) (1968-11-22)	Yellow Submarine (1969-01-13)	Abbey Road (1969-09-26)	Let It Be (1970-05-08)	Past Masters (1988-03-07)	Live at the BBC (1994-11-30)	Anthology 1 (1995-11-20)	Anthology 2 (1996-03-18)	Anthology 3 (1996-10-28)	On Air – Live at the BBC Volume 2 (2013-11-11)	My Bonnie	Ya Ya	The Beatles' First	The Beatles Bootleg Recordings 1963	Let It Be: Special Edition	The Beatles: Get Back – The Rooftop Performance	1967–1970	Rubber Soul: Super Deluxe Edition
lexical-trap-album-to-song-023	Sgt. Pepper's Lonely Hearts Club Band (1967-05-26)	Magical Mystery Tour (1967-11-27)	Please Please Me (1963-03-22)	With the Beatles (1963-11-22)	A Hard Day's Night (1964-07-10)	Beatles for Sale (1964-12-04)	Help! (1965-08-06)	Rubber Soul (1965-12-03)	Revolver (1966-08-05)	The Beatles (White Album) (1968-11-22)	Yellow Submarine (1969-01-13)	Abbey Road (1969-09-26)	Let It Be (1970-05-08)	Past Masters (1988-03-07)	Live at the BBC (1994-11-30)	Anthology 1 (1995-11-20)	Anthology 2 (1996-03-18)	Anthology 3 (1996-10-28)	On Air – Live at the BBC Volume 2 (2013-11-11)	My Bonnie	Ya Ya	The Beatles' First	The Beatles Bootleg Recordings 1963	Let It Be: Special Edition	The Beatles: Get Back – The Rooftop Performance	1967–1970	Rubber Soul: Super Deluxe Edition	Singles
lexical-trap-album-to-song-026	Yellow Submarine (1969-01-13)	Sgt. Pepper's Lonely Hearts Club Band (1967-05-26)	Magical Mystery Tour (1967-11-27)	Revolver (1966-08-05)	Help! (1965-08-06)	1967–1970	Singles	Please Please Me (1963-03-22)	With the Beatles (1963-11-22)	A Hard Day's Night (1964-07-10)	Beatles for Sale (1964-12-04)	Rubber Soul (1965-12-03)	The Beatles (White Album) (1968-11-22)	Abbey Road (1969-09-26)	Let It Be (1970-05-08)	Past Masters (1988-03-07)	Live at the BBC (1994-11-30)	Anthology 1 (1995-11-20)	Anthology 2 (1996-03-18)	Anthology 3 (1996-10-28)	On Air – Live at the BBC Volume 2 (2013-11-11)	My Bonnie	Ya Ya	The Beatles' First	The Beatles Bootleg Recordings 1963	Let It Be: Special Edition	The Beatles: Get Back – The Rooftop Performance	Rubber Soul: Super Deluxe Edition
multi-hop-album-year-001	The Beatles (White Album) (1968-11-22)	Let It Be (1970-05-08)	Abbey Road (1969-09-26)	1967–1970	Let It Be: Special Edition	Anthology 3 (1996-10-28)	Please Please Me (1963-03-22)	With the Beatles (1963-11-22)	A Hard Day's Night (1964-07-10)	Beatles for Sale (1964-12-04)	Help! (1965-08-06)	Rubber Soul (1965-12-03)	Revolver (1966-08-05)	Sgt. Pepper's Lonely Hearts Club Band (1967-05-26)	Magical Mystery Tour (1967-11-27)	Yellow Submarine (1969-01-13)	Past Masters (1988-03-07)	Live at the BBC (1994-11-30)	Anthology 1 (1995-11-20)	Anthology 2 (1996-03-18)	On Air – Live at the BBC Volume 2 (2013-11-11)	My Bonnie	Ya Ya	The Beatles' First	The Beatles Bootleg Recordings 1963	The Beatles: Get Back – The Rooftop Performance	Rubber Soul: Super Deluxe Edition	Singles
multi-hop-album-year-002	Rubber Soul (1965-12-03)	Help! (1965-08-06)	Magical Mystery Tour (1967-11-27)	Beatles for Sale (1964-12-04)	Revolver (1966-08-05)	A Hard Day's Night (1964-07-10)	Sgt. Pepper's Lonely Hearts Club Band (1967-05-26)	The Beatles' First	Please Please Me (1963-03-22)	With the Beatles (1963-11-22)	The Beatles (White Album) (1968-11-22)	Yellow Submarine (1969-01-13)	Abbey Road (1969-09-26)	Let It Be (1970-05-08)	Past Masters (1988-03-07)	Live at the BBC (1994-11-30)	Anthology 1 (1995-11-20)	Anthology 2 (1996-03-18)	Anthology 3 (1996-10-28)	On Air – Live at the BBC Volume 2 (2013-11-11)	My Bonnie	Ya Ya	The Beatles Bootleg Recordings 1963	Let It Be: Special Edition	The Beatles: Get Back – The Rooftop Performance	1967–1970	Rubber Soul: Super Deluxe Edition	Singles
multi-hop-album-year-005	With the Beatles (1963-11-22)	Please Please Me (1963-03-22)	Beatles for Sale (1964-12-04)	A Hard Day's Night (1964-07-10)	Rubber Soul (1965-12-03)	The Beatles' First	Help! (1965-08-06)	Revolver (1966-08-05)	Sgt. Pepper's Lonely Hearts Club Band (1967-05-26)	Magical Mystery Tour (1967-11-27)	The Beatles (White Album) (1968-11-22)	Yellow Submarine (1969-01-13)	Abbey Road (1969-09-26)	Let It Be (1970-05-08)	Past Masters (1988-03-07)	Live at the BBC (1994-11-30)	Anthology 1 (1995-11-20)	Anthology 2 (1996-03-18)	Anthology 3 (1996-10-28)	On Air – Live at the BBC Volume 2 (2013-11-11)	My Bonnie	Ya Ya	The Beatles Bootleg Recordings 1963	Let It Be: Special Edition	The Beatles: Get Back – The Rooftop Performance	1967–1970	Rubber Soul: Super Deluxe Edition	Singles
multi-hop-album-year-009	With the Beatles (1963-11-22)	Please Please Me (1963-03-22)	Beatles for Sale (1964-12-04)	A Hard Day's Night (1964-07-10)	Rubber Soul (1965-12-03)	The Beatles' First	Help! (1965-08-06)	Magical Mystery Tour (1967-11-27)	My Bonnie	Ya Ya	Singles	Revolver (1966-08-05)	Sgt. Pepper's Lonely Hearts Club Band (1967-05-26)	The Beatles (White Album) (1968-11-22)	Yellow Submarine (1969-01-13)	Abbey Road (1969-09-26)	Let It Be (1970-05-08)	Past Masters (1988-03-07)	Live at the BBC (1994-11-30)	Anthology 1 (1995-11-20)	Anthology 2 (1996-03-18)	Anthology 3 (1996-10-28)	On Air – Live at the BBC Volume 2 (2013-11-11)	The Beatles Bootleg Recordings 1963	Let It Be: Special Edition	The Beatles: Get Back – The Rooftop Performance	1967–1970	Rubber Soul: Super Deluxe Edition
multi-hop-album-year-011	Magical Mystery Tour (1967-11-27)	Revolver (1966-08-05)	Sgt. Pepper's Lonely Hearts Club Band (1967-05-26)	The Beatles (White Album) (1968-11-22)	Abbey Road (1969-09-26)	Help! (1965-08-06)	Rubber Soul (1965-12-03)	Anthology 2 (1996-03-18)	On Air – Live at the BBC Volume 2 (2013-11-11)	1967–1970	A Hard Day's Night (1964-07-10)	Beatles for Sale (1964-12-04)	Yellow Submarine (1969-01-13)	Let It Be (1970-05-08)	Past Masters (1988-03-07)	Anthology 1 (1995-11-20)	Anthology 3 (1996-10-28)	The Beatles' First	The Beatles Bootleg Recordings 1963	Singles	Please Please Me (1963-03-22)	With the Beatles (1963-11-22)	Live at the BBC (1994-11-30)	My Bonnie	Ya Ya	Let It Be: Special Edition	The Beatles: Get Back – The Rooftop Performance	Rubber Soul: Super Deluxe Edition
multi-hop-album-year-017	With the Beatles (1963-11-22)	A Hard Day's Night (1964-07-10)	Beatles for Sale (1964-12-04)	Please Please Me (1963-03-22)	Help! (1965-08-06)	Rubber Soul (1965-12-03)	The Beatles' First	Revolver (1966-08-05)	Sgt. Pepper's Lonely Hearts Club Band (1967-05-26)	Magical Mystery Tour (1967-11-27)	The Beatles (White Album) (1968-11-22)	Yellow Submarine (1969-01-13)	Abbey Road (1969-09-26)	Let It Be (1970-05-08)	Past Masters (1988-03-07)	Live at the BBC (1994-11-30)	Anthology 1 (1995-11-20)	Anthology 2 (1996-03-18)	Anthology 3 (1996-10-28)	On Air – Live at the BBC Volume 2 (2013-11-11)	My Bonnie	Ya Ya	The Beatles Bootleg Recordings 1963	Let It Be: Special Edition	The Beatles: Get Back – The Rooftop Performance	1967–1970	Rubber Soul: Super Deluxe Edition	Singles
multi-hop-album-year-020	The Beatles (White Album) (1968-11-22)	Please Please Me (1963-03-22)	With the Beatles (1963-11-22)	A Hard Day's Night (1964-07-10)	Beatles for Sale (1964-12-04)	Help! (1965-08-06)	Rubber Soul (1965-12-03)	Revolver (1966-08-05)	Sgt. Pepper's Lonely Hearts Club Band (1967-05-26)	Magical Mystery Tour (1967-11-27)	Yellow Submarine (1969-01-13)	Abbey Road (1969-09-26)	Let It Be (1970-05-08)	Past Masters (1988-03-07)	Live at the BBC (1994-11-30)	Anthology 1 (1995-11-20)	Anthology 2 (1996-03-18)	Anthology 3 (1996-10-28)	On Air – Live at the BBC Volume 2 (2013-11-11)	My Bonnie	Ya Ya	The Beatles' First	The Beatles Bootleg Recordings 1963	Let It Be: Special Edition	The Beatles: Get Back – The Rooftop Performance	1967–1970	Rubber Soul: Super Deluxe Edition	Singles
multi-hop-album-year-023	Yellow Submarine (1969-01-13)	Sgt. Pepper's Lonely Hearts Club Band (1967-05-26)	Magical Mystery Tour (1967-11-27)	The Beatles (White Album) (1968-11-22)	Revolver (1966-08-05)	1967–1970	Help! (1965-08-06)	Abbey Road (1969-09-26)	Let It Be (1970-05-08)	On Air – Live at the BBC Volume 2 (2013-11-11)	The Beatles' First	Singles	Please Please Me (1963-03-22)	With the Beatles (1963-11-22)	A Hard Day's Night (1964-07-10)	Beatles for Sale (1964-12-04)	Rubber Soul (1965-12-03)	Past Masters (1988-03-07)	Live at the BBC (1994-11-30)	Anthology 1 (1995-11-20)	Anthology 2 (1996-03-18)	Anthology 3 (1996-10-28)	My Bonnie	Ya Ya	The Beatles Bootleg Recordings 1963	Let It Be: Special Edition	The Beatles: Get Back – The Rooftop Performance	Rubber Soul: Super Deluxe Edition
multi-hop-album-year-029	With the Beatles (1963-11-22)	Please Please Me (1963-03-22)	Beatles for Sale (1964-12-04)	Singles	A Hard Day's Night (1964-07-10)	The Beatles' First	Help! (1965-08-06)	Rubber Soul (1965-12-03)	Revolver (1966-08-05)	Sgt. Pepper's Lonely Hearts Club Band (1967-05-26)	Magical Mystery Tour (1967-11-27)	The Beatles (White Album) (1968-11-22)	Yellow Submarine (1969-01-13)	Abbey Road (1969-09-26)	Let It Be (1970-05-08)	Past Masters (1988-03-07)	Live at the BBC (1994-11-30)	Anthology 1 (1995-11-20)	Anthology 2 (1996-03-18)	Anthology 3 (1996-10-28)	On Air – Live at the BBC Volume 2 (2013-11-11)	My Bonnie	Ya Ya	The Beatles Bootleg Recordings 1963	Let It Be: Special Edition	The Beatles: Get Back – The Rooftop Performance	1967–1970	Rubber Soul: Super Deluxe Edition
multi-hop-album-year-037	Abbey Road (1969-09-26)	The Beatles (White Album) (1968-11-22)	Let It Be (1970-05-08)	Rubber Soul (1965-12-03)	1967–1970	Please Please Me (1963-03-22)	With the Beatles (1963-11-22)	A Hard Day's Night (1964-07-10)	Beatles for Sale (1964-12-04)	Help! (1965-08-06)	Revolver (1966-08-05)	Sgt. Pepper's Lonely Hearts Club Band (1967-05-26)	Magical Mystery Tour (1967-11-27)	Yellow Submarine (1969-01-13)	Past Masters (1988-03-07)	Live at the BBC (1994-11-30)	Anthology 1 (1995-11-20)	Anthology 2 (1996-03-18)	Anthology 3 (1996-10-28)	On Air – Live at the BBC Volume 2 (2013-11-11)	My Bonnie	Ya Ya	The Beatles' First	The Beatles Bootleg Recordings 1963	Let It Be: Special Edition	The Beatles: Get Back – The Rooftop Performance	Rubber Soul: Super Deluxe Edition	Singles
multi-hop-album-year-038	A Hard Day's Night (1964-07-10)	Help! (1965-08-06)	Rubber Soul (1965-12-03)	With the Beatles (1963-11-22)	Beatles for Sale (1964-12-04)	The Beatles' First	Please Please Me (1963-03-22)	Magical Mystery Tour (1967-11-27)	Revolver (1966-08-05)	Sgt. Pepper's Lonely Hearts Club Band (1967-05-26)	The Beatles (White Album) (1968-11-22)	Yellow Submarine (1969-01-13)	Abbey Road (1969-09-26)	Let It Be (1970-05-08)	Past Masters (1988-03-07)	Live at the BBC (1994-11-30)	Anthology 1 (1995-11-20)	Anthology 2 (1996-03-18)	Anthology 3 (1996-10-28)	On Air – Live at the BBC Volume 2 (2013-11-11)	My Bonnie	Ya Ya	The Beatles Bootleg Recordings 1963	Let It Be: Special Edition	The Beatles: Get Back – The Rooftop Performance	1967–1970	Rubber Soul: Super Deluxe Edition	Singles
multi-hop-album-year-045	Abbey Road (1969-09-26)	Let It Be (1970-05-08)	1967–1970	Please Please Me (1963-03-22)	With the Beatles (1963-11-22)	A Hard Day's Night (1964-07-10)	Beatles for Sale (1964-12-04)	Help! (1965-08-06)	Rubber Soul (1965-12-03)	Revolver (1966-08-05)	Sgt. Pepper's Lonely Hearts Club Band (1967-05-26)	Magical Mystery Tour (1967-11-27)	The Beatles (White Album) (1968-11-22)	Yellow Submarine (1969-01-13)	Past Masters (1988-03-07)	Live at the BBC (1994-11-30)	Anthology 1 (1995-11-20)	Anthology 2 (1996-03-18)	Anthology 3 (1996-10-28)	On Air – Live at the BBC Volume 2 (2013-11-11)	My Bonnie	Ya Ya	The Beatles' First	The Beatles Bootleg Recordings 1963	Let It Be: Special Edition	The Beatles: Get Back – The Rooftop Performance	Rubber Soul: Super Deluxe Edition	Singles
multi-hop-album-year-053	The Beatles (White Album) (1968-11-22)	Rubber Soul (1965-12-03)	Beatles for Sale (1964-12-04)	Let It Be (1970-05-08)	Please Please Me (1963-03-22)	With the Beatles (1963-11-22)	A Hard Day's Night (1964-07-10)	Help! (1965-08-06)	Revolver (1966-08-05)	Sgt. Pepper's Lonely Hearts Club Band (1967-05-26)	Magical Mystery Tour (1967-11-27)	Yellow Submarine (1969-01-13)	Abbey Road (1969-09-26)	Past Masters (1988-03-07)	Live at the BBC (1994-11-30)	Anthology 1 (1995-11-20)	Anthology 2 (1996-03-18)	Anthology 3 (1996-10-28)	On Air – Live at the BBC Volume 2 (2013-11-11)	My Bonnie	Ya Ya	The Beatles' First	The Beatles Bootleg Recordings 1963	Let It Be: Special Edition	The Beatles: Get Back – The Rooftop Performance	1967–1970	Rubber Soul: Super Deluxe Edition	Singles
multi-hop-album-year-054	Abbey Road (1969-09-26)	The Beatles (White Album) (1968-11-22)	Sgt. Pepper's Lonely Hearts Club Band (1967-05-26)	Revolver (1966-08-05)	Magical Mystery Tour (1967-11-27)	1967–1970	Let It Be (1970-05-08)	Please Please Me (1963-03-22)	With the Beatles (1963-11-22)	A Hard Day's Night (1964-07-10)	Beatles for Sale (1964-12-04)	Help! (1965-08-06)	Rubber Soul (1965-12-03)	Yellow Submarine (1969-01-13)	Past Masters (1988-03-07)	Live at the BBC (1994-11-30)	Anthology 1 (1995-11-20)	Anthology 2 (1996-03-18)	Anthology 3 (1996-10-28)	On Air – Live at the BBC Volume 2 (2013-11-11)	My Bonnie	Ya Ya	The Beatles' First	The Beatles Bootleg Recordings 1963	Let It Be: Special Edition	The Beatles: Get Back – The Rooftop Performance	Rubber Soul: Super Deluxe Edition	Singles
multi-hop-album-year-056	Please Please Me (1963-03-22)	With the Beatles (1963-11-22)	Beatles for Sale (1964-12-04)	A Hard Day's Night (1964-07-10)	Help! (1965-08-06)	Rubber Soul (1965-12-03)	Revolver (1966-08-05)	Sgt. Pepper's Lonely Hearts Club Band (1967-05-26)	Magical Mystery Tour (1967-11-27)	The Beatles (White Album) (1968-11-22)	Yellow Submarine (1969-01-13)	Abbey Road (1969-09-26)	Let It Be (1970-05-08)	Past Masters (1988-03-07)	Live at the BBC (1994-11-30)	Anthology 1 (1995-11-20)	Anthology 2 (1996-03-18)	Anthology 3 (1996-10-28)	On Air – Live at the BBC Volume 2 (2013-11-11)	My Bonnie	Ya Ya	The Beatles' First	The Beatles Bootleg Recordings 1963	Let It Be: Special Edition	The Beatles: Get Back – The Rooftop Performance	1967–1970	Rubber Soul: Super Deluxe Edition	Singles
multi-hop-album-year-058	Rubber Soul (1965-12-03)	Help! (1965-08-06)	A Hard Day's Night (1964-07-10)	With the Beatles (1963-11-22)	Beatles for Sale (1964-12-04)	Please Please Me (1963-03-22)	Magical Mystery Tour (1967-11-27)	Revolver (1966-08-05)	The Beatles (White Album) (1968-11-22)	Let It Be (1970-05-08)	The Beatles' First	Sgt. Pepper's Lonely Hearts Club Band (1967-05-26)	Abbey Road (1969-09-26)	Singles	Past Masters (1988-03-07)	Live at the BBC (1994-11-30)	Anthology 1 (1995-11-20)	On Air – Live at the BBC Volume 2 (2013-11-11)	My Bonnie	Ya Ya	The Beatles Bootleg Recordings 1963	Yellow Submarine (1969-01-13)	Anthology 2 (1996-03-18)	Anthology 3 (1996-10-28)	Let It Be: Special Edition	The Beatles: Get Back – The Rooftop Performance	1967–1970	Rubber Soul: Super Deluxe Edition
near-neighbor-control-album-001	Rubber Soul (1965-12-03)	With the Beatles (1963-11-22)	Beatles for Sale (1964-12-04)	Please Please Me (1963-03-22)	Help! (1965-08-06)	A Hard Day's Night (1964-07-10)	The Beatles' First	Magical Mystery Tour (1967-11-27)	My Bonnie	Ya Ya	Singles	Sgt. Pepper's Lonely Hearts Club Band (1967-05-26)	Past Masters (1988-03-07)	Live at the BBC (1994-11-30)	On Air – Live at the BBC Volume 2 (2013-11-11)	The Beatles Bootleg Recordings 1963	Revolver (1966-08-05)	The Beatles (White Album) (1968-11-22)	Yellow Submarine (1969-01-13)	Abbey Road (1969-09-26)	Let It Be (1970-05-08)	Anthology 1 (1995-11-20)	Anthology 2 (1996-03-18)	Anthology 3 (1996-10-28)	Let It Be: Special Edition	The Beatles: Get Back – The Rooftop Performance	1967–1970	Rubber Soul: Super Deluxe Edition
near-neighbor-control-album-004	With the Beatles (1963-11-22)	Please Please Me (1963-03-22)	Let It Be (1970-05-08)	Beatles for Sale (1964-12-04)	Abbey Road (1969-09-26)	A Hard Day's Night (1964-07-10)	Live at the BBC (1994-11-30)	The Beatles' First	Help! (1965-08-06)	Magical Mystery Tour (1967-11-27)	Anthology 1 (1995-11-20)	My Bonnie	Rubber Soul (1965-12-03)	The Beatles (White Album) (1968-11-22)	Past Masters (1988-03-07)	On Air – Live at the BBC Volume 2 (2013-11-11)	Anthology 3 (1996-10-28)	Ya Ya	The Beatles Bootleg Recordings 1963	Let It Be: Special Edition	1967–1970	Singles	Revolver (1966-08-05)	Sgt. Pepper's Lonely Hearts Club Band (1967-05-26)	Yellow Submarine (1969-01-13)	Anthology 2 (1996-03-18)	The Beatles: Get Back – The Rooftop Performance	Rubber Soul: Super Deluxe Edition
near-neighbor-control-album-013	Sgt. Pepper's Lonely Hearts Club Band (1967-05-26)	Revolver (1966-08-05)	Rubber Soul (1965-12-03)	Magical Mystery Tour (1967-11-27)	The Beatles (White Album) (1968-11-22)	Abbey Road (1969-09-26)	1967–1970	Please Please Me (1963-03-22)	With the Beatles (1963-11-22)	A Hard Day's Night (1964-07-10)	Beatles for Sale (1964-12-04)	Help! (1965-08-06)	Yellow Submarine (1969-01-13)	Let It Be (1970-05-08)	Past Masters (1988-03-07)	Live at the BBC (1994-11-30)	Anthology 1 (1995-11-20)	Anthology 2 (1996-03-18)	Anthology 3 (1996-10-28)	On Air – Live at the BBC Volume 2 (2013-11-11)	My Bonnie	Ya Ya	The Beatles' First	The Beatles Bootleg Recordings 1963	Let It Be: Special Edition	The Beatles: Get Back – The Rooftop Performance	Rubber Soul: Super Deluxe Edition	Singles
near-neighbor-control-album-024	The Beatles (White Album) (1968-11-22)	Magical Mystery Tour (1967-11-27)	Sgt. Pepper's Lonely Hearts Club Band (1967-05-26)	Let It Be (1970-05-08)	1967–1970	Please Please Me (1963-03-22)	With the Beatles (1963-11-22)	A Hard Day's Night (1964-07-10)	Beatles for Sale (1964-12-04)	Help! (1965-08-06)	Rubber Soul (1965-12-03)	Revolver (1966-08-05)	Yellow Submarine (1969-01-13)	Abbey Road (1969-09-26)	Past Masters (1988-03-07)	Live at the BBC (1994-11-30)	Anthology 1 (1995-11-20)	Anthology 2 (1996-03-18)	Anthology 3 (1996-10-28)	On Air – Live at the BBC Volume 2 (2013-11-11)	My Bonnie	Ya Ya	The Beatles' First	The Beatles Bootleg Recordings 1963	Let It Be: Special Edition	The Beatles: Get Back – The Rooftop Performance	Rubber Soul: Super Deluxe Edition	Singles
near-neighbor-control-album-030	Help! (1965-08-06)	Beatles for Sale (1964-12-04)	Rubber Soul (1965-12-03)	A Hard Day's Night (1964-07-10)	Singles	Magical Mystery Tour (1967-11-27)	The Beatles' First	Please Please Me (1963-03-22)	With the Beatles (1963-11-22)	Revolver (1966-08-05)	Sgt. Pepper's Lonely Hearts Club Band (1967-05-26)	The Beatles (White Album) (1968-11-22)	Yellow Submarine (1969-01-13)	Abbey Road (1969-09-26)	Let It Be (1970-05-08)	Past Masters (1988-03-07)	Live at the BBC (1994-11-30)	Anthology 1 (1995-11-20)	Anthology 2 (1996-03-18)	Anthology 3 (1996-10-28)	On Air – Live at the BBC Volume 2 (2013-11-11)	My Bonnie	Ya Ya	The Beatles Bootleg Recordings 1963	Let It Be: Special Edition	The Beatles: Get Back – The Rooftop Performance	1967–1970	Rubber Soul: Super Deluxe Edition
near-neighbor-control-album-036	Sgt. Pepper's Lonely Hearts Club Band (1967-05-26)	Please Please Me (1963-03-22)	With the Beatles (1963-11-22)	A Hard Day's Night (1964-07-10)	Beatles for Sale (1964-12-04)	Help! (1965-08-06)	Rubber Soul (1965-12-03)	Revolver (1966-08-05)	Magical Mystery Tour (1967-11-27)	The Beatles (White Album) (1968-11-22)	Yellow Submarine (1969-01-13)	Abbey Road (1969-09-26)	Let It Be (1970-05-08)	Past Masters (1988-03-07)	Live at the BBC (1994-11-30)	Anthology 1 (1995-11-20)	Anthology 2 (1996-03-18)	Anthology 3 (1996-10-28)	On Air – Live at the BBC Volume 2 (2013-11-11)	My Bonnie	Ya Ya	The Beatles' First	The Beatles Bootleg Recordings 1963	Let It Be: Special Edition	The Beatles: Get Back – The Rooftop Performance	1967–1970	Rubber Soul: Super Deluxe Edition	Singles
near-neighbor-control-album-038	The Beatles (White Album) (1968-11-22)	Let It Be (1970-05-08)	Abbey Road (1969-09-26)	Magical Mystery Tour (1967-11-27)	1967–1970	Please Please Me (1963-03-22)	With the Beatles (1963-11-22)	A Hard Day's Night (1964-07-10)	Beatles for Sale (1964-12-04)	Help! (1965-08-06)	Rubber Soul (1965-12-03)	Revolver (1966-08-05)	Sgt. Pepper's Lonely Hearts Club Band (1967-05-26)	Yellow Submarine (1969-01-13)	Past Masters (1988-03-07)	Live at the BBC (1994-11-30)	Anthology 1 (1995-11-20)	Anthology 2 (1996-03-18)	Anthology 3 (1996-10-28)	On Air – Live at the BBC Volume 2 (2013-11-11)	My Bonnie	Ya Ya	The Beatles' First	The Beatles Bootleg Recordings 1963	Let It Be: Special Edition	The Beatles: Get Back – The Rooftop Performance	Rubber Soul: Super Deluxe Edition	Singles
near-neighbor-control-album-039	Rubber Soul (1965-12-03)	A Hard Day's Night (1964-07-10)	With the Beatles (1963-11-22)	Beatles for Sale (1964-12-04)	Help! (1965-08-06)	Please Please Me (1963-03-22)	Magical Mystery Tour (1967-11-27)	Revolver (1966-08-05)	Sgt. Pepper's Lonely Hearts Club Band (1967-05-26)	The Beatles (White Album) (1968-11-22)	Yellow Submarine (1969-01-13)	Abbey Road (1969-09-26)	Let It Be (1970-05-08)	Past Masters (1988-03-07)	Live at the BBC (1994-11-30)	Anthology 1 (1995-11-20)	Anthology 2 (1996-03-18)	Anthology 3 (1996-10-28)	On Air – Live at the BBC Volume 2 (2013-11-11)	My Bonnie	Ya Ya	The Beatles' First	The Beatles Bootleg Recordings 1963	Let It Be: Special Edition	The Beatles: Get Back – The Rooftop Performance	1967–1970	Rubber Soul: Super Deluxe Edition	Singles
near-neighbor-control-album-050	Rubber Soul (1965-12-03)	The Beatles (White Album) (1968-11-22)	Magical Mystery Tour (1967-11-27)	Sgt. Pepper's Lonely Hearts Club Band (1967-05-26)	Revolver (1966-08-05)	Let It Be (1970-05-08)	Beatles for Sale (1964-12-04)	Help! (1965-08-06)	1967–1970	Please Please Me (1963-03-22)	With the Beatles (1963-11-22)	A Hard Day's Night (1964-07-10)	Yellow Submarine (1969-01-13)	Abbey Road (1969-09-26)	Past Masters (1988-03-07)	Live at the BBC (1994-11-30)	Anthology 1 (1995-11-20)	Anthology 2 (1996-03-18)	Anthology 3 (1996-10-28)	On Air – Live at the BBC Volume 2 (2013-11-11)	My Bonnie	Ya Ya	The Beatles' First	The Beatles Bootleg Recordings 1963	Let It Be: Special Edition	The Beatles: Get Back – The Rooftop Performance	Rubber Soul: Super Deluxe Edition	Singles
near-neighbor-control-album-052	The Beatles (White Album) (1968-11-22)	Sgt. Pepper's Lonely Hearts Club Band (1967-05-26)	Revolver (1966-08-05)	Magical Mystery Tour (1967-11-27)	Abbey Road (1969-09-26)	Please Please Me (1963-03-22)	With the Beatles (1963-11-22)	A Hard Day's Night (1964-07-10)	Beatles for Sale (1964-12-04)	Help! (1965-08-06)	Rubber Soul (1965-12-03)	Yellow Submarine (1969-01-13)	Let It Be (1970-05-08)	Past Masters (1988-03-07)	Live at the BBC (1994-11-30)	Anthology 1 (1995-11-20)	Anthology 2 (1996-03-18)	Anthology 3 (1996-10-28)	On Air – Live at the BBC Volume 2 (2013-11-11)	My Bonnie	Ya Ya	The Beatles' First	The Beatles Bootleg Recordings 1963	Let It Be: Special Edition	The Beatles: Get Back – The Rooftop Performance	1967–1970	Rubber Soul: Super Deluxe Edition	Singles
near-neighbor-control-album-055	Magical Mystery Tour (1967-11-27)	Sgt. Pepper's Lonely Hearts Club Band (1967-05-26)	Yellow Submarine (1969-01-13)	Revolver (1966-08-05)	The Beatles (White Album) (1968-11-22)	1967–1970	Please Please Me (1963-03-22)	With the Beatles (1963-11-22)	A Hard Day's Night (1964-07-10)	Beatles for Sale (1964-12-04)	Help! (1965-08-06)	Rubber Soul (1965-12-03)	Abbey Road (1969-09-26)	Let It Be (1970-05-08)	Past Masters (1988-03-07)	Live at the BBC (1994-11-30)	Anthology 1 (1995-11-20)	Anthology 2 (1996-03-18)	Anthology 3 (1996-10-28)	On Air – Live at the BBC Volume 2 (2013-11-11)	My Bonnie	Ya Ya	The Beatles' First	The Beatles Bootleg Recordings 1963	Let It Be: Special Edition	The Beatles: Get Back – The Rooftop Performance	Rubber Soul: Super Deluxe Edition	Singles
near-neighbor-control-album-058	Abbey Road (1969-09-26)	The Beatles (White Album) (1968-11-22)	Let It Be (1970-05-08)	1967–1970	Please Please Me (1963-03-22)	With the Beatles (1963-11-22)	A Hard Day's Night (1964-07-10)	Beatles for Sale (1964-12-04)	Help! (1965-08-06)	Rubber Soul (1965-12-03)	Revolver (1966-08-05)	Sgt. Pepper's Lonely Hearts Club Band (1967-05-26)	Magical Mystery Tour (1967-11-27)	Yellow Submarine (1969-01-13)	Past Masters (1988-03-07)	Live at the BBC (1994-11-30)	Anthology 1 (1995-11-20)	Anthology 2 (1996-03-18)	Anthology 3 (1996-10-28)	On Air – Live at the BBC Volume 2 (2013-11-11)	My Bonnie	Ya Ya	The Beatles' First	The Beatles Bootleg Recordings 1963	Let It Be: Special Edition	The Beatles: Get Back – The Rooftop Performance	Rubber Soul: Super Deluxe Edition	Singles
near-neighbor-album-002	Help! (1965-08-06)	Rubber Soul (1965-12-03)	A Hard Day's Night (1964-07-10)	Revolver (1966-08-05)	Beatles for Sale (1964-12-04)	Magical Mystery Tour (1967-11-27)	Please Please Me (1963-03-22)	With the Beatles (1963-11-22)	Sgt. Pepper's Lonely Hearts Club Band (1967-05-26)	The Beatles (White Album) (1968-11-22)	Yellow Submarine (1969-01-13)	Abbey Road (1969-09-26)	Let It Be (1970-05-08)	Past Masters (1988-03-07)	Live at the BBC (1994-11-30)	Anthology 1 (1995-11-20)	Anthology 2 (1996-03-18)	Anthology 3 (1996-10-28)	On Air – Live at the BBC Volume 2 (2013-11-11)	My Bonnie	Ya Ya	The Beatles' First	The Beatles Bootleg Recordings 1963	Let It Be: Special Edition	The Beatles: Get Back – The Rooftop Performance	1967–1970	Rubber Soul: Super Deluxe Edition	Singles
near-neighbor-album-004	With the Beatles (1963-11-22)	Please Please Me (1963-03-22)	Let It Be (1970-05-08)	Beatles for Sale (1964-12-04)	Abbey Road (1969-09-26)	A Hard Day's Night (1964-07-10)	Live at the BBC (1994-11-30)	The Beatles' First	Help! (1965-08-06)	Magical Mystery Tour (1967-11-27)	Anthology 1 (1995-11-20)	My Bonnie	Rubber Soul (1965-12-03)	The Beatles (White Album) (1968-11-22)	Past Masters (1988-03-07)	On Air – Live at the BBC Volume 2 (2013-11-11)	Anthology 3 (1996-10-28)	Ya Ya	The Beatles Bootleg Recordings 1963	Let It Be: Special Edition	1967–1970	Singles	Revolver (1966-08-05)	Sgt. Pepper's Lonely Hearts Club Band (1967-05-26)	Yellow Submarine (1969-01-13)	Anthology 2 (1996-03-18)	The Beatles: Get Back – The Rooftop Performance	Rubber Soul: Super Deluxe Edition
near-neighbor-album-013	Sgt. Pepper's Lonely Hearts Club Band (1967-05-26)	Revolver (1966-08-05)	Rubber Soul (1965-12-03)	Magical Mystery Tour (1967-11-27)	The Beatles (White Album) (1968-11-22)	Abbey Road (1969-09-26)	1967–1970	Please Please Me (1963-03-22)	With the Beatles (1963-11-22)	A Hard Day's Night (1964-07-10)	Beatles for Sale (1964-12-04)	Help! (1965-08-06)	Yellow Submarine (1969-01-13)	Let It Be (1970-05-08)	Past Masters (1988-03-07)	Live at the BBC (1994-11-30)	Anthology 1 (1995-11-20)	Anthology 2 (1996-03-18)	Anthology 3 (1996-10-28)	On Air – Live at the BBC Volume 2 (2013-11-11)	My Bonnie	Ya Ya	The Beatles' First	The Beatles Bootleg Recordings 1963	Let It Be: Special Edition	The Beatles: Get Back – The Rooftop Performance	Rubber Soul: Super Deluxe Edition	Singles
near-neighbor-album-023	Rubber Soul (1965-12-03)	The Beatles (White Album) (1968-11-22)	Revolver (1966-08-05)	Abbey Road (1969-09-26)	Beatles for Sale (1964-12-04)	Help! (1965-08-06)	Sgt. Pepper's Lonely Hearts Club Band (1967-05-26)	Magical Mystery Tour (1967-11-27)	Let It Be (1970-05-08)	1967–1970	Please Please Me (1963-03-22)	With the Beatles (1963-11-22)	A Hard Day's Night (1964-07-10)	Yellow Submarine (1969-01-13)	Past Masters (1988-03-07)	Live at the BBC (1994-11-30)	Anthology 1 (1995-11-20)	Anthology 2 (1996-03-18)	Anthology 3 (1996-10-28)	On Air – Live at the BBC Volume 2 (2013-11-11)	My Bonnie	Ya Ya	The Beatles' First	The Beatles Bootleg Recordings 1963	Let It Be: Special Edition	The Beatles: Get Back – The Rooftop Performance	Rubber Soul: Super Deluxe Edition	Singles
near-neighbor-album-026	Sgt. Pepper's Lonely Hearts Club Band (1967-05-26)	The Beatles (White Album) (1968-11-22)	Rubber Soul (1965-12-03)	Revolver (1966-08-05)	Abbey Road (1969-09-26)	Magical Mystery Tour (1967-11-27)	Let It Be (1970-05-08)	1967–1970	Please Please Me (1963-03-22)	With the Beatles (1963-11-22)	A Hard Day's Night (1964-07-10)	Beatles for Sale (1964-12-04)	Help! (1965-08-06)	Yellow Submarine (1969-01-13)	Past Masters (1988-03-07)	Live at the BBC (1994-11-30)	Anthology 1 (1995-11-20)	Anthology 2 (1996-03-18)	Anthology 3 (1996-10-28)	On Air – Live at the BBC Volume 2 (2013-11-11)	My Bonnie	Ya Ya	The Beatles' First	The Beatles Bootleg Recordings 1963	Let It Be: Special Edition	The Beatles: Get Back – The Rooftop Performance	Rubber Soul: Super Deluxe Edition	Singles
near-neighbor-album-035	Abbey Road (1969-09-26)	The Beatles (White Album) (1968-11-22)	Please Please Me (1963-03-22)	With the Beatles (1963-11-22)	A Hard Day's Night (1964-07-10)	Beatles for Sale (1964-12-04)	Help! (1965-08-06)	Rubber Soul (1965-12-03)	Revolver (1966-08-05)	Sgt. Pepper's Lonely Hearts Club Band (1967-05-26)	Magical Mystery Tour (1967-11-27)	Yellow Submarine (1969-01-13)	Let It Be (1970-05-08)	Past Masters (1988-03-07)	Live at the BBC (1994-11-30)	Anthology 1 (1995-11-20)	Anthology 2 (1996-03-18)	Anthology 3 (1996-10-28)	On Air – Live at the BBC Volume 2 (2013-11-11)	My Bonnie	Ya Ya	The Beatles' First	The Beatles Bootleg Recordings 1963	Let It Be: Special Edition	The Beatles: Get Back – The Rooftop Performance	1967–1970	Rubber Soul: Super Deluxe Edition	Singles
near-neighbor-album-041	Please Please Me (1963-03-22)	With the Beatles (1963-11-22)	A Hard Day's Night (1964-07-10)	Beatles for Sale (1964-12-04)	Help! (1965-08-06)	Rubber Soul (1965-12-03)	Revolver (1966-08-05)	Sgt. Pepper's Lonely Hearts Club Band (1967-05-26)	Magical Mystery Tour (1967-11-27)	The Beatles (White Album) (1968-11-22)	Yellow Submarine (1969-01-13)	Abbey Road (1969-09-26)	Let It Be (1970-05-08)	Past Masters (1988-03-07)	Live at the BBC (1994-11-30)	Anthology 1 (1995-11-20)	Anthology 2 (1996-03-18)	Anthology 3 (1996-10-28)	On Air – Live at the BBC Volume 2 (2013-11-11)	My Bonnie	Ya Ya	The Beatles' First	The Beatles Bootleg Recordings 1963	Let It Be: Special Edition	The Beatles: Get Back – The Rooftop Performance	1967–1970	Rubber Soul: Super Deluxe Edition	Singles
near-neighbor-album-047	Abbey Road (1969-09-26)	Let It Be (1970-05-08)	Please Please Me (1963-03-22)	With the Beatles (1963-11-22)	A Hard Day's Night (1964-07-10)	Beatles for Sale (1964-12-04)	Help! (1965-08-06)	Rubber Soul (1965-12-03)	Revolver (1966-08-05)	Sgt. Pepper's Lonely Hearts Club Band (1967-05-26)	Magical Mystery Tour (1967-11-27)	The Beatles (White Album) (1968-11-22)	Yellow Submarine (1969-01-13)	Past Masters (1988-03-07)	Live at the BBC (1994-11-30)	Anthology 1 (1995-11-20)	Anthology 2 (1996-03-18)	Anthology 3 (1996-10-28)	On Air – Live at the BBC Volume 2 (2013-11-11)	My Bonnie	Ya Ya	The Beatles' First	The Beatles Bootleg Recordings 1963	Let It Be: Special Edition	The Beatles: Get Back – The Rooftop Performance	1967–1970	Rubber Soul: Super Deluxe Edition	Singles
none-of-these-absent-002	With the Beatles (1963-11-22)	Please Please Me (1963-03-22)	My Bonnie	Beatles for Sale (1964-12-04)	The Beatles' First	A Hard Day's Night (1964-07-10)	Live at the BBC (1994-11-30)	Help! (1965-08-06)	Ya Ya	Past Masters (1988-03-07)	On Air – Live at the BBC Volume 2 (2013-11-11)	Singles	Rubber Soul (1965-12-03)	Magical Mystery Tour (1967-11-27)	The Beatles (White Album) (1968-11-22)	Let It Be (1970-05-08)	The Beatles Bootleg Recordings 1963	Revolver (1966-08-05)	Sgt. Pepper's Lonely Hearts Club Band (1967-05-26)	Yellow Submarine (1969-01-13)	Abbey Road (1969-09-26)	Anthology 1 (1995-11-20)	Anthology 2 (1996-03-18)	Anthology 3 (1996-10-28)	Let It Be: Special Edition	The Beatles: Get Back – The Rooftop Performance	1967–1970	Rubber Soul: Super Deluxe Edition
none-of-these-absent-004	Help! (1965-08-06)	Beatles for Sale (1964-12-04)	Rubber Soul (1965-12-03)	A Hard Day's Night (1964-07-10)	With the Beatles (1963-11-22)	Magical Mystery Tour (1967-11-27)	Please Please Me (1963-03-22)	The Beatles' First	Sgt. Pepper's Lonely Hearts Club Band (1967-05-26)	Live at the BBC (1994-11-30)	On Air – Live at the BBC Volume 2 (2013-11-11)	Ya Ya	Revolver (1966-08-05)	The Beatles (White Album) (1968-11-22)	Yellow Submarine (1969-01-13)	Abbey Road (1969-09-26)	Let It Be (1970-05-08)	Past Masters (1988-03-07)	Anthology 1 (1995-11-20)	Anthology 2 (1996-03-18)	Anthology 3 (1996-10-28)	My Bonnie	The Beatles Bootleg Recordings 1963	Let It Be: Special Edition	The Beatles: Get Back – The Rooftop Performance	1967–1970	Rubber Soul: Super Deluxe Edition	Singles
none-of-these-absent-005	Rubber Soul (1965-12-03)	Beatles for Sale (1964-12-04)	A Hard Day's Night (1964-07-10)	With the Beatles (1963-11-22)	Help! (1965-08-06)	Please Please Me (1963-03-22)	Revolver (1966-08-05)	Sgt. Pepper's Lonely Hearts Club Band (1967-05-26)	Magical Mystery Tour (1967-11-27)	The Beatles (White Album) (1968-11-22)	Yellow Submarine (1969-01-13)	Abbey Road (1969-09-26)	Let It Be (1970-05-08)	Past Masters (1988-03-07)	Live at the BBC (1994-11-30)	Anthology 1 (1995-11-20)	Anthology 2 (1996-03-18)	Anthology 3 (1996-10-28)	On Air – Live at the BBC Volume 2 (2013-11-11)	My Bonnie	Ya Ya	The Beatles' First	The Beatles Bootleg Recordings 1963	Let It Be: Special Edition	The Beatles: Get Back – The Rooftop Performance	1967–1970	Rubber Soul: Super Deluxe Edition	Singles
none-of-these-present-007	Abbey Road (1969-09-26)	Let It Be (1970-05-08)	Please Please Me (1963-03-22)	With the Beatles (1963-11-22)	A Hard Day's Night (1964-07-10)	Beatles for Sale (1964-12-04)	Help! (1965-08-06)	Rubber Soul (1965-12-03)	Revolver (1966-08-05)	Sgt. Pepper's Lonely Hearts Club Band (1967-05-26)	Magical Mystery Tour (1967-11-27)	The Beatles (White Album) (1968-11-22)	Yellow Submarine (1969-01-13)	Past Masters (1988-03-07)	Live at the BBC (1994-11-30)	Anthology 1 (1995-11-20)	Anthology 2 (1996-03-18)	Anthology 3 (1996-10-28)	On Air – Live at the BBC Volume 2 (2013-11-11)	My Bonnie	Ya Ya	The Beatles' First	The Beatles Bootleg Recordings 1963	Let It Be: Special Edition	The Beatles: Get Back – The Rooftop Performance	1967–1970	Rubber Soul: Super Deluxe Edition	Singles
none-of-these-absent-008	Let It Be (1970-05-08)	The Beatles (White Album) (1968-11-22)	Abbey Road (1969-09-26)	Rubber Soul (1965-12-03)	Sgt. Pepper's Lonely Hearts Club Band (1967-05-26)	Beatles for Sale (1964-12-04)	Revolver (1966-08-05)	Magical Mystery Tour (1967-11-27)	Yellow Submarine (1969-01-13)	Let It Be: Special Edition	1967–1970	Please Please Me (1963-03-22)	With the Beatles (1963-11-22)	A Hard Day's Night (1964-07-10)	Help! (1965-08-06)	Past Masters (1988-03-07)	Live at the BBC (1994-11-30)	Anthology 1 (1995-11-20)	Anthology 2 (1996-03-18)	Anthology 3 (1996-10-28)	On Air – Live at the BBC Volume 2 (2013-11-11)	My Bonnie	Ya Ya	The Beatles' First	The Beatles Bootleg Recordings 1963	The Beatles: Get Back – The Rooftop Performance	Rubber Soul: Super Deluxe Edition	Singles
none-of-these-absent-009	A Hard Day's Night (1964-07-10)	With the Beatles (1963-11-22)	Beatles for Sale (1964-12-04)	Please Please Me (1963-03-22)	Help! (1965-08-06)	Rubber Soul (1965-12-03)	Magical Mystery Tour (1967-11-27)	The Beatles' First	Revolver (1966-08-05)	Sgt. Pepper's Lonely Hearts Club Band (1967-05-26)	The Beatles (White Album) (1968-11-22)	Yellow Submarine (1969-01-13)	Abbey Road (1969-09-26)	Let It Be (1970-05-08)	Past Masters (1988-03-07)	Live at the BBC (1994-11-30)	Anthology 1 (1995-11-20)	Anthology 2 (1996-03-18)	Anthology 3 (1996-10-28)	On Air – Live at the BBC Volume 2 (2013-11-11)	My Bonnie	Ya Ya	The Beatles Bootleg Recordings 1963	Let It Be: Special Edition	The Beatles: Get Back – The Rooftop Performance	1967–1970	Rubber Soul: Super Deluxe Edition	Singles
none-of-these-present-012	With the Beatles (1963-11-22)	Please Please Me (1963-03-22)	Beatles for Sale (1964-12-04)	The Beatles' First	A Hard Day's Night (1964-07-10)	Help! (1965-08-06)	Rubber Soul (1965-12-03)	Magical Mystery Tour (1967-11-27)	Past Masters (1988-03-07)	My Bonnie	Singles	Revolver (1966-08-05)	Sgt. Pepper's Lonely Hearts Club Band (1967-05-26)	The Beatles (White Album) (1968-11-22)	Yellow Submarine (1969-01-13)	Abbey Road (1969-09-26)	Let It Be (1970-05-08)	Live at the BBC (1994-11-30)	Anthology 1 (1995-11-20)	Anthology 2 (1996-03-18)	Anthology 3 (1996-10-28)	On Air – Live at the BBC Volume 2 (2013-11-11)	Ya Ya	The Beatles Bootleg Recordings 1963	Let It Be: Special Edition	The Beatles: Get Back – The Rooftop Performance	1967–1970	Rubber Soul: Super Deluxe Edition
none-of-these-present-013	Revolver (1966-08-05)	Sgt. Pepper's Lonely Hearts Club Band (1967-05-26)	Rubber Soul (1965-12-03)	Magical Mystery Tour (1967-11-27)	Singles	Help! (1965-08-06)	Please Please Me (1963-03-22)	With the Beatles (1963-11-22)	A Hard Day's Night (1964-07-10)	Beatles for Sale (1964-12-04)	The Beatles (White Album) (1968-11-22)	Yellow Submarine (1969-01-13)	Abbey Road (1969-09-26)	Let It Be (1970-05-08)	Past Masters (1988-03-07)	Live at the BBC (1994-11-30)	Anthology 1 (1995-11-20)	Anthology 2 (1996-03-18)	Anthology 3 (1996-10-28)	On Air – Live at the BBC Volume 2 (2013-11-11)	My Bonnie	Ya Ya	The Beatles' First	The Beatles Bootleg Recordings 1963	Let It Be: Special Edition	The Beatles: Get Back – The Rooftop Performance	1967–1970	Rubber Soul: Super Deluxe Edition
none-of-these-absent-014	The Beatles (White Album) (1968-11-22)	Rubber Soul (1965-12-03)	Abbey Road (1969-09-26)	Let It Be (1970-05-08)	Please Please Me (1963-03-22)	With the Beatles (1963-11-22)	A Hard Day's Night (1964-07-10)	Beatles for Sale (1964-12-04)	Help! (1965-08-06)	Revolver (1966-08-05)	Sgt. Pepper's Lonely Hearts Club Band (1967-05-26)	Magical Mystery Tour (1967-11-27)	Yellow Submarine (1969-01-13)	Past Masters (1988-03-07)	Live at the BBC (1994-11-30)	Anthology 1 (1995-11-20)	Anthology 2 (1996-03-18)	Anthology 3 (1996-10-28)	On Air – Live at the BBC Volume 2 (2013-11-11)	My Bonnie	Ya Ya	The Beatles' First	The Beatles Bootleg Recordings 1963	Let It Be: Special Edition	The Beatles: Get Back – The Rooftop Performance	1967–1970	Rubber Soul: Super Deluxe Edition	Singles
none-of-these-absent-017	Help! (1965-08-06)	Rubber Soul (1965-12-03)	A Hard Day's Night (1964-07-10)	Beatles for Sale (1964-12-04)	Magical Mystery Tour (1967-11-27)	With the Beatles (1963-11-22)	Sgt. Pepper's Lonely Hearts Club Band (1967-05-26)	Revolver (1966-08-05)	Singles	Please Please Me (1963-03-22)	The Beatles (White Album) (1968-11-22)	Yellow Submarine (1969-01-13)	Abbey Road (1969-09-26)	Let It Be (1970-05-08)	Past Masters (1988-03-07)	Live at the BBC (1994-11-30)	Anthology 1 (1995-11-20)	Anthology 2 (1996-03-18)	Anthology 3 (1996-10-28)	On Air – Live at the BBC Volume 2 (2013-11-11)	My Bonnie	Ya Ya	The Beatles' First	The Beatles Bootleg Recordings 1963	Let It Be: Special Edition	The Beatles: Get Back – The Rooftop Performance	1967–1970	Rubber Soul: Super Deluxe Edition
none-of-these-present-020	Rubber Soul (1965-12-03)	Help! (1965-08-06)	Revolver (1966-08-05)	A Hard Day's Night (1964-07-10)	Sgt. Pepper's Lonely Hearts Club Band (1967-05-26)	The Beatles (White Album) (1968-11-22)	Let It Be (1970-05-08)	Magical Mystery Tour (1967-11-27)	Beatles for Sale (1964-12-04)	Abbey Road (1969-09-26)	1967–1970	Please Please Me (1963-03-22)	With the Beatles (1963-11-22)	Yellow Submarine (1969-01-13)	Past Masters (1988-03-07)	Live at the BBC (1994-11-30)	Anthology 1 (1995-11-20)	Anthology 2 (1996-03-18)	Anthology 3 (1996-10-28)	On Air – Live at the BBC Volume 2 (2013-11-11)	My Bonnie	Ya Ya	The Beatles' First	The Beatles Bootleg Recordings 1963	Let It Be: Special Edition	The Beatles: Get Back – The Rooftop Performance	Rubber Soul: Super Deluxe Edition	Singles
none-of-these-absent-024	The Beatles (White Album) (1968-11-22)	Rubber Soul (1965-12-03)	Revolver (1966-08-05)	Sgt. Pepper's Lonely Hearts Club Band (1967-05-26)	Abbey Road (1969-09-26)	Please Please Me (1963-03-22)	With the Beatles (1963-11-22)	A Hard Day's Night (1964-07-10)	Beatles for Sale (1964-12-04)	Help! (1965-08-06)	Magical Mystery Tour (1967-11-27)	Yellow Submarine (1969-01-13)	Let It Be (1970-05-08)	Past Masters (1988-03-07)	Live at the BBC (1994-11-30)	Anthology 1 (1995-11-20)	Anthology 2 (1996-03-18)	Anthology 3 (1996-10-28)	On Air – Live at the BBC Volume 2 (2013-11-11)	My Bonnie	Ya Ya	The Beatles' First	The Beatles Bootleg Recordings 1963	Let It Be: Special Edition	The Beatles: Get Back – The Rooftop Performance	1967–1970	Rubber Soul: Super Deluxe Edition	Singles
none-of-these-absent-025	Please Please Me (1963-03-22)	With the Beatles (1963-11-22)	A Hard Day's Night (1964-07-10)	Rubber Soul (1965-12-03)	Beatles for Sale (1964-12-04)	Help! (1965-08-06)	My Bonnie	Live at the BBC (1994-11-30)	The Beatles' First	Magical Mystery Tour (1967-11-27)	On Air – Live at the BBC Volume 2 (2013-11-11)	Ya Ya	The Beatles Bootleg Recordings 1963	Revolver (1966-08-05)	Sgt. Pepper's Lonely Hearts Club Band (1967-05-26)	The Beatles (White Album) (1968-11-22)	Yellow Submarine (1969-01-13)	Abbey Road (1969-09-26)	Let It Be (1970-05-08)	Past Masters (1988-03-07)	Anthology 1 (1995-11-20)	Anthology 2 (1996-03-18)	Anthology 3 (1996-10-28)	Let It Be: Special Edition	The Beatles: Get Back – The Rooftop Performance	1967–1970	Rubber Soul: Super Deluxe Edition	Singles
none-of-these-absent-029	Let It Be (1970-05-08)	The Beatles (White Album) (1968-11-22)	Abbey Road (1969-09-26)	Magical Mystery Tour (1967-11-27)	Let It Be: Special Edition	1967–1970	Please Please Me (1963-03-22)	With the Beatles (1963-11-22)	A Hard Day's Night (1964-07-10)	Beatles for Sale (1964-12-04)	Help! (1965-08-06)	Rubber Soul (1965-12-03)	Revolver (1966-08-05)	Sgt. Pepper's Lonely Hearts Club Band (1967-05-26)	Yellow Submarine (1969-01-13)	Past Masters (1988-03-07)	Live at the BBC (1994-11-30)	Anthology 1 (1995-11-20)	Anthology 2 (1996-03-18)	Anthology 3 (1996-10-28)	On Air – Live at the BBC Volume 2 (2013-11-11)	My Bonnie	Ya Ya	The Beatles' First	The Beatles Bootleg Recordings 1963	The Beatles: Get Back – The Rooftop Performance	Rubber Soul: Super Deluxe Edition	Singles
reversal-forward-001	With the Beatles (1963-11-22)	The Beatles (White Album) (1968-11-22)	Rubber Soul (1965-12-03)	Abbey Road (1969-09-26)	Please Please Me (1963-03-22)	Beatles for Sale (1964-12-04)	Revolver (1966-08-05)	A Hard Day's Night (1964-07-10)	Help! (1965-08-06)	Past Masters (1988-03-07)	1967–1970	Singles	Sgt. Pepper's Lonely Hearts Club Band (1967-05-26)	Let It Be (1970-05-08)	The Beatles' First	Magical Mystery Tour (1967-11-27)	Yellow Submarine (1969-01-13)	Anthology 1 (1995-11-20)	Anthology 2 (1996-03-18)	Anthology 3 (1996-10-28)	My Bonnie	Ya Ya	The Beatles Bootleg Recordings 1963	Live at the BBC (1994-11-30)	On Air – Live at the BBC Volume 2 (2013-11-11)	Let It Be: Special Edition	The Beatles: Get Back – The Rooftop Performance	Rubber Soul: Super Deluxe Edition
reversal-forward-003	With the Beatles (1963-11-22)	The Beatles (White Album) (1968-11-22)	Rubber Soul (1965-12-03)	Abbey Road (1969-09-26)	Please Please Me (1963-03-22)	Beatles for Sale (1964-12-04)	Revolver (1966-08-05)	A Hard Day's Night (1964-07-10)	Help! (1965-08-06)	Past Masters (1988-03-07)	1967–1970	Singles	Sgt. Pepper's Lonely Hearts Club Band (1967-05-26)	Let It Be (1970-05-08)	The Beatles' First	Magical Mystery Tour (1967-11-27)	Yellow Submarine (1969-01-13)	Anthology 1 (1995-11-20)	Anthology 2 (1996-03-18)	Anthology 3 (1996-10-28)	My Bonnie	Ya Ya	The Beatles Bootleg Recordings 1963	Live at the BBC (1994-11-30)	On Air – Live at the BBC Volume 2 (2013-11-11)	Let It Be: Special Edition	The Beatles: Get Back – The Rooftop Performance	Rubber Soul: Super Deluxe Edition
reversal-forward-004	With the Beatles (1963-11-22)	The Beatles (White Album) (1968-11-22)	Rubber Soul (1965-12-03)	Abbey Road (1969-09-26)	Please Please Me (1963-03-22)	Beatles for Sale (1964-12-04)	Revolver (1966-08-05)	A Hard Day's Night (1964-07-10)	Help! (1965-08-06)	Past Masters (1988-03-07)	1967–1970	Singles	Sgt. Pepper's Lonely Hearts Club Band (1967-05-26)	Let It Be (1970-05-08)	The Beatles' First	Magical Mystery Tour (1967-11-27)	Yellow Submarine (1969-01-13)	Anthology 1 (1995-11-20)	Anthology 2 (1996-03-18)	Anthology 3 (1996-10-28)	My Bonnie	Ya Ya	The Beatles Bootleg Recordings 1963	Live at the BBC (1994-11-30)	On Air – Live at the BBC Volume 2 (2013-11-11)	Let It Be: Special Edition	The Beatles: Get Back – The Rooftop Performance	Rubber Soul: Super Deluxe Edition
reversal-forward-019	Please Please Me (1963-03-22)	Singles	Past Masters (1988-03-07)	With the Beatles (1963-11-22)	The Beatles (White Album) (1968-11-22)	Let It Be (1970-05-08)	Abbey Road (1969-09-26)	A Hard Day's Night (1964-07-10)	Rubber Soul (1965-12-03)	1967–1970	The Beatles' First	Sgt. Pepper's Lonely Hearts Club Band (1967-05-26)	My Bonnie	Beatles for Sale (1964-12-04)	Help! (1965-08-06)	Revolver (1966-08-05)	Magical Mystery Tour (1967-11-27)	Yellow Submarine (1969-01-13)	Anthology 1 (1995-11-20)	Anthology 2 (1996-03-18)	Ya Ya	The Beatles Bootleg Recordings 1963	Let It Be: Special Edition	Live at the BBC (1994-11-30)	Anthology 3 (1996-10-28)	On Air – Live at the BBC Volume 2 (2013-11-11)	The Beatles: Get Back – The Rooftop Performance	Rubber Soul: Super Deluxe Edition
reversal-forward-023	The Beatles (White Album) (1968-11-22)	Please Please Me (1963-03-22)	With the Beatles (1963-11-22)	Singles	Help! (1965-08-06)	Revolver (1966-08-05)	Abbey Road (1969-09-26)	Sgt. Pepper's Lonely Hearts Club Band (1967-05-26)	Let It Be (1970-05-08)	Past Masters (1988-03-07)	Beatles for Sale (1964-12-04)	Rubber Soul (1965-12-03)	Yellow Submarine (1969-01-13)	1967–1970	A Hard Day's Night (1964-07-10)	Magical Mystery Tour (1967-11-27)	Anthology 2 (1996-03-18)	The Beatles' First	Anthology 1 (1995-11-20)	Anthology 3 (1996-10-28)	My Bonnie	Ya Ya	The Beatles Bootleg Recordings 1963	Let It Be: Special Edition	Live at the BBC (1994-11-30)	On Air – Live at the BBC Volume 2 (2013-11-11)	The Beatles: Get Back – The Rooftop Performance	Rubber Soul: Super Deluxe Edition
reversal-forward-025	The Beatles (White Album) (1968-11-22)	Please Please Me (1963-03-22)	With the Beatles (1963-11-22)	Singles	Help! (1965-08-06)	Revolver (1966-08-05)	Abbey Road (1969-09-26)	Sgt. Pepper's Lonely Hearts Club Band (1967-05-26)	Let It Be (1970-05-08)	Past Masters (1988-03-07)	Beatles for Sale (1964-12-04)	Rubber Soul (1965-12-03)	Yellow Submarine (1969-01-13)	1967–1970	A Hard Day's Night (1964-07-10)	Magical Mystery Tour (1967-11-27)	Anthology 2 (1996-03-18)	The Beatles' First	Anthology 1 (1995-11-20)	Anthology 3 (1996-10-28)	My Bonnie	Ya Ya	The Beatles Bootleg Recordings 1963	Let It Be: Special Edition	Live at the BBC (1994-11-30)	On Air – Live at the BBC Volume 2 (2013-11-11)	The Beatles: Get Back – The Rooftop Performance	Rubber Soul: Super Deluxe Edition
reverse-singer-to-song-002	The Beatles (White Album) (1968-11-22)	Singles	Please Please Me (1963-03-22)	A Hard Day's Night (1964-07-10)	Past Masters (1988-03-07)	With the Beatles (1963-11-22)	Revolver (1966-08-05)	Abbey Road (1969-09-26)	Sgt. Pepper's Lonely Hearts Club Band (1967-05-26)	Magical Mystery Tour (1967-11-27)	Yellow Submarine (1969-01-13)	Let It Be (1970-05-08)	1967–1970	Beatles for Sale (1964-12-04)	Help! (1965-08-06)	Rubber Soul (1965-12-03)	My Bonnie	The Beatles' First	Anthology 1 (1995-11-20)	Anthology 2 (1996-03-18)	Anthology 3 (1996-10-28)	Ya Ya	The Beatles Bootleg Recordings 1963	Let It Be: Special Edition	Live at the BBC (1994-11-30)	On Air – Live at the BBC Volume 2 (2013-11-11)	The Beatles: Get Back – The Rooftop Performance	Rubber Soul: Super Deluxe Edition
reverse-singer-to-song-011	The Beatles (White Album) (1968-11-22)	Singles	Please Please Me (1963-03-22)	Let It Be (1970-05-08)	Abbey Road (1969-09-26)	With the Beatles (1963-11-22)	Sgt. Pepper's Lonely Hearts Club Band (1967-05-26)	Yellow Submarine (1969-01-13)	Past Masters (1988-03-07)	Revolver (1966-08-05)	My Bonnie	1967–1970	Rubber Soul (1965-12-03)	Magical Mystery Tour (1967-11-27)	A Hard Day's Night (1964-07-10)	Beatles for Sale (1964-12-04)	Help! (1965-08-06)	Anthology 2 (1996-03-18)	Ya Ya	The Beatles' First	The Beatles Bootleg Recordings 1963	Let It Be: Special Edition	Live at the BBC (1994-11-30)	Anthology 1 (1995-11-20)	Anthology 3 (1996-10-28)	On Air – Live at the BBC Volume 2 (2013-11-11)	The Beatles: Get Back – The Rooftop Performance	Rubber Soul: Super Deluxe Edition
reverse-singer-to-song-012	The Beatles (White Album) (1968-11-22)	Singles	Please Please Me (1963-03-22)	Let It Be (1970-05-08)	Abbey Road (1969-09-26)	With the Beatles (1963-11-22)	Sgt. Pepper's Lonely Hearts Club Band (1967-05-26)	Yellow Submarine (1969-01-13)	Past Masters (1988-03-07)	Revolver (1966-08-05)	My Bonnie	1967–1970	Rubber Soul (1965-12-03)	Magical Mystery Tour (1967-11-27)	A Hard Day's Night (1964-07-10)	Beatles for Sale (1964-12-04)	Help! (1965-08-06)	Anthology 2 (1996-03-18)	Ya Ya	The Beatles' First	The Beatles Bootleg Recordings 1963	Let It Be: Special Edition	Live at the BBC (1994-11-30)	Anthology 1 (1995-11-20)	Anthology 3 (1996-10-28)	On Air – Live at the BBC Volume 2 (2013-11-11)	The Beatles: Get Back – The Rooftop Performance	Rubber Soul: Super Deluxe Edition
reverse-singer-to-song-018	The Beatles (White Album) (1968-11-22)	Singles	Please Please Me (1963-03-22)	Let It Be (1970-05-08)	Abbey Road (1969-09-26)	With the Beatles (1963-11-22)	Sgt. Pepper's Lonely Hearts Club Band (1967-05-26)	Yellow Submarine (1969-01-13)	Past Masters (1988-03-07)	Revolver (1966-08-05)	My Bonnie	1967–1970	Rubber Soul (1965-12-03)	Magical Mystery Tour (1967-11-27)	A Hard Day's Night (1964-07-10)	Beatles for Sale (1964-12-04)	Help! (1965-08-06)	Anthology 2 (1996-03-18)	Ya Ya	The Beatles' First	The Beatles Bootleg Recordings 1963	Let It Be: Special Edition	Live at the BBC (1994-11-30)	Anthology 1 (1995-11-20)	Anthology 3 (1996-10-28)	On Air – Live at the BBC Volume 2 (2013-11-11)	The Beatles: Get Back – The Rooftop Performance	Rubber Soul: Super Deluxe Edition
reverse-singer-to-song-025	The Beatles (White Album) (1968-11-22)	Singles	Abbey Road (1969-09-26)	1967–1970	Rubber Soul (1965-12-03)	Revolver (1966-08-05)	Beatles for Sale (1964-12-04)	Sgt. Pepper's Lonely Hearts Club Band (1967-05-26)	Let It Be (1970-05-08)	Please Please Me (1963-03-22)	With the Beatles (1963-11-22)	Magical Mystery Tour (1967-11-27)	Yellow Submarine (1969-01-13)	Past Masters (1988-03-07)	A Hard Day's Night (1964-07-10)	Help! (1965-08-06)	Anthology 2 (1996-03-18)	Anthology 3 (1996-10-28)	On Air – Live at the BBC Volume 2 (2013-11-11)	My Bonnie	Ya Ya	The Beatles' First	The Beatles Bootleg Recordings 1963	Let It Be: Special Edition	Live at the BBC (1994-11-30)	Anthology 1 (1995-11-20)	The Beatles: Get Back – The Rooftop Performance	Rubber Soul: Super Deluxe Edition
reverse-singer-to-song-026	The Beatles (White Album) (1968-11-22)	Singles	Abbey Road (1969-09-26)	1967–1970	Rubber Soul (1965-12-03)	Revolver (1966-08-05)	Beatles for Sale (1964-12-04)	Sgt. Pepper's Lonely Hearts Club Band (1967-05-26)	Let It Be (1970-05-08)	Please Please Me (1963-03-22)	With the Beatles (1963-11-22)	Magical Mystery Tour (1967-11-27)	Yellow Submarine (1969-01-13)	Past Masters (1988-03-07)	A Hard Day's Night (1964-07-10)	Help! (1965-08-06)	Anthology 2 (1996-03-18)	Anthology 3 (1996-10-28)	On Air – Live at the BBC Volume 2 (2013-11-11)	My Bonnie	Ya Ya	The Beatles' First	The Beatles Bootleg Recordings 1963	Let It Be: Special Edition	Live at the BBC (1994-11-30)	Anthology 1 (1995-11-20)	The Beatles: Get Back – The Rooftop Performance	Rubber Soul: Super Deluxe Edition
reverse-singer-to-song-035	The Beatles (White Album) (1968-11-22)	Singles	Yellow Submarine (1969-01-13)	Please Please Me (1963-03-22)	With the Beatles (1963-11-22)	Revolver (1966-08-05)	Abbey Road (1969-09-26)	Past Masters (1988-03-07)	Help! (1965-08-06)	Let It Be (1970-05-08)	Beatles for Sale (1964-12-04)	Magical Mystery Tour (1967-11-27)	1967–1970	A Hard Day's Night (1964-07-10)	Rubber Soul (1965-12-03)	Sgt. Pepper's Lonely Hearts Club Band (1967-05-26)	The Beatles' First	Anthology 2 (1996-03-18)	Anthology 3 (1996-10-28)	My Bonnie	Ya Ya	The Beatles Bootleg Recordings 1963	Let It Be: Special Edition	Live at the BBC (1994-11-30)	Anthology 1 (1995-11-20)	On Air – Live at the BBC Volume 2 (2013-11-11)	The Beatles: Get Back – The Rooftop Performance	Rubber Soul: Super Deluxe Edition
reverse-album-to-song-010	Help! (1965-08-06)	Singles	Please Please Me (1963-03-22)	With the Beatles (1963-11-22)	A Hard Day's Night (1964-07-10)	Beatles for Sale (1964-12-04)	Rubber Soul (1965-12-03)	Revolver (1966-08-05)	Sgt. Pepper's Lonely Hearts Club Band (1967-05-26)	Magical Mystery Tour (1967-11-27)	The Beatles (White Album) (1968-11-22)	Yellow Submarine (1969-01-13)	Abbey Road (1969-09-26)	Let It Be (1970-05-08)	Past Masters (1988-03-07)	Live at the BBC (1994-11-30)	Anthology 1 (1995-11-20)	Anthology 2 (1996-03-18)	Anthology 3 (1996-10-28)	On Air – Live at the BBC Volume 2 (2013-11-11)	My Bonnie	Ya Ya	The Beatles' First	The Beatles Bootleg Recordings 1963	Let It Be: Special Edition	The Beatles: Get Back – The Rooftop Performance	1967–1970	Rubber Soul: Super Deluxe Edition
reverse-album-to-song-025	Sgt. Pepper's Lonely Hearts Club Band (1967-05-26)	Magical Mystery Tour (1967-11-27)	Please Please Me (1963-03-22)	With the Beatles (1963-11-22)	A Hard Day's Night (1964-07-10)	Beatles for Sale (1964-12-04)	Help! (1965-08-06)	Rubber Soul (1965-12-03)	Revolver (1966-08-05)	The Beatles (White Album) (1968-11-22)	Yellow Submarine (1969-01-13)	Abbey Road (1969-09-26)	Let It Be (1970-05-08)	Past Masters (1988-03-07)	Live at the BBC (1994-11-30)	Anthology 1 (1995-11-20)	Anthology 2 (1996-03-18)	Anthology 3 (1996-10-28)	On Air – Live at the BBC Volume 2 (2013-11-11)	My Bonnie	Ya Ya	The Beatles' First	The Beatles Bootleg Recordings 1963	Let It Be: Special Edition	The Beatles: Get Back – The Rooftop Performance	1967–1970	Rubber Soul: Super Deluxe Edition	Singles
reverse-album-to-song-028	A Hard Day's Night (1964-07-10)	Please Please Me (1963-03-22)	The Beatles' First	Singles	With the Beatles (1963-11-22)	Beatles for Sale (1964-12-04)	Help! (1965-08-06)	Rubber Soul (1965-12-03)	Revolver (1966-08-05)	Sgt. Pepper's Lonely Hearts Club Band (1967-05-26)	Magical Mystery Tour (1967-11-27)	The Beatles (White Album) (1968-11-22)	Yellow Submarine (1969-01-13)	Abbey Road (1969-09-26)	Let It Be (1970-05-08)	Past Masters (1988-03-07)	Live at the BBC (1994-11-30)	Anthology 1 (1995-11-20)	Anthology 2 (1996-03-18)	Anthology 3 (1996-10-28)	On Air – Live at the BBC Volume 2 (2013-11-11)	My Bonnie	Ya Ya	The Beatles Bootleg Recordings 1963	Let It Be: Special Edition	The Beatles: Get Back – The Rooftop Performance	1967–1970	Rubber Soul: Super Deluxe Edition
reverse-album-to-song-037	The Beatles (White Album) (1968-11-22)	Please Please Me (1963-03-22)	With the Beatles (1963-11-22)	A Hard Day's Night (1964-07-10)	Beatles for Sale (1964-12-04)	Help! (1965-08-06)	Rubber Soul (1965-12-03)	Revolver (1966-08-05)	Sgt. Pepper's Lonely Hearts Club Band (1967-05-26)	Magical Mystery Tour (1967-11-27)	Yellow Submarine (1969-01-13)	Abbey Road (1969-09-26)	Let It Be (1970-05-08)	Past Masters (1988-03-07)	Live at the BBC (1994-11-30)	Anthology 1 (1995-11-20)	Anthology 2 (1996-03-18)	Anthology 3 (1996-10-28)	On Air – Live at the BBC Volume 2 (2013-11-11)	My Bonnie	Ya Ya	The Beatles' First	The Beatles Bootleg Recordings 1963	Let It Be: Special Edition	The Beatles: Get Back – The Rooftop Performance	1967–1970	Rubber Soul: Super Deluxe Edition	Singles
reverse-album-to-song-040	Sgt. Pepper's Lonely Hearts Club Band (1967-05-26)	Magical Mystery Tour (1967-11-27)	Please Please Me (1963-03-22)	With the Beatles (1963-11-22)	A Hard Day's Night (1964-07-10)	Beatles for Sale (1964-12-04)	Help! (1965-08-06)	Rubber Soul (1965-12-03)	Revolver (1966-08-05)	The Beatles (White Album) (1968-11-22)	Yellow Submarine (1969-01-13)	Abbey Road (1969-09-26)	Let It Be (1970-05-08)	Past Masters (1988-03-07)	Live at the BBC (1994-11-30)	Anthology 1 (1995-11-20)	Anthology 2 (1996-03-18)	Anthology 3 (1996-10-28)	On Air – Live at the BBC Volume 2 (2013-11-11)	My Bonnie	Ya Ya	The Beatles' First	The Beatles Bootleg Recordings 1963	Let It Be: Special Edition	The Beatles: Get Back – The Rooftop Performance	1967–1970	Rubber Soul: Super Deluxe Edition	Singles
reverse-singer-yes-no-013	Magical Mystery Tour (1967-11-27)	Sgt. Pepper's Lonely Hearts Club Band (1967-05-26)	Yellow Submarine (1969-01-13)	1967–1970	The Beatles (White Album) (1968-11-22)	Revolver (1966-08-05)	Rubber Soul (1965-12-03)	Abbey Road (1969-09-26)	Anthology 2 (1996-03-18)	Singles	Please Please Me (1963-03-22)	With the Beatles (1963-11-22)	A Hard Day's Night (1964-07-10)	Beatles for Sale (1964-12-04)	Help! (1965-08-06)	Let It Be (1970-05-08)	Past Masters (1988-03-07)	Live at the BBC (1994-11-30)	Anthology 1 (1995-11-20)	Anthology 3 (1996-10-28)	On Air – Live at the BBC Volume 2 (2013-11-11)	My Bonnie	Ya Ya	The Beatles' First	The Beatles Bootleg Recordings 1963	Let It Be: Special Edition	The Beatles: Get Back – The Rooftop Performance	Rubber Soul: Super Deluxe Edition
reverse-singer-yes-no-017	The Beatles (White Album) (1968-11-22)	Abbey Road (1969-09-26)	Let It Be (1970-05-08)	Sgt. Pepper's Lonely Hearts Club Band (1967-05-26)	1967–1970	Beatles for Sale (1964-12-04)	Rubber Soul (1965-12-03)	Magical Mystery Tour (1967-11-27)	Please Please Me (1963-03-22)	With the Beatles (1963-11-22)	A Hard Day's Night (1964-07-10)	Help! (1965-08-06)	Revolver (1966-08-05)	Yellow Submarine (1969-01-13)	Past Masters (1988-03-07)	Live at the BBC (1994-11-30)	Anthology 1 (1995-11-20)	Anthology 2 (1996-03-18)	Anthology 3 (1996-10-28)	On Air – Live at the BBC Volume 2 (2013-11-11)	My Bonnie	Ya Ya	The Beatles' First	The Beatles Bootleg Recordings 1963	Let It Be: Special Edition	The Beatles: Get Back – The Rooftop Performance	Rubber Soul: Super Deluxe Edition	Singles
reverse-singer-yes-no-020	Sgt. Pepper's Lonely Hearts Club Band (1967-05-26)	Magical Mystery Tour (1967-11-27)	Revolver (1966-08-05)	Yellow Submarine (1969-01-13)	1967–1970	Rubber Soul (1965-12-03)	The Beatles (White Album) (1968-11-22)	Abbey Road (1969-09-26)	Let It Be (1970-05-08)	Singles	Please Please Me (1963-03-22)	With the Beatles (1963-11-22)	A Hard Day's Night (1964-07-10)	Beatles for Sale (1964-12-04)	Help! (1965-08-06)	Past Masters (1988-03-07)	Live at the BBC (1994-11-30)	Anthology 1 (1995-11-20)	Anthology 2 (1996-03-18)	Anthology 3 (1996-10-28)	On Air – Live at the BBC Volume 2 (2013-11-11)	My Bonnie	Ya Ya	The Beatles' First	The Beatles Bootleg Recordings 1963	Let It Be: Special Edition	The Beatles: Get Back – The Rooftop Performance	Rubber Soul: Super Deluxe Edition
reverse-singer-yes-no-021	My Bonnie	Ya Ya	Singles	On Air – Live at the BBC Volume 2 (2013-11-11)	The Beatles (White Album) (1968-11-22)	The Beatles Bootleg Recordings 1963	Please Please Me (1963-03-22)	With the Beatles (1963-11-22)	Anthology 3 (1996-10-28)	Help! (1965-08-06)	Magical Mystery Tour (1967-11-27)	Live at the BBC (1994-11-30)	Anthology 1 (1995-11-20)	The Beatles' First	Beatles for Sale (1964-12-04)	Rubber Soul (1965-12-03)	Yellow Submarine (1969-01-13)	Past Masters (1988-03-07)	A Hard Day's Night (1964-07-10)	Revolver (1966-08-05)	Sgt. Pepper's Lonely Hearts Club Band (1967-05-26)	Abbey Road (1969-09-26)	Let It Be (1970-05-08)	Anthology 2 (1996-03-18)	Let It Be: Special Edition	1967–1970	Rubber Soul: Super Deluxe Edition	The Beatles: Get Back – The Rooftop Performance
reverse-singer-yes-no-022	With the Beatles (1963-11-22)	Please Please Me (1963-03-22)	Beatles for Sale (1964-12-04)	A Hard Day's Night (1964-07-10)	Help! (1965-08-06)	Rubber Soul (1965-12-03)	The Beatles (White Album) (1968-11-22)	The Beatles' First	Singles	Ya Ya	Revolver (1966-08-05)	Sgt. Pepper's Lonely Hearts Club Band (1967-05-26)	Magical Mystery Tour (1967-11-27)	Abbey Road (1969-09-26)	Let It Be (1970-05-08)	Past Masters (1988-03-07)	On Air – Live at the BBC Volume 2 (2013-11-11)	My Bonnie	The Beatles Bootleg Recordings 1963	Let It Be: Special Edition	Yellow Submarine (1969-01-13)	Live at the BBC (1994-11-30)	Anthology 1 (1995-11-20)	Anthology 2 (1996-03-18)	Anthology 3 (1996-10-28)	The Beatles: Get Back – The Rooftop Performance	1967–1970	Rubber Soul: Super Deluxe Edition
reverse-singer-yes-no-027	On Air – Live at the BBC Volume 2 (2013-11-11)	The Beatles Bootleg Recordings 1963	My Bonnie	Ya Ya	With the Beatles (1963-11-22)	Live at the BBC (1994-11-30)	Please Please Me (1963-03-22)	The Beatles (White Album) (1968-11-22)	Yellow Submarine (1969-01-13)	Beatles for Sale (1964-12-04)	Anthology 1 (1995-11-20)	Anthology 3 (1996-10-28)	The Beatles' First	Singles	A Hard Day's Night (1964-07-10)	Help! (1965-08-06)	Magical Mystery Tour (1967-11-27)	Past Masters (1988-03-07)	Rubber Soul (1965-12-03)	Revolver (1966-08-05)	Sgt. Pepper's Lonely Hearts Club Band (1967-05-26)	Abbey Road (1969-09-26)	Let It Be (1970-05-08)	Anthology 2 (1996-03-18)	Let It Be: Special Edition	The Beatles: Get Back – The Rooftop Performance	1967–1970	Rubber Soul: Super Deluxe Edition
shared-lead-shared-lead-005	Revolver (1966-08-05)	Sgt. Pepper's Lonely Hearts Club Band (1967-05-26)	Magical Mystery Tour (1967-11-27)	Singles	Past Masters (1988-03-07)	Yellow Submarine (1969-01-13)	Abbey Road (1969-09-26)	1967–1970	Please Please Me (1963-03-22)	With the Beatles (1963-11-22)	A Hard Day's Night (1964-07-10)	Beatles for Sale (1964-12-04)	Help! (1965-08-06)	Rubber Soul (1965-12-03)	The Beatles (White Album) (1968-11-22)	Let It Be (1970-05-08)	Live at the BBC (1994-11-30)	Anthology 1 (1995-11-20)	Anthology 2 (1996-03-18)	Anthology 3 (1996-10-28)	On Air – Live at the BBC Volume 2 (2013-11-11)	My Bonnie	Ya Ya	The Beatles' First	The Beatles Bootleg Recordings 1963	Let It Be: Special Edition	The Beatles: Get Back – The Rooftop Performance	Rubber Soul: Super Deluxe Edition
shared-lead-shared-lead-011	With the Beatles (1963-11-22)	Please Please Me (1963-03-22)	Beatles for Sale (1964-12-04)	The Beatles (White Album) (1968-11-22)	Singles	A Hard Day's Night (1964-07-10)	Help! (1965-08-06)	Rubber Soul (1965-12-03)	Magical Mystery Tour (1967-11-27)	On Air – Live at the BBC Volume 2 (2013-11-11)	Ya Ya	The Beatles' First	Anthology 1 (1995-11-20)	My Bonnie	The Beatles Bootleg Recordings 1963	Revolver (1966-08-05)	Sgt. Pepper's Lonely Hearts Club Band (1967-05-26)	Abbey Road (1969-09-26)	Let It Be (1970-05-08)	Past Masters (1988-03-07)	Live at the BBC (1994-11-30)	Anthology 2 (1996-03-18)	Anthology 3 (1996-10-28)	Let It Be: Special Edition	Yellow Submarine (1969-01-13)	The Beatles: Get Back – The Rooftop Performance	1967–1970	Rubber Soul: Super Deluxe Edition
shared-lead-shared-lead-020	Please Please Me (1963-03-22)	With the Beatles (1963-11-22)	Rubber Soul (1965-12-03)	A Hard Day's Night (1964-07-10)	Beatles for Sale (1964-12-04)	Help! (1965-08-06)	Magical Mystery Tour (1967-11-27)	The Beatles' First	Revolver (1966-08-05)	Sgt. Pepper's Lonely Hearts Club Band (1967-05-26)	The Beatles (White Album) (1968-11-22)	Yellow Submarine (1969-01-13)	Abbey Road (1969-09-26)	Let It Be (1970-05-08)	Past Masters (1988-03-07)	Live at the BBC (1994-11-30)	Anthology 1 (1995-11-20)	Anthology 2 (1996-03-18)	Anthology 3 (1996-10-28)	On Air – Live at the BBC Volume 2 (2013-11-11)	My Bonnie	Ya Ya	The Beatles Bootleg Recordings 1963	Let It Be: Special Edition	The Beatles: Get Back – The Rooftop Performance	1967–1970	Rubber Soul: Super Deluxe Edition	Singles
shared-lead-shared-lead-022	The Beatles (White Album) (1968-11-22)	Abbey Road (1969-09-26)	Revolver (1966-08-05)	Sgt. Pepper's Lonely Hearts Club Band (1967-05-26)	Magical Mystery Tour (1967-11-27)	Let It Be (1970-05-08)	Please Please Me (1963-03-22)	With the Beatles (1963-11-22)	A Hard Day's Night (1964-07-10)	Beatles for Sale (1964-12-04)	Help! (1965-08-06)	Rubber Soul (1965-12-03)	Yellow Submarine (1969-01-13)	Past Masters (1988-03-07)	Live at the BBC (1994-11-30)	Anthology 1 (1995-11-20)	Anthology 2 (1996-03-18)	Anthology 3 (1996-10-28)	On Air – Live at the BBC Volume 2 (2013-11-11)	My Bonnie	Ya Ya	The Beatles' First	The Beatles Bootleg Recordings 1963	Let It Be: Special Edition	The Beatles: Get Back – The Rooftop Performance	1967–1970	Rubber Soul: Super Deluxe Edition	Singles
shared-lead-shared-lead-027	Beatles for Sale (1964-12-04)	Rubber Soul (1965-12-03)	Help! (1965-08-06)	With the Beatles (1963-11-22)	A Hard Day's Night (1964-07-10)	Singles	Revolver (1966-08-05)	Magical Mystery Tour (1967-11-27)	The Beatles (White Album) (1968-11-22)	Abbey Road (1969-09-26)	Past Masters (1988-03-07)	The Beatles' First	Please Please Me (1963-03-22)	Sgt. Pepper's Lonely Hearts Club Band (1967-05-26)	Yellow Submarine (1969-01-13)	Let It Be (1970-05-08)	Live at the BBC (1994-11-30)	Anthology 1 (1995-11-20)	Anthology 2 (1996-03-18)	Anthology 3 (1996-10-28)	On Air – Live at the BBC Volume 2 (2013-11-11)	My Bonnie	Ya Ya	The Beatles Bootleg Recordings 1963	Let It Be: Special Edition	The Beatles: Get Back – The Rooftop Performance	1967–1970	Rubber Soul: Super Deluxe Edition
shared-lead-shared-lead-028	Abbey Road (1969-09-26)	The Beatles (White Album) (1968-11-22)	Let It Be (1970-05-08)	Let It Be: Special Edition	1967–1970	Please Please Me (1963-03-22)	With the Beatles (1963-11-22)	A Hard Day's Night (1964-07-10)	Beatles for Sale (1964-12-04)	Help! (1965-08-06)	Rubber Soul (1965-12-03)	Revolver (1966-08-05)	Sgt. Pepper's Lonely Hearts Club Band (1967-05-26)	Magical Mystery Tour (1967-11-27)	Yellow Submarine (1969-01-13)	Past Masters (1988-03-07)	Live at the BBC (1994-11-30)	Anthology 1 (1995-11-20)	Anthology 2 (1996-03-18)	Anthology 3 (1996-10-28)	On Air – Live at the BBC Volume 2 (2013-11-11)	My Bonnie	Ya Ya	The Beatles' First	The Beatles Bootleg Recordings 1963	The Beatles: Get Back – The Rooftop Performance	Rubber Soul: Super Deluxe Edition	Singles
shared-lead-shared-lead-029	Singles	Abbey Road (1969-09-26)	1967–1970	The Beatles (White Album) (1968-11-22)	Let It Be (1970-05-08)	Past Masters (1988-03-07)	Magical Mystery Tour (1967-11-27)	A Hard Day's Night (1964-07-10)	Help! (1965-08-06)	Revolver (1966-08-05)	Sgt. Pepper's Lonely Hearts Club Band (1967-05-26)	Yellow Submarine (1969-01-13)	Please Please Me (1963-03-22)	With the Beatles (1963-11-22)	Beatles for Sale (1964-12-04)	Rubber Soul (1965-12-03)	Live at the BBC (1994-11-30)	Anthology 1 (1995-11-20)	Anthology 2 (1996-03-18)	Anthology 3 (1996-10-28)	On Air – Live at the BBC Volume 2 (2013-11-11)	My Bonnie	Ya Ya	The Beatles' First	The Beatles Bootleg Recordings 1963	Let It Be: Special Edition	The Beatles: Get Back – The Rooftop Performance	Rubber Soul: Super Deluxe Edition
shared-lead-shared-lead-030	Singles	With the Beatles (1963-11-22)	Past Masters (1988-03-07)	Please Please Me (1963-03-22)	Beatles for Sale (1964-12-04)	The Beatles' First	A Hard Day's Night (1964-07-10)	Rubber Soul (1965-12-03)	Help! (1965-08-06)	Revolver (1966-08-05)	Sgt. Pepper's Lonely Hearts Club Band (1967-05-26)	Magical Mystery Tour (1967-11-27)	The Beatles (White Album) (1968-11-22)	Yellow Submarine (1969-01-13)	Abbey Road (1969-09-26)	Let It Be (1970-05-08)	Live at the BBC (1994-11-30)	Anthology 1 (1995-11-20)	Anthology 2 (1996-03-18)	Anthology 3 (1996-10-28)	On Air – Live at the BBC Volume 2 (2013-11-11)	My Bonnie	Ya Ya	The Beatles Bootleg Recordings 1963	Let It Be: Special Edition	The Beatles: Get Back – The Rooftop Performance	1967–1970	Rubber Soul: Super Deluxe Edition
single-hop-album-year-001	Let It Be (1970-05-08)	1967–1970	Please Please Me (1963-03-22)	With the Beatles (1963-11-22)	A Hard Day's Night (1964-07-10)	Beatles for Sale (1964-12-04)	Help! (1965-08-06)	Rubber Soul (1965-12-03)	Revolver (1966-08-05)	Sgt. Pepper's Lonely Hearts Club Band (1967-05-26)	Magical Mystery Tour (1967-11-27)	The Beatles (White Album) (1968-11-22)	Yellow Submarine (1969-01-13)	Abbey Road (1969-09-26)	Past Masters (1988-03-07)	Live at the BBC (1994-11-30)	Anthology 1 (1995-11-20)	Anthology 2 (1996-03-18)	Anthology 3 (1996-10-28)	On Air – Live at the BBC Volume 2 (2013-11-11)	My Bonnie	Ya Ya	The Beatles' First	The Beatles Bootleg Recordings 1963	Let It Be: Special Edition	The Beatles: Get Back – The Rooftop Performance	Rubber Soul: Super Deluxe Edition	Singles
single-hop-album-year-002	Help! (1965-08-06)	Please Please Me (1963-03-22)	With the Beatles (1963-11-22)	A Hard Day's Night (1964-07-10)	Beatles for Sale (1964-12-04)	Rubber Soul (1965-12-03)	Revolver (1966-08-05)	Sgt. Pepper's Lonely Hearts Club Band (1967-05-26)	Magical Mystery Tour (1967-11-27)	The Beatles (White Album) (1968-11-22)	Yellow Submarine (1969-01-13)	Abbey Road (1969-09-26)	Let It Be (1970-05-08)	Past Masters (1988-03-07)	Live at the BBC (1994-11-30)	Anthology 1 (1995-11-20)	Anthology 2 (1996-03-18)	Anthology 3 (1996-10-28)	On Air – Live at the BBC Volume 2 (2013-11-11)	My Bonnie	Ya Ya	The Beatles' First	The Beatles Bootleg Recordings 1963	Let It Be: Special Edition	The Beatles: Get Back – The Rooftop Performance	1967–1970	Rubber Soul: Super Deluxe Edition	Singles
single-hop-album-year-005	With the Beatles (1963-11-22)	Please Please Me (1963-03-22)	A Hard Day's Night (1964-07-10)	Beatles for Sale (1964-12-04)	Help! (1965-08-06)	Rubber Soul (1965-12-03)	Revolver (1966-08-05)	Sgt. Pepper's Lonely Hearts Club Band (1967-05-26)	Magical Mystery Tour (1967-11-27)	The Beatles (White Album) (1968-11-22)	Yellow Submarine (1969-01-13)	Abbey Road (1969-09-26)	Let It Be (1970-05-08)	Past Masters (1988-03-07)	Live at the BBC (1994-11-30)	Anthology 1 (1995-11-20)	Anthology 2 (1996-03-18)	Anthology 3 (1996-10-28)	On Air – Live at the BBC Volume 2 (2013-11-11)	My Bonnie	Ya Ya	The Beatles' First	The Beatles Bootleg Recordings 1963	Let It Be: Special Edition	The Beatles: Get Back – The Rooftop Performance	1967–1970	Rubber Soul: Super Deluxe Edition	Singles
single-hop-song-album-006	Rubber Soul (1965-12-03)	Help! (1965-08-06)	Beatles for Sale (1964-12-04)	With the Beatles (1963-11-22)	A Hard Day's Night (1964-07-10)	Please Please Me (1963-03-22)	The Beatles (White Album) (1968-11-22)	Revolver (1966-08-05)	Sgt. Pepper's Lonely Hearts Club Band (1967-05-26)	Magical Mystery Tour (1967-11-27)	Yellow Submarine (1969-01-13)	Abbey Road (1969-09-26)	Let It Be (1970-05-08)	Past Masters (1988-03-07)	Live at the BBC (1994-11-30)	Anthology 1 (1995-11-20)	Anthology 2 (1996-03-18)	Anthology 3 (1996-10-28)	On Air – Live at the BBC Volume 2 (2013-11-11)	My Bonnie	Ya Ya	The Beatles' First	The Beatles Bootleg Recordings 1963	Let It Be: Special Edition	The Beatles: Get Back – The Rooftop Performance	1967–1970	Rubber Soul: Super Deluxe Edition	Singles
single-hop-song-album-015	Help! (1965-08-06)	A Hard Day's Night (1964-07-10)	Rubber Soul (1965-12-03)	Singles	Please Please Me (1963-03-22)	With the Beatles (1963-11-22)	Beatles for Sale (1964-12-04)	Revolver (1966-08-05)	Sgt. Pepper's Lonely Hearts Club Band (1967-05-26)	Magical Mystery Tour (1967-11-27)	The Beatles (White Album) (1968-11-22)	Yellow Submarine (1969-01-13)	Abbey Road (1969-09-26)	Let It Be (1970-05-08)	Past Masters (1988-03-07)	Live at the BBC (1994-11-30)	Anthology 1 (1995-11-20)	Anthology 2 (1996-03-18)	Anthology 3 (1996-10-28)	On Air – Live at the BBC Volume 2 (2013-11-11)	My Bonnie	Ya Ya	The Beatles' First	The Beatles Bootleg Recordings 1963	Let It Be: Special Edition	The Beatles: Get Back – The Rooftop Performance	1967–1970	Rubber Soul: Super Deluxe Edition
single-hop-song-album-025	With the Beatles (1963-11-22)	Please Please Me (1963-03-22)	My Bonnie	Beatles for Sale (1964-12-04)	The Beatles' First	A Hard Day's Night (1964-07-10)	Live at the BBC (1994-11-30)	Help! (1965-08-06)	Ya Ya	Past Masters (1988-03-07)	On Air – Live at the BBC Volume 2 (2013-11-11)	Singles	Rubber Soul (1965-12-03)	Magical Mystery Tour (1967-11-27)	The Beatles (White Album) (1968-11-22)	Let It Be (1970-05-08)	The Beatles Bootleg Recordings 1963	Revolver (1966-08-05)	Sgt. Pepper's Lonely Hearts Club Band (1967-05-26)	Yellow Submarine (1969-01-13)	Abbey Road (1969-09-26)	Anthology 1 (1995-11-20)	Anthology 2 (1996-03-18)	Anthology 3 (1996-10-28)	Let It Be: Special Edition	The Beatles: Get Back – The Rooftop Performance	1967–1970	Rubber Soul: Super Deluxe Edition
single-hop-song-album-034	Help! (1965-08-06)	A Hard Day's Night (1964-07-10)	Rubber Soul (1965-12-03)	Singles	Beatles for Sale (1964-12-04)	Magical Mystery Tour (1967-11-27)	Revolver (1966-08-05)	Sgt. Pepper's Lonely Hearts Club Band (1967-05-26)	Past Masters (1988-03-07)	The Beatles' First	Please Please Me (1963-03-22)	With the Beatles (1963-11-22)	The Beatles (White Album) (1968-11-22)	Yellow Submarine (1969-01-13)	Abbey Road (1969-09-26)	Let It Be (1970-05-08)	Live at the BBC (1994-11-30)	Anthology 1 (1995-11-20)	Anthology 2 (1996-03-18)	Anthology 3 (1996-10-28)	On Air – Live at the BBC Volume 2 (2013-11-11)	My Bonnie	Ya Ya	The Beatles Bootleg Recordings 1963	Let It Be: Special Edition	The Beatles: Get Back – The Rooftop Performance	1967–1970	Rubber Soul: Super Deluxe Edition
single-hop-song-album-041	Rubber Soul (1965-12-03)	The Beatles (White Album) (1968-11-22)	Revolver (1966-08-05)	Sgt. Pepper's Lonely Hearts Club Band (1967-05-26)	Help! (1965-08-06)	Beatles for Sale (1964-12-04)	Magical Mystery Tour (1967-11-27)	Abbey Road (1969-09-26)	Please Please Me (1963-03-22)	With the Beatles (1963-11-22)	A Hard Day's Night (1964-07-10)	Yellow Submarine (1969-01-13)	Let It Be (1970-05-08)	Past Masters (1988-03-07)	Live at the BBC (1994-11-30)	Anthology 1 (1995-11-20)	Anthology 2 (1996-03-18)	Anthology 3 (1996-10-28)	On Air – Live at the BBC Volume 2 (2013-11-11)	My Bonnie	Ya Ya	The Beatles' First	The Beatles Bootleg Recordings 1963	Let It Be: Special Edition	The Beatles: Get Back – The Rooftop Performance	1967–1970	Rubber Soul: Super Deluxe Edition	Singles
single-hop-song-album-054	Abbey Road (1969-09-26)	The Beatles (White Album) (1968-11-22)	Sgt. Pepper's Lonely Hearts Club Band (1967-05-26)	Revolver (1966-08-05)	Magical Mystery Tour (1967-11-27)	Let It Be (1970-05-08)	1967–1970	Please Please Me (1963-03-22)	With the Beatles (1963-11-22)	A Hard Day's Night (1964-07-10)	Beatles for Sale (1964-12-04)	Help! (1965-08-06)	Rubber Soul (1965-12-03)	Yellow Submarine (1969-01-13)	Past Masters (1988-03-07)	Live at the BBC (1994-11-30)	Anthology 1 (1995-11-20)	Anthology 2 (1996-03-18)	Anthology 3 (1996-10-28)	On Air – Live at the BBC Volume 2 (2013-11-11)	My Bonnie	Ya Ya	The Beatles' First	The Beatles Bootleg Recordings 1963	Let It Be: Special Edition	The Beatles: Get Back – The Rooftop Performance	Rubber Soul: Super Deluxe Edition	Singles
single-hop-song-album-056	Please Please Me (1963-03-22)	With the Beatles (1963-11-22)	A Hard Day's Night (1964-07-10)	Beatles for Sale (1964-12-04)	Help! (1965-08-06)	Rubber Soul (1965-12-03)	Revolver (1966-08-05)	Sgt. Pepper's Lonely Hearts Club Band (1967-05-26)	Magical Mystery Tour (1967-11-27)	The Beatles (White Album) (1968-11-22)	Yellow Submarine (1969-01-13)	Abbey Road (1969-09-26)	Let It Be (1970-05-08)	Past Masters (1988-03-07)	Live at the BBC (1994-11-30)	Anthology 1 (1995-11-20)	Anthology 2 (1996-03-18)	Anthology 3 (1996-10-28)	On Air – Live at the BBC Volume 2 (2013-11-11)	My Bonnie	Ya Ya	The Beatles' First	The Beatles Bootleg Recordings 1963	Let It Be: Special Edition	The Beatles: Get Back – The Rooftop Performance	1967–1970	Rubber Soul: Super Deluxe Edition	Singles
single-hop-song-album-059	The Beatles (White Album) (1968-11-22)	Rubber Soul (1965-12-03)	Revolver (1966-08-05)	Sgt. Pepper's Lonely Hearts Club Band (1967-05-26)	Abbey Road (1969-09-26)	Help! (1965-08-06)	Let It Be (1970-05-08)	1967–1970	Please Please Me (1963-03-22)	With the Beatles (1963-11-22)	A Hard Day's Night (1964-07-10)	Beatles for Sale (1964-12-04)	Magical Mystery Tour (1967-11-27)	Yellow Submarine (1969-01-13)	Past Masters (1988-03-07)	Live at the BBC (1994-11-30)	Anthology 1 (1995-11-20)	Anthology 2 (1996-03-18)	Anthology 3 (1996-10-28)	On Air – Live at the BBC Volume 2 (2013-11-11)	My Bonnie	Ya Ya	The Beatles' First	The Beatles Bootleg Recordings 1963	Let It Be: Special Edition	The Beatles: Get Back – The Rooftop Performance	Rubber Soul: Super Deluxe Edition	Singles
single-hop-song-month-001	Please Please Me (1963-03-22)	With the Beatles (1963-11-22)	My Bonnie	Ya Ya	The Beatles' First	Beatles for Sale (1964-12-04)	The Beatles Bootleg Recordings 1963	Singles	Past Masters (1988-03-07)	On Air – Live at the BBC Volume 2 (2013-11-11)	A Hard Day's Night (1964-07-10)	Help! (1965-08-06)	Rubber Soul (1965-12-03)	Revolver (1966-08-05)	Sgt. Pepper's Lonely Hearts Club Band (1967-05-26)	Magical Mystery Tour (1967-11-27)	The Beatles (White Album) (1968-11-22)	Yellow Submarine (1969-01-13)	Abbey Road (1969-09-26)	Let It Be (1970-05-08)	Live at the BBC (1994-11-30)	Anthology 1 (1995-11-20)	Anthology 2 (1996-03-18)	Anthology 3 (1996-10-28)	Let It Be: Special Edition	The Beatles: Get Back – The Rooftop Performance	1967–1970	Rubber Soul: Super Deluxe Edition
single-hop-song-month-004	Please Please Me (1963-03-22)	Singles	With the Beatles (1963-11-22)	Beatles for Sale (1964-12-04)	My Bonnie	Ya Ya	The Beatles' First	The Beatles Bootleg Recordings 1963	A Hard Day's Night (1964-07-10)	Help! (1965-08-06)	Rubber Soul (1965-12-03)	Revolver (1966-08-05)	Sgt. Pepper's Lonely Hearts Club Band (1967-05-26)	Magical Mystery Tour (1967-11-27)	The Beatles (White Album) (1968-11-22)	Yellow Submarine (1969-01-13)	Abbey Road (1969-09-26)	Let It Be (1970-05-08)	Past Masters (1988-03-07)	Live at the BBC (1994-11-30)	Anthology 1 (1995-11-20)	Anthology 2 (1996-03-18)	Anthology 3 (1996-10-28)	On Air – Live at the BBC Volume 2 (2013-11-11)	Let It Be: Special Edition	The Beatles: Get Back – The Rooftop Performance	1967–1970	Rubber Soul: Super Deluxe Edition
single-hop-song-month-007	The Beatles (White Album) (1968-11-22)	Rubber Soul (1965-12-03)	Revolver (1966-08-05)	Let It Be (1970-05-08)	Please Please Me (1963-03-22)	With the Beatles (1963-11-22)	A Hard Day's Night (1964-07-10)	Beatles for Sale (1964-12-04)	Help! (1965-08-06)	Sgt. Pepper's Lonely Hearts Club Band (1967-05-26)	Magical Mystery Tour (1967-11-27)	Yellow Submarine (1969-01-13)	Abbey Road (1969-09-26)	Past Masters (1988-03-07)	Live at the BBC (1994-11-30)	Anthology 1 (1995-11-20)	Anthology 2 (1996-03-18)	Anthology 3 (1996-10-28)	On Air – Live at the BBC Volume 2 (2013-11-11)	My Bonnie	Ya Ya	The Beatles' First	The Beatles Bootleg Recordings 1963	Let It Be: Special Edition	The Beatles: Get Back – The Rooftop Performance	1967–1970	Rubber Soul: Super Deluxe Edition	Singles
single-hop-song-month-011	Rubber Soul (1965-12-03)	Beatles for Sale (1964-12-04)	With the Beatles (1963-11-22)	Help! (1965-08-06)	A Hard Day's Night (1964-07-10)	Revolver (1966-08-05)	Sgt. Pepper's Lonely Hearts Club Band (1967-05-26)	The Beatles (White Album) (1968-11-22)	Please Please Me (1963-03-22)	Magical Mystery Tour (1967-11-27)	Yellow Submarine (1969-01-13)	Abbey Road (1969-09-26)	Let It Be (1970-05-08)	Past Masters (1988-03-07)	Live at the BBC (1994-11-30)	Anthology 1 (1995-11-20)	Anthology 2 (1996-03-18)	Anthology 3 (1996-10-28)	On Air – Live at the BBC Volume 2 (2013-11-11)	My Bonnie	Ya Ya	The Beatles' First	The Beatles Bootleg Recordings 1963	Let It Be: Special Edition	The Beatles: Get Back – The Rooftop Performance	1967–1970	Rubber Soul: Super Deluxe Edition	Singles
single-hop-song-month-012	With the Beatles (1963-11-22)	A Hard Day's Night (1964-07-10)	Beatles for Sale (1964-12-04)	Please Please Me (1963-03-22)	Help! (1965-08-06)	Singles	Rubber Soul (1965-12-03)	The Beatles' First	Revolver (1966-08-05)	Sgt. Pepper's Lonely Hearts Club Band (1967-05-26)	Magical Mystery Tour (1967-11-27)	The Beatles (White Album) (1968-11-22)	Yellow Submarine (1969-01-13)	Abbey Road (1969-09-26)	Let It Be (1970-05-08)	Past Masters (1988-03-07)	Live at the BBC (1994-11-30)	Anthology 1 (1995-11-20)	Anthology 2 (1996-03-18)	Anthology 3 (1996-10-28)	On Air – Live at the BBC Volume 2 (2013-11-11)	My Bonnie	Ya Ya	The Beatles Bootleg Recordings 1963	Let It Be: Special Edition	The Beatles: Get Back – The Rooftop Performance	1967–1970	Rubber Soul: Super Deluxe Edition
single-hop-song-month-015	The Beatles (White Album) (1968-11-22)	Magical Mystery Tour (1967-11-27)	Sgt. Pepper's Lonely Hearts Club Band (1967-05-26)	Revolver (1966-08-05)	Rubber Soul (1965-12-03)	Beatles for Sale (1964-12-04)	1967–1970	With the Beatles (1963-11-22)	Yellow Submarine (1969-01-13)	Singles	Help! (1965-08-06)	Abbey Road (1969-09-26)	The Beatles' First	Please Please Me (1963-03-22)	A Hard Day's Night (1964-07-10)	Let It Be (1970-05-08)	Past Masters (1988-03-07)	Live at the BBC (1994-11-30)	Anthology 1 (1995-11-20)	Anthology 2 (1996-03-18)	Anthology 3 (1996-10-28)	On Air – Live at the BBC Volume 2 (2013-11-11)	My Bonnie	Ya Ya	The Beatles Bootleg Recordings 1963	Let It Be: Special Edition	The Beatles: Get Back – The Rooftop Performance	Rubber Soul: Super Deluxe Edition
single-hop-song-month-022	Revolver (1966-08-05)	Rubber Soul (1965-12-03)	Magical Mystery Tour (1967-11-27)	Sgt. Pepper's Lonely Hearts Club Band (1967-05-26)	The Beatles (White Album) (1968-11-22)	Beatles for Sale (1964-12-04)	Help! (1965-08-06)	Abbey Road (1969-09-26)	1967–1970	Please Please Me (1963-03-22)	With the Beatles (1963-11-22)	A Hard Day's Night (1964-07-10)	Yellow Submarine (1969-01-13)	Let It Be (1970-05-08)	Past Masters (1988-03-07)	Live at the BBC (1994-11-30)	Anthology 1 (1995-11-20)	Anthology 2 (1996-03-18)	Anthology 3 (1996-10-28)	On Air – Live at the BBC Volume 2 (2013-11-11)	My Bonnie	Ya Ya	The Beatles' First	The Beatles Bootleg Recordings 1963	Let It Be: Special Edition	The Beatles: Get Back – The Rooftop Performance	Rubber Soul: Super Deluxe Edition	Singles
single-hop-song-month-023	The Beatles (White Album) (1968-11-22)	Abbey Road (1969-09-26)	Rubber Soul (1965-12-03)	Sgt. Pepper's Lonely Hearts Club Band (1967-05-26)	Revolver (1966-08-05)	Let It Be (1970-05-08)	1967–1970	Beatles for Sale (1964-12-04)	Help! (1965-08-06)	Magical Mystery Tour (1967-11-27)	Please Please Me (1963-03-22)	With the Beatles (1963-11-22)	A Hard Day's Night (1964-07-10)	Yellow Submarine (1969-01-13)	Past Masters (1988-03-07)	Live at the BBC (1994-11-30)	Anthology 1 (1995-11-20)	Anthology 2 (1996-03-18)	Anthology 3 (1996-10-28)	On Air – Live at the BBC Volume 2 (2013-11-11)	My Bonnie	Ya Ya	The Beatles' First	The Beatles Bootleg Recordings 1963	Let It Be: Special Edition	The Beatles: Get Back – The Rooftop Performance	Rubber Soul: Super Deluxe Edition	Singles
single-hop-song-month-025	The Beatles (White Album) (1968-11-22)	Revolver (1966-08-05)	Sgt. Pepper's Lonely Hearts Club Band (1967-05-26)	Rubber Soul (1965-12-03)	Magical Mystery Tour (1967-11-27)	Abbey Road (1969-09-26)	1967–1970	Please Please Me (1963-03-22)	With the Beatles (1963-11-22)	A Hard Day's Night (1964-07-10)	Beatles for Sale (1964-12-04)	Help! (1965-08-06)	Yellow Submarine (1969-01-13)	Let It Be (1970-05-08)	Past Masters (1988-03-07)	Live at the BBC (1994-11-30)	Anthology 1 (1995-11-20)	Anthology 2 (1996-03-18)	Anthology 3 (1996-10-28)	On Air – Live at the BBC Volume 2 (2013-11-11)	My Bonnie	Ya Ya	The Beatles' First	The Beatles Bootleg Recordings 1963	Let It Be: Special Edition	The Beatles: Get Back – The Rooftop Performance	Rubber Soul: Super Deluxe Edition	Singles
single-hop-song-month-029	Help! (1965-08-06)	Singles	Please Please Me (1963-03-22)	With the Beatles (1963-11-22)	A Hard Day's Night (1964-07-10)	Beatles for Sale (1964-12-04)	Rubber Soul (1965-12-03)	Revolver (1966-08-05)	Sgt. Pepper's Lonely Hearts Club Band (1967-05-26)	Magical Mystery Tour (1967-11-27)	The Beatles (White Album) (1968-11-22)	Yellow Submarine (1969-01-13)	Abbey Road (1969-09-26)	Let It Be (1970-05-08)	Past Masters (1988-03-07)	Live at the BBC (1994-11-30)	Anthology 1 (1995-11-20)	Anthology 2 (1996-03-18)	Anthology 3 (1996-10-28)	On Air – Live at the BBC Volume 2 (2013-11-11)	My Bonnie	Ya Ya	The Beatles' First	The Beatles Bootleg Recordings 1963	Let It Be: Special Edition	The Beatles: Get Back – The Rooftop Performance	1967–1970	Rubber Soul: Super Deluxe Edition
single-hop-song-month-037	Singles	Rubber Soul (1965-12-03)	Magical Mystery Tour (1967-11-27)	Help! (1965-08-06)	Revolver (1966-08-05)	Beatles for Sale (1964-12-04)	The Beatles (White Album) (1968-11-22)	A Hard Day's Night (1964-07-10)	Sgt. Pepper's Lonely Hearts Club Band (1967-05-26)	1967–1970	With the Beatles (1963-11-22)	Yellow Submarine (1969-01-13)	Abbey Road (1969-09-26)	Let It Be (1970-05-08)	Past Masters (1988-03-07)	Anthology 2 (1996-03-18)	The Beatles' First	Please Please Me (1963-03-22)	Live at the BBC (1994-11-30)	Anthology 1 (1995-11-20)	Anthology 3 (1996-10-28)	On Air – Live at the BBC Volume 2 (2013-11-11)	My Bonnie	Ya Ya	The Beatles Bootleg Recordings 1963	Let It Be: Special Edition	The Beatles: Get Back – The Rooftop Performance	Rubber Soul: Super Deluxe Edition
single-hop-song-month-039	Revolver (1966-08-05)	Rubber Soul (1965-12-03)	The Beatles (White Album) (1968-11-22)	Sgt. Pepper's Lonely Hearts Club Band (1967-05-26)	Please Please Me (1963-03-22)	With the Beatles (1963-11-22)	A Hard Day's Night (1964-07-10)	Beatles for Sale (1964-12-04)	Help! (1965-08-06)	Magical Mystery Tour (1967-11-27)	Yellow Submarine (1969-01-13)	Abbey Road (1969-09-26)	Let It Be (1970-05-08)	Past Masters (1988-03-07)	Live at the BBC (1994-11-30)	Anthology 1 (1995-11-20)	Anthology 2 (1996-03-18)	Anthology 3 (1996-10-28)	On Air – Live at the BBC Volume 2 (2013-11-11)	My Bonnie	Ya Ya	The Beatles' First	The Beatles Bootleg Recordings 1963	Let It Be: Special Edition	The Beatles: Get Back – The Rooftop Performance	1967–1970	Rubber Soul: Super Deluxe Edition	Singles
single-hop-song-month-044	Singles	With the Beatles (1963-11-22)	Beatles for Sale (1964-12-04)	Please Please Me (1963-03-22)	A Hard Day's Night (1964-07-10)	The Beatles' First	Help! (1965-08-06)	Rubber Soul (1965-12-03)	Revolver (1966-08-05)	Sgt. Pepper's Lonely Hearts Club Band (1967-05-26)	Magical Mystery Tour (1967-11-27)	The Beatles (White Album) (1968-11-22)	Yellow Submarine (1969-01-13)	Abbey Road (1969-09-26)	Let It Be (1970-05-08)	Past Masters (1988-03-07)	Live at the BBC (1994-11-30)	Anthology 1 (1995-11-20)	Anthology 2 (1996-03-18)	Anthology 3 (1996-10-28)	On Air – Live at the BBC Volume 2 (2013-11-11)	My Bonnie	Ya Ya	The Beatles Bootleg Recordings 1963	Let It Be: Special Edition	The Beatles: Get Back – The Rooftop Performance	1967–1970	Rubber Soul: Super Deluxe Edition
single-hop-song-month-045	Sgt. Pepper's Lonely Hearts Club Band (1967-05-26)	Singles	Magical Mystery Tour (1967-11-27)	Help! (1965-08-06)	Revolver (1966-08-05)	1967–1970	Please Please Me (1963-03-22)	With the Beatles (1963-11-22)	A Hard Day's Night (1964-07-10)	Beatles for Sale (1964-12-04)	Rubber Soul (1965-12-03)	The Beatles (White Album) (1968-11-22)	Yellow Submarine (1969-01-13)	Abbey Road (1969-09-26)	Let It Be (1970-05-08)	Past Masters (1988-03-07)	Live at the BBC (1994-11-30)	Anthology 1 (1995-11-20)	Anthology 2 (1996-03-18)	Anthology 3 (1996-10-28)	On Air – Live at the BBC Volume 2 (2013-11-11)	My Bonnie	Ya Ya	The Beatles' First	The Beatles Bootleg Recordings 1963	Let It Be: Special Edition	The Beatles: Get Back – The Rooftop Performance	Rubber Soul: Super Deluxe Edition
single-hop-song-month-055	The Beatles (White Album) (1968-11-22)	Abbey Road (1969-09-26)	Let It Be (1970-05-08)	Beatles for Sale (1964-12-04)	Rubber Soul (1965-12-03)	Sgt. Pepper's Lonely Hearts Club Band (1967-05-26)	Magical Mystery Tour (1967-11-27)	1967–1970	Please Please Me (1963-03-22)	With the Beatles (1963-11-22)	A Hard Day's Night (1964-07-10)	Help! (1965-08-06)	Revolver (1966-08-05)	Yellow Submarine (1969-01-13)	Past Masters (1988-03-07)	Live at the BBC (1994-11-30)	Anthology 1 (1995-11-20)	Anthology 2 (1996-03-18)	Anthology 3 (1996-10-28)	On Air – Live at the BBC Volume 2 (2013-11-11)	My Bonnie	Ya Ya	The Beatles' First	The Beatles Bootleg Recordings 1963	Let It Be: Special Edition	The Beatles: Get Back – The Rooftop Performance	Rubber Soul: Super Deluxe Edition	Singles
single-hop-song-month-058	Rubber Soul (1965-12-03)	Help! (1965-08-06)	Beatles for Sale (1964-12-04)	A Hard Day's Night (1964-07-10)	Singles	With the Beatles (1963-11-22)	Revolver (1966-08-05)	Magical Mystery Tour (1967-11-27)	The Beatles' First	Please Please Me (1963-03-22)	Sgt. Pepper's Lonely Hearts Club Band (1967-05-26)	The Beatles (White Album) (1968-11-22)	Yellow Submarine (1969-01-13)	Abbey Road (1969-09-26)	Let It Be (1970-05-08)	Past Masters (1988-03-07)	Live at the BBC (1994-11-30)	Anthology 1 (1995-11-20)	Anthology 2 (1996-03-18)	Anthology 3 (1996-10-28)	On Air – Live at the BBC Volume 2 (2013-11-11)	My Bonnie	Ya Ya	The Beatles Bootleg Recordings 1963	Let It Be: Special Edition	The Beatles: Get Back – The Rooftop Performance	1967–1970	Rubber Soul: Super Deluxe Edition
single-hop-song-month-064	The Beatles (White Album) (1968-11-22)	Abbey Road (1969-09-26)	Sgt. Pepper's Lonely Hearts Club Band (1967-05-26)	Let It Be (1970-05-08)	1967–1970	Please Please Me (1963-03-22)	With the Beatles (1963-11-22)	A Hard Day's Night (1964-07-10)	Beatles for Sale (1964-12-04)	Help! (1965-08-06)	Rubber Soul (1965-12-03)	Revolver (1966-08-05)	Magical Mystery Tour (1967-11-27)	Yellow Submarine (1969-01-13)	Past Masters (1988-03-07)	Live at the BBC (1994-11-30)	Anthology 1 (1995-11-20)	Anthology 2 (1996-03-18)	Anthology 3 (1996-10-28)	On Air – Live at the BBC Volume 2 (2013-11-11)	My Bonnie	Ya Ya	The Beatles' First	The Beatles Bootleg Recordings 1963	Let It Be: Special Edition	The Beatles: Get Back – The Rooftop Performance	Rubber Soul: Super Deluxe Edition	Singles
single-hop-song-month-067	Rubber Soul (1965-12-03)	Singles	Help! (1965-08-06)	Beatles for Sale (1964-12-04)	Magical Mystery Tour (1967-11-27)	A Hard Day's Night (1964-07-10)	The Beatles (White Album) (1968-11-22)	Revolver (1966-08-05)	With the Beatles (1963-11-22)	Sgt. Pepper's Lonely Hearts Club Band (1967-05-26)	Please Please Me (1963-03-22)	Abbey Road (1969-09-26)	Let It Be (1970-05-08)	The Beatles' First	1967–1970	Yellow Submarine (1969-01-13)	Past Masters (1988-03-07)	Live at the BBC (1994-11-30)	Anthology 1 (1995-11-20)	Anthology 2 (1996-03-18)	Anthology 3 (1996-10-28)	On Air – Live at the BBC Volume 2 (2013-11-11)	My Bonnie	Ya Ya	The Beatles Bootleg Recordings 1963	Let It Be: Special Edition	The Beatles: Get Back – The Rooftop Performance	Rubber Soul: Super Deluxe Edition
single-hop-song-month-068	Magical Mystery Tour (1967-11-27)	The Beatles (White Album) (1968-11-22)	Singles	1967–1970	Let It Be (1970-05-08)	Sgt. Pepper's Lonely Hearts Club Band (1967-05-26)	Anthology 2 (1996-03-18)	Please Please Me (1963-03-22)	Yellow Submarine (1969-01-13)	Abbey Road (1969-09-26)	Past Masters (1988-03-07)	Anthology 3 (1996-10-28)	Let It Be: Special Edition	With the Beatles (1963-11-22)	A Hard Day's Night (1964-07-10)	Beatles for Sale (1964-12-04)	Help! (1965-08-06)	Rubber Soul (1965-12-03)	Revolver (1966-08-05)	Live at the BBC (1994-11-30)	Anthology 1 (1995-11-20)	On Air – Live at the BBC Volume 2 (2013-11-11)	My Bonnie	Ya Ya	The Beatles' First	The Beatles Bootleg Recordings 1963	The Beatles: Get Back – The Rooftop Performance	Rubber Soul: Super Deluxe Edition
single-hop-song-month-069	With the Beatles (1963-11-22)	A Hard Day's Night (1964-07-10)	Rubber Soul (1965-12-03)	Please Please Me (1963-03-22)	Beatles for Sale (1964-12-04)	The Beatles (White Album) (1968-11-22)	Help! (1965-08-06)	Magical Mystery Tour (1967-11-27)	Singles	Anthology 1 (1995-11-20)	The Beatles' First	Revolver (1966-08-05)	Sgt. Pepper's Lonely Hearts Club Band (1967-05-26)	Yellow Submarine (1969-01-13)	Abbey Road (1969-09-26)	Let It Be (1970-05-08)	Live at the BBC (1994-11-30)	Anthology 2 (1996-03-18)	Anthology 3 (1996-10-28)	On Air – Live at the BBC Volume 2 (2013-11-11)	My Bonnie	Ya Ya	The Beatles Bootleg Recordings 1963	Let It Be: Special Edition	1967–1970	Past Masters (1988-03-07)	The Beatles: Get Back – The Rooftop Performance	Rubber Soul: Super Deluxe Edition
single-hop-song-month-071	With the Beatles (1963-11-22)	Beatles for Sale (1964-12-04)	A Hard Day's Night (1964-07-10)	Help! (1965-08-06)	Rubber Soul (1965-12-03)	Please Please Me (1963-03-22)	Singles	The Beatles' First	Magical Mystery Tour (1967-11-27)	The Beatles (White Album) (1968-11-22)	Anthology 1 (1995-11-20)	On Air – Live at the BBC Volume 2 (2013-11-11)	My Bonnie	Ya Ya	The Beatles Bootleg Recordings 1963	Revolver (1966-08-05)	Sgt. Pepper's Lonely Hearts Club Band (1967-05-26)	Yellow Submarine (1969-01-13)	Abbey Road (1969-09-26)	Let It Be (1970-05-08)	Past Masters (1988-03-07)	Live at the BBC (1994-11-30)	Anthology 2 (1996-03-18)	Anthology 3 (1996-10-28)	Let It Be: Special Edition	The Beatles: Get Back – The Rooftop Performance	1967–1970	Rubber Soul: Super Deluxe Edition
single-hop-song-month-073	With the Beatles (1963-11-22)	Beatles for Sale (1964-12-04)	Rubber Soul (1965-12-03)	Singles	The Beatles' First	Please Please Me (1963-03-22)	Help! (1965-08-06)	A Hard Day's Night (1964-07-10)	Magical Mystery Tour (1967-11-27)	My Bonnie	Ya Ya	Revolver (1966-08-05)	Sgt. Pepper's Lonely Hearts Club Band (1967-05-26)	The Beatles (White Album) (1968-11-22)	Yellow Submarine (1969-01-13)	Abbey Road (1969-09-26)	Let It Be (1970-05-08)	Past Masters (1988-03-07)	Live at the BBC (1994-11-30)	Anthology 1 (1995-11-20)	Anthology 2 (1996-03-18)	Anthology 3 (1996-10-28)	On Air – Live at the BBC Volume 2 (2013-11-11)	The Beatles Bootleg Recordings 1963	Let It Be: Special Edition	The Beatles: Get Back – The Rooftop Performance	1967–1970	Rubber Soul: Super Deluxe Edition
single-hop-song-month-074	Magical Mystery Tour (1967-11-27)	Singles	The Beatles (White Album) (1968-11-22)	With the Beatles (1963-11-22)	Sgt. Pepper's Lonely Hearts Club Band (1967-05-26)	Rubber Soul (1965-12-03)	Please Please Me (1963-03-22)	My Bonnie	Help! (1965-08-06)	Anthology 1 (1995-11-20)	On Air – Live at the BBC Volume 2 (2013-11-11)	The Beatles' First	A Hard Day's Night (1964-07-10)	Beatles for Sale (1964-12-04)	Revolver (1966-08-05)	Anthology 2 (1996-03-18)	Anthology 3 (1996-10-28)	The Beatles Bootleg Recordings 1963	1967–1970	Yellow Submarine (1969-01-13)	Abbey Road (1969-09-26)	Let It Be (1970-05-08)	Past Masters (1988-03-07)	Live at the BBC (1994-11-30)	Ya Ya	Let It Be: Special Edition	Rubber Soul: Super Deluxe Edition	The Beatles: Get Back – The Rooftop Performance
single-hop-song-month-079	Sgt. Pepper's Lonely Hearts Club Band (1967-05-26)	Revolver (1966-08-05)	Rubber Soul (1965-12-03)	Magical Mystery Tour (1967-11-27)	The Beatles (White Album) (1968-11-22)	1967–1970	Please Please Me (1963-03-22)	With the Beatles (1963-11-22)	A Hard Day's Night (1964-07-10)	Beatles for Sale (1964-12-04)	Help! (1965-08-06)	Yellow Submarine (1969-01-13)	Abbey Road (1969-09-26)	Let It Be (1970-05-08)	Past Masters (1988-03-07)	Live at the BBC (1994-11-30)	Anthology 1 (1995-11-20)	Anthology 2 (1996-03-18)	Anthology 3 (1996-10-28)	On Air – Live at the BBC Volume 2 (2013-11-11)	My Bonnie	Ya Ya	The Beatles' First	The Beatles Bootleg Recordings 1963	Let It Be: Special Edition	The Beatles: Get Back – The Rooftop Performance	Rubber Soul: Super Deluxe Edition	Singles
single-hop-song-month-086	Yellow Submarine (1969-01-13)	Singles	Magical Mystery Tour (1967-11-27)	Sgt. Pepper's Lonely Hearts Club Band (1967-05-26)	Revolver (1966-08-05)	1967–1970	Please Please Me (1963-03-22)	With the Beatles (1963-11-22)	A Hard Day's Night (1964-07-10)	Beatles for Sale (1964-12-04)	Help! (1965-08-06)	Rubber Soul (1965-12-03)	The Beatles (White Album) (1968-11-22)	Abbey Road (1969-09-26)	Let It Be (1970-05-08)	Past Masters (1988-03-07)	Live at the BBC (1994-11-30)	Anthology 1 (1995-11-20)	Anthology 2 (1996-03-18)	Anthology 3 (1996-10-28)	On Air – Live at the BBC Volume 2 (2013-11-11)	My Bonnie	Ya Ya	The Beatles' First	The Beatles Bootleg Recordings 1963	Let It Be: Special Edition	The Beatles: Get Back – The Rooftop Performance	Rubber Soul: Super Deluxe Edition
single-hop-song-month-088	With the Beatles (1963-11-22)	Beatles for Sale (1964-12-04)	Please Please Me (1963-03-22)	Singles	A Hard Day's Night (1964-07-10)	The Beatles (White Album) (1968-11-22)	The Beatles' First	Rubber Soul (1965-12-03)	My Bonnie	Ya Ya	Help! (1965-08-06)	Revolver (1966-08-05)	Magical Mystery Tour (1967-11-27)	Anthology 1 (1995-11-20)	Sgt. Pepper's Lonely Hearts Club Band (1967-05-26)	Yellow Submarine (1969-01-13)	Abbey Road (1969-09-26)	Let It Be (1970-05-08)	Past Masters (1988-03-07)	Live at the BBC (1994-11-30)	Anthology 2 (1996-03-18)	Anthology 3 (1996-10-28)	On Air – Live at the BBC Volume 2 (2013-11-11)	The Beatles Bootleg Recordings 1963	Let It Be: Special Edition	The Beatles: Get Back – The Rooftop Performance	1967–1970	Rubber Soul: Super Deluxe Edition
single-hop-song-month-096	Singles	With the Beatles (1963-11-22)	Beatles for Sale (1964-12-04)	Please Please Me (1963-03-22)	The Beatles' First	A Hard Day's Night (1964-07-10)	Magical Mystery Tour (1967-11-27)	Help! (1965-08-06)	Rubber Soul (1965-12-03)	Past Masters (1988-03-07)	Anthology 1 (1995-11-20)	Anthology 2 (1996-03-18)	On Air – Live at the BBC Volume 2 (2013-11-11)	Ya Ya	Revolver (1966-08-05)	Sgt. Pepper's Lonely Hearts Club Band (1967-05-26)	The Beatles (White Album) (1968-11-22)	Yellow Submarine (1969-01-13)	Abbey Road (1969-09-26)	Let It Be (1970-05-08)	Live at the BBC (1994-11-30)	Anthology 3 (1996-10-28)	My Bonnie	The Beatles Bootleg Recordings 1963	Let It Be: Special Edition	The Beatles: Get Back – The Rooftop Performance	1967–1970	Rubber Soul: Super Deluxe Edition
