id	request	wall_s	requests
tag-lead-001	0d93c886f576f9795fbf50d7350b0db04b9c98bb586b9bdee5f6b5eda165be02	0.293	1
tag-lead-002	c36a795ca2da638ca424f14475571fe64472e82eaec09d7d4e88ff0261720651	0.111	1
tag-lead-003	9fab3498a04073a83139790482ec29778ab4a5c5761a1084516ae929446864a6	0.245	1
tag-lead-004	3e3903c5d0453397a99ba4c4606e7a36331638b7d29e9566846c8c15969e99ac	0.096	1
tag-lead-005	083bc92ea594cc0565ea57992cc872ba813a06d638c7c1dbc47b95f64b822423	0.128	1
tag-lead-006	e3a417431cd963deaa1fdafcf9fab2fb4697c4019013fc5da82d8a830e8f02de	0.13	1
tag-lead-007	f77cce8e0673ae0b0da16ac4be3d62761183407b626cc2692c23882fd29e2915	0.129	1
tag-lead-008	1bfc51f63d5d77d308a3a25c36fccae3d7be41db4b9b01f3f60ffb3106456139	0.112	1
tag-lead-009	570f76f1392a981eced190a18f0c8b163e0a48b2ee098e8adc1b46ac7b3990cc	0.1	1
tag-lead-010	7e347d335a7b608862d86ea2043a2bd3d85f448de294046cc878ce1c47dd3792	0.059	1
tag-lead-011	a91583de2e57519fa10d747f120ccd091bc950f4b7ddd82500b2f3b77fd1cb32	0.141	1
tag-lead-012	0dd8dbbb9a78991b047540d393b77d3644676b8b77b4afe1d2b358bdab4bf177	0.07	1
tag-lead-013	f653a89b9b7e3586e9e9fc98285080d204f5c8fda33c409f84db5be2a6353075	0.075	1
tag-lead-014	74106f1d1bf03c480e549137fbe6a983ce5751f88c0911c76717f4fec92b08b9	0.125	1
tag-lead-015	188a5a048475bd0fa72b9c28920dcf74b5942865a37a2a0854c0692823e17d8c	0.074	1
tag-lead-016	4f680647305857dfa5a9261df0de06f13fc3dfff4e8dd3bb85bd240e8d5b754a	0.063	1
tag-lead-017	d4de5bec4079476d6199ec5083e71e9adbd8cb1992697e735dd597784f22e930	0.182	1
tag-lead-018	13db2c3d4e1f4303821097ab4789b68189ca8f3844a9ebead13e6a69d2130752	0.194	1
tag-lead-019	ac129e97e51eb9587bcca181b22da4328ea352e23ecf36eb8a5cfeb197a6bddb	0.108	1
tag-lead-020	f3258f499f61050ed20d8867f04ce75b867fce9d6666641f11066371c09443d7	0.148	1
tag-lead-021	12257b0378f5ca2be1df3158ae45ead25fb29e177db6bd872cedeaadaa7e6bab	0.085	1
tag-lead-022	ab13b881ffe647b7fe498cafb0225dc6d8f93a977661aac95c217945fc11e3dd	0.155	1
tag-lead-023	8fb28c560ba127546f354b83ebdf8b0a3f5e9c4681d4ea1e4e43e4e1c15961cd	0.071	1
tag-lead-024	9408d069d4e5dcdcae81bb38547b6c1b17bf0cc169f4074e5b254dc8b962caa3	0.073	1
tag-lead-025	a624fd30a3bed33a1ebd85c83eb1bfd1439c9eb75f94ae6dd8884e1a71e4ff53	0.129	1
tag-lead-026	e0c07d21fdba00fee61f8ee6f492b8eb480d0ae7b30e7101cc1d79890c6291cd	0.257	1
tag-lead-027	18830c12df8713a21c64478a5978866e60d2842f1fe4daa76bdbb17af9ffe2a2	0.076	1
tag-lead-028	0f60a266824b2116827964d2f6c6ad41c57778dd181c7d5480ac3b4004116645	0.099	1
tag-lead-029	37fadaf341f082aa8bc9a839b5ea8c500991e2f303568946b7bbc55edc034181	0.11	1
tag-lead-030	367af3cc9dff72e592d9ce104da489a3a70f6a5d19398a26cfd01c7f78355884	0.119	1
tag-lead-031	76c3ae72e811ea660d6a3a47c91ebdc7a4fcac80dc1dba8726008c12eac7a5c1	0.163	1
tag-lead-032	8575d2dfe5795b9e779bff6660244f2e03e8b49d223ee7fd86fa28f02d541513	0.273	1
tag-lead-033	bfbc1513d575f6f03013fea0054c5c76f484db8fd81ed928f541566e892da122	0.197	1
tag-lead-034	e4ca5aff7efbe8c1a25d9f94defe5ea19350ac8d9a96b1e03c2f322f783849db	0.116	1
tag-lead-035	229bd30ddabee1013bb5d0a76cbc49c1be42b312ab13f12d985da124dca24a96	0.105	1
tag-lead-036	dd7571b7474e82bffc50556dac3a2d557f5a15cec0222857e214234f7d2da898	0.146	1
tag-lead-037	980ce26a4cb985dc77c221fec7ede42b97f7807cf70e559d83cdd335ad396ad6	0.197	1
tag-lead-038	ea67a0e03822b1d0058e6de6b129710fca64d9cff6d35f1b6fb6f6e6cc9e9225	0.101	1
tag-lead-039	aa00f5d1f20936204e1653f725f08b291141a63352836838daa9e97ef9dd2a76	0.218	1
tag-lead-040	66f5f982dc027a2896aa230fb92526853903aaf51077fb0ea1451acd151b31b8	0.172	1
tag-lead-041	96b0e2b468ff1d8dfd7ff3f72ec385168b84b9e53b5c4785622c3c0b7de3cc82	0.178	1
tag-lead-042	e980e4849567c132a9d13b85dee8171ebbf1ac77e4d7aaacba80dd92b6ab400f	0.352	1
tag-lead-043	937390a79f75ad4c74d929437f70cfa1cfc00a9dca460baf68151e4b605ea778	0.298	1
tag-lead-044	231c7e4620cb019ca9807155687c9c879196b9b95511bffacf62d4776824f365	0.246	1
tag-lead-045	31388886bed4be7508af1b2a170bedde37cf09838c0efbc6de9e631d0083e7f8	0.327	1
tag-lead-046	078eaef49ed85d9d1a3161f9f1bdbef01ae23686bad6d9488d83fd8483694acf	0.48	1
tag-lead-047	a0b577aaf2097030b1101cb832139cc66a65b3f713b01d30c1910cb645476964	0.268	1
tag-lead-048	8e72cafdc04cc7ba3c67d2b4db2476899c03c85e04f8d1ba010b4ad5e03a59e5	0.085	1
tag-lead-049	47c1dd6344e1780fb20f4ed8cb92fd988d2c39074a9420bc6fe01eba95f5edbb	0.119	1
tag-lead-050	17591425d95428ad4dd0dcb5ec092f2c629a07202c7271b252c42e22623d1c4a	0.137	1
tag-lead-051	9b020a3ea974841931eb77273ba6fcb83955025604ddcdd53e0d1ed585607ef0	0.616	1
tag-lead-052	cfd6bc03a06101dc51620596fc460c244de258f5347923946e958103a018fca5	0.167	1
tag-lead-053	2b387935b6dc2d3b40c90d245b7bd48dc74110ee1a6a546ef6a1376ac7da820e	0.252	1
tag-lead-054	e8931003cdc3ce6b03c6af32c7c3c6d6deb19cfaac4fa4d563c406d0f140dcc1	0.22	1
tag-lead-055	ffe9b727d09ba90c39d11bb636142c6efd2f68fbd18b7bf771b800ed19845f3a	0.074	1
tag-lead-056	f5e9a7ad21032f83286b76eca62300214bcccb541d13d4da7297889ea1d87e86	0.156	1
tag-lead-057	04e9a80cd55e9c5802368a31b6a3f4bc7977fb57420cc72a68e1598ba385b288	0.179	1
tag-lead-058	7e7d22803f969efebda0a26e970fd2238fedf3088efc878b969fff9d2bd7f724	0.351	1
tag-lead-059	8cb9465d51bdab04b92c9648f2cf6446d3220c65e276426342584b41aae7f03d	0.191	1
tag-lead-060	c879656089c2b97042a06f426154500c45fb610a404bf979675b54a99d9cbad4	0.186	1
tag-lead-061	6224e96c3ca705f6c92a2cc128ae95a3b7cf8c9ae852745d74ca030e3d08cf2a	0.211	1
tag-lead-062	a05251ce6add9b90809d008164f434dc6d0b7d54f135952e0b95667bf751f914	0.165	1
tag-lead-063	7a3b57a27fc5843c4320a16826ac45a0e2632e165315b15f94a514f632de52f0	0.092	1
tag-lead-064	8b1bda3d66e39350e73c0af74be5985961018cc900c0a524e14a51ada3e9a984	0.117	1
tag-lead-065	58761e8864b4768b8345b52864d83748c468e9fd6eb430fee70ba6e753339fdc	0.137	1
tag-lead-066	699c3f543c9387d2753aaee047246c00563770f9ae69727d693550c8febd180c	0.144	1
tag-lead-067	5e76bd89a41c9336e7552fb1b8c47b3e118b9561f1bb3f4ffc58273c04697da7	0.074	1
tag-lead-068	cb248f51304fa84356fe795ab25d6988737d428d0b40401ef7092f03f64c3816	0.167	1
tag-lead-069	b82b7da8cbc4a99c45ccd82f2cc95c8dd7ac139ab8e006da956f69676349b514	0.144	1
tag-lead-070	aaf3fa899fe433331a10a88caf142ee7ea6bd3b55535dc88522f65043f7b5ea1	0.15	1
tag-lead-071	4002e4f9790c20ae417c2dd436cf8e9b59febc8a1155ff6ed7a0abf0af6d22ec	0.483	1
tag-lead-072	3312e0e93466b7c2d763064fc6bb3cb0cff43e0a339f11f53e2ea266f5602ac4	0.194	1
tag-lead-073	d01273ed2f6d1c2f63196ab57888e6785388ea88892cb9fa2c1e7c541c6195aa	0.172	1
tag-lead-074	e729b36b5981d328b5652550e081184f817ecfbc67f84e14029e5ec09b8aff7b	0.099	1
tag-lead-075	6f9e4098baee748799386864a8f3c26894e4fd4a13071c580d22b66b80a09c22	0.102	1
tag-lead-076	f698da3e68f3ecdfa9533fe4f239ee9406fbf83609bd8d26793737975888acff	0.078	1
tag-lead-077	07a576b576bdd6c2943cacb2241da4341036091c52182a617294e40466fefce8	0.134	1
tag-lead-078	6892ff349ad1d84915c249348fe813aa5a6bd977f4f929ab96a17802423cea1a	0.133	1
tag-lead-079	5b1edd40f46ae4ae0dc755debcfa4a5ec3d1d5c03ed35a1ff7ccd53c9dd7e12a	0.124	1
tag-lead-080	79c506f130a1b86199d4ecf706c60dfefe6ffd05a4827d7b859a4c3b1f7fc334	0.169	1
tag-lead-081	2b288ce700392f17d4eeaf1a08360e3421ce0b14a8578d4d4306bfc247b836fb	0.12	1
tag-lead-082	e9e2ee32cad54c664b6f86c784950eeb32eadb84c5761aef7693a4e75a3f21d3	0.07	1
tag-lead-083	4a945c496e1008a5c0e116165eb4328f12bd8345b0785f9de5efc2a77db75355	0.142	1
tag-lead-084	a9f654f9725c2571ae50b36f153315b0e81b995e8edbfbb4314c48fe8e6558f9	0.108	1
tag-lead-085	af13f3f11f5ebe36dbc28f3dc383958d785580fbf620d43c73b48e0cde7c9c0e	0.091	1
tag-lead-086	f44babf931115d8720797396f3b11c066792a5e64b98742641930fd4b8ab715d	0.091	1
tag-lead-087	c98c68035bbb28750c9877137a283a377d13afd3aa54f2b81183d6272324f1d1	0.112	1
tag-lead-088	ebd21fd41b8b2da9247ea87d06a5d8d2195e6fd54aaf4bb3bea0460ce40a2e90	0.16	1
tag-lead-089	0405b9803550bad7016f66d3db3e04060197afe387de86f55538a0b000d46a58	0.083	1
tag-lead-090	0014abaaad7b4558fa09f13093241c4383e50e6cf3ef32ae25780fa21de66ed4	0.073	1
tag-lead-091	7fa4cb8b4fa2bd26daacbd96042572610c0401dd463159f65bdb0132e7b6ece9	0.105	1
tag-lead-092	7947b654f93ccdbc936dfba45eabb8d72cce7ea7c9604e6dd79159271698b596	0.078	1
tag-lead-093	933327e2ae4ba4447ca0c16edcda385646876187610aef0a95a3f119e47acb7b	0.616	1
tag-lead-094	3ec87a1be3d0bc4feac94d22839b48e69c516cb0b23e2f2bf2e321ae489e3397	0.091	1
tag-lead-095	c02957ae54612b4ef5d97ecbd38e55ddbed1c1612b86d827bc4a817781e28a03	0.371	1
tag-lead-096	943b12e28b7a750cf84d791da58987656639e118a83cb079eec702349bc9bc98	0.16	1
tag-lead-097	9f8b09d8db054de99085e44977da59238ef36476dce82a63762ca210d5ebe125	0.082	1
tag-lead-098	9e39d176038fc798ab659064c79bfa86050db9571a1ff7200014e20c48b4c39e	0.097	1
tag-lead-099	8eedf4e40aa852f1d9320182c9fedcb0f0fa81c7fc5f1b205c7d8210a9dfbf60	0.118	1
tag-lead-100	71a9163cf6d430519110d1efc815e3739f62cd8afe1a044eadad7b89693abca0	0.153	1
tag-lead-101	d69f066cafdcc2408d03d0e6013ddc2c8c0987212d2a95904b557e90542ec942	0.071	1
tag-lead-102	59784102ca1dcdbe565469f5368875903c2690a49787cfe9394c2c68c792e682	0.106	1
tag-lead-103	26e5d46bb0dad4d3d4b6181d9666512fe14e7e9b76dc57678a5821dd65c50cbd	0.151	1
tag-lead-104	bc9594f383a6e4256728b0fc253e0e0c666d1fe417b5b27caa273be93e4b2c30	0.17	1
tag-lead-105	2f44cf449a962fd6b3e5855b0c35720af1daf069c609b0163d770b13ec922e98	0.138	1
tag-lead-106	971ba5800d9109bdf9610e6c61edfbdf1236feec3e9cc5470338c3e05c0f64b1	0.063	1
tag-lead-107	6e4833a831deb9e50b5891987ad567b843f140a4b663583dc6b63ff1399edad3	0.095	1
tag-lead-108	705eb0f6ac63676baab6f3aee5dc3a1f1b3d0a90977570d02c8f7e0ce535808b	0.099	1
tag-lead-109	4a724f0f2f06bf725517cc68979d315a2427ee32513eb6d8ea79de48a9b1a3eb	0.104	1
tag-lead-110	2b8d65da2ef797daa296532408771a59df870f7a6a549070aecf00352caedae9	0.07	1
tag-lead-111	eb09ed5de538cd852605f2238c958162dd015cc70fbff4ba3485b98eb75ba5b6	0.119	1
tag-lead-112	dfe7ba06719b1f075f11a69a9bb4758214b42578ed2b9f32d37a7e7651e5d0f4	0.079	1
tag-lead-113	3c30683a6b09421fe77914f053e0eccb556dc807e42631e4f7ccb8c409151746	0.097	1
tag-lead-114	d9eb9ef29e1a96e272efcd0d30e86a6c8e1d99717463ac03df23737c2cfa75fa	0.128	1
tag-lead-115	cbb1b021f97fd5b043d083cf3a97cfc43c38eafbf193b8385b917a2a4c146808	0.134	1
tag-lead-116	4cd79c6f32c18fd02d1c2a14cc50949681419d0c8ec67fbd698e8d9ee50c24ea	0.12	1
tag-lead-117	a2643aa1a5af88f7e04cc286ea836c2f5235956ca46369ab7bf6192e744f72fa	0.1	1
tag-lead-118	3e5602c4f9e4c7644aedc34ecc81e3ab32739148552dbec2758761da37ee6fef	0.099	1
tag-lead-119	6aab14841a9dc56a169b54fcf568df2d2f24fb8e56438f574efe10b9e70aac02	0.064	1
tag-lead-120	40f547dea091b8144da8f6c6f1f9ab0d64abfd7cf6cbc7c8a97ad0c4e5e45057	0.164	1
tag-lead-121	b9b6422d89b88f9429af165bc518e13cb78dd04121fda339a057f577468babdc	0.115	1
tag-lead-122	a151f0d61a98d70641076409bb30896c155315670dd1e2997228b7b64a2029bd	0.151	1
tag-lead-123	b55416d8a07ee7774ae72c1b7c7340e765ef36f25e4296346cedb0760e95466e	0.336	1
tag-lead-124	402c8fcd7a9e28fca8f7eadbf99dfa9b51bfd1bdeae193fab9c2bb32dcc952a1	0.074	1
tag-lead-125	ec401baa615e8818bc8cea16ec31a741ede1825ed07a4dc8683b74d53783aad7	0.242	1
tag-lead-126	8dec50c9a162327e53614f6ba2181ac7a1b61e7b67250ed0b1649b28264dd6e3	0.102	1
tag-lead-127	be9fad1804b60f361705b8623affb34967ddb5f71ce8452985a2eaa79125f2e0	0.121	1
tag-lead-128	2f3dea9a80b01e956fb63e582c47b7505c8c20f340ad7bae3307083031053b8c	0.107	1
tag-lead-129	603880b03dc1889ded625d2400fd58d78ae78905dd02d4934105864f05602797	0.429	1
tag-lead-130	5cb79d605f29378a6b9b57130fd622ddfda79b268705456c4c0786cc66dd50e1	0.069	1
tag-lead-131	eba3f5b9a1b868a72e57ca1aa24e31afb5d9ae326fbd8d7710c3bf87f9a76566	0.122	1
tag-lead-132	976c0b39236eba526a08ce46273fdf0cb8fb42e2bdfb827c5db5f67d2723c30c	0.108	1
tag-lead-133	54b17891795600f2d3c04bb9d4172e84b704f3229dfc73f715b20801d5e57275	0.088	1
tag-lead-134	12c44a6be0431c30657a4ff9b9f513903d2e8ddde38210c481fc3cc05681e1d8	0.13	1
tag-lead-135	a7ee8f78551ce2ad06a13c2adce2fb2c5d239f484f181fea9db256c83a2b668d	0.16	1
tag-lead-136	0184cc36760998311529d7ef1dd7b1a681e622a2d294905ab179d42d4da7f9f9	0.245	1
tag-lead-137	8c11f4b2a4e79e5fe5b1248a374468b9ecd06ad536d0013ff76763ca5db12a09	0.108	1
tag-lead-138	86e9bc2865f0b19751315307838320ce1f6d9d8cfb6fd6cae27364e9a39f695d	0.108	1
tag-lead-139	5a68badf8a55bb4d5305d64de77efc1552ef7ad5afe34094ca6486c156ed9693	0.07	1
tag-lead-140	fd4e4e953acd01f1a1e32204178c3ea6905d83a1c5a81fa521470ecc14270d8f	0.256	1
tag-lead-141	21f3947866f4e4f497f541589a1ff5ac11c3effa2caabae89f40205c3458657c	0.104	1
tag-lead-142	3780469b6be35950e31e0889a6f53253f09219b65d46214511cdf71f7a29d119	0.067	1
tag-lead-143	cfed9891802f29202afcf79b8dc72a5257d34fd50af13bdcde0f08d1eb713914	0.175	1
tag-lead-144	659be42c886d98b34ee2201aa6f9cf559d8a0e8727367b79dad21728994310d1	0.201	1
tag-lead-145	fc042ae9bed145ffdee78bcf83bfdc7120c68aa450f02aebaf4da4417eea7176	0.099	1
tag-lead-146	f3b050dd3552b1a0eecae87d580a495f96fd51dbea9a601c0fb2b86816481f25	0.111	1
tag-lead-147	760c15e7fd238576ded3966e68c01c62f02a81db7c5241a12d2c5da67e856700	0.116	1
tag-lead-148	263dd1f5661acc752508e0d575abe284c96f2d3d8a7aab0169b87a8acd09c720	0.136	1
tag-lead-149	4ef4f4b30c541704ea914722378acd6f3df5b66d11c367387219f175464c6f24	0.118	1
tag-lead-150	793bf82025b67a445ff2bfcdd344d5d372d55d8b340d543d80cb3d46d5c93e2a	0.117	1
tag-lead-151	1d8f5c971b3c5c98cb8562c3a42502b5156f3afd59dce0764d08e0fa414facbf	0.105	1
tag-lead-152	8c2b9660c832cf928b3b067b56467a3f546a301e81917867c3b37cef225ab92e	0.183	1
tag-lead-153	75b5c425ece468e918de3a7c2fe52f4e7afda756f51f994688d882721d01ba70	0.102	1
tag-lead-154	311b24951ef061482697f26cf5b035207cca35f4fccecae81db91139b690f797	0.089	1
tag-lead-155	7c34e7e198c7a6d9e03c4f1b99f9c53a772079f025610b197193e550f09ad8a1	0.194	1
tag-lead-156	0ca3be623ee593357753dbfdfe2fc426008e22c0d71c63e4f37e74fe478d4fb4	0.274	1
tag-lead-157	5499d539a339cba0c7d9a3cedaaa62f157813cda36a45f983124bc8715c10d12	0.153	1
tag-lead-158	365c7b00599f4f5334a82f04381c350a4622e5eb26987dc756025c073dbfabca	0.085	1
tag-lead-159	78ebc5d3c6a12ec0b616ad8a6e5819caf01b4390d8349a2b0861e80eae217125	0.163	1
tag-lead-160	45e03e4e8c00080758b5e90cfa46a78aa246a567bed54cd674135498cb40514b	0.124	1
tag-lead-161	1d13c579bdb6d30153169d634bd93fbc8893f7b2de37028cfb22050ebd2ba77b	0.05	1
tag-lead-162	57124f03c7b5748600f4f09bb55b13e772273f2b1c5a3d70155cefab7459c74e	0.11	1
tag-lead-163	0eb95fb435be9de79b5606d6371ec2eb575b2a25b6a375cac91e901de87821ba	0.116	1
tag-lead-164	1c9824f02118f603c3f013af5e7f2231e2e7683d4e6d635b401714b0cf647a22	0.188	1
tag-lead-165	4571912be97e4b1793864a01b345fbd901c08c9582d0ddb7aa1e7286f4579910	0.09	1
tag-lead-166	faea76d51f7297397ca3a114b7b847a043c4fd943873d23756c230afbef92d10	0.095	1
tag-lead-167	f1a631dc845ba13c9aec4436a700a214f9f1afc37384be1dcb68a886a98a7696	0.12	1
tag-lead-168	53ada5e88b542f3abe027424f3637d2553b5c2aadb86b85d88862310e0bd77a7	0.173	1
tag-lead-169	ab2d87e9f4a2ee94a8b0c21e89a7a715e10ca62f557a303b08793a8965de462a	0.156	1
tag-lead-170	0946a2233a4757d74266d9762b51723d21e75f72df9c885202bb45886b77d2d0	0.235	1
tag-lead-171	0f09f0299d8ba717fef560efefd101680500e0b2d3249d9ca556fc563888e2cf	0.088	1
tag-lead-172	d689bfddae774e03b13720d45d3c907b01b134137cc7fd7ab33e9e3e7e92f0c2	0.136	1
tag-lead-173	d348420acd3d6af882746cd5ec74fed65ae7156312a946c55ba644063cd63b02	0.108	1
tag-lead-174	3b1e8e4965f23ecbd1bb7cdfaa76770d3c0600ca59e261f20e8e53db6fcf00c0	0.195	1
tag-lead-175	1bd87594b796e1a3c0cd52e6cc291fdc34edcc564550e61eea983f7be6dca09b	0.076	1
tag-lead-176	a186d66e352de007fd9f0f33146a639dccdc70f0a1ddcf2b5399e6ff75a60a2d	0.068	1
tag-lead-177	dc529f655dce1f7a4a9fbcd131b34f1ca9309a8a85fbb7cfa0c7cce45782b806	0.184	1
tag-lead-178	771c37c894b5f8781601e4b0862cd8c322b1c5d998998efc1175c56021b263cb	0.132	1
tag-lead-179	f1041b62ab1077bdbd93fb6cddfd825003d4c68f9ad8256487cd9814d3b31ebf	0.141	1
tag-lead-180	bbffb143c133df35ebd702619e8cdbb0844cfcdc61a44b13e57d0c84dd25fb1a	0.171	1
tag-lead-181	b8eff973b1c0e353dea5c58b469c6a673e241b9f517753da2a8663e060b2c3c3	0.139	1
tag-lead-182	664ea8e343fb59b4996fab030cb2298c1a5f4d74ec5bc60e52410e8f7a7efb4f	0.113	1
score-popularity-001	fde379ab2b7619dbabfb2c747929de87ece4d9b974bf4efdbc103b3359debb37	0.107	1
score-popularity-002	70ab5e50476a7fc4e5aceec055ed189772ce192dd9172fb5d1daec5b31059ffc	0.206	1
score-popularity-003	e37812dd00476bc6092cb39153430d26549620a1b48763d98ff04c22dc726c6d	0.13	1
score-popularity-004	04466b97028fd990adc387914ebe507947bb66ffa569328d18a0bb328c60f76b	0.065	1
score-popularity-005	5a854109770fef1c0886e584f3b852b111dea85dd5b06f8b20c1b3e82c530010	0.077	1
score-popularity-006	8ea991a7fa24a8731d4a2794f74f3fe036ca53feb44f8a4f39b99696e42551aa	0.177	1
score-popularity-007	71d6ad5572668244724611bfb8d6ba29c65500b9d704a6e7c5e71a58019c3879	0.107	1
score-popularity-008	d12b650780bd6a5fa938dd1c1619dd8c3a1897ecbf14acb6816f70265e78389f	0.072	1
score-popularity-009	1123bb9e0d1922f6c03b7518087a1a96d7c5d6f974897ba37ca192ad633ea2dd	0.106	1
score-popularity-010	54839d64202f2c0f0de1caed08bbbb78e826362867b00c7ba00ef7599190af96	0.163	1
score-popularity-011	aba9cdea59d36a8b48b438113d3c7ce45daa21c34937bf2760e76024a5a265a4	0.122	1
score-popularity-012	fee481cdff43baff8712f63a05d561bd20a5bc7cac925d0dd7777bb5f37976c3	0.113	1
score-popularity-013	0f5b6e25359c24fb54dc75ba2dea161a7ca8437d0299e3d58d5c9392077526e5	0.112	1
score-popularity-014	08efc480b1c95e8f3c210eec55163736700f53b388a786a0c7188456e23c8425	0.155	1
score-popularity-015	379d587090373e12766abd7ca3ee24c8177f42e264bc29adbd6876dfb736a3c2	0.142	1
score-popularity-016	0076865b2134a9297599e82484feabd96fc92827b57a1f810ebebf858e0361f6	0.176	1
score-popularity-017	785b68d9a51719d0afe790bcdfdd9170f4fb19cc7454471aed024642144d72d7	0.183	1
score-popularity-018	7862c337aede391f6258f93d608721645fd0665a9c8f94fcdb8a733224bb78e4	0.159	1
score-popularity-019	1dc1d746e9c60014277eb80175d247044a679027ae76d0725d763312100d0cd4	0.122	1
score-popularity-020	308a0c263efb664b9632fad35b88131d6129a9e20aeab750badd72bf62dcd0fc	0.129	1
score-popularity-021	63c2dd49caa7f12ca75b5117765f962110e186ee30033747a0f4dffc42a1fbf5	0.138	1
score-popularity-022	7ab1a9380b9999ed6365af481bd0adf25b75bab4121f707166b94b917de527db	0.179	1
score-popularity-023	b1ce3cb7e7dec245f4ad94b17b6050c09b23252810e9b5a8a109d3d3332d5a39	0.153	1
score-popularity-024	caf5b9b1947275559e906de4f941905e259378a700dfb7f41a76fe50cff585fb	0.184	1
score-popularity-025	e8cfa83c9cf91378c62248764da234a7091b1bd3b5da4438d8b4d0d274ba6703	0.294	1
score-popularity-026	2d622d900828abf3bc37f4df05873e563a80fb930fc52336ceec7fa76d03db40	0.14	1
score-popularity-027	7f70d3673e4a41132082e0ce20d484834b5a213b02b3f5362520c9616a385fe0	0.145	1
score-popularity-028	5b70890ea7e8574568d643723253ba1473d627db6d7b2de390bf101d18342ffe	0.193	1
score-popularity-029	47d3b98dfd74d843019b0a51ab64ab683177641acbc80cbc8aa6105a4f29c8d2	0.215	1
score-popularity-030	b6e56ba9a1f2b73c2dc1bbae0ae058ebd8671d4c175c6d6b21b941b324f9b51c	0.106	1
score-popularity-031	20fb8af3f1c19979a0fd89f4ae7f28031691da8dc2e2088812ac69e377cf0c06	0.239	1
score-popularity-032	c3453744da47ee79f950756d24580e1bd9329e97482a97e0dd6f6f1e41facab2	0.083	1
score-popularity-033	4d105ab893c92c4eaa7a276a0420b6788ad3a55bb921e86ceddfeebc15a5ceb1	0.094	1
score-popularity-034	88a5b1ba6e92053841619a21bf96560195549f14adc89237c40edccf4ab34e57	0.208	1
score-popularity-035	7672a95980034819c7647232903b9af2db3533ae4351ea489e118842bbe42ec8	0.145	1
score-popularity-036	c10be2dffb64d661414576e6ee1180977c546a3d231a227cff0cd2967925575e	0.217	1
score-popularity-037	612ea3b74178c6d7131f9039f3ab1768bfc850478e2a73bb2a001a0f2d5d9b28	0.078	1
score-popularity-038	2fa37a6e272f20cb3e3c2a7ecbd9af6fe413439219c3a6ad8be9e99ddc811b9a	0.197	1
score-popularity-039	55f8180042c26e1389e002b172479cfe663f40ae95cc95872599f42f84ea9229	0.125	1
score-popularity-040	ce6e1e34682ce0a6171d54c07cb2e472ee6785fd9fa3e2220ee80f5b06c4422d	0.138	1
score-popularity-041	644fa5023e1bc371071262e18790f5520bb6c4ec3fe97ab6b39baf91b51370a5	0.089	1
score-popularity-042	c15f261552e58f951a2098ecbb98c5ad00d3bf025bf0f74b5fd2709f4b9a7c9d	0.111	1
score-popularity-043	8f07da785cd583b98a27214c2b50c92a814a7a20594515374ee9118b3d48fb27	0.147	1
score-popularity-044	e03714f48bbf6191a63e879135b01735097dc916975266cf09bca398e5246d42	0.086	1
score-popularity-045	656995327937e337c33f449e0c08335b0de59a4263e5fcccbe49ee4e6a2d4d81	0.254	1
score-popularity-046	9898b2e8df61422c2a14f4fb4be8a02790f91fecc5887a5cc0120f887420e6d0	0.242	1
score-popularity-047	b93d7fb1279dad0abc9687d2785780fcc6856d3bf69b8dba90b96d2444926af1	0.187	1
score-popularity-048	ca3706eea388a0822c837df973a9ede2d363ca5e403029126cf581367f19320e	0.111	1
score-popularity-049	779ecac98772e7986b605043cf8ab8d26ec84c217bfd80761dad25389a919c79	0.232	1
score-popularity-050	91af2de7f103498391e663745ebea398b4a01a9d9cff2a25d6cdf8622da3a503	0.128	1
score-popularity-051	3d3dbf196ec2a625b5890f0b10b448e182511924c552bd4e39e57a7997440eda	0.136	1
score-popularity-052	e6ebc7bbe4dd3cc189ffc0e87f9bbc4016ec7645ad3865b230b5ec451971f550	0.397	1
score-popularity-053	98decd74d9e579a64e4aef0bdfab88585e07bc60cadbc6b89b6c6281b0bbb62a	0.142	1
score-popularity-054	0a75cb1d015ebe5f47a07969c92c2b398d9d83e7759ce0b368346c60d47c73f3	0.093	1
score-popularity-055	dd563c697c3fef9040a40b775562834cd6b0df01675142e8b144d075306d2149	0.087	1
score-popularity-056	4d6aedcfc8027b13f72b5dc49fb87761082cced61f31a902e9c7fc6c6181735c	0.061	1
score-popularity-057	1d52ad5d92c71401fae2675d24be0fb4c0aa733ba00679c6e63ae7f7294552d1	0.053	1
score-popularity-058	cc540c0adf572523aebc8b9b1aa06bb98a61b527b1079be5811f8f6e0c19d646	0.073	1
score-popularity-059	ad61cca649eb9b67f650f4e2400b1f6a9658188db0a743ea1e1197cd3fcc61e6	0.196	1
score-popularity-060	763f9655a861974eb6bc574ae0b86f8c233b80e61dba36837f52d968d1fd00d8	0.118	1
score-popularity-061	1c5d50787c66c17770f9b0c2cb42208ffeee4fe2ba2a7c1392c54b108fe206cc	0.128	1
score-popularity-062	883ddeb3826bf4249cc1b00b8f3d7fdfeaa3e087d7c8b4178f4f483be8f5aa57	0.167	1
score-popularity-063	fafb9f473d5fd62cb630b39b5366ff7f73debdf6e564941771b105c8d5e25cd3	0.138	1
score-popularity-064	04155af988e629ebb1a58b683cc6e2d81d67cb549876e789ce731097ee2bde5c	0.16	1
score-popularity-065	9ce4ac69f086b3bee83fdfebb060d4f03e75062c68a6200681aa00f8919e1491	0.11	1
score-popularity-066	81565c38260eb11104da5c145ee7bb1ee80cb9894e5549896f7ec66b0072d0f3	0.168	1
score-popularity-067	4d7e8c5f2ae8836a05f89727d0fe7ad2a9b5dbd6cb02c796a1a7605e3110958c	0.102	1
score-popularity-068	36021ca4a35c5dede4fe849d8ab4bc5a029a2c5df7e29a0f1f97db545da1b323	0.144	1
score-popularity-069	203a59ba2889bf4b5479fd8323eed3e81eeafa46024b7954b9f6ae235a8af26f	0.175	1
score-popularity-070	944d806f8dc4b28b4a4b1951aa917c4bde10bc02e6505750a3a39218383c81e7	0.133	1
score-popularity-071	b5ea9ced197feb7d94b2ac6f7dfde12454b0dd14cd57b3ba1c3fe1eac9078723	0.157	1
score-popularity-072	94c88748a35e2b3b1a202c73450962e7ec2f8da9f973eb1d91fcc12d9682100f	0.128	1
score-popularity-073	a2d6029ee2c993cb7fba81cd053d52edc8b8f4d9f4a4c174dc008be93ef2c299	0.083	1
score-popularity-074	07ca3d665de39d6e9dfd2ae595dacd24aa497163570ba4a9b02c512f3beeb475	0.097	1
score-popularity-075	5d960533dea6bcf9fa3c73473e31222f98f0aaa7ea44bda69af0079198d45366	0.107	1
score-popularity-076	a0b4f4961f1afa425dae026abb4c8cf4ba631b7aa51dfbe0e07c1f1fdfe3d867	0.084	1
score-popularity-077	886be7de71d9ff76d036e2512e83d6cdbb971b7765cf5b2da8930e67d43dff0d	0.128	1
score-popularity-078	500ca996a4d70f7e635a7524afd4c71ed1ab5193479863841de07148dada05db	0.143	1
score-popularity-079	c48a0479b34f3c1624e6e951de76005b156d38a0757c5a9f68340ee992e5ef42	0.107	1
score-popularity-080	7e5dfab2c143c1890ea96376b8f54d234c8588b7b6b91d39c2b5094c03effdea	0.235	1
score-popularity-081	3b3c0305ec8b4c11be38973c5f89c297f62046c80f6f11848d8b0d5364f896fb	0.148	1
score-popularity-082	0d160483ccc1eedacc9ef53bdd89da5ab28af1f486549c9dbb2b31f70ae4e5d7	0.196	1
score-popularity-083	2d2952e8dc4a051c70a43f069dbf638b78d2f673b0d307bd2c252cd6cd3ccd12	0.136	1
score-popularity-084	19c0894ba009113a502ad622abf5f311f73450a034d3cb28b9b312b69d54341c	0.142	1
score-popularity-085	971fccde428aba29814ebdc0ca1e7ddfb29b33a0e0c69310efd0dc125d67aeef	0.184	1
score-popularity-086	4b108d6ff1dcdb59382bebc806018bd59960dd9e6d2aea2426cba63c554f76bd	0.137	1
score-popularity-087	db8ceab1684f96bed348a4fdb9c3c229b637ff356d92be45584c01584fda724a	0.192	1
score-popularity-088	792b0b3d7d2fea18d3142cfffbd872ca20f44d82bfe2706342d2bf553db2505f	0.127	1
score-popularity-089	c61ad1b00374b8507b950656863355562484267ce90998b80e63fcdf8524281e	0.064	1
score-popularity-090	2edde5b066f12d8d589a2477878541effb1fdbb39b24c247794350901376f9a4	0.161	1
score-popularity-091	decc9a138aa92addf1a8c0d983c18e333b8b336f6f03f72ae5fca4237754317e	0.086	1
score-popularity-092	aa3d0930302a8897ad0241f61157aa5710f6e7c8fed3e75ad941ff73220ff65f	0.109	1
score-popularity-093	6d5fa7d5557ef387ec6e44f5402f41d1b012b4bc437308917f952aa6c1d6eba4	0.216	1
score-popularity-094	923071a83f786693214269141f1fdd1898a80497a769c6ea55da84fb4f1809e5	0.137	1
score-popularity-095	8c1167283a4d4a3386c5d2ff8dfc729ecf559e010cc3bc9c8d0c5fb9d8b56cc2	0.14	1
score-popularity-096	28be388dfcf0f447bc3b6404f20d2b0980d92c8b4b3ff1a2ec1a20ed8197d062	0.148	1
score-popularity-097	2d12488b96cf9589ec5f21d97221a639388771792c593c98f2230f68dee3a6dc	0.208	1
score-popularity-098	e0df8d242893f52c7d9c75f6d19b8ee3408586389f87d4ccc82348975a53d975	0.19	1
score-popularity-099	5ca10b4f40506acda93a3dfe02c9a99ef88656c7a58961fd654e9c425faf3fa4	0.148	1
score-popularity-100	f0a797c8b3001ee09c8021bef8e3ac81fdc2c6c86020cf1a32604177bb9be93c	0.098	1
score-popularity-101	36e91b67b2adae88bc78a3d1532670718f39347cd27e0883aa8e2e577789d4a9	0.295	1
score-popularity-102	0f5be598c2ddb6d54d95cf132da740f9414b6fd10c145c9bf3fd19d483527fd1	0.192	1
score-popularity-103	9b9caa6937b4c3e86c3f28bcc7ec151efaf2f0f8c9c65e5cbaa51929cbd6ea79	0.263	1
score-popularity-104	fa996a83aba76a5559fe295626014543be12a327ae033890b84a918b54cb89c1	0.265	1
score-popularity-105	4316c23675f03f640b1c67a4a99e7cbf7a0fcb17b0038808abd9b4721d442817	0.259	1
score-popularity-106	20d410736d9acf964dd8bc8b7553a6f5702df01964b899e0fded59a52ab03e7e	0.22	1
score-popularity-107	22be160d85fe583743e9a0069bb8396ea66e01e560c4efbb123910eebb2906b6	0.246	1
score-popularity-108	9714a84f46430202237fc6875e90a1f7b73d60e47ff62bf044da6fabca4353e4	0.111	1
score-popularity-109	965d3eb8a5ef0f28f7289253a84075e1a864f1c8ba8f30501f0702c802d3efdc	0.531	1
score-popularity-110	45af390bd124a5b37ce022e7f09e1d7f7d126f700f0fdf7f1792d980e536d5ab	0.167	1
score-popularity-111	ca9dac9d4b39f6098db1b49ea3e2b5a4c4b9ed673274eb1261c01b823b78f160	0.15	1
score-popularity-112	de265d32b38182c430a127649b27d5f10d7839bea2a4030f6c6c1ed6ded12f65	0.236	1
score-popularity-113	d321142a7d713e9818dec856f46616b2c2859345bab9a348713eae4b6068fbe1	0.099	1
score-popularity-114	142467b60ff69d1a0f44bd5a59684203c9d1c563e526913cde6c8af787c42bc4	0.132	1
score-popularity-115	54452519c2ed713e696fa0adc76a1abde1d2c4d5e391ab55b9b917b1f9382b69	0.224	1
score-popularity-116	6040ab12e97db802b84456332edc440512ffd203106c42313a851d1782319753	0.152	1
score-popularity-117	1c4a2e0c4e4ecd320bc2f5e6eb907f8c28f4b89bb7e413af6549ed9f2c7bb4bb	0.127	1
score-popularity-118	8a91c22fa93d1d984ed828bc17123fbd53a4eb0179ed505056fbcde4fd4c7ebc	0.204	1
score-popularity-119	132b449ff344851680ccf2ac1f1ef37b3bd5d7d6d461c641e1753c97dc8cc3db	0.203	1
score-popularity-120	d07d4df86b555e066440293e76b8bea063b1c393b50b5ede7a8984dd6588be72	0.118	1
score-popularity-121	105a4965ce4d16032a5471b1a1eaf04eafeb5e04a0a90275e93106411eb71006	0.178	1
score-popularity-122	8821e110f59b2402e69e117c5e480f192494373e95274070224283a98b050a5b	0.184	1
score-popularity-123	cc918737074de52dcae48b7e70a0c9be606a5757f702701ffc9c18b1c453f083	0.14	1
score-popularity-124	eefde4df19fa7e0f83f4fc90eb7407e692e2c2b82b19fd2d923f029b20951557	0.165	1
score-popularity-125	2e0c0f6a75c30b89450e3e79d6507bda310dcaff050d116ce3f7944651ce8813	0.197	1
score-popularity-126	241b4c09479b9cbec82c3d8536d7f85a4f19da7ded48fd0d75d51d1f5723dc6f	0.133	1
score-popularity-127	b2f687d633b6043f93522c633598f56a42dd3b3c5c4de517549de9f2cb63815e	0.186	1
score-popularity-128	eeab5f526391201eca99a12b8550d08d1604cce1e0171fddf0645cf6a83d9ef5	0.154	1
score-popularity-129	6cc9c3e27c02a922b2c458ce794935d5045fbef9a2e232c9b94214b837947033	0.081	1
score-popularity-130	7320038c40d8ab24d1c2a51fd39af88a82141be1000f808cf3b164eafe14a7d9	0.112	1
score-popularity-131	241cf224212d7bed5ba2a65f98007feeaab8e9164cc8ed0438fa817e98b316da	0.246	1
score-popularity-132	b638eb7b5b2f3eba63e98f06c99e8304c9c9a09cb2c665a83db7558b8d4dd14d	0.504	1
score-popularity-133	4b3715812fab3aceaa5ed02a2d6e6e2b81a486f403b12d186125ce2da28db57a	0.099	1
score-popularity-134	4b7c7b9be083345bc1d14688fa49fe5683b65807b0c83256ff99d75f09921d07	0.167	1
score-popularity-135	6df08ad549cc35630d0f47e830b3737abe05b1a97b73bcf5802e931fbc195a6f	0.15	1
score-popularity-136	674a82baac22ba5bd99d7baa81c6982a9470c63987a8babecbc597d512b37068	0.089	1
score-popularity-137	241ef791052791c0a910a36bf2a9b13a8ef8ac04503929d9e8ec94676aa74446	0.383	1
score-popularity-138	0458e926e0b406533047078e468ca52de6f61468270336ae706460f07509e3ca	0.192	1
score-popularity-139	c7b9c418b99cbd294e82834e1e9c8134c558f916fb28dd89e97cd80ee554f824	0.108	1
score-popularity-140	606a5bbca740fcc5e17538873da2aa0335aa0474806fa69f5a0572c801a2b1ad	0.059	1
score-popularity-141	e757d2007730cae5de97653313d9a9a561158b8e62a71346fcc7635a3737cae6	0.188	1
score-popularity-142	c618739c9abc2e9f178571b8a6331901cb375c374c7d0e997a472a0aeaed64c9	0.213	1
score-popularity-143	94c7f716f63db2efde15b5a38f73e46966828783ee12c6af93a455f16ff25eef	0.206	1
score-popularity-144	cbde6917d7bbfee9c562bdd1ecedb3a82e597964934ffa601208045325996a10	0.17	1
score-popularity-145	892bca7a8118257134e3fa8604e62df404cac77cb8944efb7c49feeca8fb234d	0.143	1
score-popularity-146	7caf6dcac92d6159c239fd9c7fd613cf64137c74c78a03770e1e0012cb04eae9	0.109	1
score-popularity-147	108765f07152e55cf0e5dfb1b1d53b959d41d7bb42f70bd493e66ccb630ce2a1	0.161	1
score-popularity-148	72f6b34ae0cd95ff69b503a8d3081c9304a4473cfb8063b1cfc97c95932693db	0.133	1
score-popularity-149	806f30f1a177b958e674b2d4256331f7c1091efbe0a4153a041869f13566f5ce	0.108	1
score-popularity-150	6525fd733acad2a7c82d881ab0c2f27e62bbc0378137705926319cf6b852b0de	0.112	1
score-popularity-151	31ff9e06bbedf113fa08da764fc50198b2dfcf3ec04ee06f6e31d11dad642fdc	0.098	1
score-popularity-152	c3aa602aaca8a722b6dcfd9da8422aac568e023e15d0eec468849cb88ea1c14e	0.466	1
score-popularity-153	f95ece6ff92e61add94c6bd271b146017c8c296704aca08fe4ad3316a00c1f57	0.181	1
score-popularity-154	79c974bdb402461e5cdffb13530750c57b70f045836ac43eb2af2e36e9478cc3	0.157	1
score-popularity-155	69d6510caf32d79680f9de8f14c0e65899c1c4375da03dc4abcdfa2b339ac513	0.273	1
score-popularity-156	240ec6995ce0b7db14ded3d0062649d086f2881f2e99dfeb60be03193eb78fbf	0.249	1
score-popularity-157	e9f060714c0fdb9009bbe17f18bc801528586a7b325012125dd0a9545cfb1971	0.297	1
score-popularity-158	3e61aeb6a5a9425d34285b7af5f550fce4849dd0b9c4ecd532db3a262e97ac06	0.172	1
score-popularity-159	7a191804011b7d6b3e4f5e4ffa6941b70f3e85d0374dd3a48e8cf9721af00705	0.12	1
score-popularity-160	fc1ced3df6b76ec9066252c920105890270efd238f70366689893f7c44e81fd2	0.179	1
score-popularity-161	2e054b6451edd4fd0605ff20d60047c5e1ceb2a6cf5edafa779e1bff7b96d514	0.125	1
score-popularity-162	8313484701aace9ac5751c23eb1d0706c192401956ff686dde2a2e105a473309	0.117	1
score-popularity-163	d706b5af5f5cdfd12d3dfe3955ab5e37ac7c5a6e9307652fdceb8ecf0fbdf1eb	0.217	1
score-popularity-164	b86359bb273f98dbcc00d4f3dc92aae0189dca404b31900c6dec594e6b6803b7	0.129	1
score-popularity-165	8be7b408cfddd11c9c87141cacbfef9e78746071038fa8a6e6946ab7ee0f74ea	0.11	1
score-popularity-166	baa97874797323a58de3edc779ea227ea0e461782149f60995a69f0ea2f665b4	0.104	1
score-popularity-167	0585b318011c36ac588f1c4a49c0a2e9c4f95043abe49cb2d6eaa9be484eba29	0.222	1
score-popularity-168	4565dc61d49a24b74c70cac0bbcf55adb48e88798100420c880780680da3e2ba	0.094	1
score-popularity-169	bc96cc3853fb5bb819560d0c83dcb76a5e795a9e13f1a388c1a2a79009c23497	0.242	1
score-popularity-170	9c01ebdbc02fe62f002d3790c166304bbad95a0d6b62ad519b69edf29382b618	0.213	1
score-popularity-171	fec2d96299e1aa70e33390f570ef26571b52a935d0e89039c14b17f453fa5419	0.16	1
filter-singer-1-01	0ec9c515839571c6ca23545f4146b6eca08925a90793352ec3545e0fcc3c888c	0.16	1
filter-singer-1-02	f5f54bf81c80be369805e6e8986c45ea4b8724eb6cd9f29249ec44ecd9ea4f64	0.161	1
filter-singer-1-03	4f95cc4e176d7eb76b460301151143cd84287af52d794390b651fcfaacd8c343	0.079	1
filter-singer-1-04	2b0aa9a2ae718f59bcbcf6ad03505a1ae5aa361a4dcb44062a5364aab4d6b51d	0.152	1
filter-singer-1-05	b6c4d198da8e5723fcbc48a43b2e9d38070abd81c24b19a00369ef8ede02cada	0.094	1
filter-singer-1-06	3c1639d97cb3112c50b440d637cdc7f6125ab18f4ecde38e70b12f6b188ce0c2	0.162	1
filter-singer-1-07	300536204500397aa87a099e94f278f769e28a7711a03b1175e9997d3e5ed2a7	0.076	1
filter-singer-1-08	d79b8e67e1c96cdb7bfb2a7a4759cd9533ad263b8be4499c32cfbfd28b9e86c5	0.149	1
filter-singer-1-09	c99e9894c1ba2ffcc5df43fe1efe2245d111ff65f2e6001682432cc922ac5ac0	0.094	1
filter-singer-1-10	0f33943ca86b2c3b1c34b82e200ca563da935cfb8e1108168722efebfc0f66b7	0.232	1
filter-singer-1-11	5b80621f6706b29eb099cbccf06c81166625f6b98c8103187fbc64aaf0dc45a6	0.087	1
filter-singer-1-12	039447daff3c13bce923452ad72474210672e49f381f03d06c29fee669547819	0.105	1
filter-singer-1-13	4f88b3e698a30c9ad265a7b2b04c116e701c34b18b2e5edaaaf865b7f45e63be	0.138	1
filter-singer-1-14	5d57e4a7198d778f7ee5c409bc7bdd33a8cfcd3add1ba94bbb17537d88fa7ddf	0.081	1
filter-singer-1-15	ea79e09b56022eb1d5a8234937761f0541bef3701365c14bbd6c17684e8fb3bc	0.084	1
filter-singer-1-16	7a522799cf828636e3ac59236ec6ddee8f8a266cba38c0368bdd19a01b3ea1c3	0.13	1
filter-singer-1-17	27aa69bb3c98b48213bd00b99a10fa3e512418f0da1a81714a426b8686c93ee2	0.183	1
filter-singer-1-18	a21d7b88e7bfedb50feedeb6a17a53b04688a7557842f15b0a7f1825357d3c82	0.197	1
filter-singer-1-19	e533f72ed9ea803450ad36c05efb91b37270c3954ded9d74aeed77c417bb998a	0.171	1
filter-singer-1-20	c543fe68ff687d3b9e3795a22a5301aa5befcb5d47c0e5e9b37dff03054cc5d3	0.111	1
filter-singer-1-21	b4a4620111bb389ca0a146516b7d0cfd5c7ddd511f3df7847a600d987ed480a5	0.176	1
filter-singer-1-22	c14430bbed75a40780762599b5e1df249239119202fca9c110529794ea3c1ed8	0.118	1
filter-singer-1-23	77825ab145dbcd2e8217e6d17909476a805b0d631221a747f2e8cc3023d7276b	0.126	1
filter-singer-1-24	0b066b7abb8a5bee045a1e02cf05d71da63e8d9eeb0b4a8543277064b7dad37d	0.141	1
filter-singer-1-25	bafd3cb540e87f98b759d3a19ccfec2d6572a8369fee7ff580ba7dfc6236e48b	0.165	1
filter-singer-1-26	e50d6bafc9e29f2310b500f59157a2506cea3b8ec92cab2dd93367228995a64f	0.166	1
filter-singer-1-27	1234319743f2fb89dbe948633aed02ecf85ef3e6697fb6d547da406f809a41ea	0.119	1
filter-singer-1-28	fa47d5f606d7b7371a139564536aedb2c39506d48c5e56758fc10daa33dba4d2	0.29	1
filter-singer-1-29	39c45ea25f224714cb526fa4eacb631c68e30a2b0a5666eb65faee9297592430	0.1	1
filter-singer-1-30	e5771e0c43939b79c0753dc8e7af99eb627d3a1db90d325ee2253f8d182bbccb	0.109	1
filter-singer-2-01	315c2164392915ddae0982406a504c707aab52587f8b5e7a735a1218551653b4	0.132	1
filter-singer-2-02	ef77f82b1c4990b4dfd14edb133e6f23b2dd8b602eefb2aebcc521780540f364	0.124	1
filter-singer-2-03	35d7c04594eb35e4d55e02b699a6a4fc0937ace438eabf3e46937805b5319c6d	0.208	1
filter-singer-2-04	92fe1b03c55fdba594e91d5c007d7d8869d8baab5332621893ba38e7df7ed13f	0.226	1
filter-singer-2-05	684009e8c22c28fd229e426316143910792b0aff8fb19a52762fba6d448bd96c	0.116	1
filter-singer-2-06	1b0687f84e86a7ce28aba88ec65bab537722c74566db3f0695022fa3b29100a2	0.186	1
filter-singer-2-07	619e345c5b5143eb39be8554faba2d1f4474743e428e89d19536f192452fd196	0.085	1
filter-singer-2-08	4fd8d4ffdcc9c68b91b41e6460a320e0276443e3323baed1fbd455dc1e6892e8	0.148	1
filter-singer-2-09	262bd17337bcc2a3943596e6be2fba8dae17cad3c622e416df17a0a1b79cd299	0.077	1
filter-singer-2-10	a8f5e001835bb9521467dc55541b7127f7679062aeb88982623250a7a75e745e	0.157	1
filter-singer-2-11	b87aaa61f0673ec1ba1efdfc801046ff5f2ede94c2e35762edc27484486c782f	0.261	1
filter-singer-2-12	52f7ad7cdd3a3bf973f83d1ea7251e3e42d5a613af159528ede5c1ba78c0bb00	0.078	1
filter-singer-2-13	4495cd7450bb42061fce3e53f0b04c5ae9d1f895fe78dcc93654106b32df2ecb	0.124	1
filter-singer-2-14	d9798bac2d5b442fc625d9d6277f580aa3952c559ace6f8594a205b4ac1f6390	0.098	1
filter-singer-2-15	be8feef3c209c1b3724cc9aa89f51d906f98a4d299c59f5948f965543b616f91	0.117	1
filter-singer-2-16	531c00f2a57a29fd9193aa04ca005ae7545168410995640286b14a4e049a303a	0.169	1
filter-singer-2-17	c57996c842118c07fb600afb6b77fee50cd7e3cad53a3834c7eb6c442a6073cd	0.124	1
filter-singer-2-18	ec179274bdf96fb33974a11a09afd92424b007d82b0173738819d47064b5de91	0.288	1
filter-singer-2-19	cb0c526c6a24c611ec665357bf6df2c825cf3f361c447c4040fbab81e4ecf1fb	0.181	1
filter-singer-2-20	c2d5df643318bfd3a3b7e68804c0b417f6e2b63fbc792503d627b30537b63d8f	0.184	1
filter-singer-2-21	b37b7dffd74dd77b2cc2fbc874d751adc8bcbfdc9f4c2c499ea0e814af31e6db	0.085	1
filter-singer-2-22	c2379dc53e3d9a20cc765b4c8fb235e1b75d7f9a9b721f0020603cbda7daf993	0.099	1
filter-singer-2-23	81950c211860582bdbcd32e480b0c4c86a5eb5eb9cdcb045ad006a8550343907	0.139	1
filter-singer-2-24	6d60cae8878699cf1a18c5a01e27207b8f62d5b3fa18e4ab6cf5d763e656c5bf	0.137	1
filter-singer-2-25	f0232d0eeec0ff2178b3a7a6ab1b242a24ea753b9baeb1d04dd933880685924b	0.152	1
filter-singer-2-26	8224cfc103f4d8fa39037a88d823ddecd476c6f8fb27529bce6e72a1923e9b3e	0.15	1
filter-singer-2-27	27e21c91628dc8117796cc069dd3e30566bf5d21f27b1c6e232eedfc4b44a137	0.14	1
filter-singer-2-28	93642c8abedca48988440c1167819c8f7a626ad6319a6c93c6b24d6320456839	0.202	1
filter-singer-2-29	ca8a215ac6fc07e3f013adac1d8c5afd0064279a2a518042dadb6353c444900a	0.289	1
filter-singer-2-30	059c8e52c8e340a435182d0169511055d1e0056a5f7a8748f62aa720dc9763cc	0.186	1
filter-singer-3-01	761e6a7acc195b211ee4d59fd62d495f9e48279528924c2045f82291e01736b1	0.134	1
filter-singer-3-02	a1fa03799ee5be04d731b6736f122339fe5d424b2533ce5eb6dfe89c8c16a19e	0.143	1
filter-singer-3-03	e4322dc5e94375bfe3e16a2bdae908ee615bc339ee5c5c2e048c80432008a129	0.218	1
filter-singer-3-04	20fc808916d624b93f2e1041f685d94ef41228614de61385f07a1ff4f87b3674	0.185	1
filter-singer-3-05	5f811ef1c66d89cd452a325c44945642d00a4819de8306a5b5b0f77eb0a86876	0.131	1
filter-singer-3-06	abb930c28a2f224975430873abb342e6b067200339fefe910e5240e1d1fa0f9b	0.209	1
filter-singer-3-07	6c85ac7e9717a8b8056e140a189114034f9dbcd067690ef3dba40b30b2aaacaf	0.287	1
filter-singer-3-08	a81cdd3fd874ebc5495114c298ac944fe1dcda5c03730f2947a574cbaeecf186	0.078	1
filter-singer-3-09	baa9696a0230a9ccd51e989b3318fab6af21b46e52147fe35594279aafb5d291	0.233	1
filter-singer-3-10	da70933fcfdc82d14adaa19d8a82534ec25773bb14b43aafad4a707b761065d7	0.114	1
filter-singer-3-11	d1331bc3bd844e8b561b70c4f57915302c4311852b384764653a329919f88683	0.249	1
filter-singer-3-12	ad2d1ae5f7e22f1ecb2c3ef5259c14044b8bf5df88e5461fc6849ff57138d885	0.28	1
filter-singer-3-13	944eb6c2dd943b6b1932e508904cd94fe4a3188bbfb40a119e8e5ae3bb4974be	0.075	1
filter-singer-3-14	e36e668358b5a7dec748a4a408b0bee28ac9da9fadfc1714b04f0ad11c458650	0.116	1
filter-singer-3-15	eca410dbabaa99fd625940537ddc19f6e35a6dde04a1dabb9519b9600d285b0a	0.128	1
filter-singer-3-16	c701c426cb144187ee2eaefa4b753a6b162970e258e63251c2128cc5e5a830a1	0.078	1
filter-singer-3-17	befa29a6370cf27dff0ba26d6d917c2e9a1bcd8efd7c926b211a484741ce5f64	0.145	1
filter-singer-3-18	cc31f6882c9db7495051984a0073f03187fc8b64b59e1db32014cae7370f26f4	0.132	1
filter-singer-3-19	74beb99fb5bb9635e05c89b0a5723d409a47fc465f97eaca8967b929b3a598ad	0.285	1
filter-singer-3-20	6e7be9cdeb6437d880b07e68add4bfde4b4477dc1a3172c9359c72e570a9fd1e	0.188	1
filter-singer-3-21	30ef0548ba670f5d7be3c17c48384756c14c1d8a4aea3894a7a78c28bee5cd97	0.139	1
filter-singer-3-22	84537565df791781fcb53f44c49910c27b90a83166b484cfaf542dff0a7db0db	0.186	1
filter-singer-3-23	effd2925df77773729ea5a596db2361954d907d7c84dfb450ec6f88c1e8d2ca1	0.201	1
filter-singer-3-24	86398e31e830594b0c1cf6c0e43edc5121def7198fe6260b45b8227bc32328e1	0.268	1
filter-singer-3-25	79ac02597b07cdb6985d49e36f57d61c12824dada8f5a1338ab44dc02c3febe5	0.2	1
filter-singer-3-26	517b4eca8b782b45334f9f2f79b5a40e64bcc1d3446e78486b286302dccd0e73	0.179	1
filter-singer-3-27	9646ab4cd5331236071dbcf823ba03fe8763387de9849a1373658ec215e07745	0.122	1
filter-singer-3-28	3fec38962a420b613b7e0c74da3717fe533efbaa49f171945d2d87fb6314666d	0.143	1
filter-singer-3-29	f496cdd14d3d9ba50205e5e0a9885b259d713961be2dff1732414d701f548526	0.119	1
filter-singer-3-30	eef5abcfebc70d6fd432f722f303aa8be3b01d291dc43d394af4b5fa5254f1f1	0.098	1
filter-singer-4-01	3a49697653fa7b3a9ab91a5774e4af4ee644f0a737d72e347763fe2490a762bc	0.213	1
filter-singer-4-02	7654d4c96f2377cfd54a2f10a56ef3d1e669553b69d77057da80472a0c1c6414	0.3	1
filter-singer-4-03	87e1ced9edd71b948577f92636b3dfcab0ed399027c727e5c929c44c750788ca	0.175	1
filter-singer-4-04	3c16002545e8b29bb0d287f2f3b78ce1f0e41b8b47b5030007f1da3e2bbdd7b3	0.276	1
filter-singer-4-05	656dcca29f5b449824c501104845d383ed663cbe15150409df396cb1dde03821	0.184	1
filter-singer-4-06	f6994f06cccdef2e09baa455bd0d7a1f85a90807235d7a9a777672551e52776a	0.287	1
filter-singer-4-07	d2ec1b7122dfc627b76fa9c3dc75c39c84e43e03d7dafb44c8e0028701a83a76	0.209	1
filter-singer-4-08	821c5211481f9631de8933faf6bc55ae514c0ba948550b1d70e785e77f32d089	0.08	1
filter-singer-4-09	40f2797a55efa908c86439fc116ec3f4935c49917052a8b408a7c26f765d1994	0.243	1
filter-singer-4-10	117a15bea8b3d739ff2c1e8c6213da35d9e75e34cfe7e98b5941ff5449ab836b	0.096	1
filter-singer-4-11	aa0ee45cfd264949a84e91517bc90a1fb02be7071de81489f227cf1de8ebbf34	0.123	1
filter-singer-4-12	623308cb90544f0249ffc05076cf40b9c48587098776ec3b37c7588812bf65a4	0.211	1
filter-singer-4-13	202eabca1a0455fdd22cb6194e2b4dcb1d5f58478466036f7ea4157d473ed53e	0.153	1
filter-singer-4-14	b613030401c1a49a0b6948c7388f02a806403c949655b4a8b8d8e10a8ff17867	0.079	1
filter-singer-4-15	11dafc10a4a4f7e62d2720952cba44c6fa4fd2c8187664aabc6a52d3a84aea81	0.118	1
filter-singer-4-16	05759c4a4d2bb03032e3bb2353b8a8aa1c3570d4cc26f03de6e0455549a6f086	0.086	1
filter-singer-4-17	4ca799413071ce46683926682249ed66f9e3b1542f5d1c9375780173407345bc	0.089	1
filter-singer-4-18	7880a0260a8dd3d213829cd72b498edccefe2e9cc5292b657263abb699535fe1	0.106	1
filter-singer-4-19	928b2f04fe346b4056a5601e3d48b30ed286226fcfb0d155234aacfb9c717245	0.133	1
filter-singer-4-20	381925f5f561c5a9634f2c5bc1ff149314bab95cabe0ae75d0bc402262c6b106	0.166	1
filter-singer-4-21	7631ffc2df9b46d757d17bd9e8c108f6ba202fcbb2acd24c5cf0cc2b1bd84470	0.188	1
filter-singer-4-22	5ad45ca9fd0444bf55ff5d74bbb7301b0e45a88f9d4ff2ec68f54cca9d6e437b	0.125	1
filter-singer-4-23	13c6c8b935297c5f1a41dfa981c33af05116754cbe4de89af04114283239c288	0.112	1
filter-singer-4-24	5820f1c485fd4e818834a45edfa2543514e9cc4393d3fb8e142d7c7a2a74cfc9	0.165	1
filter-singer-4-25	80a928867f9f8d9eaecd825962394652e6992a14bf02a94954b4468aac586f29	0.149	1
filter-singer-4-26	a19343e7613c0c825499ea67dc9888df1582dbc59da9ca86decc9ed036e57eef	0.21	1
filter-singer-4-27	19e2c9fa62b45d23e61800ec538413129426e860f6b6dbad1bf9da41d105695d	0.058	1
filter-singer-4-28	d62fe73b0d293f3659b326826d9e0fd3da2b3bb51bd7f7ca1f6004c2aeae2e86	0.303	1
filter-singer-4-29	a5ec9cffc8e6d41406f1f282e46e2a5119c4134c0fa209ba0c6ed51b8b868b7c	0.147	1
filter-singer-4-30	ef550eb964e257364e687252032c0699228b7c75d7f5912d17abf8629094191b	0.088	1
filter-album-1-01	f3131e3ce6561d4cff167d5635a1df173372775ad080d066acd0c4ff800faa24	0.119	1
filter-album-1-02	ae2d86faea6cbab59ead51c02e762fecb0386ea3a0e3f960aa42e5f27b4f360d	0.218	1
filter-album-1-03	31cee504f7321503a377ff1cf6830a8a3ea450509d0187854ed6769d88666098	0.115	1
filter-album-1-04	70f83201e3994b216721a684c9657c1a6d47fb16f8e6765784796090ae4baf1d	0.142	1
filter-album-1-05	5304fe93bbccd749109b8ada396b0d17bc38031e21b12021cfc8d70cbd560190	0.155	1
filter-album-1-06	fdaccef9c9c41c34a2c2fcd752ef98ab0be97ed5060bc0258345ccc05a92c625	0.085	1
filter-album-1-07	bdf134adfec3500135b19a54d6d4b5f499ad12797072f34b758ff349113ea584	0.208	1
filter-album-1-08	5b27e507708f1a1a47a0bf3dbfd8d3bccc3a498cd4a63567e323b11ed01d572a	0.16	1
filter-album-1-09	fa898479fb5d55d9e61608c3dcb2400d8015e4643c08a61b796d042207baf894	0.239	1
filter-album-1-10	caf0a832f61bdc8d864a830a85bcb738d50c9310639af33c6b8c797b68072378	0.128	1
filter-album-1-11	e6df63765592af6a0a2a69d1614db50c9d3f53e231727a387514b2431b93851e	0.197	1
filter-album-1-12	e352734f34035d2b8d263626fe95aab0eecae9f16dd1d5b242e7ca770c5bdd20	0.153	1
filter-album-1-13	ca579ee60e7cc4dea437993546f20200a129a8b7ba0b42f1daa08ef28ec7d366	0.125	1
filter-album-1-14	fa024e860e348bd7d5fd7343476eab90692faf8f9fb501c8e52d1a5af5fd9a9f	0.201	1
filter-album-1-15	889b04ca1533165da2b9817fb72febb9091bfa125f56e6ef8811f10b063f68bd	0.185	1
filter-album-1-16	df86b1fe729a87290b91b8a0ff809b9c21f8fbf6fdb6d534068be3c8b6c26ec6	0.108	1
filter-album-1-17	ce30c2427510f1f4fdfc89722fc8c60134a3d40e932a7f73385ac8588d445542	0.094	1
filter-album-1-18	b5b757a0db741bee16ec18700a660771418fb06a3c3d502cb453e15099850330	0.129	1
filter-album-1-19	218112da09f2eb3a58265b61c09af83fd171106476ae8e8de9d6eb6b415a61d6	0.213	1
filter-album-1-20	f373f67971e00ea9d5f692091ec38c29e6109df61bab26de1f9782538e0ab0fb	0.179	1
filter-album-1-21	98c9545ff14cfad1bbf829006b00a826daf0f6f2cb00702bb862074bd428fac9	0.163	1
filter-album-1-22	7c695281429f049628890c267ab4e722c2b99a210cd80b670daaa0a854c1d1e9	0.114	1
filter-album-1-23	d4ac706d1c79994507a8e7cb0c32f0b1fa6ea8ccb56daacda6fe781fb7afe8be	0.202	1
filter-album-1-24	8d7d36bc48e4df0110f0c56cdcaea955d1402740eee679aa275492fd52e6f282	0.095	1
filter-album-1-25	4f9b1333bd1773a913f93e4ac3f8087a658d788c3cc2d5bfb53584965616a77c	0.146	1
filter-album-1-26	3d5452c7086c8c50584cda008ee5584c4feff3d821fea7e26ef91b51c057aa54	0.095	1
filter-album-1-27	acaf79837c4d8705431f036c6b06fa0e7a51b05ab75fc3fb5b2031078820fc69	0.126	1
filter-album-1-28	a4b0b542d9dc82be02c98e5d05e7d5ddfcfb28904c678af8eb1d35117909884b	0.076	1
filter-album-1-29	02ece971ef99e333cc84d7258a31f496360b16d3824b6a126ed8cee8ad607a48	0.086	1
filter-album-1-30	d9beb3ae1fdcba9c5735945ecf44f4fd2d5c4bd830f4fb308b775f75d7aea15c	0.123	1
filter-album-2-01	adab3dc9b71978158462af77796bd71034349144b46eaa4d7a43862507af9c34	0.094	1
filter-album-2-02	e628db5b43b02b4bdeaf4b064ebc1e5b703cf89259b76e225c33612fb83232f4	0.144	1
filter-album-2-03	3788d1e32aa9262df37a4f69d7287a703bee4092da812e2dbb930ca6d8b7c386	0.151	1
filter-album-2-04	1ba4c4153f7afa136026c1a22fb2290f2ccc247a5e114c54de82a824c4e565b3	0.101	1
filter-album-2-05	1eab5e9b8e0bb46593ba704f1c1eb4318868b4a8e018da0e6240b7ad868e3b21	0.144	1
filter-album-2-06	3e8ae07104f214cd5a38b1fa5687b6053a8c1b553d2cbe090465ce79faf989e0	0.128	1
filter-album-2-07	7e2f1d640f0c02ce49f8028b2b4db67b95872ec331f2cfa4c16dde67f5403301	0.25	1
filter-album-2-08	7c0dab859a35759282b75d4c11ff97d638f881698e3415277f1688aff43d425f	0.091	1
filter-album-2-09	30c4b875e0e4b49da3d8b782c0afabcb2e78cbad3096a628f021960a7b4d5d97	0.108	1
filter-album-2-10	31a6e996f3c7851a00f0debe55b82f9265e2e65f24310b08cf58f09dfb1efd63	0.251	1
filter-album-2-11	df2cb670211a6c18e3f8c1aebb2144dc0df5ef13e5fdb6b70454fe0e85afe5bc	0.286	1
filter-album-2-12	c326e1f9874d6c4d1c24cb6b38186314c8a2e73da10abe8f1ccf3ccb66c639ba	0.196	1
filter-album-2-13	79b82d2957e4ca47148adc5fb2025f1eac67e7e605884f76475fc3dd6131b912	0.084	1
filter-album-2-14	057f07b94a644d59d9b8a854221baf68d6341f759c747db9d30388f30e44bcd8	0.189	1
filter-album-2-15	2f44dd8732e8986c7e2c464b3de714e286926212b77a3d2974a3df970f3f3759	0.067	1
filter-album-2-16	b9e571a4d47cf9883c656195b72545e7aa46b7de6be7af2278b6cfff1fd3af12	0.213	1
filter-album-2-17	308196a25ebeb644e527ad84a51765a05e4210f1af7123cd0934fc067e649874	0.107	1
filter-album-2-18	f413b531106517e286f02596ed1433bf522a068b9906ba5df1dd4d185129b31f	0.101	1
filter-album-2-19	ae0adb4e89eaa5a60eb223eb43a7f0ab550c6ea32cde7b4ed2369a1871df4e5a	0.137	1
filter-album-2-20	882a1ea96074a668c189288b4494a6b9c1912fc30370791cb5f2c605bb37753b	0.177	1
filter-album-2-21	e5f75460b70b3585246e453f326a26079cb9ae668886aedc4c5182a1f29280ab	0.183	1
filter-album-2-22	195c2389237b0bde8365701043c6a3892a6a751c98df2dbaa3e87dd8fa486f94	0.174	1
filter-album-2-23	ebd168658f4e6665ef758624dacbd5b05257187d5cadc1f44709fa37d7bb2723	0.125	1
filter-album-2-24	fdc3a8de2dfe9e687a9b8eb0da0867c037323a21ad0a479e817614d618f37284	0.128	1
filter-album-2-25	0ddb8ffb36ac05b8ec96521784467a137687cbe6d8cb4f14f1058f92747d37c4	0.199	1
filter-album-2-26	6e5cd28928c227031e3c456f27409306e1b58361748874e571b5b02724331e39	0.082	1
filter-album-2-27	3bbde80e28e1b9cf174bf2a73dc07abcd3ccbcb997e79249983afe7d6a24c494	0.172	1
filter-album-2-28	b07680bd8158fe874aa728d60f68101196fc12dc4c158d0527255ff0d0c0dfed	0.098	1
filter-album-2-29	32e5208c621bf240628c9a57f45508675005b8c4cc99ac421157177658afffdb	0.156	1
filter-album-2-30	56fa98f803dfda17ac96cd008eebd5c15343309e0b23a3171bcd8ef49e1ef74a	0.103	1
filter-album-3-01	2cc5988f05b35d89f06039a1713a68e90a5ab8e13d6ab4754ed25b688caa5622	0.188	1
filter-album-3-02	9697badf565bf8a81bb9ed7e1b53139a094aa03a3421bb1d56d50923bfa2d2ce	0.206	1
filter-album-3-03	898b9fd09799da2afa9a24dac5e2916cb71537fade3afaffcc7e88bb5faa7a8e	0.122	1
filter-album-3-04	e3dd36bb5045a325e9b37aec7e518f3fb34ef3d4584b72b5fec7c4d076e2abd1	0.142	1
filter-album-3-05	76785ed2c6d2e93176cbd3ccb6160a628b42f5fb1fb15196213de1e0dfc7bb78	0.103	1
filter-album-3-06	74d5fe8b22400565d4cc239a62beba3796924b28a367db6fb218f2c4ef8b8f24	0.23	1
filter-album-3-07	5e13687541e36640f7195b2692e6e58e0bfe98cd598c2d1b620bfda53442d325	0.098	1
filter-album-3-08	e6380f524340876558ad07ac06ac7ba03684d86cc1785fe05911d5e2655aa8e9	0.214	1
filter-album-3-09	28422d6873930736884bbd7c13455afb3fe69ad9315909267f7d502f57ae32e9	0.098	1
filter-album-3-10	f87635d6832d5c2530d2b3c39b5a409d56d005ab1104d0d5dfab202a993a12e7	0.184	1
filter-album-3-11	24033f408853ebb01396e6658686c6524a080588a38201b1d9be8737f9344aad	0.106	1
filter-album-3-12	d43a593c8b55b3a260bb0336e3f98d0cb7b0a505c92f6092606a2f1eb96cd403	0.123	1
filter-album-3-13	218d268fded5403c2cf800e32da3fcfa57f9ab53eaebf16b8e836f6fabaea724	0.119	1
filter-album-3-14	75c6cf2fd64ebd6d2321d79e54bd492d8144609481071446f0a4968562bcb6f7	0.106	1
filter-album-3-15	5fb35bc4a76fc557bae84bee3ffc101d02122eadadb5591b4440c7c4f9084e7c	0.096	1
filter-album-3-16	122db70da34ae6dd75ce5653dd77bb42e43d050b852d406eac14b5521961be56	0.095	1
filter-album-3-17	1313b1df41802718930576dcc215d1215faa63920dc171981f06784826e229fe	0.065	1
filter-album-3-18	46fb1443c7c4ef092c1257f0a2c2e3827bde0d4f31a1b75af6f89fbd2a043175	0.148	1
filter-album-3-19	9b4603b05cdf6d3ba241f4de90227ec2e6ce1541cb2abe351c08db4841e60dc2	0.187	1
filter-album-3-20	ec82846fb69fbcde46f8df4a6b6e5f4b7b60529a89e27d79a4f6ddaf3c4507c7	0.102	1
filter-album-3-21	24567e21e0ac9042f814b86d0861da1e8a161945e3917d1f732587a344782330	0.263	1
filter-album-3-22	b049e03e89456e59de51c1730b471f3a21d69d597aa3cb902b4b6afc30046729	0.116	1
filter-album-3-23	6ac587cdee2d8b6093122093d178b2a509cfd5f9f3b53ddbaedca14e9c4c976f	0.147	1
filter-album-3-24	1c2d6917c2bf900f26798eef759db7429569f84d12f39c2552c92c9aefa9ba73	0.221	1
filter-album-3-25	2d5d12dc4257be52803d3f964df358e9e9d9f5ea3ac021e74558775edcab33b1	0.123	1
filter-album-3-26	792d4069249c95256226873549a5c132fe179be43846708e1c51688cc9ff0ceb	0.059	1
filter-album-3-27	0c8ec26f116aa3d2d68867c00856f877fc64b56f7ff9a52ebd2ef041bc247c0e	0.281	1
filter-album-3-28	537e9a59d7b2bb4413595043aa076faa01c1ad7f0b4b637a494a26f826f93035	0.217	1
filter-album-3-29	190f5aef1e5745c09816d4851a79bb8e2e0a9d2211c6cf63cea230607d0d9a45	0.15	1
filter-album-3-30	e17b696b192159c748d771ab87ebe8eb2621b8ea4e31209fdd429093115741d4	0.141	1
filter-album-4-01	baf21263e5de84fa82c68df63eafef54407cfdb8b77ba0d4119235b048d5468b	0.22	1
filter-album-4-02	e26ad48bd7cac191121f3b03e071f91717ec6df73ba4103064b84e8bafc3fd8c	0.138	1
filter-album-4-03	c44f62ae38198a095c67e57648cfb4def069bb35e2990404dba5fe3029d68460	0.088	1
filter-album-4-04	1de9f4e5f1a4454c0ad4351b63b62be1b3e902ebdc3a74fff175e342a6a723b1	0.2	1
filter-album-4-05	c23bc1e01b343b3d53e388ba8efba33ce1e31e47140d9207bd40615f1b997d19	0.268	1
filter-album-4-06	fd62def1dfaa98b138ebe5c67d505732656cfce7b4d019ad55809e08a29ecd97	0.069	1
filter-album-4-07	a6a55b112fde6cd6cc083d8aebba7300f79d0d9fedc44e0bbe409705b02ed779	0.137	1
filter-album-4-08	2a537cfa2872b52de87a018bb3f6af6d3b5c277ab7f48f44feca76d7f50b7b73	0.316	1
filter-album-4-09	c82762ab0a98ad37af90eb06b251cdcb8c74687280f08c03b691214184d89c2a	0.131	1
filter-album-4-10	ed09552499d980328ea1d7bc51123c377c987eb4806e9c07293cc5a41c6a79ed	0.163	1
filter-album-4-11	7ff85f630b7dc7055630996c076a07f99e3dc28e23fa58f4a41a7d961ba35af0	0.132	1
filter-album-4-12	4ca28f5a82f6a35467b308093fef59496d1fe4be32799f983716edf1f384c925	0.096	1
filter-album-4-13	3aa55469541cae0f7b3699f0e1f34841f64c6c9230b54461668d65d62540385e	0.111	1
filter-album-4-14	6a5a450cee4284f80ef3d3dab545189fc6f7b383ffca63aaa4b77673ca85735f	0.102	1
filter-album-4-15	178545d1f38b78fc0a57a015fb04f0f5bec181998f19b3e97e4e4b6c00212902	0.085	1
filter-album-4-16	57bde8ed62f315b12e0c39e301056d251d9eaa46042f71c9e6c49d1ac4c8172a	0.213	1
filter-album-4-17	c83393e2105ddffdcf8061712b7e4ae20481441bcc7cd1275e35f8fcd5f33a41	0.271	1
filter-album-4-18	b9e25de873d7e2db88085bb91c424ff6a35ccc35b0e7ff4235757f475465eff8	0.232	1
filter-album-4-19	bdd45ef1139f3612fd907ac8f697660b9e87e5c9cf1c9ef5d4531ee15b447f0c	0.191	1
filter-album-4-20	115662b08ef767939da46851a9b56dd4f7f8e7dc30eeff89a4fa2531df9be2d1	0.207	1
filter-album-4-21	8a2a9abe5a18e6ec9c5519c4727026b70ca42b86f23c960b4bb0f884bca17c47	0.164	1
filter-album-4-22	a3274c9236b64e2c5e44c31cce9f4adbed9e0728c33c0148a1515e3a0f590de5	0.149	1
filter-album-4-23	40d36ee937e51ed2d0bd6471361d2483ef9c8a941c7c905b773f203af0eae2fe	0.212	1
filter-album-4-24	7df8eb7108b48b62fef7fd4507e3f6c8ff55d9aa55d8c0e2600cb6b468105bbb	0.16	1
filter-album-4-25	db01d56866517b4c40584163c94d53dc4654b4b78da873a6b49b4cda06241c8e	0.222	1
filter-album-4-26	d2e0c9e50ef673e36fbeae2ead98161bf8591e804b74d30c4ef2e5a5b6f94a58	0.123	1
filter-album-4-27	34ad2e6101778775e6231e2648cb206ddb45be69bb4eb74ba534734054b2edd3	0.211	1
filter-album-4-28	b97bd69fa4c2dc8a0cfe1932ba3b28d12a84b5e3b28173bf4f73af37dc55fdc0	0.165	1
filter-album-4-29	8677d6f93eb1db72f29e1b708d7dbabffe5136cdb963c62fd009039f218759b3	0.184	1
filter-album-4-30	3d5493fd4c4da17ef9514b517c8e791c5ede77ce56787440bb5cf622cf167d87	0.211	1
rank-popularity-001	95e49b2aba2e80a904bbe6bdefa7b9aff2144d3f8464fbfbd2119f17fed5e87e	0.149	1
rank-popularity-002	c3deb4e7fc8ff101a63b7d91626ead186effbb57fdcba4f83d5932d3b6f8693f	0.168	1
rank-popularity-003	cefffe6bca4e75f198dcdc389029b93b32eba5bcec1d57fec9c80fe171a7b810	0.196	1
rank-popularity-004	e2e5dd7a3efc29616137077234505522a845e7d7f9d11bc8ad2f4cb9c45c6729	0.105	1
rank-popularity-005	f655ec4802614a16b74708ff0c66e0326d431ff2555fa6cfcc0c607447a93040	0.154	1
rank-popularity-006	c44be79fd9cd803ab3a4524385c466096c1ca40548c35293e4c8bb3f1d8db111	0.175	1
rank-popularity-007	76e56cd348e46a67ea9ded2b19096f2edc7b6faaf22ba0565f44878f937337dd	0.148	1
rank-popularity-008	2513dc91f97f138718b58b876daa5f3a8a8d3a5e77a348ca75a7ce1457310092	0.168	1
rank-popularity-009	996c45b110f688b76de4605b747050773e2bed6f75a0e775acb5048f3d49501c	0.123	1
rank-popularity-010	7a8ce703584a948f5407d356220a0487c732c277674ce8cd667d4bdd6d58fbcb	0.09	1
rank-popularity-011	a8ac80bb5d73682e067d03511f6e3eff0ee10691b06ca8592c9d057f63744857	0.103	1
rank-popularity-012	2201bfc9533903a12ea0c64cace063087d76a67d69003053e1b3e529cc9a5ad7	0.139	1
rank-popularity-013	c630d2d2985f59d305ffe7f3927203f0e7e5dff14ae4591ce9170e3e8f1e47ec	0.148	1
rank-popularity-014	ead8eb111a4b60a313cf1083733db3da50ac0a1ff32571ee334125c939ed4067	0.23	1
rank-popularity-015	284495377306868c857bcbc4600c36f2f76eb215782e88a04d09e2ddd0ae53d8	0.136	1
rank-popularity-016	d9fc2c982767a466e73c0b88d56d696ea4daf85ad670cb3369ae7747ed1ae328	0.138	1
rank-popularity-017	f211e668cdc44d92b07a3c12ea1a7c2246d2cc1cf34dfbf7a62ecd240a8b2d88	0.195	1
rank-popularity-018	7271a55ae02f378e37f760de33714fd26b835e6fccbb9ce8cbe13d064f82e383	0.127	1
rank-popularity-019	a9a6db2cf665d80f3cd3d9574df5b000657d7c58cf64738b3d38921cd61435a7	0.391	1
rank-popularity-020	25ed296382bbe9d1a95eeb312668d3184a25599603daa5b83c2750f670541608	0.145	1
rank-popularity-021	a5b2a9a1089a9eb75d7f3eaaee527ee6aa7d6e2f12f72b4291d312bb827f0661	0.217	1
rank-popularity-022	6b544246539c2a2ea755f4fed511bcd35c0296b6b61b1e877f9ad1271a80009b	0.171	1
rank-popularity-023	f66588d01e890cd69bff6e4dc1f94bf52f6a402d0fbffde478adc3c92b6453a0	0.228	1
rank-popularity-024	d5e946cd80fd3d0dc68b0f373a9af4b7949847414a8aec436f908181adc4c0e4	0.145	1
rank-popularity-025	aaffbebad545153610f60c9dffaf92521f38ab607fc66a481d4ca1100ea176d7	0.113	1
rank-popularity-026	81737033029e844eccc9e967f0807aaeadd859d66cbb051fea9cbd916bc2b199	0.29	1
rank-popularity-027	76e57ede1fdb6b59beeeaa5121c85b13f1ad9afcae75d83c39eff6f4dc124134	0.185	1
rank-popularity-028	6aa17cf2b2657d061011991e77a845948489debcd30555f6a5b597f397481c80	0.447	1
rank-popularity-029	91a49a691718e98dbb68027b5ef6776c973eb200f1fc0ae3d41581c64ae2f617	0.216	1
rank-popularity-030	98e97929501ca6c98a7c34d4e5897c0cfb80177e25d09b0e6b4988405c0802ba	0.124	1
rank-popularity-031	afef3ba4c0e492f66f2813d9fea9676abb7e1bbfa28e308f184f4d506225e4a8	0.192	1
rank-popularity-032	23d94a0089cac1217721a220c96887b58b3b8be2d31623d830c3ebcfd24ba9c8	0.144	1
rank-popularity-033	16a8834cad1758469b0328c8a59859406387a8cf4172dc0c61b1e7fd40eef240	0.359	1
rank-popularity-034	f45c8f233e7c65c9478966033220c6e90094a1d9d9c3550ad51a87833cea4e92	0.254	1
rank-popularity-035	e45c447448584ee8f8af9583fe1834d7084741227961a9463143f4283fd42d94	0.171	1
rank-popularity-036	4d0f6277b2d916fb65adc1d8d60fd24bc8abfecf0775d90b79760b402c120378	0.157	1
rank-popularity-037	817e368c0c4fd0fb8f7341c0c2eefe900dc3774fb4692828b13fddff2526262c	0.07	1
rank-popularity-038	db3244e767760c521a3b2ba05d31fbe6d76e9b6f11a9405201967ed1bfec37d4	0.085	1
rank-popularity-039	da9127903524207dbe38de72775edca12cbaa65bd0e49bdce56847770384f9ad	0.111	1
rank-popularity-040	75b0ce27a3bf2047c77202fe69795521d92e240a9618a1d93e5b47ccdda85d1c	0.15	1
rank-popularity-041	9554e463715e5803ae84afb64b414d1db02f383e59b5ef45bf985caa3c9bc376	0.15	1
rank-popularity-042	912974703e3dc1495717478f3072cfdd47cf776e36b4150690bf9ee2b314e631	0.097	1
rank-popularity-043	5662cca10023321ffe23604b61c9cb1fa6cb6ac677f778e4ba4cec178ab3121a	0.144	1
rank-popularity-044	ba1ce38e47b5c8f293c86728115e872025230c75325715af3bff8a64714f1785	0.222	1
rank-popularity-045	a5dd13dc5db60182a0e09548a15b8f688359e698d25f386ab00ab5880463e1cc	0.14	1
rank-popularity-046	aea5e5385e54543bb5c22e7fbb9c7a62b458f8ecbc9dbc2003ccd6b5ae0ec4f9	0.196	1
rank-popularity-047	0a661fd30321ddddb24c7e64319eae788a9f76775615907cdccd1fef2597c09a	0.251	1
rank-popularity-048	235adb66d3a423487ef307d538bbcd84a1c1dcc1a292c1c6e683b0723112384a	0.177	1
rank-popularity-049	f3e767dd5edb3b690f453f83738c1a6472b28aad6ff51c660e3be91a702e72c3	0.154	1
rank-popularity-050	96430c402ef0dc9d2bfdf273f21f7f7bf4465339cc5cef9c60c998ee4adf906b	0.306	1
rank-popularity-051	7e3891be89ce72db1d914324a9092b687d8ddb50689c481c8669b0f9de98c975	0.146	1
rank-popularity-052	fef75d1fdd73d49dd62ce51478ffd4d353cc78583ba0df818498fb0566052d5e	0.171	1
rank-popularity-053	0d36919ad6f4c4dcff6a0d64caa849e5c8c8d79ed1b17d4cbf863b5a40f113df	0.189	1
rank-popularity-054	5e2c1611e943967caefd01c269b71a7a70f71e64ff5c0da571ec5ec5dfe373bb	0.19	1
rank-popularity-055	c11a37fd39b1e945bdc65a35e75dbaab684e5fdb1702986fa6706201a06c16b6	0.418	1
rank-popularity-056	04b1bc8da7b01b9e88e3859cf4e926372749a1f28248e5712648c99eae527343	0.159	1
rank-popularity-057	7f8a8cd60dbb9183b319c6aa14cd213ea6269a254f9affc69fa24fe43f6a2d46	0.129	1
rank-popularity-058	0da3294e350b760e3c53dd754d93a9f310e08d96f8745d2b7e270fff58718329	0.195	1
rank-popularity-059	c3222c51ce7c40df1f89d7354dbf267028e0f0f6253182ecbd12aded212624d4	0.266	1
rank-popularity-060	c78fe967ee0b4c32785176774c13b3be903c99c72b918a95e59dc80c4c93f9a0	0.25	1
rank-popularity-061	8fdd1227ab3573954f2a077adc6ad9417d688b642555b98609045e5e0bc3631d	0.117	1
rank-popularity-062	a6b541467c790060888266cdf9fa9a186d809ff2774e1f6ccf43789ef1d0edf5	0.222	1
rank-popularity-063	45362cfd031493bf373a8554651845d40ba1a3e19f7e69757553c613b2cdfc57	0.192	1
rank-popularity-064	6c43d03055b3475b81a4678adf75d6087e96ce88f5ca05616fd01cd1c301fb4b	0.1	1
rank-popularity-065	27fb5f9388494b43dbcd1da31571613530ae1125fdd60dcd24f0773b16e30370	0.261	1
rank-popularity-066	d49a9b8189bcf88dfdd8d3e703be8352ea76a6b6c5909912356777dfd54fdb77	0.156	1
rank-popularity-067	42ae1080959dee3a3a03a02870c8da5d151c72c09a7c9a99c5e27a6f445f4d1c	0.097	1
rank-popularity-068	3b733777a56f36bed3cac8c68cf0cb6bcaa1dc696fa1c24cb4d167934d1f2b9a	0.15	1
rank-popularity-069	727abc440f11d5ea680d98cd2484ff339c580500f798eae1d7ca700f974bf51f	0.407	1
rank-popularity-070	00a625150bdaf7d6f1f90159f8dd2a1dfcf753d110c7b526fe9fa2a07789499b	0.189	1
rank-popularity-071	ffac814c448e8532eb9c2bb733f179696b1ef656ae7761b6751dd579bd90e8ed	0.281	1
rank-popularity-072	ac332c06c8a5f92f1dc1e3852cbd82a6178393957ef05e4725be83c3c48e20a6	0.172	1
rank-popularity-073	be3dfcc74af072cb4067c5c34561d9e3b2445240a4386ebddee6d7eb5ec251b5	0.354	1
rank-popularity-074	6484e5f0097b8d1fc35f866cc03cafe78fedf91ea12adb75b5b2e80ad7a7fa1b	0.111	1
rank-popularity-075	416c4583fd52e01f9aa3beb3ebb1f3f1d1ccd135a7a466c875241ca4295f3143	0.153	1
rank-popularity-076	1d308d6e54d8083a4550ae8e581595ab2d5df78ebbf71dee4c2669f94b3efecf	0.129	1
rank-popularity-077	f71e11e545036700dbce36de4614a65f436e4d5ec3904f157d6d30ded3e1dc8b	0.174	1
rank-popularity-078	4e6b46f7d7ea5cf8d89234217e375c2fa90f7b759cfcc178699092681551727b	0.264	1
rank-popularity-079	919d5503171a17926b4acb7027f6b2be5167025984d519457f41db38e5681e03	0.144	1
rank-popularity-080	16d36180dcea05b1f055fa56797822793cc37bb0bffb2924b32294c5915c0f46	0.116	1
rank-popularity-081	5dfb3b3414f222e7df2e8108ebe641c4e167717800441bf9ba6c9b0f74161532	0.153	1
rank-popularity-082	25a101ad5a39610f1b7c7c0bd7fcc8c027e9c97fe9f53db9217db87abccae86c	0.198	1
rank-popularity-083	553d96314ccef0dff034b296bcde9079065d8632a9f0a7006bf4d0b5462f12d1	0.105	1
rank-popularity-084	e720c4a460f1814002792d95edc45c842ce3de437914daf2cfa94a4b08a9760d	0.126	1
rank-popularity-085	684c1482462157357993c2fb239018304d1ee3049380eb4848495d200ce202ae	0.156	1
rank-popularity-086	b6c2ce537660f562260e6e9af71327cd4c06829339063046fbf2fe7cdefc0039	0.144	1
rank-popularity-087	40d166d806d439d8844573a7782f4b10941fa1f36384f68ddbcd26db3cc564ba	0.163	1
rank-popularity-088	743e0dd9cb5dd0ed073a22f29d3314ee6563c930304a27985fdef17b06e3df34	0.148	1
rank-popularity-089	631b8a265c25a51daf8e7f15c67cb2053f7db849fd516f63bd74e7d20763592c	0.099	1
rank-popularity-090	31e0439bb60c3abe2aac3c6784a50a25fa537d960064101631e59ff18d04560d	0.13	1
rank-popularity-091	ff805dfcbc9ef0dab94e3941f785427c65b133cbbcbf8252fdac91c37c38d4b5	0.08	1
rank-popularity-092	0f92544d15bc2c3c0b5c39e5a59e690046a4d0ab2c4581770f1f95974bcd9713	0.148	1
rank-popularity-093	0f87e6af8852f910c3b7d1e60e69d05c0110b4c2f377e4480628bde669538d61	0.327	1
rank-popularity-094	b34a266e6919ea8d759de8f7fc8a357aa9e0362bb400f6fd0332ab6e93b8a150	0.252	1
rank-popularity-095	acfc9d91be1088eb234550c3aa083336551e907173c7992d5b5fb126e4d21025	0.103	1
rank-popularity-096	9478fb2db60d6addf5a4aeb1f633d223d0425080cc0b70ad594ce196c0566221	0.165	1
rank-popularity-097	15be336cf94b1f3a2e7f2b8236f6e4cf360c4b6dc854c8c0f8cb26fb880ca52a	0.128	1
rank-popularity-098	78b203a6df83fa2074a172ff123e459fa56d18d0e10406d82ead3280e7acb8cb	0.203	1
rank-popularity-099	f962a18ac285a607d45c845f14afdc172dcaa94be3bdfd34cc73358c81c60734	0.121	1
rank-popularity-100	df199411dd376c763bbf913b353b7dc41718afd955c9df44100780bbb1c93c21	0.102	1
rank-popularity-101	ecc733f5f28bcd1549f45873fb905f480244f6d8a8d60e6416ee9ac5d9f3fc65	0.163	1
rank-popularity-102	ce4f7be5c36d25cae62092c574c108709595bce48a0548d29f4c8c141bb1942b	0.121	1
rank-popularity-103	45c8490852479b1380cd399d6fd623350a12afa4e1011d020f69d1412d92597b	0.205	1
rank-popularity-104	6d961d7b64cb6237eb614e2313a0c2138e95fcc0c5d0551ea220adfc620042cf	0.101	1
rank-popularity-105	e68a626aedd40bf048c438988d6f667cd133efd7a29b67dfb669f0662252a66b	0.146	1
rank-popularity-106	00c8dba077203cb01740ebab3e45bda6f1c27706846b32b0945e20682adfe024	0.169	1
rank-popularity-107	02c174cbd051c63e781678d9075bb457299b04704dfc78e922e7d62c1448dad5	0.12	1
rank-popularity-108	633ee3e9c09fae866f185ffb6d753f07d91b121c03b8092431c1609da03473ea	0.091	1
rank-popularity-109	9f92b9845883bb2543cf614b1a34338f2c1acf10bcd6080096c6d612e6a85780	0.072	1
rank-popularity-110	a22034c4c6d8ad087c2b91c786152c82685aaca0327b15393de3452150e67e4a	0.154	1
rank-popularity-111	1c4419e47e807d79b4cfac1a6604976f64c89326fc49abae4eca397e2c7e12ae	0.209	1
rank-popularity-112	726a550ecaa7bb7988a2f71047a2c2b1a907d253849eeab2b7e767772bd086f1	0.099	1
rank-popularity-113	2370af2ecf93ac39500ea105d09c4d09f5fed8b522009efe4d583044c9149397	0.075	1
rank-popularity-114	70a2deb25257be78d2278d5c4d7dce4d8e6efe6d5172fec14f681576fbca7ef8	0.143	1
rank-popularity-115	1b59f06f8f74c727d8d958d9f41d5417f8c5d4fa54cca6aeab510d682ce482bc	0.094	1
rank-popularity-116	a756ee6dcc85137b832f8d0a5c773e84373dcabd8a6141467f08005c42ecd06f	0.228	1
rank-popularity-117	c608e3cc81236e85ee4cbfec787e033d01e896cf81ccf7bc64a8f6730ed4476f	0.102	1
rank-popularity-118	24f868d90c00b1a0306f0658676a1cb68d81b989f8729551cd371746a95adb97	0.178	1
rank-popularity-119	6886529ec1fddb9f3ece7c563d33b0105b5ca10ea9317a684a2d702bf8fd654b	0.213	1
rank-popularity-120	404ca4732383d4070720846cca5c0efd754e284b7472a883ded750d1671b3021	0.075	1
rank-popularity-121	9b686d707797d53149fcdb5563ccd8a2c91bab96c314fb4eb95c8354d875b7ee	0.067	1
rank-popularity-122	4baca4fbdb32012699c8e56ba5dd2f9d1863ae551c5389fad686f26d5902f0c5	0.195	1
rank-popularity-123	8ee39b655bf12d5632ee3de3437aa803f57b4cb5916aae174f5c74b2a2578e9c	0.099	1
rank-popularity-124	bf13ce0aee70dca7e915472ff71c1fa17300c4ea3433a71f53c26d3723766b7a	0.191	1
rank-popularity-125	892703f0974fa0ff95c117a2a7cc713db749da788f8e9b097a0f083955afa4f4	0.273	1
rank-popularity-126	aef411892872edc8fdd54f38030212f0c2d1b69b08cca1ed0b9b63b324c5d660	0.226	1
rank-popularity-127	577367aaeabfec398d8f32db379897156c5f984ba89b688328a1eaae9892046d	0.165	1
rank-popularity-128	88b9ce412ef0ea691589f096661dc847fcb1907384abb4a4e4e4085ba6beab88	0.183	1
rank-popularity-129	82d055e00d960d94a55bd368ca47531af155c8fea178fc5d2fcedfb6ec1a1b16	0.135	1
rank-popularity-130	022678fc91d602d5aa09bf993be6fd34cf58e98e124d6e285ae796570c4fc4b1	0.097	1
rank-popularity-131	9dfd2e2496731c4659f440dc01f910e1b9f2f37fa923683baeb3846fcf0fd3a1	0.122	1
rank-popularity-132	5a8a2ec8ba4baf6eae6a49c88b1e22c82035c08ae6b969dd16c11836d66bb5cf	0.099	1
rank-popularity-133	e0366ab57b1b906bd71f9499661f395b87593af4c2e263989072f3cf4910946a	0.081	1
rank-popularity-134	3a3aabf5896e94d9351ee158ac72aa596e4315fe345ee53e44812163dd28099b	0.147	1
rank-popularity-135	4b45887fc64da3ab77055af7bc8ef343f180ca8f33ded605aea3795962425f74	0.19	1
rank-popularity-136	3c9147e15853b38089e404aaefba275b85d82cf14b747f03f94720fed8d9d637	0.109	1
rank-popularity-137	56f2cfa66dbf851a226dbef95f94112bd432ea734cde89ec5845a5e3f0a9f03d	0.212	1
rank-popularity-138	668d616f5f5c687a842b59b09bd7e3725a8af85b874de1615f9d1033ae6c7ab4	0.122	1
rank-popularity-139	e3d35c4a8c72c6a8340bc8c021ce0732e4220d33e139b42cf3c0c153875c87f9	0.199	1
rank-popularity-140	651b5bf4d012b279de781c7a9b7debf5e7313a55f31427ce69869647c47c82b3	0.201	1
rank-popularity-141	32211fec279794d07711fb12e1588da8730f853686272e7dc7fc0bb41f5c5036	0.175	1
rank-popularity-142	435915c875acf225fe799129995ef6703b349f44720539ec465c7deebccfcb6d	0.174	1
rank-popularity-143	ce9db9027683a839c8206aa4ee75853f181d6c358bf4047f4d45513df6c15662	0.129	1
rank-popularity-144	2fa11e877cc54f7df24b1a1210156527ae2965529d1be93f24690e0525cb22f4	0.076	1
rank-popularity-145	2239a8e3753e861ebbdc0b8bab1fd163db91bac494e645d19dd1c27b94cfad7f	0.098	1
rank-popularity-146	9708e935ae2eeb9c267ab6d1c99622defca3250b498aaad3041332c581603405	0.182	1
rank-popularity-147	2d5df19514583df8c3d9ffe4fcbcc14f15ea7194880511573cc0bad9d09f3dd8	0.224	1
rank-popularity-148	581eb29984455e29655d0013104ef9bb23ea261589b795dd4b220624ac38aa44	0.113	1
rank-popularity-149	7fab3f8167a68aae2f929a2091ef6c03a4d72310af6333c52b0a635cb21cf340	0.186	1
rank-popularity-150	f542355b65b3d6953f327a883128bf403035679fed4fa82cc7b726c51511ebd3	0.149	1
rank-popularity-151	335859cb2dca6f25ca990c231fe1878d324305e770cccb1ab12fcaac3bef3683	0.167	1
rank-popularity-152	9592cc4b06841bfb65d1d40ac6c3a0d59e81c43e4c18bf76b28673027e426a07	0.109	1
rank-popularity-153	ac9bfefff341fbe0c375797e0849ab944c6056e586d2d4d016e15c06fd3d1030	0.172	1
rank-popularity-154	a971c0d4cb69b85d349d94f51119c6724154f0b253422e4c182da1c900c948a2	0.14	1
rank-popularity-155	c5730d7f442efd7e470812853f6e6574d4da579366a5e383cbb6912e3d43a93d	0.151	1
rank-popularity-156	641f1e702fdd200685f6bdde0931da31e33242a781262352a19cfbc67b0a226f	0.181	1
rank-popularity-157	a633515fa1de5804abe74256d1cb7ed774b80af353ff5b87a004e772cbbbc19c	0.159	1
rank-popularity-158	ed27ed16738ecc1d23187247e81b34bd09d9990c6c6cafde481ddb8555eb48a0	0.156	1
rank-popularity-159	3aac63e938a1e8b946aab4d13df170367ba85a64b26bb9c5da715c94e6f76e82	0.157	1
rank-popularity-160	eb8884eb311e67117c39aeaf75324a938a04fe132a2f05fa550dbb2e73cd5628	0.109	1
rank-popularity-161	636c84799f4b4c37fc3bc1b3a8cbad28c3db213dbf4731606f8190e37c98aac3	0.165	1
rank-popularity-162	8673a9fff3471581e9c129219866dbc34fe880e082c998a58e3e9aac8114101e	0.15	1
rank-popularity-163	3a5787f3d064ebd89ff6ef4d93f623051ef8175862fa16cf5a331dd459289c9a	0.174	1
rank-popularity-164	8ac2db5d3f124494bbf308ae186625081d03c29b7bde15c945b2982adcf9e376	0.157	1
rank-popularity-165	fd2390531e8e036cee28731323159f02d84d2a215d75a2a5d8ff6fdb12904acd	0.129	1
rank-popularity-166	a9f5ffb42b038a344479ed184215a0925106a549dae94097cf1c0485e31e529a	0.374	1
rank-popularity-167	f41e15be72cd3aed9ede2980e6c8a9316cec1324aeff615cf7d61508e00beeb9	0.175	1
rank-popularity-168	e4feed29276e078c98e448721dd988f63adfc7c3a378d9a4679003d16f83473a	0.243	1
rank-popularity-169	b11f188a477a4a8cd3b32d0650df9cedd2b7f57e861815fae631d775646bc853	0.141	1
rank-popularity-170	7b80369e179f2ef3a5386e35126cf8cdbda0f638daa4886d3b518499f85912ab	0.167	1
rank-popularity-171	c6fb302e5a70ca84248eaf60874104453d634d6437f2796570732c00cfc79744	0.138	1
rank-date-001	6c959c6418a26db43b360c026aefbfc0d2b4c944220dd7f2369e8c7467bedf29	0.124	1
rank-date-002	e188728a4792b50a753aead5e9aeaa66d9684b833e0472d8cedd6edabddfbef0	0.236	1
rank-date-003	a320fc12bdc306c0a43ae09ce5041cdf197975f2d0af3ddbebe948707aad150e	0.088	1
rank-date-004	f6389003ed382236e3c9e822c8cff037f58dc3e5fda05f1e794c39dbb430e99c	0.188	1
rank-date-005	a044971157aa9ebbd505427548937880a0396647ed5728795ef370de4406b227	0.159	1
rank-date-006	5d613691994d9c42f3a5147f72889deb3c1338ade6bff36a84791aba3590bfbc	0.091	1
rank-date-007	162129441179aa50a2ee35146f70b66aa548e4be82de375a03a79cf1d39d7b61	0.133	1
rank-date-008	251462a65779e34a542ffb09f781df3f8f4d2fdf55171b51a4341972ce456ba3	0.192	1
rank-date-009	9186eadc20b8cfe1e340c53890c2b5a07f5a343308c37f24a36c13a26b9f5425	0.221	1
rank-date-010	93718c58d556d4af4357a727e84c58ca45ca68f1d13f25ec287e7afd0e119a78	0.148	1
rank-date-011	8a13ffe32a00f0911886e8f725c0c09ad276dcf1c42a73feb324b567b30a0b2b	0.123	1
rank-date-012	bb668373bf7da7ea1b9a3165a80494647600809919762deda70ba82f3f666b0e	0.15	1
rank-date-013	415132c0af7b588de16359508a8adaaff992d6b16d8aeec70de521cf7eb70005	0.139	1
rank-date-014	2f93a4dbd02130c979b4f2bcc0c05cfd5dbbcb246176a29178e60b3f00ea7c5d	0.098	1
rank-date-015	f563b310abd7e97b6208fd4085df42c98d2bf309a2c30adec8e9e546dd338f3c	0.207	1
rank-date-016	034c9d6e72db60eb21b0ad9e65d5f6b80a7851aba7a0de487e8dd42d667efe34	0.161	1
rank-date-017	658fbfca34c93f618ce2af16d02d2bc4911e2f78920086aac3658c785116e392	0.147	1
rank-date-018	be12d2a7074842029eb9d7aa6db8ed7a8091c13725446f06d702464d9a81f2f2	0.195	1
rank-date-019	5a63869a53bae86e1c043585afcec6089304e0d9ec5f7f3da1d020461010958a	0.217	1
rank-date-020	851c136eb17bf6379b2713ae17be94e371fba961e7c1bcdc2f66f56118ae1492	0.328	1
rank-date-021	2022c4d920cfde072bf04674694337d8bf7b99b36572f767cb2b25436fc5b1c3	0.114	1
rank-date-022	b8f903347859dbe51f385db9918542a8a7a7e80e7e6be9352e22e84e0455d85e	0.105	1
rank-date-023	f911651f9d16fcbe12bcffcbfcc437cf416a2c426e54ea3a26451a6bc9f30d56	0.112	1
rank-date-024	9c82a995305b420d096472d8e614b7ffeeb46db620bdec4a58be061331388d22	0.172	1
rank-date-025	087c5622d6d4f7a260778e21b650b48ed7367701a7e9ecb69a39c7165d8da651	0.196	1
rank-date-026	a523ead115b5f0819a1efdeb60929de31cc7733377e43c170b857112e865bb94	0.181	1
rank-date-027	2347c083b46a7c9cba245d275d29169a89b522f6eabaadef47bfc29afe60ab5e	0.268	1
rank-date-028	1cde5f5ec5c781029a8f235cfbbeed61eef3664e7290b88739b8d4aa64145c0e	0.222	1
rank-date-029	1d4f2df087c20150a2ec9ff2424de72ccd445ee1bb80b0b76b62fb8dd62719c1	0.112	1
rank-date-030	949e1763a37ac78733ad4f6a4b3bd92afd05bfd346e4da8d368d7e365276ab09	0.105	1
rank-date-031	944da6c850756dd916f7afb6d9f6578b50a9fcb3a28d2c913a9d19e041ea0961	0.097	1
rank-date-032	7c2e1a66dada153a09c46e8a6707748f0a449572f3ec84b912e6680f46888a04	0.125	1
rank-date-033	b026314ff4059c5f0436e24fdaa23de921b7927cfea5d66f1bdbee53fab74778	0.165	1
rank-date-034	b99f68d329280573b353ae705cc2b2cd6aec2010203ab7dcdfb09bfa3774ef98	0.121	1
rank-date-035	a74ac2bf781ef27b3e18c32f080262d39478b578327f680979326a8707ad278b	0.141	1
rank-date-036	99a4615945c029a9140b41cbd7437277d8c79f6a2825e0300a5d9c839062ce3f	0.202	1
rank-date-037	cdcc56cb670b44c94e445c3417e5b34164d99e12ea71600b6435b219b21764f5	0.279	1
rank-date-038	743eca1bcf448680e920664f4fa860630bafd369aa727167a5e087b2e34f255f	0.111	1
rank-date-039	03646c5a6d1ac2361750a38ee9f243620877497edf656cce95b5b3e94446bb98	0.119	1
rank-date-040	7d32d1e0a81906fe316bcf1bd47d77edcb42d527bdb14b325e08e2b0975b7776	0.113	1
rank-date-041	adbcaa907391698424a9ba14c225da1ca9e4de4b528596312c74479080c59b20	0.133	1
rank-date-042	5d3017e6c0851bde20eac09c7626bf2fba745af14d00f12a134ab4a8246c908a	0.171	1
rank-date-043	511c35ab29383e702b3296e5a672bd7ad2409eee4e2bd4cdf4483537d4dc78aa	0.208	1
rank-date-044	067ab2e003198752202944a19fba9fbaf8c5497ba58919231af85342ceee86e6	0.123	1
rank-date-045	ed8ebfc5ae3ac8a9a13717dfc2648302b1e1db64dcce836f65779f5164563ea6	0.189	1
rank-date-046	df0106e70f21427c5a7fe5dadd2cf21ea1c3afd3248bdfd93bef78bd39962871	0.183	1
rank-date-047	0a4ee7315f70e2ff9e7a18f0efee5adc7d663ce6d8b0381e13da8793a6d1a24b	0.124	1
rank-date-048	cb06cd60ffbddfc4e1a36063a22715cff4ac8ee85956a24957cd114bd8727ad7	0.117	1
rank-date-049	76e8e4a74d8675a0d300a2d642910c3fa2b16290d17c7dc4c53816955d8863b5	0.148	1
rank-date-050	9214e3799149ef22d3d7eb7562f205f5391bc81577a526d3cb39407d6e8d4dd2	0.188	1
rank-date-051	219c4056ba3784418dcc3240d812ee90b9cb6f7bf2450ca41c10b996dc73bc13	0.136	1
rank-date-052	34f638fa24b114aeecf3db044ec0f920484e9e440771665538fc26f4dbd15a32	0.284	1
rank-date-053	2461d444c34aa5a3311221c62e446a6a91667884d543b9718504a1b005813981	0.123	1
rank-date-054	4e79673a80aaeefa5b44e04741d3ea575534a29d65c2caf6a1f7558f609cd999	0.316	1
rank-date-055	b76e7b92996d057102f2305f587185ad7ba67442efae0feb5c1885e8038ae332	0.203	1
rank-date-056	b77877ba2f17f323ceedf8f7842326335b9a5e39107e722d0cb8cbe16cf34bf8	0.37	1
rank-date-057	8cea6a0ecec021e7bfcb3ff1e6603c1d0c80f1ba02f9bf21516628625378ad32	0.178	1
rank-date-058	ea35fa5e57a121612f592e2a2b0704a17b0b695a483d79b568ff36c6eccef2a2	0.14	1
rank-date-059	deff95be224f10858e466c58e9e9522ce82dcf9fbc58918439e99fe823de4c4d	0.225	1
rank-date-060	d122a0e07cdc2e3dacf4fa019f7ecd08abec6fca7d8e7dd56c9df7bc3e895965	0.1	1
rank-date-061	678a5964447a1abd60676c5c26eb73ccffe1c9a4ce2826d06bfb27b938966c01	0.234	1
rank-date-062	145465a74911662949a2f11d0e6e02517eabc0f34b60565f43b83c5c7b446247	0.183	1
rank-date-063	db19874dae35717d1689d8f73a054c376f26ee4bbdbc11bcb86683ecaa5c7194	0.192	1
rank-date-064	34dd8eb78f441463a20d0ad1300f8a28cfc4533c3c9daf551484424371c8f1d2	0.09	1
rank-date-065	2a634d2cb28c27051ddea6395deb37d0ce91ca632c6df3bcea020450eee761f6	0.225	1
rank-date-066	3a9f02e16a9f3be4de7371b2e87f05a96cb890067c25b6eea27823967b91c511	0.176	1
rank-date-067	80eceac8cd9b69f68687c45b933c1623ee3328a9f69422dc111c016195bcf4f1	0.125	1
rank-date-068	a6400b428c2c7b682cc88804ed7d1e773e45004ab7c644b41c7c75f8d7d26fb7	0.149	1
rank-date-069	eb9e2fe3088d2cb828a1832e3626da2adb32a885fd92a77d2113550556803b95	0.142	1
rank-date-070	fceeb9397d058b730c800ee2230bb92ced6df64321fa1f90e83a9ff3218753a0	0.25	1
rank-date-071	3b25f13ca031c4c568f641deb814c2b9c79e9e1c7ff3a8d0fcfdeee9bdb90485	0.133	1
rank-date-072	c5c7df60bcda06ccc58967dbf44a1651cc1439190a8d21a4263184553b673b7b	0.113	1
rank-date-073	478bbb734019b7542aaecc9f83fa96807e316bca115f85ea1e2d2555fc69d07d	0.124	1
rank-date-074	545e5222fce8c8cb1f307d879cbb2dce8d8d764c2ea75d795c504736480a1d55	0.298	1
rank-date-075	90c69387976d2b3eccf61013909a5e3d2bfda4aaa892517fcdc444397c33c099	0.077	1
rank-date-076	2c8fba8757758e2fe717bb5ca9b293d5ab72c4d3de55854047395cd670e64124	0.16	1
rank-date-077	bb85bd80d70259c685d5e9d483c5fb474c11a14c66bea43b65c43eb026cc6c7d	0.127	1
rank-date-078	a4e722a7414de87ea53c6fc3e9a48d584727e71b3d7912a492001a74d435f012	0.13	1
rank-date-079	3dfc17149ed7355902d516bb2a94adf765d0a5684d4550a09ea2a25e83fd8b10	0.105	1
rank-date-080	2c446bab123aefcb2996656828613861e2d882daff36deb3621d61201f046fa6	0.189	1
rank-date-081	645a9edc02abd22154c81b2156fee9f78b29b17e7d01a9d183100d8ac9e30666	0.247	1
rank-date-082	f1a5429db9d7b6e2b00eee0a5cd621594005e9c17f554a29ec582cc6ba87f60e	0.164	1
rank-date-083	d9ad67eee65939ce866e589a953a28453c4b3d77f4809523e1ab3ae869e32629	0.106	1
rank-date-084	3e10d7a5ce12be9472e941049cdd7fbf174afccb6a38b3866e16787d454134a9	0.16	1
rank-date-085	8c4623a6725d36b89ebe601c3a35be776aa995bafceeb5a34e2867e118375ab6	0.09	1
rank-date-086	244896b522d62e94bfbe43b37b62af65c9adddb74c515ed5d3ebee7851e5511c	0.32	1
rank-date-087	729802271f3b2afccce5ed82c216829950b4adc757f152df6f16826a7ef2838a	0.11	1
rank-date-088	5e7afd7f67851b387edbf639503be9024b70bec777edd3d3b9ae0321663f6952	0.147	1
rank-date-089	7977cff13f2d6929a8d4a52bdc971156cc03cbb479067ab03fbf92e528d2040e	0.162	1
rank-date-090	3c3035ca18a54c651312f188584b563113995e369049576ec0c2599860458cc8	0.142	1
rank-date-091	ab3122705d57ad7d2a5c3fbd898c9cc1a1bd4f173a52de0a3211268a0327d373	0.127	1
rank-date-092	57aee38229713556191b376ec7c803fadd6cb5bce470eebcad89f53a3d6e38fd	0.145	1
rank-date-093	13ddff7a750c3285ca7b98644bdf30a7b5eea41c0c4eae9b7be5856d0718c779	0.203	1
rank-date-094	a644e418849c413e6f8fe13efd21e6e862b83278aef772a4974ac57e1d1fd1ca	0.124	1
rank-date-095	133761800870e789b3f66654b33fa2c984ca97604bd1323093bd3a1ade2076e5	0.111	1
rank-date-096	1b3f2d7c731d6b1cae64237e4cc1950deb34f3f2fdfc6f91ecbd9d40b303abb0	0.195	1
rank-date-097	6adaed2a24f61c487dcb2ace24b81196449fd4e20f14e07c1603b1155cac9d19	0.147	1
rank-date-098	ed5dfe9ee1dc9fbcaa9ce20c1b5b99f08d55df82ed56ffa36f36d3d45adea0c9	0.104	1
rank-date-099	5e257ed2979c62e29d34381b5e2ef6d954cf46bbdab6a3b0ce5721426f431fed	0.095	1
rank-date-100	f0a04cc12b31ec1864af65d8370519f7148def3df729d6e97de31e01d8db21d0	0.347	1
rank-date-101	5c94ba7d2ebd1f56a5de171874f87ca344c5a6f3711a47fa011165daf88ea0c3	0.167	1
rank-date-102	7a8f5e5ee4224d998ac848ead1b19878e1030da83eeb393305ba3604ddeb2da1	0.078	1
rank-date-103	4371253e74d65d8e1fa70a23884b043d93385cab39ef320ced167f7556bc325a	0.143	1
rank-date-104	58fdbd5a7354e193944711a960791fbf9a1dc4b80155ee4dde65d4d63f688ba1	0.106	1
rank-date-105	8e7eff4421d094279d825c79f3208c43082a13c54616bf5023c788964e06b459	0.215	1
rank-date-106	fdd51d70e40b03409b5565188c2a85c0838ec38f60055c489ce62b442e67d348	0.148	1
rank-date-107	44a015d33eaf3a22a04fe8832fa97601dc8c739c0b4c6021cb83ab68706c8af6	0.142	1
rank-date-108	da200aaf3884810f12d3a4a217e00a76eddb69a5878d18b8d19f1151aa15e281	0.151	1
rank-date-109	0c89b5968ae73e84ba642af1918c115072081cf298d5857b939f3d7ed2e15391	0.098	1
rank-date-110	c4a0108238dfd7d79672f6e4073c28803d81e0840c4a832e1ad477ced76addf8	0.06	1
rank-date-111	6dcedfd32e67c9d519b3888a4f9e2ca7985b6bafb16546a334d726820e31708c	0.212	1
rank-date-112	ada51aabb7c758ca720680904639dc96597dd45fe56933e6ca3ad121a1bf28e5	0.181	1
rank-date-113	28152f1a329ff617203bb5fd91fdb2a4a930dc5adc9d617d9a922c1a60982226	0.197	1
rank-date-114	6d67d46b5b7532c41b2356520137fd45b0638a5ea57adece05dcde5bb7b39f43	0.153	1
rank-date-115	9bc66096a9d5ed5df8e28c9dcedc5c95f578c7b6346d75e36d99779b824c26df	0.242	1
rank-date-116	daf15faf68fca717f85e94d9580f20fbfd7685168b9789ff8068ecd9fe4e9e67	0.149	1
rank-date-117	c55e53f9dcd8eef20612620ab32aa858ca09f32a94e3bbcd884a51fbe25ba937	0.232	1
rank-date-118	97fa65e0b7a34fea332e653fcb2a8a662a55c6c88e805ed4485a9748a35afeab	0.135	1
rank-date-119	62771be3e22bd23636af5161a0ea24a0899912c1c4a25a10babadde8458b5e82	0.055	1
rank-date-120	8e2d91985732d45eb54c823b937e3955d642bdcc31b191e4354a609c496c4b11	0.055	1
rank-date-121	e75ff91df908e73258119142efe84297d1405e19e33b4a83ba8521a1116f2c6a	0.136	1
rank-date-122	18facff01c02a562dbc34cce12eab3c7093202fd869af6f5a478960d04f13e6f	0.076	1
rank-date-123	c172135eafe5318cd206cef6873445302fa00b3e6b6ae15a08a5c163a1b57dae	0.081	1
rank-date-124	8f2ecb300fe209a478561d21df5f66465932cfcec223237d85b59098aaf74943	0.137	1
rank-date-125	8a9fe88d310661505624455181393b4e6bdde8425772855dc05f24143485252d	0.228	1
rank-date-126	1c519726b18bf7da765b0ceded497215e889e857953ff92b5a37e74521b2b662	0.066	1
rank-date-127	0d5bd78ddacc02815646a20a2076fe4fae6351dbf7f9aae630536693dc4fd2ac	0.096	1
rank-date-128	2878fe8dabdc9695e87e30ed4279947c38453bf5f862d1a1d5499f1a57404df1	0.128	1
rank-date-129	2b6117d6dc9ddd10669c5552304643afb611fb33f2c8dfd5b7a6c3726cd83232	0.059	1
rank-date-130	45552f8ffbf6427103bbd90775c8f55cf583306f6613fdb15ea488bd2188b0ab	0.084	1
rank-date-131	fa6d93dc25080c728c104b227d8b53f2e3d9c0776d3aeb4b63bfd041c533d808	0.11	1
rank-date-132	2c4f35f7bd59c7aa2ea265cfaf7843a4db39c6a25930b8db9c175965a677b269	0.11	1
rank-date-133	a903533f6c9ab72ad8e872466873bb7e752fbfc57a6577abc5871966ea7dbf98	0.109	1
rank-date-134	ad90f2e60728050061cd28e758e06543f74b9b96d48359cb01177d7beb523cb9	0.157	1
rank-date-135	d7a87c52849adb43e9e571d3b8abde77e1efe5849c39b2ac9871b855cae93315	0.084	1
rank-date-136	3fc45a017731d741fb83d08f5333d8ef02f909018c60ba63bca4e3331e138c47	0.122	1
rank-date-137	f56f2e6cc5a2351d5b34c48d44fa910c29d4d6cf3d09d177d4dfce339cf64ea5	0.107	1
rank-date-138	a65e38fd2b315cbc656a3ce57ed60d8229e2224fb6af871a6083ebb9925900e1	0.213	1
rank-date-139	eac486012792af7d5aa9424b6179abd0ee860004d4cba3e6b85b3c90a08a2c74	0.123	1
rank-date-140	8c43ddcd10b31986ac7e34fa3f4a2f080b75fbe2ef82fbce9843f698babf5f09	0.141	1
rank-date-141	db5cb5c9d0c74ff17c60802141fb541d3478e9ecbd988ea0c7786f78b42e9dcf	0.145	1
rank-date-142	fd7930d3963cfa9218777d84ae403c894536ed6cdf6115c95a0853ee6ba22652	0.14	1
rank-date-143	afe884c1d449a92d44670cba8f4f968716dbc7770e78666ade463556363026d1	0.159	1
rank-date-144	76f9d26f69e6e13f7cd9d5b1aaa0d531fc0e945e6e296de37b2cbbd4a592491c	0.101	1
rank-date-145	26784e2d8a970a452753970ea5a98df399ed6e8496364ef8016f14300c333ab5	0.06	1
rank-date-146	b369979aea1c49cd218dffb1034382077cd0080d66d9bd88ae4607ab28b7182c	0.084	1
rank-date-147	510ed93d3bada8c00c493cf2b84d4152e235d6f06701a9ef00f94f4b9ff150b7	0.093	1
rank-date-148	5e93944802014c318ac3029968130f0c4ad8dbcfa88c493c0e17fd6cdaa504e9	0.146	1
rank-date-149	46d5777f4c1be4a09ef5acfa707d3d39a1191faa7869da47b4b17532fae7aa65	0.116	1
rank-date-150	01f4985f172114eee9b62abb64b4e5fcfffc97685793f4d8837fe0ffaa8f5642	0.247	1
rank-date-151	23dd63d28194106f860bdc0008fc4ef203c77e3c3342e3c008dff87b790c3cda	0.144	1
rank-date-152	17e6d4fc4888eea520b6d3edbd9f423b9439a5e40af32d13606b0fcfc726bf95	0.261	1
rank-date-153	256834e65563eaa1065478d3fce50babc3ef4695765ec70f92025f81f2e016e0	0.175	1
rank-date-154	edbbbaf58c99b72193ce907df1199a930e0664cfb3542e435736ee14cebeaa79	0.163	1
rank-date-155	ce20ef96668a55d8f055c8f102e0021c40fd34b3524a5997919be7e67013c430	0.102	1
rank-date-156	a59122a559d03d2d9f1a22436c499f5328dadd8e56181f81e9bfcd5b15005b5d	0.22	1
rank-date-157	58d01c8ae13fa8dc9d60c8b3bc41568478f39e13224699edd7f57c39ebef3776	0.101	1
rank-date-158	a8ee31f3745b68b4da9ddd9ba8b0445175f9970586e52a2747c455eb39edcec2	0.298	1
rank-date-159	d657c897a9fcf3319ef49407c14ab733c7798adc98969205fec25dff4229d4c4	0.202	1
rank-date-160	54d5dc6b4d13c0c56e094669f868e2ea0c3c701570f2127a2a63b9b264f80128	0.424	1
rank-date-161	967f0f2f039f3d7d39679541b835228d1c50b25e4ca6f5ba231ee67d7e7d7ded	0.145	1
rank-date-162	dead23b06fb894ce7cea320eed2abf343076f4570d8462d8fc28e105391a5192	0.146	1
rank-date-163	414cc276da433f935b138f2ce6337b23cb4b549fab33ff301122e206b17a8284	0.202	1
rank-date-164	2e22b2589102915e94d7d11a8c8d1ded15a38946ab5ca020456bff1ed08acc9d	0.528	1
rank-date-165	12942bd6754187dba2c8914e70bf0719b7c25b538136e7e87b721dd4b118a951	0.506	1
rank-date-166	a5cdc3346b40f8ed0bfaf86dcf47f02df68b3c29696987e9d2227a4a015934bf	0.102	1
rank-date-167	3c37bbea66eeafc92462bce987fdf64422809e1abbb494b03a5f0a262cd0a72e	0.095	1
rank-date-168	730070a4db51d8439889e7d356dc235b4761339ad8292d67a394c57c836674a4	0.131	1
rank-date-169	cf9c87c8a0a1435578dcf1d641ddd6f89ca2fb94cc07e419537997ba485c0c68	0.453	1
rank-date-170	a8ebd026fdaa85f785bd2c76d9c3ef85efa6084101440ba8d4b620b1f328d512	0.975	1
rank-date-171	88c9e70523cfc1de916d7fee7660598fbc7b3107804f3717c81b475c48d0a3ea	0.408	1
rank-date-172	40e092ddbe4d4859d08b909fa303fd27554262713b2fbe8d7226f0864884d626	0.118	1
rank-date-173	659bc21decb4b41520532de357ebb6c938258b5a29a715295269743fc28ba373	0.251	1
rank-date-174	9323f5eaa775dc8b9332e35a3eee3d46b0bd79690fc78595f620115e0b65bbe0	0.16	1
rank-date-175	e27f0e93156d888c43a75fb8f615007260ff9e6a51b82b93cfd2c35d4542aa09	0.151	1
rank-date-176	badd0b09c3ea81f75dad35edb353b8ed6ac45ea1b22c1d971ab3fdc0b057c401	0.201	1
rank-date-177	fb0a325ef823cd6db62ff09624409017551937f417881b3b3c2edf4ebe36e184	0.173	1
rank-date-178	ede17eb2ea3015c26cd23746f18f64d524448c0296a21fef67b172a59a25d64b	0.125	1
rank-date-179	babfe87e2ebc80413adb6afd1b1bc925bce6654b2e1c7abf1247e63f9b98eda5	0.333	1
rank-date-180	c35ba7fc299a0b0b03683612d6e8132816547178a58a33e29abfa7b39ad917c0	0.085	1
rank-date-181	3d5d0bdc579247543ba8fe5e19b37c43dcc1fa1c91a6436dbc68e50524904f71	0.505	1
rank-date-182	68fbff317db30430234e514db0737149885cff4dceec5673018ffce66c85fc5f	0.415	1
find-album-01-1	a575e6d8eb6efa47908cece2fb06fd83e8e861e3cbdd9b3dbc7956d08e72e884	0.123	1
find-album-01-2	b0c68533bacc83d83857613ff530f3e33dfac36772e445c2b7377d3f045e783c	0.168	1
find-album-01-3	196e01733ec074b8a360a0302d2b9113e78ffc58938ca7183961428c4c9da77d	0.168	1
find-album-01-4	e5934e1c366c3146fa727ce61e52e9a8877b64e759ac5f00469c8ce4679f7d19	0.081	1
find-album-02-1	c064eed6c8d2f1123160a4b79ec5bce2aca460982cecf4efa3b72f6c4e194bc8	0.108	1
find-album-02-2	36b9029ae499a087819a8730a144d0b015ed29113785b03e5b219c28db553e39	0.065	1
find-album-02-3	fe3cc10776e575db61372b3ee79a6a8fdbbaee79b13cf82df21ca9ceda7f8926	0.113	1
find-album-02-4	2ddf2c056621a1863b0b9ba82b0133f660c40891aa9b79f747853bff2c4e252a	0.071	1
find-album-03-1	e9e57d4f9db1050efb9a6e6b4bc813e23115a0bfb7e6445bb7712461eb27e047	0.343	1
find-album-03-2	9a142a1b9f75fe57213432eb7e9aa3cc62a18c8cec5188bf608a896235b9e67a	0.101	1
find-album-03-3	b9a7a11c14d7f4882a236a4c9f5f50a6628ed86f86e18d354ee78008485b5686	0.073	1
find-album-03-4	eca27cd969a40960b679b2542c2aae1382a36c2c24084f687e1e13513360b128	0.458	1
find-album-04-1	d8c84e0cfec0e9be0cdd1095d1d797863ce464a6ff14beb8dd1931dc7d29d0f5	0.381	1
find-album-04-2	51838c5cbe8add60350ee813a9b168beee48afeb5ca261bd1a750f0c53b4f0fd	0.12	1
find-album-04-3	64c76ddeb50b73e99163eb34b3ebd2b947e909cd8d9e32c63356595fdeaf7639	0.176	1
find-album-04-4	42bf54737452a0f8a017bf67f448da8cbf7baea44e9441bc3b48adc8b046ff81	0.066	1
find-album-05-1	56ac5b74ea741c7a5be28e3e3eb53c9ac04198a6f18e35bcdc3df533140a763f	0.127	1
find-album-05-2	a7e7e5511bca85d60e0238596518e03b89c8e56e93c989eb8e426f80bbc0125b	0.097	1
find-album-05-3	8290afe2d7ec0a4386a2ac440cff7f20eee11fe1361e01d3c44c9516427753b4	0.463	1
find-album-05-4	c192a166faacc0d33b21d6cdc201500cfb218d4443520c45fbbfb20a0f85c5fa	0.381	1
find-album-06-1	52eef01f7e29ff412737ab828b5204e1e50e42ffc23cdd28a49a5b51fdd9dc86	0.466	1
find-album-06-2	edf88abcba6fd9988ad203a9824f6b51be242ab7ae214297ed32d1afec3157df	0.075	1
find-album-06-3	c831df2161487a5a36787807cda1c2761235dbc50b75224d9d0b56c2619509d4	0.411	1
find-album-06-4	230518b72a6834ca1286f71f61c4c27f817c48c9caeaa26c2dfc23192d246a71	0.13	1
find-album-07-1	f544f422da06d537a29d7af4f133418bf29aa8295bf6f1d232aacf2f8a08a989	0.363	1
find-album-07-2	cc8bee03d8ea4ddb19e0bde87a30b1e218d6395a8917262175e471f68e9bc58f	0.109	1
find-album-07-3	d8eb156fde09f87d5bbe9997fa1feafc7196858b19a81cfc1db4993b8b8110d2	0.474	1
find-album-07-4	b6b06125185f403ee3b5d0377079f4fe29b2bfb4d5a1791d41aec820185f8acb	0.25	1
find-album-08-1	98299f28733c8fc7ec2ea6b3a8a798fba6ea350c57d7733ae1e5ba3392ec538b	0.115	1
find-album-08-2	fbd870fcc356a52c47b83f9114d2828ed817b461cefcc5ca574564080d6a4e15	0.136	1
find-album-08-3	7ada82ede7aa114b216df77f9574b7d93d52176757bb81e2372e09f97f5d5217	0.13	1
find-album-08-4	f1cb20a11523aac0dc6c27902d6aa6703195ff51f33bfe76087ddb1ec124f1fe	0.153	1
find-album-09-1	7311ad7027c42143503e9f0103bc77b559d16e85a5861542c6b881ef4adb9d75	0.239	1
find-album-09-2	46fc2f61fc625e1db887097af3426362215ecd7653863f010632afe6cf3bfdd1	0.489	1
find-album-09-3	5d9c90db86b45bd5278ba994faf975162e223d01a44e9fdd1870e22675742e52	0.238	1
find-album-09-4	876c07df9095411745ccbd3c5982ade6b6e1268e40aa2e0d94d85e8ca5b82ceb	0.327	1
find-album-10-1	77b9b82d2b53f4b07c466d83b724ba8dbec13c8019b30bfec58c293aba021548	0.114	1
find-album-10-2	581be71ebbbbb91ca12ffe8da5eac2a8c00f33cc47a4e3c8d4f71afdfb790948	0.067	1
find-album-10-3	24a62fecbd522fc56b6d69a9f6ac63c095a252d6da1a6e172e7925af92f30139	0.114	1
find-album-10-4	354df4de4ef235cbf84d41b1c5e2b5d853a50c0ff2eb9936ca9866b40e0f8208	0.327	1
find-album-11-1	ca47836ae573ebbc006ff3e9198ac0ba8e684461c5c08075ec223ebe70cd9dd3	0.287	1
find-album-11-2	0f6c6f750a35bb290df29af1b2a0a808b73aecdb14756e23acf97fccdbcd3970	0.08	1
find-album-11-3	206db7b965a36d8c7114df7f49f2e3c683cc1f904c39c042191f5121a40a50ea	0.186	1
find-album-11-4	9e2078a7627d1ccb7e0edd26005ea3ff3b76f368d46d28b2e7e1185a18166e94	0.231	1
find-album-12-1	ebdd643780ddde567c5424bb465cec59c997ed8754d0ee99c3753787d9c5fdd5	0.288	1
find-album-12-2	1e6ccf4548f9632b42d46ee5d030aa42edbda50ba839a46f74f9f63624781f4e	0.133	1
find-album-12-3	cbad80974649af8896fc1196d735f38a9e5d2764dbf0d908f0b6d6bb209b355b	0.291	1
find-album-12-4	04b65846056603592c1b17ea948d6e3a090e5021581729b7aa8a1f866804631e	0.14	1
find-album-13-1	1353ecc248f28d8095a7ee9961e40c8b364194374653c17de493e51214b16e6b	0.123	1
find-album-13-2	3ebf129feb1d19533b059403781481c3681f08e02138164de937f3ccae8392d3	0.257	1
find-album-13-3	0800383f6e3e9c4252634b4c464ae94d9bd7908f918e6798e26242f4f49e8c50	0.139	1
find-album-13-4	bddb9160b366b5a4266d517fefeef6cee04c50049f74d32e7a119508cd9837ec	0.211	1
annotate-card-001	969a4245608c5d5d4487d85aea2d7b458f3aff1ae98ef86056bc9199f8b9df03	0.245	1
annotate-card-002	83eb1238fbb3ab64a7a0df036af54e995be1c4f9913c65b01184ec8c33b14c4a	0.327	1
annotate-card-003	6309dc0449d06b9b466dd1b6e2fa6e3e9edcebf368927eb8f402a7540abc1809	0.235	1
annotate-card-004	1ad4a3d8de71b20ca354f98ba9320276068d79bcc6ca579c410c075105dff739	0.305	1
annotate-card-005	5cf63730a1dcfc040d841426ed58988d233940dcd7bf8d0c5a365f624173fed6	0.072	1
annotate-card-006	c824c429b665ebe8fba6d40792db2a2d0f8d05307a51e8b05f19cf7fe838a86e	0.138	1
annotate-card-007	82b942311497c2e8c6f188e3ca8ea4fa4c83beef36094443d65416309fb4223f	0.243	1
annotate-card-008	6c53ab214142b060ad4505a293ec69fd88226b996b21fc5998403feec903c2b4	0.204	1
annotate-card-009	85b56dcb1d34df021ad911c19237c59c1b907151461c8ebd7e9852d5a1de84e8	0.243	1
annotate-card-010	5f927ac87fe3b2910321fa8c00d2acfe5c865b7f9f9cca8f8fc71d91a3e4afae	0.229	1
annotate-card-011	cdf545f049543a47fdcb2a2ff1dd0c3767f96fe49418ad48081aed1968d3b25e	0.159	1
annotate-card-012	0d84adc9cc30f8f041cf03f8bf945a5a80aa32ad2e51572a78b05708512c1538	0.129	1
annotate-card-013	1d6dfd30bcbb4f5754a8cf1324ed04626dbf743cbc35810c743f8de90f2d6ff4	0.526	1
annotate-card-014	c942bf4758a40a6583a0fefa9760e22d91b2db98e23cc5fe67dbd6cf9338e1be	0.338	1
annotate-card-015	e1e6cf83b282a06fece32baf8f3a62fed92fbeff2cd6773f392d1e6328b3f0e2	0.163	1
annotate-card-016	8ea0604cd7c2ee73410dd3e83facedd97949636fa7be2bbc9ceb2447ca572f14	0.236	1
annotate-card-017	0c0fcd283266970214ef506be9e7ddc341c6c389c08dce55bee91c0285dca19e	0.182	1
annotate-card-018	a90bdc84a97ed2043d4a22c35a226ffeaf8a994742ce1b888cb1cfac83caec8b	0.184	1
annotate-card-019	d377746debec51bbfe8d8bffb53a1148b60cc5abbe3e5fe5f2a449c8e4d36e15	0.164	1
annotate-card-020	92fb7747be78e50556ed29380264d802ea44ea366f6cdc9de9cf02e91fd7d403	0.14	1
annotate-card-021	538f82b34e485f9b62d14d39910dca9c4a2cc5f4e7a18329025c67acbd8f32e8	0.398	1
annotate-card-022	68aefd3f9a7c4c426e0a0843862622ace8803b0db69fdfec03957dd5688559b3	0.197	1
annotate-card-023	1051de093f0abe56dcf6e73a65bafc3f6346e6f9106d023a71d7983a3bdc5ba7	0.126	1
annotate-card-024	50cc0382a718d864e5eed14f640b6479a56b0e171c82cb91abf409ac6fe4646f	0.139	1
annotate-card-025	6aa0ff0dc82ba5e7e253a40824f497e99368c88f4a26bb6c1fe3d6f62c2eb519	0.108	1
annotate-card-026	a8320ac673b849108f6aae677989b929e4bb362ce5016a29817df906ed70c05a	0.09	1
annotate-card-027	c10cc667833d02880c0d19f3937619a21cf3bf22e5a5918bc56de126060cf200	0.335	1
annotate-card-028	1e09f7a5119d27fb4e547a64b482f0a7765d12b0a6b99546202e4c26c56df0cd	0.516	1
annotate-card-029	e72527b8a9315753b976e72dce3c1fed3ea8db439f11ec693d6b0f916d97aa5d	0.166	1
annotate-card-030	f809dd4035dd9c163b6ec0152725695fda6c298f537c63e1355aec7dbf4bc435	0.377	1
annotate-card-031	abe8ca2ca7aa3930017d90ed0adafc8650505551cbf8de59650d961fc5a4c409	0.108	1
annotate-card-032	d5009ca57b5880b4a3dd16a9d9ea01ed0cf9be45e0066ad7ad2477ff17597d16	0.13	1
annotate-card-033	c2f37845f93510c342bcb264884e0688f7d9a7480595683207a9524523b7fb47	0.244	1
annotate-card-034	e05529e3d9c897f639ef1f1bb0d037c32c00dd695d7a8f3967f9b10f560d175b	0.209	1
annotate-card-035	aeb048bb813f2f656c325f52b7f5119e35d2ba03e6f082937a5954d145441787	0.155	1
annotate-card-036	fb016c4a71aad79ddf6bdcf7d2fa76371da703d6fcc6b058519f700c51b9d84b	0.542	1
annotate-card-037	f5f6debb61a011146aaabce7feece2bf07bd9a20367a6fb6edd32a20b0e93dea	0.181	1
annotate-card-038	ba7c1d7bc755e3a779dadd22d48d0a52c4dd09660cf08f620abf4958fa27b670	0.309	1
annotate-card-039	46af4256a1063557db4fba8c4e15c1b4c74760a3055a5b6bad73991cda60dd83	0.211	1
annotate-card-040	0b4c676424709c8da9e3e56d6f5e3c71a6e19f212126ff20a6f4e74dc20af61e	0.278	1
annotate-card-041	0af0a7da5f7bd743c8515e6d920704e3a4d685a1c369b60b71108fa4608d28fb	0.203	1
annotate-card-042	78256041154aa24d1948696601ac1c2b93c866eef84cd282ba1a2f8ea54ba024	0.26	1
annotate-card-043	83514d31cb4a7004f27b3fe454fb87e657191b1652dc83d4d2788ade49378cfe	0.08	1
annotate-card-044	5f986bc48dedd3ac9c9dd8ade166900ea6809949e264ed41ec2aac24bbec3f39	0.169	1
annotate-card-045	6fc6905f399c36eb7c4be3f8e60bd78be7359a6a15540f68d6d8ffb974779c36	0.13	1
annotate-card-046	18309bd3c7b64d41a7f647a908eb55a0b25f1fe50abc6baf69c1046969d0f8e3	0.302	1
annotate-card-047	cf6bbc2580f7e24789cfd3ab461e7598bde1a1939fcca295f65867e1ce6545a1	0.256	1
annotate-card-048	0465b8e312d03c360463ad79efb4954cd59a1281947a558139718da189a26253	0.155	1
annotate-card-049	185ca0a989ffad157a95cb78564b6c33c915ab11bbd6484758b87b3c0b9880f8	0.137	1
annotate-card-050	39eafb3d8235280337f4dc96deb7bbbc8907ec92e4c387510162b4d3ea8e37df	0.166	1
annotate-card-051	c667d4b2688869e9a09505d4048f8cb189b896e7ec4f9c49ee2ba4494c8a92a2	0.248	1
annotate-card-052	9eaed871cedb8521fca4c433274925227bc1ae9cde3fa2539003753d8304a749	0.318	1
annotate-card-053	082be17abac48f2a21f0757d29c64e0094e3a915a53656f40b7714e14608db5d	0.143	1
annotate-card-054	808d897ab387eaacc9d4d399415f7b662f797cac81539210e57ced36755e1c4e	0.248	1
annotate-card-055	51f9729de3362979b2dc841b11299f75d89988349b0cf6b16e7e2f2234bd7a29	0.344	1
annotate-card-056	d0e7300b391563117c21dc741b59a44f6061128b7146ce75e4cc3b5cc98b8b28	0.41	1
annotate-card-057	b0ba3a77545dcc078f14135588a499291e876b27ef2dd039a27a52ad14b9dfb4	0.213	1
annotate-card-058	0a353a5b07d99fab03b67aed6f0d6626573d1faaa5b46c3228f4959b6af57d5c	0.16	1
annotate-card-059	5e597901fc463b14f3efa2ac6f4b9014ddec6c56611eeb161f6cf473eb199032	0.446	1
annotate-card-060	7bd07465bb588be111fe4885b5a822ad32fba720fddbd7a2f600790ee131ed5a	0.146	1
annotate-card-061	82cbf702b0a6fa0a6563850dcfec33be4fd8bb1a7f5957643b885f8c882e61a0	0.112	1
annotate-card-062	ba01cb3a1f41bf3a39d6473553260f7c9f0a4c3187fd7f525613c625e0103a9e	0.323	1
annotate-card-063	4bdd075681ff27cb774b87d5b6e42d5241f76cf05e638707f950065d421fd52f	0.351	1
annotate-card-064	23b88f57c5858d32fc44d9eb017603ef71b24f1a825a0d8faee5f49b535c028f	0.093	1
annotate-card-065	639434f09bd41788a7abd966c6eacacecb84aaa5c2a7abd98cd208495887bd6e	0.187	1
annotate-card-066	60e202889980ef2b99f448c323a6e25255cca754448bf6e35aab87e838d75c9f	0.742	1
annotate-card-067	aa488c1cb502133082d198319560729bb4fa9e6f4fa5aebd83d79876a26ec805	0.143	1
annotate-card-068	5aca127ce57e19fc52a1c3f299b41d82d132e81cbfa4521a060c088fa702816a	0.205	1
annotate-card-069	327a729442b61a10ea2b01bc3ea90c2b584b89ccc2d87be46b906e049f92480c	0.342	1
annotate-card-070	ac9cfe18b32f1500cbee4327f806948f96a4515ccc4ee468f5d71ede2782bd69	0.138	1
annotate-card-071	2977f5594ea21b504f1962387d1e11122579403e94a1b2003ec4c6f4e03ba4b7	0.124	1
annotate-card-072	f75b698ded90598d9bcaab5624125658bb55753c52f641221bd925d73e752fec	0.142	1
annotate-card-073	0d84d34660c2d47c02a47605601a8296cf8bb4d327be127e956cf095f94ffa78	0.174	1
annotate-card-074	454cbb6579a616c4a8f1ec71498cc812f7097d6c0857b4cc16304ad7aa5549e1	0.124	1
annotate-card-075	495e495dcf4ab0128705bbcb1a14b58c66f274b381de301efcde67e07a402da0	0.181	1
annotate-card-076	28dfffb7ec5fbc770762de39b4f7d6145d29070909f0bd579fb9ce5edba832f5	0.198	1
annotate-card-077	b611031d526764386eede4d2c69af23596181fcc940be1c8e2e241882045d6e0	0.152	1
annotate-card-078	6bef563956ebc9d65671d4d6990b0139d3228cab987011067f2344053f47b87d	0.129	1
annotate-card-079	6484eb188654b49e94be5bcfea2af88ea50a62cd54d4ba931a916486dca512df	0.291	1
annotate-card-080	553246094f52e558c6dd9e63edc6643fed936f0af95342ac554e4d0be3474818	0.223	1
annotate-card-081	befe300a19707af108c48d3a5ac26ff959e8d666615462dd6aafb082d3777d01	0.223	1
annotate-card-082	d7f7d0da09232849d99eb561f796ff8f16b84ebd60a5e9a8d46f25d4151c2102	0.152	1
annotate-card-083	b3e90341fd9788a1c6eeb2291acc2446fa3cb949b767c09975e6cbae3e767960	0.138	1
annotate-card-084	04e3b2f814f1930a5e0804c11a089db41d2e0d288ee63cf57621b6c21fbc6584	0.251	1
annotate-card-085	165f600e3e50da0dc1189e87f6a64af7c5e63ae900fb603af3a9de347e3acd2d	0.098	1
annotate-card-086	48ace993c580ca33e790803b35bc547b36ec24e1bea650bb6fccee3da6f2c412	0.303	1
annotate-card-087	05946ff6d6cbaf44e6ed04f85a7b5dbf7b53336118da0ccd3275a385f000ad80	0.153	1
annotate-card-088	33d23f13f63f1c749ab71dc5a84dcf5d5f7364e525f9059adbbbbf0b99d3ce03	0.099	1
annotate-card-089	b1b7acd6cb7bc12ba17f3147e161e7ef6813f7c9648db7bcd254eb5b23d5269d	0.169	1
annotate-card-090	52f79589ba616d21f1ea16e362c58107cc82624a50985def9a3cbe652af182a6	0.164	1
annotate-card-091	97648faf58e3e47b004e03edf747bee7cfa23ca02b3f8af9055f5c7adc3ceda1	0.161	1
annotate-card-092	e89c36344c430a4b3149c939a5caadff77068dbc30f4c9b74abbd5f6fd45e3f0	0.11	1
annotate-card-093	d3627f5738935c1b9ff391b8053e3c7b4678b46acfccc796e0a004ccd1c626d9	0.206	1
annotate-card-094	c7314f50860d79adbde218caa655299a8eaf308766de8706dac05b61269a6a52	0.73	1
annotate-card-095	e48c313aa049752798b0f39aa72644b9a73e02f02838060a01d394a9a6d29c70	0.152	1
annotate-card-096	406178fe0123f9eba4b70cde0ee19311055d9be7ff7273ada6764e290b130b93	0.128	1
annotate-card-097	476e0ca32f66e058a53defa7c5f062170dae6193a316f66bd54c111571f3ee87	0.135	1
annotate-card-098	b47255ec05d784a256c6afdabd610ea0804506d6bc6d1604f0015686400c78de	0.216	1
annotate-card-099	ec0553711b08a8091ed8fed46df1053ee91723f236ab49c33d34b2c6b96ff11f	0.225	1
annotate-card-100	efea09b7f83a69ba268dc664588d2e4e3a78a30f0ddc5b8f273bd95de21504f4	0.494	1
annotate-card-101	2e86278edfbe2f90a73fad6acedb61b09d7a5f84b2ac640e1a697757b5835b6b	0.199	1
annotate-card-102	9e607454e014b2fe8a0cf847d12666785f9a4e7fd932b01f00a96a671ec7c41f	0.31	1
annotate-card-103	a096f33fc4932e0dbc4854a218840f6c27414ccbcdec25253c3e6edb850bfd9d	0.104	1
annotate-card-104	ed90f612384abfea243b86e6ca104f2624277fe9c4e3caf21c9c83b41e0d415e	0.148	1
annotate-card-105	c273f6417daa89341171fd36627f23c8980eb9c920c1b3655f5d40c9b818b97b	0.188	1
annotate-card-106	ef66f133c4f4d0f205638946235687f257a793d6f53a0ade59d235db68cbd873	0.106	1
annotate-card-107	5204d308a857b3bde13ef29d80cc47e6c5f07ff259f65bd5073efb757e66a09e	0.248	1
annotate-card-108	9998ff8ef262ec7adb489d758e8b28847f3002b9abe74d7897bfa9d8e2db6e12	0.715	1
annotate-card-109	eb1bac2a7fb4ee8edc745d1204172fdea1c83c032be246ba335e98b62cb12ef1	0.204	1
annotate-card-110	374fe3222a6dd41e4a756569eb3de8fa625668984b69a1ee1de48d14c3be90c4	0.108	1
annotate-card-111	c7b7b9fdc720f731c9d225a6c633350397d05bb3b7c63f4dcf1c003504f0d3a1	0.121	1
annotate-card-112	4ca88a1aa77cd95c78ecd3365bb28c8ad13fd7744fc498b2360d1d74bb9f9438	0.162	1
annotate-card-113	3c5b086611de9274e31f4e1fea47f98313067c72328fb00104165585cc96798f	0.148	1
annotate-card-114	03cb913e2cdc8b73597dfe96bf3111995a79e53966294bac41bb7ed4119559cc	0.225	1
annotate-card-115	2fb445aacc9ac18a26df0d8e803d8533fa93fb142dac861d160a3c2f69b2da9e	0.119	1
annotate-card-116	578e3ab08493c331177f21bd255235375256e3051154da74ee064a212ab9fb69	0.163	1
annotate-card-117	aa165521a078750a903267790ed1b0f6d1a942881373548d066d68ebac1a4c1d	0.258	1
annotate-card-118	4e41e05b1b9ab0285d6d9b10f2120812f6e5cf1338f430f8948beaae633d7fe2	0.141	1
annotate-card-119	e498b91959295fec9591c4075ef23acc38f4f79b812f07393228fd484e1e146a	0.129	1
annotate-card-120	45d279ddf3ce8d03e129baf2a67993d819ea7df5ec9bae633f63f94ee8f3d8fe	0.119	1
annotate-card-121	9b380ac2924cf5ae6265b3b5dc029decf69f015ba16c83653f1047eac3fc28de	0.581	1
annotate-card-122	a7457a4615bedc0b2ab0633cbc6c9c4eb112c3776848b3fe79bec1b780d85997	0.236	1
annotate-card-123	13513d95adbc11679098630ce87a55c99ad8a5157a92019b41a098a737a5bb69	0.141	1
annotate-card-124	04006d21e3dffe641b3a55f3860d417003ab4d2c2246a2c67574ae11838a0f93	0.309	1
annotate-card-125	f4981da5ab2cb14a4a62d7a28663932542293e74b0e504dafc7d093cd2b6e568	0.33	1
annotate-card-126	b16eb9718d9c5a61c14268ac84989bed0993396cc910286c74e64d5864bb0019	0.172	1
annotate-card-127	3b898e6a276f1bd53233939d4033a9d1aa146c7cb9e678257c42053bb1d7a43d	0.309	1
annotate-card-128	53fc436092fdcda1a2557c7c01a43f21fd1630e80997155e7f5c98da719f345e	0.1	1
annotate-card-129	1d0fe215cb6c4bb902cd18149883282d6bc3bd7b8a3f673986db62410a540786	0.123	1
annotate-card-130	1277ef359e9dda98a26fdc76395c6d1f272426a56bbcd175b23c783957dbd6f4	0.226	1
annotate-card-131	2db62778fa3e829d448ea11ff2ae064035b966ca9d2a521cbb062be1867547c3	0.183	1
annotate-card-132	d3cfeed0966ac7e28dc23ec8ec10751b2e813717d3da4c161e97cda5149472ea	0.106	1
annotate-card-133	e008bba0c2f1d31a27c0a95f31de5093a76165f57eb5eb59b2cdcad49d882ad3	0.168	1
annotate-card-134	b7fa8ccc10cb2f65d96a0e78d15396dede9d4bfe79fddc2195356c98568d5208	0.106	1
annotate-card-135	bef006351b1f4314204af7f506a27c26da3a2194cd74475f533a6988586649e9	0.136	1
annotate-card-136	0493644bcfbd04c8e127ce9d5954c46a05bff9e2a240df1be642af029962c04a	0.332	1
annotate-card-137	c4cff605491b6bc6265f888167db45d3b108d5a9d378cb9fcb251e904d995d27	0.285	1
annotate-card-138	91d15025d78ec412adaa7f70ff420125d3dd3c95a44ac6e575dd11659d84d58d	0.089	1
annotate-card-139	3aa6d8574d16ddf136855b3ce8d5e8a24aadb3f667e300e379eef03c84afd9cb	0.251	1
annotate-card-140	479a30c762d2441b8ca672d82d5daff9364418077c96909d7049b2f9a273740a	0.132	1
annotate-card-141	53ec5af87c2ef81b598e540d10391e73ef5a165dd82bd0534d9f82dd71f3644b	0.234	1
annotate-card-142	3483e326fe0bf4cc910a6dad9235192944d012f038760f959771e70e3de3bd03	0.134	1
annotate-card-143	bed764c6ac8a03e593e733c2c018fa938b3d1989b6bee71853a60a80c7e5dee4	0.142	1
annotate-card-144	33c1929c8b71b0d84c8db44c226f83e5cc5cf592e2adb4c83f6f634ff66ccebe	0.093	1
annotate-card-145	df18b8c05c31577f082f6ac130a79b36ec7cae5931cce291bf74f8dbffdac37d	0.152	1
annotate-card-146	1b38c0780060b4cc6eb4c2403021850ec128506716f07ec5272d78d2f46aa412	0.129	1
annotate-card-147	5af6b61d9671065d385824dbbab4befa03b40cf70e66a7e8c71aefdb68d50bef	0.116	1
annotate-card-148	8567b5046d213d3cde0d00cc62a7810ab9e9dca172d8e7dac4df2546bf81c93f	0.126	1
annotate-card-149	4e2d3e4519d984a0ec75375d5b04a9d815c975b6b847d14cb4cb4f0f10ff2b8d	0.142	1
annotate-card-150	c87ab5d7770e258c603a5de84e54f9e121c4f8ab3999695dd463d4eacbd79312	0.093	1
annotate-card-151	efe7a74f7358ea0f772215823f23e060ef438467fb0c12a2b4dc76429893f277	0.187	1
annotate-card-152	48cfed1d7cefd759e566ad1c18c801a6f7efcfc32e8e5067c44c37cf54786b05	0.112	1
annotate-card-153	b0f8d7ed03f04712a757b6e1a342c8d9e99db6e48a6cf13e1624d2dab0240262	0.113	1
annotate-card-154	e3c1e226b3472d3b77469f1f426d6deb144aa71b60e153c5f0110c5bf3f574f7	0.161	1
annotate-card-155	9d7c9aedb93024de68f40cb6ff0f6ca6fe2f35363bb60c2c23ff22065bc27ea7	0.132	1
annotate-card-156	9b93ab62339d8b102e97412acf26813fa097e3a76b131e73086941d615f2c209	0.132	1
annotate-card-157	aafdd7754ec357eef1596a55b5ca042e3e5ae7a372b3a950ad9335526bf2e2f7	0.101	1
annotate-card-158	55fa583f36ffe9755d2f5de9dafd51576742fe670d955bf440e5f896e5e0b490	0.137	1
annotate-card-159	ebf7c1483c9c5be708657eca7dd4163635666db8f1dc5f0378e9987ce0e32544	0.285	1
annotate-card-160	d316f565de536e4dc2f42dd566e71e1cd28baec50df5bbe3492aeb015b29cf19	0.248	1
annotate-card-161	c6de7eb44af01249e697eb60f23d29817ea641fef7ae0b0e1362b6304e0040e7	0.164	1
annotate-card-162	5340bde52c8f86f64f475c6c57f847ed67613f9dc514c64a91bc9e68f7d50a36	0.151	1
annotate-card-163	66a4324f19a521786292a12071fadc48512aaf1bec2c27b7176a3dafef540532	0.246	1
annotate-card-164	b8ca17cc82878ecd19041ad04145d402e4de30dcc4d70041fcd45caad6e2b48f	0.123	1
annotate-card-165	12045b4009c1bcb31f2542039204f8fe03582afdae05a8b1298b66592e25b13b	0.127	1
annotate-card-166	edf1fbb97d3692880b4f216d63ac0ab8aa00c1cdb5b7e60ed966d5767ab9c6f0	0.147	1
annotate-card-167	8f281398cc312e643149618458b1e1fd01076a105972b4b87046eee249141291	0.085	1
annotate-card-168	d87436ed0c5491ddb50cd62c3fbf71014ecfc9d9d553361ea982aea27448a978	0.177	1
annotate-card-169	986afe0aa67ded15574f95980b2d00ec2a0bfec48d4e20c3381f1b2fed468689	0.1	1
annotate-card-170	0265ce9ade7e9b7b8d6acfebb9901fb67489c0f8b74e7dc1994b1b1cfc9de1e7	0.132	1
annotate-card-171	23d2ab5775572911dfd999c8f48735094e64061e22c6ae0fe1fbf9bf34685345	0.224	1
annotate-card-172	7841efa5dc3142874bf46602dbfde18f75d2498748d046d3aa6d1545b674842d	0.157	1
annotate-card-173	5da547a6fb80d7652c64d1b57bac42583f4046ee8eac8c1a86d940052d666f36	0.135	1
annotate-card-174	b1f7c794e58efe554d2306bffee8aa644e2cbe8e0f072ef979694e1bf3bb4e0d	0.153	1
annotate-card-175	4502d09f4eff60041e084881563df4d9535483c4ec71532bf62b755788a19090	0.123	1
annotate-card-176	d53360fb8efc49e780d5d756e6150ff5e4dc3301d9af07b025b573406f02004e	0.146	1
annotate-card-177	5e97ec8c9a0f8520d47cef939a4e43dd5c8476b523357c09c9c907c966b62237	0.118	1
annotate-card-178	134f02198f46fa9675d4cf0e030806ee76977b9ae535e02a0673604790f2f4d2	0.186	1
annotate-card-179	36e2acef9230c1a6d3b33d1a6c6f415b092ae6343ebef75d227ac37e3de508f4	0.353	1
annotate-card-180	ea7b77e46ec2a85ee3240c17d655d34a392f62f197a43fae34e3ae6d3c19960b	0.28	1
annotate-card-181	a4f072933051809a70a05bcf5493386ef05ad38ad409fcb8e52f8416b0e2e8ef	0.146	1
annotate-card-182	9f14bd8bfb9cfc510a70e04f3ed7d125498f978814f9324ac66160f11a19ae70	0.275	1
recognize-01-w00	fd75d6243313a50780c2a6f0b9272a89cd88b4d8ae29aa5add99b9d53e1b09a7	0.273	1
recognize-01-w01	c61ae1157a7c908f5fb695dd54de32079de63dc52ad6fcc8af9d847944ee55c9	0.165	1
recognize-01-w02	844b1a76c860b087b697fe18a48320f3cd09980df0960d4d94ad5980b3513771	0.134	1
recognize-01-w03	d3bb00eb4ce08bdcee5269b8d69a7e3bf33cc1f7d5bc50664cb2b36044c81af3	0.209	1
recognize-01-w04	c44fb62e88276e7fe526edc2a9621e157728c510bb132419a249c7b45ef0fae6	0.1	1
recognize-01-w05	fd56452bdcc9a4b1ca4824452277591688994b8ce8d45e4511a701cdc6c2d2b0	0.071	1
recognize-01-w06	6d22854a88e860b610afbd967c45221b8f4247d7c1896383604b7d81e93eb3f3	0.134	1
recognize-01-w07	2f25a175aa554043548624f8452b033c4d851dbd2916b274a22510861ab3dccc	0.122	1
recognize-01-w08	2a4327095eaa012420a14bb779338ba940a1375968dc1bdafd854209e9d59505	0.077	1
recognize-01-w09	608e53009038629666c785ca1ec745d2d44fb2dc1f69c57eaf7fd023fdac11fa	0.212	1
recognize-01-w10	9237002a51f07941947aec7010acd12cec73ba86c46eacab2ce9801248ca4f7a	0.125	1
recognize-01-w11	f3285ee15209a125479acfc87298eea3075b84a53b83893ae8d01832e7cfa0c4	0.07	1
recognize-01-w12	8f5988623a22c369e8edf59a89e3a4e71ac2f07b340882c81c2f3ed958281981	0.122	1
recognize-01-w13	e457936101105b4e7bdf0aa385ce5a83ada9fe135fff32bca8a6f969abad3104	0.212	1
recognize-01-w14	3a9a0bfb938c43679706c8063c31e45a3e82e9ee2378e82687fe3001ba8aa932	0.109	1
recognize-01-w15	025dcc961660e0591779b9dd756fa53778edea94557970db6454f817aaa4ecb8	0.11	1
recognize-02-w00	9c26f7c7ca6c4356b8569313098b14f73d6916a4c296249ef9a3b8b27e919e61	0.061	1
recognize-02-w01	4294744db380798683b8c42765047631fd515c9d2dde08b54175e30750f744ec	0.127	1
recognize-02-w02	c5c645645d89f1b7c1a397b0f555d3b16f7ed7dffd14ed5cc06e174ef1a46d74	0.152	1
recognize-02-w03	0f3fd93fec03d4f4c27a62780ecd3943a162d9f30f5bd77bbafa224be18b532f	0.237	1
recognize-02-w04	043804df6ead7c9d94f4d5aa5c419dfe61c4f581e8baf68f22ed9beb3a2263ce	0.337	1
recognize-02-w05	9e61712a92d7b7465d25c37a53e9b7f0df53748a63e8d851cce1477a9021f10a	0.154	1
recognize-02-w06	76cdb5136b099a739b981b508a9ea5655d33dd4db729a71c1e0b5c79bb517002	0.143	1
recognize-02-w07	33ac06c74d50340af6502f57a24a2c179304dd2418b91caef50a339a34292b51	0.101	1
recognize-02-w08	53aa94e1a7a3125a578cc9ece1dd3746fe5c81e5f673d1531c1a0acdb6c057f3	0.096	1
recognize-02-w09	ae740e2de389a5e14def7725968a5c76e7070a0a1f0b4e7047d5bec662a6e2b5	0.137	1
recognize-02-w10	3ab8ebf22803478a9a02c2f5b03c733b5140fef7a952bfb6ead3b99b6bb4e138	0.212	1
recognize-02-w11	ff0f656c3a0091e053feba41f3c601df62036a5d363ccc8040fd7e0d6fd26a76	0.169	1
recognize-02-w12	e9014d279f9dbe1483292ee4e400469aa6c56420485a80d32e914db26eb2c96b	0.115	1
recognize-02-w13	3c11ebceee83ac1d795b91b8cf7fff21a27b6717ecefaf08a4a48d5a04bfe094	0.176	1
recognize-02-w14	1a3d0590a9d7d63be650c1f0970fafe4b915c5832115b1de79e016b062708265	0.157	1
recognize-02-w15	bc23fd90d1fbb4b88c51e5f80404fdb17fdfe05b044feef5f120d5e6b2509d24	0.106	1
recognize-02-w16	7b0646faae3e46aea26eb1f9a7b5f1dd630bf4c0df04a96fe343ea038ba3840e	0.132	1
recognize-03-w00	f59c1d71a7e3e17eb8667fafea5a5341485efb2df7e7d446dbe42933dd9844f2	0.215	1
recognize-03-w01	1ce5cf2d110d33a9d2314420891d3e003a2158e5e10c11418e79318b2f83fd58	0.198	1
recognize-03-w02	f1f1ce45c24bec1907dd082d89fcda11ea5bc79e089d11c60e21baddff2125a7	0.18	1
recognize-03-w03	5ea9cb70a90473f5505dc8c131a2bf2f6849e49456476ebe2b8fe384c4d1aa5d	0.21	1
recognize-03-w04	9a1a12ecda36b5fd0a4adc0d54364d32b6d3f501a7e502e1ee03622b793fdd75	0.189	1
recognize-03-w05	c334f24484aba119a3837d883b94f1990eeb1596a70fe895600158d9b9097dcc	0.183	1
recognize-03-w06	a614e9d43a69595af5034cb6909069ce5ee0f5163152803b4697d22743b0c205	0.171	1
recognize-03-w07	0b7237ba67a551054b686c800befb3c5ac0d7a2914fa82e06d7f3b70d81863d0	0.154	1
recognize-03-w08	4c1e73cde512251cc0d366d3812a19257fc9622d9bb691ea1185168a8dea61f7	0.149	1
recognize-03-w09	b63be786ae0c2d33f683f6b2ee0e2e1cea2f0ce2e1d1c9b8f86d58dd6d9b9425	0.155	1
recognize-03-w10	07f102f775fd3bf5170db0910a36817c352e05b096d538af775a281e6a56e2ee	0.141	1
recognize-03-w11	dd7feffc843e36f6804fddb22c9f30c9c25a824ff8b0959025879ae457a697bf	0.159	1
recognize-03-w12	9c96a2dddddf6aa23599e5f2d6abc5479c8302214e2aae148448396b27f7e9f3	0.141	1
recognize-03-w13	b53bfd21dc5dbd3b867199697b75d25fc03fa14fcd71b35ef6421608b49914e0	0.078	1
recognize-03-w14	ba73fd785abcd464d830c4908635d1ca5d91eb2c1ecf3aa5d78a2dd3a444c7b5	0.068	1
recognize-03-w15	79672e75c326221ee0d0db13c18292c2194872b198a6e4c8024b79c5b0dc92ec	0.118	1
recognize-03-w16	afe80b92f1ef6285bb6eae55e032cc6fa17d7abf553d83822e6d1631b0552c26	0.116	1
recognize-03-w17	c55c5c1a7876270255282be647fa0a9e4a0fcb00b18adde28e669ca597bf32a3	0.308	1
recognize-03-w18	82746d0a6690e6e50c42f1b5e7d76d09d3ec2c9cb3c9c5e42b518e2666fa996d	0.195	1
recognize-03-w19	55f85d1c8f25619329e65fac04ccf96fd57762fe83ff60e3b71eba4175eef708	0.129	1
recognize-03-w20	086a0290b9f71cffe52cb8c91b06b170a5bb90eaf65778beed69a137c816eb0c	0.07	1
recognize-03-w21	f582b7d47c06b752dd8d796c1346a4fe017268e0afd8a1899e7c1323a1ae9aea	0.083	1
recognize-04-w00	8118d3abffd786f02a51da7617b6b8bd67f8c31da3761f766517ba0b4bb10f7e	0.134	1
recognize-04-w01	e4932ecb81fdbad8a106e7359f4dbd55d875ae347d6233aa421bc1854d9b61b4	0.168	1
recognize-04-w02	36306e38eb0617293a856d2d525ef99690a169c4446ce54d82c848252cf27ccd	0.099	1
recognize-04-w03	298a0ae589a7c15b3233624bb59ac510bd850d415a86fed02010e00f707ad44a	0.263	1
recognize-04-w04	b5bc86fd52af6b340e9f3252ed3f369cfaf25e9cb0f2bbe80ff1789caeea2d0a	0.105	1
recognize-04-w05	6b4bf18a14972db014aed06b927af036e59e9ca19f9436662d5881f2a804d8b2	0.145	1
recognize-04-w06	aa7477c6fb50198989786fa775d9587c85a1860781d4fe7e97e3458cd49b1c00	0.137	1
recognize-04-w07	15055c2c626e91c13f6bb08b99bfc10ea81941830dfa1e0d186d91d53c5aa500	0.116	1
recognize-04-w08	eb6a2b600cd30e47dba4b14989e36e31651b470b33edf5694709bcde682d50ae	0.092	1
recognize-04-w09	2941cc8f67e44ed4c8b41aa29182f4d72f7353901088425e66e4fc2cf8eb4f58	0.178	1
recognize-04-w10	ce91b9050ad5ea2681591a577f4e64a2fb2474d4806316f284d947096df5ddae	0.076	1
recognize-04-w11	101754951020eb1fc957355adac7ebe70fdec9cb4f95a3e59461d8d0ef5128d0	0.129	1
recognize-04-w12	57aad76018bfecde5e660b7ad28aadfcea72399cd6239c826b1ff8d26792c1b9	0.103	1
recognize-04-w13	fd19ce53e38379d9e0235b9bfb59926ce6c64e7fc24e17a1f886701736236af5	0.17	1
recognize-04-w14	bf5be75d58962fb3a0b96920546effb065e6d6bc49623dbd2035faae1e6783aa	0.123	1
recognize-04-w15	598fde2262106018041c1488e7cec5850df78d507b5b878e302e6c232651932a	0.218	1
recognize-04-w16	e40c58ba475ef0d539c2498e296d4088522e7ef77f1b9bdfffc204fdf76a11b8	0.213	1
recognize-05-w00	aef58291fffcc50dfcd28a5a5047a10b4e7b72e18d196f76ddda6673310d6340	0.115	1
recognize-05-w01	05307e23d0501a4b8f7e003caa557aece58d9a6177411885786736b102eb970a	0.104	1
recognize-05-w02	b893cc1209ad0c23b8cddb12a665b782592c56af603c27571d63befdee3da13e	0.215	1
recognize-05-w03	709a6cb261c744a8298ef1c6748611751dc55b3aa136ed74da750704025a4648	0.106	1
recognize-05-w04	991139e1d97b8f91389e9ea0dd945f974697f57d574e87e9817ef14669f2bd9b	0.141	1
recognize-05-w05	091b748ed9cb2b07822bc726ff87913107bb17e4ad3410da248639514e37c207	0.113	1
recognize-05-w06	c1cdf096ee7f258e4c2bacc108e53a6578bf875723b8433d6263ef33cf6c145d	0.101	1
recognize-05-w07	6e702aa26cda16746afb42300e3711849eec7b257f49fbcd17df64aa667bce5a	0.168	1
recognize-05-w08	49afe3c69ddfc2b0556be6f24b091d5afc5f06de6f6455ff404a4850ba1424f6	0.199	1
recognize-05-w09	6075058afee78af98c52c97a9aa67d77bb58c204f500fba8f77170ec67a89b5e	0.211	1
recognize-05-w10	46673f85bfa183b28008b70a14c61a3f9d252edea57c77ff5bd7a294838c107b	0.137	1
recognize-05-w11	b5af457caff47ca1d2d4744db2175f0ac6a23f209d3b99751745c7374c59793a	0.068	1
recognize-05-w12	5d08d8174ce18932312c839cd1dbf423f6f717b4c08aec80586824af8b85c728	0.114	1
recognize-05-w13	a2f5f0f1c3b6abf0a59cbb68540c6d55c02c7fe7f0dc5f1b8b40e0f5d2f7cc3e	0.149	1
recognize-05-w14	97a47f3b72b239c6d75f2d80a41f2c7e01e65c801f552968b8867cadd2a14a00	0.12	1
recognize-06-w00	09cad91d17a6e686f5c88717f6737a5bcd40df58b6f5b985d951561f4a95681c	0.206	1
recognize-06-w01	290983d8ce4fc35673f88d9bd1bfce6daa91f24fa2f6b867b22be904b69b622c	0.132	1
recognize-06-w02	195772cc707ee9f0e03de6afdb05599f46eab01df4afa152245fe6e273ea2c9e	0.16	1
recognize-06-w03	f134f6d9311a7bac51b47e2e9355576134f9ee34b2deaa785180764f2d8b4f92	0.098	1
recognize-06-w04	2f770bd0b7d0a6fd1f52a15c4fb996a16f056683d951a993a49cc9fb3f0e8054	0.139	1
recognize-06-w05	1f3141c53b79eaa57f047b57b4e9f46a08d2a63bafe2bf4eac7bc784ab04e2a0	0.191	1
recognize-06-w06	336102f2cab280dea0da7a779a1976cdd209eb3258ff9111d2013f678ac79611	0.126	1
recognize-06-w07	571a9ccc572cdb529c9401d9b1a6baaf96083d3152eb56253ec73c5e3239c5eb	0.086	1
recognize-06-w08	b71104be65011c9c10d6121db64ef95176341ce288957c98e7a3cf704e2c423d	0.076	1
recognize-06-w09	8ce200f69d9ea89e0ee6ca5136da6e1bd13276a9ac6a8b0cf4782fee4449272f	0.086	1
recognize-06-w10	0e64a8762532dc4405932daeabe505d13d76db78b317a4639aac5e7b5e98a518	0.34	1
recognize-06-w11	a055dbc8e0a58d501a447dac5565379bfd62a3064bb9f72a94db1b3df6e8ec94	0.124	1
recognize-06-w12	ce5aace4bb2d3e98fef325f27ef50090591d0ce09e71de99bfe0230d06cf175a	0.091	1
recognize-07-w00	ffbbeff4ae498ae96d19509afbbbe8dbec4c2d0910564c957e24034b3b70bd37	0.143	1
recognize-07-w01	00d5a5fc2bd815ee1820cbfe336784dccab31af2aa35be3d4e536d2beabe71e7	0.115	1
recognize-07-w02	89eb58ab8c3b679722927e8829ac01ec16fe91a3bff698acf4bf722af2d7547d	0.171	1
recognize-07-w03	16c5d5c7a41806eca3ccb183c70700ca7ca8f9f8b399151a1a8923e88db6aef7	0.149	1
recognize-07-w04	0a80f5aeb418a5d81392f7a11942f3b8dd5668c83b18776e9d44510ef272c50f	0.217	1
recognize-07-w05	abec795ba0c85c432cfd50d66d84764b83a20120ce1574599ac06ea382dfbd06	0.17	1
recognize-07-w06	a708e14532632ab60b1a7c2a140a5121beb55b9c3189a9fb26ee908f908f458e	0.087	1
recognize-07-w07	a21d2b3c3b2989390728d668d24c7ac21996d43f27ba6e2bb2e3b51f9f069cd7	0.099	1
recognize-07-w08	d02e841ab5d46a79b05416445150ae6558aadfd0924c367c69e3f3b1e8d63b39	0.204	1
recognize-07-w09	37475407e54eee7a80cbdc95106ee2671c9872a6b2aa24c62e83fed2f454cce1	0.099	1
recognize-07-w10	2b51e1697c4e23cb5688fb4a6eb2c45cc5cf1b89bdf2f76495a46320d7a0bd34	0.192	1
recognize-07-w11	29758c96677294c758db0d66fcb22a3962c94ffca1c9a0c42833a5df17189e45	0.221	1
recognize-07-w12	b70acd0d587bc68864a237e6bf15d595609f0665f214f8c7d28cb1ca6c1e21ac	0.265	1
recognize-07-w13	7547fa1aa4ac5f97cff482ce6947e70bc673c4ece564fabe75e4bf90f938fc88	0.081	1
recognize-07-w14	4df77cb503c6ba1901f0316147711710512e57beff492660a2b9000c7aed3636	0.063	1
recognize-07-w15	e00b901bbb171a3e962ebd0a223eff8d8ab09c10f9cc1e733f82fdcfddb8213a	0.059	1
recognize-07-w16	3ad86c857a83937b9b105a938ad07919923969127a89780781a0d5b77b80e807	0.059	1
recognize-07-w17	fed08dc2a646145ec933176353384bdfae6e34788b240bbecb1ed3274dfd5a57	0.119	1
recognize-07-w18	54d71b6af11158d697b1aaee3a28341d7a34ef4493da579c8d4da9acebf74410	0.194	1
recognize-07-w19	cd9d671f28a77e45c3b342fa8d324c5f7db3c4e64d2e00d50434b2a05a450333	0.16	1
recognize-07-w20	bbd035a862a94038fe5097e102b9b8db9336ac40aeaef81d6a5b251ec9fce5a3	0.118	1
recognize-07-w21	23e8568c181e7f62365c97ffe26b885dc532cd0c4cc93d20a60bc9b5dc319d8f	0.161	1
recognize-07-w22	4e51f28f389b3e0f0bd728b0a66b1ca46e296403fc4d49df94f452c1472fcfb7	0.202	1
recognize-08-w00	801830a90adedbe8a30b24c0df70ad0c99eedab79d8da7792323242f2c913ce7	0.161	1
recognize-08-w01	3d5699b8528711d14f02c9ca63cc7457ff252ff5b743347f47a38868fef3bd83	0.14	1
recognize-08-w02	e82119d8e8478a09f58508257b22323880e23f090ad978842354b0eccd4006fc	0.13	1
recognize-08-w03	1c063b6b06b8b2880abbb4185bf4e1b723930ab48d47f91d23847a74f9264dbe	0.112	1
recognize-08-w04	976fe8864582170eb69ce331a088e3eaa0fcc4c6760bd599503146da9951b2c7	0.079	1
recognize-08-w05	a393734f54c7d3194d6bf96f8457e8dd2dbaf77ab0dc76afa5d5d3fe0eebfbac	0.113	1
recognize-08-w06	66a9dcc8330b45e7bb9d38c0d8f5eef02c06c64e2009f5b71ac68dcc8d67a6a7	0.067	1
recognize-08-w07	d2ee24afd414342d939fe6ea98ef0532a6d28adad39eb4723f2686985866f5de	0.13	1
recognize-08-w08	60091d277af62d4c4527c04a837278a03b8079b36f3f5008016118943a3dd3e3	0.078	1
recognize-08-w09	79f0342b4820f8891d41633098a0a61d27b15dd63828b5f7809358307d2ee360	0.11	1
recognize-08-w10	3e070e4b8da3fe1722057cd5cf1d9714e498f480e07dd516be0eb2a5f50135b4	0.132	1
recognize-08-w11	e610550bf0445b29eb321a3e158bdedc22dc2e534704e29bc9d94e9576e3f940	0.088	1
recognize-08-w12	2217dcdfa8b2a860e76caaa97d9cf1230c70fd0551565da5d89b391dd1fe39af	0.093	1
recognize-08-w13	980d2edd511008b2d54bcc39408b1397954a1cd67e619cba78ea7761033c4c67	0.073	1
recognize-08-w14	5e884701364d0f7caa164e1b895ec1b55d3c9103ed89ab1c5b48502ef51128df	0.079	1
recognize-08-w15	c2579c2fd67125d097190518b8791de03498eb15abab694dc9ac1fc25dc63679	0.212	1
recognize-08-w16	fd369af34d7a1699af34e3c9ee6b1c805e55b8cd2b07a6f1af3501d543c424cb	0.226	1
recognize-08-w17	a6eb524fb9ba41f8e58d524e9a91fa5e530c2c8d28bb1782d4c32b50a9dbe351	0.12	1
recognize-08-w18	b31689bf2a0ce79133351f6dc71db40076893b656dae5202c669738b4a92c514	0.248	1
recognize-09-w03	46a24305dd43ad98eb053c62cbb4eea51dbad211c8f27707c96d6606af63571a	0.112	1
recognize-09-w04	acb9ff047c8eae006b363c11012997eff85a00f38ceadbb78306ff7f75b69278	0.092	1
recognize-09-w05	6b89a28d2a1e63a5adc5e196c44dae1df579f48db0596ac97435bd2410dc4c04	0.106	1
recognize-09-w06	4608450e443be1dc65ced3fcb38a2c19d3f798fd41f5275ab2eb719364c51dea	0.138	1
recognize-09-w07	a775669e5f19c6847e71fb04232d1eba0fd2e443d55882a6ce314830b843c3f8	0.093	1
recognize-09-w08	db428e6ebf6aef75b9f7c2f9d1937a3577592c0942ec899f7b1ea1ed562031c1	0.128	1
recognize-09-w09	18acc0ab22fb17b68781ea6ab6a86547d602694113f88071a87bbeebd309ed79	0.239	1
recognize-09-w10	cd99303f5c0f1f969501d3ffc88237c09ead9db937e2974d736fc0f06ad3a533	0.17	1
recognize-09-w11	7612e971f9381da2236a1326e22ee23866b342c90d7784db61844a9352324a41	0.115	1
recognize-09-w12	bf712892abc24a538ca1e2f4f95b1760224780dece698d0b30caab8c6e87d514	0.184	1
recognize-09-w13	74b691217502ade45f0076afe400c0c1cb7dc723ca4e8e7f7e5b8df442eb355d	0.153	1
recognize-10-w00	ccb0dbf324f44128a873af102465aa0fbdc2c27886f1ea475e610a60a4cfd474	0.105	1
recognize-10-w01	6a9fb3164e56b399bc27c09ef7088a7fcedb59bd65292dbd2b65909d6ed5028c	0.172	1
recognize-10-w02	84bb0f20b403a99159000a3e3e676bad0d733a1aa33f1d2d8f98332af5da1961	0.124	1
recognize-10-w03	9e292d5e1b6350957ae33a0e01509c2d70f5ed16f458af1a123081aad316d6e5	0.109	1
recognize-10-w06	fc01c16db45b539d0ad23f3a0784020bb90609df7a78dd77199e000528e6978e	0.09	1
recognize-10-w07	b3d527c88cf3dc9f71eb84d282d424888f1cecf671dc103eb10f789fae33f651	0.141	1
recognize-10-w08	d6fa18b1bef08821eb73ea6ccb00f19744ef57461e8a4ef656ba77c12a2e2ed2	0.304	1
recognize-10-w09	60978fd6daa8299ba0d0041af58555f91c4f4929dc2587c5b1e6001fd8c0b9ce	0.175	1
recognize-10-w10	ceb9acd2933d40afaced012ff2fca7386dcc7cc086feacdf6cba008b6967d99e	0.089	1
recognize-10-w11	06b9d2155292c0f866b2e67a71ff6bb1d29afe97685ce9abcac06324b69c606a	0.112	1
recognize-10-w12	53d9e4f1b1fd81b8dcbd631476aa2916121880579fde29b16b7a937cf6f3d93d	0.131	1
recognize-10-w13	8b57aa74d6fa1d279f548996a60d63fdb7081388f2a4c4a13c9865e572bd2d5d	0.112	1
recognize-10-w14	eb055777cdac6e42b5a338d683a86afc519c07133f3fe9d359c2dfc85cb78bc1	0.172	1
recognize-10-w15	1543b452349592d726ccc453947aa9969225434fb03fb11d974133f66736d2b2	0.142	1
recognize-11-w00	aa43e136b54aeb0edc1720d207777e72444f434ad1212769c69c357c5aab5b4d	0.087	1
recognize-11-w01	7fdb44cecb205df3d68231f2a4fb6f5c7d75068009d1d81e2509f7276d607ebb	0.076	1
recognize-11-w02	3718a6517e8cbffd5aea6f0c2bb852eff7f0f9b017da916008e53e70e76da5d0	0.062	1
recognize-11-w03	2ab825978d1d1d2d1bbac7706ab48565acde6d17c4a6f9f4b69db6da6c966b77	0.073	1
recognize-11-w04	05ac2e4a2e721edc8a633e1a2c7c3c6367da8f245b4226a0c0603bee3f26434a	0.065	1
recognize-11-w05	51c4575ce72ee0cd1f4eae7249607bbf56ebcdb15552a845cc4a41a0a36a328b	0.121	1
recognize-11-w06	edd4b9c55744b4aab083d6ff0331f50e3df6644b260155934a84810e94405275	0.096	1
recognize-11-w07	ad35a569302e3b355e610139678c31bfa9c686d1558da5f9d7d3f94f777e7db0	0.172	1
recognize-11-w08	c34148d76d47a1e071efcee9fb812fe8ad8fb51c64b29c94995c8b71b00e3d00	0.152	1
recognize-11-w09	3ab9f4776296a7bb6b20905cdd53b519375b0da2dfe0c16d5dd57909498751b6	0.138	1
recognize-11-w10	3187ab4643e3421e811a6cda7d681616e41aff8d4a17fe1d981fc42964cb17af	0.126	1
recognize-11-w11	6badce66e64c36611e9999071a832cc50a899d355e21bfef82bcb9ab08445494	0.175	1
recognize-11-w12	2b9e6ceac1dbf2e5be5f550f70e1ec3ecbbf4e312fa03b4f93fe5a2e7ad21260	0.237	1
recognize-11-w13	eef13dffa0fae8a012270a18388b5a8b331c36b41aafe971d89f8d3675ed2924	0.125	1
recognize-11-w14	e70f73855dcb39d122776257a5ae7f84da916693aaaa3f2f5375f0657227bdf3	0.094	1
recognize-11-w15	a843dd58928205ed036a868f42e1ce88ea34595b7ff3cf2dfa2a4d5108787ae8	0.394	1
recognize-11-w16	d55d93c0d5d73641261d1c2f2e6cbffc90899129eac0be23aed148bedec8549a	0.117	1
recognize-12-w09	4395146cb411d5e7451400d7912fd0eaabe4a0cf5d13a3e585a0f21de3985071	0.343	1
recognize-12-w10	3b632e990c30f3d9d84af58c88963fe7da49bd2ef18521c65f7d0d516d440aeb	0.207	1
recognize-12-w11	b527d4c203f0813a155ab1bf23da21d920c29321a1d692b96f4aa1411d843d72	0.228	1
recognize-12-w12	a13ada3d32ff7847abf4666ff4d79529b13de1215433291b0fc690039d3b6e31	0.42	1
recognize-12-w13	a659a30627295b50326c789af2071deefe3063db2378ebaffa7bfe1cfa56dab2	0.704	1
recognize-12-w14	b6bb97ae62d5d62f4231d928d32b38314a311951f23fccd7d9e6f96c0af8d081	0.255	1
recognize-12-w15	428bac45cc0b39ee3a18624fac2d84fc35e6f090110064f799fca29c696ba480	0.113	1
recognize-12-w16	c5c7792c6e79e9bbf818969b1f8c02fd0b8de14935db0c20db81912cfa8385a6	0.262	1
recognize-12-w17	ee0d28530e7d6fb9a1145f7902dae9b23a75db2fa921256bdd9a873850a644ce	0.198	1
recognize-12-w18	39d722f6a16031ff070f7f4c3706825f1c64480f0ce6e51a6475037cea7cc6e8	0.08	1
recognize-12-w19	3a8f7b4263896405d7b05d56154782778606d2ff08b6fdb3f2b9850006e39392	0.127	1
recognize-12-w20	873750504d92b7ae44bf64f20b5518a1a33e61ae9ff2acda6b739e9143b2a7b4	0.284	1
recognize-13-w00	873c81ce74d752d00e4185d446ed23d4fa6e724212cd0cb8fedfb86bf2e80262	0.155	1
recognize-13-w01	4f4d8445e870032ce66df57d9a0da34669adb6b9f3fbbda809ea4229a8443190	0.117	1
recognize-13-w02	3ab5817328e35a5246c463d6b37f5f6ecc782520dea6fcf9bec1b1030353d063	0.119	1
recognize-13-w03	6d5c9496edd667edb1bc59387184118fa237606016ae6b29cef019aa29bb2312	0.109	1
recognize-13-w04	4b46f5030e03558ae52397263ddc4f6eb0f116f8d35d03b6b27927e74a0b791b	0.185	1
recognize-13-w05	4da298ef584f2407d4029e6cc38ab910e07142b8652b67abce4f1addb46376d5	0.123	1
recognize-13-w06	2bce25d107c8e9fd85de28d65dc25ee931194d70087a73d0ecdc1c8cfde6f721	0.147	1
recognize-13-w07	c75964b69a04df4249a3e0b66bc51dad8a92eaa06b303a0c045b17fe78420f26	0.277	1
recognize-13-w08	c5dbed57e70d8104238425e6e20091611b07478c86056f9d881802f4312b8110	0.109	1
recognize-13-w09	8c575bfbf6b373e5232235a174b966c0b9ce93b97d25c63c3c96a7f2ea09cd71	0.35	1
recognize-13-w10	220daa5482d388a77ad46b4b431f60a8c5dab76794a336b188247fb5c5fa6cb1	0.267	1
recognize-13-w11	b022f20a05c3da009970069d7496671dabbf3346616e7fb4e94583d19bda9fae	0.155	1
recognize-13-w12	df327ecd2f3e7880d0c06fba4f7b742195163f45b75d8ad23d96a681d9c7877a	0.134	1
recognize-13-w13	c9819a3b9323bf65c1cba31d03611572cae30b46bf76d4cb8a76dc3af8c05b18	0.263	1
recognize-13-w14	5e050e59064a9340afc58898e28076bf57fd8c835801b5d11d8c17a6d1b243d2	0.136	1
recognize-13-w15	2be72a72039a53496df26f581615b8bd8aba3364589d85deba7973ac9d91a133	0.094	1
recognize-13-w16	ce76812e7c5fd505d92f241432cb4888a19e19047bcf9b76d7ed0add29dafc91	0.228	1
recognize-13-w17	ab2b544b37f4f4e32d07708a5b09041b35e4a745cd71874911a419adf1cc3226	0.204	1
recognize-14-w00	3fad9c4d073084f2e10da95c2f9bc1661adfc76f569692f8ff4c8304be1c72bc	0.188	1
recognize-14-w01	394ca02e6d237c8e883de5b3303433a650d0e7f1917ccbadae0a53a09a042896	0.449	1
recognize-14-w02	8162181ad1a5490eaefc734ca874cb4b9b995f3c6a1718a2b72c0b2721c9cfd7	0.183	1
recognize-14-w03	eadb79a64a3792fc39b4e14857bab7ae2fafee47e16968453655b3ca456bdeef	0.155	1
recognize-14-w04	887c2fac2bd5cf3eec1129efb91ee7f78261877b2884da64f96623bfed4b0d5b	0.492	1
recognize-14-w05	64c71d26673730a6d54cb9584cdb6a71c1fd5f52bcf7e7e19e419d73f212433f	0.184	1
recognize-14-w06	87760dc7bf1c0cb8885fb853ba6b5ab22774f1ca0abb785feee43a6971f7be86	0.107	1
recognize-14-w07	b758c876817c20f75f88969e1c9055e79cda05f720a764925718664a38844309	0.228	1
recognize-14-w08	4e1640a6cdd0378e61e7bf1e2dd6179d63ba6cbb5289e6291291c89c7f8e6d44	0.156	1
recognize-14-w09	87e5b7cb7f457634fb94b6ef68f8d29a91c4913eca81cfe852a99811e78a32dc	0.074	1
recognize-14-w10	601e1259468d72d038c1a3156697487d32054807d69911c8b781abf711b2a751	0.122	1
recognize-14-w11	2470b5d3b5d8f0072ae49cb8fa3197fbb1343f259d613a27991aa0969dd8b611	0.08	1
recognize-14-w12	87a8025c2574b20293d2c512cbce5c983c193b826ecf4c6f041b81200bed8e0b	0.198	1
recognize-14-w13	4c520809c1c4c475006b5a4194da67a4d3d3d64cc354684708d25da3d9fa5d14	0.199	1
recognize-14-w14	81f7c13e9cd9c719627d582ebab03ea19eb740ebd27eb2a4a9e4e469f12c0761	0.249	1
recognize-14-w15	8104ba840f013c0b2c6e5c15b4a96263cc25a1b8cd63267cd2b5a491ab0c30f4	0.179	1
recognize-15-w05	76d4090ebad7ed57839f782b163a01dbcc3f553b1625918d23707582a8d06df3	0.158	1
recognize-15-w06	76cd8e24f4ab82b5d8bab08c0bb906cb2302b2fe9a82f226f2993b691672e100	0.225	1
recognize-15-w07	f3397211c4afd53e87012e9e089b7034aa08c0165fe345ce9fcd9e05d6fa7c32	0.215	1
recognize-15-w08	f57c1165ff87c80c2091e21f8c423cc8c18d1cc3b7e7809a46362b617bc1899b	0.136	1
recognize-15-w09	3f2bc1e079a1ed83f14f515caa60bca9de196b45fb41437cf7b7af8b16e80920	0.161	1
recognize-15-w10	f51906ce538ac3468d41593c7beab392ad400567736f04fa7227fc2f633e6328	0.104	1
recognize-15-w11	684edcf6061a2e37d4a66cdd5e448a36685b5282eee3620f2f0ecffa5e36c7c2	0.069	1
recognize-15-w12	4fbec07d5adc5132710be23d76d4bfadf9e0e74706dd60c9067f251f566bab93	0.165	1
recognize-15-w13	767a1a9d5729589bbc408ef31c2a137d42c7e21d667014d624ba9a418ca475e4	0.143	1
recognize-15-w14	d8faed5acd4bef9a8cc71244df31d674f5dbbf29ea4f6ad482a141efac35ebe6	0.131	1
recognize-15-w15	d359928ef77dd3dc21d472e5e6890b0ea68c8bd082c9cfbfe5b8d1010fbe887a	0.083	1
recognize-15-w16	aed763f618954fb4d029ce67e4cece522961a9c23b703b1e06005544916ee41f	0.172	1
recognize-15-w17	53e6e3940967c41455659951022f64851c4b26a83cbad90787f142bee5718cf2	0.122	1
recognize-15-w18	ab208f217718a2f0838cc2c5ec8e73f75766e68de41be62ef49a524612289bba	0.341	1
recognize-15-w19	228f6e22e358c484dd7ac021615a014abb8aa12ffd64b4196eaf9cc9ad17d624	0.108	1
recognize-15-w20	00c7d409abd10d049ed18ddebb08e2152099a8453bf25f10697309f0f3008410	0.292	1
recognize-16-w09	60fff427aebbd8838281a31bc9d49e646a8a54f83d0b3b37a03664628ae93331	0.318	1
recognize-16-w10	fa22a942852a03145beafba63842b656f5d421a84b0b3ccb9c05d2e49d740e06	0.146	1
recognize-16-w11	87925c3aa4fe68ba3cb0390ae38d86672ad077a38554d3091f2b6cd15c297679	0.339	1
recognize-16-w12	4bea22c1ff95cc5709617e679668fda4c40d0482a8369798f8e52578eab98838	0.157	1
recognize-16-w13	5b8e233803356f2c5baba4371c1b494921e262059cc4e59ad71c89fddb1d05aa	0.221	1
recognize-16-w14	2bf086fcdfbd36a62678bcbf5a1462f35040bdcd1abc34209f9c3aefec7050cc	0.26	1
recognize-16-w15	b7ba06bd05e8bddda83d2e9cfcdbdb06cc641bca96c3da30460524a81e4e9949	0.094	1
recognize-16-w16	9a07d359dc3bc77ee65dd8ef49c8077b49c9858622e79984be300fa20f74dd46	0.264	1
recognize-17-w03	2fcf2c61ff4a555908951b788c76b53074f9a8e6ca73d96609b5f059e296a2c3	0.095	1
recognize-17-w04	0ec771b5a78cafa66433d995a89ef637552ce77f199c7754cf6e1dc20693917b	0.398	1
recognize-17-w05	dbe0997f9a4f15e6a522e4504ef861f8ea6e6f1063c68397465668a28f4f46eb	0.21	1
recognize-17-w06	4a7c075e41f6c6ef21126a18b70778b6f0c1c13af9b091669a88bb88efbfa690	0.109	1
recognize-17-w07	1aad2c725bf1e0914fd1d87672349325e550306d600d75fc4a407c0ec0e53dc9	0.571	1
recognize-17-w08	76b0b4920b7585cced5d8d60e884c4b2f61450d02e5d86e432bec7b59da59927	0.182	1
recognize-17-w09	bfdd7c2dd833903963a5aa8a400bd1fdf499aacdd7d11b46a662e3afed6f4b61	0.346	1
recognize-17-w10	d7d94fe505ab35446f2a5dc36245cbc87386731afa38bab85899a683038cac00	0.162	1
recognize-17-w11	a6be2322dfdc485e74e970fcf802c6a9c3b2df86b9c1ba88087a98e01fcf2c6c	0.135	1
recognize-17-w12	6fe9ece7ebdb8291d03910c851f291b54d8922f8af4b565049a357a7d7559511	0.098	1
recognize-17-w13	8293de9c24c4b9fab9fbbe04bf77ba09af5e8278812691cc28f73cd5f892d239	0.086	1
recognize-17-w14	102db20cbc943db0126ef89a40bd0ea6656ad32219888df4d0827d5aaadfd9a3	0.321	1
recognize-17-w15	472f200c0af5da80c730d159d6022da973cb06d4ea384b7fc0ad378ad28f63c3	0.16	1
recognize-17-w16	4a1d1185c9bb0837f3cadb7b8b937a5f2a3b2df4b4f0e296b61cb9049d1c56df	0.183	1
recognize-17-w17	cd3be760370ed6101e59b86927f0078a13db0db763317519b7d39c189469afcf	0.133	1
recognize-18-w07	0fd92822b6d60c8fe986a6577c20a7c1ba9c4fc7c235c908c158a6f657c39c01	0.122	1
recognize-18-w08	d7445b9cd60fa19429d6dda1b2f0c2ebe9939f0b9c78447bbf06d4215ab24ac8	0.116	1
recognize-18-w09	210be53a945497c89a2a037f8e951f10b20e9997efb0506ec4a129b8f7d5a9a2	0.132	1
recognize-18-w10	91a39f85978ff0e0adc66fc1c2a27e0af1b0a46f083c5ea295904b6636de5c19	0.072	1
recognize-18-w11	d184455e76177f68d8027f2e11a432ba452c0398669f30c9be426147bc11645b	0.31	1
recognize-18-w12	285532c4b679a05694d61c0fd6e2e321082e7453195cad590c842461b6f7ba6c	0.143	1
recognize-19-w05	ad03ffabbabdbfdba7c7783c72eb9b5304d1bbb420ffcb821da0c51a41273cce	0.217	1
recognize-19-w06	d8e0dbc4fa1f24717a08703b8f764d116a5f33b6b600fdad997bc60fa9b6786f	0.148	1
recognize-19-w07	57ed729fb1c060cf1567b42e58d86bf843f56a35947a711d057d7751b3a45fbb	0.169	1
recognize-19-w08	1eda099f8ddf5b1153e6d58ce71055348d1345fa91347926e2ff8af06c35eacb	0.16	1
recognize-19-w09	acb0f9828f384a232152725d25b00eaa51016f32332822f28c1cae9d73a12909	0.116	1
recognize-19-w10	9c1161f14b38faeaeb0eb2f3faa749d57572e14ae8a2092ce7061fbeb34a2ea5	0.13	1
recognize-19-w11	a63bb29215f64fb541bb43f89dcce05822d440bceb801a3f22c7b46bb2073b39	0.092	1
recognize-20-w00	1b7cbc00aba3a573bef3aef964dd3d19aef5354b39a5a759e7eb0a079c72c0a0	0.259	1
recognize-20-w01	5eecee5207493969dbcff78a0a100e4e49cbc7e8dcc984ad841239d86e723171	0.195	1
recognize-20-w02	06b39ae52e0970fbac303eb5e27121868cb03dc74401feb97628d19ccad89f57	0.193	1
recognize-20-w03	8bffff43672a3d143f108cea21dcfa59175d9f8b35746a66988f02c60239b03c	0.144	1
recognize-20-w04	9f83747f5f5faaeca77e15dec00423c9b4a64b0e1424289291a8c30a9a5fab90	0.161	1
recognize-20-w05	1c12979e877c0ce7c0c1ba61f84e58cf9210a2d82f8569f7aa50e7e7a4bc4cde	0.242	1
recognize-20-w06	2844ad8702d15d7d1dc83ee290928536880f0bf8f4877ac170d4f5062e5fc8ab	0.283	1
recognize-20-w07	964e000508269faf295bf630b6c1744b9f4c3632557d5d8935b9398df6ea7b02	0.374	1
recognize-20-w08	4498524e9537307c3c31ddc2100458d97ce1792917db3df6c363c5b074e0c599	0.196	1
recognize-20-w09	0f75b60b59b793d30b24426d418e60fc94dcef23f49b03eb729ebd2d5b515a2e	0.076	1
recognize-20-w10	87ca9458adb3f3fb96fcfd0f80730ae90e308c452b4c1b68943665f71904558e	0.149	1
recognize-20-w11	a81fa990b8478e32fd686becb9977364f58e86b3e799c913699c12188cd960f5	0.099	1
recognize-20-w12	a46cea1ff853a1ba0582b19edb7a520bf000586d48befbca180c08b8c8725e08	0.081	1
recognize-20-w13	4dfd4f430533d6ce1957ebad5b2ebfbb9b9dc3d6b14e6d45bfb7c9877762140b	0.411	1
recognize-20-w14	0890e73fb973b6451f623ad3a9f649b83c14d1b7332b22f88106c6310e760636	0.302	1
recognize-21-w03	21f0e0239f13f7205642cad1fee5e50f18f4002b8ad88b45f39692e4c03e77a8	0.282	1
recognize-21-w04	300336b9aa0d822f9b8db5a28fd6e5303b0aa469122da4ae3217f9c773cdd552	0.187	1
recognize-21-w05	da2460f336dac59c7c039d5a18ef4e7897b5f20426fe34ca4ead2950f58c6409	0.147	1
recognize-21-w06	e0dca5bf7e7ad587449949e085392ba8b702bc03d8dc5a6c1708ccf40e480037	0.103	1
recognize-21-w07	9fcaef2dba4b541686bbeaeadde9581ee15abb65818e80b4212ac66203fa275c	0.131	1
recognize-21-w08	f210fcc43a569dd13b573fc81d05a817577610a435f8cc2888ee9e5d87b372d9	0.176	1
recognize-22-w04	7790d0a1b49a768726369f3fe77ab7dceadabb5b557ba30c5400151088fdbcc0	0.153	1
recognize-22-w05	993f01f61b34cc1a1148df27902ddda9173f2373579cd4d705e8ba9111b67e5c	0.125	1
recognize-22-w06	95990464f802276825375b1e6e080e399e3c6d4e38f37310c861017528debbfd	0.17	1
recognize-22-w07	064919acce6a8280e5d10ff82b72bebd662d607d372af842d6269d508a719df6	0.097	1
recognize-22-w08	8eab116fb01b842cbd378058983852cc87b96ca7048154c407c7d714ef5aaeef	0.104	1
recognize-22-w09	5d7fa108f6c9c610928e8c066a7ee0e724dd9d6b4f09486e6f6c459119d63a0e	0.089	1
recognize-22-w10	8546d57efc53f3b739454fe74f92cbd850e7c2be8dece90339441a7df12fc905	0.135	1
recognize-23-w05	3349e241da6069134aaa42e39f3d63a24e9efb514856f08e84a248f85b84db77	0.164	1
recognize-23-w06	d6d29af8d8974471ff5d875f8a7930504a6f15f30efaf327b608c3c5c074a7c3	0.151	1
recognize-23-w07	2210c86749d529c420087e4be1d070f623137e80d1294cb33e4b3601cf7b88ad	0.13	1
recognize-23-w08	07ca9d887b618b7d12acd797eae3b049d54f401ecb0533ac3a049b6958175b83	0.149	1
recognize-23-w09	d94424b23f62a49227f560e06bc8f1034376839b20cd9c5c985c8529c80abd28	0.155	1
recognize-23-w10	926a2abb028dba74b2bff50c04b4bb28ace952ac2752b303ff973a0ba260af44	0.102	1
recognize-23-w11	b88232098dd52a637fd3ef72770a32f19b9e7a97e2046eebb195ded4866d0cd8	0.338	1
recognize-23-w12	6eb759bc38fa5bf0478e4ec2fb711fcb2c9367f6a6fb65e1c9fe77d8241adad6	0.181	1
recognize-23-w13	1addebfb9d1290f62cd58fa15f2ff005f149eacf91975003c1616e63a7d6a567	0.288	1
recognize-23-w14	5b9f360e69cea9271527c8fcfdd80bd466b5e56f96f27cb6c765d51d341e203b	0.085	1
recognize-23-w15	2dce130b2442f1b78bac746b85908291faeb2933a1932a5b5aa02e03093d0afe	0.127	1
recognize-24-w00	35b2c89813a722cb590d70a35001ea405e28f6c72d56ff244e2fcde897a665bb	0.167	1
recognize-24-w01	ec0ac81776c41a66f930533fc1e41ba6262275b51b9066208487ac2d50054db4	0.101	1
recognize-24-w02	3026ccc479d8652ef0f60e5e25bd2adb5140b5ba94bc3872f1196fa794ca5159	0.073	1
recognize-24-w03	d4483c57aa7f7f6efbbf56eb660c262887802bd7061565179b234dd4c88833d1	0.112	1
recognize-24-w04	0f889542369cac1a0cee191be5346fbdf71a969099c2cf1621ee081dace472c5	0.263	1
recognize-24-w05	c06d0e03e1c02b74d0c04029c21c893d63f7377055eb82562afbd5185939c226	0.078	1
recognize-24-w08	7099b36660011e973d5a275a12c5434ea43b57ea20ef067b2dca389702c269cf	0.129	1
recognize-24-w09	ca9dbec564327ce6f8e4ad440a3c24c56c081bd58e622487f79e203401d5a793	0.111	1
recognize-24-w10	238a4b0d159e6603e94edc3bd574a57e9f0b7b20353698dc9883983a722fc39b	0.06	1
recognize-24-w11	8647db3c334a3c0a85949febbdc487c3d6e8815cda46251b908642b411a7d353	0.169	1
recognize-24-w12	e50c1dffdb95e9bce57bf1499990d36382baff3251c4f21ad56e558874548e33	0.132	1
recognize-24-w13	270236e6af7ab4c1e313aa2df4b65ff500dc8a8e7d0fc93bc15439e848684d2e	0.247	1
recognize-24-w14	483620fc84b9af3c47ff7893db5a3da825274a39e0a721f56ae707acffb69a2f	0.127	1
recognize-24-w15	88fe6401ac4021e0eb01000d857a5a64c6c7ed75397ed773030d9c6e4c334aae	0.126	1
recognize-24-w16	453d1249598b3d739609f8e6b0c134924c56085a568ff394b24967a33cc960a8	0.254	1
recognize-25-w03	c942699ad733762a980ec5555584d149152a2f68d5173b7c19e53ed3265418af	0.188	1
recognize-25-w04	eb2c6030694f1e282e57c01b87d0af79559df095ea09d4b4a50d1ede5bb151d4	0.086	1
recognize-25-w05	928ff28513566bd1aa888bf9590eeeaa0e1996cb47766573c88af50534150c1f	0.162	1
recognize-25-w06	84037bc6394ed830e8ad2def7e52953cec0252c2d2b300623fe68d2e6b9e3595	0.141	1
recognize-25-w07	eedc6888b4fee54517ed7d4c772eadc7547852c29022a0a6ffe195af77a73153	0.154	1
recognize-25-w08	3d80944bc39b8bdbcb996a180e1d028af3abd561ff9b334f16b23af72a37a02c	0.188	1
recognize-25-w09	815c4165ff547b91f8d24240a8718cdfa06cd8f08b4cf921e543d0b64a8cbf41	0.413	1
recognize-26-w00	72e0f4d2b1727f9159593ec1fcbcbd767c7eb23cae9232aa852502cc2247b5c4	0.128	1
recognize-26-w01	c6b8d8d60814f449ded0095a2d5976c050464d6d877f938e4ba57a20f1a72b6b	0.117	1
recognize-26-w02	66f78e24d7918207eb6d041b14b5a8c3261844d5a55512002f794528913f55de	0.077	1
recognize-26-w03	72916bb13630dc93da794d622add86a50b33e2c03173c0fe44525c7213767b00	0.134	1
recognize-26-w08	2e41f2f9b288658fa9f92b9f7510d0d46c69c265e29cede9cb20d1c224e3142f	0.125	1
recognize-26-w09	46bd8a922a8922ca83179a9172991b608d0e167cea1a2bb9f5584669e20e6365	0.155	1
recognize-26-w10	c562d63d78a76c40ade80633cca0a9400bce025432cbf6739f511b6f85b6f532	0.417	1
recognize-26-w11	d259efbcab355bd3df3f080054fbb4243de84b36baf8967639d15867057d5a5f	0.167	1
recognize-26-w12	3f1e66722c64c33463e300c9f7bd4f6a930bc8422cab5b7d90f15fc8c831e3b1	0.254	1
recognize-26-w13	4d49c3b9c8e458a5d589faceb28895f2809bf2884e0e41d3a7d80fc2552691ea	0.154	1
recognize-26-w14	eee89f2118403b5b150672483363ce19700ca7aad80c069bbf99c257e1f6f33f	0.127	1
recognize-26-w15	2b7da057337d3d9ac2c1a6b6419466ea3d0b792b61c2b6438414bd8bab73ddd9	0.231	1
recognize-27-w05	3d3a5fdcc29695e23aa3d7bdbe2615f69d0f03a828501885b85ef4df52c3e3ea	0.357	1
recognize-27-w06	e0f5e649293182f2de41700a77645bf756f89f298eb845160e40de4065f9855e	0.224	1
recognize-27-w07	a01c57561b67bbbf4265d6f8e2a04c940e397281b12edaf4fbaab405979cbb5c	0.121	1
recognize-27-w08	1ba8efec27905aa8649fa84526fb5b6b32d5c7ffb4a2e2840c952f66bb6fd797	0.262	1
recognize-27-w09	8c82ff591e97e3581b471411b3bd26dcee363a296a47e63a3a07a9078a5b65b5	0.099	1
recognize-27-w10	0181b6e64dd2b9e8e99c695057935cf1d061b4db6c5592cede021c9d593863ed	0.261	1
recognize-27-w11	a2f807af223d03a7da856281bc904569a13421e271adf5505957cb0709418a38	0.223	1
recognize-27-w12	2f14d579c46bc61c75c01247253d6b5fa8b5eef77f299579b919ccd8bf9f09d7	0.103	1
recognize-27-w13	e082878d092ba7798f5fe42e8bdeadaa245a76e464562829e9348ddd0a7caa38	0.115	1
recognize-27-w14	63b687cd7b919f4f60d8d87639e213c5f56af990c30816018b17c527b82b389f	0.243	1
recognize-27-w15	8e8591b33a95fa735072d6a3f045007be15bf9608d520af18f739621296b9517	0.103	1
recognize-27-w16	bc694b882ba00a1d7406c7e08bd65e99203f60e2fe630189a20681ad89ba84ee	0.311	1
recognize-28-w00	5ff51318ea65fcec92ecd545c7ab0484b675eea97362232e10c48126eeb0557f	0.224	1
recognize-28-w01	8f883c58f029bcc3ead4b05facba36951397e66862d80f2f9acba395c0bb3b1b	0.437	1
recognize-28-w02	48a73ef26ac5921695e7cd4f59675b1ed4476c25b50d240524dd8d12289b16d3	0.094	1
recognize-28-w03	8fabe90be67c8830a9439f488df89496659f0055608f81192e65b7f4c89e2e39	0.369	1
recognize-28-w04	ef9105bab2dfe6d4ccca3f53871e6b8f1b7cf33601e2ed2997d7655719fc109b	0.137	1
recognize-28-w05	009acc9f5a9a52ded200790392bf13e07b8d6cab2259d8f1ee9c29a1f2a4befc	0.361	1
recognize-28-w06	25cb02c23dbebbba83643eed2f7af88d5d1d2b6a7fdc453880e06d3cae26f5c5	0.081	1
recognize-28-w07	36a0e977f151fda6fcc3c9ec51752d3055986faa5e322da3bbbd15417dc4520a	0.239	1
recognize-28-w08	4d39c0f3c6a3c918d0cfa025eef61093f62bd78154ae674c5fe2f3c7e1b9da64	0.251	1
recognize-28-w09	920176a74691627cf59f9408d16a2c022ec7f55e824878e40bae13b4a8b6e1bf	0.202	1
recognize-28-w10	49fbb880adbc373f40e0267e55f8e79d38cbaa742d71a44977ee7462e8933587	0.135	1
recognize-28-w11	f6ef8bcdb4a8573a117b4473c4732df4a788dc0942448bbe24e4c46974d857b0	0.449	1
recognize-28-w12	31c69da309605442c6e6b1a72a17f1e84d755172b5bab645d5c208694b7519f7	0.114	1
recognize-28-w13	1e4c1cc5e6d6c767bdbd32964643dab67d5e984caadccd3cbf39ef4bf99bbc27	0.063	1
recognize-29-w03	cc6316fdd676dbd8627cbb3b21badf5f7462a64574e11d152c2560b35b906d2f	0.154	1
recognize-29-w04	72bfdcd8a360a38e2965fcb6cd0fb99e2a6e7abef0b6d0e07b1f5300cc931c6e	0.128	1
recognize-29-w05	b3b6eda3bacc14f56a14158ef3b1d7c4e8c9754884768398e1e62e0a932f3950	0.18	1
recognize-29-w06	c698332bebccc90135f231bd874b617e2cc69938151e378d6c4b5504664f47b6	0.091	1
recognize-29-w07	9d9a3c76026c20709c9310b556956363c15ff65f9f39659f476a7034b83b5008	0.198	1
recognize-29-w08	970aa1510afa77deed6455eed831a0ed10728f896108603eb615cc04f5a561c9	0.734	1
recognize-29-w09	67abef6ae31548aed9ed706c8c5e72c5557e7b50fe2f6b13f919f2bbd297774a	0.169	1
recognize-30-w07	b22225daefaa6ff408ee7ced0f37b22aa2a9926243af7f6e765d574358637225	0.423	1
recognize-30-w08	5d131b4d504088d913e9e22b0bf2952431f63ad889c0b7f6de110ad8697cdce5	0.107	1
recognize-30-w09	89fc4bc47d4e1ff8924c337aaa04a8e62360277030fec4b527ce5170e1b5418d	0.091	1
recognize-30-w10	fe05d1ca9e6bc7acb2eb17527de27e898250c1f35c9ba91711d94882e4d38ea6	0.103	1
recognize-30-w11	0e9534d973157c81cca080a894003f56004038378e2bf3c433668bb5f996bb77	0.144	1
recognize-30-w12	be2c1d6709e1c664b3077811f52c2d815ed62a5c83c3bef62d52229216ad1a16	0.185	1
recognize-30-w13	30fad8a6999376b55710923188607d413052452b312f0a22e39a743e1fc88386	0.217	1
recognize-30-w14	7773a42636287402720150840c38ad90e0c3b83bb200bc4a15d64f95cac63091	0.082	1
recognize-31-w05	30819c19ee5dbf90d1e10b026a908ea2ad5b0400f173d515b21220979b6aa917	0.242	1
recognize-31-w06	d2097c11cf91361f50831e726eeb6b1097d37e40a1eb0396e2b657a14e341ac4	0.171	1
recognize-31-w07	07160bfc329846607b98803782ad39bd53cf3cc0e3a49775b41b4e4c816b5833	0.166	1
recognize-31-w08	dea904e5faa0ecabb91b717bc931045d439a657968f2129045b4d234d878a339	0.285	1
recognize-31-w09	471534fe2732dc3119cbb14b7137b20f22a87498810116bd3c71b2cf5ed090ff	0.064	1
recognize-32-w05	a6653e7d49ab1b7692a5182971803f735636a3c55044abfd97b801af0164afa3	0.078	1
recognize-32-w06	2a20995b5c9f7d613f28ad47dd0570be771135ceda7f6fdeda1a19cdb203baac	0.074	1
recognize-32-w07	532ef7bb4ca0953bd7b9ddf55f75fca4ab3e2d211230db8df32d03f8ea5794a9	0.222	1
recognize-32-w08	092e93b2f815f46167452bffbc64c7a14e6eb17de034e697d1ea9e50a417a60f	0.226	1
recognize-32-w09	edc423acea4422d54a3d68e45eb5e72e596017e117944fa5008d54f911f7cbd9	0.457	1
recognize-32-w10	df407070dc7832f495ea1287412ed03604bc4947740b30c74a57bfa80b657887	0.092	1
recognize-32-w11	88f88bd148507a18959ab0636e7c11a585eb8ce1ee629eeaf6c58434c0b22ebb	0.145	1
recognize-32-w12	6fb27101d457d5a9e553aebbe1695b37a5470484f7a4befafb4270ce8734b91c	0.303	1
recognize-32-w13	5c668295efa7fdf8cd12d4667928924b4a1094fc66d8df6f54b1ad7971d141f4	0.138	1
recognize-32-w14	28afd411b987d48df64891176ffa580c01712d2fda2a9036dd6e04502ccafcbd	0.239	1
recognize-33-w00	e1f289073ccee4b87a76f76ca4adec27b5f8b8f035b789cee5a42b23218a90e8	0.252	1
recognize-33-w01	83fec442bb3cfb266ba60eea49ceeaa5898c0b5ae86fc7de9f06a1b53a184dd7	0.116	1
recognize-33-w02	77d473dcd0703f254aec2c3c8b60351779e430629c5e4a75cee2aa2c221b3858	0.118	1
recognize-33-w03	85845680b6318626163fe617034fe059d1a91bd2ba34b25884cd7bd24036446f	0.157	1
recognize-33-w04	57c7bf1f708e5c8fc28e93bba04d96e3d218d6f8f352e70499af9ae61a6d552a	0.21	1
recognize-33-w05	052e3f294b335457e39617f9d9c3fc5c908191ab39fd77bb5803ecde9b84382b	0.1	1
recognize-33-w06	0fd3bd5e0c2fa1a26ae45afa8e802fc6e74af62a8ccf616a45302067f3d5bac3	0.145	1
recognize-33-w07	22a47bf4ad3eed428d127124fe393b552bbc1a5f85f181a2fc17cf453eee66c7	0.127	1
recognize-33-w08	a78522eaa529dd73d0eec8bdb63c31a655e46ddc75f00fd3d583680c41e13084	0.165	1
recognize-33-w09	57292552563f04d5574c8b6185ef641958cd5103f257c09be08fba8cdd19219c	0.325	1
recognize-33-w10	b7f43e36c0e2237149a744d494e095f6665609b6b5152971c77b35bb0b1ba9a9	0.285	1
recognize-33-w11	f0f091e775b2eb516f46041238edadcb9171f0c0d3056e4f4efb1bf26b433733	0.235	1
recognize-33-w12	81dbbf1a61052a52dfd43187181ab0481f145eb4b347643857b8caff1ae370fc	0.087	1
recognize-33-w13	efbeeda7a26b7d7ae3529acbc9a41174d2452dc44bc862e22b1c6ce381407e3b	0.084	1
recognize-34-w07	05c4a17ea513b63a61a78e4005cccbd2a23004bf9ff01dce142814b8d888d10c	0.135	1
recognize-34-w08	7a1ca010b4ba593115bc7aa7e07a9fd733d81c1e14e76bea29a83d16949ed7c8	0.136	1
recognize-34-w09	c1d7d966926504bc367ff1693595dcce92a26ed1c620ba1cd14e741202c735c0	0.1	1
recognize-34-w10	9e3f1670693272c4cc2af33686b5569b32e0d1c3ec76745ebfb856fdcf876326	0.085	1
recognize-34-w11	faabd8bff71c6a712016c67a6d1cce302f1ab95afcb27c2b8cfb7e9dc8dfaa30	0.112	1
recognize-34-w12	8bc5248667280163c5e414254cfb513f813b3a3c8230075da16f83b4bae4632d	0.108	1
recognize-34-w13	c09f9678fa3402104e575ddc8d8e4d39d1c7cbd964a292190a682b32be9eda56	0.178	1
recognize-35-w05	84313a7edb95a09426c04cae6c83867cfd6c1864e901f47ed89aff9e1335b5d3	0.147	1
recognize-35-w06	fc2c62338dceb27c57c0c6d8dd86daf89fffdb28ac1ae1ef26fa7efb8638bdbf	0.118	1
recognize-35-w07	93c9f79364fb4fa8e9b0bea312381ce5e09bbc4a4ac3e2ea9d8771cea1f99ab3	0.134	1
recognize-35-w08	a10f96a8a13b58bd9efe0add69cf417fcf58fe3ca4e5f0c0a95ca2821cd70d6c	0.181	1
recognize-35-w09	90c568b7ef9410c8fe99735057a0e09877400399cd95f3fe7d804854de9743c8	0.232	1
recognize-35-w10	f654bd9f3ed670414ef7ba05db4f54ba8805745d712e6d366a6ca8f7ac1ee482	0.247	1
recognize-35-w11	22132810d675c603cc2c130423edc1fcdf98835c2af3d2a7b5abcb43668b6f55	0.191	1
recognize-35-w12	1e76fdd2cf74659817b2b000854eb112e068b9730d6a2e76a8369779665b9839	0.176	1
recognize-35-w13	c8548cc0fc90fb079561127b1cb428d973e9788c082190b7ab3435cbe78a4168	0.065	1
recognize-35-w14	2faec7172066b84e9e95b3b6dc48f35b9ece2e179f3a8622ec2f42daab79c77c	0.235	1
recognize-35-w15	8f94da3d48ddbb667d45d098eda40ce74dd14e57a22890c221b595320f8d72e3	0.184	1
recognize-35-w16	84e603d67e397674283ddb068efe9a702905e740b067cf4044457029645e213e	0.077	1
recognize-35-w17	1e9fb24aebdc91e466ad8cf124e103165908f7b5bbda5c8d279288ebb65485eb	0.295	1
recognize-36-w00	6149e7facee232a0ede99272d7a381ec9f4af4f87ea7216c9b26c0f3b39cb1ef	0.145	1
recognize-36-w01	d8a49ed0799d36b3dbe66947631b40553b8118be041ccb22e64c4576f4506a57	0.285	1
recognize-36-w02	053eafe3659050e13951c44100e220f57e3bcc9cf32c90548f9f30f947bff323	0.121	1
recognize-36-w03	49033b5898e70b509dae7ba92f87a66b96eb11395da225023b76a9b9ea0a838a	0.327	1
recognize-36-w04	42b9f90f67c1ff14b96b7ba8896383132606b93879eed56b7d1aea4a7d7b62d5	0.141	1
recognize-36-w07	ac19c6d68a2910063b73fd61fb855f1134a372ce0ff9611e3c7dd887a914d3f9	0.205	1
recognize-36-w08	fbc524263a788c071d5445d091da61a316a5c1ed29c2286180d24f3101f93cb5	0.164	1
recognize-36-w09	962b14fd95a8ce90eb7e13b5ee22aaee130c2786ca06fd64d0438220ae9f52e1	0.13	1
recognize-36-w10	8d2695da668438f2cf40048d60d8d20ac2ee3ce95f2433ae0a42ea93885b318e	0.293	1
recognize-36-w11	ebaad43c7c59ec12f1a8240510afb42ac5dd415828b351cca1690c4ac24c8e65	0.28	1
recognize-36-w12	3e71f096998af50816022f605e1b53ce8de5b0f906dc6cfdf05e737d4175decd	0.21	1
recognize-36-w13	428743aa828f3f322423c30c9d1c4aaecf5eb8b133d63aa2ca752aafaf8409a0	0.293	1
recognize-37-w03	572a048ff306217889d8c32301ffa903f3bd7df8eaaefcfec66cae0bcd58d3eb	0.168	1
recognize-37-w04	5705f56e066de7a1d0fe789ca44bd8e0b6afe9856cfbd7c1a9f93fb794b2d6f2	0.105	1
recognize-37-w05	2c0588ab438b65a382537f7c39a6818e7dab7baed293c9bf42132ca10a0c2922	0.11	1
recognize-37-w06	8955cd9713acd68ad80b87aa118d163c9b43efa9634cd3c66ccaf4a5ad730e6c	0.121	1
recognize-37-w07	da413a500bdc760956951a26620c62b0f3a649671257f9ea7da4a3225ba531e3	0.188	1
recognize-37-w08	ffec90b97f644539cdbc7234a9f9c42bad5d6149b94790c6ebdb87c7570fbdf6	0.24	1
recognize-37-w09	7bbe87ebeaafcf77faa6797eef059610b0c7ff909de1082d021cec5822682aeb	0.261	1
recognize-37-w10	860e4d8821b8e7a9efa02697d11e45872eb2c15587e48816b9aa18ed4564248d	0.092	1
recognize-37-w11	6a0663499715d44a6ec5331a25198cae052bcf129d9e1b2f69618f8138f778c2	0.195	1
recognize-37-w12	3236ab0e91a6adf81927b6c28e9ec49b004d1f51529809a86e2fd9a9ef941a8d	0.128	1
recognize-37-w13	7f2ee36c528686fe4091b38d8eebd7d701c9744bd1bd0ccb67af94eaa743f40d	0.298	1
recognize-37-w14	9f07ca1e9fd45cbf9de7eee0d1a4b241fa82ba7e5b5fce1c59cb19cb00007f8a	0.151	1
recognize-37-w15	9ab513ec6ae7272ca327b51e42307b4b5010b4e2c252d4fd305a2840a09110a6	0.181	1
recognize-38-w04	07bdb4a9339bc4090813dfd8b423f2f436010fca1c8769b7a0d495b783ac9176	0.156	1
recognize-38-w05	75923e9a1414d4e431eb36831a57d8730bbf2e2ac697300aa4a28b49b97b6006	0.133	1
recognize-38-w06	1099541d90518e21f21dfe4829e5af929ab721077e54971e6c47b90dfe0c899f	0.656	1
recognize-38-w07	e81793ca5959cfbbbfbc0d13cab36373c49280ab328b10ff472ff2261e210945	0.226	1
recognize-38-w08	45b97845bb54227db4a5ade58625e68ec760ac7b50b3e11ba896219f7b923d14	0.104	1
recognize-38-w09	eb067f3611ff75bd87dbf13f83a272151482320d8295d7b76a4ff72422d73070	0.636	1
recognize-38-w10	052bf8f6c9850ba03135d68bb94da85a21cf8b942d1d086a609904b520cc3d55	0.403	1
recognize-38-w11	243d7f3b02a06add76d477769893a4d7f2e07d5d028ea97c07b9b5ca368ad257	0.462	1
recognize-38-w12	e4b42b2ecf89c9c65dd5bf65ecf32ecd2a2ab6967128505fa164b6a6e810968a	0.125	1
recognize-38-w13	5c216af4fc81b5d91a09d3d98dc6983c54cd6210a975bf3e801557328ea8ca18	0.306	1
recognize-38-w14	9c75d72681858e596ffd8d25eb24d67c464db564ba526e162509454eaa0623c8	0.23	1
recognize-39-w05	ac24b0564f33d254e46f8e886bf853ceaf0b8e93dddd81aba625c62853dd233e	0.284	1
recognize-39-w06	3a428777ef98b654334f8bb6215e6db27da3b9050dcee4eb1e0e556fa7492209	0.313	1
recognize-39-w07	09f4ed1ed1d7bc639a691ad9b3ff850e230fc3cfb8ff0ef6f18c70b7dad1efd1	0.406	1
recognize-39-w08	738cb3f2fac9d20f7e1383f276b4a474abf4e081deaa871c4b9804d3a18722bf	0.27	1
recognize-39-w09	cdb8f78208e3bc8e4e4611dbcc7056aaf781969da7b3118a8cd1f715a0fba83c	0.144	1
recognize-39-w10	3cbe8c05e0d8df5d58c1d8919035c686950163bab25bd13fbc2337a876474e50	0.269	1
recognize-39-w11	95e689b94e1017c758188765f754ae2864d6ea2fe0a20e8933d906f37108a49b	0.117	1
recognize-39-w12	3c7d0c47679686e3765144b362c4fcdfbe3b5fd3a787cfcc1f9a04e8d93a0fe1	0.231	1
recognize-39-w13	2d11dd7666d43581e7217a73eb643ac9046e6e3c20c4084f9fc2fa6903ff291c	0.112	1
recognize-39-w14	1ed1fae8c90f099f6cbc0a873e95744736e6eeedb1ea1c0f57ae9a3412e087f1	0.197	1
recognize-39-w15	efe4093004ddf5972925f118d857e00818f2583e3194fd01a1aa784469787612	0.163	1
recognize-39-w16	b55779f836cf372df4eae64cf4410cba6f1682f9e1e01e4d92f6d6e77a915f4a	0.067	1
recognize-39-w17	b6c2d6fe4dd84d6221ca58e1dfc2cda39ffdb415ef088c2898810a0ce5383855	0.257	1
recognize-39-w18	0c04e586237072e405590bf7061296ef2eb980612dcac296cb3e12e1a1c502b1	0.141	1
recognize-39-w19	6d50131cc3cbeef5e356748feaf8ec7c939f84ae5b06ca53c8f6d92e11a29713	0.262	1
recognize-40-w00	ad3cbadcf2bae132899e193b537ccb8ab8ea600358ef078ccdaabdd4e2ac72b6	0.19	1
recognize-40-w01	f44e22fdab92caad4c0d4045d2368bcb305758059ed8927aa19e281445b60619	0.281	1
recognize-40-w02	f468178d5267dbabe6a41cd4236eb8c7715a1d45c75e43e87869ad040d133015	0.136	1
recognize-40-w03	9540717a642820f5395674f4d1367d17f9dea708d39e7e088dd8884c8b9fab2e	0.209	1
recognize-40-w04	46e6d1b4eeb9edc4b0103379009e90d815c894daec742f42763b5cbcb5e2ffcb	0.208	1
recognize-40-w05	caf1b417d78124dd315a34ca1df0a23eb8f6ab4492b2bb6d17e25aec4c078149	0.184	1
recognize-40-w06	05bf4d4b5996541bbde73e97c6fb4925bd7ef4140f538c27fce00e5b6cfdbc3c	0.212	1
recognize-40-w07	85c05f5a8919e13ab12894512a772cedba85514e7109977267dbdda15ebaddd8	0.198	1
recognize-40-w08	086de9398cee2bd036717753233b7304804071d53975a41ecfd589351ba1138a	0.282	1
recognize-40-w09	d2a562efa2bd7f61ad26bb0d283a9eddb4d659609e291b409828ec1cbef938a9	0.194	1
recognize-40-w10	5919f859d631507f92c0dd925567e2ac8b52297d6097d191b7d16561eac99c17	0.175	1
recognize-40-w11	1d7f8f4596a2bcf36948d557909f76721ae390d41a08cc9a2f66b589873b7462	0.26	1
recognize-40-w12	60e1f79b1451e2c57dbf68fadad5da14ae2b847833b0fda7521afeccd2af1b1a	0.254	1
recognize-40-w13	5c58671ed6d84e0c06a4b7487a481eab5cbb0b8d12cd7c277b53bdcbe00953d9	0.079	1
recognize-40-w14	66a9b3eef7abf9ae7488ef50fdb64b7d4d1b0b7be691abda07af79f80411e19f	0.189	1
recognize-41-w03	dcb7516fcf3c0d77464ee7041138a22cb9237a7f657f48718a426628f75e4b91	0.083	1
recognize-41-w04	2d82c5716e445d35d00bee32e0d4c0097ce9e090b905e077508115286edb0df5	0.164	1
recognize-41-w05	478b026646c211b0471b43d6fc2a502ffdbf7ae92da100acd46a0d367875fd87	0.243	1
recognize-41-w06	b0fca6082d74a87fb0b5512045eecd312c3179bd3411c3150b1b5b51339cdb48	0.208	1
recognize-41-w07	d8857b83eb4217a899002c11909f2c2088a9022ade69c5bff6cc14dc08273168	0.105	1
recognize-41-w08	72f568f0bb52516ffc3371a4e331fb21379c1185f89fe959722c1585f5e3d8db	0.17	1
recognize-41-w09	f5548f2047845fcbe4995aeaf339c3615d1d9686ecaa5effec51038a45c55e5c	0.554	1
recognize-41-w10	07dadb8188cb33c4d08e619ce32d2bc82d6285e563a46b393ce46de92ed7df37	0.409	1
recognize-41-w11	93848e035c9ff764f7d7f9db6a59c3fbbabf2ab81f4d16e57930181317678697	0.126	1
recognize-41-w12	dd4b7c21f0b8e9422654bbd4866334783b75f55bad940abe13d94ee349ffd8f4	0.148	1
recognize-42-w04	c18c53a0c70a81eab02b900a5643a726349d907dcfd2ee0224f05d00522e6f0d	0.151	1
recognize-42-w05	413c1a7114c78434906f1bfb9ebeb54916ab5fa0d51362e45cd3083cbc12c0f9	0.142	1
recognize-42-w06	0595a3416413de9f24e94b4f2d8a40c60833897954eaf2c484f2decbcf17985d	0.16	1
recognize-42-w07	b66ffac3ecb59b8cf955eff4c43377935e70e842f3ca5186427ea8d97bd7ce05	0.115	1
recognize-42-w08	2183fae7b2e9855a41e96396a9d49beebb8377da1e266297d2269218d80a10a0	0.167	1
recognize-42-w09	3af3342237cc9c9ed6a1b9bf14fbc02b029516c30f84f81d30d7b1259e00b8cb	0.217	1
recognize-42-w10	1d817934eb100a9e3f3529a4162c5dc6fc5a375fe04f64ea2084d682182e25fc	0.119	1
recognize-42-w11	c92e0439a6f2f57f5ef4e9eafed453c72225731b77fc8c1fc56b3094977dbbd7	0.133	1
recognize-42-w12	59119cd847a5136a72a3b202101d893eeca611ff33aaeb9ed2d85246a600f0b6	0.169	1
recognize-43-w05	8f4aa27e9da7efeac7db59691e05b2a3628daf7f7bcab97477b2ded44eecba5f	0.263	1
recognize-43-w06	44552efb106ea586b5d285f61d0b580e3d91ba3ade6a84b9eca5a801cc25731c	0.202	1
recognize-43-w07	d3b9a15b1f9b9f757163fc4308a41bf9e866a3d1d5f7ba4ebd05613dc770afcc	0.121	1
recognize-43-w08	77fd0c8f84cc14708e77e96ddbd275381b759bb24b610f2cb4a8db49b9e34910	0.155	1
recognize-43-w09	424b9b7529993611069c2d9e0b19405e33f626bf4d33d8c8fe91606b21e562d7	0.19	1
recognize-43-w10	04438b47456a539e53eecb9d0e8adf1dc0b156b0986c1a0b4bc3f8cd30ff9a45	0.206	1
recognize-43-w11	2950a3447016d6cc7a994f48938c8ffce5ab6649ff5bffb89fd03c67a26b891f	0.353	1
recognize-43-w12	19859878a65640cafbfb714d2c6a8934c583fdfc9dec09d8eebfb0a89dce1621	0.159	1
recognize-43-w13	5c18e849f13462afc7e02383d0d22467184727e22e82e22bc85b7f41a560ab9a	0.369	1
recognize-43-w14	89b5708c7529c982bf7b0a36b5266fa64a4b092508432e626a99028d8f76a45d	0.292	1
recognize-43-w15	f3b1406e0a744babff902b656f25c80d5e1e8d563a2f4d5d8fafa6098b7cf3c3	0.23	1
recognize-43-w16	afb0b976e18510bf61e7b01fa89c18e68ef0348e82a66642bfffa5aa5bd478c5	0.137	1
recognize-43-w17	33ca35f61fc54a5dd7e56968bec4823ca3c0335329a452a4a4e3661b00c59b83	0.183	1
recognize-43-w18	48ce31093873db9ecdc709879abbdfea3753f7d6a60733aae5ec060d45a96ff9	0.18	1
recognize-44-w07	a16b2c222ef930f483125a5bcf05b7066857e971821235c5f60309e9cfe16c77	0.206	1
recognize-44-w08	0d7d86277fc1b94a99955dc26edd0cdea6c1c0032f685ebfdeacf12bdbdae7c0	0.148	1
recognize-44-w09	e4f400bfbdd1bc51922e7f37d39720c07283ea542f34b801c79a890cc3248d6c	0.176	1
recognize-44-w10	24b10e828e933bb6b9453bb5bf507b1c13d6f7a5dea5671628c4d623545ebcb8	0.214	1
recognize-44-w11	a5ccd2f5c371352daec0546ad619d689535a140aa7b4746824082f622d40e0fd	0.112	1
recognize-44-w12	d6829749a91302f7e5838ef1324effd90f4b81d727ecfd5222870dc5c2866ed3	0.178	1
recognize-44-w13	7ab10f9f23a7760bc19b94a53d193f7945bc2394ce4f6229ebdc7d3f4f2772c4	0.175	1
recognize-44-w14	1086a23bc730f494a1d7ab786745d1f0220393d45fd99a8670b1809474e5846f	0.157	1
recognize-45-w03	cba28f4289efc74a50f66e4833038dbd87c9274229ce4e7ac8f32a637d86efec	0.105	1
recognize-45-w04	46481b5db10cadb8641047cf8a0453fb670d80b7b47c2699f3c0838a2d2bb693	0.078	1
recognize-45-w05	87c845e8ff0a594aa12e703221908e4182e9919258a260085dcde1e1beb6791d	0.068	1
recognize-45-w06	f78c23b47df52a404a02946cee81346fead93d8d14ae950e7cfd9eddd9b3c985	0.095	1
recognize-45-w07	0a720f965dc7714e6583706cdd271d5ee3c1c708e70442d05f43d988ec069bac	0.148	1
recognize-45-w08	2e58283004f676379a5fc6c3c01ed9aa555afb8ce1f71cb8e9a8c7b65256fc0f	0.093	1
recognize-46-w06	968e582d68c5d762e1df9e341a2fd1ed795b9dbca08304cad850fa8a926631a7	0.192	1
recognize-46-w07	3497a02cfacceb209a0d02612bdc52785509bbb08c154a9594f43e4f0a1b9026	0.303	1
recognize-46-w08	0c3f0ad96820af47d316ee0b5f7176a291441b85e95d7b5365204915db4788dc	0.317	1
recognize-46-w09	c8610a3dfa4126e1671d06c93d5389c8c868bb166b1ecb08e3a9e047b37cef6d	0.1	1
recognize-46-w10	6932bdbe649bf9c6b31612c8974a76fde5f1213a74928c06d22c06308ce25ec5	0.127	1
recognize-46-w11	07d3147a67dd27ed3f30de4abcb12cce37fc4be494bd9a3d79dc66b40ebe30c0	0.272	1
recognize-46-w12	113a002935af1f23a0927535cf3dddfeb8df7a77fab0db58e61c64fcd8e49a55	0.221	1
recognize-47-w05	61725acfb7bc8c3b91b6dd73408544cb4d1bb70026366a2d7a2e23138d326058	0.222	1
recognize-47-w06	0b586ed03930f1c2d62583cfba6ff1eb466dfc64988148e133b58cb4759030ea	0.101	1
recognize-47-w07	7ca245ae441e65432ad253e43a2328bef4b70a02320f63b529c528c141e42de7	0.248	1
recognize-47-w08	0a3bf29e26da605b46d3ca8c82df5e2f18a120af227f7106f77f49d9195550ff	0.145	1
recognize-47-w09	80d5c07781237e5b7cfe5b33343e801de2d8fd0681546f30e3b540b3e76445c9	0.147	1
recognize-47-w10	b642aebb01ed7c32282e5e93c02934edbc578d0ced7049837304ec2c24be249b	0.183	1
recognize-47-w11	548397650ce70d9472b3b808afd8139534e308a3f8639b782d011007cee6d90e	0.151	1
recognize-47-w12	d3c0b07431e4aa3162fb807b1ed2603ddc73ade9cb4077671194ad6a1431dd1e	0.368	1
recognize-47-w13	b9c57d36edb6e4a14b5b08b15a138b719ee08868d9f929f0d48a66eff7e0efac	0.319	1
recognize-47-w14	2ed2e5522d89d1bbd826efc0d596526be7d30acaba6812d25dd95460ecf9086c	0.162	1
recognize-47-w15	337af660d0a6fbcef2be06f6196479cf76ba124b322ef01db5ffb165f1ea5b13	0.16	1
recognize-47-w16	b63afd28fa682d9adbfd19820ea855ae7d687185d79a2c9c2f7175bafebc7d5d	0.143	1
recognize-47-w17	411e1ef2f02a201e7a3e93fd70f5e27390a4eac4b48342aac388cab16c6266c1	0.272	1
recognize-47-w18	6eff8c5a61d34f5ba21743c9306c5f9f8cf661e9ca3cb5b4ab1ec341937ad8a7	0.194	1
recognize-48-w00	9a128b32b2fb177740f59dc92bfd483d2d5768d5c738a8af911fe3f7393db44f	0.149	1
recognize-48-w01	562a6fc4ec1fa085582274f873a8f70268bc7ec272e1e24de2008c458fc548fd	0.067	1
recognize-48-w02	09333b9cd7ff039f259164d9942489fa8b38fa9f0b6311b3723ef13b96536652	0.126	1
recognize-48-w03	071b9e7dccda6a967f3f2c88468f2e5d7472b36b7f68f1d843d85195ad447a4b	0.158	1
recognize-48-w06	1cd820805d7bdd62eaab0d09ac81215a68f71ccf3b9ba408243c92ba54aebd56	0.151	1
recognize-48-w07	f8e9c0e0e7be1e73e4c8aa8cb9246164a5d3e300a8a2e89cda9dfe9e891d0adb	0.176	1
recognize-48-w08	4991daa8322f9199aadceb2fba1c92f39e4dc4843a9bce9d41738a207678cc2a	0.226	1
recognize-48-w09	1ebbf1c433178c92d6f0090ef8e2f4b01e836d4e5988a88f0298516430f76b27	0.148	1
recognize-48-w10	9b6f91eb82109635ae6a040ce8850996e96a006254c9f3cf96921a2914d47a1a	0.19	1
recognize-48-w11	6c607f68f0dea0449e69cee3f25c0dee74b9f8cc2ed7a08a98f89beb9c41b9d9	0.302	1
recognize-48-w12	641bfa128470afba2b7ab5749fafcc0c216db0c093a0ef83a247aff7b8722ab4	0.308	1
recognize-48-w13	6c5abf8b234dfae9401e6ffda2a9fbe50c24ca65c25c6443cad4976e810bab39	0.165	1
recognize-48-w14	3cc923e6ffe16bb3c4d5b1be20515740b5526ad81ec1091a9b36c2578460960e	0.209	1
recognize-48-w15	6f4dce460b1a618023d873c49d992309b44f0293e384d973dee4dd406f17aca1	0.12	1
relate-01	relate-01	0.58	1
relate-02	relate-02	0.317	1
relate-03	relate-03	0.193	1
filter-singer-1-01	3b0d73fcd5f021b16e66e1ca8cf3da6cfff0aea9714c334cd7410789fb1cf3ea	0.128	1
filter-singer-1-03	6bc5c862c54b27b844a76c99c62148bfb717fc5ac178318767544b53f87a8711	0.069	1
filter-singer-1-04	c06f0fb556af44cb792c4c5fb2d998e44744eb87f9baa1e5526e4aa696830163	0.061	1
filter-singer-1-05	05401fb8822cc36b487de9f829e6263eb9041bcf7f9f1cf8539eb3a9d243e168	0.056	1
filter-singer-1-06	1d6f1fd7ae663d59b9a5ccc5c06da4e170aa12761e33cd9900541ea56bc9aa01	0.087	1
filter-singer-1-08	18feaa6cd84341a300dfae1d7e12e332863defa147a2c9fd2a03b36a3a377afe	0.085	1
filter-singer-1-09	ef29bbc15d3f132b09d086bee4ddc4fb0431e617298d38793967d21585f53549	0.11	1
filter-singer-1-10	9a732b82b440953ee769860fb9fc7ded12b87832fd911a20f26fbba0af8582ba	0.053	1
filter-singer-1-11	a89af83456ee57bfb98e9dfef76c705f14361c0030846899fa9f0884f59b70f5	0.056	1
filter-singer-1-12	2e949d973714485c2233d4c6ce803b09af75e6222750774ae1c5d60271d57c93	0.057	1
filter-singer-1-13	e0243f0d041f96f81a4bee68e2039a5ccf191b3e9db767cd6e8bbb0ab9935da6	0.056	1
filter-singer-1-14	94c300d8579e992ea4105115e6778cb3f877da27bbddac07670c1fa7046069f5	0.078	1
filter-singer-1-15	ef390612c685bdda2683fd16375f7fb5249c20ea1a6d0b89e3b78b26463f8ccd	0.053	1
filter-singer-1-16	9eab9feba6acd1c983321d95ab146d01b4943ddacd407add850d8aa45607c087	0.055	1
filter-singer-1-19	5082e863a9315bbb259f9d238e16be386482ec2c3a5a12b60734c6ac528358f9	0.064	1
filter-singer-1-21	95bd4fa0348b3dbc12bd97b7642f04923f40d7482bc3e8be54d01eb9a9611dda	0.048	1
filter-singer-1-22	568604088cb95cec03247b3caf46e458f8c5161f76b28b21abb21d716add242c	0.053	1
filter-singer-1-23	e6322a4783a9c4aa3c5d222b3dafda0e60ad96bb27cb9bf12f22e24c92006899	0.052	1
filter-singer-1-25	68a66edf91bea69c21abd68e0a055ab16ef79be98893519cfd33fb5d57794ad2	0.051	1
filter-singer-1-26	f060c601fe2909b310c7c78283b7fd32db83e031495cf05a6700dcad916e1ee9	0.052	1
filter-singer-1-27	d6a47f8039a0026c5385b7cb108bcdc893a55a8b79e55c38127624eede65ac70	0.049	1
filter-singer-1-28	76b6796d3fee6d626a6541f0f59ffbbcc51c73bc070ca5d8803e2f1658794089	0.049	1
filter-singer-1-30	6716072cc9ed198fb24dec010bd7a452ac1020ad42293328066328d78544d718	0.049	1
filter-singer-2-01	489804990c558a166fb1dd18c02bcf60f2b7331f6c2900b16c573cece59e42e9	0.051	1
filter-singer-2-03	5a7f814333295e06b2cfb02ba9779e09088f4eb920fb017115ff5058c2e88340	0.062	1
filter-singer-2-04	508f6427ce34b7e529c3dbdf4f04764c161024750c30e3b0975852828eb15cb3	0.052	1
filter-singer-2-05	01973c942810dd94525e14d8e75a3f7879b94eb1b908ec9b010b4fc6f5231b0c	0.058	1
filter-singer-2-07	6a4e0adcc225e2be0a78461b0a92fcb4bf77b0856b7dfc0c27cf84a2d41b61c1	0.048	1
filter-singer-2-08	6c426e2f08fbb469a52b0ccac8d606d32874977fd644118b574c04ed20bdd649	0.051	1
filter-singer-2-10	cc001f89ed1820fe8dcf33a011b6f185ebd4d313101e8ecbc9558914fc78991b	0.048	1
filter-singer-2-12	7dc71ea0e609ccbca238b5c5837497c10cc963b43ab55d3e62a4d2c02a5c4b05	0.047	1
filter-singer-2-13	597d1290b9b5c3444eff32e299260b5560f45956a5aacb12859cb8f6658030b8	0.053	1
filter-singer-2-14	d07dba9d03558c679072358308fae082ad493be40a2021dd420e8d0d9dac7e19	0.059	1
filter-singer-2-15	4bb38054e9eccedf7859d59665ae5b04954ad652ff8a865e44cb3f328aef4a9b	0.056	1
filter-singer-2-16	8b76253254233220d76f6b5df0028a9b28a8540471aeee489d44537138393491	0.057	1
filter-singer-2-17	c27d2be4718986159d43abd2d82b9d73e2a7e5c32fadb9f988522afb6147e0e5	0.052	1
filter-singer-2-18	d43dae8c9287477e0b008ac09d07896c6ebf686bbb3234982f35029b30826b9e	0.054	1
filter-singer-2-19	8dcfc2442ebddcbe49ec9e0a124bfdbf321827350fe5ba525d64bb6cf528c644	0.053	1
filter-singer-2-20	e1df66619ee57ecaed567c664d2762bc193a21bc4f184655ffa5df0fb80c7a70	0.054	1
filter-singer-2-21	a74448d7dba3ad86ea7785ca83bc00c385eb9cb4794d813385b96d17e3b1c03b	0.057	1
filter-singer-2-23	f554892759ede51fd5f86b5aa2e4053feddd6b634eece06b55738c6e76340a3e	0.062	1
filter-singer-2-24	4eac84c34f0245f7d0cbca356d77aeaa5c7dd71ab356a85a5c01e7608641fad9	0.055	1
filter-singer-2-26	f2a7d20451edf3e722b94f437354a7798eb7e96efbf1a6a353ee883b49816597	0.102	1
filter-singer-2-27	9114e880c44d299d5c52ffc8c67126aa6b9ba3326aa3e938f7482e53d72a9589	0.062	1
filter-singer-2-28	855a0dff154d127cdcf95d28a1e494b1996d3dc22d8fe4eb89ebe9d162277f6a	0.051	1
filter-singer-2-29	147668b62afb9a4ba93392d1dd2d5c1d451d1e84b8afd0068c95ce48e58c2132	0.055	1
filter-singer-2-30	862da8a1243fba1462e94b79524aaf5380000e26d8aa46a64b87b92c0d0fe106	0.098	1
filter-singer-3-01	0a6449d69187cdf1d6004a838f8f8e84ed49ed402fb9470737c5d8f9935ac902	0.077	1
filter-singer-3-02	ba810873c8d8cf91161000e76a728722fa635846502ed38670a265d001d3fd46	0.054	1
filter-singer-3-03	a1d3001b4b6f84f103543b10aa870c14597aa43f1f498753e4b8f6922357177b	0.06	1
filter-singer-3-06	f9605e56ea339e784d78724724b9702a255d418e9455d1a6a559bf6978666848	0.062	1
filter-singer-3-07	a40f83d45ffe6f3da1717f9bbf774d4721f380829371481f6d6cdf740272da47	0.058	1
filter-singer-3-10	6009fa1e25b4733e4ee6856ed14fff89d27a86dc1c9a53120a57ee353fbe243a	0.061	1
filter-singer-3-11	a60bd66b2fe1da9c8108e460e61d6dd97ae854140c9d3bb0e604a79de42015b4	0.091	1
filter-singer-3-12	fb753d72c520022eaf8a09ff343eccd192c571397637b3ab7aa099fa182da261	0.051	1
filter-singer-3-14	c418c6a92bc5874d47fb77af6462ea066fd6b1eda99b6361ac43be90e30515a1	0.057	1
filter-singer-3-15	5fa642d3a989fe831d448af5b92caa7d21d372057ca55ad5ce757879a8bf42e0	0.053	1
filter-singer-3-17	408affb502c4b56714c1073c777dd615127d66e0055876732e47c63ec537e25f	0.096	1
filter-singer-3-18	4b39f645cbfe547a29b26a29cf442359e930e1d4305bc543324f0ea9c3ca23a6	0.057	1
filter-singer-3-19	5101b1c4223c9279b7d7bcc508a65c0895b9c6d10335d8b172d76c46b4005e8d	0.109	1
filter-singer-3-20	145af3e5df90c6109ffccc1e5f66c6e47a21ff19e29a227078c8d908ac462acb	0.097	1
filter-singer-3-22	6a7cf206d8e0e5406a5301cc470404a228bb866df53891dd18be8a7aefa3c323	0.066	1
filter-singer-3-25	3a4d08f5944b520bc19af77d15f4e34a97ff781e3eb26b7dcda1cc8f6be6f389	0.061	1
filter-singer-3-26	9fae53a93b5f45232439292223e2378554ca9f3b3edfc4c31cac1f182eea18ef	0.053	1
filter-singer-3-27	f6d412f2a92503ac2eeb31908816a40d5ae4ff6d4b8a86eb1c7875eccb863aba	0.053	1
filter-singer-3-28	73d5319a719963091b7f2b9ca8aa6d50fa676dd553c4ed7d919cbd8a1a193a99	0.078	1
filter-singer-3-29	bbb9a3572b4d7ee2d8331830a644e0f7c2de2b44abcc26019cbc6e0e4f550b46	0.071	1
filter-singer-3-30	954e237e7ff0ccb4d3e44de69dc7a435a5c3961a5771d93eb3ab71dd194b8357	0.058	1
filter-singer-4-01	437824944694e8c4859f1ce77056091d72304cd466f9c79c79f006276e6cb4d0	0.059	1
filter-singer-4-02	fab583bc8c3d5fdef66bb5fb58e91e2cb7303452ef1fd602afe6b17752dea66a	0.052	1
filter-singer-4-03	0bb6b0484da7b3593f600e71f5b81d7562f3641c60b170d4590d24a212a68d60	0.056	1
filter-singer-4-05	9fc78e8db2fc6910c337ad0729d0009a235114d572686182c665ea805300566d	0.061	1
filter-singer-4-07	edefa885f99b1abb3cea344605ca4c6e3f54770abce06034c447ab3d7aa695ab	0.052	1
filter-singer-4-08	4f329297935bce0a0bdb59e51ebe532186e9d5e62fae3ace119ce17ee08cee55	0.06	1
filter-singer-4-09	a4eba207cc8113b451ca8f865d3a9e7c1e548c47818f7d751b71061fcab81c10	0.058	1
filter-singer-4-11	ccc95c7e61c296ba2016d7540d94479b3347cc3b8e5a2d65539367604806a753	0.063	1
filter-singer-4-12	6a0db2d0f55bc693189d7f57c273c64e11d09dad066bf7e717a07aa23d669566	0.078	1
filter-singer-4-13	3cc7c3680c33491b13d1bf3088dbd829ff047cf1a24d9dc9d47a83bb0e25ca47	0.062	1
filter-singer-4-14	efb9c0e64994e38bf52d77f8f5467fd7a16a61c03445ae0d8f237fd9645536ba	0.13	1
filter-singer-4-16	f30f50226cff1593b1d90acb65e92e1bca1ba2b27dad98950ca4a60ce39a3019	0.048	1
filter-singer-4-17	5b6aadf39702092aa03b03c0cf686c6dcbb38f473224c35133aba4de5b8ea41d	0.056	1
filter-singer-4-18	91164691bab526d12b2208e33fc116869865be32e6b8f301613df0ac550fcfeb	0.083	1
filter-singer-4-21	15c689d28f0ddc5da52025d8c47828136a4f9a1745cb602abdbaf56bfcc366bf	0.075	1
filter-singer-4-22	f8cf569c2c74175033d2a66a94b420a38c2102dd9d68aaa4a90553b1ea7bfd64	0.094	1
filter-singer-4-23	2945f176259cbd1ca08d025122690115bbbdfc85e88acd6c746febe86629d6ba	0.055	1
filter-singer-4-25	b4015af488e2dfc17769c355d512e30c0c003cc1d8a44667806ea8453bfc6242	0.066	1
filter-singer-4-28	1bdde46782a9899871b272d232d05113627aad4bdcc48d17859d34fef832c4d4	0.077	1
