id	request	wall_s	requests
score-popularity-002	7cbdd3410f667254a8bca762e7856b92fed1930839ef6b195d0ba49da4db4a32	0.328	1
score-popularity-001	f859c905df9a446e6a1fdccf2bfc6e8f9fb1f3e24232046d8095db7620e91886	0.34	1
tag-lead-001	84880b05efc8c6d9b7a6058ad118b902359215ed5b1c81defa538405c6b49c50	0.407	1
tag-lead-002	2edb37191216f4d97387c8bdfcc6a8f172da19cfed6ff5961e6d19a68a21ea75	0.448	1
find-album-01-2	a07090a79b537fdbc050ee7656ce54f3d077dc02d48622cf28c60b3f5be4aba0	0.219	1
find-album-01-1	e79c65ac5d9740a9ad84e06a5873b194c6d7b10caf8bd4372041a640afe23d05	0.252	1
annotate-card-001	47dc0bf0d2e5434ceaaec9cbae242fde29a56dfee302cee5494b846dc6008921	0.293	1
annotate-card-002	8934feacdf3ffeca39a944ceb1d22947e6d0be48536836308102703ea3c48072	0.278	1
recognize-01-w00	4824262fc07c724cb663fae03bf0dd479ace429d5a463ec463049ea5ec0bb7ac	0.232	1
recognize-01-w01	95564de8b0665b669b6cdc19727211ff2f50f0c0acc16703e9434e315f0b4b42	0.275	1
tag-lead-003	1e2d6fab78957322a58696c67a02d8f1ab217eb93cdf72390b24764953f8542c	0.272	1
tag-lead-005	a86033be1991a47b9e5d4d80779a65115eebc0f66a07120f2a1ef3a981aafda2	0.292	1
tag-lead-008	ef11c0c280ee84ded3988ec002f0680e8d0c41629e061d3822b7cc6ee698eecc	0.255	1
tag-lead-004	89f091a5ae04c80cb65711134dcac4d909f5ace94a62ce3ec3799767a71b93e1	0.377	1
tag-lead-007	c348177fa672927b66603fef5795d897f8c90b518c00550c4046f3683ab0b7ad	0.354	1
tag-lead-006	2c4ba2eba7f435075c2ff83b7ee55ee1f8d79fb520ffca7eb892b2befde7d747	0.403	1
tag-lead-009	51735bc4d8be975d0c74aba4236d4bf38f6d4ec977f20b78cc1798f68ff05cd3	0.285	1
tag-lead-013	412cef8f32c5e393f6c393dbe6fb1889e7ca0b4724ba3b0040e5259ed65b83a6	0.267	1
tag-lead-012	0435cad0a599fa29ec6539566f8d3a36a66561018db9b64b5c6a33b143865070	0.294	1
tag-lead-011	4e9aa4dc7af34ef4f55c2398b93c11899d437266927bf899e93c5ec995e7f84a	0.366	1
tag-lead-010	73e95ae57b05966b7a9ebd59c4ebd93d43fe3c043151ad5fdfe02dbb8696eff7	0.422	1
tag-lead-014	051f99d96b04d7332110b437f1ff797455e3e65ab95671d695dd7d22a22a7396	0.315	1
tag-lead-015	a0d8e8ae44a0d00a10eeaf0be28f584eb7c8c6694283ee395916ec3b4bf02266	0.24	1
tag-lead-016	0e6c7065657bbf9f7fe2d8b8cbb27c941abf94b1612281ed2b5be4e97602f120	0.29	1
tag-lead-017	799cd39be6eb246f65c9ed9e0615839a1261fd49d55f2c43da6fa793bff9f136	0.3	1
tag-lead-019	e2c3febb3c992f4d44f2e8bd4736920b8193b5d144aab6388efcb7d9a1ff3aed	0.278	1
tag-lead-018	0529be1b9f5f8987314375ff642247876b8a3d519b6d80a1724232c97d3a7c59	0.354	1
tag-lead-020	8cd6ed4f6abbaffc587bfd70556001dba88e155ecc7a55ab3c64bcf44e7e3320	0.327	1
tag-lead-021	a78e0e87214be731df7b42df5469f6687509729c0a25e654a22419046cd661be	0.314	1
tag-lead-024	be004e51f3a5f173bd04fb35fea413ba3720770c687ab8c23122e0b3c4814ae9	0.287	1
tag-lead-023	bcaffc718732bfd1e446e290cc27333d5cbe80b0112c0ddbe59716c15d4a11b7	0.337	1
tag-lead-026	33202890c734d3a8fdeedd0b7fdffeb30739bae9bbb4cbbbded5907c3d1f012d	0.273	1
tag-lead-022	fe25acf6453edd48a5e389219a80c137006c1a72f41ff4d19c194c0c2d86fcc3	0.403	1
tag-lead-025	9868e9ccfc5751dc31b16122e5ede94ff8144f0a440115155e2f1a01b4cf36b1	0.309	1
tag-lead-027	3b962d99163c1a7d0e635179f162e5df53eb25672fb99efe819b70a8e3ff4c32	0.326	1
tag-lead-028	3832e49d2451b7280def359ab1de76fec3688ff72d7a32a2171a8b4ac2c245a9	0.243	1
tag-lead-031	fc35f1be41d63ac8db35e25acf4f9be1e985db6b35bcd47a0c0455e412ca34fb	0.276	1
tag-lead-032	215db66f95ba58efb9f2ea260fdefa4f5b6f29088dc362603f837b0849ee14a1	0.325	1
tag-lead-029	d41a3eedb7cd85d69527af2362479ee3b9ca7f99d3e8b1b7e2b60699713c6f19	0.395	1
tag-lead-033	10c2a3695790cc668f6515cf637d1b2a0c13d40c723426ad808cc125e4388782	0.286	1
tag-lead-030	9a686fc8fba71c489cda846fb74889e9109fd9481a86c4af08b62cfe6a795504	0.411	1
tag-lead-034	71a89b057118d65e96fa6300d9ce4a1cbd5738a0eb5f47de55c2424458cde6c9	0.289	1
tag-lead-035	9c2b2c08d28c0ac6b23100eba4e183b3e7e8bcff67e17b54256f44f2273dfb8c	0.273	1
tag-lead-037	da204df590c5fe1474168773e08bb0177e8d21c0299e2267bb90da10df293ffe	0.278	1
tag-lead-038	7af6f4101483888a97d2a50af11cad698aab6f9a048e98bd17a0f727d59ec3b2	0.289	1
tag-lead-036	7474a4ebf599a739aba0cba75fd4e1d46de7d7fd914cb65ab9f1e123ca10e2bb	0.344	1
tag-lead-039	aa4d122850f917f21d79ba5fd8e64d011902e668e0ab3ef1600f3688c5a28623	0.305	1
tag-lead-040	7b268bab7693b303e85ac38e903c41939196c81aed25ec33547fa54cc5da055d	0.303	1
tag-lead-041	a2ec4c0372d0bc1aa6dadd5429f287a651d95c8cf32c6e9ba4bf91e417d0d033	0.27	1
tag-lead-043	b09c15fd5b80e26451a996c613d5d1b74b6a3f3ea7d4691f63eb5a25c02e93e3	0.263	1
tag-lead-042	654fe52462e27ec05c3a6c75de4940f7e2b58dddbdaae15323de35cd74fb064f	0.329	1
tag-lead-044	85731d10735b49ff35b0ebbdabcab1cc57676a8f80ae62b77dca91a49d04ef81	0.321	1
tag-lead-045	ec6f99c45126c5dc21928d8e2fca1b0a819e077cdb43ac78d9485a462fe7f22a	0.32	1
tag-lead-046	0cc2579a3a78c64901e4941730c6a9fe337b0c2ccceedf05bb752aa234893f10	0.32	1
tag-lead-047	730f471889e03e8d5578a4f3eb0455c9cbefe0abeb672e68212c0f6baf9535ec	0.279	1
tag-lead-048	dc8204ecbe83586adc329ea30f23788dec97e4c6323efce2cdc65d91721f05b3	0.263	1
tag-lead-051	7ac66d46905f701dff2fc204701a7eb91f3be7a1d4037230adf69b2e3c16f144	0.27	1
tag-lead-049	019f9758051b6daa291660547f355c396cfa3034c09f5598502a5616ef630364	0.332	1
tag-lead-050	ebd0b0d34e9cdb25e9c86b6f5f449466b2bcf2f193aab7f68eeee4bc37c110e3	0.315	1
tag-lead-052	05278aac2371f593835989bebdfa2fd569a66999d4243f7d84e24dd2ca75bead	0.268	1
tag-lead-053	f7b4992687009c287f3456f9e956a7ff38aa76f4332bde6095d2a7c99885eee6	0.289	1
tag-lead-054	b3770e7e0074bc3e15401a8f82ea0dc6bb3de32e008893f299fe834691599b76	0.238	1
tag-lead-055	888c9f9b9bf1209c318c4b12e76f34e857308c74ba44b0543e8a8f028101a93a	0.321	1
tag-lead-056	46eacbf0f68fab8877e8de3e72d42857ca32e06ef2fcf645c10ff68d02c60c5d	0.334	1
tag-lead-057	bd55221724a764a90f03ca12e6c07ae14922e61b715c4705032f9c067676b669	0.313	1
tag-lead-059	4a59cdc222ab03774b7b9976e94313cb629c1af967fa1b08a00b17696caa9239	0.288	1
tag-lead-058	b859ef97baf4cb5e600698afc21dab9d2ca2d26bdca42766354d8f24b6b091a3	0.326	1
tag-lead-060	fb2339b21f44eb9ec8f02b7c825bec5965bb5555d4d2069b86055b140e948df8	0.285	1
tag-lead-061	e3c0524218e14bec90b17e9bda47bebeaaf8cf23907730036ead5622656a3701	0.276	1
tag-lead-063	7381c941f757d790842616a00930b81411fad5ba40b8cef5dafd26a4bb1e9782	0.324	1
tag-lead-062	750b579092578f6da0546ed1053d8f6ac11e4a9e53d7a9cab9114040e84e3e88	0.342	1
tag-lead-065	d623a57bcf240d753e4f98603149e94f024975cf848084d2a8215dfaa22d93aa	0.297	1
tag-lead-064	afdebc612fa84a7193dfa33754bc63d7fdebe8dbbf99ddbfe4a5233941f6290a	0.319	1
tag-lead-066	05fbcbe9ae443d531482f6a864e07561c6938dcc58b5ef1b4fdfa87f1b27f532	0.296	1
tag-lead-067	668ab01a822b5d3b763b0090c9db6beaa46bb297d6127740fcb7e45fc4b53a68	0.284	1
tag-lead-068	55aabafd11586a83dd76d6ba75df68e5ebab28b3830daaff65d8a56efda13725	0.299	1
tag-lead-069	49c10b3838c4d26d1df837e9e070995b5fb86f4a71c40de2fcdfcce6ab9a14a9	0.313	1
tag-lead-071	16c35a954f1505d189071e40c43fa1adf57ae86e4433a56efd345d3b870fc7af	0.304	1
tag-lead-070	96456f64652d8aac8d6c5e0cec06f05a1e3f70987c7c4454b97e754b639eec66	0.351	1
tag-lead-072	0da312e3e63ddab673f85343b0dd49479cdc3b1887ca423b5079e0c24c436899	0.447	1
tag-lead-073	2f490c1611e82c25720e62d73db9afe78d3751ce15e8c6983872dd42b12c3f30	0.297	1
tag-lead-074	351170da31338d24ca9ac882db80866e3b2ddeb26552d3d90b2c2da365810a7d	0.282	1
tag-lead-076	25d1770bd566f274c72f5de1210cae3db5f32ede893507190d363676c4be6e30	0.279	1
tag-lead-075	581dee2af9fc002a5fd57683d8473641742908f08f554bac08e9d0e63e5bef8a	0.334	1
tag-lead-077	6279b4eee08044f14e1c99ae30ad0acb92e18d3d59871b2f8b9ab37d32258720	0.304	1
tag-lead-079	4989605001f91542fc4879afc799b9643918407bc35d38273d6d2f0de9549450	0.268	1
tag-lead-078	89ba70b63fdefd47ae7217fd9c7a655dabac903fd75d68594c61d6c6cd47fbde	0.307	1
tag-lead-080	b26d101ae571a05b9558a402987f307bbba853850bd981b0af227e47088c5c82	0.28	1
tag-lead-083	928758c3b17ea6b4b8e048cefb437d2c1fd63d6c83de4acd69e7eb283f0a4aaa	0.258	1
tag-lead-082	fe82eda18795bada533682ff8ffbc9e7278e269aa613778509bcb3663b99b808	0.377	1
tag-lead-084	b833b096ee7db223bbc00c2347795ea57343326e6cf9ca67f4e419b2b91d3d1e	0.297	1
tag-lead-081	5c54ecd34e84783bf9278183e121fcd1424f0be6162017fbe545d3fa83394554	0.463	1
tag-lead-085	55e6ab814a78edaece00a5905dc0b9e2e33d366947bc2ba2f7583435ed5da0fc	0.307	1
tag-lead-086	1bd2a72434dedf338f72b4bff64ba2dabdd6a489ada6e01f54edc2dc18d25451	0.317	1
tag-lead-087	2d67076574ae832b6b40c1f76f637172cd71e17d5cb6ee9d10f02910d9816af7	0.361	1
tag-lead-088	35f3bde6aaa9f1e2b2c910ed982f0d64ab85ab728b9dc1da36131efe5e825702	0.277	1
tag-lead-090	64426a60e1dc535468156b5f29c2b13bf69aa3c84943b502dc5f7bffac6a7482	0.306	1
tag-lead-091	ae144359df9d9ccb18e27e57cf6a131030bfca981fc6ed841cba7f0347002e9a	0.289	1
tag-lead-089	83baf1c6358552ac7e1214dce149441962f269d8913fc71407932798e6558415	0.349	1
tag-lead-092	575612ba9247d989a4716f307e2a8ed8c7de1562b6a0af3350067c2b2a0f3a15	0.284	1
tag-lead-093	0e82c4a635c9c462c37048cc86d48093a388668060f668c1d10e2e5d226a14dc	0.277	1
tag-lead-097	9604abed5bcc61d911d07c1aebe93f09874425b62a7d85ef80480f63c9cbb2d6	0.229	1
tag-lead-096	b9ed6b7395f5518cdfb0f031ea253756fe16cae09f083ef8b5f68006e0f9abd8	0.263	1
tag-lead-094	aa12380324f1c98504be0704e6d50303d79058b5a4674e665945f5682727c548	0.387	1
tag-lead-095	c1ae51f9d67c748e8a5788523c05a1eeb1745a333599fa2525115e129657831d	0.32	1
tag-lead-098	42eb2c237d5818fc0afa2d4e35dedbc2aa721eec50278f544db78d7c3d623214	0.272	1
tag-lead-099	592a92158e8c495b781c147a38eda58a43f28947aebf91c33cba14c1d684330a	0.286	1
tag-lead-101	5182f749f9567362d6d48ea4cf860e6ef07f52cad695c355bef6e1be4914e502	0.299	1
tag-lead-100	1df691d6c1585bf2665a2c5f21798cecb8f4b6fc2db8f3b5241e17a99b03e461	0.334	1
tag-lead-103	0e5e9ec0a9a50abb81fe8e90ba1a485189e66cb1b8241b52639d6d92dfc6cfac	0.328	1
tag-lead-102	61750b909e6b60113e64599352e53918ace51c57a8afa8f9c5d84d306ba3b3b5	0.347	1
tag-lead-104	b5d83e06f4b1a4e293cd6e2fd54b31faa147de3c4d9ef35b95bc94e35f3ad466	0.367	1
tag-lead-105	4289cb91643242d9de6b644414bf12cb598bd8450cdcbe6e0d600004d2e6ed72	0.27	1
tag-lead-106	7e5914ce488cb7281aa189246d61103f7e4beb5fc3dded1ffeea6992e592a0b5	0.252	1
tag-lead-107	0725919a59cbbcb73c8aabc27525bd7d098a1789a34e3e96bc14ec65852c656b	0.257	1
tag-lead-108	1c735584f03693d3458b3eeeb9dc3a94acf3e67397f7975bdc29379644072a36	0.239	1
tag-lead-109	5bdc54b7c4d52e9d3f5740052ef9702791940445817a89e18a11a784cd9803ee	0.257	1
tag-lead-110	c9a93f7a7c484382d3ef7770328b654e183b00c2073b519cafc31a903c1a71b6	0.306	1
tag-lead-112	e9630da100e2eabde25ad5db24718cfe0c1001b10435ca1c383bb8160bda27d7	0.25	1
tag-lead-111	29ccb6e1834ea51206f87dcf4b57e9bf22b8add1ba4f1d4b10d61c5a491dea40	0.38	1
tag-lead-114	4510720db9949ab6caec93814c0bcdadebc8cac7532811e1be840b0f1889361b	0.246	1
tag-lead-113	9d352127b468bf11b796562a67b827a56c2c99807abeb60a421777771431a2fe	0.312	1
tag-lead-115	26d43e98ea8f6e3384846bc0f571d2054f08ec39b8de5d2540be59925619f642	0.285	1
tag-lead-116	543eb1a1a5b85731211e1c4ed3aaf4148f0e57659582849d940f3edd09d46f6b	0.273	1
tag-lead-117	84af8982c36e0abfd84c53035d29b57416cae2a57c566a85451bc88e69f13e25	0.289	1
tag-lead-119	1fca5302999270a4a3164af0606b833d3cb6dcf08669f60f525690748dae1305	0.273	1
tag-lead-120	e029e265904a74844a2fb61d3df4c50b1e643a9085d15a0f3600a1b801de1657	0.264	1
tag-lead-121	c87eea635fa659f3a49e142b0d49fc0946075bb61b7cd98d7c7e3c5d2ceb07c1	0.242	1
tag-lead-118	62b840b1ab886253417b2646ad2ed4dbc25ced7d815cf9ca5b3eda7bbe0be486	0.338	1
tag-lead-122	01ddb7bb04e42feaec049eba3909154148e0b8d7aa72ea331e34314211f0341d	0.343	1
tag-lead-127	e86aef85e75a2ad8c58f04f31bbfba05d41f2abfb01b732752babf50a89fa0d0	0.266	1
tag-lead-125	11b230c5add166ab5f3f2132eee1f008edc223e4ce8ad2e077c956d7885d01ed	0.309	1
tag-lead-124	4e527d6176483c7d09c24e74d35a1267ccd3c859540725b380b7d73248816232	0.338	1
tag-lead-126	b8925e267e91f0ac09ee206af36f94e62ec67b9baafffd28d5af5974d987a3ea	0.327	1
tag-lead-123	f1b509ee89956147e5d5da23f329af193697b959c0f7b27b232699a7301ac8aa	0.413	1
tag-lead-128	b7af2a8a0be03f23605224b8f272543f06b8c09e0fd220e1f720c67006931e7c	0.26	1
tag-lead-129	fc72c649c36342553f17b9e8b39f1ee0e00b91bf11b1dfd3346d1dc1b9b58033	0.293	1
tag-lead-130	7451e131e179d41abacf2cb9a5c7ef9520723cc905893e7a5bd4a3f54056540c	0.295	1
tag-lead-132	c3c92f5eeb226e5ea06f6a6ba51336e6f6e55628cb90aad8b54b19f6bc44eb5d	0.283	1
tag-lead-131	1adabe05e72245f958788ff5b9df06121340f61f6b2e49c1117ef7a288990706	0.312	1
tag-lead-133	4bd0a94c7468a7c8c1ae3b7370de0b206be6806c1672a860350715cc2ee56a49	0.321	1
tag-lead-134	025a457cb18590deed22eeceb21df9eac90e0bd130431f4d3156c4524fa61a4d	0.273	1
tag-lead-135	20bae3b205fd8775f70fc054da70732ea608a3bba5eb666a3661311422dae3fe	0.232	1
tag-lead-136	8e7af78b2df688d9a68209753582d515ad3c493fb9aabf891f5720afeb34ddd8	0.232	1
tag-lead-137	77a11e1773362ab3d3c904185fdbdd74310c8873b2c88b12367b5a08009b23ca	0.251	1
tag-lead-138	3f29590b66b414241f6b1174d71642b1392866ae3614c86677c6b5febcda586d	0.269	1
tag-lead-139	733bd108c377822c9e43885f7624e1df34a5685a0d09b4fd4191a4bbbd8d955e	0.267	1
tag-lead-140	51fea633734813f9496343816e3a0bc70fb91be96f0df6e9f2593de658ffae84	0.239	1
tag-lead-143	60ad8f65b362cee6a32a04ef4c35a4634df5668c990a501f2b74e146128032ab	0.258	1
tag-lead-142	c0393f5e0b71ed15cde422c007b275f0687fb575c3481661b2be850ce9745f8c	0.32	1
tag-lead-141	da4adab5d7ae26adabe827952fc6c877bda34fc5094873747f24d78d1b799fe8	0.356	1
tag-lead-144	3b35e0d244d6426de7649b84241ec14d948d6d12184822f28980ef488a0b699e	0.308	1
tag-lead-146	9eb5e10471c57ce6bb09f81c1923d424304fbb61ee2843efa0f82e528fae7f6a	0.256	1
tag-lead-145	34d3f763ffc0e814d576cb55d70ae17c2823d24f254422c3ae9be5300d7b3103	0.331	1
tag-lead-149	e5f92aa3c35b99f7bc402af2e514b3119deb41b9a2ce5167e780fc091369b0c8	0.238	1
tag-lead-148	92cb344e14e285fda609badae81b2525572e3da2cbb7aac1e8e9c8d297f4798c	0.298	1
tag-lead-150	5b8f59a3c06cf8c9095c4870e73836e52e3482b198c6197b10b34f964d07ccb1	0.289	1
tag-lead-147	34a428e39e7b7414e085853a44a55280832cb940e49704267ea6d248f996ba3b	0.386	1
tag-lead-151	29a3d74685fb0573b39f617373ae0a7a5a1e46b8ba7d12539eafc1d739f3c3bf	0.306	1
tag-lead-152	21c08f6832b954c54700767db5956079408560452391d1b2b9ab02d93faf14ff	0.297	1
tag-lead-153	65b3d047af0a3b0e8ebeee5dcddf0e171ffe082652887e485bd1565e7649ba81	0.346	1
tag-lead-155	33beb9fc1d57f40fab538b3dcd9f49e8746b33bd4e9f3b6d27ebeb2672e1205b	0.294	1
tag-lead-156	d6cfc07027f023c9594b38ac63ef46f8d70cba960dbc6b65775a503f6b9b35d4	0.282	1
tag-lead-154	c9feaa49164219c40bdc584f9dca705fd67106ce477f7dbc722f3c242d60f553	0.365	1
tag-lead-158	d2cf7731f7c51b972b5704279733e71a10247e36a0d854bb22bc3041e712e980	0.352	1
tag-lead-157	2f804480d485a592a06d17d6457667a2682836b52409504ea4b214b408749b6a	0.381	1
tag-lead-159	5adac7fe22bfbc38b9f61e1496a61c3ac39162bdc433cef8611f1e23b2b6ad02	0.304	1
tag-lead-161	484080ff7e710d399e9e34a7a89dae722775b7bc76b4b9aef9daa1e0bd53d62b	0.297	1
tag-lead-162	c489d6faf635a6f3808fcba1dc81cfa46e70bdafcf97c1ed1f33343a11fbcce1	0.343	1
tag-lead-165	777b10a0b772dee6ec118d85f4a2443bf90d17d1d5e09837c82aebefb02deb95	0.26	1
tag-lead-166	fec64635ef546bb5d9b5a2824464763232a8bf45b3b6aae7c40968f91a83688a	0.286	1
tag-lead-167	b5cc5760a05de02849f10aa7a0a5361e4c634f64cfbc47e5fec5d6e074e8892c	0.279	1
tag-lead-168	c4481c5ea2f674e646a851a5308e9fc4af0548322c0195f5ccd3c0512ed0bf5c	0.287	1
tag-lead-169	b03bd71a4a7532c9b4d965f7968070edbc1a2a7fc73c0d55dd300492ead8418b	0.271	1
tag-lead-170	7f3c81eede8cfca93d27367838034e4b49632ce24963b97ab2624e26f259fe8a	0.278	1
tag-lead-171	718efb6d7ba219654f9b6d3981a71023037404de020627177a9c85ce3c5c08dd	0.293	1
tag-lead-172	28db1dd77bd283f7e3de98bc1be879295ca481077aa745e387cc8e160612d6a6	0.259	1
tag-lead-173	662095d51642834c5f036f29d71a0819fef08209e0402c49adeb883b2a3fb3ee	0.322	1
tag-lead-174	bcf53027dfb05fe601c397ec522637ed10f8c4caa46d247c135cf07e904980ae	0.254	1
tag-lead-175	3ea485145018e03892e349558a276a4f287d5265ea3e00cd5b18c0a49593ed61	0.304	1
tag-lead-176	c8d7c9f34d66dd8c642abd770ffa38abd5eb11aa7d7ec043801fe7e9b645fecb	0.363	1
tag-lead-177	82d46da8d7bb7d2d6b84f124f9b8133ea20b5cfb4fe111c2ec4b55b317e88b87	0.248	1
tag-lead-178	a4fd5ee01618ed4585d4cc0f4caaf4ad7525d12b2657abf1b1d29027d5c76c27	0.226	1
tag-lead-179	af28addfdf513ce4b69d1974ff869ae834ba8b8532f7610bf19415fafd3c964f	0.309	1
tag-lead-181	229bb57a6b57f475a97f7c161d8a55e6dbcff054a2d95aed1d0f421f16311a24	0.276	1
tag-lead-180	a0bde484a173120d436209f2fd6c7aed2c1951df20d3128474cafce8f0662dc8	0.374	1
tag-lead-182	6efe7bb5b97258c159ba68355d8a79106111cbf8f82871f27f31a8bfc1ce50cc	0.216	1
score-popularity-004	f18abbd299b4d0ae61cf7703b5e43069fffd88d6a5b39b0fbd6b157a8e44a24a	0.207	1
score-popularity-003	63ebe7f9b94c2e41af7eb62834cd302b72603d8a9da7587ba50c4a4a8cae5755	0.274	1
score-popularity-005	efa0f7c768f2318482867024d32ae6d3240dd5f0f463c146ac957246a3e0425c	0.258	1
score-popularity-006	85b2e6ddeab5f48a8fcb98b9a60d0c23e257842faa1ca72459887868ff66d6b2	0.31	1
score-popularity-007	dd4df44a9bcac1e42f22805340d0f7e8596e63703061a1e7ec33752651fd787d	0.318	1
score-popularity-008	7b4db927c1ef149b426ca359f08405adac3da87d2c9e51ebca85be66949bb09c	0.299	1
score-popularity-010	6f1470cc42ad6b1039e72db041c39c286113f06d55bd131700d5312de9cd5083	0.231	1
score-popularity-009	cf9dffbc7358ee285df7b8300cc1ba54df5dd55599fdb641857438c6a9306558	0.304	1
score-popularity-011	0442a636c73465b24c6b49265044f5b0b3588aacd64e8962676f782abaa01b5f	0.282	1
score-popularity-013	500f854435d03e28f87434aaa7d19622fc640faa649f4a888ee59ef08573972b	0.205	1
score-popularity-012	5d435b305c1869bb3759cc599649c210374e8e68523dcda51e127ac5c512be50	0.255	1
score-popularity-014	2b1534f3f9d48aae53048aa8f899604eb8cdb343865cf9b7a5b11b2e5344efa5	0.284	1
score-popularity-016	d9f0d55e33b5aae00af2688c5165b78a68e87e2f5c7d7bcd6d2f595ddb299e5f	0.248	1
score-popularity-015	2e46aec7da4d675349cb914c0235a401ff29a616ee1c999ceebc698844f7bb02	0.309	1
score-popularity-017	d3244781d76872c4ba2b32e0adcd1a8b7be791308b503917446f28759e217030	0.265	1
score-popularity-018	e20afa2ce458f107422eb10ac83a10048fe3678162dd1657252a198c21075340	0.273	1
score-popularity-019	f141f6ee60892e074a3057dd4b4982ed294d1d123db86f3e7f9e0c683b02b66d	0.339	1
score-popularity-020	df9b49aefb318ae25309c17011407efaf6f2c9effc908e28026f51d7dec7db6d	0.251	1
score-popularity-021	2a00f26ef28164a8fc833cacbfb8463f1ccd9eac1356db4aef37658da924c4d0	0.291	1
score-popularity-022	85105736aeb0fea27b75031bba6ff9670b7792d3324bd5e6548ceb9875b36d7b	0.291	1
score-popularity-023	b9f6b0a0bc0af025f470e892e24e24cba888275befe7da32f564dba82f700f3b	0.234	1
score-popularity-024	183ea68dcdf9b3b85334fa5da78c1a58228263d6505e0a8ad851a5086e76f03f	0.306	1
score-popularity-025	54ef0b6bd74dfb1f073263bdf934bff41cf461193abb04d538228a0c13eafaf4	0.238	1
score-popularity-026	ff0255b6543a33b90d1b7bda8ccbb55a707cd149eaf68a93528e2c9e5f83d50b	0.229	1
score-popularity-027	107e68cc80f5996c077f0b9c2b8c216ec44c493c37fa3c9d9f07e824915c515b	0.249	1
score-popularity-029	ede40372e7732f3ee699aba84fc7a7d778bbce5094177624d57ee288144d2818	0.221	1
score-popularity-028	df1151c0e1eb79c426ed7b2fc86b52db969d155cdee18a69d96077d18ec0784a	0.277	1
score-popularity-031	14155353241a84425fd6042bcd4d27e4ba59aafb9622aca784ebb1314edb2850	0.268	1
score-popularity-030	46632cfb9e998deac9815d35d4c7b334a2da07c0e286fdce37e107152c527eff	0.35	1
score-popularity-032	f23dc47247b83a1dac88e6cfeb1dce4d3a0ba609a0aef6a71421028aef1dd9de	0.301	1
score-popularity-033	5ea19ac40458e55400a770e4d59bb87e56c054ac48011ff9733fd875b28c68fd	0.241	1
score-popularity-035	bb4364d097c6aa6cf5c48e247133cbe8477fe50e4f8ba5d59159fb7004a48ffa	0.236	1
score-popularity-034	993f6e45821d5982d6102c5ae2f24d3ae7778cc44a640a14469e6593db501929	0.296	1
score-popularity-036	f002224fb099613030b755e64b4e847251eba8dac581e44838cb59897291a688	0.259	1
score-popularity-038	54b1d40da8aa9be84b08d13d4507c22353121db7211a6b971e28c642d1e085b5	0.23	1
score-popularity-037	95c3fe31e5dbb213d17722ca9399cc4d59635d4cc339602107ba4ca37a442058	0.329	1
score-popularity-039	69d7f8729e5ac7edd6bec54931db247f9f0f59a3be6288bad6e1f73f7d29507c	0.252	1
score-popularity-040	9c5f6fec9d454bfc479bcb5a0f1f161043356e70013a341e976023cfa63d5aa4	0.313	1
score-popularity-041	b8edcfea6ad6bee69e5bdb8212bcd7696e25ff7d3dae92c21d860e295934194b	0.282	1
score-popularity-042	d8d2ae223ff1e251ce3cfd11c65d74455b6742f120bea0996007eafc73dea49e	0.288	1
score-popularity-044	938ca3fe39ed63a068947fafb0c6d35dd354153d9a3b9ea11bfdfd3ba21278cc	0.26	1
score-popularity-043	aea3a264386c21c96820db2a2b0e34a8b0713272f5525f488b81250413fe4d76	0.28	1
score-popularity-045	bf964ac99c87cb352559ed4b41b067f3f614ad75aedf3ba0975f4410e1755bc3	0.316	1
score-popularity-047	22d9c0865a172528b5de363c20d73dc4cfa6b72448e7eb062941ca8fe8419878	0.236	1
score-popularity-046	b55b75095cb2f5040b666f7f6219aa51949c9f9fd690ccb8b5e20a24f3ed2396	0.259	1
score-popularity-048	eac08b0cebb527fe1044b30db88516f18b9b5f7ed5d2f9b9ddf70f394b226a17	0.238	1
score-popularity-049	db2cb8900556741c89f4d1f00cd4bad264ab5553de82642e34cfe35a1a705ad7	0.26	1
score-popularity-050	7653f8fe1d604364c480de3af898b35644af3e03ece34089f96f19f6c2bad305	0.275	1
score-popularity-051	64f81e115d8fb68155f13a2895ef2e2a53ce48fd5e8d177954f475a251e24b7f	0.303	1
score-popularity-053	63b8452f34480ef32276492025617eb70119f1ac50b7ef35b66c861b3c4b0a92	0.29	1
score-popularity-052	f86e0c37bcac1b09c73b8e67dfc776b12461f5735bc3e2ffe206b91e13a7b9be	0.388	1
score-popularity-054	2f59c29bdb23d53431c9c7b5d77e3629037654c41e777d42298d4f7e9e6590ef	0.31	1
score-popularity-055	92268eb92dcbfefab08d3f60f5bb090ff22e5416ab98c7db95107122b30d6fad	0.266	1
score-popularity-056	6f337a12b15c2ce84b99639e5502e48c543bf5900803c0af747604c689befd2f	0.292	1
score-popularity-057	b8adaf28630d49f05be8e11b40f6baede96c85a221e45368cb73724ea72627d5	0.288	1
score-popularity-058	0d2a8c6bb4314ccee3bfae55b48ec455137ccd06054cb10964f9e99ded9cb1b4	0.334	1
score-popularity-059	8b419c05a82276621845c5cee6020f73f5b8a5a227ee873302a03e6cbd5fe8a4	0.254	1
score-popularity-060	a49036e7d7d5714ac90e922cda9863283d7b5b37a93c9aec8bb336ee5f2f4d7c	0.311	1
score-popularity-062	51d47d2da4def0bad64c2b72902bdbcc1090916ab06eca46ce3c9dd5b537e2b1	0.247	1
score-popularity-061	7258f4f6c1457a91747151c58ddb5895a6e2ad97ddac0f72b18dcd32dccfaa3e	0.274	1
score-popularity-064	57077beff1d0271b6c1549aa66d4d055a5411de456b9f6b3a3b37d6b28c35a20	0.322	1
score-popularity-065	2b065e4b6b6209a4608d6d6b5343f2e51ae4eaede8c6b85240719a2c257ae9af	0.346	1
score-popularity-063	c9be48be5eb72c40d9a7380c83a402191efee90a37e40f351e53a16f4f81a355	0.429	1
score-popularity-066	37e49b50ff0e4dc6ea85a511c0936562691fc07cd4bf1076063abfc17350944e	0.238	1
score-popularity-067	f02a06b0b22cfbd139d8ba9d1e624f9ae792e40f4a251eda3b00eace27b450e7	0.267	1
score-popularity-068	11c3d759fcc4240a745d7d8024033788d7df72388cfeadceffbd8595b8b586a2	0.279	1
score-popularity-069	39fe154e616438c0ce29943954903b25e894d0232489a29e01f73636c371f964	0.333	1
score-popularity-071	e7ae842a617f15e7c848abb20ecebb33912178274a6c20f4874ca6c09cfd336e	0.245	1
score-popularity-070	dc6aa0e9a0518a1d7b29d0827807a01803fb9282cb6645609b06f614f2419973	0.306	1
score-popularity-072	aa9b2fab2afacc46200369861e1168a82925a73a5a226cc2893020e84286c51b	0.252	1
score-popularity-074	eed17befb7f07c1a4330be285cbfc63a36d38b97cc0edb11c6da5fb8d263a2d0	0.263	1
score-popularity-073	02ed524ed871ebf7b1eac61dc6d0d7fce5fa747afc2d041a2035fe35a07e707a	0.326	1
score-popularity-075	f6c36fe97e2ba715301b49507029d37829c47fcf8990a20ee671718b2537ca38	0.288	1
score-popularity-076	3afea8e73e656f8eb7abda9d4351338d4c4552d0bf319e9692ac9d136e1806ed	0.245	1
score-popularity-077	dd5626a695f8830d65851a58fb416cae8249b7c7df644370f41c0eeecc25a090	0.293	1
score-popularity-078	f61c31d0d47eef4dc9fd51f6ecdd1cab837fdaaf3c76100af4a5ff85cb0fb826	0.289	1
score-popularity-079	8ce23bc3685a7a41fdc8f2656048e32b7a029f0efb781706ef7c1eeddcf59acc	0.292	1
score-popularity-080	20046d4e03c5ece1afbd1cadfdd11cc3aada5c8dff1fe33c5f6f8eadfcb3bd4d	0.227	1
score-popularity-082	cf26b351ae95894e36d144254d24505f508c772d01e9490e25271645e0bcaafb	0.246	1
score-popularity-081	5a475b0119f6fbfb47854e9911122c1d7bd17797e5a56b558f5880144bbf4017	0.289	1
score-popularity-083	caf0f073e69e5aca24631d0ace42054537e6212890b4ba3ad4e5e9c0f74ef7bc	0.312	1
score-popularity-084	7f332b3dfd1ca333d4f2786f335935b1a139381219cd1b496e1a90342a107547	0.266	1
score-popularity-085	e8fe70d61cc955caf40cb599da9a3059e28b2927bb339c149fb677be7752bf6c	0.288	1
score-popularity-086	536620fa2f8814fa3f26f21cdeceb7dd6c97ae90be9d9ab789019c0e453061c8	0.287	1
score-popularity-087	30cce69d58054fcdcedb533559df2845c519d8757eaa5e93d1453aa13b2a4753	0.316	1
score-popularity-088	7c8ff1fe9dc059f14bd69583086462e3a7d6ccd1d10245f9091ea14fa902bbf8	0.328	1
score-popularity-089	c59a6a6206e93ccdbc264df30ea5e66cf985965442c5e5e6a5e211c6d1d5ac52	0.312	1
score-popularity-090	94755b0f3380daafc386c9b4b42471778f496ff22ca16c3f690eb55e3ab321dc	0.211	1
score-popularity-091	702d8f6a7ff9f86a75d73c0439ace29d8c2a4cecf8efa158b8e318567d4056cb	0.276	1
score-popularity-092	01c3315f343d040f7d43e229d9c9b96713b29f5cdeda14f1156a1ff70f6b7d8a	0.251	1
score-popularity-093	dfc67f7b86acc5bc137c540827032bef850c43d21b7b5308baffa0038d29fcfc	0.234	1
score-popularity-095	806ca79d24b822668de992816bc2369ee16aad9a17c91271ad5a7418f3d88e05	0.226	1
score-popularity-094	81e0c6b224f645fbbcdefe203edcc6cf14b4860cccc54e2fd79cd9e2bd9aaee4	0.303	1
score-popularity-096	63ffb6049bc94a720c71f6d1294547045a8a3f9c09467076148d12ae2b2ad598	0.232	1
score-popularity-097	f03c108370491e683f4a8a356f6c8f7d80f87b43cf1e5f690281b81132a4a9e5	0.206	1
score-popularity-098	2e078a2eb503e524d3604b27df9a11c19138aaba37ab488d502f1c339a55ea7d	0.251	1
score-popularity-099	7956337e8bc4830898f73eb09240841b0edf5b8caacb078b6a1fdbd3a5e0035f	0.298	1
score-popularity-100	ec4de8e9b74ab7327275daf6aeca4f539202ca24c8d6a09d0aa0295b576fe731	0.246	1
score-popularity-101	f68b5f04db134ba25003ba7cbba67f911d1adcc9fd33e7104a863a8171010288	0.255	1
score-popularity-102	01eefa23caa7f786a9b96b64cb883da02e7acceb6b7022b72294959daa9cb0d9	0.243	1
score-popularity-103	aea4ab6b826f08112469b26d23b2feb900571c33099119f54ed52a309a29cb92	0.259	1
score-popularity-104	bd8ada7a3711d61bece70046d4ac457a32cb9f5896c398125bfad2447ea87273	0.241	1
score-popularity-105	3737abdcab9c8b8fe9d7c70f2105978cf9071efb1797a753ffa4d8a4c9a9d757	0.293	1
score-popularity-106	a1f5b2ab5862b3a56a6ae9de68daf0707232ffabed1d91078f926e987e9d4a17	0.26	1
score-popularity-107	c4b5555f345d6eac905d6a7d26343d5ab91f7507746064c9a6fa391cb565205f	0.252	1
score-popularity-109	ab771637aff6f4494c543f96d7736a497b7c4068aa09970cf8c854ae6f36bcb1	0.261	1
score-popularity-108	b2e8043d61600bc6f28ea8fd6852fd4d965ec13e1289eed38859f26f3114881c	0.334	1
score-popularity-110	8f9b556a3784bae0b987ae8c7b0496224bd995899d5b25b73eea8bcdb45deb4a	0.249	1
score-popularity-111	7e563884d063588fed0284cf1d89388ab24013dff58e60f1fc66d358eb1f8ba4	0.318	1
score-popularity-113	dbae6ffaeff8e2a1c8cb7e1b0a728829d6477e15dd5b9c81397329f2fdd9de04	0.264	1
score-popularity-112	0d1ea796fa843b3430ec8b645947ca61bd23df45e40cdd164a9da43bb29cadbc	0.325	1
score-popularity-116	decc371a8dd467cdc8b3e3766902a1eaa7a1b21d789155881dfcf0e41c30ca43	0.218	1
score-popularity-114	0988e7bd8a4155d4f209a3784eddf1188ae8d5e2e1f849f17b067f8b51a387a0	0.271	1
score-popularity-115	f3e4ef1084af42ba9053f9215db716792e491ceba386b67750fcf4df66d47114	0.276	1
score-popularity-117	6b565e4eae597e539c0f55dfc30b3a95e55a42c7bb46d521a7a2edcebd256fc2	0.245	1
score-popularity-119	124853c34b6cdeb36f16796207d1b349fcf38747a0abaddac0f318fdf30acb16	0.223	1
score-popularity-118	29d97c7e32d83cccd667ffba5b84090ecd3857927d86438084df467d745b4dfd	0.329	1
score-popularity-121	f82efd82ebb0e3f9f98a67849373b1fd32ce9225ecfc01be45f53d39a1bce416	0.241	1
score-popularity-120	65f8f816a81f2d9fddbacc798f3bb6aa95ec4bda6539e8912d9a45ef8091efb6	0.27	1
score-popularity-122	98d5e095291cad28c1f5cca155e3f4e46a46c41200b7b785828b1ef3585a57c0	0.249	1
score-popularity-124	bc16f8066bc4955cb1fc9aa9617f0fd8f7ade43aab6ce062fe30e3422e121484	0.291	1
score-popularity-123	41a91460b43fb2ad32ea087bdb59071a8a6f81e7abc1360b705a14c1be9a5a96	0.304	1
score-popularity-125	d8b16d9d7d4dc6455235a9e873dbf7c4216c6b9a8fc9f20d4e50e665831832e3	0.336	1
score-popularity-126	23924627c013db2449a49149adbd86597600b15397fb0f02564bbaa5912a6209	0.266	1
score-popularity-127	31313e909ce2b207a2bc40969208e1fadba708a87cf40862de8ae833486f4a28	0.287	1
score-popularity-128	17066df961461c11806555e08cafeb594de075717002787de7f036b8e8cb395b	0.236	1
score-popularity-129	e144197480838834011d69d625e2552bbd6bd0fed192677d92834b383c2053ce	0.256	1
score-popularity-130	c8e2e4f45bab845fe691c73d434b8e9c47f532596b76e2373718a261cea7c900	0.25	1
score-popularity-131	847961c1f1e27ca17024c15aef109f9ff117208009302e483764ac22f9858a36	0.255	1
score-popularity-133	56a873871edc395f4692ba04fd0103ccbd5c7a744d4d46fb93635d85fd845821	0.273	1
score-popularity-134	e9bd485cb5c6dc947d40d24cf60299d1ba5cc30076c1691c3685f0c0a8951813	0.246	1
score-popularity-132	070faac7d4873e89ede12f4459953cf214402d295b82363f67e64d71ad0a86e3	0.351	1
score-popularity-137	ee5f5843b647000659324df6326d319f99b2a059883ccf7e7e90b4438654e91d	0.248	1
score-popularity-135	01bb1289fb52e9a38674114804f3076b230a37c37187af67a70eff76c3f68dd7	0.35	1
score-popularity-136	e96ec671d704eb0479437e12fc5cbf93213b5b29bf94292f92984c6218615ea9	0.371	1
score-popularity-138	56568e4a9005281b8b51b284bfbd5ecdad5ebf4de69f1647cc19e62264fdc99a	0.234	1
score-popularity-139	26967ef7efae880bed6498ebb976d939ef6fc15a2e6c31dc9633ac001fd5479f	0.28	1
score-popularity-140	fc75cbf77eceda003412407468668ab38b42d420e7ce9946c8e70d869d92c149	0.304	1
score-popularity-141	3b0b04f85bf4beadd9e1cdd7abc0adf9a71718c86b811c11ac729f134500aa45	0.28	1
score-popularity-142	2568eb53312a88ee4777cce65b53c8cd1f777668f0e83cd0b6023a82ca3b4a4f	0.236	1
score-popularity-143	46fde0e7f5df911be40a52055753a8e50fc2a1238779efd61fbadec90d458585	0.286	1
score-popularity-144	13681037c8852c6fc13972a1804bb3c642262722b11f59662a676e196fdefebe	0.284	1
score-popularity-145	c1cab3c4724db2f67032dd052a061eee7cd271d684428b6c96d62778d5d6121a	0.287	1
score-popularity-146	7af34e3b8c3897df758cbae56b90254756d0639b21d807ab12c96bfab48668fc	0.269	1
score-popularity-147	f346d57d49492e7825eb48cb7719205575c95f186b4f10a50144be419f2d54b2	0.262	1
score-popularity-148	6f3ec7d12e68c4bdcdb0959f08f77f06c88f1beb6cb373eb711412d199d2a56c	0.262	1
score-popularity-149	67dcc26a589c24071ff470fd7159693c9e7c51de8dbb0226b45a2c51df95e6ec	0.245	1
score-popularity-150	35320d5ba990ad43a3038834730ec7e8ba77a680214b7ec6c545aa92a40575cd	0.226	1
score-popularity-151	e079b699dea51a0741ad79f3bd95d7039ec98b4c2c02c726292d91878ca1e679	0.253	1
score-popularity-152	27f23d9b9fda8618df9f5f3fa7d45e763d50d39380681d7889582eb150a2b8af	0.317	1
score-popularity-153	8b75afedca8514ebbc227f23d69afb90cb85233f0a762516ea15928dd8b57a2e	0.331	1
score-popularity-154	47d48fbdf724935d9119125199b4cd693f3d5d2cac6286c3c5050e88b38cd0e8	0.282	1
score-popularity-155	377a4ffee2154d88a5cefd8170c2d9241499dbfb499e1d0be19a359f45c4646e	0.271	1
score-popularity-156	007a245493b9979ae44a20f2b85887446b8356a8b6297bbd7c1261fdcc4f5906	0.255	1
score-popularity-157	317a9a8d5840d197d7e05c40460c0ba390c5d5df9320d959679d36e8db71e3ea	0.24	1
score-popularity-158	8ce18d6cdff71267e3d991f297771fe265f931a353329c18f09a2ff549a60fd7	0.247	1
score-popularity-160	11dc1d56bbf0db670ec06733e28e32f97b987707a53b798a23755d0286d357ce	0.259	1
score-popularity-159	6ec1b75f4b06a822fb7d2938932652ce42142a581e09838b232d56acb2d936d8	0.292	1
score-popularity-161	ed9853e735756f805fe02cba3aad95ddb1096b0ebb2e86d0f6872de7896ccf08	0.221	1
score-popularity-163	abbaa3e99f2756c800620af801dff3d4cf72c7ed51706a64385757bf7cd37f8a	0.333	1
score-popularity-162	9cf7e2e88ccb24e465bdc5727f31d1ea80ac38fc5ff170c63785c42b7e8b97ee	0.353	1
score-popularity-164	fef3fc1e088a5f0a0c12e2d2c30849ac7115e1db3868115136c816b9f5c73491	0.243	1
score-popularity-165	7579ef7f885ece2140101804a5e35c59882a7ef32ab0875cbd163109d8bbd4d7	0.244	1
score-popularity-166	ca49bd581f142cafd47076d88df5e2df7b1b4e74ab2b71a86b37d516170776be	0.292	1
score-popularity-167	297493b1245ea01320c6c23c65b99acdfdbde86d143bdb7203e5359cfe05bef2	0.293	1
score-popularity-168	16548787e5c49d2ccd872e6e82fe1994ba96e03361a8b2ce9e9f9f31c0c7f26f	0.26	1
score-popularity-169	4dea256c9e51ea924a1183c33d1bb9966d2893df53683a50aa2935ad718a1a17	0.271	1
score-popularity-170	6c7234f339fa3fcde37b9b1ca3bd1c0333e6e97e0054d326c5d69f2cd6742895	0.288	1
score-popularity-171	171c6785a230df51544f0c3cec99a68891b41617c3551d02ebbf4f0061d3b5ac	0.265	1
filter-singer-1-02	214641985f15399e78381a3d867909d944da760ada0574091d32b61bacf657c2	0.267	1
filter-singer-1-01	ff94dacbcbc83c200890f30039d649cea6de2aeaaa7bd1df75e5b6dfbd37a9fd	0.349	1
filter-singer-1-03	0e205fa716adf9c2aedcb8b829bfbc01e4f447a99a0dc99cfb97808f7c994a84	0.286	1
filter-singer-1-04	046c0c715a5701d133e6956715d5085d8abe30b7173130c7cb3365cb969958f4	0.248	1
filter-singer-1-05	5c79abbf82d1333c949e481ef3a4362578334845ee073eab8f8773dd6db6dad6	0.269	1
filter-singer-1-06	d34c01832511f142a4e5c91c0501c2d132a042f413b4eac795be9a2f2ba4f30b	0.29	1
filter-singer-1-07	7f115cfb639586a854f601ae4b5fdc7e2c41123f1b736ee287b393bbad13f5b3	0.274	1
filter-singer-1-08	c5af22bb42f3d2d51fe425370f2e65c3f30706de662578b4b846121c93030c5b	0.317	1
filter-singer-1-10	698154132e348ddcbcf2d52c769fc7704ad061068f912a86f1e5c7f268e4e887	0.256	1
filter-singer-1-09	3e872be91e8c94ff96993480ef41aa5010016962259549d1c3ad26a436c67cb9	0.303	1
filter-singer-1-11	b643a50e837649ecd2fa272858186d4a6c09706368341d782ca2396dcd88f5a0	0.311	1
filter-singer-1-13	07edfa86c54acfb1c8f8d1c207f15dcbcc958b466ff6a760b1316f3b3c3dca2e	0.266	1
filter-singer-1-12	ab3a079c1568b03ffd4bd42a610cd480b5e6202f49e8f7cf6bed18001feff16c	0.288	1
filter-singer-1-14	8f688056f1da6c767d89ce340d47b1f83448d312541983e62ef7e53be04351e6	0.301	1
filter-singer-1-16	3c1ecccdd325e570081a601ece1b67bb70c63afdcbd91740435a2f7375e08819	0.265	1
filter-singer-1-15	1f45ddfcdc4c65a0c7ced1622947aa65fb9e4289690632d2c4ad72b6a0b1fbf0	0.289	1
filter-singer-1-17	274db3e97548495c99e1c1ab4ae44fa92f2961b182a2acf6f9ccb894d28c6143	0.326	1
filter-singer-1-19	29c11a865ed0af126fb02808afcf138558ea88710e985b92008d04056f7cbb4b	0.257	1
filter-singer-1-18	771d64d87705d6de0fe9065600e07a67b41efe4ee2786281c710dda61650e615	0.298	1
filter-singer-1-20	ee98e20aca3c2617d1871ebdc9d11cd73e61a3960ef221fa67f5abcab6c960c8	0.278	1
filter-singer-1-21	9bcd5145f0196e44698e6e62556467a0d369ef75ea233e010f098b1b73259a07	0.297	1
filter-singer-1-22	fdfeea992a59e24d8e24cdf3aaaa4a704d21c6d50a156292219381d555335c39	0.277	1
filter-singer-1-23	20f049224a67dac2b29c1074c2857e8abed261361f32d42483ddf9c6c537cb41	0.27	1
filter-singer-1-24	a8797550c7d0fd1149365641b0272291a05cb06a437aac39c3c918a899170910	0.253	1
filter-singer-1-25	69237da1f42b130e6099ebd4d7cd9e3210821e78cca64eaa1ad70cf799e5b4f7	0.288	1
filter-singer-1-27	2f9940d9c7abd191abb4550874ab96cb2192f45f72d4d8ea21b5466ccd92b6e4	0.28	1
filter-singer-1-28	746a2000453b8740a8d355b8fda03bfe94941e24309ae86c68ef76fb7a8c8b30	0.308	1
filter-singer-1-26	f5109b1b779ccfb0ff28e841ca74eedef7b849462084cf746abc1f12bb940693	0.44	1
filter-singer-1-29	2445137c1072308f9e66f2a9727be79c8d438e139c0061db38bd5fd59299f2d9	0.279	1
filter-singer-1-30	1c4631fd2e561b44c0348e43fc6f68dac4ec667283c95abacca4613b035bae37	0.24	1
filter-singer-2-01	91d3a2e4a363c9fdf0c9d81231e748dc17035ecfdfa8de1cbbb64a0a2f81b07f	0.292	1
filter-singer-2-02	686edfc05b5d11701d1dceb927ec79fc5eac20e200d97911c1988fbb3ebab404	0.26	1
filter-singer-2-03	0e43e4983fea8d2c5654ef2d5cbed506a2f917483c142139b25fe8579fc1fd54	0.26	1
filter-singer-2-04	07724d6715906744a7fb061658f62862436ba6a2339f5323adb9b6e4135d0a40	0.363	1
filter-singer-2-06	d3bf8ba8acbcd1bedb48fd003da4ada091a0ac455c1c1f412ceae1dd28c9d96a	0.293	1
filter-singer-2-05	125e402dcb792a18d9952f93f4c9627902298d97f2052276d64c218c3140cd8c	0.36	1
filter-singer-2-07	fbd3d5fb57b3b0e330c128ae2720f7b93008face781b913162e9e5dbbbd390b8	0.242	1
filter-singer-2-08	724809a01456af3b96b3fc9f7d6d000e431d5a87f4dfea531cd81603d33f76ab	0.293	1
filter-singer-2-09	1c4948bbc6f2d4dd9803362960f18d8bc82d16fd6690c39ecb51ef24cfd5cf79	0.268	1
filter-singer-2-10	4d8f9580e05183cb5d2ec0001845b702208b330bdf7f788cdd68544bce7ed8be	0.316	1
filter-singer-2-11	545184ba7e4499f285dc54bdf8efef5f5aaeaae4d9204483e8fb5cc78b0661c8	0.248	1
filter-singer-2-12	24620f5a4ccfa5904f16b5fd23c402012a1886236c415caba6e0b0ea1fecf4cf	0.257	1
filter-singer-2-13	1dfc2f640c97f84e69124ff7a06eac431f6ab54ba65ff658cda72f995b24c832	0.252	1
filter-singer-2-15	0b074e04b21c7de8f179b08bbb740e3e808df78ccb53c0dec0d1fed80f38d307	0.257	1
filter-singer-2-14	0f7deb20ffe31c45a1c1c6722608c8498a914e49b47bcc421735d9316d38222c	0.289	1
filter-singer-2-16	711d0de10a1858c17e678982418767501e3e976b45a568befa79b53336130110	0.258	1
filter-singer-2-18	12bb09607c9a14d01129ed7172b34c89d940550e3b775cc3a32c1b9bdc92145c	0.263	1
filter-singer-2-17	a1f0f590436fc6f63fd7106b171fa8e9461274fb190cea97c71195b082c8824f	0.278	1
filter-singer-2-19	3320c918ba5320d04251335d38b2624d72958842044e2aa3ceb77a0c353745d2	0.239	1
filter-singer-2-20	9a01898bf371f8faa327cc53676d1d51935132049e5d0364c3df83f9ca1ef113	0.237	1
filter-singer-2-21	d23ebbaf1ee32accd6f6cf7bf4526c068e3e82dd7aee5ede9a43d5da77c72a74	0.248	1
filter-singer-2-22	3edd86b3202259f490696a13912a627714879980278dcd8e525bc268dffe253a	0.232	1
filter-singer-2-23	a629823caf2989d5e7505dbd898210150419c6629fe7e90c54dc2427480a1994	0.248	1
filter-singer-2-24	aa262faf4db881242c467544e71203a7fe97ba19c580df5c502fa72ea1e00d30	0.257	1
filter-singer-2-25	84b4fb869b5ffebfc2efc1db1e56665f87aab63367ffd6630b3181e20514e10f	0.222	1
filter-singer-2-26	e7a6ff9c6afbfd77c236e9b366235b31b5e8b479df2e26c6eb5f8c850c785f89	0.274	1
filter-singer-2-27	c4e5bfe1dae30a829839f123fe7b511e7f2a2a801fc9ab6704f33d5703e18db5	0.328	1
filter-singer-2-28	c882d851b10705c81e851b07ed801d7c98105e7e3da78a6f249325abaa9dc1cd	0.25	1
filter-singer-2-29	21b936be20b797c857fe75dd2ccb3fbcb9e278bf825aafb99127a03a57301b7b	0.253	1
filter-singer-2-30	763aa0aeda5829af866afa0e12d398ce7f5f7505a7022b899aa5a8e00250069b	0.265	1
filter-singer-3-01	6901fc06b74d15d3fe64b8822b81c45594d3f431c6b4feb8f08822c29520537f	0.295	1
filter-singer-3-02	8a5b10f19a8a1ec9c54523ba05549b9100e17871b03328a3641bcf8c432ded1d	0.237	1
filter-singer-3-03	ab1e3e0327d3d2bd4b6dd0f8ace11c9ca9f4cbc3a8fcd99e2bfa200a4f63d666	0.293	1
filter-singer-3-04	9dfc3186b9014e3b499b0dfd43f442b95e89efd1935366252a2a749db5b9dc19	0.272	1
filter-singer-3-05	3bd41a5033369fc5a2a1e03a45d88a9f08ffaa110202fb7b7cf5979c38309fb9	0.271	1
filter-singer-3-06	077f9d2aabc10f4044e00a7dbdf2724db7c09be5e4d13262c4dd09039192aca2	0.254	1
filter-singer-3-07	504a57d6abd46368287a460cbc73a83ac5fd85b98550f977ca08dd1301cb64fe	0.251	1
filter-singer-3-08	3cf28573664719d24bd571fdfcc7a0419f18644f72135866ce071d6af3419a15	0.264	1
filter-singer-3-10	ac54134444c20928c9905c0741bf2d414aba07d28d4ee38f5ea2f4bac21b22c9	0.264	1
filter-singer-3-09	bfe46c832c6210e723ac8a4a172f51cff0e7e56c644986fe73e6468995fcb8a7	0.328	1
filter-singer-3-11	a0fcfd707a50282e5eb064873fe5b0d69a2fb390c76462a2b43d225954dcf8f6	0.267	1
filter-singer-3-12	17d359954a3216465eae71b9fc54a13951cfbe8e9ca329a69f3205f8abad88d8	0.246	1
filter-singer-3-13	b7ac62b5b36f95b25f3c6da7309493d23f7dfc433bacd4c98421eaa91ed5ea73	0.353	1
filter-singer-3-14	10e10826d92801942e13e5d00097ed9ac36a937a688ef8618cb4449d8ac67d4c	0.366	1
filter-singer-3-15	9dc515f93c53ce8438a98e3aed00748c3fd8ab59328bc6ffe395a355c927dccf	0.303	1
filter-singer-3-17	ec5a780f5c513cdfca23d4f96349832604ce39bca36dafcda54bc64c8acfd239	0.237	1
filter-singer-3-16	9631dd8d80f9b4848e22701887bf53f55314b32f5a426df8f8d175af25fd5c7b	0.342	1
filter-singer-3-18	e5a802ab70ac385f7fe90ebf2fad2556372d315d547bff270226525bc7b2342d	0.292	1
filter-singer-3-19	1e5e06ab3fede6311d1d26a7dcbd032ab1daacfbfbaf89b36e2efd7925f1b6b5	0.263	1
filter-singer-3-20	404b24fbd05bbc5a3d0fc724845b1c6e9efef36c43f896e0888d2440664920ba	0.263	1
filter-singer-3-21	be8d58098f5df341d1cfd3f49706c696b5ac243c0038918da8eafb56833521be	0.287	1
filter-singer-3-23	0a6aee560b6f7e8de6d32e8d6e81312394bc684fbb0f3c23f7507ccb4b301c89	0.302	1
filter-singer-3-22	377dde5bcc3856034a806291d3be97a2ce8708eed822be39d3e7bbde9285c83d	0.318	1
filter-singer-3-24	6ac39f51690ae1805cb0b45bec4b2f15963e58ade1fb04933dd0399e462fe575	0.265	1
filter-singer-3-26	220a471864697f02fd1a2f079daca51cc76390e05544b7412a08753357407c7d	0.226	1
filter-singer-3-25	2a85fd5b0088f471066f9b7e05338d67d157d30dbc87e3ec627945de146243b8	0.272	1
filter-singer-3-27	d0b377001c9bc61066a1b41ce3a28b064fc58a365060ec5c4a82311ac03504ea	0.261	1
filter-singer-3-28	427198e43dd3994e106f1a0c3e4a8d0514f494c4ee0d51d6389ba741ac5c1481	0.248	1
filter-singer-3-29	ae2469255b9c9fc296753e212dba112cad5890a852e004eff9401049b90b91a8	0.239	1
filter-singer-3-30	c94826579f44070fda693afad40266475273940e6fb5c1472a61f5a1c1020cf3	0.251	1
filter-singer-4-01	1b027f56db5a21a9d6ed6162611f26265277be3f724d66b09e3de7054864a886	0.234	1
filter-singer-4-02	d67327eb5951a85e2960430d1825fdf4fb9ae4248f4c8516a362eef26d33233b	0.258	1
filter-singer-4-03	3272ca7175d5820fd477e520aef76852d45b350b146e508d2f9463e6fb48354d	0.308	1
filter-singer-4-05	b60f3b0d0656c5bcfaac7539220bca325a205286b4d5839a230e2cada7c182f4	0.229	1
filter-singer-4-04	6a7fe638da346814e848f7ccd83b84f2730c1f0b4769c26eee47d8f05f5f87b7	0.308	1
filter-singer-4-06	4aa8f5873af1727ecd169ffa3c3a4bde8ca3eef62755e2a85659393c6b6f9770	0.284	1
filter-singer-4-08	4be711ebf25f188a6f0250af47c4992af8195d9eaed76a666ba4ad899ae38048	0.264	1
filter-singer-4-07	b2f59d173d9d1879ac649303c35f4217c932327d10f7a3dd97832214ba3fff88	0.33	1
filter-singer-4-09	22218fc232d28c560fc6892c9969395f65b69b570093b6e9c5a48691cf4eed61	0.258	1
filter-singer-4-10	3c3f5903353459c30c1814ada83f0434d8cbabea4590e9c78ef972dc04d66eed	0.265	1
filter-singer-4-11	604f2d7d41b9ee6f54f3695a36df68700187a7015ce52eeda907b37145a23c14	0.259	1
filter-singer-4-13	2c7d6569573d8b5d93e511cae4be3c6498f1fadb13c1e4c7e8c73192202691ca	0.277	1
filter-singer-4-12	fdb66259006374f0be875a67f7ec7497e325c7e9a44e7588946af5f0139a6904	0.391	1
filter-singer-4-14	a4d9d1a9cc02fb9a99dcb6156f88874fd61e96015c46ce3e624226de96b98a7b	0.294	1
filter-singer-4-15	658d2c5a76c234361a4b8167893e7da870dd5f0e4d84fd17c5f3835649677f30	0.303	1
filter-singer-4-17	7059ffdd8b86422b97062dcfd6eabf7e21b367b033a1b96a63fdd4561ac3ad18	0.256	1
filter-singer-4-16	90b2ab24c02f051239fda5386f8c9d6e31bffe293bc64e8b2601da2008a41aaa	0.304	1
filter-singer-4-18	612a74f717b6c76c0621db5de5823eb268eac8a3cf7eb04bdbf2dee839077dea	0.306	1
filter-singer-4-19	fad4cccef2d5fb58077545972cff4ab013b9b54c0997da81357a79b8bc07ade3	0.346	1
filter-singer-4-20	69c43ba5aa008704282fb2c731c708f722d91875e3326c15a3f04465de6f3bf6	0.447	1
filter-singer-4-21	d6ac8d97b5faa69935107bc1b9b93971b51000ee720a0cb121115ff0bd9a6695	0.226	1
filter-singer-4-22	a47db17195760943ba6d2163581006d94e72b2acaeb0e7a26728ba0a5f52b04f	0.279	1
filter-singer-4-23	82e26a77ed3e68d1f1db061dafdd7023d4d1e374d87556e760fd2a3d12cdf15c	0.248	1
filter-singer-4-24	163d3c1e111fc94617dc2c13f167fe35c1d8551d9582c362e7dbc3346a363d66	0.254	1
filter-singer-4-25	b6ea70f0f7129e4df2910ae59422f55c50f8ee77f1cff04518a5a7aaee2f3d37	0.322	1
filter-singer-4-26	76fc1c58e05c85713df7152495204f2ec0c7e4eac8630d1e6cd8859ceae669ce	0.252	1
filter-singer-4-27	69d13fbe97cfa44a9269df2b9d3249724cbc3012984604c878d6b483c958cd88	0.253	1
filter-singer-4-28	254fbb9caccbbd1479e53ea5109e58ec340b36a959261eca0915eefa22e16de5	0.295	1
filter-singer-4-29	b7b7187046d5a36a84d44041bfdab6b5563d742297eac3e686ff62d7c2f1d827	0.308	1
filter-singer-4-30	23b8b5a2ccde3241690ad7d398ab0c9b9ad7b5b300642d415d4751f47cb9aca5	0.241	1
filter-album-1-03	9edfcbe81ad79fe64117ee5a0371c76f68af172fbdc19d6bd7c859ca69e094ed	0.233	1
filter-album-1-02	1e2a68d58a92d9ab9a7f71f41d945aa34eac5dcedc38c05695fb8ef85a5ea5de	0.261	1
filter-album-1-01	af26075c291d6658fc7070db45fd41f44f113edc5b686e1e89e1bb45a1408239	0.315	1
filter-album-1-05	0d81741d509f9d9bc23db07aafdb580faff4a4476b0cd11b991366738d919ccd	0.213	1
filter-album-1-04	d268c5d1af49f7da345e8d46f75f142cd521a1a2800f3d830b25dae5aa5f44f8	0.272	1
filter-album-1-06	8420a145960a91f1eece99e2a2bd62334d1e34fdd4b0b83184406735bd4b0fcf	0.236	1
filter-album-1-08	0c3e8259e629d462d06c83d9b9c099a109d0e2e188e288205824ca5bef46588c	0.226	1
filter-album-1-07	f24a1e52d2f7efeed242ed7b902bb542dff3e4ac68b9332b1b9cf971953224ad	0.282	1
filter-album-1-09	d555b04fa080761bdd2d331d7c70a3a687e4db82488aa825998a7c7207091ddf	0.28	1
filter-album-1-10	9fc9bf331a1b1e7e450dea8d241766361d10d809292910afffdf5d4db28be159	0.249	1
filter-album-1-12	14aff23ffd47c3383b2b2003e6db70786d355286f752e904b1aa68a616936bce	0.333	1
filter-album-1-11	b5ee792c9144e9025c58b589d7435986c6cb7e1fca9b425a8d0f8a329a49a359	0.399	1
filter-album-1-13	305347e09e32ce5dc795b462ddef5a3add57076744f041ad997451458e760d93	0.337	1
filter-album-1-15	c3cb5d32d831559a8113a5b718ea88d172e1b6e43ce95c13c8ce7005b1ae848d	0.245	1
filter-album-1-14	4486d2a62731906f63bcfd74942bc348fa637b8986a295f974b1b05e2cfaf61d	0.305	1
filter-album-1-16	e86ebe82eb7a433d7f451df43426ba85602a919b33f92f28e31b31b65f804e55	0.24	1
filter-album-1-17	030f1be1e5f933565560efe22082f184c8d9f9cf6c39a9954dbe51ca43d5c15e	0.308	1
filter-album-1-18	5b9ad184db0b2d8b08318328268140030b0d27efdb4d99f402ae1ab821e6b756	0.305	1
filter-album-1-19	3e2cfe19d6c690d73d01eef13f9b2c00b62d648f86ba8ad0690dd6bf25df2dd1	0.247	1
filter-album-1-20	3985d975732e42384fd53e0e369ac40785326b3cd99a60e6915fa94d948ae218	0.251	1
filter-album-1-22	15a6f194c89dfd147a385f9e01e427f307e6dbcc382a1afe67a1702dc0a6ab4b	0.282	1
filter-album-1-21	ddc07472104a7f018d907dbb01565f8128c3ff64e32a9ae5037f7c388b62a41b	0.355	1
filter-album-1-23	cff2a92678aecc6ae658d583a731d8d34f77a16648ab95835b81a2a530fc9a98	0.306	1
filter-album-1-25	51776a397f48e757b1dfc33604da327fc9e7733864ab8acb669c5e82995949f8	0.237	1
filter-album-1-24	0d8243a03aafdf543769467b178b4d6e2dbf21f39cc58507af733484a169164d	0.268	1
filter-album-1-26	0f607f812b9fa7cc9a42f50544720adff0fc3665219eadd857c56562558868e6	0.254	1
filter-album-1-27	f770be1f9e100d96e09b2175fdb66b23013a80123b1e4f39c9cf193f891860fa	0.22	1
filter-album-1-28	574923b2d9dbcfba28a1df4c431d72b0c3cea4b4249a6e5e381b316c5576f0af	0.3	1
filter-album-1-29	6650492c5a4ee66af508a7b86007fc772b639485628a8724bce0b0a94c173893	0.274	1
tag-lead-160	42eba736344f1838c489460a259e1ad6312ea3e97b5fa808d08a78b7462dcafa	31.699	1
tag-lead-164	93dde05dcb4985aa692a5a6b6964e56994091c8f637f99e50323e03d4aac4bfb	31.591	1
tag-lead-163	979623527f49d4244ce7d9b985a7cce714ccb726baa71893a71ca179a8d02c6c	31.603	1
filter-album-1-30	511d686ad86908bd0bde88686be47bdc4cdb75727fb4cb075de88e313fb7ccc2	0.321	1
filter-album-2-01	195e2b47d58d7f484468494d3e97c113a946683e0a6616974c31f1eb03bd4431	0.27	1
filter-album-2-06	edbabed8d72fcd3ab57cba32a57b6e6e0f8dfe9300d41dc311ff42a741882b70	0.3	1
filter-album-2-07	77581740befda52d8e8be08643df9465d25f68ae0e3d226b5d67f6165efbb751	0.275	1
filter-album-2-03	93cefc027a46be3d3ebacf461149bc7e83f43901756beccc9434a971ee56ab7f	0.38	1
filter-album-2-04	615e35834247db712fb6ebba853d5dd9dd96feb18ecb0c51906b2706f74861b2	0.362	1
filter-album-2-02	711841561478c4942d1ceda3aebf0583230f2f713a9c9061c3fba95f3c4f6782	0.44	1
filter-album-2-05	5c94201a733a241ff65daf0e67b85a80cbc2ed8d8b0d6d91a1c992777cb59b5e	0.404	1
filter-album-2-09	1f775aa92037c7bf4bbb723534116c5a6449836858ea6094c02cfa3ebde4c1f4	0.279	1
filter-album-2-10	ecc5f5d2403b9159a7b8e1c4ed381924fb5e7ab2e78c96c362028145df5541f2	0.298	1
filter-album-2-13	7f1f19887a0d4de63c6df43a6ff4900aa1647f456e1317d875a9cbb34317861e	0.249	1
filter-album-2-12	f7fd86bb01a8af225d2b14200badd08c98457f8834800e1ca01a988d768c5b9d	0.309	1
filter-album-2-11	f030f09191675614bf8abf5b5bd39ed054955bf938fc85a7a9616fe5e3586016	0.341	1
filter-album-2-08	4efc84534cda9d6190c4a89d22b687b8dcc1f0eafb580152890af1eb85c72614	0.394	1
filter-album-2-14	ab4074dbb2308d811b5bf4d1140a6d905e347279c1de4c151c51216fa62059d2	0.262	1
filter-album-2-16	427ee808991480ca0a1f55b49d4309b00e4bf84ee26d092c7c82a091a95b4e20	0.278	1
filter-album-2-17	5b8b7b55d1aa0179625ab63e4a1dfa5e388f9e5c2d5798fff66cfefbae98753d	0.279	1
filter-album-2-18	f158ab1aa61c3a0b5a7feb02bd9c1781cd9f10f69cd6c928fa8e12da83bdc81e	0.297	1
filter-album-2-15	a21d88b329b8a2311e781ac5bf9d7d8b1c588d13a9f46e91793fae3a1a67fad8	0.381	1
filter-album-2-19	58d165d62d0a241ddcb1c2364580130432b1b2e87cf43225f8baece86d2ade15	0.358	1
filter-album-2-20	3f4648be8f63a7424ff079bd04a9fda09bade0df6a6c6ed2e19171af98c11aa1	0.243	1
filter-album-2-23	7523042767891459888a9ee543342da6aba75235acf4c67f4ff1515e9ba3fb23	0.274	1
filter-album-2-22	cbf141e19871c6b4e250a8fb0309d8a093303a810f3a1a215c6d68d2e57524fb	0.321	1
filter-album-2-24	37e7148b2602bf558f06b5773effb77fc49e7c92318b6ff9780a31b04ccee724	0.275	1
filter-album-2-21	160e00b0892bcc1504c2d4e4d3bd44d18f3b9919b8f84eb7828f6c2d237c7ce2	0.407	1
filter-album-2-25	84416ca097c5065c381130122c62ec516bc7a5c363aa155b51b5479cda26cc6a	0.313	1
filter-album-2-26	8b25cbc8dd071ae166fdbab066584fa24d1499dbd0078ace6faacb704bdc6c1e	0.284	1
filter-album-2-28	b129455ce06bada5fd5c79b789b4306c548fe631b76fa1f0d48b98c19fb98551	0.32	1
filter-album-2-27	efaa29ddf916fc0729806fe89ca6d099c520595dd7fafd89bc08d213dc29255d	0.364	1
filter-album-2-30	9b7e5b68f98adf960aea6b1cfb345d662a6a37e48896ca3c1367d72da6b28237	0.286	1
filter-album-2-29	94ce9913dccabef636e9401af252978b95b070e05390503ab477b6ffadd63d44	0.352	1
filter-album-3-01	298190570c92ef42d24d95a596de0177ec92f8d65381e88889a810561957e822	0.298	1
filter-album-3-02	6f936afcbeeb1c426a550470af692cc6ddf15223f1219453881300701861266c	0.279	1
filter-album-3-04	15e5b7731bb7b47d00c91825ed1122d5cbf8f494d5529c88eb7a2d12015db750	0.295	1
filter-album-3-03	5e0b0e73ea2954b3b90ac0e48f8a9a5b9d41d6ad0849198a511819d2d40078b0	0.341	1
filter-album-3-05	7267565adf978f513fd57294e0cf0b09548ccc3d502382649a49942935e8d5ac	0.318	1
filter-album-3-07	791423eedac0a9fcbba32428adc9d87b559c2fee18cbb90a791f070fd0b45301	0.281	1
filter-album-3-08	be37d166480850dd79061cf58f8e1d780c3a75460de5107f1c79400741d919fb	0.328	1
filter-album-3-06	9c901bcd2144c8716d4ebcab3dc173fdb9cbc69cada38cd59732377c008719a5	0.372	1
filter-album-3-09	23fa325d9987dd0d1d4c2a3ba82d9669e088160cd9acd51021b93069a02775f0	0.25	1
filter-album-3-10	8ac91f959d0de9909c8ebe4953510889803301b564d7e00eed89c4e8d9d59a01	0.291	1
filter-album-3-12	7d38d072e8dbd3fd364f9302ac95ee2b62b064eee94b44978b5c7a6a9551565a	0.297	1
filter-album-3-11	cae9e8b5ba149a525b07aff3962f4c9f45cb8a42a27a7ce055ac619714d0a4a6	0.329	1
filter-album-3-13	a9243ec58088876120c7b3e37876e29543998c440d0eac4bd0d634d95f33c7b0	0.27	1
filter-album-3-14	7af2908250e6c406bf8a1d806e57106ee72b9235e9e859c4fd08084651af0e0b	0.293	1
filter-album-3-15	8a409eef128ae37a865525ca7890c56b6c50fd6fd01b8b17c32633eba1f0f485	0.297	1
filter-album-3-16	f2aacd27cf77258f035087b045ca2d0e919c0d18631cc32362271e387be1c370	0.289	1
filter-album-3-17	c6c5f6e59dd2da484ed23ed421532bfecf2f71fae37f71e35528f0c879c765aa	0.28	1
filter-album-3-18	41600858f504877b995cd66d32eb20d332bf7658f993d3f07f1b5b5563efcc1a	0.281	1
filter-album-3-20	efe36d6ca90ed67bb2b41bdbd96d4f0930ad885043773de843c5c970e2a42c60	0.268	1
filter-album-3-19	8b32b4c817e2bf7372fef79f62c9402fb9883a0e545269a6367906a97c10d898	0.309	1
filter-album-3-21	bd4e1703c6aa4dbba13791c22c936f4f6ef7657e04e2833158eef3722f3cdcd5	0.238	1
filter-album-3-23	cf5964e6f7c72f44452f9b5b1b634ddf1af753e540e915812a84419e142f0839	0.282	1
filter-album-3-22	8681554a70ebc62931091b466a02f5e1c9e30d899c279f17051e3aa5a921f2b4	0.318	1
filter-album-3-24	06f5a8ff7e8ac9634c81dce38f6e2d8cce14e97f961b7ec3a0be2466dee09d7a	0.282	1
filter-album-3-25	8394675acf89d742c5a0a9400ce2f5a050df88ccb1c1b38e88362f8f072f2a59	0.274	1
filter-album-3-26	8a0bcacab0439f3bb005b1ef0468d57837560dcd2a396f0dedbedbd0b61ce30a	0.283	1
filter-album-3-27	2ce9ca4718191f43931dfafa3306b6dc93e9b039ec5346c2849bfb75cb4e749e	0.231	1
filter-album-3-28	68efb8ced673b3bf860326b3d7e3ca754e88c07ca5509466d5ea40ba8bbd8add	0.267	1
filter-album-3-29	9bdead353c40dd406bf6761ad80c12517447990b63b664522fe35121aca1d975	0.269	1
filter-album-4-01	cdc00363e739c4e26f191ffbab34bfed84b074ce427f595d63ef0f95743bc9b7	0.285	1
filter-album-4-02	628f2c0beeed50a21375de47dd279a60456202d098216621e317c3510c35bc2d	0.297	1
filter-album-3-30	8e13215df70a4734df398b88cde09a6885801289758a905242897633ea30cb60	0.344	1
filter-album-4-03	d3c2992dc7a1e2b0a8f88b6f0a644212cd36b6415ba498edc69f8404c86294cf	0.292	1
filter-album-4-04	4042f554c942407bb883cb569a495ed8a75ed2ae5a2bfe41721ef0b6e0a12e47	0.254	1
filter-album-4-07	f08aca4684780caa3d9b4ac3d08af47efc42647a4a5eebf8ebc21035c42ffc70	0.249	1
filter-album-4-06	a885fa2752000bee861f911ce9e945c36d3d8888874213fc074bb0ed48140024	0.292	1
filter-album-4-08	41e5242246a15528a8ee3518bff05a23da35069346c1c3426ddc3d5500c809a3	0.27	1
filter-album-4-05	c2427aa27a075604bf1693f2eb59aa2f09ee12f4c29dd2eea0c8234eb939083c	0.367	1
filter-album-4-09	c6e8e6b82e0852f97884abb58effd36ad00dfa61757b2119e5169483d05b0946	0.296	1
filter-album-4-10	9b0b20a6a11a769782d6d94f56f2e76f5fd734263ccb238de07fee7b3c47b807	0.274	1
filter-album-4-11	771195c6bf4f83d87639d9c2e9abad2d477457ebbdacb5756c9b8e681c56bcc0	0.232	1
filter-album-4-13	5e3696463a8d176d0043e22d9da456759342d4fd13baf7c20ca42bdc585039bc	0.299	1
filter-album-4-12	48b33a8e1e7a7ccbdcc4a7ef6b9bebe24acf24f13e8043bd65a48eacb84d2eef	0.338	1
filter-album-4-14	2b7a157b805352744aca3574650391c7540510406a807197042f3f369d20fa95	0.319	1
filter-album-4-15	8f88f3dd8d39f5b63c2df6ad84d97157965e1ecaf531b4d3a217332e8b41d748	0.264	1
filter-album-4-16	e3d5a00c255f844567f71eade95dc9dda711518bc756fff5ae45d3c7e56fa05f	0.283	1
filter-album-4-17	ccb2a6a9492256f604b2df68dead8d73e2c6e834b9587a98e8b2dbc010208278	0.283	1
filter-album-4-18	6b8c84c04e8dedf02dce80cffe5e5fe78610da43e62335bf65d41b64214d7386	0.316	1
filter-album-4-19	89af8422390edda40c03cf09c64d4db76fc10204c3714ddd7ba3a4a4c6b26a6e	0.334	1
filter-album-4-20	b9cde522933473c6f79ffa800737b65b3be9fb616043f259d1c2bddcf69545b2	0.317	1
filter-album-4-21	0229a2a2b6f0972d646c766ca20948f88d66d140a01d2fd0baec81aa26863960	0.392	1
filter-album-4-22	694d8f7424e1a3717c74e5c4273ea2d03a63f08d6fea646cb4e33987dd7071e0	0.364	1
filter-album-4-23	5e145f264d9caa19e706affced0d7abb0016121f4527023ec92138c2b3f70912	0.33	1
filter-album-4-24	2f977e3f64c5788eece304566eec380c7ea17b01b7ff244349652478c05a63c5	0.272	1
filter-album-4-25	82b9cec59d490ca12733594d35701fed4ae9ddadcee63194257d9d45caba110e	0.314	1
filter-album-4-26	c23930fb7ee8cbce9c6627be46aec03f93a0f7b09780a4fe8f829501fbe93367	0.314	1
filter-album-4-27	c099eebc6e7bbd0ae6f4d71074b536a72da03a40ef123c6faf897d56bca11b5e	0.314	1
filter-album-4-29	3360c47c97a3a3be57e8ad322407d1cd262eabb57b897607618cb8c8fb76e90d	0.267	1
filter-album-4-28	659c9c521f310e05ff74facede114ded157bdb1a7c984ed4cf5e3f2362e99e34	0.274	1
filter-album-4-30	5009a4a5753fb9e26657e2dc089850033a0a1a47f0957b244a53d20d75594955	0.35	1
rank-popularity-002	7f54d1cdffdda5b5cd4e024f42f07f2f7fce80d3a8a97b0b4f1bd3fcbc3d8e39	0.316	1
rank-popularity-001	785eaf4b59d6cee1fa74341e24dd2d5919c10cca38f02c8e291160e1cb0542d5	0.327	1
rank-popularity-003	f089539a87560b42bb7a567746209420a7d96432a926e0822e7b1559faebbf56	0.307	1
rank-popularity-004	41d029a2f6bb311bd2bcb988ef94a5f0263ff6e9e9858fd86d42517a5e4f72ee	0.312	1
rank-popularity-005	c8e0bb9c349d384516fc53adef41ebe5be37bb194c1b340404cbfc7fae66e4fa	0.334	1
rank-popularity-006	419d23ef41f5eb6675a18e7e01e9f9ec086d6215e16d205f67f8ec2825311316	0.306	1
rank-popularity-007	4f19b237575df23e0daeb513f4bf1e161606afce7109036a0431e865125e5020	0.297	1
rank-popularity-009	890fd5caf4806395eb91c14226aefde05fddfb95d36b1e2e2b96f74097604cae	0.29	1
rank-popularity-008	8a7a3a9c8789ef918c6fea2a4e2c1a675e08d41549588acabab43248a11ca9be	0.351	1
rank-popularity-010	c0d01b2a9f4ca22f5b3520daacc4272e7c3b65fb1ec1bfb0d5fa73b9b5a7ba85	0.259	1
rank-popularity-011	185fedf1298aa26d56c65151d1483c8df6a05dfe2a62644a81c155103640a90c	0.393	1
rank-popularity-012	7186946a5be67322b23650b11aa0e8b071b0919820f733e20dedc91bc9f75809	0.322	1
rank-popularity-014	8bdb7d49d76a6c1d0f44d27d8ab461ee6e41d8c21986330e131423b79d0cb9f0	0.267	1
rank-popularity-015	22a35e5f8f068d598eedb5211730e4dae5165ad56c8dca0f080a57c1a75a4c07	0.282	1
rank-popularity-016	2f059efcb2db6198f1fe57c7298c33cc588d12974de1d09195d37ba34c5a7d37	0.322	1
rank-popularity-013	a72430a1abb788eb4259b9a76034634d95a6d0c65a3acfdde5cca989475b1263	0.4	1
rank-popularity-017	d81a2721083ea02badb5d155363ae11c1e9db96c0879ff03bcb8163ac4de68bc	0.263	1
rank-popularity-021	79df8f8c151e248b6d3bd9eb890b5ef2466b0e7f8385459e07430da83475776c	0.237	1
rank-popularity-018	5849e5518139a51fad18739a079dbc7b7c9e45c45bb467232fe4eae12bf52dd1	0.35	1
rank-popularity-019	5f9280df0bd47127c04ec08aef7b2fa2663edd6b49334b980b986e687c620c42	0.319	1
rank-popularity-020	ce43724c2e85f0485d2f28fe90f8cc11945779b0aa6c9f5e317c7959640fc454	0.315	1
rank-popularity-022	1dd068c21f46c6bd9476f44e7586cddf630ce485d8743c2d1fe26f95e756711d	0.347	1
rank-popularity-023	e2e0105b0330bd1f5e0cf65ec9819b239840016e9b79e5b5d1aec6f0220a3df9	0.338	1
rank-popularity-024	a2b40f4cf0c5c02f1119f5996e495745aefd8ad437dcbd6cbe917018b4d76e67	0.268	1
rank-popularity-027	7ea5cea23ec842d9d1a93d1fd523694d9348412e2eea44c03d776b8a597ffe84	0.258	1
rank-popularity-025	0bf293ac13a91761c0fed0283c28c428028b8ab8f1a11504aaf16e7e295c4d36	0.339	1
rank-popularity-026	815a91eb10ffbb4b5e1ed2bacea7037d57bd23fb17d3870820bfc44618c9cb7c	0.342	1
rank-popularity-028	2c36bd8c4b56ec182ebfac164d53b7970f02540694d2982c806d36bf17ce4f81	0.362	1
rank-popularity-029	f76ae2327a26e5eac03f29071a3b3f2901ba0bc69be410475f0b3503553f8e0b	0.313	1
rank-popularity-030	53b3a95455651fe96cf6d20d29859a7863c2cf5dd6e8e240cbc2731cc6d55dc0	0.41	1
rank-popularity-031	49a452adee8dbdd79acce5e39c9bbffe7aa74f604640b9bd3d80ad4cd086c014	0.395	1
rank-popularity-033	59f8f71f21cde5f7eb2c61de9f785cfe2d8473f27dac827121758567d219bac5	0.35	1
rank-popularity-032	02123af9a0034c9ea92f1d1e048c5ba96ceea839eb15d00297193ad501ba2910	0.386	1
rank-popularity-035	532d044cdcf3e1b5385f4497cceda2c8c999b3ce3f929d56c1b48fbd15a391fd	0.265	1
rank-popularity-034	e0b9fd440f7c2fca34ddff0989836bb8f3e4446d891befc28359e80af2e4a4ed	0.352	1
rank-popularity-039	5182414743312e117b5b34b0ddfd6961791fd441b0f731f0edfa0f5b4537df6a	0.258	1
rank-popularity-036	4c622396801e05b0210826ae4c36b1a36b539711f53e04d4500cb58465e76a1c	0.338	1
rank-popularity-037	ce13e6646221e945d5002ad891b2ad0ca2ca94149fd748df1ccd2ee7cba25a8f	0.335	1
rank-popularity-038	de46b0b1363707fffea217c5d77cea2d3d79fc59c79cfb58d0b6e36086175758	0.34	1
rank-popularity-041	47d7f1f9a47157c00aa4aa8a0e82d347990a55bfee95d13c266501827e611785	0.277	1
rank-popularity-040	26cb23e46a6921ba425941dde70156d62e3d6bf1259494e54a79e59eec30bf5d	0.346	1
rank-popularity-042	e22b9083d448ee86310e62724153c5f0b27e693eb190f0e587566468fb9c3c9e	0.316	1
rank-popularity-045	d63ff1895a275bc81fab7021ef8d22f08992994a7b045e7628da9b7efc40d02b	0.274	1
rank-popularity-043	7b4186431e9ff4a54eab02a84c6382d2a0d02bead936e0f304b8d74df272530b	0.323	1
rank-popularity-046	7fc905a144d2064a17c9133b382d89922e549f614e3aee1d75c7fd5d559899a8	0.275	1
rank-popularity-047	399d9f97a183d613e96f85c2ce3b94ac9542bdcc4c59826979157af44f87d0f3	0.29	1
rank-popularity-049	82d29bf8019343cfe854cd4f22801d7f744fb9d072e6e3e0bc92aaf541501836	0.292	1
rank-popularity-044	37b290f72248cd776f40b1f8eabcd61deaf34ea945d5d52675c7ec46145d9e33	0.626	1
rank-popularity-048	1dc52d35dc50be54f5fc5f64ec6a90bb5f15d4d949af07b58d9139123285355e	0.385	1
rank-popularity-051	dd486fa6303a520972010472a0036739fb8d4098b7af47ed779f433402d0131a	0.323	1
rank-popularity-052	c533d7e79df8a808e6cbfad05e6203e86c480dfbffd21297366e5ee5554b3799	0.314	1
rank-popularity-055	5640e864680f048f1cb1f736014f711d1f52626a574458b7354143e4668b185d	0.276	1
rank-popularity-054	c569339f651cb7013481154f8da587825b269d69a2b20c816af561eada8bf501	0.34	1
rank-popularity-056	ebd6d374d38644a022eaa32217b508a7f3164da3a12933ef6e44ec0ffdb04e57	0.301	1
rank-popularity-057	f7caae5d9a4168897a7d3a10c85ea0ba9a6b61ee12fc986bda1040382850f725	0.327	1
rank-popularity-053	2058e5772c230238108be65df5e4c88edeeac0f0f347f4c5582bff92d356bdd7	0.592	1
rank-popularity-058	a58473f64a02b233d050c517107e1ea6e971799257b57112cf56013d00109528	0.281	1
rank-popularity-059	15314b0eef5d2a43085b3ef3be1e711137e09bfb0c1008d23ac6be497791b8ce	0.281	1
rank-popularity-060	a68e154cc877558fbea06a7aeca03a13ba719a7f31d9e409e55ba6a259bf1b9a	0.287	1
rank-popularity-061	4ada70473631ad11a16f6ae27c7b6a7e93f24eab65542f9b6507b9bc410716b7	0.288	1
rank-popularity-062	1f139c8db76ecef2e85afde3c6ce0d83b01c3264dea96aa4a19d887d06e405a8	0.268	1
rank-popularity-063	4e300e2e8424e5a0adfe6cd583b8e3e41157e6bd82c3f95f5846669c2e0fa286	0.281	1
rank-popularity-064	a28cfffdead1d24bd157557afd3f56985bb3d1028cf9ae86db50139beb2595ce	0.276	1
rank-popularity-065	ea8a1d4f3186f54b4442111b0d07ed5c2dc4e09d535cbe948559e238ad69db5d	0.275	1
rank-popularity-066	ab3a998463756a855a257e2cdbab503ed19f5c476d376aaa5288def3f489db47	0.238	1
rank-popularity-067	0f03d3d04633b2009df10cdf3616ff61a14f0b672106a64a899be9f16918540c	0.261	1
rank-popularity-069	6c86fbb9595d8735d720bafbc0d437457e0c28c3229969375c487b395ee08ca0	0.279	1
rank-popularity-071	daecc38ccbfeba1a1b92261eab2bf960d65e67aacac609c2174aa776ac8b1b90	0.318	1
rank-popularity-070	d95f25b6fe0e9bfac8d8234aca89ae71815b626045ba35bd5ea2347aeb8363fc	0.404	1
rank-popularity-068	37f0e15b9b5d8733e999cd7e02076007d798838df37cf9b3f6d265613366b840	0.474	1
rank-popularity-072	4d588af16a3c9d7bbf2b2ce1a4506edcb37daae3dad8e73d88bfca8ae9b18366	0.317	1
rank-popularity-073	0e7bb18795ccc3ab150b33fe5c5fa46b0f329e7e909a8bcefac3f2c590ceb6d9	0.313	1
rank-popularity-074	43e9b5f93b8fe55248e865294b2e6915bd6738c2b8ada62100ccc92c1f69b01d	0.344	1
rank-popularity-076	4624b8f5de92161a2bd406d5c025419cf4a6f8d4e01ef8066318b1c0d0acf9ee	0.318	1
rank-popularity-075	224782d757223b59d48694d2f312f6a3a479cacf1ac756c86e922434c0ee20f4	0.431	1
rank-popularity-077	467ff8d714fdd763a17ab1bc76986dea7f2502ac8e4046bc052aeed9cc57bb50	0.354	1
rank-popularity-078	cb66d140de0c2e884ce08804db29cb5403ec28b39fb093ab5c4359be15ea813e	0.314	1
rank-popularity-079	d3f2d138164598f10fb79458498c3d553dec173987d1d9d2350b2f555ac7d595	0.373	1
rank-popularity-080	7cd2cfae6c8b112371fd586d7f8d9a339e3848680c6468fc548ea7f94578da36	0.35	1
rank-popularity-082	71ded1c30b2d82dce30aff633349fd3ccf90a55b52e6fed758af1e22b51241bb	0.35	1
rank-popularity-081	35edbc89ac202ec3489b7294aa2ae59b86d3fc5a790c3845106898c8e5ad3323	0.393	1
rank-popularity-083	ca5d97129afdaaad824564ac1cbd4a1d00aba20aec217fbbc79f7cbebc42d283	0.357	1
rank-popularity-084	03b4ce49edb69bc0bb31729227efd044451939cfd092af4cc84c167d40dea2cb	0.308	1
rank-popularity-085	f9fde5426167a339994421749edacfa033532bd96f9deebf92bf3ab2a77bd326	0.351	1
rank-popularity-086	dfb8a9341beb7f568cd78530f6e3f77146b7481c1d30be4277857c687c41b366	0.364	1
rank-popularity-088	e972571bbbf9752ddb199846d6ace5d60e20567971d4219d976885605d374615	0.329	1
rank-popularity-087	b9c12ec51e9cae20f109f4da8e449a060d26d8838829e143dfb4faf1e7955875	0.365	1
rank-popularity-089	750f8dabe925bc1bf054894cba7859b2064714c8fa899ec265d8180461dee787	0.324	1
rank-popularity-090	9edd7372464bf3fc63f21b121e2b98683fb7b231ee654188c6e9d70ed136f574	0.456	1
rank-popularity-091	64d71abcd2854864aff9552b83832c1094ff9283d170697fcfabb71108b60571	0.379	1
rank-popularity-092	37d405f912ed62f827f6db657a156d75413ef8b0717cfca67a2c62c4d42ee744	0.402	1
rank-popularity-094	7f6ea15b7faf1f63e7363647e1aedbacc94e390aba71f77cf9a9ee2d53232d2d	0.316	1
rank-popularity-093	621b0ed0a3c601f174690bde320e98016bfa36a804c8e31816ea91ca1abb36c7	0.547	1
rank-popularity-095	cbc52f577d9a828faf7a829103e03c5e09e993870658143a3707577a58170ab7	0.304	1
rank-popularity-097	d347ab06144b668eea44f5be30a68757aec5325c0795a95e511e2e2c27744209	0.364	1
rank-popularity-096	60c90f511a9f5286dabf9bddd51ab3a989d8711a87c098136fd4ac249c5d6fdf	0.441	1
rank-popularity-099	ddbcfe1b7e52b256e6f630283cc9b3cf85bd6c7c1ccf2f89f2802cd7e0001137	0.335	1
rank-popularity-098	9f64eda7be987bb9252e8d5f0660750a4526b3adfabd7d206ac90207eb90034b	0.517	1
rank-popularity-100	9bf128ebbe77667b595011ea3f45034191a131caac3ba81f35a288d7bb1df56e	0.366	1
rank-popularity-101	191c173ae704b9a3285511b31de3062a6bca25e7d4ec3e7b124c39310c8090de	0.4	1
rank-popularity-102	3d8904b5dd8cb5ed4b0a95ce2e68e94d30f30a66d2fae1fcacff8d14f22e1a0b	0.378	1
rank-popularity-103	a804ef59baac80b7d37b4e3a313280a8098ff619526a7b82bd457b3866107fc0	0.346	1
rank-popularity-104	747c6b2d6ffc5de203d5788c29b1dab1d62c5c460651d8e5c1eb9f807b310b6b	0.366	1
rank-popularity-105	93b96acac013d7929f49b054660298c9e5d6dbfdafd12af700d7d735d7be0fa1	0.35	1
rank-popularity-106	a4652711dd6a8b4548f6b0ad97f6bfbe4201593c4e85cb6361ae9e9bb7d735e0	0.305	1
rank-popularity-107	1c01d247fc7c4f91be2ff26de75760aded797eaec78f5b3359ba6e214d2fec8e	0.314	1
rank-popularity-108	635f95c5e93200b88f29248836426eab5b3ad97f45018f21f93909a5e144d96c	0.411	1
rank-popularity-110	f530677cd21f2d0eab4382192a3f021b63649b0aa092c18c61ce9454673d2b02	0.332	1
rank-popularity-109	b9f6b0cc39cca48eb1050cc6724e8d9c6c17365eedaf7909f26c6d8c8251382a	0.435	1
rank-popularity-112	6ee504d210f29d205c3e1fcb950dba91376da6d278477209cbebfedf29ae6835	0.304	1
rank-popularity-111	b4a34c2b54ae4e71ffff779412d0cce01126565ea1846b6e002765f959972aaa	0.378	1
rank-popularity-113	3aa242246950bda40b17f34bd9ce0fe97afe1e753f93da28372acca59eaf71e9	0.42	1
rank-popularity-115	4ac616936bc30c368e9804198c1aa66e260ce9d79f800e71254b5d00ff57c017	0.374	1
rank-popularity-114	131f05b1e52ada8cd276338026b239ec6d1f7958a0f8e7d37ea3bd92c03c07a0	0.469	1
rank-popularity-116	8c12034f4153c389dd6defa4463eeba84b4af3a50ea86aef28f88dfe473c5097	0.389	1
rank-popularity-117	7c11342297f5ace2ccd1ea4061d07eb584a3698863e56cb26dace4fce5e879a5	0.41	1
rank-popularity-119	e4681c2d999a8bc8b67a962a0e963b7a5abf16bf1be02403bb797185630f4ff8	0.409	1
rank-popularity-120	3fc2818b13ef01aa96515fa0fe7e6c259b3e04278c46d4e1efe935e92da826df	0.398	1
rank-popularity-121	49e32d22a8af59743b4ec3c2ca80b10faa1c3e45c0082f2ba2875195bf23ee12	0.393	1
rank-popularity-118	ad986828e8807cc17dab201f8485d9eae8c645e8130e28e5999379b08c178daf	0.535	1
rank-popularity-122	e3b468a77e096f4f77a3b17a465c35bb93a6e8f1d21bc59cee277e24439bb8ef	0.399	1
rank-popularity-123	9b131df2d79bbafe350f944da307b6dcc0c3fbbd0bc0ddaeac30b0e5cac4ebac	0.317	1
rank-popularity-125	cdc1c87ae1f754e92e48d988d848ec5bf88a65ba3b4ab56ce8f15c9550c87c87	0.323	1
rank-popularity-124	9bae768924a0a7e9cbe2dd173aaad93ac35b2f26b2398e8387917a08de59feef	0.412	1
rank-popularity-127	4c9b9287eb329f359e36a94864a09ea80aba3be0bc630b7522c0a5e8eb0ad8c9	0.331	1
rank-popularity-126	c36cf13348cb698e0cf8abea049d5a743455b403c79196abd8951a39797dd1eb	0.406	1
rank-popularity-128	90f4483d4f3b63d4ab93b999e5ffec1785512caf864466955f10fa70d734b235	0.351	1
rank-popularity-129	a7810282ebad698a97c7fa897fb2c1f7451c2cbb3f3b96516bdc1ff71ba4680a	0.311	1
rank-popularity-131	30a82c8d8805542469fedc417cff0861a04ed7443e8696355618dfee4cf77ec2	0.312	1
rank-popularity-130	29fd53106f80e03ba172f5bb51fc5ede8683618ae5b2cf55904635f6a29d93e7	0.37	1
rank-popularity-132	830cb060eb97e61b5abd8c45b56a00faa1f25a559ace6c805be92f4abf4edf0c	0.389	1
rank-popularity-133	2192a326978e3b4be050f448542058c139617d0a5c1e3b560f9f8ff3b993cab3	0.304	1
rank-popularity-134	d91d8b2ac6580442096245cce83a8d815a1b10e64822fb5a11c446a2ee361769	0.344	1
rank-popularity-135	b90053d03be046ad96269d3eb80e064c3318e7827d37da18ae57848bbc226a88	0.297	1
rank-popularity-136	cd4f792974a3993215327d7353aa97f220ded04ba445ae3adef8612e2fb7475b	0.297	1
rank-popularity-137	57f79a95b005b6cf546ec6da003a79b4ccb8ce49902fcd2160e58d7c5a6ede07	0.339	1
rank-popularity-138	74c86c7904cf72dadc843fc77c3eb5b76d4ea9502687faed8893e0b6cf05fa31	0.327	1
rank-popularity-140	bbadbef225d1d57da991371bc3595832af8f8119aa759385347cee8d176b72bb	0.257	1
rank-popularity-139	5b508fa7eadef8a0dc873543dace18ead42735665712232c2fb2f815ff9a668e	0.36	1
rank-popularity-141	a1a9395f2755366cc7722f53b34837700af1d1b1dd675c9e3fd82fbbd707a5d6	0.341	1
rank-popularity-142	af6f588ed7bcd88b5ea8a07a3f75563cc55759e0fa9883bc94c7082536f078d2	0.306	1
rank-popularity-143	1505b4c59cb4226853851b7f265e643a4eb366bcf1a29357092d0497dfd79503	0.338	1
rank-popularity-144	9ad9e07167b566ddef818fb51892da0fab8391d649622066d38adff825249ac6	0.334	1
rank-popularity-146	c490b5cf7a0979d1d2c469d165acce263ba400a7ca1f07114ddc2db0f95b3bae	0.297	1
rank-popularity-145	a3296a429e596a2bafb79104c2f4bf3251f280f4d45aafd6737e5c5478577a52	0.37	1
rank-popularity-147	9defbb77824cc669524614bb2cce875668520d0c699e90aa785129a8dcb67da6	0.365	1
rank-popularity-148	1db29d2c7690e6ba2824be1601bb2e8e6d1b619755d4968e0269a555aa7fb054	0.331	1
rank-popularity-149	e561decb9a7e69b5441a2afc7e00e8b439090ac4c57844365a106c5513df7846	0.407	1
rank-popularity-150	52ea7e8f9852867fce91dbcedde9e7463a7c5886525645a7c960032cd8c5e92b	0.34	1
rank-popularity-151	f15bb02c33a20d6e58294a3b75681d636b7e2d1b3d4119c0bb8980e20272767e	0.372	1
rank-popularity-152	8e4ddd0770386a1be927f771ff56f2916b43517d31da3451079ea9e240e8efa9	0.436	1
rank-popularity-153	8404fa8981249bb3095b5ced703dfd1a27d782f6bc799cd2b18a08ee3f2c74a9	0.386	1
rank-popularity-155	bc584b62d405cadef6d04cdf68953ab3bff1fb1d2373e0ebd56e023b75b63e59	0.33	1
rank-popularity-154	e71a1af032c767fbdfbce3bb2e476140fccf0805603a011fa780ed008a3ce1d8	0.362	1
rank-popularity-156	fa1e7de087ef46ca80a4d76fec979d55e222da7f567460630edd85d3d5ea31a6	0.338	1
rank-popularity-157	a24437d91593b2a4e282bcd9322c1a7fbbe9f2f5ababcd16d984405b96dbe71e	0.328	1
rank-popularity-160	75b2e9da864717862b6f758ad782cf7c7838b0a3f7e3136cc2b99fa2fbb8cbaf	0.326	1
rank-popularity-158	a50b191f658beb382ecf360645883538fab7c4b5f8be3fb4e0fca080374427d9	0.436	1
rank-popularity-161	682db37b2df28ab538af769ee79263ed4a81ba890ce231e15e5c62c8a613e386	0.335	1
rank-popularity-159	5133e96185d5520de38fbb00ca35565094b69994cfff126b0c938c5f88e65c67	0.412	1
rank-popularity-162	3bd59be477b133edcc3963461f0765029d5bf711efb261771af1bb3d3a9baaf9	0.286	1
rank-popularity-163	a2331b80eb4fd4df36269417b31b0c8fff7740e3bc91bb538506b9ba1aa005c2	0.333	1
rank-popularity-164	0dae4bda3d99a56c1cfc19ca14575ec41b78c24edbf8ab13ff1b7095c80659fe	0.342	1
rank-popularity-165	c96a65c82b9f49bfc0e790373fcf77f58862bbfea1022ce1770ea80be0a511a9	0.324	1
rank-popularity-166	202623ce4de04f19e17ffb8a40d7c3f07437ca01bd6640248e16f237a3fdad71	0.328	1
rank-popularity-167	0ed6d8d450cee9a50729dd28bda54c5add081c06d0765a36e0eb1b988a15858b	0.362	1
rank-popularity-168	090b8d08466d9db18a91350c8c207dda05faf5d1786def873b1181da47bf96a6	0.325	1
rank-popularity-169	e38fdc2319687f3c561d9f5d2b74b40b6a40de235b14d033850738df8c8fd816	0.339	1
rank-popularity-170	9ec7d39ebcb056714eafb55875d90427b17798dd0fcafad9c19c6feea6a0052e	0.361	1
rank-popularity-171	c993b28c72a5603c829d775d3674771c433730f6abe8bb14d979798d143e10d0	0.374	1
rank-date-001	85798a266668036eaf5a08aa4ce36bdf61b21cc72580d22ddc742a88dfaea8ff	0.407	1
rank-date-003	6b65da5784a35252de4feeffcfe40165325c3402847c4e7ab4eac560438a3d84	0.37	1
rank-date-004	a6df2c466b2120168da4f9186091ecdf40b20c39a1523cff98dab95bda47bad4	0.388	1
rank-date-002	a4be6e01ca2960436f4b21998f1f4391603bc31d28a9fa42219a1f81db6bee9f	0.492	1
rank-date-005	bf3716dbb00f5a68ad482ec873d550800a516445d2be353f272b93d4ebadba15	0.403	1
rank-date-006	975a04205d836acb9d129bc86370db604ed8cac7f9d9e0bbb1e5aa31cbd0f71f	0.308	1
rank-date-007	d2695cb27204cd4a0c0f464553857bc8dd4d6b0e3b76a8130e3dcd0c92a24dfb	0.344	1
rank-date-009	7b4d2dd3b994da2daaed0d5aead46ceeb53fecea7c54ee7ef2ddc3bb1c83a037	0.338	1
rank-date-008	102599f99ffcd81b593196b3fa85930576acf48dd1eaaf0124e2965985d2a516	0.417	1
rank-date-010	a6999de06b3cbdf158182f240fa4bc1e4ce1a1694954325ebbcacc74da29e6f7	0.392	1
rank-date-011	f143574e85538f3a833b50126d4e8a45cc81f5d3bdb4529883b0890563ac86e2	0.374	1
rank-date-013	8593a1c9cbdeaf07faec99910d0a82e01163d6ef120d83ad2ff8eec8f07f1aa1	0.352	1
rank-date-014	39c94deb62ea376d401eff5977ea64ad4be6f1b5396519889121967767f23be9	0.365	1
rank-date-012	d1931059629146635859a1c749988ae617bf29037bd9379b1188a52323fd707b	0.53	1
rank-date-015	5ce5f73a1ac3b7dce46254ee41e091b7babadc93c7b9332d3e8c9650540bfda1	0.416	1
rank-date-016	a2d1f71f210fcc77ae0b694ff1f660d6bfa8b478bc313ba1424c8ff1c5439db3	0.407	1
rank-date-017	c2accccda618419262e1c7819211ce27bc07ec73ecfdc4fe4b8b38ce85ce2859	0.33	1
rank-date-018	fcadf8e193d5cff3fe4f1c3e394dda5bc42c27bda3629360ca9f09b6ceedd51a	0.344	1
rank-date-019	c2599cf24c005a7d559e82268817612874b095a508fd4c66c7956c327fdb470b	0.395	1
rank-date-020	753f0befeec7815796a4d0306f907d16311c45ab2795f4d617791dcb42ee3bc9	0.383	1
rank-date-021	5a930b0e6a0c7def776fea7a499bc00645e5f73d5158758020ff5e762dda7106	0.354	1
rank-date-022	a3e8c3e00ffcbdeb449b319ea15db855070ef5bf14458eb97757f461baabee6d	0.369	1
rank-date-023	18f48a6b5c97e6d3826362e13c79b984235b3910eea5e0b7ed4f3946b3f07400	0.303	1
rank-date-026	6231edc18216e9935ee4d21360429f4446a722026551530bf60a58670a83e72f	0.277	1
rank-date-024	90d9d20ae8247be5481ff9882b7b62f4f8fe6d89e7102bc45c2486c57fce5814	0.38	1
rank-date-025	4b4ed90cf31206776e6aec96701b116f8743b0da23a0c3094ce500106a33d9d4	0.38	1
rank-date-027	0f0cd8270ab8038541010be427ff471b3519fe05eb24250f301a790f0b94bf9a	0.305	1
rank-date-028	ab65da853704b21179beda1cb66a8fca556ea57b80cb8c0e7488e6ddff445c79	0.38	1
rank-date-029	7c2a908f21dc60ab01e8db6f1c8a4ccdbe172a7daef55d409c8f7316ef040f56	0.299	1
rank-date-030	64d3cbc3c9a6ced743056a7cb02fc88b366bb0134327bf1ff79063e177983e6f	0.324	1
rank-date-032	3dbb67ac7c72471474e37db5c7aa88bc32d20b26b555262fc12f3d2dd6420449	0.354	1
rank-popularity-050	00d57a6d6024cda7e0a1e9816492657471d5f48b8ab276d0c2237eb631aef2ff	11.312	1
rank-date-033	8e5165c46be57c71d31af444aaabf9734690052f40f1b9beb2e4a198f3441cbb	0.331	1
rank-date-031	9946cc96de02285961f6ad3b1600d3635173467ec61db27da2a2226f10a9d56e	0.583	1
rank-date-034	ea6ea16b66ce9c206202c6b21462528e6594580f8b932bab399ec952a373b860	0.373	1
rank-date-035	985545e11b0a8779d99fdc3098d0af68883cb3faf5da0213e4abd958bfc90cea	0.369	1
rank-date-036	5c338a02f5cba0d0d8707cf3c9996d4e32eaa5d2f30a97e8128d0b9ae4c75602	0.309	1
rank-date-037	0c2b081a94d0526907528988da212db12f5a52ff6be0d18c1605bc436318b019	0.304	1
rank-date-038	20ad75d01607690af57dc1dcee0b51bb72375c5d9008415d0d0dfe620ab9fd6b	0.388	1
rank-date-041	870bef92cb400bebaff649f9bdf624907afdfb0255acb45d9cfffb452163cd22	0.322	1
rank-date-040	23e86a5669fa9c1bc6a3f2e2fd1926fc42bd120af66677443e102cdc1ba7e3a7	0.408	1
rank-date-043	e7c9042e221d19980709b41704c82a6508eb92d4e5f5c51d089d41e4f33808ca	0.304	1
rank-date-042	5dc8d5c950aa1537d4b8557a4b497eab08965a38f9356b138d1cd3bca4561b03	0.398	1
rank-date-039	234969d1e332bcbc85ad1ecd9bca707a51b16c1cb85d0a16005c9745c988d989	0.656	1
rank-date-044	90c4419cb3dbdb1cc68c6545c52eee3a66d751a1b24b9000f744071dfb0fcdbe	0.339	1
rank-date-045	8a70e4a16fad16ff8ec6251a61610e76e12cf40391b5f429dbeb3d1db82eb31c	0.343	1
rank-date-046	766a4bf60cd10c2ffaf0c3a5ffa81cc21c57801bf3bb34f33d5131be635b689e	0.354	1
rank-date-047	af7e39c26521e176f1997a1794094436e5a90e2e7a0cd9191e8fede442cf6b93	0.328	1
rank-date-048	39a3e848e91452fb0fea11c68c6a1599a1a75be9289b00b3903d7e8bf4a7fd80	0.32	1
rank-date-049	b848f7c0b24086e31827d70a668cca25fc9369562221727405e44824787b1ad0	0.308	1
rank-date-052	da3ec4ffc1735b0325579bfc170d337c6aa5227417c390e2e338b4e3a1c48b18	0.299	1
rank-date-050	7b23fec24441d3cfd1296c7538876174bc2d771a9b43ca9272588385e0d9df7a	0.512	1
rank-date-053	140dccf3f1cdf6bf9bc4d714419aae27bcc9bc9a884d0fa7e2e74395c575c513	0.358	1
rank-date-051	e2e58a571a851d9c054ceead26bbe758b77fa380ea948527e92e3d3785f6e8dd	0.422	1
rank-date-054	515495bb4af3d5d2de10d2a7b13083f189a060e2752ab76ddf3baa69e4074281	0.314	1
rank-date-055	afdb92504cae4f5ea63db0fad4b4a6e853cd4390bb62051c3ec99b2b183d53d3	0.269	1
rank-date-056	4b318d692bf084118b6eb2e30497dcca3825cfc2835737aabba6ae6884b66c29	0.316	1
rank-date-059	4826bd6ad2a1b112a0dcc687830a836d8e6405a3c56a3cbb0863847b0c13a563	0.355	1
rank-date-060	3db9cd130532b1db6f987c5000ca24c1936c0962e07bcafa2fb3ab7ad443cf1c	0.379	1
rank-date-058	2d4337d40b98243dc2c7461a5e81c71ec77b276db1d1ea52692358d16759f8f6	0.412	1
rank-date-057	364fa4e5845720e88b6e2cff723088ded9b35b64d7763067e51909b6dcb1e22d	0.439	1
rank-date-061	4d30f171b5b593e6f3fb4bb800861c7a3b22da33bf7929dcc58e6b08bd178dad	0.429	1
rank-date-062	4a58c74e75dd214d01c94a0a194a9c55008e7580ab47199d3196969bd9aa7fe8	0.329	1
rank-date-064	4a4298189437fdecacfab34ccc9bddce9cf6b75766d97c6c444fa6574d766098	0.311	1
rank-date-063	db2a50fc3b48e4ff0e34e82e08a0defcd32d5870e6b17fea8ac2543036b7f2a3	0.426	1
rank-date-065	1ef8e3283bae2a025f76f1380321af3c0142cc65c17d11439cfa94ad4a272576	0.413	1
rank-date-066	c9ba9af29ba74ffec5919ce9687420521f924f9a4a318cab5a7956fdddeae40a	0.435	1
rank-date-067	2e3889e725595e135f6b6a49c67383f2f19911f7d2db166d27cb3ad892a18661	0.436	1
rank-date-068	c68ce5eb32726bfe2e98a8466b8966cb6d8b0a1ca4706a60127d4b43075e3e49	0.412	1
rank-date-069	53a83ee60035e34470321098fd3df103eec15eeaa6e0c69f900daf7ae390b361	0.348	1
rank-date-071	1bf28964d5a4f7a66e55204c21d62af15189af362e79a897f1e8b4445c722696	0.503	1
rank-date-070	b03fa2ff241a3873342e256d0b1c91704b9c92f3c6efb6f3bfc4349be002356c	0.553	1
rank-date-072	db55d83e5cbbecd8311409e72b6959a9eb44c9b78b480d7f549225ca33023c3d	0.488	1
rank-date-075	e0de41ce59edd14d53c1870bce44ba8586e37ad926fc839f493516d2508fe96b	0.323	1
rank-date-073	b58fbb52ba446bc8ac7f51b1d5d57736c5b6816f7a49d3cf9a87ed9b9863321b	0.558	1
rank-date-074	3c1d4a0ec55ea65d62aa7bc532e27037236d447b0c181c7ca4ac5d2453cad598	0.517	1
rank-date-076	cd8529476e79142522d70e7275c29454760dcc5e81946e38f0779fac62f44ec2	0.332	1
rank-date-078	2fac8de52971571ba27a7a0690a99b79365ad3e67ad93e3dfbc593ce147ed58c	0.43	1
rank-date-077	267bccbda0b37f090a34c716e28e8f9109a9206065ee2d8c097f7c4f73176a12	0.466	1
rank-date-080	9f5e380481d16e00c60b2739a156fd5500c577f7db0a5b73055b4499029e7b0d	0.353	1
rank-date-081	3e1ea374816e0a668140e5e66613abb801a6c81831ba45d32c84a4b28cc4632c	0.364	1
rank-date-079	6835897e327a35773e4f2d7f3a98ae4f7a741242afbd08487dddfd50a46c18dd	0.47	1
rank-date-082	f6891e5067f48f7d5a7dbe7f2fbfeee3f99348e3f0b8e8cdffcab277f789bf96	0.338	1
rank-date-084	b813f9a7df89cf021173db2007aac29a8d1886c7cb25199fb577830f503ef31b	0.351	1
rank-date-085	c6527ab8bf27e37d51bab74cc55676dd3bf3af3ad3fcd1f316d90db0d2d090e1	0.405	1
rank-date-087	e347b2b131ee88ab637146767147268b170563982440877da986ef2dc1438972	0.41	1
rank-date-088	ea55ac60836abdc36482b5dc3df087abb205e11a0f44cc1d9840cdd64d1c97bf	0.308	1
rank-date-086	1e6d8544497db2fd25e7334b134a21e5d7075842292cc4b2512b318e81bd7185	0.545	1
rank-date-089	3b847faf14c9462e2f1e2d9c2652afa6a206e7d9af195893b4e11af30581c0cb	0.302	1
rank-date-083	82fcd919681e6784d47ef4c1346f30c3d1e7b8b716bd05b475cc56c6617a3dd5	0.739	1
rank-date-090	02675b76012f7c24184b41ff96b7374c4871870b16c88f89065e0bbaf47b382a	0.356	1
rank-date-091	3475d552822581a696cfb793344c8a0c1f25f9d24121ffe4df6198606fb75846	0.414	1
rank-date-094	a7d239e1f003a13378a5731b213f5d79bc3f2d05a71ea2a97313e42063ad15f7	0.286	1
rank-date-092	8f39d60291ed352cf5d88dbca81f8e64b2711f8fef058b54234961a43472524e	0.469	1
rank-date-093	54838f27ca7d67ecd2d433e3740f397289b332a85d087d5a00807f792350d14e	0.429	1
rank-date-096	a27e95603136702395411dba17cca2c0b126202d246ce5a87b754f8e3470d84d	0.291	1
rank-date-095	db54a3ba84c32fd2288df27fcc2ef8cea8d5ac8e248fa004c3d42e3e5e68c8b1	0.421	1
rank-date-097	9978895077586cafd4d76f22b859b07caa80c3b0e0d1863108e8450119a1dfef	0.292	1
rank-date-098	bb9469c40e8dd42cee937c6e85a9d5a3104b8d8725d442d4427a27523251eed2	0.357	1
rank-date-099	82e98ab951b4ec76589545fc53a44b92dcf836c62660b908af30e113247aeac8	0.325	1
rank-date-100	9e7496ffff8374a27ef9a94ccf1153d2d8c926c2ca3b6c34891ef85b10309ab9	0.339	1
rank-date-101	f03987817314f54f343045cff55e349f528d360b2e59006b5e22482e1bdf9b85	0.318	1
rank-date-102	1212a10f6213c1c452db8375b783dec90047b7e6ecfb4221c35a5111d5c9e0f5	0.332	1
rank-date-103	5658f81bfa487da1820e24dd02c0579f78411c5923d907acf03d52ea903f56ec	0.33	1
rank-date-105	d0730b67cbc8bef5716e2e22d6e2e74021eaeb39c60a79a2a654e71a27eed084	0.29	1
rank-date-104	b6901e677f5c6115cf768c81e04dff5bb00d7009f919a8d8e8eb5d5ad701f028	0.379	1
rank-date-107	af96c3c619a6f9aa720faf26d42a5641dce95818b49d92f213ae6c7ae0b8ecbd	0.33	1
rank-date-106	baec6ea838a5781b5a1007918dff6dc811c08bdba049e09b7e3b1fd18706bfda	0.403	1
rank-date-108	2e6ad60d096e831556b45ce5c5aec7900d02d84245bf8a456ce7ac0a1e6169fd	0.353	1
rank-date-110	db5bc10e5f7354dd16db0b4aa4be40366c292b49db7aed947cbd3a55c6827187	0.295	1
rank-date-109	d1e7cba2e3600e131322b46960852ac7010f880ac254a049891d4643ab00aa30	0.575	1
rank-date-111	4fa1c252abd0e83054bd607fd1292a81da3ee055dd6c0385fb5ab970023ae547	0.448	1
rank-date-113	5f178251300499ae4baac0ab68c2854f19d6f424f4a94fd246f9411dda16206c	0.371	1
rank-date-112	6b2f7f8d75fc8153b190d9c78f2d021e1bd6f8336d6d895c6292a4154eaf3817	0.461	1
rank-date-114	d40790af0a4be288a71a43df6b663739601e71e0fed5e52ce6f1bd0e5a89896f	0.509	1
rank-date-116	94efc9903e45f7b6dd49a5c35e954eb848ed54848405181f7c78f1507e651bc7	0.347	1
rank-date-115	c6b2e453a57a51d6ec629f1318c3f4ff8a4cf58033cefb4a570a61bed3b85309	0.598	1
rank-date-118	e666bb1aaab6e9222a335c29822eda408edb93844bcfebeaf74d4943b4300455	0.356	1
rank-date-117	1eaf4a93a9037a65d282f780855e65e7692c6fe55a81fe5290c52d178ebdb6f7	0.436	1
rank-date-119	a57fa5a31f1d31771331085d9dc07e52c5c38b9fd2db327c367a596cf7240e6f	0.458	1
rank-date-120	b739051f8352046388474297deb3ad5f9a3fbf76fcdb8b5ab40eb3dccb99868a	0.32	1
rank-date-121	2b300922eb7df58f56392f8131cd822a8199ecb8b3fb8dae9b90db1c47cb79ce	0.379	1
rank-date-122	b81a5bdcddf5ca3c46fe3248fc5c2874d8af8b654d217c6b8cb1b5ff3c05bfa6	0.342	1
rank-date-123	491702ee2ea0c3f76f4f1c0f7fd91b33197a1bc47cd596aa4138630c36793781	0.411	1
rank-date-124	895ef57ff9ed6b69275cabd5f8141c566aad90a516aed8b234b5a9c692076e8f	0.424	1
rank-date-125	ada6536abad766d2c7f38e0de6f72b4aeffb6036083b017b4359ca65f5dc7fd6	0.345	1
rank-date-126	b060298ffd2dc7f43e6eae540f35f262298a148aad9951324262053f1b2320ce	0.403	1
rank-date-127	e0bcc131e378d62bd345a8d404ad33828ea409958119ff0dbaa22f1c3f6228bc	0.391	1
rank-date-129	f4f5fe24470384a9c2e64f57b02284f295de92892b326a558ada035b9455982e	0.336	1
rank-date-128	d08b1a0da7a6927aeb6666932a96320be261c09b8462952cb3d1aef1443a71bb	0.442	1
rank-date-132	b9e1eb6534029c80c21ce8d1fdd7d758ad271b7bdb5bca13dbd67071e5c2fb28	0.311	1
rank-date-130	a29be0fa90838e9754e31f1d948cb49f5a6069f4c8d5f0329e4a5d7d41f059bf	0.399	1
rank-date-131	7997ad63261e84a88b14ea8135fa2199c004f08fc659c4eda3d17a57408f6aa4	0.417	1
rank-date-134	07f161a3b3fb41c6c689babd6e0906e4b186a783f7a8ead5b8bd1e2d200d78d5	0.359	1
rank-date-133	4bcd0957212853488e4c4b0989d29ad4c05e8d2a765379843eaf637d53519ff6	0.405	1
rank-date-135	49073711e4e56f39866aef8a1bf49e9834453eb03f1c672c552967bdf595ece4	0.374	1
rank-date-136	a7cae6334272545d66a2d77dcc1973fc9c3d3549bb34b586424003cf36605f9a	0.309	1
rank-date-137	d4e65b63ca48b1e523b255923b7189adb06cbb6e93c34b1f80c6aa5be8c4e48a	0.413	1
rank-date-138	d4d6d2211892dba5a106025a7019483e5e95600db964c529a3e5cf27ef4a3e6b	0.399	1
rank-date-139	23561b89334f875f161fae107fed2ed0571fcbbfbdb8f3d30ee3b5c8414c351e	0.296	1
rank-date-141	2e1e27985128dae27f0bddf4500a7980a9e935e89a95f74b39ccc45d8862bd33	0.355	1
rank-date-142	3460d0bf70820b136e7825c0bebc8dfeefac6c0fe54a2e7e846e7fbcc6bf4c1f	0.352	1
rank-date-140	ea944ccee49854d183ea733fe87b9b674ae6d133a22072bfc74667bdb239e7e6	0.473	1
rank-date-143	db68c52c7b3429b01fb30cec0d91b3c77c380615bb7cfb893d19d1da28a57ea0	0.332	1
rank-date-144	039cdf2262927e9f4f08bb06b1d2eabfd90f741fd249d509162431c555f6f6d0	0.359	1
rank-date-145	c610657a280f231e1f004495d318efd91a6356704b180d464f6d1cbd23e57efc	0.339	1
rank-date-146	be912f4b3f9c5983dd1290edb2eb3c7f469c8a0a3e28f5ad307210e9ca3d4005	0.291	1
rank-date-147	ef13a29dc9a182bc690a04a88a8a23a4b686235ccd1f7261f528fb3f1b5a6362	0.332	1
rank-date-148	492ecdaab10fd965b5a155f7d2b807b7c2822e64ec027d4905c370fc3e1f1760	0.412	1
rank-date-150	be4c3ee1b96e956e0d7cedb233beda6296d37aef2d0071558b8fbaafd38af3ab	0.36	1
rank-date-149	1810b1f5e14d8ad7d88f33dffeb44491d5d042c953cc2eebafb1cefbdf739871	0.438	1
rank-date-151	f47dfbe8ce644bed19cde50def8553f0d4e4dd10f6c7aca7a9f1fea4cc85dd1c	0.341	1
rank-date-152	c84ad35fa1ae02eab9257ec488870af8ee9cf2ee09dae59226f1fcac2ecb72de	0.341	1
rank-date-154	d9f05dd44f1254765136f3ee58a52fab2248df2194fd8b015d855c18c6cd3f4e	0.296	1
rank-date-153	9a7c0ee6fa38bcee4906d3baf6e0cd0100cbc0b104ca4aa1a386865bb9f1a8e1	0.451	1
rank-date-157	2f850fcc3874c001ec7aecf3b22bb09267cccc3c04b4decf909298dd56aed5c4	0.308	1
rank-date-156	f306d9093565b7d7101de09cebf8c1af9761edde0ecfac00e7d974f4a738029f	0.335	1
rank-date-155	6362b6addcb864acf688d5c3f89e0d39b617121a55a7c8c0116d091548625df4	0.405	1
rank-date-158	6c57861512a0ef4eb80c91c46f30be00a1fbccf7671a1f3699f76757cbb3e195	0.315	1
rank-date-159	53c79e4f777f53c2d4b6c073832d1ff6172d035a1d71639c6482dd3163656856	0.366	1
rank-date-161	6f582f141d64673256eafaed0f061b8bfe1809c6fbc95819e114066ac5ddba5f	0.329	1
rank-date-162	160a0cdd8ec8a4f27c02d98ce5349208be856d5db8b46c94d0b207afc7df7b58	0.399	1
rank-date-164	8959773a4394bdbc7057c829b259ef4c6acbae768f841947985184ea71859de4	0.365	1
rank-date-160	1a08538fa786266a4ca2d9779f3682cc40390b032eb4af561af365430cb997cc	0.512	1
rank-date-163	7905c88026c39258bea6d0ad632b922b8a3c7633fa4ac3e85143d860f4b560b3	0.404	1
rank-date-165	05f9c75f183d624d6f9a5f2a11058c5946bf0dc20685d04afa998a37a5153ed0	0.264	1
rank-date-166	56e8e9302d33116f067d7bc915eb63ceb9f5790fdd18c49144313dee98536bfa	0.296	1
rank-date-168	910539e0ffafe64d6d46a9746fd06686ba94db77c8e52fb1edb07998fe7b5cd6	0.281	1
rank-date-169	5de2eadbb5d873182302a406df9d0898eda0ac07c3222648915abc76ea27dd25	0.285	1
rank-date-170	a8e8a86501e0e4cdfbd8517862cb693530cb124e84c96065fc7ed6c41b59f06b	0.3	1
rank-date-167	db6de444683fb9051013c13f94e2ab25ec9963c59b8fe8e9add60480d7e4d40f	0.347	1
rank-date-171	bd593434f7345e2e54eb5afe7c5013548e121e56242d74b95041f6456c6a7f9a	0.304	1
rank-date-172	9c1b65517622feee309d4b15873226a0cbc741a100d15dd8c96f234742e766f2	0.3	1
rank-date-173	618e7614a46f1eebff56181a574086046cc7710d2a7871366b0699c42b81ece4	0.311	1
rank-date-176	8dd083bce50e5ea68425abbe517bc9d7dcaf855e68fecd029040bf3ffe2fa4d7	0.311	1
rank-date-175	6ad7785857a5d3c8c5526d9ac6bfb72bf39cc3e4c0d0fbda240e3f1662528283	0.332	1
rank-date-174	0786db598b9076460bc43153346404cfa4739b669843407999e9940b9e495191	0.365	1
rank-date-177	a919c19202584c23a72094d38fd37040e789e824cb9bb067a6349b3f8dbeb735	0.298	1
rank-date-178	f26cb32a78e15edfdfe263f4cde916ba66379f62ee0b67411657136c8a98bed2	0.243	1
rank-date-179	4b598d12150422df9c4dcfe16f2c17fb8b0a28a902d1994c1afd05157367edd4	0.295	1
rank-date-180	6d64c1e5a6304d9bb9b175b72f48ae4d68a3077bc9f67115511e5be3877c8a28	0.243	1
rank-date-181	1e5ad3b9dcfb4ef4030df5d43538b704137228484ca45b37c7752862e4d53265	0.258	1
rank-date-182	e33310e466ae446969ccb71134ee39ba304c065d7f6ed8e688669b6f05ec46d4	0.275	1
find-album-01-3	2f3ad435f9a364450ede61bbed035a2e54e479d79d0ad7433729c0728bed406b	0.237	1
find-album-01-4	c690e8052da339221b8bea616510a4662edb5cf8c770e10bfc79ce75c4926237	0.305	1
find-album-02-2	347dc1b04a3a244dd2f0d36a8f6a912c6a108e02cf03287254eee3d8ad25104d	0.281	1
find-album-02-3	d2822de8e139a4c8d1d27e3c7e2841c73a9bdb6b1e27dd66cf00c94b9923e3bd	0.268	1
find-album-02-4	4d905b43b22ddbac026329954d84076360db94a36f7e27c94748c133086d27c9	0.275	1
find-album-03-1	6921a02ef08b9c0150675c12fb734ecb8031455eaf05ed2d1e2d4acca98ed787	0.268	1
find-album-02-1	f8d58f8454164298ed7f050fd8962d7b9be768c67f09e11a2e2919a12c4cd973	0.37	1
find-album-03-2	fe8955a5c32d5d1dc083586a89a71aa9911de29228b85f1da5f54b6bc218b0e0	0.268	1
find-album-03-4	87055415d9d8d8087b89925ad7458168d57bae89340f21f4b0b5ebe5adb76bd2	0.244	1
find-album-03-3	87b49cce0299d1a3507fcf8449c4cae5ba6f7e52a4d9b163e91cbf5c5b247dd0	0.31	1
find-album-04-2	9eafb4243c14f9c07ca215b64272bbc60022f11377a3d7ba650003bbd60bfd0b	0.269	1
find-album-04-3	27e09cecd23643e069d1d7759c41a0a0941cd565a54f552fc1ba37f501e72ba8	0.267	1
find-album-04-1	e574fc96f1a90a236a74a3e0acd1326ff0d997a9e20f02264b757b1101470643	0.328	1
find-album-04-4	1c2f3810122c4fcef71df86db7549ebdf88c62e4dea8d99559b198d181de3eb8	0.249	1
find-album-05-1	0efbbae4c33f871c5473dae4ddbe02fb6a6c6f9f294d45ecae05bccf08e9dc04	0.226	1
find-album-05-2	bbc92fd4f9e09d3ba746b4833e9819d283bbf7c4bbb0d3efaf92edfbf9567654	0.284	1
find-album-06-1	a6978ee3668ca70dfe8a962e3cf22fb996ed454f2a7dcddf1751394b984f09fc	0.247	1
find-album-06-2	6049c3264e8e4a270eea68be5475fb9a818c635817593ab084c9c116c3235890	0.232	1
find-album-05-4	dbf146ec6000e31049ddb9146fd21ad803e33413f38df42c1c14bd33e59317a4	0.323	1
find-album-05-3	ca48ee9662cea5a395a5f9a10bb224aaafdc32cb20cac33bcadae66cfd6fdada	0.371	1
find-album-06-3	8fc0ac6cab65f0d4708c907663b27a185f287b92331c076f280bf98ef9b31251	0.274	1
find-album-06-4	5f19ceaa1e2805733a730d21c89aa4330f6301d014f5e78b4e069553fe8c58ea	0.278	1
find-album-07-2	b4a9ec54ceabbb9b975e3d8c216351097073a79ca50022bf6957ec448833361f	0.277	1
find-album-07-1	c8dc53ce81de7810620941a3cf136b66402d3bd62fd39d9a97ccccd927887d01	0.307	1
find-album-07-3	aa42facbae5b0b76cf4aeb4de0b89412a7feb70181186614d6ca335052bd0c57	0.281	1
find-album-07-4	9e994612da769f0e2693bbd2ec973a7b55ee3d938c832d053b3058ccd3d91448	0.29	1
find-album-08-1	5dd68ea0fbc68958eab4b9e34c84e83fb2fa0724545453b267dfb8ee685ed57d	0.296	1
find-album-08-2	4b4400433ee0f1e41e3cd7b26c69ce86c2d4d860854ec7568ea4cb2d6010cd06	0.309	1
find-album-08-3	ed7fe8fa7db219ffaf208589326fd467dc81d6f7b28d6e8184cddb975b4670d7	0.275	1
find-album-08-4	e651438b8ec023fc070e5799e3c893475b5d4cbfddb0cb5abb4212f3f9120877	0.278	1
find-album-09-2	b0c8cbd67ab9deb4cb1fed74ac2f64f1e22527f28e31a1ee41db1841bae3a1df	0.247	1
find-album-09-3	83442b18878cefe4ebd4b19846171ed7076bfd8b40404873917cce5c6d116f0b	0.27	1
find-album-09-1	9d115f1e409db15a09a085de234d3233e7f374858e2e64668558d0c6fe722bb1	0.382	1
find-album-09-4	bd3e64cf6082843ed498551c747a0e15ba91170d6092af198c7c65d1b15ecf7a	0.258	1
find-album-10-1	e906318a0abfdd0451b84a2d390c77445a04ac3aed81d6b301db951306ec27d0	0.278	1
find-album-10-2	b6180eef6f64eb1b72f34b4146437812257c021d60a69db6fb0436a8e8f1e032	0.309	1
find-album-10-3	259b96201980860caa936f1a009f847775a139da9d63415f9d3f08b84312bf5b	0.313	1
find-album-11-1	f4c7aa9b5220d46b54eee9eef6d57881dc3e4c0872462ded4dd3c6ac9cc35ac5	0.266	1
find-album-10-4	fdc69069aa592195fd01d1051499a13c0c5737964df8064bbca2320c80d6c8e9	0.369	1
find-album-11-2	91a6caa52bd09ad2b84adf5f83a16222e1ddd58732d05d466f6f3d4a965cc414	0.279	1
find-album-11-3	4d0a493623aba5369539f86a02e718e85f416780b2e9827c4da20dcd987c7424	0.264	1
find-album-11-4	204f87c4323ccf6d181c91844b886589876a398636155dab862e96cce88b3984	0.245	1
find-album-12-1	08ce740eda7eee802c44fc51032b2524f9fe513dff945a51ede34add16a38b9f	0.288	1
find-album-12-2	ede138015e10da93f1b6887d10aa61ac650094e92ee216c4b1c92db2456ff555	0.352	1
find-album-12-3	ea2c771d34405f58ad8da55e5ed43cabe2c7aab1e9d6190287ae7368194db98e	0.266	1
find-album-12-4	bdffd11c177793c3d0e6744256d46d347b7d7b41d671242c326a04d9b7f7297a	0.264	1
find-album-13-1	d1f382e5ade8aea995a1eb4a26a61714824db819a9f4fa1aeae6a57d8d28b96d	0.307	1
find-album-13-3	4a990df70b12f7d663765ac3c7051402e6660c9e5219aecb173feecb41e8fd30	0.248	1
find-album-13-2	cde1c27ea158b2020f2b29c523050e94967dd4284851f9d1b7c77502b2d1c9f5	0.35	1
find-album-13-4	65ae086d55a6607a853f2e5c5b2743b1503e29945fe42a646ed1578d8bba1b73	0.303	1
annotate-card-003	5c6f2bd6a9af745e3455c1eeec3f6606dfcbf5b675609859b183179836f5f0f2	0.3	1
annotate-card-004	b17169a485ce385f95d7a0c672f728403ccaf324f7418604ff39c6996fc344c6	0.284	1
annotate-card-005	534ef2f10a34995c5e855760375dcf00eeb7b28357f30f117759d42411fd8918	0.313	1
annotate-card-006	08f8fe2eb5dcbd8772b748382624b44f7d753641f51a36ad1f56ebe6a83a5288	0.396	1
annotate-card-007	efce65f5c7aade17cf52f56a9416e0499e966aa4c90bf73997d0054d94e29044	0.387	1
annotate-card-010	4efd61096626d199abcaf3815fc9141842db249b39bb52c2311e35d6b801b2c0	0.279	1
annotate-card-008	ee49805bd93dce4eb920e874dd3175316600a94c159ec7e7708c699c2b8866e2	0.336	1
annotate-card-009	eacc449e4e7a0e21a4bf09b3b9eff2ae46cb0e1bf253574513a7b9a3245a8b3f	0.32	1
annotate-card-011	8562f6c524a9103f1cf7a08c8e95a9dad031bc4d59c8d0098b00a4053981dacd	0.325	1
annotate-card-012	05a2de6cd34483f2dc7a1e6e1d93822793da8b134c5496f4ab3eb6228ec7f74f	0.294	1
annotate-card-014	f82a8d2d12c4bd078fa87ca2f8dbb0df25578b0b47e6cb7719c0e5aef3b89bcc	0.286	1
annotate-card-013	ba94e7412a3375c7b81706888fc9c42c620e59b56417ef6b458b2cc47a9a0a32	0.369	1
annotate-card-015	2836c02aaf694009952a8d492c0f7c3e1a1c4147ee2078a0172a77b9d9c94a16	0.289	1
annotate-card-016	7edfdf90c5e38529de9bf6a5205d658000c0f62dd3cffb00c9ac1086cfd56953	0.306	1
annotate-card-017	4e341a5227a84a52909f91fe5cef1f7e3822f910d3894c1948dba1103a1abedf	0.28	1
annotate-card-018	0465f6dae60a5c8b1c8098d4fbe0fcdff7943649f9f02906634ad4c96a5e1afd	0.391	1
annotate-card-021	4cea4668f164d25928b8995fd40857a62db57ad3d30549f68d69fe6a110cce11	0.303	1
annotate-card-020	d740534cadb583d2e30460a4cafc5003b4615c21f7f06b8ef47329d3b8b770d8	0.366	1
annotate-card-022	a1f4f89151277285964857c3778c6fbb6aa673e446c65c49b7c25427ba6369d1	0.323	1
annotate-card-019	8796d2689fc077ac43a351d0088e425503741a451f51f78bc451b5c24f50dc75	0.399	1
annotate-card-023	93d15cd467c1804b8226a0ab316c52b38644c21bf64a737a2abc9f5c05f8e279	0.317	1
annotate-card-024	55af6619d935c57b25391faf8ee7800f743f5005c19524271253148772f02c7b	0.332	1
annotate-card-027	af49f2289c77ca4d052a10a88ae55acc61447c865a35164967ddb6a11d5551d0	0.328	1
annotate-card-028	fcb0e93f323baa7016a21746fccda6cd8cae7a6c967937ad391c95e842834cff	0.32	1
annotate-card-025	48e7ffea191193dbf6940626b6dfaf7069e5c27bfb0f86962f05bf139e37e578	0.434	1
annotate-card-026	ecd1409e08d022aca1b2e072cbaffabe984f2bb291e42aee89400d56754958f4	0.427	1
annotate-card-029	121278dbeda5c73b40c4ab657ae9289f35fe2b3997456d4567051862e014f4ad	0.402	1
annotate-card-030	286d69005191a7f42f2592d00b3acf09a88a67e6acc36e866a41926befe06030	0.338	1
annotate-card-031	e2f908f60bbb357825b0cccccc5c9308ed3c781187cb5b91b08d8e596a25eddf	0.335	1
annotate-card-032	617894b628019b2e2777e793b783caeb5120663838dc086fa9f1bd832462cebc	0.336	1
annotate-card-035	fff58c9314883ff84aa112a270b092f0451beab069d9634da4ca376944cec0af	0.231	1
annotate-card-033	749c346e8cb1343a73350763d0f9057b6558121304882446fa27a18548481f04	0.354	1
annotate-card-034	79c2bc3a484f98f52949db6ac3e4403668a0fdb4615a18515c443704d3e3b7bd	0.332	1
annotate-card-038	12f95368afad75391aaa3bea5a59d6836708b23e8d014f0be5d33f8d8244e226	0.226	1
annotate-card-037	7edb9c1defaa360e951e7787934d04018899f80b19dde4d107a51a702f3276d2	0.265	1
annotate-card-036	c8a404f5224ee50a62c7ef269e0925e3455f772db0955a203e16f73b50710527	0.356	1
annotate-card-039	99eca0d1d443f28ccab82feda406068223432eea46de838974d17da0cf68910b	0.299	1
annotate-card-040	1494971ff05f3b527cf8ab3c5751db6abc595e19c5044b5cea8fedfbe18b019d	0.319	1
annotate-card-041	6a560e46d104dd39ca84849fb470a5a03d05c9674776877d1e29f9a17c8eb959	0.349	1
annotate-card-044	ea0868909ad2d5fdd77afb7d34db8a9044222af15cf126d7179ff19321a93061	0.233	1
annotate-card-043	8174b881ad3bb8a198944e904edd8314a6f6bf96e34ac495a0eacc35bd37d3f0	0.331	1
annotate-card-045	9f2dcf16be0d59d7bc9a6192a9fed87013279be5821c0ef2996344749b1740e3	0.284	1
annotate-card-042	c8512eac63972bfc9b2ae227a61eb29f2411c4efb3bb67a2e7faab994034fb74	0.387	1
annotate-card-046	cdff5f767711dde47b6f7d394a5f6e9ce5cba0ce70d24864389ac1d625b28106	0.269	1
annotate-card-047	5ee53befbc090a3eef1809eb6c264b983dfe33048b3cef9b49431174b77cd32a	0.276	1
annotate-card-050	f03e8475d390f77585a1b89e294dad64eb86c9a8ff7ceda2d50423f2ab9ec361	0.239	1
annotate-card-048	b98abc51345a0e370e6db80213edd00377754f0b03de546454d497c389def936	0.374	1
annotate-card-052	cff4b088aa8e179811bf0734883a20ee2f9c1573c6dc42f8fd4843334d81c445	0.255	1
annotate-card-051	6fdaca9a9fa11e5777abc294fc6ee0f9e28f50ad725ecfc3267752cfb7665cf8	0.314	1
annotate-card-049	f91608fa6ba2058456c1fbe161d2e18d86a17e62558300f5f3961d2340d520be	0.35	1
annotate-card-053	635d7dfbbdec1588b7a352edf3a402e3d296b4b14585551a47684b99045af4a6	0.287	1
annotate-card-054	8477bcbdbc5ab4f6a47b029e947df661b8f8f0ed567bb478a382bd420b3cd5ee	0.262	1
annotate-card-055	7431067fc4aacdf09e136cdc89c2089627b638c9c870e0e06ed9e4210e308460	0.279	1
annotate-card-056	869f74f142075c7100f3f2ea240324de0fec21448ee938eabf957c6d1cdd6ff7	0.279	1
annotate-card-057	ebcc5c3cfd277c66686d8c8c3f9bcc86e5a1871b8bd50756b7908247bef48059	0.285	1
annotate-card-058	621d6c967bf7d894979576e11f358198171157a18a443eb955dcb83c558cedc5	0.307	1
annotate-card-059	fbc0420d203f3cb4549109af38505ac329a165045ad8c01ef06b59a1be9d8742	0.334	1
annotate-card-060	bcb3d817ccdf579318142e62451d8a7f496b9916aefb8d40e1cfe0644610f983	0.35	1
annotate-card-064	acad0460b7232c6debd5fdba02c260bed8866314cbf3ac4fcdf3b2d1f6fa43e6	0.248	1
annotate-card-063	3b3242c8856a4022ca2379227a2af71500ba570fb9e5361c5ee2755c72c2ada3	0.311	1
annotate-card-061	79e263d687ceff20d6e22f74f23fb43f2284317bad538b9024cfe64b8e69495d	0.398	1
annotate-card-062	440067cc0db5863e04cce003f594b6909d4df9eb06cff859061b75a09974c55a	0.393	1
annotate-card-065	68371c29fafbd1d20ab5542df0710f4c73d03ba70741105087b563f1a35ccab6	0.271	1
annotate-card-066	b0d9fbe33631913a708576366dd3b95a49cdd00600313ae33858b7fe3749610a	0.289	1
annotate-card-067	4a58886417d09b8b26a38bed77f452ef4b4c8d07a842f11de5bfbb82b59f46b5	0.317	1
annotate-card-068	b504891fad7702e0add718edfd190ef8a9f5870419f69725d93afb61714e03fc	0.302	1
annotate-card-069	32a0e618f5c77f032c0d194af3cd98e1bb3f03be671d0055c8d99e1e2c64943c	0.27	1
annotate-card-070	a241ddf7d376fd2a0a36e9e507c45485977fe6ed50024913c4a5d0c52a654d48	0.272	1
annotate-card-071	add6e25025d8b5bcc3450a9c763a2cff97b96b33604b1409912061a9cc79c4cf	0.314	1
annotate-card-072	1d1188750146962254ee8dc3a6a959ed98d1336eeee56ddbffab7d4ee6d96c94	0.256	1
annotate-card-073	c04762e658a2a7d14969fa8ce3df6a7e4db89d9ed575139531b06ed316bb2c6d	0.241	1
annotate-card-074	9aeb66bfa1f68a4ef964896240ac06725c9ef95e3513622fda861da10c3a19f5	0.309	1
annotate-card-076	088725e663b9b7aaa8fe9f3501dabeb0af5e004af690eadf2a020b2905670c46	0.298	1
annotate-card-077	1f2c1aebc46d670be9adc6e4ae879e32720af6e098cf3453d1ebb94faa3899d0	0.286	1
annotate-card-075	7e6705ef37e55bad7b2a69764e02fc3bed40feaec70c2b79dbc69b4ca0171157	0.392	1
annotate-card-078	64d5268b6316795e4a26d56dbee8832cb6a9666942bf032e46aa9bda9339bc64	0.303	1
annotate-card-079	c25d3dfde3932ddd72293d8cba881de80fc36e58a1bbf4e344b60c4d7abe34f6	0.274	1
annotate-card-081	dccff9078619a9f642bc9427089f2f348fe72e6a8a35e39c71d03592ab09ddd1	0.247	1
annotate-card-080	83753cead6019b6d42d88b38bbf060ff6d94d9d86c3b4a1754ef68a101d96f0f	0.341	1
annotate-card-083	2a443d0cc4c73a7f2cbf16d9f3afb153866a25bd765ace4cf2da4ee51fd66234	0.292	1
annotate-card-082	71601c370e81065caeafa194dd2da3faafbfc0deb9af58f659f1c634a6980dee	0.343	1
annotate-card-084	30eb5e22eb07e4a4ca84b9d0251d31a0cf0c1c22b5095b673653d7f1a7f1c6b9	0.283	1
annotate-card-085	a864a6f9b093883618ba5227894a2629c83a235ae2a7fd5ce6188d0423c6e05b	0.284	1
annotate-card-086	2ca2c0be43b0abc781f837ddd7f925c69d7e337f7c7d20774589923d2c13ac44	0.288	1
annotate-card-087	92e03f5569903f806ce21c96a2b18abd2e1f99c04cf88ed59358bbcb094e7db6	0.289	1
annotate-card-088	b173369516d4a98f95069bdfe3b786edadfd8e1304e3c8eb0fa4cf18b32da784	0.244	1
annotate-card-090	5e271f077de29923ee6b31e3215c3e5ec8f8676044f4a6e948aaf46bf02584aa	0.234	1
annotate-card-089	701bbca83f90bfb9fb2a6635edfa04873b1ae852ec959c758e0b16e59b62523a	0.307	1
annotate-card-091	cf5987eb4daa7ff6401f96731047ab8609d3c15b45149e0960b9eabce15edcff	0.325	1
annotate-card-092	7614311c1561725fbcc3022c511b1e71a0a4f7ac82bf211f7be356e562a88a7e	0.325	1
annotate-card-093	5b64677df46e8b6bccfe7bc21534089af1c8b7457afe70feebb5f7f1f7dc004a	0.287	1
annotate-card-094	9887e6999ff5b70b2e3e926f5515fede306b9fd78e51e149fc0abcb37ca54a6e	0.299	1
annotate-card-096	6df00ba74c8dad5871d56c3b078394c189520faf00ed4e18c41beb01be666504	0.307	1
annotate-card-097	9303f669318e6cb16e45f8515f00fe84f5930936476bc2133ebe91b2d9408fd9	0.284	1
annotate-card-095	ae27637a25ad5bd914fea3a1d7e87ebf66a971a5d7c88f4009981724a4f066af	0.413	1
annotate-card-099	97d2c13c251dd6c400d8f72315186581f52fb5b55f831f30a41fe8429034b9d9	0.249	1
annotate-card-100	c97a40346a7c055e45a61279c2ee0192fdd5825d36b300017ec8d14b67c1ee90	0.286	1
annotate-card-098	00561bf044916efd843aad4a7b01e12010b31ffa0c8e27807961e4aec5851d74	0.386	1
annotate-card-101	30550fdbefee405d8b01ccac4492489ef673dbb0b92f84f1de496bb2e4873d4d	0.267	1
annotate-card-102	9c783d3cfa0705420436baab39bf1bdcc4d4b069b4457bcc9f54059b9059d738	0.317	1
annotate-card-103	c748d0e186ef5a458af01cb9569dad64a433da31ee1dde61e751c162794f8978	0.389	1
annotate-card-105	121c930aaf329d8c3ea2a1b0ac8d84db2c72005ba51ac9008f8f33f8730a5158	0.29	1
annotate-card-106	0143c6996e970daa5ffde083b3d93235074ef892fd86732ecd680c50cabbf2b1	0.284	1
annotate-card-107	7806a9efd3561862224e8f08360d6a4250e9dd5230e9188555d733029e6c4b16	0.295	1
annotate-card-104	a72a461499dac6bcd5b13f39ee54fe2e84189b2f6c0d07027e763f8d0b5546b6	0.432	1
annotate-card-108	ad3f427cf02582786206971f1df6e0eb7ff878533f5c126cd60cde3cff915929	0.304	1
annotate-card-110	bc9b68753e04220309344f8bcd358837d940bf723fa5af6d08a5ec6ecb32a42f	0.266	1
annotate-card-109	69afa4951d56ce7ebfa6eae007388ce9b0e7c1f0f5cc51a70817866f63d8dcc5	0.314	1
annotate-card-111	f520e6e1ca974217d1c747a581a986938e94d5091c630439d2f9ad3847f8d04a	0.317	1
annotate-card-112	59b0fc6a3837d35c88456f393f8505199fbf1cf51abf46e011b93178024e5958	0.298	1
annotate-card-113	d04aaefcaeab8918446708b3aa1f8a04c8928d4a5629ffa66fb8f0b7e9b12cd5	0.289	1
annotate-card-114	6841187e6c916cc44ee76bc57e420c14409409196c15925c680cefac031262f3	0.331	1
annotate-card-115	e3dde812780a3067141924af961b486f7e83a4a129ccb4d9e1e270cb0c8a5f5f	0.267	1
annotate-card-116	8b1d2bebff0c5cf6c322a201fff6b3c4cdc1d03eb7aafd1c5849ccc3dd10ff62	0.277	1
annotate-card-117	8fd983460e9cdd52cd0e534508b96635d9b4e90d2211546b364d1f5eff4e63ea	0.286	1
annotate-card-119	3fd1fe9061cd50093b46edffe59fc3b470e7db8c8c134f73332a48ba1e78e6fd	0.355	1
annotate-card-118	560e2ae18f02b2da917c50b49c54a4f442d33792533521214be9f8dde9121159	0.394	1
annotate-card-120	754e7c9c38cfc80d9ea13f0b85ac32446518859c71b94c4a41822b66cc330bf1	0.302	1
annotate-card-121	755b07c76bc14bac2faa1db5675d8d3ab03316d82e958a9cf85604354a04ecbf	0.333	1
annotate-card-122	798cfcfb6e0c05f1f7b94d150ebb3ec35c1c05c3a540abf57391ee21e9f9d25d	0.358	1
annotate-card-123	20013475e6ea970ceb1e9c4ad14bcb882b50d5f48008ccbd91bd0d9f5a4e0791	0.32	1
annotate-card-125	280c00c6da29f63aa7b2b2a13d640485bb1e452fcdad23405b8af7632205566c	0.264	1
annotate-card-124	656869d25533b8d5ad67843b216af1dbd82dd3368af65777f2b029847f54d35f	0.323	1
annotate-card-127	2d236d6c1f70393bd5b1632cb025ab53f9263f7a6d7762d2a166c28733806c78	0.311	1
annotate-card-128	e34b4ab0e1394351c224385c2aa26233753d9c89b774433f4f5ff451e8d9cf2d	0.28	1
annotate-card-126	6ccf6df4bd38d4851d80fb1c30176573fa5a9efa974ff411622d70b142c44993	0.387	1
annotate-card-129	0431a616d898c0ef81d0a53f50a5450dee772d91bfb7fc4cb7b7f92d7b6b2d1a	0.3	1
annotate-card-130	e14d38c20018f6a78a10d813ae241ff4faff66bed0089c8c50a205dad5f09ebe	0.31	1
annotate-card-131	379e8fee9e0d51b607aac66401eaa1edd5cefcc38d8a0b6d087844a548079498	0.357	1
annotate-card-132	82371a88028037689708c3c780d90d2f0f87ac15a74b48558de7fddb1174c848	0.265	1
annotate-card-134	ce2ecba78c7640fedfb0445ee09aa7d5ec7f8de9fa0785b72f29d6cc77325d2c	0.273	1
annotate-card-133	925b4729acdd74f3589d8c542c96f666bc4cc4b6cdabb38a04e87f6dbca46108	0.303	1
annotate-card-135	aaabb26c3a85bc7b8a10af6c1ec50a51fe7961ff8971ee22c2db16b0b5f53bc3	0.26	1
annotate-card-136	83a6f6f23584042445f772d990258077777bec807090e756c0484476f490a747	0.268	1
annotate-card-138	c5ae150b5526529d756f770072eede67f665126700f8188e4ef9d12979a65f29	0.299	1
annotate-card-137	2faee152893cc9621393a1f6426d08cb07327b01bde55645816d110d6a9640c8	0.365	1
annotate-card-139	17520d9a0b01cafd183823c109dc8ab91e16d4e23b9b9495b212bb09dc857515	0.363	1
annotate-card-141	e05b2fabb11ec8b47902d76afde12a80a8d6d49ec97512a211ae590c276aedb7	0.333	1
annotate-card-142	ab57de1f6a3c0d64c491d6b8d88413a20a02ab2d9098b644302a7c54b382ae84	0.294	1
annotate-card-140	37e50b75ec62f7531b47ef1aad1a9e9f373cf4101c937ab02224ef815f4559f0	0.441	1
annotate-card-144	5c7d06c98898ce9953962d9e2db8e372a4082a16cf1564c3ad5ac934c2421739	0.263	1
annotate-card-143	a535d5364b90f4aec5fbebd83045e6d4d3384c229cb19415e5b336ecfc848c10	0.333	1
annotate-card-147	d07faddb675d2c4a0563d829f3fc47421576022215ffb6ffe862e0cfafd75a17	0.266	1
annotate-card-146	7bdb1d0640d3cb2eede3b86d5f3711f1c57e2e7c79ceb98ff44c116ae46ccedb	0.325	1
annotate-card-145	fc1e45a4b48fb0db093834ba37522febf9271e9f352673c9bbde9ab014158014	0.349	1
annotate-card-148	e3bedfe57852ba0474586f5c54b959cc277994b7f1bbfc8cd4eff3fce155dce3	0.277	1
annotate-card-149	460d817faeb0f5867d2dcd0656502e2ba032c5b36c2a2488f59c46f503e0fcfb	0.284	1
annotate-card-150	2f2064aa945ccac17cea0e1c45be6a127d522d98366d6d15ce472c96b79cee7f	0.293	1
annotate-card-151	788f5c5fbac65b143c44d9d08b07c3d0b8cf8de6126aa2561aa96212a417acf4	0.282	1
annotate-card-154	49ec5413ca89fd3330cd771c8821aed984db84fd7c48e380b1696c42fe34617d	0.355	1
annotate-card-153	f273cc64695dbda0eaea97fd1ed277aaa4937a9ec0a02f38ce98e047e9a81d35	0.373	1
annotate-card-152	20113d99d0b977f3a7325b98e7c5b275b81db0741887c0893510153c7cf49f06	0.42	1
annotate-card-156	357b947e7656129f660b3e5b29b4f512b5f0a1ed9525abf638195329f9e30ffd	0.296	1
annotate-card-155	c8ce4d57ae460ea1959415ffd26765362115096f0bc64e586df18a3a072e1f23	0.401	1
annotate-card-157	cfcefbed38240194ce9be5bb8f7d3ba72bdeb12e0b55035be4877418ad79f9a8	0.288	1
annotate-card-158	ad996abbd3b31f73e9f33e180ab3500f189ad8704a08e46b62401b1b9cafee37	0.329	1
annotate-card-160	031a39363d8d21a184878f3f8540a429a390081906a13c0f6f45c08b6f4be156	0.3	1
annotate-card-161	667d40f6575a0b1ceff9542beeeff7dd726feeeadca127b6105b5709af63e75d	0.238	1
annotate-card-162	026f02e06ef26a7bb919dc4a3af10b18b235b14973fb1b429bb579eb551463d9	0.273	1
annotate-card-163	b81d474f59bd8a50b08f1b306f7dae004bf30ee684ef44796539f7a5ba835e8a	0.316	1
annotate-card-159	1ff2b52cb5b9ac2f0e5519aaca43b4efa1e46d640b6ab43766fc3ac9ce5b3357	0.519	1
annotate-card-165	884c7956392ed2a27b813d397dc4efc1412c46c1546bddef285017066407ddd7	0.236	1
annotate-card-166	28996a2d1b1aabeeb1eda6adb763726d939c910bb94725326695fa0203c42332	0.26	1
annotate-card-167	65af0c0e1541fe24b63ca0f1eef1bc2b93b462615eb8baea06829b96abf94339	0.239	1
annotate-card-168	67e875d8edd475f417f43e500fad8074da098c94497eda057e31f17cccb14fd3	0.218	1
annotate-card-164	e01a68a6a8eaede73c29b9e2f1b42440013555682b2071ed5026062b4790cace	0.438	1
annotate-card-170	1aa8891aa5937b41af1502226ef7a6b473dddef5b24ce60d0f76a91d64bff8c4	0.231	1
annotate-card-171	1f6de94cdfcb5056e6947a04d060301d598daf5b96605f07ecbbf0083261c254	0.232	1
annotate-card-172	4d1a6ff813cb8d46bd4a3d4fd821d9b39782aa43bac32c2e984cebf44ea0f5c5	0.291	1
annotate-card-169	b21a79543587aad811523aca050d45f661e4f6bd85a20c535ad3cb95e580b522	0.458	1
annotate-card-173	d01ce8b5028d659362032c9f27aae03e2e707a917e13ecea31e74a4cf5eda9f4	0.311	1
annotate-card-175	22e0be6b8214c574366846afcec6db94f0b65a754730aa25b9631f45a5c43053	0.28	1
annotate-card-176	3665649d08cd57c72953cbb10e6fc4cd3b2f7caa4959561a57f75fb93d4ca822	0.265	1
annotate-card-174	4488aab7401abf1ed960ab3a5ce3c7cd355db2f3ecd6f9fb01dd4e447655a455	0.355	1
annotate-card-177	297aa7eb0b903ea407eef4b6be11dacfa00197efc1d3567edcf2aaf86036731b	0.241	1
annotate-card-179	d6633ce3aeb4c94bb66bcc3d039a554d9f35ff046a8a88063f62ebf25d45ef1d	0.274	1
annotate-card-178	d9fed170ec777f4f2d7c47cbe9da0ff68f57bb8167b55077a8395ce0855f6749	0.354	1
annotate-card-181	3976f9ddb78a1f5de1d434a3ffed5b0a8c1aa5c4888a1969bed15499aae7d6ef	0.267	1
annotate-card-182	e221515cd01c9943894262ea10e2f53a157545ab4b2c9f31aa5cffb44f395d72	0.266	1
annotate-card-180	74f7e9999d6bc833895e521de5e99305582398458a0bf67f8724cd608aa49be3	0.34	1
recognize-01-w02	ea573ccde23bcf67c05aa282f873545cba1217df2d79345c6b19624495d3ceec	0.36	1
recognize-01-w03	e1cd01c705116fcbb50882a48b12fc95703f1820a023be1c0802685763bab7c8	0.315	1
recognize-01-w06	4743d3e6af4e01562db158219a83ac44dacbbe951c7130e78f4d8db453a434c0	0.241	1
recognize-01-w05	61b440d7584e19ced6615b684d693b288120d46a6c9f214fd49b46812c41fc16	0.293	1
recognize-01-w04	1d262b7c684ffaddadf39384f8999ed645b4f0fc2553824ca07d72bdb0f879bf	0.363	1
recognize-01-w07	c733afc548bd8ab2a156a746fde965403d375068a2e9334ee661c15dac649553	0.288	1
recognize-01-w08	1b3aaab7e8216413543159d2158b3de70844bf3d2e8092af59b230276dc0eac1	0.249	1
recognize-01-w09	3408ac20117ffe7b3e2d681509fc903bb8437efd37ce52538c43abbff02fadce	0.277	1
recognize-01-w10	257acfea863969d68ffd1492fc7d9862fddf3e4d178912117153306fde4f4955	0.306	1
recognize-01-w13	05f1da6e52961e1c78d547e7d1f972ec77c4e554c724b8939d5fca52df217d39	0.255	1
recognize-01-w12	220c4b7abe2cd4b6287127d1915540d36151249907a797dace54b7d304929f20	0.278	1
recognize-01-w11	63afb45ddbadb610206cdcd619bab2aae7e196ad7c6ab1dfbf079e60b3df6a17	0.364	1
recognize-01-w15	f62766ff05b3db0b8d3b5a8063f5b833c1592c324d351505d4aa428fad8dc658	0.248	1
recognize-01-w14	4a4540e855cbb9937fda9309332f6c68f3b480ac3839530d430623354feabaeb	0.322	1
recognize-02-w01	5236e1ee446cf6637999e05c48fc1cc360c713962a9274581796418e8152ca0c	0.256	1
recognize-02-w00	92619c8ade5d38b5161e3a43fc54dfb5e09564596c17e02c1c146fb92cf915a6	0.289	1
recognize-02-w02	bbdae07d879f959792385c3930bd8ad3390eb984ab8d6299cc7102425c96e3ae	0.289	1
recognize-02-w03	653ef2602a2bb6a67b002bcae7e507e0075542139a2af7780654c61dd1ebe76b	0.272	1
recognize-02-w04	31a69f5e8ae5f5bdfc27fc149d052f8ef90cfe28a5dfab70ec93cc3172b7cbef	0.205	1
recognize-02-w07	dd74c27b36f1b65af9179063db87651b0e0468b04170fde5ea43a510534ac96c	0.249	1
recognize-02-w05	71be8ab2f67eaf90dc6fd771bc23116995be2adbc0b7ab3fa3dcb54dff754ff0	0.351	1
recognize-02-w10	d5e9de71fdfcfe868f8c5951920948e4b38ba6035e1ace64b0044ea8fa981b4a	0.274	1
recognize-02-w06	921fe6b2eff24c52191972245e8c6f7388a04be36957498ef06ac9526cd4667a	0.407	1
recognize-02-w08	253fcb72f5c05408695d0338aa7d0215e126d6ac3499035a9c0568417bbedda7	0.357	1
recognize-02-w09	0615ef028f28683240220e8cb6b6f73ec6f7ca3d2989a4beed9ef8c6746ef92c	0.357	1
recognize-02-w11	acc739c29ba879c287df9c382de53f6f22cf1dec07bc239f560f9a7b6b15a37c	0.277	1
recognize-02-w12	3f22cdd7ee66416845c390f82507a6b3adb573a60f69c895a435589c74da0feb	0.286	1
recognize-02-w13	5529695d722da91116ff8f0e4579d8813dd40948a617bf859b99a9c7b2cb0de9	0.254	1
recognize-02-w14	02f1dba29c6f8aa68d91b92761f350d613717b43df6265d6237d17b1e89c2e96	0.275	1
recognize-02-w16	5e6d792db06b3d61225a8020b873e51960dd6456f988ed22370320f22e0f3b05	0.306	1
recognize-02-w15	a089531e045ebcbff90c7d8b721fe7e0ce35cbc1c9c191dac5a7b78156e6ba45	0.344	1
recognize-03-w00	231a47e38d5a3c4082941ca82a2561731a47a0f31b0b71abf5a7c2f68226f7a8	0.275	1
recognize-03-w01	3a6a1ee6e8e56bb00691ac2dd295e9c4a5e78c42ba5251ab6bfab9f507d3467f	0.285	1
recognize-03-w03	66770399cdabe850481441719a903ed3f2e887cbcdb1440978e2f20820c0d687	0.289	1
recognize-03-w04	ff96310459fcd46fe04c625b0a68b1d8c1c61d6492f97da9b287c9dc4be8c4a5	0.274	1
recognize-03-w05	72c54201f8b16a50982c0925503820b6f063b8e24ac5c8a05589dd5f9cdfdbc6	0.287	1
recognize-03-w06	dacc0c16e2f12c9e3beed55466b931c4d0043fc366094507dd518e9610a221bc	0.287	1
recognize-03-w02	25449928c691034c818ec5e9f56dcd7fb579fa90d826beb2dbf992ca3c3f3387	0.479	1
recognize-03-w08	ca6dd85a4e654a63c005c7baab58f12f85c67990ee683284c58711d5d1696c50	0.275	1
recognize-03-w09	b0293180dc39d33d91468f2f0a18ff986891b1762bcbc0bd9469f8684fe7a233	0.301	1
recognize-03-w10	22522ba3f679694129603aed06ff0b82bba1952a6915bdbee570092fda53bd3a	0.288	1
recognize-03-w07	a8504bcfa49e869d3e7e1e66651e5f6b8ecec801ff490b6e24717cd17bba7510	0.493	1
recognize-03-w11	e456dee38dc11194be8998b0320127058b06060ef852ea7a06d09adff252daf0	0.316	1
recognize-03-w12	70617113d048e6f33509a148ce43a173684dc99375c2536684cb2ff81cae3520	0.355	1
recognize-03-w13	69080fa4870847c491a2df8aa332838bffecdca94b12b9d44a6fe67fbf279729	0.297	1
recognize-03-w14	9cb9790ba7c8d750d165c87caa9340c7f031676bae212023bc9fcb3b5e6d6803	0.326	1
recognize-03-w16	91b786d2210b5c58ffd7995e589e53530ee0a239614bf597c405d75ae7031708	0.299	1
recognize-03-w15	4d2968a58b363dea6c63bfbe7059e4c5c3df5a31dd6acaffdb03e7f08519f4ac	0.348	1
recognize-03-w17	9b7294307d15de903ffe17bea447c7a4e980d73a16a019c2364abe1875dd3f53	0.294	1
recognize-03-w18	f53a772c4986c547196d78a0150eedb556e64be6c4dd5e51576ba74c4622e3ca	0.267	1
recognize-03-w19	f71c52c7666b137073b6b41ba5493b7172ec6a11cd98b6c709758b280ee01049	0.258	1
recognize-03-w20	5745e0b786fb2d66296c71cfc6d0776ce3a27a02157d3cdc2e8f54adb773b194	0.272	1
recognize-04-w00	cdad49a50727e06e2c34c807d9e1b1548a450085103bfbad60224a6f1e7f4b0b	0.281	1
recognize-04-w01	b5520b3a718360a691923e3e3ffe1a0566531d9992b39ff69066ca22e88d60cd	0.273	1
recognize-03-w21	188903ea8005deda30bb7b1bad058271a80e703a2e1bdfe9c94630fd802d83ba	0.343	1
recognize-04-w02	1aba8a0eeb9c2391439dfbd0425b81f9fc6a9aa133e59b9282f5fdeedb49d65c	0.285	1
recognize-04-w03	f8a5e768749e0b332de45f139f54d0701a2623d8ccdd45431883b13000d11ffb	0.315	1
recognize-04-w04	6874c5ce4118b814d87aa95670606fd96ca58d3b5412edf991e5633ea7664e14	0.343	1
recognize-04-w08	5bead978278559eb0156976eeffd8b332e0c614cedeffe6dd19e62429aa15499	0.282	1
recognize-04-w05	a0807a5c73ef7a3503cd1932bda15004357d03e28b0e222cd34dd0dc17bd11c3	0.354	1
recognize-04-w07	4758604bd5842921eba9371c7503389cea05ef06b9fa486e7891dbd454706626	0.367	1
recognize-04-w06	1f74e9ce015ad9713151dda5b9fc9d0901b530738ac854a04d6b79a2df364a11	0.418	1
recognize-04-w09	bf9b7a0944ad412afff9b1c9f224d4c5575937062ab6ca99512f63cd6bbda622	0.292	1
recognize-04-w11	5a4db54ba5ae001bb6ea4213cf011ad23a5328ff74771ba4ff70135e3a0e0498	0.239	1
recognize-04-w14	9b8715f3081cd2e459ecf39235b5f8071309955c3f8bc4c65cbc110757b8377c	0.214	1
recognize-04-w10	3e6928aabcf86aa75454fadb9dacf088a2e50ac2dab6270e5d0362637f2cb3e3	0.389	1
recognize-04-w15	46b310b554043e27b6b9bffdfce9bb0b1cda5fa7e413093220096b90b25dd688	0.257	1
recognize-04-w13	0aa1a10604ddd5ef3944270be82329ce1576e3a7fbd9f30bbe41b36ea260092a	0.299	1
recognize-04-w16	b79987269a60992e915fb0bb8d456d75b70d17f004e7cc2ecb49ba90316048bc	0.262	1
recognize-05-w00	a7f91517f942142311bb1f0c1117dad7c58fdeededf3bf93d5588bc671ed3043	0.311	1
recognize-05-w03	af9597a3622581d63f14421f78d71b669bad2e17e56d3ddfaed8ac1456fe3b1d	0.263	1
recognize-05-w01	43fcc6b5afcb52983da106aa43ca368c4fe444210be1f453dc8882b1e4842e3c	0.305	1
recognize-05-w02	08bf0dbc1dca0d14d5d238850b67b36dcfb2216be299a72990f602cc06e4fb58	0.295	1
recognize-05-w04	dbd31a321f8a316ebface014a81d0fd32ec12ee2df4ae35ff29fe328a386eac1	0.324	1
recognize-05-w06	09df7089dc2117a88d6116dfb3a7662d7b76233942fb673e46b297c5a51be667	0.258	1
recognize-05-w05	3c3f6fc529986d3809d01ecbed1eb6902f6a0e6c9922342f77bc6118e7eeb1f4	0.305	1
recognize-05-w08	3b6a78f06803e5827b7340e70bfe83c6812b61e1d20e7f51066ffb44d9cd68ab	0.335	1
recognize-05-w07	594fe5f63c4c13149d55dcb366178c02cbe1e2e233680d21f5da8649cc5c0bc5	0.378	1
recognize-05-w09	782fcc6fae429a032573b77962be3ce57c88d350811a8206faa32f4827308f46	0.324	1
recognize-05-w10	e83a273b69e5488bfa02bcb7785cf76b54854cf5dd88f75b2657f5763310c51a	0.283	1
recognize-05-w11	6c5e7576300f357255a96a5b463d71d5e04c433aa188e1a3bdf812ed37048095	0.294	1
recognize-05-w12	1ec12cf26814a513082c6f3f29ae89b9aeefe1a18cec45ad447df9bb60c22f64	0.278	1
recognize-05-w13	a489ac4104332a94b1e9d83612c84a56ed182d4e5433ccffcdfbbe72a3989153	0.365	1
recognize-05-w14	65a4a631c5e3b92776391481d13d08d0161aade7f24e8565a9f68abd9c770022	0.243	1
recognize-06-w00	51c347a14a1370f9e36222596c46f68bfba78f473a55de180d87cc05fec57b02	0.253	1
recognize-06-w02	e97d5ae39ddc1b1b0ac52daf709ce8367c9de6afa31a1a38bbe37c2310966adc	0.294	1
recognize-06-w01	eb523dbc1fc453235463089b683d858a2ecd415e114ff26ba349d21e7091ccf8	0.385	1
recognize-06-w03	3d8d219bd75b20e51a5ee1276b87307fec1f48afa50cfe34b3be01c4bd969fc3	0.278	1
recognize-06-w04	37703df639a6ee0c0382c2e14b88bc387fb48506b77015075e7160681c5dff9e	0.284	1
recognize-06-w05	61b702718b153e6f3ec9bfe8b0c1e4c463f9a42dfe1dbe94727e183e2543e118	0.279	1
recognize-06-w06	a02ebebae4d377728fb1b57d04e3a857767b608ff7626a807f959901886c5839	0.264	1
recognize-06-w07	9ebcc9de5bd78a8d78a9b0c64602171549e018746e681ea245896db78aa7a3fb	0.235	1
recognize-06-w09	f70181055ba35fbdcef16968bb551a8d6903e44758947348368b0747084809e5	0.227	1
recognize-06-w08	16a40f772b9132ad601a4a0ce324a93f7d0421965da2675a781c9cdc1cd763f6	0.318	1
recognize-06-w10	a42b01d6a6559e347c4dacec52fc78dfae4848fd937e1bdd2fd3596f4f11d356	0.326	1
recognize-04-w12	6a71d3189e4836f3708764f912f59edfe32ad9528ea0ee378fb2df5d8a62a84d	2.053	1
recognize-06-w11	5bf4e901046476374b8867489b65ad38f5a341b478dd91e235c320abdc6e82ad	0.295	1
recognize-06-w12	f5df5f8d2e231f20f18e32e6a3bcfb90c986bb2037813f14f0988afad229b76e	0.348	1
recognize-07-w01	4af62001496678e8441495f799d4a2b8e194ce616fc5c249f44abc1e57359448	0.242	1
recognize-07-w00	e3162e9e0c9897831558969e205b9882625d87e1e580bd4aa3b4949d57c50ca5	0.322	1
recognize-07-w04	5943801264091be9716205b68cd1b82b7c03607f7d972d2845505070d8489328	0.245	1
recognize-07-w02	c2ccced1a7cc0ad89aa32d3b26a1d967e38d66e6a548458b6bfbaba51cdb9536	0.394	1
recognize-07-w05	52ee5e1e60a757f58b8d45f3ae8cf081888c670bc394b7b2733bbcfe8698cc41	0.291	1
recognize-07-w03	5f989545de2763ef5ff5c80b27ffed2febe1690e2736b22ee1d68ff357486a32	0.439	1
recognize-07-w06	699e7186e8e9804c0b904fdf390cbb14f5b53c137225c5431232e886e47695b5	0.293	1
recognize-07-w07	202385642e38bfec765a723d593eb589c3b795e8c0217b0cecab081bbc6b621d	0.267	1
recognize-07-w08	5b112a66f733a2b534f16ddfa7ee741726d65030b69c21a6062f5be0d9c516be	0.291	1
recognize-07-w11	f5d30b2243ad6c12449fd7fea7b9118a2ad950632ef4f2521cce7312cbe22642	0.244	1
recognize-07-w09	b272e897aeaef57b9bba6efc403268ea491cc2e9cc86c92fdaf2889933aea3ca	0.34	1
recognize-07-w12	8f88b22fb3842097b0f6948709aac9e6874dab838a97c527dc68c9bbd8ca209f	0.265	1
recognize-07-w10	3425c9911effa6db8c3437e36bd38c7157c22126359f50a4667704c57bead6c9	0.359	1
recognize-07-w13	773afe20b84eae920a5826e84a85b5a7b7c837aa06d6eec6b92e2efe486bd6d4	0.318	1
recognize-07-w14	07aceb888f8abd3981e6a72a8e1e5831b1621cee9737bd8227981e8f5b1def37	0.308	1
recognize-07-w15	914a221baab827fa8d93906a0bae207297cfced6cef9728aa3d8746aaa93c066	0.264	1
recognize-07-w16	0db066d2b5b5c8778594b96aa381c07e90e4c1a282b08a866937771ec987e8a2	0.269	1
recognize-07-w17	03d3e45d951aec816b48932eb634c8c1717eccf96bdd9bf71eb0558524cd57fd	0.301	1
recognize-07-w19	043f398183e850b9d741d98b15d6554631f7dcec31c45f7dd10e11f90a2f6345	0.269	1
recognize-07-w18	c272d456ba911c0cceeab59e644f2d8a801dc74015fd7c29b3ed50bb12153c8a	0.328	1
recognize-07-w21	5875904c939486143d4bf53927b9738465c1f1a07b208256f990d3cd8858f74e	0.303	1
recognize-07-w20	4e9f10dfa25f930502686c699e6fd3083454e97ff5e511d0f2d24fd00f3fc752	0.368	1
recognize-07-w22	be97c77d52ce207807029ee1197eb9eed7cc68de223a40ec6adf7181c701ef27	0.305	1
recognize-08-w00	46a75493cb4072e48b3cf16ef93aafaf0f9755009767c55e6f001b469958acfa	0.283	1
recognize-08-w01	99d3bc878b0f18596ccfe3eba961e1035d8f4d54c007266bc28ba92a91a19ed5	0.298	1
recognize-08-w02	8932cdf8d52933989119242added9dd79e77c63c5dab6e9d1294989aedb09384	0.3	1
recognize-08-w03	4eda0279cbc64ff709658d0ba4249159a4c6e5c639c62e4e7c8c1f801843d214	0.293	1
recognize-08-w04	54ce157c24d0f0e471406e0aaa0f5a88637788c7fb944587a26c5c3d0df58f86	0.297	1
recognize-08-w05	d426200d9a77c9ad6081331fe0d0ad9b71e6b144dedf86c997b4d649aa1b33f3	0.3	1
recognize-08-w06	42562bd9312d2711d24ee74c07ed32fd8b5b9d00e6ffaef8e30be626690b8f13	0.252	1
recognize-08-w08	5ef2012651fa768cbb5a653e1a508ad3159cd2e8e74824f4c3b1840277160542	0.264	1
recognize-08-w07	2a42a56eca10ab6278e7a1b90499966e0772784ecba886a8f694bb2a5c277bd4	0.321	1
recognize-08-w09	835323db92505fa2bbe7c137c7afe8eda9f29fdf492a8ef025fe178b1925c6a9	0.31	1
recognize-08-w11	b0ca4d73ad81f00503fe871ac750811d65e3449c48d3772759ebba9c44b44fc2	0.292	1
recognize-08-w10	f267dc93ce9038a0d00f941c3a42870877d791eb140e81cc116cef170405462e	0.348	1
recognize-08-w14	505b293d887a0318e0d9c21c9d5f3cf644c4c9846f7cbd57ef0ae62cc54e4238	0.262	1
recognize-08-w12	6f6b5d0586b2be97ded6433678853dc0bcb49c99cd9d3f82491cf09ff1b7ae6e	0.362	1
recognize-08-w15	61c71f3690d30e83db1200b3db39220edb49212091b8284df73c4f29d787b908	0.291	1
recognize-08-w16	534b046342232c90f74abc1a53aef37bd16c5eab29412487e984e64ade7b36e3	0.274	1
recognize-08-w13	dff9a5b0c42fcedbfbe9bb6999e8d596644617c86cbdfe5ca329147971387006	0.543	1
recognize-08-w17	48d592becd50b6cdd4c122f9c2c90d62bea839006e0dc8e2925e3b3dbcc6298a	0.31	1
recognize-08-w18	0eb727d04597fa1233d0258ab783ee3756a7f3fd354ad316048c741b9f0e7fb5	0.285	1
recognize-09-w03	69d79a6abecd9157e8daa3fe6637e644515b4ad5dda3f0fd170d9f86ebf0d2b1	0.245	1
recognize-09-w04	3ca4def9ef278cee1f3fc4d6335a2f9e1b0ce2eef2e5004cc2b0a1aba43478a2	0.278	1
recognize-09-w05	2c6764db78c16c4a6d8cf40500783cf1e31e2a3160b5e4159e58ac6dfb2bcf18	0.322	1
recognize-09-w06	aee22989b9364f950545627de38e340674a51b5a362e938041c8bfff96e2fd2f	0.268	1
recognize-09-w07	12dcc566adc5a78525c4ca7521d0cdb1c0cde4e45b78662a1fd3d608a4231f44	0.272	1
recognize-09-w08	ac1d9076cd5a2753b877b00452fdbdd609aa35feb181ff843ad4eaf848e7cb21	0.254	1
recognize-09-w09	a34127c8e28c4b7916e1e0c97cadb76daa9f32c3c29ae96aa47602e154826f78	0.386	1
recognize-09-w11	fc3e14d34134b3f3ec6b0c787595743304673e52d6335aa8179ec210f47a71b8	0.249	1
recognize-09-w10	642800e6816896bc8d8666284681fd99301227ec1e8ab94f36cccafe3d3278cc	0.317	1
recognize-09-w12	da3201f844b05921a37d402dea14e1bdab147acd5dd5ae23f41e6d7c9ab53545	0.272	1
recognize-09-w13	53e6d2a4e16aee79ad6ef54eac8789174bec24fa76ee67df3ef7bb3421737875	0.3	1
recognize-10-w00	387d4ef2f33c20e9469b010549123d50f59723c7e45434dde77f9bef31313769	0.302	1
recognize-10-w01	a263771550f504c7c03815ba857f56f68bb510a47712ee824b4b0c4597fec25f	0.297	1
recognize-10-w03	abd464152e5b8de7e33861451a217642577c4d9a14010bf5c29f060bcca8f165	0.268	1
recognize-10-w02	e4f1a57a1df82257570c82883c74eeef17f024660c808878ab8067c0a5576ab9	0.311	1
recognize-10-w06	9decf87a18df373d9283b001ee0969594eff9456c7d9976e8d0338d928fe0e97	0.281	1
recognize-10-w07	5c2d3c6451432486279adeff9943e72f561f8dcea254a4f7f329092b1444bacb	0.288	1
recognize-10-w08	48bd8694ce31b6f8e7cde7f5a916ad3d7116b915bcb3d4dcf86a011bcaae881b	0.293	1
recognize-10-w10	21f1311a801b042d2c284413ebd25a024a647fe92d9b8d1a740c6ba097ee6dd3	0.265	1
recognize-10-w09	4629e59c042c9745427a1cb0c5dd105e374bcd7d17e1066a6cf5504e1b183d70	0.316	1
recognize-10-w12	89c9398b0bb0dfbf9f765cc911cdba07f01b0c683fa8e4cd92a22448e8aa9d7f	0.265	1
recognize-10-w11	b1daac8a1f939b7f6adee3a51013071b13589fdcad9fbb1d2d4b4fc4c89d5fa0	0.348	1
recognize-10-w14	f68f683e6546dc58a45cb932bfd4c4bb6c5838f7d83e9cd2791ab7f10a56aead	0.334	1
recognize-10-w13	be4c3fbbbf09899ee083c8ec05236443de73d40f07ec4783491914cc5b83a1ff	0.368	1
recognize-10-w15	13a12410e2624598b85b71a223cf99ce00e8e8bbe6a01bc11104f488df8e98c2	0.294	1
recognize-11-w00	6a810f8d708793022e8611388c6b036ed39e4cae564acca3740f09607c34a21a	0.24	1
recognize-11-w02	e559d4fa36aa139396d9722eda6fff12fdcc5255192f1e4bd065152dd6a0c1d1	0.252	1
recognize-11-w01	477d27b2538d41f1c21329f67d5db7d7da24f8186dbde89cacce4b3c05639d60	0.292	1
recognize-11-w03	9af002563b1143b7a1ab493e39da7df5385b4a0f1b43df12e227bdcd67583523	0.278	1
recognize-11-w04	bf96b235a43b09c4050c2d29bfc00ab34b74da75de3dfb26150b277f24019a2b	0.291	1
recognize-11-w05	ddc1c241579e28e9cfbbf4dc873090132313ce3720f11a24232c65f621ba84fe	0.31	1
recognize-11-w07	4e7d96f18db2d25f4f1cc2737c14ad07f615e5eb4a2f00b0d2cc82e1e6ba8dc7	0.267	1
recognize-11-w06	73218faadbf37362197015149a2422d2cc2c776e1a222350945eeb45d786c218	0.328	1
recognize-11-w09	85c7dcc090b1d51cd5d754cb98ca11c3fd63d09569ec74a6afddf26ddfb47d1c	0.232	1
recognize-11-w08	ae6fa284341fab290f0241b304e6ecc4048969bd4abee0429ef288aebdc6fd98	0.347	1
recognize-11-w10	f0a3f4443b924c97154d30ca0e5239f5126ab160a07bc7e78aa46e62e8ab06c5	0.241	1
recognize-11-w12	9bc6e95402ede8c693ea2073bf4cf20d8374b963846f295fdd774be4b5280ef3	0.226	1
recognize-11-w13	ca1731fae984fcda1a5cfa4be9b5affc914a41f8ad4d274c435081391a93c742	0.223	1
recognize-11-w11	b2667f11cff8878bc4f8d819867b170b35f2098c070e9fc6aceba45c305a3854	0.346	1
recognize-11-w14	0a1ef3ec29a4408e332c2dd1f0255761886be54aa2a4eda110b03c50862018f0	0.291	1
recognize-11-w16	53629e26d2893ebdecbf11303fd8178b18e9c731a680b59ce6c928703bb0f802	0.299	1
recognize-11-w15	a703c9d922f366694d8376662f8d52b94033e07344319fa43573d27f1a6d215c	0.317	1
recognize-12-w11	f58e36b393c3d8f1f6892adc3a1fe79c65e25483ac5a6c027b12122682a05e47	0.287	1
recognize-12-w10	5d60f45f012f1bac43bcea3ae2ba2ee0b73744dc872d044e7a3924f676ed1591	0.313	1
recognize-12-w12	80ac6713bab467abc11375f3214104c7d985ffb85404a4d3158d5b02aeccd3b3	0.319	1
recognize-12-w09	94f933da64ce67db91db450973ac17e5a39ffe7d876517725ee98e483238838c	0.368	1
recognize-12-w14	355838cdfaa7a3d3fc8519731cfd8cfdae21bb20b5d188266d0e05431c45dd5a	0.35	1
recognize-12-w13	789b81b4090ca350ef491b60beaba64e04adbdb184f7ceec01cb7862e0cdaaf8	0.388	1
recognize-12-w16	7354fade749c7b9d7a9681644af9e4451a2065d03a1413cbbdc92e6d1b128f01	0.294	1
recognize-12-w15	c6aabc65b313875fc7d9920ec921f9ed4e046a2e07e67fa3b4bff5eee155ecd2	0.357	1
recognize-12-w19	e3519b198258829378d261b4090ce7106d88b85dd00547fc97a0aaaff4593418	0.282	1
recognize-12-w20	cb53cf5d5611b5ace69068afa155aeb779d1a931e10693dbc8e5528dcd39146d	0.276	1
recognize-12-w18	2c254e917d03f5cd0ccd5f8e40e001214a0a34d1e732e7cdf054f57b19f58fd2	0.389	1
recognize-12-w17	e5c97e3c8058c3e2c5d831f23c444dfa5631313c74b041a1b8bd761f9314d5ac	0.432	1
recognize-13-w01	a8c65c81a445890b094be5200d3740242f87976e10db731ad2a2a3736d0ac301	0.279	1
recognize-13-w03	753c894808ee31f712d50906929da97c2da7c9e9eb7e04123964ff73a2350854	0.268	1
recognize-13-w04	4376cab2d54c9399d8c8a929b6c670b17495dfe5dbabd5cd4ec81ded247de672	0.296	1
recognize-13-w02	c97ca95c1ca94d4408fa8f8d80fbc44655034e88160bf4392aade84167f7824a	0.353	1
recognize-13-w00	d938b81df7cd291f62d5d4942d9c65be1dabe3bc48050b2abbcf277dbfb50212	0.438	1
recognize-13-w05	034f669bd3193a2f48ff71b68d23b377bfe5d7cb50356f5e5d4be9292660696c	0.379	1
recognize-13-w06	da52f52808a491f9ac865d2540657f29cb814b15b8838651566c979093111694	0.262	1
recognize-13-w07	3bfc46334e4c081bc3e1ce3d10751af474e9fbbfd1cfb2af8069f91f6e885726	0.288	1
recognize-13-w08	47df8f679ac61acf1396acda2e8dbbb0d6eac5c6679db66d22d1f69b139c2188	0.258	1
recognize-13-w09	7a32f84e0fc2b5da112f976bcb605f7b74ec70c46345dd0e61237367699640d4	0.282	1
recognize-13-w10	1a6bafecc9f1d27bae80cea0f9b18552bca9ee94bcbe1e56a286a37c3a053e9a	0.285	1
recognize-13-w11	5bd6ea324cbacff69d4b9a207f66d895888ac5e0a6f7829fc4401aa95da3ea96	0.263	1
recognize-13-w12	70ea1f617f61e9006e45eeaebe2fa3c498753c01eeaf9767b0b708ed9552a432	0.282	1
recognize-13-w13	cd1f4693f33abb1f83ccb8651c25f42db522bf6e745c237b60eb3a7af2194db8	0.311	1
recognize-13-w15	b7c05fb44080e09d77b0a9169d477f08b42e8473ae1e0b82552d1fd253630830	0.256	1
recognize-13-w14	c230528b9f007309092e8b48b8910df0f4371763779fd4cfa37243573050eaf5	0.321	1
recognize-13-w16	27153fdd6bbc63baca3f3d96207788021a88cd0c16870649b1888ed6d0de13e7	0.288	1
recognize-13-w17	d071e0d4ae7313e7014797e38b0fa4f291b042e90f02dc885f448caf319c9ff3	0.261	1
recognize-14-w00	b541167322b1b76e939233444da5c68c14d721fc06de68cb69c70cfd3c940e8c	0.271	1
recognize-14-w02	4e3104fb537b76d3d7ea86ecdbb30825b3e8db73bd4a230822b72c0dab833dd6	0.254	1
recognize-14-w03	d86532646ceeef87a1c502565cf2768ace37988817fb8032f293014cc14c8012	0.236	1
recognize-14-w05	c04af8b945355d9acae8442bcd050d8e48f17d7835f89e5e88e96c0bfb6a8a96	0.248	1
recognize-14-w01	21d87953559537909c1630f1ca83d07a45ff492a94ff438079f4d086a9445026	0.368	1
recognize-14-w04	53a8318578ae2af4dc98f5356f7ddc6bd11d92a7451219f8c38c5dcb337aa460	0.282	1
recognize-14-w06	1835a6787ac43d19d380d6a98f5971e8f7eab1189bfdf4c87c5eee2146b3540f	0.243	1
recognize-14-w07	495f057098183b6db4996b8d776de21557b4a909abec1cf1c99dc753d7acd0d0	0.342	1
recognize-14-w08	2a1431106376ff0cf0b009ad7a1537dcdb5edbb5bf544e867716ca9633344bcc	0.336	1
recognize-14-w11	fa966d366cf0de73a58f96582a7d85408be26dcb46b37b2fabc46fed450b2670	0.28	1
recognize-14-w09	97308a147109b72639083b43e2d5d6ea9ce7f19650c42946090ceae7b4df74a9	0.311	1
recognize-14-w10	19ad4d407c6f1f242fe37ff7bd6b6054b1692e3cf76c5d24cf6d1cf323410fb2	0.357	1
recognize-14-w12	769d96789b16c0093431c5b1ce8d654980cc3282782dea6fd7be1f513a421ff5	0.315	1
recognize-14-w13	4eecfd8bde5808de8ef2d80684c5a2021e3f09aecd4bb92aed0db7dee267d170	0.271	1
recognize-14-w14	5dbe1cebff6efcdb5146808bd121ffda254f7ef24b026deab8690d1f113442e1	0.278	1
recognize-14-w15	d613b55239ddf10091fa7bc9e7d352a5edcc043fd3242acad3fbcd9c4780be3c	0.288	1
recognize-15-w05	02417295791242d45a84f56fee20bfbe12592bbb3ed4d04a6b9f220727140605	0.257	1
recognize-15-w07	35629264d49a78e9e768e1e4c65ea5253fcf38a6f349921fcd7476ed3179b372	0.271	1
recognize-15-w06	da54c4752c507db2c4bf25cc22f63167a6303643c70ec65655af48f1b217dd66	0.311	1
recognize-15-w08	b0544ce2227ba16a9813122cd1e46c94fe0d0e18738185ef7c19b62113ef3e20	0.282	1
recognize-15-w09	a76cbf9918ad1828b9135c8d0c3689c7dbd65c94687dae6c625b07b033339a70	0.317	1
recognize-15-w11	eaad70c02e59f7c5e483a45c2bd82c5df59adadbc132dc9bd664bf00ed53d864	0.249	1
recognize-15-w10	76c72d97e1d4d6e51f69fcdeed59d32783738d1b4cb161483960f5f848dde9b1	0.387	1
recognize-15-w13	585fab52e11102511a14b164c51db438241986eff8b493904afbb780c69d58fb	0.261	1
recognize-15-w12	88b4e6ef110f3b7aa70c37234da0b0d4e40796ed619cac02f2a587a66b8c7ed4	0.298	1
recognize-15-w14	f29253b92ea2c4172817f2bf2f38339f92fbcacf64948d43f07b5d40002c9022	0.321	1
recognize-15-w15	a1ea02618ed4dd83f313e2f25dbe19a6481fc7340f282b1ec47400a14806c10a	0.311	1
recognize-15-w16	cc0aea7e70daab6cf72f6001facadb0027d6df614fb3681829186c38b5cbf6c6	0.263	1
recognize-15-w17	bf4f3e61ef34ebd0abfe672f98e468191a926ecda9b810bc2dda05b84232f1b9	0.322	1
recognize-15-w18	84c12c3ba2b934945d9de5405200ac7fcede1377ae9fd41cfac2a70e72db68bf	0.309	1
recognize-15-w20	54b3d857b575cfb3f3742ac537dfbf12a2d0a0eeb5b5079895e6e54b7dada891	0.287	1
recognize-15-w19	e554d7c9c007a9265c779bad163653c7f3f9b7d4b3ae798487ab84bc9f0790b6	0.408	1
recognize-16-w09	a3fe65ac18082761ebfa2151ac54544f5152c836d20f7f949145c89cd312c088	0.311	1
recognize-16-w10	ecd563a588ba9f66490234dd96a7fb1da583c439d0436d5ae4bbc407093ed081	0.32	1
recognize-16-w11	36e36bb1b23ad99842eea982de514dbec3b6e93828cc60cf52f2fbc69599fce9	0.353	1
recognize-16-w13	4c365df2ca36f37f08ba4b29067bd42206c9d9dd1a53a9077f6b3e0f2374180f	0.284	1
recognize-16-w14	b8553559a71eafcdab70793677aea69014bfcd0a98a673e90d5de7ed9e061250	0.275	1
recognize-16-w12	c31c4a2b1dc48b1cde17e277ff137306e762dfd02b51ddb84e0ccae721ddfd06	0.461	1
recognize-16-w16	0f5863291e5cd5cc251b853158ef8ae5aee9db053badb07e7d9ea0eeaadc2791	0.336	1
recognize-17-w05	b2b1a83ae444f4c8946a3f672b694b2a24d512140483e57dfa6c5f59821a95ca	0.239	1
recognize-17-w03	5493398545f7f09f9c6bcf1034ef3f76d8e5dcd0baf3235d630b9fba68e8f8bf	0.294	1
recognize-17-w04	027713147544536df724877f24ac807d52ac904c6ffcb588fbd67fc13d7ca7be	0.296	1
recognize-16-w15	063c6767ac81dadd43a0540860f7de83e0d4db66cd19505d1ceb463b70968abf	0.47	1
recognize-17-w06	49b19ac4cae717fec025af02d93f52976e62f4e5d6eeb7f87a67d2f257efaf55	0.301	1
recognize-17-w07	c6d80cd3845a61f8a9413280926ea6381b25f52a036397b9b9b952b918037ff9	0.254	1
recognize-17-w09	d6a50a7aa4ce8ce6b8f6a9a18ccda40ab6bbb96e7eb545674ff19848e8d0db50	0.276	1
recognize-17-w11	0fbe64bdb01bc16e523873823ecb555e3302d0a9fcb37400cd076553d8f75d74	0.264	1
recognize-17-w08	56b8aeaa9f0b8daf57ae9cda3f72b3403894bfe4487e224d05c9efcce07a2bc2	0.338	1
recognize-17-w10	ac6914c1dac6c7f854988231049d07cf1e984f63510a1b20feaadd883df8d5b8	0.326	1
recognize-17-w12	fb638671f8e1be35e1be49ba4c77ee6a4da4d91da0aefc239551306471cdfde2	0.291	1
recognize-17-w13	69f07f192921b2df21b3710f212ef00ee83d2acb923ae04b75fc2f52d0183429	0.278	1
recognize-17-w14	4d6f62d4bc7172d587c747d012f02e4fe386c27ba351884bec05e104c286a3c8	0.291	1
recognize-17-w17	53cfb7ca18bfa7a9ec4d443277b039fcbcfb99dd39aba06a2a1e24051d953a95	0.288	1
recognize-17-w16	547f776523003dd1dc7f47d53fe871360bab0cba50ef99569aa184dba9b3ab4f	0.338	1
recognize-17-w15	addebfed8f77407867f027268b7058664d4fd19c2fc7c0bf1037d934d33acb72	0.355	1
recognize-18-w07	52b71e651f5c73ea6c3a272e60c0b0ce194278e38705f7be900718fc61f8a7bb	0.269	1
recognize-18-w08	68859b6f9a9b3384b2d3f41562e296836ff47dfa0ba4b45b6c8b84e093c737aa	0.277	1
recognize-18-w09	a89643c7f35446d0b63184e86093674c26901c905398088bc14566d5e890cb4f	0.337	1
recognize-18-w10	b53d49d1db2f54edc1a20a00235082a11591f08d674542a4aeb81b658ee48cb6	0.328	1
recognize-18-w11	b4f77e52910336d04ad83df95293bb7eb26da7ce024ee26bf18b4f47cedfbcc1	0.335	1
recognize-18-w12	be85868d0b9f4d75bcaca35ae378172b5583491099e16d87b0360449c93e6afa	0.366	1
recognize-19-w07	0cf8af1d5e1144c347b8f56386afe94eeb9b4d700edf898028e7dadb71458306	0.301	1
recognize-19-w06	aeae217873291db86e9c56e37bfbca73613e7462022f199ff7b1aef4aef382e8	0.336	1
recognize-19-w08	c089608ebc081c0448f3a7ed58d7b4636053a24378cbdfdbae54465e2077b4bc	0.294	1
recognize-19-w05	b9b259311ab579cf7cfd7e21126462a7267894da75ca74a11ba85af5b0c2b43f	0.382	1
recognize-19-w09	fe33630a1749ac1c44ce090d6f4c2569a277f16358d474cb1d3b541babf3847e	0.307	1
recognize-19-w10	e32c8a5e1d091701b8df3438d77b8955c50ca68f7ffeab5e8a2ded8e44bf51f2	0.296	1
recognize-19-w11	56b5b9023e085d0047fa00b3009a47f4a84c69ac887c64351db95d29cb7f9122	0.462	1
recognize-20-w04	969955140ed54b2a9085e43ab99c0cb32ae233f995319d6c8a4cd91189f0316a	0.283	1
recognize-20-w02	e13f81f92970463c644f095bb2783b817df77ceb6d5530f573a71a40f6101e84	0.32	1
recognize-20-w01	17a20e79438f12a3ac7453b944a9c010498842e8413e334de7fcbaba44e27eae	0.364	1
recognize-20-w00	5c5597c42af7503c84852a8cce6b73a944525dabe9c06f780de21ea1fbb07ba0	0.401	1
recognize-20-w03	aca9eba298b812a9f2009ba305bfb563a9d92799799bbdfc959f6a778350491b	0.388	1
recognize-20-w07	25a952b0c22ae46da0564a335370d6e787221cd1ee643603fa03e1124acf9db7	0.234	1
recognize-20-w05	b601085b907bd3883676ceb250e845b8002a9ec770be8f9ee524b91f01035ecb	0.283	1
recognize-20-w10	886bd17a99108f335716ccadcd7de9912576a6e235e910448a964e2bd964de0c	0.285	1
recognize-20-w09	294c05b29c61e6a2e995defb94120cf473e7236496697e5690d905910ef2e751	0.325	1
recognize-20-w06	fded52ee6e2e53a93c674a6bce12243caf2f2bf1ac5cb5d5fc602481b982592a	0.415	1
recognize-20-w08	4b04dc3fef9ed04d58de491309a99f835e7fa75745c813b3bb56a72db41a9fc3	0.384	1
recognize-20-w12	844c73cf944c8f318484f7665add0e73c01ebe1835f5fcfc675cb5b5d1c76e5b	0.243	1
recognize-20-w11	05d40a0ae4ba2b95d99236d2de39dc1b88549b9106d17f7dc943c98201f1cf28	0.311	1
recognize-20-w13	73f45fe87630bfc7a603fb9688f2f162b116b8efe4f75ae057d1a90a17aa10ce	0.29	1
recognize-20-w14	3f758a46338c86c2a111435b42ec8aa980ca914150cdc0e46356e43f71bd36f8	0.376	1
recognize-21-w04	0e9e6b65565afeb5495847469f38778d7fb969b0404e7561cde2c23dcd33b103	0.279	1
recognize-21-w03	44659ab5973e933b1d0999c907bbe8afff811e1c9fe5e46b5d3273a737d26372	0.318	1
recognize-21-w05	c990be340e1767255086b1058f108a3bf0b7af5e12dcdd85ad000cc22def9d53	0.301	1
recognize-21-w06	bb31adbfc974a9127fa4e12fccfc130e46a3e77a63363babb4ed5ff7fd6c7e06	0.348	1
recognize-21-w07	fde374e3d64a638a836cac0dd0c34f086064c8059e40e7eff3023db19de09015	0.319	1
recognize-21-w08	e8add16c50dd00ba2ebb5a0fb18aa12e24461c3f94526b2ba88434563702766e	0.35	1
recognize-22-w04	30a1641ea995e79b3a5e30e335d5fbd2bce6ace3323210bb9f478ab9f097f22e	0.275	1
recognize-22-w06	b82f05b22cfb8579f8f3abf66b51e3f411c6bd074d111924b52bdc92723b1c12	0.253	1
recognize-22-w07	d92c15332c54eec5e7edfd695eaaf48dbee84b44e2d5d676a6030b68141504e8	0.27	1
recognize-22-w05	899bf61866fad1ce974d7d977834539f271db0a20bc3f1d998ea073fd7774dac	0.35	1
recognize-22-w08	42803c56c7aaa40cd2422eabe977aae8d1d45393d7ba3bd4a646352fa0731026	0.293	1
recognize-22-w10	8c01dd702dee541df3100b206e527455db94be3c62a95d33def98177adcafc05	0.264	1
recognize-22-w09	b8fc31736044eaa11eeb1d14fc98b5a7f6e06d99f55cb7bbd6449fe99e99ed7e	0.356	1
recognize-23-w06	02f59d4c881709b3fdba86a87c7d0679cb698ff9d899e5024d719422fa1ca771	0.26	1
recognize-23-w05	70657ab090e114e3403050808204d84cb491f6a83c2274b32131053412300a65	0.326	1
recognize-23-w07	ec15774456dd72842cf3e9acdcf2a0a45576c5cd794481e3436efb1541895114	0.281	1
recognize-23-w09	5ab877cc7dd767950749411f3e0a1249efc3eba15d4f9aecbc905280685c2463	0.247	1
recognize-23-w10	b2df248908518cdb6c1a84755f93b34dd52b5dcdb02eaa589fbae9b9ff5d269b	0.247	1
recognize-23-w08	44586037a5a70ebdab81bb117ab3a500155613d9846945cbfea6219109a90ef8	0.349	1
recognize-23-w11	2c6be50c06c0f711e75cd0c6710136fee0a1b67a3c5b84a393f054f847804535	0.286	1
recognize-23-w13	7d46a3b0c7813084ad07ac35d1f85787d751ba58a9267236700b1a986a189870	0.243	1
recognize-23-w12	a29df3ba349b2f6aaf21265b84ccfc9a0c28813051a79db029fb24e3283e23b5	0.316	1
recognize-23-w14	eff2396d4d1c95922284cb6756249a6942c76917200dcdd7af7e6501fc21e340	0.295	1
recognize-23-w15	053dc0996acadc32815151cebdaa457cffdb7c505566541237cb65b9e2aca3d4	0.288	1
recognize-24-w00	ea47c110abbf3d7ef3c1a1bf2e8cd9db0453dd89dc5cc528d0ebf1ec23107cc5	0.286	1
recognize-24-w01	ed894e21d101ff83c1946d0b45b00f8f1284db68b434de1376be1296f1264517	0.332	1
recognize-24-w03	f4aaa5151b741ccadc64725c3fb1971780b92c73ab0407ef33a97aa32ab39d78	0.301	1
recognize-24-w02	c6b7c5d623b0657c9c04b099c017a7271988aa5863895d3fe83ea2394b053d55	0.373	1
recognize-24-w05	aa8b3460f7182177bfc89e5afec578b68fdc1bdbdc6f91fb8539f2063015309c	0.344	1
recognize-24-w04	97ced2294f6033bb665b2d6e55243447a628bb3c6d1f4bfee5a09bc7ad0f4ef5	0.37	1
recognize-24-w08	415e43f53d9c20d63aeaeeeaf3752d187a309daf7b1aab46f7a4bbbbb0ec1eca	0.247	1
recognize-24-w09	40e014393487ab2de8bbd23cba62a4fccf9f119ee2e99439f2518f049b000211	0.275	1
recognize-24-w10	1681bf72bfae4982280336506cfa136d785450d7ca1ecb4f699e2f685df61dce	0.351	1
recognize-24-w13	eda68010b604129734ca448f29a4b699da2224609693c68123bf650b3a1039ac	0.274	1
recognize-24-w11	3477f4d65e0d2332741313ab4ade738e504b003d518e2114d9e6acdc1fffe327	0.351	1
recognize-24-w12	d8a698e4121f0f007fe2502da9bc6b4f021429be2886140033bcfc55f3f10194	0.335	1
recognize-24-w14	4f130cd5983e37bbbb34e781a3198f4a2befe7daa727df1a53c82279e80ce3a5	0.251	1
recognize-24-w15	1b0c10fdede578f03bee1cf70014ac9de5db67ba8013032dbcc7ccb2d4eb6a20	0.268	1
recognize-25-w03	99d959411a8511b8db6478274963bb944f4b5230cc5e0131769556002d5389b6	0.27	1
recognize-24-w16	926e0401ef50d191c666daf05e0d1e6d02173383402935dce6f6ed36de16b256	0.347	1
recognize-25-w05	876ec14b6380c6fff44d1639464188bb15c477316468856ea045c6c072c6a113	0.281	1
recognize-25-w04	9a486676cdc79661803a41ad2f13b650714df12def52b24fe99934df969a1acb	0.31	1
recognize-25-w06	b9d32997b0eb040cb07916878c7fcee435dae3a2b4c77fe10d0de00b620eaf84	0.301	1
recognize-25-w07	0ef3d20689f1b71819231c3a0d13030a2a5ba9b06cc7970956fe8c50ae4979c8	0.286	1
recognize-25-w08	c940586293e23b4041d6d227ca10c537855c76884a6062a762e5a9537713179b	0.26	1
recognize-25-w09	dc8c6af5cbe6f126a70d1a9c017e23f8dda244ccf4b3a0a31895f8910803613f	0.329	1
recognize-26-w03	ea1eb60d18a128e3d1abdde299463323a346250bef605d35b558eac7aad3abab	0.268	1
recognize-26-w00	82ab7545f4a55ebd405ac5d546cce64d70befa2af7301a0dc3c8f8a70d8ee65a	0.321	1
recognize-26-w02	b17ebaf791319bf15fb9f2442b7c708f09869172fb2fc8043e4854c5ccb86685	0.307	1
recognize-26-w01	9e370749e48876c347e0f506b3c4c1cbfb903a6b6e29e8a221b660dcf0447d93	0.37	1
recognize-26-w08	a9f86c89427eb242b4cdba09127c26c082784674679cb39ddfb838056ccb2e05	0.296	1
recognize-26-w09	9f3cedd6ba2d1b91aac458b565ff7acdba44f168abbaa721b7765149e171743f	0.335	1
recognize-26-w13	28f931dca76612ef5eeef64d95766e017553ae0f57f8487fee2147082bbb6ee1	0.254	1
recognize-26-w10	e6d1b938b0b2b529efc87f0242c1324b4ed27479be435c549dabc1ddf3a70c7c	0.361	1
recognize-26-w11	666cf9990dbbeffe4e056e4e8fe5bf7f307ee472f45a0c5f09f5cbfc19061806	0.346	1
recognize-26-w12	4caf68a365df416e51c51a2b17c726fc33601231a8f3d875c6009c8227dd721e	0.405	1
recognize-26-w14	30d09f3a7cff12c13a8c3c4b4e675f47b1b769a460ec1d164cc08a413ddb47a7	0.319	1
recognize-26-w15	278b280062cc6db969f6891e42d7f33873262a28eb79352879c8555e2e31120a	0.315	1
recognize-27-w05	1fade329f1045eb1e0978834cb89f8ce1a79ccaadff77c564962bdd73b9f8c2b	0.278	1
recognize-27-w06	c0bc3153fcbd7d090bce11719dce765fe47cb112d2c5cd8349aafff3f452427c	0.292	1
recognize-27-w08	698cd521f3924e0b13078e8f90ca45078e94e4cc8c055f2c00d45562c6a7ec32	0.329	1
recognize-27-w07	491ae656a630849c1ea6a9b404fae4db5e8426542a2d48c086f26a10f976f4a8	0.339	1
recognize-27-w09	630526ac9c8fc279badd46b794172726a50c8c07f66d6e0a723a194c65e284bc	0.337	1
recognize-27-w10	f195ce4f95b3042fcf6f364b0d115395ac1488445c8981bb7ee5f7a89ba06b13	0.317	1
recognize-27-w11	7c40a229ec1d553936af883f151ae8e2d8f557da28346ccf10b78a14d3aaff0f	0.288	1
recognize-27-w13	460f6b3f2de7b4d4591f5a7dff407ed00678e11076cedf259e99c6384e8b28f0	0.301	1
recognize-27-w12	2fdbf93b8e325cf461f20ddc2a261736ff04b8dd7b61793df1dc25427e34cae8	0.365	1
recognize-27-w15	c6d2403ecb305b4a5db0c9ca20cd9b407698502370e2d59b25958b1b122dd684	0.283	1
recognize-27-w14	fc970e592eae94d2656d1ed715e19c0e23e9dc3cd28a1943d15c14be63c5b574	0.342	1
recognize-27-w16	d370229b2e30ab7209f218a2b41fa8267763c993e99d9792d3c8a7e38659c673	0.278	1
recognize-28-w00	9aad03bc8baf20da5ff2ade6c76c448149e2f03745f55ffc2dec44cf24cfda03	0.358	1
recognize-28-w01	397570e406c72a7d3f3ca21af4e1b05dc120e8f042dbf9684bfb8e39a2e17097	0.313	1
recognize-28-w05	62772bd5c4ea776adfa4e64bed06e472ece675e0240faa92f93423a470295ad4	0.29	1
recognize-28-w02	6f00de4e2a69441c553a329d7d26261ed17f4b840cd0b851b303b747fca775bb	0.332	1
recognize-28-w03	f339bccb4cb18022b54e4168260e4dd9c2f209d920e9c14c17de0cdbfcc58744	0.362	1
recognize-28-w04	2934c082f33837e41abe45f6ecd30bf06298997bde51f9c6311eb0dd35b89e5f	0.378	1
recognize-28-w06	8a1f3b65dd4c5c68d0bbff1eaea229072c213cb9b2678b73ee785c4d44d1ed68	0.297	1
recognize-28-w09	54f2b5dbac65819ca55f93cba02e5504f236b23a8a964f11a8787278352c691b	0.312	1
recognize-28-w07	5ec233f9a62b3d8a6add9f15d331a558a87ca9898678d7b45ec54b564af6fb49	0.365	1
recognize-28-w10	dc9d3c827c26e8072081ec20f0f976c3af2f0435c1eff99990a3c12e988da15e	0.32	1
recognize-28-w08	ca2397677e7b7e1fd69fc12274a277563395bb78753921697bf95232bb88e05b	0.374	1
recognize-28-w11	583852d4d774dd662dd8bb4a7faddbf91f2b54ef43f359e2676fdf7152b04f79	0.319	1
recognize-28-w12	0865bde960922a6fcaa847c8cd9bbd2f6d530e6a30632b1757a742671bcf3f29	0.298	1
recognize-28-w13	a4190ef9e8ab277ee511b8e6078446751293e4d8b7cbaf4c06ff18ee46d7449d	0.3	1
recognize-29-w04	5570d1ef9a10c3e858eefa6a4e69994023eaa12a41b9aa9f6be4f154b9e30ef9	0.266	1
recognize-29-w05	f20fb0a62408e43e0c34ef02e8557af06ddc35c28e57000cfc3baa2be63c8aa5	0.292	1
recognize-29-w06	95a0a4c638d8f631775499b957d4a91d072aee1871c6a43fcf18f7980d83a6d9	0.307	1
recognize-29-w03	ead65132aa5f48b06beb48ccdd9878daf1540084f4ae873c4dc22b057e016f32	0.371	1
recognize-29-w07	3dd78df8a2bfbf17b65ab90019f1c5bd2037081a7bda3b42f4d8007f3ba0f861	0.331	1
recognize-29-w08	89f29071245816ad6ab0e249569b1472ee2686a6fbfe927c907d15d80ae03622	0.306	1
recognize-29-w09	ce8497936bb7d563af8c101692222a5796b51a6ce763d365a9d41387e82158a9	0.358	1
recognize-30-w07	868e34f9d786c246563abe48817ff60fbdb3cd404bd1149b325c585b3a0978e9	0.264	1
recognize-30-w08	45b2a9b7dff2191697b3eb7a96b9d43876ae3735da2d6defdae6a8097d2ddfb6	0.271	1
recognize-30-w09	96f349b38fd576de5fed20422a0222b1b0f329bcadd630df9ed6f253d1646ae2	0.267	1
recognize-30-w11	533ca8db27229ebacabcb519c6cdeffdb5d2aeffd388c4927124e2f663cc03c6	0.295	1
recognize-30-w12	e37a0dd5baa5b17a1c3a72b270a021743bb52ab1950881216d5a43021ec6a8b5	0.291	1
recognize-30-w10	b3f2a94837da128ec87e508e8ad6eef46ffb9322aeb7ba37a3a49a522f105a27	0.393	1
recognize-30-w13	732d2b1254bcb4cc9450841f48d6b5b37aad7bee0ee4e8d17e88147d12f3a96c	0.295	1
recognize-30-w14	35809f2f2b2e34370c55e75bfc857ba539eec32cada69200ec80ebe1ee9febd5	0.306	1
recognize-31-w05	f04fdcaa0bc91db9aa444211ad3ada742b6366fd1bafa3e62b7eef1a2e9dfa34	0.266	1
recognize-31-w07	1a08f6d9cdcb326d2d5b932a2b918404e454ecb2d64c4f4aa2d8602fe87cfb4e	0.339	1
recognize-31-w08	61a8196a8e8a846152e450ddaa4ed8ec7f9827efeafd8d44f7cf60838b00557f	0.351	1
recognize-31-w06	38e2f1498c43f804806a62b8b7415276b12d484b219d1625c26f07583f14d059	0.398	1
recognize-31-w09	0de200a6d9f78669b3a7241c49cda3f3835846bfab2239738ea4e5d35ab66f3c	0.314	1
recognize-32-w05	6c3317baeb628091ca1952cac42e298a91ae3bfaee331fdf081b0ada8c2396a4	0.363	1
recognize-32-w09	44aebbbf43d9b953de9ab8d74c64f56674be9fba4068376872d6f780a1e07a0b	0.317	1
recognize-32-w08	1f63622a0674448a146a8f0fd8df954e0245eacad088e48f8f9efbff212ece0c	0.354	1
recognize-32-w10	1ecbb8edf39b3756bd1f2de5127297ddb04ddbaca11ad071bc534526f123bc54	0.348	1
recognize-32-w07	8152f0209841315729c9a6a3830deaa4dbb420c14f556aa21d8ffb7f0959253b	0.417	1
recognize-32-w06	ddebeb3c26a80654988eb5739fac93806cfd89d7f9cb5d9448994d4a5eea34b9	0.454	1
recognize-32-w11	bb8329169956ed02ebb32e5091a8c86c52701aab926eaa75301e1871460d4e8b	0.286	1
recognize-32-w12	23dd73e273d6c8c3da6b585c71bc9c26b6bd13f0aa4088547d780b2c489c7630	0.279	1
recognize-32-w13	7d8002ca75da5e62215d75453d8a91c27c72ca3b597af97fcb29c30939b4d475	0.266	1
recognize-32-w14	8dceecc6da05410c383ef9ba85481f09f10fa64459b235c7930f122d5f93d9ef	0.3	1
recognize-33-w00	33df161279b1b326673fae5aca36588fe3060cafc4c03bb9bc71c44bab011a01	0.244	1
recognize-33-w01	68064f97cd408033eecd902aaa1842832eaa0e99f46dbc283911fbde58169c85	0.29	1
recognize-33-w02	0af9dfb7ac2b3b88a9df2552770bafb8c91426603ca370e9ffeacc0a02d7c53b	0.252	1
recognize-33-w03	a2339b5ee31c6977cbf53fd3d136c79b19d7d8db5acd8c3e9275eca42e85ba20	0.261	1
recognize-33-w04	8316ffd1ce1e0438486c4d9c60cf0b9820dca5646ea8136b5eb2c0367792f327	0.3	1
recognize-33-w05	58018edbbb10249fde056e69216cfbd3193ec4447e37c40424938c3f6fb49e21	0.289	1
recognize-33-w06	c89f0de0b7b81a4acd87c9a78fde848e47d268c4ea0981ef43a2b4ed70c61056	0.316	1
recognize-33-w07	ebc72c8c7660bec1bd68cefd42037f9f2e268f4f82a488b335afcb6e0cf8f947	0.316	1
recognize-33-w08	ae39807752a097485f8829ee0f8084927a02178e3da425447339fe3d61002380	0.288	1
recognize-33-w09	0e87d4ee68685b8015657fc4b51574f23589131df80fde2f86c396ec7df217b3	0.286	1
recognize-33-w10	bedf3500c3f8d636b35660e376264f2243801e0f0fb6e82a17eaa24a9fbe4048	0.305	1
recognize-33-w11	4cba9232d57fae31fa504edf5f0f3015394063136767d626d45d13db8c2b26f9	0.345	1
recognize-33-w13	9d04984e0849baa54aaaae9dfa54fd2d574c45a947c04277f1d35acd54cd13f8	0.313	1
recognize-33-w12	530c5aa490917fc697a38efd4c9afd0f564c2d1860e55b48cfd78635c3106124	0.398	1
recognize-34-w08	c96660c45638738743bfe290155d4f66985fb0bafe52d8ede55fb680f55348ed	0.257	1
recognize-34-w07	f533c59dd571fd474c20402a4ff97cff3c2e90055276a64ee3423ad849e66487	0.36	1
recognize-34-w09	cf601b8bbbc196949d831d0e9fbc019367c53c68906cafb21ac6adab5e4b75d8	0.318	1
recognize-34-w12	4eb79b76187685996c3041e2b288ae9b7f86d5edcea773b66c2750eb1d71aed8	0.254	1
recognize-34-w11	d502e122a511698e8f118ae3be933346263783176003e31a8231d056fd510301	0.284	1
recognize-34-w10	30cccf8b06da3b0a680353adc094fe6a61b311a45f52cb01c130d1116268daec	0.482	1
recognize-34-w13	1118fed80519754c1225102022400d4a8376a0fdd856aa2c97e86744831ea01e	0.307	1
recognize-35-w07	e2ce0333091145b6b23ede51fa8bd0bf59c05f6cbf870742c01e4eb01b6f6a60	0.276	1
recognize-35-w08	f582537253d2397cbaf804e9c635d8734f1a50a3177b020b93cc181cfd9d2431	0.276	1
recognize-35-w06	2c5dfdb592b25e4dd1113d26297efc99d0a8155a3851d066fb712cc258009d3b	0.351	1
recognize-35-w05	56dc870249e307257e91583670658fa8df94ed924419f048edac71720520d5f7	0.398	1
recognize-35-w09	cce66e8aeee5a2d5d7a42264840b8bcc43185dac289e249deb8ae0bc9bbf97ce	0.295	1
recognize-35-w10	becb198e09505f61a1b62d213b164c3adbac8d827219197a8010d31a6c1a74d0	0.32	1
recognize-35-w11	3d5afec0fec7e3b4c4a6876601d05bc901d6adf45863cac92c126d1873b01dc7	0.315	1
recognize-35-w12	85b798bf75e6c64d2d92493dd7f9616038238dc4c147f7fb9358207afb896eb7	0.341	1
recognize-35-w13	139880133581d20da28ba0a79f4770d2e9f1ede9152a3d6c19b47b5cbaefbd03	0.309	1
recognize-35-w15	c4581ea830780fa5343ef9dc924aa6871f34b6ad0d4495e841dedfbefda26797	0.311	1
recognize-35-w16	2a2998c42540728bde6ee9fa7e7d4d88a12483dca39f86ae32aee06434db1c0d	0.291	1
recognize-35-w14	4d5048000f9fa6c2ebc52dc978cdf335b98ab89ab5954c3b088c241a89453a39	0.43	1
recognize-36-w00	ced571b0d42df83a194160155d56966e85e93351c58a6fb1a37f558f05f99500	0.26	1
recognize-35-w17	6e8f8343bbeaeb56078a5cbddb3fa6df7fee53e09b13bdea2bbb2e1986b4dbaa	0.304	1
recognize-36-w01	5410c9605173b6d5e97a13d35458a3350c82d3a0fb368be89a679e24d50777f6	0.354	1
recognize-36-w02	40408fb2ae1d1a0f2a53633ee91109bb19c9c2c1a3d9d97bf06b6855ce8c7f0d	0.353	1
recognize-36-w03	ce2909cd35f5d6586accb5d8e64d10fda5eaae0ff64c6a74773623d1111680af	0.323	1
recognize-36-w04	3acf0e2553b266b5ccfaa80148ee27bf5960b26153d6401603f61713fbce8fd7	0.342	1
recognize-36-w08	3320f1ccf321edc822f53edef70815a0a2b21ae97b0e8118e622c27b18de1602	0.297	1
recognize-36-w09	47c4b72c42a7800fe61519f4fc43dced1b4e2ece520f9ae9300856f68b2030a4	0.269	1
recognize-36-w07	3bda6020f4a41933632af32a5062fb65c987dae045941cce830be7ca9f549d9e	0.374	1
recognize-36-w10	f9c8ac5a1cd41bfbfa72181f291f1d7bbc69c88a52926ab1070f41853563a133	0.318	1
recognize-36-w12	cf6f8cfff5cacf422ed5fd2925b8311456d02386179eddf0f0cb66222b53c65c	0.285	1
recognize-36-w11	1336406e8ace591667ed7ca8b55e02ef78e1c2db398cbbb3c302dd15e8947b4f	0.385	1
recognize-36-w13	dbf4280c93fb150aa439961ccd2ab1a1f691dc3e4df8d24b8fefe6c9ac825844	0.31	1
recognize-37-w04	82ee435fe6bd4d9ed0ecba5998ee8ee5c7b9bf8c1c078b9a3d0980a2bc3add54	0.226	1
recognize-37-w03	e66a2bb7b2050b7f0911faae87ad3ebbbb848a641b14bed6ed9c29ca38b1b8d9	0.243	1
recognize-37-w05	793d10fe8dfc8b57cd0be2743018656dd078d03f5436b1826c51c16ada23e7df	0.264	1
recognize-37-w07	d8c67c4bfbd039d8c236d9b5e526f06550118b734febcb009e8df722c009558d	0.234	1
recognize-37-w06	d8d6d57af67845536617f69156a5c095b1736abfbbd1a315696a796a267b6ab9	0.28	1
recognize-37-w08	0be8b4ae792f446721148cd24a840ff6dec1efdc0ad847ee16cf4b9a7a0cd6d8	0.26	1
recognize-37-w10	f00b11de83bfc610411c2d902faf6223667b3efbcc23075dcc07f4708da2052a	0.259	1
recognize-37-w09	86a7cded12406c74e750164791d8460fdd3b37f9d51b74ff8c48e6df427f38e1	0.304	1
recognize-37-w11	310b4b282de707ccd1b5969f081aa64b5fc32389cd0a5a8468cd6dcff8d2533c	0.29	1
recognize-37-w12	aeaaa981a7e60728bbedc4167aa1d287f83a3e0046c091b20112eba903914ef7	0.235	1
recognize-37-w13	dbcd3992f0046f2c31b96f26735ea733abe81d610ccf0b8ef46337623636f1f8	0.247	1
recognize-37-w14	19a8e44a312808116c96189dcab983bf4eb6b301dfd1c69c41da008a2e422cea	0.332	1
recognize-38-w05	81689befb4f25b5ef9b9e0f4c65f41bcf3de5617827c89cc4fe5716f8e0c8f4e	0.251	1
recognize-38-w07	5fbb221dcbc4acd2049b21f9fcf431b707e746aecfb270e9c866c3d2731887fc	0.25	1
recognize-38-w06	5bf7b90a344d548d679ec308e9e4471ac360a49ec88ac429021495bf0090e423	0.299	1
recognize-37-w15	65f4eceb6fee795d57427b080b8bd40f444c90872f252af161dda604767dcd38	0.428	1
recognize-38-w04	1bc57ed177098fdc2333f421c9f21c0f402869f5b1c2cce5579e0e83b7167eef	0.357	1
recognize-38-w08	b60efdde578258b8415481c1417b13796edafbfd3fbbac674dfb9da65d39d7a8	0.287	1
recognize-38-w09	f45aaed20bfcb5595e136eaaaab2d365351d10dc5a7a20843073ed9ad0a41aad	0.29	1
recognize-38-w10	0732e86b95de828c48f4f629197879a4b15ae172c91657818aa426311aacdbdf	0.276	1
recognize-38-w11	6d7090a410660e356d99c16e228432c831cfd129bf7c958a627b674419ac74db	0.268	1
recognize-38-w13	38cf78b2377934dd23074fb791fb22cad2a06c9008ce0ac2c5cfd126042ce2ec	0.298	1
recognize-38-w12	95599a408c443252f0254e1e4dc69a97b1e69ce3fb0e0aa5e6d2e34deeb4d442	0.392	1
recognize-38-w14	40aeb7f381638fc5fed126b6f2bea9fc44d2ee40beb99a51d8ff0fd4d6767095	0.302	1
recognize-39-w07	cf097f8f979a43797f384ceb0106686efa7fa366384cdd407b4e07a5abff0146	0.238	1
recognize-39-w05	abd01ef7dc11dc1c3c195cbf7186f630925755c0821edca63379716bfd37df83	0.329	1
recognize-39-w08	0f075184ab8f3451666e0eb1afc55719e9b84234ca450e6b211ab38347e364ed	0.272	1
recognize-39-w06	af267bd5dd9d2f1eaebc9dbb06a085b311012285d349d932a837b15a28c8a82a	0.352	1
recognize-39-w10	ca8c0f99716324d7b707c0736049a607e938ff69dd1e6958859dd8077058af5a	0.267	1
recognize-39-w11	da64994b17d160cc32a2e9d739116746ac07f2a853b4ff7b902281e203ba99f7	0.267	1
recognize-39-w09	c890248b136e74b79d3ba3606bca7ec041b7b2eb3e80f65a934752fc2d8937dc	0.457	1
recognize-39-w12	8ebf8856bbfd9d8a7a19ac402ad77398c572aa73b56bc11e6d8fe61f9b9ac9cf	0.256	1
recognize-39-w13	cd795df35c5adf1cc3dde8d142a8bbb6b350f95ad835f3df5b2018b31380e3c3	0.259	1
recognize-39-w14	a2f628ff82272e5eb46ad64ff4f81cc2cd67c40aa9c9dee8dfed498d71aaf5b8	0.265	1
recognize-39-w19	4b9d3fcf8657597dc96f360da3aa89263b9c77b8d80c303a4531bb60b31c1f5e	0.21	1
recognize-39-w17	1eda0f5a2903a420abfe02a1f8bba14e12416a4a81ba916091af6f0c84d72579	0.289	1
recognize-39-w15	3cc84bccc04e6e94ca513732a43bacca26c48a5a930cbd1bb59c4eec04d6974b	0.468	1
recognize-39-w18	cdc533c57be870125930e3905a3673a8729ca8aab072e46608755c8875b542e4	0.263	1
recognize-39-w16	36f2c390337a6dbfca0ee9661007b27887a19cfc6ccf766a5ce7217c79fa9c82	0.379	1
recognize-40-w00	69ff76478c20554aac7e05f464acd691bd7e0662c62869f5ff55d84c083af403	0.328	1
recognize-40-w01	c6b3a96c15cf291c61b35a458ee8f90d9370cd68533f3dddd73d4cd01d364712	0.274	1
recognize-40-w02	bdf17aac23e4ffba7850605ed916838087b46797249362d3c2fe7c14697263f7	0.276	1
recognize-40-w03	2f6a1e1206f1ef280e2d874785ca4a01ff12f63e7de5cb6882c821d1b8ddbda8	0.297	1
recognize-40-w04	eb44ea11bd4cf91281e19bc95132e31e42dc7cecb89a007294dc99be45ade5bb	0.322	1
recognize-40-w05	8d11fe86c9f4d8ebf772153ec485f29cd5e39e54309bd403a091cc97ab3b388a	0.291	1
recognize-40-w06	7d697c55567dc05c84c0bdd31f170cdbd67a3131baa4cc03ee62e6b659100de3	0.256	1
recognize-40-w09	63dceae12a87078efa6ec363a43bd59cb87de58f82698b182e9fe3d00b6dc0fb	0.244	1
recognize-40-w10	8692b934190ded5e15d6d0e7c7e248484e9926efe0734d45412e189cf6e36f2c	0.224	1
recognize-40-w08	39c352df637e3451150e02835d95f686f47b4f3305721b3770c2931652e48086	0.318	1
recognize-40-w11	7fe6a70248f77a5ddb5c5997b58414c6f778c86e9b66701f56f2004ea543c644	0.34	1
recognize-40-w07	f72a9af11d4234e275bbc8122c342a2bd50bb7bd3cee48216285816b97c33b9c	0.467	1
recognize-40-w12	b0617305c4d87302a51592b2f2d835abeacab0e76c22945859a75b8da23d2234	0.273	1
recognize-40-w13	c7f07e6092fa4701c7b2bb8cef49b28f1c4878ed731977ea8d72699a506471d4	0.346	1
recognize-40-w14	80830db71544179796c6ae6e3a62a9fc23e221a523f44911289ed1242bb4e179	0.347	1
recognize-41-w06	6e0ff4ec47e1dc58688578303143ed312eb3edf2d7e07bd097359130d7b39bfc	0.31	1
recognize-41-w04	21718ad91f3d2b17b20ce5f20a803ff6f832dab0fd891007c3e1d5b6948aa237	0.336	1
recognize-41-w03	d0f8ae88b6546e60ca7dd399e976b02f0d20a0bbc26f659e404da119a75e8903	0.426	1
recognize-41-w05	77cd4aa272cb5ab3780cdd40ff7862d5276ff3903cecc793e0eac0d792125407	0.415	1
recognize-41-w07	597d3fbff1b39b420c2a9d8d001f9dea62db17655c1005964aee3440760c94b0	0.357	1
recognize-41-w08	36c5ab1fe3cdd3a406bb980b5abb667141ad46840c70202157162c8ecf5868a1	0.392	1
recognize-41-w09	caaf6bcf7d2f063e125af8e9d514360ea0461957e31d7bd199ecd89d05040595	0.295	1
recognize-41-w10	864bfdfc5c357b4641866810a84507927fb3c4462b0febbb12e24bd2fc99c00a	0.361	1
recognize-41-w11	42196a93eeb71f60e3d9fb31bfa8a105037b02bc4c5283fc85ce014e2164b433	0.309	1
recognize-41-w12	af87e9fee9345f0586805c30d673c6b4342e4d7ba53c1e043705bf38bc3a43f5	0.324	1
recognize-42-w04	053a2bd3b65196249f60abdfe0dec444235166e7bfbb4cc62413456d748b808a	0.287	1
recognize-42-w05	02c2642bab4d205730ca6f99b226fd79e0725421fa075d68d973b09f86556388	0.291	1
recognize-42-w06	505b844a00fbc108be601d053582d8fc45aeb08b7ee9cad75f1a9aa73908071b	0.306	1
recognize-42-w08	faf10d79e46fe05eda6a39cf0db456244aaf9459545947a1aedb9117249fcaa7	0.308	1
recognize-42-w09	18bdd541816afecb59eacae85f519bf59ade80b16504ae100ad7fa549eb143c7	0.288	1
recognize-42-w07	91b808704e3de9a8dad7e24875ef0f39026a9e0996cb70f88e217975075da9db	0.359	1
recognize-42-w12	5dd3e69f4a8a195a5a386385c787a63c10aabf6b6313aed59657b59f1d357122	0.255	1
recognize-42-w10	32431f6f3128a17970c0c96afa82cac701410ae467cae4edfe1f382c3c9de6ca	0.304	1
recognize-42-w11	0e5f4413be052efc5705156c5f8952d0054408f2e21794f6b04173e402e02d6f	0.325	1
recognize-43-w06	354ecb21d22da8deb50621a61d01d57a5e1cce8f0dd417d17575b89b348246f1	0.295	1
recognize-43-w08	125fc22a9ab0f795c936c41efdb9ca8910533042ee498e6ea5c643e32b51c2fa	0.271	1
recognize-43-w09	0402f3916b968aaab68a8d57310811bac3ad9e28b4df6a4fb9b5685adce1a70e	0.313	1
recognize-43-w05	6b0984c7c27dc1c17c829e8af3651092c3e0809a246f50a020e11717bf974c96	0.424	1
recognize-43-w10	102b85b6987c7c83e16810f8f6691d953e3c9562bf3ee4af4ccf703dddc5b633	0.301	1
recognize-43-w12	35cc67cae31d90911140e03cdd59d12a187d9c2d8a154031af0f880d8b3fbcf6	0.307	1
recognize-43-w13	b1b4a8beac5f9726017e5685fe5ac11928fdef53d4d44f474da15be84b3fe8e8	0.29	1
recognize-43-w14	ccd14b75afc501b12bf558842a2e84cee54531ea419adbde8ef81e889194c7ce	0.302	1
recognize-43-w11	c29168ff6eae9a78f8f2d17512b280954fd7be433efce729940b7ba1ceccd575	0.505	1
recognize-43-w15	f14c3b5961a3df66e1556f2a07e051376d7c810204dea0ac5f42737cfb22beb2	0.405	1
recognize-43-w16	3094c78f69deec7375de2f581afdb5fae36cb314509b6cd62c09ff1fb7f3e9e9	0.312	1
recognize-43-w17	2427dedba9eb855f3d321a04286f05db0c2f0d9a3b948c9b78847224ba1f56a3	0.304	1
recognize-43-w18	fff734039ed94728ccc6f5f6dc3994b12047ed3ecc5333c492633c881682565c	0.29	1
recognize-44-w07	6f8d0499618a7c22da46e8e11450628cd52c5d9e8d93c1a1241b03920dbbf1a9	0.249	1
recognize-44-w09	cf348c03ba846195d186f250f70c078462d5022cc68a6abfebe6dd6fc76069fc	0.27	1
recognize-44-w11	35016d3b13f21024ab5a79db7d8ef112b2dcd4a084d6ea2365d692c930447a09	0.247	1
recognize-44-w10	88acb09a77a53f5d1f5954afd3060193bff233ef2b986b261bb31928ddb8b545	0.303	1
recognize-44-w08	8127466d7d970781d9cbdf0554303fcacfb1d8961aabef3e5c13faf2bbab5b3b	0.418	1
recognize-44-w12	e053a20c2b0a76870b0e4df1104ede26b5ee275e709a80083332e2baaffd9d0a	0.273	1
recognize-44-w14	816b88fea90dd4cdd24c8169750ee38ab71bcee87c5fe8784ca8175c0ceeb6f0	0.271	1
recognize-45-w04	b4c458a32cf5bba4bc76cc3f168bd53d5a292db0506bf0ca1e9eb3a2d614be5a	0.231	1
recognize-45-w03	57e92a31668338c0255a14da551cc538d10f2f2217eff1af0dcc7d25ce8c1d3f	0.267	1
recognize-44-w13	68f11cd42ffca61149d5659da4c8906c4d5178107d8699256ca904de3372e527	0.448	1
recognize-45-w05	4ba8023975417f8f41bc9b36625aedc9b0ebc723a18e45331207a7b0bb1117a0	0.352	1
recognize-45-w06	9c90f5a7000573e17d4b568472f00e122b2e4950134044e2fdb9f125420cb0bd	0.33	1
recognize-45-w08	e2ae262dc1d6a5edf4a77b8adb1b62233f193ff9d41d7f771e3dd54ac8114b49	0.271	1
recognize-45-w07	e27bd3eeb1ef516a766a478d5651bc932babc784513342462c8defa46669d51a	0.41	1
recognize-46-w07	978982222f2ca3897fdf2a5441f702f5b61edf2b544015c8a9d3ff14cb868e03	0.263	1
recognize-46-w09	88f5b7172ac036492b7fea52f3428bd4d4974c1956c18ef5796659857087d48a	0.274	1
recognize-46-w08	888e18c4b3d89d63efb35483b5b554eedab93bd1bd03b3a5f4237d3200df244a	0.305	1
recognize-46-w06	fb84c4051da9db4cfac29ddcb1c05f67502e2987e401b9ea7e3458e85c36e792	0.338	1
recognize-46-w10	7cb551fddb68eb0f80ca11faa9f336349432d33514f012c3fdfaafcc57db30a2	0.299	1
recognize-46-w11	0c9f88670434a5aa83d6ef274382e305c83b0b9f04eed9a512276c87aa99cb24	0.239	1
recognize-46-w12	9d07213c24e15ddf7aa84fb16c0db22b7eefaf23630346d409b713544f0ccfb2	0.374	1
recognize-47-w07	458920057bb01bedab3ebdaac5179d305cd48cb37943032328eefb4179e542d7	0.248	1
recognize-47-w05	92f82ad6ff39f085c8331928e3bb346176bcf8d13ce0c23e82cfcd188e653563	0.292	1
recognize-47-w08	0b837d516547bd4aa306da4a66fe3208e5f0e2416d2c98d3eea68d47fa46b54b	0.265	1
recognize-47-w06	40c219bd9d1effc257a02482b5aa0d875e2938f13d5948120bdf9bbf90bf8202	0.316	1
recognize-47-w09	1b9ac2084d41efc45d6a32641c082605cea170fcbc0d5a563fdaaa706414cbfb	0.315	1
recognize-47-w11	740277fb36560b4ca6d8a9109ce3cada23f7b17491d4ec08ac28f54ecf361548	0.258	1
recognize-47-w12	22536881d19814299f20e6b6f7c9ab7c1112463e311f27db62ab200d69bd70c9	0.295	1
recognize-47-w13	9001740a720489588730b171d62fa60e1ae190263655ff023ee99f1900f20825	0.293	1
recognize-47-w10	ac00484c67b648e0c7f82bc6e8bb60365d2a71f49c43a19758c513d62dd8b83a	0.433	1
recognize-47-w14	eb123ea901df3a336bd0c838f949b151def7af95b5a1ded963c0bc91821af7c9	0.239	1
recognize-47-w15	e33fee92f3a24370d57ec2f7daa5690b90003b92b9c413c9ef974e031a957c04	0.276	1
recognize-47-w16	759a860765832fd7c2113fc1889202d1db4bac6d31b05f327b89c6ebdb8dfae1	0.289	1
recognize-47-w17	e472173fc7f731c89fbe664dfc495e6d98a46f6e0d6f81503e5d22ee772b75f3	0.349	1
recognize-47-w18	8d100746c96614e61558d9d29364f2c79522354b1bfca7393bc986e05d69ae71	0.268	1
recognize-48-w00	b4c50a01957c55d58d78637edcc0a956af04eebdabcaa90819b5b8ed4f45e241	0.248	1
recognize-48-w01	8fc38985981744ffd51ea5932fdc7b8ae6bd2f7440e1bad71d43a95ecbb30580	0.278	1
recognize-48-w02	c6d7140afb63d7c6a472b0c5e62f7f8d5bba7fc162ea6ded7b7bbba67abdfb75	0.299	1
recognize-48-w03	0cba5926dd530857434591bc156450bdb9a51691ebce5418e9aa423e580321cc	0.286	1
recognize-48-w06	91e7cdbea27491f19d0522659752b03f55b55e7087eaa9ebff5509c411696ca6	0.291	1
recognize-48-w09	f68e6a1a21ad854f7cc992f04798d59e61fa7670679707d1921d7bb09f6adba2	0.255	1
recognize-48-w07	cf631e18b6c1cd8a0e9e12e0ae5c2b4568a0df95f7d28d5ede8815aa4c792fe8	0.351	1
recognize-48-w08	2abd39812e734cb255f04977f02483fe1a0395704da5e48949b490cc077ded99	0.307	1
recognize-48-w10	3dae0faab558235fbd0cac54c7d7afc20e927f2085a096907e44028b258d1a97	0.256	1
recognize-48-w11	3b8209da4734dcd5e00f1e84af99d32fc5e0a34f0fea2ac63aa92d47df7d4ab9	0.287	1
recognize-48-w12	f249397bbf120d096c3781a3c4a5a14ee72d4b5a0ec4e2d70703720a8dac6416	0.313	1
recognize-48-w15	198284cab12a9d01e92495fac0831b27b0f60f5da585012c314435399907e229	0.272	1
recognize-48-w13	5566ee5ccd11f37a5334257ddc733c1165625f39dacad55479c533edb77fc8c4	0.334	1
recognize-48-w14	a3589c81b7bb9cedb52bb500f4f1fc871210549da25b0d2a112991c76fceb80b	0.388	1
relate-03	bf385ba93a59ec182a544c0d7b3c833a628cbf6224908f46b29d0404809b278f	0.487	1
relate-01	7f696b0e0a7e1e5876c573e5f755efbd8e501ce325a899e51809d1845f2f5286	0.891	1
relate-02	740fd2de1f27ae0f60315ccdcfa8977fc9f1adaddcef9b40dae159f258cd48a3	0.987	1
recognize-43-w07	e054d85993518e194d700b16ab4b67944f0264103165ca6df694849be9233afd	31.592	1
filter-singer-1-04	88dcdd6e3e97c2d06c507f66bd74a456a63602b29fa9e7e9554bbbfb12a5977e	0.321	1
filter-singer-1-03	8b232d7e012a926941182d2feb6225b153089e6cbf458a542487394fd3cac32f	0.373	1
filter-singer-1-01	dc5e00ec150bcc4753d608d50594ea06f08914271e528ad3bc78eccec4319469	0.468	1
filter-singer-1-05	f5736e85f62b5bec13769452b1fd2ded26a5ece8b719494526e7eea2fd9f78b2	0.396	1
filter-singer-1-08	043fd84de1aed102131b207a85b79c30d1b2118f9a8d7025bfb091514a04ac5a	0.245	1
filter-singer-1-06	9aeadfb1e071c194eda1ce6b92b912bed99b778509f3b4b5bbbca20912d00c61	0.326	1
filter-singer-1-09	188fbd6f38d825fa27f760b48e7085034aa67e91403f5554af085f8708ed9ab4	0.256	1
filter-singer-1-10	31365dd14e74a66a91aff30494ab406455eead0c9a1d31bb1b8b2f4f771acdbd	0.275	1
filter-singer-1-13	b3f3979431f9ad51b10ab5e61513c41a54de1bf83a491fe425a5d242120b6f30	0.352	1
filter-singer-1-12	e65c8d1a464cc89b3f5ab6877d49f2c04d599554bce397313124d9315ff7cfca	0.425	1
filter-singer-1-14	757173dc42046baeb06e85217b1ae15824b509d1b673be6b60f75b852ca89ed1	0.401	1
filter-singer-1-15	803209a0f05f16c6820f01c6188e7bdfe42f8b331b5f941a571e7707c2076dfa	0.252	1
filter-singer-1-16	f298c15c59d57ccb2a82f82e6f91c074f56458dddde4d8762842258a37bff998	0.277	1
filter-singer-1-19	1536c5b588d5d45721237f1f2b49826e9bcc51bcfd1497a8eeb3fa7a45ca49ee	0.268	1
filter-singer-1-21	4ea99886c1b4d8311e24e613a3cfaf2b387c72182d7f6621ab32f6a44e3e3559	0.303	1
filter-singer-1-22	672eba874b50da8de947228acc5c8708465546ee8d99a49ec314a0c0f11c74d4	0.327	1
filter-singer-1-23	d18e43450c55ecd19a70df99565d50f5ac92dca3bf1fd275b9bf1f53ccff9f73	0.281	1
filter-singer-1-25	3baa68ade51bdac07230d8cc8efb0f72c64f1f97e3d32d73cd4b9a4300c525ed	0.287	1
filter-singer-1-26	767a96398bfbc0df079f6f125782a37aa83e2e87f41596d41397d8ba7b9ccd61	0.271	1
filter-singer-1-27	18d516e1c3acc760f6a22d997fb7adba4741064342750c565f65776810ede1a8	0.262	1
filter-singer-1-28	c59292b8dc2911c5e17d804f7159ae763fad173caab54f84079f6d30ebc04912	0.307	1
filter-singer-1-30	8540dc46bf6b564f419e47659d8f8191126fe101847708b824c263858a7bd19d	0.245	1
filter-singer-2-01	d2e9071b71b1cf0fd7884fdf60b253f575428c70538a8758fa19e6ed129291f3	0.471	1
filter-singer-2-03	27be145828c1d8dfbbbe5627fb6d058995529c7ee26875da83a58420c1411b32	0.333	1
filter-singer-2-04	944a68119d5bb5f33f06ba8412936c5a67bb6acdb234af8edbf32d7a0e88767a	0.388	1
filter-singer-2-05	376226c7e4a1e4ee704e8160cc3987a1da25785ec1968cfefbb43210924ed06e	0.254	1
filter-singer-2-07	c98723236eca9cbb22edc2ad2b65ab289ed1cf24b85403fd0f0e73deebb9ce99	0.397	1
filter-singer-2-08	69aab7d2b9d15b3eb08708f5ddebe920d271aa563400589928cdf7bdc907edac	0.414	1
filter-singer-2-10	48e4ed90db1a860a2ba70bec99403b9e1e816898f811f70946d7fa256b1f98f3	0.389	1
filter-singer-2-12	5c227a4aac4dfba1abaf41414dfd7d55ca25a3dbd5257c3ed894c8144409ce05	0.208	1
filter-singer-2-13	93d991ab6d316c04419db3558f0a71aa9a7d61690d8acc9e0ea57ebde65d8fdb	0.475	1
filter-singer-2-14	aff36d122c921810dd3157eaba774592cb90296b64881dd4b00afbdf5d22a800	0.415	1
filter-singer-2-15	7330058e6fb0de9bc80cbe651d25fccd9b297c153f474afebb891515d656f2e3	0.366	1
filter-singer-2-16	88e93ae045bd921d9c5fe30d8167d7bf303ede930738ffaf06666034246fc24e	0.274	1
filter-singer-2-18	bde6f6e6c072621b198e3fea5f6b7d0d6e0494692e4f673117b7ad935712af35	0.271	1
filter-singer-2-17	e30351dd9633508e1fafe26e1526dbaa808fc28a3291a384818f9693221debcd	0.378	1
filter-singer-2-19	05c734e20543a4110fbd9e269c995f73aa39fb10c80330fddfdf72171b4e3c14	0.353	1
filter-singer-2-20	7b9a7730552e33868c79868a584d11e81ef522603998530c61f6e4efa9f760cc	0.285	1
filter-singer-2-21	1520104e31e3f47f76200dbb6d6f19a47a09aa1da121f61c88ed3b15f1ec4998	0.306	1
filter-singer-2-24	e2511726ed0c644023cb5fbe2d4741c5b3878fea8b1f18b4053a6ca023cd280f	0.229	1
filter-singer-2-23	7f709baa7e7eb690e8c471729b6fb2656a3516e7cbedf7d7903f8a383ab8d845	0.339	1
filter-singer-2-26	e04533c77acf5c5ce63bac30eb6386c9032f20a3e92e37cc22838222277dc7dc	0.37	1
filter-singer-2-27	f2956a6e3ba0709d617ecb61855e691ed71adc08cc9ca3ca5f21359d7c497231	0.425	1
filter-singer-2-28	c5c1f4937b257bb3ac5d66d3e282ca483f24dc9ce9c77b7fde8e4197c61cbac4	0.383	1
filter-singer-2-29	746a7fd3ded818bd08e5e3793ff56f0de6468c053d9c1632893cb3f4448cadb2	0.33	1
filter-singer-2-30	c93a9b6719b4b08084e1dfb9dfcf55d420c94227a00ed7ba6641a42ccc9f349f	0.34	1
filter-singer-3-01	853ca073fd7f87ba997dc4c25d30969f615e606d05ee8aa933062e7631ad790a	0.351	1
filter-singer-3-02	e26f041432fec44748f45ff8eb4d5d1e8de00a503667b5c406d39425e915f815	0.289	1
filter-singer-3-03	331f5b1fa68b3b4df1ac482691a3ad4152ff92d401fee685c83abc2e712f7b3c	0.283	1
filter-singer-3-06	c0b331c3d856c98db106113e75fb64e25daf34188341db0ed7eaeeb9ec3d4bc1	0.425	1
filter-singer-3-10	d70bbda146dd0da8815d9623c364243f7668d3c9ecc50827636f51c02db7a182	0.309	1
filter-singer-3-11	191d9745b8cdbf125bb0c3723230070e66863c265c35188f03ecf562e90d0faa	0.394	1
filter-singer-3-12	f8456d2e8e8749b8a0448e96c5d60d53fd809fc31b10dda67ac48ae915ab5c0d	0.361	1
filter-singer-3-14	a46315d6fb32dae2983960707245bc36ce5b1c80755b716c8a3a8c8c29751852	0.29	1
filter-singer-3-15	3957957f708a7e19b334784c21083f8114455063b838ffd514be9cb26ed20f17	0.381	1
filter-singer-3-17	4d0ff7b677956d378a07f6c5377527ff36d76d936f3666489f5996ec1e9aa102	0.25	1
filter-singer-3-18	b9dea41066f30ecb3de0a1c9d5eb0f4f61a28efdf5cddf5359175a62c2cf4715	0.257	1
filter-singer-3-19	42821d14080a3a81f7d82e11a3c234c8a7299666f02414ce203fa3508fac1a3a	0.378	1
filter-singer-3-20	6b1e1b582ec2ffcc9684588d106d406d159689e04c3c82c7333017aa1c70083a	0.233	1
filter-singer-3-22	c2c51657c271c4774572d23b9aa773642263dbad08df8068ea7f9836dea9692b	0.21	1
filter-singer-3-25	1433f3f56aabe073384f827b515631e6717d67df353b742dd14450b7745f3084	0.229	1
filter-singer-3-27	7b5de98d0c6c087b02d253bb1f83cd29fe7cc8fe11ad9d5ae91c030c6a0b36be	0.226	1
filter-singer-3-26	8924d88e2a709fd43261c1cef76141566bb98819c9c31aeba8ec3c44b0d6e05a	0.5	1
filter-singer-3-28	dc86792a2b5acbfe5a189ccb81ff90aee3508d6c66166db4c3457a20ac1115d4	0.276	1
filter-singer-3-29	ebce939a6463d8eea9743e8678968961e7aa0f02b59846a60e595700d92e7429	0.389	1
filter-singer-3-30	68a250cb879bee095b7b23dc29e03ecb5ee86b4a755ce54eeaec762cc1522efa	0.381	1
filter-singer-4-01	fb1da92d7b2298646475794a82d611f47f8e72fdb215e986e11cfc9605184657	0.214	1
filter-singer-4-02	71467bbacaa39849ad0ca2f16d772df4e064247ffd5cf72a8da824d4de19eb82	0.232	1
filter-singer-4-03	f705cd3032d5b44b3cec9ceba28ed8387e367a85492bea202955ac8afaca0fd2	0.344	1
filter-singer-4-05	1d5b7c0ba0ce2eec77bb19cc1981d5a693c7c0ebbdcba9fbeea3bee2c5e0e1fa	0.407	1
filter-singer-4-07	069c0000d398974b614d6503e51a3ceabd0eb25c33f54ee8579ecd6fce0addaa	0.252	1
filter-singer-4-08	1b3e1f3dd5f786445718e990d14d1edf10434187378c0c7e563cb086d65f01d1	0.259	1
filter-singer-4-09	75b07e2e89c878c39e11cc1f5d5cbfaa73d45b8c70e46a5a6a889ef4a8fc7d81	0.379	1
filter-singer-1-11	e0db3faf2e372947e6237613740bd4be0ab019ea4ac8aefdc6076057ff0c12cd	8.817	2
filter-singer-4-12	dc5d2233d98eb9abf98a707d2c113929bc6f932710bd106e9c409c6039840c0a	0.229	1
filter-singer-4-13	3fa1a4ce0784ff9f16dcb1efb144b8a8c9ba46336589cce53fd27172b59b608c	0.408	1
filter-singer-4-11	b9ddc3c5799c952543cd275fb90b7c00cf16aa64b75e62d87289112faa6bc80b	0.704	1
filter-singer-4-14	3f48fe95cc91e650bfcde81e7b3dab37c1ea67c23997f56348d108130d10c98b	0.275	1
filter-singer-4-16	75e451af8be9919b3b2994d016b9fdd5cbd6313d30467450ab0e1554e9700eb0	0.224	1
filter-singer-4-17	5faae8cf345769eedf31af218fe6fdada4277d70cc4d12ee7aab852001484f2c	0.377	1
filter-singer-4-18	900db2f9470111e598f826307a96376d41c0ac1dd5fb27f84546556cf29d6ae9	0.467	1
filter-singer-4-21	4913dfb89d01fddf1fa1372112978d81a3f226c134bca4f431081b05491f1b2a	0.339	1
filter-singer-4-22	2a25ca379628a8e3ec9368a406bdf2db52df3a0e2bb259f7dcca989f9ffa3129	0.282	1
filter-singer-4-25	88e32d1bcebc9fa76437a6c1312719e3af5a503955e664e4c4ef236ab0fe1259	0.32	1
filter-singer-4-23	f431eea6a1dc6f668ef1128f3ba4f1400d4c912a78d758aef9a34fd1dd596027	0.512	1
filter-singer-4-28	d18e86c972ff200205f8e9d8372fd002a191d0110cf8d14957a6262294ca2f70	0.346	1
filter-singer-3-07	7b9f5b0404adf264392e4e449247e4157605b7929214fbc59c45664d06048ece	9.825	2
