id	request	wall_s	requests
comparison-longer-001	2878b8c5278240ab3e97ea2cf28dacf023e15257fecafbc390f3101088781335	0.109	1
comparison-longer-002	14dad83b8ddcc02f6e0859126739c1e4e608a9ddf6d584fa09eebb2b5b0286f4	0.253	1
comparison-longer-003	d6744a53a6ae47f7764272a2554920376516a66e22dc82cad331774cbce8777b	0.262	1
comparison-longer-004	33b7bec5ff2fac6c6e4e896a8e191468de9b6bbe3ed282e9317853a81cd4c581	0.282	1
comparison-longer-005	234736f72a366275ff2152b43e19f38ffedfedbc81cbc7a551364c9096679cf5	0.196	1
comparison-longer-006	2ae25a2a18358e2a64a3175bba79a6a250d199bd7e398dde85c2d9aab5ee57a1	0.208	1
comparison-longer-007	9710f4ca7508929688048f6488c8d7901e19d1dba0fc767ff8049d86c5675452	0.208	1
comparison-longer-008	5a95a3dd7c2cf0a18121e7ca889372ce68c12b75e51bbf4b1cc63c718ef533ea	0.207	1
comparison-longer-009	1848f3d982a277d1d7f12fe5dbdf8abc9d92eaa25d104cb6df27e0b8fb4d0283	0.205	1
comparison-longer-010	e4714b366b79c5198ac10669588cd14b65bf1aadaf606de6fda929d3cf1dfa34	0.203	1
comparison-longer-011	35ff6a031e8234665440f914182ebdcc30bbb5e47732e283479d8c70d4a7a917	0.216	1
comparison-longer-013	f025bd9d4c9cb8c4441d09fc9e8f304e7c3525b612f436bea3a18ba8e7d50eca	0.196	1
comparison-longer-012	671404748dfcca66cc0cca311de303e7d5def19cd06c32410e8eb0d618f007c1	0.236	1
comparison-longer-014	ff8a2a9e792a842479625f14ca4636ab2c1ed23508cc292c0830ac7cfdfe1450	0.138	1
comparison-longer-015	3df63e10d4ea07bf81185ae115f8243cbb3bce8e2eeb0b873b5579d76aef38e9	0.122	1
comparison-longer-016	b65dfc8099f618dcc66952f97e9080dcdda6db3dea214063afe1f45f707034c7	0.224	1
comparison-longer-017	5c38eab9e88dfcfd6544a50e37ac18cd4e292905cf122e0252a187ad57c35ee2	0.211	1
comparison-longer-018	18d807d59a54cab9fc5f19ee2ce00143f0850fad285bfb8b730ea0e70f2dc190	0.237	1
comparison-longer-019	ed824ab995fc1eb29cf97a509da6a8a0bacfb7310a7adc36f9934a70f0c24dbb	0.237	1
comparison-longer-020	75e2b430a9ea53c135a647c4cffab3af9cc570316ec7227e6b53b3463ddb233a	0.207	1
comparison-longer-021	621a4a3bd0130660c45f2dc55e807b45fa54d9fae95a00ba9fc0bafbd4543db4	0.207	1
comparison-longer-022	3e07aca73e6f3cbaefc6aa210890ba389e697b818cc816aa8c352c7e977f0291	0.211	1
comparison-longer-023	08577af4f5ac379877f79b69292b54e85d8188d14a5912cb2677481ba8a2dcda	0.211	1
comparison-longer-024	0f8c1315a358fa8afc18434db6acec19ca6f2155d13b6186a7f614538eb2b162	0.209	1
comparison-longer-025	ec53462076e7b60e606813659e8dacd9dfd3848d3f89e9f94f51c5b7b14c7e87	0.209	1
comparison-longer-027	d0cdafcd80eef21e05db6dcfd8c9aa1961ee31aa0c4781b5be7fe13aa501f792	0.191	1
comparison-longer-026	7ddf5ea923f7fe1031e64b78cf92ec87e167416729d83547db44fc65493ac133	0.204	1
comparison-longer-028	f98f64fb20bc86a1cb5b5aca5d39b72dc6d64e74a2ac8a075588355cc2db8130	0.196	1
comparison-longer-029	b0fe45932ba4f13db032f56aaea47621020b88200149dab0020c77070e964481	0.198	1
comparison-longer-030	c841158e152b2c16576ab250cc74ecbbbfdec0c0ec37eba4d05ce8c654a5b142	0.196	1
comparison-longer-031	f89c9636cde511da4447162b6558319b7d65f038aa3ba7f74425023b5dfcb88a	0.196	1
comparison-longer-032	3071494d1a2676e2d7d34010c198f85b169400e68cec1baad657727444d94ec7	0.199	1
comparison-longer-033	7282b6ee19d1ca4067c985fa68b6f91f8b74ff25c3e305b32ed12969879adaad	0.197	1
comparison-longer-034	8e66d4a9a710ad7cdf40966e0dd391e88713163106d98ca9170fc4e333449e1f	0.209	1
comparison-longer-035	cddfe8aa9f31e5fcc8825ed620f990cd5fc09ca186cd55c7e69ed44ab27ac1f6	0.209	1
comparison-longer-036	d0615027f7a6406327f10caa2ff2640e9e3e2753e10a74eff6262c23a60b8536	0.205	1
comparison-longer-037	5dc5ec0d615adb26de1831780e090f762240d14664f33cd8f9e7d032d58e8fde	0.206	1
comparison-longer-038	c54eb0e65828e48ac5bff403e9f5efa2ab464886be48e480742e1977a4fd33da	0.195	1
comparison-longer-039	f962207fee50729566862e2886ef29e4149585f2decf4818bc414554cd2440e0	0.196	1
comparison-longer-040	16f0ea2325f5e3396a901c052ad4c721e219b9b4da68ebb0962f8090c704aba5	0.21	1
comparison-longer-041	e368c7012db61bf916c0c587fe0a37763b9efd510c80f17e691c3c543fc82558	0.21	1
comparison-longer-042	6555919802e06e4117a1d15504704ee42d1dff5e903b9d91e534e2167bf18b79	0.205	1
comparison-longer-043	978494fdfd4b499d43d0a2003d215fe2c9cd7649c65067b6879b492c61552d66	0.218	1
comparison-longer-044	f846b947e41b93e411c3d266bf0b57303559d6083ef246a55498ba1d0c2d55a5	0.195	1
comparison-longer-045	8e4c68d69acac37975d3ae02ec49d26b2ffe40c65b8e796a2e406c117564100c	0.195	1
comparison-longer-046	bfedfd07eb452699318d3f9b9961dc186dc0d0f9d0f68ae7a63023cb10f29482	0.199	1
comparison-longer-047	6eb7c82e8e2084544e8a9d5eb92e99b158450a854974b0ca7bbf1cb4b34a8025	0.186	1
comparison-longer-048	854a5c5381ae114d52e315d8c73ab098d98f67ccf4f48ae6aafd9f2de95a4266	0.194	1
comparison-longer-049	01e49d40e17d863c4e5bd83ad2969b3fda71dd89dc0e54e0b900ce30f15830e2	0.196	1
comparison-longer-050	cad668e49b9f9f42ec3ac1a2bd7f2747e05a0e7a85463ec5a40ea49304373b72	0.192	1
comparison-longer-051	aca95e4c24f4a6eedc99bb1d30b2dd48f621e17e2976b3456ccd707d7ac48dd4	0.193	1
comparison-longer-052	59c6783e5e82831134d55c6c4763e8520b7f27f13b7beaa6e6a9aec89a6cc598	0.194	1
comparison-longer-053	055c80c9a4efd66f98696fd91431a0c3f85d38fb32517b4e0e9d808f970c2555	0.194	1
comparison-longer-054	7aafe97e84b7d6ce51c0b760891816239e95a440eb05a03fa713742670037cfa	0.192	1
comparison-longer-055	4284284e070f845ab662450d7d023509fc4978024b07497401458bb8c33a09e3	0.191	1
comparison-longer-056	2c29402f85f06155ad7563b9f9f2c792245faecaa65b6199a6248f6b4054ba3c	0.189	1
comparison-longer-057	8c11d8e2f1340e71a65cbb28c38d8a2ca6dc954d947136087fc3108755a1c55a	0.187	1
comparison-longer-058	fde2b8e9222c04f0f6a307604ea3f7a9fcb4af84f7038828ff4ddf16bf15ce86	0.205	1
comparison-longer-059	fae8bec9b41ffc5d55d28c9f6ecb28f68aa717fe5fceddbaaa0fda603d94c574	0.205	1
forward-singer-001	e6b1388f12ffc257fe8d6e2b590c6e37f0cc0d9cddebd910006441577412e629	0.2	1
comparison-longer-060	09112c98e0c6ab333204738fc4cc301f4ff0ea991fb27626a3f50b86cb6daeb1	0.216	1
forward-singer-003	856db26ebee8214d6a9b2baf61bf5f109501faf840df4b7f5885aaffc295b346	0.187	1
forward-singer-002	5f73930212e6810a7ca8e61c91d2b657a84ac31cb4fa4e5316033023ff578642	0.201	1
forward-singer-004	6da00d9df87f6ae2b68da5e3abbd96356eb779648cb044a4aeeb53019afe6600	0.195	1
forward-singer-005	29c936e5ba29063636c0a28a30daecbe3634c45bb23fc32b98a23220dc36ddfe	0.193	1
forward-singer-006	f379b3998a0c0200f56f90cee1690f5650da92efc47170a6ecc42806f92cdb30	0.195	1
forward-singer-007	44717a894da5324b681d6a5d2643f29cab021e3efb4e1beb60ff38e363f72a48	0.196	1
forward-singer-009	6bd89bbca435d1f04a54b1d95ed623968f8f7a806727d8201fc5eeba8c1555ad	0.189	1
forward-singer-008	dc946d8cff27846edcd933224c13a04e3abda7b5e8fe44195db6beb1b9e5a5ec	0.202	1
forward-singer-011	cfefe98a32188a881dccd731f7bd8e6010def4030caa766674bdfba6e19d2634	0.187	1
forward-singer-010	a9e3d0c7727419cdebd1a6798a728aaba0a7dd962229d5e1dfe736f2bcd6c4f1	0.202	1
forward-singer-012	bb3ad77738173f0e8a290adf2a10c026d8addb08b598cac036423d97be203b01	0.194	1
forward-singer-013	2881c7d65ea67d62d75fcdef8ab494408838f89e7434dfec6ac2752de17bc2a1	0.195	1
forward-singer-015	1b41114881cb9be42b4cd61eb72f603430cc522d9b6c825f6c62937bf2c0da4d	0.188	1
forward-singer-014	887c6991bfb3014b5857d14e24096517b2b363576e1353adc97001a48105d514	0.202	1
forward-singer-016	b7f1b06de40eccbc01ec33dfc5fa0c82920c766c7a7bd6c7c879d35eabe11e89	0.196	1
forward-singer-017	1b327b0b6cc3272a3e70bed71ffb927bd12e6966907472ce2f6832ef6714a3a7	0.198	1
forward-singer-018	32d0298beaf4d5d26896a5b6db94f42b752f8f6dc16fadee397f1084d16148aa	0.196	1
forward-singer-019	c6a1148396efc0e14f360cc781ca8627db21e2604df064bd2d37aacf8f58e8d6	0.196	1
forward-singer-020	694e3236ab936e4d91f0464ce0b20045274806aa07d93e076432f36cedada7fc	0.193	1
forward-singer-021	a8c7254f1f72934d2951f24db329ff2e526b0b3213a2fbf71e7e427898fda876	0.194	1
forward-singer-022	0e2a4ff0d5b2bee954b7d8639361cd6160e83a2c0e83a3822a097aab1f092dc8	0.197	1
forward-singer-023	906d3af451485c73504830b800bbebfeb94f16e1eda86c206b6b03691bdd993c	0.196	1
forward-singer-024	4739547bdc5785e2475b55f40d308ad1c339293f3c939a525e7214fe757378c7	0.198	1
forward-singer-025	f6d6359b3f2275b044c820366e06e5db82dd2d9bb6ec8417f43e00ca734830b6	0.197	1
forward-singer-027	4c5424e2b2b9c4f934b45fd2ac3786b5b932b16aac299404732a5bbb626e18fc	0.187	1
forward-singer-026	8c25aa8a5eb14c9828045a3d8b0b3c1072b93826c32b62a8616ab67cfebbe4ab	0.214	1
forward-singer-028	a2066b65f35549d6862537d6aca617561e9018659c6f8ffdc522f57c4b4b51ed	0.199	1
forward-singer-029	01e5c3120c515bc2059e4b645a86e4abd3f80a71a7ba53f19db2858e5e71a3b9	0.197	1
forward-singer-031	9da7336d8f659ff108217e5eb01bd98fd993b6a2c570d3e92084b9d7b75d29c9	0.181	1
forward-singer-030	64465abcb0bd4c6549e2200e53b26e32ae9290264a8e17f2e26e55872f010fa3	0.208	1
forward-singer-032	8d724f6d9d862a4d6096ebc208ce2f0364cd8ffafb33b32343c1bdce923880d3	0.197	1
forward-singer-033	99b3f5760de171e2e6b8cb6bd106c4ddf3d292fbddecaab67885aeab9910583a	0.197	1
forward-singer-034	bea82ba57e7a49200e405216ae697fd95759b07c25030bbbdf66bd045c58a9c6	0.193	1
forward-singer-035	bb433008e88be64ab347a3368c3865732423b0ca855d631e1d26fc87f3ef5768	0.194	1
forward-singer-037	d613e28c24764179a843e4a47070466b8b6d613564b5b85291a687ad21a6f445	0.186	1
forward-singer-036	b5bdc87616be991fb08511051df08b8a2109c991f0d4532c4a434d86ea6dc7cb	0.201	1
forward-singer-038	9f2f2f57a3e768a225e3ac4042979e637f40de7dc3d6385859de7afb4b3965fe	0.193	1
forward-singer-039	70a82e4b7e07a04c7dd0fa5532dc7d8cdc1b72e01435478a7398f3d2d8f917df	0.195	1
forward-singer-041	65d2e51a336f43d0ac87f0c4cb90fb3a9b2dd12ee25ef49e89a64c50b3f3fcb5	0.189	1
forward-singer-040	e7b2c3d90037c30e1718832898bc89f059f4c9150874580fad9d239aecc1b5f8	0.203	1
forward-singer-042	1c79d590ae7e33f4ee0336bcddc338844b69b4205601f2a547ec5ffd445a4d1f	0.196	1
forward-singer-043	9827629a27060db845e07829bf84c7b14fce1ff8e2d4d1cf56d0c69d748a5837	0.195	1
forward-singer-045	2e83076f1e8445b67aa22ab469d604b4a0428a51807c2334d0822bf123b6cb93	0.187	1
forward-singer-044	4b3d366b5fb0e9977f911637e8db84d1e271f80be82f9742dab84524e44a1131	0.2	1
forward-singer-047	c186970bcddae25f65de354d62adacc7afe0c0b356d640d5cb338ccf5fcce655	0.186	1
forward-singer-046	12719a3f9c8426ac337eaa6b5c5d548789a7a7708a318239defde43c1b4c8a6f	0.2	1
forward-singer-048	77949a32ba55c2ff24c7730b28ff55b1b9e7575f3c17790dbd2983652158c381	0.192	1
forward-singer-049	3e5b38963408496de1eaea0549f2dfe45afe3fa864b19b09e3cb8166346913de	0.192	1
forward-singer-050	a5f9e03524afbf91df44c9a2e2039b23bcc43c73c3119bdf370d05ac69f39859	0.193	1
forward-singer-051	0d6004f40b3dea85f3bc46913b61d4cdca922c055f8a815a0d013386a6774823	0.194	1
forward-singer-053	9782358d9fa377fbaf26579528a1f5da7ad602ea55208025c4608912832a116b	0.187	1
forward-singer-052	c8dafc5ad362dbe88cc2e4f2e8f21c292773031ce5f15e46b49df5345c0fdbfd	0.2	1
forward-singer-054	63848ef31026e9f648fbf41dbdfd5e5e2419d8c3b31d66332c518ea71a42b182	0.193	1
forward-singer-055	98fffb3ad59c03d6fa52c4b313b0fd87d683ba2a5c9505d9a0c396ea43825cf4	0.194	1
forward-singer-056	ccc49b455807096cafb5951631746577dcc7c85a71f0aa232244e291ae169e7f	0.192	1
forward-singer-057	97b91e9671649fb7556c8dcf1b2a1b17ad73697689ae204c670711139de6a3eb	0.192	1
forward-album-001	40bff0efbaaca2307e6e592ec969177a6c97e6357654b148d1cceb21bc888d93	0.192	1
forward-album-002	23ac939a619d3990b816b9023642aaba1d2de606976503119304acbc05ee0586	0.191	1
forward-album-004	7bec0d73800e1cbf969522de6562ea9231bfed9aed2ccf56551d4691af6c466a	0.192	1
forward-album-003	b6cef5edb00d396da64fb766e409d55402ef9a4abf9c0e7d054731895cc85b8e	0.205	1
forward-album-005	5c2d5eec676f7941e5b32c556a41f1772a445fea03f6121097214f2484885ee8	0.201	1
forward-album-006	48f3bc9510fb48a0df203ad9a00d5875374b7dccbc4e17108b4928efcbe1efa7	0.201	1
forward-album-008	e4ba442e3f9098bc25b9ab960f52c92956ba566a040dbf8cd3aa14631aa127e9	0.189	1
forward-album-007	b3dfe5b35ea04e51a337091b49377dfa304ce102fb0566867fdfc61e0ea1172b	0.203	1
forward-album-010	a18c2ae579be1221ddc5fde8a13c223354608073a6219bc42d75d56335740e5f	0.187	1
forward-album-009	1c4d7a989b092e38fa265e1c87d2dfa828c10d896b6f2f0f19db1611bae09a1f	0.202	1
forward-album-011	43e5c4cf216fff17b79eccd9a520825a25a9dc35a5d1a4b025526ba5defa300f	0.195	1
forward-album-012	cec5e139e7b8e65d51255bd385cfde3f74303530e0b8a784355ad92da2d1ab99	0.195	1
forward-album-013	42d4873d63552dca9103b4fc8fabe2601b73f87d127a5bf2d8b73008d6c73b41	0.196	1
forward-album-014	8151e2f747ecc2c1d1289f06d1d961cc3e6e495ace6a10996d5727d96f7303b7	0.195	1
forward-album-016	c55c978e52ca9c069180aee5378bafd7be07dc6cc4074485623e469c28186042	0.188	1
forward-album-015	b77ba0fdd2859d4d5cebf8eccebdf3aac82c519bb1912d69fd2a02d9aa92f99c	0.202	1
forward-album-018	58209cfefb7d39646ec335dd1eb4c658824e31b008619c990fb102479ca7fb5d	0.188	1
forward-album-017	36df8dbe7e34ff5041463b5362755aa0196aa6295ef0716c7c4206f0f3d63765	0.203	1
forward-album-019	317423089ed5a9df43dc6b7d9127f4bba7aaa0f67d31f0fb1e0421ff16e413be	0.192	1
forward-album-020	bf128a8fb487867d0aedb2a9e2ff604d032b5c75bdd844f3baa627faf28da425	0.205	1
forward-album-022	830fc1171139ed0734eabded208752b9ab3b49211877851894fd6d64456775a5	0.186	1
forward-album-021	3073189a7e4831e6c1792de2468d954d60182c4e5720fb328b297e04a7c55a51	0.202	1
forward-album-024	408b3e8c54852f4fb938230b58df1bbf51373c6c3582842af78f7ecc4e6c2979	0.179	1
forward-album-023	fe5785757408e97c51a432f8da9aa135e971c4890b64f06347e0552aad583b07	0.206	1
forward-album-025	8180be35bc9c6dd713dd93b604715f6b1d13b5dbfff5d305f6daba2f2f997063	0.194	1
forward-album-026	ed922c0bbd4090d654510f51cda3009cc6dd1fa28371f57ac8952401e2ea466d	0.207	1
forward-album-027	5f4318bbae2e548f6a013bc77c48b22d13e0327ee4d527781a121a26fb03c0b7	0.194	1
forward-album-028	a989a09e5974a02dc8ab647104303df50b8fb0128247a080c087aa292afef191	0.195	1
forward-album-030	6ad828cf354e5fc9bb0b06e83633bd2574fcdbcd9f9a506b5fbcabf307e94cdc	0.174	1
forward-album-029	267ab24b996b0b7b8f2abcfef6f99f36d0d8404a025a6287ee21568df4b6d8aa	0.214	1
forward-album-032	6adfd06b6b77642c990eca77397bfc4b857e43a8bec624c98e814b24c99872dc	0.187	1
forward-album-031	853c0a91851a47b2502fb02ab8d3d578fafe7435b987651c6d66d5ca06b64c34	0.202	1
forward-album-033	2563f575e84e4b070fd67e26be0550ad5e7ae8cd9f56c9407ee099583ec113dc	0.198	1
forward-album-034	2d532a15854defdfd9da9968a0b60557332e20d0fb36b23ef2c4f8fe576da910	0.184	1
forward-album-036	85fd93cc28f24c525d2ed29c4ae9d797d7c93e202f0a5fc9572271ef03bafea6	0.187	1
forward-album-035	e132fb9da4833f654e2afa8198a5fd0c2ed6f9af322d6b49fdf755f875e0cb0a	0.201	1
forward-album-038	75875035276e69d676e153867feaa5181e7842255e2bec1e9c63655c2b9ccf9c	0.188	1
forward-album-037	31ab8bbdf5a6d21e30e3c6a95defdcf13bb2b29b5a8d0b61ec4863e19ca64044	0.203	1
forward-album-039	4f9393a17114c3c1fada2f600542d883bc510e7c253ed7102f4c0846c45d3235	0.198	1
forward-album-040	e0fe3e4bd6c5977420369dac7ac5b70344a4078d621654c669b76b8c904c6f9e	0.198	1
forward-album-041	7371a89cfa9f04357bbb11690c7ed7db6a23295214148dc8131a27052181327d	0.198	1
forward-album-042	519e5b6fcc4b7a384ceefe5add10a768fa60c8d3973666c5089326e717a65404	0.197	1
forward-album-044	40d29cffba6ec485e56efe634438a267af6ba0b5f964d157ff5932f404a292f0	0.193	1
forward-album-043	ea1fb982a64e57b18d2b1d594dd09483cb9b239c4393798583344e6e5d0f8e77	0.208	1
forward-album-045	4cd984a34c2820dab0dc560face5d080825e58394c02da39f518b6187fb1fe5f	0.2	1
forward-album-046	ea0100dc7410894778df7fd0d633d830d0c7de9e7b106d051f5d624267b093a6	0.2	1
forward-album-048	c2e74f27d24b2ea48ad5daa4142a19939986e0b5ed03b9bf55692b07a0b1d82b	0.19	1
forward-album-047	6d0a19c799accb0bafe7ba3894a85d46f1124c5ba977b69e5fbeba2a41b76e34	0.206	1
forward-album-050	f9a5ce9f75a34f3bcfa80a6fdb9d6d509c28072c5144c64f364247457677a6af	0.192	1
forward-album-049	f7d363b6cb5f4ce1f8bf862bbee2dbd77abab90909debb7cd7749dc2bc932d0f	0.207	1
forward-album-052	20fe02a337f800cf26d0b33d8b4405abd979f38a2efa7907b4e7de9661450a73	0.188	1
forward-album-051	9a03d02824bb9b2745d4c051a4c57a4fb88809e448e904b0cdc24de3bc1b7fcc	0.205	1
forward-album-053	c9901d4b50e9dbe68b347063670943b7b62937250805444b6de29b2cf99c42c4	0.193	1
forward-album-054	b5051c8e4833f146a5cea2aeb04e87694baadfa09693eea58bcc83556956b3ba	0.203	1
forward-album-056	b55aae82c4dd040fbeb16e385682c60383c4e9a7c7104818f7c946978efda39b	0.186	1
forward-album-055	14a5d44e786a9fe94bb9cffec6c0ec94414b5bf5bfc2900d889ac616fe1482fc	0.201	1
forward-album-057	5d987f5c4fb7445c11d118206e79beefc53c797cf47a1dc4dc4617bcdd7b4ef2	0.196	1
forward-album-058	ac57f537026fb7886618ea9d7e52df9a8beca32191c327e6f36a5b8369cdee21	0.185	1
forward-album-060	43d54f2777e952b3785ef336a79091846af7df6a48ae832a1b481f152460cc81	0.188	1
forward-album-059	a16717621882a7fa4494119903d3b878cde811333c07d9952c0f5075d93476ac	0.201	1
forward-songwriter-002	d87628fb0a9fd88961257278b3f81debd54b7181ff82fd5d6c659247078841b9	0.186	1
forward-songwriter-001	b3e050a043c4595700ff0a899242cf68806d6668b485ba21a8a7140ca2a2c304	0.202	1
forward-songwriter-003	f9f9a33c4132bc22f9b6be7bf1500cdea54998be2ccfafefca96a34e7c061d26	0.195	1
forward-songwriter-004	ba44caff75f14315c23e15cdf6e59a21a9fd4759dd5d9e0747496fef3e635a01	0.195	1
forward-songwriter-006	cf27852fe170e30341e8cdf025aa967c593c90d804cb1d807d856a17f1fc50c0	0.187	1
forward-songwriter-005	e8d6abd1cca406f21e39072945ed5b4cdc1d92f96bbc864bec547f1f91f4128d	0.213	1
forward-songwriter-007	d1938c474fe3267a497ff0b956e7318b4ebcde5a24644cc69295aad801b860f8	0.2	1
forward-songwriter-008	713873211184b60cdbc1d8e83cac9cca3279d4915e6a6df6392a57991b44cea2	0.2	1
forward-songwriter-009	b41a91c79849eff127a33dec4a84aa0248169bce132a5476d75e8a6e226d5d9f	0.202	1
forward-songwriter-010	9f93b02c64a14eb4bc6a17208a8e1be4940399586688be9b65bb6e77f27c0f9f	0.191	1
forward-songwriter-011	e885838552f67709bffa651bd74b356a37582e312d258d4d5ed189c9a30f97c9	0.195	1
forward-songwriter-012	22ce6f33b58a22dd3dbf0cfa7585b2fa7a1db85c50d21b758821541db686c8cf	0.197	1
forward-songwriter-013	280eb8de4a6010a156bad823ea030c06c5fcd73fa5093782805e1d62b4946504	0.193	1
forward-songwriter-014	c6b6a332962756571aa407d83aac93c7978969ddf83e9476f4a57f9437e70176	0.204	1
forward-songwriter-015	f48a7dd386c75a6db2d536779d55abe101e4f7e9dc174d063e3f6997c7a993c6	0.196	1
forward-songwriter-016	48895225c8d17ee42e092ae219c7ae56df2fd8b38595b2e4c78d2c0e35452d4e	0.194	1
forward-songwriter-017	d76611f19b329967e5a0cac25e67e739772a9203dcd11610f6e15778746c673c	0.197	1
forward-songwriter-018	2737cf3c8e6c821bceb437554ad98a53619037aafbdac1946e80b7881a071b13	0.184	1
forward-songwriter-020	d8e65b2254ca28136ad65af79102deaba3d869261a783d0c50f649da71ce78fd	0.186	1
forward-songwriter-019	ff71907d6743bc60db7b723807978ad1b8e2aa80afeca2eb269188ad8d0589d5	0.198	1
forward-songwriter-021	831a5e0025e4ee9cb72ffe0da625d27e35587470e7cffef34f89fb6b83c93534	0.192	1
forward-songwriter-022	add4b44541b90ffe29a9462f3f9442fadc2978ab715afa7b0ace456cf00ff0a1	0.194	1
forward-songwriter-023	9a6c056a9c997252ca62f42fb0ea82dd07f4fb3ed3ba09f4a1c021de63ddc538	0.192	1
forward-songwriter-024	421aadbb1c192be24848a07a2dd65dd737f7f58873799c866c35e8548715c907	0.194	1
forward-songwriter-025	f4ff9d8d0cfe794d7ce5be4873d0a277c2763eed2392154089c014821ad62384	0.227	1
forward-songwriter-026	8859137922c58d7b1bf3f3a00326c69d1b099da982070f3796fe1b838e1f7cbf	0.227	1
forward-songwriter-027	3d65f88ddb9c47ed16bac768f79de9ddb7898753ef1e0e3642fff1c7b67648ad	0.233	1
forward-songwriter-028	4322c0c32468d63fe5f2884899925ac80663953055f178ad685de71d50e835d3	0.231	1
forward-songwriter-029	1d40438407da3a28d3dbdfa747e6387af9556bba3547c368233cea81cea1960c	0.199	1
forward-songwriter-030	4de9533f76b4bface6cfe54998458a69e453c84edd0e351cdf66c7d10f7c4cc9	0.211	1
forward-songwriter-031	9c1f42d6f7544deebf70acf3c5e0168165bed7dc95fbba7bead057aa008f4d13	0.197	1
forward-songwriter-032	ac6afa7b8cf62fff4887a0eb3462d29987419e22bb2bb3abb1eae86f32114f1e	0.196	1
forward-songwriter-034	e1f2c0cab16e41b14203e89c23e0dc59bfa2ad0a13eab2ba54db3fee33a56fd8	0.175	1
forward-songwriter-033	38de0b592cb6956d8c041d9ae2ec027b1ef9d324d81cc698b430221202c94776	0.214	1
forward-songwriter-035	f9b9573ea259c8c16ddc6c2efab5697a6c270c6c061e5d00e2ee472dff21063d	0.192	1
forward-songwriter-036	a727605f8b2f068a5d2693547dd6a4011ce82ecdc112751c526588e958e3df7e	0.205	1
forward-songwriter-037	e39a210498676748a321a5fedd414850ce8bdffd9f77503fbb074ee58674510c	0.198	1
forward-songwriter-038	67ef796063ca7d24e5e2691d5f3d1f04263a96df2074fae9dcad39769e41b607	0.185	1
forward-songwriter-040	8f47282d96fdf07b87e9a5fc472f7d759d6d2fd4dcd79ee656ae342d72f53334	0.192	1
forward-songwriter-039	863ea38dc28afbe915975a4f7bae9ef6f8fc5c70c138bb6f72d10822d814cae2	0.218	1
forward-songwriter-041	ba16b77f4e4f45e9af6d294570f20bf8a7974e69e2a9282834994be1948d1038	0.206	1
forward-songwriter-042	17f002e5faff31045f42781e689e1029671621e2a42a1e697a08e6caac5213a0	0.219	1
forward-songwriter-043	61c7e217c50d810c7b9fe54687bd8e086815cbfb8c983d50448280b279bfbe64	0.194	1
forward-songwriter-044	d7463ec47c095dd313479aa39ab7bd0b4b393d96c689a72511ce71fffc927916	0.194	1
forward-songwriter-045	c239c1bac6204fd7e50a4b6b0e84e1d5fee336b595211ff294856ed50f09b83d	0.196	1
forward-songwriter-046	cd9b921334e3468024044cb80ace8541153de24a1b27eb4e4dc473277bcd2533	0.183	1
forward-songwriter-047	4bbf3742c0735a7969d7ce3f43a2ddbb6298a9ba78766520d92d39e3601c4e9d	0.206	1
forward-year-001	e5da2f118f6c3e695a06f4d88511f72945a35b925387a5794c92aabd5df8c4d6	0.206	1
forward-year-002	a7d691b2f1e4db2c273865548e15408db45b58cb4959fc737d9f889ddbaf4585	0.229	1
forward-year-003	1550c5d0ac5420f749a1cd140adca5a09f1bff41b27ef472ed87488fbb7694f6	0.228	1
forward-year-004	28be32b563d9ea5d62c8c2f39ab68b50fe4ed9aaa67113775bba9b467397e29f	0.239	1
forward-year-005	a181cbeae5d075468018cb19160452a2d36a17a11afbff945864c89a51a2cc92	0.239	1
forward-year-007	84e4348ecd85667622cb36c133ac36c5f23e082784f9d7bafa0ec70c4e49e070	0.233	1
forward-year-006	e6991c9ebfb4af8750e9b970850c0bd861300eab6ce89878e20111e04e3e6d44	0.245	1
forward-year-009	acf5a21c4680e11f1624409d2a04c408ac5ad37c8111379cdbafde26a9419f5b	0.231	1
forward-year-008	e9f0d53e5b1adc7f67fdcc785be5eebacef51314024c4ee7f10bf27fad925537	0.246	1
forward-year-011	ee599f91840655d44c64c275ee3d884b1a4c0ea395b2ee2512110d56fa6f7f0a	0.233	1
forward-year-010	42e54024ef4f7d413145db10e2ac730745682e583781ff4620aad4137349e0a4	0.246	1
forward-year-013	40cb6ae697457fc11d7d86a8e8486f9d51f2ca292721ecc3d1bd8f4c9c8e5207	0.231	1
forward-year-012	8d47d4a886a30c156dfd40438e143704ad12c7f803d6d0fc5bcebae95b05d913	0.246	1
forward-year-015	a52f9be880862030e15b78515d27e512d7232a9a5ae8b540ef15a37eb650a014	0.231	1
forward-year-014	d283b762d59178c48c8dd288239320d5e7fd1f913fc56d36342e8e32e68e2248	0.244	1
forward-year-016	f17dfc4c0b45ebbe175a5fabecece849560536e78142295e62ac2fbba380cbc9	0.237	1
forward-year-017	bf93c8c81b699f73f5eff93a1fbcf73dff89b0daaf2ce59b062da920fe0ff377	0.239	1
forward-year-019	d2b0f5e010f236d71fc682b9efd0be8c9f1eadc85ce3753b7d53500fe07bbe24	0.23	1
forward-year-018	322850001e3208143045ee5d3d5d458ec0e05c38dac2dce222f19ebe2ce38692	0.243	1
forward-year-021	728cf7ef1d735e04da7b0dd79b6fd651b2384b2cc44e3c6bc6b20cdeab5a912f	0.229	1
forward-year-020	cef8c392a35345cc33c3ee6318be1c5eee39ed0dc963bbdcffe16e5441bf2c84	0.245	1
forward-year-022	8d1b4e99b95d459ab1bf94a55368b1c2cdcad2c263a3f99eef4124a7ac0a398e	0.239	1
forward-year-023	57926f571dd744be29b20cdee36d0f80a84d2e9185fe986df7fb9b4f42b0048c	0.239	1
forward-year-024	bcc515e8e9e8534779829499606c605db1f90db58eb21e79cc059ccea263c082	0.237	1
forward-year-025	3931b33b2150ec4299afb62b6fcfe0337f96fdb79343f59f6a9b67679667dd41	0.237	1
forward-year-027	445e6be3ba6edb264edf4ba6abfb0f75db4d165930544e23661cc9db81168566	0.23	1
forward-year-026	114140331ba39d76595572f2fbbdd94580f0cff0bb26db36547ceef912b53943	0.243	1
forward-year-029	047e22f172f23fc98a386b9162f8952aa733a9d5977739f43b9172721348e85e	0.231	1
forward-year-028	868154bc3c1899264823961921d390f66666600f5d9943f9eb3515add0fb7ace	0.244	1
forward-year-030	ec73ca5e385d408705787ee3732bd57a347eee49f7d0345f257f1c21bb5c4168	0.236	1
forward-year-031	d77f02451072019fbe0fd331cda87b1f93025c60c63fff6bda49e9ea145acc9e	0.236	1
forward-year-032	3b3ef3e1e54b7986d485c2827922c125f9593e9871caa41c1d83730ec57bfcd7	0.236	1
forward-year-033	574f25080f4b0080f91e30f2be0ef8991107c83f9e4ad3ff1613558d036bf7b0	0.236	1
forward-year-034	60830d34555ea32152b66e9f08bb6344cc2ebd642c04fac1cdfc326af503f298	0.235	1
forward-year-035	295604fe901d8f84922d1d86ab9e20e2a5e9707c05d4f8817e1c8c77d2f017cc	0.236	1
forward-year-037	6414bed9db0856fb2b692d2ab75f92f12f4e9a542ea666b8a994a895c9d01fce	0.228	1
forward-year-036	064a47bdb3dbf3a3d20b9ceb468ab8143c5dce7d2e1da9bfeec0aac11803ed72	0.241	1
forward-year-038	168754ce7822850160c86e154a4ad76d475b2bdf149e3fd215699098235cd89a	0.235	1
forward-year-039	0c39b3d2edbc9d9c90e2f653f9496a0b330531fed3ee21cd2c5e77d1cb9eca3f	0.235	1
forward-year-040	0bed603f70fe2d52bfdd496c87b15b07b82b0bb637eba68b9835f87564035cc3	0.234	1
forward-year-041	4ca59e94243cab6474aa041f1bc46fd20a0a13a6c52bfe53141c991003def790	0.234	1
forward-year-043	ffd8b1307def4f2c524846fe70658cd85859645a9965c82ec6486290c0c94381	0.227	1
forward-year-042	da0de9297bf0f4d3ce4aa36fa12c2430eaa20b6d478050849de4dd4eb4ba03a4	0.24	1
forward-year-044	b085f05c1b4d7d4bc51f331655eaf2f187d05bb2c894d4396fed9fcc98a22b19	0.233	1
forward-year-045	db6f6d5c45a20b1bfc19637f61b67e4328b90b8eba8898feffa03d12c3df9252	0.233	1
forward-year-047	3135da2247b05db69148369f27b27306cc472e940828a9fa451663ed89eb270e	0.226	1
forward-year-046	4a58a259278bea67640c0e711c4fe9c1e396e646743ffdfb7ee69aa2db149706	0.239	1
forward-year-048	089b3e1b747d0459c176ae3ec4a499da8b4c83701976759645a4942e1801e79c	0.234	1
forward-year-049	c3ec12bc0e033cf206c1ad37db6816670c5eb2fb6a8e036cf57c3c5f3dd51453	0.234	1
forward-year-050	21944a6c5244b2348dfa53a7a6b097485b2270b335f4b432b3e381ebdbb19fe3	0.234	1
forward-year-051	63e6e9e481d345098b992f2e492b62109ba433a9820be215c3c79ff4e27833e6	0.234	1
forward-year-052	6426a2628f577d4fa5611f0465fcbf8b1c4da1800c945aa6897d6bc79d8b8f97	0.234	1
forward-year-053	34663ef20f3059ce0babc8baaa579cd5ef4be1d1e8e160e23126dd0046792dac	0.234	1
forward-year-054	fe91ed4d145b47d039cc81c8a7c0c637f0d89eb0e3cfb93897a24ae2301005c0	0.237	1
forward-year-055	ece33ff89dcdba92ffc76624da690427b5a884a9f3b5fcf2019505797ccfb9a5	0.237	1
forward-year-056	2ac5ea10f3da521fd9d53ab503418b7250451cd8d0dff8692f30621b0a9b51c9	0.235	1
forward-year-057	d84e08487467055cc18ae97b099d57224c125109f2456fadc2a9924d103c6c81	0.235	1
forward-year-059	5230ec136e7409785142f16a017bc784b402630de76816f7d29f2b8590f4f48b	0.228	1
forward-year-058	3881058ffee83e269a449835b4f99c351ef8d2eaf2d7dd5347ddb6e11273e227	0.241	1
forward-year-060	fdd6b09f5d011bfd0e6a276fdf965e6b822128ff14e27504597331d1ed2f3ad9	0.225	1
lead-set-john-001	a6e07ac8025608e07af303eff43f57181861bd4d94e01098ef8704a01e010675	0.227	1
lead-set-paul-001	636be5551bbd5231d22fd87fb729792f46efc7d3550707b4da28c85030b8f92b	0.169	1
lead-set-george-001	13fe3dc9a79d975de58e800c7794d30b56a140acf2df8272a796dcde871f5ad2	0.172	1
lead-set-john-002	92dd118a0f4ff7df1938b445c9f3de368a6390d6ce6134c3b9581f1d45b66962	0.134	1
lead-set-ringo-001	a5c41a211c46e1b38c32eeebe486db04c9d29b3bbfd8f2e5fb1fb737b54f3b9b	0.151	1
lead-set-paul-002	e06e7b8e292370f2e43bd711992279d28ce1eeb9681e650581e722e521159a09	0.142	1
lead-set-george-002	a15ac908873d638c958fee43358dbd4a29778c7c906618b05f5370e26a45f763	0.14	1
lead-set-john-003	f092f2de2f52e0d8f798b35425f7678fcded105fecdcaf8223a6e37e320a1884	0.133	1
lead-set-ringo-002	81d4fd4167e9a273196d5aea067925bb3e466676b4e76db1be668aceadadb3f7	0.15	1
lead-set-george-003	4b591fb704f1fa51d6f02fcd102341a330df9c942d71dd820b34af8a887cdba1	0.134	1
lead-set-paul-003	43a92f35be6f396250587cf67a28bfc406c7f3828b2564cdcae4c0b9b15eba35	0.149	1
lead-set-john-004	5be6dc23b06ae6ae6a3fe1f2e704205c14a0bd7fe4f0ec104f8e2501f26d710d	0.132	1
lead-set-ringo-003	a29f09a3b2d02dfba59ab7bfaef6d181ba2d14d045c774e144be996edbd0d5dd	0.149	1
lead-set-george-004	873d19092d4f7c38fb0b743d0e081cf01a452d29bf02aa1143f7fe05f5f4a749	0.132	1
lead-set-paul-004	3506feb053acee444d60d54961411b68a4b135e1d9b661b5392b33081dd7c0c0	0.149	1
lead-set-ringo-004	d5938d10fb7f506ac2b4f2ae956f69bde724d66746f6a0d77ad15fea3fa00db7	0.141	1
lead-set-john-005	6e98711637235c8bd92421a4ce305c52507d028498d95e88f469069c3b52f981	0.14	1
lead-set-george-005	35df2084f748a73c565d4b0a8765944ef432a41711b99eadb2c374ce79279341	0.132	1
lead-set-paul-005	3072c50e8468d4e624e8b124ee5e01ee7dc89089522cd1a79dae27fb9d7dc9ae	0.148	1
lead-set-ringo-005	7ecc88397ea437341e6c23e3adf750a914d24159a2f7454262b81957975110b2	0.14	1
lead-set-john-006	4961572ed0c5d2f380c7975b8105529f8d68e6e3f1b1cd5d3d9e409551a47d86	0.139	1
lead-set-george-006	0791d18e27f66cbbd90f8de1c5bf2302076f4732188e84c29508a51aebf42ec1	0.133	1
lead-set-paul-006	efe56109423c3bfc9f1d8b657388736fc38bf479321fdb586b730e9315f75432	0.147	1
lead-set-ringo-006	4af4dd25bff36f96ca05d9ac1aeda6e434facd37f7bdd17add2b3a86e62f3412	0.14	1
lead-set-john-007	6e6170b9c8f5865802f429df4d2801ac6b0be62f3d4510e73083f7c27f016582	0.14	1
lead-set-paul-007	4a3033d80ea4ed4064337dec59455a868e1bbf7ba78f798efc495e877b7e248a	0.139	1
lead-set-george-007	2f95093adc01bd0887f521c6e5698fdb2efb9c2c46afea86d891e412f9a38623	0.142	1
lead-set-ringo-007	8544db2d3264966c9ac4b854483c882f3ab2fdbf6941a835355a9fad445e0dcb	0.14	1
lead-set-john-008	fb021378ae783835b5fbebc3d303577edf8c4b36ed822d46c99de565af830aad	0.139	1
lead-set-paul-008	1365a6b88e98c30bf7b1d0cc43d76c765e77f1ddfca2dbc2d3934c0724f53261	0.14	1
lead-set-george-008	2aa4e20c6c60f53dfb8bd5c670a68e371c41c6011ca54ab9a3d57f91c415312d	0.138	1
lead-set-john-009	0b0f6bd5d377328b196af9f642ac3071c14fe128951df1f14b5617f90970d85d	0.133	1
lead-set-ringo-008	df5208253c80eecff1e0e3502e3436007538354dcf16d18460f204e3d8ded148	0.148	1
lead-set-paul-009	120ac4545c0201248eb4bf70ea26a3af878069aaacc74d39b4ca5d13a8b9e4a5	0.139	1
lead-set-george-009	a016e476b3b1b312b9a8ad591ed35b9cf26e878a40e8ed2f5639e4f1cd92ceae	0.141	1
lead-set-ringo-009	db9cfec9a9ef3b6a6a48f88afe00356c3978abb48b1dd2fd3dd43bbf765f0a43	0.14	1
lead-set-john-010	222e7beebc961abe7eff1f1a839d990eeea06a318c399be28a2f82588f2d4231	0.138	1
lead-set-paul-010	b8f07bb3eb1aa7bbae622e887419dad519164b8eef3a06ceeddce8a3fea17a93	0.143	1
lead-set-george-010	56d105e67bef1e5aced0d2d2f5869e4261752b78b5da4b3811509654162319b4	0.141	1
lead-set-ringo-010	7cc6b0f78d5f6ecb5a854741d41c4b9390e7b7346c5704f23c7bcbda5799db1a	0.145	1
lead-set-john-011	40e8166c05ee24eb696673cc8b5ab257b6a81af00b504b1cd33c1ff8d21ccce1	0.147	1
lead-set-paul-011	8ff984059e85094328c3ca56f19f1cbfe4ebac7c5d4a55fed3438fea1d96f64a	0.142	1
lead-set-george-011	d613f30aa970bbd9dc2a356b289371243c2471bcd08942230f45f0eb6cc576d9	0.144	1
lead-set-ringo-011	ee44e46b2eacc3f3ce5d543bad2844f324d3438ce7166e7b02fd2b46501f36b2	0.141	1
lead-set-john-012	67f1a75d280964ebecc12eaa0fd38d4527e7a5f0d18bc31d4a7f5db2e861d799	0.139	1
lead-set-paul-012	c7ad977e6a71d38bbb031f156fc1a0f37051a604fb0490ca701177f21150e436	0.141	1
lead-set-george-012	61e242f3acac11d8839d08aebca538aa4d10eb01d5496aeab164d066f04d9769	0.14	1
lead-set-ringo-012	ac8b7d51c9d290d5449894c2c103446a8ba215f0be4255f430e46f21d666d1c7	0.14	1
lead-set-john-013	04c9b7261031923a533b5bd03e12b3a4452e2ac38a7b41a18dd8db12c3dc6b7c	0.14	1
lead-set-paul-013	50a0551eb802a99701c43adcd0e7db6894b2e2035ee5252662245ebddf7a7c96	0.14	1
lead-set-george-013	8a301ce2018de70ce41ae65985aee971e1335b263e8612bb0b639423564291cb	0.139	1
lead-set-ringo-013	09d1c04fa99dbf181df75696104fa704b77b23b3ef96e20cf620cef321297850	0.14	1
lead-set-john-014	b17e71f84feb04f07737c4cc581e53d82edf76eda3efa691897273b9d471b338	0.141	1
lead-set-paul-014	7bf5e3eda19f25a9be26f6261199899e3b2a9d78609924504e91f9b516242686	0.14	1
lead-set-george-014	77085228e688dd4769a5e896021674ab30ea7c035ef56f040ffe14a663acadcc	0.139	1
lead-set-john-015	8439daafd3f70f84aa88fc5521834522f011a62ad635270b42634dbe02aa7342	0.132	1
lead-set-ringo-014	54ace359bb385ca77cb4b991a7365b05200dd28fdd56fa38343a256a90603ef7	0.148	1
lead-set-paul-015	a18c006f381cd49d3c7695b07d149de2dd3457180bddf687c9a3b2344cff448f	0.142	1
lead-set-george-015	b9c830705216603ef4e70e0ce6b248633bcac13d1f91295a825e0aa72cffe14f	0.142	1
lead-set-ringo-015	52144219d41c6c2341c58ea8565daca17e38d31c53ad6298310cd230cc59341e	0.143	1
lead-set-john-016	7ee8bd96a0abeb9cc3a03ab29176865012c45c3965ee168e83fb0b5381c5e80a	0.142	1
lead-set-paul-016	06d51e369460fcbca4b7ccd04eb86f186c4dbde59ec541120f988376a2cc7201	0.142	1
lead-set-george-016	6d87088314702fc97345a8b68967a962cb07bdfb39b3527ee8fe684fd5bbc456	0.143	1
lead-set-ringo-016	84bfe6405d97d4329e55ee697ea9f329351c7f6651d04312763f4ca5fe9d44c1	0.141	1
lead-set-john-017	bd10d89d9b718b4075729e53c58158bfadc488da694b66d9a1a17dd2a3e31647	0.143	1
lead-set-george-017	0992b4c2341889d0a477621b19ae141ee885bfca73d457203525a907132ce723	0.134	1
lead-set-paul-017	6f73f2fc7cbbee56e630c3bdad8d570e64eb61db1b6140ae726bc618f22fcf26	0.149	1
lead-set-john-018	ef7c7f91d426b38effe78e66cfd48643b25893a1770181a7d6b19b9d65da3379	0.133	1
lead-set-ringo-017	83deeddcb92267253287e36350bc88de08135921cec946969f2afaf845f09cfa	0.15	1
lead-set-paul-018	b1b9f58cee5528f9b377f3730bae25a8fdb0f2b13a40888209067a1c49894334	0.141	1
lead-set-george-018	44d520c5819f823d711d3b2126be555e1795c09940b08a0029d1509e359ad872	0.141	1
lead-set-ringo-018	20ef713795c668aa8182569b8b4a15fd739d0550b59f5d79ac2da4bed31436f1	0.142	1
lead-set-john-019	d39aa22bcb1c965ddeb14681dbfcdbbc09d21e6ba49c5fbc9cb844427bd706da	0.14	1
lead-set-paul-019	6d868644ab35346571f270f92419cb113f3d7edfc16d69c0c8616d09641f019a	0.144	1
lead-set-george-019	762fdda36cc902adf254f748569861b22e671187ae2e4bf49b8a70f91c3fbca3	0.144	1
lead-set-ringo-019	59c1ec7d66801b2c6562a62ef9735798c357ed01d40e2ef6345f8a8653aa9bbb	0.147	1
lead-set-john-020	cff455331c8e4fbc1a657361312161b35ea56bcd5575f390d089436a1676669e	0.147	1
lead-set-paul-020	a2a7a157ac9f4d697bcbc67ace5b33c9ee1ddf7480690f5bb0b708b9b781a1a9	0.146	1
lead-set-george-020	b26ec25eccf89c497984ec01a4804d5990f65aa784f6a34ea2a43ac4cc1257ac	0.146	1
lead-set-john-021	9dfe3228a935910e839c7b8346477de03414069bd3f8a29353111274aa881822	0.135	1
lead-set-ringo-020	4790394f4597f6cf0ea6834dd2a791ba77d79eb6aba81a1530dad87a9e730804	0.151	1
lead-set-paul-021	bfec5bc8c2bb75fc9d4ee6a10202b4d0228054deedf6c99a593d5382015e0e38	0.141	1
lead-set-george-021	954da1be192e4cb4303ee8c88639aba04a76745cd97aa78948018d6ed35993c8	0.141	1
lead-set-ringo-021	e3cd80e1ff364a83013e967345888ff0f57ca245feafaae47a9bcdc27e973b17	0.141	1
lead-set-john-022	3f17009a9ff441dbf7d91a951905fc59c42d3fc795ad644c19386fd2e0976e5e	0.139	1
lead-set-george-022	ed0823890567ae5dbadec94dbeea11706bf8a6fe79292076af75d36747052311	0.133	1
lead-set-paul-022	0eb9b75d88875a4bd40bc81662fe2cc55b466939164b727debdb06111d978d06	0.147	1
lead-set-ringo-022	565c40b1acc7f3e92dbab4f972bc5b16a737853431be9aa0cb5c61230589279a	0.14	1
lead-set-john-023	e23500eef61778a5fdbd5fc54990ed49bf78cfccba9201e1cf247cad85d77b4f	0.14	1
lead-set-paul-023	32dd7d0c3f2d89d68bf9a95406554c0b0ae263ec769e1d301990a316f2570e1b	0.14	1
lead-set-george-023	874f7ed7e7f8359fa975d64140a69149cf429edaa4139b2c796aa972d67e3288	0.14	1
lead-set-ringo-023	ba5b758e6c6192a86b02a0280f8bd6420c0a5b22b305d1e0310110cdc702dd49	0.141	1
lead-set-john-024	2b16fd360de86c4f7af85df87bc40eb2b03059c94e541382ee1ef870559cc485	0.141	1
lead-set-paul-024	9722587054578c5eadcc5bfe49fb73fc28a87a357a7e60408c8034a78c8e5fdd	0.142	1
lead-set-george-024	cded23512b2b14c8b2bf0b4344785710ebcd53cf8f1b1b53ed754a0c6a708468	0.142	1
lead-set-john-025	be2d64088790b2e0c676e2b775f472bedbad2715341495264aa79d026b17b6be	0.135	1
lead-set-ringo-024	e76e3a9a738f1808b96934b21bd179816f1da90b3675e9084ea755df4bc8ac3d	0.15	1
lead-set-paul-025	cba92cce0ae07aa39e8ce9473c0abc82efff6f50e4331453ff977f23dfed9183	0.142	1
lead-set-george-025	1f2517619b9ee770cbd6d1f759756f6fccdd1051b4a85a0f5267543e994afb09	0.142	1
lead-set-john-026	a7f1d806b791ac5b9c2f42b1a18fa6f59ff9f11b4927859959f49ac12304af06	0.133	1
lead-set-ringo-025	770f72dd572bbf04978ae061cd1215fc5b12328427a4f1f55a39d2882a9c4309	0.148	1
lead-set-paul-026	ad8f8be431dd0962d3ee78b90e4e973727b767eeaca002d0f12c467deebc136b	0.142	1
lead-set-george-026	526419f15c8aa35ba69d57ff29b4c78cc55f45d666183956e6355c54f0125c47	0.141	1
lexical-trap-control-album-to-song-001	807ae05366ddb446743bcd8e8e05cf94f9f13cdf466969f6587d77843e96898a	0.137	1
lead-set-ringo-026	35fdbad616ce1fa1d9869a1901d45a41ac48ea176ac327644fdc8badd298a1d8	0.15	1
lexical-trap-control-event-to-song-001	f3d8b9909131d4624922a4c33351401bf577f620104784cfe26030276a7635a9	0.179	1
lexical-trap-control-album-to-song-002	b30b80b9fb929b1b484c7f56ec80646985fbbfd771ac795e36daa6aca2460dc1	0.178	1
lexical-trap-control-event-to-song-003	ffe143432686d8a4890a6eee5b80d01c8ecd71dfb2a57b946274b6a92a68aaa7	0.156	1
lexical-trap-control-event-to-song-002	a5e0ecd44f37d1644d5c8cb5412e5f7956aa050f43ecc0d10097539b66f4a755	0.171	1
lexical-trap-control-song-to-album-001	d9341da47aa0dc421a34c0987341c06d3e3050646454004b26a8d5d46ba891e4	0.158	1
lexical-trap-control-album-to-song-003	b7d9410c39c86776ba10844f3a87830db4afe2143bb22a13266bd893425123ef	0.171	1
lexical-trap-control-event-to-song-004	aa831539b226174358f02e33fa9d77bcffa28b09114afd57e4e103c1a4216206	0.173	1
lexical-trap-control-album-to-song-004	c538920486a30af515078236358bfd3d424ede8bb542a322c90f43b3d2a7d502	0.19	1
lexical-trap-control-album-to-song-005	d177a10e7ac60b03dd889cd0ce7974df6e5edc2e690f1385364911b3fa47aa2c	0.163	1
lexical-trap-control-album-to-song-006	dfd1913b6caba195e1ea86be31abadc0bc168534094f671821bb647462612e15	0.165	1
lexical-trap-control-album-to-song-007	a575c1416ec3f33ebad140a28ef12121dc8e74288ccb2584e41c90dfc136fa6d	0.182	1
lexical-trap-control-album-to-song-008	d98cc46360464508f5d3e50e1455e9e0c6c8b2a2f124f3a3d5479a0cced47c2c	0.18	1
lexical-trap-control-album-to-song-009	cb0235c6984d092291bcd6830ef1732aee8e1d432cb27af8bd996d5a668d4a98	0.183	1
lexical-trap-control-song-to-album-002	80e6b671d2ec86a67a14ffabd07e64cee8760b8abcf79a3779aa60245f048ab4	0.182	1
lexical-trap-control-event-to-song-005	689569062ce2e315a013ff85bdf85ad9602642ce56d678f2699b1f8c8d7fdff5	0.18	1
lexical-trap-control-album-to-song-010	f087b6398524a881268388623c840931b8ab786dd55ee07c31530351af381508	0.182	1
lexical-trap-control-song-to-album-003	4195158bdb1eabc89b618530bc16c603de893785961eba67d21edb3df8f7ade9	0.196	1
lexical-trap-control-album-to-song-011	a563d54ff283eb2610c2ff6d0e90a0bbc8e07841efe74eb314d4c68a5902388c	0.195	1
lexical-trap-control-album-to-song-012	e3127ca6f5bd529a69760b388a648cc5106e192131c1c0c88ac6c53d15362362	0.188	1
lexical-trap-control-event-to-song-006	3a7d67628acfc0aff03bb146bc2ad7c4d4e2b2a566aa7f4c5e6109e178e0a865	0.204	1
lexical-trap-control-album-to-song-013	2a97c9c41abb494f89a670fde973af18663e166ec4d969df07abefcba43451f7	0.199	1
lexical-trap-control-album-to-song-014	95b9e25cbaa8601a70bfc20a68115deacd422cd5fe7d7f05eb3881b9cb7e032c	0.199	1
lexical-trap-control-album-to-song-016	61c3c40108b3f89f5c9815fdb668fd8ab3ee68a1f17547e6dde9e84546142155	0.175	1
lexical-trap-control-album-to-song-015	ba3b1d81cea3889ccd15e187a0006886811ede33766b1ee7bc1897de6b977fb0	0.19	1
lexical-trap-control-album-to-song-018	44936ee1b598764a9f12f6a971964db52332b8a0c43891afb2ab25ea2e976e82	0.14	1
lexical-trap-control-album-to-song-017	286746074ce2dbc297f24e31580b9cb74ba74366e36474043196f9a581d3a140	0.154	1
lexical-trap-control-event-to-song-007	f87c4e81783a27e40b515fcf1a8a1ed1f22ba30d578910521545006492b16f24	0.153	1
lexical-trap-control-album-to-song-019	bbce5a8b30dd90aec055e6e7a010a645540bf84a418bfa1faaa21f037904a65b	0.169	1
lexical-trap-control-album-to-song-021	c134b82d30cc35d85938264a28b72d4497cfd9576b0deca23f09b395057e596e	0.173	1
lexical-trap-control-album-to-song-020	e82aec0106ea8853ec67755a1078c1647b2807ee2405ed41f98d8baa30f3de91	0.188	1
lexical-trap-control-song-to-album-004	57be9a8f62935a3e774af9ee873912f9efb0c5b27b4e40c3fb71fa4470af738b	0.164	1
lexical-trap-control-album-to-song-022	92b59a2c5146c91bc53330b12829e31a9b0692a7dff7ef5913040107b4dac0cc	0.164	1
lexical-trap-control-album-to-song-023	50e4502a3e7dac068513264d2292921ea9f15ea74dfe16d5186228fac0040261	0.144	1
lexical-trap-control-album-to-song-024	a74f816c10285ccb16d7f5a19693a16f99a9e039ff29f966e94979a76c3dd8ff	0.145	1
lexical-trap-control-album-to-song-025	8d4f3d19d2cfbe7f25e59829b7b1657b6cded596feb26113cdcb6130974c16f7	0.145	1
lexical-trap-control-album-to-song-026	bc8cae29f562e118aadcdc572e71e5227c05b49f47210dd9a7735237c316b56b	0.146	1
lexical-trap-control-album-to-song-027	5bc012277ad8b763e7e37254e9f366f4c4f8e6358a7f2a544b5a200f87e87af9	0.18	1
lexical-trap-control-song-to-album-005	60545426377c8905c5a36511621fc44fd472bf991e151150e2c5b423e67908e4	0.178	1
lexical-trap-control-album-to-song-028	53777aee4a996f072dd64813e7db53a2f5eba772c02c080046457a77b5d2a18a	0.196	1
lexical-trap-control-album-to-song-029	ba63cb6621ffb99776dc00e47728ac541860ca69ea15fa870cd589c7ab896002	0.194	1
lexical-trap-control-album-to-song-030	66ffb5c91da786346ef30748a6f079e11d750390c27a232cf045f69cededc664	0.193	1
lexical-trap-control-song-to-album-006	b37362a9aa3f5934ade0d469aaef995411529877a1c73fd3e1cf31db7e84f35c	0.196	1
lexical-trap-control-song-to-album-007	8cbb18fba6c099195f4282c8b34dab8081d64ca1f79456ade05397143985c3d0	0.193	1
lexical-trap-control-song-to-album-008	e7643d4f2beb8e0e8946cda6bb24781ca65324d1408361c3a0bf866e6885d07c	0.193	1
lexical-trap-control-song-to-album-009	481987c25fb5b44e80c10bdeac376e433f58106a24551dcb44a6cdf58bcc9ddf	0.193	1
lexical-trap-control-event-to-song-008	8e04dde19fdd51959f667d85947783085c45c68e2ea6383c91766e1240caaea0	0.193	1
lexical-trap-control-event-to-song-009	0d4d437d4b1cba08b7aa66b4f6e4ea25da7ef91af09d75d06572a5c9fde01089	0.178	1
lexical-trap-control-album-to-song-031	128108454eb4060c4bb396335586a41be44306251b596fdbfb8e004994f7b2cb	0.178	1
lexical-trap-control-song-to-album-010	dfec9201c82bd46bf9dd13b2c18df27d59450f0d365c6eecb1761a6b0cc60825	0.17	1
lexical-trap-control-album-to-song-032	a771363816f9a2bc207296cdbe2ba89766e19e6422f6deee77114706efd019e2	0.186	1
lexical-trap-control-song-to-album-011	c4fb04bceb89a4c8b76692a3035722b817d880f7c78664a5d90a73a75cabd96e	0.197	1
lexical-trap-control-album-to-song-033	a177931789bf30f4f9b49951b0182f9b506654f7570322749e5e8afa50b74317	0.197	1
lexical-trap-album-to-song-001	70b7b1f75804f3445212cf481dad0068b27b93c767369d4608ad91c2cda80227	0.192	1
lexical-trap-control-album-to-song-034	4291c0394265ada41c204d00b944b034350bd0f38086515895ffc05d117f6033	0.205	1
lexical-trap-event-to-song-001	1cfab0f94cf7cc20fe74cff83ab04a26e91d388f3ae6f6df0927689f3f421212	0.2	1
lexical-trap-album-to-song-002	8c32e5d76f34e9badcffc95a477146a5128725de739b5952dbaef941cea83fcf	0.2	1
lexical-trap-event-to-song-002	caf8fca8d18a26569ac190e2c157c665b4734598ef1c731f89f182684c0df953	0.165	1
lexical-trap-event-to-song-003	08cbbcdc2bdb22b0030379d5a63911d6bbfbfe22000551ce59bc47912414adc7	0.165	1
lexical-trap-album-to-song-003	6bb4256c8a3ff2d8a14d74edcb9af851b787d05c646e1e32f388b1236426183f	0.161	1
lexical-trap-song-to-album-001	353146110a6495edf1e3d8f24924025a2bc899ff8b7a78c5ad895367acdef962	0.163	1
lexical-trap-album-to-song-004	d56ac629ddb687067b839b74fa1e098bc950f9759a24bdd152f06e24c7cda70f	0.177	1
lexical-trap-event-to-song-004	f5773297a976f1ea7574d744269975f2a9895d2d71e1828b4f3d85779ad4361d	0.177	1
lexical-trap-album-to-song-005	f7627da39565e94ccee6ae352167b9def73845edf61448e74d4dfef197f5afc9	0.161	1
lexical-trap-album-to-song-006	6bbddff80c3754a31e256789441b796b68d572946711bf8267d7c9c1f2a20fd0	0.159	1
lexical-trap-album-to-song-007	fe832d433050d8087fa59b9e997a22e526c06a8e049e1bcb5009a1fa98f6ec5f	0.18	1
lexical-trap-album-to-song-008	7dfd8a411226981a49e065db5b3a719bfc8cf342feb5f50fbfa8f15143fdf4e4	0.182	1
lexical-trap-album-to-song-009	5b1a08bb702f2582d1e0c5c122a616666dd26fc1cbe91f805dcde61c6c46666e	0.18	1
lexical-trap-song-to-album-002	e840af6a7b45e75cd779ca18694fce1888f59e37531728373e5acf0cb38ac7da	0.18	1
lexical-trap-event-to-song-005	dc24094465f5d0ed9f982e1f9a6036ff442337dba1eb372b658de1addf96a468	0.178	1
lexical-trap-album-to-song-010	72c72d69bcd68f24aec8f06db6a466329c288f51169c5851943a16421a198eac	0.176	1
lexical-trap-song-to-album-003	0e966b0d7a6773373d5c0b893124af23ace132e91f4974291a5e8d34a929a951	0.196	1
lexical-trap-album-to-song-011	57bdd97723e33f5c5e5f7dfb28c8f2e57a1ddba480dae64522ce7dc0922eff4d	0.195	1
lexical-trap-album-to-song-012	c8a59e32e3c4cc1b9d7555199a5835cd4b059df6f9cab33ddc755f5a50f87361	0.636	1
lexical-trap-event-to-song-006	648e6dbdd8e59f037c289658da729ec9b3981326d5cb3fa4a4d4c7ae7426e8b8	0.651	1
lexical-trap-album-to-song-013	b099ab5ac4fc996a8f41f7d671e6c80abd68bbd9c3033727a120585c2dee2025	0.645	1
lexical-trap-album-to-song-014	498745ec55073bc400e8cbeef6f3652f668b5d6c658f1391cf12e33ce4d8cb8d	0.647	1
lexical-trap-album-to-song-016	a10af2a9f5ad6aab773e8c6d8924c85f63a9c1d05ffe6d1cc9f97bf95fa3619d	0.173	1
lexical-trap-album-to-song-015	4998e783137d32e293326b3e1dff37436b9b26fd2506e1e7367fbf00a7b59d15	0.188	1
lexical-trap-album-to-song-017	7cbc2659203de2dd030a0c70b354f58c092d23d481c799744f5897e7639e98e8	0.145	1
lexical-trap-album-to-song-018	770efa8819478d7c47ebbddcba9e5b9c48ff9ee4494a4edc2386e649b6d65029	0.145	1
lexical-trap-event-to-song-007	3cfa1ad998320dd7abd812e35905ecca9d36d460b71cad784f7cb7d3010fc6bb	0.155	1
lexical-trap-album-to-song-019	b5cd6732e60e687d1e961f5044b698f6791706c4ff1fffa044568843d4f9df5d	0.169	1
lexical-trap-album-to-song-020	e6c8ad2d50cda670f4fd43ab4728aa30ff8ae4d7b3fa211085b03ab75e142a7c	0.18	1
lexical-trap-album-to-song-021	3b33c0eeedc9109e7927a16b81bd5b8d6b4095b5b7e6faaac4002eb73c8ea748	0.178	1
lexical-trap-song-to-album-004	f6dcaa2be3bc8fa041dc9d0de7f161bb09d668af9938b32cbe5a632815a0dbc1	0.164	1
lexical-trap-album-to-song-022	dc8bc1829cfc6973dce3f60532e0676b109a0288cc45029cc9b6f7d6edbb84f4	0.163	1
lexical-trap-album-to-song-023	ec63ae10ac7fa79ca1f6ac4f71d10bfb40a651e4206a801310e993876ceeea13	0.146	1
lexical-trap-album-to-song-024	092af924b0fcfc47bedc151df0cecb043e0a0ecb3628b57dc3c6fdc8a5fce140	0.146	1
lexical-trap-album-to-song-025	c29d5bf19f7a41403a24a00ed77c9f5829624d899dd9e78a9422de6f7329b839	0.146	1
lexical-trap-album-to-song-026	13d8fa8bece4b88e0db9a5d911600b5f3ddaee5e66da1cd299c4beb43f98a5a8	0.146	1
lexical-trap-song-to-album-005	550973344044ef343102595b117a05401e539b38b70e4186bbe288cc78776765	0.172	1
lexical-trap-album-to-song-027	7e40b30a94b506b66eade572fdabaca055542f020f47eaee7d6c74e7792f3e68	0.187	1
lexical-trap-album-to-song-028	0cdcb1d4e414a78bd7fbad6f283ae902fc2cc03087e83e5dcdcbf302ff735c15	0.197	1
lexical-trap-album-to-song-029	14195d30b58c200074eaf013470ede294d990dbab2be5581bba7bb5db7486815	0.197	1
lexical-trap-album-to-song-030	9ff38414f9b162e36a920c88cf9adee1cebea6b0821683b3ae6c6162572597b9	0.197	1
lexical-trap-song-to-album-006	a49f65d730d1458162b0ff77ad2a347f6f7b824df67c7b561246613821d2a05c	0.197	1
lexical-trap-song-to-album-007	ec0804fc0524fe0beaad43d824d7bd98ed5a6f7233609cfa737072b4d7ce7e5f	0.195	1
lexical-trap-song-to-album-008	f2ea216c19dd7899e48b1c987b08a499c89defae3810075faf022e8594a72dc9	0.195	1
lexical-trap-song-to-album-009	ad78dff97b9bafb2d056b2cd59efab1eaeaf730148c2321d72f4e8f26fafeee9	0.196	1
lexical-trap-event-to-song-008	a83ca39c6bdce49b332e18b67cdfca7a6a08487dfd3f30f5af8d9368ae8b3fd3	0.194	1
lexical-trap-event-to-song-009	4e46f13c113c8aab7904ea32dbd3a285bc1d467b18533d12970e0940f4e53dca	0.181	1
lexical-trap-album-to-song-031	b7bc4eda3226596fb7ee5b030d7adc8fb920797fac685326898513daf4d4fe9a	0.181	1
lexical-trap-song-to-album-010	49bbc8ac32d1edd93aa0f7828a472ea85a1b3f8ef60c52c2f5ed39709699125f	0.173	1
lexical-trap-album-to-song-032	fd487852f7474b70e37aee99a7691532b2280cb72f2da58a294658c27195ef51	0.186	1
lexical-trap-song-to-album-011	3ca40d5bddfe890df8e9eba30ee97b15f32ebc369d525ccfe91f4fadafc19555	0.197	1
lexical-trap-album-to-song-033	0fad3b3b62b203e48c99b4fed73a46b2bf2e5562208460c57b55b23e4185daa0	0.197	1
multi-hop-album-year-001	e5853a12982bc718e846c46d6e9ede4b73f8fb505d4208c07166333bee54f457	0.197	1
lexical-trap-album-to-song-034	beb47f32c4d5aa0ffd86626cc59138d3a48dd777363715bddb36913fdbbc5a05	0.21	1
multi-hop-album-year-003	3ab359748be03a497cfe47f5fc6d5771834e903753d025edcfb80bd26e0a7aac	0.21	1
multi-hop-album-year-002	c19dbc24f2017105dcd44fe8769f90e44b7339de4d0f4d98bb42631275724302	0.222	1
multi-hop-album-year-004	84f54854089d8a30a6ca1c2dc7b6c9aef4a57c1304c2597f04e2bff62e1d0251	0.225	1
multi-hop-album-year-005	41df6e8d9d4ee64b356282ae5a03d9cae3555b42a56cb25ba5b4723972e014fe	0.225	1
multi-hop-album-year-006	7ad689d4307d98d62357d0617f98340e73feb7c372d04df0f04404ff6dcff46c	0.223	1
multi-hop-album-year-007	04bee6411783c1d01d0352c32b3d31e0cc0cecd2ff03dfffcf6e7c0e1c2114d0	0.224	1
multi-hop-album-year-009	4c1791522d883bc915baaf90752471e5d0faf847d2386dc41047825fd9a29e5f	0.301	1
multi-hop-album-year-008	0458acaa197830d366fb0318b3ec3a01489b3b445bc1a1f4cc7cd191cf9f5aaa	0.313	1
multi-hop-album-year-010	5788b0031515d49a61bfda5b2da06a520a1f8abcf5c14a14614be46f190c2603	0.304	1
multi-hop-album-year-011	72486a59cb499d38f96b8afef28d5ca1ca380c4ca6848d0eb196555f265678aa	0.316	1
multi-hop-album-year-012	f5680aae585ab505b8fbaef8ede032e53cda5908998634d5b2719518e2243262	0.221	1
multi-hop-album-year-013	3eb8ddf7f02a0198705b4b8bcb2074bd2d88140d441ea237f641d7f4ff07322d	0.222	1
multi-hop-album-year-014	350114810b95e82cd8a65a95ff407bb469a6d859831dc3897677f100d5545cb9	0.224	1
multi-hop-album-year-015	99a584c29b915c9b13d18ac84912e69aae1d59fbe3f6400d3e1bb0b8d449f902	0.211	1
multi-hop-album-year-016	bc6f979705907946d480d6ec2b4c4af78d677edb181603c958b24c882c78f5e8	0.224	1
multi-hop-album-year-017	afed1506788504ee2eb35f3d0f46f17cc256adc5592f204d489cec0ee6669fd8	0.223	1
multi-hop-album-year-018	afe3e9f86db966bfe24cfd1dbdf6d0a731b67ce17a24df2ee38d948af0b63349	0.224	1
multi-hop-album-year-019	5d251cd62b504c8e4144bd98710d7e2def729a61304a99446df578cf46447d77	0.224	1
multi-hop-album-year-020	4e6d8a271c5ff0e21f1bdf215bc981b1c7c32073e402b8ed379c303030f78fff	0.222	1
multi-hop-album-year-021	26f0af48d305b6a04ba59c6ffc91293d27e8ffb89a2692840fe5cc709f5f685c	0.223	1
multi-hop-album-year-022	e2504b94710bc28a34ced21994e0afff00e0d9bb01fc8de58784829e8eb20efa	0.222	1
multi-hop-album-year-023	732a1d1484a8356832ab203641faa661c2ccfebe7db72f4a98bb677618421a61	0.222	1
multi-hop-album-year-024	a049d115a63b490f76190f6f76b01c6884333297fa3c0ba1aa0270607e65700d	0.22	1
multi-hop-album-year-025	d30e83e8febe260a1e6c401f8961dfce81b4f633dbfc275bacfacdf11e6767f8	0.233	1
multi-hop-album-year-027	277e96f0fad9d70083af34caf0e6b8dddeae92523ef1ccfdbce436cf9292e2c5	0.216	1
multi-hop-album-year-026	b40ae0163b68fafbc5aeb68fab20f774903d6157fe9831bfdebd44a49b00fa5a	0.23	1
multi-hop-album-year-028	53ed7b762144a0c956fbccc68e1c179a44289a57d873821471574e9ca7c6f6b8	0.224	1
multi-hop-album-year-029	994ef2e6b6a3f17a6d5bb92d498fb7af48616dbe7c198b28cc81838fafe417c3	0.211	1
multi-hop-album-year-031	71d530301eed4042d03871fa8c90ba279a22c6edc75e46e042d9d91070ae15e7	0.215	1
multi-hop-album-year-030	3c5493216468b079788185d7af772866cd1414896725fed28bfc0fce8512c241	0.228	1
multi-hop-album-year-032	6bd3c5e4ec62d7fb0a0ead693e645e0fab5a20ac98aab6199d655333f3406352	0.22	1
multi-hop-album-year-033	00b592c766c24dec0bc1eb963296e9ed78d6754cf941f285b717b2325e19bcc5	0.22	1
multi-hop-album-year-035	c10daef387aca76fe30fd1109d41c478abb20243739f9ec06780bbaad73424c8	0.213	1
multi-hop-album-year-034	40f613c3dbabadc0d1db2606dd214f0908683ff39751d8b2abf773b329ae6ab4	0.227	1
multi-hop-album-year-036	3fcbd4b3a8e4acc9d4750b23f44d45dcda1279c7de507ac73d50446f67533d0d	0.22	1
multi-hop-album-year-037	76d7d9ee4f6b9c173cd4d0aa7e646bc4452c1d161b794581f76106c8c06ccb07	0.22	1
multi-hop-album-year-038	99efa9c23f985ba07c6a1174c66f413ee7e70594aa3fe711a53e1dc285de0d98	0.22	1
multi-hop-album-year-039	b24288cc16e78a6f7172b24685dbd6dae36a221b2d9986ed2caba7cf7a0e9498	0.221	1
multi-hop-album-year-040	273805684198532aba90ae43dec8c21ea02203277cdd9924d3a70ae4af9711f5	0.22	1
multi-hop-album-year-041	7768f30963968ddec5b86051e655a0949443e7eea49b9825e8fb27865c3fafe0	0.22	1
multi-hop-album-year-042	d28cf29078a56b4f7ca9f435b90477480d40dfc8686e7891f79bc43272d55440	0.218	1
multi-hop-album-year-043	0f243e501f34e13db88c007db200b455dcba51efdd979860bc04e535def6a908	0.218	1
multi-hop-album-year-044	b4ddb530471de2ced464dc031f6d945aee27569b510eb4c40e31f3fdb042f2d4	0.219	1
multi-hop-album-year-045	a48010a46f9bed9a54c6f980dc7d00ca17ed44ed1ae8c3d2147977663aee80c1	0.22	1
multi-hop-album-year-046	daa5edc76112c6c742113456d1189b42eaee35a5ff2e00410bf359c5b893204a	0.22	1
multi-hop-album-year-047	9f3661bb47a79886292716d76e6abb6c31225f688a3c7f6d0e69a55f818c87d0	0.22	1
multi-hop-album-year-048	ebf90f2cd3382b2ea30e25090f884e8d775192fac638e09adc1d07e57ce38d24	0.221	1
multi-hop-album-year-049	cccc7d31d40d1ad75846a6ef722617b92ee6c36f82b181741f616317f21a9c6e	0.221	1
multi-hop-album-year-051	55286e76e08fe209d17837467c4b1d43b38f99d8316fd7e8f6c615f5a3a44940	0.213	1
multi-hop-album-year-050	f2d626bfb1331779072b8c26231e0c7a1749fe30dc8ea263e18cf963fcabf3ed	0.226	1
multi-hop-album-year-052	15bd189002fefdeb15db1a835d3381b669619206ae8f6ce14fe05a63e464d5a5	0.221	1
multi-hop-album-year-053	7c28bae51c8af936841b68c653cca3f3e85858795db6ac7f42f2733adc00946c	0.221	1
multi-hop-album-year-054	93318e9d86e4ea58fe7f91fb3d3fc8740a04786d11ec1dc6d9722351958ce1a5	0.22	1
multi-hop-album-year-055	56e107fd27a0c21ea70c6dd5f004fab2cf47ce54136852284b4a17196ad18dc3	0.219	1
multi-hop-album-year-057	ba8521a27d364c6b8dab838f8778092cd1fa4c10ce339cefb8a0f823fe54fba3	0.209	1
multi-hop-album-year-056	f41e96072e4411030c5136fccc83a19f11afa00210c614359a98bba4b2952885	0.222	1
multi-hop-album-year-059	5d92f33d7190ef66f62b9b0e02286e9d0cffcce893750dd59bb2d329d92d8089	0.214	1
multi-hop-album-year-058	8a6c8ec4ff307b66e1ea1ea8295aae77c26229a755407534d5f8ce271bbeda95	0.225	1
multi-hop-album-year-060	391ae36e8f10c9d1142c8894f2724f81dd92ecf24b62b57b8ae60b566a9f3b1f	0.216	1
multi-hop-before-after-001	f35c59a80e37b685a24ccd69ad4f370838258e94862d19e3972f2a09d3a6a49b	0.218	1
multi-hop-before-after-003	128a4726f39277ee2c4aee9bf0d6b0ad9854a8f449043cf549053037c440cbcd	0.201	1
multi-hop-before-after-002	813bae6217a987c37dfd21b21b37552c55e3c5fa78c51d50ee5f88eb7ef97c5a	0.213	1
multi-hop-before-after-004	8ff12b7f42d688a00b8d3b2b3c306e43f4841af608765abda11731f591cb2d1c	0.203	1
multi-hop-before-after-005	7973173fe1505aa8981837da5c31c32edce1fbe6c1f078d3edcb70c1642ef39e	0.203	1
multi-hop-before-after-006	bdb792a50e548ba6519b24823b8d2fadc72d0cb22aec8c1d501b8550fccac19b	0.201	1
multi-hop-before-after-007	50b611e9fff48688d4e117efad54ceeac11f2f1f62be3caee80f730e73a23f88	0.203	1
multi-hop-before-after-008	998c7d0597224dec85bd37eaff15ad539fdad980cc5fcc9316d412fa1edd9195	0.201	1
multi-hop-before-after-009	0fa551aeea68321b6bc58d9bb8680d4d7f1f5eb32571aa91d31897c087e73c28	0.199	1
multi-hop-before-after-010	e6fcb2a62273ca19e82fd1f396776264311cc27988942b43afa6f0ce56753baf	0.198	1
multi-hop-before-after-011	0e005a8dde406804105fa5e7c5c6c746ed9c00043a83c82719516753b6bea02d	0.197	1
multi-hop-before-after-013	fa7c9ee94ce3d2c0921528e99e3d12b0ad4895c45307630cd8c1c91ef3cca9d8	0.188	1
multi-hop-before-after-012	d636b94178355f743cf4203f9b89d0f1383507f4d346a8099daf940afe3c559f	0.214	1
multi-hop-before-after-015	d281a90c3bf181f2f3e2e86c99cae3bb191e681c27d07f0728e9fcea62048fd7	0.189	1
multi-hop-before-after-014	1de5b991dcf9a60d0c2de6234ede74b739327daf2ad4f923a71a48d6f0daebb6	0.204	1
multi-hop-before-after-016	09054aeb6fdff8809c1e755b107ec968a1e061728e521f0967ef793f77b6bebc	0.198	1
multi-hop-before-after-017	1f99120e740d6ce61870119df50dc242c721657468b2dd2a4ede225bcd77e17e	0.185	1
multi-hop-before-after-019	f9794085ebd71dfd15d24c370491556db45edff77572bad25c5005accad55dda	0.191	1
multi-hop-before-after-018	4f9235b964aca8212a802641c97e17aca5173d1268124427170d65167d59470d	0.206	1
multi-hop-before-after-021	b844a761696d5fdf96a270eef4803933719586f3075454ceb695f713d5a9ffc5	0.195	1
multi-hop-before-after-020	95d73ac64b3ffe38c9dd9ba5b6202384b2aef14c5a4573fe01db6a58d4706c98	0.209	1
multi-hop-before-after-022	295e22b9ce22ce66fb8ebba4e96d9bdab99a8f61de1298b5e9ead78c7b41a188	0.201	1
multi-hop-before-after-023	4a4d475616ff6c5c3f191607c713a98e9f4a8c08d8b9a7a2ceac47b32ab01094	0.199	1
multi-hop-before-after-024	b0f8897b202f1787d92479b3813e2c6a27f5182543c1901ee3c2e312972ec541	0.198	1
multi-hop-before-after-025	7d7c80445abc7e800a9f518a87dd25cfe8e1427abeb9053cdd1e99b721566cd0	0.198	1
multi-hop-before-after-026	0582bb0a6487eee72aa88ec718c9dc87843b0c4320263a6fbd6b036de4d9f4c5	0.198	1
multi-hop-before-after-027	6da6a75fa110a2752d62f5b17deb3e14ec49120a49c052cf51a9b11d93f7642c	0.198	1
multi-hop-before-after-028	8e892cc99f5726c156c28ea4507d33e94bb817b14806f94572f2870ca0327dde	0.196	1
multi-hop-before-after-029	b9776c1cb89c2535a2492a9debca3574ba08848c06c12864dadb23b9e04e51ba	0.196	1
multi-hop-before-after-030	cc80684d10fc637c5c22d73abd21226a812961f54be4e2492fa1ef4feb8b0622	0.192	1
multi-hop-before-after-031	f3f29d19d4228708e765b4d74fc3ed1d7c210dda60469d8492d2a1a4e12e63aa	0.206	1
multi-hop-before-after-032	6713c4c7a61045fed36b964c6b5ab761baf8b7418fa071f20b1ff83f95c87685	0.195	1
multi-hop-before-after-033	6817296a6fcd3d2b0a120edfdbf9e3ebf32a55131becfb7b3b16f6727b6b7c4e	0.194	1
multi-hop-before-after-034	a5a01036d0fbe6959efc3a873f475bf1b0f5a078753507f6b81fa4081caec638	0.198	1
multi-hop-before-after-035	099dddc1784578b302e5772fdd6030d7ac9fc7bd35d78a86349fb687be1e61a0	0.185	1
multi-hop-before-after-036	1d9fff2f9a7c703ce8fb324d25cf518379a85ebd0064d96f011a442c581b8ee9	0.195	1
multi-hop-before-after-037	ccf311fe3e0cbfab9f109fcedc6a9967c7a8e313d6cb3bf892fa9e5a5c01a289	0.195	1
multi-hop-before-after-039	f5debe806d7a5ed9cfdb492a096d99963d7f51464cea4e7d25fd8d93616de5d1	0.187	1
multi-hop-before-after-038	970420d0e0a299d93bed4864d3407e847d06570f0d858f7ac6392f111e7cc91c	0.203	1
multi-hop-before-after-040	7c82deb67bc116944563da3d34b667955c56c0b4904b9a0d2a141b93091d4d09	0.196	1
multi-hop-before-after-041	ebff4698f8402ef7a9793aba7ddc9eef7f7dc7ff62a7e3ca8bf624db408979c6	0.196	1
multi-hop-before-after-043	5fd9af819f75a4f259d27d856b4100bf2f11ee7a052e0d1817e7bc3fff5697a8	0.187	1
multi-hop-before-after-042	26f57e3c6395706e95463a54e43b870edf2df2e8831c9ce59c5be85fda954069	0.203	1
multi-hop-before-after-045	41a86289eed668283cbd9541a38e8060c71ac46cbac9fe814f3709bd67b32baf	0.19	1
multi-hop-before-after-044	77c6595bdc12ded67ef6179be7c296b67964b955fea7a45bc9f34c3ae7e24410	0.203	1
multi-hop-before-after-046	1b787de1aee85cdb2d807476866496258779ad167fc88c0f7f13ebba727f9a37	0.196	1
multi-hop-before-after-047	5a3e32dc5f6e5acbcc673c4e2300043b4ce7042f92b588d16daf86fb7e7ef995	0.198	1
multi-hop-before-after-048	c3bdceeadc7b5c7aebfa912238ca377aaee8601017b89af06d180b73130b9acb	0.196	1
multi-hop-before-after-049	85877311c159a17e8bbdb2a859c0b4e7e59e8bade931f0862117ab1bf1bfb84e	0.196	1
multi-hop-before-after-051	f29b42edfefb681ab54029083f8ae3446689bb2dda49b057e869644269559923	0.188	1
multi-hop-before-after-050	44a288b46c58f49db55f3d0b9846b05cbc4337c798da805ca944a62329c0c20c	0.204	1
multi-hop-before-after-052	c36fd5c20478d6157edb10f1e373d8f3c13fde357e55a8fb9e2677e524d454e9	0.195	1
multi-hop-before-after-053	aa1194dd6e171820950a7650acda552f758e5b29fb5348dd8d6de1126f0d6aa0	0.195	1
multi-hop-before-after-055	1256d88cdb94829eea0ab7626c1a00772d735fc527cab11fc6d931843a920d66	0.188	1
multi-hop-before-after-054	95eac2d8ea23bd9080fe363d5f4a547c387262968f117e0e835b32b57bcf38ff	0.202	1
multi-hop-before-after-057	bae3fa07de5997ab246dc9625f24912cd9920680a15744c5912ae20e8d180224	0.172	1
multi-hop-before-after-056	e54db2213b4158a7458a8ba52e024fce729aa838bcdfcc9fda23ff047fa2c3e0	0.187	1
multi-hop-before-after-058	133a54ef75ac22f8a63ad9ce7e6986603c3c940bb08cf2925d721f67a6fa18e1	0.178	1
multi-hop-before-after-059	9394cfba5ca4477cdd1153316c92542a2490f1110b34ca97fa97170b9e78d67c	0.18	1
multi-hop-before-after-060	e00ec5cea0f4aea12d2794f8ec92be9a7339a8f68302774539f44e3e5ae68594	0.195	1
multi-hop-same-month-001	017ea8149266429877f34ecaafa66f79331d610db76bc318df1f9bb4fbad47b5	0.194	1
multi-hop-same-month-002	26350e9d7f2f94f78dc621a4ed3b490ab3fbcad579ad5fb8a31e8bac428078d0	0.195	1
multi-hop-same-month-003	a1e16c8edce84289e8ef2b09466630971eaed7d0bb5d184f108ed0fecc7a938a	0.193	1
multi-hop-same-month-004	ca6eed61cf16e1963f089e14752f246e685c84e2e51571dbd7a265c4bd0fb3a6	0.192	1
multi-hop-same-month-005	6717aa4d088dd88ab8c57e07b9ec729c1a96c0eff0290f5fe83f0cdca6d01550	0.205	1
multi-hop-same-month-006	a2e4fa6fdf1cd8d613e1a3d85f0da18caf6eb7cefb0e961dd7fe19006aabe2f2	0.199	1
multi-hop-same-month-007	c1c2411d1a35963ee5664fc49d143a1555a00a354af70c8c8db45363d8c4a866	0.199	1
multi-hop-same-month-008	7f257dbe705af3bea60a44f9c10129fa2924a856fd6bad14521591a5e2355fa8	0.208	1
multi-hop-same-month-009	798f56e81ac46c487f9259ae02b297c609e8147102aa9855a42ebff11cbf9406	0.194	1
multi-hop-same-month-011	629449bb8715576fd6a6e02f5a4a64538c07248d38935043fe48fa5564360315	0.191	1
multi-hop-same-month-010	bfcf0f482c52738f48c77f05eeb2eb5410b1e661ccc2ff8232f437c87512d2be	0.217	1
multi-hop-same-month-012	429e04db12cb78f133bc5ce074a2422e7173324cff52cddfbf58c29b6c969604	0.177	1
multi-hop-same-month-013	f1d184b13238ace98ae5e8dde4be28958bcd9b60e9ed9424476c99ab9d49441a	0.178	1
multi-hop-same-month-014	ace1e96af40b941a97e6137ab38a9521cb5bc044a5cb3d2d66d10af3487c6e52	0.181	1
multi-hop-same-month-015	d33aa6b2bcb5633d53cb5f34c2df468bfc6f1f6f8768e24fac9a2e322b56010c	0.168	1
multi-hop-same-month-016	b7e5806adb4776ff6efce0e12fa295a7aac8207b0a9082b2fbafb8f842320730	0.195	1
multi-hop-same-month-017	677c0aa8fe215dd54ae83ba18a36f76a4db2f9c27b16eacdebff72a965af87eb	0.194	1
multi-hop-same-month-019	c483370adce0a90bf2c9ac365c48b413c66dfff9b84e233e8b8addb7b34b9575	0.186	1
multi-hop-same-month-018	49f841ab12d49afc2ac833b217d8975fff54a7c48ee2c269881a8d96f66faec1	0.2	1
multi-hop-same-month-020	495ff06800cd3d98a336d5c94cb114615ae6ae0bb34654126c24c42a14a21d0f	0.195	1
multi-hop-same-month-021	58029649dbc8ad0afa20e841cc74b9f334bf5406f7f77110358307e3c55d591b	0.196	1
multi-hop-same-month-022	1d3be54024d4b556e1f1a0ecb3c46a5cdd8d696ecc546ff9231f8b87e9d02732	0.195	1
multi-hop-same-month-023	afe7b814611423600a5e2f8b8b30ef5b0ada4aa00a4f2c7eea43947fc5770d35	0.196	1
multi-hop-same-month-024	92ed59d55a93e080a691f7a62a73928f4d945ef0fa5be40e24045a0b0de81e9f	0.194	1
multi-hop-same-month-025	5c9a5614a09339fe27c8e5c4abfa6c568d664eef92d8aedc44bb2ff8a116176b	0.194	1
multi-hop-same-month-027	aaf93ca9bd44e3769d43f674a1444ef37e1a21f634bbb538837d869454218368	0.186	1
multi-hop-same-month-026	4508cd4691eba374fd54a040acbad65480e6d81072cdc3fd4a960f934a8354a6	0.202	1
multi-hop-same-month-029	23a5cf35c258b18bd10741e2d81cd971df288be0d336d5f8032340f9237ac6ae	0.17	1
multi-hop-same-month-028	2f689b5a59d828d29830b832cfa22e3bc3e0d9f152715b8fc94d4215a65164f5	0.183	1
multi-hop-same-month-031	5dfe757ea97d9e5c1e24217cff12e7ec1555c276f81cfba1cdbbc11fb3ff3155	0.168	1
multi-hop-same-month-030	d8b74b6b8af19ab66194c69d872fc56d9fb00a75cd160cb50e532700d55863b5	0.183	1
multi-hop-same-month-032	764a531ca973b10f9f93293f6a585c0b151c0db2b9d3bbe84fb365788847ca15	0.193	1
multi-hop-same-month-033	f4f982e8d9e546afdac16dd693d191a28c9035a53b7cc9d8035dd7a313ba68c3	0.195	1
multi-hop-same-month-034	bc4fdb5222a64db2dafe4689bb6ffe823fe84f5791716fc1437412b0baa7de07	0.192	1
multi-hop-same-month-035	097a54c55a631f802e685b588f9d20998e94cee9721735d58da930fe6bf83220	0.194	1
multi-hop-same-month-036	7e6a09baef2af0f6f23ce6fc25cbc15366ad0d4fd2f29a7d0ec16f2091a6e678	0.193	1
multi-hop-same-month-037	6fb4dd37a76e09993a3ef4bde9ad745f9f3b3d50a71e72f4b2ebdb0c6f198441	0.193	1
multi-hop-same-month-038	a5b56d41846c8860424e73c579936b3163e98a2f664ad06ad150f72e285099f9	0.194	1
multi-hop-same-month-039	ee3e63920358bdcc19daef1e2b9fa14e2706dea51994ac8e6eb7c22991c6712d	0.192	1
multi-hop-same-month-040	209f12c1b113213b10bdbc85929be9a0e09fd8ca5fd5bac25d6bb9c556b278ad	0.194	1
multi-hop-same-month-041	93fa37751cfed98a9b498462622a67f23c21307bd37a0acf2d5c157cc4a26db3	0.192	1
multi-hop-same-month-042	8af1ee0f4a35511e5f540c677149a334be45b694aadb50da5800fdb963a6cdd1	0.193	1
multi-hop-same-month-043	a580134062de5e50603941754de2598ce0179e4da34f6b24adfc0333cc8ba2ec	0.195	1
multi-hop-same-month-044	2c36e4c268f89d4b3b2a9d7fd4b98578617e27e5adc9b71f04735493f469ae68	0.193	1
multi-hop-same-month-045	6fd5f6411a37e9de9a30d0b32ea80ded0c23d3e289c2c0779832dc4b8ce191ef	0.193	1
multi-hop-same-month-046	fd05aa063baa5751ee9c6690151d7bac9bb528be0661dd7c378d3680e555781f	0.193	1
multi-hop-same-month-047	16c38e7439277bacae96b08748263eea45e2c9750a853a50b6802bafa1507189	0.191	1
multi-hop-same-month-048	c69a7f3953e1541a39d26c4365070ab489a87410c019e6541b9b0223c77b203b	0.193	1
multi-hop-same-month-049	96768b06a18076f5bcd98285cde548e9d4241afc3f4cfccfa139691d99456f53	0.194	1
multi-hop-same-month-051	9a02b72da2daff0ea439d993d4512265ab089a3825447dad2b67931011a81c34	0.186	1
multi-hop-same-month-050	3e26cab8311830fd9f8ba3990e0395648b19fa28daf0cd8c76292e2033a6dd4d	0.201	1
multi-hop-same-month-052	8305ab01a84ce251b6c9b4ba96f2fd2144a31c457cbdae12cb0ae5b1f0a45855	0.193	1
multi-hop-same-month-053	0d1c939bff0e5fc8da43c8684326d4ffae32f3a74139154c908ee4fd50be2a76	0.194	1
multi-hop-same-month-054	ffb9293be2307814de7a7ace0d5dc81ab1fb27e221249b071d004dae0cb2fe52	0.194	1
multi-hop-same-month-055	740c1759f1d5f6af1bcd0a327da75ea1763787c9dee070f7fa1f8692eb8ef5c4	0.193	1
multi-hop-same-month-057	7e910139e5d286026b6f8c3231ef26ed48cbd17c5bf642d3ddf5bc568e1386af	0.185	1
multi-hop-same-month-056	e98fe250121a683798f9b3052184930e0ea6ffcb430caff55374429871af2664	0.2	1
multi-hop-same-month-058	bda1462e086b4794931e444ed182b42ad35d9fba556c6970bbacc771631453fc	0.193	1
multi-hop-same-month-059	a9da78f7a5d346b22a7a36e3b4a4a5e6f5fc3552ff490443836d8753a12b93cd	0.193	1
near-neighbor-control-album-001	a30fe523d3c122946a8285c8f3b2bfea4f3ad7be33197298a056d754eea0b424	0.186	1
multi-hop-same-month-060	50901dec3f8c057f701222ca04950bd3f933ca6785d665a695dde5b4f0b2df06	0.2	1
near-neighbor-control-album-002	35e44c7eecce059f7804abcef67d8fa65b87805aa8eb1291daa9d05f8b78ebcc	0.194	1
near-neighbor-control-album-003	0467e64ecb2100b3f839835d9abe21b232471ff20ec1223f0ee4867db6cd0a4a	0.194	1
near-neighbor-control-album-004	8eb4562080c8c8e91583bcd8917443ebd4a73a4cc11de56e05a606eabbcd2447	0.196	1
near-neighbor-control-album-005	bc3f23e76ce79232bd6a159fc0809974502779801e2e7ec060e65adb154c40d7	0.196	1
near-neighbor-control-album-006	4a6170358e307ece2c79727b1cda79f76396fe93cd74f3674f0beb8ab6f1919a	0.197	1
near-neighbor-control-album-007	19817886a2dbf7682bf59d248af4df07a8ed59dc3328898bd4a435d554ba3e12	0.197	1
near-neighbor-control-album-008	628505c8f01a2f1dbb1065528a6d8b6afd04f78513fab6d88360a88ef77e4b20	0.195	1
near-neighbor-control-album-009	41aa775e106b5f4bdad18c4131012d28790c643fadaee74eff0facb70fa1e53c	0.197	1
near-neighbor-control-album-010	1632cd8645e178540195cd091428d5c678a734091b30fa476ccf9b09e2c2aa05	0.202	1
near-neighbor-control-album-011	6d85a84bf64d1d4b614920761466065e6c50bf3932d12c3a064644ccb8ec8b25	0.202	1
near-neighbor-control-album-012	579e5d8b11151147cf2a79d1da533f64a3a914853f07d95fb114b309e3bbe4e5	0.208	1
near-neighbor-control-album-013	62efc1cd5ed7f5a8ab15d3c8717b682f277de5c07bec806d8a58e121317f0cd6	0.206	1
near-neighbor-control-album-014	949b46e79ab5872ee383363fc568d1add2102dc982bc945777ea7bafcfccdefd	0.201	1
near-neighbor-control-album-015	ddf73b1defe077892dc4e27f8299ada516d247b9ae49cf01bb5cd09749d0f7f0	0.201	1
near-neighbor-control-album-016	69fef8b3f282377c4b2052d1a13964c2b179f366acee091ddaca0764521e3ff6	0.196	1
near-neighbor-control-album-017	bbc240ed9a90fb3abc34f6a27c884ac5f72e5d7b6e9b521ed87b3d564e76dc4b	0.196	1
near-neighbor-control-album-019	8f0b551d6b6e31cb8b989373d1d2ad6f29879c78b48e2208073d631f3fc1258d	0.186	1
near-neighbor-control-album-018	7dbdc1add9a490294064cc5eb73bb2b84ba27e6709a5802350cbe01ae4f1e4c3	0.202	1
near-neighbor-control-album-020	34bee1c7f6142602628da3f19acb103c441ff11fac3aaff7098bbf746ea28081	0.198	1
near-neighbor-control-album-021	2be0cd8dbc29d1d7e9af487a40e0416de15f335da43e81743bce6789cca443c2	0.198	1
near-neighbor-control-album-022	a043dde26f4f1ee60265d0b5f57c15c0907f0200675e64249554943592d1c756	0.199	1
near-neighbor-control-album-023	562c88f3efa33c777ed39d926a23b2304c84e578a221d158656fbe18604dc691	0.196	1
near-neighbor-control-album-025	10c029a6d4d60e539df8cf64e0b6bfa156bf1e9c7943f1a6e18aafa6a2c93ac2	0.184	1
near-neighbor-control-album-024	f84cb6796e947ec42316f4e9c520f5d7c2d7628e80a2bebdc99366d94946e5b1	0.211	1
near-neighbor-control-album-026	74d723ffa12e4207d39739933d57fe4d286bc0b4224280f1979bbac979cca01d	0.196	1
near-neighbor-control-album-027	56ba3933bea132bd68e41fae30dd9c168b6ad5180a5c6c00121762e093224959	0.196	1
near-neighbor-control-album-029	cc190405556f3451479c3e63f60e67713318f44f8e9ed4b3328f3316a5dd1e60	0.177	1
near-neighbor-control-album-028	88d66e72390a300b5cc77180bc864945b7a5c21644690bd1c697fe9769b2c3a1	0.204	1
near-neighbor-control-album-030	eddcc93a37379bfafdcf70fd87b6cf0cea8603e4090df01561a066c20989c32c	0.194	1
near-neighbor-control-album-031	5554bca0df6a714dab27cdee56ea5098b38eb31d546654bd9f1fa09c3afc7143	0.194	1
near-neighbor-control-album-033	a061e8f8ff2dd1035341023e9724bbbf26147ed1a266e17486913bdf6a47d6fc	0.189	1
near-neighbor-control-album-032	6c7541698fe395ae97b24b83a7865e737103888051e735218f7e595a71f5eb86	0.205	1
near-neighbor-control-album-034	f74fe5315f81073171bfb78f28156b3325c1db4a3bfbc6350bb0d1aa726ac74e	0.195	1
near-neighbor-control-album-035	9146c3480bd5f6b4df5a09b52f2487aa30f77f9e3ef4a2b91da3fed75a1fdc89	0.195	1
near-neighbor-control-album-037	5c7edc6d1214ae9ba472dbcdd6c659934c984d8e123a4b59c2794f021deeda96	0.188	1
near-neighbor-control-album-036	3e429dadd9a46ce0c98c1ab05ea67d47a429aa94b5a902c3418eb47caf1b9f5c	0.206	1
near-neighbor-control-album-039	fbe427472c534c91c34f0af85d9afc7b750e54189a24954f1831041f9e7d3c7b	0.188	1
near-neighbor-control-album-038	f01cfce8051e89f36c4012f3ff58b241502bd1dba4cd501b74db54d7ebdbbf73	0.204	1
near-neighbor-control-album-041	bd1019adaa66c111edf3d128f639ccec2d92ca4a6a4785c0f3435b36b9406d58	0.185	1
near-neighbor-control-album-040	803d4c5f8cc13f12e9b4e0115267f35adc05a0c71e2aeaf090ad3e4536b80408	0.201	1
near-neighbor-control-album-042	d0f87c1c42fb80d6322957d0397a8b2f363f58d037172cc4fc1ca117326e1167	0.195	1
near-neighbor-control-album-043	60379c647eaf7645517c22dfd707bf4fdf738262a4c0ff0d884c95747eee47e1	0.192	1
near-neighbor-control-album-044	74329cb1c646a4e9a7f606cd9530613e197862d1f6e7982d5b89c72f8da566c2	0.194	1
near-neighbor-control-album-045	7c31520878c22801aa269ca126f40dff9df6578135c63d617e4a861311866083	0.194	1
near-neighbor-control-album-047	75d1d80afe900d77f2334a76c09419325faa3ab2cfd13a9e7a3a05c3eacd1bea	0.189	1
near-neighbor-control-album-046	768151e6eae1303a15d35cdab34c3d7754f4fb7add497de75709f8b620162457	0.202	1
near-neighbor-control-album-048	f0cbd7c292944a8e5241dec1b16a188ec231536c5461bb00861348f70ba2b89c	0.199	1
near-neighbor-control-album-049	04de5b7a43c69672e82c9ac48ba002e0bce0fd50be6c45f0977d347c85b27b62	0.198	1
near-neighbor-control-album-051	1e7f6e4231100597ee9e4d249e90a5a6e66675e14846797d462508e316fb7b3d	0.191	1
near-neighbor-control-album-050	12b269979c51c86c28f8e04b448a6b0cc9d14a568aad0aa579056eed174f77bb	0.205	1
near-neighbor-control-album-052	ebbd8b0103a3f6fc5c34141ed5cd4e8845c678fb2b8eea29da3fd27c3558364f	0.195	1
near-neighbor-control-album-053	fc2277055580e8383eac23c10d5e5f6ee102adbcba355287e47de2eddb134629	0.195	1
near-neighbor-control-album-054	74d7b094432255b3fa17b8534031c2d80c20f12cb8d2b67837c21bd155d1bfdd	0.195	1
near-neighbor-control-album-055	fadb4fa3fffb5453cf44c3186d7d60c121a803e83f00959e3f4d9c1dcbb50018	0.195	1
near-neighbor-control-album-056	100b641f5e730855e4109db2d86d921fbfa407697c6f5e00754cccf3d942325b	0.195	1
near-neighbor-control-album-057	18d5e3e73d2c3bb5ef060a4a0131fa43491b4b1dbe3911f023701e799e3f7e28	0.195	1
near-neighbor-control-album-058	8b09adb0ae19464695a0d6386d6c4d4cb81dde158b1c6c3ae103dd6d877c60e0	0.193	1
near-neighbor-control-album-059	c7ae48f177127753e5534bceb5bf2a8a667cc5bcb1c07ed27e77592f8d387af2	0.193	1
near-neighbor-album-001	af13bf070bf877cbfde83a5966f25d702806849563e10cee3d776d82d69bc4a6	0.187	1
near-neighbor-control-album-060	c772d5ce9bdce4b1df273d3ac256654918528b427632f623c335ad0c51abe262	0.2	1
near-neighbor-album-003	f1c14be8579e5c7370401bd020098e955b8753de1b3b876088005a1364231a64	0.188	1
near-neighbor-album-002	1123a0583113a026693e0c857403497840bfd6905dd7317d85b5746da55fd053	0.201	1
near-neighbor-album-004	de02ac1ee8dfef4ac29ece78b714c5fac1e19706986eac0d559842de32c55017	0.196	1
near-neighbor-album-005	14989c4cc8acbe5b1e41f9879cdd8718e49310595b5e50a4205695da8c36b115	0.196	1
near-neighbor-album-006	2df3417ba180e35907e4fbefdc6eb0070df61af526ba1a540764bd66a3a066a6	0.195	1
near-neighbor-album-007	53e0c8d5d5535cdeaccd6f9187550b9a899490ebc26d672aa8fa4835ec2a2a96	0.195	1
near-neighbor-album-009	28ce3c8ae65a82e113d239397469828568758e182e1c8d2b10d1ad9438404271	0.187	1
near-neighbor-album-008	7f549eafb1fde84b4f53a337a196038b9587b49d59b2c7f66733bb70b1341d72	0.2	1
near-neighbor-album-010	c9e861d15428a48b35404c20206210c5015e535f2128c60c8d1439ef69137284	0.193	1
near-neighbor-album-011	6b4bef74da8f6dced9151f684bb5745b02ba5b956a35c39ee878d90efcf83000	0.193	1
near-neighbor-album-012	4a548f45449f158ad63c0b74e0ac4aa966085b6baf93c618d124ce9d2243562f	0.194	1
near-neighbor-album-013	285cbee92eb46691dd3664f340814eb2dd590b51477752b092e92ab5654d86fb	0.194	1
near-neighbor-album-014	9aba389f6875008230c3b4390bac4dbeac5c42cd27d2b874272189337e087320	0.194	1
near-neighbor-album-015	55818cd82cc6c5d8d22fe779f993675d0756ae1c5d332e232bb4b15c02dd3f02	0.195	1
near-neighbor-album-017	b1b438d04ab0a54bd01ef24035f9e81ad18b63bbf6d9ac679d39935fab8b49e8	0.186	1
near-neighbor-album-016	7599aae1537261b3f4a579db5158efdcb5ca4e86b0c502e78e0c6e86a31736a8	0.2	1
near-neighbor-album-018	dfd01270800c42c227b103b1ab41ae7c4b9172f85093ae8c038481c59e50d898	0.193	1
near-neighbor-album-019	9a3ce709c9c090f09687bc8d802d216508d9a0652f3b21a133e7fb4283d5eb81	0.193	1
near-neighbor-album-020	844ed850b795e05cdf77b5169d5f5a62d0b783f43f98744a8859f49642c8e904	0.194	1
near-neighbor-album-021	753cb754d99e156b18f9e0ae84e714356547c13adf4de8111aeb9f0a2a17c9c8	0.194	1
near-neighbor-album-023	74b7151805043c2f46594168379d178844fa71d5d58531c380652c957877a138	0.187	1
near-neighbor-album-022	9f15d64cc648a6b4b738a7ea79b04d8428330317a3c5d1b8da68045ed7f772f3	0.201	1
near-neighbor-album-024	cd1e5b19c5d040a7ceac4148ef07464e6e46548f21db73ea73ca9b6649114021	0.196	1
near-neighbor-album-025	d188184206cb67c2a8473880c51439faec22f43b0647472d866ccec8ce193f7e	0.196	1
near-neighbor-album-026	ff4051bd232d1b7a14ba16bf642dd432f4d42f7affda3fe72fcb9dbfc235e30d	0.195	1
near-neighbor-album-027	35c34f3861ea7d81edaeb10e7b5f65b35cd4001ea46d9851eec97b55760c7d13	0.197	1
near-neighbor-album-028	41d47b39cc987d27c6438b6e293685af02b0ea936eef8f6bb22ea9b454f015a9	0.191	1
near-neighbor-album-029	01582d2eb47578f3f0bb130c3460737cfc9046c0de24b01860bc695cbf2056c8	0.205	1
near-neighbor-album-030	bf7d9e63acf6806d358c376c73a954712c1ab0be5474bf60296183fa32a50923	0.195	1
near-neighbor-album-031	c82be615d77a94d502db9fb8273757410869b0b1f4036969ac46337a369f7f82	0.193	1
near-neighbor-album-032	50637aa93fb79bef344a1c2f3d01d21decf0393c1224ea58de27c6892679ebde	0.196	1
near-neighbor-album-033	e439ea370c8d691716b638cff3ac5c5901e0d1f2ccbd764f837e3ae76e81f5c0	0.182	1
near-neighbor-album-034	5bc3055c75f64f159f0ad7ceb8434d4ff638c9813b9ab53e16bd93d55c0020d2	0.191	1
near-neighbor-album-035	a431b3347f3d8049e8a7598a6511b15aa923cf6c8c99d64104a44216b582bdc1	0.191	1
near-neighbor-album-037	c2c808717f0f924feb32842eef77c5c1bdb4e79fe70bb65957b30e60ed5bca9a	0.183	1
near-neighbor-album-036	d2595386d936ec07962f6c3ee138e9975b529af147c4c99c1995e566b41ea7fd	0.21	1
near-neighbor-album-038	73b821674dba6cce54ecc343aeeadae3219fd5441970445704e1716873801969	0.194	1
near-neighbor-album-039	201e32961b4699e3fdfa52e3f4244482025fc8f7c7c322c56e14e323c3542b7b	0.193	1
near-neighbor-album-040	1725c5881d4104bae95757da42cc77fd30c2dfc83bc12657a527141d7c595407	0.194	1
near-neighbor-album-041	56d77caa0521bbc5d712e1f052ee7b5b98d8cbc166379dff47ca3dc7e2165404	0.181	1
near-neighbor-album-043	727ff9e47157def17dac5c5935a51f31c3a2cb6c128c66512579829f4a1d217a	0.185	1
near-neighbor-album-042	5d4dab87f452d673926963ddc69fe1360ca3eb16dcd58d785c72ddc975c7db15	0.198	1
near-neighbor-album-045	5068c154d46bc5d85a2166e72ae4a535b02daeb823d207de3694049370a27d93	0.184	1
near-neighbor-album-044	e03c488b673299df292bad6398aade1208daf4f3ad0b70226911a29424df7c21	0.199	1
near-neighbor-album-046	0a6d31ebde0e307948c7e45f4f2581d1564e7febc017d3694f3899e66491a1d4	0.19	1
near-neighbor-album-047	4ad6ba483b038b4cf32338870468bed0ccdc65c30ae59dac42b46ef6c6589229	0.19	1
near-neighbor-album-048	6e0f1ea2690968a704dc0b92c1d80587a122ea5324c530080966689a0cfe8cb4	0.193	1
near-neighbor-album-049	0f6ba692f87a01d594c3ef8eb679b8859838b2c816bc44461dedcc72636a4375	0.192	1
near-neighbor-album-050	fec9cabd3141bcfae75041eb815972ffcf6159ff62b0a4003934607fd9215b1d	0.194	1
near-neighbor-album-051	c9e45eab2a622b94af78dcd7516409f777a7e25299e9bd36b944e326a477dc12	0.196	1
near-neighbor-album-052	50b7677ba649c0903bd1b2a8a7234dd33ed4578c15ccf65c5741b0047e124251	0.194	1
near-neighbor-album-053	9624261c19cd048c96d674401d96f616feee863d4b1fd2bf89a72bf95b8a11b3	0.193	1
near-neighbor-album-054	d1af0463e935049bf55cb6fef8ee9ce2d323704291d7dceea17b419ee7223172	0.198	1
near-neighbor-album-055	396f55de2c51a8fabc4852c17877cb2ab9635b08a8edb61af1aaf21b3d0b781c	0.198	1
near-neighbor-album-056	9e45f92e3929da3b682e0b82cdaf88290e58d28b1640d4791ff56a8468c47093	0.193	1
near-neighbor-album-057	d73cfe21768f8cba77b89887278fa72bec6cc44f48da692dcd6c818147a49010	0.194	1
near-neighbor-album-058	d4cdfafb7d8f83cb9fdad0a0a015abded08c6d0bb8b8c30a8c7f752927ad74e5	0.188	1
near-neighbor-album-059	0af61b22f714ac5dcba7f5a177e54a6f49fd47022c0328a2c3bc9485799f3727	0.186	1
near-neighbor-album-060	ebda166a1db3af9944871326a41d06ef746c3a756433caf6710cde232974a538	0.192	1
none-of-these-absent-001	28e93f1ecd4aab7df4d908828964d1700d1850c578b7aa3b592c60744a72577b	0.19	1
none-of-these-present-001	7b58c077d0cb4dc990cbb38e3a2b23b56430b8f318c4cd06f929e819fbfc5b42	0.192	1
none-of-these-absent-002	9d6175e757740efb9c6f064766c942a105d7bcd68a62449cde4bd92ae23d87cd	0.205	1
none-of-these-absent-003	21dd1a8be241f48db2efae897117ab97c07f21699c26b1126141e0e6c681b16d	0.191	1
none-of-these-present-002	c6de5a13edee8b545311fe8fc0ccb41e0cf79fb2e2dc01585c9c000bb8374b24	0.206	1
none-of-these-present-003	c83cadbb2447a532d88569b092a744d0084d078882f2a05b0179348342cdd262	0.202	1
none-of-these-absent-004	ef60c539078dfce2cd73d5b45dcd9b63d69f3885806a1c8e5cbbdfd343257b56	0.191	1
none-of-these-present-004	2c5985cfd89e255f23ab6bee4d0f744e55316048bfdd7446f4d919742979231b	0.195	1
none-of-these-absent-005	b3e85a8867238d1fd130430664d82d12d9983d5cc7286d4d54301d82c334b134	0.206	1
none-of-these-present-005	ad3171851386110eaf1a7dade05193c7a4883cc44d8dfb9ef7d7241a7fb50f16	0.193	1
none-of-these-absent-006	7f5a2ecef7e09d81d794159b4d1ae42042f618981205fa2a57aac44df5516953	0.193	1
none-of-these-absent-007	86f005ff56681fc7d311b5f736c8c9d7e002e7b088119f992cfd02b69bcd6b95	0.176	1
none-of-these-present-006	46270979feb2e817bf64292f58f8045e38151d636eba5b5a6ec6123de1c765b3	0.203	1
none-of-these-absent-008	6e0cbc8547158805153412ff019bd282af54caf250be8b7c6513e4631ad75272	0.187	1
none-of-these-present-007	ccdac96d62b710218ae34515db131d5dd7f8433bf8fed70345c251607e42012d	0.215	1
none-of-these-absent-009	90ad82ab35c4016c2adb1cc83718324ab3bd544d31b2e9206e58399aa844e33e	0.19	1
none-of-these-present-008	dc59a3d47213ded56ad47bdac3455d56eada3aa7b083749a4e93de617a76ed47	0.205	1
none-of-these-present-009	8b8b5fb8be831d664f01cc27cc28526f3d869b235feaad0dd3c6ede88695504f	0.196	1
none-of-these-absent-010	85f93225d9c96e6a0e5e732cf45408a4bb7a002a8cdabe5fc85419f886fc702e	0.185	1
none-of-these-absent-011	e7454e8ff53b014c665f0e9fbece4063e2a43fd8dc5898a18d3a4cf5e9b2894d	0.186	1
none-of-these-present-010	7d4ce39893e0e6d7e40121cd597a6ff3b2c2509f1814c0afeec8ca73332cb07e	0.201	1
none-of-these-present-011	9e3e4a5e7d6c886d589c1bba2491b47f7c344794a9629052092602e86497a86a	0.194	1
none-of-these-absent-012	b558d67a8bb32d0323de9fdc586b291dd03e3d55b480956a010776aa6ca58d7e	0.192	1
none-of-these-present-012	c5ea0371db3cecae1bc7992123ea3c5f2eb392ee964eb54b0f942fdc0fe92d35	0.194	1
none-of-these-absent-013	684791d7615dcc0f00d18d40361877d84f86b3da7ae6ca2ef14f995f642b77ef	0.193	1
none-of-these-present-013	d559a18c789cb9966c8632febb6a4f3ba7eb538dadeba1482cc002b9599fc6e1	0.193	1
none-of-these-absent-014	a23d2ae2083ec233bbabae65d26fb3cbcc5fd9d398ff4fd324a2d8a0a0116e7a	0.192	1
none-of-these-present-014	94ad1c7631e651b4409162add36f33957f20c90cb5a43e96d322a5c16c946154	0.193	1
none-of-these-absent-015	fb5a3535f9904eef6a15667cc0aafb6deacf681943961c5751dd37c78a8685c5	0.195	1
none-of-these-absent-016	554d88a7e27804365675faa49d1626142418f68cefcf0838623be609dd0c2523	0.188	1
none-of-these-present-015	a95763da2b420d82eba4dcba198869059f549f2bfd605211c7ced91532dc42e5	0.201	1
none-of-these-present-016	1d72e410a019b5dae89f42005ba2226dd059bcc5146b2f8d005d87be39152829	0.195	1
none-of-these-absent-017	d72cbe7f293b49fe7f5983f877f422c6cd95e37723b28ac5f77380cb3962052b	0.192	1
none-of-these-absent-018	748d1fbd010fbee599f2df10e677a66cefebd4bc9be31c31f13210cdea2f566c	0.186	1
none-of-these-present-017	80aec961663dd9357cb9655009abfb49951e2504f03f722696f3196f5aac054f	0.202	1
none-of-these-present-018	ef90b410f837ae758abb612dbbacc6a18ca521e12de0e585af5d273645db5204	0.193	1
none-of-these-absent-019	4d60030c03fbb3f9a6cd4821b499f4cf85ee7b7782a2b4b32c3276cbfaa654bd	0.195	1
none-of-these-absent-020	43d6975c26c90b9161efe92ca76f1f18df50c085340fe828b2b5b74e197ff081	0.186	1
none-of-these-present-019	8a8cacc8864d396a1f85de5eefba40f0e25ab7f02b272fc3f3299106ad4afdf1	0.201	1
none-of-these-present-020	66a3e9677ea14f8196b8442418e8087cc89a0f3b7579dedfe6f51126fda4b274	0.195	1
none-of-these-absent-021	6ad28cc5101c70bb2f5ac643aba25b42cb322eba7561284cca04fd4870ac687f	0.193	1
none-of-these-present-021	603d3bf98f2a043a65ee4ca51e367fd8858bc31152967b9b855beba8e6fdcb83	0.193	1
none-of-these-absent-022	0248d501670386658c31bc3657b0ab86a642444c2a4ded068c27fd34e88ee4e7	0.195	1
none-of-these-present-022	1d371c53bb064c72450238c343bbd11558a2d42a0afa2c38ad92dd76734899ae	0.193	1
none-of-these-absent-023	2a63fb0d3d9acbc56b9dedf70be65f1be68180974503a51bfee78151594182ac	0.193	1
none-of-these-present-023	dac32975e1a8c595d6f65ef3f1c17a31a0c3ccf941404a1613f7663daf90270e	0.193	1
none-of-these-absent-024	d79e26d42df05a4e71c89a910096c0b1047cc3567e08c0e002bb8d9d8c052213	0.191	1
none-of-these-present-024	d0965b1ceb4a5155b541210ad4e380b4cf37d4b45c11c50a4b0df9dbecd97822	0.193	1
none-of-these-absent-025	5db52fb6a2eaba67caa2b57ae753afe566052f62e63dbb56ee15e0476ef97b3c	0.193	1
none-of-these-absent-026	0a1e8fc30aeafc33db7054fcbfcd4e548186f91c5f594b50e95d33c904cbbc1e	0.186	1
none-of-these-present-025	43a04852398e0f8b8fc0b24b0adec44745844276f5080b788c60c8892b4d84e6	0.199	1
none-of-these-present-026	541fdef800c4726518cf1c15e2bfcb157aacae6457aeece574174b09e47e0f33	0.192	1
none-of-these-absent-027	1243f203678cf8c49841eede8dd1f700865d6f671df7686a20d57b8c6641eb9f	0.194	1
none-of-these-present-027	f19f8cf2909e540c5ce15d82b3810747c819913e78dc64e5638c0dc62c1e7bdc	0.192	1
none-of-these-absent-028	33b85f5a107c72ebbd835409eae735269555c5e75808de552155e16672b0fb73	0.194	1
none-of-these-present-028	8c829623a37f9e1138ee4f92a4460fa129f0d82a53439edf2581048da509809c	0.192	1
none-of-these-absent-029	c427892614153b9ff830585b70dbf5b203270f5a8cb3e7f42a35b6c03905014a	0.193	1
none-of-these-absent-030	0ebac0f728c15f84c8d948ce86c0144bc2ab1a36f8ffc22cb7e2e8cc09b73476	0.186	1
none-of-these-present-029	6d19f64ac97ada82759ea90865c876bf4a487fd0a72dd93964e33b36f5dc1299	0.201	1
reversal-general-shared-name-forward-001	a57300557e282090d6dc0f5794842b8ecf0a0d982ad0dff6bb937ff501f89973	0.183	1
none-of-these-present-030	57a8c7d0d1fb8f3df5debfec9d99ee548c6166fdd8d6bda7ff7f24e6f6501e0c	0.213	1
reversal-general-shared-name-forward-002	1c4b1b85d109a85e372af2c001d9acb0cb188d7cd4c8d2b7f96086ebaf9c1e8b	0.187	1
reversal-general-shared-name-reverse-001	5cab7975dea8d886b82236ef38922bf3a596199cd98e282ca141fcbb97418784	0.201	1
reversal-general-shared-name-reverse-002	981cb6d43ec9971b604cefd073f384541231e7e482ee79568d17e4d665005bd3	0.194	1
reversal-general-shared-name-forward-003	4d5a6678166c029cb531aa0936cb3f694e57e3fde87099113474670787c60bc8	0.194	1
reversal-general-shared-name-forward-004	0403e9c2ee2cbe5feced9b5fa09942772066fc01e26497823973016aef9bf35c	0.187	1
reversal-general-shared-name-reverse-003	8a21bca6709801879f3b1b9d21db2393b20e1dc5f28fa3b92411939fccd15685	0.2	1
reversal-general-shared-name-forward-005	541424090dd74a78c560dc0eb3edf1a1d0448314ae60a2fe5356329c519cc83f	0.176	1
reversal-general-shared-name-reverse-004	41d7c690a6fbfe93cf53a2c0e9c5b62b937ed3200f4fd5ebb83a2b25bee201c5	0.202	1
reversal-general-shared-name-forward-006	5ee1943fb431de59603dc8dcc69b3c4295ee29f5d96e6b9bd8c303e6e34f658d	0.186	1
reversal-general-shared-name-reverse-005	c733f26a5885b4a669f897a47c16ab66b1bf4ec033c8374919e821e11063b807	0.201	1
reversal-general-shared-name-forward-007	bf80b51bac9957ff6a76dc51f03b38473bfdeeff22ac1f298372d3cd960e9405	0.187	1
reversal-general-shared-name-reverse-006	fa78b1ce550d886717bcebc9e045cff9216962c718a25aa678b369636e048526	0.2	1
reversal-general-shared-name-forward-008	0efb8875317c76e2ece496fb72edbc26b3d1fa377134ec334ae5afe1bfbb3123	0.184	1
reversal-general-shared-name-reverse-007	0bf955d60b12eac98aba3c744ae424f3cc15a39cc1d742a58cc7c7d6d859e34f	0.202	1
reversal-general-shared-name-forward-009	59756e72ec8c01c6304d8ef8d8d5d172ec6ed05916ca329bb67b4d6b5c66ebc9	0.184	1
reversal-general-shared-name-reverse-008	e431a05f9b8ec6106c82c33ad7c140a8c6805a39bb40b83b2fec4c3314b021bc	0.198	1
reversal-general-shared-name-forward-010	9fa6d70988ca12c11f3f3b40c7aee166f8c6d6219ab578701eda48a998cb3764	0.182	1
reversal-general-shared-name-reverse-009	b4e4b1bc821777726e01e6c2d8159f16afdf797ec22ec7170d4342c92107f2e6	0.199	1
reversal-general-shared-name-forward-011	d5d34354e0d0babd0e871254004089a04a20e2ee3ac095a8c076170f0ac25331	0.183	1
reversal-general-shared-name-reverse-010	84de60c328b0b98b9694ad01cc91bb5396798cd07e482fd0d1dd783e539528c0	0.199	1
reversal-general-shared-name-forward-012	052b5c42c717cf34664d4bca1f65808d7796410218640fac6c61c4c9b6b8a28e	0.184	1
reversal-general-shared-name-reverse-011	6c49949229dcfe69107944e9a78ca0b7a4fa92dfa427d28351be1e5bd806e4f7	0.199	1
reversal-general-shared-name-reverse-012	b2edc5873ae32a10d0321e012d1c94501a14f92de670a09ec84f5be9417dc16e	0.193	1
reversal-general-shared-name-forward-013	5060f0a2c098a687dfe81e7cdeb3f1ab2868d52996d12f7f81dbd25eff7cdc6a	0.192	1
reversal-general-shared-name-forward-014	154c418d1e3947c664f7a79599aad0cdf9d0d1dd3afdf72158062cfbf623664f	0.185	1
reversal-general-shared-name-reverse-013	3056917860b22fb0e00f91bdd5b02b1f5311ad598d21db49604f4cab8d41ca64	0.199	1
reversal-general-shared-name-forward-015	8af79bc8902485ebb492d8cd6939de636bb480086351ce824326a1272df70fc5	0.184	1
reversal-general-shared-name-reverse-014	27390bd2d1523703946e36d63bca84399637433e527d7404f56471d2a108af15	0.198	1
reversal-general-shared-name-reverse-015	5f11705598082feab9345aee8416d0c8d876a745e45056ee518b7dd7747c4ba3	0.19	1
reversal-general-shared-name-forward-016	ebed8ffd6934109aab7bb211a8fba96ee66f55b4bbcadec97aee6fc8a718ca0f	0.19	1
reversal-general-shared-name-reverse-016	fac547bb6b12ba28a9d7c1ad8780b6dd2c58fbd0190dda0419f723bfc6cde5df	0.19	1
reversal-general-shared-name-forward-017	4d69f1d19e725416a6ac53d21b44e6f64daf0a95c402bdb48a9bc4cdecc16bdb	0.19	1
reversal-general-shared-name-forward-018	8d6c6986515b7034da73502f2a5e4d74ef8c9110d29124960a4c9d8157244cd3	0.184	1
reversal-general-shared-name-reverse-017	5ab5046ddb7999f191abd5859a36b58ffd03587f2cea2f7c7eb66c24519f9393	0.198	1
reversal-general-shared-name-reverse-018	48658b2becafa1f1271c940d48fa7a0bcb377299043725366933bc8689d8816f	0.192	1
reversal-general-shared-name-forward-019	53b837f9f4f9e1f8a6989604d329be3cbc1eb467562d4b51c06dc62c4236c958	0.192	1
reversal-general-shared-name-reverse-019	e0ccc37bf9e0247186a332ff52c842ace37ab4d9ed2ac5c0020f1ca2185add5e	0.192	1
reversal-general-shared-name-forward-020	612059159bdf5398d66d26433112604762982e47ea549ea69a0bf99b4440d3a8	0.192	1
reversal-general-shared-name-forward-021	41aa3b61257c5a5009c20b8b82e7fc66a75c95ed68c0e4994867fa72f27a3c94	0.185	1
reversal-general-shared-name-reverse-020	384b481f812db87a0f1ce1bf46d58ad92086c2b0c6ba2404c0f15f4e57b2d967	0.198	1
reversal-general-shared-name-reverse-021	fd06d86816f7ba420844c58d198c86bf9ead8487b56abb6c6ce069a1ff469d9e	0.191	1
reversal-general-forward-001	1a2e778c8114f301abd5834e9b8acb8ffe75e560b75f688312b2b829a5a316a4	0.192	1
reversal-general-reverse-001	ea6429588c4291c6289c698c66537662fa1d4de1e422146f15c6fd16954fbf76	0.192	1
reversal-general-forward-002	60960426213b64fdddc65937caf379d8f0cfe3c9768a3e7e3e77780ec695ee20	0.192	1
reversal-general-reverse-002	892605a372f4f58743f340bcd36950c5a1d06176f6e60444a87ae54f2d966d7b	0.192	1
reversal-general-forward-003	fcad74173eecad8976b68d57ae0cc6b64d8b1e157aaef96c9e7ae6a2baaad957	0.192	1
reversal-general-reverse-003	6069b02b51fa44646b791e14710847d211402a86dcf924dead540a734974ab9b	0.192	1
reversal-general-forward-004	3ca4cb21626fe4a0ab23150142e5765f666b5a2f184332e5694f6539971a9d1f	0.192	1
reversal-general-forward-005	88e75437dbc6641f0913dd756cbfd7a40bbaabd698d3407eff012dd2496b9cfb	0.185	1
reversal-general-reverse-004	fe3934d5d3f69b14d9c593f57b7bc9b284a67a1a3cdae77926b43b48c4641091	0.199	1
reversal-general-reverse-005	052c1187916b62fce3eb3ac17852e8752b3dadc8b5f7cbd77a0464ce578c87da	0.192	1
reversal-general-forward-006	6a95a6d84a85a41026a232212f3813ff7e754a090b7e932890697dc692b07809	0.191	1
reversal-general-reverse-006	e48f387faef3ace878deb81ad83a44621b20e6ba80ef812b8322d7da2687c5ba	0.192	1
reversal-general-forward-007	6d77a976bcf2772ef8ff2150abdfa96f77d54d51c65aaa98dd8d426fd578f57b	0.192	1
reversal-general-forward-008	a6a917f3352a33b2e4c43ed8daa8e134c4040256a0a5021c0abb1546dc5807c9	0.185	1
reversal-general-reverse-007	1e35529921894e5895b4252b2edc13cc02c846027cba5b9689d47cd08c87b9cd	0.199	1
reversal-general-forward-009	39d87a76d050f6848eacb988fd3596dc5da08bebf7cf5626b939c4d1b4294047	0.185	1
reversal-general-reverse-008	f82f94fe16f29f95d5c62335229af63723335f7ace39c6540543d69309ebfcf9	0.201	1
reversal-general-reverse-009	29fba695e3329c73ad7fdafb251ebe7799e2a7233f56c3920a53d34177a323ae	0.193	1
reversal-general-forward-010	0d858e52cc6d11720fe20037af1c89b6bbf8dba0223722131cd00ebd99ab4186	0.193	1
reversal-general-forward-011	d1f91b962644360624b84fac65ca02093df97ad2eba6181e1abdede2ea477cce	0.183	1
reversal-general-reverse-010	b376f160d439b648b346f5695b004c14617ffb777e6e5030cc1da4f94ede06df	0.198	1
reversal-general-forward-012	3b6bdb01d7358eabf717da7919ab1cba005f14510e5ae586428eecc81db4e856	0.186	1
reversal-general-reverse-011	d4cdbf061dda5e54d981b1a32b06a6b87da0da0671b3c063cf6b20be0829ec4b	0.2	1
reversal-general-reverse-012	e6e781a19254bb7afa386b2bd0fb6e923a13f9e14028b622764f7646033ed8cf	0.193	1
reversal-general-forward-013	2c84bb24d37ba64bd32ca30a80aafd3a445f3e27a09d6672bd47bc3009553ba5	0.193	1
reversal-general-reverse-013	5d929d0b39a35c2c518de30b9b6ef0af0bb0e4ce6c928bafbddb1dfb20a67a16	0.191	1
reversal-general-forward-014	65679d181f9eacbc94be204a05d03810e963ac98f1bf771cf1cc467760a9c7ca	0.193	1
reversal-general-reverse-014	aab1bda3c1b1bc7077ba34c168dec624fb30fe3f8c84ddb4b3c8f9ea1bdb6648	0.192	1
reversal-general-forward-015	49ee8edf00250bd80073f543f96b64ad96048a0ea42b89de08d7431e02367ddb	0.192	1
reversal-general-forward-016	56dd197c31c2ca06c770195bfb4c9c124c0d71e59b335a266db8e5302b6a8227	0.184	1
reversal-general-reverse-015	ee65c11dea096b76c6990817cbcfa28b0ffe247313a95abfef3d3da379a5cffc	0.199	1
reversal-general-forward-017	69787a43b0103ad3e41421cbc0e6ec036c5504b7601792fc14e3010ebe97ad1b	0.186	1
reversal-general-reverse-016	cde6f03c6890b032964fff11850f001ba4078e7d0d57c400cdbf0a5e07b584b8	0.199	1
reversal-general-reverse-017	11af185bb76b8ceaf0ee1d4f10c727125eca3c5ad29294f981a892f2e20e84b7	0.192	1
reversal-general-forward-018	831ff8ad93a197761bf10898722948ecb01ebde640f7e205c598f15a44c7a129	0.192	1
reversal-general-forward-019	411e650ecaf22c88cbdbdab7dc99ae313ad89867c4becc715c70199f9994cf7a	0.186	1
reversal-general-reverse-018	c10f35c0e658513e33baf98035b887b86237c83d7f585a77efff5c93d5d495c3	0.2	1
reversal-general-forward-020	c8c69ba6c3c75dedcc32b7e7e9a2e7eb20d9aa050722cd318f598d155e57cb36	0.186	1
reversal-general-reverse-019	803be0c869838dcc23ae1af74bea42dda0bff20d3ee24ef77fda5eb30afdd7ea	0.199	1
reversal-general-reverse-020	eae4fe919e8b3b16058f72c1ab97d4bd6b9eb0ad91252b09743b118794d8aa1d	0.191	1
reversal-general-forward-021	a6779c0beec4dc53f40ccd7cf565279260b67ddf03313daa2efe4155ba9f51ce	0.191	1
reversal-general-reverse-021	0e4adcc3a3a7e30b45f68f723c684e86b8b0797d3f671891b64e65a53db70722	0.192	1
reversal-general-forward-022	274c2a0aa0e4412bac86a6cb7b270f4abee5e4851e2a15b0c9effbc6c08203b0	0.192	1
reversal-general-forward-023	72ba57bd917cd3ca9923ef014b1ba89d9a0762752de6f99bf8951e44623e4cd1	0.185	1
reversal-general-reverse-022	e1e22a324060dc15e8d153c68ee3b797e792566a543491781de78ac005a63108	0.199	1
reversal-general-reverse-023	0b6ca27cbe071b074e448efa6822c6e89ab22a5da8495077aa61e3f695117907	0.191	1
reversal-general-forward-024	6b7eff54534b5acdbc93f14e760c783a25f9b6484a56dd2645fdf4005a32bb88	0.191	1
reversal-general-reverse-024	bb5198587deb38f3a6bc30464c1f86cbaf01d0f292c6ff46fee4c4941222a35a	0.191	1
reversal-general-forward-025	0378e5c54775a5ec14031e3ef838b5ca1ae8903e5031aa517ab2d7865ec5d405	0.191	1
reversal-general-reverse-025	4816bd336958cf429a772680a4fec0107839adf4ec253d7dd7a526484b4fb56b	0.192	1
reversal-general-forward-026	976d28d4edc1e3b50f8cf89241213bee90ea50e29adfc819e6289053c2b5c461	0.192	1
reversal-general-forward-027	42a6f779ff9e7d88c75921f3257ac9f1967b6e31a9f3c3f3b806cb0fcd6f1580	0.187	1
reversal-general-reverse-026	1a2b57e975d5e381c93606941670c49d36434141944a27fd341f7a80a56f9d9e	0.2	1
reversal-general-reverse-027	79264c5387f6b067ac3a9919b5f88a0ba0ef8d0ce29110a918c43b5c6e76095f	0.192	1
reversal-general-forward-028	82c218ca02ea3e836324ab377df46db538898a0a24826488e849b752f16667fb	0.193	1
reversal-general-reverse-028	2217da16e773eb15616c48ebc287d889a136761dfac1132da7fd8ab2ca5fdd62	0.191	1
reversal-general-forward-029	12efe72dc5b5d9ad51e91293f147f39bd5698a1637b9cd03cead3c2af6106df3	0.191	1
reversal-general-reverse-029	4a46512b194bd4361a362b53444cd4d6c7b89e62ef695fc552cce01077be5c46	0.191	1
reversal-general-forward-030	df756bfaf6d318f3a8c49cc6ef48074b06cda14401b20bcbc2067e3d3c9c5923	0.191	1
reversal-general-reverse-030	1052142d1f13d72d80d99e1be3dbf308df44e24737ef0e22826b1ca1e9b0bb37	0.191	1
reversal-general-forward-031	50c653304363225a86d6660bdabfc855ec1a0fb126824595a70ee919f4cd272a	0.192	1
reversal-general-forward-032	e815ae4a6a534cfb0cbcc9abb9960e91a43338d1e7cec990de957b08fb255db6	0.185	1
reversal-general-reverse-031	98e8c2ceaf4cccc72a3849f0e0b02575579e907b6508dc9165a759fe3c958402	0.199	1
reversal-general-reverse-032	354e9c2ad089dcc2d2e0543132ee2e7bb71c83429f5cd9fde9dd283b691c51df	0.193	1
reversal-general-forward-033	992a5ae8960e5da2f6363cf60089b22b2cd2fedeeb73f81f7178814462f58f00	0.193	1
reversal-general-forward-034	7fc12c61f7014e85a6e4326b7dc1e60b04e92aeb0eb1d5bcf6e6a91ce1ac7839	0.186	1
reversal-general-reverse-033	418e8b4985326ad6a5f0ac85a32ff559b681e4a51a144d3ad07956cc9119eca8	0.2	1
reversal-general-forward-035	944b2df453bfb261f3a48823fd1d1bceb4ebbcee67fe6763560bbcbc0f0e1977	0.186	1
reversal-general-reverse-034	eca6b328b02e4ef62d541969ed773a65bc6711628b7aeab169d94a279429898a	0.2	1
reversal-general-forward-036	23b1396ba9192b8b77c3485141b13b1b1d399e13beb1d1c35a7a98da930fcb8b	0.187	1
reversal-general-reverse-035	5f1b79b8e19863787927d06c517d1e7229f228b4e3955681330c5ab0f1cf1bd5	0.201	1
reversal-general-reverse-036	857bf29f2c8081e31e94723a8dce14a877fd7f72a084e7ca88518a32590505a3	0.195	1
reversal-general-forward-037	ed31fa88b134bb2febc57cbdb45ab59220da1b00b49a9d127f20fc29ee56da1e	0.194	1
reversal-general-forward-038	53fd82b48d83254f4d374f78db0708618cecfb159138ead7a12bbcbe622c06c8	0.188	1
reversal-general-reverse-037	466a85ccb22f5936a00914b2c13da3b7a26554f351f00615756cc24632c258e9	0.201	1
reversal-general-forward-039	9b8f55d326165a6eded65c315afd1e3ebc392b6959fa926873028a5f880d69f5	0.188	1
reversal-general-reverse-038	0f320e929b277c3758338850321b34b942685cd203d9184e5adf0bf7bcbf29be	0.201	1
reversal-general-reverse-039	bc891d5cebc1ae0cf08cc5a82cab67a645c87a493f69c513746e92c2c20e9e51	0.194	1
reversal-general-forward-040	e4cd9223f11998157f4c2588d69f9c9561f5ee90e2965fc68b2d2fcea2910702	0.194	1
reversal-general-reverse-040	b63e1985d8f845f66ec8ec835f549d382c75740ca0578fc1966a008775a60fd1	0.194	1
reversal-general-forward-041	aed83ca3b23047356fedd87a04f9e96e01633dd3475f3c36867053843e28e9ad	0.194	1
reversal-general-reverse-041	c0bd13096af64ab2962cbd1f52ec660698ce521b1bbca799ed1370bb0f71c79e	0.195	1
reversal-general-forward-042	25fae70ae89eaa6b0315296059bf4f9106171c9d9b5f6d0cfac3b9cc683e2e24	0.195	1
reversal-general-reverse-042	c0c584add3eb161f3b4e6a8a055f07bbaea1c79ebde6ebea5af96e3f2bfeb167	0.196	1
reversal-general-forward-043	549e5a69ac16188f0f55ee252b5cf84363cde4ca6d60823c4db33bdd6506e7a9	0.196	1
reversal-general-forward-044	69197d32744ed0ec253c2dc435db56559843a0cf2bb7937a8e5a4deb5b32bd0f	0.189	1
reversal-general-reverse-043	dd5b920822543c4a2bd62cc1c98ad29711ccf9a8fb2edf9cd7aca8cb2d3cced6	0.202	1
reversal-general-forward-045	8a573b2dadc1db6b4f690a98bc4efc49a8685ed91434c86a214600eeeb1ab551	0.189	1
reversal-general-reverse-044	88ad8ddb71a6af41af65e8f813704dcc24b27065b7aa4529967622403911922a	0.202	1
reversal-general-forward-046	a9b9978bc137fdb74629747e1c5a24888395942cc610741ee4299a7c126d02bf	0.189	1
reversal-general-reverse-045	88448cd2441deccc7360712ad913a37b5a17123090e9d0e53385fc16bdbc4c0f	0.202	1
reversal-general-reverse-046	8c2fd867a2f03b2468ca73643395bfb150fb51f83e471f87c60659834696cffd	0.195	1
reversal-general-forward-047	a0ce85e238e0de4aca2199c73262c0bf40bc1b246e74630751f3589ed2240c83	0.195	1
reversal-general-reverse-047	4202c2d40183f04f6bec399036d31b7b9dfa5caf7388d8bb24c1f6a0471ea130	0.197	1
reversal-general-forward-048	bb045eb8e12f108f1f5fdd99d2328fea8bd9ddae13a5c46b8d2fd25501e050b2	0.198	1
reversal-general-reverse-048	af276e2e0ac9e52d2118b3c18bfba0e3761f59f813a44596e03b47f92734ac42	0.197	1
reversal-general-forward-049	6009ae17fdcbd15c29adf7a2a871d8e825731b620442e042fc5dff0be8cad448	0.197	1
reversal-general-forward-050	801d7f654ceb3fa99dc2be1bf80b94ca0ae1588f3d5932151f4bb2029844f094	0.187	1
reversal-general-reverse-049	03a5cb0412892879ccb8ff6c4a2d83270241bf336b88e0276c5604d4112aff72	0.202	1
reversal-general-reverse-050	606d8967cda647e576c94f6d4a717bd3a83e51883bd8f5d448a67648f2f4f0b7	0.195	1
reversal-general-forward-051	5e040530cefc37ad764165e665b175db4d0981f24bbc96b99324481b5661e281	0.195	1
reversal-general-reverse-051	023e1d51fb7caa930402d37c3717910029c736459bbb30e6179fc6823093170a	0.196	1
reversal-general-forward-052	31548bee4a67b1769d8ab208b7ed70f7219d11b09ee29cf0ac5f4c5d9ff4d7b7	0.197	1
reversal-general-reverse-052	f198f601aaa7cbc74a811cfd5937ac205af5c64e11a2d0adf841f25d0dd476ed	0.196	1
reversal-general-forward-053	a7c15afa9e637a68583850d951ad179f22e128af293d106dd5ebb4752e51328c	0.196	1
reversal-general-reverse-053	f0d9fc2b184ab1902f71155d9fd8ba1619b04a0d66d47813d41c1ee700a5dbae	0.195	1
reversal-general-forward-054	691372e4371716648f5c4e43b6f009ca9cf8eca76fea2e798824650e34abe3d7	0.194	1
reversal-general-forward-055	3623e611ddb58db10bb17c73d1dc3de23072e682c7c97dc54cc659aef44bd429	0.188	1
reversal-general-reverse-054	4ff5132dd376b3465479f7fb4a983bee2ab1c88c205070369cd37a36119b4608	0.203	1
reversal-general-forward-056	3b993dbf920d195eb2e0a1f6aca24dc21cc6a080fb4587a79a7ea065759e33c8	0.189	1
reversal-general-reverse-055	027984df3d05b43881a8e33aa868c83b19bf9532efebb403108678637bb148a9	0.206	1
reversal-general-reverse-056	9f0f1da99705fdc44930dcc72e3c198f860731c3ac1365c705f0607deca6acfe	0.197	1
reversal-general-forward-057	2b2bd58c552b779c39527581c49d71e7e96c8084a89bf7bc7b84614426d5c406	0.194	1
reversal-general-reverse-057	f75746d1bac20e1bd07245ddfe9e8277a11e82cd02ebb5eb280e5b72f9304a2d	0.194	1
reversal-general-forward-058	25898febb9cc0b4a8e2302f2ff1fb9a0b45b5ed7d8c3f676682f155a8d0fa1a1	0.193	1
reversal-general-forward-059	574c06eefd4cab5973f6de171056894f5197a796c7788bffa01e7a48dfa4c639	0.185	1
reversal-general-reverse-058	27928a0bb9559e7c65502736ee7c75c41518673648b671af9abb00f98b5d0006	0.211	1
reversal-general-forward-060	2642a11430d711d3a37124eeeede1d6c147732804fb6e9ab7d5f45b7f9a9606f	0.188	1
reversal-general-reverse-059	5249261aaae52fed15b4445b638d42c6a30dfa41b3fc639c4ca2df0d3ecfaac1	0.205	1
reversal-general-reverse-060	62133e99bf395211d4413edd575ad6bde690cb24070edd7c1399142b0d5e0158	0.199	1
reversal-general-forward-061	27e7fc147e7418b90138913e340d6cc4e34f793c1efa313c90fd5c4d468ea721	0.186	1
reversal-general-forward-062	e2ef70e3744ba3eb3444802a61f04ce5a1885e63b383de8f879dd3ebe26d5552	0.19	1
reversal-general-reverse-061	745acacd3ff486f469ca1d9ecd7d52bbee60619ebdd0fa057a1d7c08f007adc1	0.203	1
reversal-general-forward-063	33c48c4c69080def80971008455874a2a705a8bd9623b01ea284c2fb1165b611	0.19	1
reversal-general-reverse-062	ffd8913e9f270fc610686415a29405364d6672c71ddf1bf7d18f1e47a827c74d	0.204	1
reversal-general-reverse-063	e572657a3957d571d0d2b28c870b59b3b71a761b943b3e26c21a6155081783d0	0.194	1
reversal-general-forward-064	d572eb42453cfe9c206932fd847e764822498c3df9a58da94a28800e7bf42d58	0.196	1
reversal-general-forward-065	b208cf697c42448f2a7b70700ffc96b5b6951eb50254edc44f430195d1c04fc3	0.188	1
reversal-general-reverse-064	5d75a09cdbebe680174a687f7487ece7a2e91a46ec65c17f22d6e43805716783	0.203	1
reversal-general-reverse-065	cde9b1f11effd274d27ba743c387bb03e84dc7131fb0ef75de2571fee2c8c967	0.194	1
reversal-general-forward-066	dc993e523ae72c49a79af03e6f3a338fafdbfcbd117f01985d9e47adfa9f9563	0.193	1
reversal-general-forward-067	d9bd795a2b3d5174de7b015564d6d4e4e0e4b4660a41da6ba143e284d6fc4500	0.185	1
reversal-general-reverse-066	c34c6bf9dc993430ab6e7e12014f80a56c09cc80dbde82d2e37cfaec624bfa9d	0.2	1
reversal-general-forward-068	d0703422f264e9a7c073842646240a987f7de903ee63b328762530b1b6795e69	0.186	1
reversal-general-reverse-067	032d46d1c7d55f32d49614d0f74dc87749f978b8ff01a509eba87b3cc852adf0	0.213	1
reversal-general-forward-069	1f9fd6d05a9490ce06ea9e651bb9e2ed104e1ff5ff9c9654141919c1863a6055	0.192	1
reversal-general-reverse-068	25978aec48a3ae9e3b2418f2534485e8be60611876de7efcd6832c18adcde155	0.207	1
reversal-general-reverse-069	f71553c3446b0cc07d8bab978193cfb291dd0105170a20cca74a009203e28c45	0.203	1
reversal-general-forward-070	c3ce3daee7709b79abfcf7634af99158d2287285f7eafe69379ebfe953b7901c	0.19	1
reversal-general-reverse-070	223155b9293c92a0d9adc75162638a96113a28b15fc3e881e0ad4faeb531339d	0.201	1
reversal-general-forward-071	6ce9fd673704006fd1fd53b4b140395811720bcbb65390dc45b1877065791692	0.2	1
reversal-general-reverse-071	e5b53913c7e3b10c5e10582d3c435c6b6ea05be284cbfd972cdb76f2699ba65a	0.2	1
reversal-general-forward-072	b0b043458540b4e3ff182cc289ce8730a75dcc5cbe9091ffb320c7e886a1c568	0.214	1
reversal-general-reverse-072	897d655e03d8e1f845d76dca72b70210c2874f0039c2f11407d47b15f1cb7f05	0.202	1
reversal-general-forward-073	ef0ce3f59c792a6a7783a30177bae4eb20a66be9ec190f5a797943b997e5a201	0.204	1
reversal-general-reverse-073	ef3800efc24560089fc503c2f57b17176ad106c9ab53494f83dabb87e3fa9cad	0.204	1
reversal-forward-001	c7f71d76cac4f9b69a17d11a3abfb58e2711777ed838b1d79d6919d73c7b5e37	0.19	1
reversal-reverse-001	5ecd087b39db728541378b7c58e34da8f6703c85cfbfeee45f6d1059dca2a6bd	0.183	1
reversal-forward-002	4e0edee22e163193f572f8c8760f609b6b18a0deb6c95e1eea1adec72f56669c	0.181	1
reversal-reverse-002	2d35c2070d923f43ae9400ae7d1fb4546ae000dd4f85a12a18429a2fc516ebce	0.166	1
reversal-forward-003	29824391e3e2085cf651fa37d3d7b3f2f9b1339fee8d9885017b1d8a250c52a1	0.167	1
reversal-forward-004	82310ae65b5ad3f0d8724290a9ff8baf03d7a325ecfcb996271a50fa3106a9d5	0.167	1
reversal-reverse-003	71be1e1904f3a44ad455ea22d173ec456d6afdd0c52d4c2fe9bdedc554e33810	0.167	1
reversal-forward-005	0e53fc3bf19837000deb904019ae38a5d7fa817eb8f0caf3d51d644eeeefc060	0.165	1
reversal-forward-006	8a5567f89120a0790dd43b6868bc07e6ef70ba0e2d352815fb1dec750020a2d0	0.165	1
reversal-forward-007	98d18afea90c4f1fd15f70de848857fa78b7dbb675e193192d54027233841a38	0.148	1
reversal-forward-008	6d74025d11b2f44df1564b7cc35fcbf24f45691591c5d578e067f6fca4b58144	0.15	1
reversal-reverse-004	524b75059b7938c3bcb8133dbd3be6c7607a607dc079c37b31b8cb8b1d15ce63	0.148	1
reversal-forward-009	6b260ade4981b3b6a843065fcfe7d0099077ed54309247c120fb82e6cf707861	0.149	1
reversal-reverse-005	19281eefd1d9856afcfcdc1a77b683d742db4c59426307bfc2607b4344c38f5c	0.166	1
reversal-forward-010	18ead5a5731173d6163e2b3192b6693b2beb12fb6fa282c3d615a02a69f3f36a	0.164	1
reversal-reverse-006	f14229a695000724bb7138b09c1ea7bb39d462df77a0cee1abf4dc46e17b3401	0.183	1
reversal-forward-011	e375199bdcee52125fe77ceaafe7f8333950fe4b19652f96ec942d6c93ba96d4	0.183	1
reversal-reverse-007	79d37a87661e9ceb3b1bacfbbc9ab07a1223c753c817b32f0c8b084a3766c81c	0.182	1
reversal-forward-012	6dc0405feaed039c50435431b586f85a1ce4a662fc962bacf351b762d0f68df2	0.184	1
reversal-reverse-008	d90d556c6c2d7385db09ad9f5ece32bae06405a5ea98859a3d17985875f4b9ca	0.165	1
reversal-forward-013	3c449553752ecbc239a6c91cb62fdc40581025ed46cb33c47f1fc018e65ed1df	0.165	1
reversal-forward-014	21b6396540bdf49d891e674c074b3479343f7a93e6623fa101f855f2a94ed3f2	0.158	1
reversal-reverse-009	405decd371da9930916909f5e2dfd332359cbc414f4398c7839dd8b3be7529d1	0.172	1
reversal-forward-015	63dadcdc2512b0c30516161493954ffcb9fdefeddce707d1e1d7de6a17624a6b	0.158	1
reversal-reverse-010	b3e0a3b8baa314e2afc90c000288553e7b2ef9d68a5543f9c2cf1c499b6da1e9	0.175	1
reversal-reverse-011	5a000bf47422e140fd388a9db80e65c0d53d1ca738e3ea79ff7a15c9a22e88c9	0.182	1
reversal-forward-016	675957a9dcf1637edf38e04de4372754e3585adee51da4c52596570adfc85f12	0.185	1
reversal-reverse-012	ca95751040579312b390482cc91b0825320a218306a003cce5d450a0cec19eb2	0.185	1
reversal-forward-017	89e92741fb8a532d87170f335336bf73569b1e2e56e91546d09a98a9917c4417	0.184	1
reversal-reverse-013	813c1a779ac42b9d8025dd071e7ea8a0a414c6997d2e7c129aff9e4eea7d7d64	0.159	1
reversal-forward-018	58a691a28e09cb6a541893789bb3d347767847db00000a54074fa3923fc8f392	0.174	1
reversal-forward-020	5c96dee92cd3b3c5e14a61e44e12718eb5f880faf89c669ad437ba6e844ceec4	0.142	1
reversal-forward-019	9bf78793ea6147a4b5f7917f3fbe2c55bb8f436393c61abccf0cb95bc9779e60	0.159	1
reversal-reverse-014	ba5e0a38996fcf6d7e44b8146b7b8337f93ff6b6fe19ad1842fd53138c22a767	0.167	1
reversal-forward-021	5ab02f030f055c3a895be63d4d32ce7cf2292fb3faa47492effd7f5591d1ce1b	0.167	1
reversal-forward-022	f3949d1878b686cac7d7b3fccce15db236cfa3b80dda3735b8dbbd40bac034f9	0.184	1
reversal-reverse-015	721043d4e6026fe4caf0aba5e3bb989abfb971afc8de18d080123f6b6a140665	0.183	1
reversal-forward-023	39d306a1e915d1dae98e97a5a98fa4c2b423ab9bef119976ec955c97acf0c345	0.15	1
reversal-forward-024	1ee90e0b9c231d4292d5bdc6cb6e3114a48e36d7cdde59d2127437f9cf086329	0.151	1
reversal-reverse-016	9f105e5ad776564944d8c0a21fc80ec0d722a4c2dd8a2bc874cbb08ea094bd93	0.148	1
reversal-forward-025	0a5c060d3f5eb3ddab65ab9302eacf5ab5098a306286dc331427b4d621841911	0.15	1
reversal-forward-026	ef10399df7ac8ea41d889c17549305f6022ec9cef1eab96c69c86cdc1cc58ac7	0.181	1
reversal-reverse-017	3ea09d14619fb9d978516667b8c8e63c7c99f93b13f32a60503fac703d08b52d	0.181	1
reversal-reverse-018	3d53c5ff8ab12cd02de00767982a3fb4cccafadfc351720fa43c8b15a82a9d4b	0.19	1
reversal-forward-027	bcf25729b9d888a51b4d42aec56fd4c57d01faa8fd2f615d0ce6dce7c5f63a3d	0.208	1
reversal-forward-028	c6bf8e4f68fc8a41948a01283809e88fb55bdd93cb8c7475fd54cde50120b165	0.199	1
reversal-reverse-019	dc50c39be1f68b49fd2fcdfb35bf0bc861f8f1743a39d76062897452a2a9627c	0.197	1
reversal-forward-029	32cf731117d8f5a95acc0e040611800d1732b7c3f94d06f91dbf4894b0454dfa	0.181	1
reversal-reverse-020	e7cbe22e495dfb23a50fd628405389f6bf1f0ca3cd0365cfa7ab6f6c65809d39	0.178	1
reversal-forward-030	e04d036805ccd7b81025b1e70a5e567a63a2c5337d1735baa974feb0bbdb42d4	0.164	1
reversal-reverse-021	b30194a48deffbf42f4011f408dbdc7252fc6dd91709cd0439c75e62a5475562	0.166	1
reversal-reverse-022	a598f7e6f10355c7b4dc527a24b73ee4c5c27f0a6df493147cfcc322f6869414	0.157	1
reversal-forward-031	ad0bdf26a04d1720c4a60c37f24cfeb98f25d8f5c48d6be7d159cfaa1613612a	0.17	1
reversal-forward-032	b4cdefdf169f34d7e0396dd5b3bfa1987ed7d4291d251c9012cf35398be0dfef	0.162	1
reversal-reverse-023	d8e436c7acd0e3b5f53bb3e326cd9427e3983a5af4b8ffc1a74f52e95f32eeea	0.16	1
reversal-forward-033	3187dd03884140e33ca301d3fec78361c35e8d407a3d73f0a015fe4d5eeced1f	0.179	1
reversal-reverse-024	9d90b6699b655fc67ee420ccae07173c8763f9858a91faf923223e8b689aca8f	0.18	1
reversal-forward-034	57d89479b8d728e75ad98a074817d2684795f4fb5db3ab3cd2987124b9461ef9	0.179	1
reversal-reverse-025	fe84258fe536872412d1783a7e0a48ce6df215e469e58fbdbc0c574646977d19	0.181	1
reversal-forward-035	69d6b97483413439b2413395bb8b07cf94f9745b6d486aeef9c95700a4a0342b	0.162	1
reversal-reverse-026	33d913b1e01350ba5690ce45ace48de6b017ba84f33f66276520a3eddcae2be9	0.162	1
reversal-reverse-027	e017f01fe87ca41505eec1adf1b87fd070b9c1d3a6266efb70d3702544cee925	0.156	1
reversal-forward-036	c2bee355a7be235dda61e5109fd07a3688ced772e0b7259d8af2cbc69f4dbbb0	0.171	1
reversal-reverse-028	9df106556a06475a4bcf3d85131c33a84e65ee01e90b6bfdedd59e7387b18688	0.156	1
reversal-forward-037	e69bbf41f8f5beb10b20d3f7601b497f721fe9e91f835a2e68f1a700d06e93b4	0.171	1
reverse-singer-to-song-002	5898924547e91f4ced97b4f24feb4c0ded0c4673bdadcf4dafd6508eee5a572e	0.174	1
reverse-singer-to-song-001	a2138d5ca2a792c84af297434462c26412f87dec5b5be6a67f0eb55352c84f0e	0.188	1
reverse-singer-to-song-004	ad6faad453a9544786d89ab68c8ce48cb69277f6320e6093f27a4672d5ccab63	0.159	1
reverse-singer-to-song-003	2c03f8b1a14143e448735cdd73fa69c6797b583e52d864818dd016c8f7a1a9e7	0.174	1
reverse-singer-to-song-006	ca136dc12d71a63b56f6241305dea263b493b7597ed10075c1b5c025844876ae	0.127	1
reverse-singer-to-song-005	326eef46e478324873c6dbe6c80bec340a0af6e00677bbb89c8831fe5eab11aa	0.142	1
reverse-singer-to-song-007	50a0c518ba76b1866189df897009b5bb906be7e248026738394d6c5fda15ba76	0.134	1
reverse-singer-to-song-008	dbac84a5dbcb5044e8ee59d4e0baeeee490e6421af4d07f5d784cbb088ff893d	0.134	1
reverse-singer-to-song-009	e17d70a2175342ced76cb9b2ba42afa53d788d3ecfab7d49e7111ba888d30ded	0.134	1
reverse-singer-to-song-010	dee3d5270f870f3598a267be92ac4116c220dfce2b8269c530e2ddc92faf7f86	0.134	1
reverse-singer-to-song-011	423f12c654dd9f2bee026c03bab269b95704ddaaf3b62f682b1fc4ff945a8ae8	0.168	1
reverse-singer-to-song-012	00f8712acf1a64e9ec5ef362f300a1b0aa27ce4b6d06cb1d1ef923260be25cb4	0.167	1
reverse-singer-to-song-013	93f7af653f1e6c59040e222f50ec0bddb95048162575fe61e523bcbb22d8cb1b	0.166	1
reverse-singer-to-song-014	9786df70b0168749c5e08f95f710105a598f719e1d2b4179a3cf725e94e6f485	0.166	1
reverse-singer-to-song-016	528dec91140338f0d9cf0059307e7b6a24c2d9096cedf1a8c4086d32b972c50f	0.126	1
reverse-singer-to-song-015	ec12bee697b735100c880c12780df1ae70f919e30583bd358b27b639bd749dba	0.141	1
reverse-singer-to-song-018	a0c06af2f879064c1a868e17cce80eb082dc26b303596d297008d7c6ae4882a9	0.125	1
reverse-singer-to-song-017	0228d0fd4b82dcc17341d4dfd9d2e9efe3c4e1353ffafbd8a134aaa55b354f37	0.142	1
reverse-singer-to-song-019	203a2f24e8fd08a3d2d5b3f4244815651ba91646669387de4ab8345817ae0b09	0.133	1
reverse-singer-to-song-020	04843ac307c26c564d6e276f0bf4e872910950feffd836dd3151de0632ac0f13	0.131	1
reverse-singer-to-song-021	b5e851cadc28debe59fac74b7a96e2bdf5ec7be36172a58c53753d6558eb9cdd	0.168	1
reverse-singer-to-song-022	d68f891b4cdcfbb3ee7e365dbe50dfdcce1ad8bf84cb3cda2793c849bc285e91	0.166	1
reverse-singer-to-song-024	4419483f54cba5df1b90e2087200f52b269e24ad28e936c491239ccd8eebd312	0.16	1
reverse-singer-to-song-023	90dd72f001e1323dac80bdea8c46d319e8b5ce322507bce61dac01668ab1f283	0.174	1
reverse-singer-to-song-025	165bf83a4508f719bffd1c12cd23c81633fddfc4d1411cfa491cc3aadcb6b2ee	0.131	1
reverse-singer-to-song-026	839d4592f9250392bb0b4573732558af4d2f9724cd7cda79fb71d4d622ab5661	0.131	1
reverse-singer-to-song-028	3e3a5f79b1a8959532aa06a12ab72c815c8fb4cb71ee9ea959377cba6fabde73	0.126	1
reverse-singer-to-song-027	95698732297740a210407191f1dd9b0d2392ed29e9c6c22c51bcfbd61eedefcb	0.139	1
reverse-singer-to-song-029	f15f5f0e2d3fbad867599f7b5fb381fa94a95f61515cfeeeaee4618cae0a426f	0.133	1
reverse-singer-to-song-030	72fd0fe23468408334cf64f3af028823a4db2373c8b06a5769afc556309e56c2	0.134	1
reverse-singer-to-song-031	0b182e18558ca39721d43fcbb1142240e10a3d8aac0b49e46f58fa24c6cac3c9	0.166	1
reverse-singer-to-song-032	00bf7212703a9bb907866241cad0dc20b6cfd5148d4ef874ec137fc62bcd855a	0.166	1
reverse-singer-to-song-034	d4e68e8fe7c5cf1ba164ecf32e0b8e8c633d4b54b663b0d44a078c32ea5c91bf	0.158	1
reverse-singer-to-song-033	6f37be841dfa0519f9d4f2fdd5d7b3abfb627e150a2e4f540c731b00f4479c82	0.175	1
reverse-singer-to-song-036	895a602644af7a4674f805a63a9fecd4004779718d215dd20f7243420beef5af	0.125	1
reverse-singer-to-song-035	6efa117149303d2a478b5031450b5376eb847a2eb4d5f7adb6382c2cf7ab0166	0.139	1
reverse-singer-to-song-038	be84f72ec22b2fa964c7dd850d3e3a2252c72ebf0325c44e7e1ffeee6fa13240	0.124	1
reverse-singer-to-song-037	a12fe81fae569c82e3d0fcf611d455fa3683c3487830a984c6f106f69a3e856e	0.139	1
reverse-singer-to-song-039	4605c07a3e33f091e39a3f95ce5668691650a918a6f6fd09372ac863a9fc6dcd	0.133	1
reverse-singer-to-song-040	ea420b82fddcddc5172326672738385325d588009e552c93aff439c6bdc07c62	0.133	1
reverse-album-to-song-002	39a508617585359b28783e5d6d2088559d7da0c3ffd0fd0a0dbb8315a17b2133	0.161	1
reverse-album-to-song-001	95281afd73058f3c955c7aba2f522b48ed6bae4dbc2e40f80b4ceed993defc05	0.175	1
reverse-album-to-song-003	9383c323da4a31fd186378319c7ab71e9ebaf4ec81f9fc3bbbb4c9cb5e8379cf	0.199	1
reverse-album-to-song-004	b2cf1718d1b1c3a08b4c0a2fdb5275acae2d79d05635707b4e21a9eb36e8e41d	0.202	1
reverse-album-to-song-006	fcb53a475b2c78d96f8dbca4e9f8e37fecbe74aea71e07718fe1553cd97a45d3	0.177	1
reverse-album-to-song-005	25643046616e18892f164b3284c8298b052f53ff6e09f59acd5da53f08c38f5d	0.193	1
reverse-album-to-song-007	9f96586192749dd42d10d320d0f28a483fdbd1b26b0cfcf3f84fd2be354cfd80	0.17	1
reverse-album-to-song-008	2597b9ef2ded4b5db576b3377ecc5a27731d4932beae926015e5751fe2f5acc0	0.167	1
reverse-album-to-song-010	a0ac94ad885af43de2407e3a9d75f4dba5b2f4adb19af0782f01890fac32f5c8	0.177	1
reverse-album-to-song-009	c57a4292615016665de63c9581bca2f30121c5065d1626c3e44063f800875fef	0.192	1
reverse-album-to-song-011	15e0ad39d32ad028e61d684e03c2380090d99290a82c8623abefd49f81adf9f4	0.167	1
reverse-album-to-song-012	de7e1323d2ba399bd80f44e490ae0793855d943cb286eefc4b7ad3b0d4de3804	0.167	1
reverse-album-to-song-014	f91fd3b620d40562184c37b9f6282373bd6ef54b7b74246ff223370f1619ebff	0.16	1
reverse-album-to-song-013	d50058507f3ab3018669567bb70795602597741e050e0ba06e641d0f13cda6ca	0.175	1
reverse-album-to-song-016	9416732b6504ac2433bfc93c2e151bb784f12357b964a190f11b636deb1dc561	0.178	1
reverse-album-to-song-015	7958b2a8f73499d46890c8eb6a31169d729ea7c127b909bb50f924e342929d9f	0.191	1
reverse-album-to-song-017	49c3ff5c2814cb8cc752f7ff34a8b70219cf92475592a56fa70759a392c6cf4d	0.166	1
reverse-album-to-song-018	fb71eafd3789036f0cc4494fefe28ebaea53b0d1dd37dff90f5838f8a5c828e5	0.165	1
reverse-album-to-song-020	7bb72baa5d77d8003d14c3f554e4763034729c33b96978446596bbf08629a99f	0.179	1
reverse-album-to-song-019	6cbed145e8b048d5478930935ecbec9adb37242b52370dc528bc4f4faa454803	0.192	1
reverse-album-to-song-021	c1c63b960bd6dc2ef27317a88dffff4d85a065622bd01fc348e086bdc2362463	0.185	1
reverse-album-to-song-022	3d6c363133ea03001749a482068b82a93b345b24bc47abb25ab122bf9d3be776	0.186	1
reverse-album-to-song-023	e99442ee7010df23c2553082202d202f1ea37eb16d04e9ebd4e2997ead978743	0.164	1
reverse-album-to-song-024	f3f23e3795cf9c504a9277c2cbd936dca07550316115f4b0830e3faece7a9cb1	0.165	1
reverse-album-to-song-026	4b05d51f42b7806af9be2984985a51e63127421250378e37ba2567e55630f41a	0.157	1
reverse-album-to-song-025	368499d55682b3529d48577554b01ea3ce60fcad4d35a90c8146183fd1f30db2	0.171	1
reverse-album-to-song-027	6eac4f81a8d9f58024aeb72e7ddbc36cedfc523b5d98bed166318828cbb2d2f1	0.182	1
reverse-album-to-song-028	ba11961e98f1349e693aeb63515f4d7380765e12209d4a6be9437ffc11ec0081	0.184	1
reverse-album-to-song-029	8945a58db1a9b6470310d12c8e64fd244c07081bddc2064878a781ce0d85c71a	0.182	1
reverse-album-to-song-030	ce6e6c5d12cdbaf25822ffdfd1427279c1ea055f8f55430f9233ac821be5930d	0.182	1
reverse-album-to-song-031	11aaab067979ee55cc9325152fedbebf2e690899dc142cdc60edae5daddb28ac	0.183	1
reverse-album-to-song-032	7b01df68129c6129b5b389906717248556303edd042d27e5934c4973494304d4	0.181	1
reverse-album-to-song-034	ed3274108cea78ed7c2bb0e8bfe00a12e1fbcd75fbf4b3610cee3de5b87ee9ba	0.176	1
reverse-album-to-song-033	393cd6aeb511f4d4b952465cb2c3532f1e4502e80de254bb4b0d2f13e875a4bd	0.19	1
reverse-album-to-song-035	f6e6b4d259ceac77aff4d3c2da3d0de6489d853eb6ca94741ef7116f4e45edcc	0.183	1
reverse-album-to-song-036	1037961a5d41bc9c99eba9f0d39d66f80246dbf3b53f12159e875145b1a15978	0.182	1
reverse-album-to-song-038	74f038a575c7091889df3e43d0403741a04fadef6254e60e60a34bf85743d84e	0.192	1
reverse-album-to-song-037	4d7f8d5241711cb40ed8ebd0e3bd4eb3d6d9e4a1f2d709f55927aa3351bc9904	0.207	1
reverse-album-to-song-040	f4b557dc8982656533d3123c2eb883a4f86669b66972d8ba06eeae494beef72f	0.194	1
reverse-album-to-song-039	e633fdef27a36557695cdf204ea000ab5295982d0b089b277f6c525ace89bc1e	0.209	1
reverse-singer-yes-no-002	33e118d472683ec420a60218b6f1d779104f3bf7bdcc16002fbf66d11aea1a8e	0.193	1
reverse-singer-yes-no-001	74cc66bc21c71ce3e6ae1bbc7e42ef7f785f5306937848bae7b81a2bc56a9e0a	0.208	1
reverse-singer-yes-no-003	de21fe0ecf2bea572f726267636f48a2a636defd58fd3f8f0358d0457d905b68	0.2	1
reverse-singer-yes-no-004	750872dd09b8c170066fb71f58badd6fa04d52329b1adb321627ad456fce1703	0.198	1
reverse-singer-yes-no-006	f18adc35f4f64ec6c26670d31b12ed300c1e31a591fd0232e720f6348b3551da	0.193	1
reverse-singer-yes-no-005	159e1a266818c70481a7d3bf10ea1d512f2079c0d352657a2c799b6326544cee	0.209	1
reverse-singer-yes-no-007	c2151edd232ef52b56fa71c7921d37d0cc5f67c335f725c5f92ffab1de48208b	0.201	1
reverse-singer-yes-no-008	bc385cce09a675de5ff397f5d15c63c8bfa68ab21a1526ea0271e414ff93ef0a	0.2	1
reverse-singer-yes-no-010	da5ec77641b4ee6f8b922773d3f4677f7356b18108fd8af51c0e7adebfc0c29e	0.193	1
reverse-singer-yes-no-009	613e5c9d7ef13ed8c6c3bf5e269b1e473b3099019d8087ba94081c4197829bd0	0.208	1
reverse-singer-yes-no-011	4a4eacfe9a39252862349c54247dfea22c96e07f692c878ec8fbaab08e15f79b	0.2	1
reverse-singer-yes-no-012	56c050aafad70478ecf1308036679d75889419ef117851c6a88373f3089c9512	0.201	1
reverse-singer-yes-no-013	3e8641a617b2f85a3632c0038afdaf5e12077a52e5aaf40f5e3e1605a4e9443e	0.199	1
reverse-singer-yes-no-014	5534c26d3539e8d4f5f2d46ba0c0ee38b7781b44498b8384d2a5678548e7f2af	0.199	1
reverse-singer-yes-no-015	1fb1c80f6ffca1b189f6a2c5d8c96c3db608ad56221aef875e5680bbc52b5404	0.198	1
reverse-singer-yes-no-016	1a2de83c708cf8057733511d3d4b3ef4df70d52fd36759dace3aa83b06c96a50	0.2	1
reverse-singer-yes-no-017	635297a215e79af2c7b6430d991d62f1396fb21b44d25c77b2bb9cf0124272cc	0.199	1
reverse-singer-yes-no-018	9e36648647e985c47c078bd1f56fa4dc1696092cf4f7b135c24fea757616f6ec	0.199	1
reverse-singer-yes-no-019	ea130d561af594056a51ee087e48ed2948f3a4a2c43821f3284e6489532e69d4	0.201	1
reverse-singer-yes-no-020	adcb98bde60bb4fad5c16c8111cf8ac1c244239741539561c863cb3436d1a7a5	0.199	1
reverse-singer-yes-no-022	ddb5c8f0801ea60f0dc7925ae3b76ffbf8c0e9f9c6bc4acbb09b3eb229aabdbc	0.195	1
reverse-singer-yes-no-021	84c19c7b1c993cf67b4153e762f05ba857af4688127e1b94b3056c49bb68cfb5	0.21	1
reverse-singer-yes-no-023	ddb79d9db57b9f0d21367ebd4a427f22e10ca12c360ca3562f774def42678b4b	0.202	1
reverse-singer-yes-no-024	a486d197977d37c24edcb3c6afe673c1a0e5f85e419bc993d868bd3d002fec8d	0.203	1
reverse-singer-yes-no-026	ff544adac2ae8bbe3989ac771081764b462d0ece99c05c83585a04bc48f236c6	0.193	1
reverse-singer-yes-no-025	c605106f83ed37c97cea5c9e0d7669838d3e91b91f6f9da420b3d4affe18745d	0.21	1
reverse-singer-yes-no-028	0d33ab4db84e201eb6a9fd6f23be627c1655df2a28ed7525fa9a5406d67981a6	0.193	1
reverse-singer-yes-no-027	23e85b876a74f557b59a2f2c172904a04eb3b63f2808199ff96de680d8d81436	0.207	1
reverse-singer-yes-no-029	e26517c46f3b0e9f8f04d8f46d948c58bcf910ad0a088908af720fb78fb097e6	0.202	1
reverse-singer-yes-no-030	bf18c1d4b516ed5d340d33b70b9e42e92dd4bb90c40e5873ade6167d1551a695	0.2	1
reverse-singer-yes-no-031	ba7a1609201644d5697147bfeb402ff2f9b01faa6270cb9d757336de553581e3	0.199	1
reverse-singer-yes-no-032	0d321bf390ff4bb4961244f0f8a8b347491e971769e0fd82853dc43eb06c3319	0.213	1
shared-lead-shared-lead-002	fa6d1bff7bb01eb20e6a9e5fe616d6fc9227505ffaa07297a02112625ce42b73	0.193	1
shared-lead-shared-lead-001	1a84e8f52881968ee04b3c886755ad5b61cdd59fb6d62af953480bb8b1f87742	0.206	1
shared-lead-shared-lead-003	f696acc0a289c091bcecaf23733bcf9b542e5082a7d0aa6a42b3e07210fdd42d	0.198	1
shared-lead-shared-lead-004	02f225379ca51aed004d59196ef1b77070cc4e2e2ec9db86715b6f7b74a33e9f	0.185	1
shared-lead-shared-lead-005	f3c209ad29fb484adaed0c48094bd26942065ccbc110e4482abfee66b17e71b5	0.194	1
shared-lead-shared-lead-006	784ce56ba64b118aa9be7773c562e1be32ac7ad9b2b05dc0bb7d67a9a5ef207c	0.196	1
shared-lead-shared-lead-007	521198da3d821283e1ee738ab74881854a56e918b7360b6fc48f993e83f7b301	0.196	1
shared-lead-shared-lead-008	67a49e6d110345b9568c98c6241c98e6180acbc174584df08aed0d3eb2e5d9ce	0.196	1
shared-lead-shared-lead-009	7c9f5f3ccbf097cb8c55fea69803cc1c9f8566d5bb1449db91a24b9baff21352	0.197	1
shared-lead-shared-lead-010	98e7227e319120ce76ba7d93882e46088a9ac99f612e7bedebe80e0fb3ded0b4	0.195	1
shared-lead-shared-lead-011	5ee359e1dfc01a5d232dc9723a70b1b147c8e4ac93c0fe421068e3a19775996e	0.197	1
shared-lead-shared-lead-012	74c85b3d7d22561c44839e2040d2e7182b954c7ac963e0c8c2165e5fa68cf69c	0.197	1
shared-lead-shared-lead-013	60d8e5b281d0ec047e4b706b4b0d0e965655ff65c9340792c4d53279b2ae5431	0.199	1
shared-lead-shared-lead-014	877143645cb38afe8beee241312f2384780a6ae7a5aa8aad08f451e86ec6807b	0.199	1
shared-lead-shared-lead-016	3368adb71cf1b70472929e326c1070bec248d2f8ed1e6af226fe9c8ccc3d8654	0.193	1
shared-lead-shared-lead-015	24bce0798cba775d9c9f878251fbfe48eb31f44d49a9ccb998c5c042aa0732eb	0.206	1
shared-lead-shared-lead-017	fb80580b044f72098e85517c966e8786d5dc6d769ab0289aba7a8f21f47f1da8	0.202	1
shared-lead-shared-lead-018	299bf5c8dafd725d9dc46c7396d5fc536823fc0363555c28af5cef75059137cd	0.202	1
shared-lead-shared-lead-019	6012cd5228beef6f50174b08529cc7c33648495c32aafcb90d04d58730847478	0.201	1
shared-lead-shared-lead-020	8ea3216ce099ee849ba4a4ead756d97b7ad48204f1ad3f2cc4d8ecda8b74db0f	0.201	1
shared-lead-shared-lead-021	b76f0b8fb5b75d8623cfb7e2c70105a4caf00ba95f8196610b126ecbb096758c	0.201	1
shared-lead-shared-lead-022	ca1538684483296eedbdb137c38643cef08fd358ecafe6fbe0ce0873d57bde0e	0.202	1
shared-lead-shared-lead-023	118beecdd2f4883ce3f34335136e86fede7a148cac218efe121a1620909844a7	0.2	1
shared-lead-shared-lead-024	96b5ee6a6108534fa1965f27e75a6440f5bc14a7525c8869f732e78b848dad08	0.2	1
shared-lead-shared-lead-026	9b2dcf4efceafe1f2c427c84c0d29e70ee59cdac6bd1652b113070e7059551cb	0.191	1
shared-lead-shared-lead-025	301a40502216ce364be8acf58bb94c822fa05c5a809567bea10ee9195107cf15	0.208	1
shared-lead-shared-lead-027	f9e8c56778a30d06e1d4edf80ea8b9b30be0093c648afef0acf68e90a988cc2e	0.202	1
shared-lead-shared-lead-028	97bf6306f69181dbd61d146ab04366964b9cbbe9b893325d0ff03efb660776e0	0.202	1
shared-lead-shared-lead-029	3437cb8c6866f0a110a7c55b3a1a17166e8c1c45a1b29467f18afca5b3c880a7	0.202	1
shared-lead-shared-lead-030	18fd5e0e508cc06e929f0eaa3d57e52279113e3b73b109ac790984b0378e10ae	0.2	1
shared-lead-shared-lead-031	a4ef2d28c03b3e402b314f52329d3939a08fbc0acc90bed57a159c82f884be51	0.203	1
shared-lead-shared-lead-032	d2a582129e797e35b06872bf5655d52a2bf44127afd8363a7998de0d6dece604	0.203	1
single-hop-song-album-001	bc35d86b331d865453377565e34919f931a29e79719fc9ab21ff819408412411	0.212	1
single-hop-album-year-001	c1585c9d4b7249914fdd31df4eacd940782961bb9da99c956b9a1f2ea26154ba	0.212	1
single-hop-album-year-002	a1bca88d2463115d16d0e6585ab2804b641866cd499752d8a066f6efecf26792	0.217	1
single-hop-song-album-002	ec865afef7cecffe439daa4f5acb72de62591c19a2d12bd7684f864b930a03e8	0.244	1
single-hop-album-year-003	b41a064b26d668f8f0ce26125f6cef88ed3d261f3e7a91ffe8924df342792071	0.227	1
single-hop-song-album-003	465c6ac8ae5a5feca4ae926a3eb84846259788451eab5fdcb1cd7e46978268a7	0.243	1
single-hop-song-album-004	9f106d6094f5d1af9b88647719f108f1b04e686e43fbda98e3169e0903909104	0.236	1
single-hop-album-year-004	4c0fbef11c659022bb0e89fe2f97d758ba61d784218f7525db371266106c85d2	0.223	1
single-hop-song-album-005	1831c12c389828257e65f4a806cc0a39d8e51c23e69cd3cb0563db1d85179ff3	0.229	1
single-hop-album-year-005	9903db21e52ad225296e102b7e471044849ae234031b864935cf97e4f2eccfe3	0.227	1
single-hop-song-album-006	ebea9db35073788a989ab0cea4e5b2fda4b811f6b95aa83efc2c40fef5e30c99	0.226	1
single-hop-song-album-007	07e95ef7442d399fa678c64cc9eee1e5a52fcfe667a0824f9b1c20331a847887	0.226	1
single-hop-song-album-009	ae8314d59dbf3e5c9c6784068fb8addedf9119687a76e1cc7e0312f878e2e8da	0.219	1
single-hop-song-album-008	f5e49a84ae8367589a1e14b1acbf96ff481bfddb2f0ce14e075c162ff1e71f73	0.233	1
single-hop-song-album-010	8290f8b3ba27c5af4fe051020bfb494fa692c3b717f86148dd413e91fedff4be	0.221	1
single-hop-album-year-006	1fa1a2b95bd3b2d240c1147d102a090071cbfca9beface7db96b306b525768e4	0.234	1
single-hop-album-year-007	27b30e0ae46e7c8869902a0ed49b5f83a50dbe8f43ba00d91b72ae8e0706744b	0.23	1
single-hop-song-album-011	3b33fbcf7f61853888d9d0af77bd1889a42e42d25540053107b9775c7ada575e	0.23	1
single-hop-song-album-012	ed566d8507b3dad3cd628b6fc6d92a4f56fa5327d66fd6d5a9dc9b9609654c21	0.224	1
single-hop-album-year-008	ee2683fe68965c19dbcd26638b8b17476ecc79933e3aa171d2e24cf932bbf5fb	0.239	1
single-hop-song-album-013	15f95d0c60b6cc42d76efb4a1e356ef7e26630968878b15d5d98107c3f272bf5	0.232	1
single-hop-album-year-009	526cccbbc5c25382faeedcebe22e1ccc919ce783e7257361402cb51aa3856777	0.233	1
single-hop-song-album-014	2226f3f0e86b651f7fc976b97a2f02c04234174b1fe5e28fe8fbeff1930c15d7	0.231	1
single-hop-album-year-010	1b3f234757ac7080beaf52acf344f68bf80bc89d3067d5e45c41394d27855c45	0.23	1
single-hop-song-album-015	27e1be41ece2c8724d216c11c078eac31c477b11c148f044c14b745f9a54f001	0.224	1
single-hop-song-album-016	8ba1e0cd6da8e7af43c6b7a9f85859cf03fae8e64264bf16af06fe8700fda538	0.224	1
single-hop-song-album-017	0c0b2710e4e23d660491b73236a8896b242770b41b55276507627292c98aba0b	0.219	1
single-hop-song-album-018	a7e8b1909667cc459e12fcc9191c9b7690fb16e46866a3b7916ed217a7a458ac	0.219	1
single-hop-song-album-019	38b7e5a53aa6c6df4d042513c7f4f4159e38829013a65de5ab1eac78a2f773a5	0.219	1
single-hop-song-album-020	32b5575506cbe3a263847801b5b98e41167de1078a20e800e6210ca9211cdd28	0.219	1
single-hop-song-album-021	473cefdc400d797020f9a7b0ef099b95ac37a958ca8fffc043f9a2f64b75228e	0.23	1
single-hop-album-year-011	3e44c4e2692ae0f44dc370959e7ceee87d2a5386110e289c99470cadd96ee8e8	0.23	1
single-hop-song-album-023	5dfb4150ab33f31a0e02eac97bae30353e0200e68707e80c1f994884a79b8e7e	0.229	1
single-hop-song-album-022	1fe889c7aac74a0492d6acf4f15116b52d247d2889aa3a247c2f95126f64ba6c	0.241	1
single-hop-song-album-024	616c19b5791ae286da81797983f75f313e5dd700942af5a7565a0fb69472e92b	0.23	1
single-hop-album-year-012	f8f95c1883fd9965dfc5812b3175821927749089c08001a10bf1851a22c9e940	0.243	1
single-hop-album-year-013	5980b19c554f3b92ec1d9657031a5b922fae0d4e05bec565f5bfd3dc0a97238d	0.233	1
single-hop-song-album-025	27e11c7a74d70c1792c724d5d59c6d4eac0ed59b2342b9f4caede226d08be895	0.245	1
single-hop-song-album-026	2ebb7697916f008354da13697699b690c874f6b227c1e3f84d113df826cfdd75	0.229	1
single-hop-song-album-027	baa763a45bd94cadb3dadcecc2e4f01cd86af15fcbe5c902c8a5127d61e56439	0.229	1
single-hop-song-album-029	a1ae1d163f16e99b2c0675c3b1ce0271a7a4f36d9e48d78497b4841a71611fa0	0.216	1
single-hop-song-album-028	ee9c17a1b8000772965b9e9141aece1f8ba0f97247138519c109d29a916fcc01	0.229	1
single-hop-song-album-030	1b0d2eba88a745dd032ba188b50360fce46751e3098e78f00d649283ec901349	0.227	1
single-hop-song-album-031	813ea7e7d14b9febe9818eaca63325e44d29ed1e9efa7b210d7dc780264f2191	0.228	1
single-hop-song-album-032	55ebc8d5c7612e2a90fb79d857b87b3d9c1072069b80c1195f79e769dbd7f8d3	0.232	1
single-hop-song-album-033	c00a873fc62e5f325793dafe0a69d7f094f051a2822de6c66040d0454fba24f1	0.233	1
single-hop-song-album-034	b28b4d09b316e84a3ab54fb5400c82674d0bde7faf19e015f8ea08d0dd9e219e	0.224	1
single-hop-song-album-035	3523ab83b909caca670c83ee40c10a6cd466c4bd71e7be19b9467fefee0ce464	0.225	1
single-hop-song-album-037	7076fb51a4516a8094b5e7f6e54ec1cd263bbf1bfe223e3ac9b9b532ca575d83	0.21	1
single-hop-song-album-036	2d9197c1e2b725909b0d169ac276c28a2f3e550eac4434d5e59a329a94cc965d	0.227	1
single-hop-song-album-039	e3e315f4dfc766d04a4c08173057ee3fd06bffdba8819acc754bc91c72ff014e	0.22	1
single-hop-song-album-038	ba3dbc6660a50feb9827cc5d1069e479866ad8102f7bc9629e404559b27ac79e	0.239	1
single-hop-song-album-040	748b40cafd97a99f83b6379b6221a0d51816b6619e12dc81308c85c7ff3f28f2	0.226	1
single-hop-song-album-041	b1873a409ad8090dee51f42f2efd6ac54641e83eb5206d57d6b1fa7334d1d125	0.226	1
single-hop-song-album-043	87ba453d501d1281db91bded62c9380c0f8af71433989cd148a1b5a5b5fb4404	0.209	1
single-hop-song-album-042	073377e0ef820abc20d10d36e5f64320ca85829b44442ff1abcc51317609ccee	0.224	1
single-hop-song-album-044	3f963860933f936dfdddd9ee0c16fd5db236e1e364ac2ef386575e926e8d0946	0.225	1
single-hop-song-album-045	a12232e3dcd7d0e3139beb4042ed46c1deac5ba21172aa7f506f80fa1cb17793	0.225	1
single-hop-song-album-046	b21a8e6edd49ec5aa5a64f4a2d88f58c8a7da9104349b5834564c4ee7674d2b9	0.222	1
single-hop-song-album-047	42defc910b181124cdf3f15274498249767e1f75397960c387dfae666db61acb	0.224	1
single-hop-song-album-049	3a07fbd0e2e46500a2e6d53004d2d1c3dab68a4c66974e1d09eb7fa97d0e4134	0.215	1
single-hop-song-album-048	a9463c48df4cc2f6e74689aa58d3a8a046db10a764901220a6493f7f0b23c231	0.23	1
single-hop-song-album-050	46ca790b7a49a5c262a3f2d17a5f2e076b83351d8b7bbbac91ca9346f6dfa595	0.226	1
single-hop-song-album-051	8835a7c11d25d826a30a59899da11a4ec03995ae14796abae9fae9ebaec0667e	0.224	1
single-hop-song-album-053	57e12339c5eb49a45073b88a58b10033d288569ba62152fc53bf25d0cbbd8e79	0.216	1
single-hop-song-album-052	d381bf997c0a6e7f76857dab3d1d5f037da669712d5d47b19e8eb61108017899	0.23	1
single-hop-song-album-054	0a189ce23677061ce079207ac26cb08cb70832976d24fd4bcdabf770d5bc2685	0.224	1
single-hop-song-album-055	a3c7359619069a0a2bcdbadc6eb8074bf76262ad26e024ee66ac97245677ab6b	0.225	1
single-hop-song-album-056	f48e44df62e131f51e10c590bb6a8b5662a34335b285f90bfa9a18f0960f81b1	0.225	1
single-hop-song-album-057	1c1bef507634d4bd88bb848d6d293065a351a29a0ebd8b6ddd47f150f0a45424	0.225	1
single-hop-song-album-058	b4612650704e8cdab3f23f3d5d83b54c27e86cd25662d681b2949bb63f163b89	0.219	1
single-hop-song-album-059	e2763f6fee97ed602c97b1d9f2b18128e8a5ec4c596fadf18ce94193bc212a90	0.221	1
single-hop-song-month-001	f9cd5112773f97f9a38d95506262e2da30562b61203c6ee06bd9b5dce9a31406	0.213	1
single-hop-song-album-060	8ea0e79843b11609235f393dcd1be32e0b2985c8b01349a933b400ad4e1108bb	0.227	1
single-hop-event-month-001	0cf0bd3e598f4f582f569a208f61ed7d5888d3f7801f460a86fb3c28f0da280b	0.227	1
single-hop-song-month-002	d83f479fd909ff8ba3d62137be6ee468462d78566fa24571887bd86df261d58b	0.227	1
single-hop-event-month-002	84af4bd7d2757d61a0b4da373d22f1b87a14233b16fca8e9232250bf545e6754	0.238	1
single-hop-song-month-003	e9e34c6af80cc438d2865ba41eb62b61090a277ea7cb51d0b71577a2be3fbae5	0.238	1
single-hop-event-month-003	22c104e2fe24da05434c637b56675dbdf355357672e7a4345b2a1981ede51c8b	0.255	1
single-hop-song-month-004	f01b0285ad52bad60b173fedc81f72f2edeeb9950fc91902eef121c904160b72	0.255	1
single-hop-song-month-005	9151f1593084a7ea1ce8df801a442272b4a1810207d876b54b289c241224068a	0.234	1
single-hop-event-month-004	16f5575968b9f6ba9d731fac014b06a37a08314620f94ec91ab04b4f310e3d3d	0.247	1
single-hop-song-month-006	f1a71a617863a8dcf754f2ac855db407aefefd8ebb7ebb291393dcb75fa37b34	0.214	1
single-hop-event-month-005	0638b3e6c25d19db6b979b6d070367954ec842276298a76b15b98096dd388420	0.23	1
single-hop-event-month-006	4bdd765f46e6e0dd1558f44d6b3a9a97fd1eb6fc82a5ef78911e349b8eb5ccd1	0.223	1
single-hop-song-month-007	422f3f0baf0057f46d953de3923967bf8339ed978e0e15757f1a3276a8d28a8b	0.224	1
single-hop-event-month-007	749a90e658ce9343a673662caf9497d663c1b7f32f2b8c485c86f920fe8c9136	0.226	1
single-hop-song-month-008	9bc033cf5816a98d3ae6bd17388070573ec3b3fb3d3ee5eb871f04ce8a0f4c96	0.226	1
single-hop-event-month-008	16efe8c954bd62fd407dec80c18c44f2f9fbe1f60b1ff3e009619d6e90daba92	0.228	1
single-hop-song-month-009	669fbd936af3c3f2f2e73cfa54ece48cb908d2e73616f085c1986d982118b371	0.228	1
single-hop-song-month-010	4d131b9b3d2180c5ebf9416fd2ecea5f113132694a430e47b2d6fd1be39a9ba0	0.22	1
single-hop-event-month-009	12855d3816e634b07dca88189a6b146c72aa9d1f5f3f3c56fb9edd56e5f2d852	0.235	1
single-hop-event-month-010	39e25916e8f07d06dd8808e7f19bc80f7a4984d5681ecd8909c4076253d174ca	0.228	1
single-hop-song-month-011	754ed6781c87096e1383e6a327b0aa9ccb2aa0a6e1f1c9361387b45211be7864	0.231	1
single-hop-song-month-012	5102a4c68daa0ff6341bf3765785cdf9a74bba30c90413dd4fd2a265e70825e0	0.222	1
single-hop-event-month-011	72db005044c29bcc81ecddc56d271974e35b76a89f6c244a16accffa5d46e4f4	0.239	1
single-hop-event-month-012	31354ed1ad2960f3003b39ba0766a210a2e9868f48ccb180ff603d117efdc2a5	0.222	1
single-hop-song-month-013	3e20c05c3b9812a6c8733b9af6c082dbcfd05e5b24365592e3ae1ec77d26a779	0.233	1
single-hop-event-month-013	142e4139591724477688eeacc6a47dc52ca96506c01c1a542efc494aea2ab3df	0.226	1
single-hop-song-month-014	39608e451540171585803aa125e2f2add0f67fa7cd42fa8d158820b62f4f5136	0.224	1
single-hop-song-month-015	b11ba67a0d54ca60100d09de7034683396d583deed0bf6ede036882a5dbb8ec4	0.21	1
single-hop-event-month-014	daefc66c1d7ea5dd647fe65c0092c3b25f310fc852bfad774bd3a8875184eaa7	0.237	1
single-hop-event-month-015	deb2092643c8da44826d487e5f85ba4f69f34bb096d6d37fbc066b7249822019	0.216	1
single-hop-song-month-016	ec0cd49b7648230e7184740cd40c3d28be104293189d4c6e48ec6b8048056918	0.232	1
single-hop-song-month-017	2f993cc6881d2ceedef481479d30eafcf930ffed97c160dcc09ed5521cef0ac7	0.227	1
single-hop-event-month-016	3ca086103cfea6f2a1eb982240f59bc35a212c7683dee42a828bbb4cfb815a93	0.227	1
single-hop-event-month-017	c5bde21bda8d030e4b369eda68835bfd5d596a4248410c2564687cff675854be	0.223	1
single-hop-song-month-018	748d55741a4435c127dd95e4e90e985c1601dbb9c46b3d0bbeb52c58d40d534e	0.239	1
single-hop-song-month-019	55cbffa60669aa5c49610fd895c7d1856236b1771f82d5390f86d827f622f2fc	0.226	1
single-hop-event-month-018	647ce14a5a1349dcaf1a3b58ea108ee85a6cab901948cf99b9fc0cc74f37fd38	0.228	1
single-hop-song-month-020	ccbb9b3fd462ef0ab8cbc6b10a86f9edbb9c04b78df30fe5cd05a497e9e983df	0.224	1
single-hop-event-month-019	8a1a9ca1dd87afe9876290152b9a928bb5612cf0aa224e87767009ab2e7b4a65	0.226	1
single-hop-event-month-020	cf0d3a61040bbfa63199375a22ff8c0c329b81ac536fb7b3ac412238db5001c1	0.216	1
single-hop-song-month-021	249382bde86dd9c54db6797be8c46ba286abc5827aafdd2be12f12675425dd4f	0.231	1
single-hop-song-month-022	0c0d79d7686b1ac73b97e8940e46bbd55a2ce1ce96d73f4f26265bcf8a339b4d	0.225	1
single-hop-event-month-021	a481ae67ac3d94dafe60f3e07532f4f3dc98bc38c7f1cb066fe15d4652b1c142	0.223	1
single-hop-song-month-023	9a6546a5f32c4a48c8b374f684f467c2322e128f2e2d9e8e96ddeae41b5917fd	0.231	1
single-hop-event-month-022	c7d205849a66c0ebaae2b1417172dffef2a25cf797cf286f939255aa1e2de21f	0.233	1
single-hop-song-month-024	ea52d360cb3ab84a0119025980edad86748e8f8ba34af7e4625e691768b0bd39	0.234	1
single-hop-event-month-023	3c5f7bfaa50816a2c6ceda0ea3fb8bb6e7399d5351b87da439cc5d2990eac2e8	0.234	1
single-hop-event-month-024	530455aefba0c46b0b698b17d69a61b2a04ef50c926247aff232b6788087e450	0.219	1
single-hop-song-month-025	5852016e8907423386368531db1aea6cf7c1f720a6b1eef207bf400c47ba3b94	0.236	1
single-hop-song-month-026	616ba52a4aef5783186c946ed4446417b96e6b0e514cb349f7b7be329ab824dd	0.226	1
single-hop-song-month-027	1fa0130c1f998cdde4ed781b43cc5426c2d6cbcdd5d47b10bfa3fc9b62dc6cdf	0.228	1
single-hop-song-month-028	d301a02259275ffa51170d58e6b7b97860fd8f05cd4854dd75066e24cad597e1	0.226	1
single-hop-event-month-025	d9ac21bb8308117589670f16282a645409a05d59fb54b3da546f09d9d391b753	0.226	1
single-hop-song-month-029	8f1687467981bc80387a950e61cb34baa9ca36ea644688c6c88b9ba9ddecba2a	0.222	1
single-hop-event-month-026	94235ca8154114944ed040525a9b1a72c86b5cc4db4d3129738a5e1c4860d26d	0.22	1
single-hop-event-month-027	f2f1177afb1ef8b1a727e9969685ca1e88a5ce01a2216536c233378c575904b3	0.215	1
single-hop-song-month-030	649e13983c494c1fc1dade2f3c016fd536360a8ac47c8d07cf083482a8859ebd	0.23	1
single-hop-song-month-031	2ba8319f027013bec53782e8d43134058d6a96f095b5211a30d72998478cec72	0.226	1
single-hop-event-month-028	59f85658cd138058be5deed260ee449080735a98db76a3a70fee51f629e683c8	0.225	1
single-hop-event-month-029	21e5ead0a4ac0d8860ff5a79de9546ccb9e9e8a9c7ea70f7000d386667a3a02e	0.217	1
single-hop-song-month-032	eef0c319668795be54a9de2b3510f218972bf7f4230cc69d0bd1521fff53b1c1	0.23	1
single-hop-song-month-033	4fbd18d6c82ae46cfd8c12e1c3ceeb0cf1ae5ce10faed91cf5fd179bee3d792b	0.219	1
single-hop-event-month-030	15da2298a93ab52a329eff59f7ac2914e69890a75a91cebb4a5c0c76f88de3b4	0.22	1
single-hop-song-month-034	b5a2529c351a2c05f7a92df520946a0747fdc7a115bf2e5679e24c2ac1a17e11	0.222	1
single-hop-event-month-031	546d08aa2c0151200164dfc7767ddb83a730d77fa509966f630ad488f9e8b650	0.222	1
single-hop-song-month-035	23d13c12ba14fad14e6b4aa155578035f94ca9ce664ec438ca531f3b32691f55	0.232	1
single-hop-event-month-032	5485d672021b430a260d18f469f6814be78ab7f65621d784260687e86586ef17	0.234	1
single-hop-song-month-036	3cfb023b501202c0035b24a255870efbd5517cf9bdb3611797d04f219760a98e	0.231	1
single-hop-event-month-033	b4e2bf8ce8d3e3ecefe78e5c491b509be2450962048a3c26e09725009cde06c0	0.231	1
single-hop-event-month-034	5e78317c4753898d0b77e85dfd049ae42f8ffc7972bd89b298ed644807c908c1	0.217	1
single-hop-song-month-037	0bbc3be95ebe4556159211bb68c201669022b81c4e2de9526ae7311e0fb709e7	0.232	1
single-hop-event-month-035	3fff7d7dec61c5eb0981a0fec46f89204aec8a29d412ae84fd1a873e2fbf738a	0.22	1
single-hop-song-month-038	692beb49ee46717f7929e2e0531aac4a4a351ffd76bd5bd986d5f9ff5c7cec05	0.233	1
single-hop-song-month-039	137fb85a2c035ee28c5b060e51ebc357b18974c469e5098cf4bb53fc45c3f25f	0.227	1
single-hop-event-month-036	d5e928595e194dbe564450dd1a5869e2a2e122216197994655459b9fe9bf733f	0.227	1
single-hop-event-month-037	f56e924e11e699c980dd0242ba57d37f04efd62ec8fb633656defa83abaff986	0.219	1
single-hop-song-month-040	ea758b67154263368cd5f5994df5812ef7db25af4c9f9bdd4b3bdd46c9f95965	0.232	1
single-hop-song-month-042	b7f75678b8bed1fd2947d961ccf6ee829237314234754b49d7a982c6a96ffdd6	0.217	1
single-hop-song-month-041	81f0543d39618f8e33db3bf3c85f40fddcaf2bd2a49a363850c838e1b0969355	0.243	1
single-hop-event-month-038	a64d66d91cad770ab2cb108bdb4f437e4dfa1fbaef8959d1615e4943df9a89a9	0.238	1
single-hop-song-month-043	c3539b246a917a67b64a1475a481158cc34e62682e7543a3480503014d5f4a5a	0.238	1
single-hop-song-month-044	744c6eb9bb06d3ac693fdd3937d30ffc3a52b63cb88c8d9aa2d8abde99b3e4de	0.215	1
single-hop-event-month-039	c6ff48d5fd09d94c283b075aff3e0766afe89a1da5153ba8fa4e3402ce24e779	0.242	1
single-hop-song-month-045	bcc13eb0a2d7253c241a940e8bc34ec181655c96abd75f87166987eec2902eb9	0.219	1
single-hop-event-month-040	1c178b2a00bbf1663a896db970c51e217e14cb29f38d093c9552b3b91871fa83	0.235	1
single-hop-event-month-041	5345e15264a9c2139fc832aec16e1cf86b84ff37b4adcda4081b202fc91efcaa	0.228	1
single-hop-song-month-046	6df6440e8f0d5645616a8c8f641225804a1b8ebc08ed70a5b0ec169a39a9043b	0.228	1
single-hop-event-month-042	69e4e6ed0f866beb797fbf39e081c0f7fe014c94ae967748cb6537986b7af754	0.226	1
single-hop-song-month-047	301a151dfb62d9ad25989fb51b2ea8cb2206bc9a260f46182b95aa482a230c8b	0.224	1
single-hop-event-month-043	d69488870d84dceb0f49f36d5f673639ff70513363067011225998d091e23ee2	0.226	1
single-hop-song-month-048	0802a69e88c3c45edefff2b764933cf81b6b942436a1d3ecec872d2773a8c16f	0.226	1
single-hop-event-month-044	225a99929c81929161f96d3bbf64ba080e172917937207d24f85b35bb1fcd4f5	0.223	1
single-hop-event-month-045	107bcb12d68cdaf25414badb0d94a8aa858403ec2a23edb4bc5de0a9bbda64cf	0.223	1
single-hop-event-month-047	04f320680f3506516d0565f80ae1b5c4f1d8ea73b55f2bc81d4dd106e8ecf125	0.215	1
single-hop-event-month-046	d77ec6d0049bf19d1055c076b953fd72d7fe6f80f894ca46624208b0aed39a6f	0.23	1
single-hop-event-month-048	75c24062e4c85767a288900953e6aebc25a4b1ad982f6e90aa1795a905cb5c48	0.219	1
single-hop-song-month-049	ef5c65538116158ed667eb7a0eef3fd6865a7ef6b596ff245d7078183851d7f8	0.237	1
single-hop-song-month-050	706622adb16807e05cdc6937bca4ac7ec9dd7c191eee68e7e21344cb9d572ace	0.236	1
single-hop-event-month-049	41b4e3948d6298e5a5c3fed4d175454ebc7acb7016080040d46f3d75418d9c0b	0.234	1
single-hop-song-month-051	3233e75e9e1f44017bac25daf06b2f340f2bdc6079faadce123c493b69b964aa	0.243	1
single-hop-event-month-050	569b8fdaf430d6e6ea8a70328c1e9d4b044be3fbd759ff92942b8ac0703d24b4	0.239	1
single-hop-song-month-052	81f45254a44ee13e6cc63ec891f42d48220ff1ac03673b1154636d0e96f9cd0a	0.241	1
single-hop-event-month-051	a41749cf8381c1067cccebd79d20cadfdab22f476b973ad590dbf9d3c1ebb3a2	0.241	1
single-hop-song-month-053	05410c356731b0c7d95d5437deeec41230a4ab3c1666f0bd872331aba7e68cb6	0.233	1
single-hop-event-month-052	82dc65f75d68f64b10977c7d497070baf18997ed1239a5ce538fad0ce057fcef	0.236	1
single-hop-event-month-053	2bfb055f24ae3fbdf2640d61ea349d4bf8621760dec19711dede2210ce5c96b6	0.227	1
single-hop-song-month-054	93f68f37c847e3f2a03cf4e1157b6fd6946f129d16a776065b4377c4b579fee4	0.239	1
single-hop-song-month-056	e485d07c241731d445fa529885b2f4862ae7fe1affa43250f184bb67c74a3203	0.221	1
single-hop-song-month-055	df553a487ba1c06537c40317a8920c2894852b2aee3bb71985b64d53ea694e05	0.236	1
single-hop-song-month-057	0a3729ad09a9b899509a851aa9b2082ad8af791f2971566adeb872d32111cf9a	0.225	1
single-hop-event-month-054	ed7a9219d36f972851a42f275b8cdd0c4ac5b1c62633c8ffeac57e3fdcf489b1	0.225	1
single-hop-song-month-059	66beb56f4757b972c8b220f7a84d0fa43fae3c2f85ac29fb141f8cf2d1b729e6	0.215	1
single-hop-song-month-058	dfb73878ecda883079d10087a348e74f3d7ac83df0e7625e8ea7b05694a1d1f1	0.228	1
single-hop-event-month-055	b2489fe67ae8fd7a616f2981436bf8f370789eb2b4db5c6aa0cf31450a17f438	0.222	1
single-hop-song-month-060	8b323745c728d1394e9f45d6757c727889aa4b4a6eac6f0fb98144db32cb03bf	0.222	1
single-hop-event-month-056	1b19f8f86aaa76083a3b7ae3886debad37a5e4616f6748a5f283540b8bc8fc73	0.228	1
single-hop-song-month-061	c78b493a03fa46f2ce49d1544714de4b77d575541e7f1a0a84547ad8cab42e21	0.228	1
single-hop-song-month-063	f0a660a70c77a68e85fa5b7bbb0efd58729bd9615b6ce055b16ddd78378cf33a	0.22	1
single-hop-song-month-062	a5671c4bd73ec667ee336e9f98edc269080ebcdf9635d97b1a85fb916fa2bdf4	0.234	1
single-hop-event-month-057	993fcc69f320ab5a9c9cfd733e37865d20d54e77a17d888c73ed307962e9f433	0.22	1
single-hop-song-month-064	57d267a9abde567f0f09896e75b8d35e72836fbf116b7f8b52c52dfce4661b41	0.233	1
single-hop-event-month-058	a96434585756c464b6a4d5e652e55400679c341068aa440bf1c29c9cf07f4f68	0.215	1
single-hop-song-month-065	fc6b0737d4c15e1677352f15b06a095f5ef53a4c67f58a28ab365e54f2117e6b	0.229	1
single-hop-event-month-059	ca21c6b583d3e285fe1a26289f8e79ed5f98635c0653b1026b1ebe4482a1f34d	0.227	1
single-hop-song-month-066	2ece92967c02011968a036db2055be8b704a7b8aba6162105b750d9151f3ad71	0.214	1
single-hop-song-month-067	1cac6028bca40828bb1a0ac014a22e809f9c0625b062cb90641eaa127f3eaa70	0.22	1
single-hop-event-month-060	ece20f6301e1f8241ce2f47d690b4e60b953ac40a640f952681ffb88c338a780	0.234	1
single-hop-event-month-061	03c4f05eea1175662600e89424a44c458dcd015b7efc1ba5b4df1f8f77dee3f8	0.226	1
single-hop-song-month-068	98f5f5011c43ea51cd880f581b189cffc9404303bc7531cf178a33b6ad61fca2	0.227	1
single-hop-event-month-062	811701c127de88502f1ebf591613848104624d7d547eb1fb638482f37e727937	0.219	1
single-hop-song-month-069	f484e8c453c723be08e2d74dc4a0ba3c81fd5559081997ed97a0898468b86f21	0.232	1
single-hop-song-month-070	f9bdf02333f015019f035e65cf122ae93674de35e2433d79a85c1e4e4290bef4	0.225	1
single-hop-event-month-063	a6113af0a561f3ee6de3656a183520b2f459133c584b21832c7d792f7fc02944	0.225	1
single-hop-song-month-072	bcb360eead7a1187b5a6a67493b2450438db529ac0ff8b60cfb41c3ba80a8245	0.22	1
single-hop-song-month-071	9e9acef493a509370fa835aa6b6a42e400166f2b8258d14b94189042873bc954	0.233	1
single-hop-song-month-073	eec5f78cb6de161c804d527916ae71f8e915e1df20c8414c9db9618eb91a48d0	0.224	1
single-hop-event-month-064	20e235a061951aae90d7c8b25a3713a7c67014d0ba224828e254930c0f246290	0.224	1
single-hop-event-month-065	c72862bbdc885d9d2922b859a239e5d1d5ee179d36870d9d2b9caf758bee4034	0.218	1
single-hop-song-month-074	d311373609742ce5bf21959b146628a00c6ab860681422c41ac5e56fa63c4c83	0.231	1
single-hop-song-month-075	eec4d3c0aea028b26e821a1c100899ce6e98a8d7903708eafce7d79369c26890	0.225	1
single-hop-song-month-076	2163c62ab2d41c8d01adb5b4a21d025d82f73c9de6c357f579f36184da7145e2	0.225	1
single-hop-song-month-077	573d95360769c435728fd55e54ed35c1fbe5ce6978f6e06706a00f215b1a9e41	0.222	1
single-hop-song-month-078	472c18caa016d070a33f2a9ed39e5d94b48fb7c4f59543aa41cc0e2829ed42ce	0.224	1
single-hop-song-month-079	48f89d4c2581699d7c53784aec96c0073100525fc77d79bb231b8d26e008f344	0.218	1
single-hop-event-month-066	764a1a3d775ea2e536a72749a241d93c367e2cd885b98eadce80cd56f39ea12a	0.231	1
single-hop-song-month-080	d3c2df39a9d77c1dc1e43fa4256ff6bcc1952503770e4a83c1417f8e0391d3ec	0.216	1
single-hop-event-month-067	5ffbc6e4f62e753167c42e887e637c216245e6ddc46ba887ff88b1262adc5665	0.232	1
single-hop-song-month-081	d97a7a24c2b4ef6d3d2c529e407a97da4b4c65b4b05f9c3fff77d4d0f1df217e	0.218	1
single-hop-event-month-068	76c1cee6008ff8cde0f1a82279f24c8d0b6c93bc3e65f35ebd7203b9088bf816	0.218	1
single-hop-song-month-082	800b859061ad038d67521b0f65120f5fd9375c0defe662bed779cdedae000d7a	0.213	1
single-hop-event-month-069	4868b2266e19aa2d77cd604144d17350870d906dbffd0dbd188a4cff482cc1e3	0.213	1
single-hop-event-month-070	354f08013f215dd90ffa4878cbbb6456aa8e40ab6917187d80f195e3f1425a97	0.205	1
single-hop-song-month-083	02003e431fe05d8c7a20ac5669aafa673420c8c3b39691be70a90dd38c8ea604	0.219	1
single-hop-song-month-084	98f22ce7c513896005d6522015437fc3fdf83ed0be8f68f0c954a8bb6331aa96	0.211	1
single-hop-event-month-071	7ffe4c1be2f7d6998b26a8a77f77a5005cf9fc4e1ded59ebf0f64f5396d357a3	0.211	1
single-hop-song-month-085	d1519364b7bf623257ee4fe164fc3db39922b9069cdf2a85978cdbbd55be3171	0.212	1
single-hop-song-month-086	98825b1671234f3a44e198ba3b75206a2f9e7a0df1127e2b8e97c27eacffe3c9	0.212	1
single-hop-event-month-072	853878615b5f93d4d8d9acdd71a99e2b36c9ebdaaee1d195129044450ee558b0	0.214	1
single-hop-song-month-087	b094f2c82da75d873ebb7f8efee97c0bd08bf16a93ca721ae8b1f2b20fa3c69d	0.213	1
single-hop-song-month-088	6324b2b2f648f0a10824355699d42868698bd2a24bab681b45fcb99cb0dc4564	0.218	1
single-hop-song-month-089	d935afda0c23a92d5acdb37ca8a8afec7fe8909aa9ff04caf4c3a5fb69ee7737	0.218	1
single-hop-song-month-091	400f982f38ee84aec1fc02ae125e5c4a3aaba8006ceebb476fd488b94883bff6	0.214	1
single-hop-song-month-090	335c42fe254e5d825a60f217e9c90b766d18fcfaac9dfd4ab3bf5f5b4540d72a	0.23	1
single-hop-song-month-092	94ae2f20443eefb98fb0b36e9eb1393ca611f4d0f9024d7c18872d0e3d51b4b8	0.225	1
single-hop-song-month-093	82fde82be4234b7707c3753fd99c86a957185fbbce5a5254dce9802f17637052	0.225	1
single-hop-event-month-073	24e6a46d2a4652943795c60211c84e4a3ee9f5b9d7dbd4d9dc8c0aa5fd573995	0.221	1
single-hop-song-month-094	a62131bacd0bc565271b465c09d6487a3ab2b6d96847d90ba9e340e59554776f	0.238	1
single-hop-song-month-095	072eeb3ef34951f7c5d5878b1450a371037615779d06ae2a241ebb207ac07d19	0.227	1
single-hop-event-month-074	01747c6fb39406c2292570682c3b84b13de9eeafa3088185171c169862c3c2a7	0.227	1
single-hop-song-month-097	4c9458ea539d28dee491016c9ef20d5976871c6fe0265fbbddd8f0bc6d96676c	0.222	1
single-hop-song-month-096	8b9e195685638d17350bdcb7beefa4b5828a2d9c4bd78cf98eb2dbb48e643c43	0.236	1
single-hop-song-month-098	af9e6fbbda5d59e7111e9c1becd1722f0c4b6f877f02dd76b07440d7f5907853	0.223	1
single-hop-event-month-075	71c9baff1f08e274f356fc313e053013aaf3e31d1a01931227505ee502734aab	0.236	1
single-hop-event-month-076	cb677a66a68dc373a15fbf9c168794e58311517d8f57663de0c7262f76fd308f	0.216	1
single-hop-song-month-099	66c5133619fbad81d72fd04dcea24d74f73311443aedffc4d3b0cd55a95115fd	0.229	1
