id	request	wall_s	requests
decide-reading-002	4a6dec2012ba33f4a629f91948e3cf77a5c1093446163c48d5f25ccf2092d956	0.252	1
decide-reading-004	68488d816ac8c7d51ff50679c98a3ff6567fdce7ef7e09a2517c9e66eb802e79	0.274	1
decide-reading-003	ded88b598ca5fbb1b61343b0392085cef9684d027291a6dac862e91cb51dfffa	0.346	1
decide-reading-001	64af0de792eaae69b5b6f37b8f21c67c9d29229c9e7241b146a776dce04f57cb	0.38	1
decide-reading-005	743736318c777910d38830a0ac0e5cf9bba718b22545154145515b32be3b3b27	0.213	1
decide-reading-006	403d5cf2c5b65185c88faac365fed2b206adbdf86cea14a2ca7d75288e5158e4	0.218	1
decide-reading-007	74617a9448ef7ed061161cd304ec6125066c1f991aed6553d849d12aab787ff2	0.196	1
decide-reading-008	16ffd7893f313ae5f32d7f4d3a524a3068c216ad49b22a50f3d92b0ad73a83e6	0.219	1
decide-reading-009	a71de8efda2bc206bade35bcb91d9b719cbdbab0254961a49954789b56b60944	0.177	1
decide-reading-010	3f83256ac655330963a2620e461ac5308c052c7f5964ede86161013513c1c710	0.192	1
decide-reading-011	2bd6a6cc717f24d66c8548046a0a279bc478df6f9cc086006c95f59afbfc3dc5	0.172	1
decide-reading-012	4a78428f8d974bb29de54c0784fd9d26410dddccb2220e9608100a88c060a13c	0.192	1
decide-reading-013	509080562501b091673ba6f1c8bbe1e42006928f7ed65d975befffb018715d63	0.198	1
decide-reading-014	ac938f5a703d629fa79d3a528376b806b706111dbb9802dc0ac760fa14d53127	0.236	1
decide-reading-015	0c3bc7095c17be203f21f32f8853bf6eb6a6bd61dc68a2900672ae74909ab049	0.24	1
decide-reading-016	6d9e525e1a3f92b88ef00ba948ef1d03805be3f7c01bf0b5bad05c7644582dec	0.2	1
decide-reading-017	389dbdce27e4b27536388a500ab6b42f473f972b9f9e5e09dad7329251b317e7	0.202	1
decide-reading-018	850d67f7459cf16461d969c94cdcc8cd56952e350e8f831862884b84ac34c760	0.259	1
decide-reading-020	9dbf8d1802d4994bf2c003afbe58eb5df3c4c21dcc77e03b4b144deb4ce37bde	0.216	1
decide-reading-021	c1ae0f7717d646e8065b02d2d368378ca3b9943592f9b771af75435721a4ceaa	0.185	1
decide-reading-019	d21b210180f08e7354f4f401a4f6f82bd11bcb8a663b042b86bd275990a9ec4c	0.362	1
decide-reading-022	3d687c3a7ea10568c59f264d1e3c5e77970748afc941ee8d9034f9f6d80e7153	0.179	1
decide-reading-023	fbcc1ed1e2196d23826c8e31afcaf7ebda532d0ce0eac7315409f789b9d7999b	0.199	1
decide-reading-024	939ff573577912631731eca634fcc36f3500581646d62a9edbf8b0a86bb0d939	0.208	1
decide-reading-025	39cbd187efc277014a80c9bd026575ef6bd8a0b41fa4b546b057b23a991f2637	0.187	1
decide-reading-026	6d1c30e484b1245580a978958d565f26ef68240078f77c910e653b5e42cc7576	0.177	1
decide-reading-027	978fffb2f5afe87bb541b6a40db6ea9b7f0c889ff75715041f8a1337de81963f	0.186	1
decide-reading-028	16a806da7c237c68ea559ca57ebb157cfd7116567fb69853b42364e125ee7b4d	0.196	1
decide-reading-029	82a04cd9c492aebe41c903f4e2ff11f3fb7133a54b9a0c42bd62a7ea75278573	0.2	1
decide-reading-030	d59e38444d9229eb34a58ec54b03a1ffa030976265ce5acb1ad39dbb28a5507d	0.185	1
decide-reading-031	6d4ee3b83556aeaea4af9d2bd6d210c0918af912464cdfeed85b9d92248921a1	0.231	1
decide-reading-032	c44c80ee2f025d16d5b92158d76559eabe07fd4a5041e5e645b8119a9592e9c5	0.222	1
decide-reading-034	c2c013f30565f4f3a08b644a9bc6654ec83c3b144abbe29adec6fee1fa9d5312	0.181	1
decide-reading-033	3f945d911b58b0211fd0d8d3525b109dc4472053dd5e566ddab818068a9c2087	0.226	1
decide-reading-035	7f8c28e8b0c9b400a75f3feedb1e40f4ea5e43af2efa051f7ba9a8a8f3e1b82c	0.18	1
decide-reading-037	4967695b3a3b2156e1065cd2f21b460bf945a033004a895683349801c4c607a4	0.158	1
decide-reading-038	b47a827fc0c4596f928a8dbf757f40b5f4313b3035823e79b97c430fa61d3bed	0.174	1
decide-reading-036	b47c6b91db848d6a535110e4262f77f4ef018e2b5540c4bd55d3b62a518bf258	0.273	1
decide-reading-039	1aaa7530f220e2b9703958e17116d12061ba6cc91ccc23243d341d4061e77fe6	0.241	1
decide-reading-040	0ba32b88c005845105bfab3ae9c41b19d676e54abb67324c1bc13634fd9ccc73	0.215	1
decide-reading-042	67152c031adefa2a6c92ec5c45d54779e0a13232b01da399cb09369b224f4330	0.174	1
decide-reading-041	a9a3af85d1af252a3e618c7315d45aa6900095a5a8c5de1b2bd8d3d9e5a4b892	0.212	1
decide-reading-043	485d2564f04d5b5f333024c0a296622eeb6cefe1032a0cf4707ea229f36fcf07	0.16	1
decide-reading-044	e7fb95780c383397be32cd8628a5025238b86dc3a1dd9fc28cc108d62539a2e4	0.194	1
decide-reading-046	1062870a2980b621e4f7ca4a0873398830710998c32b8df5ea2505d1fff5dac3	0.179	1
decide-reading-045	6d3d17518f5bacba5aa7014e80c0b9d638aac21b131ccf034d3616e7ad8f26b0	0.211	1
decide-reading-047	218de03006a4f711ab85759d9110be493208a22291192c5816c76a14de449843	0.174	1
decide-reading-048	4b9c2816b6da355ffede761baa16716ac443bbba203b82dfa6fb843d577be21a	0.182	1
decide-reading-049	ca1c295c86f39b0af58c330980303522e3e01647845e07cc429b50ef33ebf69a	0.182	1
decide-reading-050	28ae6ec06fdae51fba323d72a6cf98b77ad7c3afdfad5e41d01d2ef5b2b02e11	0.219	1
decide-reading-051	3cf6d263fab39153ba1bfa44d2f8298658283a2942427bbc020172136e59dc4f	0.17	1
decide-reading-052	3d8049120b17d0146f133564b6de5144e349dce5c9c2e647e4da34c9d7cd8c42	0.193	1
decide-reading-053	1641d8d7f2da5fb34c7164ee06980cdcd4410ff69c3ad0f50551a5ea43a7f5de	0.186	1
decide-reading-055	4de934f168e23a8b3304a2556d94cbec5ea665bb44a00cba31cd288c6553eef3	0.163	1
decide-reading-054	bee7d688c2e56af789b1efa28ac1fdb33229a782bc06fa0f2ebefefcf0b51311	0.209	1
decide-reading-056	548d378e5ce037ad1988e815b2bc9cea7480e20bbac097081ea23bf770df782d	0.184	1
decide-reading-057	5c0da426c2113ed6013bcc1e56bb472635d3f307716e15f7d246d511225a8c15	0.202	1
decide-reading-058	aa8e79372564c03b407903384d48e4f0fbd5a4abcf1f628b5d59acec96fbdde0	0.183	1
decide-reading-059	4ae8bf09616f5b369563c2b6c80e46e7872a6f75636ad207a4afcd7b51c38414	0.169	1
decide-reading-060	df0551e158c28c641db0ccadd62f21c0072cbc7fe0f7b1b0df2746283e0314f9	0.16	1
decide-reading-063	11236fd2aedb486291ed8585b4d032914a04e2e525c6e2ec2d05909406cb82bf	0.157	1
decide-reading-061	d875da7671a351bdb1282eaa7d1203f041e2392412c498c7a687cb2ad82dcd77	0.231	1
decide-reading-062	3c4466d07281bc70ef70f4bd5ddfec5550cd8779deb1377579653c3a3c5d9a4f	0.21	1
decide-reading-064	bb39c73cc0c7ed0a401d9eb265ab698e3a959ca3811a13dfebb481f95f396e87	0.162	1
decide-reading-067	89279033e7fdeb82989f5af92b6edd09b47af3f851e3a7cced2569044e6eba59	0.183	1
decide-reading-066	b97aac26c56e196f37e8cc2d23eab5ebc405857e15f6bc119bf6e2b0f5bc1dd1	0.209	1
decide-reading-068	886a3b86ea67b69d8cbf09a6da96a5f1e083885a5f224d6852f999159d006479	0.175	1
decide-reading-065	d835ac593767cad8d739d982fc3db987eab24537ba94d9ee406edc9772b6410d	0.285	1
decide-reading-071	e1e2f898b5872ad77f6c68ff7aac5679c5f9685c5e6289b46af37226db3e7867	0.173	1
decide-reading-072	c2aa60eb10a0c1d8517cce143271c61d30207a7ac58630b36ca823e8e85e353f	0.175	1
decide-reading-070	ba02dd5d1851f1052e38011bb7624c7490bec21ffc4dbe10c09cefce27b7b3e0	0.246	1
decide-reading-069	570aabee0e63a42ed12ede5c4ec8b9d1ae1a952a288b6aa9ae02534f2382e184	0.329	1
decide-reading-073	a7a4e4c565aebe7fd25d6154deb7988cd823702075d9b39cee97f51e1b021360	0.174	1
decide-reading-075	ddb4007619a4f0fa24165ff85a94c80c789689af25bc841f3755ecb3d6a07e69	0.178	1
decide-reading-074	3791b7658848b76ed8d62fa1bb78e3ba6aa803369038d7152cb55dd7de0437b7	0.229	1
decide-reading-076	4144f0cd29552f3ebb801fc55525006f57f172be003aad45876cb26724c5bb12	0.18	1
decide-reading-077	a158da8772cc6f8574b61423d93de57103a79f7ae86487c4c33bd7d50e54ce04	0.172	1
decide-reading-078	8079e07fea194d2dd8cf76a890f8f64250597b8666ad9c9c601967ea11cf0c68	0.175	1
decide-reading-079	f2b56da393d0b6b8cad0ae04d8f739cfdac84cbea08f3b0f4609ac0784285438	0.187	1
decide-reading-080	9ee63530895fb385f8e00d554345edc453106c7afe7a4235587ca981a71ff26c	0.176	1
decide-reading-081	c714bc6f55b804435ff1851b175966cb0ffa9e82403a42c8c60a1e869c162dc1	0.163	1
decide-reading-082	127dd5e78a0093945b506d8d853185d44f9e86d40fd263525936e5977611fa7f	0.23	1
decide-reading-084	0c95fce23b7a419eab067aa870a0c2fa0b37e3bc077ad41abc93982ee0a7e864	0.2	1
decide-reading-083	226f9b15fdb96b5763e5dee1dced32a3ffa1b99c4b4aaa17724f3ae1171e7892	0.24	1
decide-reading-085	f9d401a3b5a957e9a6d146681a3d61b3ae7df9101aa03d594b15ad8c35fd9871	0.208	1
decide-reading-086	47f5da6d03c3beb0468a88d1365a19ea93e2af45edcd11fce8943ab0fb952999	0.179	1
decide-reading-088	ed0d143d153a511c831e8c086253515d779f34a4c8b8bc375572bd7b08c4dba1	0.166	1
decide-reading-087	ddded36f7d5aee6cbc6772a19f68ee7d58d5751cdd8c0a840516872da6c7938f	0.206	1
decide-reading-089	1a3d1a75e93d0a95f4820b3895093ff9ea3fe95fc26cb23658f125b6bf296883	0.194	1
decide-reading-090	cd0c852733ab1e747461b1cbc184b33a25a2c6f0d6588fc3593d4305bcd070a0	0.188	1
decide-reading-091	0e688d5c952064c17b9efb3cd113e598ed4103d75881522d498226b1fd9a3f7b	0.187	1
decide-reading-092	d3bb110ae1ec5cfbe3b12c41a15bbe1d57e7f94290fb2daf2eca7742b2fc1309	0.191	1
decide-reading-093	b13a026eb6734f5c3a8ebdaac7924bd9ce52ce3d6a990ca2197dfeeee4b47af3	0.198	1
decide-reading-094	daff7d8ec43e00f10a4a48b2c5272da98d4a1104a7d990c85008ea94203873ab	0.176	1
decide-reading-096	265e6b742343ea01c923ed0ca625dcab7d70c21653f6d495be7da0f9b59e1387	0.178	1
decide-reading-095	2e4ea36b2472f2887adb1751c8e799934c9321464b4294ce1111aec1dfc60df6	0.234	1
decide-reading-097	5d0ea40b6ac2328a9e6630c3592fccc8133a8015612f5d84cf83b31e12614e3b	0.196	1
decide-reading-098	1c8bea9e36787f765df2dcec093958366209444739a0bd9bf35ce9ee039c58b0	0.162	1
decide-reading-099	a757700e55686a1c8478f0a58726e858a9f39c500c6e0317f61ce5740e2f2f07	0.182	1
decide-reading-100	890b2d1c898bd063f3519707fd0272d3e54a4e3ee5bf50cec8782e987e69f736	0.19	1
choose-reading-001	56bd050bcf0121dbe20a2697c0e7f7d9d68d62692ddda23b47aac24df9135136	0.184	1
choose-reading-002	4cb76830534d77526988cb8d10a98fc0d312adedffc15fee431f89f435af2317	0.2	1
choose-reading-003	41b502e9d1d23db6adf0412408e953abdafd62f135aab071849c1898d825adb2	0.173	1
choose-reading-004	fe2f38d0c44ed55fadf0322e71b20631aa14fdd82d17cdfe74cee9107a515222	0.191	1
choose-reading-005	6241bdcefb3cc7da882eb0f34be820179cad54356303551c578a6c472d6115db	0.196	1
choose-reading-007	7c59def5068e4c41596f0d73275b39919e99aaec8a22fee404f360f4c1652452	0.177	1
choose-reading-006	39fb4a96ed6e3bf56c5018578ac801e20227d1eb8939f7794dde4ef2099a8d0e	0.258	1
choose-reading-008	bcae239635fea44a7f690f9b32d731680e81ea9830f5a73ba8e80ffce0b49f5a	0.166	1
choose-reading-009	04f50d96043e03123db8742fe35ebe56ad31f7f87f55ca1de859e40addfc6d4f	0.194	1
choose-reading-010	40ada3a3f488dd80b47a28b88d2f8f146f19b7ad741edd529e80abf477ff5f5d	0.177	1
choose-reading-011	c67e90895acae2426d81bb01dcc6af1949aa1172b027ba1f73390f9729b52a72	0.205	1
choose-reading-012	5cc492d0f19cc3c0fe47d18c5853e516be8c5e129451cff3f5d2330bfa06e32c	0.214	1
choose-reading-013	3b527c24d02515c1e5edceaf0a181eef2ec2497ac25d5595a986988a66e7f744	0.19	1
choose-reading-014	12a18a35a7e609220fe7dcaa70844c5d7801e72963497e5e3a8f40d2d059fedc	0.159	1
choose-reading-015	6a3f93def6b275589244d6a294bbc9f6f4cc213a1d70b9c33ed4ec5c95e3e1f1	0.18	1
choose-reading-016	6e6e68fd74434a5868ea8c6a74bbb740fe29d37f7fbab3027a56b264dbe0e596	0.197	1
choose-reading-017	1ad052bee07aadfb7ee1bca725f63d5349e83501e13aadfa7d7071780976fee2	0.189	1
choose-reading-018	acba14d546274492c13ce3e62f04b1dc8a281bc22e45cb70eed6f2974c8db53e	0.2	1
choose-reading-019	d71a84d256f4ca777bea2f74c0ebe50b2d867f4585fee539d89f8356778746c7	0.176	1
choose-reading-020	00d7792be106e54d2cb58773703970e3fdca85cabf67eb0e068ae3aade7a1080	0.201	1
choose-reading-021	10592a7d1d6f17eb3d98db7d275ed51e35cd369ab4535ff2fc700adec907510e	0.204	1
choose-reading-022	ab290b41d24c507471e139b30775bbf812b73f8567341a714889aa500183e331	0.187	1
choose-reading-023	dad1157daf404af4d1f3735a27733657dbb1c64f5980f4017e9d3d06a26e4229	0.214	1
choose-reading-024	6306b1f05a62d5bc94e9e918e66ed9ed4d6b6ba6ed0729a7812656100b5332e6	0.2	1
choose-reading-025	34b0e21d0365a518d37be9b6801c1eb72c4d1d3b39f380d16168d9a0bbdc7b1a	0.204	1
choose-reading-026	f6b96ed0de5c91c7ea07023850a6a0fe4080f80d6a3db0c3260a09ea58142f9c	0.194	1
choose-reading-027	6a303dc22035c56c76cac31caf681e9ab6e7c22e5bcae253d0553e5d1e62c8c9	0.173	1
choose-reading-028	82bcae5adfad26adb42f4031de58673f5386dc9b1d1474050234033014515953	0.203	1
choose-reading-029	e7195823d9f2b518c9142f0a40f1b71ff96d41d935a85305c18576a521cea79a	0.216	1
choose-reading-030	b30d344a6892c514d462bc5a0df9ae37d231aeec6cf70a2f1f04ce6a037f4447	0.227	1
choose-reading-031	ce236916883bc8333a3b806ada44af1463285657b95aa5375d69f02e5f1200bb	0.196	1
choose-reading-032	fdb1444bd58566d128b962c4aa6a398e2301bdc980e9d401e84c2068336f77a0	0.193	1
choose-reading-033	a3100cb3cf5a558ff42d7003aac3c22a0735b9439e1898294ba5509cffb4e9a0	0.164	1
choose-reading-034	c5610804e800f1aa95271ef62013be097ca9ac458abf769962a0599b7ac21e86	0.187	1
choose-reading-035	b8798b19d8271cec734f08396c3c44d29e21d96e8f332dd4d41a3653a9874a68	0.198	1
choose-reading-037	ccd32262bc1889cf6bf4956272fa039bb905c4e59e616cd958b17dc65562befd	0.155	1
choose-reading-036	fd65e0fe47c4bf0224e00d0739230e65a491e6225ed0b980d73ddca266c6c181	0.203	1
choose-reading-039	9da12fefbc29eeb81523640db9c3e9b467817f0484b9f0b9bcf3ee1f0132e5f7	0.17	1
choose-reading-038	389f2540e6c201b033397cf3f509848591afb59c0fb30926e6a43fea9bd0b426	0.231	1
choose-reading-040	1c6ca80da97eb9e53d81e0d4565c7dfc1f5b32297a78de8c1116f0cc08b94d9d	0.173	1
choose-reading-041	49421a7991851dbc7270c29b7c854ec17862c134a1f1c73d373b82cc5ff43c9a	0.221	1
choose-reading-042	00c0f09dae1de15768200f45c86667e643864adbbe53e7ba72267df395dfa36f	0.182	1
choose-reading-043	171250af0f83d5c02ce00ff1fc93429da0952c0c2e93a27397ac786a5adc7954	0.174	1
choose-reading-045	7975f50f63cc27e6d7ccc5827ed315214d37d3a7dd19524b149c99fd5b63bb22	0.159	1
choose-reading-044	f0509a77032af54a6df7946b5cfab7e35ca5a1cd7534f00539bacbe9e1734e55	0.256	1
choose-reading-046	bb03b20fef17c12ae5af554f7183ab4c45027a723c16ffc3fab9ff09995ef0bf	0.208	1
choose-reading-047	e9ad5003e8f93930a36b04dae9ead07d4f92f1814401122f100e4e2365fa0087	0.208	1
choose-reading-048	7bb176cc9fc14a423c0b4962be602d0fd5ec248126ba51887867f11aeb3401a0	0.168	1
choose-reading-049	c898dee29f1b17b3ec32966a359a22ca20297d7e6e78ee9cd88f99171aa90faf	0.206	1
choose-reading-050	76e08e46c55d374d1fae58e3953e31fc0b71b2a69ba23328e2b6bc6abde11021	0.199	1
choose-reading-051	79fe9b5f97f053480dc0f029345f235d0a84bdc7d857d2d623c0e0c6ecf1a3ae	0.207	1
choose-reading-052	6d38e9ec7a8ce4f32563dc2a490f5f899e67f2de9fe7232593ab874693855a5b	0.184	1
choose-reading-053	51483955c4fceec84b21b65e1370b16939821ef467c39f2721a0331f481472c2	0.173	1
choose-reading-054	5a05138444dbfbbeb10728a7e9b7c92bb5b76c3af306e16bf7915902c06112f9	0.165	1
choose-reading-055	a267029198010166737ad0b3a8c2365e11e67aa716da6a636e8486aa52107eb8	0.182	1
choose-reading-056	ffd3da41aae3bd79595c5370ae4a5eed95a8485c2ab48d093c5ce116d5bfafea	0.179	1
choose-reading-057	35491e2af453e4a7b0a34d5110e8cf80154c2425d40c828d47abac6f605b319f	0.185	1
choose-reading-058	faaeb903a6144ee3cc286b322ca86cdd40cbfb22f1f78bfeb29eeac487bfed53	0.185	1
choose-reading-059	7a56aab9486086607d41732cdb7ff5bac3288f5f6e889207f1a0c80fda9461f6	0.168	1
choose-reading-060	ef266712eea92aacb86169eaf95370fee1527863e4832a0728b2d857ee174706	0.168	1
choose-reading-061	102e6a1240e02bc44119519f3ff615d95821f25dd678221af20f495269a8b757	0.178	1
choose-reading-063	4db14068e129f1408e367cf8db9df3c7be2073e848b734da70fd3b5633dc3c40	0.166	1
choose-reading-062	7ec278f461317904f7de23e5bbb3e10e3f4c2b7646f33018e763886bbc26114d	0.218	1
choose-reading-064	33ae1d88f6a13d53037cacf227ff97ba1014420c6f387a6adc1e0031b0416bb3	0.191	1
choose-reading-065	fae9dccc46d95bff91d93a8368756c77a3f5dbe72e9ddca465bf5461d321d9f4	0.193	1
choose-reading-066	63836a5116efe8acad9499c901e0d6747165eef44f3019679ecff9f91883f067	0.167	1
choose-reading-068	aeca610470cb91bfe00119d32e29e4d25060111450a72e0553f3f8d042dec2b9	0.171	1
choose-reading-067	dc1854edca0ab3d5f3b77576b6bbdb2ce273aa95865c01b99e6fed11ac710991	0.23	1
choose-reading-069	7550952b61495d2da28f9f44406e725a1a59b6c3525687991c801326586473f6	0.199	1
choose-reading-070	17edea570df710958213f421d157ef2fec95ddaf2b2053dc2dec5577a2142d8e	0.189	1
choose-reading-071	605ce7a341e60b8cc0a71cb4e2f2c77e1db663aae4ab68262a7f39a2c3b8a81d	0.175	1
choose-reading-072	3d98b6095d4f3adbc1316e80effe6ada164dcd05b026e2d8e23f7c94065c7443	0.181	1
choose-reading-073	ab69037240a87560eaeba04c6062eeefba6ee6a137f15aca7e708ea992a022aa	0.167	1
choose-reading-074	a7d783b7efb05ace88e2a64c82311fbb4d0394c882919aa48e5a15f0f5c6b4a2	0.195	1
choose-reading-075	b3da5efdfbfab7ae5edbd3f1faaa8396a32c4defcb4fc0f230d1b14405d7a02a	0.173	1
choose-reading-076	92151abfd82ccbfdce1b65ae7fde039dde50cdaa72794d4134add81c0d346be4	0.2	1
choose-reading-077	f5645d342f845f83e7da6018ded8a6598a203f95f29f0ded4f96230a572fd85e	0.186	1
choose-reading-078	46000049e56c8c2cf583f6ee932f993374c89e2ad6774ad521a96cc8fc8bb917	0.154	1
choose-reading-079	1cd74f5f459eee277d87dcbe91cd1bf088318001312178601670a297716737b1	0.172	1
choose-reading-080	4426ed0c5d091f32104e3d9794ad6984fb50404ce86dac7ae84db6fd9c98a98c	0.193	1
choose-reading-081	9f77fe263a7a19d2818ade0080e2f20e6338432e699f5a66dc9727e866705ba3	0.192	1
choose-reading-082	9e6d8dca7a9f07cc69cd3374852aceb13e8a05c79fefe3a6278564535468dd8f	0.186	1
choose-reading-083	e3135f52adfe7b8e8f89a0b88086f268926d34567e0ca6fc8338b53eea7e5f97	0.185	1
choose-reading-084	9beb4e9beceed2a36b05aa52cd20d9492fb4f2c6a593b5ac5a8c06ec33da2ade	0.193	1
choose-reading-085	7cec69166aaebdfdbfd5e8223ab698f040d49bbbbb3307085e47619a617f7699	0.189	1
choose-reading-086	3489447f68be30bdbc3bba7906d09406be9f48c76621ce274c9c80dcd9b27c1e	0.201	1
choose-reading-087	35486f523b3777b4ab28c5c6ed3372a3e7f8be32e4d6e9131d353de423ff391d	0.2	1
choose-reading-088	642ed059e4ebc9c6059a926f1b91526a2505feb8ef1b7915c5d74de809aae895	0.193	1
choose-reading-089	f6bcb523961c9204eb1373cd33117b1c878b1b6cfffa2033bd96e39133ab9383	0.198	1
choose-reading-091	a5a79ce66e096dd25fe10577c193dd97473a0c032fe6ff850ba0ed7dcbd08bdc	0.173	1
choose-reading-090	65e8e6c7a0848dd842ac7bbaa3097f64c2f64f7946e208b21ba36baa1375afa9	0.325	1
choose-reading-093	f200ec3042fad742b2e501bc026c73c2303bef6aeecb63a312a9715db936d048	0.189	1
choose-reading-094	cd1f600a08a5078545fd1a1c1c3dfe477b9ee3e1a0d80fbb9c9488c5b6a256a5	0.171	1
choose-reading-092	e9e6bba6bb2e0ccc551c32d7f94d630aa8edf465f59cd92e2717c0a68a02aae1	0.319	1
choose-reading-095	ea85c1082aa116933520a30e6c0f7af492954a348d77f987491e41f6e8b6626c	0.167	1
choose-reading-096	ebaf44c0df6c3b69a91e15f8c6234f1f86d1846aa01a5d9bc2a7ba39a0c59234	0.188	1
choose-reading-097	7ae7a52ee365df98a44ca6e60196fe9e0fbc793ce173c978273ab73502a5ec47	0.211	1
choose-reading-098	af1137851ce6d8483fc160b11a17053d8a24b5ea19512ce56b645441952da2ec	0.179	1
choose-reading-099	2a73823434f7403d0b122f2642e49c19a04fa8afc3efa3e5632b753a6f5020ab	0.184	1
choose-reading-100	86ba9549565b7aa773b52995ac151a6bd1a149bbb68ea5e6851be24a8bac12ec	0.187	1
tag-reading-001	c001d5b28e5889281bbeb467e55c6c3342161cd564378afb900e13df1b2787b3,0337fd62b93319afdae912887c9e0df2cff2e0363c2d6518b9995b5f2a257d14,5c9ccdea129467c5cb8bdca8919ea7436a5f29de9a7778a5251cb248134449ce,1014e187cb1dde1208323c44e175511d48ff920b32cc46be9fcddbd3256ad905	0.227	1
tag-reading-002	68d52d8edb1a07cedb87a7604a0f9c81e0826d15d1916c693f483a4b0712d0b2,62c56f5c6fbdb33bfa87d146efc405fa672e07a898002df84226dffae102057c,6f9601cd1c99686388fb0fff6d7701a6ea498dcb2d6af609715c9238208dee34,909cf003cd39db0a37c70da6ff10f2113f6ba6bb073757a29d36a972aefddd37	0.219	1
tag-reading-003	f62b390d332e5fefbfcb3ee4a9a93a98417c36b80fb251aeb3764e53f13c08ed,c4e3ebc8be1e8ce397ca5307d5d8d7d309cc1a37ed01ae3be085d0818201d701,fff3a471b581024a5b80501865bb1af5aaaf916ce3b56ad6be35b4af77c31968,e945b5351546d581273037be91cf8278d2729ef3c87f231d7e8c9d6c5a96ebd6	0.179	1
tag-reading-004	17dafd68e1c9a409e63467f0243d08a9c5bc9b6b7559a2ced15edac68b911445,b8f3fdf1f28ae563165c754b1357b84727b8e4bd23185ab7ca33d12aea00fe4a,bdca0c3a1f8e0d7309ac90e2e66309897b3905c98d73c5921ea1cc32b3aca199,eb576577948abfd60d7d8401f7bfd07c2efc4ec1d5fd0161eb8e871a25a3c423	0.289	1
tag-reading-005	ba2fb2cc613aee6b5c788f4b32df284a7ebbe74a183207b92af6c343a54aed44,f0f63485fc108f932529598a81cdf13c98e30c8ad78b27ff5c4401ed83cd3311,39b559df0ba83da824df20091801c294c5a7ef3d7dfacafe1690d5ae1fc82850,4533e0ffef6f74013e1b2606aec2fea5064d9ce810b360e37e24965674afbbcb	0.214	1
tag-reading-006	c56a41b3434686e2f3b3b647802b8169aa73d2fbb1f04b08e81b628a1d00cd29,6c645c8f8bcbd10de53d22aa8f262fc46d3a840f993ccf128549d190a7b68fc2,07c604ec90a95c14518a3c78feef25f0ca5c0ee5de142e4398a139ceafe1d991,eb0ee0c9539e5bf4e9fc829798de181b7ad3caca0a72b089db9925eb828312fe	0.225	1
tag-reading-007	bfaded000a63c8465fa6e23bf3fc080d8a698fdb08dce6f1ac521a6edabe589f,3ba892b0acf85cfa5fca3da390970edeba0cf3fc6d97a7221fcc9798bfd782f3,f4fa13a19596997c3c1344d94738ee6cb2a4da8f18a78bd54dee872952e340c1,da0981430bdfc07f6483a5be3153a94e6bb70fa6fe50a2d1eb35e7465d690a52	0.233	1
tag-reading-008	bcaa78413cbaf8faa63c6d1c54439e298cf019ae52d6bcb11b33cd6cc0a2f5f1,72db9dc571bf1d4f1dc25b6ebcf83f6de1fdb435285a30fe6d0d711e3f201e1c,b4fdaf56cee4e9a36808e9edf0ddffcb070f531e27093127007313d10a95d6c7,57d06049a0e48d067e77345f555710840429e8c78c01f451ac53635ed5de9443	0.219	1
tag-reading-010	7890cc7ee755c4ee69c6e7559ed3d63e6e79e8081d26d61a0c691e6cce33abd5,0c100114f51d853524f0c9c8564f8fe6780c1b28acdfde9293b30322ff5cae1a,19a67c1eab1e4096e0e57afffa855f2b96ae194e1a9fbbb08d8b25f2b8b435c7,f3475f67a2420676a11458c1b157b74edd985bc8fd6d19e7bd6dffb5cf8ebc21	0.222	1
tag-reading-009	90cd2374dec67bc951441a9c21849907c08ed7f2f659f2b4030aa6865ad73a7d,ee5ee375b26bb5aaa582650aed513d9d8f4082eecbbe09199dfabfd086ea2000,e2bbf64fbce3b54bf7d1f87bda6077749c3e67de390dbb7746bdfb576a085d50,a3a7a724b6a289797604b90f6da1b1e8eaf868c1ff97f6f4ae4df759514da5e6	0.27	1
tag-reading-011	f6f5cee267868576c4a14b0cf9e609e0167bcc46fcc146cf23cf22d379037a53,02d90d2b8cce3bacd4a5e3b6e4e9ec6b479197f45f2a16a6b8bec464fbe09338,c17545541c45d6e1acfd18b9f88a4e6896f4a5aaa7b91c8e09327a55dfeccb5e,b16868e205f27dacb5680d34d8c312acc7b0cc4783c9f959bc44ab3b84f9aa86	0.252	1
tag-reading-012	f79c852b41f9de5cbe8df4c2b9af8da9feb19f6375b08d480c75c797c1ed40a1,ef9a41592b717c30586c328d4ea4f0c16434db86e080ebb3a7abcaf62584597e,a7b7bdade3ac480d1b94402ac8a89a6deb33f9f6aa8549fd1af32b55a93f7abe,bb44e75fb3f9085b3884bfa932b5c3487c866bc388d94d5c2b3082587cfa89fa	0.191	1
tag-reading-013	d2a604d778a5bd1bf79660121838ed7c91519eed7dd285d2386e94710b99a0c3,1092f7687eb56ca23f4acc1e4d2ff76f66bfc31c40612389a4baca3e0c2f8a81,ce282ec4b9f07c431f1215e34d03c5edfd88b579eac95268dee30185b9492459,5c5b88e3cacd5bb93600610f9067afa1f5f007a80321af743dac8c36c84a2e38	0.193	1
tag-reading-014	0ef5713a07511890445d1a82adebd367adeb059c03b36da3fa8b9533f9a15bf6,2e6cd7e17ebb732636c2639fed7ab59b2998d04af4d097ce058611ffa43f8e58,a973f0766fb46c34893fd0142cc970a6561892aabbb964d686e46b9736808bdc,d0bb2ac034cdc04ea7ff01da6c3f22ae78baa75cc40de30d9d9a8fb2f016bbf8	0.208	1
tag-reading-015	c78a8fe76c8ca181631b631e9e54d5e6a31e5ab74922e1566a9e2db2a4e1498a,f78a636c00777192e0796b3c203ee2015e0426677fe47a16f8fd18c9473e5fd0,e079977690e3f65d537cfe48080abfb68fa5e04ba3f8fb4c414d9651e0ea6771,c235dc3a4632407141d707dd5b767b8a68e9d5fb6b45e2213dd2791e3d8fa93d	0.247	1
tag-reading-016	d94d3a88fe0b66e5f5d76e735d59e64e8a94f383c2bc72081ad591fb0582b3e8,fe1300ae8cae0b05878a2e2db44f0bd867631f1e6a79dd33d779b2f828505222,52ecbaf68eaafc5b2fc2973549f0add42ca8c5e1a4b504643ec67d37d4c5c5ca,101afa19cb83d862e09752855f50dc05b505cb213fcf924e634994b0fad854cf	0.196	1
tag-reading-017	e6ebb20f0555a038fc47d24c7328faa1e1a407a94af99ad972374bcc2c44e1ab,4dffa4913705417492ea4ed5321fd97a2b49a52463d5b0e852f2f70e1434cc2f,0407fed77416e5c11677afb1cd098d8e16e03cb2f44571a00339a52ccc95aaa2,0598ff702ebc9222c64d7432a4cb984a9987468b7383864189360977653a0fb8	0.174	1
tag-reading-018	3f22ee70a7f55960a0863d54e4e9c02c41551d0b0f44a1571c3412320c226487,484362e21cbaccc377fc2d99923b971509b86bd71ae12456fd7b68b149e51b08,53cee7702c02ea1589463cea2c9409f5eaf7228e96dc25443b184c2efe442223,761511fb11f5848dd86b9555d4caff7ea497c02879f987b3454f1633c848633f	0.211	1
tag-reading-019	947494cf3cbb8fca8f4dcf10d9b227d868158c23acffb8b761581edb93e8940a,cf3320a43e3c0b15a443f5c9c5b94fc13f8f58fcddc542222cf170fcac22e2d4,62365f6d248be48c61e4db3ebd21fd9fcfd009d576caaaf7ac58961c19b92ce6,9ca4b8056a894eb50b7b8faaf958c64b434de2efce5e3f3c72d21dddfcdeb08c	0.18	1
tag-reading-020	3bc7c0e854231d548972eb4cf9a45884a68412d70a0bf6d74b3999e0f6a002b4,0e01466cc86fccbf9fbfc3323979c38be8d2c1b5aa0b109fc818c1c26ea7310f,29b043e870898dd1c81b1663e3cfbbbd655934ab93a89e302d05c9c18bdfa68e,d45290ef23c2c0a74b877f7b312144156c4eec11153c5e17b83d237d6af13622	0.2	1
tag-reading-021	33eff861d752cc55647055d9c869e1c55209a303925edf50065853d3a97ab3a4,e6957d03f288209b6f49342d30c8739d140b27750fcef36efcd51dac35ee9e5b,6b166dbc68cc9396c60a202aa406817662ac6e752bf6823e95e6bdff93632745,9f6aba5dcac6ae3c22249797ec3c9c185270a1e4bab95d044f583dfe9c34b0a1	0.253	1
tag-reading-022	adeb8524ebdd001ec9581add9708578886bac8dc5bbc46cb020b30b1fc32f9f8,d6a8c366a607318d2059ab3d5783b8b7f495dfc1962170ffe1367379975d4140,d704675068e122d2636cf955d079d1eaa3a18b9950341ede95709f99f9586489,b85f6420b1e072412815c75f790c97c26f9e5ad735de88b8bbd208fad30a743e	0.214	1
tag-reading-023	25a69d8ec0ff28459b188028e3a4d2ec1665178ed69514c77d3ce684b65e00c8,46e822dd45f373b63ef47af886f7c772879fd2d5e1c43ffdc0194aeba0d16ede,e4203a2c6e7c641f5dab542c44abd741869c1c78786dfd3bb14d1c6602dba0ee,dd4d3738b927e6f4e395efa778faf9cca6308846343bd0aabec41fdf8215e6f5	0.187	1
tag-reading-024	1fddd6bc7a19c6da97c8567bd37b31bab549ace2d8eb973de0902327fccd92d2,0308ae1456ce2e2a398aeda5aec654c6e27270a9c0d59c175ee42ed021cb4bc7,a5bc906098710bc36183162cb4b48bbb46b169292ecd0866a0794f2bd4670bb9,12342017724c3b07045814f121dca7d00458a3f5b4439d65979e5ce113e90b26	0.187	1
tag-reading-026	f8030982e01b8f7307dba6f212b1d40f793e095bb19773063c5d22a03ca7eccb,dd1ec4d27358d028f92b4f86c9c4019dc865bcd45726a7362ca4281ee3edac80,79d74ccac77f66dc106b3838966863cea62d735ef85c57ae65f0bd017daaed9d,07e74f5af67c81cf4aa0b9cd20d308f4689ce3ea4f04122d9cec31610defde56	0.178	1
tag-reading-027	94622c1a4607fc3f5df37c5a8763f2a70f833c160bb0bd16906805baf0bc2dae,128b20981e98edfa2414b3d8aff0a0534910d79213af0236ae475b96e30be4e2,af589016222eaf0da9777a9929a2d034ed2af34d0c855046b2140f5657b34a14,b3c0ad0760b190561982f03a8dba72b564e1d0bce2ffa9109c4a7e14ac394b2f	0.195	1
tag-reading-025	668dceaf09eea9b53547f4fbc97b5d7a8bdc6c00efd8106962b3c55555176a63,74a2d0e50cecc9af549b5b820bfc844f58ce8fc1b4e8ff36de2456c77bb19945,1962e488e58f66ae5c9963e0d437b160c313b84360fce4c4570127f8f3262ce8,07021058a499058609e9ec287413b6460adea3f84543216043529d1ddeb5cecb	0.28	1
tag-reading-028	7288c4151b309bc6a6dcf6f09ed47c95d87dce222262983286246b2f3d6e1297,29289c55824df80fba76196156df1344f23a86ecfdda9c9c9662b5d2c7177075,c38d0dab4118fb7c6061b7d1157f1d7a67d63d86f3220b1439d0fecba9f9a3f9,163cfe58778f1b4a369277e78d79654829744b30c987f841711dc0dd4d94c5de	0.214	1
tag-reading-029	71d5269416ba6329eb3fe0f2fa5cd11edf5f2c8c87db3887a036af3eb503b52c,f0d2e9d0bcc3d72391d9170ee9da7c0c27894ad4bc06c48705a6571548ab489c,cbd4866b3dad1355e957113d9549034eb86bc8cb1ca183657dcad881b4703d6b,504b6e63b71a8e2895d3406be7bb07b3ad573420272f9e383fb4702ca331ae38	0.209	1
tag-reading-031	6c7d76a670c824db97054e5216ce0d1d045ceebf588428139e185ceab02087bd,eaf7042d77730fc707badb1b5d662a51263de3924a454fea5ee8c2f9a75fe067,e0874fd80914f9bd8aa9fdefa07e345e4a2768e2d31a759d7afdc2614c721bc5,e64af812024ade40dc280a08f878aeef5a498a28d3861e9328d4a7c30be0cb53	0.181	1
tag-reading-030	fa1508da393a3d4cf1af28240775cadbb623ad06e50ba81733296ee02ed88a5b,8031125482f161865c2c316e576f152fba3f664ff9cb8bfeb6235f59cbc216d9,901bd8acf0ed7875b5627fdd89794681f9f8caaf8a165c20d8010fe162ba1998,b6474a1eec9550fd30ab9a793afa8cafb242c8d3592202bcc0aa8a30a2650a65	0.264	1
tag-reading-032	3f6438c63bd2241c346fda1f1b9a24088707a8ee3a9bdaf432b2e8a5ce5dee20,4eb740fbee563b2cc2d0266cf9fc8b45f954ffb5f6fbfb6698711374ce50f423,a9d5cf2b04be06f574272a99d2fc41881de8720153ceae6239e860b3659b772a,95f113f0966f51829a2461cef3acc3ca6a0ca91229f12ed4246231be4451801e	0.223	1
tag-reading-033	437a02af6c5ccd3cfd7b9e1c18d232adf174fd98d107276c8ddd9daf11c08b93,48686e9fa80b9d109608f5a98a8569941d9db8f379679a91f231eef8ecd613cf,e3f546634dbfb0299769f167224ba9844a1e85304aebb113c84b1d74766275b3,b85ba9f46b556cdfcfcf822501b3a76b5b04a6fbb5120812c10399b45d774770	0.194	1
tag-reading-034	c4cf43146f532b6c6692dc6c4aa80769dd7bee3079af9d62893f0921e063c324,fef224b74e7b5e639864887c88fc4decc9bccc8ef84587338c8e63a5c53d4d55,48e57f0469685e7f2aaa7eda5ca408f43e0d3600529131bed5d5f5eab47a1d91,c86e1a98f15dcefec0657f801ec4730c7a9ca0ee37a6ac6e61fc69be0d940cdd	0.203	1
tag-reading-035	96df6b398df143bed9025b779fb150f1b0a7024c0a002af16429fb2b7110c909,34d1bc0b348eaf226b2c9b7430ae87e089ea90efdffcf5704ebaea4664137517,b7b52acac2f00cbca9a8bed83869adb7521ecb1dbbb8cca0d5d88e9ac37ed651,c899367e01182efcfceb3d876da5a4b82def7e363b361c9b08f8d3edb72fa2e2	0.193	1
tag-reading-036	81770dd945e558ea68fc24f546f198e3d425a7006a98bc40fa4d0dda575c187a,59a51613996e1a1dc16610829f59529f67ccffc421dcc9fc31e1ee3d1dd00ef3,6515bb34084bd8a8028ba208708cfc388919800c70ac47eec02c2004e3e95edc,5ffa0d6ae109d6e2b2dcaa45993e1ab8b98ca47c6f03b6b3f57a79eb01d5a444	0.197	1
tag-reading-037	45f45babdc424d3c92557936fa51fcba648f7ec53758b146075e590949393baf,1481d8e6c4d49262df9f80ef469763cbffc8fe48b6a238bfe8466461cadb2a4c,bb8b9eaefc414bb8c3633dfb0a39f2ebb87707efa50a08d959eb83a63d893355,60506cf4f1fe07bb52c5b0aa8f23d12075b9197de309d3f61c23f5fcd3acc044	0.217	1
tag-reading-038	d3b77507a8a37fcac4daebbac383c873d399c9ee9b2fcd921bc9089a0fa2cc57,ea6ef52e8c91e0c6dc383f7bd8f0d45d876343b2a45b3c5a9f129113eef121db,5b67ed5adbc8c918e5a7017ad3f0e2d21ad1ceedcb3f9793d8ee26ec4938d355,3c2513a4cde192ebca52d43368435819d031787d09fec3b267c544797de3347e	0.218	1
tag-reading-040	696171e93e78c48b4441dfd904268bf87985f1d52b48a95da212bffae3e4ba44,6924460c612ed5338eb2273d670bf8732b9226f32543e88caa0da0f899938b6c,9e036a0a97b921447257afa1fd2b0f53672b5fc92649ef41eeb40f499f0e11ca,401300cd9928378106b3e75b627cfc9a2b6451066450cd6ea80cec4d1742b0d1	0.184	1
tag-reading-039	36014b9db5bad1d7ee210050baf7781eeeefe2f18ef71ad5f57e0fc4e5a9aab7,0a06a63511d92283f0e3b614ef1dcccc2b220981fedc2c6bbdef2dc6fc8ef0f6,23d64a05fbce299b8e2b1d610f2ef2ea9c8343f40dd640f292d693adb4277a21,0c81ecc26bdca4ac336c0bf094763dac98735f27c63fecf995f06320a62046b3	0.298	1
tag-reading-041	147e84f0419c6a3fa4e169bb3c57551429a67c1ca44a49b0be6ff397f61a9769,d7251978914c1f9cb8a388d6d4250276cbb72c881ea3bbf29a78d60139e56805,666eb2cb291a7f62b730f68ca12ae6fda03db7a1c33451017ed3f1bbe916d443,c57b7c01578c6ca9d9525e6a2249371f22a1f989a7b78f0a07a844a5d689704a	0.201	1
tag-reading-042	d1b5300f64b2afb2778777f5332c17426c8265476f7f0cdbf05277df4ae596c1,25e553f7b206f9791c483e092e8517ea9fd337ad29db6deecbcd9bfb13bd8997,0ed2fa60c6a51e6873ef9771214b6204973f5126655ea2940a2dca49e47dda3d,82ccc237f8b962a176a3c2c26616fefba0f94cbc40fd1627ce999a59d952889c	0.175	1
tag-reading-043	2143651e6d580fd7edeeb953235d47205ee20bbf7cd02abfbff02bee62874e43,38daa8706c7141d771779ec9fd2360e309fa67b54fbdbdbd70d681549a47dbeb,51d06d19e7e0c3e4c1c2a06cc458528b53422ba0fe6181ca9b8c2a0b2e2fdfc7,4125da3296ae4b728f38c529a4e7018a5bcf175110bd466a2839aa6a1542d1b8	0.232	1
tag-reading-044	9f7d13435db66f9ed0eef6287a530620f8f38b16c6485cd285740baecd444005,6b35996805b99bbd297d07e784ac2f4e874d78a211b0490becc601094531283b,14889fb72053590b153af75248874e52c027803d805907b189e592702d290ff9,c95635d3fb66c2a5fe1591e275d01c07a37396a22e43891fa4a5f44e43839806	0.183	1
tag-reading-045	aa0674f278aea2547da7df0c63905cf66f9e32132b8f0ea91cd2d9c190d14d8d,e17ba4e8d985af2d704fe5e47d21ef040dc3130ac7c6f42dcd6e4bcd192e36af,196003f5e5ca4adacf2710b951457b19baf309db3c158152f26b085ff4bea13b,cfa2d302b840427ee5af20f172537e95f0a726c395cb7ae9145381d6959c5c23	0.198	1
tag-reading-046	1dea6dbd7776e0938b0b8bb50097a8bca467fcbbff3fefbccc4311ef5d48450f,e3b61576d938b48a8869679f815a5ad28b4d16314b82714bcd7ba678625eca3d,a93ee71135955eb556d931ffe0ce2e697301ba80b7ff23db54e85362ccaeaed1,43e7c6a45111db8a21ffe4bc53a161409b6ebe96bd3de46609e755c5e972108b	0.204	1
tag-reading-047	e7479ac680328d509427c55406da774de325e27a0c1c99e51cc4f89d861390cd,cf674615820e34555ba1737049684edc522b005f7239c776a963cfb4a55be9cb,a42205212a4b2e82e67fad76193d68bcfbed95f2412bf71d592437498bedf4f0,b88b5beca2b93c7e15a25f8f9f70d456f7da3cf0e2ef9fed52e2500f2041adbd	0.181	1
tag-reading-048	50f3131fe464516a09894630153458d8162866a36de066bdcfcd5bb884c55775,c24d3f4a7f66eb888a677130ac33707b833e1742e616551d3fded759ec88c596,49f1d3f31dafa510f2c55c8e1c0e464b403cefaad56ffa98968b19f33d80d1f3,79546a52142377916121ca1139b670f04bcb68eff04c4e365fe3d6681238972a	0.193	1
tag-reading-049	c2950f6d28e4d99d49a756d60a1a92541aac5e5fa7fb7ebe1913c5185d125782,a4db8a2e20962434db0e157afc8868f411e4672844831c69ecebadbdf1e26270,64b4c7f2dd15712102a75fb8071b5104c493cb0c23564a4efd3130749e392fdb,f78466e966ebce01c632924bb911863e2465ef0cce15127bb87a52b2ef0bc916	0.2	1
tag-reading-050	805976cc1e883d748d2e8c45680fd46ca0c82ae6006cad2f5a15e1ecaf3e7ebe,008366dc6457f462418114c0f5a5968d09f02b630298e8bd7af53cc41e694457,ffe1b3c0d8d10583fbc3bc2844a6e25265bb05da1608cc1a02005dcc6ac6526f,17f42c9cff981bd31aee6f7c8461c3f62ba155f0f8afc6009c32300dd226eda0	0.222	1
tag-reading-051	4e04a1a5134ca0ed7b4c84c170fc8fcc88a3b46c53416467f21718ca6a21e0ae,6c3ec80d6e95be09604f9ac46859202c0df7be22946dce77219d5716f066f36c,13614c6203b90f5a19e0891f756b12091001cf140d2c40ff6c4d3860441b9f62,effdeda385cfda85649046f592b10abdb9b7c294f0efae981f73be098f697fa4	0.193	1
tag-reading-052	6e9a55808bbcb5107bf206ea8b2f5ed7c15457f37dc466d01551a4e91ce98dee,db4df96577675b646931bdd1ff1cd5c4daf69c5e9e439fc611da24e899c68b86,ed0bd5f81929845dbd2135673af8fc256f60dffa15ea924e0738d1d22dc54093,06073b72ad72b25854eed6e61c91f4d50c83b70ab07ecfd548951fee5beafae4	0.208	1
tag-reading-053	9d689e4a6cb7e2c823e6594326208196a7e5801400663b195908d1b10bb5436c,2c26edb56e863c6a9dc3f119de03512ae7db352bb66b53edb91ab65b017c5a6d,af8525a9467b955c3a8d55ed401b15d191576ee041d6076995642839d7f19462,feb5c9c06290d218d7a45ada0daee20f575d6c92f883272a3554902c0b48c5ed	0.21	1
tag-reading-054	c1110daf2c7cd0d4504ddced08569c001d80f6ff9c39777033e56a0bec76e46c,dd638e5979566b8c304ef15af861b7ac5a8ce11ff664e06b9e68ef0389935f2b,ad129b3a15e001a2bc3a90a0dacab9b5b39669652bd3d4dd4aa003c6c1bccfc6,5a8019166bd9b19284c017483e25d3677ed4bcc0dae26c4868a796aa4a3a6beb	0.186	1
tag-reading-055	33c01fd4c6dfa2d85dc25e95e4d43b1d37c5d7163c26058b02fccbe5e3bb8fda,c3dcdb34f99338f7c663febb1a277ba9aaab2472e5862b130e82820a31606e2a,ec49f0755e8769f16d3374713edbc9028cca9340a89814fb15343734f1418be6,e4cd8d71cb82775f73a77be9de57079e95fe0f61034de860cf8180e716080031	0.177	1
tag-reading-056	9eede1b14a587ca3175169736ea60118b8fa643d04af890d06b8b7bd0de15827,9bc07cfebe704bec9ce328b1404ddd8e21583568e6eb9dcd59af727ddfd45b4c,c9ec228155a2dc774b806dfaa0b89d343a315ebc80ee3a654978d826e26777e5,10a249ff9a03bfb2ec4c7ff0a375f11771ae023626dffd668ed1a988fca27ff5	0.164	1
tag-reading-058	8f520f76200cc0d069f683f1367b50834b1b9bf7184e7f8145b44d3e98b8196b,2d9cd3ea80a90f19925e32eb2c49ff3d949c34694a8d2f19830f12594a214b55,1c1b9eee2f6b7475929d46d79cface36a93eb81fe49296195fdf436ffeeb9539,32913c27d2cd7c2e827f974a851f8a9dbba04a1240c350238e3bf32cfceea0b0	0.162	1
tag-reading-057	9b4e6cb90ab9229d7394e60fd72f2b9aef63c8831622c73219174339280c9400,6647f8e42f5252aee2621586987ed0106ba474a991209c097c43299ee51fa228,914f81d6abd66ac0635abaa01d08f9f342e56eeadd799d81bcf0397962583fda,e977f50e499533375295ab14476f00fb068d286cf2b9045c85962712969e8c96	0.229	1
tag-reading-059	6ec9ece4a9f7ed8fa88e4cb8d068cc647ce060bad3ae2c8b60d6de35682c4688,a7e5b9e0c3bd4624ce8ed3908b68941719b76376d180ae07ff70cff8c406952a,616999369f5d9cb3fa6daccfd747b40b83bdfafd0493e6d7d17f8bcbb75f71f3,2b46ff755acbfea977fa85609610a2e62f231e20a7fff4f7b970b4d5f1ac9ea6	0.272	1
tag-reading-060	6104f2ee7286d9404954d34d9570be44ccd88420b357a000fcd19c4f0031ed16,47bcd74452c19ae04a5623db59f64aecf4a26c87af88f9ebdc4dd30941ee6bb0,400b9d9efd35f2ade376820fff4732205a1d50d835db72a274ec19bccfe50eb8,66a622836892f40e6f6d9aefd085c74b3c18194ae6ab1f09d872656940385628	0.249	1
tag-reading-062	3eba2240b15efb062ef06e2211360bd7a59aa008c745d5e438f0c781977e870e,c3742e79d1cdd84ae69d5789353f3d3a63d58b1475f6911dea93fe51d42dfa6b,33b89221e88f75c64cdaead1f48cf56db7ec762066a6d13ae6a52db9a65cf233,a78de0a9ca7e9086259b88db576116519f0da8b1102ff63242a015820b98633a	0.187	1
tag-reading-061	ac013299e90c3f14faa634ae4c8455d0a16acd98af8f86465db65a7b9dbfb391,3d2252a2023876c74d1edfdb1bf0baab1c4ef0f4918b765326ef898ce11061d5,ef8335e0344e74a417768e63937a27b39af5a9b93f1e18fe0a5029ae69ecb8df,d6e00631605dfbd7294a5b0f8cb4956cf2407ceb1417032b1a0d6f4e51918567	0.248	1
tag-reading-063	c2f958b4bc3d35f50d069f72bb639b9956387cc134db7b32cd816725b5ebf9f1,44c1cc3f5e86636c24fca8edeb0e68844c7ad9d37033d9407f3edcc209440b80,0c1e7d0f1e3411bb85ab62a98016d42141248809a1bdbfe53df775bedb603da5,792bdef6e2148d27bf4ed88e4d53906ca6a876db216290a20fb6669079b623aa	0.209	1
tag-reading-064	a9f828b29f4012fa8ef9319a282c484441179fce00dc14e330ce2c0fd12b2cbc,0e095418b78af15798c6fe6703481739a78fdd0d3d3028038ef82cd33a280b4c,857021984e5d4802d99561afbfa53d3d82c40826f08e0f59af6bcb123017a2f0,c5c12e4ce36228bdd06f47462aca62c96f0a47eba825b5f5f39a8b0c881d4ef7	0.216	1
tag-reading-066	897c1a0e12010d270c239bf8ae159fce2b73b4b644f220960cd49eeac01e2f69,e97c1fa5f9e2f764917475274c6aa4d38824ffec177085392c272e2323dcfd84,79e7d9d0b955a842957bf44057bab6f69f86aeded048b02828a4186a7d6ee861,aa89da3e937888b32b9a9711c1a3dbb4a609d159704e7c838627dc594a9dcf39	0.198	1
tag-reading-065	3d05405aafeb86bf55f2c4d52f96e9f2336b52dae4782987baca9b08931947d1,a088fe99e54c2b6fbdea6b7ee062c1caf2766627d1acd4f85ed78fd07170560c,4b3bc92e6724617b005391cd22210cdfbc0b7b503969bd5458075c65d5012c0a,0aed2d538510bd1a21d08fedfe027eb0648afd372f564b609076220950becab6	0.243	1
tag-reading-068	20173e03bb6437882da64868d1740ef7a912bd37fcf86c64bb277aec8b9120a1,d90aae465c8a23989505efef243d583292308f98121c380c0f57c8d5caaf5daf,9ebb1e1ddc96f1c3dc0d102afa70a5a37c078b16a253f83b500cc3c35fa6a2b3,65edff0962adfca09709b0aaed9b6331ca97688f741f353c20be076187c748d5	0.203	1
tag-reading-067	978bcb305c80db7810ac01b755d29b65593bb07bd8e28eca8971642715a37e40,0efe2efb62a2666837b2d201ec6dce01231be98ed6f4c072e5113c7023ac76d8,c063289b0dfccfac0a15c20eae0d5dd9052f0dfc3a3f3f27c7ac1bf4abb2ec3e,1b3e1715182d31939071ea9061c888ebcac331e0da83a39df90fafdca258f19d	0.268	1
tag-reading-069	d4ff02a2015705bdfec9918805e98e6cb0ddbba81559cf0cc388efa96e15e64f,51964e65e5aa5b5c42fbf2af8f5594ecfe3e238b02f0927ee3e4e666a61935be,6d3ea7e4ef19d79ab14790d1665cd04488631253fd3f9e2390de227940ecfc3e,d5ae5213ced412d7582fd323666a2da2356197caaeb9f0a7574504a7fc35a3d9	0.201	1
tag-reading-070	7da1691be68e828ae88b04be1105705285236f0b232aea824768c1f3715b48ec,c388484d2ea97da6db4dc1651a5c5a6316ba4653abfdb20b262073dcd8355a46,e734771912cdd146103f188492ca050617717d99a2a43e6bfcb62c0567fae94c,c7d1e0ff746edfb3eeefc0d4297bb0f2f93dcf0fe2dea46e23823d48cc8d2124	0.209	1
tag-reading-071	956f450e2128467aa67fc590e559853904ede548563ab613115eabbe02996a32,c8bd33cf0f3aa54eb71f8185eed05869cfcc6c2b3fe00e51833170138cbc4b7e,3db58744086207454475c55861f24f34519a19e6c71a5a303dd898fde95fc7eb,13250d9c5aabf9c7edcf39274e9dab42129eac6f7a5b41656d51a3b50e1352e3	0.171	1
tag-reading-072	67ebbc17821a139c2e88034d9091c904a2e8cf2eb1f41b8c55b6ad2595f6e347,30c79bd03f442bfb6f4c33d401ca52d3f997d9dd2d60e12b6031629d5fe54fc1,bad10f0b004834da43390307ad24981af19bd96f03dbb82b061445847830b19d,aebfb2ccdad47dfd7a3e3156527f121b3faf077b562219806c4d4d42004f1813	0.21	1
tag-reading-074	ce5f6a229e705750579818a73443824aea64c5a98bf5bed60092b8811c606a5a,1e40a67025273d6b93e1231ed64c770c2822d9198583a1318a204962ebb7d3ba,0dabb04fc98546ab3f525e9fd8e9bad60549967f04cff5bd91f0ce362b1e4dc0,1d9f99a7fd9ca0d130b9121549a090e3d7430d9a44842ce23f0f6a22b0fdbbf6	0.175	1
tag-reading-073	4d387ed464d66f92fa7ab203332709225c8eaf68793b23eeda39f66cbdb089f0,1025e271f5f84a15e57eac7af65d6f1bf4a5a112f18e414be98bdf787ff731e8,6cf3a36d5a6562ac3fb5568aba6c0d96c7e965d46099e480814bd8dcb3228ad5,70cb663937880749baab816dde37296d8143ba8a85ced2e94a283dce22c99a84	0.242	1
tag-reading-075	541b5123f1d7735bc79e5f4f901b7c7149986dfe92eee7910dc26d988cf56d7c,9bff81bb28a4e0968ae4a16c6c55c6a4fcc4ee925d24c4a9c3f874ea0367907d,e9bd80d086fe9c9c1f0224511a0daff709f7f8ecb25e6a7e75fb37f0e7284119,8a30f58648854dac021f0d86157608b8a40bf5b31be00aa90bf23f18c7f5518c	0.233	1
tag-reading-076	d94002276411be31dd7d34a79de7469fce9858ae91fdba36727f804aab922ff5,84cfe1a7481ab8ebd9e81218260bf351a2da906f6f0522a3c1f8d46938a90741,8214468ebb7c1fdcc2f8e7259d697611f5ff8cde99716218e7bedc3d9fe6cd30,b5fd3eae71f1c46010bbd3ba140dc4dce89d1dfe60dd2e1ebb47d538d002e676	0.216	1
tag-reading-078	2e321e3411a1a02ef18a5d7ec20d4681fc6cbc1a34bb539f45dc08d8be8faebf,58f03d93d14e43e5ea3b8863b7d3f8ff8b101f413f3742b018f56c9ae7f8c926,36eadf739997307cdd83cf22655073939cbfd3ecec0e93ed10102da237cd791d,de9e5b12f7d5a2e92de07997860e9d78c92be4bfa482703651ce1a62b1efa842	0.184	1
tag-reading-077	ce685f05eb6d46abef2f300604a3b430182eaaae93f886194257165d9d5b0b56,7d710dcada8325a98d90550145f14885af070fee38ea05877597be35a659cfb8,6690d6e02eced5381c515e40523b2a47eb26ad67a23667a120a4dfd15b7776f7,19b4e4bef281231039ef4377d0932498d25445070999b9e44454b451924bbee4	0.258	1
tag-reading-079	4b3de2dc1542a2d1047ae7025ea6021be7501be1c038bd706985175515b95387,f2de02e60f921d02746cb25076cea74a7a0ff588307ea3ebc5a17a11bb249c48,22e9428a5c2e36046bce95c110d6ad834661ecfd0bdb35e9c374ba1acdb5e192,827967de5d67741634724650ff33353e3ad8d70ad39a19ea7c857b4ba17afd6c	0.194	1
tag-reading-080	152ee984a84b241bba81a5f879d07377e72d47515f0011275a45d032768f9304,bcf36e97a2655b269b751b6d10c1115ab8e139c01d8fcf5b4eb4ee237411be12,5376b68d9badbbe5c5604c575253e2b33d765817012742f1b4636c077ca8584c,21eabf8eae504b76dda8c0ac0364d2a5d762c7c9975d05ffe79d7c2b3e4d52b9	0.192	1
tag-reading-081	7f031084871b3c9f85af87bca37df23812570b1596c4c08c01c01f4e46d2eef1,4f29309c9dfed0da61260bdde799988d50d9e3b52a2660cdbc35cef5066de005,a43059c3ab2662d566fb8119efa46542016060858b3b5e4f40f48f1c5b9955a2,666851adf001b72ed8542616d30398d970342ea66385247c3212f24cc91c6fcf	0.219	1
tag-reading-082	8db6345e2c502c5eb1be99c4eaf352d5e71582a0bbf52a9315a0441ffd5d19d8,6ae5bb3dfe6404fed0eea1900673b95afba3379aa9d30fb871eaf7dc88fdb01d,9d1afe894e23af00cdd8e91b762d6e5de514a0b6c0d977656a757dd9a4cefa9b,86a5781c0b4adecc8fd089073e0831847e339762c7f71c328996c1a49a423cf4	0.26	1
tag-reading-083	a0adacd4040d8e8641a6bb9e40430146ff0a3af4a01bdaff9cafe305ebe673eb,339935616962372d858e9705015b33955f097789ff2afb83a6754aefec453e66,d0dda9bcb275d91bf125398ec7672d83bb3f34e454da1f7428969f6e9ccc81e8,f88b2c3a13904523c0d1e507f80ab8397fb32f3ef0db78b638cf2fbb55e08c21	0.209	1
tag-reading-084	8d352d82db01be09229603e27de4b6908b87fad682a77ad3097b81b7fa48058a,f0cd6928f13ba21e31b4234527a812093d83fb608c607bfe509010b1ca3338f9,c85290fabb807b222cea574e27851c52d633efcb50e4e9ecaaf5c83631e5a24b,6c6fe8931454297628db17772c22b74a7763e865926bd70c7b434effee6013f9	0.257	1
tag-reading-085	072f8d9bde78437bf95767df85436dbef7ba6c7fa7c041a990b595319922827c,9768f46f3873c06de2e30f736af74d7f4be4b63605df035c266b2719240c88b8,a6454a3e0ff8d1cb99a673bd8241e2e80ff36bc8e3266fdae01d04f6bf78ab83,79e9b3355c0965ce9a55052d78389d52bc1b76e6bc8b1a3b2a5ba43a7ed367d2	0.225	1
tag-reading-086	682a70f90686303649137abba116628ba01eb08df5a200757999492766bc59ff,6774dc243fa6a58400b0877011dbfa7e6369456896fdde79183863ce444d5de6,672153ffd89c8875d3cb8d1da92d5fc0f96efb2d616c453161877bfd11df2f1d,a8b83274f264ba0962a471444b6a577613814017beee567700b476a065c78367	0.168	1
tag-reading-087	44759984a6592d98c40cc4740fb45c9f59a5542edea015673a468c28cdac2789,36b4d024ccf0d7171260f58a9db8404bfefb528767352ad936c87549d6dc16ca,50c5e866d0bd583fb4867816902c8bac00dc4eff18fd0c9d6a723c949959ed54,1fe93773f16891edbd36a98dfe8586275b2cf3d3b91d302d4f4c43d28cac823d	0.202	1
tag-reading-089	4581e1266616a378ed74fc4087035bcd6eaa4ca776447278b7fcd0f1923becf3,5afc4346732fb94bf1f5426465f59555bd4ae816d99622aa1ff3962ab136bc05,f5e4e80cfd05e19f88e3238cd17484df1dbd7f1099076056555de41024ae2886,cbaa3ff8efaefaabd1172a665c78b4c6162850f04a8681c050837ff5712f5dd5	0.163	1
tag-reading-088	c96064c8d73c0e5cdf596fb1a2e41e2ddc70d1e97866465b537e40fa8077bee4,7a461362006a489110ea89b8aa8eceb061a6f59257d8c009170380c8cc64aca6,970af77396db7169495cd11675ad1e207c6e14226f589a81d7eaf2e1b3b8ccdc,fb75800d0d8ae1c1447224b7404a7d4e68d61060839ac09b0f691148b2ff5bdc	0.215	1
tag-reading-091	d60293387e407dd0b72b49ed86d8ca54770f2aa8cd80a6573efdb4b1c6679db3,0dab9b6b054f3f3356ad1148c09f5716851011e293f2bf68e7a366195235bfed,670443d81ffbf8e449cb2c61391d6d62c5222220d1bf9d29234150e9cce06dd9,4daa99d1aa1f49535da2a0507996cee39e773258c22f1c55aa1d83fc67f6b74c	0.157	1
tag-reading-090	7f9f326ff600f696f1156c8055296a01a2945afe0262de512a79a3f7b7a0aa5a,e6eac5b3e0b8b8c6180b056ed5f862d9154ad864f5632b0301896db5f87954ba,01c430c082f92c44c7d21ddef39f6ea0e090f8ab134dde7cac689226fce0d2b6,3609cc3a977e5766956229e84cfec8014f6930ad9068cf12d9eca05ba4726e30	0.235	1
tag-reading-092	d5df95c66c132e0ae3a66e128e098097d8ddfc7dfa4e00ac21ad85c8b8bfc74e,bbe14227402fa85ccc87ee60881282ad3d451c8f79917645158aad7997728aa4,09e00ea1f18a990535e87e9b2b781eed3317fdd97d838ac11b2b74bf002d4fa0,3ada517d3153ad2691b6a183dbef275cc3eb377a4469a94f41ce35fef982075d	0.176	1
tag-reading-093	ad16ae1684cf9428f85966c3468934369ef2a9b91ecb2bd0fd7200cb2a0fcc36,a367ec7a7548587d4a1180ac3d7d8c249490dd1118cc83016330f68c75134568,92ffa7bcca31bcbff8810a83cf6039e1f18b203703bc911a06fc51cf3c43d7da,68f10dad48f1377e98242c0bb9b2a6c3ef46d2cfa8854b33aa5f6258eb47ba3b	0.179	1
tag-reading-094	c7550ba6686a8aeb3e27d432a5a595f243b5849bfe13f5ea70dbddbb39aec137,e5ef4d0aca9537339716007724111e15a189f5e87e059cb558448e818ec2f383,2ac904e35455b4e98db7f4378ad973358cff78dafcdae617971923301ac5b4e1,ec8bb8babb1e774c194adc1ade4dc7cd7a94d9fcb99673acd9d206f7a36b1c51	0.168	1
tag-reading-095	688204afbd6ff0632530444137ed055c645835f22c626fa2ab6b77e5411031e8,41b79331b3318c9339c406be2f3ea9576c3eb7f5d1ee217f3f4cbfd3a9976b2d,bca715d995f2b50823f944dc3e78c12d33fc4f157ef32a6b270b32aec49ea9cb,3dbd2d9be6b3895240cc68f38ed2b36b0154ef7e587b030eb9e158bef03f8fb0	0.188	1
tag-reading-096	0fb9d3015dd1126335af5121a99dd7386dda7507a01ead6bc590e484c0549a20,78e20dfe27d21620d67cf73d10d804d27a8cdff235c26d2acec6b6bbef6e5dce,10bd6b825d458a9d0db569251860e6257e235faf703267d738499741ab7f12bd,55a764e841fbc0b92600bc3a9a40a1b9104b5f4bd7b1052ca7239e1052924621	0.202	1
tag-reading-097	a44688e498f67d69f3188826712827ecab7b77648259d5244a41eb29bf5bb283,b9827bbd6c55fc736b5eb101230227dbfe7754914ab3cbfb6e2118a3680316f2,1abaf2c06937671ad1494fb5e1509dda39d5f512084ba3bf804d0bc4bd610fc8,1cce0fabbdfff2cdb735e99977721a7c3a50211875c16e858289e4756a9f5532	0.202	1
tag-reading-098	ff4fd2caaffa700988491ea5fb62b733a2e51adf97a3fd892fbe9e6f88325bce,ffb2e6607e817a451234508a52f6735945d6882a577c6b8058c721f38d7abd0e,0a19eba17f775bc3921e8a91810adeabaeef0dedd2df95075aa5cea6efae9d03,a733ecdb50c6e08b2c2e6cbaee64d7b44801a3d3fdc414f93127fa5efdb7eb2f	0.202	1
tag-reading-099	b78f0154be39b4b5cf4744efce2c5b6ab07977a0d2cb3c9d2092bf56c99c5187,b39f3f5e1f3952b4d8f960eecd61ebfae93cb8c5dc891e0fd5680c8f029993ec,275bcbac318c4dc4cb3ba7ec689f3fbd4f3556e9cb874d9a2443ad7bf9f22249,4e9a1946155e68e712a2a2434309522b02c8cd391f719e09bc8fa89b1ffd4991	0.196	1
tag-reading-100	802da505912369abdf3670c02cdb465534db3b94249f697ba9ee2a3644c16b2b,e91390d2a858cd95a228961dd8ac0d89fed4c17cfd79a6a2e3661f53eeb8ca3c,c61e518ddc0b1b12f1acca1159a8f320fcd6dd7b48068ce621df8f9cf17a366a,0d0476b021a32ac07b987cff59ec517845b1cc79bc6e36f8b9cfff567a6cdbca	0.173	1
score-reading-001	e84a0c1cee0b141e7a8f284e794da44ceb8cc2d2c45510896cd92e31c0ca40c0	0.197	1
score-reading-002	35cf8456889029a7e02b68024a718039fbeeb0e1f92583cd6659a3c5e74ece46	0.194	1
score-reading-003	b63f682f77e9bbbd040561b41d8ce6af18f4be0f35e0d67e0303e54e96147849	0.187	1
score-reading-004	3550522d331f1cf16feba207c951f7d0b00143c88612e809a5582f106f8ee47f	0.21	1
score-reading-006	a883fb71471743a9efa6709ec593fd475e646cafee9e44bec91761c32ccae0a1	0.19	1
score-reading-007	1338d964cb655a12ce4b6767301af8b7adebedc1d172395868475fe11055a6da	0.201	1
score-reading-005	f232fa96d42e17c77afdbd0b0d36b35b9285acbac8889b284cd429f17abe7054	0.272	1
score-reading-008	0c10cdb5730469657015e100e20daa3b87edeae7feec0e0acf2ab5673ca2b535	0.21	1
score-reading-010	bce2cd11f4d74c132eaf3c2312358bb644658454053aad21f45954facf1d46f9	0.161	1
score-reading-009	b94c5d84ac10a16e674ad70bfd1959519b2135b28995023fd3ce147fbd4bdf75	0.218	1
score-reading-011	11b5e1b6e1ecdc1e5766f49bf50c748e7917ac9e2cc460f622cd138befe36e12	0.231	1
score-reading-012	671a0dc5307310cabc3d121256a17155084e36b846202e533840843adfe6ab10	0.193	1
score-reading-013	d74a0c17f09b5d03a15768def56a8464263c2b15cdaf37dde65dbcd62cca76e2	0.176	1
score-reading-014	e0936b81c479ffed577ce0a91906e51aba28bd017e21373eb3f57260fb5a5352	0.174	1
score-reading-015	ff26cdcec6fd4e1f3e1a6f1bc1d8a9871db6b15a33da0c2893b9c7d640cb033b	0.229	1
score-reading-016	d664cbca3979a89238764218bf0feb75f3b3d197ae78d2808011020b58cce7c1	0.204	1
score-reading-017	eaa31d2c89468a54c4772541c88063821ea25d744c394e840d7dc27e3987b0e7	0.205	1
score-reading-018	6a01300fe77fb5f1a62be1039e39ff61f7e2d52d304a5cac559697d48d34a5e2	0.203	1
score-reading-019	abea2c1d1eaca69976c1482a9bb9c95f2cad38b67d18c98466517726c86f7533	0.187	1
score-reading-020	76739db09c198c0eda88c667407b713694d8b30c68aab2ee6e3731156dc57ce0	0.195	1
score-reading-021	76e3c55344ab91331541113eb68dad1ac341069bf242b1cf9263602786b03094	0.184	1
score-reading-022	a52de76741279df0674c750cf2ab39fc58227f7b6e0e55b89638fabf87c8190f	0.195	1
score-reading-023	68a34c3add6c92068058f52ccd7a20aeb4264e1d9d10364cd8912511d9388172	0.183	1
score-reading-026	26335c455c55f3039894a85fd8d3e47370ed02a19b4fb1e78056d64db4824e9d	0.168	1
score-reading-024	c50f2e366665095bc0241969b164c966cb4f048a5c4ab5d2df247b49d137558e	0.239	1
score-reading-025	ce012496edef522d1e60489b9a3893d5f8a5c3c4c34bdef36f3d2299ea15fd7e	0.238	1
score-reading-027	5bb9876a7b8117c839786b054e58d1c8904c0b4deee80a69ae1242fb98891f76	0.181	1
score-reading-028	1e7b2564f508ddf0ab0ac7e0986b55b4379f106532829032abdf2849d36e4feb	0.175	1
score-reading-029	99a332817066c179eebe7fa8db855a0dfa618106f48be5487bc5932f230fa30d	0.186	1
score-reading-030	afca4098d85e0563d164ba3ecf8c71cc85421b35a717c93318c79178ee2741de	0.184	1
score-reading-031	44cef176ee06e6ca046e6c123f789077e04ac82578f8177233eb3ba70494fa47	0.178	1
score-reading-032	8e8133cd5bbe7fbed55c8ddf347ac3385d992c1cd3c2996662d4b283305e0069	0.178	1
score-reading-034	12bb7c8483ad843501dc0462b83d46aac849fcc387ed6b1413dbfa83b9b40c3b	0.186	1
score-reading-033	4a5c288a5adc204c497a4f487d3f24666f02628f01029c23ccd54d4e250d3346	0.229	1
score-reading-035	f0ab7b2b5cd11c8af9732d7f855c62c4aeeb3d7675655a51706b49c79e0d5682	0.223	1
score-reading-036	9fcfe874647da3357536e125e92f7e646af75c97998c0b1fd9babeeae3541dd9	0.195	1
score-reading-037	e4676f56d06bf60e669a642ad81de114cbd69a0562ed4d8f07e32e34b8534a7d	0.175	1
score-reading-038	5463de16eb5d52f4c970eab0b212f794df1a481cdaaf543d788879e491e7f07f	0.186	1
score-reading-039	0e3e90914c894a6de9e5913314e63c25cf6e86ce6e1c6aa4b2f210e2f416d3ec	0.166	1
score-reading-040	6a3e5756ce2ee4bb95bdcb6685649d1cee31c71ba70d823fd4f1d39f113a489d	0.177	1
score-reading-041	1696f283a1c253d03cf5202aa82e5d5c4659936d253cfa2e552e1ad5244d7d30	0.233	1
score-reading-043	9a1b117423833a0976e9626dfb61b74d4ea26a10de08f4981f405dca7a3e880f	0.165	1
score-reading-042	e048f5638c959e39e4655a17e645932cd3675496a003249e4a64e51679382c54	0.242	1
score-reading-044	8b656b574a06d20eecff23f541608e73fb57b808dafbb9d56c1072f8f9ca1178	0.174	1
score-reading-045	e9aa8106850fb16aed7e5ab7f0298a695717c077c1e2beee975e21968b88f9c8	0.153	1
score-reading-046	4abc3ec47a5fd3726f775b7548757709bf0a9159add09b147e71a1b7a452350d	0.186	1
score-reading-048	84b0e4cffa118aeda0b7cedfee4b0b8bc9e5fb410aba186c2c72ffc258c62fe6	0.161	1
score-reading-047	cb83508bd0ff8cc2ec3c917806f71e54fa0b9b9f4d01852c2fefc0a098ac0489	0.227	1
score-reading-049	e9eab4cc07388d3809e97f0d9229901f44891aec87dec3a07a80faa5088373be	0.155	1
score-reading-050	e826f32f19a320361dabd269ac94608d0e1810d427dd91bcef3a00343488c6c4	0.197	1
score-reading-052	4a67975a3dd8939089ae3a87d24934ecacf439f3a4894093fecf0e004ec9bf09	0.166	1
score-reading-051	a7de9d2ebec099388ca08d9727342adcbbce33a45158ab8175410d20027f46a1	0.224	1
score-reading-053	95ce2cb195a8c0aec9e8edee2ad18b8c97b7924172f549798f55ca1e25e34a1d	0.176	1
score-reading-054	0cbacbf68b4c1577e9b7bc85c90cd88ade688f7d493311639ad291a20497d00f	0.169	1
score-reading-055	c27fc7d3a45e76155ce116ae5d35f4001ceab7341a2df80aa7455413112ee3c5	0.192	1
score-reading-056	89fbe4636122e3af05df8eb27c5585de4cc2235e89bde255052aefc69f8a7eb3	0.225	1
score-reading-057	3c8b8e8a50fa0723d9ed79578f9f625eb14deb6debb2e8feb98ece28c9229df3	0.226	1
score-reading-058	dc3dc56f5ef82c18f1c5e8586307ade715e90524aace75dff6287f944d1835f5	0.161	1
score-reading-059	963fadc301fb1c25b4335cc4757824e289d96bee42780234c6d7006a6141bd58	0.153	1
score-reading-060	2233f27196ed85b797d5c64d7e181a1c8d3b743f0fc100bfd9a21316c38fb964	0.162	1
score-reading-061	2c00ab915d058e5c8ad2a07c556934b77f856a452a16bcc7342aa728f6ad4b54	0.192	1
score-reading-062	c3bf7f2d2b08739d501b24867353bd2d44e6c3b784ea5bd408af5884defe8d3a	0.19	1
score-reading-063	7d7138d915b10edda98784ae0943df0e5aad8fc92d37593a01a30f97d5511b1d	0.167	1
score-reading-064	a9e035a035388367027ed9035def688755a901e2dc7f302b019170aab515f8ae	0.177	1
score-reading-066	b23d4165b5876a7dbb561cb5ff8bd86814c9dca24d1c7fe71c4c7161e165fe9f	0.164	1
score-reading-065	e6adf3b6fc37d75b03117c6fdfbef78d44b7e4a3559ed685234da3efe51ad537	0.211	1
score-reading-067	711e5cc58eca8ebadb29b97b86e91ef4917805eb677f88749460770d2e9ec85b	0.234	1
score-reading-068	49cb0269c5bf6a736590251d3c1fe86388a2ef351d7b5518e8edfb688b7b06a3	0.181	1
score-reading-069	e492842b0b48d1f22257d90b1e6559a6e322390a7fd39a26aca9a2eed8d8b0f6	0.19	1
score-reading-070	6e88c08cbfc1ef4b5435afa17836d2979d49b1ffe4bb42f88f44fce4e90d6b92	0.211	1
score-reading-071	dc6d9ceca3223aa00b4b52da00ec9af260d98e7d13fb51b42c5b9b97ec29af61	0.182	1
score-reading-072	5095e2123d1bcdc5611df4d8ee6af952a96f3444816df776c4bea14929e9a2ab	0.228	1
score-reading-073	b7fab8c95d8f4ef3199dd50607e85c80458c9f665d10b73675dde4be7e95c082	0.196	1
score-reading-075	4c0d81087090e610914845463465280df69a95d5621cb58fddaa134befb7437b	0.207	1
score-reading-074	de39d0a7e8f4e04cf0c4acc8d4672dca5f592c5cca0a87a24f13c8b5ddb79e0e	0.284	1
score-reading-076	27a965b704388c10028981311cd0c3dbd34027927a4c0bfb11fede7ade76443e	0.205	1
score-reading-077	b0a681785a102bdeb9d3d9e26383461faaadcdd6e8dd42f93288a353cd62df13	0.202	1
score-reading-079	412f050e89d3bcef7aa6c7416b35614fd9fd730d70f0d96d6a129684ac9cf107	0.161	1
score-reading-081	eecf9f4f3c53c8c444a6b13387266f90e08ed5c2a8e4fbbd525085a97212271a	0.165	1
score-reading-080	3a2dedd9cece9175104781f4521da00a808ed96d5e3755f89fe9dc737a412d88	0.217	1
score-reading-078	2540b92471384f64286bff88eeeec0feed0f7755453a004a412c9365d31fb648	0.369	1
score-reading-082	f200ac5fd1a3bfd9a353dd3a247598a80d2960b36a8533c524e4716aaf22e189	0.195	1
score-reading-084	0d25eb47c32ff85b87909177318826706feb9baffd6c4d77bd9a9ed5d6438654	0.153	1
score-reading-083	29b1282219c1a14c26c0bffc9ec9cd349fe4363ee607fbbc354b37fb0928d0a0	0.194	1
score-reading-085	f9efad6c792e7799c5cb0cfe194384c6d57fec109a305aa1e67e2eabef59f446	0.179	1
score-reading-086	cdce328c8988833304bfd456fbacafd2d27624444f0c1a81d87a8456a0a51531	0.199	1
score-reading-087	8f560a59c7bd7165bc6ded25a9caef94d350ae0248c7af70e884d7002f2fa92e	0.169	1
score-reading-088	441b13cdffe290d9f947c34d36b756aef2206bb2e35060e39a7efd1e334a9678	0.177	1
score-reading-089	e3222d7a95d8d064c48300468a087202525cc7e31355a124abaac44a7a22250a	0.196	1
score-reading-091	ef1b5cf61634eb5b1f63c5648bc12fdb6b455dc0be846ff47a524c3e2e0afd7b	0.189	1
score-reading-092	c731df6ac3c35ed7359db1630d62b584bdb6bb3438c5388e367a0c7a01aec688	0.206	1
score-reading-090	ac6391f12c95e9a36c6fc41b11701c199f2f93adb33c0b1a6b5402970ddcd903	0.267	1
score-reading-093	c3a9fd1ca192f69869b613ec4bd1d79ac8e27e8a0e26f1851f6f276bda09f792	0.273	1
score-reading-095	ec2d34344285fce4efce292c1c30c415e019f78c0c8a559dddef71a7e53de736	0.205	1
score-reading-096	01ca4d7ee77fab6f9f89bcb74f0ffd748fd06ce0d04ac498f650242d8bca6312	0.23	1
score-reading-094	0983518cf1157db4040780e90c9cf07438b8144eb301d9e7ebb9fc51e3a7dc63	0.32	1
score-reading-097	501b924948549384582eab6dc792b9ad3bf31a95a3f09cf244c08ef5a0333e40	0.178	1
score-reading-098	b00121435ed66734f4ce5cfe7fdf0b570b1a5002da724713651a264e956000f5	0.193	1
score-reading-099	924797cd03a42496bd367559ece0858d07d9d3e33660b39df8015630e09cc8d5	0.195	1
score-reading-100	170b520991a10949c1d761eb603bd1c847720e520f060882b6397e2dc6183037	0.197	1
filter-reading-001	29fc5dc2ce6abc129520fce96adff30c0e704785a9b4bd0cb086ceb2123a6622	0.208	1
filter-reading-002	a0d462ff97ae98c841ed2298f2b27b8f083b693f323702ed604280e3817e418a	0.192	1
filter-reading-004	e15ead1dd1e2d1c0245e95c5504b6bee85e046868981773b4635555931d931fd	0.17	1
filter-reading-005	2a1217a6d0b610ad732d06f98c41d7637eba60657d3ada0188298d8f17c1cbf9	0.178	1
filter-reading-003	127bc37d48edf59c99496d3dbb2768ac348704770a07235db87c5f228f258a29	0.322	1
filter-reading-007	6af12b2c9c17d14cbf04d29db4a311cc1c0a7a373f3350c2265155603658b215	0.158	1
filter-reading-006	75b52be290b72b50245357772a6394fe5d88ed2e6a98e5d8587df029d815e2f9	0.242	1
filter-reading-008	4f37bd09d63e1f73de83b8cac9137fe85df5e4c59db1678b013f1feb71bd17f8	0.202	1
filter-reading-009	986458970e6a87ed5830996c9ee02959cd094c99f39503355914c6ce9e7febe6	0.215	1
filter-reading-010	b3d0958a2441fa77db8da7a6c6a64be1afcfc0c2b055ab9f944a33748d8ca9b5	0.217	1
filter-reading-011	bb11381df2b03c92001a12eef5820e5229ae844d87bbd69eec3fee692e58e14e	0.225	1
filter-reading-012	a02a65329e443d7cb6885e778db8623aafb892c71ec88d246eda40755537a56c	0.182	1
filter-reading-014	1c68690ee284c2e43c98cf95e1ffeab6b5a9a298cb011d6967df74c86f515fd7	0.183	1
filter-reading-013	fb315a8281f9ba2ed7fbdff83dfb101509970d81ae4970cbba7fb0f2cf77a2de	0.244	1
filter-reading-015	d0115f20fcd62d06a1d68ebbfa46fc7c8f4425991b82a2f7b70f97a325232f4d	0.204	1
filter-reading-016	812b03e2ff9b3b2e980b7c2dd8c5324ec133d1f3d686847a468d9ebfd9d9d9cd	0.171	1
filter-reading-017	3273fa02e96852232d2c9c5c8da36581727800964ea310e1a5e392f09afed332	0.159	1
filter-reading-018	eb9779a70c438ad4edadf02095e8a18abb66786c9020ca816b8f64df7706022f	0.193	1
filter-reading-019	6832bfa32f7a50c80b0452d761d9c82414c25c09db7ab66f672ef0cfd9ab0f65	0.202	1
filter-reading-020	897e9a520496bdd7244e508d9b21b7876603e79025bf96d2fe5ef37dad079bb7	0.191	1
filter-reading-021	5f4d9437a5aa0bd18294fdf452b3107963ab06ba1c81a69e4d099936fa3ab96f	0.181	1
filter-reading-022	1cd8aac54b5f961e962e9546b9d36df2c42032aba0c5e05aedf54cb0933b0da2	0.176	1
filter-reading-023	37ab79e9e405db8969ca4838d0824749fe872c5434d978e179aba7a331e2c045	0.174	1
filter-reading-024	8f1c33557b9360bd3d012dc94526d71a40a535dee42aff4b21151e029557add1	0.174	1
filter-reading-025	29d2c36efad24809d9fa180065308334ac6ccc898d73f951d402b82f9fa798e2	0.19	1
filter-reading-026	e87783e131b64eb66a1d3d51eaf5166c7efc410e417c0bb557d06b681ae53fe5	0.168	1
filter-reading-027	082b2fba1f1b053e1f98dc5e625fb7c53d89ab0346d93b665fe1020bdd4a23bb	0.194	1
filter-reading-028	2da491f45c84612d2803bdcbab242a03011c5fe0ea6b2c8790a4a592345a6c51	0.205	1
filter-reading-029	e1db72e57d25785cabf1a01be36b3ca8ceba5acc8c1addba6948b923cc9d8942	0.167	1
filter-reading-030	eba77f60dffb5c36f613a354c5b3d3d1dd456aab5f177524ca95f0e9fe132efd	0.248	1
filter-reading-031	503ffc69228c52461808d3675b99aa2c5678c3100349d42480d992b39616d8b4	0.195	1
filter-reading-032	088f211bc96cf7bec74502168a623245ef519057792dc97287842c9c55ae4ef6	0.199	1
filter-reading-033	ced7f187cafe0c399e6b46fb9987fa8ef7a8ee1da48c4d5db8a40246465b35d8	0.183	1
filter-reading-034	f60f49584f381bb7ec5d22011d8bc2937ae2c4486141839801f4097ba0f5a849	0.182	1
filter-reading-036	7347868715d32aeadc3c9399c34542f915f8275281cc20cc0d32190f3fa25031	0.175	1
filter-reading-037	ed5dfb232481e12ba0f84bdfeb6345bac76b7d446af187c066a307484d42c1c5	0.178	1
filter-reading-035	969fe51626ab2ab30dd1747d7c66aa14b52cb1dbf733011f2a767ad11cf43413	0.325	1
filter-reading-038	46631793e5254abef0848882b9a0872c2329317a610d512960e73601ae657ca0	0.213	1
filter-reading-040	808dcf1b485bb03b8e3e46cf7880a34f3892f8fe3d1489c378e7325d29e6e971	0.176	1
filter-reading-039	56f1aac7ca6962a173aa9561315be20245d32b7d72a28aacd930aa7973f89cdf	0.231	1
filter-reading-042	183568456eaafd10cebbb127c07b5b3166e6a2bdb94631135baa12fa16f9494c	0.162	1
filter-reading-041	8d7cee5c86328577bd8bd9883d2f80b5c624701d253e687e15b45d6422e33bab	0.231	1
filter-reading-043	37aa36eadc5b4f1da6019ba4dd710a918a8e6eb26826c008871c4844ba84a83f	0.187	1
filter-reading-044	35e5d982a5ac9af0fee6e542e5ffc0610b8feadd4d99e8dc0752889c18942e44	0.222	1
filter-reading-045	881cf229650c59c6f08f74de1793b012f7d15ec57da91b49010f1b0d0dec0568	0.156	1
filter-reading-046	6fb55cfcee86dc3f4562cbc7fbddcb309e149bf4f02779fb3f683fcf15e49077	0.17	1
filter-reading-047	5b130bfb689efa657e1dc15502158abad6ce5da0eee5be5e1f25a6e7c8139f24	0.176	1
filter-reading-048	dadc44ed8cbdb9730a05ef85d2ce109f79e3d229f2f0e78ddb329a2eaab91f12	0.156	1
filter-reading-049	a8ab9a3561eb73ad95e8d5d88baa5b3ba0a97f5525d881b06afe3164dc6173cf	0.189	1
filter-reading-050	dbba9dd56a5db8da00bfc4b1207bab599b595e23f6ddb14c2c7a70d06698a4b4	0.175	1
filter-reading-051	164921a7259dc924082167efe53a9d9b1d9420372590cb9cf40cbba88be4abff	0.19	1
filter-reading-052	1db3f58d76c8453e376b1aa944af4199b67020cda38cbfc1722796b4d7c37fa2	0.185	1
filter-reading-053	c341ac800f785385754524cfa9b73f46a238f55d627b5ca835363de73d49012f	0.173	1
filter-reading-054	da0eb8f825fa4941592bbea7723e865775ef87972bf8bbf00097955c41c84b8e	0.185	1
filter-reading-055	bc158171bd429cad428e4912c3df62c63530b460941c8a7e34e17e8dbaa9fb05	0.211	1
filter-reading-056	55be9e269b714d90036a610bc6144b8eab4a71a5ebb98c574967cab036b53d8f	0.217	1
filter-reading-057	17fb688bc6813e8861e9206b55ce28ef1f3dcffdd8fe89f05b88c6420fadd1de	0.19	1
filter-reading-058	ba591aae2f4784c1dc1f12d31824ba19df0cabd838983af17983d8e1fddb4d95	0.235	1
filter-reading-059	929b4127157b12ac5e577fe4418d9d995824a43321f8f47925cf05e4bf86ab5f	0.167	1
filter-reading-060	73701164f596cc7d5bf7465350ea6adbc141797fdbc01c0f361d5b676e3ba31c	0.154	1
filter-reading-062	a1f0e317325c21e087dfaa5b55d50f11c19f7eed6fce98b50e8494da38735859	0.175	1
filter-reading-061	a79d23c315813baf3cfd729c789cbfa2a693011719be51ccefbd7647f72a6ec7	0.283	1
filter-reading-063	3d40b48bad7ce899bded7eddeb358915474aeb044dfafb29d332d3735a3c0736	0.217	1
filter-reading-064	986ccb733136b026edce68ed437d9d6ee670a944d7ace6035d662c7a1a609859	0.205	1
filter-reading-065	5cabab3d39c60aeb77291aaa001ad01b9aa752c7de12f84707e4b79789e45da3	0.171	1
filter-reading-066	1a3a6896480c94c2ad2c78fb7889f59f3a7bdd6ee92dc5b1256577c1bb8d3b67	0.183	1
filter-reading-067	5b9db21e7f332267fb6ca371e0a934c7cfaeef61a1c7c2d19b0e09916d79a2ec	0.198	1
filter-reading-068	7aca232bef8c22090309eedc14cf2ffcd2e6ab8cf2ed56f96c331ca7a73b5329	0.214	1
filter-reading-069	e890eaf0c5c73637924d5f88bef44827f52d1ac82f21827595fc4ddbc337eb4d	0.167	1
filter-reading-070	1b1a0f835df8ffad5e4fed0d8d0614c8d30a54aa38517ff806e947305829e3dc	0.155	1
filter-reading-071	e17ebee7cf65916b9fad8f0772368d707c4dedd14e731c6d8099fd08a99884e2	0.162	1
filter-reading-072	0ced008d04b4e36b4ef5f23b9fe463dedcd337c653d8dbf1438dc9f7529fc3ca	0.196	1
filter-reading-073	ee558576da7319ca8f492c9f83bf5e9c56ace953226154132b7133afcc6aaa28	0.212	1
filter-reading-075	3075bbabe5743d438d3aeb35cb98acbf16eba62c916e83bd3f4e57a465c4aad9	0.161	1
filter-reading-074	3268d7cd61588dc753ee1a238e390dce0a698c7bfdbace987016583c053c9d97	0.263	1
filter-reading-076	ee577cdf6f9045d1fd95163a5087ddb3ccd20f5e4351637899c88fe25a4f1372	0.172	1
filter-reading-077	2cbbd82b489ed2eac4416f86b5f5e76f96d2936087412fa1562426a550c3dd2c	0.192	1
filter-reading-078	c0a971fe1cc0120a5f3b63c28355e924a9ca23a83ef621c791c58047e560f5c8	0.178	1
filter-reading-080	d84ce633fc4655bc5f6d3c93d1eab4c32c33f9e1f6f8adb91d9c22dcc9f66b4f	0.147	1
filter-reading-079	032890f7126fa82b3369618a532944fdcd94207d340dbbbaab8b54be0414610b	0.209	1
filter-reading-081	23d38d1c6cb93bef0adc70d6fffe8f9818305244e08b3895b55c81130dca9eac	0.173	1
filter-reading-082	ae1d76417be553d5eea60491ce5aef6e791ebca8a3b404cad55e39b2debe71ac	0.184	1
filter-reading-084	82bff00d125453d3155f9b33eb0b7f4ca02cab2cc77edb472b1e08ed31183661	0.157	1
filter-reading-083	09c426ecf89875af4ae04b0de615a69bee6f5bfc22f496797268fbe338e4c519	0.21	1
filter-reading-086	334e33da90824e9857c9a01507e066b69004843d535c7f0a68c557a408cec722	0.198	1
filter-reading-085	96a4e41042a7ac9f5b0ab5629a94cf8d377ebca1587ac97859cfdca9d93a504b	0.248	1
filter-reading-087	1a63a49f4350fc6cd7703d97be6f0d5ba8e9a873eb071b71c00385dab7af69c6	0.198	1
filter-reading-088	bae2985d74b7e3d5ebe2c3cda8bbccbd50e27a2dec3b80250c9fd395131c4bfb	0.25	1
filter-reading-089	31dfc20715a1048095d6f7c0c5d66a01135344ace99ba9a747279b9ee9450064	0.156	1
filter-reading-090	388c4ea2e8e0caddaa61832db6843f3793e2f0a8b649d50ef1ca71e2607f39bc	0.175	1
filter-reading-091	75245a91538d4fe8021c49445353e6d1354e7a792da738487975fceb7fe9ae86	0.191	1
filter-reading-093	51fc7fcb925498738fde34ba6f8e1e216dfea53f7348583598b85a5a6efbb692	0.179	1
filter-reading-094	52dd9006bc28c197f64467a34c0798f70a9381664b02977d4251209c95422a39	0.167	1
filter-reading-092	2240c9baf79a12c7f5d8344d4d35edc33985ccb93cc2cef3951e4deb439bb3b2	0.272	1
filter-reading-095	2e45333c39cc8ec22eccc0e6dc0a116445178f657476d44bfd16d8b2c0369a21	0.179	1
filter-reading-096	f211dcb5e73b225901282cb815a736b307a563d44e0173051091318b0ffeb7a2	0.186	1
filter-reading-097	5b2f620d77ee882cae7a0fb41d3f98b4938b6afff1f5893ff7725434a7ad4cae	0.194	1
filter-reading-098	bff4e3a9f53a8eefd2dc1b7a40bdbfb3c31b08ffc629f818014fca7f46317e85	0.175	1
filter-reading-099	858d8948c7e6e9e30258915227b6a7805552b0d1be7f70af92d7e352da14183d	0.174	1
filter-reading-100	01748a7c48718b627b21b823ca5dd427de15f152414c50a8a4344b2bd8d1eb3b	0.196	1
rank-reading-popularity-001	3add1ae62077044f34c4cf2028b1e25c082ce66cbdffd1ff5f7a947cb894195e	0.182	1
rank-reading-popularity-002	f2565f6b03c0798829ad6f4ca9cb1ecc1c0ffbebe3dc0cfd6d30a1e243b7fe61	0.212	1
rank-reading-popularity-003	49e552f572ef4cd83571c7b36ad84a031b81390b635aedf5ca90d056046e4e8c	0.273	1
rank-reading-popularity-005	581f6cd4096d8ebd3d9e3db9df2259204148e415b3476a2e8ba80b765b1c0779	0.187	1
rank-reading-popularity-006	3104e08ecb6b936df7c88b4e7d5de44f2e0c2b7acd66df78370550c0ddb3964b	0.196	1
rank-reading-popularity-007	eb38b42c8cd244ffe5266e4e4520a3afb8fa102245fe9ac2dcde251ec045df64	0.177	1
rank-reading-popularity-004	c383a73b9690f2b6361bd3aecc94929652039beebda89623055322a6c0297bfb	0.384	1
rank-reading-popularity-008	415e1e794f9c6124d6d8c7fba09b4b4d7112c28afcbeb84ee19b05b3f6a5f720	0.211	1
rank-reading-popularity-009	909593a86c19c7cf3122b250863f711f3d9f7fcd32ca84dd28fc0326374bdf45	0.172	1
rank-reading-popularity-011	b6073dfa3b97f931a86af216004c4e1bc9c51ee61327b8933d278ae4bca5d555	0.16	1
rank-reading-popularity-010	01b89933ff39239d61405a3e5b82a1431ad1cb86a69100dca477bb9118d34ea5	0.235	1
rank-reading-popularity-012	7bbf6ac4dbb91b8d70a7504a9139761fbff01849017a3654a30872f388883970	0.171	1
rank-reading-popularity-013	f550254e571861df60ce452fd9e4221a9b869b099b85412550aa27bc143fe460	0.202	1
rank-reading-popularity-014	d656bfc420bd419a6e9f83fddf7ace2001b9f56cbf3b41b5ce2145de435e87cb	0.169	1
rank-reading-popularity-015	99d4bcf5e02fb0b246eacbea9421f4b0c05f4933509256a54e4d9a2c771b8701	0.187	1
rank-reading-popularity-016	ff4d78c664ab8b7f084a4ec7eeca9b08cbe1c0e948d6c44299c402082c5503eb	0.213	1
rank-reading-popularity-017	6d20388592d572c3b766209e17042871ec77aaac44d67ef8d21d117fd629cfab	0.196	1
rank-reading-popularity-018	6f8afa30480a990e18beefd2498bdd7b82ab79bfa3aa2f532a557136fa7d0ece	0.171	1
rank-reading-popularity-019	48a05ce7c1a411d0bffd5f3b0e9e2fe5e365134e6e8416550e3030c339b718b5	0.168	1
rank-reading-popularity-020	4cc4165b979acf85a645b427d729dd9f57aefcf723792a0ac65f32397f7b71c8	0.168	1
rank-reading-popularity-021	810836315f2f4b76bab6cc39595efda2a5370deedf6c78f79b61f201086e0785	0.154	1
rank-reading-popularity-022	87cfd5d6bac90fd2befab50c4316b0366d1c33081a84b3ed3506cbd37953164c	0.204	1
rank-reading-popularity-023	6fa5ce9e37b68c7973babe05eeb01d2765939096a7e5ecfdb09f8ae8d9217709	0.195	1
rank-reading-popularity-024	d4611d7ef38491b22bdf5dade87a2cbb1af281a9b2b9825ee39e7f98142e72d0	0.182	1
rank-reading-popularity-025	1006c4acb91b588cae13582e5ad3d11dd4e7492b391214dfbe5af8d3d9adb079	0.187	1
rank-reading-popularity-026	01308704cc5f1af6d0279cffc57907a7726a7a56e3d0a22903ffc473a5d7d949	0.204	1
rank-reading-popularity-027	6a262045ac1114b617f2558966085d2e4a48594f2fa02bb49f17ffabdcc3beba	0.2	1
rank-reading-popularity-028	48c4628f7460f6bb51ac6d117c8771b169b8d1f097339b2700817fcf78ed2d66	0.2	1
rank-reading-popularity-029	7ac450ce5eadeac2fdfd26110567f98d70907534469131b7f5b95332f4769a45	0.21	1
rank-reading-popularity-030	e923dcf084eea8b481e45728d8db6d403157363a2cd3a241aadea99419b316d9	0.155	1
rank-reading-popularity-031	6287d147530e09d0255ea0095da693e8f7961a108734a61e0fe203f1e4e4e030	0.169	1
rank-reading-popularity-033	3e10073a1da15547c4928c3f514c94b78499dda7f679f3c2dd4738b895e7d57f	0.176	1
rank-reading-popularity-032	6e962b79cfe78f1a30b79c70a06bdc591fa175ce2b495075a40fdae09b0b6524	0.24	1
rank-reading-popularity-034	f681fb706f262011aa208e7affe3d3164c9c201ab27679016f94393569bf705b	0.192	1
rank-reading-popularity-035	ea48a6b716c3f09efba62a064a2d6c12302d346bad30f8a968197a8becb59b76	0.181	1
rank-reading-popularity-037	cb0585535d6f6e9987a303528c8a2dd3eda52b6a35aaa215165de77fa01da045	0.157	1
rank-reading-popularity-036	20e43f15a5db6b9cf76e6032ce6e7969074f16a2469fe0f8836a22f5a4bd576e	0.218	1
rank-reading-popularity-038	d74c8ea10bb4fa3900cb7b82ecef0fc3af33c2a98e84a4508765f9b287afa16c	0.176	1
rank-reading-popularity-039	cfdcd081f3d78a0bb9cc1a078e0ff40f87e9b76078c592e3b53271f4ea4f1340	0.211	1
rank-reading-popularity-040	95367a836904c82255e9dc449c71492bb135ae837a225a89eaa54b1af6352106	0.204	1
rank-reading-popularity-041	19f000dcd4725d91d132fef82ff1679d414b423b2256c68f1555c81e45c44f19	0.189	1
rank-reading-popularity-042	7edd6db7fd5cc35090fd668c93c96dc67d3f1b6264cf578e92c4aa84b117162a	0.208	1
rank-reading-popularity-043	20a7214ce8bf8372fadd05195552b98ba2a4e7bff65e4c6b81dd0dbacac7425b	0.207	1
rank-reading-popularity-044	c78ed2722d05138a78340d1bcda91830b26c650ed1b78ba026d74be1cb1faa46	0.212	1
rank-reading-popularity-046	130573304df59fe40e0763286bb848f5566bf25f2a342f799cbbb83a21aeffe9	0.162	1
rank-reading-popularity-045	ac8b27eb8a14678a3127c29b4761c3c9afd107e85c00c9c67faedd86a0920fbe	0.241	1
rank-reading-popularity-047	a84fa381251e73a5084ac900e7f00430b3e611b5f27bd74394a884999f71e8ff	0.208	1
rank-reading-popularity-048	16fdeb97bc73c1f4ec42ba75db4a19b62c9afe3751c9443b8b3fe28943eca264	0.192	1
rank-reading-popularity-050	ed044c133f283b4aa618091c34fc6ed61cb27e6b6a8a4cf327221a2ab0515130	0.176	1
rank-reading-popularity-051	48118ea4af5312ac0006988009e1442c4f0d56c57029b1be06934e119dc72085	0.213	1
rank-reading-popularity-049	bf0717c99471b39e0050683de99146d5d5352ab6f6d5b4880e7d069b721ddbe8	0.376	1
rank-reading-popularity-052	6d2e99240890ee75da9a4bbc56138071773fc3f3c801019d5b311452f2719fcb	0.24	1
rank-reading-popularity-053	3890525d251da341b567e0846dd874cff48b1d02587a9191926f3bdad94b4359	0.241	1
rank-reading-popularity-054	f776b532dd3fdcf7a93b89a08569fab97558e04a28669c24b7a0de92c27a5fcf	0.196	1
rank-reading-popularity-055	55fcdcb17a2a8fcebd87c69e38eb6ce21fed291a7a00dab4f4773f772fa71a58	0.175	1
rank-reading-popularity-057	a48e30c657a4b49f2734611ff6621a3b0a054fd6f025b0dbdf12c9750eaff6ab	0.156	1
rank-reading-popularity-056	b71f8a4f823078ab18b9df50c71ffdcd974b4e5e23bddee43bfd3b6a00c84ecc	0.22	1
rank-reading-popularity-058	8c83aee7bb64854831cfacbe2472a641d69e0a637a4a23e352f0ad1ee9b5666b	0.172	1
rank-reading-popularity-059	760afb165d1c0af895c68f1e1fa5fecf2c5eae57dedaba63cfda623e5d85bdc4	0.208	1
rank-reading-popularity-060	9c4b9a8995ab47fb14667bb7f963d6973b92fb0fbb476ac7d658689d5cd3c2a4	0.174	1
rank-reading-popularity-061	3bd2096a1f23e9c37784060222cabdf5d0aa2b9def1312f1861dd316cb8e5add	0.171	1
rank-reading-popularity-062	9371fc7e7fe6112f106709842a74fe0bf899243b6b558207bc1d375903fad159	0.168	1
rank-reading-popularity-063	81826226b4198f603037e095cbf040bfb56110c5d718b43e5b014bfcdbb980a5	0.177	1
rank-reading-popularity-065	421d3beba2ee648a6c3c44ae58abb681c6d0b6d52b0fa53acc5226e0c7699aa0	0.157	1
rank-reading-popularity-064	b4e5a5a4f81634288faf2a569b49aa75069739a2065381fdec518d084b5b6f03	0.216	1
rank-reading-popularity-066	c121f2dd6064932ff1571a3070bdc77549c85f6a2a5aa638bc75e8825b645244	0.167	1
rank-reading-popularity-067	6dca78a2154d7f8f3b187f75b57b84c0e0785fbd71058c0fac49ebf76511d977	0.187	1
rank-reading-popularity-068	ca89c4cce510caaee2614225ff160303e8266f5e007215efa0bbb7ad7890c635	0.188	1
rank-reading-popularity-069	ff37d824a344698f92c481c0df9f303666d8dc12a072601c7c9ff86c541b81d6	0.178	1
rank-reading-popularity-070	74d353be457bbb4f9e0a9521b988a65cdbea02a7684bdedb1eef2dcae065405a	0.181	1
rank-reading-popularity-071	9aa4f3ae37705992db8a1e38f112224399ed30f3c8a2784db39e6796d1cd781d	0.193	1
rank-reading-popularity-072	ee628a352a72f96db411c8cce2b2706aebe10455f4b342c35072ba925566b4f5	0.186	1
rank-reading-popularity-073	1e52d7bfbb7129a3300da2e667add9c78569dd57fb8ae21bf4e03c49688b2a21	0.219	1
rank-reading-popularity-074	b0fab0060850b3739d93e460882d8b34f130fecd6c2ac30c11be5a5851f69f79	0.21	1
rank-reading-popularity-075	b9d0c5df4dbd6de609a87d3b5c381785ec7c59735eda5e20e4f60dfef906c40e	0.171	1
rank-reading-popularity-076	a67f661e67275223ce2fa6ccf36ad66e274a471a08f84abf504f4c45950db7a2	0.183	1
rank-reading-popularity-077	20f6e5dbb25c337d73f34dc687d0f0559e1098641a53183bbe98175b1b93191a	0.199	1
rank-reading-popularity-078	8893b17c9d5b96018ac14d28d0477b946865e9149ba639b5250e792f21a90241	0.198	1
rank-reading-popularity-079	66a60e314db583c42c3d97e5fb4c3e45bdc1513c213eeae57e9c4bc87d747a8f	0.182	1
rank-reading-popularity-080	07bd253e3d8b617df8f789624bd6e6b079152b11656f92b6e3998b6215690b13	0.177	1
rank-reading-popularity-081	f610d404ac2b4e7e3716aa92db57a9826da031d402372e26a218e66850df9b43	0.18	1
rank-reading-popularity-082	2a1def1b94fe1e8e4584d0cc5cf4221b930294f9e11cfa76b7811163105bd864	0.191	1
rank-reading-popularity-083	86f85582b18665d228c960f420ba12605b141c2a4ffedfd60412c26cf65d7164	0.193	1
rank-reading-popularity-084	a325006e50e53196c6e400d75b92f96e06be2138c576e0e124736cde3f501b68	0.185	1
rank-reading-popularity-085	a47df0f334440345a4a89150213c9a2c4f6baaf91cb96631e5310692f5a4af61	0.186	1
rank-reading-popularity-086	248d4480f4f75f15ff670108bb7bc222d2ed8cc28877608770ba7ae177f5945c	0.184	1
rank-reading-popularity-088	05e1b7e80fe11a5598d56674bbba46e7738904ffd1c4a0fba0fc30f8fe3ca8eb	0.191	1
rank-reading-popularity-087	a8874f0be7283d7ff1785bc429bb35c2ba1ef78185788b45113d292729a7c773	0.235	1
rank-reading-popularity-090	fab387b42b9d84c4619ab9e67bcd4dca71618f640cc1af994486b653fd61e775	0.166	1
rank-reading-popularity-089	6d6014e157c34294f5974e3101649991543e29414903ad9899ee6dba25db07c5	0.216	1
rank-reading-popularity-091	aead6fed55fe43fedf20c655b9357787eabdf506eb20693b067efd4e92b32ae9	0.173	1
rank-reading-popularity-092	1402612ea95fd93f1d6aa275042c7848cb25c27842c927e6aefb3c3cead4749a	0.185	1
rank-reading-popularity-094	1e23e382ae179266c10a937be80a3a546c8f924a7d27f9a252243a0e35ad22b7	0.16	1
rank-reading-popularity-093	1e44f3d48efa7206230534bd30a94be92866437f2d714ceddd9238467498c33a	0.2	1
rank-reading-popularity-095	a913952faf653e6e62f83296cd46ac1c714ed300d9ddb2a458db472712e7d8ff	0.205	1
rank-reading-popularity-096	9178eb10fe04f00c62facb8636c978a1a02d28493f0a61d2de1bf577d1665b7f	0.222	1
rank-reading-popularity-097	84fb82eabe0005fda5804983109027fa537a5bd589424f9b5f1072948a7cf5ee	0.19	1
rank-reading-popularity-098	63faaeef4bbc9f186cb651594418a9bdbdbb5bef95248a0edf6a386244d74b00	0.208	1
rank-reading-popularity-100	1295aeda0d3b2b16be915a2a13df27dc911b151d002f3d2a1948f6637188fca1	0.158	1
rank-reading-popularity-099	2bd41d400974f9b0862a02e0b8c43a4d935440a4a38817217ca175b62c013dc3	0.24	1
rank-reading-date-002	5a6da8c291953bfacc4368a7d59e60de4328611ef0ad70488d140fb177c9ef6d	0.192	1
rank-reading-date-001	3c1eb8ddca5afa485d6604031e164e3904c01670dc0a70e885207d077f5005b7	0.264	1
rank-reading-date-003	61fabc272058f1feaaca9e76c412a910102b170b76f3ac1e2cdad29e40514738	0.187	1
rank-reading-date-004	5f0ea7eba39dab4bb780df3f05765065f4d8c2c29b8f7616f0485b8c23920de4	0.189	1
rank-reading-date-005	8e62c6884674a8b6cd3ee1ea79265d5d0e7e212e37d80bd869cab165891936da	0.201	1
rank-reading-date-006	ac27476ba12a9c84a68d926dce1b8f2de74a8d533bfd92aab0a669da55d069ef	0.196	1
rank-reading-date-007	3a38523ee8f0aa8c80c771f7be03ae91fa8e1ff2f3359d0ec31fd472d56893ea	0.176	1
rank-reading-date-008	0c142392ea74b5f148d4638c9cdc8214fc9a93fe86fa2cc23ee02dff7f68c83f	0.215	1
rank-reading-date-009	4226176b87db41dcab5f960ffaa15b678c51f1d95f0e27f715b408fe0f4f00e0	0.167	1
rank-reading-date-010	5b4f4a6b73462e69e4647a4e2a2f4b0b5952a9969153b38cb67fd6c8943b7082	0.205	1
rank-reading-date-011	b28b4b2c84820f706630e54d5e3081363a4f30e2c97ded7c047cf85a718e9a7f	0.26	1
rank-reading-date-012	7425fd03d1982509d1882f5b528d873bb226b6b2c33a61a8c148423acbb41bc1	0.217	1
rank-reading-date-013	10938a9df15dd88a813aa3ffce28ad41c0e9d88a2546e3b1bd140c3b89e049c5	0.244	1
rank-reading-date-014	9aa315dc16ed48abc5d952a8c23e30fe1af22f426de64ce1771a7981824472ad	0.241	1
rank-reading-date-015	fe84ede9b790f8f47d0edab0c31844e0a753c53eb8abd85626ddb0e0a6525462	0.172	1
rank-reading-date-016	2c1687bef9e18da37e7e351a471033bfcb66328782d50ae837865a1120a0be3a	0.181	1
rank-reading-date-017	5dd2a2768b30bee90a6478ab2140e4e45f18e969d6cc7f90201a1715b8c43391	0.192	1
rank-reading-date-019	e3e05feef71a5ca1c7fbc32c7f9123a8ab8ec509f126a6f698547f5be88cf3d2	0.265	1
rank-reading-date-021	e1fe517b687664dd42518eec8aff315109a8a2d95f7b8676d9c0fcbcb7720a6f	0.237	1
rank-reading-date-020	69d6214c720857a770ba8a189059cc861b9501634e3b91dcbdb9455b48af2073	0.331	1
rank-reading-date-018	ae2c2a5487d61a289e0478ddd473a14601f1fa5d53912bd8250006359228e857	0.512	1
rank-reading-date-023	700f8e0db8024140e4ec9c50ae458f1f08d7c9a12f67c2bd755bc0f83868384d	0.19	1
rank-reading-date-024	c13ed7a72a27527bc22505caef7abf39fb132f4f1b22a09c45844f39af4e7f89	0.205	1
rank-reading-date-022	aab74af8608fbeaa73e252be32b4dd7fadb6576f6f6eb2212aa50eeab3f84e01	0.384	1
rank-reading-date-025	e4947e2f9fa48a0abb4c5b58b56b84c0822ec412ea548971803dcf21d4b2f75d	0.201	1
rank-reading-date-026	3e1ef37873a9b675a0a9109081aec393df6f8e0b3db0a0afe7a596d0b4664ad3	0.202	1
rank-reading-date-027	8e76b95f5f3926a441efb615872aeb0762b100322358cb18975c5926a3946596	0.216	1
rank-reading-date-028	5b6a38122b3d2aa3010d6b83ebd52e0c9ca789c41d7853087b01a9e4a24f8ca0	0.176	1
rank-reading-date-029	202125e67c01d5dda3fff0b30a5fe17e8e6ff08f63d49ff2258794d6b42bd26f	0.224	1
rank-reading-date-030	62c41869b4009388ee7c8ad2b0e18766aa36dd6413de2953f74972fd335b3981	0.222	1
rank-reading-date-031	a2e4334d599254748ba628b7230a8da6e007fca350404b7b9236b3fea133c33e	0.203	1
rank-reading-date-032	71a045ad6887154f799f322661845a42da5c3a66e8035aa53b414ebaa8447882	0.213	1
rank-reading-date-033	c8e51f542b5e2280fb300357437b8f67d144afca2be426a69d05798fc7750e03	0.181	1
rank-reading-date-034	a553335460485d644853ca01812f26133cae9ae26e315595cc1aedfaa035db72	0.231	1
rank-reading-date-036	028296fff6e747dd587f9d6f5509c1ecc441633484c9d37be3d0bc2f9a888855	0.184	1
rank-reading-date-035	51e1f61b23c5547a0fdfcf12f453b1170dfe8920d35b614ea4a6940bede0d66b	0.261	1
rank-reading-date-037	34168744b27e80dfc46c5a0f9d62b49be97c9136e3ea6ca7657e83c3ccdf18c8	0.222	1
rank-reading-date-039	94d20afaabf911119b03c9733ecd0fb3d76b66da11e077c1a6c16a967f30ae07	0.237	1
rank-reading-date-041	ffe9ba3d5a2b88066c61785aaf309129084ecea482ad7ef24b51a3db579828e6	0.19	1
rank-reading-date-040	128c20a80780cd7571fb6099e556b8effb77eb191c845cf4cf87574ce2cfbaa9	0.326	1
rank-reading-date-038	175138f57503e1db3c595ff4109f78c6a808a371e7aa851a86db1ee82a6e690b	0.401	1
rank-reading-date-042	77a227773e7709d7f860e8b6cc894b60c4b2e27d1f38c21d340897e00e29e106	0.187	1
rank-reading-date-043	41ee273554ca6282933ed287ceb08b09569f4a4de79880a358f43a0260c55376	0.204	1
rank-reading-date-044	511400a1fc52feea94d60bdb4a88fd08ec49962d31ff578b2c5a1c73d48adfa4	0.197	1
rank-reading-date-046	99d874fdcd626a40884303aa0ca2a47edd4797010f74117db9078eedd4388a80	0.222	1
rank-reading-date-047	16d3bc1ff010d37d7b3f3896cc51755defc3e6a7f1aa2ffdba6ef6472e86a482	0.21	1
rank-reading-date-045	7a26d0fc6961f5f5db4d843e9719a18d583cd82cb1072ff17b2f0ff724c24aa2	0.366	1
rank-reading-date-048	a9eb7fb89d8c8c65d4da38bd0b6f8f75ca5ee0e74b5f3ec389fa198241e7229b	0.277	1
rank-reading-date-049	db2545c84bff65ee1466f33a7d8c8ebd3e14537f72fb27f7bad29954e5b5f835	0.225	1
rank-reading-date-051	221b8aa40dce75b5fe8edb71f23fb9a5eb2ef6cacf7b772c9030031ac58def7f	0.189	1
rank-reading-date-050	e8b577f20cb0bf9a86f71371f7958b1cf3240d8c6c2de3486bf49c49340f6ab5	0.278	1
rank-reading-date-053	2d61e4d1f8abfa74baaafe6334b4797a034fa1f8dc59e72a815a86c6ff569dda	0.201	1
rank-reading-date-054	91fb1828aae030dcafdd6c44eac2dec8fa4ea65fd35665cac80a1dc3e0a83441	0.199	1
rank-reading-date-052	a14ce087dc8bc0c7a134140d87df88e928b3c2ffe9ba744e0a83e863b01ce836	0.337	1
rank-reading-date-055	0b15e8e046a0c7a7830b87872481b8af10f7c52ff9c5fcc71568118a0f676053	0.229	1
rank-reading-date-056	0c5daaf69aa127c40b8c75bc6a944471aaffd56e73d72ad36e9ac00481a061af	0.174	1
rank-reading-date-057	3988f49efaf2d7d610df962a8d80100faa2e7fb4c8793e5cb72e90254e8670ac	0.198	1
rank-reading-date-058	3e51d5f60e1565d865fd44df12f71a2c4fd3e6f81923b3fc9b000e0f882d80f0	0.189	1
rank-reading-date-059	ac3a1561705933e5823678881e6abd47b0b99a0a82c655097689b08bfaef7114	0.207	1
rank-reading-date-060	9386a572365350eb180017e77461dabd51fd4230e20abb8a5e4047dc258c060e	0.199	1
rank-reading-date-061	757842e8a318f3105fa7464819d3ac152615edd4e035fb4eb56aca9a28f13dfb	0.187	1
rank-reading-date-062	22d47dc82e790a065b5845976931dad8ad8fde70f752209bae9e0cb10e218ce3	0.232	1
rank-reading-date-063	78e10eac48737594cd259704ecbf4dd72f30a3570f128cbc321bb4091f1cb754	0.204	1
rank-reading-date-064	6752ce261ec7a0cb88af9cb17fbb82abb506b6c1df4cb520f94370838506a58e	0.235	1
rank-reading-date-066	c9803363529c0ea7a60bb9b07d7d7eeea53e0a6a84695e66d82ad9a4309273ed	0.19	1
rank-reading-date-067	bf30b55ec9a5086527c3a49017ecc7a01d68d98a6691f91254ab9f3566e63ec9	0.206	1
rank-reading-date-068	f927d3aa2f666cde3e248a8c4d7976bc5fb948001b4662e013cc163019600f93	0.211	1
rank-reading-date-069	84a21c6bc4e15b890b24955d10dd463063574bac32e802cc55fd585c9315be01	0.2	1
rank-reading-date-070	9621b7b823cab0e69cc4d85e94b698072b3df17469f7048a289421c89d3b951c	0.198	1
rank-reading-date-065	865cadfbc37af16211bae8764121272f54f3a5be1fceb352aa83be0d7cec8194	0.568	1
rank-reading-date-071	e25d207fd4a31eb7e6345932ae33b27a049f66fe1a7f44d0de6743536a78f6d8	0.285	1
rank-reading-date-072	adf4f0045ca184a5c50ae58b7801e03a22da94b521e84335d2f0fef2888ca6ff	0.26	1
rank-reading-date-074	047278352066611250a00ccc48d2b9f86a35f4c65e92261acafc9c9fb0a9f081	0.237	1
rank-reading-date-073	a6a738671623a1d24933bc4ca59686995ecaf8bf39023eac7fd49102ad7faf26	0.36	1
rank-reading-date-076	e0b8019a173957b4e64e16bc1475c9a291e1646cfad11cb12da84bc06ee21e19	0.199	1
rank-reading-date-075	4340650954031061ba86cce568cdec6ceb921278cbdb00630cb2afe196478157	0.325	1
rank-reading-date-077	f6c0754e4169ca181df03508e411b8c9ee9959584d0e1f277234fb95a0700688	0.258	1
rank-reading-date-078	8701a5f9f10b574b44ba24735f8a3cc831b19e45c682322ebc0e6136a866f0d4	0.215	1
rank-reading-date-079	26387424c7c6469f72973b9033bbebbd2901bc6aa34fadec707b6a060146b8fb	0.204	1
rank-reading-date-080	26bee6dc7aa6bb4fc38e20d3ecb213794aa0cf80961933bc84490ac10b165328	0.225	1
rank-reading-date-081	c245cec95c66fa005db55773265c306c78299ade2e23f036110641916f1fc500	0.217	1
rank-reading-date-082	d528e70a3f43dfd296edbe8dfb0126eca588f3a2b6f0dcafb5b275808382283b	0.258	1
rank-reading-date-083	7bd001f22f95472f6fa2dc58c1661ef682c52c371044c010018d574ea005d35c	0.256	1
rank-reading-date-084	ba70705dce19e3fe35ece81d5339472c5b2f2f0273a54048bcfe5f0a52b89829	0.203	1
rank-reading-date-085	04874b29791efc0d8418373bab206be4fe47c40a713cfffe8501fae6c61bfee4	0.216	1
rank-reading-date-086	f9db83e9ae874680523d560d4606c9cfa4ca6f5a1525fcba5d2d57d9e717c821	0.233	1
rank-reading-date-088	161b59a5c8426a855df39bcc69c14d6bea1e41c4e4b714a846c12d396c85cf42	0.197	1
rank-reading-date-087	ce591777b9cc3117737c6707dbd4b7acd87660bc49094c786a8efcaab992fa93	0.273	1
rank-reading-date-089	2dd4ca198f9f812e8a81ca2d81906cd97e2c414539187bcaefc0d7c290ad3f14	0.21	1
rank-reading-date-090	eb6ce490230bb8e9fcb436b33356bbbf87b158eb42be16c97228e20926ec0577	0.183	1
rank-reading-date-092	862b52cf7a2f797c71f4edec293d8a1bdfb7555b34c342045163cdd72c5deb91	0.172	1
rank-reading-date-091	0a9526a1eddb8e96145e1dff54786391b84e697153b0324ecf17cd2f99ac48fb	0.26	1
rank-reading-date-093	a4f88415cc2bdd2262cba53ff6c571aba8577097d7925984f751e8ced65b3983	0.215	1
rank-reading-date-094	f4bea2eec28666f9855643a7b30d7aecb6c6baac9a668e81a5598f5060c88de8	0.194	1
rank-reading-date-096	21a12f6a5999b1adf83530279d23d681546c116923bf8f6c64a39abf90d55a31	0.176	1
rank-reading-date-095	b4956a7d543d7099a2a34ab612f5064b7b2658a23ed4a9395d7236a68437950f	0.27	1
rank-reading-date-097	3c9c2ea27a24cda3f43bddb16a6650c1426a27c94c289216b822f8ccd1f906b3	0.246	1
rank-reading-date-098	1b2f38d701beddcf974a358dfb79f06da5e74d4f6d446708da64208ff6f21687	0.238	1
rank-reading-date-099	c6e618d2fb563e508c9f762e57e8a66e695f8f650bf16e447f0e613f6aaa99ad	0.192	1
rank-reading-date-100	1bee108dc93091532b329b164924a6811e7bcb3794c889bc719dc1d2acb2a529	0.234	1
find-more-01-5	716e2ba2ca5ffdea75063b003ade15836972d754abb82d210b5f8e953edfc193	0.238	1
find-more-01-7	97bdc0a8972a6e2ff90487d16126c7b66a1f1bacf44ddf4daeec63821a895ab5	0.231	1
find-more-01-6	6b92c7fc15285ec88826f5d9e9675630b872d69cd0de5ef3b7cddbcc3b0e9a5b	0.31	1
find-more-01-8	e52a79e687983efd14050d4a46e20a49ce28127de9f44c420c029cf0c1334eae	0.232	1
find-more-01-9	92be390da66a4fddb641317cd9747819dbc640a094064c00e380a622f2927dbe	0.22	1
find-more-01-10	572e21b0bbcafbb0113c57024b5c0afe13f1fbd21afab3aff6aca8e488ddf981	0.189	1
find-more-01-11	ab213c6552bb902bf8226ccb0a821b4985bd1352466cd8259e75c621e943e92f	0.21	1
find-more-01-12	a08ab6ed3fc1d5ec78785f51f29e414924d46a8bc373f1103b93479d89208be3	0.184	1
find-more-01-13	c55767b25954337d59a5bac3793852ccd85e72b919f428db5fcc06b1618539b6	0.182	1
find-more-02-6	c9681dd7ac518aac5ceedf6e1d24576bc49150202e5b2ceb439871f97879c4e9	0.159	1
find-more-02-5	e023561a616a16c513b56449fd995f28522614cf8b62f049978de3bceaaff7a3	0.223	1
find-more-02-7	18564127eb8f2e3efb1de5efbadc2b37714424b67d86e61caf8c44c6460bc295	0.231	1
find-more-02-8	7b7dbf41389574b3804bbaeec7ca94c97688a9d4f5780b995aac5f2768cc2a72	0.207	1
find-more-02-9	11fab18edd8fb804920554c57c5b0d76b5f39e04018998ad55d76d145ef0b862	0.2	1
find-more-02-10	dc0669b324ff1753b6bb8ef689326127603ce0d643bc5f41dc3fba35dcffff15	0.229	1
find-more-02-11	7a846b589c1819c7ca5da62f85379dd08774ee710b8abac83250225b71f2814f	0.235	1
find-more-02-13	68e4e10afc74fe53147e19d3c21d2240454c13be730f0d348a815741f75a0b3a	0.173	1
find-more-02-12	58050de32af497b3ac887f6f315f7f8d0bc4c992ee37b3d365c2e94f548751a9	0.282	1
find-more-03-5	4b2758ad5a4881d70497dd1869f45d29d4535c50d40d32cddca2fce926e0c63d	0.199	1
find-more-03-6	a1ffacaf9fc2e8c2074992945d23a0b037f67205c2b1ee1a40f485ea2ed37f41	0.186	1
find-more-03-7	5936d6b2876fc1c6818931fa7d25a34ba675716778151ad9b09a28b44bb3a590	0.204	1
find-more-03-8	79050505e2b0479221663e6e736a75a516cbfdc910787cbb2388b2f952dab9b8	0.182	1
find-more-03-9	05e31e305c5080397ed77f26def1d6b72050208c72192685c7b6847483462dff	0.207	1
find-more-03-10	9c6e47c168637e009671b7307b7231440fdcc7e5f318b4651038068ab1124974	0.169	1
find-more-03-12	934d423d8cdd941c8458657a5445243cf8d735edd00aff37cb72ffe811c0b1ed	0.173	1
find-more-03-11	f289682a8fa36d135b0b71a6017da8ef6acb5bff8143d57fb35c24033b617fdd	0.228	1
find-more-04-5	a8a79d4b0111b66eb79f4115609af3f7f67f5df29f13bb9ce6d6547bb87cee10	0.197	1
find-more-04-6	d5ea6b4286bc47c7725d2ce69337f79d2a32500ad97b6e8c1bba4ccd62329231	0.182	1
find-more-04-7	e9db0a08cc22a4cbf69fa2df582cdbe90c1d7624f658105f5f6cc119d529def1	0.188	1
find-more-04-8	b5db1dfd0c5392360471f071386b2fad02e9db46994d74ebc1f8bf6f372b5d52	0.219	1
find-more-04-10	3bff8ade29384767a7bf215b665d4e78e40f8580dd983b0d8dc987d1ff40e919	0.149	1
find-more-04-9	bec8836f98ff90e0e663bf2a2d7d1904718cf055c4dbc8f7d5f008455f54c582	0.237	1
find-more-04-11	4af6356d2c1fcdb26b6d5574564a11437250b495b18de30fb77a51e57ece9e01	0.206	1
find-more-04-12	34fe61af35c6eca01c219a7b0c8a3956c1693acad6be094961c9f87fb163cb54	0.176	1
find-more-04-13	47cff235cbb9e8073cf7acfb3eddfc9a671e9f2c24026ca3b85cead69d54c8ae	0.201	1
find-more-05-6	ca047a49411e2809bee05ef9852276b80d5969fbed44b4e2c83149c11a8b5c40	0.157	1
find-more-05-5	51e5ae33d54fda9f639f36a6a09b5c595148218cb1834697333ae332b8ce2325	0.268	1
find-more-05-7	8c7f578ff4d5d8d016dd655647da4512ac694844681bffec760f9199df8ee6cb	0.189	1
find-more-05-8	7afb299849dd34984dd65f64aa05cc55eac60623ff66e9b3a6ce682a915f7fd9	0.182	1
find-more-05-9	7a47a966af34333756540b98c13ba7778f92f2faecf07effca60f7a0cbf236df	0.186	1
find-more-05-10	6ca252c1402318bd2150a4400512c9709eeeebcb4834b469a28f60d769fb9007	0.191	1
find-more-05-12	94b59d2b2fe13ab1efe9d3053c9ac030e3d10110405267ccbae6e39a03e969c8	0.16	1
find-more-05-11	d3b7e9e7f1f9939fd8dcdde3e188e8f60b3c3a01c4756724ed1dbc4d3f6c6c88	0.236	1
find-more-05-13	08841fb2b4147b1e9556a6b097843ced9cd9185ef7609ef8b83f9431885a3204	0.178	1
find-more-06-5	5e823f1e2ce1b7f7ca3add63d1dfb751c12e17edae301b30797391d2a0d8d77c	0.182	1
find-more-06-6	2d4ac70bd0cf75b351df003637ef17d635314608d873b4b9245896069f17b9b6	0.163	1
find-more-06-7	8ea96b0b53639506b365232ecebf218c2b891994f338604b77d5680ad5d59105	0.177	1
find-more-06-8	33302117e31a29d24fb23034c0a11951c95512297b18c852a561214ae84210e3	0.193	1
find-more-06-9	a930ff28f7c4321451927302ea8bfeac31a7e6cd16ae7ce537aef96a355aae70	0.185	1
find-more-06-10	adc91f0b0bf80cac331204d30d754cb24d90978feb9310a8a46c77d1a36e2eb5	0.185	1
find-more-06-11	19f842889aa8b01e79f7d2020d3fb516db1d8bc8a716898408bc5601123767f7	0.197	1
find-more-06-12	7a8e6f1343c63bd0bc7d9bddd08f0a320145bef5fbca81042f55a1e8224b960b	0.164	1
find-more-06-13	27206c52cc1020fef8951873821f8095d5f5c0799339dc80959d0b469d2ba20b	0.183	1
find-more-07-5	a18376f81f634b4112103cabda168ed37c2041f90769e2a889c3c8a7fb751148	0.183	1
find-more-07-6	9972b278ebc0a738a272b5217b5897089837705da3dd3790fbeb34bb995ee8d6	0.167	1
find-more-07-7	6df75eeebdccdd034881650a69087c5e6ba26c769ac1cc66dc2513ec59a15b70	0.178	1
find-more-07-8	a9ac2ddbf5b34756fba2a812b555c4e72b2c3a3b4a6588390694ab8b4599bd81	0.18	1
find-more-07-9	b51499137d00d24f9290c8aea73c906666fb707b2e21ab30f7ca1796bd2a0fe8	0.184	1
find-more-07-10	2c6f1fe1bd5cccf5fe9986508e2a35f24e325b26e087cc3ab040b5b15fb6785b	0.163	1
find-more-07-11	49eb0126830c9aedc26be8ab7e9ed42bf87d4dd291b9c57fe978c53be2f6cdf2	0.19	1
find-more-07-12	a992362af89de80f6512b956e1f1ba59c4913be4390eeae8d1743ca95b2b6d8b	0.174	1
find-more-08-5	84d20b1937bf4dd9570913ce19a80a69df4acbd1164d8a6cb3af5849b9013afd	0.173	1
find-more-07-13	a8c4ce5eb5ea5ddee76436b086d56f2fbcebd1c93811285442696d03c0a181b8	0.225	1
find-more-08-6	88cd1f688e2fd86cfbe1a8bf09e749d7ed1c2c96d5682249937f0e0524e79250	0.189	1
find-more-08-7	f1f3ba4c910e40088c3b487a2a06b9388e638aca4cb0e9690aad5eb63e0ec197	0.184	1
find-more-08-8	19e8e5e15ed690cba6f3b6ccca3024ff883f4bb87885e9d2a28e778b5f84c9c6	0.161	1
find-more-08-9	835069dcc1ae820a73a993b782724530332b9b24e9c733ffc22195947e170952	0.199	1
find-more-08-10	34396f43f5ee5550c21dc13b182717daf8c649f6652e03031cdc00d3e8f0f6a2	0.168	1
find-more-08-11	2d0288ffac99fda8e18ec8257550b3e72860cec146300e583565961468112902	0.182	1
find-more-09-5	22f3c2fc1fafde9540699d585ba95de7d1aed7fab823e7e5324459e1635a9693	0.204	1
find-more-09-6	6598dddbb021253726cdc73c3f6b7fa461c411138b3ffd9a486078b08a6e8f41	0.209	1
find-more-09-7	ecc171c65aa7834e8b9a8ed090a6224a9e851b2371781b36c1e0d7f84367f366	0.165	1
find-more-09-8	432f8499a6304a8fd3bef6f50ae9cf378c501a20329b6c58769918811f2e7a8e	0.216	1
find-more-09-9	5653eca3a2fdddabf881b0714e2d0366c7bda89da98f1b00c9fd724fad693ab3	0.174	1
find-more-10-5	2c0950ef68f8b6fecacf26c9ba0f6cea766918856528a8461a1cbb3a3763f13b	0.16	1
find-more-10-6	32a1d4bd9b777cf0bcac748a0de74576d726df0bd4a4da1ff722b99fcb8c2593	0.188	1
find-more-10-7	821464c7e5fb7fd4099648e0e3d5066c54747a05caaad52129bc777af4762e97	0.176	1
find-more-10-8	fb227033a775e96e9714dde7e9e432375ef5e4f9007b91e5d8d26f2cbd79fc1b	0.18	1
find-more-10-9	94dfbfc7fb0c56b0e1d83c0c09350dbcded76b04022dcf3075f6bcf88cf18f03	0.159	1
find-more-10-10	4c1b1bb7e5da597ca781f6691c5e159e778c2c2e904a4bba93a66d5a57d8723b	0.193	1
find-more-10-11	fd9b58f6a62008b663e45ca25ae7eb2beb86f2690ac6b514a0dab3800f0d661d	0.179	1
find-more-10-12	97d6594a4765859a45e9d9221206bc522cb0e3c86099c3894ad25f6608eefb15	0.179	1
find-more-10-13	ccb7b7a74451b2cbcf5c88cb66f81a82738504baeb397e05ba71a4e9367d6b4e	0.171	1
find-more-11-5	5d279b9911f67b6b127f4063e6b7fb6ce045c8d605ad9e1179c11976a656cfdc	0.177	1
find-more-11-6	2cd7cf626c18127ed36f22db47afd13b01b6af1c282d95c7489a8bc7029c134c	0.162	1
find-more-11-8	e69d85080b282ef21b1e43d53f02920fb529a4bb22535c9ef7e1387fde1d0c27	0.148	1
find-more-11-7	e7dccdaa465ac0845aabbcb393a1fe99d7502eb49c8a777cfca3ba0251af01b3	0.228	1
find-more-12-5	35556c173ea3298faac003cb171f568178e823c141f1fd9bebf96ebe7323a942	0.149	1
find-more-12-6	3158b2660daac36f27e7c98305ff992267793b50fc47f4eaed67e78e23258c52	0.158	1
find-more-12-7	076d8e2d8b0fc531403326538c1adcff15a3ea83557f995fa645e26ec00be79f	0.192	1
find-more-12-9	47572b8fd7aba915f8bf5966ca9bdf01a4f2a106f2155f78b9ae9c0bcef276c5	0.181	1
find-more-12-8	184bb48548c3e60266e22b370ce131e726ed79f73800eccf96992cce1be82a12	0.208	1
find-more-12-10	d524ff931d8e85f8005fb31d4fabdba7d032c1b088f842671da8bdfae48386b1	0.201	1
find-more-12-11	8baa51c3b2a06917bf69fe5810979d07fe66c4336149d914604dc062ce282145	0.167	1
find-more-12-13	6860b1ed61404479ff08fe04b202a25da019c05dfc7e436fc7103700a2083d0e	0.18	1
find-more-12-12	831ee5dc1c812222f1f92060061336b447b7a0082681855fa76d8eeafe12f988	0.222	1
find-more-13-5	b2df3868f346d477baf159b985cc9b5f681b36ff52c04c7b4fc20f8a36a8a042	0.177	1
find-more-13-6	27ac88a634607cf2319ae5dce7148ffd956e4332b4ddf9286216de0031f6dd2a	0.216	1
find-more-13-7	891b4f837e22494bdd196afa63811686d4f0838583fec47f9def144a19ee381a	0.177	1
find-more-13-8	17b5dfb71c824d94ad1ba1b6781838b885f5bff2391716758c38ffa2532ded3b	0.165	1
find-more-13-9	de85da37e5d967e34a5d41715946cc798ffcf9b09f9336a997ebbb97b6e46aba	0.169	1
find-more-13-10	871fd3634271c2575007cf58fee2beceffb241b77759606644e08ed4ade819f9	0.167	1
find-more-13-11	11cf7043387fb1e8bd0999141717c09f9631a61d890a7be098f6fa011d37772e	0.162	1
find-more-13-12	86f0d20127a6a7c385747793af19ec8a077cf643a147172412bc0bfc2c5d9f5b	0.191	1
find-reading-001	c9cc0233818a2324d63257ff00824b31a90a0ceada0b216a2d00dbfbaf89f8b4	0.172	1
find-reading-002	c96c54416ba7037fd1d3b27c4eaa0093b7bb7242ba16e93e8759388b28493a58	0.18	1
find-reading-003	f540939a8fde6a982f6c22e16525e6dca945c2f2cad54e6499732e81c43dfbdf	0.192	1
find-reading-004	dc4503941940e53533dce006eff929961ffb98371dab235deb8f9be8ccb8ab59	0.18	1
find-reading-005	488f6dc3eac2e04f61af7d6bc619d368bd343ddcdc7fc22ca90bd65a165d5afa	0.243	1
find-reading-006	88235de3bd5c004e16522029052dc46f7385edf5e743a45f0631f2ce6589a50d	0.194	1
find-reading-008	a89f64b85d1403071db2045e3c2df16d20ba65755a491ed671c8fb70cd674d2f	0.174	1
find-reading-007	80da965c01a336cf5aedd4afa64f3beb9dd4f5a3bde6949c28c6649b36740de1	0.224	1
find-reading-010	7b4c49019007435cc6b90f6d4ccdf618b50e54f983f65aa4a278ae926986c4c6	0.204	1
find-reading-009	7a929eeba33dc21b6717c76b232f5aba6c11b8141003482d354cd8618953192a	0.227	1
find-reading-011	fc94dcf57724c70e7c2700e06393b58405591e8a2c27a7bc3c729a7d2c0e01a0	0.183	1
find-reading-012	dd33c51be5613c29b80290ea54521e95dcc568f31ba0b7cbaefcfa8f40d80e3b	0.212	1
find-reading-013	713b407c775281fd9d300e63cb0cdee779c5937c78c3a3aad6e04c4ab3084749	0.149	1
find-reading-014	c96448efaef05e75fc8371c5b70afa2dafc0469b35bb417b42315bda48360a53	0.197	1
find-reading-015	b6236b97346f3e7f4804e1ce86a8df0cdb74384d41171fae22c9d57783e77635	0.217	1
find-reading-017	12353be20dd4d346dd983e9f4ab1e845d65f8eb4fd6015f5349293415d4bfd12	0.179	1
find-reading-016	f94ea4db83747cb9cb548c901fefa4662a26370916adf98ac95b935edb6b1a4f	0.24	1
find-reading-018	52c0e67c564fdd96f015857c8fc8f81781bc755eafd6de94dcb145524b403220	0.178	1
find-reading-019	28604211dcd7a540b2a50738748af9e2ff9912d6746e7e25c9bafa4c81b499d6	0.18	1
find-reading-020	0bf4c3c23ce57794b0db6ceb389a023f550e688ef8aa01dad603ae0916d2cffd	0.159	1
find-reading-021	24b0834c3e26c25a40e7c5fe65ab7f4e408501cd89b6a387593c051dbc84cb4e	0.184	1
find-reading-022	4d7f236fa1dca7665d3dc9f9d669b82aa7824e3d287473b3cea5aebd3611eda7	0.168	1
find-reading-023	f97e1f903f88c206b8fdcc0045700429b3fd941b3e4938da0c87a309e5cbd93d	0.166	1
find-reading-024	f56875678e209951cf23a291b8aa4384392d8ff4dadd889cc6db99b9a94526fb	0.182	1
find-reading-025	f7694e54f78f4ed7c49e17244f4f38569da3a3777d0470f45e6d9e2fc3838b27	0.18	1
find-reading-026	66746c4a7c5d98b1fbec9afe2de8bf7e944b6c56d9923a7e7516e0ccd914c77b	0.164	1
find-reading-027	d9b358ea46100f02d2c8713aceb97260b1f9d455b34e91ec796158a724cf7351	0.187	1
find-reading-028	31ec680da2c16c7233a99a9a5a41b2f73f37512a4280cc18bf8ae34321223e08	0.214	1
find-reading-030	7401042c0a2ebaca219bcfeb652a9517a46827885cd1a6fc166db46ce7356918	0.178	1
find-reading-029	6cef62640da308f4d6bb41c5109dcac1fe11eb4ef69e2f37ad998a0f42fc3bd3	0.245	1
find-reading-031	1deb9c413c69841aa1d6b36d3d5bae51abaac0ec7fc9cb8aa0207e15d86504b1	0.16	1
find-reading-032	9f94d830af913a29535b5ae6c7387ca3ca6fa8d45f73dc011de2357be14ad04c	0.169	1
find-reading-033	345b8926e06408b56d989ee54de7e6f552ee1e2faebb5dac0c08508c2bb76560	0.2	1
find-reading-034	b2511c82a206b0274d6d65bda44387abba3cb87118a2b5142d34fb1526bdb31e	0.166	1
find-reading-035	f8b0ec5cb06e058c648d64d3b1b9a6c98e038c15d5f7bca0bb43392d85c9d32f	0.165	1
find-reading-036	6941422f5f63a4237a8246d639330d886e73136ae6cd13424064e63263f2c650	0.169	1
find-reading-037	28d071d0d6ec6ddfddff0ce20a6a5538fb8633a8fa9c12cf9e28ebfd6c19306e	0.165	1
find-reading-039	5ccbf14145111f9c10ef9cf159fde0976814b54c6cfbb4fd0a1a5159f6b80ac0	0.172	1
find-reading-038	4e037420576bef0172d028943f35bda0a5085c80332dcbe2a9d9685f3ff6908c	0.203	1
find-reading-040	38afb67b4426f3f79659c7fe5f584f26c35e9fe6e396c567e50a8bd33c65efd5	0.173	1
find-reading-041	6895d6ea373b6f0608a5b67304816a494f58d9811f16d9932498edcbfa0a34da	0.207	1
find-reading-043	e71fdcf00bf5506d14c2959fa3854d10cdbcb5a2f8809958f02b3f88731b710e	0.166	1
find-reading-042	28e521a0dad8b33dd29986fc9a43bfe682bcbf13d8904d4000833b9a2a831122	0.229	1
find-reading-044	f627caa61d32e6a256d431f6aa082a61d2a167740bd714410a9231879b739009	0.182	1
find-reading-045	d34f19655d1c0a1332678aaa6e24eeb07fd22c4af10e1644848432b6f50f4211	0.176	1
find-reading-046	97c37122b170c9b268572540f65e2d86e61ad13b668ac3aa1fcded74924f24c4	0.175	1
find-reading-047	b5e0e5e596312f01e230a556d47ee82f9c1aca21160c6f173b21c6abe7e318ce	0.202	1
find-reading-048	730cf03dfa452e8c4145644a124cd97a76134f28ad3bed17d7e260f870048d50	0.174	1
find-reading-049	b3cf3b02dad9b92bd6e3fb92afc45f19a46e40d6dfe9c5ea222779ade319ea0e	0.18	1
find-reading-050	fe5b712d08cfc84651d8cceff493bf42b210137af690a67a85eba04e4c75016c	0.183	1
find-reading-052	54cf10cb546aace480c37891358f91e434d4594da4b85989fffe4d30be9a3676	0.174	1
find-reading-053	4e3f4a5c45f71b64efdf9c8d2c63162f15128c730835ffb4784b03cb6a8063ff	0.164	1
find-reading-051	624a7e42a3f069369875ceeb4d67e5b360bf8989b2f5a4c573f9833539f7f38b	0.273	1
find-reading-054	39753243cd38af455ea0808666815829afe468579bee57236fd2bbd08bc1cafa	0.205	1
find-reading-055	85c8f5e05977e11cef25a5abc37cb7145074e91e72b53519429a7364a763fa51	0.197	1
find-reading-057	19e0b965438c449bfec2eee1a79f3f3ce309dc593df2cbe592aab6db2a846f38	0.169	1
find-reading-056	68fafd90cd98023870f6723e65b374fc33ce0da0fd508575ad87cb48b4e918fa	0.202	1
find-reading-058	6433939c5a016bef6af9f0ced3cf550ec3eeb9d9c65283cc3456e9378a273dea	0.219	1
find-reading-059	5d816f375af155d3f078276c6d48dba173228373c74cc758a4ec586f64e1d91a	0.204	1
find-reading-060	26505188270e66ef3cb92ab1fe3fd87a89d7741d0fb49b241d8b6962ed8e22b3	0.187	1
find-reading-061	9267f31372b7f90907bb8c47a9c605dc7aaf5d9664f098c6394951760a6578e1	0.187	1
find-reading-062	35d960ab154aeaa1a8e54d1074a019a07a9a6e6baab7c226fb18d72dc7f54fe8	0.179	1
find-reading-063	88e83a2999dd91fc3b230c37447e8dd0df3b088dfce4b772dec3e17cd8086ac4	0.194	1
find-reading-064	ebeda1cefb08a64470035125311be86581c8edbcdb6d023803c704f8d11c6a8b	0.168	1
find-reading-066	ec83debb4813e749ffe38f90a64e2b8316a852c5ac0cb12132a83381e816b58d	0.153	1
find-reading-065	5562566c7fb5dba3275a6ba89564b5c99a5f9d193f02355fb402e7660ef0ca94	0.284	1
find-reading-067	ba92973d24e95d298eb90c4b300f2cd935f87b84617836170321b640229dcc1b	0.163	1
find-reading-068	1254384e87a7fad617191b47a026be4f2b79d22706d477958d3b97dda2b20831	0.163	1
find-reading-069	11bd06b453767bdd6f88abe4491c1208b97c1dcbeba6beddfd8660af2fa6435c	0.143	1
find-reading-071	a4fddaf3dfd2692d10f51a2a0c9f7ba9191d80743f845f573efc0c7c532d314b	0.181	1
find-reading-070	05ef32bbcf93ad673fed4f39afc50d73e0b532d22bf2e237f77fce58d9bdd3fd	0.21	1
find-reading-072	491d6d0c62272e9854a7299554c17c7b8471fa2d118fda3d1db24f2b4effaff3	0.216	1
find-reading-073	4344fd26d860d0248cf9ac5949f19bf469d5032d5e7abec88b9042458e52ebdb	0.203	1
find-reading-074	e381a522fdf3f97af42875c2c527c16b3606fbbff4b120dd788d79ef5479ddba	0.203	1
find-reading-075	90f76c3f458fef676e66864b559d2d1dacdd10ec50f46c2c1fd06c0b8c74a2c4	0.206	1
find-reading-076	238cb380128d98c7918956d34e9de5dce0ec5ee8965f59e2ae127d7b28a94a4e	0.207	1
find-reading-077	218c48ec79c1016730d83d6d051d094475a504ed586dfbe120e38f3afedb479d	0.236	1
find-reading-078	6bec13edcf168390c576e88ac4796b51ae33a2a0be6b6930f39c035645c07516	0.194	1
find-reading-079	fb69ae6f5b4daa5e80208faea12082b9e15a2d4cfca8d6a95e1f5982ddce5f00	0.221	1
find-reading-080	e621b00262388d741c8e474313af5becdc950b5833679270433cb6604954cc2d	0.196	1
find-reading-081	b18076b1e143c420ff5e30f150a50a0fae104bd04b2b96cffd3bb5e982b3198a	0.195	1
find-reading-082	2a098bb0d64efda21d2adc5e9a8af02b91648c14a4fdd9db91ab5c7aa933e755	0.175	1
find-reading-084	50dcee8acd353ce4523d4c4b0cdb017150c8a1b87e02952296a55a6da2cbd849	0.179	1
find-reading-083	ef24e4caa27cdd0d766b98bae3f07fdce74e992cedb1298a782a7c6c1eb06a57	0.257	1
find-reading-085	72d16a16929590b2986560d28dc6520d6697dfeef4e6b26444890f4656d9bd94	0.21	1
find-reading-086	656b2773345efcce721332ff58f3fee0cd146f53aa6505e37146860f2136e408	0.167	1
find-reading-087	274e84d1d05b13378c48ace8ca5637eb4515fe20f5b4870455fd245e4b29034e	0.154	1
find-reading-088	fc407fba21a0d3b38f641af5e09326e5949b36dc9089df377192d028766f7ced	0.198	1
find-reading-090	73b3d8225c5f5702457083dd214388e423aa5e91b1e79a5b71fa7d6e904f19d2	0.183	1
find-reading-089	57e2a6bfcb7fe95dada21aac71b9feb743fb9f170fbeb48edd45e1d81eff2f39	0.208	1
find-reading-091	59d75c2198a6cdf21c88825bbfd62744d648c7bd9b6ccd25ae4d728ac78b90b2	0.205	1
find-reading-092	5ad33c2af0accab97c1a3d8b31a8174b2b148cad4a6f6cf1b6d1afd0998a0a72	0.191	1
find-reading-093	298b063d96dc92d6060d7875e9328dc53a56f6d2b4b4db09ebd53a197870f3f4	0.176	1
find-reading-094	679f92cad1af4ea70e24bea4209618347ca70e4dd479e229a806e6de6e483132	0.222	1
find-reading-095	e8a7645f71edd11a198721435b6bbde69d8dd75372b08b394b2f68c8f7da7269	0.231	1
find-reading-096	7c4bec3f38743de4105ebaf0a1f4ec5071c33571beb60224d48b9b65fb003f38	0.179	1
find-reading-097	4b073554176f6da285234aab110818835c3b6009d01499c4890168bf4e275c1f	0.196	1
find-reading-098	0056b15b229c5427b40ffc22125c3c8bd44cb54aeebb01c602332dfb14909c13	0.188	1
find-reading-099	bd8ba2e8c37865efabb99eb1d0d00c47bb75f1d49dbf162674ccde0da185ae04	0.179	1
find-reading-100	b64611b0370301e37d7b0d663c7ceb734e43680a9b215dc0cbe2b180d4366405	0.171	1
annotate-reading-001	aadee1a1d1ea23698a9b24698d2b75453f622fec997d6661394772bd4b934790,4f68ba92b6ce5a6a5de409509b09d22a54966f5dee848695594eeb2f982da07e,07c4e75c9731f0b9deeba5f90311cca7da77b119a13d2c5e31ab1835ca9c2150,e50c1ad7549063de07769c419d6bf307cb311426526ca085e50049b36e177422,6b5e169a36805780b692c202890779f2ab54b58e3ea4513b1dca4117beaeba82,5897c8ec5c44a223ec8b75fc34324278ce62e1107cd1af6c87638a212b7f06b1	0.201	1
annotate-reading-002	ac5d0d2510e2144b8d9442062b91b704b75aec3a5e21431b410bf54dd8d6f60d,771caf93f62e8af030766bc6cac1f840390c1b1902e1bfff9aa8122f01c3224e,91adfbc0b11bd661e8e998190d78aab6a6384228b96e93938e438112557125cb,f71c84e03259eb5c3bdec29036148483bf897c2a6a53ae35120f08f2a7526c49,f4840d453fe02bb37a1f3ce11ed57032330374b1847c894937bd29cb18428331,f5aa17ce8c1b266d561354a9206226fd61ce0239d09697bce1e44a676165cd6c	0.219	1
annotate-reading-003	4edc1e792f1cbaa856955c31d631b4579452e6931d1bd0a4b41fd5d7d8ef370f,51f32ceac86a5a0f277dc2f3f0dac94755704b3e49ebe264e30391a589705a29,c973c10fc61f6e39e63a27d112f0ea38c642e46b00fb41cb5fedc1ff6dc2eee6,b1b8cbbb5dafc7678bc3c632bb228bc451fe764d0f762dfa5811887fa3615757,5d41ccf0690582105a8b2cb190269d9a0b46489e0358b40fe279285110d1c9fa,8510530876dffa0f31a2e0ec804c63ea4fe6a39eced3afed2e7aca9b26816b76	0.183	1
annotate-reading-004	38dc5b781098af6d909fcc13cb08087e0bf816ce7ad7b5e7782e9218120dce9b,6c96d0248fc35577d79ba2d2820bee6153dfeac5e9b784dbaa710475c9897214,e418a69f675fbbfbc42635016db0c851ad973aa14abc9e1e3e0a58471bfb0a8b,53800af6b16739b32ef2f19b5c0e4a2f68e8f0a00e184bf9970acd1f5ff4c672,df81f0c90a3a829e75e897b38077d123606e8cd7e2b73974f3fdafa68cc7e1ad,98e77fa12ea4d17045c36dc14bf747fe03ab083f76fc497973f14cad3718f446	0.237	1
annotate-reading-005	06df12388f43240d8ef34fc3c68fbf0997cb64249b3273bad4f993fa4fd8d5f4,47149dad4a4addcf571ae3c567586ef9779a8120fba0b4af96095bfe80a88dc5,e874f85d5565e3a94d7c4d69e1e5eb9c248cd4c5f1b30ce4f750cbcbeaaa6895,54d13bd59257f7bcd06fb830be1be17524ab91f4b6c95a4694d99c179baec116,e0618948d6ade51cbc4e2bc5f1fc9513a6dcf34f2b4831269aa3bd01bf826f1d,48a03311ad6cee6bf2efa12b6d4d77b37658435c46556ff3327fc785211650d0	0.194	1
annotate-reading-006	a2737710f4a11fbbdf0648a6fe9237da2b5e90e7450b523862ee6d11ada51ab3,20405e62901104820293ccaddf29049cb9a7c1e0eccdd227effb1178c4c76d0c,4d4049b7d8d70ccb386ef61e0a46b611accf228c4f2a6a88d711c3e44c8e9212,445321dd8d1ff2382d6917d546abe7b052855575ed65ced2f11f33070e137b8d,7763137023b21163d35ab9c0e7ca88e0b24ed4e79420340da20ea4bec04e7b2c,7ce3ba78087c2c8531559672b23140ddf0b8021c262d4cb53bd41589583559de	0.174	1
annotate-reading-007	5c3f00a92de6c1ba66e0534af51fde4d08cd673b4211c39db7e1ee042e61daf5,a8ec03661176d5cb9ad9e60a43a8cae521c4565fd18b158cbe9de104cb382d4a,180b7659f1d2a2aa5203761b7546450113139b9dae1cc32bfd866a4469653b67,9cb1294a77797cade496f93aa7dc6e77bd0d8c55e5d4d41a64b4f2f3b4efbcae,f333acc56bd00091232751cb7de8b89accee7b9063158a1dbce9441d685ca375,04d6bc7ec8b58c0135c3125e6e2db16292ee4991f960c7bf49475132d952f3e9	0.186	1
annotate-reading-008	1c01d642a7502f4859487580fda4e3bb68b29d8973ea468c58f6ed6ae7e57481,ba2a98df063cf091800859cc21380e9f5cb29a3d8f54cdbf811f124fa4c35687,a8405e097fe26fc25bfbc346f4e94a37eeb0e911e266411d9b1aa57d1e24e21d,b0e1d0bafc4fdea25568c96567fc0c70ecd23e4eeacef9ece5c60dcc5cd818eb,46f214e0468e4b6d0ce82f7d49ff30bb9fcec95c9495855fc55ca503e88b8e35,3a46d3dd8203ddd528679796be6aaf25ef3d8f4394a8eb7c2048e6eadbe1b289	0.165	1
annotate-reading-009	4432394b6d02141939d258b9e1364fa72cf3f4f5b24d83aadd4f3287079d6fb2,3815cd75b4947c9f57ed4bd3163a08660bb334fac5e630b4fa077a630ad95b08,75c07dd083d369be89fca15108ec8602889149497ba0e8a1fb18468f34328fac,1a3c0360a956418ee5f4b55370ad7e1dd8a7223bb0073e8848f4d5dc27b1bb51,bc4f699acbae70bb9ffe98f283d43249d3c77258426f878061eca644a0744798,6675aa3155ce30ca36249acb1a408135222ffba38931e690a7feac0c1574dbb5	0.166	1
annotate-reading-010	7e046903a13796b7c214ca12b28488eadf1a6c7a5b2e71b9b4e2d95605786f7a,a766e5cce8f67fd754ddff76258e4bb377b185e2df96477e1040bd1fe6fa2247,131f51d03e9ebadf69cc11a136b0eda86cf5d86e5e565c35302b7de38b6bfb88,a8c291d2178965770333a4ebebdfb7c7f2c991b7146290c6d64e43f7f36a7480,991da91ab0d1a8175f79a42d3aa7595a0aeb9df7d89c04ad2d7c5730d2a9d914,46abbd205774f45420455e3dda87931921e7af18a25ee862675a743e3c4ff230	0.208	1
annotate-reading-011	ac8569105769b8b1e5412c3cb2b4a4c271f0bbae1a3ff296170c4bd5ed4fb803,8cbd6d62416fd2b7d7aa9a7004ca796de5e59cf3bb207b04b0988720095c97fc,327aca41057b115fe4bc671655c93f54d80fe0e853f1a90d34872d0979027afb,6e3e58f032a064d648e962d6fedc7e5073b3015b958d950882f17e31dab6d206,b73f9d2123b1f9e340ce90e6a7bcd5564b4c302869dd3a7426dca29381e76b95,89097fd8dbb378350088892e3691af65d2fbd4a65b6efc4139aaefb4db7f1076	0.233	1
annotate-reading-012	1b3948ed3a2b0247245eaf2bfcb6461bc9def071137793e83d605bac41da2c15,4ce6ecc2d51714bd16f06a8b85857a0959bee474e2069266a3fa152a037eabf9,4a0b41564f8c2fdf6a6be799faa1396d0a3e24ad599d76e48d82ccb821b7d354,902e0a6b95a366e1b0c3c5e3503d8088836bed5ed9cc0ac8ad68e6a32c610b36,df0bfb2c9fcdb7545b345420722a4ac0937b1e652ecf12b726e19e65e61e2dea,66d4a7e084de74eaa468dd6e68625d15ed4ebc1db1cec5f5881e659d34c80eff	0.213	1
annotate-reading-013	b9f04da3e04c2e6632908b19fc37e06e23b1c9da7489055826557271df787e68,928a62866a862aae90cd4dae06e6983a433cf597084a3de95fd4e828112e488e,0e52e4295f7850038aaf88549f10dc43cd39e7e63ea2269eaab6ca6fa4cebfab,7e3fc850f3ec7bc0464c599c1fd79887cb4b56cc61191f50d1c6569f65cd6922,4c66f48c02bd12f926d50ea65d891617af178358d69ae55504c6bfe865f107f2,f6a177a5a37f2832b71268c1bc2fb9a43d50490f421ff13526fe01b3da1b5ac3	0.217	1
annotate-reading-014	4735218aeb2f77bfb6c30160c2f30a8c99fe15e386d4e1cb35b4adb3695861b4,aff548e70e368a74b97c510f6b2f6ea49fbad1f58aa90e4056e176af9ddf3918,796adcbb25292e26692fd140653bc913f5ce5d1aa076dd4d17c06182ecca21cb,85cc3f2b185d387bc917b9f27d190e037c9f1bb2ef8c3142f7b1f9291c373043,c69c26b1fde0b09e2f3c2fab965783a621abc2aa6f5a6659d2d09f4565a66971,bc9255e724d44a94669b27625749613fd8f1600a9545df926d7f9d3ae7a7d134	0.226	1
annotate-reading-015	0c4f4baa4c3f46102182336bce1a87e93fc177a8b3af53e199690d8e8969c7da,9b0825790c53dff7e3b7fcb38d6d7215d035da84c9e4b04a3f243bc76fc71519,d28493b3e288699b41ef8e826d7ddecaf057a751a738bb9bffbbe4e5927ef7d5,0e81f4b3220e9280ca8873b95f150c6078f671c9dc33c37bb35cde4dff289459,8e7f6bd2b70b50923cc957c0374347c85092caf270c721d1700ad426090e0c9b,ab08c82ee4c6628a6cf0a63929d405c11ddebfe7cdcd9be25a253e7957a40633	0.21	1
annotate-reading-016	c0560815c549272c3b5f98eb26205b20425a20a1428f1b0060cff0513aa4f201,0638725eba8b281994c1a53364c108ee92186052d70059b75c3b8c310c27a9d0,dc902a043616a921f03266b2f6077153c2f8d4672798369a4c0aa9980a5b5fae,4e6993034ff7ddd9d0c48a313dc428f3858b4e6885e1764a8883d33def2ff984,bb7ba1091240be6b2be3f901df53c6d2db8b5a15e9a33efac252a56a7d9c84a5,e6b640b8e790e74cd8d08e0acd77f810b579da51197d687bc912881d6fbd55b9	0.191	1
annotate-reading-017	19c77e5ed00577dc229350ff206936578ab63019bc5180f891cdebb37a017613,c5f0fdf17cf600b4361750ba9eef306c1c03ac608a27d9f3f76fc1da09625d9f,c003023bddf5ea9be3526840d4e190bed5212c6a87c2eee0f04a573b24b4bb2e,7ea0b04248263add5f0af0a6df832ab2543035db51c518353e3392e145b66580,0e0b6c6e0f3534f97cff3fde592a10820cc50b9bb5bb6053e53645178cff7ace,f38df44ab81a2c4e2eac65aa866adaf0d769e7ae72f0e13d360b7ca27f0984b5	0.195	1
annotate-reading-018	e6762eb030cbb721b56ba4275dc9733d024dc3b7a8b6389e121de9e6db2ab2b8,0e475d39d5539fd78c1deea5e33f654debb35010de81a0d07a6170c96d7a4a2f,38fea755b41e01a74e7a4c0ddb345d3636346a9abbc98f3384cfbe70527d7e8b,9db6787aed6133add75737f4172a9c5be8ce8b6b7d43ce2f9ed1972959f1338f,3319d515981cb79b6f31d01700f9e84ce5fbf9ab53538635a0ac1852a6a1db58,7dc2b295f1549082ef0440e2ad802165c39322a0d1468d466b38dc946e0be470	0.172	1
annotate-reading-019	8ef14437a3499d82abcef261ad9340b1014936dfc3290f046971d2a56b9c2983,26121c4cd69c4033f113066a3631bc5996c66404c24791726fcd5b3ceb9bb2b4,fc0805e3909f28b7d0713cb1667d1eb56866be882b1ec8c1ff7173abd0faf790,855b3b8c31cf3a1fa05d83a640b5f20debadd090800d6d8f32dc6c56c7b3eebc,015ab9ad44b67a5e8f4a337a09c4a092b1b89c22eeffb3ca1ded234465986325,36e24ba9a675d6a2b3555c959af881dd3ef6b2766547a3b9b8e75150ba691a45	0.192	1
annotate-reading-021	a0be88775fc9254ff2b0a0a5b1e820b3109b9d6aabc06479444f683f246966bb,6c4e80411f5ca43eec34c6fee240a4a6e47afa4de8ed0976762bbb7a405b38fa,ccbe7bb10eabf313fbbc5eccd47c34c775cc3fae53c351a59c36c029cd8cee30,6c2421a9c48c2f2043bd5dc8a4a603f9ba1e2d9c4fda094cbe03df2e77c1d98e,b6720fa9a6c1f4083d56f7d7c35398d3b7ed5655287307abf8eff02d7844d20a,f23a6c895ae3e1086313e8fb0d782422f06470c796d275c8465eca18366114b6	0.18	1
annotate-reading-020	75b275d18af1e207fecec9a488a074c075d4c09954e8220798a32281aeaf4bce,491784527e0dd95f55ed50726c8b34a481f83badb8ec2938007570eb46043742,4fd32012e20b0b217b7483ce70d0d02fd02a667e6c54d609ef0c0a1bd1b4d3fa,48620851a2246809a3e2cbd9fec2c4a9c8ca8c31cd3bb6b50a1a271656c52773,da2e1b599567fe5dde5d9422db37e8035acc9ee4a41ac91cfcc259aeee6ff8f7,40c48c8f6f1e9e22d592e455fc2eb567a48ee2e9b14ceab55d7b99616d939cd0	0.238	1
annotate-reading-022	5336fc88d5d1a1ac4fec2ba042ac793bdf648470e0fe82ae5245d15133d43f60,3dccb2c9f72d7650a9fe43b90726c1415b3ab5bd698438e716e1dbbc8342bc89,2e3ed4d3501b912e9f136544ea9629e363a7f5cbae0da56e5d4ef00bc0e2375d,bb840b6c9d05ea6fe157896a7b56eeb26b3b20d42dff4e813ffb4b106a338387,d4c1798f0d124c8768e1abab3b05575c1854d1864e6afa061397f3e8cf9e46b9,07d1ff75ebf3366357c8feb2d8f13eeb97a85a3b3f5264b4a5131d08fb7d6f50	0.182	1
annotate-reading-023	70d10d9bbbe6344e7f8d05490f85e96b127bbde5319d8aca528750313d72d397,332f4df68bf85ab555e9acbbe155fb2cffc8e2ef9361266e645a033537177e06,61c3136d65a7286f26428918f6d74af6eb119219e1217a14fa4ba8d65d7daea8,6a5a97f846c7ae3cd4b0bdce4ca0c737fc64a645a1363aa4ee40370b63992d64,5a1e4e63fec3ef555ac3c3e2b377673268e68fcac0f1f58fb921c5d1d44dacf0,507e06ca8695c6d07cb60aa7529e6fbb0f86814ff14a38c2ff30b6a18dbc5f9b	0.162	1
annotate-reading-024	af52f21516d3ccd330e77d7d98465283bf03f34192aef497db2722b9bd904c31,890a20f67dec1066b5f2ebe3b2f68e6272acb860f08a156d6b1c6cec8066744b,b83348fc1cbd6e8a9be9864ac6c8cd7b7145870972c435a8f27f5d8b68d142bd,49d9ba4f328a5431227638bc026632c2d9adfdcec1d91c92cd2b24434b6296e2,d015eef5d6f7dcabd5d100628bbe91f354553ddc68e7d0086f5820a471dd12c7,c4c69b3992b3d16c859134a6ca3743a77d76d46cb13e776af67c123f65687b8c	0.233	1
annotate-reading-026	fcf4d8ccbcd1f300c8bc7e92a8e836bfc8ad912bf494785722fa4b9dd136df8a,d3f139be8025729f44b90a0a6542f820a9e37fcf4e4e4e8d13773efc87ac7647,3e2b87fbbbfdd23e4c75e71a453a05a8c1be0a533faa0774e8e7af159cf1e7f3,a1beb4e023d111e50c24c13fe1dff0ff43eb8a3077bcc99c664880cb5b1f9a00,c72e1db535dcac019c4dcf855d19cbb17e0d22d4fe02a468bb90b07ea6607eef,ea4e1653696329659e36dccb13c6ab063ce0522aaba4eabffa0eff18dee8eddf	0.18	1
annotate-reading-025	e9516108fde7a7dc4125dda833d1137b883d251eb6155d4f2cd8dbffd86a07cf,3660fb1e31411fd7940935ea6434e819a7256fafa7ac414bcb13ce0964693088,908e75fc745d6e93e060d037177e103f4434eed2bbff5245b0086c1c016a753d,9d079258d0ae52b32599eb8a5488ea274fa0845e32ab37c4b06239cb1c2e2fb4,05595937c24c553b600202060d9254526a7d958cd791b4d57dc382653ff5f6b3,c3ce3a0acfade86ffd1f54c2ef70186f307fe1da81bbce1deb4e80584e2cf980	0.255	1
annotate-reading-027	74f9a4cfdf0af679769c62df816753b1efc18e2f2b4ee173cc60a5f4684aeae0,e0fc15bb6847eb193f3c871b751e9c872f2c8de1ab10fa4064391ea968aa81da,3936f652217e11fccd0a89b38a98c14f3de0722c8d1d0d3f97bd3d9ac9494217,5f1b2911d0ffaf8dcdb4d2fcf1d35fae673a016ce25989dd288d2ece190140d5,88daec254431ec624007b351f0faa1df4c7164f3b4a84d994b001e3f0a32e2b9,ca3324a0ca1eb2fad45f35931edde0c7d8637a759d5fad375f96ced62900b62f	0.212	1
annotate-reading-028	e6e8d2440481b0848d544d32772cb3b1c03479d50e6b81aed8e14753d48f9d0f,1ff02e5f9091c21f7a7e15496ac6f8a875bfb53d86f6c5ece08ad4960275e49a,6790d27807df7fc80b374208e78276b9f72ef6038506c65921f88355d9fc5893,a669d20e8b73744dd5ae50a560e6cfcc5378710728e65bc45df5ea9cdda9871e,2241dd759badd08d5c5d53c04eb00558559b916422879e8e46eb4244db68ef53,e929a9d9f58a533ae130abe639501795ccc39218573c87cb972dd9a6ae94bf22	0.164	1
annotate-reading-029	72dd5b27b2aeacaf9e90f88af826e87ed3938eccd2a6ad70f70dcdb38025f4f8,4eafc19b71d0623ea7e4dd19dc55cddbbd5208c4d949c3c0a3ff6383e3dbb3e4,aad8ffbbccad89c45245b9c43bc632005bfe7fee912b362058da6a7a93858a6d,ad8e127e1e6860b1807d9185cc0b487dcb559fdeb172d136306aa6ac6bdd09ba,6fff8a25f135fa3caf3e78cb9c1744d1c67c01771cd765c15a928c5e16b50d7c,20c944e8c3192fa297e4538262f2cd932ea88547e5d120d83d9c83916b9e5df8	0.175	1
annotate-reading-030	60b6b20dfff8ee7bcad3da174b53eb90c86d83c6e8afa8bc41242277c506e94a,f1eaf23e064b94185fa7bd748d0cd72ff6cb446f916fd9e4df488f81edfe76d7,32e4f43f88c0f2f31bdf5c7741252d263b0f2232b848bc7c3bbe9aa07967f2e1,843fd10366dd84e40652c15f11a798f8fa946c35a59e1642d6d31597b97e5a40,81909b4c8ab9eb96a606b81dfcd3aee3bcf2c8def1fb05eb9af501574873e7a5,4a16be729b16b83cc49c79706b51fe69dd1cde2a4484548ef56ecf46a073eef9	0.18	1
annotate-reading-031	20450d004b62758dec3ac6ccdf3d40fc5d6b99bd79787fb1884b81d5f7a2dada,9ad5c3fad68beb02755011fa4e19b9c46f6ecd3221d54d002dff5ea93f53cde6,dcba4a0f3166360834c23409bdb0fd9c68832345ecec6bc363d09fd14cfa6c40,cc5960f4d477e271a1fa4c03bbfee491977a2695a3189cf403cfe8acb2da483d,3ec2689d1254490c09cfd5b6f969f9f2a98fc4ff45d1772bae5624fe0d283aac,cd18b49d40d94b279cdde7b26b1e5cefa24e92e429d2823921d080e603a6ce1d	0.18	1
annotate-reading-032	7c768a3647f2d0b08423ac013de5d4fdb828bc1bc9ee671a21cee63a4885406b,d0fc90058b0bf569ec14227469d896e6213e15771fa611961c817794eb0379d9,8fdace640c6ccfef3fbb7a073768b4578645d38630c5bce22920992ee44f842e,19e3cd3f28e8eb206f090aeb0812ef0e9b12991584de8e73534ca8015ffbbb4d,dce9dbcb627098fc4f18292ed1ddfeb89bb9887bb1d1710c588569b157d9f196,1d02ba731e415550eb2ebc182773c3ddc12a70cb095ad9cd7b38fa1b784e957a	0.194	1
annotate-reading-034	ffdc21091a5ca70e2cb91d135745a5cffc2af4b65ed4adb6d7794db79a2851c1,b858be90f88c6b3f2558ca0a8ef16f99e2b777038bbf109b0edd5a9845c57e82,bde609747e152db4b4a69e7cb6b672d02edb4b2fe14de95479c70221bb0653c3,4f07174c017b660f0e64dda3f9dae1020a58f92a9af384bc3edd246c979678ef,7de7843f9ac16ef2422a15d7f28a865d8fcb8e14a3ed3373cd025add34d3b19f,b667f9e38641520a2c573111aa8fa5a30003352b237e6d5110a80e177631edbb	0.158	1
annotate-reading-033	6adf01b5f01e339a3712f861b311f86881621957037f02914839b054995909c3,e4e1a8d00b7f6a71855967f38781bdd6364c7b3f14636509fb21b49d912ea392,65def270fab58841c6b40645d1efead4b586889c173fd9a12c4691c0b40236c2,78b8c19c41a1e573ba6f2551d8d1274f6a1bf4d2727dfcc6b77ede913d74e0d1,2ae76b852f2cfa36cd2f06f3a2ca452ef169deeee98d4bbe74a7c0257f292a0c,fe7ae23faacf11459e188207a9b7caf3b45d2e0d5dcd2474041a303b9ac34e3e	0.228	1
annotate-reading-035	1f6a282896787691a365c4366b7e4e4c990da88d2c13f4c6b7d980a910095714,d2c36424783a678173fc7e4fae070454d88febcb2051be420560d74c1e0abdea,91848a52664d7ff36934ad5486733b16f458683544ad352706b0daeb9b911ab7,04e47933d5f64dcf20879e3588446cf2360d559963f26c692aaf8b556c781742,1fec6a4547655d3789ab290742d8b38b1e1eff5b81857db1db0050f276a4e9b0,c4c36dbf9ecd80d53d7b2bfa87031a85fad9466912c688b4bea8b14991b0b88e	0.183	1
annotate-reading-036	2eae3467d74531b0d5c8b5ae8cabcb08af41867bdec244d4d776e11dd341fd79,d1cbc75402a2f976a50e35ee3e043f5ad9658d89666843736bf659f40b580f10,d5d92f9d1b7193792aefde608ce8ec700791792f48c2fad3c249eb7367d1f010,fb4b831f5d8d4e48c6210400a375392f482d357e6907f16e3c604e84e7158d96,dc9a665c9cb1ff5d1480ea3d11a3c2a4ae9dfd83d4449c0368655412bc0dd004,148d33d27a7695fe809961defcf42b837615d4c110c96a55ac30119109bb06d3	0.189	1
annotate-reading-037	228085150a00ef5dfb2b29b6c7249b90c764548dce5adbf524265f425930d687,98ec6e6ffcf0c645b8a86dedcf3764edc094ad07b6ed36c25e46979f82a929d9,ca6935c6ca2c61613775e0511871825c9c8340a6d76bb7e6e5830af76884ee16,244a0af41d9149f2ef4cd218ddbdfe0a26561386280c79d505b94b704bd5a2b3,e35214cfb78ffbdb74c485800c1575bb4ca71cabdffcecf6081c308331045ca4,a6c1c5f3aa9ec19d274b9e28403fe860254c3f22a21c7ec743cd263bd99ee4a7	0.236	1
annotate-reading-038	63f7e1adc30f5ecc2ea801511302d45cc7027c1c93ecc1f02ef98f489dfc55f7,2b952786fe1a04d0ed2c1c8e9c6ab01af4247ae6542505a55046b05f0a8efe9e,e804c0dd77879e5075fd9706db57a9aea588529c61eb51b9bf76f65cfa758018,ebb3bdbe6970c1f5072dd17a3518b9632f0e21e7068adf403ad8872ff9d0d95c,1f270ce3cd1e980ee87243e4f47a7721aa0583f387328020d24e058d65acc895,a955095bbe238fb1a39981f6f675bc7253f009fd3f265c7f927a339fdaf87ba9	0.223	1
annotate-reading-039	4d491c89665bc6f253e2c2930418481c04016d6b2461fd52a2b630a94acdcef3,3fc0e2543d9d9696c0fe8379ccd08bef58fa34fe3c043a1c18f6368740f9bd30,0486d522e24cd4a9dc28ce4198f505ad0f537359abd48870008bd2fb35840163,b153c1ee4d21f9859e60f979da513b8730cad0fae5dc651c32d2028b37c206d6,15cbbce77cca4ac43b83b46aacdd7d65afe08b34b9571e945a2ee7484981388f,9c4ac036f6ca9ff5558ae6ab26d5a813bea8f4d9012cbc3c4ddc1ff9b0591855	0.262	1
annotate-reading-040	47fee4fbacf1af0bfb56b626083cab8d8d6e66fbd2db50a8b3ea61d78542f135,eada2bcb6de27cc82bd2e723a2c5a1d145a234bcaa9cf3ba67b1917701b76f96,9ed3806d27b2de3767bff5af48d2760e086f18b21c8ca7bff1942264554f8267,006b707a2803a67654a3fd3dab55847662d8328b9815f10df2c1ce90f8efa0b0,5590cb5e281515a9524e7a06c51fb98b6aeaae6e70eefeb5dd8b07ea393ffcfd,d66eb648ce136e038cbf0a3a9f03976271282a8d62bb3e6bf6287f371a0bc424	0.205	1
annotate-reading-041	b4620d6523724eed4d5c901440afbe484ad9826c069d11a40ba117afee55f559,5ebe0d8fe5f72de0418042836757e45abc4b65062c2c151847b0c92aebee473c,e906c0d33cbefe8da884ed93e031c84c9421ead454f62e5fab7c375560d535a8,532d0d1e251776c9ed7c9ddfbd1b3024d099748a2efa34f96840b7b184a9d23d,02c58189749f788a6857131a35f4556d7dc44d5c0c71546688f9af7a095a9076,6f68c5712c2490b7c6ab6a179e326b3dd7780a28c9cb606c0eb0398183049d89	0.177	1
annotate-reading-042	3b60b3c9e15eaeab2861857c6aab51682083ee0d826d88e80f6d7c2aa4a0645e,05fff3669088b652838e02d3487f20499b9333c0d5b6cdf7232e246cb74e9e5f,d0aaf0f0eca2937b6e01fa46189b7f4a3c16f6991ac43628487ed07d3e047b75,df707779401858f99e1da5b1dd3deead93e46224821fbe1041c7f36e1a8d13bf,258983fd6cce2ac273bb352ae32671f26644bb54843214dbd3e6d96519bc01a1,bc31de019203bb05aaa5fe7b84ddf5ac7cdd8494d7dcc42447ded272e182a306	0.227	1
annotate-reading-044	e53e90bd28b620ccdb09726e260585c244adc81b41f6671a00fa236bbfcfbe82,2d1dffc354bfd16bfbb5413d1aec66c60cede91d1504ac04a21a6c32d59d7465,799ca3382ee6eed7c529766b9f44e1657820c821b23122d7df2b414805bc0b36,a1f28cb7ff3931f756249e5fa23cb01a22862cabcd33d5cc2a0b429240db3321,93b10a4f61e5f6e2ec518e6bb052820b1c93242030a3b9afc7cdf67b868bb032,f1c264eb13d30665a3845b0f7dcffaa627aacdebd9eafd116e5c8ecf13a550cc	0.192	1
annotate-reading-043	d8325aa992a4a68dc2382871590dd6c2507248c51eca77e37187e367270c927b,57072087d7fe124d3f6075d312e8313bc3df8dbf4bb7f23ce178920a613f9fc4,13086b1cc92a5c05237443271ad89f234bb77546ad96aacaf92d49c02464cb22,519850d0cb9b2fa1267fd21eb3f6ddc656fd863e2fda69b1d22cdd5f8e61db6b,f4151623948464552fcf1f8a727ba98fe78fbaa0ab8fed581171b57d93981b44,bd818eb21a1bde02bad04ba955634cb0d14ba7720b57f1f4ca49203ba4847e95	0.251	1
annotate-reading-045	0ce3b72b33cccca9fc45c6ec0d7bdc9054e14b6be31c1c444a0823a41540fa4e,9e0cb2553cc480f218e3c706ef815f01f89cfac8558e9f393c1fc8c099d4c055,56eb5c0ef521cc9402adcf1805b1b57619c78e102a596230e15b04345e6c6e7b,3907e68c98ba53ab6118f39a457b2c9e2dea1f0636faf21beb1fb4162df336d5,43e2da03c8ab8fcd4dfc171fccfe8b9077dcf6c0fb1c9f92cd8e9dc5c8026399,dc7f2ee1b3cf36f27e736eccd404dcc2b58717ed6d79a3a4cd779d0830a59880	0.202	1
annotate-reading-046	b35944dd8995d18440255b8f613a0455f94b3049e8a248b971e2d69823158c62,5ba293b8e9f25f2237e3b67013f1d8d090b86f5d355d3e1448b0b19acafa68cd,8df56ee30173b13959badb3c496ca084b45033587724f98ffca22060cf6c21e1,cc445e7430d2372a7212f68e3154f7ddcad54422bad89c68991caaba9670e81e,6ad1b917ff6e79f1a7755149fc2afbe0ed65366402cd024ae028163dbf53343e,ee5778b29d9404cea9cac997723500aa2e290ca7368d7f4cc82f3ef8011b4b6f	0.202	1
annotate-reading-047	f45a596d792015898f052778ffda1a7cd798db974c9ae4d89c0a9cf296614f87,5413f900d2f11f705cb1165f8ed5578935d6ab23a983745c66ade8ead0a34f5e,b9702f981688c8ea9566ed27b3e56709945a16962153f4d039ca1c24fbaadbee,85fbf5a7dc12891ce78bf214f1221afa946f6e7f91eae8ca103e96d4d1bb5b19,a6ce7daad440acf4a8434b0a5c49820567a50005a45f4ec8f31f00badbf8eb60,b6cd1908009e163d86cc9b855ae1197c8328ba4a13abf341b6d6cada2d4bb509	0.176	1
annotate-reading-048	708a692cebf6a6e896fba7a49e8627736bde083c9cec85b8b397226b1ac4002a,b3911da0ffd9773f30e7f93092668fecc9f7a6d06bb4346a76b8b0625d91c07e,4d6ce37bfaf6d9cc63d6a5109bb23f13cce300ec4fabd45b9672e61bcc3daf5d,8eab748c868fddd98368c1281bacaa68032ed27b1bd5bc63c5fad2c198d27ef5,64e6aa69859560a934d079a8493b03b5175152efedabd54b4b11535ca3f87529,eb8789506248558afb5c6f391a452da9eecbe9858f1de3b6ee702e5c9a54769b	0.188	1
annotate-reading-049	7ac922d8a105e1b6ea56ee46667dc89abab35e3d66bcf7eb369927d64b670523,3d01193ca8bf3ff5955af997908f8f725bd2d1afa5aaa737b4e8db6f2d92823d,f107b7933724c8bdd26f89110fb9d7ada83182169424214df28b0b3c1842c7e3,239094ae89a0507c933d8bd15ceeaf0c4736be77dcd4b116e9487fa3a74f9dd5,7e806cd0658b5e15ba26d6a32f3bdd312ddb2aa30f0449c0dfa77ae9f43a28a9,7f275e0262ccedb68ee9a63732a91b91a3bcd955f28dd762f87cd495895a57da	0.196	1
annotate-reading-050	c218e741058933db520612a1ad095b0dbc1280463c23985b79fca2d5f4937163,c1dcf210c1dfd5b4dd3db02f0c62b2ea3a07f862a7297e1601d20c854008fa95,337b6a430d13d5f26fbde01cc271312f5d7be38b92df2717be0eaa0eaf02cfc3,e5a7b69a1ba6f284c58c2bfdc336898f1d60933fc3ee3cf387a0ebf59b954e34,73924a0faa4f2669c8ee40641bef424c11caa3997a03a67418b88126dd92663d,2e84345be95ff857d96cb716ad39163932c93a423c2d2bbbec4261208eadec6c	0.153	1
annotate-reading-051	2bfbae7cae383e93e93fb672e45d9217c1ee8a0de4c71c084fb27780d21473be,a68af1e34f1feab1f252379813eb2482397e4e832d511590cdeff09c4e1b1dde,d7acdb4a8da24f5c2f30048e0137ff93ccc1854da28ec73ccf001c3d34c0e04d,d4eb126f86380361057dc5e6ab4fd31d3a47e51f79278bf68bd33f9be86f6526,3e62222a8b5970dc3e211ffa417b0643768408582bcfd17d056ea230a6e8051b,09ea92908fda0fd6b6ca72e99a86f961b151eb5c9876cebb70e80c8341a40d31	0.17	1
annotate-reading-052	660466ff4ccfae39236a6857f0d54be72f590194043479d21c1c7bbabe52ef1a,bc8f15eb106e787c3a83d6ec801636571fa6f8d71cd859fae6dc3a9b17dbe533,0f8b18dfb8a56b19ec3aed2ae3576731b1ea0eff8766429b3f32cd13a362c639,3aae362fe480c4913a97439532ef414e42bb3bec710bbfe4b26b5647c282f4f4,e1fd69022873d67a995c1d50b88f740fb2dd7f263fc6ac969393a54e3fa216ce,59e9cda84e9e8bda955971ee2bd7806ea9f2cd97e6e8540f47d06aab0ac70405	0.181	1
annotate-reading-053	e3d4580f0f3789964f909b14c3aea08e2ad5081dea5797c23692e45bc243e96e,8518c0a1ffe19259597ce529d655045b8a48d8f75604a522196804c0900dff07,9bade951d816a4ec198da486ce5138570b2830d851a01e0b880406938232b64e,0768e2af48800592dd85537dbb78986d649fc780959660be7d1a552c166be523,2bf8359d09dd22f8db3df42b33fdee99c8f13363f6d56f71365ee50aa017e9b8,24d5f52749605f98dc0b65ad2b213195f55407cb3815ad15438bb5f4eb217b55	0.187	1
annotate-reading-054	1e7cf6f7913c7e5d6d13e8193ae64827b35f357f48ea307c4ea9a7b3a4db0305,c937e7873c7891358ed7c7176294711a0e80e6f0c1f5ab23b943757e558cbf75,d40ada54660ceecd18a85851a30e0e9d4067e216ed8f1c590a5631a7466ae8a0,716a346d348242a6d93713703f42d1171d412132dc5a37ed544455157492f8d3,e1ef7934b5666dad56d773773c97c50eb691336aa02eef0b92456d6cfffb82f4,b5cbf3ba978bee4128cf59a5e6394f448cecec8c3254a9ff6ff5aa2ab6ea3b9f	0.19	1
annotate-reading-055	8e225598f7f2f32f57cd89d3a04cea60b14e446873f56b1adc4a58c639d9542c,77af57869b0ec427df402ff0bbd834ea84a692b7337fb780c1a88e0f78944804,d1a389585f9132da615cdeea630c309b3f7764748617babf7c7bf05175fe1e03,dafdd0fb2dd6fd65b3a919ee16f5164cbc1d7bd21e894ff94be07f46df47a217,fee8f3fff0a52c5aff600183f22d0aec845583d4875574e1ce39985be1820c7e,5352e0f708877c6a2a0adc44f18a81a21bb3795b5daa78b24c8568efa23722d3	0.212	1
annotate-reading-057	843f1938e3daa93c5c34b85a9940aa7d04d5f96c333466543b8f537892796df7,ea0b1cc8b7cf841b6ff5b2c70b28fa360959d361ee605d7dd62a521deb6feab7,33057700e70caae9755170548017533e34843491b9e5dfb5e31ff846c249ca2d,aa3e6d988b04d2ce5ed3996d53fe72e30cb44383aafc13b7557492dc0a703407,d7f66e73806f35a9db6204d3cd56f89929031264c21cf35aa025272c58025581,8589c8216964acb98acac61c60dbcc1094a4244e19be366600f85189c308b124	0.168	1
annotate-reading-056	ad257cabb0ab691ae9c394a0c71cd70cc5b2101ebeb1e3541fa62f51ca6376fd,a91634015172cbaf7b65f4c36d1832a67a62ead424dc8ff43f16fdd627774abb,3771a2f3fa78f01e453489dda19e6064fd0d5287999fe34ee1e75b2004feed44,5b05b5ba5f2c5cd14683f1cb17e41032ea17517010a440c0bf14b04e67c1b93f,0ea34cd4f6765ecaaa656e537ac0476f171f8927a7de7838c7a500c84ce0fe0a,cf19bb25fe1bb2b35caaf34e039af1736f757ef0fa46dd3aba9ddc1c166238f8	0.227	1
annotate-reading-058	7a7084c3482394df3999a5435f6f1ef5f6076851ef43ebfd431f24b8d6b1e1b8,544660ce036179eb19ccffa1b7a899c5210b49f6d9c5b286bcfc1e327b77fb80,cb638c42261e8be973adc5f58f591dfeeada93077a5eba1c0a1483295eb5160e,fadd94fbfcab6ccbc296c7c5c65038b4a5c32b2e3d871c213a33e84ee89f66a1,f7efb0cc22adbb6e2ab13cbb960f2a2555640d60fba3afd64c3f3083da6175e4,73f7e11e5536115c2cbe0fb5cbd40d6e8da11eee321cf3a77e31d521e66cd03c	0.201	1
annotate-reading-059	4044907cec5ca923b49a45183bbb2cdb67373e78181f6aece600acded4b00423,34888ebccfa228a667540e0275f6a2e3bc960e3eb253ce8469db3a3820379e35,c07f5c0345707329e5c066341c4f9244f4a25290963aa3f88f29460a109c4200,7d8836ff989a61e871163dddb7f57f883781b6192345e43c6c588f99bdbd9474,ab23e132a70d155245997ecffaeb4c57989fa4603d890c977d3084b4f1f12a28,d59aaaddb4eb1b67937b9a84c583dff3ac1af231c20fec1e1e6617e5c2eeab31	0.208	1
annotate-reading-060	88b04b5572730d701f11264f48401e59ce09bc03a52024cc0f351041e623a0a6,5d3802753b993f0c159c44230b12960d043c4be22a093c788fa7ea01cc4ad3a0,dc95f178798fc6fc9206f9627151647019226e2b26b5d4f67edbccb36cb19ceb,0e90621e6f524b341aa8d2e1e0c0b76b5ca6e20903e2bb248e2d389e4fd76f6a,4d985a9bb68df49409beb12ef48aa84ba7699f15cfd98e778dfbbbf0d58d89a1,45eff381f16884250f71e76feda6238578046ed0caee4931c2b8a2fd375c65e0	0.192	1
annotate-reading-061	839c7fae0edca6f15bc2b9c08a7df98468c3bfa4c39d7a97824e7a94ef1a47e3,63307a683dd721e2e087182f5b6f301fc25cda5f36b9502ce2a345e902c7559a,62e7487355ee36e6d31a90807069289da0892e53439dc8efcd92f31a7122608f,7198557dd5d41876bcbbf813afdd76a83e8f8951efe19ec57e643e0a5020a8b6,dadde746ad2a9067c230fb6f3812d90f1cee7be5c9079b6d411f31aad5bca061,7dab872c8d0f3feffd37d8653f67c45819df8229b71329769988a97945912597	0.203	1
annotate-reading-062	a9b2797967f16f7b0a17d78b342978f90cdcbaf4a1e0b2fb041699e63b7d3b83,4113901abbcb429336e5f10d6218f4c07a41ce385c3591f003a72fdfe5d7eb04,5de6085ac10a85735065a865d796ef82c447bca07e6ad5436b89ef4247133f91,7b3b402fb8c124458b367b0194ad763b758c26ad5aa8737b649240319981526b,c0d16d1e82839f7b9b45601a18820e02b5dd3be79574b573bfaefd6ba33c95cc,7435c4acf2989418057c2935c313c9a9f16270e457e522fe9e3c1a1b7d52d8ad	0.19	1
annotate-reading-063	6b0b674dd297f2eea7993796e4b8ea7bde173bc78931c4bb1d17630de5e529fa,f4c31dec50a4973c6467cb93201c88dc5e13ad158dfdd77d8d97390731989303,50b1f30eb69421d0c00af5cbcf57ea7ad6cba488d7094e473b1c80fa7123a7e6,e00480444ace84294564c00ae9b3fcdc8538e2d77cfefaaf7176e834aa9c8975,596cb0066b7e4f318a6be32e372bfefd6d64d7bd89fd2f8af87f5227b1253fb6,f19d989691538c50b262f0dfa772067e62303c5aecbed82848b8810fb539ce3d	0.186	1
annotate-reading-064	b289eef6889e34880b6c95233861847df00f4b713cdbd54ca973bdcf7fe39e15,16c9aed84c86f79602c70dca1e99c173933694bfaeb095332eb80527dc2f80ba,1d0dd9d74c217a7d6507732dc879f6b48555549bb42fec6fa96c34295e130f62,c9203ff0d1a71553b85babf8d8dd01c1491da860967088c0947e66abdac242f9,a74605ec1921c81e044160880c9a0664956e74244460918a4b67d1b84ced64c3,63f6ddd08477b9592cfa72ef3821b8e7c139521b66fa5c2d29428922dfc0a57f	0.21	1
annotate-reading-066	cc8504857ada5ab5b86bc3d874deedb69a042464b2a23b652a13ae03b62f6726,bb42c94e7f75162beb60d19f083b5e6292ee04bd7022cd9ef48feb5af138c652,c53b3dc79a06c834b021006947a62bc17bd6682f8e7c118f04a2eb5d460bb029,d0a6a60299bbed35bf3fdaa825557533f7918499f9070e02144720681df0ae3c,90b3e32a9a325168cc96ce06626ddac234c111df4a07d9033e80ee79ecef0f1b,bf0fd7261f193a777900b951628c0a0917a1afc02699dd73f41bbdcfc66d6534	0.172	1
annotate-reading-065	8be12216cf158f29dddb00a40885255445a8d1639979888af4bca8739c6ecf87,46ece79f7f50242f54792dc983a034ec74164285bddc3a22cac3c1cb52ac5bc7,fbb46750cdfe7796b767948e96e64fd40c0d79611d2cb1231de386a653aa5ced,bb7ab85f1821000ce4f0599920bf7bdb37c7c9ea6a4d43d502ddc6d241bf910b,bd0bddfd68a295487abc9a7e43393b4df4d2d450371208ddacc58903527b26e4,17c60dda26d1c359bd120f4596ca30ddac9c55e3e6786d3ecd338d2352ebffba	0.245	1
annotate-reading-067	7603a6296ecdacd4e9ccee55dd1608149763d66a7fd190e6138b54eafd5dfebb,12fbd2bb15e8281c32f892eafdabaf0d4b22e855446c54746f4091de2e6cf4eb,c0bf97dca48a6ec523f5edef6f96a3145a469a72ea91af136b11073eb73ecbbe,e09a8bb7aaa43d8f8e933c3a6d356e1130651f7fa01aa2269d42053348c406aa,4acf67373de9d0b6edc73648a623ee7e4ddcfce670826d8f6080324799edbc5c,1fc3aac7278c7f5eb0c8578f490d6c336eb6aeb56322f2b5014ba87187ac210f	0.193	1
annotate-reading-068	25aa4ead43d3f4aeb804496ce96364f7e30bb5e28c62ffa9e193850905484ed7,ec7e539631b35f26b44c78ee5943b796f495495a85426ff8bc67a541d6c87c8e,0faf8984a63f52d79152ec1362a6a4a2ff80e1fc49bab4974bb5ba6185b015b0,76f583dbeaf5feb9863ccadf91e873a50288ab143f90a7a5e82524169b8137d8,9b101db9246f9101ed8b8c50a7f825fb2229c369c983fde3c44c9602a19bba9e,9b73b19874da3bfaecf8574b2f7d2d9dca86793aad9627640de8082201929f8a	0.185	1
annotate-reading-069	105260b819f069423c3837b8c697d2251f6a77cebf2a5d774f434f61e4bcc7eb,68b67d01e4d2f90d81e63a91de994733c41aa10b656cbc80138a6c5438746672,28e8af6afeab4039740cf9762fd2f1b56d9f644b98e6350ed342f6b2e1e235d3,1605b88aab15f7255851c5a238d2b97c1ec9e6c9d61ee8d648cce15e229a10a9,eeebaa592c2aed83ecb1e5e2aaf78a55ebf7e0c86962dde90b41ebdef9561ea9,8ce9d09ec07d5ac726d1441fb8312827d193aea9cba06e0a77ec6535c28ab483	0.188	1
annotate-reading-070	591cf2a4b37dcd2123390b1d2692f334bfb1b20667ccf5c307751bc043d028cd,654a5481c4ae9fddc3b3754346fe1231d7d8a20f28a0370ed70390acf41164fe,d9ad5893b59d074610b6898562308da8931e7f399a44daa6353a443007ef0961,4b0118f0b168a1d0fd940e0280b9c2350652445cd19555d443861937c0041258,351b03de1b270cf50df1c755b98a6c970beda0897efef35c42de42287149e830,236ae2b701812cc544a6a4c790c88e5c235cb9dc6e080f8efdfb49bda99c2b39	0.193	1
annotate-reading-071	9b00b10d1983156045726ec45d628530ca2394742bfa25584b96479f3185bd1f,d84ae0157169358070ce729f83a11ecb60ecdd015d07da0bb7248eeb6cb88aa7,92ee5591b987c1411d56fdd6e7142580be8015bcc67a741e94640808660eb397,fc6e5b17b77868f0fc962f6e863545f61b29256e12c24d817b3b8ce107bce676,4c3b50b2eff641f0e577461bc287d1d2febbd011970bc9e973d230f04fcac0cd,4b4bc98af6b13f41982200418506b901ef82c04b0b1437bd693fd17556c684e1	0.172	1
annotate-reading-072	adf94314d5c15cd4f4e9f65b086c1b97f8f0682ed9d4e7bf1b8caf21f19724df,8da5f0e0b0af5cb8677c21e5031ad9bae409e9cc2c767dff5cabd469ce3fa883,7f8c03bf5b555548e39f3ee05fdbfba56425f98700ff5e45da3fad5dc2069fc8,7bd0a40c149071a787b7baa17f880cf659661d7558ff9f193b577e901ee0be33,b20fe0e4187771bb9a2fd57fe4c076313599d02a6af63836ca8925442bd33f40,ff0fc09bb5f4cb9fa07f7acf2559b1bae7ad583599c9521978d7cd3d0b2ba185	0.166	1
annotate-reading-074	38c02c57b9194b20666bfc5621661dd187787692da0891ee7ee8875be4778ad0,9c8e7582553a23810c3ae8b1a4893f99ed526d7bf49235f962b79bfe5fd1d095,2bb648133ad499cfbb2c490d3e54310a53af29bfacccd0dddba384886469da54,28db787e443aa105799e789bbf8aeb12b29fcd1aec1c2c451d9799d99bcf0d7d,c499bd3783785f761ffab32c5cd043a63dc3e2ebd3d7c59dc7547538eac6d046,f8e54fcc01aa8403f513b39e72f0d91fde517c41a23bf3e908f7f2cdd13c04e3	0.194	1
annotate-reading-075	ef909c89cd99964b15b0f44db5a8f4aa89cec4806a6a6704183649ac24aa1d91,08cc8ca5fc4e4712672bf9665fbab7ca7ee8612579c8cfdac36cdaa45d85dc88,f0f83d4e2307805cd0ee8f46c77f04fff240b617eaea2ea9ce99cbd3a29a488d,bd24aa9a1cc10702ba8f1146bd569f8f9ec25637baa28f1d5cb062152c8b9e0a,48f08141c869121fe9295713b4ae476043eb79f038bbec495cc4c01b8696c0d6,86beaa170a6f13b33ad296e7898147f22d7aeef2b5b76c7deb8a6243004feb41	0.17	1
annotate-reading-073	1775df4b4d3c4d3f1c8c053c2c56fb0d68ce433772975de7e461e9a4419af87f,fc288d454f4b04dd2dfdc6880c27bd8902482c277cfda9d767678d422c6d56a6,dc24319a8d0ccd273aee2ceac82916d96a6ae56d9f7fda9cc8c9fcdda138eebb,a397ff7aa5a6e13150f53ab8c4bdf0065a625634c83ceb068062de30ab3c77e3,e0163dd097c1d2e11198230c2a11e66da0f07396161b6a846805c6fb28580beb,7b159d57e4f3e19b87ca96fc812ce94d7d381a336584eb68d1867f77bae78406	0.29	1
annotate-reading-076	80fc2a42b31f98ed7872b8c17bec906aada2591b64359e768e19bfae8f2eb484,bf86efbd154c46d6898aeef3373c2ea0f147a18b419396993efaaa6a91a2e1d3,3c2cbb64dc41fce851e69f575187ac44f6010eb994ab3923073ee3b5d319940e,8edbdc0bd5cb0c1bb8e348488ee8baa09214cfef7eb39a8597af6382c317258c,d0554f2545c1e2fbdf2ad7a866283cdaa97bf55967dc76e0bc80b99f8ba7b43e,aa58306eb6787b2e1b11099a80d15fa9edf0f360166474f09e569efa675195eb	0.22	1
annotate-reading-077	1a1441d79c91794956c7c65b54deed1281173f831b1daee764424cd9dae2f300,95582db074ab1e204d9a8aa47a3570638f02464b62889a68100ebebd1b60b736,31abb5f93ecf7921989d4dcbd237135bfa3ef82d5f32ea579035fb3fe5d7a2d8,8fb901641f75f5dc9d7e8e4858110b6bad289fcf58289e1dfd335857d5509fd4,12117a6a9ef670bb714d37f3b1a814192e40b02a9ce37516c46654b262cdd7ca,a1c5010c305bf5ba42ba757426b2893c9851c6b0b953ed52cf19ef754d4182e9	0.18	1
annotate-reading-078	9f30d20f3c0d17ee1bd1b712d2a459c57b1b3c4b37efabd2960f48023920c0a4,cb0b743c7e1506fddfb73d0bf175276e0c152bcebdc46bc0c6d539f000f4cb2e,cf53e58783cb62f0e2c1e9bdc89aa994c1678cf89d481ee89d6fe9511bb73e64,87cd951404e54805f2c540f32e28ad419506d0a842efd374a7b2e900917b4c4f,0da8a1692d8a871486e3f2c7c9f302b153327c70692907003347cc31a5e4e9c8,fd5a2b40ac27c3550de7a66ed9b91e6d009ef719745014bad3f68335cce017b1	0.181	1
annotate-reading-079	59f18168aaafbeacde28d68d54599276fb8a12efcaeae46478eba7e9f94045a8,4834a768e6ea6e0c411a8493354a1b4f23fe8a835c5cf993f3aa3ef491d2b8df,8ee133ab8ba64232b7409e2a4501d33e2295f952e9876010120a123c9f5991c0,ea770ba967695c04c8319f86a3a6d3309248124c10e2d8992a4fd4c0b06e6192,2b05c6e2f4d0fad51064ae4eb9ea30e46831cf5867102b958b771c7fd3eeb159,31c8ddad43405ce25757d891d3bb8c062ef89c4c9708463397129611cf96b6c7	0.177	1
annotate-reading-080	359b171d7d69f5d96c1d1a00010fbb1d4dffca5f22e6dbed3ed1325e247a23ef,2bcaaf914ccb323ff4410ec1ff6bb018246570b5be93080c700482c8db803da4,83778428a738d276262011e5911178b2b9abf131f76f01877a79cc8f3bb6ce89,9a46baa7c327ddebb61bda203ee4f5a7cf65d1de5ef9d7523df03c8430ae87ef,3819415b646b395f5fffe16c68ae32160c6658581ab78a20d4e2d41506fae5eb,3dd92dac3cfaa0c0c441a6241614540a1b5ab5deaa78fb30bdd97926a3bf9354	0.204	1
annotate-reading-081	c10e9d7f36f8ef46fdad2b9b0145f796604f1ab3f6f7fc842fdb695d1b4ed2b0,6b791b90855cfd2d964c41e06a362a3aac0b839efed2f095f47c7b798b78d8ab,3f1311606f873a8022575d340f8456b830ee52ec51cc583a4955ca701bb023d6,93b1509307e32f21b9b31079ad1552be80befa138c95505970f8b023a419ba04,3d6f412c085234d644a105b7b8974de0c543bca4e794750ed994a21b793e5b7c,bdb4e17b43075d4219c2c70ab58550eafb267ee0b28e4764008a6e01d21ae973	0.197	1
annotate-reading-083	88649b0bb851d7e8bfa7378239dc633b343cb686c3ccc4c7bfe6223310dcb72e,19ea6ab7c032f676445b9b8defc99d129326fc3a920b25e03c1bf1b1ce1e145e,13edc7a934a0e3a81a2f70ead57a90796fc55f3e7fd6d151440cb4e1ddd9b9d9,d245ed4bbc40ec4cd47da29ac8bae65284c5a40fe63569914537ac8c55670649,17a95693fca50ca298bb160414d05a1a874b2868d23ec4153fc5e1848d4afc99,ffd4c7aede644e75532a8c59836203104b95496a98b606d0bcb6bcd8470e5c14	0.175	1
annotate-reading-082	3c73a33a0155f4210a52ea71f43a38805484fa87789971f0171df00feddbc170,e74cf49a80f0100c0c56f4b1c0f09047761653efd3958725991535067927e979,ee9feaea0e5994a4cecb14ffbdcf1b0ceabf2b84e3179ed3f3f9f42093c79ed4,151c32b2f375cc0030380fd865199e3173b32a1a0d6fbef0953a0a000e57e226,65d71739910a81fc6e75d3117dedca59c6ba54a6a37142a57ef2cd43619fd592,09857ae34527bd201d2df82ac0e5385fbd043a58445c9005e4ef97672a4c8f7a	0.238	1
annotate-reading-084	b5e722fe55266ffb113590fdc72245ec3f0217388995b0f16f348efebf109f5e,50e5933597cefdafac59d9c3839c66de9c56311ed01ec952aafb10bf3e2e73ab,60371e4266d5dff1788da77cf908aaed558dfae0dc214dfdac32855cce19e242,d422ef96faf6295efd2e19f8880514bf624323658d540a3067531b67b050561b,6a3e7c98742a6faeacc1151d303e819b76140cb54384f97d5120290c59b2d2dd,edbab69abc736173cc1c9b10080a1069612f523bdeeca7cc358a797575186226	0.187	1
annotate-reading-085	63f6f91adf86eec27f9031bf15d8c4e666d7498348f6fa828cd71dc93227bcc2,aec30a9bc3ca178e1537e357dad10404497ef4e245e39a7d442a6932ef2bb5b2,76e6d78f1623d9657d8944007b6ae0c9df11e019f48ac81655e8974a211e2d14,440e17f488b7f20cb80b687faf412f90dbf7a908c1dbed15395d5f3f60c191c5,3edd8169bb34783ef295b5b370e898383822f31c6dca0361fbba33e6032fa377,9fceb9cb835c873fcd1a7db4c6feb33e86ddf34adbd4ad2214e8de6309a7ca60	0.171	1
annotate-reading-086	8911bb5d68d6cce5a362abdb3764c6e30d23ddb375a29a2c495ab62b15ac55a4,2aba923619ffc1aa8728294b01542f8ee4f10e94939dfbd1cf978fa99106a9ab,59a199f8576949aace12c320a7ed7c7c3689d39afd07123ac44ec193f15fe2dc,54e42537c3b4dbd110be11fa4b7f11c6054b1beedb49cb6c5231266384952ec6,5a0584f8c71e7087600cd70d14a1c060769b8218d8ff5f5d074c201dad82eb06,05ccf11cbfb2723aa7ae71f06a6b5a861da9cbadd2d2fa4af916bbb973dfb9fe	0.188	1
annotate-reading-087	98abd2c31c14ef294be742bf301ecad38cb8ea629a5b332cd8a5e8d27aef84ae,4ecd72cd04a777b70353d83be61ef289a88fd091eee89fce56971083f05ace1d,09e045710acb8d26c9cf1cd0b9061c19de23a68936c87eae1a4e5f09e16d7b13,abdc8bd711b4657024a2d0d328393d9b94600d15179cd1994ba6d3061b6050b8,400d2184eebdca40ec9bf5aa848d1e0fbf11f9f7139cdef21285c447aeff9a61,1d24ae0e653fc387ab982adb0c7a7252a3e252ec44c286da7e0d3c38391c5a8f	0.234	1
annotate-reading-088	37d0cfe3cac56ef518f1c09814a756ec87ec329ef2e19d0798c936a3a29fd995,76483774e4e2c504eb6cafe6bf05b5cb23c86352d582aeecf32d3d8a68748ced,51118fab985bd755fbd11492e6a246e0dfe3e9e589a3d1a2a66392c9023638c5,549a7b08c50c119eb7e85fc72f670ca69c4ad3e7e3eb912e12472134b611031a,78ab0adf14712b01550857d62c757c7d6ca661fd6e81dfe09c9ea149b48d7857,3fb2eb4d470ef80192f99becae1328a41005ea6320be98a27ed8de00000de748	0.204	1
annotate-reading-089	fc8df5a3d7687b033d43f2c89bda72c0c72ae2a3dda7c1935f4c4e452dc76e24,ded2c7e929a7a4f602ed9417f507f97988a362116317c1f47c4fc9aefe407549,032f2602f471537b03e7606a8e0f00bad9479f3fff7062d2738d955623a1a6a0,d3e52d160400a7373331dc7a633672fc3735836c234b51b389516ccdb9f3c986,631f8d4243401ebbf4cc4eb7ff9f10ad07fd7b984c18e0186be3d58517665eff,504ee6e534fd16d687b4bae40ece0060d14bff417e973e6584c19cb00db6a973	0.205	1
annotate-reading-090	2fe617b95b000c93b6b4bd643fa2a32cdb89277b4fced6ea12b09694cda6ceee,722be4578ad79ab1dddde8d786a8f7bbe32f1d54f62de9bd41995741e61a16ce,ab2c9ed39bfcdd916d7267011797a1ddddf9775a6327a4341c5f447617ca4653,e55d292a3ccaa196982438deeb37370e0af7cd7c4d0031c764705a1406ce4834,96f375b7d304af41f7ed5e3988863eae1db754e72d23aa121d6d83a4bf2fe565,9770f32c52c6c518aa21445a9efacffdd236d5d59732aa65a7dc6380e3820142	0.208	1
annotate-reading-091	86012dddf27dded7ddb449b4d06b5a92760b0730a73232a3db2d5d1e6cebb38c,4f44229df01f293cd8711ecce180789b19475e5589695ef10b3f108ec2a5efce,714cb799355a999b58d4e5db0a8852f0f523586cce793ab40ed57f41a7ca82be,37e5ae22db88204e4a050265d64e36ba5d804e2d1fda3e7523fbdec6e0c50f6f,3526f9fb8e96c8786f9ff98195a665123968eb26118826a0f11aba2e8cb6c422,e5d4ed8f35aa8f1f67c99cb78053539811c81ad9dd4fbfc19b17f986c9da0bbd	0.168	1
annotate-reading-092	e69bebec6deb49d23faad3054f9a8136244ef0a1be7f8627d50af814502bbeeb,fe288aed1b07c5e64208539cf1fa50c6bcdf161bc657f3d8dd41178132094be1,333e76e211db21c6576d3d66be579a2ff5f1140c5ffd9bcb48457ce218fabcf8,cd625db4e47ad8e8e04d861018d75d11bac6af889be0cf556d7f664114fa479e,2feb72ad242de7355f09ed0024ffa78626b0c22f119746fd986aaddfa7b80004,1b32c387adf650e48023114fb8bb924d9aa2dd347e8db51cbdfb527ac5c5f8a3	0.19	1
annotate-reading-093	5cd2fe528669375aa7422d01c7fe1996a66e8a2eea7edad17250a7de5fff278c,0083f3c9383909d851f26480e3599597986886e3e86d949a33725e24fedd9123,64a00e07bf276a998961e1262e6b09a5b138d3b33b45eb9f531beb622fad1a1d,25f83664b566ce646e7dddfaef2fd4709d9dbb0cae120dd50417f7ec70c74e16,605ed4ada7c12652fcee73aa10d799e326d23b78d415ba83e322e51654822bb0,31df163e4acc8343afdcbe01511f5121009098c6009b54a63f74bba3053308a0	0.202	1
annotate-reading-094	bdafc5325d662becadf1b1247f422d6704a420ce56ad253cf40c0f47bd7bc187,f57a91f6b31654c1af1326e9ffc83258a2a3ce927ed489b9ad2fbf883b9dcf9e,f2696f992baeab37086dc4816ca4de5dbcb3fb28b0230bc9e0fb6b4266732f47,8bc75b7d10e68ef389d39d8306c28ab17b1d782901272fbfb67343e96a5a0a19,75aa07a49fea4ad176c8ee738ec9bd367de1492566e0c024d57dc0c53d0fd43d,08fb6ba17e61411f7c91c41c8de965a10e85c671f5ae9e38ee776945b71e81f2	0.186	1
annotate-reading-095	b91c15f2a0d3d91c6e006e48614d43ed756bc8119dc9de87c76f694ab18080eb,ae38ec25200e7dccdc750eec2b64984984682be43fcccbb6c36e717d633464fa,e2abe043df740f8d87b429cfda22fb378ab4ad204a87046ae60c1b7b840707c7,1541172c3728dfdcd3173e093c77b5264fb2142b3c73c2cc7b4e0263be9e8b6f,42ca00e5e5a9af8d69d5e84a75f64ebf835ee6945bbbe2161f62a95bc8befe56,8ef5388f5c59c9b258fbb0d9931264487c026c2393f4e2ddcb3e232f874e5541	0.174	1
annotate-reading-096	a3a7f2aa761f1a1d8930cc1053297cc897e5eadb5c96784dc8cc54056352e9e4,92b9fd68f6f6b7ec381941c93f5d9e6f83ee6a8211c206e39fb6ee7502a0e309,a6a1174162482f8d76f889626e68acc80c5ecfc61353000c0a1eaab2d731f9b2,86546eb4324455634dd12522b51405f2ddb0c559ce5aa36d2837f44011e81eef,2d413f463b9d083393a3130babee5d01d04c1089de76776b5961169413429281,9b824fa8bfe32c65dcd13e99de32fd2d53b72d9fa89d3c26a7aa9b4f577bc6ae	0.168	1
annotate-reading-097	c47fa1e753af7c80b8b55e8e27e64ef0cb0334b196fc8800f8ec4214a47efbe7,84d765e842bf81afbf8bd43859a8e0fe8872297725bd8a72504e802b9693cc21,9966f6fa1f2b47048ffa0852e119867e2ea8eaf2736caebed37f784deb3e2367,aa6e3bbb470037c27c232b01478891117c27a8ef8745e82f26e21ee535f51fb0,aea4a84a96c271ef139f6f53f018f4f5bbdfb6fb692977e1adec53550ddbc58a,15e3b068ba7f7c24cab392e4283ff6e3b2f6d01d7a65b0c37d21c34ef408c080	0.166	1
annotate-reading-098	91a2b163c95b2b89bdc650dd22edb8d6df90e9c24765695d56af6faa79a370b1,5e8ee6d2b7672c56cce504da96f3ba87c797c6bf3138b8c53d9096400a5e16a1,1533f183cd1eac1cc91a5a283bd937c758cef4a47718a3036c42b56195f1e54e,625b288dbb1b08648ad792b32f1b6a1d436369189095560d9bb272235c033b6f,499c8b506915869a3c6114ff59726f2c06fc8f61e767cae3f8bb3755d0f3b9e7,61b3a42f46f13bfc3e14f0407c11d406fb0f8828ab9b3b10bf06ac7d08d7fffb	0.171	1
annotate-reading-099	1f3277acc60baa96ceb5dd08075383155b90aa71a485a53d77e9ebbc99cd7c46,271922d2454728227b3215dd8f76c399ecc4b9fd8bbebb646d06cf22440067e3,046c2ad5b7e6e27498d4fcbccc8fd81b4ab53f8bcb09c64dbde3b4e29bc8c8c3,306e7097f5ff3e67caefeecb2b82cabdcaf0864e7085dc773d410d95f8564f91,83af76eb0396374cea57fd379d880cf0c18057f922de6af2137332aafd298db2,3cc7431e85a9d7e786ae0eeccc0bf9fe4cad14d7780c45abacdb9e608565ec03	0.169	1
annotate-reading-100	143ce5dae80c3dc8270032da0b6a86d1fd6f949b3424b7b77c15115f78fd89ea,b3087052fb1349137ec9669ad76efa3dbd70f19c0ed27110f031d0edab8d5d6b,7e803a92f303a1fbe33044cf6ce7365b34e882ebda928e26f07705f366f580ad,7981ac21cdc32bc5c35cba9de2c2c36c6e138c7cf89117c2292f9546d035dc9b,e70bc91373faa0db6b27915337ed9bfb96d68a9fc3abbe473661a0db73e24a76,417368546a25ed38696589a75c87161130a85c6a49567c588cedaf945e6bd5b6	0.184	1
